solid
 facet normal  -5.8800906947e-01 7.9168997440e-01 -1.6574775611e-01
   outer loop
     vertex 0.0000000000e+00 0.0000000000e+00 0.0000000000e+00
     vertex 5.4416783181e-01 4.0416783181e-01 0.0000000000e+00
     vertex 5.4416783181e-01 3.7038373031e-01 -1.6136890829e-01
   endloop
 endfacet
 facet normal  -5.9059481801e-01 6.7508488552e-01 -4.4210650106e-01
   outer loop
     vertex 0.0000000000e+00 0.0000000000e+00 0.0000000000e+00
     vertex 5.4416783181e-01 3.7038373031e-01 -1.6136890829e-01
     vertex 5.4416783181e-01 2.8039624181e-01 -2.9877741330e-01
   endloop
 endfacet
 facet normal  -5.9890178818e-01 4.7634901042e-01 -6.4374549970e-01
   outer loop
     vertex 0.0000000000e+00 0.0000000000e+00 0.0000000000e+00
     vertex 5.4416783181e-01 2.8039624181e-01 -2.9877741330e-01
     vertex 5.4416783181e-01 1.5125259037e-01 -3.9433916961e-01
   endloop
 endfacet
 facet normal  -6.0970497000e-01 1.8270163801e-01 -7.7128461739e-01
   outer loop
     vertex 0.0000000000e+00 0.0000000000e+00 7.4014868308e-17
     vertex 5.4416783181e-01 1.5125259037e-01 -3.9433916961e-01
     vertex 5.4416783181e-01 -1.4210854715e-17 -4.3016783181e-01
   endloop
 endfacet
 facet normal  -6.0970497000e-01 -1.8270163801e-01 -7.7128461739e-01
   outer loop
     vertex 5.4416783181e-01 -1.4210854715e-17 -4.3016783181e-01
     vertex 5.4416783181e-01 -1.5125259037e-01 -3.9433916961e-01
     vertex 0.0000000000e+00 0.0000000000e+00 7.4014868308e-17
   endloop
 endfacet
 facet normal  -5.9890178818e-01 -4.7634901042e-01 -6.4374549970e-01
   outer loop
     vertex 5.4416783181e-01 -1.5125259037e-01 -3.9433916961e-01
     vertex 5.4416783181e-01 -2.8039624181e-01 -2.9877741330e-01
     vertex 0.0000000000e+00 0.0000000000e+00 0.0000000000e+00
   endloop
 endfacet
 facet normal  -5.9059481801e-01 -6.7508488552e-01 -4.4210650106e-01
   outer loop
     vertex 5.4416783181e-01 -2.8039624181e-01 -2.9877741330e-01
     vertex 5.4416783181e-01 -3.7038373031e-01 -1.6136890829e-01
     vertex 0.0000000000e+00 2.7755575616e-17 0.0000000000e+00
   endloop
 endfacet
 facet normal  -5.8800906947e-01 -7.9168997440e-01 -1.6574775611e-01
   outer loop
     vertex 5.4416783181e-01 -3.7038373031e-01 -1.6136890829e-01
     vertex 5.4416783181e-01 -4.0416783181e-01 -2.8421709430e-17
     vertex 0.0000000000e+00 0.0000000000e+00 0.0000000000e+00
   endloop
 endfacet
 facet normal  -5.8800906947e-01 -7.9168997440e-01 1.6574775611e-01
   outer loop
     vertex 0.0000000000e+00 0.0000000000e+00 0.0000000000e+00
     vertex 5.4416783181e-01 -4.0416783181e-01 -2.8421709430e-17
     vertex 5.4416783181e-01 -3.7038373031e-01 1.6136890829e-01
   endloop
 endfacet
 facet normal  -5.9059481801e-01 -6.7508488552e-01 4.4210650106e-01
   outer loop
     vertex 0.0000000000e+00 2.7755575616e-17 -1.3877787808e-17
     vertex 5.4416783181e-01 -3.7038373031e-01 1.6136890829e-01
     vertex 5.4416783181e-01 -2.8039624181e-01 2.9877741330e-01
   endloop
 endfacet
 facet normal  -5.9890178818e-01 -4.7634901042e-01 6.4374549970e-01
   outer loop
     vertex 0.0000000000e+00 0.0000000000e+00 0.0000000000e+00
     vertex 5.4416783181e-01 -2.8039624181e-01 2.9877741330e-01
     vertex 5.4416783181e-01 -1.5125259037e-01 3.9433916961e-01
   endloop
 endfacet
 facet normal  -6.0970497000e-01 -1.8270163801e-01 7.7128461739e-01
   outer loop
     vertex 0.0000000000e+00 2.7755575616e-17 0.0000000000e+00
     vertex 5.4416783181e-01 -1.5125259037e-01 3.9433916961e-01
     vertex 5.4416783181e-01 -6.2172489379e-17 4.3016783181e-01
   endloop
 endfacet
 facet normal  -6.0970497000e-01 1.8270163801e-01 7.7128461739e-01
   outer loop
     vertex 5.4416783181e-01 -6.2172489379e-17 4.3016783181e-01
     vertex 5.4416783181e-01 1.5125259037e-01 3.9433916961e-01
     vertex 0.0000000000e+00 0.0000000000e+00 0.0000000000e+00
   endloop
 endfacet
 facet normal  -5.9890178818e-01 4.7634901042e-01 6.4374549970e-01
   outer loop
     vertex 5.4416783181e-01 1.5125259037e-01 3.9433916961e-01
     vertex 5.4416783181e-01 2.8039624181e-01 2.9877741330e-01
     vertex 0.0000000000e+00 0.0000000000e+00 0.0000000000e+00
   endloop
 endfacet
 facet normal  -5.9059481801e-01 6.7508488552e-01 4.4210650106e-01
   outer loop
     vertex 5.4416783181e-01 2.8039624181e-01 2.9877741330e-01
     vertex 5.4416783181e-01 3.7038373031e-01 1.6136890829e-01
     vertex 0.0000000000e+00 0.0000000000e+00 0.0000000000e+00
   endloop
 endfacet
 facet normal  -5.8800906947e-01 7.9168997440e-01 1.6574775611e-01
   outer loop
     vertex 5.4416783181e-01 3.7038373031e-01 1.6136890829e-01
     vertex 5.4416783181e-01 4.0416783181e-01 0.0000000000e+00
     vertex 0.0000000000e+00 0.0000000000e+00 0.0000000000e+00
   endloop
 endfacet
 facet normal  -4.2300738323e-01 8.8991518391e-01 -1.7063328861e-01
   outer loop
     vertex 5.4416783181e-01 4.0416783181e-01 0.0000000000e+00
     vertex 1.2684388108e+00 7.4843881079e-01 0.0000000000e+00
     vertex 1.2684388108e+00 6.8733209263e-01 -3.1869394754e-01
   endloop
 endfacet
 facet normal  -4.2745961595e-01 8.8485030712e-01 -1.8525174960e-01
   outer loop
     vertex 5.4416783181e-01 4.0416783181e-01 0.0000000000e+00
     vertex 1.2684388108e+00 6.8733209263e-01 -3.1869394754e-01
     vertex 5.4416783181e-01 3.7038373031e-01 -1.6136890829e-01
   endloop
 endfacet
 facet normal  -4.3749173843e-01 7.6566335939e-01 -4.7155126857e-01
   outer loop
     vertex 5.4416783181e-01 3.7038373031e-01 -1.6136890829e-01
     vertex 1.2684388108e+00 6.8733209263e-01 -3.1869394754e-01
     vertex 1.2684388108e+00 5.2311766146e-01 -5.8533085727e-01
   endloop
 endfacet
 facet normal  -4.4514450089e-01 7.4911332115e-01 -4.9058700086e-01
   outer loop
     vertex 5.4416783181e-01 3.7038373031e-01 -1.6136890829e-01
     vertex 1.2684388108e+00 5.2311766146e-01 -5.8533085727e-01
     vertex 5.4416783181e-01 2.8039624181e-01 -2.9877741330e-01
   endloop
 endfacet
 facet normal  -4.5987956798e-01 5.4047249809e-01 -7.0455678391e-01
   outer loop
     vertex 5.4416783181e-01 2.8039624181e-01 -2.9877741330e-01
     vertex 1.2684388108e+00 5.2311766146e-01 -5.8533085727e-01
     vertex 1.2684388108e+00 2.8445410226e-01 -7.6841204105e-01
   endloop
 endfacet
 facet normal  -4.6453654375e-01 5.2674938255e-01 -7.1185735053e-01
   outer loop
     vertex 5.4416783181e-01 2.8039624181e-01 -2.9877741330e-01
     vertex 1.2684388108e+00 2.8445410226e-01 -7.6841204105e-01
     vertex 5.4416783181e-01 1.5125259037e-01 -3.9433916961e-01
   endloop
 endfacet
 facet normal  -4.7860761249e-01 2.0422058933e-01 -8.5394888850e-01
   outer loop
     vertex 5.4416783181e-01 1.5125259037e-01 -3.9433916961e-01
     vertex 1.2684388108e+00 2.8445410226e-01 -7.6841204105e-01
     vertex 1.2684388108e+00 -1.5987211555e-17 -8.3643881079e-01
   endloop
 endfacet
 facet normal  -4.7910808319e-01 2.0232360392e-01 -8.5411978312e-01
   outer loop
     vertex 5.4416783181e-01 1.5125259037e-01 -3.9433916961e-01
     vertex 1.2684388108e+00 -1.5987211555e-17 -8.3643881079e-01
     vertex 5.4416783181e-01 -1.4210854715e-17 -4.3016783181e-01
   endloop
 endfacet
 facet normal  -4.7910808319e-01 -2.0232360392e-01 -8.5411978312e-01
   outer loop
     vertex 5.4416783181e-01 -1.4210854715e-17 -4.3016783181e-01
     vertex 1.2684388108e+00 -1.5987211555e-17 -8.3643881079e-01
     vertex 5.4416783181e-01 -1.5125259037e-01 -3.9433916961e-01
   endloop
 endfacet
 facet normal  -4.7860761249e-01 -2.0422058933e-01 -8.5394888850e-01
   outer loop
     vertex 1.2684388108e+00 -1.5987211555e-17 -8.3643881079e-01
     vertex 1.2684388108e+00 -2.8445410226e-01 -7.6841204105e-01
     vertex 5.4416783181e-01 -1.5125259037e-01 -3.9433916961e-01
   endloop
 endfacet
 facet normal  -4.6453654375e-01 -5.2674938255e-01 -7.1185735053e-01
   outer loop
     vertex 5.4416783181e-01 -1.5125259037e-01 -3.9433916961e-01
     vertex 1.2684388108e+00 -2.8445410226e-01 -7.6841204105e-01
     vertex 5.4416783181e-01 -2.8039624181e-01 -2.9877741330e-01
   endloop
 endfacet
 facet normal  -4.5987956798e-01 -5.4047249809e-01 -7.0455678391e-01
   outer loop
     vertex 1.2684388108e+00 -2.8445410226e-01 -7.6841204105e-01
     vertex 1.2684388108e+00 -5.2311766146e-01 -5.8533085727e-01
     vertex 5.4416783181e-01 -2.8039624181e-01 -2.9877741330e-01
   endloop
 endfacet
 facet normal  -4.4514450089e-01 -7.4911332115e-01 -4.9058700086e-01
   outer loop
     vertex 5.4416783181e-01 -2.8039624181e-01 -2.9877741330e-01
     vertex 1.2684388108e+00 -5.2311766146e-01 -5.8533085727e-01
     vertex 5.4416783181e-01 -3.7038373031e-01 -1.6136890829e-01
   endloop
 endfacet
 facet normal  -4.3749173843e-01 -7.6566335939e-01 -4.7155126857e-01
   outer loop
     vertex 1.2684388108e+00 -5.2311766146e-01 -5.8533085727e-01
     vertex 1.2684388108e+00 -6.8733209263e-01 -3.1869394754e-01
     vertex 5.4416783181e-01 -3.7038373031e-01 -1.6136890829e-01
   endloop
 endfacet
 facet normal  -4.2745961595e-01 -8.8485030712e-01 -1.8525174960e-01
   outer loop
     vertex 5.4416783181e-01 -3.7038373031e-01 -1.6136890829e-01
     vertex 1.2684388108e+00 -6.8733209263e-01 -3.1869394754e-01
     vertex 5.4416783181e-01 -4.0416783181e-01 -2.8421709430e-17
   endloop
 endfacet
 facet normal  -4.2300738323e-01 -8.8991518391e-01 -1.7063328861e-01
   outer loop
     vertex 1.2684388108e+00 -6.8733209263e-01 -3.1869394754e-01
     vertex 1.2684388108e+00 -7.4843881079e-01 -3.1974423109e-17
     vertex 5.4416783181e-01 -4.0416783181e-01 -2.8421709430e-17
   endloop
 endfacet
 facet normal  -4.2300738323e-01 -8.8991518391e-01 1.7063328861e-01
   outer loop
     vertex 5.4416783181e-01 -4.0416783181e-01 -2.8421709430e-17
     vertex 1.2684388108e+00 -7.4843881079e-01 -3.1974423109e-17
     vertex 1.2684388108e+00 -6.8733209263e-01 3.1869394754e-01
   endloop
 endfacet
 facet normal  -4.2745961595e-01 -8.8485030712e-01 1.8525174960e-01
   outer loop
     vertex 5.4416783181e-01 -4.0416783181e-01 -2.8421709430e-17
     vertex 1.2684388108e+00 -6.8733209263e-01 3.1869394754e-01
     vertex 5.4416783181e-01 -3.7038373031e-01 1.6136890829e-01
   endloop
 endfacet
 facet normal  -4.3749173843e-01 -7.6566335939e-01 4.7155126857e-01
   outer loop
     vertex 5.4416783181e-01 -3.7038373031e-01 1.6136890829e-01
     vertex 1.2684388108e+00 -6.8733209263e-01 3.1869394754e-01
     vertex 1.2684388108e+00 -5.2311766146e-01 5.8533085727e-01
   endloop
 endfacet
 facet normal  -4.4514450089e-01 -7.4911332115e-01 4.9058700086e-01
   outer loop
     vertex 5.4416783181e-01 -3.7038373031e-01 1.6136890829e-01
     vertex 1.2684388108e+00 -5.2311766146e-01 5.8533085727e-01
     vertex 5.4416783181e-01 -2.8039624181e-01 2.9877741330e-01
   endloop
 endfacet
 facet normal  -4.5987956798e-01 -5.4047249809e-01 7.0455678391e-01
   outer loop
     vertex 5.4416783181e-01 -2.8039624181e-01 2.9877741330e-01
     vertex 1.2684388108e+00 -5.2311766146e-01 5.8533085727e-01
     vertex 1.2684388108e+00 -2.8445410226e-01 7.6841204105e-01
   endloop
 endfacet
 facet normal  -4.6453654375e-01 -5.2674938255e-01 7.1185735053e-01
   outer loop
     vertex 5.4416783181e-01 -2.8039624181e-01 2.9877741330e-01
     vertex 1.2684388108e+00 -2.8445410226e-01 7.6841204105e-01
     vertex 5.4416783181e-01 -1.5125259037e-01 3.9433916961e-01
   endloop
 endfacet
 facet normal  -4.7860761249e-01 -2.0422058933e-01 8.5394888850e-01
   outer loop
     vertex 5.4416783181e-01 -1.5125259037e-01 3.9433916961e-01
     vertex 1.2684388108e+00 -2.8445410226e-01 7.6841204105e-01
     vertex 1.2684388108e+00 -6.9944050551e-17 8.3643881079e-01
   endloop
 endfacet
 facet normal  -4.7910808319e-01 -2.0232360392e-01 8.5411978312e-01
   outer loop
     vertex 5.4416783181e-01 -1.5125259037e-01 3.9433916961e-01
     vertex 1.2684388108e+00 -6.9944050551e-17 8.3643881079e-01
     vertex 5.4416783181e-01 -6.2172489379e-17 4.3016783181e-01
   endloop
 endfacet
 facet normal  -4.7910808319e-01 2.0232360392e-01 8.5411978312e-01
   outer loop
     vertex 5.4416783181e-01 -6.2172489379e-17 4.3016783181e-01
     vertex 1.2684388108e+00 -6.9944050551e-17 8.3643881079e-01
     vertex 5.4416783181e-01 1.5125259037e-01 3.9433916961e-01
   endloop
 endfacet
 facet normal  -4.7860761249e-01 2.0422058933e-01 8.5394888850e-01
   outer loop
     vertex 1.2684388108e+00 -6.9944050551e-17 8.3643881079e-01
     vertex 1.2684388108e+00 2.8445410226e-01 7.6841204105e-01
     vertex 5.4416783181e-01 1.5125259037e-01 3.9433916961e-01
   endloop
 endfacet
 facet normal  -4.6453654375e-01 5.2674938255e-01 7.1185735053e-01
   outer loop
     vertex 5.4416783181e-01 1.5125259037e-01 3.9433916961e-01
     vertex 1.2684388108e+00 2.8445410226e-01 7.6841204105e-01
     vertex 5.4416783181e-01 2.8039624181e-01 2.9877741330e-01
   endloop
 endfacet
 facet normal  -4.5987956798e-01 5.4047249809e-01 7.0455678391e-01
   outer loop
     vertex 1.2684388108e+00 2.8445410226e-01 7.6841204105e-01
     vertex 1.2684388108e+00 5.2311766146e-01 5.8533085727e-01
     vertex 5.4416783181e-01 2.8039624181e-01 2.9877741330e-01
   endloop
 endfacet
 facet normal  -4.4514450089e-01 7.4911332115e-01 4.9058700086e-01
   outer loop
     vertex 5.4416783181e-01 2.8039624181e-01 2.9877741330e-01
     vertex 1.2684388108e+00 5.2311766146e-01 5.8533085727e-01
     vertex 5.4416783181e-01 3.7038373031e-01 1.6136890829e-01
   endloop
 endfacet
 facet normal  -4.3749173843e-01 7.6566335939e-01 4.7155126857e-01
   outer loop
     vertex 1.2684388108e+00 5.2311766146e-01 5.8533085727e-01
     vertex 1.2684388108e+00 6.8733209263e-01 3.1869394754e-01
     vertex 5.4416783181e-01 3.7038373031e-01 1.6136890829e-01
   endloop
 endfacet
 facet normal  -4.2745961595e-01 8.8485030712e-01 1.8525174960e-01
   outer loop
     vertex 5.4416783181e-01 3.7038373031e-01 1.6136890829e-01
     vertex 1.2684388108e+00 6.8733209263e-01 3.1869394754e-01
     vertex 5.4416783181e-01 4.0416783181e-01 0.0000000000e+00
   endloop
 endfacet
 facet normal  -4.2300738323e-01 8.8991518391e-01 1.7063328861e-01
   outer loop
     vertex 1.2684388108e+00 6.8733209263e-01 3.1869394754e-01
     vertex 1.2684388108e+00 7.4843881079e-01 0.0000000000e+00
     vertex 5.4416783181e-01 4.0416783181e-01 0.0000000000e+00
   endloop
 endfacet
 facet normal  -3.0298950241e-01 9.3802818803e-01 -1.6822746477e-01
   outer loop
     vertex 1.2684388108e+00 7.4843881079e-01 0.0000000000e+00
     vertex 2.0956258739e+00 1.0156258739e+00 0.0000000000e+00
     vertex 2.0956258739e+00 9.3425897108e-01 -4.5369790529e-01
   endloop
 endfacet
 facet normal  -3.0814570166e-01 9.3431924217e-01 -1.7914737021e-01
   outer loop
     vertex 1.2684388108e+00 7.4843881079e-01 0.0000000000e+00
     vertex 2.0956258739e+00 9.3425897108e-01 -4.5369790529e-01
     vertex 1.2684388108e+00 6.8733209263e-01 -3.1869394754e-01
   endloop
 endfacet
 facet normal  -3.2194907555e-01 8.1627895136e-01 -4.7962221208e-01
   outer loop
     vertex 1.2684388108e+00 6.8733209263e-01 -3.1869394754e-01
     vertex 2.0956258739e+00 9.3425897108e-01 -4.5369790529e-01
     vertex 2.0956258739e+00 7.1401197697e-01 -8.2854081471e-01
   endloop
 endfacet
 facet normal  -3.3092444032e-01 8.0349840011e-01 -4.9485284260e-01
   outer loop
     vertex 1.2684388108e+00 6.8733209263e-01 -3.1869394754e-01
     vertex 2.0956258739e+00 7.1401197697e-01 -8.2854081471e-01
     vertex 1.2684388108e+00 5.2311766146e-01 -5.8533085727e-01
   endloop
 endfacet
 facet normal  -3.5011373892e-01 5.8001234785e-01 -7.3553113201e-01
   outer loop
     vertex 1.2684388108e+00 5.2311766146e-01 -5.8533085727e-01
     vertex 2.0956258739e+00 7.1401197697e-01 -8.2854081471e-01
     vertex 2.0956258739e+00 3.9066546283e-01 -1.0835197852e+00
   endloop
 endfacet
 facet normal  -3.5554630071e-01 5.6888282201e-01 -7.4159231582e-01
   outer loop
     vertex 1.2684388108e+00 5.2311766146e-01 -5.8533085727e-01
     vertex 2.0956258739e+00 3.9066546283e-01 -1.0835197852e+00
     vertex 1.2684388108e+00 2.8445410226e-01 -7.6841204105e-01
   endloop
 endfacet
 facet normal  -3.7172309669e-01 2.1740685369e-01 -9.0252767235e-01
   outer loop
     vertex 1.2684388108e+00 2.8445410226e-01 -7.6841204105e-01
     vertex 2.0956258739e+00 3.9066546283e-01 -1.0835197852e+00
     vertex 2.0956258739e+00 -1.0658141036e-17 -1.1776258739e+00
   endloop
 endfacet
 facet normal  -3.7231436071e-01 2.1586817184e-01 -9.0265328294e-01
   outer loop
     vertex 1.2684388108e+00 2.8445410226e-01 -7.6841204105e-01
     vertex 2.0956258739e+00 -1.0658141036e-17 -1.1776258739e+00
     vertex 1.2684388108e+00 -1.5987211555e-17 -8.3643881079e-01
   endloop
 endfacet
 facet normal  -3.7231436071e-01 -2.1586817184e-01 -9.0265328294e-01
   outer loop
     vertex 1.2684388108e+00 -1.5987211555e-17 -8.3643881079e-01
     vertex 2.0956258739e+00 -1.0658141036e-17 -1.1776258739e+00
     vertex 1.2684388108e+00 -2.8445410226e-01 -7.6841204105e-01
   endloop
 endfacet
 facet normal  -3.7172309669e-01 -2.1740685369e-01 -9.0252767235e-01
   outer loop
     vertex 2.0956258739e+00 -1.0658141036e-17 -1.1776258739e+00
     vertex 2.0956258739e+00 -3.9066546283e-01 -1.0835197852e+00
     vertex 1.2684388108e+00 -2.8445410226e-01 -7.6841204105e-01
   endloop
 endfacet
 facet normal  -3.5554630071e-01 -5.6888282201e-01 -7.4159231582e-01
   outer loop
     vertex 1.2684388108e+00 -2.8445410226e-01 -7.6841204105e-01
     vertex 2.0956258739e+00 -3.9066546283e-01 -1.0835197852e+00
     vertex 1.2684388108e+00 -5.2311766146e-01 -5.8533085727e-01
   endloop
 endfacet
 facet normal  -3.5011373892e-01 -5.8001234785e-01 -7.3553113201e-01
   outer loop
     vertex 2.0956258739e+00 -3.9066546283e-01 -1.0835197852e+00
     vertex 2.0956258739e+00 -7.1401197697e-01 -8.2854081471e-01
     vertex 1.2684388108e+00 -5.2311766146e-01 -5.8533085727e-01
   endloop
 endfacet
 facet normal  -3.3092444032e-01 -8.0349840011e-01 -4.9485284260e-01
   outer loop
     vertex 1.2684388108e+00 -5.2311766146e-01 -5.8533085727e-01
     vertex 2.0956258739e+00 -7.1401197697e-01 -8.2854081471e-01
     vertex 1.2684388108e+00 -6.8733209263e-01 -3.1869394754e-01
   endloop
 endfacet
 facet normal  -3.2194907555e-01 -8.1627895136e-01 -4.7962221208e-01
   outer loop
     vertex 2.0956258739e+00 -7.1401197697e-01 -8.2854081471e-01
     vertex 2.0956258739e+00 -9.3425897108e-01 -4.5369790529e-01
     vertex 1.2684388108e+00 -6.8733209263e-01 -3.1869394754e-01
   endloop
 endfacet
 facet normal  -3.0814570166e-01 -9.3431924217e-01 -1.7914737021e-01
   outer loop
     vertex 1.2684388108e+00 -6.8733209263e-01 -3.1869394754e-01
     vertex 2.0956258739e+00 -9.3425897108e-01 -4.5369790529e-01
     vertex 1.2684388108e+00 -7.4843881079e-01 -3.1974423109e-17
   endloop
 endfacet
 facet normal  -3.0298950241e-01 -9.3802818803e-01 -1.6822746477e-01
   outer loop
     vertex 2.0956258739e+00 -9.3425897108e-01 -4.5369790529e-01
     vertex 2.0956258739e+00 -1.0156258739e+00 -2.1316282073e-17
     vertex 1.2684388108e+00 -7.4843881079e-01 -3.1974423109e-17
   endloop
 endfacet
 facet normal  -3.0298950241e-01 -9.3802818803e-01 1.6822746477e-01
   outer loop
     vertex 1.2684388108e+00 -7.4843881079e-01 -3.1974423109e-17
     vertex 2.0956258739e+00 -1.0156258739e+00 -2.1316282073e-17
     vertex 2.0956258739e+00 -9.3425897108e-01 4.5369790529e-01
   endloop
 endfacet
 facet normal  -3.0814570166e-01 -9.3431924217e-01 1.7914737021e-01
   outer loop
     vertex 1.2684388108e+00 -7.4843881079e-01 -3.1974423109e-17
     vertex 2.0956258739e+00 -9.3425897108e-01 4.5369790529e-01
     vertex 1.2684388108e+00 -6.8733209263e-01 3.1869394754e-01
   endloop
 endfacet
 facet normal  -3.2194907555e-01 -8.1627895136e-01 4.7962221208e-01
   outer loop
     vertex 1.2684388108e+00 -6.8733209263e-01 3.1869394754e-01
     vertex 2.0956258739e+00 -9.3425897108e-01 4.5369790529e-01
     vertex 2.0956258739e+00 -7.1401197697e-01 8.2854081471e-01
   endloop
 endfacet
 facet normal  -3.3092444032e-01 -8.0349840011e-01 4.9485284260e-01
   outer loop
     vertex 1.2684388108e+00 -6.8733209263e-01 3.1869394754e-01
     vertex 2.0956258739e+00 -7.1401197697e-01 8.2854081471e-01
     vertex 1.2684388108e+00 -5.2311766146e-01 5.8533085727e-01
   endloop
 endfacet
 facet normal  -3.5011373892e-01 -5.8001234785e-01 7.3553113201e-01
   outer loop
     vertex 1.2684388108e+00 -5.2311766146e-01 5.8533085727e-01
     vertex 2.0956258739e+00 -7.1401197697e-01 8.2854081471e-01
     vertex 2.0956258739e+00 -3.9066546283e-01 1.0835197852e+00
   endloop
 endfacet
 facet normal  -3.5554630071e-01 -5.6888282201e-01 7.4159231582e-01
   outer loop
     vertex 1.2684388108e+00 -5.2311766146e-01 5.8533085727e-01
     vertex 2.0956258739e+00 -3.9066546283e-01 1.0835197852e+00
     vertex 1.2684388108e+00 -2.8445410226e-01 7.6841204105e-01
   endloop
 endfacet
 facet normal  -3.7172309669e-01 -2.1740685369e-01 9.0252767235e-01
   outer loop
     vertex 1.2684388108e+00 -2.8445410226e-01 7.6841204105e-01
     vertex 2.0956258739e+00 -3.9066546283e-01 1.0835197852e+00
     vertex 2.0956258739e+00 -4.6629367034e-17 1.1776258739e+00
   endloop
 endfacet
 facet normal  -3.7231436071e-01 -2.1586817184e-01 9.0265328294e-01
   outer loop
     vertex 1.2684388108e+00 -2.8445410226e-01 7.6841204105e-01
     vertex 2.0956258739e+00 -4.6629367034e-17 1.1776258739e+00
     vertex 1.2684388108e+00 -6.9944050551e-17 8.3643881079e-01
   endloop
 endfacet
 facet normal  -3.7231436071e-01 2.1586817184e-01 9.0265328294e-01
   outer loop
     vertex 1.2684388108e+00 -6.9944050551e-17 8.3643881079e-01
     vertex 2.0956258739e+00 -4.6629367034e-17 1.1776258739e+00
     vertex 1.2684388108e+00 2.8445410226e-01 7.6841204105e-01
   endloop
 endfacet
 facet normal  -3.7172309669e-01 2.1740685369e-01 9.0252767235e-01
   outer loop
     vertex 2.0956258739e+00 -4.6629367034e-17 1.1776258739e+00
     vertex 2.0956258739e+00 3.9066546283e-01 1.0835197852e+00
     vertex 1.2684388108e+00 2.8445410226e-01 7.6841204105e-01
   endloop
 endfacet
 facet normal  -3.5554630071e-01 5.6888282201e-01 7.4159231582e-01
   outer loop
     vertex 1.2684388108e+00 2.8445410226e-01 7.6841204105e-01
     vertex 2.0956258739e+00 3.9066546283e-01 1.0835197852e+00
     vertex 1.2684388108e+00 5.2311766146e-01 5.8533085727e-01
   endloop
 endfacet
 facet normal  -3.5011373892e-01 5.8001234785e-01 7.3553113201e-01
   outer loop
     vertex 2.0956258739e+00 3.9066546283e-01 1.0835197852e+00
     vertex 2.0956258739e+00 7.1401197697e-01 8.2854081471e-01
     vertex 1.2684388108e+00 5.2311766146e-01 5.8533085727e-01
   endloop
 endfacet
 facet normal  -3.3092444032e-01 8.0349840011e-01 4.9485284260e-01
   outer loop
     vertex 1.2684388108e+00 5.2311766146e-01 5.8533085727e-01
     vertex 2.0956258739e+00 7.1401197697e-01 8.2854081471e-01
     vertex 1.2684388108e+00 6.8733209263e-01 3.1869394754e-01
   endloop
 endfacet
 facet normal  -3.2194907555e-01 8.1627895136e-01 4.7962221208e-01
   outer loop
     vertex 2.0956258739e+00 7.1401197697e-01 8.2854081471e-01
     vertex 2.0956258739e+00 9.3425897108e-01 4.5369790529e-01
     vertex 1.2684388108e+00 6.8733209263e-01 3.1869394754e-01
   endloop
 endfacet
 facet normal  -3.0814570166e-01 9.3431924217e-01 1.7914737021e-01
   outer loop
     vertex 1.2684388108e+00 6.8733209263e-01 3.1869394754e-01
     vertex 2.0956258739e+00 9.3425897108e-01 4.5369790529e-01
     vertex 1.2684388108e+00 7.4843881079e-01 0.0000000000e+00
   endloop
 endfacet
 facet normal  -3.0298950241e-01 9.3802818803e-01 1.6822746477e-01
   outer loop
     vertex 2.0956258739e+00 9.3425897108e-01 4.5369790529e-01
     vertex 2.0956258739e+00 1.0156258739e+00 0.0000000000e+00
     vertex 1.2684388108e+00 7.4843881079e-01 0.0000000000e+00
   endloop
 endfacet
 facet normal  -1.9594650821e-01 9.6651464989e-01 -1.6569368567e-01
   outer loop
     vertex 2.0956258739e+00 1.0156258739e+00 0.0000000000e+00
     vertex 2.9485419580e+00 1.1885419580e+00 0.0000000000e+00
     vertex 2.9485419580e+00 1.0945782498e+00 -5.4810356907e-01
   endloop
 endfacet
 facet normal  -2.0040342091e-01 9.6432815595e-01 -1.7294414278e-01
   outer loop
     vertex 2.0956258739e+00 1.0156258739e+00 0.0000000000e+00
     vertex 2.9485419580e+00 1.0945782498e+00 -5.4810356907e-01
     vertex 2.0956258739e+00 9.3425897108e-01 -4.5369790529e-01
   endloop
 endfacet
 facet normal  -2.1310059497e-01 8.4913352633e-01 -4.8328086129e-01
   outer loop
     vertex 2.0956258739e+00 9.3425897108e-01 -4.5369790529e-01
     vertex 2.9485419580e+00 1.0945782498e+00 -5.4810356907e-01
     vertex 2.9485419580e+00 8.3892690638e-01 -9.9728776844e-01
   endloop
 endfacet
 facet normal  -2.2090499573e-01 8.4088426167e-01 -4.9407959009e-01
   outer loop
     vertex 2.0956258739e+00 9.3425897108e-01 -4.5369790529e-01
     vertex 2.9485419580e+00 8.3892690638e-01 -9.9728776844e-01
     vertex 2.0956258739e+00 7.1401197697e-01 -8.2854081471e-01
   endloop
 endfacet
 facet normal  -2.3884466283e-01 6.0819190493e-01 -7.5700451374e-01
   outer loop
     vertex 2.0956258739e+00 7.1401197697e-01 -8.2854081471e-01
     vertex 2.9485419580e+00 8.3892690638e-01 -9.9728776844e-01
     vertex 2.9485419580e+00 4.6094759926e-01 -1.3009635731e+00
   endloop
 endfacet
 facet normal  -2.4364147610e-01 6.0054400320e-01 -7.6156794270e-01
   outer loop
     vertex 2.0956258739e+00 7.1401197697e-01 -8.2854081471e-01
     vertex 2.9485419580e+00 4.6094759926e-01 -1.3009635731e+00
     vertex 2.0956258739e+00 3.9066546283e-01 -1.0835197852e+00
   endloop
 endfacet
 facet normal  -2.5811853205e-01 2.2729596854e-01 -9.3899487011e-01
   outer loop
     vertex 2.0956258739e+00 3.9066546283e-01 -1.0835197852e+00
     vertex 2.9485419580e+00 4.6094759926e-01 -1.3009635731e+00
     vertex 2.9485419580e+00 -3.5527136788e-18 -1.4125419580e+00
   endloop
 endfacet
 facet normal  -2.5865547699e-01 2.2621840438e-01 -9.3910733026e-01
   outer loop
     vertex 2.0956258739e+00 3.9066546283e-01 -1.0835197852e+00
     vertex 2.9485419580e+00 -3.5527136788e-18 -1.4125419580e+00
     vertex 2.0956258739e+00 -1.0658141036e-17 -1.1776258739e+00
   endloop
 endfacet
 facet normal  -2.5865547699e-01 -2.2621840438e-01 -9.3910733026e-01
   outer loop
     vertex 2.0956258739e+00 -1.0658141036e-17 -1.1776258739e+00
     vertex 2.9485419580e+00 -3.5527136788e-18 -1.4125419580e+00
     vertex 2.0956258739e+00 -3.9066546283e-01 -1.0835197852e+00
   endloop
 endfacet
 facet normal  -2.5811853205e-01 -2.2729596854e-01 -9.3899487011e-01
   outer loop
     vertex 2.9485419580e+00 -3.5527136788e-18 -1.4125419580e+00
     vertex 2.9485419580e+00 -4.6094759926e-01 -1.3009635731e+00
     vertex 2.0956258739e+00 -3.9066546283e-01 -1.0835197852e+00
   endloop
 endfacet
 facet normal  -2.4364147610e-01 -6.0054400320e-01 -7.6156794270e-01
   outer loop
     vertex 2.0956258739e+00 -3.9066546283e-01 -1.0835197852e+00
     vertex 2.9485419580e+00 -4.6094759926e-01 -1.3009635731e+00
     vertex 2.0956258739e+00 -7.1401197697e-01 -8.2854081471e-01
   endloop
 endfacet
 facet normal  -2.3884466283e-01 -6.0819190493e-01 -7.5700451374e-01
   outer loop
     vertex 2.9485419580e+00 -4.6094759926e-01 -1.3009635731e+00
     vertex 2.9485419580e+00 -8.3892690638e-01 -9.9728776844e-01
     vertex 2.0956258739e+00 -7.1401197697e-01 -8.2854081471e-01
   endloop
 endfacet
 facet normal  -2.2090499573e-01 -8.4088426167e-01 -4.9407959009e-01
   outer loop
     vertex 2.0956258739e+00 -7.1401197697e-01 -8.2854081471e-01
     vertex 2.9485419580e+00 -8.3892690638e-01 -9.9728776844e-01
     vertex 2.0956258739e+00 -9.3425897108e-01 -4.5369790529e-01
   endloop
 endfacet
 facet normal  -2.1310059497e-01 -8.4913352633e-01 -4.8328086129e-01
   outer loop
     vertex 2.9485419580e+00 -8.3892690638e-01 -9.9728776844e-01
     vertex 2.9485419580e+00 -1.0945782498e+00 -5.4810356907e-01
     vertex 2.0956258739e+00 -9.3425897108e-01 -4.5369790529e-01
   endloop
 endfacet
 facet normal  -2.0040342091e-01 -9.6432815595e-01 -1.7294414278e-01
   outer loop
     vertex 2.0956258739e+00 -9.3425897108e-01 -4.5369790529e-01
     vertex 2.9485419580e+00 -1.0945782498e+00 -5.4810356907e-01
     vertex 2.0956258739e+00 -1.0156258739e+00 -2.1316282073e-17
   endloop
 endfacet
 facet normal  -1.9594650821e-01 -9.6651464989e-01 -1.6569368567e-01
   outer loop
     vertex 2.9485419580e+00 -1.0945782498e+00 -5.4810356907e-01
     vertex 2.9485419580e+00 -1.1885419580e+00 -7.1054273576e-18
     vertex 2.0956258739e+00 -1.0156258739e+00 -2.1316282073e-17
   endloop
 endfacet
 facet normal  -1.9594650821e-01 -9.6651464989e-01 1.6569368567e-01
   outer loop
     vertex 2.0956258739e+00 -1.0156258739e+00 -2.1316282073e-17
     vertex 2.9485419580e+00 -1.1885419580e+00 -7.1054273576e-18
     vertex 2.9485419580e+00 -1.0945782498e+00 5.4810356907e-01
   endloop
 endfacet
 facet normal  -2.0040342091e-01 -9.6432815595e-01 1.7294414278e-01
   outer loop
     vertex 2.0956258739e+00 -1.0156258739e+00 -2.1316282073e-17
     vertex 2.9485419580e+00 -1.0945782498e+00 5.4810356907e-01
     vertex 2.0956258739e+00 -9.3425897108e-01 4.5369790529e-01
   endloop
 endfacet
 facet normal  -2.1310059497e-01 -8.4913352633e-01 4.8328086129e-01
   outer loop
     vertex 2.0956258739e+00 -9.3425897108e-01 4.5369790529e-01
     vertex 2.9485419580e+00 -1.0945782498e+00 5.4810356907e-01
     vertex 2.9485419580e+00 -8.3892690638e-01 9.9728776844e-01
   endloop
 endfacet
 facet normal  -2.2090499573e-01 -8.4088426167e-01 4.9407959009e-01
   outer loop
     vertex 2.0956258739e+00 -9.3425897108e-01 4.5369790529e-01
     vertex 2.9485419580e+00 -8.3892690638e-01 9.9728776844e-01
     vertex 2.0956258739e+00 -7.1401197697e-01 8.2854081471e-01
   endloop
 endfacet
 facet normal  -2.3884466283e-01 -6.0819190493e-01 7.5700451374e-01
   outer loop
     vertex 2.0956258739e+00 -7.1401197697e-01 8.2854081471e-01
     vertex 2.9485419580e+00 -8.3892690638e-01 9.9728776844e-01
     vertex 2.9485419580e+00 -4.6094759926e-01 1.3009635731e+00
   endloop
 endfacet
 facet normal  -2.4364147610e-01 -6.0054400320e-01 7.6156794270e-01
   outer loop
     vertex 2.0956258739e+00 -7.1401197697e-01 8.2854081471e-01
     vertex 2.9485419580e+00 -4.6094759926e-01 1.3009635731e+00
     vertex 2.0956258739e+00 -3.9066546283e-01 1.0835197852e+00
   endloop
 endfacet
 facet normal  -2.5811853205e-01 -2.2729596854e-01 9.3899487011e-01
   outer loop
     vertex 2.0956258739e+00 -3.9066546283e-01 1.0835197852e+00
     vertex 2.9485419580e+00 -4.6094759926e-01 1.3009635731e+00
     vertex 2.9485419580e+00 -1.5543122345e-17 1.4125419580e+00
   endloop
 endfacet
 facet normal  -2.5865547699e-01 -2.2621840438e-01 9.3910733026e-01
   outer loop
     vertex 2.0956258739e+00 -3.9066546283e-01 1.0835197852e+00
     vertex 2.9485419580e+00 -1.5543122345e-17 1.4125419580e+00
     vertex 2.0956258739e+00 -4.6629367034e-17 1.1776258739e+00
   endloop
 endfacet
 facet normal  -2.5865547699e-01 2.2621840438e-01 9.3910733026e-01
   outer loop
     vertex 2.0956258739e+00 -4.6629367034e-17 1.1776258739e+00
     vertex 2.9485419580e+00 -1.5543122345e-17 1.4125419580e+00
     vertex 2.0956258739e+00 3.9066546283e-01 1.0835197852e+00
   endloop
 endfacet
 facet normal  -2.5811853205e-01 2.2729596854e-01 9.3899487011e-01
   outer loop
     vertex 2.9485419580e+00 -1.5543122345e-17 1.4125419580e+00
     vertex 2.9485419580e+00 4.6094759926e-01 1.3009635731e+00
     vertex 2.0956258739e+00 3.9066546283e-01 1.0835197852e+00
   endloop
 endfacet
 facet normal  -2.4364147610e-01 6.0054400320e-01 7.6156794270e-01
   outer loop
     vertex 2.0956258739e+00 3.9066546283e-01 1.0835197852e+00
     vertex 2.9485419580e+00 4.6094759926e-01 1.3009635731e+00
     vertex 2.0956258739e+00 7.1401197697e-01 8.2854081471e-01
   endloop
 endfacet
 facet normal  -2.3884466283e-01 6.0819190493e-01 7.5700451374e-01
   outer loop
     vertex 2.9485419580e+00 4.6094759926e-01 1.3009635731e+00
     vertex 2.9485419580e+00 8.3892690638e-01 9.9728776844e-01
     vertex 2.0956258739e+00 7.1401197697e-01 8.2854081471e-01
   endloop
 endfacet
 facet normal  -2.2090499573e-01 8.4088426167e-01 4.9407959009e-01
   outer loop
     vertex 2.0956258739e+00 7.1401197697e-01 8.2854081471e-01
     vertex 2.9485419580e+00 8.3892690638e-01 9.9728776844e-01
     vertex 2.0956258739e+00 9.3425897108e-01 4.5369790529e-01
   endloop
 endfacet
 facet normal  -2.1310059497e-01 8.4913352633e-01 4.8328086129e-01
   outer loop
     vertex 2.9485419580e+00 8.3892690638e-01 9.9728776844e-01
     vertex 2.9485419580e+00 1.0945782498e+00 5.4810356907e-01
     vertex 2.0956258739e+00 9.3425897108e-01 4.5369790529e-01
   endloop
 endfacet
 facet normal  -2.0040342091e-01 9.6432815595e-01 1.7294414278e-01
   outer loop
     vertex 2.0956258739e+00 9.3425897108e-01 4.5369790529e-01
     vertex 2.9485419580e+00 1.0945782498e+00 5.4810356907e-01
     vertex 2.0956258739e+00 1.0156258739e+00 0.0000000000e+00
   endloop
 endfacet
 facet normal  -1.9594650821e-01 9.6651464989e-01 1.6569368567e-01
   outer loop
     vertex 2.9485419580e+00 1.0945782498e+00 5.4810356907e-01
     vertex 2.9485419580e+00 1.1885419580e+00 0.0000000000e+00
     vertex 2.0956258739e+00 1.0156258739e+00 0.0000000000e+00
   endloop
 endfacet
 facet normal  -7.5402548931e-02 9.8330466149e-01 -1.6560917336e-01
   outer loop
     vertex 2.9485419580e+00 1.1885419580e+00 0.0000000000e+00
     vertex 3.7500000000e+00 1.2500000000e+00 0.0000000000e+00
     vertex 3.7500000000e+00 1.1517038129e+00 -5.8363372644e-01
   endloop
 endfacet
 facet normal  -7.7509027197e-02 9.8265623389e-01 -1.6846090554e-01
   outer loop
     vertex 2.9485419580e+00 1.1885419580e+00 0.0000000000e+00
     vertex 3.7500000000e+00 1.1517038129e+00 -5.8363372644e-01
     vertex 2.9485419580e+00 1.0945782498e+00 -5.4810356907e-01
   endloop
 endfacet
 facet normal  -8.3562974821e-02 8.6869588153e-01 -4.8824655109e-01
   outer loop
     vertex 2.9485419580e+00 1.0945782498e+00 -5.4810356907e-01
     vertex 3.7500000000e+00 1.1517038129e+00 -5.8363372644e-01
     vertex 3.7500000000e+00 8.8371016773e-01 -1.0604522013e+00
   endloop
 endfacet
 facet normal  -8.7212860030e-02 8.6578492356e-01 -4.9275793568e-01
   outer loop
     vertex 2.9485419580e+00 1.0945782498e+00 -5.4810356907e-01
     vertex 3.7500000000e+00 8.8371016773e-01 -1.0604522013e+00
     vertex 2.9485419580e+00 8.3892690638e-01 -9.9728776844e-01
   endloop
 endfacet
 facet normal  -9.5969643797e-02 6.2621062875e-01 -7.7372480632e-01
   outer loop
     vertex 2.9485419580e+00 8.3892690638e-01 -9.9728776844e-01
     vertex 3.7500000000e+00 8.8371016773e-01 -1.0604522013e+00
     vertex 3.7500000000e+00 4.8636143870e-01 -1.3820445755e+00
   endloop
 endfacet
 facet normal  -9.8248957620e-02 6.2328874709e-01 -7.7579525654e-01
   outer loop
     vertex 2.9485419580e+00 8.3892690638e-01 -9.9728776844e-01
     vertex 3.7500000000e+00 4.8636143870e-01 -1.3820445755e+00
     vertex 2.9485419580e+00 4.6094759926e-01 -1.3009635731e+00
   endloop
 endfacet
 facet normal  -1.0520340685e-01 2.3438574280e-01 -9.6643446066e-01
   outer loop
     vertex 2.9485419580e+00 4.6094759926e-01 -1.3009635731e+00
     vertex 3.7500000000e+00 4.8636143870e-01 -1.3820445755e+00
     vertex 3.7500000000e+00 0.0000000000e+00 -1.5000000000e+00
   endloop
 endfacet
 facet normal  -1.0546907004e-01 2.3395626023e-01 -9.6650956724e-01
   outer loop
     vertex 2.9485419580e+00 4.6094759926e-01 -1.3009635731e+00
     vertex 3.7500000000e+00 0.0000000000e+00 -1.5000000000e+00
     vertex 2.9485419580e+00 -3.5527136788e-18 -1.4125419580e+00
   endloop
 endfacet
 facet normal  -1.0546907004e-01 -2.3395626023e-01 -9.6650956724e-01
   outer loop
     vertex 2.9485419580e+00 -3.5527136788e-18 -1.4125419580e+00
     vertex 3.7500000000e+00 0.0000000000e+00 -1.5000000000e+00
     vertex 2.9485419580e+00 -4.6094759926e-01 -1.3009635731e+00
   endloop
 endfacet
 facet normal  -1.0520340685e-01 -2.3438574280e-01 -9.6643446066e-01
   outer loop
     vertex 3.7500000000e+00 0.0000000000e+00 -1.5000000000e+00
     vertex 3.7500000000e+00 -4.8636143870e-01 -1.3820445755e+00
     vertex 2.9485419580e+00 -4.6094759926e-01 -1.3009635731e+00
   endloop
 endfacet
 facet normal  -9.8248957620e-02 -6.2328874709e-01 -7.7579525654e-01
   outer loop
     vertex 2.9485419580e+00 -4.6094759926e-01 -1.3009635731e+00
     vertex 3.7500000000e+00 -4.8636143870e-01 -1.3820445755e+00
     vertex 2.9485419580e+00 -8.3892690638e-01 -9.9728776844e-01
   endloop
 endfacet
 facet normal  -9.5969643797e-02 -6.2621062875e-01 -7.7372480632e-01
   outer loop
     vertex 3.7500000000e+00 -4.8636143870e-01 -1.3820445755e+00
     vertex 3.7500000000e+00 -8.8371016773e-01 -1.0604522013e+00
     vertex 2.9485419580e+00 -8.3892690638e-01 -9.9728776844e-01
   endloop
 endfacet
 facet normal  -8.7212860030e-02 -8.6578492356e-01 -4.9275793568e-01
   outer loop
     vertex 2.9485419580e+00 -8.3892690638e-01 -9.9728776844e-01
     vertex 3.7500000000e+00 -8.8371016773e-01 -1.0604522013e+00
     vertex 2.9485419580e+00 -1.0945782498e+00 -5.4810356907e-01
   endloop
 endfacet
 facet normal  -8.3562974821e-02 -8.6869588153e-01 -4.8824655109e-01
   outer loop
     vertex 3.7500000000e+00 -8.8371016773e-01 -1.0604522013e+00
     vertex 3.7500000000e+00 -1.1517038129e+00 -5.8363372644e-01
     vertex 2.9485419580e+00 -1.0945782498e+00 -5.4810356907e-01
   endloop
 endfacet
 facet normal  -7.7509027197e-02 -9.8265623389e-01 -1.6846090554e-01
   outer loop
     vertex 2.9485419580e+00 -1.0945782498e+00 -5.4810356907e-01
     vertex 3.7500000000e+00 -1.1517038129e+00 -5.8363372644e-01
     vertex 2.9485419580e+00 -1.1885419580e+00 -7.1054273576e-18
   endloop
 endfacet
 facet normal  -7.5402548931e-02 -9.8330466149e-01 -1.6560917336e-01
   outer loop
     vertex 3.7500000000e+00 -1.1517038129e+00 -5.8363372644e-01
     vertex 3.7500000000e+00 -1.2500000000e+00 0.0000000000e+00
     vertex 2.9485419580e+00 -1.1885419580e+00 -7.1054273576e-18
   endloop
 endfacet
 facet normal  -7.5402548931e-02 -9.8330466149e-01 1.6560917336e-01
   outer loop
     vertex 2.9485419580e+00 -1.1885419580e+00 -7.1054273576e-18
     vertex 3.7500000000e+00 -1.2500000000e+00 0.0000000000e+00
     vertex 3.7500000000e+00 -1.1517038129e+00 5.8363372644e-01
   endloop
 endfacet
 facet normal  -7.7509027197e-02 -9.8265623389e-01 1.6846090554e-01
   outer loop
     vertex 2.9485419580e+00 -1.1885419580e+00 -7.1054273576e-18
     vertex 3.7500000000e+00 -1.1517038129e+00 5.8363372644e-01
     vertex 2.9485419580e+00 -1.0945782498e+00 5.4810356907e-01
   endloop
 endfacet
 facet normal  -8.3562974821e-02 -8.6869588153e-01 4.8824655109e-01
   outer loop
     vertex 2.9485419580e+00 -1.0945782498e+00 5.4810356907e-01
     vertex 3.7500000000e+00 -1.1517038129e+00 5.8363372644e-01
     vertex 3.7500000000e+00 -8.8371016773e-01 1.0604522013e+00
   endloop
 endfacet
 facet normal  -8.7212860030e-02 -8.6578492356e-01 4.9275793568e-01
   outer loop
     vertex 2.9485419580e+00 -1.0945782498e+00 5.4810356907e-01
     vertex 3.7500000000e+00 -8.8371016773e-01 1.0604522013e+00
     vertex 2.9485419580e+00 -8.3892690638e-01 9.9728776844e-01
   endloop
 endfacet
 facet normal  -9.5969643797e-02 -6.2621062875e-01 7.7372480632e-01
   outer loop
     vertex 2.9485419580e+00 -8.3892690638e-01 9.9728776844e-01
     vertex 3.7500000000e+00 -8.8371016773e-01 1.0604522013e+00
     vertex 3.7500000000e+00 -4.8636143870e-01 1.3820445755e+00
   endloop
 endfacet
 facet normal  -9.8248957620e-02 -6.2328874709e-01 7.7579525654e-01
   outer loop
     vertex 2.9485419580e+00 -8.3892690638e-01 9.9728776844e-01
     vertex 3.7500000000e+00 -4.8636143870e-01 1.3820445755e+00
     vertex 2.9485419580e+00 -4.6094759926e-01 1.3009635731e+00
   endloop
 endfacet
 facet normal  -1.0520340685e-01 -2.3438574280e-01 9.6643446066e-01
   outer loop
     vertex 2.9485419580e+00 -4.6094759926e-01 1.3009635731e+00
     vertex 3.7500000000e+00 -4.8636143870e-01 1.3820445755e+00
     vertex 3.7500000000e+00 0.0000000000e+00 1.5000000000e+00
   endloop
 endfacet
 facet normal  -1.0546907004e-01 -2.3395626023e-01 9.6650956724e-01
   outer loop
     vertex 2.9485419580e+00 -4.6094759926e-01 1.3009635731e+00
     vertex 3.7500000000e+00 0.0000000000e+00 1.5000000000e+00
     vertex 2.9485419580e+00 -1.5543122345e-17 1.4125419580e+00
   endloop
 endfacet
 facet normal  -1.0546907004e-01 2.3395626023e-01 9.6650956724e-01
   outer loop
     vertex 2.9485419580e+00 -1.5543122345e-17 1.4125419580e+00
     vertex 3.7500000000e+00 0.0000000000e+00 1.5000000000e+00
     vertex 2.9485419580e+00 4.6094759926e-01 1.3009635731e+00
   endloop
 endfacet
 facet normal  -1.0520340685e-01 2.3438574280e-01 9.6643446066e-01
   outer loop
     vertex 3.7500000000e+00 0.0000000000e+00 1.5000000000e+00
     vertex 3.7500000000e+00 4.8636143870e-01 1.3820445755e+00
     vertex 2.9485419580e+00 4.6094759926e-01 1.3009635731e+00
   endloop
 endfacet
 facet normal  -9.8248957620e-02 6.2328874709e-01 7.7579525654e-01
   outer loop
     vertex 2.9485419580e+00 4.6094759926e-01 1.3009635731e+00
     vertex 3.7500000000e+00 4.8636143870e-01 1.3820445755e+00
     vertex 2.9485419580e+00 8.3892690638e-01 9.9728776844e-01
   endloop
 endfacet
 facet normal  -9.5969643797e-02 6.2621062875e-01 7.7372480632e-01
   outer loop
     vertex 3.7500000000e+00 4.8636143870e-01 1.3820445755e+00
     vertex 3.7500000000e+00 8.8371016773e-01 1.0604522013e+00
     vertex 2.9485419580e+00 8.3892690638e-01 9.9728776844e-01
   endloop
 endfacet
 facet normal  -8.7212860030e-02 8.6578492356e-01 4.9275793568e-01
   outer loop
     vertex 2.9485419580e+00 8.3892690638e-01 9.9728776844e-01
     vertex 3.7500000000e+00 8.8371016773e-01 1.0604522013e+00
     vertex 2.9485419580e+00 1.0945782498e+00 5.4810356907e-01
   endloop
 endfacet
 facet normal  -8.3562974821e-02 8.6869588153e-01 4.8824655109e-01
   outer loop
     vertex 3.7500000000e+00 8.8371016773e-01 1.0604522013e+00
     vertex 3.7500000000e+00 1.1517038129e+00 5.8363372644e-01
     vertex 2.9485419580e+00 1.0945782498e+00 5.4810356907e-01
   endloop
 endfacet
 facet normal  -7.7509027197e-02 9.8265623389e-01 1.6846090554e-01
   outer loop
     vertex 2.9485419580e+00 1.0945782498e+00 5.4810356907e-01
     vertex 3.7500000000e+00 1.1517038129e+00 5.8363372644e-01
     vertex 2.9485419580e+00 1.1885419580e+00 0.0000000000e+00
   endloop
 endfacet
 facet normal  -7.5402548931e-02 9.8330466149e-01 1.6560917336e-01
   outer loop
     vertex 3.7500000000e+00 1.1517038129e+00 5.8363372644e-01
     vertex 3.7500000000e+00 1.2500000000e+00 0.0000000000e+00
     vertex 2.9485419580e+00 1.1885419580e+00 0.0000000000e+00
   endloop
 endfacet
 facet normal  0.0000000000e+00 9.8611194905e-01 -1.6608197960e-01
   outer loop
     vertex 3.7500000000e+00 1.2500000000e+00 0.0000000000e+00
     vertex 4.5000000000e+00 1.2500000000e+00 0.0000000000e+00
     vertex 4.5000000000e+00 1.1517038129e+00 -5.8363372644e-01
   endloop
 endfacet
 facet normal  0.0000000000e+00 9.8611194905e-01 -1.6608197960e-01
   outer loop
     vertex 3.7500000000e+00 1.2500000000e+00 0.0000000000e+00
     vertex 4.5000000000e+00 1.1517038129e+00 -5.8363372644e-01
     vertex 3.7500000000e+00 1.1517038129e+00 -5.8363372644e-01
   endloop
 endfacet
 facet normal  0.0000000000e+00 8.7174481044e-01 -4.8996018764e-01
   outer loop
     vertex 3.7500000000e+00 1.1517038129e+00 -5.8363372644e-01
     vertex 4.5000000000e+00 1.1517038129e+00 -5.8363372644e-01
     vertex 4.5000000000e+00 8.8371016773e-01 -1.0604522013e+00
   endloop
 endfacet
 facet normal  0.0000000000e+00 8.7174481044e-01 -4.8996018764e-01
   outer loop
     vertex 3.7500000000e+00 1.1517038129e+00 -5.8363372644e-01
     vertex 4.5000000000e+00 8.8371016773e-01 -1.0604522013e+00
     vertex 3.7500000000e+00 8.8371016773e-01 -1.0604522013e+00
   endloop
 endfacet
 facet normal  0.0000000000e+00 6.2911445675e-01 -7.7731267860e-01
   outer loop
     vertex 3.7500000000e+00 8.8371016773e-01 -1.0604522013e+00
     vertex 4.5000000000e+00 8.8371016773e-01 -1.0604522013e+00
     vertex 4.5000000000e+00 4.8636143870e-01 -1.3820445755e+00
   endloop
 endfacet
 facet normal  0.0000000000e+00 6.2911445675e-01 -7.7731267860e-01
   outer loop
     vertex 3.7500000000e+00 8.8371016773e-01 -1.0604522013e+00
     vertex 4.5000000000e+00 4.8636143870e-01 -1.3820445755e+00
     vertex 3.7500000000e+00 4.8636143870e-01 -1.3820445755e+00
   endloop
 endfacet
 facet normal  0.0000000000e+00 2.3569367195e-01 -9.7182739877e-01
   outer loop
     vertex 3.7500000000e+00 4.8636143870e-01 -1.3820445755e+00
     vertex 4.5000000000e+00 4.8636143870e-01 -1.3820445755e+00
     vertex 4.5000000000e+00 0.0000000000e+00 -1.5000000000e+00
   endloop
 endfacet
 facet normal  0.0000000000e+00 2.3569367195e-01 -9.7182739877e-01
   outer loop
     vertex 3.7500000000e+00 4.8636143870e-01 -1.3820445755e+00
     vertex 4.5000000000e+00 0.0000000000e+00 -1.5000000000e+00
     vertex 3.7500000000e+00 0.0000000000e+00 -1.5000000000e+00
   endloop
 endfacet
 facet normal  -0.0000000000e+00 -2.3569367195e-01 -9.7182739877e-01
   outer loop
     vertex 3.7500000000e+00 0.0000000000e+00 -1.5000000000e+00
     vertex 4.5000000000e+00 0.0000000000e+00 -1.5000000000e+00
     vertex 3.7500000000e+00 -4.8636143870e-01 -1.3820445755e+00
   endloop
 endfacet
 facet normal  -0.0000000000e+00 -2.3569367195e-01 -9.7182739877e-01
   outer loop
     vertex 4.5000000000e+00 0.0000000000e+00 -1.5000000000e+00
     vertex 4.5000000000e+00 -4.8636143870e-01 -1.3820445755e+00
     vertex 3.7500000000e+00 -4.8636143870e-01 -1.3820445755e+00
   endloop
 endfacet
 facet normal  -0.0000000000e+00 -6.2911445675e-01 -7.7731267860e-01
   outer loop
     vertex 3.7500000000e+00 -4.8636143870e-01 -1.3820445755e+00
     vertex 4.5000000000e+00 -4.8636143870e-01 -1.3820445755e+00
     vertex 3.7500000000e+00 -8.8371016773e-01 -1.0604522013e+00
   endloop
 endfacet
 facet normal  -0.0000000000e+00 -6.2911445675e-01 -7.7731267860e-01
   outer loop
     vertex 4.5000000000e+00 -4.8636143870e-01 -1.3820445755e+00
     vertex 4.5000000000e+00 -8.8371016773e-01 -1.0604522013e+00
     vertex 3.7500000000e+00 -8.8371016773e-01 -1.0604522013e+00
   endloop
 endfacet
 facet normal  -0.0000000000e+00 -8.7174481044e-01 -4.8996018764e-01
   outer loop
     vertex 3.7500000000e+00 -8.8371016773e-01 -1.0604522013e+00
     vertex 4.5000000000e+00 -8.8371016773e-01 -1.0604522013e+00
     vertex 3.7500000000e+00 -1.1517038129e+00 -5.8363372644e-01
   endloop
 endfacet
 facet normal  -0.0000000000e+00 -8.7174481044e-01 -4.8996018764e-01
   outer loop
     vertex 4.5000000000e+00 -8.8371016773e-01 -1.0604522013e+00
     vertex 4.5000000000e+00 -1.1517038129e+00 -5.8363372644e-01
     vertex 3.7500000000e+00 -1.1517038129e+00 -5.8363372644e-01
   endloop
 endfacet
 facet normal  -0.0000000000e+00 -9.8611194905e-01 -1.6608197960e-01
   outer loop
     vertex 3.7500000000e+00 -1.1517038129e+00 -5.8363372644e-01
     vertex 4.5000000000e+00 -1.1517038129e+00 -5.8363372644e-01
     vertex 3.7500000000e+00 -1.2500000000e+00 0.0000000000e+00
   endloop
 endfacet
 facet normal  -0.0000000000e+00 -9.8611194905e-01 -1.6608197960e-01
   outer loop
     vertex 4.5000000000e+00 -1.1517038129e+00 -5.8363372644e-01
     vertex 4.5000000000e+00 -1.2500000000e+00 0.0000000000e+00
     vertex 3.7500000000e+00 -1.2500000000e+00 0.0000000000e+00
   endloop
 endfacet
 facet normal  0.0000000000e+00 -9.8611194905e-01 1.6608197960e-01
   outer loop
     vertex 3.7500000000e+00 -1.2500000000e+00 0.0000000000e+00
     vertex 4.5000000000e+00 -1.2500000000e+00 0.0000000000e+00
     vertex 4.5000000000e+00 -1.1517038129e+00 5.8363372644e-01
   endloop
 endfacet
 facet normal  0.0000000000e+00 -9.8611194905e-01 1.6608197960e-01
   outer loop
     vertex 3.7500000000e+00 -1.2500000000e+00 0.0000000000e+00
     vertex 4.5000000000e+00 -1.1517038129e+00 5.8363372644e-01
     vertex 3.7500000000e+00 -1.1517038129e+00 5.8363372644e-01
   endloop
 endfacet
 facet normal  0.0000000000e+00 -8.7174481044e-01 4.8996018764e-01
   outer loop
     vertex 3.7500000000e+00 -1.1517038129e+00 5.8363372644e-01
     vertex 4.5000000000e+00 -1.1517038129e+00 5.8363372644e-01
     vertex 4.5000000000e+00 -8.8371016773e-01 1.0604522013e+00
   endloop
 endfacet
 facet normal  0.0000000000e+00 -8.7174481044e-01 4.8996018764e-01
   outer loop
     vertex 3.7500000000e+00 -1.1517038129e+00 5.8363372644e-01
     vertex 4.5000000000e+00 -8.8371016773e-01 1.0604522013e+00
     vertex 3.7500000000e+00 -8.8371016773e-01 1.0604522013e+00
   endloop
 endfacet
 facet normal  0.0000000000e+00 -6.2911445675e-01 7.7731267860e-01
   outer loop
     vertex 3.7500000000e+00 -8.8371016773e-01 1.0604522013e+00
     vertex 4.5000000000e+00 -8.8371016773e-01 1.0604522013e+00
     vertex 4.5000000000e+00 -4.8636143870e-01 1.3820445755e+00
   endloop
 endfacet
 facet normal  0.0000000000e+00 -6.2911445675e-01 7.7731267860e-01
   outer loop
     vertex 3.7500000000e+00 -8.8371016773e-01 1.0604522013e+00
     vertex 4.5000000000e+00 -4.8636143870e-01 1.3820445755e+00
     vertex 3.7500000000e+00 -4.8636143870e-01 1.3820445755e+00
   endloop
 endfacet
 facet normal  0.0000000000e+00 -2.3569367195e-01 9.7182739877e-01
   outer loop
     vertex 3.7500000000e+00 -4.8636143870e-01 1.3820445755e+00
     vertex 4.5000000000e+00 -4.8636143870e-01 1.3820445755e+00
     vertex 4.5000000000e+00 0.0000000000e+00 1.5000000000e+00
   endloop
 endfacet
 facet normal  0.0000000000e+00 -2.3569367195e-01 9.7182739877e-01
   outer loop
     vertex 3.7500000000e+00 -4.8636143870e-01 1.3820445755e+00
     vertex 4.5000000000e+00 0.0000000000e+00 1.5000000000e+00
     vertex 3.7500000000e+00 0.0000000000e+00 1.5000000000e+00
   endloop
 endfacet
 facet normal  0.0000000000e+00 2.3569367195e-01 9.7182739877e-01
   outer loop
     vertex 3.7500000000e+00 0.0000000000e+00 1.5000000000e+00
     vertex 4.5000000000e+00 0.0000000000e+00 1.5000000000e+00
     vertex 3.7500000000e+00 4.8636143870e-01 1.3820445755e+00
   endloop
 endfacet
 facet normal  0.0000000000e+00 2.3569367195e-01 9.7182739877e-01
   outer loop
     vertex 4.5000000000e+00 0.0000000000e+00 1.5000000000e+00
     vertex 4.5000000000e+00 4.8636143870e-01 1.3820445755e+00
     vertex 3.7500000000e+00 4.8636143870e-01 1.3820445755e+00
   endloop
 endfacet
 facet normal  0.0000000000e+00 6.2911445675e-01 7.7731267860e-01
   outer loop
     vertex 3.7500000000e+00 4.8636143870e-01 1.3820445755e+00
     vertex 4.5000000000e+00 4.8636143870e-01 1.3820445755e+00
     vertex 3.7500000000e+00 8.8371016773e-01 1.0604522013e+00
   endloop
 endfacet
 facet normal  0.0000000000e+00 6.2911445675e-01 7.7731267860e-01
   outer loop
     vertex 4.5000000000e+00 4.8636143870e-01 1.3820445755e+00
     vertex 4.5000000000e+00 8.8371016773e-01 1.0604522013e+00
     vertex 3.7500000000e+00 8.8371016773e-01 1.0604522013e+00
   endloop
 endfacet
 facet normal  0.0000000000e+00 8.7174481044e-01 4.8996018764e-01
   outer loop
     vertex 3.7500000000e+00 8.8371016773e-01 1.0604522013e+00
     vertex 4.5000000000e+00 8.8371016773e-01 1.0604522013e+00
     vertex 3.7500000000e+00 1.1517038129e+00 5.8363372644e-01
   endloop
 endfacet
 facet normal  0.0000000000e+00 8.7174481044e-01 4.8996018764e-01
   outer loop
     vertex 4.5000000000e+00 8.8371016773e-01 1.0604522013e+00
     vertex 4.5000000000e+00 1.1517038129e+00 5.8363372644e-01
     vertex 3.7500000000e+00 1.1517038129e+00 5.8363372644e-01
   endloop
 endfacet
 facet normal  0.0000000000e+00 9.8611194905e-01 1.6608197960e-01
   outer loop
     vertex 3.7500000000e+00 1.1517038129e+00 5.8363372644e-01
     vertex 4.5000000000e+00 1.1517038129e+00 5.8363372644e-01
     vertex 3.7500000000e+00 1.2500000000e+00 0.0000000000e+00
   endloop
 endfacet
 facet normal  0.0000000000e+00 9.8611194905e-01 1.6608197960e-01
   outer loop
     vertex 4.5000000000e+00 1.1517038129e+00 5.8363372644e-01
     vertex 4.5000000000e+00 1.2500000000e+00 0.0000000000e+00
     vertex 3.7500000000e+00 1.2500000000e+00 0.0000000000e+00
   endloop
 endfacet
 facet normal  0.0000000000e+00 9.8611194905e-01 -1.6608197960e-01
   outer loop
     vertex 4.5000000000e+00 1.2500000000e+00 0.0000000000e+00
     vertex 5.2500000000e+00 1.2500000000e+00 0.0000000000e+00
     vertex 5.2500000000e+00 1.1517038129e+00 -5.8363372644e-01
   endloop
 endfacet
 facet normal  0.0000000000e+00 9.8611194905e-01 -1.6608197960e-01
   outer loop
     vertex 4.5000000000e+00 1.2500000000e+00 0.0000000000e+00
     vertex 5.2500000000e+00 1.1517038129e+00 -5.8363372644e-01
     vertex 4.5000000000e+00 1.1517038129e+00 -5.8363372644e-01
   endloop
 endfacet
 facet normal  0.0000000000e+00 8.7174481044e-01 -4.8996018764e-01
   outer loop
     vertex 4.5000000000e+00 1.1517038129e+00 -5.8363372644e-01
     vertex 5.2500000000e+00 1.1517038129e+00 -5.8363372644e-01
     vertex 5.2500000000e+00 8.8371016773e-01 -1.0604522013e+00
   endloop
 endfacet
 facet normal  0.0000000000e+00 8.7174481044e-01 -4.8996018764e-01
   outer loop
     vertex 4.5000000000e+00 1.1517038129e+00 -5.8363372644e-01
     vertex 5.2500000000e+00 8.8371016773e-01 -1.0604522013e+00
     vertex 4.5000000000e+00 8.8371016773e-01 -1.0604522013e+00
   endloop
 endfacet
 facet normal  0.0000000000e+00 6.2911445675e-01 -7.7731267860e-01
   outer loop
     vertex 4.5000000000e+00 8.8371016773e-01 -1.0604522013e+00
     vertex 5.2500000000e+00 8.8371016773e-01 -1.0604522013e+00
     vertex 5.2500000000e+00 4.8636143870e-01 -1.3820445755e+00
   endloop
 endfacet
 facet normal  0.0000000000e+00 6.2911445675e-01 -7.7731267860e-01
   outer loop
     vertex 4.5000000000e+00 8.8371016773e-01 -1.0604522013e+00
     vertex 5.2500000000e+00 4.8636143870e-01 -1.3820445755e+00
     vertex 4.5000000000e+00 4.8636143870e-01 -1.3820445755e+00
   endloop
 endfacet
 facet normal  0.0000000000e+00 2.3569367195e-01 -9.7182739877e-01
   outer loop
     vertex 4.5000000000e+00 4.8636143870e-01 -1.3820445755e+00
     vertex 5.2500000000e+00 4.8636143870e-01 -1.3820445755e+00
     vertex 5.2500000000e+00 0.0000000000e+00 -1.5000000000e+00
   endloop
 endfacet
 facet normal  0.0000000000e+00 2.3569367195e-01 -9.7182739877e-01
   outer loop
     vertex 4.5000000000e+00 4.8636143870e-01 -1.3820445755e+00
     vertex 5.2500000000e+00 0.0000000000e+00 -1.5000000000e+00
     vertex 4.5000000000e+00 0.0000000000e+00 -1.5000000000e+00
   endloop
 endfacet
 facet normal  -0.0000000000e+00 -2.3569367195e-01 -9.7182739877e-01
   outer loop
     vertex 4.5000000000e+00 0.0000000000e+00 -1.5000000000e+00
     vertex 5.2500000000e+00 0.0000000000e+00 -1.5000000000e+00
     vertex 4.5000000000e+00 -4.8636143870e-01 -1.3820445755e+00
   endloop
 endfacet
 facet normal  -0.0000000000e+00 -2.3569367195e-01 -9.7182739877e-01
   outer loop
     vertex 5.2500000000e+00 0.0000000000e+00 -1.5000000000e+00
     vertex 5.2500000000e+00 -4.8636143870e-01 -1.3820445755e+00
     vertex 4.5000000000e+00 -4.8636143870e-01 -1.3820445755e+00
   endloop
 endfacet
 facet normal  -0.0000000000e+00 -6.2911445675e-01 -7.7731267860e-01
   outer loop
     vertex 4.5000000000e+00 -4.8636143870e-01 -1.3820445755e+00
     vertex 5.2500000000e+00 -4.8636143870e-01 -1.3820445755e+00
     vertex 4.5000000000e+00 -8.8371016773e-01 -1.0604522013e+00
   endloop
 endfacet
 facet normal  9.3127647335e-17 -6.2911445675e-01 -7.7731267860e-01
   outer loop
     vertex 5.2500000000e+00 -4.8636143870e-01 -1.3820445755e+00
     vertex 5.2500000000e+00 -8.8371016773e-01 -1.0604522013e+00
     vertex 4.5000000000e+00 -8.8371016773e-01 -1.0604522013e+00
   endloop
 endfacet
 facet normal  1.2904415469e-16 -8.7174481044e-01 -4.8996018764e-01
   outer loop
     vertex 4.5000000000e+00 -8.8371016773e-01 -1.0604522013e+00
     vertex 5.2500000000e+00 -8.8371016773e-01 -1.0604522013e+00
     vertex 4.5000000000e+00 -1.1517038129e+00 -5.8363372644e-01
   endloop
 endfacet
 facet normal  -0.0000000000e+00 -8.7174481044e-01 -4.8996018764e-01
   outer loop
     vertex 5.2500000000e+00 -8.8371016773e-01 -1.0604522013e+00
     vertex 5.2500000000e+00 -1.1517038129e+00 -5.8363372644e-01
     vertex 4.5000000000e+00 -1.1517038129e+00 -5.8363372644e-01
   endloop
 endfacet
 facet normal  -0.0000000000e+00 -9.8611194905e-01 -1.6608197960e-01
   outer loop
     vertex 4.5000000000e+00 -1.1517038129e+00 -5.8363372644e-01
     vertex 5.2500000000e+00 -1.1517038129e+00 -5.8363372644e-01
     vertex 4.5000000000e+00 -1.2500000000e+00 0.0000000000e+00
   endloop
 endfacet
 facet normal  -0.0000000000e+00 -9.8611194905e-01 -1.6608197960e-01
   outer loop
     vertex 5.2500000000e+00 -1.1517038129e+00 -5.8363372644e-01
     vertex 5.2500000000e+00 -1.2500000000e+00 0.0000000000e+00
     vertex 4.5000000000e+00 -1.2500000000e+00 0.0000000000e+00
   endloop
 endfacet
 facet normal  0.0000000000e+00 -9.8611194905e-01 1.6608197960e-01
   outer loop
     vertex 4.5000000000e+00 -1.2500000000e+00 0.0000000000e+00
     vertex 5.2500000000e+00 -1.2500000000e+00 0.0000000000e+00
     vertex 5.2500000000e+00 -1.1517038129e+00 5.8363372644e-01
   endloop
 endfacet
 facet normal  0.0000000000e+00 -9.8611194905e-01 1.6608197960e-01
   outer loop
     vertex 4.5000000000e+00 -1.2500000000e+00 0.0000000000e+00
     vertex 5.2500000000e+00 -1.1517038129e+00 5.8363372644e-01
     vertex 4.5000000000e+00 -1.1517038129e+00 5.8363372644e-01
   endloop
 endfacet
 facet normal  0.0000000000e+00 -8.7174481044e-01 4.8996018764e-01
   outer loop
     vertex 4.5000000000e+00 -1.1517038129e+00 5.8363372644e-01
     vertex 5.2500000000e+00 -1.1517038129e+00 5.8363372644e-01
     vertex 5.2500000000e+00 -8.8371016773e-01 1.0604522013e+00
   endloop
 endfacet
 facet normal  1.2904415469e-16 -8.7174481044e-01 4.8996018764e-01
   outer loop
     vertex 4.5000000000e+00 -1.1517038129e+00 5.8363372644e-01
     vertex 5.2500000000e+00 -8.8371016773e-01 1.0604522013e+00
     vertex 4.5000000000e+00 -8.8371016773e-01 1.0604522013e+00
   endloop
 endfacet
 facet normal  9.3127647335e-17 -6.2911445675e-01 7.7731267860e-01
   outer loop
     vertex 4.5000000000e+00 -8.8371016773e-01 1.0604522013e+00
     vertex 5.2500000000e+00 -8.8371016773e-01 1.0604522013e+00
     vertex 5.2500000000e+00 -4.8636143870e-01 1.3820445755e+00
   endloop
 endfacet
 facet normal  0.0000000000e+00 -6.2911445675e-01 7.7731267860e-01
   outer loop
     vertex 4.5000000000e+00 -8.8371016773e-01 1.0604522013e+00
     vertex 5.2500000000e+00 -4.8636143870e-01 1.3820445755e+00
     vertex 4.5000000000e+00 -4.8636143870e-01 1.3820445755e+00
   endloop
 endfacet
 facet normal  0.0000000000e+00 -2.3569367195e-01 9.7182739877e-01
   outer loop
     vertex 4.5000000000e+00 -4.8636143870e-01 1.3820445755e+00
     vertex 5.2500000000e+00 -4.8636143870e-01 1.3820445755e+00
     vertex 5.2500000000e+00 0.0000000000e+00 1.5000000000e+00
   endloop
 endfacet
 facet normal  0.0000000000e+00 -2.3569367195e-01 9.7182739877e-01
   outer loop
     vertex 4.5000000000e+00 -4.8636143870e-01 1.3820445755e+00
     vertex 5.2500000000e+00 0.0000000000e+00 1.5000000000e+00
     vertex 4.5000000000e+00 0.0000000000e+00 1.5000000000e+00
   endloop
 endfacet
 facet normal  0.0000000000e+00 2.3569367195e-01 9.7182739877e-01
   outer loop
     vertex 4.5000000000e+00 0.0000000000e+00 1.5000000000e+00
     vertex 5.2500000000e+00 0.0000000000e+00 1.5000000000e+00
     vertex 4.5000000000e+00 4.8636143870e-01 1.3820445755e+00
   endloop
 endfacet
 facet normal  0.0000000000e+00 2.3569367195e-01 9.7182739877e-01
   outer loop
     vertex 5.2500000000e+00 0.0000000000e+00 1.5000000000e+00
     vertex 5.2500000000e+00 4.8636143870e-01 1.3820445755e+00
     vertex 4.5000000000e+00 4.8636143870e-01 1.3820445755e+00
   endloop
 endfacet
 facet normal  0.0000000000e+00 6.2911445675e-01 7.7731267860e-01
   outer loop
     vertex 4.5000000000e+00 4.8636143870e-01 1.3820445755e+00
     vertex 5.2500000000e+00 4.8636143870e-01 1.3820445755e+00
     vertex 4.5000000000e+00 8.8371016773e-01 1.0604522013e+00
   endloop
 endfacet
 facet normal  0.0000000000e+00 6.2911445675e-01 7.7731267860e-01
   outer loop
     vertex 5.2500000000e+00 4.8636143870e-01 1.3820445755e+00
     vertex 5.2500000000e+00 8.8371016773e-01 1.0604522013e+00
     vertex 4.5000000000e+00 8.8371016773e-01 1.0604522013e+00
   endloop
 endfacet
 facet normal  0.0000000000e+00 8.7174481044e-01 4.8996018764e-01
   outer loop
     vertex 4.5000000000e+00 8.8371016773e-01 1.0604522013e+00
     vertex 5.2500000000e+00 8.8371016773e-01 1.0604522013e+00
     vertex 4.5000000000e+00 1.1517038129e+00 5.8363372644e-01
   endloop
 endfacet
 facet normal  0.0000000000e+00 8.7174481044e-01 4.8996018764e-01
   outer loop
     vertex 5.2500000000e+00 8.8371016773e-01 1.0604522013e+00
     vertex 5.2500000000e+00 1.1517038129e+00 5.8363372644e-01
     vertex 4.5000000000e+00 1.1517038129e+00 5.8363372644e-01
   endloop
 endfacet
 facet normal  0.0000000000e+00 9.8611194905e-01 1.6608197960e-01
   outer loop
     vertex 4.5000000000e+00 1.1517038129e+00 5.8363372644e-01
     vertex 5.2500000000e+00 1.1517038129e+00 5.8363372644e-01
     vertex 4.5000000000e+00 1.2500000000e+00 0.0000000000e+00
   endloop
 endfacet
 facet normal  0.0000000000e+00 9.8611194905e-01 1.6608197960e-01
   outer loop
     vertex 5.2500000000e+00 1.1517038129e+00 5.8363372644e-01
     vertex 5.2500000000e+00 1.2500000000e+00 0.0000000000e+00
     vertex 4.5000000000e+00 1.2500000000e+00 0.0000000000e+00
   endloop
 endfacet
 facet normal  0.0000000000e+00 9.8611194905e-01 -1.6608197960e-01
   outer loop
     vertex 5.2500000000e+00 1.2500000000e+00 0.0000000000e+00
     vertex 6.0000000000e+00 1.2500000000e+00 0.0000000000e+00
     vertex 6.0000000000e+00 1.1517038129e+00 -5.8363372644e-01
   endloop
 endfacet
 facet normal  0.0000000000e+00 9.8611194905e-01 -1.6608197960e-01
   outer loop
     vertex 5.2500000000e+00 1.2500000000e+00 0.0000000000e+00
     vertex 6.0000000000e+00 1.1517038129e+00 -5.8363372644e-01
     vertex 5.2500000000e+00 1.1517038129e+00 -5.8363372644e-01
   endloop
 endfacet
 facet normal  0.0000000000e+00 8.7174481044e-01 -4.8996018764e-01
   outer loop
     vertex 5.2500000000e+00 1.1517038129e+00 -5.8363372644e-01
     vertex 6.0000000000e+00 1.1517038129e+00 -5.8363372644e-01
     vertex 6.0000000000e+00 8.8371016773e-01 -1.0604522013e+00
   endloop
 endfacet
 facet normal  0.0000000000e+00 8.7174481044e-01 -4.8996018764e-01
   outer loop
     vertex 5.2500000000e+00 1.1517038129e+00 -5.8363372644e-01
     vertex 6.0000000000e+00 8.8371016773e-01 -1.0604522013e+00
     vertex 5.2500000000e+00 8.8371016773e-01 -1.0604522013e+00
   endloop
 endfacet
 facet normal  0.0000000000e+00 6.2911445675e-01 -7.7731267860e-01
   outer loop
     vertex 5.2500000000e+00 8.8371016773e-01 -1.0604522013e+00
     vertex 6.0000000000e+00 8.8371016773e-01 -1.0604522013e+00
     vertex 6.0000000000e+00 4.8636143870e-01 -1.3820445755e+00
   endloop
 endfacet
 facet normal  0.0000000000e+00 6.2911445675e-01 -7.7731267860e-01
   outer loop
     vertex 5.2500000000e+00 8.8371016773e-01 -1.0604522013e+00
     vertex 6.0000000000e+00 4.8636143870e-01 -1.3820445755e+00
     vertex 5.2500000000e+00 4.8636143870e-01 -1.3820445755e+00
   endloop
 endfacet
 facet normal  0.0000000000e+00 2.3569367195e-01 -9.7182739877e-01
   outer loop
     vertex 5.2500000000e+00 4.8636143870e-01 -1.3820445755e+00
     vertex 6.0000000000e+00 4.8636143870e-01 -1.3820445755e+00
     vertex 6.0000000000e+00 0.0000000000e+00 -1.5000000000e+00
   endloop
 endfacet
 facet normal  0.0000000000e+00 2.3569367195e-01 -9.7182739877e-01
   outer loop
     vertex 5.2500000000e+00 4.8636143870e-01 -1.3820445755e+00
     vertex 6.0000000000e+00 0.0000000000e+00 -1.5000000000e+00
     vertex 5.2500000000e+00 0.0000000000e+00 -1.5000000000e+00
   endloop
 endfacet
 facet normal  -0.0000000000e+00 -2.3569367195e-01 -9.7182739877e-01
   outer loop
     vertex 5.2500000000e+00 0.0000000000e+00 -1.5000000000e+00
     vertex 6.0000000000e+00 0.0000000000e+00 -1.5000000000e+00
     vertex 5.2500000000e+00 -4.8636143870e-01 -1.3820445755e+00
   endloop
 endfacet
 facet normal  -0.0000000000e+00 -2.3569367195e-01 -9.7182739877e-01
   outer loop
     vertex 6.0000000000e+00 0.0000000000e+00 -1.5000000000e+00
     vertex 6.0000000000e+00 -4.8636143870e-01 -1.3820445755e+00
     vertex 5.2500000000e+00 -4.8636143870e-01 -1.3820445755e+00
   endloop
 endfacet
 facet normal  -0.0000000000e+00 -6.2911445675e-01 -7.7731267860e-01
   outer loop
     vertex 5.2500000000e+00 -4.8636143870e-01 -1.3820445755e+00
     vertex 6.0000000000e+00 -4.8636143870e-01 -1.3820445755e+00
     vertex 5.2500000000e+00 -8.8371016773e-01 -1.0604522013e+00
   endloop
 endfacet
 facet normal  -0.0000000000e+00 -6.2911445675e-01 -7.7731267860e-01
   outer loop
     vertex 6.0000000000e+00 -4.8636143870e-01 -1.3820445755e+00
     vertex 6.0000000000e+00 -8.8371016773e-01 -1.0604522013e+00
     vertex 5.2500000000e+00 -8.8371016773e-01 -1.0604522013e+00
   endloop
 endfacet
 facet normal  -0.0000000000e+00 -8.7174481044e-01 -4.8996018764e-01
   outer loop
     vertex 5.2500000000e+00 -8.8371016773e-01 -1.0604522013e+00
     vertex 6.0000000000e+00 -8.8371016773e-01 -1.0604522013e+00
     vertex 5.2500000000e+00 -1.1517038129e+00 -5.8363372644e-01
   endloop
 endfacet
 facet normal  -0.0000000000e+00 -8.7174481044e-01 -4.8996018764e-01
   outer loop
     vertex 6.0000000000e+00 -8.8371016773e-01 -1.0604522013e+00
     vertex 6.0000000000e+00 -1.1517038129e+00 -5.8363372644e-01
     vertex 5.2500000000e+00 -1.1517038129e+00 -5.8363372644e-01
   endloop
 endfacet
 facet normal  -0.0000000000e+00 -9.8611194905e-01 -1.6608197960e-01
   outer loop
     vertex 5.2500000000e+00 -1.1517038129e+00 -5.8363372644e-01
     vertex 6.0000000000e+00 -1.1517038129e+00 -5.8363372644e-01
     vertex 5.2500000000e+00 -1.2500000000e+00 0.0000000000e+00
   endloop
 endfacet
 facet normal  -0.0000000000e+00 -9.8611194905e-01 -1.6608197960e-01
   outer loop
     vertex 6.0000000000e+00 -1.1517038129e+00 -5.8363372644e-01
     vertex 6.0000000000e+00 -1.2500000000e+00 0.0000000000e+00
     vertex 5.2500000000e+00 -1.2500000000e+00 0.0000000000e+00
   endloop
 endfacet
 facet normal  0.0000000000e+00 -9.8611194905e-01 1.6608197960e-01
   outer loop
     vertex 5.2500000000e+00 -1.2500000000e+00 0.0000000000e+00
     vertex 6.0000000000e+00 -1.2500000000e+00 0.0000000000e+00
     vertex 6.0000000000e+00 -1.1517038129e+00 5.8363372644e-01
   endloop
 endfacet
 facet normal  0.0000000000e+00 -9.8611194905e-01 1.6608197960e-01
   outer loop
     vertex 5.2500000000e+00 -1.2500000000e+00 0.0000000000e+00
     vertex 6.0000000000e+00 -1.1517038129e+00 5.8363372644e-01
     vertex 5.2500000000e+00 -1.1517038129e+00 5.8363372644e-01
   endloop
 endfacet
 facet normal  0.0000000000e+00 -8.7174481044e-01 4.8996018764e-01
   outer loop
     vertex 5.2500000000e+00 -1.1517038129e+00 5.8363372644e-01
     vertex 6.0000000000e+00 -1.1517038129e+00 5.8363372644e-01
     vertex 6.0000000000e+00 -8.8371016773e-01 1.0604522013e+00
   endloop
 endfacet
 facet normal  0.0000000000e+00 -8.7174481044e-01 4.8996018764e-01
   outer loop
     vertex 5.2500000000e+00 -1.1517038129e+00 5.8363372644e-01
     vertex 6.0000000000e+00 -8.8371016773e-01 1.0604522013e+00
     vertex 5.2500000000e+00 -8.8371016773e-01 1.0604522013e+00
   endloop
 endfacet
 facet normal  0.0000000000e+00 -6.2911445675e-01 7.7731267860e-01
   outer loop
     vertex 5.2500000000e+00 -8.8371016773e-01 1.0604522013e+00
     vertex 6.0000000000e+00 -8.8371016773e-01 1.0604522013e+00
     vertex 6.0000000000e+00 -4.8636143870e-01 1.3820445755e+00
   endloop
 endfacet
 facet normal  0.0000000000e+00 -6.2911445675e-01 7.7731267860e-01
   outer loop
     vertex 5.2500000000e+00 -8.8371016773e-01 1.0604522013e+00
     vertex 6.0000000000e+00 -4.8636143870e-01 1.3820445755e+00
     vertex 5.2500000000e+00 -4.8636143870e-01 1.3820445755e+00
   endloop
 endfacet
 facet normal  0.0000000000e+00 -2.3569367195e-01 9.7182739877e-01
   outer loop
     vertex 5.2500000000e+00 -4.8636143870e-01 1.3820445755e+00
     vertex 6.0000000000e+00 -4.8636143870e-01 1.3820445755e+00
     vertex 6.0000000000e+00 0.0000000000e+00 1.5000000000e+00
   endloop
 endfacet
 facet normal  0.0000000000e+00 -2.3569367195e-01 9.7182739877e-01
   outer loop
     vertex 5.2500000000e+00 -4.8636143870e-01 1.3820445755e+00
     vertex 6.0000000000e+00 0.0000000000e+00 1.5000000000e+00
     vertex 5.2500000000e+00 0.0000000000e+00 1.5000000000e+00
   endloop
 endfacet
 facet normal  0.0000000000e+00 2.3569367195e-01 9.7182739877e-01
   outer loop
     vertex 5.2500000000e+00 0.0000000000e+00 1.5000000000e+00
     vertex 6.0000000000e+00 0.0000000000e+00 1.5000000000e+00
     vertex 5.2500000000e+00 4.8636143870e-01 1.3820445755e+00
   endloop
 endfacet
 facet normal  0.0000000000e+00 2.3569367195e-01 9.7182739877e-01
   outer loop
     vertex 6.0000000000e+00 0.0000000000e+00 1.5000000000e+00
     vertex 6.0000000000e+00 4.8636143870e-01 1.3820445755e+00
     vertex 5.2500000000e+00 4.8636143870e-01 1.3820445755e+00
   endloop
 endfacet
 facet normal  0.0000000000e+00 6.2911445675e-01 7.7731267860e-01
   outer loop
     vertex 5.2500000000e+00 4.8636143870e-01 1.3820445755e+00
     vertex 6.0000000000e+00 4.8636143870e-01 1.3820445755e+00
     vertex 5.2500000000e+00 8.8371016773e-01 1.0604522013e+00
   endloop
 endfacet
 facet normal  0.0000000000e+00 6.2911445675e-01 7.7731267860e-01
   outer loop
     vertex 6.0000000000e+00 4.8636143870e-01 1.3820445755e+00
     vertex 6.0000000000e+00 8.8371016773e-01 1.0604522013e+00
     vertex 5.2500000000e+00 8.8371016773e-01 1.0604522013e+00
   endloop
 endfacet
 facet normal  0.0000000000e+00 8.7174481044e-01 4.8996018764e-01
   outer loop
     vertex 5.2500000000e+00 8.8371016773e-01 1.0604522013e+00
     vertex 6.0000000000e+00 8.8371016773e-01 1.0604522013e+00
     vertex 5.2500000000e+00 1.1517038129e+00 5.8363372644e-01
   endloop
 endfacet
 facet normal  0.0000000000e+00 8.7174481044e-01 4.8996018764e-01
   outer loop
     vertex 6.0000000000e+00 8.8371016773e-01 1.0604522013e+00
     vertex 6.0000000000e+00 1.1517038129e+00 5.8363372644e-01
     vertex 5.2500000000e+00 1.1517038129e+00 5.8363372644e-01
   endloop
 endfacet
 facet normal  0.0000000000e+00 9.8611194905e-01 1.6608197960e-01
   outer loop
     vertex 5.2500000000e+00 1.1517038129e+00 5.8363372644e-01
     vertex 6.0000000000e+00 1.1517038129e+00 5.8363372644e-01
     vertex 5.2500000000e+00 1.2500000000e+00 0.0000000000e+00
   endloop
 endfacet
 facet normal  0.0000000000e+00 9.8611194905e-01 1.6608197960e-01
   outer loop
     vertex 6.0000000000e+00 1.1517038129e+00 5.8363372644e-01
     vertex 6.0000000000e+00 1.2500000000e+00 0.0000000000e+00
     vertex 5.2500000000e+00 1.2500000000e+00 0.0000000000e+00
   endloop
 endfacet
 facet normal  0.0000000000e+00 9.8611194905e-01 -1.6608197960e-01
   outer loop
     vertex 6.0000000000e+00 1.2500000000e+00 0.0000000000e+00
     vertex 6.7500000000e+00 1.2500000000e+00 0.0000000000e+00
     vertex 6.7500000000e+00 1.1517038129e+00 -5.8363372644e-01
   endloop
 endfacet
 facet normal  0.0000000000e+00 9.8611194905e-01 -1.6608197960e-01
   outer loop
     vertex 6.0000000000e+00 1.2500000000e+00 0.0000000000e+00
     vertex 6.7500000000e+00 1.1517038129e+00 -5.8363372644e-01
     vertex 6.0000000000e+00 1.1517038129e+00 -5.8363372644e-01
   endloop
 endfacet
 facet normal  0.0000000000e+00 8.7174481044e-01 -4.8996018764e-01
   outer loop
     vertex 6.0000000000e+00 1.1517038129e+00 -5.8363372644e-01
     vertex 6.7500000000e+00 1.1517038129e+00 -5.8363372644e-01
     vertex 6.7500000000e+00 8.8371016773e-01 -1.0604522013e+00
   endloop
 endfacet
 facet normal  0.0000000000e+00 8.7174481044e-01 -4.8996018764e-01
   outer loop
     vertex 6.0000000000e+00 1.1517038129e+00 -5.8363372644e-01
     vertex 6.7500000000e+00 8.8371016773e-01 -1.0604522013e+00
     vertex 6.0000000000e+00 8.8371016773e-01 -1.0604522013e+00
   endloop
 endfacet
 facet normal  0.0000000000e+00 6.2911445675e-01 -7.7731267860e-01
   outer loop
     vertex 6.0000000000e+00 8.8371016773e-01 -1.0604522013e+00
     vertex 6.7500000000e+00 8.8371016773e-01 -1.0604522013e+00
     vertex 6.7500000000e+00 4.8636143870e-01 -1.3820445755e+00
   endloop
 endfacet
 facet normal  0.0000000000e+00 6.2911445675e-01 -7.7731267860e-01
   outer loop
     vertex 6.0000000000e+00 8.8371016773e-01 -1.0604522013e+00
     vertex 6.7500000000e+00 4.8636143870e-01 -1.3820445755e+00
     vertex 6.0000000000e+00 4.8636143870e-01 -1.3820445755e+00
   endloop
 endfacet
 facet normal  0.0000000000e+00 2.3569367195e-01 -9.7182739877e-01
   outer loop
     vertex 6.0000000000e+00 4.8636143870e-01 -1.3820445755e+00
     vertex 6.7500000000e+00 4.8636143870e-01 -1.3820445755e+00
     vertex 6.7500000000e+00 0.0000000000e+00 -1.5000000000e+00
   endloop
 endfacet
 facet normal  0.0000000000e+00 2.3569367195e-01 -9.7182739877e-01
   outer loop
     vertex 6.0000000000e+00 4.8636143870e-01 -1.3820445755e+00
     vertex 6.7500000000e+00 0.0000000000e+00 -1.5000000000e+00
     vertex 6.0000000000e+00 0.0000000000e+00 -1.5000000000e+00
   endloop
 endfacet
 facet normal  -0.0000000000e+00 -2.3569367195e-01 -9.7182739877e-01
   outer loop
     vertex 6.0000000000e+00 0.0000000000e+00 -1.5000000000e+00
     vertex 6.7500000000e+00 0.0000000000e+00 -1.5000000000e+00
     vertex 6.0000000000e+00 -4.8636143870e-01 -1.3820445755e+00
   endloop
 endfacet
 facet normal  -0.0000000000e+00 -2.3569367195e-01 -9.7182739877e-01
   outer loop
     vertex 6.7500000000e+00 0.0000000000e+00 -1.5000000000e+00
     vertex 6.7500000000e+00 -4.8636143870e-01 -1.3820445755e+00
     vertex 6.0000000000e+00 -4.8636143870e-01 -1.3820445755e+00
   endloop
 endfacet
 facet normal  -0.0000000000e+00 -6.2911445675e-01 -7.7731267860e-01
   outer loop
     vertex 6.0000000000e+00 -4.8636143870e-01 -1.3820445755e+00
     vertex 6.7500000000e+00 -4.8636143870e-01 -1.3820445755e+00
     vertex 6.0000000000e+00 -8.8371016773e-01 -1.0604522013e+00
   endloop
 endfacet
 facet normal  -9.3127647335e-17 -6.2911445675e-01 -7.7731267860e-01
   outer loop
     vertex 6.7500000000e+00 -4.8636143870e-01 -1.3820445755e+00
     vertex 6.7500000000e+00 -8.8371016773e-01 -1.0604522013e+00
     vertex 6.0000000000e+00 -8.8371016773e-01 -1.0604522013e+00
   endloop
 endfacet
 facet normal  -1.2904415469e-16 -8.7174481044e-01 -4.8996018764e-01
   outer loop
     vertex 6.0000000000e+00 -8.8371016773e-01 -1.0604522013e+00
     vertex 6.7500000000e+00 -8.8371016773e-01 -1.0604522013e+00
     vertex 6.0000000000e+00 -1.1517038129e+00 -5.8363372644e-01
   endloop
 endfacet
 facet normal  -0.0000000000e+00 -8.7174481044e-01 -4.8996018764e-01
   outer loop
     vertex 6.7500000000e+00 -8.8371016773e-01 -1.0604522013e+00
     vertex 6.7500000000e+00 -1.1517038129e+00 -5.8363372644e-01
     vertex 6.0000000000e+00 -1.1517038129e+00 -5.8363372644e-01
   endloop
 endfacet
 facet normal  -0.0000000000e+00 -9.8611194905e-01 -1.6608197960e-01
   outer loop
     vertex 6.0000000000e+00 -1.1517038129e+00 -5.8363372644e-01
     vertex 6.7500000000e+00 -1.1517038129e+00 -5.8363372644e-01
     vertex 6.0000000000e+00 -1.2500000000e+00 0.0000000000e+00
   endloop
 endfacet
 facet normal  -0.0000000000e+00 -9.8611194905e-01 -1.6608197960e-01
   outer loop
     vertex 6.7500000000e+00 -1.1517038129e+00 -5.8363372644e-01
     vertex 6.7500000000e+00 -1.2500000000e+00 0.0000000000e+00
     vertex 6.0000000000e+00 -1.2500000000e+00 0.0000000000e+00
   endloop
 endfacet
 facet normal  0.0000000000e+00 -9.8611194905e-01 1.6608197960e-01
   outer loop
     vertex 6.0000000000e+00 -1.2500000000e+00 0.0000000000e+00
     vertex 6.7500000000e+00 -1.2500000000e+00 0.0000000000e+00
     vertex 6.7500000000e+00 -1.1517038129e+00 5.8363372644e-01
   endloop
 endfacet
 facet normal  0.0000000000e+00 -9.8611194905e-01 1.6608197960e-01
   outer loop
     vertex 6.0000000000e+00 -1.2500000000e+00 0.0000000000e+00
     vertex 6.7500000000e+00 -1.1517038129e+00 5.8363372644e-01
     vertex 6.0000000000e+00 -1.1517038129e+00 5.8363372644e-01
   endloop
 endfacet
 facet normal  0.0000000000e+00 -8.7174481044e-01 4.8996018764e-01
   outer loop
     vertex 6.0000000000e+00 -1.1517038129e+00 5.8363372644e-01
     vertex 6.7500000000e+00 -1.1517038129e+00 5.8363372644e-01
     vertex 6.7500000000e+00 -8.8371016773e-01 1.0604522013e+00
   endloop
 endfacet
 facet normal  -1.2904415469e-16 -8.7174481044e-01 4.8996018764e-01
   outer loop
     vertex 6.0000000000e+00 -1.1517038129e+00 5.8363372644e-01
     vertex 6.7500000000e+00 -8.8371016773e-01 1.0604522013e+00
     vertex 6.0000000000e+00 -8.8371016773e-01 1.0604522013e+00
   endloop
 endfacet
 facet normal  -9.3127647335e-17 -6.2911445675e-01 7.7731267860e-01
   outer loop
     vertex 6.0000000000e+00 -8.8371016773e-01 1.0604522013e+00
     vertex 6.7500000000e+00 -8.8371016773e-01 1.0604522013e+00
     vertex 6.7500000000e+00 -4.8636143870e-01 1.3820445755e+00
   endloop
 endfacet
 facet normal  0.0000000000e+00 -6.2911445675e-01 7.7731267860e-01
   outer loop
     vertex 6.0000000000e+00 -8.8371016773e-01 1.0604522013e+00
     vertex 6.7500000000e+00 -4.8636143870e-01 1.3820445755e+00
     vertex 6.0000000000e+00 -4.8636143870e-01 1.3820445755e+00
   endloop
 endfacet
 facet normal  0.0000000000e+00 -2.3569367195e-01 9.7182739877e-01
   outer loop
     vertex 6.0000000000e+00 -4.8636143870e-01 1.3820445755e+00
     vertex 6.7500000000e+00 -4.8636143870e-01 1.3820445755e+00
     vertex 6.7500000000e+00 0.0000000000e+00 1.5000000000e+00
   endloop
 endfacet
 facet normal  0.0000000000e+00 -2.3569367195e-01 9.7182739877e-01
   outer loop
     vertex 6.0000000000e+00 -4.8636143870e-01 1.3820445755e+00
     vertex 6.7500000000e+00 0.0000000000e+00 1.5000000000e+00
     vertex 6.0000000000e+00 0.0000000000e+00 1.5000000000e+00
   endloop
 endfacet
 facet normal  0.0000000000e+00 2.3569367195e-01 9.7182739877e-01
   outer loop
     vertex 6.0000000000e+00 0.0000000000e+00 1.5000000000e+00
     vertex 6.7500000000e+00 0.0000000000e+00 1.5000000000e+00
     vertex 6.0000000000e+00 4.8636143870e-01 1.3820445755e+00
   endloop
 endfacet
 facet normal  0.0000000000e+00 2.3569367195e-01 9.7182739877e-01
   outer loop
     vertex 6.7500000000e+00 0.0000000000e+00 1.5000000000e+00
     vertex 6.7500000000e+00 4.8636143870e-01 1.3820445755e+00
     vertex 6.0000000000e+00 4.8636143870e-01 1.3820445755e+00
   endloop
 endfacet
 facet normal  0.0000000000e+00 6.2911445675e-01 7.7731267860e-01
   outer loop
     vertex 6.0000000000e+00 4.8636143870e-01 1.3820445755e+00
     vertex 6.7500000000e+00 4.8636143870e-01 1.3820445755e+00
     vertex 6.0000000000e+00 8.8371016773e-01 1.0604522013e+00
   endloop
 endfacet
 facet normal  0.0000000000e+00 6.2911445675e-01 7.7731267860e-01
   outer loop
     vertex 6.7500000000e+00 4.8636143870e-01 1.3820445755e+00
     vertex 6.7500000000e+00 8.8371016773e-01 1.0604522013e+00
     vertex 6.0000000000e+00 8.8371016773e-01 1.0604522013e+00
   endloop
 endfacet
 facet normal  0.0000000000e+00 8.7174481044e-01 4.8996018764e-01
   outer loop
     vertex 6.0000000000e+00 8.8371016773e-01 1.0604522013e+00
     vertex 6.7500000000e+00 8.8371016773e-01 1.0604522013e+00
     vertex 6.0000000000e+00 1.1517038129e+00 5.8363372644e-01
   endloop
 endfacet
 facet normal  0.0000000000e+00 8.7174481044e-01 4.8996018764e-01
   outer loop
     vertex 6.7500000000e+00 8.8371016773e-01 1.0604522013e+00
     vertex 6.7500000000e+00 1.1517038129e+00 5.8363372644e-01
     vertex 6.0000000000e+00 1.1517038129e+00 5.8363372644e-01
   endloop
 endfacet
 facet normal  0.0000000000e+00 9.8611194905e-01 1.6608197960e-01
   outer loop
     vertex 6.0000000000e+00 1.1517038129e+00 5.8363372644e-01
     vertex 6.7500000000e+00 1.1517038129e+00 5.8363372644e-01
     vertex 6.0000000000e+00 1.2500000000e+00 0.0000000000e+00
   endloop
 endfacet
 facet normal  0.0000000000e+00 9.8611194905e-01 1.6608197960e-01
   outer loop
     vertex 6.7500000000e+00 1.1517038129e+00 5.8363372644e-01
     vertex 6.7500000000e+00 1.2500000000e+00 0.0000000000e+00
     vertex 6.0000000000e+00 1.2500000000e+00 0.0000000000e+00
   endloop
 endfacet
 facet normal  0.0000000000e+00 9.8611194905e-01 -1.6608197960e-01
   outer loop
     vertex 6.7500000000e+00 1.2500000000e+00 0.0000000000e+00
     vertex 7.5000000000e+00 1.2500000000e+00 0.0000000000e+00
     vertex 7.5000000000e+00 1.1517038129e+00 -5.8363372644e-01
   endloop
 endfacet
 facet normal  0.0000000000e+00 9.8611194905e-01 -1.6608197960e-01
   outer loop
     vertex 6.7500000000e+00 1.2500000000e+00 0.0000000000e+00
     vertex 7.5000000000e+00 1.1517038129e+00 -5.8363372644e-01
     vertex 6.7500000000e+00 1.1517038129e+00 -5.8363372644e-01
   endloop
 endfacet
 facet normal  0.0000000000e+00 8.7174481044e-01 -4.8996018764e-01
   outer loop
     vertex 6.7500000000e+00 1.1517038129e+00 -5.8363372644e-01
     vertex 7.5000000000e+00 1.1517038129e+00 -5.8363372644e-01
     vertex 7.5000000000e+00 8.8371016773e-01 -1.0604522013e+00
   endloop
 endfacet
 facet normal  0.0000000000e+00 8.7174481044e-01 -4.8996018764e-01
   outer loop
     vertex 6.7500000000e+00 1.1517038129e+00 -5.8363372644e-01
     vertex 7.5000000000e+00 8.8371016773e-01 -1.0604522013e+00
     vertex 6.7500000000e+00 8.8371016773e-01 -1.0604522013e+00
   endloop
 endfacet
 facet normal  0.0000000000e+00 6.2911445675e-01 -7.7731267860e-01
   outer loop
     vertex 6.7500000000e+00 8.8371016773e-01 -1.0604522013e+00
     vertex 7.5000000000e+00 8.8371016773e-01 -1.0604522013e+00
     vertex 7.5000000000e+00 4.8636143870e-01 -1.3820445755e+00
   endloop
 endfacet
 facet normal  0.0000000000e+00 6.2911445675e-01 -7.7731267860e-01
   outer loop
     vertex 6.7500000000e+00 8.8371016773e-01 -1.0604522013e+00
     vertex 7.5000000000e+00 4.8636143870e-01 -1.3820445755e+00
     vertex 6.7500000000e+00 4.8636143870e-01 -1.3820445755e+00
   endloop
 endfacet
 facet normal  0.0000000000e+00 2.3569367195e-01 -9.7182739877e-01
   outer loop
     vertex 6.7500000000e+00 4.8636143870e-01 -1.3820445755e+00
     vertex 7.5000000000e+00 4.8636143870e-01 -1.3820445755e+00
     vertex 7.5000000000e+00 0.0000000000e+00 -1.5000000000e+00
   endloop
 endfacet
 facet normal  0.0000000000e+00 2.3569367195e-01 -9.7182739877e-01
   outer loop
     vertex 6.7500000000e+00 4.8636143870e-01 -1.3820445755e+00
     vertex 7.5000000000e+00 0.0000000000e+00 -1.5000000000e+00
     vertex 6.7500000000e+00 0.0000000000e+00 -1.5000000000e+00
   endloop
 endfacet
 facet normal  -0.0000000000e+00 -2.3569367195e-01 -9.7182739877e-01
   outer loop
     vertex 6.7500000000e+00 0.0000000000e+00 -1.5000000000e+00
     vertex 7.5000000000e+00 0.0000000000e+00 -1.5000000000e+00
     vertex 6.7500000000e+00 -4.8636143870e-01 -1.3820445755e+00
   endloop
 endfacet
 facet normal  -0.0000000000e+00 -2.3569367195e-01 -9.7182739877e-01
   outer loop
     vertex 7.5000000000e+00 0.0000000000e+00 -1.5000000000e+00
     vertex 7.5000000000e+00 -4.8636143870e-01 -1.3820445755e+00
     vertex 6.7500000000e+00 -4.8636143870e-01 -1.3820445755e+00
   endloop
 endfacet
 facet normal  -0.0000000000e+00 -6.2911445675e-01 -7.7731267860e-01
   outer loop
     vertex 6.7500000000e+00 -4.8636143870e-01 -1.3820445755e+00
     vertex 7.5000000000e+00 -4.8636143870e-01 -1.3820445755e+00
     vertex 6.7500000000e+00 -8.8371016773e-01 -1.0604522013e+00
   endloop
 endfacet
 facet normal  -0.0000000000e+00 -6.2911445675e-01 -7.7731267860e-01
   outer loop
     vertex 7.5000000000e+00 -4.8636143870e-01 -1.3820445755e+00
     vertex 7.5000000000e+00 -8.8371016773e-01 -1.0604522013e+00
     vertex 6.7500000000e+00 -8.8371016773e-01 -1.0604522013e+00
   endloop
 endfacet
 facet normal  -0.0000000000e+00 -8.7174481044e-01 -4.8996018764e-01
   outer loop
     vertex 6.7500000000e+00 -8.8371016773e-01 -1.0604522013e+00
     vertex 7.5000000000e+00 -8.8371016773e-01 -1.0604522013e+00
     vertex 6.7500000000e+00 -1.1517038129e+00 -5.8363372644e-01
   endloop
 endfacet
 facet normal  -0.0000000000e+00 -8.7174481044e-01 -4.8996018764e-01
   outer loop
     vertex 7.5000000000e+00 -8.8371016773e-01 -1.0604522013e+00
     vertex 7.5000000000e+00 -1.1517038129e+00 -5.8363372644e-01
     vertex 6.7500000000e+00 -1.1517038129e+00 -5.8363372644e-01
   endloop
 endfacet
 facet normal  -0.0000000000e+00 -9.8611194905e-01 -1.6608197960e-01
   outer loop
     vertex 6.7500000000e+00 -1.1517038129e+00 -5.8363372644e-01
     vertex 7.5000000000e+00 -1.1517038129e+00 -5.8363372644e-01
     vertex 6.7500000000e+00 -1.2500000000e+00 0.0000000000e+00
   endloop
 endfacet
 facet normal  -0.0000000000e+00 -9.8611194905e-01 -1.6608197960e-01
   outer loop
     vertex 7.5000000000e+00 -1.1517038129e+00 -5.8363372644e-01
     vertex 7.5000000000e+00 -1.2500000000e+00 0.0000000000e+00
     vertex 6.7500000000e+00 -1.2500000000e+00 0.0000000000e+00
   endloop
 endfacet
 facet normal  0.0000000000e+00 -9.8611194905e-01 1.6608197960e-01
   outer loop
     vertex 6.7500000000e+00 -1.2500000000e+00 0.0000000000e+00
     vertex 7.5000000000e+00 -1.2500000000e+00 0.0000000000e+00
     vertex 7.5000000000e+00 -1.1517038129e+00 5.8363372644e-01
   endloop
 endfacet
 facet normal  0.0000000000e+00 -9.8611194905e-01 1.6608197960e-01
   outer loop
     vertex 6.7500000000e+00 -1.2500000000e+00 0.0000000000e+00
     vertex 7.5000000000e+00 -1.1517038129e+00 5.8363372644e-01
     vertex 6.7500000000e+00 -1.1517038129e+00 5.8363372644e-01
   endloop
 endfacet
 facet normal  0.0000000000e+00 -8.7174481044e-01 4.8996018764e-01
   outer loop
     vertex 6.7500000000e+00 -1.1517038129e+00 5.8363372644e-01
     vertex 7.5000000000e+00 -1.1517038129e+00 5.8363372644e-01
     vertex 7.5000000000e+00 -8.8371016773e-01 1.0604522013e+00
   endloop
 endfacet
 facet normal  0.0000000000e+00 -8.7174481044e-01 4.8996018764e-01
   outer loop
     vertex 6.7500000000e+00 -1.1517038129e+00 5.8363372644e-01
     vertex 7.5000000000e+00 -8.8371016773e-01 1.0604522013e+00
     vertex 6.7500000000e+00 -8.8371016773e-01 1.0604522013e+00
   endloop
 endfacet
 facet normal  0.0000000000e+00 -6.2911445675e-01 7.7731267860e-01
   outer loop
     vertex 6.7500000000e+00 -8.8371016773e-01 1.0604522013e+00
     vertex 7.5000000000e+00 -8.8371016773e-01 1.0604522013e+00
     vertex 7.5000000000e+00 -4.8636143870e-01 1.3820445755e+00
   endloop
 endfacet
 facet normal  0.0000000000e+00 -6.2911445675e-01 7.7731267860e-01
   outer loop
     vertex 6.7500000000e+00 -8.8371016773e-01 1.0604522013e+00
     vertex 7.5000000000e+00 -4.8636143870e-01 1.3820445755e+00
     vertex 6.7500000000e+00 -4.8636143870e-01 1.3820445755e+00
   endloop
 endfacet
 facet normal  0.0000000000e+00 -2.3569367195e-01 9.7182739877e-01
   outer loop
     vertex 6.7500000000e+00 -4.8636143870e-01 1.3820445755e+00
     vertex 7.5000000000e+00 -4.8636143870e-01 1.3820445755e+00
     vertex 7.5000000000e+00 0.0000000000e+00 1.5000000000e+00
   endloop
 endfacet
 facet normal  0.0000000000e+00 -2.3569367195e-01 9.7182739877e-01
   outer loop
     vertex 6.7500000000e+00 -4.8636143870e-01 1.3820445755e+00
     vertex 7.5000000000e+00 0.0000000000e+00 1.5000000000e+00
     vertex 6.7500000000e+00 0.0000000000e+00 1.5000000000e+00
   endloop
 endfacet
 facet normal  0.0000000000e+00 2.3569367195e-01 9.7182739877e-01
   outer loop
     vertex 6.7500000000e+00 0.0000000000e+00 1.5000000000e+00
     vertex 7.5000000000e+00 0.0000000000e+00 1.5000000000e+00
     vertex 6.7500000000e+00 4.8636143870e-01 1.3820445755e+00
   endloop
 endfacet
 facet normal  0.0000000000e+00 2.3569367195e-01 9.7182739877e-01
   outer loop
     vertex 7.5000000000e+00 0.0000000000e+00 1.5000000000e+00
     vertex 7.5000000000e+00 4.8636143870e-01 1.3820445755e+00
     vertex 6.7500000000e+00 4.8636143870e-01 1.3820445755e+00
   endloop
 endfacet
 facet normal  0.0000000000e+00 6.2911445675e-01 7.7731267860e-01
   outer loop
     vertex 6.7500000000e+00 4.8636143870e-01 1.3820445755e+00
     vertex 7.5000000000e+00 4.8636143870e-01 1.3820445755e+00
     vertex 6.7500000000e+00 8.8371016773e-01 1.0604522013e+00
   endloop
 endfacet
 facet normal  0.0000000000e+00 6.2911445675e-01 7.7731267860e-01
   outer loop
     vertex 7.5000000000e+00 4.8636143870e-01 1.3820445755e+00
     vertex 7.5000000000e+00 8.8371016773e-01 1.0604522013e+00
     vertex 6.7500000000e+00 8.8371016773e-01 1.0604522013e+00
   endloop
 endfacet
 facet normal  0.0000000000e+00 8.7174481044e-01 4.8996018764e-01
   outer loop
     vertex 6.7500000000e+00 8.8371016773e-01 1.0604522013e+00
     vertex 7.5000000000e+00 8.8371016773e-01 1.0604522013e+00
     vertex 6.7500000000e+00 1.1517038129e+00 5.8363372644e-01
   endloop
 endfacet
 facet normal  0.0000000000e+00 8.7174481044e-01 4.8996018764e-01
   outer loop
     vertex 7.5000000000e+00 8.8371016773e-01 1.0604522013e+00
     vertex 7.5000000000e+00 1.1517038129e+00 5.8363372644e-01
     vertex 6.7500000000e+00 1.1517038129e+00 5.8363372644e-01
   endloop
 endfacet
 facet normal  0.0000000000e+00 9.8611194905e-01 1.6608197960e-01
   outer loop
     vertex 6.7500000000e+00 1.1517038129e+00 5.8363372644e-01
     vertex 7.5000000000e+00 1.1517038129e+00 5.8363372644e-01
     vertex 6.7500000000e+00 1.2500000000e+00 0.0000000000e+00
   endloop
 endfacet
 facet normal  0.0000000000e+00 9.8611194905e-01 1.6608197960e-01
   outer loop
     vertex 7.5000000000e+00 1.1517038129e+00 5.8363372644e-01
     vertex 7.5000000000e+00 1.2500000000e+00 0.0000000000e+00
     vertex 6.7500000000e+00 1.2500000000e+00 0.0000000000e+00
   endloop
 endfacet
 facet normal  0.0000000000e+00 9.8611194905e-01 -1.6608197960e-01
   outer loop
     vertex 7.5000000000e+00 1.2500000000e+00 0.0000000000e+00
     vertex 8.2500000000e+00 1.2500000000e+00 0.0000000000e+00
     vertex 8.2500000000e+00 1.1517038129e+00 -5.8363372644e-01
   endloop
 endfacet
 facet normal  0.0000000000e+00 9.8611194905e-01 -1.6608197960e-01
   outer loop
     vertex 7.5000000000e+00 1.2500000000e+00 0.0000000000e+00
     vertex 8.2500000000e+00 1.1517038129e+00 -5.8363372644e-01
     vertex 7.5000000000e+00 1.1517038129e+00 -5.8363372644e-01
   endloop
 endfacet
 facet normal  0.0000000000e+00 8.7174481044e-01 -4.8996018764e-01
   outer loop
     vertex 7.5000000000e+00 1.1517038129e+00 -5.8363372644e-01
     vertex 8.2500000000e+00 1.1517038129e+00 -5.8363372644e-01
     vertex 8.2500000000e+00 8.8371016773e-01 -1.0604522013e+00
   endloop
 endfacet
 facet normal  0.0000000000e+00 8.7174481044e-01 -4.8996018764e-01
   outer loop
     vertex 7.5000000000e+00 1.1517038129e+00 -5.8363372644e-01
     vertex 8.2500000000e+00 8.8371016773e-01 -1.0604522013e+00
     vertex 7.5000000000e+00 8.8371016773e-01 -1.0604522013e+00
   endloop
 endfacet
 facet normal  0.0000000000e+00 6.2911445675e-01 -7.7731267860e-01
   outer loop
     vertex 7.5000000000e+00 8.8371016773e-01 -1.0604522013e+00
     vertex 8.2500000000e+00 8.8371016773e-01 -1.0604522013e+00
     vertex 8.2500000000e+00 4.8636143870e-01 -1.3820445755e+00
   endloop
 endfacet
 facet normal  0.0000000000e+00 6.2911445675e-01 -7.7731267860e-01
   outer loop
     vertex 7.5000000000e+00 8.8371016773e-01 -1.0604522013e+00
     vertex 8.2500000000e+00 4.8636143870e-01 -1.3820445755e+00
     vertex 7.5000000000e+00 4.8636143870e-01 -1.3820445755e+00
   endloop
 endfacet
 facet normal  0.0000000000e+00 2.3569367195e-01 -9.7182739877e-01
   outer loop
     vertex 7.5000000000e+00 4.8636143870e-01 -1.3820445755e+00
     vertex 8.2500000000e+00 4.8636143870e-01 -1.3820445755e+00
     vertex 8.2500000000e+00 0.0000000000e+00 -1.5000000000e+00
   endloop
 endfacet
 facet normal  0.0000000000e+00 2.3569367195e-01 -9.7182739877e-01
   outer loop
     vertex 7.5000000000e+00 4.8636143870e-01 -1.3820445755e+00
     vertex 8.2500000000e+00 0.0000000000e+00 -1.5000000000e+00
     vertex 7.5000000000e+00 0.0000000000e+00 -1.5000000000e+00
   endloop
 endfacet
 facet normal  -0.0000000000e+00 -2.3569367195e-01 -9.7182739877e-01
   outer loop
     vertex 7.5000000000e+00 0.0000000000e+00 -1.5000000000e+00
     vertex 8.2500000000e+00 0.0000000000e+00 -1.5000000000e+00
     vertex 7.5000000000e+00 -4.8636143870e-01 -1.3820445755e+00
   endloop
 endfacet
 facet normal  -0.0000000000e+00 -2.3569367195e-01 -9.7182739877e-01
   outer loop
     vertex 8.2500000000e+00 0.0000000000e+00 -1.5000000000e+00
     vertex 8.2500000000e+00 -4.8636143870e-01 -1.3820445755e+00
     vertex 7.5000000000e+00 -4.8636143870e-01 -1.3820445755e+00
   endloop
 endfacet
 facet normal  -0.0000000000e+00 -6.2911445675e-01 -7.7731267860e-01
   outer loop
     vertex 7.5000000000e+00 -4.8636143870e-01 -1.3820445755e+00
     vertex 8.2500000000e+00 -4.8636143870e-01 -1.3820445755e+00
     vertex 7.5000000000e+00 -8.8371016773e-01 -1.0604522013e+00
   endloop
 endfacet
 facet normal  9.3127647335e-17 -6.2911445675e-01 -7.7731267860e-01
   outer loop
     vertex 8.2500000000e+00 -4.8636143870e-01 -1.3820445755e+00
     vertex 8.2500000000e+00 -8.8371016773e-01 -1.0604522013e+00
     vertex 7.5000000000e+00 -8.8371016773e-01 -1.0604522013e+00
   endloop
 endfacet
 facet normal  1.2904415469e-16 -8.7174481044e-01 -4.8996018764e-01
   outer loop
     vertex 7.5000000000e+00 -8.8371016773e-01 -1.0604522013e+00
     vertex 8.2500000000e+00 -8.8371016773e-01 -1.0604522013e+00
     vertex 7.5000000000e+00 -1.1517038129e+00 -5.8363372644e-01
   endloop
 endfacet
 facet normal  -0.0000000000e+00 -8.7174481044e-01 -4.8996018764e-01
   outer loop
     vertex 8.2500000000e+00 -8.8371016773e-01 -1.0604522013e+00
     vertex 8.2500000000e+00 -1.1517038129e+00 -5.8363372644e-01
     vertex 7.5000000000e+00 -1.1517038129e+00 -5.8363372644e-01
   endloop
 endfacet
 facet normal  -0.0000000000e+00 -9.8611194905e-01 -1.6608197960e-01
   outer loop
     vertex 7.5000000000e+00 -1.1517038129e+00 -5.8363372644e-01
     vertex 8.2500000000e+00 -1.1517038129e+00 -5.8363372644e-01
     vertex 7.5000000000e+00 -1.2500000000e+00 0.0000000000e+00
   endloop
 endfacet
 facet normal  -0.0000000000e+00 -9.8611194905e-01 -1.6608197960e-01
   outer loop
     vertex 8.2500000000e+00 -1.1517038129e+00 -5.8363372644e-01
     vertex 8.2500000000e+00 -1.2500000000e+00 0.0000000000e+00
     vertex 7.5000000000e+00 -1.2500000000e+00 0.0000000000e+00
   endloop
 endfacet
 facet normal  0.0000000000e+00 -9.8611194905e-01 1.6608197960e-01
   outer loop
     vertex 7.5000000000e+00 -1.2500000000e+00 0.0000000000e+00
     vertex 8.2500000000e+00 -1.2500000000e+00 0.0000000000e+00
     vertex 8.2500000000e+00 -1.1517038129e+00 5.8363372644e-01
   endloop
 endfacet
 facet normal  0.0000000000e+00 -9.8611194905e-01 1.6608197960e-01
   outer loop
     vertex 7.5000000000e+00 -1.2500000000e+00 0.0000000000e+00
     vertex 8.2500000000e+00 -1.1517038129e+00 5.8363372644e-01
     vertex 7.5000000000e+00 -1.1517038129e+00 5.8363372644e-01
   endloop
 endfacet
 facet normal  0.0000000000e+00 -8.7174481044e-01 4.8996018764e-01
   outer loop
     vertex 7.5000000000e+00 -1.1517038129e+00 5.8363372644e-01
     vertex 8.2500000000e+00 -1.1517038129e+00 5.8363372644e-01
     vertex 8.2500000000e+00 -8.8371016773e-01 1.0604522013e+00
   endloop
 endfacet
 facet normal  1.2904415469e-16 -8.7174481044e-01 4.8996018764e-01
   outer loop
     vertex 7.5000000000e+00 -1.1517038129e+00 5.8363372644e-01
     vertex 8.2500000000e+00 -8.8371016773e-01 1.0604522013e+00
     vertex 7.5000000000e+00 -8.8371016773e-01 1.0604522013e+00
   endloop
 endfacet
 facet normal  9.3127647335e-17 -6.2911445675e-01 7.7731267860e-01
   outer loop
     vertex 7.5000000000e+00 -8.8371016773e-01 1.0604522013e+00
     vertex 8.2500000000e+00 -8.8371016773e-01 1.0604522013e+00
     vertex 8.2500000000e+00 -4.8636143870e-01 1.3820445755e+00
   endloop
 endfacet
 facet normal  0.0000000000e+00 -6.2911445675e-01 7.7731267860e-01
   outer loop
     vertex 7.5000000000e+00 -8.8371016773e-01 1.0604522013e+00
     vertex 8.2500000000e+00 -4.8636143870e-01 1.3820445755e+00
     vertex 7.5000000000e+00 -4.8636143870e-01 1.3820445755e+00
   endloop
 endfacet
 facet normal  0.0000000000e+00 -2.3569367195e-01 9.7182739877e-01
   outer loop
     vertex 7.5000000000e+00 -4.8636143870e-01 1.3820445755e+00
     vertex 8.2500000000e+00 -4.8636143870e-01 1.3820445755e+00
     vertex 8.2500000000e+00 0.0000000000e+00 1.5000000000e+00
   endloop
 endfacet
 facet normal  0.0000000000e+00 -2.3569367195e-01 9.7182739877e-01
   outer loop
     vertex 7.5000000000e+00 -4.8636143870e-01 1.3820445755e+00
     vertex 8.2500000000e+00 0.0000000000e+00 1.5000000000e+00
     vertex 7.5000000000e+00 0.0000000000e+00 1.5000000000e+00
   endloop
 endfacet
 facet normal  0.0000000000e+00 2.3569367195e-01 9.7182739877e-01
   outer loop
     vertex 7.5000000000e+00 0.0000000000e+00 1.5000000000e+00
     vertex 8.2500000000e+00 0.0000000000e+00 1.5000000000e+00
     vertex 7.5000000000e+00 4.8636143870e-01 1.3820445755e+00
   endloop
 endfacet
 facet normal  0.0000000000e+00 2.3569367195e-01 9.7182739877e-01
   outer loop
     vertex 8.2500000000e+00 0.0000000000e+00 1.5000000000e+00
     vertex 8.2500000000e+00 4.8636143870e-01 1.3820445755e+00
     vertex 7.5000000000e+00 4.8636143870e-01 1.3820445755e+00
   endloop
 endfacet
 facet normal  0.0000000000e+00 6.2911445675e-01 7.7731267860e-01
   outer loop
     vertex 7.5000000000e+00 4.8636143870e-01 1.3820445755e+00
     vertex 8.2500000000e+00 4.8636143870e-01 1.3820445755e+00
     vertex 7.5000000000e+00 8.8371016773e-01 1.0604522013e+00
   endloop
 endfacet
 facet normal  0.0000000000e+00 6.2911445675e-01 7.7731267860e-01
   outer loop
     vertex 8.2500000000e+00 4.8636143870e-01 1.3820445755e+00
     vertex 8.2500000000e+00 8.8371016773e-01 1.0604522013e+00
     vertex 7.5000000000e+00 8.8371016773e-01 1.0604522013e+00
   endloop
 endfacet
 facet normal  0.0000000000e+00 8.7174481044e-01 4.8996018764e-01
   outer loop
     vertex 7.5000000000e+00 8.8371016773e-01 1.0604522013e+00
     vertex 8.2500000000e+00 8.8371016773e-01 1.0604522013e+00
     vertex 7.5000000000e+00 1.1517038129e+00 5.8363372644e-01
   endloop
 endfacet
 facet normal  0.0000000000e+00 8.7174481044e-01 4.8996018764e-01
   outer loop
     vertex 8.2500000000e+00 8.8371016773e-01 1.0604522013e+00
     vertex 8.2500000000e+00 1.1517038129e+00 5.8363372644e-01
     vertex 7.5000000000e+00 1.1517038129e+00 5.8363372644e-01
   endloop
 endfacet
 facet normal  0.0000000000e+00 9.8611194905e-01 1.6608197960e-01
   outer loop
     vertex 7.5000000000e+00 1.1517038129e+00 5.8363372644e-01
     vertex 8.2500000000e+00 1.1517038129e+00 5.8363372644e-01
     vertex 7.5000000000e+00 1.2500000000e+00 0.0000000000e+00
   endloop
 endfacet
 facet normal  0.0000000000e+00 9.8611194905e-01 1.6608197960e-01
   outer loop
     vertex 8.2500000000e+00 1.1517038129e+00 5.8363372644e-01
     vertex 8.2500000000e+00 1.2500000000e+00 0.0000000000e+00
     vertex 7.5000000000e+00 1.2500000000e+00 0.0000000000e+00
   endloop
 endfacet
 facet normal  0.0000000000e+00 9.8611194905e-01 -1.6608197960e-01
   outer loop
     vertex 8.2500000000e+00 1.2500000000e+00 0.0000000000e+00
     vertex 9.0000000000e+00 1.2500000000e+00 0.0000000000e+00
     vertex 9.0000000000e+00 1.1517038129e+00 -5.8363372644e-01
   endloop
 endfacet
 facet normal  0.0000000000e+00 9.8611194905e-01 -1.6608197960e-01
   outer loop
     vertex 8.2500000000e+00 1.2500000000e+00 0.0000000000e+00
     vertex 9.0000000000e+00 1.1517038129e+00 -5.8363372644e-01
     vertex 8.2500000000e+00 1.1517038129e+00 -5.8363372644e-01
   endloop
 endfacet
 facet normal  0.0000000000e+00 8.7174481044e-01 -4.8996018764e-01
   outer loop
     vertex 8.2500000000e+00 1.1517038129e+00 -5.8363372644e-01
     vertex 9.0000000000e+00 1.1517038129e+00 -5.8363372644e-01
     vertex 9.0000000000e+00 8.8371016773e-01 -1.0604522013e+00
   endloop
 endfacet
 facet normal  0.0000000000e+00 8.7174481044e-01 -4.8996018764e-01
   outer loop
     vertex 8.2500000000e+00 1.1517038129e+00 -5.8363372644e-01
     vertex 9.0000000000e+00 8.8371016773e-01 -1.0604522013e+00
     vertex 8.2500000000e+00 8.8371016773e-01 -1.0604522013e+00
   endloop
 endfacet
 facet normal  0.0000000000e+00 6.2911445675e-01 -7.7731267860e-01
   outer loop
     vertex 8.2500000000e+00 8.8371016773e-01 -1.0604522013e+00
     vertex 9.0000000000e+00 8.8371016773e-01 -1.0604522013e+00
     vertex 9.0000000000e+00 4.8636143870e-01 -1.3820445755e+00
   endloop
 endfacet
 facet normal  0.0000000000e+00 6.2911445675e-01 -7.7731267860e-01
   outer loop
     vertex 8.2500000000e+00 8.8371016773e-01 -1.0604522013e+00
     vertex 9.0000000000e+00 4.8636143870e-01 -1.3820445755e+00
     vertex 8.2500000000e+00 4.8636143870e-01 -1.3820445755e+00
   endloop
 endfacet
 facet normal  0.0000000000e+00 2.3569367195e-01 -9.7182739877e-01
   outer loop
     vertex 8.2500000000e+00 4.8636143870e-01 -1.3820445755e+00
     vertex 9.0000000000e+00 4.8636143870e-01 -1.3820445755e+00
     vertex 9.0000000000e+00 0.0000000000e+00 -1.5000000000e+00
   endloop
 endfacet
 facet normal  0.0000000000e+00 2.3569367195e-01 -9.7182739877e-01
   outer loop
     vertex 8.2500000000e+00 4.8636143870e-01 -1.3820445755e+00
     vertex 9.0000000000e+00 0.0000000000e+00 -1.5000000000e+00
     vertex 8.2500000000e+00 0.0000000000e+00 -1.5000000000e+00
   endloop
 endfacet
 facet normal  -0.0000000000e+00 -2.3569367195e-01 -9.7182739877e-01
   outer loop
     vertex 8.2500000000e+00 0.0000000000e+00 -1.5000000000e+00
     vertex 9.0000000000e+00 0.0000000000e+00 -1.5000000000e+00
     vertex 8.2500000000e+00 -4.8636143870e-01 -1.3820445755e+00
   endloop
 endfacet
 facet normal  -0.0000000000e+00 -2.3569367195e-01 -9.7182739877e-01
   outer loop
     vertex 9.0000000000e+00 0.0000000000e+00 -1.5000000000e+00
     vertex 9.0000000000e+00 -4.8636143870e-01 -1.3820445755e+00
     vertex 8.2500000000e+00 -4.8636143870e-01 -1.3820445755e+00
   endloop
 endfacet
 facet normal  -0.0000000000e+00 -6.2911445675e-01 -7.7731267860e-01
   outer loop
     vertex 8.2500000000e+00 -4.8636143870e-01 -1.3820445755e+00
     vertex 9.0000000000e+00 -4.8636143870e-01 -1.3820445755e+00
     vertex 8.2500000000e+00 -8.8371016773e-01 -1.0604522013e+00
   endloop
 endfacet
 facet normal  -0.0000000000e+00 -6.2911445675e-01 -7.7731267860e-01
   outer loop
     vertex 9.0000000000e+00 -4.8636143870e-01 -1.3820445755e+00
     vertex 9.0000000000e+00 -8.8371016773e-01 -1.0604522013e+00
     vertex 8.2500000000e+00 -8.8371016773e-01 -1.0604522013e+00
   endloop
 endfacet
 facet normal  -0.0000000000e+00 -8.7174481044e-01 -4.8996018764e-01
   outer loop
     vertex 8.2500000000e+00 -8.8371016773e-01 -1.0604522013e+00
     vertex 9.0000000000e+00 -8.8371016773e-01 -1.0604522013e+00
     vertex 8.2500000000e+00 -1.1517038129e+00 -5.8363372644e-01
   endloop
 endfacet
 facet normal  -0.0000000000e+00 -8.7174481044e-01 -4.8996018764e-01
   outer loop
     vertex 9.0000000000e+00 -8.8371016773e-01 -1.0604522013e+00
     vertex 9.0000000000e+00 -1.1517038129e+00 -5.8363372644e-01
     vertex 8.2500000000e+00 -1.1517038129e+00 -5.8363372644e-01
   endloop
 endfacet
 facet normal  -0.0000000000e+00 -9.8611194905e-01 -1.6608197960e-01
   outer loop
     vertex 8.2500000000e+00 -1.1517038129e+00 -5.8363372644e-01
     vertex 9.0000000000e+00 -1.1517038129e+00 -5.8363372644e-01
     vertex 8.2500000000e+00 -1.2500000000e+00 0.0000000000e+00
   endloop
 endfacet
 facet normal  -0.0000000000e+00 -9.8611194905e-01 -1.6608197960e-01
   outer loop
     vertex 9.0000000000e+00 -1.1517038129e+00 -5.8363372644e-01
     vertex 9.0000000000e+00 -1.2500000000e+00 0.0000000000e+00
     vertex 8.2500000000e+00 -1.2500000000e+00 0.0000000000e+00
   endloop
 endfacet
 facet normal  0.0000000000e+00 -9.8611194905e-01 1.6608197960e-01
   outer loop
     vertex 8.2500000000e+00 -1.2500000000e+00 0.0000000000e+00
     vertex 9.0000000000e+00 -1.2500000000e+00 0.0000000000e+00
     vertex 9.0000000000e+00 -1.1517038129e+00 5.8363372644e-01
   endloop
 endfacet
 facet normal  0.0000000000e+00 -9.8611194905e-01 1.6608197960e-01
   outer loop
     vertex 8.2500000000e+00 -1.2500000000e+00 0.0000000000e+00
     vertex 9.0000000000e+00 -1.1517038129e+00 5.8363372644e-01
     vertex 8.2500000000e+00 -1.1517038129e+00 5.8363372644e-01
   endloop
 endfacet
 facet normal  0.0000000000e+00 -8.7174481044e-01 4.8996018764e-01
   outer loop
     vertex 8.2500000000e+00 -1.1517038129e+00 5.8363372644e-01
     vertex 9.0000000000e+00 -1.1517038129e+00 5.8363372644e-01
     vertex 9.0000000000e+00 -8.8371016773e-01 1.0604522013e+00
   endloop
 endfacet
 facet normal  0.0000000000e+00 -8.7174481044e-01 4.8996018764e-01
   outer loop
     vertex 8.2500000000e+00 -1.1517038129e+00 5.8363372644e-01
     vertex 9.0000000000e+00 -8.8371016773e-01 1.0604522013e+00
     vertex 8.2500000000e+00 -8.8371016773e-01 1.0604522013e+00
   endloop
 endfacet
 facet normal  0.0000000000e+00 -6.2911445675e-01 7.7731267860e-01
   outer loop
     vertex 8.2500000000e+00 -8.8371016773e-01 1.0604522013e+00
     vertex 9.0000000000e+00 -8.8371016773e-01 1.0604522013e+00
     vertex 9.0000000000e+00 -4.8636143870e-01 1.3820445755e+00
   endloop
 endfacet
 facet normal  0.0000000000e+00 -6.2911445675e-01 7.7731267860e-01
   outer loop
     vertex 8.2500000000e+00 -8.8371016773e-01 1.0604522013e+00
     vertex 9.0000000000e+00 -4.8636143870e-01 1.3820445755e+00
     vertex 8.2500000000e+00 -4.8636143870e-01 1.3820445755e+00
   endloop
 endfacet
 facet normal  0.0000000000e+00 -2.3569367195e-01 9.7182739877e-01
   outer loop
     vertex 8.2500000000e+00 -4.8636143870e-01 1.3820445755e+00
     vertex 9.0000000000e+00 -4.8636143870e-01 1.3820445755e+00
     vertex 9.0000000000e+00 0.0000000000e+00 1.5000000000e+00
   endloop
 endfacet
 facet normal  0.0000000000e+00 -2.3569367195e-01 9.7182739877e-01
   outer loop
     vertex 8.2500000000e+00 -4.8636143870e-01 1.3820445755e+00
     vertex 9.0000000000e+00 0.0000000000e+00 1.5000000000e+00
     vertex 8.2500000000e+00 0.0000000000e+00 1.5000000000e+00
   endloop
 endfacet
 facet normal  0.0000000000e+00 2.3569367195e-01 9.7182739877e-01
   outer loop
     vertex 8.2500000000e+00 0.0000000000e+00 1.5000000000e+00
     vertex 9.0000000000e+00 0.0000000000e+00 1.5000000000e+00
     vertex 8.2500000000e+00 4.8636143870e-01 1.3820445755e+00
   endloop
 endfacet
 facet normal  0.0000000000e+00 2.3569367195e-01 9.7182739877e-01
   outer loop
     vertex 9.0000000000e+00 0.0000000000e+00 1.5000000000e+00
     vertex 9.0000000000e+00 4.8636143870e-01 1.3820445755e+00
     vertex 8.2500000000e+00 4.8636143870e-01 1.3820445755e+00
   endloop
 endfacet
 facet normal  0.0000000000e+00 6.2911445675e-01 7.7731267860e-01
   outer loop
     vertex 8.2500000000e+00 4.8636143870e-01 1.3820445755e+00
     vertex 9.0000000000e+00 4.8636143870e-01 1.3820445755e+00
     vertex 8.2500000000e+00 8.8371016773e-01 1.0604522013e+00
   endloop
 endfacet
 facet normal  0.0000000000e+00 6.2911445675e-01 7.7731267860e-01
   outer loop
     vertex 9.0000000000e+00 4.8636143870e-01 1.3820445755e+00
     vertex 9.0000000000e+00 8.8371016773e-01 1.0604522013e+00
     vertex 8.2500000000e+00 8.8371016773e-01 1.0604522013e+00
   endloop
 endfacet
 facet normal  0.0000000000e+00 8.7174481044e-01 4.8996018764e-01
   outer loop
     vertex 8.2500000000e+00 8.8371016773e-01 1.0604522013e+00
     vertex 9.0000000000e+00 8.8371016773e-01 1.0604522013e+00
     vertex 8.2500000000e+00 1.1517038129e+00 5.8363372644e-01
   endloop
 endfacet
 facet normal  0.0000000000e+00 8.7174481044e-01 4.8996018764e-01
   outer loop
     vertex 9.0000000000e+00 8.8371016773e-01 1.0604522013e+00
     vertex 9.0000000000e+00 1.1517038129e+00 5.8363372644e-01
     vertex 8.2500000000e+00 1.1517038129e+00 5.8363372644e-01
   endloop
 endfacet
 facet normal  0.0000000000e+00 9.8611194905e-01 1.6608197960e-01
   outer loop
     vertex 8.2500000000e+00 1.1517038129e+00 5.8363372644e-01
     vertex 9.0000000000e+00 1.1517038129e+00 5.8363372644e-01
     vertex 8.2500000000e+00 1.2500000000e+00 0.0000000000e+00
   endloop
 endfacet
 facet normal  0.0000000000e+00 9.8611194905e-01 1.6608197960e-01
   outer loop
     vertex 9.0000000000e+00 1.1517038129e+00 5.8363372644e-01
     vertex 9.0000000000e+00 1.2500000000e+00 0.0000000000e+00
     vertex 8.2500000000e+00 1.2500000000e+00 0.0000000000e+00
   endloop
 endfacet
 facet normal  0.0000000000e+00 9.8611194905e-01 -1.6608197960e-01
   outer loop
     vertex 9.0000000000e+00 1.2500000000e+00 0.0000000000e+00
     vertex 9.7500000000e+00 1.2500000000e+00 0.0000000000e+00
     vertex 9.7500000000e+00 1.1517038129e+00 -5.8363372644e-01
   endloop
 endfacet
 facet normal  0.0000000000e+00 9.8611194905e-01 -1.6608197960e-01
   outer loop
     vertex 9.0000000000e+00 1.2500000000e+00 0.0000000000e+00
     vertex 9.7500000000e+00 1.1517038129e+00 -5.8363372644e-01
     vertex 9.0000000000e+00 1.1517038129e+00 -5.8363372644e-01
   endloop
 endfacet
 facet normal  0.0000000000e+00 8.7174481044e-01 -4.8996018764e-01
   outer loop
     vertex 9.0000000000e+00 1.1517038129e+00 -5.8363372644e-01
     vertex 9.7500000000e+00 1.1517038129e+00 -5.8363372644e-01
     vertex 9.7500000000e+00 8.8371016773e-01 -1.0604522013e+00
   endloop
 endfacet
 facet normal  0.0000000000e+00 8.7174481044e-01 -4.8996018764e-01
   outer loop
     vertex 9.0000000000e+00 1.1517038129e+00 -5.8363372644e-01
     vertex 9.7500000000e+00 8.8371016773e-01 -1.0604522013e+00
     vertex 9.0000000000e+00 8.8371016773e-01 -1.0604522013e+00
   endloop
 endfacet
 facet normal  0.0000000000e+00 6.2911445675e-01 -7.7731267860e-01
   outer loop
     vertex 9.0000000000e+00 8.8371016773e-01 -1.0604522013e+00
     vertex 9.7500000000e+00 8.8371016773e-01 -1.0604522013e+00
     vertex 9.7500000000e+00 4.8636143870e-01 -1.3820445755e+00
   endloop
 endfacet
 facet normal  0.0000000000e+00 6.2911445675e-01 -7.7731267860e-01
   outer loop
     vertex 9.0000000000e+00 8.8371016773e-01 -1.0604522013e+00
     vertex 9.7500000000e+00 4.8636143870e-01 -1.3820445755e+00
     vertex 9.0000000000e+00 4.8636143870e-01 -1.3820445755e+00
   endloop
 endfacet
 facet normal  0.0000000000e+00 2.3569367195e-01 -9.7182739877e-01
   outer loop
     vertex 9.0000000000e+00 4.8636143870e-01 -1.3820445755e+00
     vertex 9.7500000000e+00 4.8636143870e-01 -1.3820445755e+00
     vertex 9.7500000000e+00 0.0000000000e+00 -1.5000000000e+00
   endloop
 endfacet
 facet normal  0.0000000000e+00 2.3569367195e-01 -9.7182739877e-01
   outer loop
     vertex 9.0000000000e+00 4.8636143870e-01 -1.3820445755e+00
     vertex 9.7500000000e+00 0.0000000000e+00 -1.5000000000e+00
     vertex 9.0000000000e+00 0.0000000000e+00 -1.5000000000e+00
   endloop
 endfacet
 facet normal  -0.0000000000e+00 -2.3569367195e-01 -9.7182739877e-01
   outer loop
     vertex 9.0000000000e+00 0.0000000000e+00 -1.5000000000e+00
     vertex 9.7500000000e+00 0.0000000000e+00 -1.5000000000e+00
     vertex 9.0000000000e+00 -4.8636143870e-01 -1.3820445755e+00
   endloop
 endfacet
 facet normal  -0.0000000000e+00 -2.3569367195e-01 -9.7182739877e-01
   outer loop
     vertex 9.7500000000e+00 0.0000000000e+00 -1.5000000000e+00
     vertex 9.7500000000e+00 -4.8636143870e-01 -1.3820445755e+00
     vertex 9.0000000000e+00 -4.8636143870e-01 -1.3820445755e+00
   endloop
 endfacet
 facet normal  -0.0000000000e+00 -6.2911445675e-01 -7.7731267860e-01
   outer loop
     vertex 9.0000000000e+00 -4.8636143870e-01 -1.3820445755e+00
     vertex 9.7500000000e+00 -4.8636143870e-01 -1.3820445755e+00
     vertex 9.0000000000e+00 -8.8371016773e-01 -1.0604522013e+00
   endloop
 endfacet
 facet normal  -0.0000000000e+00 -6.2911445675e-01 -7.7731267860e-01
   outer loop
     vertex 9.7500000000e+00 -4.8636143870e-01 -1.3820445755e+00
     vertex 9.7500000000e+00 -8.8371016773e-01 -1.0604522013e+00
     vertex 9.0000000000e+00 -8.8371016773e-01 -1.0604522013e+00
   endloop
 endfacet
 facet normal  -0.0000000000e+00 -8.7174481044e-01 -4.8996018764e-01
   outer loop
     vertex 9.0000000000e+00 -8.8371016773e-01 -1.0604522013e+00
     vertex 9.7500000000e+00 -8.8371016773e-01 -1.0604522013e+00
     vertex 9.0000000000e+00 -1.1517038129e+00 -5.8363372644e-01
   endloop
 endfacet
 facet normal  -0.0000000000e+00 -8.7174481044e-01 -4.8996018764e-01
   outer loop
     vertex 9.7500000000e+00 -8.8371016773e-01 -1.0604522013e+00
     vertex 9.7500000000e+00 -1.1517038129e+00 -5.8363372644e-01
     vertex 9.0000000000e+00 -1.1517038129e+00 -5.8363372644e-01
   endloop
 endfacet
 facet normal  -0.0000000000e+00 -9.8611194905e-01 -1.6608197960e-01
   outer loop
     vertex 9.0000000000e+00 -1.1517038129e+00 -5.8363372644e-01
     vertex 9.7500000000e+00 -1.1517038129e+00 -5.8363372644e-01
     vertex 9.0000000000e+00 -1.2500000000e+00 0.0000000000e+00
   endloop
 endfacet
 facet normal  -0.0000000000e+00 -9.8611194905e-01 -1.6608197960e-01
   outer loop
     vertex 9.7500000000e+00 -1.1517038129e+00 -5.8363372644e-01
     vertex 9.7500000000e+00 -1.2500000000e+00 0.0000000000e+00
     vertex 9.0000000000e+00 -1.2500000000e+00 0.0000000000e+00
   endloop
 endfacet
 facet normal  0.0000000000e+00 -9.8611194905e-01 1.6608197960e-01
   outer loop
     vertex 9.0000000000e+00 -1.2500000000e+00 0.0000000000e+00
     vertex 9.7500000000e+00 -1.2500000000e+00 0.0000000000e+00
     vertex 9.7500000000e+00 -1.1517038129e+00 5.8363372644e-01
   endloop
 endfacet
 facet normal  0.0000000000e+00 -9.8611194905e-01 1.6608197960e-01
   outer loop
     vertex 9.0000000000e+00 -1.2500000000e+00 0.0000000000e+00
     vertex 9.7500000000e+00 -1.1517038129e+00 5.8363372644e-01
     vertex 9.0000000000e+00 -1.1517038129e+00 5.8363372644e-01
   endloop
 endfacet
 facet normal  0.0000000000e+00 -8.7174481044e-01 4.8996018764e-01
   outer loop
     vertex 9.0000000000e+00 -1.1517038129e+00 5.8363372644e-01
     vertex 9.7500000000e+00 -1.1517038129e+00 5.8363372644e-01
     vertex 9.7500000000e+00 -8.8371016773e-01 1.0604522013e+00
   endloop
 endfacet
 facet normal  0.0000000000e+00 -8.7174481044e-01 4.8996018764e-01
   outer loop
     vertex 9.0000000000e+00 -1.1517038129e+00 5.8363372644e-01
     vertex 9.7500000000e+00 -8.8371016773e-01 1.0604522013e+00
     vertex 9.0000000000e+00 -8.8371016773e-01 1.0604522013e+00
   endloop
 endfacet
 facet normal  0.0000000000e+00 -6.2911445675e-01 7.7731267860e-01
   outer loop
     vertex 9.0000000000e+00 -8.8371016773e-01 1.0604522013e+00
     vertex 9.7500000000e+00 -8.8371016773e-01 1.0604522013e+00
     vertex 9.7500000000e+00 -4.8636143870e-01 1.3820445755e+00
   endloop
 endfacet
 facet normal  0.0000000000e+00 -6.2911445675e-01 7.7731267860e-01
   outer loop
     vertex 9.0000000000e+00 -8.8371016773e-01 1.0604522013e+00
     vertex 9.7500000000e+00 -4.8636143870e-01 1.3820445755e+00
     vertex 9.0000000000e+00 -4.8636143870e-01 1.3820445755e+00
   endloop
 endfacet
 facet normal  0.0000000000e+00 -2.3569367195e-01 9.7182739877e-01
   outer loop
     vertex 9.0000000000e+00 -4.8636143870e-01 1.3820445755e+00
     vertex 9.7500000000e+00 -4.8636143870e-01 1.3820445755e+00
     vertex 9.7500000000e+00 0.0000000000e+00 1.5000000000e+00
   endloop
 endfacet
 facet normal  0.0000000000e+00 -2.3569367195e-01 9.7182739877e-01
   outer loop
     vertex 9.0000000000e+00 -4.8636143870e-01 1.3820445755e+00
     vertex 9.7500000000e+00 0.0000000000e+00 1.5000000000e+00
     vertex 9.0000000000e+00 0.0000000000e+00 1.5000000000e+00
   endloop
 endfacet
 facet normal  0.0000000000e+00 2.3569367195e-01 9.7182739877e-01
   outer loop
     vertex 9.0000000000e+00 0.0000000000e+00 1.5000000000e+00
     vertex 9.7500000000e+00 0.0000000000e+00 1.5000000000e+00
     vertex 9.0000000000e+00 4.8636143870e-01 1.3820445755e+00
   endloop
 endfacet
 facet normal  0.0000000000e+00 2.3569367195e-01 9.7182739877e-01
   outer loop
     vertex 9.7500000000e+00 0.0000000000e+00 1.5000000000e+00
     vertex 9.7500000000e+00 4.8636143870e-01 1.3820445755e+00
     vertex 9.0000000000e+00 4.8636143870e-01 1.3820445755e+00
   endloop
 endfacet
 facet normal  0.0000000000e+00 6.2911445675e-01 7.7731267860e-01
   outer loop
     vertex 9.0000000000e+00 4.8636143870e-01 1.3820445755e+00
     vertex 9.7500000000e+00 4.8636143870e-01 1.3820445755e+00
     vertex 9.0000000000e+00 8.8371016773e-01 1.0604522013e+00
   endloop
 endfacet
 facet normal  0.0000000000e+00 6.2911445675e-01 7.7731267860e-01
   outer loop
     vertex 9.7500000000e+00 4.8636143870e-01 1.3820445755e+00
     vertex 9.7500000000e+00 8.8371016773e-01 1.0604522013e+00
     vertex 9.0000000000e+00 8.8371016773e-01 1.0604522013e+00
   endloop
 endfacet
 facet normal  0.0000000000e+00 8.7174481044e-01 4.8996018764e-01
   outer loop
     vertex 9.0000000000e+00 8.8371016773e-01 1.0604522013e+00
     vertex 9.7500000000e+00 8.8371016773e-01 1.0604522013e+00
     vertex 9.0000000000e+00 1.1517038129e+00 5.8363372644e-01
   endloop
 endfacet
 facet normal  0.0000000000e+00 8.7174481044e-01 4.8996018764e-01
   outer loop
     vertex 9.7500000000e+00 8.8371016773e-01 1.0604522013e+00
     vertex 9.7500000000e+00 1.1517038129e+00 5.8363372644e-01
     vertex 9.0000000000e+00 1.1517038129e+00 5.8363372644e-01
   endloop
 endfacet
 facet normal  0.0000000000e+00 9.8611194905e-01 1.6608197960e-01
   outer loop
     vertex 9.0000000000e+00 1.1517038129e+00 5.8363372644e-01
     vertex 9.7500000000e+00 1.1517038129e+00 5.8363372644e-01
     vertex 9.0000000000e+00 1.2500000000e+00 0.0000000000e+00
   endloop
 endfacet
 facet normal  0.0000000000e+00 9.8611194905e-01 1.6608197960e-01
   outer loop
     vertex 9.7500000000e+00 1.1517038129e+00 5.8363372644e-01
     vertex 9.7500000000e+00 1.2500000000e+00 0.0000000000e+00
     vertex 9.0000000000e+00 1.2500000000e+00 0.0000000000e+00
   endloop
 endfacet
 facet normal  0.0000000000e+00 9.8611194905e-01 -1.6608197960e-01
   outer loop
     vertex 9.7500000000e+00 1.2500000000e+00 0.0000000000e+00
     vertex 1.0500000000e+01 1.2500000000e+00 0.0000000000e+00
     vertex 1.0500000000e+01 1.1517038129e+00 -5.8363372644e-01
   endloop
 endfacet
 facet normal  0.0000000000e+00 9.8611194905e-01 -1.6608197960e-01
   outer loop
     vertex 9.7500000000e+00 1.2500000000e+00 0.0000000000e+00
     vertex 1.0500000000e+01 1.1517038129e+00 -5.8363372644e-01
     vertex 9.7500000000e+00 1.1517038129e+00 -5.8363372644e-01
   endloop
 endfacet
 facet normal  0.0000000000e+00 8.7174481044e-01 -4.8996018764e-01
   outer loop
     vertex 9.7500000000e+00 1.1517038129e+00 -5.8363372644e-01
     vertex 1.0500000000e+01 1.1517038129e+00 -5.8363372644e-01
     vertex 1.0500000000e+01 8.8371016773e-01 -1.0604522013e+00
   endloop
 endfacet
 facet normal  0.0000000000e+00 8.7174481044e-01 -4.8996018764e-01
   outer loop
     vertex 9.7500000000e+00 1.1517038129e+00 -5.8363372644e-01
     vertex 1.0500000000e+01 8.8371016773e-01 -1.0604522013e+00
     vertex 9.7500000000e+00 8.8371016773e-01 -1.0604522013e+00
   endloop
 endfacet
 facet normal  0.0000000000e+00 6.2911445675e-01 -7.7731267860e-01
   outer loop
     vertex 9.7500000000e+00 8.8371016773e-01 -1.0604522013e+00
     vertex 1.0500000000e+01 8.8371016773e-01 -1.0604522013e+00
     vertex 1.0500000000e+01 4.8636143870e-01 -1.3820445755e+00
   endloop
 endfacet
 facet normal  0.0000000000e+00 6.2911445675e-01 -7.7731267860e-01
   outer loop
     vertex 9.7500000000e+00 8.8371016773e-01 -1.0604522013e+00
     vertex 1.0500000000e+01 4.8636143870e-01 -1.3820445755e+00
     vertex 9.7500000000e+00 4.8636143870e-01 -1.3820445755e+00
   endloop
 endfacet
 facet normal  0.0000000000e+00 2.3569367195e-01 -9.7182739877e-01
   outer loop
     vertex 9.7500000000e+00 4.8636143870e-01 -1.3820445755e+00
     vertex 1.0500000000e+01 4.8636143870e-01 -1.3820445755e+00
     vertex 1.0500000000e+01 0.0000000000e+00 -1.5000000000e+00
   endloop
 endfacet
 facet normal  0.0000000000e+00 2.3569367195e-01 -9.7182739877e-01
   outer loop
     vertex 9.7500000000e+00 4.8636143870e-01 -1.3820445755e+00
     vertex 1.0500000000e+01 0.0000000000e+00 -1.5000000000e+00
     vertex 9.7500000000e+00 0.0000000000e+00 -1.5000000000e+00
   endloop
 endfacet
 facet normal  -0.0000000000e+00 -2.3569367195e-01 -9.7182739877e-01
   outer loop
     vertex 9.7500000000e+00 0.0000000000e+00 -1.5000000000e+00
     vertex 1.0500000000e+01 0.0000000000e+00 -1.5000000000e+00
     vertex 9.7500000000e+00 -4.8636143870e-01 -1.3820445755e+00
   endloop
 endfacet
 facet normal  -0.0000000000e+00 -2.3569367195e-01 -9.7182739877e-01
   outer loop
     vertex 1.0500000000e+01 0.0000000000e+00 -1.5000000000e+00
     vertex 1.0500000000e+01 -4.8636143870e-01 -1.3820445755e+00
     vertex 9.7500000000e+00 -4.8636143870e-01 -1.3820445755e+00
   endloop
 endfacet
 facet normal  -0.0000000000e+00 -6.2911445675e-01 -7.7731267860e-01
   outer loop
     vertex 9.7500000000e+00 -4.8636143870e-01 -1.3820445755e+00
     vertex 1.0500000000e+01 -4.8636143870e-01 -1.3820445755e+00
     vertex 9.7500000000e+00 -8.8371016773e-01 -1.0604522013e+00
   endloop
 endfacet
 facet normal  -0.0000000000e+00 -6.2911445675e-01 -7.7731267860e-01
   outer loop
     vertex 1.0500000000e+01 -4.8636143870e-01 -1.3820445755e+00
     vertex 1.0500000000e+01 -8.8371016773e-01 -1.0604522013e+00
     vertex 9.7500000000e+00 -8.8371016773e-01 -1.0604522013e+00
   endloop
 endfacet
 facet normal  -0.0000000000e+00 -8.7174481044e-01 -4.8996018764e-01
   outer loop
     vertex 9.7500000000e+00 -8.8371016773e-01 -1.0604522013e+00
     vertex 1.0500000000e+01 -8.8371016773e-01 -1.0604522013e+00
     vertex 9.7500000000e+00 -1.1517038129e+00 -5.8363372644e-01
   endloop
 endfacet
 facet normal  -0.0000000000e+00 -8.7174481044e-01 -4.8996018764e-01
   outer loop
     vertex 1.0500000000e+01 -8.8371016773e-01 -1.0604522013e+00
     vertex 1.0500000000e+01 -1.1517038129e+00 -5.8363372644e-01
     vertex 9.7500000000e+00 -1.1517038129e+00 -5.8363372644e-01
   endloop
 endfacet
 facet normal  -0.0000000000e+00 -9.8611194905e-01 -1.6608197960e-01
   outer loop
     vertex 9.7500000000e+00 -1.1517038129e+00 -5.8363372644e-01
     vertex 1.0500000000e+01 -1.1517038129e+00 -5.8363372644e-01
     vertex 9.7500000000e+00 -1.2500000000e+00 0.0000000000e+00
   endloop
 endfacet
 facet normal  -0.0000000000e+00 -9.8611194905e-01 -1.6608197960e-01
   outer loop
     vertex 1.0500000000e+01 -1.1517038129e+00 -5.8363372644e-01
     vertex 1.0500000000e+01 -1.2500000000e+00 0.0000000000e+00
     vertex 9.7500000000e+00 -1.2500000000e+00 0.0000000000e+00
   endloop
 endfacet
 facet normal  0.0000000000e+00 -9.8611194905e-01 1.6608197960e-01
   outer loop
     vertex 9.7500000000e+00 -1.2500000000e+00 0.0000000000e+00
     vertex 1.0500000000e+01 -1.2500000000e+00 0.0000000000e+00
     vertex 1.0500000000e+01 -1.1517038129e+00 5.8363372644e-01
   endloop
 endfacet
 facet normal  0.0000000000e+00 -9.8611194905e-01 1.6608197960e-01
   outer loop
     vertex 9.7500000000e+00 -1.2500000000e+00 0.0000000000e+00
     vertex 1.0500000000e+01 -1.1517038129e+00 5.8363372644e-01
     vertex 9.7500000000e+00 -1.1517038129e+00 5.8363372644e-01
   endloop
 endfacet
 facet normal  0.0000000000e+00 -8.7174481044e-01 4.8996018764e-01
   outer loop
     vertex 9.7500000000e+00 -1.1517038129e+00 5.8363372644e-01
     vertex 1.0500000000e+01 -1.1517038129e+00 5.8363372644e-01
     vertex 1.0500000000e+01 -8.8371016773e-01 1.0604522013e+00
   endloop
 endfacet
 facet normal  0.0000000000e+00 -8.7174481044e-01 4.8996018764e-01
   outer loop
     vertex 9.7500000000e+00 -1.1517038129e+00 5.8363372644e-01
     vertex 1.0500000000e+01 -8.8371016773e-01 1.0604522013e+00
     vertex 9.7500000000e+00 -8.8371016773e-01 1.0604522013e+00
   endloop
 endfacet
 facet normal  0.0000000000e+00 -6.2911445675e-01 7.7731267860e-01
   outer loop
     vertex 9.7500000000e+00 -8.8371016773e-01 1.0604522013e+00
     vertex 1.0500000000e+01 -8.8371016773e-01 1.0604522013e+00
     vertex 1.0500000000e+01 -4.8636143870e-01 1.3820445755e+00
   endloop
 endfacet
 facet normal  0.0000000000e+00 -6.2911445675e-01 7.7731267860e-01
   outer loop
     vertex 9.7500000000e+00 -8.8371016773e-01 1.0604522013e+00
     vertex 1.0500000000e+01 -4.8636143870e-01 1.3820445755e+00
     vertex 9.7500000000e+00 -4.8636143870e-01 1.3820445755e+00
   endloop
 endfacet
 facet normal  0.0000000000e+00 -2.3569367195e-01 9.7182739877e-01
   outer loop
     vertex 9.7500000000e+00 -4.8636143870e-01 1.3820445755e+00
     vertex 1.0500000000e+01 -4.8636143870e-01 1.3820445755e+00
     vertex 1.0500000000e+01 0.0000000000e+00 1.5000000000e+00
   endloop
 endfacet
 facet normal  0.0000000000e+00 -2.3569367195e-01 9.7182739877e-01
   outer loop
     vertex 9.7500000000e+00 -4.8636143870e-01 1.3820445755e+00
     vertex 1.0500000000e+01 0.0000000000e+00 1.5000000000e+00
     vertex 9.7500000000e+00 0.0000000000e+00 1.5000000000e+00
   endloop
 endfacet
 facet normal  0.0000000000e+00 2.3569367195e-01 9.7182739877e-01
   outer loop
     vertex 9.7500000000e+00 0.0000000000e+00 1.5000000000e+00
     vertex 1.0500000000e+01 0.0000000000e+00 1.5000000000e+00
     vertex 9.7500000000e+00 4.8636143870e-01 1.3820445755e+00
   endloop
 endfacet
 facet normal  0.0000000000e+00 2.3569367195e-01 9.7182739877e-01
   outer loop
     vertex 1.0500000000e+01 0.0000000000e+00 1.5000000000e+00
     vertex 1.0500000000e+01 4.8636143870e-01 1.3820445755e+00
     vertex 9.7500000000e+00 4.8636143870e-01 1.3820445755e+00
   endloop
 endfacet
 facet normal  0.0000000000e+00 6.2911445675e-01 7.7731267860e-01
   outer loop
     vertex 9.7500000000e+00 4.8636143870e-01 1.3820445755e+00
     vertex 1.0500000000e+01 4.8636143870e-01 1.3820445755e+00
     vertex 9.7500000000e+00 8.8371016773e-01 1.0604522013e+00
   endloop
 endfacet
 facet normal  0.0000000000e+00 6.2911445675e-01 7.7731267860e-01
   outer loop
     vertex 1.0500000000e+01 4.8636143870e-01 1.3820445755e+00
     vertex 1.0500000000e+01 8.8371016773e-01 1.0604522013e+00
     vertex 9.7500000000e+00 8.8371016773e-01 1.0604522013e+00
   endloop
 endfacet
 facet normal  0.0000000000e+00 8.7174481044e-01 4.8996018764e-01
   outer loop
     vertex 9.7500000000e+00 8.8371016773e-01 1.0604522013e+00
     vertex 1.0500000000e+01 8.8371016773e-01 1.0604522013e+00
     vertex 9.7500000000e+00 1.1517038129e+00 5.8363372644e-01
   endloop
 endfacet
 facet normal  0.0000000000e+00 8.7174481044e-01 4.8996018764e-01
   outer loop
     vertex 1.0500000000e+01 8.8371016773e-01 1.0604522013e+00
     vertex 1.0500000000e+01 1.1517038129e+00 5.8363372644e-01
     vertex 9.7500000000e+00 1.1517038129e+00 5.8363372644e-01
   endloop
 endfacet
 facet normal  0.0000000000e+00 9.8611194905e-01 1.6608197960e-01
   outer loop
     vertex 9.7500000000e+00 1.1517038129e+00 5.8363372644e-01
     vertex 1.0500000000e+01 1.1517038129e+00 5.8363372644e-01
     vertex 9.7500000000e+00 1.2500000000e+00 0.0000000000e+00
   endloop
 endfacet
 facet normal  0.0000000000e+00 9.8611194905e-01 1.6608197960e-01
   outer loop
     vertex 1.0500000000e+01 1.1517038129e+00 5.8363372644e-01
     vertex 1.0500000000e+01 1.2500000000e+00 0.0000000000e+00
     vertex 9.7500000000e+00 1.2500000000e+00 0.0000000000e+00
   endloop
 endfacet
 facet normal  0.0000000000e+00 9.8611194905e-01 -1.6608197960e-01
   outer loop
     vertex 1.0500000000e+01 1.2500000000e+00 0.0000000000e+00
     vertex 1.1250000000e+01 1.2500000000e+00 0.0000000000e+00
     vertex 1.1250000000e+01 1.1517038129e+00 -5.8363372644e-01
   endloop
 endfacet
 facet normal  0.0000000000e+00 9.8611194905e-01 -1.6608197960e-01
   outer loop
     vertex 1.0500000000e+01 1.2500000000e+00 0.0000000000e+00
     vertex 1.1250000000e+01 1.1517038129e+00 -5.8363372644e-01
     vertex 1.0500000000e+01 1.1517038129e+00 -5.8363372644e-01
   endloop
 endfacet
 facet normal  0.0000000000e+00 8.7174481044e-01 -4.8996018764e-01
   outer loop
     vertex 1.0500000000e+01 1.1517038129e+00 -5.8363372644e-01
     vertex 1.1250000000e+01 1.1517038129e+00 -5.8363372644e-01
     vertex 1.1250000000e+01 8.8371016773e-01 -1.0604522013e+00
   endloop
 endfacet
 facet normal  0.0000000000e+00 8.7174481044e-01 -4.8996018764e-01
   outer loop
     vertex 1.0500000000e+01 1.1517038129e+00 -5.8363372644e-01
     vertex 1.1250000000e+01 8.8371016773e-01 -1.0604522013e+00
     vertex 1.0500000000e+01 8.8371016773e-01 -1.0604522013e+00
   endloop
 endfacet
 facet normal  0.0000000000e+00 6.2911445675e-01 -7.7731267860e-01
   outer loop
     vertex 1.0500000000e+01 8.8371016773e-01 -1.0604522013e+00
     vertex 1.1250000000e+01 8.8371016773e-01 -1.0604522013e+00
     vertex 1.1250000000e+01 4.8636143870e-01 -1.3820445755e+00
   endloop
 endfacet
 facet normal  0.0000000000e+00 6.2911445675e-01 -7.7731267860e-01
   outer loop
     vertex 1.0500000000e+01 8.8371016773e-01 -1.0604522013e+00
     vertex 1.1250000000e+01 4.8636143870e-01 -1.3820445755e+00
     vertex 1.0500000000e+01 4.8636143870e-01 -1.3820445755e+00
   endloop
 endfacet
 facet normal  0.0000000000e+00 2.3569367195e-01 -9.7182739877e-01
   outer loop
     vertex 1.0500000000e+01 4.8636143870e-01 -1.3820445755e+00
     vertex 1.1250000000e+01 4.8636143870e-01 -1.3820445755e+00
     vertex 1.1250000000e+01 0.0000000000e+00 -1.5000000000e+00
   endloop
 endfacet
 facet normal  0.0000000000e+00 2.3569367195e-01 -9.7182739877e-01
   outer loop
     vertex 1.0500000000e+01 4.8636143870e-01 -1.3820445755e+00
     vertex 1.1250000000e+01 0.0000000000e+00 -1.5000000000e+00
     vertex 1.0500000000e+01 0.0000000000e+00 -1.5000000000e+00
   endloop
 endfacet
 facet normal  -0.0000000000e+00 -2.3569367195e-01 -9.7182739877e-01
   outer loop
     vertex 1.0500000000e+01 0.0000000000e+00 -1.5000000000e+00
     vertex 1.1250000000e+01 0.0000000000e+00 -1.5000000000e+00
     vertex 1.0500000000e+01 -4.8636143870e-01 -1.3820445755e+00
   endloop
 endfacet
 facet normal  -0.0000000000e+00 -2.3569367195e-01 -9.7182739877e-01
   outer loop
     vertex 1.1250000000e+01 0.0000000000e+00 -1.5000000000e+00
     vertex 1.1250000000e+01 -4.8636143870e-01 -1.3820445755e+00
     vertex 1.0500000000e+01 -4.8636143870e-01 -1.3820445755e+00
   endloop
 endfacet
 facet normal  -0.0000000000e+00 -6.2911445675e-01 -7.7731267860e-01
   outer loop
     vertex 1.0500000000e+01 -4.8636143870e-01 -1.3820445755e+00
     vertex 1.1250000000e+01 -4.8636143870e-01 -1.3820445755e+00
     vertex 1.0500000000e+01 -8.8371016773e-01 -1.0604522013e+00
   endloop
 endfacet
 facet normal  -9.3127647335e-17 -6.2911445675e-01 -7.7731267860e-01
   outer loop
     vertex 1.1250000000e+01 -4.8636143870e-01 -1.3820445755e+00
     vertex 1.1250000000e+01 -8.8371016773e-01 -1.0604522013e+00
     vertex 1.0500000000e+01 -8.8371016773e-01 -1.0604522013e+00
   endloop
 endfacet
 facet normal  -1.2904415469e-16 -8.7174481044e-01 -4.8996018764e-01
   outer loop
     vertex 1.0500000000e+01 -8.8371016773e-01 -1.0604522013e+00
     vertex 1.1250000000e+01 -8.8371016773e-01 -1.0604522013e+00
     vertex 1.0500000000e+01 -1.1517038129e+00 -5.8363372644e-01
   endloop
 endfacet
 facet normal  -0.0000000000e+00 -8.7174481044e-01 -4.8996018764e-01
   outer loop
     vertex 1.1250000000e+01 -8.8371016773e-01 -1.0604522013e+00
     vertex 1.1250000000e+01 -1.1517038129e+00 -5.8363372644e-01
     vertex 1.0500000000e+01 -1.1517038129e+00 -5.8363372644e-01
   endloop
 endfacet
 facet normal  -0.0000000000e+00 -9.8611194905e-01 -1.6608197960e-01
   outer loop
     vertex 1.0500000000e+01 -1.1517038129e+00 -5.8363372644e-01
     vertex 1.1250000000e+01 -1.1517038129e+00 -5.8363372644e-01
     vertex 1.0500000000e+01 -1.2500000000e+00 0.0000000000e+00
   endloop
 endfacet
 facet normal  -0.0000000000e+00 -9.8611194905e-01 -1.6608197960e-01
   outer loop
     vertex 1.1250000000e+01 -1.1517038129e+00 -5.8363372644e-01
     vertex 1.1250000000e+01 -1.2500000000e+00 0.0000000000e+00
     vertex 1.0500000000e+01 -1.2500000000e+00 0.0000000000e+00
   endloop
 endfacet
 facet normal  0.0000000000e+00 -9.8611194905e-01 1.6608197960e-01
   outer loop
     vertex 1.0500000000e+01 -1.2500000000e+00 0.0000000000e+00
     vertex 1.1250000000e+01 -1.2500000000e+00 0.0000000000e+00
     vertex 1.1250000000e+01 -1.1517038129e+00 5.8363372644e-01
   endloop
 endfacet
 facet normal  0.0000000000e+00 -9.8611194905e-01 1.6608197960e-01
   outer loop
     vertex 1.0500000000e+01 -1.2500000000e+00 0.0000000000e+00
     vertex 1.1250000000e+01 -1.1517038129e+00 5.8363372644e-01
     vertex 1.0500000000e+01 -1.1517038129e+00 5.8363372644e-01
   endloop
 endfacet
 facet normal  0.0000000000e+00 -8.7174481044e-01 4.8996018764e-01
   outer loop
     vertex 1.0500000000e+01 -1.1517038129e+00 5.8363372644e-01
     vertex 1.1250000000e+01 -1.1517038129e+00 5.8363372644e-01
     vertex 1.1250000000e+01 -8.8371016773e-01 1.0604522013e+00
   endloop
 endfacet
 facet normal  -1.2904415469e-16 -8.7174481044e-01 4.8996018764e-01
   outer loop
     vertex 1.0500000000e+01 -1.1517038129e+00 5.8363372644e-01
     vertex 1.1250000000e+01 -8.8371016773e-01 1.0604522013e+00
     vertex 1.0500000000e+01 -8.8371016773e-01 1.0604522013e+00
   endloop
 endfacet
 facet normal  -9.3127647335e-17 -6.2911445675e-01 7.7731267860e-01
   outer loop
     vertex 1.0500000000e+01 -8.8371016773e-01 1.0604522013e+00
     vertex 1.1250000000e+01 -8.8371016773e-01 1.0604522013e+00
     vertex 1.1250000000e+01 -4.8636143870e-01 1.3820445755e+00
   endloop
 endfacet
 facet normal  0.0000000000e+00 -6.2911445675e-01 7.7731267860e-01
   outer loop
     vertex 1.0500000000e+01 -8.8371016773e-01 1.0604522013e+00
     vertex 1.1250000000e+01 -4.8636143870e-01 1.3820445755e+00
     vertex 1.0500000000e+01 -4.8636143870e-01 1.3820445755e+00
   endloop
 endfacet
 facet normal  0.0000000000e+00 -2.3569367195e-01 9.7182739877e-01
   outer loop
     vertex 1.0500000000e+01 -4.8636143870e-01 1.3820445755e+00
     vertex 1.1250000000e+01 -4.8636143870e-01 1.3820445755e+00
     vertex 1.1250000000e+01 0.0000000000e+00 1.5000000000e+00
   endloop
 endfacet
 facet normal  0.0000000000e+00 -2.3569367195e-01 9.7182739877e-01
   outer loop
     vertex 1.0500000000e+01 -4.8636143870e-01 1.3820445755e+00
     vertex 1.1250000000e+01 0.0000000000e+00 1.5000000000e+00
     vertex 1.0500000000e+01 0.0000000000e+00 1.5000000000e+00
   endloop
 endfacet
 facet normal  0.0000000000e+00 2.3569367195e-01 9.7182739877e-01
   outer loop
     vertex 1.0500000000e+01 0.0000000000e+00 1.5000000000e+00
     vertex 1.1250000000e+01 0.0000000000e+00 1.5000000000e+00
     vertex 1.0500000000e+01 4.8636143870e-01 1.3820445755e+00
   endloop
 endfacet
 facet normal  0.0000000000e+00 2.3569367195e-01 9.7182739877e-01
   outer loop
     vertex 1.1250000000e+01 0.0000000000e+00 1.5000000000e+00
     vertex 1.1250000000e+01 4.8636143870e-01 1.3820445755e+00
     vertex 1.0500000000e+01 4.8636143870e-01 1.3820445755e+00
   endloop
 endfacet
 facet normal  0.0000000000e+00 6.2911445675e-01 7.7731267860e-01
   outer loop
     vertex 1.0500000000e+01 4.8636143870e-01 1.3820445755e+00
     vertex 1.1250000000e+01 4.8636143870e-01 1.3820445755e+00
     vertex 1.0500000000e+01 8.8371016773e-01 1.0604522013e+00
   endloop
 endfacet
 facet normal  0.0000000000e+00 6.2911445675e-01 7.7731267860e-01
   outer loop
     vertex 1.1250000000e+01 4.8636143870e-01 1.3820445755e+00
     vertex 1.1250000000e+01 8.8371016773e-01 1.0604522013e+00
     vertex 1.0500000000e+01 8.8371016773e-01 1.0604522013e+00
   endloop
 endfacet
 facet normal  0.0000000000e+00 8.7174481044e-01 4.8996018764e-01
   outer loop
     vertex 1.0500000000e+01 8.8371016773e-01 1.0604522013e+00
     vertex 1.1250000000e+01 8.8371016773e-01 1.0604522013e+00
     vertex 1.0500000000e+01 1.1517038129e+00 5.8363372644e-01
   endloop
 endfacet
 facet normal  0.0000000000e+00 8.7174481044e-01 4.8996018764e-01
   outer loop
     vertex 1.1250000000e+01 8.8371016773e-01 1.0604522013e+00
     vertex 1.1250000000e+01 1.1517038129e+00 5.8363372644e-01
     vertex 1.0500000000e+01 1.1517038129e+00 5.8363372644e-01
   endloop
 endfacet
 facet normal  0.0000000000e+00 9.8611194905e-01 1.6608197960e-01
   outer loop
     vertex 1.0500000000e+01 1.1517038129e+00 5.8363372644e-01
     vertex 1.1250000000e+01 1.1517038129e+00 5.8363372644e-01
     vertex 1.0500000000e+01 1.2500000000e+00 0.0000000000e+00
   endloop
 endfacet
 facet normal  0.0000000000e+00 9.8611194905e-01 1.6608197960e-01
   outer loop
     vertex 1.1250000000e+01 1.1517038129e+00 5.8363372644e-01
     vertex 1.1250000000e+01 1.2500000000e+00 0.0000000000e+00
     vertex 1.0500000000e+01 1.2500000000e+00 0.0000000000e+00
   endloop
 endfacet
 facet normal  7.5365246943e-02 9.8281821615e-01 -1.6848867484e-01
   outer loop
     vertex 1.1250000000e+01 1.2500000000e+00 0.0000000000e+00
     vertex 1.2051458042e+01 1.1885419580e+00 0.0000000000e+00
     vertex 1.2051458042e+01 1.0945782498e+00 -5.4810356907e-01
   endloop
 endfacet
 facet normal  7.7416836274e-02 9.8315244285e-01 -1.6558353655e-01
   outer loop
     vertex 1.1250000000e+01 1.2500000000e+00 0.0000000000e+00
     vertex 1.2051458042e+01 1.0945782498e+00 -5.4810356907e-01
     vertex 1.1250000000e+01 1.1517038129e+00 -5.8363372644e-01
   endloop
 endfacet
 facet normal  8.3581593654e-02 8.6605541901e-01 -4.9291188706e-01
   outer loop
     vertex 1.1250000000e+01 1.1517038129e+00 -5.8363372644e-01
     vertex 1.2051458042e+01 1.0945782498e+00 -5.4810356907e-01
     vertex 1.2051458042e+01 8.3892690638e-01 -9.9728776844e-01
   endloop
 endfacet
 facet normal  8.6994318865e-02 8.6843985820e-01 -4.8810265434e-01
   outer loop
     vertex 1.1250000000e+01 1.1517038129e+00 -5.8363372644e-01
     vertex 1.2051458042e+01 8.3892690638e-01 -9.9728776844e-01
     vertex 1.1250000000e+01 8.8371016773e-01 -1.0604522013e+00
   endloop
 endfacet
 facet normal  9.5990803281e-02 6.2342675867e-01 -7.7596703684e-01
   outer loop
     vertex 1.1250000000e+01 8.8371016773e-01 -1.0604522013e+00
     vertex 1.2051458042e+01 8.3892690638e-01 -9.9728776844e-01
     vertex 1.2051458042e+01 4.6094759926e-01 -1.3009635731e+00
   endloop
 endfacet
 facet normal  9.8111559271e-02 6.2607924542e-01 -7.7356247349e-01
   outer loop
     vertex 1.1250000000e+01 8.8371016773e-01 -1.0604522013e+00
     vertex 1.2051458042e+01 4.6094759926e-01 -1.3009635731e+00
     vertex 1.1250000000e+01 4.8636143870e-01 -1.3820445755e+00
   endloop
 endfacet
 facet normal  1.0520039706e-01 2.3396295572e-01 -9.6653722733e-01
   outer loop
     vertex 1.1250000000e+01 4.8636143870e-01 -1.3820445755e+00
     vertex 1.2051458042e+01 4.6094759926e-01 -1.3009635731e+00
     vertex 1.2051458042e+01 -3.5527136788e-18 -1.4125419580e+00
   endloop
 endfacet
 facet normal  1.0545801420e-01 2.3437938662e-01 -9.6640825243e-01
   outer loop
     vertex 1.1250000000e+01 4.8636143870e-01 -1.3820445755e+00
     vertex 1.2051458042e+01 -3.5527136788e-18 -1.4125419580e+00
     vertex 1.1250000000e+01 0.0000000000e+00 -1.5000000000e+00
   endloop
 endfacet
 facet normal  1.0545801420e-01 -2.3437938662e-01 -9.6640825243e-01
   outer loop
     vertex 1.1250000000e+01 0.0000000000e+00 -1.5000000000e+00
     vertex 1.2051458042e+01 -3.5527136788e-18 -1.4125419580e+00
     vertex 1.1250000000e+01 -4.8636143870e-01 -1.3820445755e+00
   endloop
 endfacet
 facet normal  1.0520039706e-01 -2.3396295572e-01 -9.6653722733e-01
   outer loop
     vertex 1.2051458042e+01 -3.5527136788e-18 -1.4125419580e+00
     vertex 1.2051458042e+01 -4.6094759926e-01 -1.3009635731e+00
     vertex 1.1250000000e+01 -4.8636143870e-01 -1.3820445755e+00
   endloop
 endfacet
 facet normal  9.8111559271e-02 -6.2607924542e-01 -7.7356247349e-01
   outer loop
     vertex 1.1250000000e+01 -4.8636143870e-01 -1.3820445755e+00
     vertex 1.2051458042e+01 -4.6094759926e-01 -1.3009635731e+00
     vertex 1.1250000000e+01 -8.8371016773e-01 -1.0604522013e+00
   endloop
 endfacet
 facet normal  9.5990803281e-02 -6.2342675867e-01 -7.7596703684e-01
   outer loop
     vertex 1.2051458042e+01 -4.6094759926e-01 -1.3009635731e+00
     vertex 1.2051458042e+01 -8.3892690638e-01 -9.9728776844e-01
     vertex 1.1250000000e+01 -8.8371016773e-01 -1.0604522013e+00
   endloop
 endfacet
 facet normal  8.6994318865e-02 -8.6843985820e-01 -4.8810265434e-01
   outer loop
     vertex 1.1250000000e+01 -8.8371016773e-01 -1.0604522013e+00
     vertex 1.2051458042e+01 -8.3892690638e-01 -9.9728776844e-01
     vertex 1.1250000000e+01 -1.1517038129e+00 -5.8363372644e-01
   endloop
 endfacet
 facet normal  8.3581593654e-02 -8.6605541901e-01 -4.9291188706e-01
   outer loop
     vertex 1.2051458042e+01 -8.3892690638e-01 -9.9728776844e-01
     vertex 1.2051458042e+01 -1.0945782498e+00 -5.4810356907e-01
     vertex 1.1250000000e+01 -1.1517038129e+00 -5.8363372644e-01
   endloop
 endfacet
 facet normal  7.7416836274e-02 -9.8315244285e-01 -1.6558353655e-01
   outer loop
     vertex 1.1250000000e+01 -1.1517038129e+00 -5.8363372644e-01
     vertex 1.2051458042e+01 -1.0945782498e+00 -5.4810356907e-01
     vertex 1.1250000000e+01 -1.2500000000e+00 0.0000000000e+00
   endloop
 endfacet
 facet normal  7.5365246943e-02 -9.8281821615e-01 -1.6848867484e-01
   outer loop
     vertex 1.2051458042e+01 -1.0945782498e+00 -5.4810356907e-01
     vertex 1.2051458042e+01 -1.1885419580e+00 -7.1054273576e-18
     vertex 1.1250000000e+01 -1.2500000000e+00 0.0000000000e+00
   endloop
 endfacet
 facet normal  7.5365246943e-02 -9.8281821615e-01 1.6848867484e-01
   outer loop
     vertex 1.1250000000e+01 -1.2500000000e+00 0.0000000000e+00
     vertex 1.2051458042e+01 -1.1885419580e+00 -7.1054273576e-18
     vertex 1.2051458042e+01 -1.0945782498e+00 5.4810356907e-01
   endloop
 endfacet
 facet normal  7.7416836274e-02 -9.8315244285e-01 1.6558353655e-01
   outer loop
     vertex 1.1250000000e+01 -1.2500000000e+00 0.0000000000e+00
     vertex 1.2051458042e+01 -1.0945782498e+00 5.4810356907e-01
     vertex 1.1250000000e+01 -1.1517038129e+00 5.8363372644e-01
   endloop
 endfacet
 facet normal  8.3581593654e-02 -8.6605541901e-01 4.9291188706e-01
   outer loop
     vertex 1.1250000000e+01 -1.1517038129e+00 5.8363372644e-01
     vertex 1.2051458042e+01 -1.0945782498e+00 5.4810356907e-01
     vertex 1.2051458042e+01 -8.3892690638e-01 9.9728776844e-01
   endloop
 endfacet
 facet normal  8.6994318865e-02 -8.6843985820e-01 4.8810265434e-01
   outer loop
     vertex 1.1250000000e+01 -1.1517038129e+00 5.8363372644e-01
     vertex 1.2051458042e+01 -8.3892690638e-01 9.9728776844e-01
     vertex 1.1250000000e+01 -8.8371016773e-01 1.0604522013e+00
   endloop
 endfacet
 facet normal  9.5990803281e-02 -6.2342675867e-01 7.7596703684e-01
   outer loop
     vertex 1.1250000000e+01 -8.8371016773e-01 1.0604522013e+00
     vertex 1.2051458042e+01 -8.3892690638e-01 9.9728776844e-01
     vertex 1.2051458042e+01 -4.6094759926e-01 1.3009635731e+00
   endloop
 endfacet
 facet normal  9.8111559271e-02 -6.2607924542e-01 7.7356247349e-01
   outer loop
     vertex 1.1250000000e+01 -8.8371016773e-01 1.0604522013e+00
     vertex 1.2051458042e+01 -4.6094759926e-01 1.3009635731e+00
     vertex 1.1250000000e+01 -4.8636143870e-01 1.3820445755e+00
   endloop
 endfacet
 facet normal  1.0520039706e-01 -2.3396295572e-01 9.6653722733e-01
   outer loop
     vertex 1.1250000000e+01 -4.8636143870e-01 1.3820445755e+00
     vertex 1.2051458042e+01 -4.6094759926e-01 1.3009635731e+00
     vertex 1.2051458042e+01 -1.5543122345e-17 1.4125419580e+00
   endloop
 endfacet
 facet normal  1.0545801420e-01 -2.3437938662e-01 9.6640825243e-01
   outer loop
     vertex 1.1250000000e+01 -4.8636143870e-01 1.3820445755e+00
     vertex 1.2051458042e+01 -1.5543122345e-17 1.4125419580e+00
     vertex 1.1250000000e+01 0.0000000000e+00 1.5000000000e+00
   endloop
 endfacet
 facet normal  1.0545801420e-01 2.3437938662e-01 9.6640825243e-01
   outer loop
     vertex 1.1250000000e+01 0.0000000000e+00 1.5000000000e+00
     vertex 1.2051458042e+01 -1.5543122345e-17 1.4125419580e+00
     vertex 1.1250000000e+01 4.8636143870e-01 1.3820445755e+00
   endloop
 endfacet
 facet normal  1.0520039706e-01 2.3396295572e-01 9.6653722733e-01
   outer loop
     vertex 1.2051458042e+01 -1.5543122345e-17 1.4125419580e+00
     vertex 1.2051458042e+01 4.6094759926e-01 1.3009635731e+00
     vertex 1.1250000000e+01 4.8636143870e-01 1.3820445755e+00
   endloop
 endfacet
 facet normal  9.8111559271e-02 6.2607924542e-01 7.7356247349e-01
   outer loop
     vertex 1.1250000000e+01 4.8636143870e-01 1.3820445755e+00
     vertex 1.2051458042e+01 4.6094759926e-01 1.3009635731e+00
     vertex 1.1250000000e+01 8.8371016773e-01 1.0604522013e+00
   endloop
 endfacet
 facet normal  9.5990803281e-02 6.2342675867e-01 7.7596703684e-01
   outer loop
     vertex 1.2051458042e+01 4.6094759926e-01 1.3009635731e+00
     vertex 1.2051458042e+01 8.3892690638e-01 9.9728776844e-01
     vertex 1.1250000000e+01 8.8371016773e-01 1.0604522013e+00
   endloop
 endfacet
 facet normal  8.6994318865e-02 8.6843985820e-01 4.8810265434e-01
   outer loop
     vertex 1.1250000000e+01 8.8371016773e-01 1.0604522013e+00
     vertex 1.2051458042e+01 8.3892690638e-01 9.9728776844e-01
     vertex 1.1250000000e+01 1.1517038129e+00 5.8363372644e-01
   endloop
 endfacet
 facet normal  8.3581593654e-02 8.6605541901e-01 4.9291188706e-01
   outer loop
     vertex 1.2051458042e+01 8.3892690638e-01 9.9728776844e-01
     vertex 1.2051458042e+01 1.0945782498e+00 5.4810356907e-01
     vertex 1.1250000000e+01 1.1517038129e+00 5.8363372644e-01
   endloop
 endfacet
 facet normal  7.7416836274e-02 9.8315244285e-01 1.6558353655e-01
   outer loop
     vertex 1.1250000000e+01 1.1517038129e+00 5.8363372644e-01
     vertex 1.2051458042e+01 1.0945782498e+00 5.4810356907e-01
     vertex 1.1250000000e+01 1.2500000000e+00 0.0000000000e+00
   endloop
 endfacet
 facet normal  7.5365246943e-02 9.8281821615e-01 1.6848867484e-01
   outer loop
     vertex 1.2051458042e+01 1.0945782498e+00 5.4810356907e-01
     vertex 1.2051458042e+01 1.1885419580e+00 0.0000000000e+00
     vertex 1.1250000000e+01 1.2500000000e+00 0.0000000000e+00
   endloop
 endfacet
 facet normal  1.9569314533e-01 9.6526492645e-01 -1.7311214468e-01
   outer loop
     vertex 1.2051458042e+01 1.1885419580e+00 0.0000000000e+00
     vertex 1.2904374126e+01 1.0156258739e+00 0.0000000000e+00
     vertex 1.2904374126e+01 9.3425897108e-01 -4.5369790529e-01
   endloop
 endfacet
 facet normal  1.9985109774e-01 9.6573767874e-01 -1.6556048623e-01
   outer loop
     vertex 1.2051458042e+01 1.1885419580e+00 0.0000000000e+00
     vertex 1.2904374126e+01 9.3425897108e-01 -4.5369790529e-01
     vertex 1.2051458042e+01 1.0945782498e+00 -5.4810356907e-01
   endloop
 endfacet
 facet normal  2.1312267621e-01 8.4237594068e-01 -4.9495605809e-01
   outer loop
     vertex 1.2051458042e+01 1.0945782498e+00 -5.4810356907e-01
     vertex 1.2904374126e+01 9.3425897108e-01 -4.5369790529e-01
     vertex 1.2904374126e+01 7.1401197697e-01 -8.2854081471e-01
   endloop
 endfacet
 facet normal  2.1964985481e-01 8.4787204035e-01 -4.8256289173e-01
   outer loop
     vertex 1.2051458042e+01 1.0945782498e+00 -5.4810356907e-01
     vertex 1.2904374126e+01 7.1401197697e-01 -8.2854081471e-01
     vertex 1.2051458042e+01 8.3892690638e-01 -9.9728776844e-01
   endloop
 endfacet
 facet normal  2.3891647898e-01 6.0127141446e-01 -7.6249039484e-01
   outer loop
     vertex 1.2051458042e+01 8.3892690638e-01 -9.9728776844e-01
     vertex 1.2904374126e+01 7.1401197697e-01 -8.2854081471e-01
     vertex 1.2904374126e+01 3.9066546283e-01 -1.0835197852e+00
   endloop
 endfacet
 facet normal  2.4285887962e-01 6.0756799202e-01 -7.5622794160e-01
   outer loop
     vertex 1.2051458042e+01 8.3892690638e-01 -9.9728776844e-01
     vertex 1.2904374126e+01 3.9066546283e-01 -1.0835197852e+00
     vertex 1.2051458042e+01 4.6094759926e-01 -1.3009635731e+00
   endloop
 endfacet
 facet normal  2.5809822562e-01 2.2625330814e-01 -9.3925222730e-01
   outer loop
     vertex 1.2051458042e+01 4.6094759926e-01 -1.3009635731e+00
     vertex 1.2904374126e+01 3.9066546283e-01 -1.0835197852e+00
     vertex 1.2904374126e+01 -1.0658141036e-17 -1.1776258739e+00
   endloop
 endfacet
 facet normal  2.5859069952e-01 2.2726626034e-01 -9.3887214094e-01
   outer loop
     vertex 1.2051458042e+01 4.6094759926e-01 -1.3009635731e+00
     vertex 1.2904374126e+01 -1.0658141036e-17 -1.1776258739e+00
     vertex 1.2051458042e+01 -3.5527136788e-18 -1.4125419580e+00
   endloop
 endfacet
 facet normal  2.5859069952e-01 -2.2726626034e-01 -9.3887214094e-01
   outer loop
     vertex 1.2051458042e+01 -3.5527136788e-18 -1.4125419580e+00
     vertex 1.2904374126e+01 -1.0658141036e-17 -1.1776258739e+00
     vertex 1.2051458042e+01 -4.6094759926e-01 -1.3009635731e+00
   endloop
 endfacet
 facet normal  2.5809822562e-01 -2.2625330814e-01 -9.3925222730e-01
   outer loop
     vertex 1.2904374126e+01 -1.0658141036e-17 -1.1776258739e+00
     vertex 1.2904374126e+01 -3.9066546283e-01 -1.0835197852e+00
     vertex 1.2051458042e+01 -4.6094759926e-01 -1.3009635731e+00
   endloop
 endfacet
 facet normal  2.4285887962e-01 -6.0756799202e-01 -7.5622794160e-01
   outer loop
     vertex 1.2051458042e+01 -4.6094759926e-01 -1.3009635731e+00
     vertex 1.2904374126e+01 -3.9066546283e-01 -1.0835197852e+00
     vertex 1.2051458042e+01 -8.3892690638e-01 -9.9728776844e-01
   endloop
 endfacet
 facet normal  2.3891647898e-01 -6.0127141446e-01 -7.6249039484e-01
   outer loop
     vertex 1.2904374126e+01 -3.9066546283e-01 -1.0835197852e+00
     vertex 1.2904374126e+01 -7.1401197697e-01 -8.2854081471e-01
     vertex 1.2051458042e+01 -8.3892690638e-01 -9.9728776844e-01
   endloop
 endfacet
 facet normal  2.1964985481e-01 -8.4787204035e-01 -4.8256289173e-01
   outer loop
     vertex 1.2051458042e+01 -8.3892690638e-01 -9.9728776844e-01
     vertex 1.2904374126e+01 -7.1401197697e-01 -8.2854081471e-01
     vertex 1.2051458042e+01 -1.0945782498e+00 -5.4810356907e-01
   endloop
 endfacet
 facet normal  2.1312267621e-01 -8.4237594068e-01 -4.9495605809e-01
   outer loop
     vertex 1.2904374126e+01 -7.1401197697e-01 -8.2854081471e-01
     vertex 1.2904374126e+01 -9.3425897108e-01 -4.5369790529e-01
     vertex 1.2051458042e+01 -1.0945782498e+00 -5.4810356907e-01
   endloop
 endfacet
 facet normal  1.9985109774e-01 -9.6573767874e-01 -1.6556048623e-01
   outer loop
     vertex 1.2051458042e+01 -1.0945782498e+00 -5.4810356907e-01
     vertex 1.2904374126e+01 -9.3425897108e-01 -4.5369790529e-01
     vertex 1.2051458042e+01 -1.1885419580e+00 -7.1054273576e-18
   endloop
 endfacet
 facet normal  1.9569314533e-01 -9.6526492645e-01 -1.7311214468e-01
   outer loop
     vertex 1.2904374126e+01 -9.3425897108e-01 -4.5369790529e-01
     vertex 1.2904374126e+01 -1.0156258739e+00 -2.1316282073e-17
     vertex 1.2051458042e+01 -1.1885419580e+00 -7.1054273576e-18
   endloop
 endfacet
 facet normal  1.9569314533e-01 -9.6526492645e-01 1.7311214468e-01
   outer loop
     vertex 1.2051458042e+01 -1.1885419580e+00 -7.1054273576e-18
     vertex 1.2904374126e+01 -1.0156258739e+00 -2.1316282073e-17
     vertex 1.2904374126e+01 -9.3425897108e-01 4.5369790529e-01
   endloop
 endfacet
 facet normal  1.9985109774e-01 -9.6573767874e-01 1.6556048623e-01
   outer loop
     vertex 1.2051458042e+01 -1.1885419580e+00 -7.1054273576e-18
     vertex 1.2904374126e+01 -9.3425897108e-01 4.5369790529e-01
     vertex 1.2051458042e+01 -1.0945782498e+00 5.4810356907e-01
   endloop
 endfacet
 facet normal  2.1312267621e-01 -8.4237594068e-01 4.9495605809e-01
   outer loop
     vertex 1.2051458042e+01 -1.0945782498e+00 5.4810356907e-01
     vertex 1.2904374126e+01 -9.3425897108e-01 4.5369790529e-01
     vertex 1.2904374126e+01 -7.1401197697e-01 8.2854081471e-01
   endloop
 endfacet
 facet normal  2.1964985481e-01 -8.4787204035e-01 4.8256289173e-01
   outer loop
     vertex 1.2051458042e+01 -1.0945782498e+00 5.4810356907e-01
     vertex 1.2904374126e+01 -7.1401197697e-01 8.2854081471e-01
     vertex 1.2051458042e+01 -8.3892690638e-01 9.9728776844e-01
   endloop
 endfacet
 facet normal  2.3891647898e-01 -6.0127141446e-01 7.6249039484e-01
   outer loop
     vertex 1.2051458042e+01 -8.3892690638e-01 9.9728776844e-01
     vertex 1.2904374126e+01 -7.1401197697e-01 8.2854081471e-01
     vertex 1.2904374126e+01 -3.9066546283e-01 1.0835197852e+00
   endloop
 endfacet
 facet normal  2.4285887962e-01 -6.0756799202e-01 7.5622794160e-01
   outer loop
     vertex 1.2051458042e+01 -8.3892690638e-01 9.9728776844e-01
     vertex 1.2904374126e+01 -3.9066546283e-01 1.0835197852e+00
     vertex 1.2051458042e+01 -4.6094759926e-01 1.3009635731e+00
   endloop
 endfacet
 facet normal  2.5809822562e-01 -2.2625330814e-01 9.3925222730e-01
   outer loop
     vertex 1.2051458042e+01 -4.6094759926e-01 1.3009635731e+00
     vertex 1.2904374126e+01 -3.9066546283e-01 1.0835197852e+00
     vertex 1.2904374126e+01 -4.6629367034e-17 1.1776258739e+00
   endloop
 endfacet
 facet normal  2.5859069952e-01 -2.2726626034e-01 9.3887214094e-01
   outer loop
     vertex 1.2051458042e+01 -4.6094759926e-01 1.3009635731e+00
     vertex 1.2904374126e+01 -4.6629367034e-17 1.1776258739e+00
     vertex 1.2051458042e+01 -1.5543122345e-17 1.4125419580e+00
   endloop
 endfacet
 facet normal  2.5859069952e-01 2.2726626034e-01 9.3887214094e-01
   outer loop
     vertex 1.2051458042e+01 -1.5543122345e-17 1.4125419580e+00
     vertex 1.2904374126e+01 -4.6629367034e-17 1.1776258739e+00
     vertex 1.2051458042e+01 4.6094759926e-01 1.3009635731e+00
   endloop
 endfacet
 facet normal  2.5809822562e-01 2.2625330814e-01 9.3925222730e-01
   outer loop
     vertex 1.2904374126e+01 -4.6629367034e-17 1.1776258739e+00
     vertex 1.2904374126e+01 3.9066546283e-01 1.0835197852e+00
     vertex 1.2051458042e+01 4.6094759926e-01 1.3009635731e+00
   endloop
 endfacet
 facet normal  2.4285887962e-01 6.0756799202e-01 7.5622794160e-01
   outer loop
     vertex 1.2051458042e+01 4.6094759926e-01 1.3009635731e+00
     vertex 1.2904374126e+01 3.9066546283e-01 1.0835197852e+00
     vertex 1.2051458042e+01 8.3892690638e-01 9.9728776844e-01
   endloop
 endfacet
 facet normal  2.3891647898e-01 6.0127141446e-01 7.6249039484e-01
   outer loop
     vertex 1.2904374126e+01 3.9066546283e-01 1.0835197852e+00
     vertex 1.2904374126e+01 7.1401197697e-01 8.2854081471e-01
     vertex 1.2051458042e+01 8.3892690638e-01 9.9728776844e-01
   endloop
 endfacet
 facet normal  2.1964985481e-01 8.4787204035e-01 4.8256289173e-01
   outer loop
     vertex 1.2051458042e+01 8.3892690638e-01 9.9728776844e-01
     vertex 1.2904374126e+01 7.1401197697e-01 8.2854081471e-01
     vertex 1.2051458042e+01 1.0945782498e+00 5.4810356907e-01
   endloop
 endfacet
 facet normal  2.1312267621e-01 8.4237594068e-01 4.9495605809e-01
   outer loop
     vertex 1.2904374126e+01 7.1401197697e-01 8.2854081471e-01
     vertex 1.2904374126e+01 9.3425897108e-01 4.5369790529e-01
     vertex 1.2051458042e+01 1.0945782498e+00 5.4810356907e-01
   endloop
 endfacet
 facet normal  1.9985109774e-01 9.6573767874e-01 1.6556048623e-01
   outer loop
     vertex 1.2051458042e+01 1.0945782498e+00 5.4810356907e-01
     vertex 1.2904374126e+01 9.3425897108e-01 4.5369790529e-01
     vertex 1.2051458042e+01 1.1885419580e+00 0.0000000000e+00
   endloop
 endfacet
 facet normal  1.9569314533e-01 9.6526492645e-01 1.7311214468e-01
   outer loop
     vertex 1.2904374126e+01 9.3425897108e-01 4.5369790529e-01
     vertex 1.2904374126e+01 1.0156258739e+00 0.0000000000e+00
     vertex 1.2051458042e+01 1.1885419580e+00 0.0000000000e+00
   endloop
 endfacet
 facet normal  3.0237801537e-01 9.3613507928e-01 -1.7949554076e-01
   outer loop
     vertex 1.2904374126e+01 1.0156258739e+00 0.0000000000e+00
     vertex 1.3731561189e+01 7.4843881079e-01 0.0000000000e+00
     vertex 1.3731561189e+01 6.8733209263e-01 -3.1869394754e-01
   endloop
 endfacet
 facet normal  3.0705096050e-01 9.3674779653e-01 -1.6799783732e-01
   outer loop
     vertex 1.2904374126e+01 1.0156258739e+00 0.0000000000e+00
     vertex 1.3731561189e+01 6.8733209263e-01 -3.1869394754e-01
     vertex 1.2904374126e+01 9.3425897108e-01 -4.5369790529e-01
   endloop
 endfacet
 facet normal  3.2170144348e-01 8.0620940793e-01 -4.9652247868e-01
   outer loop
     vertex 1.2904374126e+01 9.3425897108e-01 -4.5369790529e-01
     vertex 1.3731561189e+01 6.8733209263e-01 -3.1869394754e-01
     vertex 1.3731561189e+01 5.2311766146e-01 -5.8533085727e-01
   endloop
 endfacet
 facet normal  3.2859980842e-01 8.1430650121e-01 -4.7846325667e-01
   outer loop
     vertex 1.2904374126e+01 9.3425897108e-01 -4.5369790529e-01
     vertex 1.3731561189e+01 5.2311766146e-01 -5.8533085727e-01
     vertex 1.2904374126e+01 7.1401197697e-01 -8.2854081471e-01
   endloop
 endfacet
 facet normal  3.5009559974e-01 5.7013379007e-01 -7.4322307046e-01
   outer loop
     vertex 1.2904374126e+01 7.1401197697e-01 -8.2854081471e-01
     vertex 1.3731561189e+01 5.2311766146e-01 -5.8533085727e-01
     vertex 1.3731561189e+01 2.8445410226e-01 -7.6841204105e-01
   endloop
 endfacet
 facet normal  3.5409876840e-01 5.7908406040e-01 -7.3435394273e-01
   outer loop
     vertex 1.2904374126e+01 7.1401197697e-01 -8.2854081471e-01
     vertex 1.3731561189e+01 2.8445410226e-01 -7.6841204105e-01
     vertex 1.2904374126e+01 3.9066546283e-01 -1.0835197852e+00
   endloop
 endfacet
 facet normal  3.7167582822e-01 2.1592769050e-01 -9.0290216036e-01
   outer loop
     vertex 1.2904374126e+01 3.9066546283e-01 -1.0835197852e+00
     vertex 1.3731561189e+01 2.8445410226e-01 -7.6841204105e-01
     vertex 1.3731561189e+01 -1.5987211555e-17 -8.3643881079e-01
   endloop
 endfacet
 facet normal  3.7218786999e-01 2.1736323914e-01 -9.0234661395e-01
   outer loop
     vertex 1.2904374126e+01 3.9066546283e-01 -1.0835197852e+00
     vertex 1.3731561189e+01 -1.5987211555e-17 -8.3643881079e-01
     vertex 1.2904374126e+01 -1.0658141036e-17 -1.1776258739e+00
   endloop
 endfacet
 facet normal  3.7218786999e-01 -2.1736323914e-01 -9.0234661395e-01
   outer loop
     vertex 1.2904374126e+01 -1.0658141036e-17 -1.1776258739e+00
     vertex 1.3731561189e+01 -1.5987211555e-17 -8.3643881079e-01
     vertex 1.2904374126e+01 -3.9066546283e-01 -1.0835197852e+00
   endloop
 endfacet
 facet normal  3.7167582822e-01 -2.1592769050e-01 -9.0290216036e-01
   outer loop
     vertex 1.3731561189e+01 -1.5987211555e-17 -8.3643881079e-01
     vertex 1.3731561189e+01 -2.8445410226e-01 -7.6841204105e-01
     vertex 1.2904374126e+01 -3.9066546283e-01 -1.0835197852e+00
   endloop
 endfacet
 facet normal  3.5409876840e-01 -5.7908406040e-01 -7.3435394273e-01
   outer loop
     vertex 1.2904374126e+01 -3.9066546283e-01 -1.0835197852e+00
     vertex 1.3731561189e+01 -2.8445410226e-01 -7.6841204105e-01
     vertex 1.2904374126e+01 -7.1401197697e-01 -8.2854081471e-01
   endloop
 endfacet
 facet normal  3.5009559974e-01 -5.7013379007e-01 -7.4322307046e-01
   outer loop
     vertex 1.3731561189e+01 -2.8445410226e-01 -7.6841204105e-01
     vertex 1.3731561189e+01 -5.2311766146e-01 -5.8533085727e-01
     vertex 1.2904374126e+01 -7.1401197697e-01 -8.2854081471e-01
   endloop
 endfacet
 facet normal  3.2859980842e-01 -8.1430650121e-01 -4.7846325667e-01
   outer loop
     vertex 1.2904374126e+01 -7.1401197697e-01 -8.2854081471e-01
     vertex 1.3731561189e+01 -5.2311766146e-01 -5.8533085727e-01
     vertex 1.2904374126e+01 -9.3425897108e-01 -4.5369790529e-01
   endloop
 endfacet
 facet normal  3.2170144348e-01 -8.0620940793e-01 -4.9652247868e-01
   outer loop
     vertex 1.3731561189e+01 -5.2311766146e-01 -5.8533085727e-01
     vertex 1.3731561189e+01 -6.8733209263e-01 -3.1869394754e-01
     vertex 1.2904374126e+01 -9.3425897108e-01 -4.5369790529e-01
   endloop
 endfacet
 facet normal  3.0705096050e-01 -9.3674779653e-01 -1.6799783732e-01
   outer loop
     vertex 1.2904374126e+01 -9.3425897108e-01 -4.5369790529e-01
     vertex 1.3731561189e+01 -6.8733209263e-01 -3.1869394754e-01
     vertex 1.2904374126e+01 -1.0156258739e+00 -2.1316282073e-17
   endloop
 endfacet
 facet normal  3.0237801537e-01 -9.3613507928e-01 -1.7949554076e-01
   outer loop
     vertex 1.3731561189e+01 -6.8733209263e-01 -3.1869394754e-01
     vertex 1.3731561189e+01 -7.4843881079e-01 -3.1974423109e-17
     vertex 1.2904374126e+01 -1.0156258739e+00 -2.1316282073e-17
   endloop
 endfacet
 facet normal  3.0237801537e-01 -9.3613507928e-01 1.7949554076e-01
   outer loop
     vertex 1.2904374126e+01 -1.0156258739e+00 -2.1316282073e-17
     vertex 1.3731561189e+01 -7.4843881079e-01 -3.1974423109e-17
     vertex 1.3731561189e+01 -6.8733209263e-01 3.1869394754e-01
   endloop
 endfacet
 facet normal  3.0705096050e-01 -9.3674779653e-01 1.6799783732e-01
   outer loop
     vertex 1.2904374126e+01 -1.0156258739e+00 -2.1316282073e-17
     vertex 1.3731561189e+01 -6.8733209263e-01 3.1869394754e-01
     vertex 1.2904374126e+01 -9.3425897108e-01 4.5369790529e-01
   endloop
 endfacet
 facet normal  3.2170144348e-01 -8.0620940793e-01 4.9652247868e-01
   outer loop
     vertex 1.2904374126e+01 -9.3425897108e-01 4.5369790529e-01
     vertex 1.3731561189e+01 -6.8733209263e-01 3.1869394754e-01
     vertex 1.3731561189e+01 -5.2311766146e-01 5.8533085727e-01
   endloop
 endfacet
 facet normal  3.2859980842e-01 -8.1430650121e-01 4.7846325667e-01
   outer loop
     vertex 1.2904374126e+01 -9.3425897108e-01 4.5369790529e-01
     vertex 1.3731561189e+01 -5.2311766146e-01 5.8533085727e-01
     vertex 1.2904374126e+01 -7.1401197697e-01 8.2854081471e-01
   endloop
 endfacet
 facet normal  3.5009559974e-01 -5.7013379007e-01 7.4322307046e-01
   outer loop
     vertex 1.2904374126e+01 -7.1401197697e-01 8.2854081471e-01
     vertex 1.3731561189e+01 -5.2311766146e-01 5.8533085727e-01
     vertex 1.3731561189e+01 -2.8445410226e-01 7.6841204105e-01
   endloop
 endfacet
 facet normal  3.5409876840e-01 -5.7908406040e-01 7.3435394273e-01
   outer loop
     vertex 1.2904374126e+01 -7.1401197697e-01 8.2854081471e-01
     vertex 1.3731561189e+01 -2.8445410226e-01 7.6841204105e-01
     vertex 1.2904374126e+01 -3.9066546283e-01 1.0835197852e+00
   endloop
 endfacet
 facet normal  3.7167582822e-01 -2.1592769050e-01 9.0290216036e-01
   outer loop
     vertex 1.2904374126e+01 -3.9066546283e-01 1.0835197852e+00
     vertex 1.3731561189e+01 -2.8445410226e-01 7.6841204105e-01
     vertex 1.3731561189e+01 -6.9944050551e-17 8.3643881079e-01
   endloop
 endfacet
 facet normal  3.7218786999e-01 -2.1736323914e-01 9.0234661395e-01
   outer loop
     vertex 1.2904374126e+01 -3.9066546283e-01 1.0835197852e+00
     vertex 1.3731561189e+01 -6.9944050551e-17 8.3643881079e-01
     vertex 1.2904374126e+01 -4.6629367034e-17 1.1776258739e+00
   endloop
 endfacet
 facet normal  3.7218786999e-01 2.1736323914e-01 9.0234661395e-01
   outer loop
     vertex 1.2904374126e+01 -4.6629367034e-17 1.1776258739e+00
     vertex 1.3731561189e+01 -6.9944050551e-17 8.3643881079e-01
     vertex 1.2904374126e+01 3.9066546283e-01 1.0835197852e+00
   endloop
 endfacet
 facet normal  3.7167582822e-01 2.1592769050e-01 9.0290216036e-01
   outer loop
     vertex 1.3731561189e+01 -6.9944050551e-17 8.3643881079e-01
     vertex 1.3731561189e+01 2.8445410226e-01 7.6841204105e-01
     vertex 1.2904374126e+01 3.9066546283e-01 1.0835197852e+00
   endloop
 endfacet
 facet normal  3.5409876840e-01 5.7908406040e-01 7.3435394273e-01
   outer loop
     vertex 1.2904374126e+01 3.9066546283e-01 1.0835197852e+00
     vertex 1.3731561189e+01 2.8445410226e-01 7.6841204105e-01
     vertex 1.2904374126e+01 7.1401197697e-01 8.2854081471e-01
   endloop
 endfacet
 facet normal  3.5009559974e-01 5.7013379007e-01 7.4322307046e-01
   outer loop
     vertex 1.3731561189e+01 2.8445410226e-01 7.6841204105e-01
     vertex 1.3731561189e+01 5.2311766146e-01 5.8533085727e-01
     vertex 1.2904374126e+01 7.1401197697e-01 8.2854081471e-01
   endloop
 endfacet
 facet normal  3.2859980842e-01 8.1430650121e-01 4.7846325667e-01
   outer loop
     vertex 1.2904374126e+01 7.1401197697e-01 8.2854081471e-01
     vertex 1.3731561189e+01 5.2311766146e-01 5.8533085727e-01
     vertex 1.2904374126e+01 9.3425897108e-01 4.5369790529e-01
   endloop
 endfacet
 facet normal  3.2170144348e-01 8.0620940793e-01 4.9652247868e-01
   outer loop
     vertex 1.3731561189e+01 5.2311766146e-01 5.8533085727e-01
     vertex 1.3731561189e+01 6.8733209263e-01 3.1869394754e-01
     vertex 1.2904374126e+01 9.3425897108e-01 4.5369790529e-01
   endloop
 endfacet
 facet normal  3.0705096050e-01 9.3674779653e-01 1.6799783732e-01
   outer loop
     vertex 1.2904374126e+01 9.3425897108e-01 4.5369790529e-01
     vertex 1.3731561189e+01 6.8733209263e-01 3.1869394754e-01
     vertex 1.2904374126e+01 1.0156258739e+00 0.0000000000e+00
   endloop
 endfacet
 facet normal  3.0237801537e-01 9.3613507928e-01 1.7949554076e-01
   outer loop
     vertex 1.3731561189e+01 6.8733209263e-01 3.1869394754e-01
     vertex 1.3731561189e+01 7.4843881079e-01 0.0000000000e+00
     vertex 1.2904374126e+01 1.0156258739e+00 0.0000000000e+00
   endloop
 endfacet
 facet normal  4.2182865014e-01 8.8743538682e-01 -1.8579296039e-01
   outer loop
     vertex 1.3731561189e+01 7.4843881079e-01 0.0000000000e+00
     vertex 1.4455832168e+01 4.0416783181e-01 0.0000000000e+00
     vertex 1.4455832168e+01 3.7038373031e-01 -1.6136890829e-01
   endloop
 endfacet
 facet normal  4.2586922864e-01 8.8859767502e-01 -1.7038066805e-01
   outer loop
     vertex 1.3731561189e+01 7.4843881079e-01 0.0000000000e+00
     vertex 1.4455832168e+01 3.7038373031e-01 -1.6136890829e-01
     vertex 1.3731561189e+01 6.8733209263e-01 -3.1869394754e-01
   endloop
 endfacet
 facet normal  4.3645439905e-01 7.5268348870e-01 -4.9292506874e-01
   outer loop
     vertex 1.3731561189e+01 6.8733209263e-01 -3.1869394754e-01
     vertex 1.4455832168e+01 3.7038373031e-01 -1.6136890829e-01
     vertex 1.4455832168e+01 2.8039624181e-01 -2.9877741330e-01
   endloop
 endfacet
 facet normal  4.4205761706e-01 7.6375965978e-01 -4.7037883168e-01
   outer loop
     vertex 1.3731561189e+01 6.8733209263e-01 -3.1869394754e-01
     vertex 1.4455832168e+01 2.8039624181e-01 -2.9877741330e-01
     vertex 1.3731561189e+01 5.2311766146e-01 -5.8533085727e-01
   endloop
 endfacet
 facet normal  4.5952094121e-01 5.2830365029e-01 -7.1395781225e-01
   outer loop
     vertex 1.3731561189e+01 5.2311766146e-01 -5.8533085727e-01
     vertex 1.4455832168e+01 2.8039624181e-01 -2.9877741330e-01
     vertex 1.4455832168e+01 1.5125259037e-01 -3.9433916961e-01
   endloop
 endfacet
 facet normal  4.6256222205e-01 5.3962374621e-01 -7.0345035593e-01
   outer loop
     vertex 1.3731561189e+01 5.2311766146e-01 -5.8533085727e-01
     vertex 1.4455832168e+01 1.5125259037e-01 -3.9433916961e-01
     vertex 1.3731561189e+01 2.8445410226e-01 -7.6841204105e-01
   endloop
 endfacet
 facet normal  4.7852138151e-01 2.0239736116e-01 -8.5443115324e-01
   outer loop
     vertex 1.3731561189e+01 2.8445410226e-01 -7.6841204105e-01
     vertex 1.4455832168e+01 1.5125259037e-01 -3.9433916961e-01
     vertex 1.4455832168e+01 -1.4210854715e-17 -4.3016783181e-01
   endloop
 endfacet
 facet normal  4.7891944937e-01 2.0418103697e-01 -8.5378350017e-01
   outer loop
     vertex 1.3731561189e+01 2.8445410226e-01 -7.6841204105e-01
     vertex 1.4455832168e+01 -1.4210854715e-17 -4.3016783181e-01
     vertex 1.3731561189e+01 -1.5987211555e-17 -8.3643881079e-01
   endloop
 endfacet
 facet normal  4.7891944937e-01 -2.0418103697e-01 -8.5378350017e-01
   outer loop
     vertex 1.3731561189e+01 -1.5987211555e-17 -8.3643881079e-01
     vertex 1.4455832168e+01 -1.4210854715e-17 -4.3016783181e-01
     vertex 1.3731561189e+01 -2.8445410226e-01 -7.6841204105e-01
   endloop
 endfacet
 facet normal  4.7852138151e-01 -2.0239736116e-01 -8.5443115324e-01
   outer loop
     vertex 1.4455832168e+01 -1.4210854715e-17 -4.3016783181e-01
     vertex 1.4455832168e+01 -1.5125259037e-01 -3.9433916961e-01
     vertex 1.3731561189e+01 -2.8445410226e-01 -7.6841204105e-01
   endloop
 endfacet
 facet normal  4.6256222205e-01 -5.3962374621e-01 -7.0345035593e-01
   outer loop
     vertex 1.3731561189e+01 -2.8445410226e-01 -7.6841204105e-01
     vertex 1.4455832168e+01 -1.5125259037e-01 -3.9433916961e-01
     vertex 1.3731561189e+01 -5.2311766146e-01 -5.8533085727e-01
   endloop
 endfacet
 facet normal  4.5952094121e-01 -5.2830365029e-01 -7.1395781225e-01
   outer loop
     vertex 1.4455832168e+01 -1.5125259037e-01 -3.9433916961e-01
     vertex 1.4455832168e+01 -2.8039624181e-01 -2.9877741330e-01
     vertex 1.3731561189e+01 -5.2311766146e-01 -5.8533085727e-01
   endloop
 endfacet
 facet normal  4.4205761706e-01 -7.6375965978e-01 -4.7037883168e-01
   outer loop
     vertex 1.3731561189e+01 -5.2311766146e-01 -5.8533085727e-01
     vertex 1.4455832168e+01 -2.8039624181e-01 -2.9877741330e-01
     vertex 1.3731561189e+01 -6.8733209263e-01 -3.1869394754e-01
   endloop
 endfacet
 facet normal  4.3645439905e-01 -7.5268348870e-01 -4.9292506874e-01
   outer loop
     vertex 1.4455832168e+01 -2.8039624181e-01 -2.9877741330e-01
     vertex 1.4455832168e+01 -3.7038373031e-01 -1.6136890829e-01
     vertex 1.3731561189e+01 -6.8733209263e-01 -3.1869394754e-01
   endloop
 endfacet
 facet normal  4.2586922864e-01 -8.8859767502e-01 -1.7038066805e-01
   outer loop
     vertex 1.3731561189e+01 -6.8733209263e-01 -3.1869394754e-01
     vertex 1.4455832168e+01 -3.7038373031e-01 -1.6136890829e-01
     vertex 1.3731561189e+01 -7.4843881079e-01 -3.1974423109e-17
   endloop
 endfacet
 facet normal  4.2182865014e-01 -8.8743538682e-01 -1.8579296039e-01
   outer loop
     vertex 1.4455832168e+01 -3.7038373031e-01 -1.6136890829e-01
     vertex 1.4455832168e+01 -4.0416783181e-01 -2.8421709430e-17
     vertex 1.3731561189e+01 -7.4843881079e-01 -3.1974423109e-17
   endloop
 endfacet
 facet normal  4.2182865014e-01 -8.8743538682e-01 1.8579296039e-01
   outer loop
     vertex 1.3731561189e+01 -7.4843881079e-01 -3.1974423109e-17
     vertex 1.4455832168e+01 -4.0416783181e-01 -2.8421709430e-17
     vertex 1.4455832168e+01 -3.7038373031e-01 1.6136890829e-01
   endloop
 endfacet
 facet normal  4.2586922864e-01 -8.8859767502e-01 1.7038066805e-01
   outer loop
     vertex 1.3731561189e+01 -7.4843881079e-01 -3.1974423109e-17
     vertex 1.4455832168e+01 -3.7038373031e-01 1.6136890829e-01
     vertex 1.3731561189e+01 -6.8733209263e-01 3.1869394754e-01
   endloop
 endfacet
 facet normal  4.3645439905e-01 -7.5268348870e-01 4.9292506874e-01
   outer loop
     vertex 1.3731561189e+01 -6.8733209263e-01 3.1869394754e-01
     vertex 1.4455832168e+01 -3.7038373031e-01 1.6136890829e-01
     vertex 1.4455832168e+01 -2.8039624181e-01 2.9877741330e-01
   endloop
 endfacet
 facet normal  4.4205761706e-01 -7.6375965978e-01 4.7037883168e-01
   outer loop
     vertex 1.3731561189e+01 -6.8733209263e-01 3.1869394754e-01
     vertex 1.4455832168e+01 -2.8039624181e-01 2.9877741330e-01
     vertex 1.3731561189e+01 -5.2311766146e-01 5.8533085727e-01
   endloop
 endfacet
 facet normal  4.5952094121e-01 -5.2830365029e-01 7.1395781225e-01
   outer loop
     vertex 1.3731561189e+01 -5.2311766146e-01 5.8533085727e-01
     vertex 1.4455832168e+01 -2.8039624181e-01 2.9877741330e-01
     vertex 1.4455832168e+01 -1.5125259037e-01 3.9433916961e-01
   endloop
 endfacet
 facet normal  4.6256222205e-01 -5.3962374621e-01 7.0345035593e-01
   outer loop
     vertex 1.3731561189e+01 -5.2311766146e-01 5.8533085727e-01
     vertex 1.4455832168e+01 -1.5125259037e-01 3.9433916961e-01
     vertex 1.3731561189e+01 -2.8445410226e-01 7.6841204105e-01
   endloop
 endfacet
 facet normal  4.7852138151e-01 -2.0239736116e-01 8.5443115324e-01
   outer loop
     vertex 1.3731561189e+01 -2.8445410226e-01 7.6841204105e-01
     vertex 1.4455832168e+01 -1.5125259037e-01 3.9433916961e-01
     vertex 1.4455832168e+01 -6.2172489379e-17 4.3016783181e-01
   endloop
 endfacet
 facet normal  4.7891944937e-01 -2.0418103697e-01 8.5378350017e-01
   outer loop
     vertex 1.3731561189e+01 -2.8445410226e-01 7.6841204105e-01
     vertex 1.4455832168e+01 -6.2172489379e-17 4.3016783181e-01
     vertex 1.3731561189e+01 -6.9944050551e-17 8.3643881079e-01
   endloop
 endfacet
 facet normal  4.7891944937e-01 2.0418103697e-01 8.5378350017e-01
   outer loop
     vertex 1.3731561189e+01 -6.9944050551e-17 8.3643881079e-01
     vertex 1.4455832168e+01 -6.2172489379e-17 4.3016783181e-01
     vertex 1.3731561189e+01 2.8445410226e-01 7.6841204105e-01
   endloop
 endfacet
 facet normal  4.7852138151e-01 2.0239736116e-01 8.5443115324e-01
   outer loop
     vertex 1.4455832168e+01 -6.2172489379e-17 4.3016783181e-01
     vertex 1.4455832168e+01 1.5125259037e-01 3.9433916961e-01
     vertex 1.3731561189e+01 2.8445410226e-01 7.6841204105e-01
   endloop
 endfacet
 facet normal  4.6256222205e-01 5.3962374621e-01 7.0345035593e-01
   outer loop
     vertex 1.3731561189e+01 2.8445410226e-01 7.6841204105e-01
     vertex 1.4455832168e+01 1.5125259037e-01 3.9433916961e-01
     vertex 1.3731561189e+01 5.2311766146e-01 5.8533085727e-01
   endloop
 endfacet
 facet normal  4.5952094121e-01 5.2830365029e-01 7.1395781225e-01
   outer loop
     vertex 1.4455832168e+01 1.5125259037e-01 3.9433916961e-01
     vertex 1.4455832168e+01 2.8039624181e-01 2.9877741330e-01
     vertex 1.3731561189e+01 5.2311766146e-01 5.8533085727e-01
   endloop
 endfacet
 facet normal  4.4205761706e-01 7.6375965978e-01 4.7037883168e-01
   outer loop
     vertex 1.3731561189e+01 5.2311766146e-01 5.8533085727e-01
     vertex 1.4455832168e+01 2.8039624181e-01 2.9877741330e-01
     vertex 1.3731561189e+01 6.8733209263e-01 3.1869394754e-01
   endloop
 endfacet
 facet normal  4.3645439905e-01 7.5268348870e-01 4.9292506874e-01
   outer loop
     vertex 1.4455832168e+01 2.8039624181e-01 2.9877741330e-01
     vertex 1.4455832168e+01 3.7038373031e-01 1.6136890829e-01
     vertex 1.3731561189e+01 6.8733209263e-01 3.1869394754e-01
   endloop
 endfacet
 facet normal  4.2586922864e-01 8.8859767502e-01 1.7038066805e-01
   outer loop
     vertex 1.3731561189e+01 6.8733209263e-01 3.1869394754e-01
     vertex 1.4455832168e+01 3.7038373031e-01 1.6136890829e-01
     vertex 1.3731561189e+01 7.4843881079e-01 0.0000000000e+00
   endloop
 endfacet
 facet normal  4.2182865014e-01 8.8743538682e-01 1.8579296039e-01
   outer loop
     vertex 1.4455832168e+01 3.7038373031e-01 1.6136890829e-01
     vertex 1.4455832168e+01 4.0416783181e-01 0.0000000000e+00
     vertex 1.3731561189e+01 7.4843881079e-01 0.0000000000e+00
   endloop
 endfacet
 facet normal  5.8800906947e-01 7.9168997440e-01 -1.6574775611e-01
   outer loop
     vertex 1.4455832168e+01 4.0416783181e-01 0.0000000000e+00
     vertex 1.5000000000e+01 0.0000000000e+00 0.0000000000e+00
     vertex 1.4455832168e+01 3.7038373031e-01 -1.6136890829e-01
   endloop
 endfacet
 facet normal  5.9059481801e-01 6.7508488552e-01 -4.4210650106e-01
   outer loop
     vertex 1.4455832168e+01 3.7038373031e-01 -1.6136890829e-01
     vertex 1.5000000000e+01 0.0000000000e+00 0.0000000000e+00
     vertex 1.4455832168e+01 2.8039624181e-01 -2.9877741330e-01
   endloop
 endfacet
 facet normal  5.9890178818e-01 4.7634901042e-01 -6.4374549970e-01
   outer loop
     vertex 1.4455832168e+01 2.8039624181e-01 -2.9877741330e-01
     vertex 1.5000000000e+01 0.0000000000e+00 0.0000000000e+00
     vertex 1.4455832168e+01 1.5125259037e-01 -3.9433916961e-01
   endloop
 endfacet
 facet normal  6.0970497000e-01 1.8270163801e-01 -7.7128461739e-01
   outer loop
     vertex 1.4455832168e+01 1.5125259037e-01 -3.9433916961e-01
     vertex 1.5000000000e+01 0.0000000000e+00 0.0000000000e+00
     vertex 1.4455832168e+01 -1.4210854715e-17 -4.3016783181e-01
   endloop
 endfacet
 facet normal  6.0970497000e-01 -1.8270163801e-01 -7.7128461739e-01
   outer loop
     vertex 1.4455832168e+01 -1.4210854715e-17 -4.3016783181e-01
     vertex 1.5000000000e+01 0.0000000000e+00 0.0000000000e+00
     vertex 1.4455832168e+01 -1.5125259037e-01 -3.9433916961e-01
   endloop
 endfacet
 facet normal  5.9890178818e-01 -4.7634901042e-01 -6.4374549970e-01
   outer loop
     vertex 1.4455832168e+01 -1.5125259037e-01 -3.9433916961e-01
     vertex 1.5000000000e+01 0.0000000000e+00 0.0000000000e+00
     vertex 1.4455832168e+01 -2.8039624181e-01 -2.9877741330e-01
   endloop
 endfacet
 facet normal  5.9059481801e-01 -6.7508488552e-01 -4.4210650106e-01
   outer loop
     vertex 1.4455832168e+01 -2.8039624181e-01 -2.9877741330e-01
     vertex 1.5000000000e+01 0.0000000000e+00 0.0000000000e+00
     vertex 1.4455832168e+01 -3.7038373031e-01 -1.6136890829e-01
   endloop
 endfacet
 facet normal  5.8800906947e-01 -7.9168997440e-01 -1.6574775611e-01
   outer loop
     vertex 1.4455832168e+01 -3.7038373031e-01 -1.6136890829e-01
     vertex 1.5000000000e+01 0.0000000000e+00 0.0000000000e+00
     vertex 1.4455832168e+01 -4.0416783181e-01 -2.8421709430e-17
   endloop
 endfacet
 facet normal  5.8800906947e-01 -7.9168997440e-01 1.6574775611e-01
   outer loop
     vertex 1.4455832168e+01 -4.0416783181e-01 -2.8421709430e-17
     vertex 1.5000000000e+01 0.0000000000e+00 0.0000000000e+00
     vertex 1.4455832168e+01 -3.7038373031e-01 1.6136890829e-01
   endloop
 endfacet
 facet normal  5.9059481801e-01 -6.7508488552e-01 4.4210650106e-01
   outer loop
     vertex 1.4455832168e+01 -3.7038373031e-01 1.6136890829e-01
     vertex 1.5000000000e+01 0.0000000000e+00 0.0000000000e+00
     vertex 1.4455832168e+01 -2.8039624181e-01 2.9877741330e-01
   endloop
 endfacet
 facet normal  5.9890178818e-01 -4.7634901042e-01 6.4374549970e-01
   outer loop
     vertex 1.4455832168e+01 -2.8039624181e-01 2.9877741330e-01
     vertex 1.5000000000e+01 0.0000000000e+00 0.0000000000e+00
     vertex 1.4455832168e+01 -1.5125259037e-01 3.9433916961e-01
   endloop
 endfacet
 facet normal  6.0970497000e-01 -1.8270163801e-01 7.7128461739e-01
   outer loop
     vertex 1.4455832168e+01 -1.5125259037e-01 3.9433916961e-01
     vertex 1.5000000000e+01 0.0000000000e+00 0.0000000000e+00
     vertex 1.4455832168e+01 -6.2172489379e-17 4.3016783181e-01
   endloop
 endfacet
 facet normal  6.0970497000e-01 1.8270163801e-01 7.7128461739e-01
   outer loop
     vertex 1.4455832168e+01 -6.2172489379e-17 4.3016783181e-01
     vertex 1.5000000000e+01 0.0000000000e+00 0.0000000000e+00
     vertex 1.4455832168e+01 1.5125259037e-01 3.9433916961e-01
   endloop
 endfacet
 facet normal  5.9890178818e-01 4.7634901042e-01 6.4374549970e-01
   outer loop
     vertex 1.4455832168e+01 1.5125259037e-01 3.9433916961e-01
     vertex 1.5000000000e+01 0.0000000000e+00 0.0000000000e+00
     vertex 1.4455832168e+01 2.8039624181e-01 2.9877741330e-01
   endloop
 endfacet
 facet normal  5.9059481801e-01 6.7508488552e-01 4.4210650106e-01
   outer loop
     vertex 1.4455832168e+01 2.8039624181e-01 2.9877741330e-01
     vertex 1.5000000000e+01 0.0000000000e+00 0.0000000000e+00
     vertex 1.4455832168e+01 3.7038373031e-01 1.6136890829e-01
   endloop
 endfacet
 facet normal  5.8800906947e-01 7.9168997440e-01 1.6574775611e-01
   outer loop
     vertex 1.4455832168e+01 3.7038373031e-01 1.6136890829e-01
     vertex 1.5000000000e+01 0.0000000000e+00 0.0000000000e+00
     vertex 1.4455832168e+01 4.0416783181e-01 0.0000000000e+00
   endloop
 endfacet
 facet normal  4.9491294583e-02 -2.1150118062e-02 -9.9855059174e-01
   outer loop
     vertex 8.0000000000e+00 0.0000000000e+00 0.0000000000e+00
     vertex 8.8031276455e+00 2.0000000000e+00 -2.5561140869e-03
     vertex 8.8547005384e+00 2.0000000000e+00 0.0000000000e+00
   endloop
 endfacet
 facet normal  4.9491294583e-02 -2.1150118062e-02 -9.9855059174e-01
   outer loop
     vertex 8.0000000000e+00 0.0000000000e+00 0.0000000000e+00
     vertex 7.9426967857e+00 0.0000000000e+00 -2.8401267633e-03
     vertex 8.8031276455e+00 2.0000000000e+00 -2.5561140869e-03
   endloop
 endfacet
 facet normal  4.9407956188e-02 -2.1114263905e-02 -9.9855547754e-01
   outer loop
     vertex 7.9426967857e+00 0.0000000000e+00 -2.8401267633e-03
     vertex 8.7290167949e+00 2.0000000000e+00 -6.2230767576e-03
     vertex 8.8031276455e+00 2.0000000000e+00 -2.5561140869e-03
   endloop
 endfacet
 facet normal  4.9407956188e-02 -2.1114263905e-02 -9.9855547754e-01
   outer loop
     vertex 7.9426967857e+00 0.0000000000e+00 -2.8401267633e-03
     vertex 7.8603513961e+00 0.0000000000e+00 -6.9145297307e-03
     vertex 8.7290167949e+00 2.0000000000e+00 -6.2230767576e-03
   endloop
 endfacet
 facet normal  4.9390080264e-02 -2.1106499444e-02 -9.9855652602e-01
   outer loop
     vertex 7.8603513961e+00 0.0000000000e+00 -6.9145297307e-03
     vertex 8.6247247202e+00 2.0000000000e+00 -1.1381516773e-02
     vertex 8.7290167949e+00 2.0000000000e+00 -6.2230767576e-03
   endloop
 endfacet
 facet normal  4.9390080264e-02 -2.1106499444e-02 -9.9855652602e-01
   outer loop
     vertex 7.8603513961e+00 0.0000000000e+00 -6.9145297307e-03
     vertex 7.7444713131e+00 0.0000000000e+00 -1.2646129748e-02
     vertex 8.6247247202e+00 2.0000000000e+00 -1.1381516773e-02
   endloop
 endfacet
 facet normal  4.9558632060e-02 -2.1180689864e-02 -9.9854660400e-01
   outer loop
     vertex 7.7444713131e+00 0.0000000000e+00 -1.2646129748e-02
     vertex 8.4822034613e+00 2.0000000000e+00 -1.8454955908e-02
     vertex 8.6247247202e+00 2.0000000000e+00 -1.1381516773e-02
   endloop
 endfacet
 facet normal  4.9558632060e-02 -2.1180689864e-02 -9.9854660400e-01
   outer loop
     vertex 7.7444713131e+00 0.0000000000e+00 -1.2646129748e-02
     vertex 7.5861143588e+00 0.0000000000e+00 -2.0505506564e-02
     vertex 8.4822034613e+00 2.0000000000e+00 -1.8454955908e-02
   endloop
 endfacet
 facet normal  4.9955357370e-02 -2.1358464629e-02 -9.9852304844e-01
   outer loop
     vertex 7.5861143588e+00 0.0000000000e+00 -2.0505506564e-02
     vertex 8.2950538918e+00 2.0000000000e+00 -2.7817908160e-02
     vertex 8.4822034613e+00 2.0000000000e+00 -1.8454955908e-02
   endloop
 endfacet
 facet normal  4.9955357370e-02 -2.1358464629e-02 -9.9852304844e-01
   outer loop
     vertex 7.5861143588e+00 0.0000000000e+00 -2.0505506564e-02
     vertex 7.3781703927e+00 0.0000000000e+00 -3.0908786845e-02
     vertex 8.2950538918e+00 2.0000000000e+00 -2.7817908160e-02
   endloop
 endfacet
 facet normal  5.0266836900e-02 -2.1501288745e-02 -9.9850435136e-01
   outer loop
     vertex 7.3781703927e+00 0.0000000000e+00 -3.0908786845e-02
     vertex 8.0617605006e+00 2.0000000000e+00 -3.9562394633e-02
     vertex 8.2950538918e+00 2.0000000000e+00 -2.7817908160e-02
   endloop
 endfacet
 facet normal  5.0266836900e-02 -2.1501288745e-02 -9.9850435136e-01
   outer loop
     vertex 7.3781703927e+00 0.0000000000e+00 -3.0908786845e-02
     vertex 7.1189555136e+00 0.0000000000e+00 -4.3958216258e-02
     vertex 8.0617605006e+00 2.0000000000e+00 -3.9562394633e-02
   endloop
 endfacet
 facet normal  4.9606649997e-02 -2.1189987799e-02 -9.9854402241e-01
   outer loop
     vertex 7.1189555136e+00 0.0000000000e+00 -4.3958216258e-02
     vertex 7.7890864189e+00 2.0000000000e+00 -5.3108565285e-02
     vertex 8.0617605006e+00 2.0000000000e+00 -3.9562394633e-02
   endloop
 endfacet
 facet normal  4.9606649997e-02 -2.1189987799e-02 -9.9854402241e-01
   outer loop
     vertex 7.1189555136e+00 0.0000000000e+00 -4.3958216258e-02
     vertex 6.8159843117e+00 0.0000000000e+00 -5.9009516983e-02
     vertex 7.7890864189e+00 2.0000000000e+00 -5.3108565285e-02
   endloop
 endfacet
 facet normal  4.6034839081e-02 -1.9451510418e-02 -9.9875043546e-01
   outer loop
     vertex 6.8159843117e+00 0.0000000000e+00 -5.9009516983e-02
     vertex 7.4933531938e+00 2.0000000000e+00 -6.6739629610e-02
     vertex 7.7890864189e+00 2.0000000000e+00 -5.3108565285e-02
   endloop
 endfacet
 facet normal  4.6034839081e-02 -1.9451510418e-02 -9.9875043546e-01
   outer loop
     vertex 6.8159843117e+00 0.0000000000e+00 -5.9009516983e-02
     vertex 6.4873918394e+00 0.0000000000e+00 -7.4155144011e-02
     vertex 7.4933531938e+00 2.0000000000e+00 -6.6739629610e-02
   endloop
 endfacet
 facet normal  3.6988293619e-02 -1.4899588857e-02 -9.9920461788e-01
   outer loop
     vertex 6.4873918394e+00 0.0000000000e+00 -7.4155144011e-02
     vertex 6.1586771004e+00 0.0000000000e+00 -8.6323419723e-02
     vertex 7.4933531938e+00 2.0000000000e+00 -6.6739629610e-02
   endloop
 endfacet
 facet normal  3.6988293619e-02 -1.4899588857e-02 -9.9920461788e-01
   outer loop
     vertex 7.4933531938e+00 2.0000000000e+00 -6.6739629610e-02
     vertex 6.1586771004e+00 0.0000000000e+00 -8.6323419723e-02
     vertex 7.1975099287e+00 2.0000000000e+00 -7.7691077751e-02
   endloop
 endfacet
 facet normal  2.8269888800e-02 -1.0369630497e-02 -9.9954653926e-01
   outer loop
     vertex 6.1586771004e+00 0.0000000000e+00 -8.6323419723e-02
     vertex 5.8554544591e+00 0.0000000000e+00 -9.4899378934e-02
     vertex 7.1975099287e+00 2.0000000000e+00 -7.7691077751e-02
   endloop
 endfacet
 facet normal  2.8269888800e-02 -1.0369630497e-02 -9.9954653926e-01
   outer loop
     vertex 7.1975099287e+00 2.0000000000e+00 -7.7691077751e-02
     vertex 5.8554544591e+00 0.0000000000e+00 -9.4899378934e-02
     vertex 6.9246095515e+00 2.0000000000e+00 -8.5409441041e-02
   endloop
 endfacet
 facet normal  1.2873437228e-02 -2.1372855740e-03 -9.9991484969e-01
   outer loop
     vertex 5.8554544591e+00 0.0000000000e+00 -9.4899378934e-02
     vertex 5.5959378273e+00 0.0000000000e+00 -9.8240534504e-02
     vertex 6.9246095515e+00 2.0000000000e+00 -8.5409441041e-02
   endloop
 endfacet
 facet normal  1.2873437228e-02 -2.1372855740e-03 -9.9991484969e-01
   outer loop
     vertex 6.9246095515e+00 2.0000000000e+00 -8.5409441041e-02
     vertex 5.5959378273e+00 0.0000000000e+00 -9.8240534504e-02
     vertex 6.6910445829e+00 2.0000000000e+00 -8.8416481054e-02
   endloop
 endfacet
 facet normal  -1.7529606656e-02 1.4509150167e-02 -9.9974106520e-01
   outer loop
     vertex 5.5959378273e+00 0.0000000000e+00 -9.8240534504e-02
     vertex 5.3877787385e+00 0.0000000000e+00 -9.4590642471e-02
     vertex 6.6910445829e+00 2.0000000000e+00 -8.8416481054e-02
   endloop
 endfacet
 facet normal  -1.7529606656e-02 1.4509150167e-02 -9.9974106520e-01
   outer loop
     vertex 6.6910445829e+00 2.0000000000e+00 -8.8416481054e-02
     vertex 5.3877787385e+00 0.0000000000e+00 -9.4590642471e-02
     vertex 6.5037014030e+00 2.0000000000e+00 -8.5131578224e-02
   endloop
 endfacet
 facet normal  -6.7413880947e-02 4.2328863120e-02 -9.9682678335e-01
   outer loop
     vertex 5.3877787385e+00 0.0000000000e+00 -9.4590642471e-02
     vertex 5.2296135391e+00 0.0000000000e+00 -8.3894170331e-02
     vertex 6.5037014030e+00 2.0000000000e+00 -8.5131578224e-02
   endloop
 endfacet
 facet normal  -6.7413880947e-02 4.2328863120e-02 -9.9682678335e-01
   outer loop
     vertex 6.5037014030e+00 2.0000000000e+00 -8.5131578224e-02
     vertex 5.2296135391e+00 0.0000000000e+00 -8.3894170331e-02
     vertex 6.3613527236e+00 2.0000000000e+00 -7.5504753298e-02
   endloop
 endfacet
 facet normal  -1.4943835937e-01 8.8693509812e-02 -9.8478507202e-01
   outer loop
     vertex 5.2296135391e+00 0.0000000000e+00 -8.3894170331e-02
     vertex 5.1149610771e+00 0.0000000000e+00 -6.6495982331e-02
     vertex 6.3613527236e+00 2.0000000000e+00 -7.5504753298e-02
   endloop
 endfacet
 facet normal  -1.4943835937e-01 8.8693509812e-02 -9.8478507202e-01
   outer loop
     vertex 6.3613527236e+00 2.0000000000e+00 -7.5504753298e-02
     vertex 5.1149610771e+00 0.0000000000e+00 -6.6495982331e-02
     vertex 6.2581655078e+00 2.0000000000e+00 -5.9846384097e-02
   endloop
 endfacet
 facet normal  -3.0565923265e-01 1.7782547140e-01 -9.3538790628e-01
   outer loop
     vertex 5.1149610771e+00 0.0000000000e+00 -6.6495982331e-02
     vertex 5.0367976900e+00 0.0000000000e+00 -4.0954321203e-02
     vertex 6.2581655078e+00 2.0000000000e+00 -5.9846384097e-02
   endloop
 endfacet
 facet normal  -3.0565923265e-01 1.7782547140e-01 -9.3538790628e-01
   outer loop
     vertex 6.2581655078e+00 2.0000000000e+00 -5.9846384097e-02
     vertex 5.0367976900e+00 0.0000000000e+00 -4.0954321203e-02
     vertex 6.1878184594e+00 2.0000000000e+00 -3.6858889082e-02
   endloop
 endfacet
 facet normal  -6.8348280857e-01 3.9460898352e-01 -6.1411318217e-01
   outer loop
     vertex 5.0367976900e+00 0.0000000000e+00 -4.0954321203e-02
     vertex 5.0000000000e+00 0.0000000000e+00 0.0000000000e+00
     vertex 6.1878184594e+00 2.0000000000e+00 -3.6858889082e-02
   endloop
 endfacet
 facet normal  -6.8348280857e-01 3.9460898352e-01 -6.1411318217e-01
   outer loop
     vertex 6.1878184594e+00 2.0000000000e+00 -3.6858889082e-02
     vertex 5.0000000000e+00 0.0000000000e+00 0.0000000000e+00
     vertex 6.1547005384e+00 2.0000000000e+00 0.0000000000e+00
   endloop
 endfacet
 facet normal  -7.6833253923e-01 4.4359699835e-01 4.6139658885e-01
   outer loop
     vertex 5.0000000000e+00 0.0000000000e+00 0.0000000000e+00
     vertex 6.1804922728e+00 2.0000000000e+00 4.2949231233e-02
     vertex 6.1547005384e+00 2.0000000000e+00 0.0000000000e+00
   endloop
 endfacet
 facet normal  -7.6833253923e-01 4.4359699835e-01 4.6139658885e-01
   outer loop
     vertex 5.0000000000e+00 0.0000000000e+00 0.0000000000e+00
     vertex 5.0286574827e+00 0.0000000000e+00 4.7721368036e-02
     vertex 6.1804922728e+00 2.0000000000e+00 4.2949231233e-02
   endloop
 endfacet
 facet normal  -4.6008269076e-01 2.6699010518e-01 8.4678226328e-01
   outer loop
     vertex 5.0286574827e+00 0.0000000000e+00 4.7721368036e-02
     vertex 6.2462908321e+00 2.0000000000e+00 7.8699600038e-02
     vertex 6.1804922728e+00 2.0000000000e+00 4.2949231233e-02
   endloop
 endfacet
 facet normal  -4.6008269076e-01 2.6699010518e-01 8.4678226328e-01
   outer loop
     vertex 5.0286574827e+00 0.0000000000e+00 4.7721368036e-02
     vertex 5.1017669930e+00 0.0000000000e+00 8.7444000042e-02
     vertex 6.2462908321e+00 2.0000000000e+00 7.8699600038e-02
   endloop
 endfacet
 facet normal  -3.0805732288e-01 1.8037360133e-01 9.3411243957e-01
   outer loop
     vertex 5.1017669930e+00 0.0000000000e+00 8.7444000042e-02
     vertex 6.3465871292e+00 2.0000000000e+00 1.1177592733e-01
     vertex 6.2462908321e+00 2.0000000000e+00 7.8699600038e-02
   endloop
 endfacet
 facet normal  -3.0805732288e-01 1.8037360133e-01 9.3411243957e-01
   outer loop
     vertex 5.1017669930e+00 0.0000000000e+00 8.7444000042e-02
     vertex 5.2132073231e+00 0.0000000000e+00 1.2419547481e-01
     vertex 6.3465871292e+00 2.0000000000e+00 1.1177592733e-01
   endloop
 endfacet
 facet normal  -2.1119654447e-01 1.2570225108e-01 9.6932706744e-01
   outer loop
     vertex 5.2132073231e+00 0.0000000000e+00 1.2419547481e-01
     vertex 6.4876504675e+00 2.0000000000e+00 1.4251074389e-01
     vertex 6.3465871292e+00 2.0000000000e+00 1.1177592733e-01
   endloop
 endfacet
 facet normal  -2.1119654447e-01 1.2570225108e-01 9.6932706744e-01
   outer loop
     vertex 5.2132073231e+00 0.0000000000e+00 1.2419547481e-01
     vertex 5.3699443657e+00 0.0000000000e+00 1.5834527099e-01
     vertex 6.4876504675e+00 2.0000000000e+00 1.4251074389e-01
   endloop
 endfacet
 facet normal  -1.3469990216e-01 8.3094926877e-02 9.8739615630e-01
   outer loop
     vertex 5.3699443657e+00 0.0000000000e+00 1.5834527099e-01
     vertex 6.6755136971e+00 2.0000000000e+00 1.6813891601e-01
     vertex 6.4876504675e+00 2.0000000000e+00 1.4251074389e-01
   endloop
 endfacet
 facet normal  -1.3469990216e-01 8.3094926877e-02 9.8739615630e-01
   outer loop
     vertex 5.3699443657e+00 0.0000000000e+00 1.5834527099e-01
     vertex 5.5786812874e+00 0.0000000000e+00 1.8682101779e-01
     vertex 6.6755136971e+00 2.0000000000e+00 1.6813891601e-01
   endloop
 endfacet
 facet normal  -6.7390971847e-02 4.6268089841e-02 9.9665326005e-01
   outer loop
     vertex 5.5786812874e+00 0.0000000000e+00 1.8682101779e-01
     vertex 6.9113419717e+00 2.0000000000e+00 1.8408497996e-01
     vertex 6.6755136971e+00 2.0000000000e+00 1.6813891601e-01
   endloop
 endfacet
 facet normal  -6.7390971847e-02 4.6268089841e-02 9.9665326005e-01
   outer loop
     vertex 5.5786812874e+00 0.0000000000e+00 1.8682101779e-01
     vertex 5.8407127037e+00 0.0000000000e+00 2.0453886662e-01
     vertex 6.9113419717e+00 2.0000000000e+00 1.8408497996e-01
   endloop
 endfacet
 facet normal  -6.0618057080e-03 1.3470800774e-02 9.9989089007e-01
   outer loop
     vertex 5.8407127037e+00 0.0000000000e+00 2.0453886662e-01
     vertex 7.1876017400e+00 2.0000000000e+00 1.8575979574e-01
     vertex 6.9113419717e+00 2.0000000000e+00 1.8408497996e-01
   endloop
 endfacet
 facet normal  -6.0618057080e-03 1.3470800774e-02 9.9989089007e-01
   outer loop
     vertex 5.8407127037e+00 0.0000000000e+00 2.0453886662e-01
     vertex 6.1476680017e+00 0.0000000000e+00 2.0639977304e-01
     vertex 7.1876017400e+00 2.0000000000e+00 1.8575979574e-01
   endloop
 endfacet
 facet normal  4.4163729881e-02 -1.2654584002e-02 9.9894415583e-01
   outer loop
     vertex 6.1476680017e+00 0.0000000000e+00 2.0639977304e-01
     vertex 7.4869087267e+00 2.0000000000e+00 1.7252731138e-01
     vertex 7.1876017400e+00 2.0000000000e+00 1.8575979574e-01
   endloop
 endfacet
 facet normal  4.4163729881e-02 -1.2654584002e-02 9.9894415583e-01
   outer loop
     vertex 6.1476680017e+00 0.0000000000e+00 2.0639977304e-01
     vertex 6.4802313203e+00 0.0000000000e+00 1.9169701265e-01
     vertex 7.4869087267e+00 2.0000000000e+00 1.7252731138e-01
   endloop
 endfacet
 facet normal  7.8112134685e-02 -2.9765555687e-02 9.9650012850e-01
   outer loop
     vertex 6.4802313203e+00 0.0000000000e+00 1.9169701265e-01
     vertex 6.8121092545e+00 0.0000000000e+00 1.6568227050e-01
     vertex 7.4869087267e+00 2.0000000000e+00 1.7252731138e-01
   endloop
 endfacet
 facet normal  7.8112134685e-02 -2.9765555687e-02 9.9650012850e-01
   outer loop
     vertex 7.4869087267e+00 2.0000000000e+00 1.7252731138e-01
     vertex 6.8121092545e+00 0.0000000000e+00 1.6568227050e-01
     vertex 7.7855988674e+00 2.0000000000e+00 1.4911404345e-01
   endloop
 endfacet
 facet normal  1.0514326814e-01 -4.2947430433e-02 9.9352927052e-01
   outer loop
     vertex 6.8121092545e+00 0.0000000000e+00 1.6568227050e-01
     vertex 7.1173994156e+00 0.0000000000e+00 1.3337400720e-01
     vertex 7.7855988674e+00 2.0000000000e+00 1.4911404345e-01
   endloop
 endfacet
 facet normal  1.0514326814e-01 -4.2947430433e-02 9.9352927052e-01
   outer loop
     vertex 7.7855988674e+00 2.0000000000e+00 1.4911404345e-01
     vertex 7.1173994156e+00 0.0000000000e+00 1.3337400720e-01
     vertex 8.0603600124e+00 2.0000000000e+00 1.2003660648e-01
   endloop
 endfacet
 facet normal  1.2663191366e-01 -5.3098920890e-02 9.9052756804e-01
   outer loop
     vertex 7.1173994156e+00 0.0000000000e+00 1.3337400720e-01
     vertex 7.3779478454e+00 0.0000000000e+00 1.0006474118e-01
     vertex 8.0603600124e+00 2.0000000000e+00 1.2003660648e-01
   endloop
 endfacet
 facet normal  1.2663191366e-01 -5.3098920890e-02 9.9052756804e-01
   outer loop
     vertex 8.0603600124e+00 2.0000000000e+00 1.2003660648e-01
     vertex 7.3779478454e+00 0.0000000000e+00 1.0006474118e-01
     vertex 8.2948535992e+00 2.0000000000e+00 9.0058267058e-02
   endloop
 endfacet
 facet normal  1.4355114735e-01 -6.0869393038e-02 9.8776919626e-01
   outer loop
     vertex 7.3779478454e+00 0.0000000000e+00 1.0006474118e-01
     vertex 7.5864697222e+00 0.0000000000e+00 6.9760541804e-02
     vertex 8.2948535992e+00 2.0000000000e+00 9.0058267058e-02
   endloop
 endfacet
 facet normal  1.4355114735e-01 -6.0869393038e-02 9.8776919626e-01
   outer loop
     vertex 8.2948535992e+00 2.0000000000e+00 9.0058267058e-02
     vertex 7.5864697222e+00 0.0000000000e+00 6.9760541804e-02
     vertex 8.4825232883e+00 2.0000000000e+00 6.2784487624e-02
   endloop
 endfacet
 facet normal  1.5663145224e-01 -6.6737984719e-02 9.8539973085e-01
   outer loop
     vertex 7.5864697222e+00 0.0000000000e+00 6.9760541804e-02
     vertex 7.7449430978e+00 0.0000000000e+00 4.4570850565e-02
     vertex 8.4825232883e+00 2.0000000000e+00 6.2784487624e-02
   endloop
 endfacet
 facet normal  1.5663145224e-01 -6.6737984719e-02 9.8539973085e-01
   outer loop
     vertex 8.4825232883e+00 2.0000000000e+00 6.2784487624e-02
     vertex 7.7449430978e+00 0.0000000000e+00 4.4570850565e-02
     vertex 8.6251493264e+00 2.0000000000e+00 4.0113765508e-02
   endloop
 endfacet
 facet normal  1.6652924398e-01 -7.1098334405e-02 9.8346989672e-01
   outer loop
     vertex 7.7449430978e+00 0.0000000000e+00 4.4570850565e-02
     vertex 7.8607153838e+00 0.0000000000e+00 2.4967331105e-02
     vertex 8.6251493264e+00 2.0000000000e+00 4.0113765508e-02
   endloop
 endfacet
 facet normal  1.6652924398e-01 -7.1098334405e-02 9.8346989672e-01
   outer loop
     vertex 8.6251493264e+00 2.0000000000e+00 4.0113765508e-02
     vertex 7.8607153838e+00 0.0000000000e+00 2.4967331105e-02
     vertex 8.7293443838e+00 2.0000000000e+00 2.2470597994e-02
   endloop
 endfacet
 facet normal  1.7381044349e-01 -7.4262531046e-02 9.8197505376e-01
   outer loop
     vertex 7.8607153838e+00 0.0000000000e+00 2.4967331105e-02
     vertex 7.9428781992e+00 0.0000000000e+00 1.0424440910e-02
     vertex 8.7293443838e+00 2.0000000000e+00 2.2470597994e-02
   endloop
 endfacet
 facet normal  1.7381044349e-01 -7.4262531046e-02 9.8197505376e-01
   outer loop
     vertex 8.7293443838e+00 2.0000000000e+00 2.2470597994e-02
     vertex 7.9428781992e+00 0.0000000000e+00 1.0424440910e-02
     vertex 8.8032909176e+00 2.0000000000e+00 9.3819968187e-03
   endloop
 endfacet
 facet normal  1.7900381866e-01 -7.6497330090e-02 9.8086991563e-01
   outer loop
     vertex 7.9428781992e+00 0.0000000000e+00 1.0424440910e-02
     vertex 8.0000000000e+00 0.0000000000e+00 0.0000000000e+00
     vertex 8.8032909176e+00 2.0000000000e+00 9.3819968187e-03
   endloop
 endfacet
 facet normal  1.7900381866e-01 -7.6497330090e-02 9.8086991563e-01
   outer loop
     vertex 8.8032909176e+00 2.0000000000e+00 9.3819968187e-03
     vertex 8.0000000000e+00 0.0000000000e+00 0.0000000000e+00
     vertex 8.8547005384e+00 2.0000000000e+00 0.0000000000e+00
   endloop
 endfacet
 facet normal  4.9491294583e-02 -2.1150118062e-02 -9.9855059174e-01
   outer loop
     vertex 8.8547005384e+00 2.0000000000e+00 0.0000000000e+00
     vertex 9.6635585053e+00 4.0000000000e+00 -2.2721014106e-03
     vertex 9.7094010768e+00 4.0000000000e+00 0.0000000000e+00
   endloop
 endfacet
 facet normal  4.9491294583e-02 -2.1150118062e-02 -9.9855059174e-01
   outer loop
     vertex 8.8547005384e+00 2.0000000000e+00 0.0000000000e+00
     vertex 8.8031276455e+00 2.0000000000e+00 -2.5561140869e-03
     vertex 9.6635585053e+00 4.0000000000e+00 -2.2721014106e-03
   endloop
 endfacet
 facet normal  4.9407956188e-02 -2.1114263905e-02 -9.9855547754e-01
   outer loop
     vertex 8.8031276455e+00 2.0000000000e+00 -2.5561140869e-03
     vertex 9.5976821936e+00 4.0000000000e+00 -5.5316237846e-03
     vertex 9.6635585053e+00 4.0000000000e+00 -2.2721014106e-03
   endloop
 endfacet
 facet normal  4.9407956188e-02 -2.1114263905e-02 -9.9855547754e-01
   outer loop
     vertex 8.8031276455e+00 2.0000000000e+00 -2.5561140869e-03
     vertex 8.7290167949e+00 2.0000000000e+00 -6.2230767576e-03
     vertex 9.5976821936e+00 4.0000000000e+00 -5.5316237846e-03
   endloop
 endfacet
 facet normal  4.9390080264e-02 -2.1106499444e-02 -9.9855652602e-01
   outer loop
     vertex 8.7290167949e+00 2.0000000000e+00 -6.2230767576e-03
     vertex 9.5049781272e+00 4.0000000000e+00 -1.0116903798e-02
     vertex 9.5976821936e+00 4.0000000000e+00 -5.5316237846e-03
   endloop
 endfacet
 facet normal  4.9390080264e-02 -2.1106499444e-02 -9.9855652602e-01
   outer loop
     vertex 8.7290167949e+00 2.0000000000e+00 -6.2230767576e-03
     vertex 8.6247247202e+00 2.0000000000e+00 -1.1381516773e-02
     vertex 9.5049781272e+00 4.0000000000e+00 -1.0116903798e-02
   endloop
 endfacet
 facet normal  4.9558632060e-02 -2.1180689864e-02 -9.9854660400e-01
   outer loop
     vertex 8.6247247202e+00 2.0000000000e+00 -1.1381516773e-02
     vertex 9.3782925638e+00 4.0000000000e+00 -1.6404405251e-02
     vertex 9.5049781272e+00 4.0000000000e+00 -1.0116903798e-02
   endloop
 endfacet
 facet normal  4.9558632060e-02 -2.1180689864e-02 -9.9854660400e-01
   outer loop
     vertex 8.6247247202e+00 2.0000000000e+00 -1.1381516773e-02
     vertex 8.4822034613e+00 2.0000000000e+00 -1.8454955908e-02
     vertex 9.3782925638e+00 4.0000000000e+00 -1.6404405251e-02
   endloop
 endfacet
 facet normal  4.9955357370e-02 -2.1358464629e-02 -9.9852304844e-01
   outer loop
     vertex 8.4822034613e+00 2.0000000000e+00 -1.8454955908e-02
     vertex 9.2119373909e+00 4.0000000000e+00 -2.4727029476e-02
     vertex 9.3782925638e+00 4.0000000000e+00 -1.6404405251e-02
   endloop
 endfacet
 facet normal  4.9955357370e-02 -2.1358464629e-02 -9.9852304844e-01
   outer loop
     vertex 8.4822034613e+00 2.0000000000e+00 -1.8454955908e-02
     vertex 8.2950538918e+00 2.0000000000e+00 -2.7817908160e-02
     vertex 9.2119373909e+00 4.0000000000e+00 -2.4727029476e-02
   endloop
 endfacet
 facet normal  5.0266836900e-02 -2.1501288745e-02 -9.9850435136e-01
   outer loop
     vertex 8.2950538918e+00 2.0000000000e+00 -2.7817908160e-02
     vertex 9.0045654876e+00 4.0000000000e+00 -3.5166573007e-02
     vertex 9.2119373909e+00 4.0000000000e+00 -2.4727029476e-02
   endloop
 endfacet
 facet normal  5.0266836900e-02 -2.1501288745e-02 -9.9850435136e-01
   outer loop
     vertex 8.2950538918e+00 2.0000000000e+00 -2.7817908160e-02
     vertex 8.0617605006e+00 2.0000000000e+00 -3.9562394633e-02
     vertex 9.0045654876e+00 4.0000000000e+00 -3.5166573007e-02
   endloop
 endfacet
 facet normal  4.9606649997e-02 -2.1189987799e-02 -9.9854402241e-01
   outer loop
     vertex 8.0617605006e+00 2.0000000000e+00 -3.9562394633e-02
     vertex 8.7621885262e+00 4.0000000000e+00 -4.7207613587e-02
     vertex 9.0045654876e+00 4.0000000000e+00 -3.5166573007e-02
   endloop
 endfacet
 facet normal  4.9606649997e-02 -2.1189987799e-02 -9.9854402241e-01
   outer loop
     vertex 8.0617605006e+00 2.0000000000e+00 -3.9562394633e-02
     vertex 7.7890864189e+00 2.0000000000e+00 -5.3108565285e-02
     vertex 8.7621885262e+00 4.0000000000e+00 -4.7207613587e-02
   endloop
 endfacet
 facet normal  4.6034839081e-02 -1.9451510418e-02 -9.9875043546e-01
   outer loop
     vertex 7.7890864189e+00 2.0000000000e+00 -5.3108565285e-02
     vertex 8.4993145483e+00 4.0000000000e+00 -5.9324115209e-02
     vertex 8.7621885262e+00 4.0000000000e+00 -4.7207613587e-02
   endloop
 endfacet
 facet normal  4.6034839081e-02 -1.9451510418e-02 -9.9875043546e-01
   outer loop
     vertex 7.7890864189e+00 2.0000000000e+00 -5.3108565285e-02
     vertex 7.4933531938e+00 2.0000000000e+00 -6.6739629610e-02
     vertex 8.4993145483e+00 4.0000000000e+00 -5.9324115209e-02
   endloop
 endfacet
 facet normal  3.6988293619e-02 -1.4899588857e-02 -9.9920461788e-01
   outer loop
     vertex 7.4933531938e+00 2.0000000000e+00 -6.6739629610e-02
     vertex 7.1975099287e+00 2.0000000000e+00 -7.7691077751e-02
     vertex 8.4993145483e+00 4.0000000000e+00 -5.9324115209e-02
   endloop
 endfacet
 facet normal  3.6988293619e-02 -1.4899588857e-02 -9.9920461788e-01
   outer loop
     vertex 8.4993145483e+00 4.0000000000e+00 -5.9324115209e-02
     vertex 7.1975099287e+00 2.0000000000e+00 -7.7691077751e-02
     vertex 8.2363427570e+00 4.0000000000e+00 -6.9058735779e-02
   endloop
 endfacet
 facet normal  2.8269888800e-02 -1.0369630497e-02 -9.9954653926e-01
   outer loop
     vertex 7.1975099287e+00 2.0000000000e+00 -7.7691077751e-02
     vertex 6.9246095515e+00 2.0000000000e+00 -8.5409441041e-02
     vertex 8.2363427570e+00 4.0000000000e+00 -6.9058735779e-02
   endloop
 endfacet
 facet normal  2.8269888800e-02 -1.0369630497e-02 -9.9954653926e-01
   outer loop
     vertex 8.2363427570e+00 4.0000000000e+00 -6.9058735779e-02
     vertex 6.9246095515e+00 2.0000000000e+00 -8.5409441041e-02
     vertex 7.9937646440e+00 4.0000000000e+00 -7.5919503148e-02
   endloop
 endfacet
 facet normal  1.2873437228e-02 -2.1372855740e-03 -9.9991484969e-01
   outer loop
     vertex 6.9246095515e+00 2.0000000000e+00 -8.5409441041e-02
     vertex 6.6910445829e+00 2.0000000000e+00 -8.8416481054e-02
     vertex 7.9937646440e+00 4.0000000000e+00 -7.5919503148e-02
   endloop
 endfacet
 facet normal  1.2873437228e-02 -2.1372855740e-03 -9.9991484969e-01
   outer loop
     vertex 7.9937646440e+00 4.0000000000e+00 -7.5919503148e-02
     vertex 6.6910445829e+00 2.0000000000e+00 -8.8416481054e-02
     vertex 7.7861513386e+00 4.0000000000e+00 -7.8592427603e-02
   endloop
 endfacet
 facet normal  -1.7529606656e-02 1.4509150167e-02 -9.9974106520e-01
   outer loop
     vertex 6.6910445829e+00 2.0000000000e+00 -8.8416481054e-02
     vertex 6.5037014030e+00 2.0000000000e+00 -8.5131578224e-02
     vertex 7.7861513386e+00 4.0000000000e+00 -7.8592427603e-02
   endloop
 endfacet
 facet normal  -1.7529606656e-02 1.4509150167e-02 -9.9974106520e-01
   outer loop
     vertex 7.7861513386e+00 4.0000000000e+00 -7.8592427603e-02
     vertex 6.5037014030e+00 2.0000000000e+00 -8.5131578224e-02
     vertex 7.6196240675e+00 4.0000000000e+00 -7.5672513977e-02
   endloop
 endfacet
 facet normal  -6.7413880947e-02 4.2328863120e-02 -9.9682678335e-01
   outer loop
     vertex 6.5037014030e+00 2.0000000000e+00 -8.5131578224e-02
     vertex 6.3613527236e+00 2.0000000000e+00 -7.5504753298e-02
     vertex 7.6196240675e+00 4.0000000000e+00 -7.5672513977e-02
   endloop
 endfacet
 facet normal  -6.7413880947e-02 4.2328863120e-02 -9.9682678335e-01
   outer loop
     vertex 7.6196240675e+00 4.0000000000e+00 -7.5672513977e-02
     vertex 6.3613527236e+00 2.0000000000e+00 -7.5504753298e-02
     vertex 7.4930919081e+00 4.0000000000e+00 -6.7115336265e-02
   endloop
 endfacet
 facet normal  -1.4943835937e-01 8.8693509812e-02 -9.8478507202e-01
   outer loop
     vertex 6.3613527236e+00 2.0000000000e+00 -7.5504753298e-02
     vertex 6.2581655078e+00 2.0000000000e+00 -5.9846384097e-02
     vertex 7.4930919081e+00 4.0000000000e+00 -6.7115336265e-02
   endloop
 endfacet
 facet normal  -1.4943835937e-01 8.8693509812e-02 -9.8478507202e-01
   outer loop
     vertex 7.4930919081e+00 4.0000000000e+00 -6.7115336265e-02
     vertex 6.2581655078e+00 2.0000000000e+00 -5.9846384097e-02
     vertex 7.4013699385e+00 4.0000000000e+00 -5.3196785864e-02
   endloop
 endfacet
 facet normal  -3.0565923265e-01 1.7782547140e-01 -9.3538790628e-01
   outer loop
     vertex 6.2581655078e+00 2.0000000000e+00 -5.9846384097e-02
     vertex 6.1878184594e+00 2.0000000000e+00 -3.6858889082e-02
     vertex 7.4013699385e+00 4.0000000000e+00 -5.3196785864e-02
   endloop
 endfacet
 facet normal  -3.0565923265e-01 1.7782547140e-01 -9.3538790628e-01
   outer loop
     vertex 7.4013699385e+00 4.0000000000e+00 -5.3196785864e-02
     vertex 6.1878184594e+00 2.0000000000e+00 -3.6858889082e-02
     vertex 7.3388392288e+00 4.0000000000e+00 -3.2763456962e-02
   endloop
 endfacet
 facet normal  -6.8348280857e-01 3.9460898352e-01 -6.1411318217e-01
   outer loop
     vertex 6.1878184594e+00 2.0000000000e+00 -3.6858889082e-02
     vertex 6.1547005384e+00 2.0000000000e+00 0.0000000000e+00
     vertex 7.3388392288e+00 4.0000000000e+00 -3.2763456962e-02
   endloop
 endfacet
 facet normal  -6.8348280857e-01 3.9460898352e-01 -6.1411318217e-01
   outer loop
     vertex 7.3388392288e+00 4.0000000000e+00 -3.2763456962e-02
     vertex 6.1547005384e+00 2.0000000000e+00 0.0000000000e+00
     vertex 7.3094010768e+00 4.0000000000e+00 0.0000000000e+00
   endloop
 endfacet
 facet normal  -7.6833253923e-01 4.4359699835e-01 4.6139658885e-01
   outer loop
     vertex 6.1547005384e+00 2.0000000000e+00 0.0000000000e+00
     vertex 7.3323270629e+00 4.0000000000e+00 3.8177094429e-02
     vertex 7.3094010768e+00 4.0000000000e+00 0.0000000000e+00
   endloop
 endfacet
 facet normal  -7.6833253923e-01 4.4359699835e-01 4.6139658885e-01
   outer loop
     vertex 6.1547005384e+00 2.0000000000e+00 0.0000000000e+00
     vertex 6.1804922728e+00 2.0000000000e+00 4.2949231233e-02
     vertex 7.3323270629e+00 4.0000000000e+00 3.8177094429e-02
   endloop
 endfacet
 facet normal  -4.6008269076e-01 2.6699010518e-01 8.4678226328e-01
   outer loop
     vertex 6.1804922728e+00 2.0000000000e+00 4.2949231233e-02
     vertex 7.3908146712e+00 4.0000000000e+00 6.9955200034e-02
     vertex 7.3323270629e+00 4.0000000000e+00 3.8177094429e-02
   endloop
 endfacet
 facet normal  -4.6008269076e-01 2.6699010518e-01 8.4678226328e-01
   outer loop
     vertex 6.1804922728e+00 2.0000000000e+00 4.2949231233e-02
     vertex 6.2462908321e+00 2.0000000000e+00 7.8699600038e-02
     vertex 7.3908146712e+00 4.0000000000e+00 6.9955200034e-02
   endloop
 endfacet
 facet normal  -3.0805732288e-01 1.8037360133e-01 9.3411243957e-01
   outer loop
     vertex 6.2462908321e+00 2.0000000000e+00 7.8699600038e-02
     vertex 7.4799669352e+00 4.0000000000e+00 9.9356379846e-02
     vertex 7.3908146712e+00 4.0000000000e+00 6.9955200034e-02
   endloop
 endfacet
 facet normal  -3.0805732288e-01 1.8037360133e-01 9.3411243957e-01
   outer loop
     vertex 6.2462908321e+00 2.0000000000e+00 7.8699600038e-02
     vertex 6.3465871292e+00 2.0000000000e+00 1.1177592733e-01
     vertex 7.4799669352e+00 4.0000000000e+00 9.9356379846e-02
   endloop
 endfacet
 facet normal  -2.1119654447e-01 1.2570225108e-01 9.6932706744e-01
   outer loop
     vertex 6.3465871292e+00 2.0000000000e+00 1.1177592733e-01
     vertex 7.6053565693e+00 4.0000000000e+00 1.2667621679e-01
     vertex 7.4799669352e+00 4.0000000000e+00 9.9356379846e-02
   endloop
 endfacet
 facet normal  -2.1119654447e-01 1.2570225108e-01 9.6932706744e-01
   outer loop
     vertex 6.3465871292e+00 2.0000000000e+00 1.1177592733e-01
     vertex 6.4876504675e+00 2.0000000000e+00 1.4251074389e-01
     vertex 7.6053565693e+00 4.0000000000e+00 1.2667621679e-01
   endloop
 endfacet
 facet normal  -1.3469990216e-01 8.3094926877e-02 9.8739615630e-01
   outer loop
     vertex 6.4876504675e+00 2.0000000000e+00 1.4251074389e-01
     vertex 7.7723461067e+00 4.0000000000e+00 1.4945681423e-01
     vertex 7.6053565693e+00 4.0000000000e+00 1.2667621679e-01
   endloop
 endfacet
 facet normal  -1.3469990216e-01 8.3094926877e-02 9.8739615630e-01
   outer loop
     vertex 6.4876504675e+00 2.0000000000e+00 1.4251074389e-01
     vertex 6.6755136971e+00 2.0000000000e+00 1.6813891601e-01
     vertex 7.7723461067e+00 4.0000000000e+00 1.4945681423e-01
   endloop
 endfacet
 facet normal  -6.7390971847e-02 4.6268089841e-02 9.9665326005e-01
   outer loop
     vertex 6.6755136971e+00 2.0000000000e+00 1.6813891601e-01
     vertex 7.9819712397e+00 4.0000000000e+00 1.6363109330e-01
     vertex 7.7723461067e+00 4.0000000000e+00 1.4945681423e-01
   endloop
 endfacet
 facet normal  -6.7390971847e-02 4.6268089841e-02 9.9665326005e-01
   outer loop
     vertex 6.6755136971e+00 2.0000000000e+00 1.6813891601e-01
     vertex 6.9113419717e+00 2.0000000000e+00 1.8408497996e-01
     vertex 7.9819712397e+00 4.0000000000e+00 1.6363109330e-01
   endloop
 endfacet
 facet normal  -6.0618057080e-03 1.3470800774e-02 9.9989089007e-01
   outer loop
     vertex 6.9113419717e+00 2.0000000000e+00 1.8408497996e-01
     vertex 8.2275354782e+00 4.0000000000e+00 1.6511981843e-01
     vertex 7.9819712397e+00 4.0000000000e+00 1.6363109330e-01
   endloop
 endfacet
 facet normal  -6.0618057080e-03 1.3470800774e-02 9.9989089007e-01
   outer loop
     vertex 6.9113419717e+00 2.0000000000e+00 1.8408497996e-01
     vertex 7.1876017400e+00 2.0000000000e+00 1.8575979574e-01
     vertex 8.2275354782e+00 4.0000000000e+00 1.6511981843e-01
   endloop
 endfacet
 facet normal  4.4163729881e-02 -1.2654584002e-02 9.9894415583e-01
   outer loop
     vertex 7.1876017400e+00 2.0000000000e+00 1.8575979574e-01
     vertex 8.4935861330e+00 4.0000000000e+00 1.5335761012e-01
     vertex 8.2275354782e+00 4.0000000000e+00 1.6511981843e-01
   endloop
 endfacet
 facet normal  4.4163729881e-02 -1.2654584002e-02 9.9894415583e-01
   outer loop
     vertex 7.1876017400e+00 2.0000000000e+00 1.8575979574e-01
     vertex 7.4869087267e+00 2.0000000000e+00 1.7252731138e-01
     vertex 8.4935861330e+00 4.0000000000e+00 1.5335761012e-01
   endloop
 endfacet
 facet normal  7.8112134685e-02 -2.9765555687e-02 9.9650012850e-01
   outer loop
     vertex 7.4869087267e+00 2.0000000000e+00 1.7252731138e-01
     vertex 7.7855988674e+00 2.0000000000e+00 1.4911404345e-01
     vertex 8.4935861330e+00 4.0000000000e+00 1.5335761012e-01
   endloop
 endfacet
 facet normal  7.8112134685e-02 -2.9765555687e-02 9.9650012850e-01
   outer loop
     vertex 8.4935861330e+00 4.0000000000e+00 1.5335761012e-01
     vertex 7.7855988674e+00 2.0000000000e+00 1.4911404345e-01
     vertex 8.7590884804e+00 4.0000000000e+00 1.3254581640e-01
   endloop
 endfacet
 facet normal  1.0514326814e-01 -4.2947430433e-02 9.9352927052e-01
   outer loop
     vertex 7.7855988674e+00 2.0000000000e+00 1.4911404345e-01
     vertex 8.0603600124e+00 2.0000000000e+00 1.2003660648e-01
     vertex 8.7590884804e+00 4.0000000000e+00 1.3254581640e-01
   endloop
 endfacet
 facet normal  1.0514326814e-01 -4.2947430433e-02 9.9352927052e-01
   outer loop
     vertex 8.7590884804e+00 4.0000000000e+00 1.3254581640e-01
     vertex 8.0603600124e+00 2.0000000000e+00 1.2003660648e-01
     vertex 9.0033206092e+00 4.0000000000e+00 1.0669920576e-01
   endloop
 endfacet
 facet normal  1.2663191366e-01 -5.3098920890e-02 9.9052756804e-01
   outer loop
     vertex 8.0603600124e+00 2.0000000000e+00 1.2003660648e-01
     vertex 8.2948535992e+00 2.0000000000e+00 9.0058267058e-02
     vertex 9.0033206092e+00 4.0000000000e+00 1.0669920576e-01
   endloop
 endfacet
 facet normal  1.2663191366e-01 -5.3098920890e-02 9.9052756804e-01
   outer loop
     vertex 9.0033206092e+00 4.0000000000e+00 1.0669920576e-01
     vertex 8.2948535992e+00 2.0000000000e+00 9.0058267058e-02
     vertex 9.2117593531e+00 4.0000000000e+00 8.0051792941e-02
   endloop
 endfacet
 facet normal  1.4355114735e-01 -6.0869393038e-02 9.8776919626e-01
   outer loop
     vertex 8.2948535992e+00 2.0000000000e+00 9.0058267058e-02
     vertex 8.4825232883e+00 2.0000000000e+00 6.2784487624e-02
     vertex 9.2117593531e+00 4.0000000000e+00 8.0051792941e-02
   endloop
 endfacet
 facet normal  1.4355114735e-01 -6.0869393038e-02 9.8776919626e-01
   outer loop
     vertex 9.2117593531e+00 4.0000000000e+00 8.0051792941e-02
     vertex 8.4825232883e+00 2.0000000000e+00 6.2784487624e-02
     vertex 9.3785768545e+00 4.0000000000e+00 5.5808433443e-02
   endloop
 endfacet
 facet normal  1.5663145224e-01 -6.6737984719e-02 9.8539973085e-01
   outer loop
     vertex 8.4825232883e+00 2.0000000000e+00 6.2784487624e-02
     vertex 8.6251493264e+00 2.0000000000e+00 4.0113765508e-02
     vertex 9.3785768545e+00 4.0000000000e+00 5.5808433443e-02
   endloop
 endfacet
 facet normal  1.5663145224e-01 -6.6737984719e-02 9.8539973085e-01
   outer loop
     vertex 9.3785768545e+00 4.0000000000e+00 5.5808433443e-02
     vertex 8.6251493264e+00 2.0000000000e+00 4.0113765508e-02
     vertex 9.5053555550e+00 4.0000000000e+00 3.5656680452e-02
   endloop
 endfacet
 facet normal  1.6652924398e-01 -7.1098334405e-02 9.8346989672e-01
   outer loop
     vertex 8.6251493264e+00 2.0000000000e+00 4.0113765508e-02
     vertex 8.7293443838e+00 2.0000000000e+00 2.2470597994e-02
     vertex 9.5053555550e+00 4.0000000000e+00 3.5656680452e-02
   endloop
 endfacet
 facet normal  1.6652924398e-01 -7.1098334405e-02 9.8346989672e-01
   outer loop
     vertex 9.5053555550e+00 4.0000000000e+00 3.5656680452e-02
     vertex 8.7293443838e+00 2.0000000000e+00 2.2470597994e-02
     vertex 9.5979733838e+00 4.0000000000e+00 1.9973864884e-02
   endloop
 endfacet
 facet normal  1.7381044349e-01 -7.4262531046e-02 9.8197505376e-01
   outer loop
     vertex 8.7293443838e+00 2.0000000000e+00 2.2470597994e-02
     vertex 8.8032909176e+00 2.0000000000e+00 9.3819968187e-03
     vertex 9.5979733838e+00 4.0000000000e+00 1.9973864884e-02
   endloop
 endfacet
 facet normal  1.7381044349e-01 -7.4262531046e-02 9.8197505376e-01
   outer loop
     vertex 9.5979733838e+00 4.0000000000e+00 1.9973864884e-02
     vertex 8.8032909176e+00 2.0000000000e+00 9.3819968187e-03
     vertex 9.6637036361e+00 4.0000000000e+00 8.3395527277e-03
   endloop
 endfacet
 facet normal  1.7900381866e-01 -7.6497330090e-02 9.8086991563e-01
   outer loop
     vertex 8.8032909176e+00 2.0000000000e+00 9.3819968187e-03
     vertex 8.8547005384e+00 2.0000000000e+00 0.0000000000e+00
     vertex 9.6637036361e+00 4.0000000000e+00 8.3395527277e-03
   endloop
 endfacet
 facet normal  1.7900381866e-01 -7.6497330090e-02 9.8086991563e-01
   outer loop
     vertex 9.6637036361e+00 4.0000000000e+00 8.3395527277e-03
     vertex 8.8547005384e+00 2.0000000000e+00 0.0000000000e+00
     vertex 9.7094010768e+00 4.0000000000e+00 0.0000000000e+00
   endloop
 endfacet
 facet normal  4.9491294583e-02 -2.1150118062e-02 -9.9855059174e-01
   outer loop
     vertex 9.7094010768e+00 4.0000000000e+00 0.0000000000e+00
     vertex 1.0523989365e+01 6.0000000000e+00 -1.9880887343e-03
     vertex 1.0564101615e+01 6.0000000000e+00 0.0000000000e+00
   endloop
 endfacet
 facet normal  4.9491294583e-02 -2.1150118062e-02 -9.9855059174e-01
   outer loop
     vertex 9.7094010768e+00 4.0000000000e+00 0.0000000000e+00
     vertex 9.6635585053e+00 4.0000000000e+00 -2.2721014106e-03
     vertex 1.0523989365e+01 6.0000000000e+00 -1.9880887343e-03
   endloop
 endfacet
 facet normal  4.9407956188e-02 -2.1114263905e-02 -9.9855547754e-01
   outer loop
     vertex 9.6635585053e+00 4.0000000000e+00 -2.2721014106e-03
     vertex 1.0466347592e+01 6.0000000000e+00 -4.8401708115e-03
     vertex 1.0523989365e+01 6.0000000000e+00 -1.9880887343e-03
   endloop
 endfacet
 facet normal  4.9407956188e-02 -2.1114263905e-02 -9.9855547754e-01
   outer loop
     vertex 9.6635585053e+00 4.0000000000e+00 -2.2721014106e-03
     vertex 9.5976821936e+00 4.0000000000e+00 -5.5316237846e-03
     vertex 1.0466347592e+01 6.0000000000e+00 -4.8401708115e-03
   endloop
 endfacet
 facet normal  4.9390080264e-02 -2.1106499444e-02 -9.9855652602e-01
   outer loop
     vertex 9.5976821936e+00 4.0000000000e+00 -5.5316237846e-03
     vertex 1.0385231534e+01 6.0000000000e+00 -8.8522908233e-03
     vertex 1.0466347592e+01 6.0000000000e+00 -4.8401708115e-03
   endloop
 endfacet
 facet normal  4.9390080264e-02 -2.1106499444e-02 -9.9855652602e-01
   outer loop
     vertex 9.5976821936e+00 4.0000000000e+00 -5.5316237846e-03
     vertex 9.5049781272e+00 4.0000000000e+00 -1.0116903798e-02
     vertex 1.0385231534e+01 6.0000000000e+00 -8.8522908233e-03
   endloop
 endfacet
 facet normal  4.9558632060e-02 -2.1180689864e-02 -9.9854660400e-01
   outer loop
     vertex 9.5049781272e+00 4.0000000000e+00 -1.0116903798e-02
     vertex 1.0274381666e+01 6.0000000000e+00 -1.4353854595e-02
     vertex 1.0385231534e+01 6.0000000000e+00 -8.8522908233e-03
   endloop
 endfacet
 facet normal  4.9558632060e-02 -2.1180689864e-02 -9.9854660400e-01
   outer loop
     vertex 9.5049781272e+00 4.0000000000e+00 -1.0116903798e-02
     vertex 9.3782925638e+00 4.0000000000e+00 -1.6404405251e-02
     vertex 1.0274381666e+01 6.0000000000e+00 -1.4353854595e-02
   endloop
 endfacet
 facet normal  4.9955357370e-02 -2.1358464629e-02 -9.9852304844e-01
   outer loop
     vertex 9.3782925638e+00 4.0000000000e+00 -1.6404405251e-02
     vertex 1.0128820890e+01 6.0000000000e+00 -2.1636150791e-02
     vertex 1.0274381666e+01 6.0000000000e+00 -1.4353854595e-02
   endloop
 endfacet
 facet normal  4.9955357370e-02 -2.1358464629e-02 -9.9852304844e-01
   outer loop
     vertex 9.3782925638e+00 4.0000000000e+00 -1.6404405251e-02
     vertex 9.2119373909e+00 4.0000000000e+00 -2.4727029476e-02
     vertex 1.0128820890e+01 6.0000000000e+00 -2.1636150791e-02
   endloop
 endfacet
 facet normal  5.0266836900e-02 -2.1501288745e-02 -9.9850435136e-01
   outer loop
     vertex 9.2119373909e+00 4.0000000000e+00 -2.4727029476e-02
     vertex 9.9473704746e+00 6.0000000000e+00 -3.0770751381e-02
     vertex 1.0128820890e+01 6.0000000000e+00 -2.1636150791e-02
   endloop
 endfacet
 facet normal  5.0266836900e-02 -2.1501288745e-02 -9.9850435136e-01
   outer loop
     vertex 9.2119373909e+00 4.0000000000e+00 -2.4727029476e-02
     vertex 9.0045654876e+00 4.0000000000e+00 -3.5166573007e-02
     vertex 9.9473704746e+00 6.0000000000e+00 -3.0770751381e-02
   endloop
 endfacet
 facet normal  4.9606649997e-02 -2.1189987799e-02 -9.9854402241e-01
   outer loop
     vertex 9.0045654876e+00 4.0000000000e+00 -3.5166573007e-02
     vertex 9.7352906334e+00 6.0000000000e+00 -4.1306661888e-02
     vertex 9.9473704746e+00 6.0000000000e+00 -3.0770751381e-02
   endloop
 endfacet
 facet normal  4.9606649997e-02 -2.1189987799e-02 -9.9854402241e-01
   outer loop
     vertex 9.0045654876e+00 4.0000000000e+00 -3.5166573007e-02
     vertex 8.7621885262e+00 4.0000000000e+00 -4.7207613587e-02
     vertex 9.7352906334e+00 6.0000000000e+00 -4.1306661888e-02
   endloop
 endfacet
 facet normal  4.6034839081e-02 -1.9451510418e-02 -9.9875043546e-01
   outer loop
     vertex 8.7621885262e+00 4.0000000000e+00 -4.7207613587e-02
     vertex 9.5052759027e+00 6.0000000000e+00 -5.1908600807e-02
     vertex 9.7352906334e+00 6.0000000000e+00 -4.1306661888e-02
   endloop
 endfacet
 facet normal  4.6034839081e-02 -1.9451510418e-02 -9.9875043546e-01
   outer loop
     vertex 8.7621885262e+00 4.0000000000e+00 -4.7207613587e-02
     vertex 8.4993145483e+00 4.0000000000e+00 -5.9324115209e-02
     vertex 9.5052759027e+00 6.0000000000e+00 -5.1908600807e-02
   endloop
 endfacet
 facet normal  3.6988293619e-02 -1.4899588857e-02 -9.9920461788e-01
   outer loop
     vertex 8.4993145483e+00 4.0000000000e+00 -5.9324115209e-02
     vertex 8.2363427570e+00 4.0000000000e+00 -6.9058735779e-02
     vertex 9.5052759027e+00 6.0000000000e+00 -5.1908600807e-02
   endloop
 endfacet
 facet normal  3.6988293619e-02 -1.4899588857e-02 -9.9920461788e-01
   outer loop
     vertex 9.5052759027e+00 6.0000000000e+00 -5.1908600807e-02
     vertex 8.2363427570e+00 4.0000000000e+00 -6.9058735779e-02
     vertex 9.2751755854e+00 6.0000000000e+00 -6.0426393806e-02
   endloop
 endfacet
 facet normal  2.8269888800e-02 -1.0369630497e-02 -9.9954653926e-01
   outer loop
     vertex 8.2363427570e+00 4.0000000000e+00 -6.9058735779e-02
     vertex 7.9937646440e+00 4.0000000000e+00 -7.5919503148e-02
     vertex 9.2751755854e+00 6.0000000000e+00 -6.0426393806e-02
   endloop
 endfacet
 facet normal  2.8269888800e-02 -1.0369630497e-02 -9.9954653926e-01
   outer loop
     vertex 9.2751755854e+00 6.0000000000e+00 -6.0426393806e-02
     vertex 7.9937646440e+00 4.0000000000e+00 -7.5919503148e-02
     vertex 9.0629197365e+00 6.0000000000e+00 -6.6429565254e-02
   endloop
 endfacet
 facet normal  1.2873437228e-02 -2.1372855740e-03 -9.9991484969e-01
   outer loop
     vertex 7.9937646440e+00 4.0000000000e+00 -7.5919503148e-02
     vertex 7.7861513386e+00 4.0000000000e+00 -7.8592427603e-02
     vertex 9.0629197365e+00 6.0000000000e+00 -6.6429565254e-02
   endloop
 endfacet
 facet normal  1.2873437228e-02 -2.1372855740e-03 -9.9991484969e-01
   outer loop
     vertex 9.0629197365e+00 6.0000000000e+00 -6.6429565254e-02
     vertex 7.7861513386e+00 4.0000000000e+00 -7.8592427603e-02
     vertex 8.8812580942e+00 6.0000000000e+00 -6.8768374153e-02
   endloop
 endfacet
 facet normal  -1.7529606656e-02 1.4509150167e-02 -9.9974106520e-01
   outer loop
     vertex 7.7861513386e+00 4.0000000000e+00 -7.8592427603e-02
     vertex 7.6196240675e+00 4.0000000000e+00 -7.5672513977e-02
     vertex 8.8812580942e+00 6.0000000000e+00 -6.8768374153e-02
   endloop
 endfacet
 facet normal  -1.7529606656e-02 1.4509150167e-02 -9.9974106520e-01
   outer loop
     vertex 8.8812580942e+00 6.0000000000e+00 -6.8768374153e-02
     vertex 7.6196240675e+00 4.0000000000e+00 -7.5672513977e-02
     vertex 8.7355467321e+00 6.0000000000e+00 -6.6213449730e-02
   endloop
 endfacet
 facet normal  -6.7413880947e-02 4.2328863120e-02 -9.9682678335e-01
   outer loop
     vertex 7.6196240675e+00 4.0000000000e+00 -7.5672513977e-02
     vertex 7.4930919081e+00 4.0000000000e+00 -6.7115336265e-02
     vertex 8.7355467321e+00 6.0000000000e+00 -6.6213449730e-02
   endloop
 endfacet
 facet normal  -6.7413880947e-02 4.2328863120e-02 -9.9682678335e-01
   outer loop
     vertex 8.7355467321e+00 6.0000000000e+00 -6.6213449730e-02
     vertex 7.4930919081e+00 4.0000000000e+00 -6.7115336265e-02
     vertex 8.6248310925e+00 6.0000000000e+00 -5.8725919232e-02
   endloop
 endfacet
 facet normal  -1.4943835937e-01 8.8693509812e-02 -9.8478507202e-01
   outer loop
     vertex 7.4930919081e+00 4.0000000000e+00 -6.7115336265e-02
     vertex 7.4013699385e+00 4.0000000000e+00 -5.3196785864e-02
     vertex 8.6248310925e+00 6.0000000000e+00 -5.8725919232e-02
   endloop
 endfacet
 facet normal  -1.4943835937e-01 8.8693509812e-02 -9.8478507202e-01
   outer loop
     vertex 8.6248310925e+00 6.0000000000e+00 -5.8725919232e-02
     vertex 7.4013699385e+00 4.0000000000e+00 -5.3196785864e-02
     vertex 8.5445743691e+00 6.0000000000e+00 -4.6547187631e-02
   endloop
 endfacet
 facet normal  -3.0565923265e-01 1.7782547140e-01 -9.3538790628e-01
   outer loop
     vertex 7.4013699385e+00 4.0000000000e+00 -5.3196785864e-02
     vertex 7.3388392288e+00 4.0000000000e+00 -3.2763456962e-02
     vertex 8.5445743691e+00 6.0000000000e+00 -4.6547187631e-02
   endloop
 endfacet
 facet normal  -3.0565923265e-01 1.7782547140e-01 -9.3538790628e-01
   outer loop
     vertex 8.5445743691e+00 6.0000000000e+00 -4.6547187631e-02
     vertex 7.3388392288e+00 4.0000000000e+00 -3.2763456962e-02
     vertex 8.4898599981e+00 6.0000000000e+00 -2.8668024842e-02
   endloop
 endfacet
 facet normal  -6.8348280857e-01 3.9460898352e-01 -6.1411318217e-01
   outer loop
     vertex 7.3388392288e+00 4.0000000000e+00 -3.2763456962e-02
     vertex 7.3094010768e+00 4.0000000000e+00 0.0000000000e+00
     vertex 8.4898599981e+00 6.0000000000e+00 -2.8668024842e-02
   endloop
 endfacet
 facet normal  -6.8348280857e-01 3.9460898352e-01 -6.1411318217e-01
   outer loop
     vertex 8.4898599981e+00 6.0000000000e+00 -2.8668024842e-02
     vertex 7.3094010768e+00 4.0000000000e+00 0.0000000000e+00
     vertex 8.4641016151e+00 6.0000000000e+00 0.0000000000e+00
   endloop
 endfacet
 facet normal  -7.6833253923e-01 4.4359699835e-01 4.6139658885e-01
   outer loop
     vertex 7.3094010768e+00 4.0000000000e+00 0.0000000000e+00
     vertex 8.4841618530e+00 6.0000000000e+00 3.3404957626e-02
     vertex 8.4641016151e+00 6.0000000000e+00 0.0000000000e+00
   endloop
 endfacet
 facet normal  -7.6833253923e-01 4.4359699835e-01 4.6139658885e-01
   outer loop
     vertex 7.3094010768e+00 4.0000000000e+00 0.0000000000e+00
     vertex 7.3323270629e+00 4.0000000000e+00 3.8177094429e-02
     vertex 8.4841618530e+00 6.0000000000e+00 3.3404957626e-02
   endloop
 endfacet
 facet normal  -4.6008269076e-01 2.6699010518e-01 8.4678226328e-01
   outer loop
     vertex 7.3323270629e+00 4.0000000000e+00 3.8177094429e-02
     vertex 8.5353385102e+00 6.0000000000e+00 6.1210800030e-02
     vertex 8.4841618530e+00 6.0000000000e+00 3.3404957626e-02
   endloop
 endfacet
 facet normal  -4.6008269076e-01 2.6699010518e-01 8.4678226328e-01
   outer loop
     vertex 7.3323270629e+00 4.0000000000e+00 3.8177094429e-02
     vertex 7.3908146712e+00 4.0000000000e+00 6.9955200034e-02
     vertex 8.5353385102e+00 6.0000000000e+00 6.1210800030e-02
   endloop
 endfacet
 facet normal  -3.0805732288e-01 1.8037360133e-01 9.3411243957e-01
   outer loop
     vertex 7.3908146712e+00 4.0000000000e+00 6.9955200034e-02
     vertex 8.6133467413e+00 6.0000000000e+00 8.6936832365e-02
     vertex 8.5353385102e+00 6.0000000000e+00 6.1210800030e-02
   endloop
 endfacet
 facet normal  -3.0805732288e-01 1.8037360133e-01 9.3411243957e-01
   outer loop
     vertex 7.3908146712e+00 4.0000000000e+00 6.9955200034e-02
     vertex 7.4799669352e+00 4.0000000000e+00 9.9356379846e-02
     vertex 8.6133467413e+00 6.0000000000e+00 8.6936832365e-02
   endloop
 endfacet
 facet normal  -2.1119654447e-01 1.2570225108e-01 9.6932706744e-01
   outer loop
     vertex 7.4799669352e+00 4.0000000000e+00 9.9356379846e-02
     vertex 8.7230626711e+00 6.0000000000e+00 1.1084168969e-01
     vertex 8.6133467413e+00 6.0000000000e+00 8.6936832365e-02
   endloop
 endfacet
 facet normal  -2.1119654447e-01 1.2570225108e-01 9.6932706744e-01
   outer loop
     vertex 7.4799669352e+00 4.0000000000e+00 9.9356379846e-02
     vertex 7.6053565693e+00 4.0000000000e+00 1.2667621679e-01
     vertex 8.7230626711e+00 6.0000000000e+00 1.1084168969e-01
   endloop
 endfacet
 facet normal  -1.3469990216e-01 8.3094926877e-02 9.8739615630e-01
   outer loop
     vertex 7.6053565693e+00 4.0000000000e+00 1.2667621679e-01
     vertex 8.8691785163e+00 6.0000000000e+00 1.3077471245e-01
     vertex 8.7230626711e+00 6.0000000000e+00 1.1084168969e-01
   endloop
 endfacet
 facet normal  -1.3469990216e-01 8.3094926877e-02 9.8739615630e-01
   outer loop
     vertex 7.6053565693e+00 4.0000000000e+00 1.2667621679e-01
     vertex 7.7723461067e+00 4.0000000000e+00 1.4945681423e-01
     vertex 8.8691785163e+00 6.0000000000e+00 1.3077471245e-01
   endloop
 endfacet
 facet normal  -6.7390971847e-02 4.6268089841e-02 9.9665326005e-01
   outer loop
     vertex 7.7723461067e+00 4.0000000000e+00 1.4945681423e-01
     vertex 9.0526005077e+00 6.0000000000e+00 1.4317720663e-01
     vertex 8.8691785163e+00 6.0000000000e+00 1.3077471245e-01
   endloop
 endfacet
 facet normal  -6.7390971847e-02 4.6268089841e-02 9.9665326005e-01
   outer loop
     vertex 7.7723461067e+00 4.0000000000e+00 1.4945681423e-01
     vertex 7.9819712397e+00 4.0000000000e+00 1.6363109330e-01
     vertex 9.0526005077e+00 6.0000000000e+00 1.4317720663e-01
   endloop
 endfacet
 facet normal  -6.0618057080e-03 1.3470800774e-02 9.9989089007e-01
   outer loop
     vertex 7.9819712397e+00 4.0000000000e+00 1.6363109330e-01
     vertex 9.2674692164e+00 6.0000000000e+00 1.4447984113e-01
     vertex 9.0526005077e+00 6.0000000000e+00 1.4317720663e-01
   endloop
 endfacet
 facet normal  -6.0618057080e-03 1.3470800774e-02 9.9989089007e-01
   outer loop
     vertex 7.9819712397e+00 4.0000000000e+00 1.6363109330e-01
     vertex 8.2275354782e+00 4.0000000000e+00 1.6511981843e-01
     vertex 9.2674692164e+00 6.0000000000e+00 1.4447984113e-01
   endloop
 endfacet
 facet normal  4.4163729881e-02 -1.2654584002e-02 9.9894415583e-01
   outer loop
     vertex 8.2275354782e+00 4.0000000000e+00 1.6511981843e-01
     vertex 9.5002635394e+00 6.0000000000e+00 1.3418790885e-01
     vertex 9.2674692164e+00 6.0000000000e+00 1.4447984113e-01
   endloop
 endfacet
 facet normal  4.4163729881e-02 -1.2654584002e-02 9.9894415583e-01
   outer loop
     vertex 8.2275354782e+00 4.0000000000e+00 1.6511981843e-01
     vertex 8.4935861330e+00 4.0000000000e+00 1.5335761012e-01
     vertex 9.5002635394e+00 6.0000000000e+00 1.3418790885e-01
   endloop
 endfacet
 facet normal  7.8112134685e-02 -2.9765555687e-02 9.9650012850e-01
   outer loop
     vertex 8.4935861330e+00 4.0000000000e+00 1.5335761012e-01
     vertex 8.7590884804e+00 4.0000000000e+00 1.3254581640e-01
     vertex 9.5002635394e+00 6.0000000000e+00 1.3418790885e-01
   endloop
 endfacet
 facet normal  7.8112134685e-02 -2.9765555687e-02 9.9650012850e-01
   outer loop
     vertex 9.5002635394e+00 6.0000000000e+00 1.3418790885e-01
     vertex 8.7590884804e+00 4.0000000000e+00 1.3254581640e-01
     vertex 9.7325780933e+00 6.0000000000e+00 1.1597758935e-01
   endloop
 endfacet
 facet normal  1.0514326814e-01 -4.2947430433e-02 9.9352927052e-01
   outer loop
     vertex 8.7590884804e+00 4.0000000000e+00 1.3254581640e-01
     vertex 9.0033206092e+00 4.0000000000e+00 1.0669920576e-01
     vertex 9.7325780933e+00 6.0000000000e+00 1.1597758935e-01
   endloop
 endfacet
 facet normal  1.0514326814e-01 -4.2947430433e-02 9.9352927052e-01
   outer loop
     vertex 9.7325780933e+00 6.0000000000e+00 1.1597758935e-01
     vertex 9.0033206092e+00 4.0000000000e+00 1.0669920576e-01
     vertex 9.9462812060e+00 6.0000000000e+00 9.3361805042e-02
   endloop
 endfacet
 facet normal  1.2663191366e-01 -5.3098920890e-02 9.9052756804e-01
   outer loop
     vertex 9.0033206092e+00 4.0000000000e+00 1.0669920576e-01
     vertex 9.2117593531e+00 4.0000000000e+00 8.0051792941e-02
     vertex 9.9462812060e+00 6.0000000000e+00 9.3361805042e-02
   endloop
 endfacet
 facet normal  1.2663191366e-01 -5.3098920890e-02 9.9052756804e-01
   outer loop
     vertex 9.9462812060e+00 6.0000000000e+00 9.3361805042e-02
     vertex 9.2117593531e+00 4.0000000000e+00 8.0051792941e-02
     vertex 1.0128665107e+01 6.0000000000e+00 7.0045318823e-02
   endloop
 endfacet
 facet normal  1.4355114735e-01 -6.0869393038e-02 9.8776919626e-01
   outer loop
     vertex 9.2117593531e+00 4.0000000000e+00 8.0051792941e-02
     vertex 9.3785768545e+00 4.0000000000e+00 5.5808433443e-02
     vertex 1.0128665107e+01 6.0000000000e+00 7.0045318823e-02
   endloop
 endfacet
 facet normal  1.4355114735e-01 -6.0869393038e-02 9.8776919626e-01
   outer loop
     vertex 1.0128665107e+01 6.0000000000e+00 7.0045318823e-02
     vertex 9.3785768545e+00 4.0000000000e+00 5.5808433443e-02
     vertex 1.0274630421e+01 6.0000000000e+00 4.8832379263e-02
   endloop
 endfacet
 facet normal  1.5663145224e-01 -6.6737984719e-02 9.8539973085e-01
   outer loop
     vertex 9.3785768545e+00 4.0000000000e+00 5.5808433443e-02
     vertex 9.5053555550e+00 4.0000000000e+00 3.5656680452e-02
     vertex 1.0274630421e+01 6.0000000000e+00 4.8832379263e-02
   endloop
 endfacet
 facet normal  1.5663145224e-01 -6.6737984719e-02 9.8539973085e-01
   outer loop
     vertex 1.0274630421e+01 6.0000000000e+00 4.8832379263e-02
     vertex 9.5053555550e+00 4.0000000000e+00 3.5656680452e-02
     vertex 1.0385561784e+01 6.0000000000e+00 3.1199595395e-02
   endloop
 endfacet
 facet normal  1.6652924398e-01 -7.1098334405e-02 9.8346989672e-01
   outer loop
     vertex 9.5053555550e+00 4.0000000000e+00 3.5656680452e-02
     vertex 9.5979733838e+00 4.0000000000e+00 1.9973864884e-02
     vertex 1.0385561784e+01 6.0000000000e+00 3.1199595395e-02
   endloop
 endfacet
 facet normal  1.6652924398e-01 -7.1098334405e-02 9.8346989672e-01
   outer loop
     vertex 1.0385561784e+01 6.0000000000e+00 3.1199595395e-02
     vertex 9.5979733838e+00 4.0000000000e+00 1.9973864884e-02
     vertex 1.0466602384e+01 6.0000000000e+00 1.7477131773e-02
   endloop
 endfacet
 facet normal  1.7381044349e-01 -7.4262531046e-02 9.8197505376e-01
   outer loop
     vertex 9.5979733838e+00 4.0000000000e+00 1.9973864884e-02
     vertex 9.6637036361e+00 4.0000000000e+00 8.3395527277e-03
     vertex 1.0466602384e+01 6.0000000000e+00 1.7477131773e-02
   endloop
 endfacet
 facet normal  1.7381044349e-01 -7.4262531046e-02 9.8197505376e-01
   outer loop
     vertex 1.0466602384e+01 6.0000000000e+00 1.7477131773e-02
     vertex 9.6637036361e+00 4.0000000000e+00 8.3395527277e-03
     vertex 1.0524116355e+01 6.0000000000e+00 7.2971086368e-03
   endloop
 endfacet
 facet normal  1.7900381866e-01 -7.6497330090e-02 9.8086991563e-01
   outer loop
     vertex 9.6637036361e+00 4.0000000000e+00 8.3395527277e-03
     vertex 9.7094010768e+00 4.0000000000e+00 0.0000000000e+00
     vertex 1.0524116355e+01 6.0000000000e+00 7.2971086368e-03
   endloop
 endfacet
 facet normal  1.7900381866e-01 -7.6497330090e-02 9.8086991563e-01
   outer loop
     vertex 1.0524116355e+01 6.0000000000e+00 7.2971086368e-03
     vertex 9.7094010768e+00 4.0000000000e+00 0.0000000000e+00
     vertex 1.0564101615e+01 6.0000000000e+00 0.0000000000e+00
   endloop
 endfacet
 facet normal  4.9491294583e-02 -2.1150118062e-02 -9.9855059174e-01
   outer loop
     vertex 1.0564101615e+01 6.0000000000e+00 0.0000000000e+00
     vertex 1.1384420225e+01 8.0000000000e+00 -1.7040760580e-03
     vertex 1.1418802154e+01 8.0000000000e+00 0.0000000000e+00
   endloop
 endfacet
 facet normal  4.9491294583e-02 -2.1150118062e-02 -9.9855059174e-01
   outer loop
     vertex 1.0564101615e+01 6.0000000000e+00 0.0000000000e+00
     vertex 1.0523989365e+01 6.0000000000e+00 -1.9880887343e-03
     vertex 1.1384420225e+01 8.0000000000e+00 -1.7040760580e-03
   endloop
 endfacet
 facet normal  4.9407956188e-02 -2.1114263905e-02 -9.9855547754e-01
   outer loop
     vertex 1.0523989365e+01 6.0000000000e+00 -1.9880887343e-03
     vertex 1.1335012991e+01 8.0000000000e+00 -4.1487178384e-03
     vertex 1.1384420225e+01 8.0000000000e+00 -1.7040760580e-03
   endloop
 endfacet
 facet normal  4.9407956188e-02 -2.1114263905e-02 -9.9855547754e-01
   outer loop
     vertex 1.0523989365e+01 6.0000000000e+00 -1.9880887343e-03
     vertex 1.0466347592e+01 6.0000000000e+00 -4.8401708115e-03
     vertex 1.1335012991e+01 8.0000000000e+00 -4.1487178384e-03
   endloop
 endfacet
 facet normal  4.9390080264e-02 -2.1106499444e-02 -9.9855652602e-01
   outer loop
     vertex 1.0466347592e+01 6.0000000000e+00 -4.8401708115e-03
     vertex 1.1265484941e+01 8.0000000000e+00 -7.5876778485e-03
     vertex 1.1335012991e+01 8.0000000000e+00 -4.1487178384e-03
   endloop
 endfacet
 facet normal  4.9390080264e-02 -2.1106499444e-02 -9.9855652602e-01
   outer loop
     vertex 1.0466347592e+01 6.0000000000e+00 -4.8401708115e-03
     vertex 1.0385231534e+01 6.0000000000e+00 -8.8522908233e-03
     vertex 1.1265484941e+01 8.0000000000e+00 -7.5876778485e-03
   endloop
 endfacet
 facet normal  4.9558632060e-02 -2.1180689864e-02 -9.9854660400e-01
   outer loop
     vertex 1.0385231534e+01 6.0000000000e+00 -8.8522908233e-03
     vertex 1.1170470769e+01 8.0000000000e+00 -1.2303303938e-02
     vertex 1.1265484941e+01 8.0000000000e+00 -7.5876778485e-03
   endloop
 endfacet
 facet normal  4.9558632060e-02 -2.1180689864e-02 -9.9854660400e-01
   outer loop
     vertex 1.0385231534e+01 6.0000000000e+00 -8.8522908233e-03
     vertex 1.0274381666e+01 6.0000000000e+00 -1.4353854595e-02
     vertex 1.1170470769e+01 8.0000000000e+00 -1.2303303938e-02
   endloop
 endfacet
 facet normal  4.9955357370e-02 -2.1358464629e-02 -9.9852304844e-01
   outer loop
     vertex 1.0274381666e+01 6.0000000000e+00 -1.4353854595e-02
     vertex 1.1045704389e+01 8.0000000000e+00 -1.8545272107e-02
     vertex 1.1170470769e+01 8.0000000000e+00 -1.2303303938e-02
   endloop
 endfacet
 facet normal  4.9955357370e-02 -2.1358464629e-02 -9.9852304844e-01
   outer loop
     vertex 1.0274381666e+01 6.0000000000e+00 -1.4353854595e-02
     vertex 1.0128820890e+01 6.0000000000e+00 -2.1636150791e-02
     vertex 1.1045704389e+01 8.0000000000e+00 -1.8545272107e-02
   endloop
 endfacet
 facet normal  5.0266836900e-02 -2.1501288745e-02 -9.9850435136e-01
   outer loop
     vertex 1.0128820890e+01 6.0000000000e+00 -2.1636150791e-02
     vertex 1.0890175462e+01 8.0000000000e+00 -2.6374929755e-02
     vertex 1.1045704389e+01 8.0000000000e+00 -1.8545272107e-02
   endloop
 endfacet
 facet normal  5.0266836900e-02 -2.1501288745e-02 -9.9850435136e-01
   outer loop
     vertex 1.0128820890e+01 6.0000000000e+00 -2.1636150791e-02
     vertex 9.9473704746e+00 6.0000000000e+00 -3.0770751381e-02
     vertex 1.0890175462e+01 8.0000000000e+00 -2.6374929755e-02
   endloop
 endfacet
 facet normal  4.9606649997e-02 -2.1189987799e-02 -9.9854402241e-01
   outer loop
     vertex 9.9473704746e+00 6.0000000000e+00 -3.0770751381e-02
     vertex 1.0708392741e+01 8.0000000000e+00 -3.5405710190e-02
     vertex 1.0890175462e+01 8.0000000000e+00 -2.6374929755e-02
   endloop
 endfacet
 facet normal  4.9606649997e-02 -2.1189987799e-02 -9.9854402241e-01
   outer loop
     vertex 9.9473704746e+00 6.0000000000e+00 -3.0770751381e-02
     vertex 9.7352906334e+00 6.0000000000e+00 -4.1306661888e-02
     vertex 1.0708392741e+01 8.0000000000e+00 -3.5405710190e-02
   endloop
 endfacet
 facet normal  4.6034839081e-02 -1.9451510418e-02 -9.9875043546e-01
   outer loop
     vertex 9.7352906334e+00 6.0000000000e+00 -4.1306661888e-02
     vertex 1.0511237257e+01 8.0000000000e+00 -4.4493086406e-02
     vertex 1.0708392741e+01 8.0000000000e+00 -3.5405710190e-02
   endloop
 endfacet
 facet normal  4.6034839081e-02 -1.9451510418e-02 -9.9875043546e-01
   outer loop
     vertex 9.7352906334e+00 6.0000000000e+00 -4.1306661888e-02
     vertex 9.5052759027e+00 6.0000000000e+00 -5.1908600807e-02
     vertex 1.0511237257e+01 8.0000000000e+00 -4.4493086406e-02
   endloop
 endfacet
 facet normal  3.6988293619e-02 -1.4899588857e-02 -9.9920461788e-01
   outer loop
     vertex 9.5052759027e+00 6.0000000000e+00 -5.1908600807e-02
     vertex 9.2751755854e+00 6.0000000000e+00 -6.0426393806e-02
     vertex 1.0511237257e+01 8.0000000000e+00 -4.4493086406e-02
   endloop
 endfacet
 facet normal  3.6988293619e-02 -1.4899588857e-02 -9.9920461788e-01
   outer loop
     vertex 1.0511237257e+01 8.0000000000e+00 -4.4493086406e-02
     vertex 9.2751755854e+00 6.0000000000e+00 -6.0426393806e-02
     vertex 1.0314008414e+01 8.0000000000e+00 -5.1794051834e-02
   endloop
 endfacet
 facet normal  2.8269888800e-02 -1.0369630497e-02 -9.9954653926e-01
   outer loop
     vertex 9.2751755854e+00 6.0000000000e+00 -6.0426393806e-02
     vertex 9.0629197365e+00 6.0000000000e+00 -6.6429565254e-02
     vertex 1.0314008414e+01 8.0000000000e+00 -5.1794051834e-02
   endloop
 endfacet
 facet normal  2.8269888800e-02 -1.0369630497e-02 -9.9954653926e-01
   outer loop
     vertex 1.0314008414e+01 8.0000000000e+00 -5.1794051834e-02
     vertex 9.0629197365e+00 6.0000000000e+00 -6.6429565254e-02
     vertex 1.0132074829e+01 8.0000000000e+00 -5.6939627361e-02
   endloop
 endfacet
 facet normal  1.2873437228e-02 -2.1372855740e-03 -9.9991484969e-01
   outer loop
     vertex 9.0629197365e+00 6.0000000000e+00 -6.6429565254e-02
     vertex 8.8812580942e+00 6.0000000000e+00 -6.8768374153e-02
     vertex 1.0132074829e+01 8.0000000000e+00 -5.6939627361e-02
   endloop
 endfacet
 facet normal  1.2873437228e-02 -2.1372855740e-03 -9.9991484969e-01
   outer loop
     vertex 1.0132074829e+01 8.0000000000e+00 -5.6939627361e-02
     vertex 8.8812580942e+00 6.0000000000e+00 -6.8768374153e-02
     vertex 9.9763648499e+00 8.0000000000e+00 -5.8944320702e-02
   endloop
 endfacet
 facet normal  -1.7529606656e-02 1.4509150167e-02 -9.9974106520e-01
   outer loop
     vertex 8.8812580942e+00 6.0000000000e+00 -6.8768374153e-02
     vertex 8.7355467321e+00 6.0000000000e+00 -6.6213449730e-02
     vertex 9.9763648499e+00 8.0000000000e+00 -5.8944320702e-02
   endloop
 endfacet
 facet normal  -1.7529606656e-02 1.4509150167e-02 -9.9974106520e-01
   outer loop
     vertex 9.9763648499e+00 8.0000000000e+00 -5.8944320702e-02
     vertex 8.7355467321e+00 6.0000000000e+00 -6.6213449730e-02
     vertex 9.8514693966e+00 8.0000000000e+00 -5.6754385483e-02
   endloop
 endfacet
 facet normal  -6.7413880947e-02 4.2328863120e-02 -9.9682678335e-01
   outer loop
     vertex 8.7355467321e+00 6.0000000000e+00 -6.6213449730e-02
     vertex 8.6248310925e+00 6.0000000000e+00 -5.8725919232e-02
     vertex 9.8514693966e+00 8.0000000000e+00 -5.6754385483e-02
   endloop
 endfacet
 facet normal  -6.7413880947e-02 4.2328863120e-02 -9.9682678335e-01
   outer loop
     vertex 9.8514693966e+00 8.0000000000e+00 -5.6754385483e-02
     vertex 8.6248310925e+00 6.0000000000e+00 -5.8725919232e-02
     vertex 9.7565702770e+00 8.0000000000e+00 -5.0336502199e-02
   endloop
 endfacet
 facet normal  -1.4943835937e-01 8.8693509812e-02 -9.8478507202e-01
   outer loop
     vertex 8.6248310925e+00 6.0000000000e+00 -5.8725919232e-02
     vertex 8.5445743691e+00 6.0000000000e+00 -4.6547187631e-02
     vertex 9.7565702770e+00 8.0000000000e+00 -5.0336502199e-02
   endloop
 endfacet
 facet normal  -1.4943835937e-01 8.8693509812e-02 -9.8478507202e-01
   outer loop
     vertex 9.7565702770e+00 8.0000000000e+00 -5.0336502199e-02
     vertex 8.5445743691e+00 6.0000000000e+00 -4.6547187631e-02
     vertex 9.6877787998e+00 8.0000000000e+00 -3.9897589398e-02
   endloop
 endfacet
 facet normal  -3.0565923265e-01 1.7782547140e-01 -9.3538790628e-01
   outer loop
     vertex 8.5445743691e+00 6.0000000000e+00 -4.6547187631e-02
     vertex 8.4898599981e+00 6.0000000000e+00 -2.8668024842e-02
     vertex 9.6877787998e+00 8.0000000000e+00 -3.9897589398e-02
   endloop
 endfacet
 facet normal  -3.0565923265e-01 1.7782547140e-01 -9.3538790628e-01
   outer loop
     vertex 9.6877787998e+00 8.0000000000e+00 -3.9897589398e-02
     vertex 8.4898599981e+00 6.0000000000e+00 -2.8668024842e-02
     vertex 9.6408807675e+00 8.0000000000e+00 -2.4572592722e-02
   endloop
 endfacet
 facet normal  -6.8348280857e-01 3.9460898352e-01 -6.1411318217e-01
   outer loop
     vertex 8.4898599981e+00 6.0000000000e+00 -2.8668024842e-02
     vertex 8.4641016151e+00 6.0000000000e+00 0.0000000000e+00
     vertex 9.6408807675e+00 8.0000000000e+00 -2.4572592722e-02
   endloop
 endfacet
 facet normal  -6.8348280857e-01 3.9460898352e-01 -6.1411318217e-01
   outer loop
     vertex 9.6408807675e+00 8.0000000000e+00 -2.4572592722e-02
     vertex 8.4641016151e+00 6.0000000000e+00 0.0000000000e+00
     vertex 9.6188021535e+00 8.0000000000e+00 0.0000000000e+00
   endloop
 endfacet
 facet normal  -7.6833253923e-01 4.4359699835e-01 4.6139658885e-01
   outer loop
     vertex 8.4641016151e+00 6.0000000000e+00 0.0000000000e+00
     vertex 9.6359966431e+00 8.0000000000e+00 2.8632820822e-02
     vertex 9.6188021535e+00 8.0000000000e+00 0.0000000000e+00
   endloop
 endfacet
 facet normal  -7.6833253923e-01 4.4359699835e-01 4.6139658885e-01
   outer loop
     vertex 8.4641016151e+00 6.0000000000e+00 0.0000000000e+00
     vertex 8.4841618530e+00 6.0000000000e+00 3.3404957626e-02
     vertex 9.6359966431e+00 8.0000000000e+00 2.8632820822e-02
   endloop
 endfacet
 facet normal  -4.6008269076e-01 2.6699010518e-01 8.4678226328e-01
   outer loop
     vertex 8.4841618530e+00 6.0000000000e+00 3.3404957626e-02
     vertex 9.6798623493e+00 8.0000000000e+00 5.2466400025e-02
     vertex 9.6359966431e+00 8.0000000000e+00 2.8632820822e-02
   endloop
 endfacet
 facet normal  -4.6008269076e-01 2.6699010518e-01 8.4678226328e-01
   outer loop
     vertex 8.4841618530e+00 6.0000000000e+00 3.3404957626e-02
     vertex 8.5353385102e+00 6.0000000000e+00 6.1210800030e-02
     vertex 9.6798623493e+00 8.0000000000e+00 5.2466400025e-02
   endloop
 endfacet
 facet normal  -3.0805732288e-01 1.8037360133e-01 9.3411243957e-01
   outer loop
     vertex 8.5353385102e+00 6.0000000000e+00 6.1210800030e-02
     vertex 9.7467265474e+00 8.0000000000e+00 7.4517284884e-02
     vertex 9.6798623493e+00 8.0000000000e+00 5.2466400025e-02
   endloop
 endfacet
 facet normal  -3.0805732288e-01 1.8037360133e-01 9.3411243957e-01
   outer loop
     vertex 8.5353385102e+00 6.0000000000e+00 6.1210800030e-02
     vertex 8.6133467413e+00 6.0000000000e+00 8.6936832365e-02
     vertex 9.7467265474e+00 8.0000000000e+00 7.4517284884e-02
   endloop
 endfacet
 facet normal  -2.1119654447e-01 1.2570225108e-01 9.6932706744e-01
   outer loop
     vertex 8.6133467413e+00 6.0000000000e+00 8.6936832365e-02
     vertex 9.8407687729e+00 8.0000000000e+00 9.5007162594e-02
     vertex 9.7467265474e+00 8.0000000000e+00 7.4517284884e-02
   endloop
 endfacet
 facet normal  -2.1119654447e-01 1.2570225108e-01 9.6932706744e-01
   outer loop
     vertex 8.6133467413e+00 6.0000000000e+00 8.6936832365e-02
     vertex 8.7230626711e+00 6.0000000000e+00 1.1084168969e-01
     vertex 9.8407687729e+00 8.0000000000e+00 9.5007162594e-02
   endloop
 endfacet
 facet normal  -1.3469990216e-01 8.3094926877e-02 9.8739615630e-01
   outer loop
     vertex 8.7230626711e+00 6.0000000000e+00 1.1084168969e-01
     vertex 9.9660109260e+00 8.0000000000e+00 1.1209261067e-01
     vertex 9.8407687729e+00 8.0000000000e+00 9.5007162594e-02
   endloop
 endfacet
 facet normal  -1.3469990216e-01 8.3094926877e-02 9.8739615630e-01
   outer loop
     vertex 8.7230626711e+00 6.0000000000e+00 1.1084168969e-01
     vertex 8.8691785163e+00 6.0000000000e+00 1.3077471245e-01
     vertex 9.9660109260e+00 8.0000000000e+00 1.1209261067e-01
   endloop
 endfacet
 facet normal  -6.7390971847e-02 4.6268089841e-02 9.9665326005e-01
   outer loop
     vertex 8.8691785163e+00 6.0000000000e+00 1.3077471245e-01
     vertex 1.0123229776e+01 8.0000000000e+00 1.2272331997e-01
     vertex 9.9660109260e+00 8.0000000000e+00 1.1209261067e-01
   endloop
 endfacet
 facet normal  -6.7390971847e-02 4.6268089841e-02 9.9665326005e-01
   outer loop
     vertex 8.8691785163e+00 6.0000000000e+00 1.3077471245e-01
     vertex 9.0526005077e+00 6.0000000000e+00 1.4317720663e-01
     vertex 1.0123229776e+01 8.0000000000e+00 1.2272331997e-01
   endloop
 endfacet
 facet normal  -6.0618057080e-03 1.3470800774e-02 9.9989089007e-01
   outer loop
     vertex 9.0526005077e+00 6.0000000000e+00 1.4317720663e-01
     vertex 1.0307402955e+01 8.0000000000e+00 1.2383986382e-01
     vertex 1.0123229776e+01 8.0000000000e+00 1.2272331997e-01
   endloop
 endfacet
 facet normal  -6.0618057080e-03 1.3470800774e-02 9.9989089007e-01
   outer loop
     vertex 9.0526005077e+00 6.0000000000e+00 1.4317720663e-01
     vertex 9.2674692164e+00 6.0000000000e+00 1.4447984113e-01
     vertex 1.0307402955e+01 8.0000000000e+00 1.2383986382e-01
   endloop
 endfacet
 facet normal  4.4163729881e-02 -1.2654584002e-02 9.9894415583e-01
   outer loop
     vertex 9.2674692164e+00 6.0000000000e+00 1.4447984113e-01
     vertex 1.0506940946e+01 8.0000000000e+00 1.1501820759e-01
     vertex 1.0307402955e+01 8.0000000000e+00 1.2383986382e-01
   endloop
 endfacet
 facet normal  4.4163729881e-02 -1.2654584002e-02 9.9894415583e-01
   outer loop
     vertex 9.2674692164e+00 6.0000000000e+00 1.4447984113e-01
     vertex 9.5002635394e+00 6.0000000000e+00 1.3418790885e-01
     vertex 1.0506940946e+01 8.0000000000e+00 1.1501820759e-01
   endloop
 endfacet
 facet normal  7.8112134685e-02 -2.9765555687e-02 9.9650012850e-01
   outer loop
     vertex 9.5002635394e+00 6.0000000000e+00 1.3418790885e-01
     vertex 9.7325780933e+00 6.0000000000e+00 1.1597758935e-01
     vertex 1.0506940946e+01 8.0000000000e+00 1.1501820759e-01
   endloop
 endfacet
 facet normal  7.8112134685e-02 -2.9765555687e-02 9.9650012850e-01
   outer loop
     vertex 1.0506940946e+01 8.0000000000e+00 1.1501820759e-01
     vertex 9.7325780933e+00 6.0000000000e+00 1.1597758935e-01
     vertex 1.0706067706e+01 8.0000000000e+00 9.9409362299e-02
   endloop
 endfacet
 facet normal  1.0514326814e-01 -4.2947430433e-02 9.9352927052e-01
   outer loop
     vertex 9.7325780933e+00 6.0000000000e+00 1.1597758935e-01
     vertex 9.9462812060e+00 6.0000000000e+00 9.3361805042e-02
     vertex 1.0706067706e+01 8.0000000000e+00 9.9409362299e-02
   endloop
 endfacet
 facet normal  1.0514326814e-01 -4.2947430433e-02 9.9352927052e-01
   outer loop
     vertex 1.0706067706e+01 8.0000000000e+00 9.9409362299e-02
     vertex 9.9462812060e+00 6.0000000000e+00 9.3361805042e-02
     vertex 1.0889241803e+01 8.0000000000e+00 8.0024404322e-02
   endloop
 endfacet
 facet normal  1.2663191366e-01 -5.3098920890e-02 9.9052756804e-01
   outer loop
     vertex 9.9462812060e+00 6.0000000000e+00 9.3361805042e-02
     vertex 1.0128665107e+01 6.0000000000e+00 7.0045318823e-02
     vertex 1.0889241803e+01 8.0000000000e+00 8.0024404322e-02
   endloop
 endfacet
 facet normal  1.2663191366e-01 -5.3098920890e-02 9.9052756804e-01
   outer loop
     vertex 1.0889241803e+01 8.0000000000e+00 8.0024404322e-02
     vertex 1.0128665107e+01 6.0000000000e+00 7.0045318823e-02
     vertex 1.1045570861e+01 8.0000000000e+00 6.0038844706e-02
   endloop
 endfacet
 facet normal  1.4355114735e-01 -6.0869393038e-02 9.8776919626e-01
   outer loop
     vertex 1.0128665107e+01 6.0000000000e+00 7.0045318823e-02
     vertex 1.0274630421e+01 6.0000000000e+00 4.8832379263e-02
     vertex 1.1045570861e+01 8.0000000000e+00 6.0038844706e-02
   endloop
 endfacet
 facet normal  1.4355114735e-01 -6.0869393038e-02 9.8776919626e-01
   outer loop
     vertex 1.1045570861e+01 8.0000000000e+00 6.0038844706e-02
     vertex 1.0274630421e+01 6.0000000000e+00 4.8832379263e-02
     vertex 1.1170683987e+01 8.0000000000e+00 4.1856325083e-02
   endloop
 endfacet
 facet normal  1.5663145224e-01 -6.6737984719e-02 9.8539973085e-01
   outer loop
     vertex 1.0274630421e+01 6.0000000000e+00 4.8832379263e-02
     vertex 1.0385561784e+01 6.0000000000e+00 3.1199595395e-02
     vertex 1.1170683987e+01 8.0000000000e+00 4.1856325083e-02
   endloop
 endfacet
 facet normal  1.5663145224e-01 -6.6737984719e-02 9.8539973085e-01
   outer loop
     vertex 1.1170683987e+01 8.0000000000e+00 4.1856325083e-02
     vertex 1.0385561784e+01 6.0000000000e+00 3.1199595395e-02
     vertex 1.1265768012e+01 8.0000000000e+00 2.6742510339e-02
   endloop
 endfacet
 facet normal  1.6652924398e-01 -7.1098334405e-02 9.8346989672e-01
   outer loop
     vertex 1.0385561784e+01 6.0000000000e+00 3.1199595395e-02
     vertex 1.0466602384e+01 6.0000000000e+00 1.7477131773e-02
     vertex 1.1265768012e+01 8.0000000000e+00 2.6742510339e-02
   endloop
 endfacet
 facet normal  1.6652924398e-01 -7.1098334405e-02 9.8346989672e-01
   outer loop
     vertex 1.1265768012e+01 8.0000000000e+00 2.6742510339e-02
     vertex 1.0466602384e+01 6.0000000000e+00 1.7477131773e-02
     vertex 1.1335231384e+01 8.0000000000e+00 1.4980398663e-02
   endloop
 endfacet
 facet normal  1.7381044349e-01 -7.4262531046e-02 9.8197505376e-01
   outer loop
     vertex 1.0466602384e+01 6.0000000000e+00 1.7477131773e-02
     vertex 1.0524116355e+01 6.0000000000e+00 7.2971086368e-03
     vertex 1.1335231384e+01 8.0000000000e+00 1.4980398663e-02
   endloop
 endfacet
 facet normal  1.7381044349e-01 -7.4262531046e-02 9.8197505376e-01
   outer loop
     vertex 1.1335231384e+01 8.0000000000e+00 1.4980398663e-02
     vertex 1.0524116355e+01 6.0000000000e+00 7.2971086368e-03
     vertex 1.1384529073e+01 8.0000000000e+00 6.2546645458e-03
   endloop
 endfacet
 facet normal  1.7900381866e-01 -7.6497330090e-02 9.8086991563e-01
   outer loop
     vertex 1.0524116355e+01 6.0000000000e+00 7.2971086368e-03
     vertex 1.0564101615e+01 6.0000000000e+00 0.0000000000e+00
     vertex 1.1384529073e+01 8.0000000000e+00 6.2546645458e-03
   endloop
 endfacet
 facet normal  1.7900381866e-01 -7.6497330090e-02 9.8086991563e-01
   outer loop
     vertex 1.1384529073e+01 8.0000000000e+00 6.2546645458e-03
     vertex 1.0564101615e+01 6.0000000000e+00 0.0000000000e+00
     vertex 1.1418802154e+01 8.0000000000e+00 0.0000000000e+00
   endloop
 endfacet
 facet normal  4.9491294583e-02 -2.1150118062e-02 -9.9855059174e-01
   outer loop
     vertex 1.1418802154e+01 8.0000000000e+00 0.0000000000e+00
     vertex 1.2244851085e+01 1.0000000000e+01 -1.4200633816e-03
     vertex 1.2273502692e+01 1.0000000000e+01 0.0000000000e+00
   endloop
 endfacet
 facet normal  4.9491294583e-02 -2.1150118062e-02 -9.9855059174e-01
   outer loop
     vertex 1.1418802154e+01 8.0000000000e+00 0.0000000000e+00
     vertex 1.1384420225e+01 8.0000000000e+00 -1.7040760580e-03
     vertex 1.2244851085e+01 1.0000000000e+01 -1.4200633816e-03
   endloop
 endfacet
 facet normal  4.9407956188e-02 -2.1114263905e-02 -9.9855547754e-01
   outer loop
     vertex 1.1384420225e+01 8.0000000000e+00 -1.7040760580e-03
     vertex 1.2203678390e+01 1.0000000000e+01 -3.4572648654e-03
     vertex 1.2244851085e+01 1.0000000000e+01 -1.4200633816e-03
   endloop
 endfacet
 facet normal  4.9407956188e-02 -2.1114263905e-02 -9.9855547754e-01
   outer loop
     vertex 1.1384420225e+01 8.0000000000e+00 -1.7040760580e-03
     vertex 1.1335012991e+01 8.0000000000e+00 -4.1487178384e-03
     vertex 1.2203678390e+01 1.0000000000e+01 -3.4572648654e-03
   endloop
 endfacet
 facet normal  4.9390080264e-02 -2.1106499444e-02 -9.9855652602e-01
   outer loop
     vertex 1.1335012991e+01 8.0000000000e+00 -4.1487178384e-03
     vertex 1.2145738348e+01 1.0000000000e+01 -6.3230648738e-03
     vertex 1.2203678390e+01 1.0000000000e+01 -3.4572648654e-03
   endloop
 endfacet
 facet normal  4.9390080264e-02 -2.1106499444e-02 -9.9855652602e-01
   outer loop
     vertex 1.1335012991e+01 8.0000000000e+00 -4.1487178384e-03
     vertex 1.1265484941e+01 8.0000000000e+00 -7.5876778485e-03
     vertex 1.2145738348e+01 1.0000000000e+01 -6.3230648738e-03
   endloop
 endfacet
 facet normal  4.9558632060e-02 -2.1180689864e-02 -9.9854660400e-01
   outer loop
     vertex 1.1265484941e+01 8.0000000000e+00 -7.5876778485e-03
     vertex 1.2066559871e+01 1.0000000000e+01 -1.0252753282e-02
     vertex 1.2145738348e+01 1.0000000000e+01 -6.3230648738e-03
   endloop
 endfacet
 facet normal  4.9558632060e-02 -2.1180689864e-02 -9.9854660400e-01
   outer loop
     vertex 1.1265484941e+01 8.0000000000e+00 -7.5876778485e-03
     vertex 1.1170470769e+01 8.0000000000e+00 -1.2303303938e-02
     vertex 1.2066559871e+01 1.0000000000e+01 -1.0252753282e-02
   endloop
 endfacet
 facet normal  4.9955357370e-02 -2.1358464629e-02 -9.9852304844e-01
   outer loop
     vertex 1.1170470769e+01 8.0000000000e+00 -1.2303303938e-02
     vertex 1.1962587888e+01 1.0000000000e+01 -1.5454393422e-02
     vertex 1.2066559871e+01 1.0000000000e+01 -1.0252753282e-02
   endloop
 endfacet
 facet normal  4.9955357370e-02 -2.1358464629e-02 -9.9852304844e-01
   outer loop
     vertex 1.1170470769e+01 8.0000000000e+00 -1.2303303938e-02
     vertex 1.1045704389e+01 8.0000000000e+00 -1.8545272107e-02
     vertex 1.1962587888e+01 1.0000000000e+01 -1.5454393422e-02
   endloop
 endfacet
 facet normal  5.0266836900e-02 -2.1501288745e-02 -9.9850435136e-01
   outer loop
     vertex 1.1045704389e+01 8.0000000000e+00 -1.8545272107e-02
     vertex 1.1832980449e+01 1.0000000000e+01 -2.1979108129e-02
     vertex 1.1962587888e+01 1.0000000000e+01 -1.5454393422e-02
   endloop
 endfacet
 facet normal  5.0266836900e-02 -2.1501288745e-02 -9.9850435136e-01
   outer loop
     vertex 1.1045704389e+01 8.0000000000e+00 -1.8545272107e-02
     vertex 1.0890175462e+01 8.0000000000e+00 -2.6374929755e-02
     vertex 1.1832980449e+01 1.0000000000e+01 -2.1979108129e-02
   endloop
 endfacet
 facet normal  4.9606649997e-02 -2.1189987799e-02 -9.9854402241e-01
   outer loop
     vertex 1.0890175462e+01 8.0000000000e+00 -2.6374929755e-02
     vertex 1.1681494848e+01 1.0000000000e+01 -2.9504758492e-02
     vertex 1.1832980449e+01 1.0000000000e+01 -2.1979108129e-02
   endloop
 endfacet
 facet normal  4.9606649997e-02 -2.1189987799e-02 -9.9854402241e-01
   outer loop
     vertex 1.0890175462e+01 8.0000000000e+00 -2.6374929755e-02
     vertex 1.0708392741e+01 8.0000000000e+00 -3.5405710190e-02
     vertex 1.1681494848e+01 1.0000000000e+01 -2.9504758492e-02
   endloop
 endfacet
 facet normal  4.6034839081e-02 -1.9451510418e-02 -9.9875043546e-01
   outer loop
     vertex 1.0708392741e+01 8.0000000000e+00 -3.5405710190e-02
     vertex 1.1517198612e+01 1.0000000000e+01 -3.7077572005e-02
     vertex 1.1681494848e+01 1.0000000000e+01 -2.9504758492e-02
   endloop
 endfacet
 facet normal  4.6034839081e-02 -1.9451510418e-02 -9.9875043546e-01
   outer loop
     vertex 1.0708392741e+01 8.0000000000e+00 -3.5405710190e-02
     vertex 1.0511237257e+01 8.0000000000e+00 -4.4493086406e-02
     vertex 1.1517198612e+01 1.0000000000e+01 -3.7077572005e-02
   endloop
 endfacet
 facet normal  3.6988293619e-02 -1.4899588857e-02 -9.9920461788e-01
   outer loop
     vertex 1.0511237257e+01 8.0000000000e+00 -4.4493086406e-02
     vertex 1.0314008414e+01 8.0000000000e+00 -5.1794051834e-02
     vertex 1.1517198612e+01 1.0000000000e+01 -3.7077572005e-02
   endloop
 endfacet
 facet normal  3.6988293619e-02 -1.4899588857e-02 -9.9920461788e-01
   outer loop
     vertex 1.1517198612e+01 1.0000000000e+01 -3.7077572005e-02
     vertex 1.0314008414e+01 8.0000000000e+00 -5.1794051834e-02
     vertex 1.1352841242e+01 1.0000000000e+01 -4.3161709862e-02
   endloop
 endfacet
 facet normal  2.8269888800e-02 -1.0369630497e-02 -9.9954653926e-01
   outer loop
     vertex 1.0314008414e+01 8.0000000000e+00 -5.1794051834e-02
     vertex 1.0132074829e+01 8.0000000000e+00 -5.6939627361e-02
     vertex 1.1352841242e+01 1.0000000000e+01 -4.3161709862e-02
   endloop
 endfacet
 facet normal  2.8269888800e-02 -1.0369630497e-02 -9.9954653926e-01
   outer loop
     vertex 1.1352841242e+01 1.0000000000e+01 -4.3161709862e-02
     vertex 1.0132074829e+01 8.0000000000e+00 -5.6939627361e-02
     vertex 1.1201229921e+01 1.0000000000e+01 -4.7449689467e-02
   endloop
 endfacet
 facet normal  1.2873437228e-02 -2.1372855740e-03 -9.9991484969e-01
   outer loop
     vertex 1.0132074829e+01 8.0000000000e+00 -5.6939627361e-02
     vertex 9.9763648499e+00 8.0000000000e+00 -5.8944320702e-02
     vertex 1.1201229921e+01 1.0000000000e+01 -4.7449689467e-02
   endloop
 endfacet
 facet normal  1.2873437228e-02 -2.1372855740e-03 -9.9991484969e-01
   outer loop
     vertex 1.1201229921e+01 1.0000000000e+01 -4.7449689467e-02
     vertex 9.9763648499e+00 8.0000000000e+00 -5.8944320702e-02
     vertex 1.1071471606e+01 1.0000000000e+01 -4.9120267252e-02
   endloop
 endfacet
 facet normal  -1.7529606656e-02 1.4509150167e-02 -9.9974106520e-01
   outer loop
     vertex 9.9763648499e+00 8.0000000000e+00 -5.8944320702e-02
     vertex 9.8514693966e+00 8.0000000000e+00 -5.6754385483e-02
     vertex 1.1071471606e+01 1.0000000000e+01 -4.9120267252e-02
   endloop
 endfacet
 facet normal  -1.7529606656e-02 1.4509150167e-02 -9.9974106520e-01
   outer loop
     vertex 1.1071471606e+01 1.0000000000e+01 -4.9120267252e-02
     vertex 9.8514693966e+00 8.0000000000e+00 -5.6754385483e-02
     vertex 1.0967392061e+01 1.0000000000e+01 -4.7295321236e-02
   endloop
 endfacet
 facet normal  -6.7413880947e-02 4.2328863120e-02 -9.9682678335e-01
   outer loop
     vertex 9.8514693966e+00 8.0000000000e+00 -5.6754385483e-02
     vertex 9.7565702770e+00 8.0000000000e+00 -5.0336502199e-02
     vertex 1.0967392061e+01 1.0000000000e+01 -4.7295321236e-02
   endloop
 endfacet
 facet normal  -6.7413880947e-02 4.2328863120e-02 -9.9682678335e-01
   outer loop
     vertex 1.0967392061e+01 1.0000000000e+01 -4.7295321236e-02
     vertex 9.7565702770e+00 8.0000000000e+00 -5.0336502199e-02
     vertex 1.0888309461e+01 1.0000000000e+01 -4.1947085166e-02
   endloop
 endfacet
 facet normal  -1.4943835937e-01 8.8693509812e-02 -9.8478507202e-01
   outer loop
     vertex 9.7565702770e+00 8.0000000000e+00 -5.0336502199e-02
     vertex 9.6877787998e+00 8.0000000000e+00 -3.9897589398e-02
     vertex 1.0888309461e+01 1.0000000000e+01 -4.1947085166e-02
   endloop
 endfacet
 facet normal  -1.4943835937e-01 8.8693509812e-02 -9.8478507202e-01
   outer loop
     vertex 1.0888309461e+01 1.0000000000e+01 -4.1947085166e-02
     vertex 9.6877787998e+00 8.0000000000e+00 -3.9897589398e-02
     vertex 1.0830983230e+01 1.0000000000e+01 -3.3247991165e-02
   endloop
 endfacet
 facet normal  -3.0565923265e-01 1.7782547140e-01 -9.3538790628e-01
   outer loop
     vertex 9.6877787998e+00 8.0000000000e+00 -3.9897589398e-02
     vertex 9.6408807675e+00 8.0000000000e+00 -2.4572592722e-02
     vertex 1.0830983230e+01 1.0000000000e+01 -3.3247991165e-02
   endloop
 endfacet
 facet normal  -3.0565923265e-01 1.7782547140e-01 -9.3538790628e-01
   outer loop
     vertex 1.0830983230e+01 1.0000000000e+01 -3.3247991165e-02
     vertex 9.6408807675e+00 8.0000000000e+00 -2.4572592722e-02
     vertex 1.0791901537e+01 1.0000000000e+01 -2.0477160601e-02
   endloop
 endfacet
 facet normal  -6.8348280857e-01 3.9460898352e-01 -6.1411318217e-01
   outer loop
     vertex 9.6408807675e+00 8.0000000000e+00 -2.4572592722e-02
     vertex 9.6188021535e+00 8.0000000000e+00 0.0000000000e+00
     vertex 1.0791901537e+01 1.0000000000e+01 -2.0477160601e-02
   endloop
 endfacet
 facet normal  -6.8348280857e-01 3.9460898352e-01 -6.1411318217e-01
   outer loop
     vertex 1.0791901537e+01 1.0000000000e+01 -2.0477160601e-02
     vertex 9.6188021535e+00 8.0000000000e+00 0.0000000000e+00
     vertex 1.0773502692e+01 1.0000000000e+01 0.0000000000e+00
   endloop
 endfacet
 facet normal  -7.6833253923e-01 4.4359699835e-01 4.6139658885e-01
   outer loop
     vertex 9.6188021535e+00 8.0000000000e+00 0.0000000000e+00
     vertex 1.0787831433e+01 1.0000000000e+01 2.3860684018e-02
     vertex 1.0773502692e+01 1.0000000000e+01 0.0000000000e+00
   endloop
 endfacet
 facet normal  -7.6833253923e-01 4.4359699835e-01 4.6139658885e-01
   outer loop
     vertex 9.6188021535e+00 8.0000000000e+00 0.0000000000e+00
     vertex 9.6359966431e+00 8.0000000000e+00 2.8632820822e-02
     vertex 1.0787831433e+01 1.0000000000e+01 2.3860684018e-02
   endloop
 endfacet
 facet normal  -4.6008269076e-01 2.6699010518e-01 8.4678226328e-01
   outer loop
     vertex 9.6359966431e+00 8.0000000000e+00 2.8632820822e-02
     vertex 1.0824386188e+01 1.0000000000e+01 4.3722000021e-02
     vertex 1.0787831433e+01 1.0000000000e+01 2.3860684018e-02
   endloop
 endfacet
 facet normal  -4.6008269076e-01 2.6699010518e-01 8.4678226328e-01
   outer loop
     vertex 9.6359966431e+00 8.0000000000e+00 2.8632820822e-02
     vertex 9.6798623493e+00 8.0000000000e+00 5.2466400025e-02
     vertex 1.0824386188e+01 1.0000000000e+01 4.3722000021e-02
   endloop
 endfacet
 facet normal  -3.0805732288e-01 1.8037360133e-01 9.3411243957e-01
   outer loop
     vertex 9.6798623493e+00 8.0000000000e+00 5.2466400025e-02
     vertex 1.0880106353e+01 1.0000000000e+01 6.2097737404e-02
     vertex 1.0824386188e+01 1.0000000000e+01 4.3722000021e-02
   endloop
 endfacet
 facet normal  -3.0805732288e-01 1.8037360133e-01 9.3411243957e-01
   outer loop
     vertex 9.6798623493e+00 8.0000000000e+00 5.2466400025e-02
     vertex 9.7467265474e+00 8.0000000000e+00 7.4517284884e-02
     vertex 1.0880106353e+01 1.0000000000e+01 6.2097737404e-02
   endloop
 endfacet
 facet normal  -2.1119654447e-01 1.2570225108e-01 9.6932706744e-01
   outer loop
     vertex 9.7467265474e+00 8.0000000000e+00 7.4517284884e-02
     vertex 1.0958474875e+01 1.0000000000e+01 7.9172635495e-02
     vertex 1.0880106353e+01 1.0000000000e+01 6.2097737404e-02
   endloop
 endfacet
 facet normal  -2.1119654447e-01 1.2570225108e-01 9.6932706744e-01
   outer loop
     vertex 9.7467265474e+00 8.0000000000e+00 7.4517284884e-02
     vertex 9.8407687729e+00 8.0000000000e+00 9.5007162594e-02
     vertex 1.0958474875e+01 1.0000000000e+01 7.9172635495e-02
   endloop
 endfacet
 facet normal  -1.3469990216e-01 8.3094926877e-02 9.8739615630e-01
   outer loop
     vertex 9.8407687729e+00 8.0000000000e+00 9.5007162594e-02
     vertex 1.1062843336e+01 1.0000000000e+01 9.3410508894e-02
     vertex 1.0958474875e+01 1.0000000000e+01 7.9172635495e-02
   endloop
 endfacet
 facet normal  -1.3469990216e-01 8.3094926877e-02 9.8739615630e-01
   outer loop
     vertex 9.8407687729e+00 8.0000000000e+00 9.5007162594e-02
     vertex 9.9660109260e+00 8.0000000000e+00 1.1209261067e-01
     vertex 1.1062843336e+01 1.0000000000e+01 9.3410508894e-02
   endloop
 endfacet
 facet normal  -6.7390971847e-02 4.6268089841e-02 9.9665326005e-01
   outer loop
     vertex 9.9660109260e+00 8.0000000000e+00 1.1209261067e-01
     vertex 1.1193859044e+01 1.0000000000e+01 1.0226943331e-01
     vertex 1.1062843336e+01 1.0000000000e+01 9.3410508894e-02
   endloop
 endfacet
 facet normal  -6.7390971847e-02 4.6268089841e-02 9.9665326005e-01
   outer loop
     vertex 9.9660109260e+00 8.0000000000e+00 1.1209261067e-01
     vertex 1.0123229776e+01 8.0000000000e+00 1.2272331997e-01
     vertex 1.1193859044e+01 1.0000000000e+01 1.0226943331e-01
   endloop
 endfacet
 facet normal  -6.0618057080e-03 1.3470800774e-02 9.9989089007e-01
   outer loop
     vertex 1.0123229776e+01 8.0000000000e+00 1.2272331997e-01
     vertex 1.1347336693e+01 1.0000000000e+01 1.0319988652e-01
     vertex 1.1193859044e+01 1.0000000000e+01 1.0226943331e-01
   endloop
 endfacet
 facet normal  -6.0618057080e-03 1.3470800774e-02 9.9989089007e-01
   outer loop
     vertex 1.0123229776e+01 8.0000000000e+00 1.2272331997e-01
     vertex 1.0307402955e+01 8.0000000000e+00 1.2383986382e-01
     vertex 1.1347336693e+01 1.0000000000e+01 1.0319988652e-01
   endloop
 endfacet
 facet normal  4.4163729881e-02 -1.2654584002e-02 9.9894415583e-01
   outer loop
     vertex 1.0307402955e+01 8.0000000000e+00 1.2383986382e-01
     vertex 1.1513618352e+01 1.0000000000e+01 9.5848506323e-02
     vertex 1.1347336693e+01 1.0000000000e+01 1.0319988652e-01
   endloop
 endfacet
 facet normal  4.4163729881e-02 -1.2654584002e-02 9.9894415583e-01
   outer loop
     vertex 1.0307402955e+01 8.0000000000e+00 1.2383986382e-01
     vertex 1.0506940946e+01 8.0000000000e+00 1.1501820759e-01
     vertex 1.1513618352e+01 1.0000000000e+01 9.5848506323e-02
   endloop
 endfacet
 facet normal  7.8112134685e-02 -2.9765555687e-02 9.9650012850e-01
   outer loop
     vertex 1.0506940946e+01 8.0000000000e+00 1.1501820759e-01
     vertex 1.0706067706e+01 8.0000000000e+00 9.9409362299e-02
     vertex 1.1513618352e+01 1.0000000000e+01 9.5848506323e-02
   endloop
 endfacet
 facet normal  7.8112134685e-02 -2.9765555687e-02 9.9650012850e-01
   outer loop
     vertex 1.1513618352e+01 1.0000000000e+01 9.5848506323e-02
     vertex 1.0706067706e+01 8.0000000000e+00 9.9409362299e-02
     vertex 1.1679557319e+01 1.0000000000e+01 8.2841135249e-02
   endloop
 endfacet
 facet normal  1.0514326814e-01 -4.2947430433e-02 9.9352927052e-01
   outer loop
     vertex 1.0706067706e+01 8.0000000000e+00 9.9409362299e-02
     vertex 1.0889241803e+01 8.0000000000e+00 8.0024404322e-02
     vertex 1.1679557319e+01 1.0000000000e+01 8.2841135249e-02
   endloop
 endfacet
 facet normal  1.0514326814e-01 -4.2947430433e-02 9.9352927052e-01
   outer loop
     vertex 1.1679557319e+01 1.0000000000e+01 8.2841135249e-02
     vertex 1.0889241803e+01 8.0000000000e+00 8.0024404322e-02
     vertex 1.1832202400e+01 1.0000000000e+01 6.6687003601e-02
   endloop
 endfacet
 facet normal  1.2663191366e-01 -5.3098920890e-02 9.9052756804e-01
   outer loop
     vertex 1.0889241803e+01 8.0000000000e+00 8.0024404322e-02
     vertex 1.1045570861e+01 8.0000000000e+00 6.0038844706e-02
     vertex 1.1832202400e+01 1.0000000000e+01 6.6687003601e-02
   endloop
 endfacet
 facet normal  1.2663191366e-01 -5.3098920890e-02 9.9052756804e-01
   outer loop
     vertex 1.1832202400e+01 1.0000000000e+01 6.6687003601e-02
     vertex 1.1045570861e+01 8.0000000000e+00 6.0038844706e-02
     vertex 1.1962476615e+01 1.0000000000e+01 5.0032370588e-02
   endloop
 endfacet
 facet normal  1.4355114735e-01 -6.0869393038e-02 9.8776919626e-01
   outer loop
     vertex 1.1045570861e+01 8.0000000000e+00 6.0038844706e-02
     vertex 1.1170683987e+01 8.0000000000e+00 4.1856325083e-02
     vertex 1.1962476615e+01 1.0000000000e+01 5.0032370588e-02
   endloop
 endfacet
 facet normal  1.4355114735e-01 -6.0869393038e-02 9.8776919626e-01
   outer loop
     vertex 1.1962476615e+01 1.0000000000e+01 5.0032370588e-02
     vertex 1.1170683987e+01 8.0000000000e+00 4.1856325083e-02
     vertex 1.2066737553e+01 1.0000000000e+01 3.4880270902e-02
   endloop
 endfacet
 facet normal  1.5663145224e-01 -6.6737984719e-02 9.8539973085e-01
   outer loop
     vertex 1.1170683987e+01 8.0000000000e+00 4.1856325083e-02
     vertex 1.1265768012e+01 8.0000000000e+00 2.6742510339e-02
     vertex 1.2066737553e+01 1.0000000000e+01 3.4880270902e-02
   endloop
 endfacet
 facet normal  1.5663145224e-01 -6.6737984719e-02 9.8539973085e-01
   outer loop
     vertex 1.2066737553e+01 1.0000000000e+01 3.4880270902e-02
     vertex 1.1265768012e+01 8.0000000000e+00 2.6742510339e-02
     vertex 1.2145974241e+01 1.0000000000e+01 2.2285425282e-02
   endloop
 endfacet
 facet normal  1.6652924398e-01 -7.1098334405e-02 9.8346989672e-01
   outer loop
     vertex 1.1265768012e+01 8.0000000000e+00 2.6742510339e-02
     vertex 1.1335231384e+01 8.0000000000e+00 1.4980398663e-02
     vertex 1.2145974241e+01 1.0000000000e+01 2.2285425282e-02
   endloop
 endfacet
 facet normal  1.6652924398e-01 -7.1098334405e-02 9.8346989672e-01
   outer loop
     vertex 1.2145974241e+01 1.0000000000e+01 2.2285425282e-02
     vertex 1.1335231384e+01 8.0000000000e+00 1.4980398663e-02
     vertex 1.2203860384e+01 1.0000000000e+01 1.2483665552e-02
   endloop
 endfacet
 facet normal  1.7381044349e-01 -7.4262531046e-02 9.8197505376e-01
   outer loop
     vertex 1.1335231384e+01 8.0000000000e+00 1.4980398663e-02
     vertex 1.1384529073e+01 8.0000000000e+00 6.2546645458e-03
     vertex 1.2203860384e+01 1.0000000000e+01 1.2483665552e-02
   endloop
 endfacet
 facet normal  1.7381044349e-01 -7.4262531046e-02 9.8197505376e-01
   outer loop
     vertex 1.2203860384e+01 1.0000000000e+01 1.2483665552e-02
     vertex 1.1384529073e+01 8.0000000000e+00 6.2546645458e-03
     vertex 1.2244941791e+01 1.0000000000e+01 5.2122204548e-03
   endloop
 endfacet
 facet normal  1.7900381866e-01 -7.6497330090e-02 9.8086991563e-01
   outer loop
     vertex 1.1384529073e+01 8.0000000000e+00 6.2546645458e-03
     vertex 1.1418802154e+01 8.0000000000e+00 0.0000000000e+00
     vertex 1.2244941791e+01 1.0000000000e+01 5.2122204548e-03
   endloop
 endfacet
 facet normal  1.7900381866e-01 -7.6497330090e-02 9.8086991563e-01
   outer loop
     vertex 1.2244941791e+01 1.0000000000e+01 5.2122204548e-03
     vertex 1.1418802154e+01 8.0000000000e+00 0.0000000000e+00
     vertex 1.2273502692e+01 1.0000000000e+01 0.0000000000e+00
   endloop
 endfacet
 facet normal  0.0000000000e+00 1.0000000000e+00 0.0000000000e+00
   outer loop
     vertex 1.2273502692e+01 1.0000000000e+01 0.0000000000e+00
     vertex 1.2244851085e+01 1.0000000000e+01 -1.4200633816e-03
     vertex 1.2244873761e+01 1.0000000000e+01 2.3800757748e-04
   endloop
 endfacet
 facet normal  0.0000000000e+00 1.0000000000e+00 0.0000000000e+00
   outer loop
     vertex 1.2244851085e+01 1.0000000000e+01 -1.4200633816e-03
     vertex 1.2203723888e+01 1.0000000000e+01 5.2796773908e-04
     vertex 1.2244873761e+01 1.0000000000e+01 2.3800757748e-04
   endloop
 endfacet
 facet normal  0.0000000000e+00 1.0000000000e+00 0.0000000000e+00
   outer loop
     vertex 1.2244851085e+01 1.0000000000e+01 -1.4200633816e-03
     vertex 1.2203678390e+01 1.0000000000e+01 -3.4572648654e-03
     vertex 1.2203723888e+01 1.0000000000e+01 5.2796773908e-04
   endloop
 endfacet
 facet normal  0.0000000000e+00 1.0000000000e+00 0.0000000000e+00
   outer loop
     vertex 1.2203678390e+01 1.0000000000e+01 -3.4572648654e-03
     vertex 1.2145797322e+01 1.0000000000e+01 8.2905766527e-04
     vertex 1.2203723888e+01 1.0000000000e+01 5.2796773908e-04
   endloop
 endfacet
 facet normal  0.0000000000e+00 1.0000000000e+00 0.0000000000e+00
   outer loop
     vertex 1.2203678390e+01 1.0000000000e+01 -3.4572648654e-03
     vertex 1.2145738348e+01 1.0000000000e+01 -6.3230648738e-03
     vertex 1.2145797322e+01 1.0000000000e+01 8.2905766527e-04
   endloop
 endfacet
 facet normal  0.0000000000e+00 1.0000000000e+00 0.0000000000e+00
   outer loop
     vertex 1.2145738348e+01 1.0000000000e+01 -6.3230648738e-03
     vertex 1.2066604292e+01 1.0000000000e+01 1.0305027640e-03
     vertex 1.2145797322e+01 1.0000000000e+01 8.2905766527e-04
   endloop
 endfacet
 facet normal  0.0000000000e+00 1.0000000000e+00 0.0000000000e+00
   outer loop
     vertex 1.2145738348e+01 1.0000000000e+01 -6.3230648738e-03
     vertex 1.2066559871e+01 1.0000000000e+01 -1.0252753282e-02
     vertex 1.2066604292e+01 1.0000000000e+01 1.0305027640e-03
   endloop
 endfacet
 facet normal  -0.0000000000e+00 1.0000000000e+00 0.0000000000e+00
   outer loop
     vertex 1.2066559871e+01 1.0000000000e+01 -1.0252753282e-02
     vertex 1.1962560070e+01 1.0000000000e+01 9.1729758016e-04
     vertex 1.2066604292e+01 1.0000000000e+01 1.0305027640e-03
   endloop
 endfacet
 facet normal  0.0000000000e+00 1.0000000000e+00 -0.0000000000e+00
   outer loop
     vertex 1.2066559871e+01 1.0000000000e+01 -1.0252753282e-02
     vertex 1.1962587888e+01 1.0000000000e+01 -1.5454393422e-02
     vertex 1.1962560070e+01 1.0000000000e+01 9.1729758016e-04
   endloop
 endfacet
 facet normal  -0.0000000000e+00 1.0000000000e+00 0.0000000000e+00
   outer loop
     vertex 1.1962587888e+01 1.0000000000e+01 -1.5454393422e-02
     vertex 1.1832785936e+01 1.0000000000e+01 1.8741980342e-04
     vertex 1.1962560070e+01 1.0000000000e+01 9.1729758016e-04
   endloop
 endfacet
 facet normal  0.0000000000e+00 1.0000000000e+00 -0.0000000000e+00
   outer loop
     vertex 1.1962587888e+01 1.0000000000e+01 -1.5454393422e-02
     vertex 1.1832980449e+01 1.0000000000e+01 -2.1979108129e-02
     vertex 1.1832785936e+01 1.0000000000e+01 1.8741980342e-04
   endloop
 endfacet
 facet normal  -0.0000000000e+00 1.0000000000e+00 0.0000000000e+00
   outer loop
     vertex 1.1832980449e+01 1.0000000000e+01 -2.1979108129e-02
     vertex 1.1681010466e+01 1.0000000000e+01 -1.4182850565e-03
     vertex 1.1832785936e+01 1.0000000000e+01 1.8741980342e-04
   endloop
 endfacet
 facet normal  0.0000000000e+00 1.0000000000e+00 -0.0000000000e+00
   outer loop
     vertex 1.1832980449e+01 1.0000000000e+01 -2.1979108129e-02
     vertex 1.1681494848e+01 1.0000000000e+01 -2.9504758492e-02
     vertex 1.1681010466e+01 1.0000000000e+01 -1.4182850565e-03
   endloop
 endfacet
 facet normal  -0.0000000000e+00 1.0000000000e+00 0.0000000000e+00
   outer loop
     vertex 1.1681494848e+01 1.0000000000e+01 -2.9504758492e-02
     vertex 1.1516303547e+01 1.0000000000e+01 -3.8460524232e-03
     vertex 1.1681010466e+01 1.0000000000e+01 -1.4182850565e-03
   endloop
 endfacet
 facet normal  0.0000000000e+00 1.0000000000e+00 -0.0000000000e+00
   outer loop
     vertex 1.1681494848e+01 1.0000000000e+01 -2.9504758492e-02
     vertex 1.1517198612e+01 1.0000000000e+01 -3.7077572005e-02
     vertex 1.1516303547e+01 1.0000000000e+01 -3.8460524232e-03
   endloop
 endfacet
 facet normal  0.0000000000e+00 1.0000000000e+00 0.0000000000e+00
   outer loop
     vertex 1.1517198612e+01 1.0000000000e+01 -3.7077572005e-02
     vertex 1.1352841242e+01 1.0000000000e+01 -4.3161709862e-02
     vertex 1.1516303547e+01 1.0000000000e+01 -3.8460524232e-03
   endloop
 endfacet
 facet normal  0.0000000000e+00 1.0000000000e+00 -0.0000000000e+00
   outer loop
     vertex 1.1516303547e+01 1.0000000000e+01 -3.8460524232e-03
     vertex 1.1352841242e+01 1.0000000000e+01 -4.3161709862e-02
     vertex 1.1351465105e+01 1.0000000000e+01 -6.5713107662e-03
   endloop
 endfacet
 facet normal  0.0000000000e+00 1.0000000000e+00 0.0000000000e+00
   outer loop
     vertex 1.1352841242e+01 1.0000000000e+01 -4.3161709862e-02
     vertex 1.1201229921e+01 1.0000000000e+01 -4.7449689467e-02
     vertex 1.1351465105e+01 1.0000000000e+01 -6.5713107662e-03
   endloop
 endfacet
 facet normal  0.0000000000e+00 1.0000000000e+00 -0.0000000000e+00
   outer loop
     vertex 1.1351465105e+01 1.0000000000e+01 -6.5713107662e-03
     vertex 1.1201229921e+01 1.0000000000e+01 -4.7449689467e-02
     vertex 1.1199387202e+01 1.0000000000e+01 -1.0019908773e-02
   endloop
 endfacet
 facet normal  0.0000000000e+00 1.0000000000e+00 0.0000000000e+00
   outer loop
     vertex 1.1201229921e+01 1.0000000000e+01 -4.7449689467e-02
     vertex 1.1071471606e+01 1.0000000000e+01 -4.9120267252e-02
     vertex 1.1199387202e+01 1.0000000000e+01 -1.0019908773e-02
   endloop
 endfacet
 facet normal  0.0000000000e+00 1.0000000000e+00 -0.0000000000e+00
   outer loop
     vertex 1.1199387202e+01 1.0000000000e+01 -1.0019908773e-02
     vertex 1.1071471606e+01 1.0000000000e+01 -4.9120267252e-02
     vertex 1.1069314538e+01 1.0000000000e+01 -1.3487573215e-02
   endloop
 endfacet
 facet normal  -0.0000000000e+00 1.0000000000e+00 0.0000000000e+00
   outer loop
     vertex 1.1071471606e+01 1.0000000000e+01 -4.9120267252e-02
     vertex 1.0967392061e+01 1.0000000000e+01 -4.7295321236e-02
     vertex 1.1069314538e+01 1.0000000000e+01 -1.3487573215e-02
   endloop
 endfacet
 facet normal  0.0000000000e+00 1.0000000000e+00 -0.0000000000e+00
   outer loop
     vertex 1.1069314538e+01 1.0000000000e+01 -1.3487573215e-02
     vertex 1.0967392061e+01 1.0000000000e+01 -4.7295321236e-02
     vertex 1.0965162765e+01 1.0000000000e+01 -1.5678332053e-02
   endloop
 endfacet
 facet normal  -0.0000000000e+00 1.0000000000e+00 0.0000000000e+00
   outer loop
     vertex 1.0967392061e+01 1.0000000000e+01 -4.7295321236e-02
     vertex 1.0888309461e+01 1.0000000000e+01 -4.1947085166e-02
     vertex 1.0965162765e+01 1.0000000000e+01 -1.5678332053e-02
   endloop
 endfacet
 facet normal  0.0000000000e+00 1.0000000000e+00 -0.0000000000e+00
   outer loop
     vertex 1.0965162765e+01 1.0000000000e+01 -1.5678332053e-02
     vertex 1.0888309461e+01 1.0000000000e+01 -4.1947085166e-02
     vertex 1.0886258684e+01 1.0000000000e+01 -1.5935879523e-02
   endloop
 endfacet
 facet normal  -0.0000000000e+00 1.0000000000e+00 0.0000000000e+00
   outer loop
     vertex 1.0888309461e+01 1.0000000000e+01 -4.1947085166e-02
     vertex 1.0830983230e+01 1.0000000000e+01 -3.3247991165e-02
     vertex 1.0886258684e+01 1.0000000000e+01 -1.5935879523e-02
   endloop
 endfacet
 facet normal  0.0000000000e+00 1.0000000000e+00 -0.0000000000e+00
   outer loop
     vertex 1.0886258684e+01 1.0000000000e+01 -1.5935879523e-02
     vertex 1.0830983230e+01 1.0000000000e+01 -3.3247991165e-02
     vertex 1.0829333970e+01 1.0000000000e+01 -1.4005493369e-02
   endloop
 endfacet
 facet normal  -0.0000000000e+00 1.0000000000e+00 0.0000000000e+00
   outer loop
     vertex 1.0830983230e+01 1.0000000000e+01 -3.3247991165e-02
     vertex 1.0791901537e+01 1.0000000000e+01 -2.0477160601e-02
     vertex 1.0829333970e+01 1.0000000000e+01 -1.4005493369e-02
   endloop
 endfacet
 facet normal  0.0000000000e+00 1.0000000000e+00 -0.0000000000e+00
   outer loop
     vertex 1.0829333970e+01 1.0000000000e+01 -1.4005493369e-02
     vertex 1.0791901537e+01 1.0000000000e+01 -2.0477160601e-02
     vertex 1.0790884011e+01 1.0000000000e+01 -9.3926994465e-03
   endloop
 endfacet
 facet normal  0.0000000000e+00 1.0000000000e+00 0.0000000000e+00
   outer loop
     vertex 1.0791901537e+01 1.0000000000e+01 -2.0477160601e-02
     vertex 1.0773502692e+01 1.0000000000e+01 0.0000000000e+00
     vertex 1.0790884011e+01 1.0000000000e+01 -9.3926994465e-03
   endloop
 endfacet
 facet normal  0.0000000000e+00 1.0000000000e+00 0.0000000000e+00
   outer loop
     vertex 1.0773502692e+01 1.0000000000e+01 0.0000000000e+00
     vertex 1.0787831433e+01 1.0000000000e+01 2.3860684018e-02
     vertex 1.0788848959e+01 1.0000000000e+01 1.2776222863e-02
   endloop
 endfacet
 facet normal  0.0000000000e+00 1.0000000000e+00 0.0000000000e+00
   outer loop
     vertex 1.0787831433e+01 1.0000000000e+01 2.3860684018e-02
     vertex 1.0826035449e+01 1.0000000000e+01 2.4479502225e-02
     vertex 1.0788848959e+01 1.0000000000e+01 1.2776222863e-02
   endloop
 endfacet
 facet normal  0.0000000000e+00 1.0000000000e+00 0.0000000000e+00
   outer loop
     vertex 1.0787831433e+01 1.0000000000e+01 2.3860684018e-02
     vertex 1.0824386188e+01 1.0000000000e+01 4.3722000021e-02
     vertex 1.0826035449e+01 1.0000000000e+01 2.4479502225e-02
   endloop
 endfacet
 facet normal  0.0000000000e+00 1.0000000000e+00 0.0000000000e+00
   outer loop
     vertex 1.0824386188e+01 1.0000000000e+01 4.3722000021e-02
     vertex 1.0882157130e+01 1.0000000000e+01 3.6086531761e-02
     vertex 1.0826035449e+01 1.0000000000e+01 2.4479502225e-02
   endloop
 endfacet
 facet normal  0.0000000000e+00 1.0000000000e+00 0.0000000000e+00
   outer loop
     vertex 1.0824386188e+01 1.0000000000e+01 4.3722000021e-02
     vertex 1.0880106353e+01 1.0000000000e+01 6.2097737404e-02
     vertex 1.0882157130e+01 1.0000000000e+01 3.6086531761e-02
   endloop
 endfacet
 facet normal  0.0000000000e+00 1.0000000000e+00 0.0000000000e+00
   outer loop
     vertex 1.0880106353e+01 1.0000000000e+01 6.2097737404e-02
     vertex 1.0960704171e+01 1.0000000000e+01 4.7555646312e-02
     vertex 1.0882157130e+01 1.0000000000e+01 3.6086531761e-02
   endloop
 endfacet
 facet normal  0.0000000000e+00 1.0000000000e+00 0.0000000000e+00
   outer loop
     vertex 1.0880106353e+01 1.0000000000e+01 6.2097737404e-02
     vertex 1.0958474875e+01 1.0000000000e+01 7.9172635495e-02
     vertex 1.0960704171e+01 1.0000000000e+01 4.7555646312e-02
   endloop
 endfacet
 facet normal  0.0000000000e+00 1.0000000000e+00 0.0000000000e+00
   outer loop
     vertex 1.0958474875e+01 1.0000000000e+01 7.9172635495e-02
     vertex 1.1065000403e+01 1.0000000000e+01 5.7777814858e-02
     vertex 1.0960704171e+01 1.0000000000e+01 4.7555646312e-02
   endloop
 endfacet
 facet normal  0.0000000000e+00 1.0000000000e+00 0.0000000000e+00
   outer loop
     vertex 1.0958474875e+01 1.0000000000e+01 7.9172635495e-02
     vertex 1.1062843336e+01 1.0000000000e+01 9.3410508894e-02
     vertex 1.1065000403e+01 1.0000000000e+01 5.7777814858e-02
   endloop
 endfacet
 facet normal  0.0000000000e+00 1.0000000000e+00 0.0000000000e+00
   outer loop
     vertex 1.1062843336e+01 1.0000000000e+01 9.3410508894e-02
     vertex 1.1195701763e+01 1.0000000000e+01 6.4839652615e-02
     vertex 1.1065000403e+01 1.0000000000e+01 5.7777814858e-02
   endloop
 endfacet
 facet normal  0.0000000000e+00 1.0000000000e+00 0.0000000000e+00
   outer loop
     vertex 1.1062843336e+01 1.0000000000e+01 9.3410508894e-02
     vertex 1.1193859044e+01 1.0000000000e+01 1.0226943331e-01
     vertex 1.1195701763e+01 1.0000000000e+01 6.4839652615e-02
   endloop
 endfacet
 facet normal  0.0000000000e+00 1.0000000000e+00 0.0000000000e+00
   outer loop
     vertex 1.1193859044e+01 1.0000000000e+01 1.0226943331e-01
     vertex 1.1348712830e+01 1.0000000000e+01 6.6609487425e-02
     vertex 1.1195701763e+01 1.0000000000e+01 6.4839652615e-02
   endloop
 endfacet
 facet normal  0.0000000000e+00 1.0000000000e+00 0.0000000000e+00
   outer loop
     vertex 1.1193859044e+01 1.0000000000e+01 1.0226943331e-01
     vertex 1.1347336693e+01 1.0000000000e+01 1.0319988652e-01
     vertex 1.1348712830e+01 1.0000000000e+01 6.6609487425e-02
   endloop
 endfacet
 facet normal  0.0000000000e+00 1.0000000000e+00 0.0000000000e+00
   outer loop
     vertex 1.1347336693e+01 1.0000000000e+01 1.0319988652e-01
     vertex 1.1514513417e+01 1.0000000000e+01 6.2616986741e-02
     vertex 1.1348712830e+01 1.0000000000e+01 6.6609487425e-02
   endloop
 endfacet
 facet normal  0.0000000000e+00 1.0000000000e+00 0.0000000000e+00
   outer loop
     vertex 1.1347336693e+01 1.0000000000e+01 1.0319988652e-01
     vertex 1.1513618352e+01 1.0000000000e+01 9.5848506323e-02
     vertex 1.1514513417e+01 1.0000000000e+01 6.2616986741e-02
   endloop
 endfacet
 facet normal  0.0000000000e+00 1.0000000000e+00 0.0000000000e+00
   outer loop
     vertex 1.1513618352e+01 1.0000000000e+01 9.5848506323e-02
     vertex 1.1679557319e+01 1.0000000000e+01 8.2841135249e-02
     vertex 1.1514513417e+01 1.0000000000e+01 6.2616986741e-02
   endloop
 endfacet
 facet normal  0.0000000000e+00 1.0000000000e+00 0.0000000000e+00
   outer loop
     vertex 1.1514513417e+01 1.0000000000e+01 6.2616986741e-02
     vertex 1.1679557319e+01 1.0000000000e+01 8.2841135249e-02
     vertex 1.1680041701e+01 1.0000000000e+01 5.4754661814e-02
   endloop
 endfacet
 facet normal  0.0000000000e+00 1.0000000000e+00 0.0000000000e+00
   outer loop
     vertex 1.1679557319e+01 1.0000000000e+01 8.2841135249e-02
     vertex 1.1832202400e+01 1.0000000000e+01 6.6687003601e-02
     vertex 1.1680041701e+01 1.0000000000e+01 5.4754661814e-02
   endloop
 endfacet
 facet normal  0.0000000000e+00 1.0000000000e+00 0.0000000000e+00
   outer loop
     vertex 1.1680041701e+01 1.0000000000e+01 5.4754661814e-02
     vertex 1.1832202400e+01 1.0000000000e+01 6.6687003601e-02
     vertex 1.1832396912e+01 1.0000000000e+01 4.4520475669e-02
   endloop
 endfacet
 facet normal  0.0000000000e+00 1.0000000000e+00 0.0000000000e+00
   outer loop
     vertex 1.1832202400e+01 1.0000000000e+01 6.6687003601e-02
     vertex 1.1962476615e+01 1.0000000000e+01 5.0032370588e-02
     vertex 1.1832396912e+01 1.0000000000e+01 4.4520475669e-02
   endloop
 endfacet
 facet normal  0.0000000000e+00 1.0000000000e+00 0.0000000000e+00
   outer loop
     vertex 1.1832396912e+01 1.0000000000e+01 4.4520475669e-02
     vertex 1.1962476615e+01 1.0000000000e+01 5.0032370588e-02
     vertex 1.1962504433e+01 1.0000000000e+01 3.3660679585e-02
   endloop
 endfacet
 facet normal  0.0000000000e+00 1.0000000000e+00 0.0000000000e+00
   outer loop
     vertex 1.1962476615e+01 1.0000000000e+01 5.0032370588e-02
     vertex 1.2066737553e+01 1.0000000000e+01 3.4880270902e-02
     vertex 1.1962504433e+01 1.0000000000e+01 3.3660679585e-02
   endloop
 endfacet
 facet normal  0.0000000000e+00 1.0000000000e+00 0.0000000000e+00
   outer loop
     vertex 1.1962504433e+01 1.0000000000e+01 3.3660679585e-02
     vertex 1.2066737553e+01 1.0000000000e+01 3.4880270902e-02
     vertex 1.2066693133e+01 1.0000000000e+01 2.3597014856e-02
   endloop
 endfacet
 facet normal  0.0000000000e+00 1.0000000000e+00 0.0000000000e+00
   outer loop
     vertex 1.2066737553e+01 1.0000000000e+01 3.4880270902e-02
     vertex 1.2145974241e+01 1.0000000000e+01 2.2285425282e-02
     vertex 1.2066693133e+01 1.0000000000e+01 2.3597014856e-02
   endloop
 endfacet
 facet normal  0.0000000000e+00 1.0000000000e+00 0.0000000000e+00
   outer loop
     vertex 1.2066693133e+01 1.0000000000e+01 2.3597014856e-02
     vertex 1.2145974241e+01 1.0000000000e+01 2.2285425282e-02
     vertex 1.2145915268e+01 1.0000000000e+01 1.5133302743e-02
   endloop
 endfacet
 facet normal  0.0000000000e+00 1.0000000000e+00 0.0000000000e+00
   outer loop
     vertex 1.2145974241e+01 1.0000000000e+01 2.2285425282e-02
     vertex 1.2203860384e+01 1.0000000000e+01 1.2483665552e-02
     vertex 1.2145915268e+01 1.0000000000e+01 1.5133302743e-02
   endloop
 endfacet
 facet normal  0.0000000000e+00 1.0000000000e+00 0.0000000000e+00
   outer loop
     vertex 1.2145915268e+01 1.0000000000e+01 1.5133302743e-02
     vertex 1.2203860384e+01 1.0000000000e+01 1.2483665552e-02
     vertex 1.2203814885e+01 1.0000000000e+01 8.4984329480e-03
   endloop
 endfacet
 facet normal  0.0000000000e+00 1.0000000000e+00 0.0000000000e+00
   outer loop
     vertex 1.2203860384e+01 1.0000000000e+01 1.2483665552e-02
     vertex 1.2244941791e+01 1.0000000000e+01 5.2122204548e-03
     vertex 1.2203814885e+01 1.0000000000e+01 8.4984329480e-03
   endloop
 endfacet
 facet normal  0.0000000000e+00 1.0000000000e+00 0.0000000000e+00
   outer loop
     vertex 1.2203814885e+01 1.0000000000e+01 8.4984329480e-03
     vertex 1.2244941791e+01 1.0000000000e+01 5.2122204548e-03
     vertex 1.2244919115e+01 1.0000000000e+01 3.5541494957e-03
   endloop
 endfacet
 facet normal  0.0000000000e+00 1.0000000000e+00 0.0000000000e+00
   outer loop
     vertex 1.2244941791e+01 1.0000000000e+01 5.2122204548e-03
     vertex 1.2273502692e+01 1.0000000000e+01 0.0000000000e+00
     vertex 1.2244919115e+01 1.0000000000e+01 3.5541494957e-03
   endloop
 endfacet
 facet normal  -0.0000000000e+00 1.0000000000e+00 0.0000000000e+00
   outer loop
     vertex 1.2273502692e+01 1.0000000000e+01 0.0000000000e+00
     vertex 1.2244873761e+01 1.0000000000e+01 2.3800757748e-04
     vertex 1.2244896438e+01 1.0000000000e+01 1.8960785366e-03
   endloop
 endfacet
 facet normal  0.0000000000e+00 1.0000000000e+00 0.0000000000e+00
   outer loop
     vertex 1.2244873761e+01 1.0000000000e+01 2.3800757748e-04
     vertex 1.2203769387e+01 1.0000000000e+01 4.5132003435e-03
     vertex 1.2244896438e+01 1.0000000000e+01 1.8960785366e-03
   endloop
 endfacet
 facet normal  -0.0000000000e+00 1.0000000000e+00 0.0000000000e+00
   outer loop
     vertex 1.2244873761e+01 1.0000000000e+01 2.3800757748e-04
     vertex 1.2203723888e+01 1.0000000000e+01 5.2796773908e-04
     vertex 1.2203769387e+01 1.0000000000e+01 4.5132003435e-03
   endloop
 endfacet
 facet normal  0.0000000000e+00 1.0000000000e+00 0.0000000000e+00
   outer loop
     vertex 1.2203723888e+01 1.0000000000e+01 5.2796773908e-04
     vertex 1.2145856295e+01 1.0000000000e+01 7.9811802043e-03
     vertex 1.2203769387e+01 1.0000000000e+01 4.5132003435e-03
   endloop
 endfacet
 facet normal  -0.0000000000e+00 1.0000000000e+00 0.0000000000e+00
   outer loop
     vertex 1.2203723888e+01 1.0000000000e+01 5.2796773908e-04
     vertex 1.2145797322e+01 1.0000000000e+01 8.2905766527e-04
     vertex 1.2145856295e+01 1.0000000000e+01 7.9811802043e-03
   endloop
 endfacet
 facet normal  0.0000000000e+00 1.0000000000e+00 0.0000000000e+00
   outer loop
     vertex 1.2145797322e+01 1.0000000000e+01 8.2905766527e-04
     vertex 1.2066648712e+01 1.0000000000e+01 1.2313758810e-02
     vertex 1.2145856295e+01 1.0000000000e+01 7.9811802043e-03
   endloop
 endfacet
 facet normal  -0.0000000000e+00 1.0000000000e+00 0.0000000000e+00
   outer loop
     vertex 1.2145797322e+01 1.0000000000e+01 8.2905766527e-04
     vertex 1.2066604292e+01 1.0000000000e+01 1.0305027640e-03
     vertex 1.2066648712e+01 1.0000000000e+01 1.2313758810e-02
   endloop
 endfacet
 facet normal  0.0000000000e+00 1.0000000000e+00 0.0000000000e+00
   outer loop
     vertex 1.2066604292e+01 1.0000000000e+01 1.0305027640e-03
     vertex 1.1962532251e+01 1.0000000000e+01 1.7288988583e-02
     vertex 1.2066648712e+01 1.0000000000e+01 1.2313758810e-02
   endloop
 endfacet
 facet normal  0.0000000000e+00 1.0000000000e+00 -0.0000000000e+00
   outer loop
     vertex 1.2066604292e+01 1.0000000000e+01 1.0305027640e-03
     vertex 1.1962560070e+01 1.0000000000e+01 9.1729758016e-04
     vertex 1.1962532251e+01 1.0000000000e+01 1.7288988583e-02
   endloop
 endfacet
 facet normal  0.0000000000e+00 1.0000000000e+00 0.0000000000e+00
   outer loop
     vertex 1.1962560070e+01 1.0000000000e+01 9.1729758016e-04
     vertex 1.1832591424e+01 1.0000000000e+01 2.2353947736e-02
     vertex 1.1962532251e+01 1.0000000000e+01 1.7288988583e-02
   endloop
 endfacet
 facet normal  0.0000000000e+00 1.0000000000e+00 -0.0000000000e+00
   outer loop
     vertex 1.1962560070e+01 1.0000000000e+01 9.1729758016e-04
     vertex 1.1832785936e+01 1.0000000000e+01 1.8741980342e-04
     vertex 1.1832591424e+01 1.0000000000e+01 2.2353947736e-02
   endloop
 endfacet
 facet normal  0.0000000000e+00 1.0000000000e+00 0.0000000000e+00
   outer loop
     vertex 1.1832785936e+01 1.0000000000e+01 1.8741980342e-04
     vertex 1.1680526083e+01 1.0000000000e+01 2.6668188379e-02
     vertex 1.1832591424e+01 1.0000000000e+01 2.2353947736e-02
   endloop
 endfacet
 facet normal  0.0000000000e+00 1.0000000000e+00 -0.0000000000e+00
   outer loop
     vertex 1.1832785936e+01 1.0000000000e+01 1.8741980342e-04
     vertex 1.1681010466e+01 1.0000000000e+01 -1.4182850565e-03
     vertex 1.1680526083e+01 1.0000000000e+01 2.6668188379e-02
   endloop
 endfacet
 facet normal  0.0000000000e+00 1.0000000000e+00 0.0000000000e+00
   outer loop
     vertex 1.1681010466e+01 1.0000000000e+01 -1.4182850565e-03
     vertex 1.1515408482e+01 1.0000000000e+01 2.9385467159e-02
     vertex 1.1680526083e+01 1.0000000000e+01 2.6668188379e-02
   endloop
 endfacet
 facet normal  0.0000000000e+00 1.0000000000e+00 -0.0000000000e+00
   outer loop
     vertex 1.1681010466e+01 1.0000000000e+01 -1.4182850565e-03
     vertex 1.1516303547e+01 1.0000000000e+01 -3.8460524232e-03
     vertex 1.1515408482e+01 1.0000000000e+01 2.9385467159e-02
   endloop
 endfacet
 facet normal  0.0000000000e+00 1.0000000000e+00 0.0000000000e+00
   outer loop
     vertex 1.1516303547e+01 1.0000000000e+01 -3.8460524232e-03
     vertex 1.1351465105e+01 1.0000000000e+01 -6.5713107662e-03
     vertex 1.1515408482e+01 1.0000000000e+01 2.9385467159e-02
   endloop
 endfacet
 facet normal  0.0000000000e+00 1.0000000000e+00 -0.0000000000e+00
   outer loop
     vertex 1.1515408482e+01 1.0000000000e+01 2.9385467159e-02
     vertex 1.1351465105e+01 1.0000000000e+01 -6.5713107662e-03
     vertex 1.1350088967e+01 1.0000000000e+01 3.0019088329e-02
   endloop
 endfacet
 facet normal  0.0000000000e+00 1.0000000000e+00 0.0000000000e+00
   outer loop
     vertex 1.1351465105e+01 1.0000000000e+01 -6.5713107662e-03
     vertex 1.1199387202e+01 1.0000000000e+01 -1.0019908773e-02
     vertex 1.1350088967e+01 1.0000000000e+01 3.0019088329e-02
   endloop
 endfacet
 facet normal  0.0000000000e+00 1.0000000000e+00 -0.0000000000e+00
   outer loop
     vertex 1.1350088967e+01 1.0000000000e+01 3.0019088329e-02
     vertex 1.1199387202e+01 1.0000000000e+01 -1.0019908773e-02
     vertex 1.1197544483e+01 1.0000000000e+01 2.7409871921e-02
   endloop
 endfacet
 facet normal  0.0000000000e+00 1.0000000000e+00 0.0000000000e+00
   outer loop
     vertex 1.1199387202e+01 1.0000000000e+01 -1.0019908773e-02
     vertex 1.1069314538e+01 1.0000000000e+01 -1.3487573215e-02
     vertex 1.1197544483e+01 1.0000000000e+01 2.7409871921e-02
   endloop
 endfacet
 facet normal  0.0000000000e+00 1.0000000000e+00 -0.0000000000e+00
   outer loop
     vertex 1.1197544483e+01 1.0000000000e+01 2.7409871921e-02
     vertex 1.1069314538e+01 1.0000000000e+01 -1.3487573215e-02
     vertex 1.1067157471e+01 1.0000000000e+01 2.2145120821e-02
   endloop
 endfacet
 facet normal  0.0000000000e+00 1.0000000000e+00 0.0000000000e+00
   outer loop
     vertex 1.1069314538e+01 1.0000000000e+01 -1.3487573215e-02
     vertex 1.0965162765e+01 1.0000000000e+01 -1.5678332053e-02
     vertex 1.1067157471e+01 1.0000000000e+01 2.2145120821e-02
   endloop
 endfacet
 facet normal  0.0000000000e+00 1.0000000000e+00 -0.0000000000e+00
   outer loop
     vertex 1.1067157471e+01 1.0000000000e+01 2.2145120821e-02
     vertex 1.0965162765e+01 1.0000000000e+01 -1.5678332053e-02
     vertex 1.0962933468e+01 1.0000000000e+01 1.5938657130e-02
   endloop
 endfacet
 facet normal  0.0000000000e+00 1.0000000000e+00 0.0000000000e+00
   outer loop
     vertex 1.0965162765e+01 1.0000000000e+01 -1.5678332053e-02
     vertex 1.0886258684e+01 1.0000000000e+01 -1.5935879523e-02
     vertex 1.0962933468e+01 1.0000000000e+01 1.5938657130e-02
   endloop
 endfacet
 facet normal  0.0000000000e+00 1.0000000000e+00 -0.0000000000e+00
   outer loop
     vertex 1.0962933468e+01 1.0000000000e+01 1.5938657130e-02
     vertex 1.0886258684e+01 1.0000000000e+01 -1.5935879523e-02
     vertex 1.0884207907e+01 1.0000000000e+01 1.0075326119e-02
   endloop
 endfacet
 facet normal  -0.0000000000e+00 1.0000000000e+00 0.0000000000e+00
   outer loop
     vertex 1.0886258684e+01 1.0000000000e+01 -1.5935879523e-02
     vertex 1.0829333970e+01 1.0000000000e+01 -1.4005493369e-02
     vertex 1.0884207907e+01 1.0000000000e+01 1.0075326119e-02
   endloop
 endfacet
 facet normal  0.0000000000e+00 1.0000000000e+00 -0.0000000000e+00
   outer loop
     vertex 1.0884207907e+01 1.0000000000e+01 1.0075326119e-02
     vertex 1.0829333970e+01 1.0000000000e+01 -1.4005493369e-02
     vertex 1.0827684709e+01 1.0000000000e+01 5.2370044279e-03
   endloop
 endfacet
 facet normal  -0.0000000000e+00 1.0000000000e+00 0.0000000000e+00
   outer loop
     vertex 1.0829333970e+01 1.0000000000e+01 -1.4005493369e-02
     vertex 1.0790884011e+01 1.0000000000e+01 -9.3926994465e-03
     vertex 1.0827684709e+01 1.0000000000e+01 5.2370044279e-03
   endloop
 endfacet
 facet normal  0.0000000000e+00 1.0000000000e+00 -0.0000000000e+00
   outer loop
     vertex 1.0827684709e+01 1.0000000000e+01 5.2370044279e-03
     vertex 1.0790884011e+01 1.0000000000e+01 -9.3926994465e-03
     vertex 1.0789866485e+01 1.0000000000e+01 1.6917617084e-03
   endloop
 endfacet
 facet normal  -0.0000000000e+00 1.0000000000e+00 0.0000000000e+00
   outer loop
     vertex 1.0790884011e+01 1.0000000000e+01 -9.3926994465e-03
     vertex 1.0773502692e+01 1.0000000000e+01 0.0000000000e+00
     vertex 1.0789866485e+01 1.0000000000e+01 1.6917617084e-03
   endloop
 endfacet
 facet normal  0.0000000000e+00 1.0000000000e+00 0.0000000000e+00
   outer loop
     vertex 1.0773502692e+01 1.0000000000e+01 0.0000000000e+00
     vertex 1.0788848959e+01 1.0000000000e+01 1.2776222863e-02
     vertex 1.0789866485e+01 1.0000000000e+01 1.6917617084e-03
   endloop
 endfacet
 facet normal  0.0000000000e+00 1.0000000000e+00 0.0000000000e+00
   outer loop
     vertex 1.0788848959e+01 1.0000000000e+01 1.2776222863e-02
     vertex 1.0827684709e+01 1.0000000000e+01 5.2370044279e-03
     vertex 1.0789866485e+01 1.0000000000e+01 1.6917617084e-03
   endloop
 endfacet
 facet normal  0.0000000000e+00 1.0000000000e+00 0.0000000000e+00
   outer loop
     vertex 1.0788848959e+01 1.0000000000e+01 1.2776222863e-02
     vertex 1.0826035449e+01 1.0000000000e+01 2.4479502225e-02
     vertex 1.0827684709e+01 1.0000000000e+01 5.2370044279e-03
   endloop
 endfacet
 facet normal  0.0000000000e+00 1.0000000000e+00 0.0000000000e+00
   outer loop
     vertex 1.0826035449e+01 1.0000000000e+01 2.4479502225e-02
     vertex 1.0884207907e+01 1.0000000000e+01 1.0075326119e-02
     vertex 1.0827684709e+01 1.0000000000e+01 5.2370044279e-03
   endloop
 endfacet
 facet normal  0.0000000000e+00 1.0000000000e+00 0.0000000000e+00
   outer loop
     vertex 1.0826035449e+01 1.0000000000e+01 2.4479502225e-02
     vertex 1.0882157130e+01 1.0000000000e+01 3.6086531761e-02
     vertex 1.0884207907e+01 1.0000000000e+01 1.0075326119e-02
   endloop
 endfacet
 facet normal  0.0000000000e+00 1.0000000000e+00 0.0000000000e+00
   outer loop
     vertex 1.0882157130e+01 1.0000000000e+01 3.6086531761e-02
     vertex 1.0962933468e+01 1.0000000000e+01 1.5938657130e-02
     vertex 1.0884207907e+01 1.0000000000e+01 1.0075326119e-02
   endloop
 endfacet
 facet normal  0.0000000000e+00 1.0000000000e+00 0.0000000000e+00
   outer loop
     vertex 1.0882157130e+01 1.0000000000e+01 3.6086531761e-02
     vertex 1.0960704171e+01 1.0000000000e+01 4.7555646312e-02
     vertex 1.0962933468e+01 1.0000000000e+01 1.5938657130e-02
   endloop
 endfacet
 facet normal  0.0000000000e+00 1.0000000000e+00 0.0000000000e+00
   outer loop
     vertex 1.0960704171e+01 1.0000000000e+01 4.7555646312e-02
     vertex 1.1067157471e+01 1.0000000000e+01 2.2145120821e-02
     vertex 1.0962933468e+01 1.0000000000e+01 1.5938657130e-02
   endloop
 endfacet
 facet normal  0.0000000000e+00 1.0000000000e+00 0.0000000000e+00
   outer loop
     vertex 1.0960704171e+01 1.0000000000e+01 4.7555646312e-02
     vertex 1.1065000403e+01 1.0000000000e+01 5.7777814858e-02
     vertex 1.1067157471e+01 1.0000000000e+01 2.2145120821e-02
   endloop
 endfacet
 facet normal  0.0000000000e+00 1.0000000000e+00 0.0000000000e+00
   outer loop
     vertex 1.1065000403e+01 1.0000000000e+01 5.7777814858e-02
     vertex 1.1197544483e+01 1.0000000000e+01 2.7409871921e-02
     vertex 1.1067157471e+01 1.0000000000e+01 2.2145120821e-02
   endloop
 endfacet
 facet normal  0.0000000000e+00 1.0000000000e+00 0.0000000000e+00
   outer loop
     vertex 1.1065000403e+01 1.0000000000e+01 5.7777814858e-02
     vertex 1.1195701763e+01 1.0000000000e+01 6.4839652615e-02
     vertex 1.1197544483e+01 1.0000000000e+01 2.7409871921e-02
   endloop
 endfacet
 facet normal  0.0000000000e+00 1.0000000000e+00 0.0000000000e+00
   outer loop
     vertex 1.1195701763e+01 1.0000000000e+01 6.4839652615e-02
     vertex 1.1350088967e+01 1.0000000000e+01 3.0019088329e-02
     vertex 1.1197544483e+01 1.0000000000e+01 2.7409871921e-02
   endloop
 endfacet
 facet normal  0.0000000000e+00 1.0000000000e+00 0.0000000000e+00
   outer loop
     vertex 1.1195701763e+01 1.0000000000e+01 6.4839652615e-02
     vertex 1.1348712830e+01 1.0000000000e+01 6.6609487425e-02
     vertex 1.1350088967e+01 1.0000000000e+01 3.0019088329e-02
   endloop
 endfacet
 facet normal  0.0000000000e+00 1.0000000000e+00 0.0000000000e+00
   outer loop
     vertex 1.1348712830e+01 1.0000000000e+01 6.6609487425e-02
     vertex 1.1515408482e+01 1.0000000000e+01 2.9385467159e-02
     vertex 1.1350088967e+01 1.0000000000e+01 3.0019088329e-02
   endloop
 endfacet
 facet normal  0.0000000000e+00 1.0000000000e+00 0.0000000000e+00
   outer loop
     vertex 1.1348712830e+01 1.0000000000e+01 6.6609487425e-02
     vertex 1.1514513417e+01 1.0000000000e+01 6.2616986741e-02
     vertex 1.1515408482e+01 1.0000000000e+01 2.9385467159e-02
   endloop
 endfacet
 facet normal  0.0000000000e+00 1.0000000000e+00 0.0000000000e+00
   outer loop
     vertex 1.1514513417e+01 1.0000000000e+01 6.2616986741e-02
     vertex 1.1680041701e+01 1.0000000000e+01 5.4754661814e-02
     vertex 1.1515408482e+01 1.0000000000e+01 2.9385467159e-02
   endloop
 endfacet
 facet normal  0.0000000000e+00 1.0000000000e+00 0.0000000000e+00
   outer loop
     vertex 1.1515408482e+01 1.0000000000e+01 2.9385467159e-02
     vertex 1.1680041701e+01 1.0000000000e+01 5.4754661814e-02
     vertex 1.1680526083e+01 1.0000000000e+01 2.6668188379e-02
   endloop
 endfacet
 facet normal  0.0000000000e+00 1.0000000000e+00 0.0000000000e+00
   outer loop
     vertex 1.1680041701e+01 1.0000000000e+01 5.4754661814e-02
     vertex 1.1832396912e+01 1.0000000000e+01 4.4520475669e-02
     vertex 1.1680526083e+01 1.0000000000e+01 2.6668188379e-02
   endloop
 endfacet
 facet normal  0.0000000000e+00 1.0000000000e+00 0.0000000000e+00
   outer loop
     vertex 1.1680526083e+01 1.0000000000e+01 2.6668188379e-02
     vertex 1.1832396912e+01 1.0000000000e+01 4.4520475669e-02
     vertex 1.1832591424e+01 1.0000000000e+01 2.2353947736e-02
   endloop
 endfacet
 facet normal  0.0000000000e+00 1.0000000000e+00 0.0000000000e+00
   outer loop
     vertex 1.1832396912e+01 1.0000000000e+01 4.4520475669e-02
     vertex 1.1962504433e+01 1.0000000000e+01 3.3660679585e-02
     vertex 1.1832591424e+01 1.0000000000e+01 2.2353947736e-02
   endloop
 endfacet
 facet normal  0.0000000000e+00 1.0000000000e+00 0.0000000000e+00
   outer loop
     vertex 1.1832591424e+01 1.0000000000e+01 2.2353947736e-02
     vertex 1.1962504433e+01 1.0000000000e+01 3.3660679585e-02
     vertex 1.1962532251e+01 1.0000000000e+01 1.7288988583e-02
   endloop
 endfacet
 facet normal  0.0000000000e+00 1.0000000000e+00 0.0000000000e+00
   outer loop
     vertex 1.1962504433e+01 1.0000000000e+01 3.3660679585e-02
     vertex 1.2066693133e+01 1.0000000000e+01 2.3597014856e-02
     vertex 1.1962532251e+01 1.0000000000e+01 1.7288988583e-02
   endloop
 endfacet
 facet normal  0.0000000000e+00 1.0000000000e+00 0.0000000000e+00
   outer loop
     vertex 1.1962532251e+01 1.0000000000e+01 1.7288988583e-02
     vertex 1.2066693133e+01 1.0000000000e+01 2.3597014856e-02
     vertex 1.2066648712e+01 1.0000000000e+01 1.2313758810e-02
   endloop
 endfacet
 facet normal  0.0000000000e+00 1.0000000000e+00 0.0000000000e+00
   outer loop
     vertex 1.2066693133e+01 1.0000000000e+01 2.3597014856e-02
     vertex 1.2145915268e+01 1.0000000000e+01 1.5133302743e-02
     vertex 1.2066648712e+01 1.0000000000e+01 1.2313758810e-02
   endloop
 endfacet
 facet normal  0.0000000000e+00 1.0000000000e+00 0.0000000000e+00
   outer loop
     vertex 1.2066648712e+01 1.0000000000e+01 1.2313758810e-02
     vertex 1.2145915268e+01 1.0000000000e+01 1.5133302743e-02
     vertex 1.2145856295e+01 1.0000000000e+01 7.9811802043e-03
   endloop
 endfacet
 facet normal  0.0000000000e+00 1.0000000000e+00 0.0000000000e+00
   outer loop
     vertex 1.2145915268e+01 1.0000000000e+01 1.5133302743e-02
     vertex 1.2203814885e+01 1.0000000000e+01 8.4984329480e-03
     vertex 1.2145856295e+01 1.0000000000e+01 7.9811802043e-03
   endloop
 endfacet
 facet normal  0.0000000000e+00 1.0000000000e+00 0.0000000000e+00
   outer loop
     vertex 1.2145856295e+01 1.0000000000e+01 7.9811802043e-03
     vertex 1.2203814885e+01 1.0000000000e+01 8.4984329480e-03
     vertex 1.2203769387e+01 1.0000000000e+01 4.5132003435e-03
   endloop
 endfacet
 facet normal  0.0000000000e+00 1.0000000000e+00 0.0000000000e+00
   outer loop
     vertex 1.2203814885e+01 1.0000000000e+01 8.4984329480e-03
     vertex 1.2244919115e+01 1.0000000000e+01 3.5541494957e-03
     vertex 1.2203769387e+01 1.0000000000e+01 4.5132003435e-03
   endloop
 endfacet
 facet normal  0.0000000000e+00 1.0000000000e+00 0.0000000000e+00
   outer loop
     vertex 1.2203769387e+01 1.0000000000e+01 4.5132003435e-03
     vertex 1.2244919115e+01 1.0000000000e+01 3.5541494957e-03
     vertex 1.2244896438e+01 1.0000000000e+01 1.8960785366e-03
   endloop
 endfacet
 facet normal  0.0000000000e+00 1.0000000000e+00 0.0000000000e+00
   outer loop
     vertex 1.2244919115e+01 1.0000000000e+01 3.5541494957e-03
     vertex 1.2273502692e+01 1.0000000000e+01 0.0000000000e+00
     vertex 1.2244896438e+01 1.0000000000e+01 1.8960785366e-03
   endloop
 endfacet
 facet normal  4.9491294583e-02 2.1150118062e-02 -9.9855059174e-01
   outer loop
     vertex 8.0000000000e+00 0.0000000000e+00 0.0000000000e+00
     vertex 8.8547005384e+00 -2.0000000000e+00 0.0000000000e+00
     vertex 8.8031276455e+00 -2.0000000000e+00 -2.5561140869e-03
   endloop
 endfacet
 facet normal  4.9491294583e-02 2.1150118062e-02 -9.9855059174e-01
   outer loop
     vertex 8.0000000000e+00 0.0000000000e+00 0.0000000000e+00
     vertex 8.8031276455e+00 -2.0000000000e+00 -2.5561140869e-03
     vertex 7.9426967857e+00 0.0000000000e+00 -2.8401267633e-03
   endloop
 endfacet
 facet normal  4.9407956188e-02 2.1114263905e-02 -9.9855547754e-01
   outer loop
     vertex 7.9426967857e+00 0.0000000000e+00 -2.8401267633e-03
     vertex 8.8031276455e+00 -2.0000000000e+00 -2.5561140869e-03
     vertex 8.7290167949e+00 -2.0000000000e+00 -6.2230767576e-03
   endloop
 endfacet
 facet normal  4.9407956188e-02 2.1114263905e-02 -9.9855547754e-01
   outer loop
     vertex 7.9426967857e+00 0.0000000000e+00 -2.8401267633e-03
     vertex 8.7290167949e+00 -2.0000000000e+00 -6.2230767576e-03
     vertex 7.8603513961e+00 0.0000000000e+00 -6.9145297307e-03
   endloop
 endfacet
 facet normal  4.9390080264e-02 2.1106499444e-02 -9.9855652602e-01
   outer loop
     vertex 7.8603513961e+00 0.0000000000e+00 -6.9145297307e-03
     vertex 8.7290167949e+00 -2.0000000000e+00 -6.2230767576e-03
     vertex 8.6247247202e+00 -2.0000000000e+00 -1.1381516773e-02
   endloop
 endfacet
 facet normal  4.9390080264e-02 2.1106499444e-02 -9.9855652602e-01
   outer loop
     vertex 7.8603513961e+00 0.0000000000e+00 -6.9145297307e-03
     vertex 8.6247247202e+00 -2.0000000000e+00 -1.1381516773e-02
     vertex 7.7444713131e+00 0.0000000000e+00 -1.2646129748e-02
   endloop
 endfacet
 facet normal  4.9558632060e-02 2.1180689864e-02 -9.9854660400e-01
   outer loop
     vertex 7.7444713131e+00 0.0000000000e+00 -1.2646129748e-02
     vertex 8.6247247202e+00 -2.0000000000e+00 -1.1381516773e-02
     vertex 8.4822034613e+00 -2.0000000000e+00 -1.8454955908e-02
   endloop
 endfacet
 facet normal  4.9558632060e-02 2.1180689864e-02 -9.9854660400e-01
   outer loop
     vertex 7.7444713131e+00 0.0000000000e+00 -1.2646129748e-02
     vertex 8.4822034613e+00 -2.0000000000e+00 -1.8454955908e-02
     vertex 7.5861143588e+00 0.0000000000e+00 -2.0505506564e-02
   endloop
 endfacet
 facet normal  4.9955357370e-02 2.1358464629e-02 -9.9852304844e-01
   outer loop
     vertex 7.5861143588e+00 0.0000000000e+00 -2.0505506564e-02
     vertex 8.4822034613e+00 -2.0000000000e+00 -1.8454955908e-02
     vertex 8.2950538918e+00 -2.0000000000e+00 -2.7817908160e-02
   endloop
 endfacet
 facet normal  4.9955357370e-02 2.1358464629e-02 -9.9852304844e-01
   outer loop
     vertex 7.5861143588e+00 0.0000000000e+00 -2.0505506564e-02
     vertex 8.2950538918e+00 -2.0000000000e+00 -2.7817908160e-02
     vertex 7.3781703927e+00 0.0000000000e+00 -3.0908786845e-02
   endloop
 endfacet
 facet normal  5.0266836900e-02 2.1501288745e-02 -9.9850435136e-01
   outer loop
     vertex 7.3781703927e+00 0.0000000000e+00 -3.0908786845e-02
     vertex 8.2950538918e+00 -2.0000000000e+00 -2.7817908160e-02
     vertex 8.0617605006e+00 -2.0000000000e+00 -3.9562394633e-02
   endloop
 endfacet
 facet normal  5.0266836900e-02 2.1501288745e-02 -9.9850435136e-01
   outer loop
     vertex 7.3781703927e+00 0.0000000000e+00 -3.0908786845e-02
     vertex 8.0617605006e+00 -2.0000000000e+00 -3.9562394633e-02
     vertex 7.1189555136e+00 0.0000000000e+00 -4.3958216258e-02
   endloop
 endfacet
 facet normal  4.9606649997e-02 2.1189987799e-02 -9.9854402241e-01
   outer loop
     vertex 7.1189555136e+00 0.0000000000e+00 -4.3958216258e-02
     vertex 8.0617605006e+00 -2.0000000000e+00 -3.9562394633e-02
     vertex 7.7890864189e+00 -2.0000000000e+00 -5.3108565285e-02
   endloop
 endfacet
 facet normal  4.9606649997e-02 2.1189987799e-02 -9.9854402241e-01
   outer loop
     vertex 7.1189555136e+00 0.0000000000e+00 -4.3958216258e-02
     vertex 7.7890864189e+00 -2.0000000000e+00 -5.3108565285e-02
     vertex 6.8159843117e+00 0.0000000000e+00 -5.9009516983e-02
   endloop
 endfacet
 facet normal  4.6034839081e-02 1.9451510418e-02 -9.9875043546e-01
   outer loop
     vertex 6.8159843117e+00 0.0000000000e+00 -5.9009516983e-02
     vertex 7.7890864189e+00 -2.0000000000e+00 -5.3108565285e-02
     vertex 7.4933531938e+00 -2.0000000000e+00 -6.6739629610e-02
   endloop
 endfacet
 facet normal  4.6034839081e-02 1.9451510418e-02 -9.9875043546e-01
   outer loop
     vertex 6.8159843117e+00 0.0000000000e+00 -5.9009516983e-02
     vertex 7.4933531938e+00 -2.0000000000e+00 -6.6739629610e-02
     vertex 6.4873918394e+00 0.0000000000e+00 -7.4155144011e-02
   endloop
 endfacet
 facet normal  3.6988293619e-02 1.4899588857e-02 -9.9920461788e-01
   outer loop
     vertex 6.4873918394e+00 0.0000000000e+00 -7.4155144011e-02
     vertex 7.4933531938e+00 -2.0000000000e+00 -6.6739629610e-02
     vertex 6.1586771004e+00 0.0000000000e+00 -8.6323419723e-02
   endloop
 endfacet
 facet normal  3.6988293619e-02 1.4899588857e-02 -9.9920461788e-01
   outer loop
     vertex 7.4933531938e+00 -2.0000000000e+00 -6.6739629610e-02
     vertex 7.1975099287e+00 -2.0000000000e+00 -7.7691077751e-02
     vertex 6.1586771004e+00 0.0000000000e+00 -8.6323419723e-02
   endloop
 endfacet
 facet normal  2.8269888800e-02 1.0369630497e-02 -9.9954653926e-01
   outer loop
     vertex 6.1586771004e+00 0.0000000000e+00 -8.6323419723e-02
     vertex 7.1975099287e+00 -2.0000000000e+00 -7.7691077751e-02
     vertex 5.8554544591e+00 0.0000000000e+00 -9.4899378934e-02
   endloop
 endfacet
 facet normal  2.8269888800e-02 1.0369630497e-02 -9.9954653926e-01
   outer loop
     vertex 7.1975099287e+00 -2.0000000000e+00 -7.7691077751e-02
     vertex 6.9246095515e+00 -2.0000000000e+00 -8.5409441041e-02
     vertex 5.8554544591e+00 0.0000000000e+00 -9.4899378934e-02
   endloop
 endfacet
 facet normal  1.2873437228e-02 2.1372855740e-03 -9.9991484969e-01
   outer loop
     vertex 5.8554544591e+00 0.0000000000e+00 -9.4899378934e-02
     vertex 6.9246095515e+00 -2.0000000000e+00 -8.5409441041e-02
     vertex 5.5959378273e+00 0.0000000000e+00 -9.8240534504e-02
   endloop
 endfacet
 facet normal  1.2873437228e-02 2.1372855740e-03 -9.9991484969e-01
   outer loop
     vertex 6.9246095515e+00 -2.0000000000e+00 -8.5409441041e-02
     vertex 6.6910445829e+00 -2.0000000000e+00 -8.8416481054e-02
     vertex 5.5959378273e+00 0.0000000000e+00 -9.8240534504e-02
   endloop
 endfacet
 facet normal  -1.7529606656e-02 -1.4509150167e-02 -9.9974106520e-01
   outer loop
     vertex 5.5959378273e+00 0.0000000000e+00 -9.8240534504e-02
     vertex 6.6910445829e+00 -2.0000000000e+00 -8.8416481054e-02
     vertex 5.3877787385e+00 0.0000000000e+00 -9.4590642471e-02
   endloop
 endfacet
 facet normal  -1.7529606656e-02 -1.4509150167e-02 -9.9974106520e-01
   outer loop
     vertex 6.6910445829e+00 -2.0000000000e+00 -8.8416481054e-02
     vertex 6.5037014030e+00 -2.0000000000e+00 -8.5131578224e-02
     vertex 5.3877787385e+00 0.0000000000e+00 -9.4590642471e-02
   endloop
 endfacet
 facet normal  -6.7413880947e-02 -4.2328863120e-02 -9.9682678335e-01
   outer loop
     vertex 5.3877787385e+00 0.0000000000e+00 -9.4590642471e-02
     vertex 6.5037014030e+00 -2.0000000000e+00 -8.5131578224e-02
     vertex 5.2296135391e+00 0.0000000000e+00 -8.3894170331e-02
   endloop
 endfacet
 facet normal  -6.7413880947e-02 -4.2328863120e-02 -9.9682678335e-01
   outer loop
     vertex 6.5037014030e+00 -2.0000000000e+00 -8.5131578224e-02
     vertex 6.3613527236e+00 -2.0000000000e+00 -7.5504753298e-02
     vertex 5.2296135391e+00 0.0000000000e+00 -8.3894170331e-02
   endloop
 endfacet
 facet normal  -1.4943835937e-01 -8.8693509812e-02 -9.8478507202e-01
   outer loop
     vertex 5.2296135391e+00 0.0000000000e+00 -8.3894170331e-02
     vertex 6.3613527236e+00 -2.0000000000e+00 -7.5504753298e-02
     vertex 5.1149610771e+00 0.0000000000e+00 -6.6495982331e-02
   endloop
 endfacet
 facet normal  -1.4943835937e-01 -8.8693509812e-02 -9.8478507202e-01
   outer loop
     vertex 6.3613527236e+00 -2.0000000000e+00 -7.5504753298e-02
     vertex 6.2581655078e+00 -2.0000000000e+00 -5.9846384097e-02
     vertex 5.1149610771e+00 0.0000000000e+00 -6.6495982331e-02
   endloop
 endfacet
 facet normal  -3.0565923265e-01 -1.7782547140e-01 -9.3538790628e-01
   outer loop
     vertex 5.1149610771e+00 0.0000000000e+00 -6.6495982331e-02
     vertex 6.2581655078e+00 -2.0000000000e+00 -5.9846384097e-02
     vertex 5.0367976900e+00 0.0000000000e+00 -4.0954321203e-02
   endloop
 endfacet
 facet normal  -3.0565923265e-01 -1.7782547140e-01 -9.3538790628e-01
   outer loop
     vertex 6.2581655078e+00 -2.0000000000e+00 -5.9846384097e-02
     vertex 6.1878184594e+00 -2.0000000000e+00 -3.6858889082e-02
     vertex 5.0367976900e+00 0.0000000000e+00 -4.0954321203e-02
   endloop
 endfacet
 facet normal  -6.8348280857e-01 -3.9460898352e-01 -6.1411318217e-01
   outer loop
     vertex 5.0367976900e+00 0.0000000000e+00 -4.0954321203e-02
     vertex 6.1878184594e+00 -2.0000000000e+00 -3.6858889082e-02
     vertex 5.0000000000e+00 0.0000000000e+00 0.0000000000e+00
   endloop
 endfacet
 facet normal  -6.8348280857e-01 -3.9460898352e-01 -6.1411318217e-01
   outer loop
     vertex 6.1878184594e+00 -2.0000000000e+00 -3.6858889082e-02
     vertex 6.1547005384e+00 -2.0000000000e+00 0.0000000000e+00
     vertex 5.0000000000e+00 0.0000000000e+00 0.0000000000e+00
   endloop
 endfacet
 facet normal  -7.6833253923e-01 -4.4359699835e-01 4.6139658885e-01
   outer loop
     vertex 5.0000000000e+00 0.0000000000e+00 0.0000000000e+00
     vertex 6.1547005384e+00 -2.0000000000e+00 0.0000000000e+00
     vertex 6.1804922728e+00 -2.0000000000e+00 4.2949231233e-02
   endloop
 endfacet
 facet normal  -7.6833253923e-01 -4.4359699835e-01 4.6139658885e-01
   outer loop
     vertex 5.0000000000e+00 0.0000000000e+00 0.0000000000e+00
     vertex 6.1804922728e+00 -2.0000000000e+00 4.2949231233e-02
     vertex 5.0286574827e+00 0.0000000000e+00 4.7721368036e-02
   endloop
 endfacet
 facet normal  -4.6008269076e-01 -2.6699010518e-01 8.4678226328e-01
   outer loop
     vertex 5.0286574827e+00 0.0000000000e+00 4.7721368036e-02
     vertex 6.1804922728e+00 -2.0000000000e+00 4.2949231233e-02
     vertex 6.2462908321e+00 -2.0000000000e+00 7.8699600038e-02
   endloop
 endfacet
 facet normal  -4.6008269076e-01 -2.6699010518e-01 8.4678226328e-01
   outer loop
     vertex 5.0286574827e+00 0.0000000000e+00 4.7721368036e-02
     vertex 6.2462908321e+00 -2.0000000000e+00 7.8699600038e-02
     vertex 5.1017669930e+00 0.0000000000e+00 8.7444000042e-02
   endloop
 endfacet
 facet normal  -3.0805732288e-01 -1.8037360133e-01 9.3411243957e-01
   outer loop
     vertex 5.1017669930e+00 0.0000000000e+00 8.7444000042e-02
     vertex 6.2462908321e+00 -2.0000000000e+00 7.8699600038e-02
     vertex 6.3465871292e+00 -2.0000000000e+00 1.1177592733e-01
   endloop
 endfacet
 facet normal  -3.0805732288e-01 -1.8037360133e-01 9.3411243957e-01
   outer loop
     vertex 5.1017669930e+00 0.0000000000e+00 8.7444000042e-02
     vertex 6.3465871292e+00 -2.0000000000e+00 1.1177592733e-01
     vertex 5.2132073231e+00 0.0000000000e+00 1.2419547481e-01
   endloop
 endfacet
 facet normal  -2.1119654447e-01 -1.2570225108e-01 9.6932706744e-01
   outer loop
     vertex 5.2132073231e+00 0.0000000000e+00 1.2419547481e-01
     vertex 6.3465871292e+00 -2.0000000000e+00 1.1177592733e-01
     vertex 6.4876504675e+00 -2.0000000000e+00 1.4251074389e-01
   endloop
 endfacet
 facet normal  -2.1119654447e-01 -1.2570225108e-01 9.6932706744e-01
   outer loop
     vertex 5.2132073231e+00 0.0000000000e+00 1.2419547481e-01
     vertex 6.4876504675e+00 -2.0000000000e+00 1.4251074389e-01
     vertex 5.3699443657e+00 0.0000000000e+00 1.5834527099e-01
   endloop
 endfacet
 facet normal  -1.3469990216e-01 -8.3094926877e-02 9.8739615630e-01
   outer loop
     vertex 5.3699443657e+00 0.0000000000e+00 1.5834527099e-01
     vertex 6.4876504675e+00 -2.0000000000e+00 1.4251074389e-01
     vertex 6.6755136971e+00 -2.0000000000e+00 1.6813891601e-01
   endloop
 endfacet
 facet normal  -1.3469990216e-01 -8.3094926877e-02 9.8739615630e-01
   outer loop
     vertex 5.3699443657e+00 0.0000000000e+00 1.5834527099e-01
     vertex 6.6755136971e+00 -2.0000000000e+00 1.6813891601e-01
     vertex 5.5786812874e+00 0.0000000000e+00 1.8682101779e-01
   endloop
 endfacet
 facet normal  -6.7390971847e-02 -4.6268089841e-02 9.9665326005e-01
   outer loop
     vertex 5.5786812874e+00 0.0000000000e+00 1.8682101779e-01
     vertex 6.6755136971e+00 -2.0000000000e+00 1.6813891601e-01
     vertex 6.9113419717e+00 -2.0000000000e+00 1.8408497996e-01
   endloop
 endfacet
 facet normal  -6.7390971847e-02 -4.6268089841e-02 9.9665326005e-01
   outer loop
     vertex 5.5786812874e+00 0.0000000000e+00 1.8682101779e-01
     vertex 6.9113419717e+00 -2.0000000000e+00 1.8408497996e-01
     vertex 5.8407127037e+00 0.0000000000e+00 2.0453886662e-01
   endloop
 endfacet
 facet normal  -6.0618057080e-03 -1.3470800774e-02 9.9989089007e-01
   outer loop
     vertex 5.8407127037e+00 0.0000000000e+00 2.0453886662e-01
     vertex 6.9113419717e+00 -2.0000000000e+00 1.8408497996e-01
     vertex 7.1876017400e+00 -2.0000000000e+00 1.8575979574e-01
   endloop
 endfacet
 facet normal  -6.0618057080e-03 -1.3470800774e-02 9.9989089007e-01
   outer loop
     vertex 5.8407127037e+00 0.0000000000e+00 2.0453886662e-01
     vertex 7.1876017400e+00 -2.0000000000e+00 1.8575979574e-01
     vertex 6.1476680017e+00 0.0000000000e+00 2.0639977304e-01
   endloop
 endfacet
 facet normal  4.4163729881e-02 1.2654584002e-02 9.9894415583e-01
   outer loop
     vertex 6.1476680017e+00 0.0000000000e+00 2.0639977304e-01
     vertex 7.1876017400e+00 -2.0000000000e+00 1.8575979574e-01
     vertex 7.4869087267e+00 -2.0000000000e+00 1.7252731138e-01
   endloop
 endfacet
 facet normal  4.4163729881e-02 1.2654584002e-02 9.9894415583e-01
   outer loop
     vertex 6.1476680017e+00 0.0000000000e+00 2.0639977304e-01
     vertex 7.4869087267e+00 -2.0000000000e+00 1.7252731138e-01
     vertex 6.4802313203e+00 0.0000000000e+00 1.9169701265e-01
   endloop
 endfacet
 facet normal  7.8112134685e-02 2.9765555687e-02 9.9650012850e-01
   outer loop
     vertex 6.4802313203e+00 0.0000000000e+00 1.9169701265e-01
     vertex 7.4869087267e+00 -2.0000000000e+00 1.7252731138e-01
     vertex 6.8121092545e+00 0.0000000000e+00 1.6568227050e-01
   endloop
 endfacet
 facet normal  7.8112134685e-02 2.9765555687e-02 9.9650012850e-01
   outer loop
     vertex 7.4869087267e+00 -2.0000000000e+00 1.7252731138e-01
     vertex 7.7855988674e+00 -2.0000000000e+00 1.4911404345e-01
     vertex 6.8121092545e+00 0.0000000000e+00 1.6568227050e-01
   endloop
 endfacet
 facet normal  1.0514326814e-01 4.2947430433e-02 9.9352927052e-01
   outer loop
     vertex 6.8121092545e+00 0.0000000000e+00 1.6568227050e-01
     vertex 7.7855988674e+00 -2.0000000000e+00 1.4911404345e-01
     vertex 7.1173994156e+00 0.0000000000e+00 1.3337400720e-01
   endloop
 endfacet
 facet normal  1.0514326814e-01 4.2947430433e-02 9.9352927052e-01
   outer loop
     vertex 7.7855988674e+00 -2.0000000000e+00 1.4911404345e-01
     vertex 8.0603600124e+00 -2.0000000000e+00 1.2003660648e-01
     vertex 7.1173994156e+00 0.0000000000e+00 1.3337400720e-01
   endloop
 endfacet
 facet normal  1.2663191366e-01 5.3098920890e-02 9.9052756804e-01
   outer loop
     vertex 7.1173994156e+00 0.0000000000e+00 1.3337400720e-01
     vertex 8.0603600124e+00 -2.0000000000e+00 1.2003660648e-01
     vertex 7.3779478454e+00 0.0000000000e+00 1.0006474118e-01
   endloop
 endfacet
 facet normal  1.2663191366e-01 5.3098920890e-02 9.9052756804e-01
   outer loop
     vertex 8.0603600124e+00 -2.0000000000e+00 1.2003660648e-01
     vertex 8.2948535992e+00 -2.0000000000e+00 9.0058267058e-02
     vertex 7.3779478454e+00 0.0000000000e+00 1.0006474118e-01
   endloop
 endfacet
 facet normal  1.4355114735e-01 6.0869393038e-02 9.8776919626e-01
   outer loop
     vertex 7.3779478454e+00 0.0000000000e+00 1.0006474118e-01
     vertex 8.2948535992e+00 -2.0000000000e+00 9.0058267058e-02
     vertex 7.5864697222e+00 0.0000000000e+00 6.9760541804e-02
   endloop
 endfacet
 facet normal  1.4355114735e-01 6.0869393038e-02 9.8776919626e-01
   outer loop
     vertex 8.2948535992e+00 -2.0000000000e+00 9.0058267058e-02
     vertex 8.4825232883e+00 -2.0000000000e+00 6.2784487624e-02
     vertex 7.5864697222e+00 0.0000000000e+00 6.9760541804e-02
   endloop
 endfacet
 facet normal  1.5663145224e-01 6.6737984719e-02 9.8539973085e-01
   outer loop
     vertex 7.5864697222e+00 0.0000000000e+00 6.9760541804e-02
     vertex 8.4825232883e+00 -2.0000000000e+00 6.2784487624e-02
     vertex 7.7449430978e+00 0.0000000000e+00 4.4570850565e-02
   endloop
 endfacet
 facet normal  1.5663145224e-01 6.6737984719e-02 9.8539973085e-01
   outer loop
     vertex 8.4825232883e+00 -2.0000000000e+00 6.2784487624e-02
     vertex 8.6251493264e+00 -2.0000000000e+00 4.0113765508e-02
     vertex 7.7449430978e+00 0.0000000000e+00 4.4570850565e-02
   endloop
 endfacet
 facet normal  1.6652924398e-01 7.1098334405e-02 9.8346989672e-01
   outer loop
     vertex 7.7449430978e+00 0.0000000000e+00 4.4570850565e-02
     vertex 8.6251493264e+00 -2.0000000000e+00 4.0113765508e-02
     vertex 7.8607153838e+00 0.0000000000e+00 2.4967331105e-02
   endloop
 endfacet
 facet normal  1.6652924398e-01 7.1098334405e-02 9.8346989672e-01
   outer loop
     vertex 8.6251493264e+00 -2.0000000000e+00 4.0113765508e-02
     vertex 8.7293443838e+00 -2.0000000000e+00 2.2470597994e-02
     vertex 7.8607153838e+00 0.0000000000e+00 2.4967331105e-02
   endloop
 endfacet
 facet normal  1.7381044349e-01 7.4262531046e-02 9.8197505376e-01
   outer loop
     vertex 7.8607153838e+00 0.0000000000e+00 2.4967331105e-02
     vertex 8.7293443838e+00 -2.0000000000e+00 2.2470597994e-02
     vertex 7.9428781992e+00 0.0000000000e+00 1.0424440910e-02
   endloop
 endfacet
 facet normal  1.7381044349e-01 7.4262531046e-02 9.8197505376e-01
   outer loop
     vertex 8.7293443838e+00 -2.0000000000e+00 2.2470597994e-02
     vertex 8.8032909176e+00 -2.0000000000e+00 9.3819968187e-03
     vertex 7.9428781992e+00 0.0000000000e+00 1.0424440910e-02
   endloop
 endfacet
 facet normal  1.7900381866e-01 7.6497330090e-02 9.8086991563e-01
   outer loop
     vertex 7.9428781992e+00 0.0000000000e+00 1.0424440910e-02
     vertex 8.8032909176e+00 -2.0000000000e+00 9.3819968187e-03
     vertex 8.0000000000e+00 0.0000000000e+00 0.0000000000e+00
   endloop
 endfacet
 facet normal  1.7900381866e-01 7.6497330090e-02 9.8086991563e-01
   outer loop
     vertex 8.8032909176e+00 -2.0000000000e+00 9.3819968187e-03
     vertex 8.8547005384e+00 -2.0000000000e+00 0.0000000000e+00
     vertex 8.0000000000e+00 0.0000000000e+00 0.0000000000e+00
   endloop
 endfacet
 facet normal  4.9491294583e-02 2.1150118062e-02 -9.9855059174e-01
   outer loop
     vertex 8.8547005384e+00 -2.0000000000e+00 0.0000000000e+00
     vertex 9.7094010768e+00 -4.0000000000e+00 0.0000000000e+00
     vertex 9.6635585053e+00 -4.0000000000e+00 -2.2721014106e-03
   endloop
 endfacet
 facet normal  4.9491294583e-02 2.1150118062e-02 -9.9855059174e-01
   outer loop
     vertex 8.8547005384e+00 -2.0000000000e+00 0.0000000000e+00
     vertex 9.6635585053e+00 -4.0000000000e+00 -2.2721014106e-03
     vertex 8.8031276455e+00 -2.0000000000e+00 -2.5561140869e-03
   endloop
 endfacet
 facet normal  4.9407956188e-02 2.1114263905e-02 -9.9855547754e-01
   outer loop
     vertex 8.8031276455e+00 -2.0000000000e+00 -2.5561140869e-03
     vertex 9.6635585053e+00 -4.0000000000e+00 -2.2721014106e-03
     vertex 9.5976821936e+00 -4.0000000000e+00 -5.5316237846e-03
   endloop
 endfacet
 facet normal  4.9407956188e-02 2.1114263905e-02 -9.9855547754e-01
   outer loop
     vertex 8.8031276455e+00 -2.0000000000e+00 -2.5561140869e-03
     vertex 9.5976821936e+00 -4.0000000000e+00 -5.5316237846e-03
     vertex 8.7290167949e+00 -2.0000000000e+00 -6.2230767576e-03
   endloop
 endfacet
 facet normal  4.9390080264e-02 2.1106499444e-02 -9.9855652602e-01
   outer loop
     vertex 8.7290167949e+00 -2.0000000000e+00 -6.2230767576e-03
     vertex 9.5976821936e+00 -4.0000000000e+00 -5.5316237846e-03
     vertex 9.5049781272e+00 -4.0000000000e+00 -1.0116903798e-02
   endloop
 endfacet
 facet normal  4.9390080264e-02 2.1106499444e-02 -9.9855652602e-01
   outer loop
     vertex 8.7290167949e+00 -2.0000000000e+00 -6.2230767576e-03
     vertex 9.5049781272e+00 -4.0000000000e+00 -1.0116903798e-02
     vertex 8.6247247202e+00 -2.0000000000e+00 -1.1381516773e-02
   endloop
 endfacet
 facet normal  4.9558632060e-02 2.1180689864e-02 -9.9854660400e-01
   outer loop
     vertex 8.6247247202e+00 -2.0000000000e+00 -1.1381516773e-02
     vertex 9.5049781272e+00 -4.0000000000e+00 -1.0116903798e-02
     vertex 9.3782925638e+00 -4.0000000000e+00 -1.6404405251e-02
   endloop
 endfacet
 facet normal  4.9558632060e-02 2.1180689864e-02 -9.9854660400e-01
   outer loop
     vertex 8.6247247202e+00 -2.0000000000e+00 -1.1381516773e-02
     vertex 9.3782925638e+00 -4.0000000000e+00 -1.6404405251e-02
     vertex 8.4822034613e+00 -2.0000000000e+00 -1.8454955908e-02
   endloop
 endfacet
 facet normal  4.9955357370e-02 2.1358464629e-02 -9.9852304844e-01
   outer loop
     vertex 8.4822034613e+00 -2.0000000000e+00 -1.8454955908e-02
     vertex 9.3782925638e+00 -4.0000000000e+00 -1.6404405251e-02
     vertex 9.2119373909e+00 -4.0000000000e+00 -2.4727029476e-02
   endloop
 endfacet
 facet normal  4.9955357370e-02 2.1358464629e-02 -9.9852304844e-01
   outer loop
     vertex 8.4822034613e+00 -2.0000000000e+00 -1.8454955908e-02
     vertex 9.2119373909e+00 -4.0000000000e+00 -2.4727029476e-02
     vertex 8.2950538918e+00 -2.0000000000e+00 -2.7817908160e-02
   endloop
 endfacet
 facet normal  5.0266836900e-02 2.1501288745e-02 -9.9850435136e-01
   outer loop
     vertex 8.2950538918e+00 -2.0000000000e+00 -2.7817908160e-02
     vertex 9.2119373909e+00 -4.0000000000e+00 -2.4727029476e-02
     vertex 9.0045654876e+00 -4.0000000000e+00 -3.5166573007e-02
   endloop
 endfacet
 facet normal  5.0266836900e-02 2.1501288745e-02 -9.9850435136e-01
   outer loop
     vertex 8.2950538918e+00 -2.0000000000e+00 -2.7817908160e-02
     vertex 9.0045654876e+00 -4.0000000000e+00 -3.5166573007e-02
     vertex 8.0617605006e+00 -2.0000000000e+00 -3.9562394633e-02
   endloop
 endfacet
 facet normal  4.9606649997e-02 2.1189987799e-02 -9.9854402241e-01
   outer loop
     vertex 8.0617605006e+00 -2.0000000000e+00 -3.9562394633e-02
     vertex 9.0045654876e+00 -4.0000000000e+00 -3.5166573007e-02
     vertex 8.7621885262e+00 -4.0000000000e+00 -4.7207613587e-02
   endloop
 endfacet
 facet normal  4.9606649997e-02 2.1189987799e-02 -9.9854402241e-01
   outer loop
     vertex 8.0617605006e+00 -2.0000000000e+00 -3.9562394633e-02
     vertex 8.7621885262e+00 -4.0000000000e+00 -4.7207613587e-02
     vertex 7.7890864189e+00 -2.0000000000e+00 -5.3108565285e-02
   endloop
 endfacet
 facet normal  4.6034839081e-02 1.9451510418e-02 -9.9875043546e-01
   outer loop
     vertex 7.7890864189e+00 -2.0000000000e+00 -5.3108565285e-02
     vertex 8.7621885262e+00 -4.0000000000e+00 -4.7207613587e-02
     vertex 8.4993145483e+00 -4.0000000000e+00 -5.9324115209e-02
   endloop
 endfacet
 facet normal  4.6034839081e-02 1.9451510418e-02 -9.9875043546e-01
   outer loop
     vertex 7.7890864189e+00 -2.0000000000e+00 -5.3108565285e-02
     vertex 8.4993145483e+00 -4.0000000000e+00 -5.9324115209e-02
     vertex 7.4933531938e+00 -2.0000000000e+00 -6.6739629610e-02
   endloop
 endfacet
 facet normal  3.6988293619e-02 1.4899588857e-02 -9.9920461788e-01
   outer loop
     vertex 7.4933531938e+00 -2.0000000000e+00 -6.6739629610e-02
     vertex 8.4993145483e+00 -4.0000000000e+00 -5.9324115209e-02
     vertex 7.1975099287e+00 -2.0000000000e+00 -7.7691077751e-02
   endloop
 endfacet
 facet normal  3.6988293619e-02 1.4899588857e-02 -9.9920461788e-01
   outer loop
     vertex 8.4993145483e+00 -4.0000000000e+00 -5.9324115209e-02
     vertex 8.2363427570e+00 -4.0000000000e+00 -6.9058735779e-02
     vertex 7.1975099287e+00 -2.0000000000e+00 -7.7691077751e-02
   endloop
 endfacet
 facet normal  2.8269888800e-02 1.0369630497e-02 -9.9954653926e-01
   outer loop
     vertex 7.1975099287e+00 -2.0000000000e+00 -7.7691077751e-02
     vertex 8.2363427570e+00 -4.0000000000e+00 -6.9058735779e-02
     vertex 6.9246095515e+00 -2.0000000000e+00 -8.5409441041e-02
   endloop
 endfacet
 facet normal  2.8269888800e-02 1.0369630497e-02 -9.9954653926e-01
   outer loop
     vertex 8.2363427570e+00 -4.0000000000e+00 -6.9058735779e-02
     vertex 7.9937646440e+00 -4.0000000000e+00 -7.5919503148e-02
     vertex 6.9246095515e+00 -2.0000000000e+00 -8.5409441041e-02
   endloop
 endfacet
 facet normal  1.2873437228e-02 2.1372855740e-03 -9.9991484969e-01
   outer loop
     vertex 6.9246095515e+00 -2.0000000000e+00 -8.5409441041e-02
     vertex 7.9937646440e+00 -4.0000000000e+00 -7.5919503148e-02
     vertex 6.6910445829e+00 -2.0000000000e+00 -8.8416481054e-02
   endloop
 endfacet
 facet normal  1.2873437228e-02 2.1372855740e-03 -9.9991484969e-01
   outer loop
     vertex 7.9937646440e+00 -4.0000000000e+00 -7.5919503148e-02
     vertex 7.7861513386e+00 -4.0000000000e+00 -7.8592427603e-02
     vertex 6.6910445829e+00 -2.0000000000e+00 -8.8416481054e-02
   endloop
 endfacet
 facet normal  -1.7529606656e-02 -1.4509150167e-02 -9.9974106520e-01
   outer loop
     vertex 6.6910445829e+00 -2.0000000000e+00 -8.8416481054e-02
     vertex 7.7861513386e+00 -4.0000000000e+00 -7.8592427603e-02
     vertex 6.5037014030e+00 -2.0000000000e+00 -8.5131578224e-02
   endloop
 endfacet
 facet normal  -1.7529606656e-02 -1.4509150167e-02 -9.9974106520e-01
   outer loop
     vertex 7.7861513386e+00 -4.0000000000e+00 -7.8592427603e-02
     vertex 7.6196240675e+00 -4.0000000000e+00 -7.5672513977e-02
     vertex 6.5037014030e+00 -2.0000000000e+00 -8.5131578224e-02
   endloop
 endfacet
 facet normal  -6.7413880947e-02 -4.2328863120e-02 -9.9682678335e-01
   outer loop
     vertex 6.5037014030e+00 -2.0000000000e+00 -8.5131578224e-02
     vertex 7.6196240675e+00 -4.0000000000e+00 -7.5672513977e-02
     vertex 6.3613527236e+00 -2.0000000000e+00 -7.5504753298e-02
   endloop
 endfacet
 facet normal  -6.7413880947e-02 -4.2328863120e-02 -9.9682678335e-01
   outer loop
     vertex 7.6196240675e+00 -4.0000000000e+00 -7.5672513977e-02
     vertex 7.4930919081e+00 -4.0000000000e+00 -6.7115336265e-02
     vertex 6.3613527236e+00 -2.0000000000e+00 -7.5504753298e-02
   endloop
 endfacet
 facet normal  -1.4943835937e-01 -8.8693509812e-02 -9.8478507202e-01
   outer loop
     vertex 6.3613527236e+00 -2.0000000000e+00 -7.5504753298e-02
     vertex 7.4930919081e+00 -4.0000000000e+00 -6.7115336265e-02
     vertex 6.2581655078e+00 -2.0000000000e+00 -5.9846384097e-02
   endloop
 endfacet
 facet normal  -1.4943835937e-01 -8.8693509812e-02 -9.8478507202e-01
   outer loop
     vertex 7.4930919081e+00 -4.0000000000e+00 -6.7115336265e-02
     vertex 7.4013699385e+00 -4.0000000000e+00 -5.3196785864e-02
     vertex 6.2581655078e+00 -2.0000000000e+00 -5.9846384097e-02
   endloop
 endfacet
 facet normal  -3.0565923265e-01 -1.7782547140e-01 -9.3538790628e-01
   outer loop
     vertex 6.2581655078e+00 -2.0000000000e+00 -5.9846384097e-02
     vertex 7.4013699385e+00 -4.0000000000e+00 -5.3196785864e-02
     vertex 6.1878184594e+00 -2.0000000000e+00 -3.6858889082e-02
   endloop
 endfacet
 facet normal  -3.0565923265e-01 -1.7782547140e-01 -9.3538790628e-01
   outer loop
     vertex 7.4013699385e+00 -4.0000000000e+00 -5.3196785864e-02
     vertex 7.3388392288e+00 -4.0000000000e+00 -3.2763456962e-02
     vertex 6.1878184594e+00 -2.0000000000e+00 -3.6858889082e-02
   endloop
 endfacet
 facet normal  -6.8348280857e-01 -3.9460898352e-01 -6.1411318217e-01
   outer loop
     vertex 6.1878184594e+00 -2.0000000000e+00 -3.6858889082e-02
     vertex 7.3388392288e+00 -4.0000000000e+00 -3.2763456962e-02
     vertex 6.1547005384e+00 -2.0000000000e+00 0.0000000000e+00
   endloop
 endfacet
 facet normal  -6.8348280857e-01 -3.9460898352e-01 -6.1411318217e-01
   outer loop
     vertex 7.3388392288e+00 -4.0000000000e+00 -3.2763456962e-02
     vertex 7.3094010768e+00 -4.0000000000e+00 0.0000000000e+00
     vertex 6.1547005384e+00 -2.0000000000e+00 0.0000000000e+00
   endloop
 endfacet
 facet normal  -7.6833253923e-01 -4.4359699835e-01 4.6139658885e-01
   outer loop
     vertex 6.1547005384e+00 -2.0000000000e+00 0.0000000000e+00
     vertex 7.3094010768e+00 -4.0000000000e+00 0.0000000000e+00
     vertex 7.3323270629e+00 -4.0000000000e+00 3.8177094429e-02
   endloop
 endfacet
 facet normal  -7.6833253923e-01 -4.4359699835e-01 4.6139658885e-01
   outer loop
     vertex 6.1547005384e+00 -2.0000000000e+00 0.0000000000e+00
     vertex 7.3323270629e+00 -4.0000000000e+00 3.8177094429e-02
     vertex 6.1804922728e+00 -2.0000000000e+00 4.2949231233e-02
   endloop
 endfacet
 facet normal  -4.6008269076e-01 -2.6699010518e-01 8.4678226328e-01
   outer loop
     vertex 6.1804922728e+00 -2.0000000000e+00 4.2949231233e-02
     vertex 7.3323270629e+00 -4.0000000000e+00 3.8177094429e-02
     vertex 7.3908146712e+00 -4.0000000000e+00 6.9955200034e-02
   endloop
 endfacet
 facet normal  -4.6008269076e-01 -2.6699010518e-01 8.4678226328e-01
   outer loop
     vertex 6.1804922728e+00 -2.0000000000e+00 4.2949231233e-02
     vertex 7.3908146712e+00 -4.0000000000e+00 6.9955200034e-02
     vertex 6.2462908321e+00 -2.0000000000e+00 7.8699600038e-02
   endloop
 endfacet
 facet normal  -3.0805732288e-01 -1.8037360133e-01 9.3411243957e-01
   outer loop
     vertex 6.2462908321e+00 -2.0000000000e+00 7.8699600038e-02
     vertex 7.3908146712e+00 -4.0000000000e+00 6.9955200034e-02
     vertex 7.4799669352e+00 -4.0000000000e+00 9.9356379846e-02
   endloop
 endfacet
 facet normal  -3.0805732288e-01 -1.8037360133e-01 9.3411243957e-01
   outer loop
     vertex 6.2462908321e+00 -2.0000000000e+00 7.8699600038e-02
     vertex 7.4799669352e+00 -4.0000000000e+00 9.9356379846e-02
     vertex 6.3465871292e+00 -2.0000000000e+00 1.1177592733e-01
   endloop
 endfacet
 facet normal  -2.1119654447e-01 -1.2570225108e-01 9.6932706744e-01
   outer loop
     vertex 6.3465871292e+00 -2.0000000000e+00 1.1177592733e-01
     vertex 7.4799669352e+00 -4.0000000000e+00 9.9356379846e-02
     vertex 7.6053565693e+00 -4.0000000000e+00 1.2667621679e-01
   endloop
 endfacet
 facet normal  -2.1119654447e-01 -1.2570225108e-01 9.6932706744e-01
   outer loop
     vertex 6.3465871292e+00 -2.0000000000e+00 1.1177592733e-01
     vertex 7.6053565693e+00 -4.0000000000e+00 1.2667621679e-01
     vertex 6.4876504675e+00 -2.0000000000e+00 1.4251074389e-01
   endloop
 endfacet
 facet normal  -1.3469990216e-01 -8.3094926877e-02 9.8739615630e-01
   outer loop
     vertex 6.4876504675e+00 -2.0000000000e+00 1.4251074389e-01
     vertex 7.6053565693e+00 -4.0000000000e+00 1.2667621679e-01
     vertex 7.7723461067e+00 -4.0000000000e+00 1.4945681423e-01
   endloop
 endfacet
 facet normal  -1.3469990216e-01 -8.3094926877e-02 9.8739615630e-01
   outer loop
     vertex 6.4876504675e+00 -2.0000000000e+00 1.4251074389e-01
     vertex 7.7723461067e+00 -4.0000000000e+00 1.4945681423e-01
     vertex 6.6755136971e+00 -2.0000000000e+00 1.6813891601e-01
   endloop
 endfacet
 facet normal  -6.7390971847e-02 -4.6268089841e-02 9.9665326005e-01
   outer loop
     vertex 6.6755136971e+00 -2.0000000000e+00 1.6813891601e-01
     vertex 7.7723461067e+00 -4.0000000000e+00 1.4945681423e-01
     vertex 7.9819712397e+00 -4.0000000000e+00 1.6363109330e-01
   endloop
 endfacet
 facet normal  -6.7390971847e-02 -4.6268089841e-02 9.9665326005e-01
   outer loop
     vertex 6.6755136971e+00 -2.0000000000e+00 1.6813891601e-01
     vertex 7.9819712397e+00 -4.0000000000e+00 1.6363109330e-01
     vertex 6.9113419717e+00 -2.0000000000e+00 1.8408497996e-01
   endloop
 endfacet
 facet normal  -6.0618057080e-03 -1.3470800774e-02 9.9989089007e-01
   outer loop
     vertex 6.9113419717e+00 -2.0000000000e+00 1.8408497996e-01
     vertex 7.9819712397e+00 -4.0000000000e+00 1.6363109330e-01
     vertex 8.2275354782e+00 -4.0000000000e+00 1.6511981843e-01
   endloop
 endfacet
 facet normal  -6.0618057080e-03 -1.3470800774e-02 9.9989089007e-01
   outer loop
     vertex 6.9113419717e+00 -2.0000000000e+00 1.8408497996e-01
     vertex 8.2275354782e+00 -4.0000000000e+00 1.6511981843e-01
     vertex 7.1876017400e+00 -2.0000000000e+00 1.8575979574e-01
   endloop
 endfacet
 facet normal  4.4163729881e-02 1.2654584002e-02 9.9894415583e-01
   outer loop
     vertex 7.1876017400e+00 -2.0000000000e+00 1.8575979574e-01
     vertex 8.2275354782e+00 -4.0000000000e+00 1.6511981843e-01
     vertex 8.4935861330e+00 -4.0000000000e+00 1.5335761012e-01
   endloop
 endfacet
 facet normal  4.4163729881e-02 1.2654584002e-02 9.9894415583e-01
   outer loop
     vertex 7.1876017400e+00 -2.0000000000e+00 1.8575979574e-01
     vertex 8.4935861330e+00 -4.0000000000e+00 1.5335761012e-01
     vertex 7.4869087267e+00 -2.0000000000e+00 1.7252731138e-01
   endloop
 endfacet
 facet normal  7.8112134685e-02 2.9765555687e-02 9.9650012850e-01
   outer loop
     vertex 7.4869087267e+00 -2.0000000000e+00 1.7252731138e-01
     vertex 8.4935861330e+00 -4.0000000000e+00 1.5335761012e-01
     vertex 7.7855988674e+00 -2.0000000000e+00 1.4911404345e-01
   endloop
 endfacet
 facet normal  7.8112134685e-02 2.9765555687e-02 9.9650012850e-01
   outer loop
     vertex 8.4935861330e+00 -4.0000000000e+00 1.5335761012e-01
     vertex 8.7590884804e+00 -4.0000000000e+00 1.3254581640e-01
     vertex 7.7855988674e+00 -2.0000000000e+00 1.4911404345e-01
   endloop
 endfacet
 facet normal  1.0514326814e-01 4.2947430433e-02 9.9352927052e-01
   outer loop
     vertex 7.7855988674e+00 -2.0000000000e+00 1.4911404345e-01
     vertex 8.7590884804e+00 -4.0000000000e+00 1.3254581640e-01
     vertex 8.0603600124e+00 -2.0000000000e+00 1.2003660648e-01
   endloop
 endfacet
 facet normal  1.0514326814e-01 4.2947430433e-02 9.9352927052e-01
   outer loop
     vertex 8.7590884804e+00 -4.0000000000e+00 1.3254581640e-01
     vertex 9.0033206092e+00 -4.0000000000e+00 1.0669920576e-01
     vertex 8.0603600124e+00 -2.0000000000e+00 1.2003660648e-01
   endloop
 endfacet
 facet normal  1.2663191366e-01 5.3098920890e-02 9.9052756804e-01
   outer loop
     vertex 8.0603600124e+00 -2.0000000000e+00 1.2003660648e-01
     vertex 9.0033206092e+00 -4.0000000000e+00 1.0669920576e-01
     vertex 8.2948535992e+00 -2.0000000000e+00 9.0058267058e-02
   endloop
 endfacet
 facet normal  1.2663191366e-01 5.3098920890e-02 9.9052756804e-01
   outer loop
     vertex 9.0033206092e+00 -4.0000000000e+00 1.0669920576e-01
     vertex 9.2117593531e+00 -4.0000000000e+00 8.0051792941e-02
     vertex 8.2948535992e+00 -2.0000000000e+00 9.0058267058e-02
   endloop
 endfacet
 facet normal  1.4355114735e-01 6.0869393038e-02 9.8776919626e-01
   outer loop
     vertex 8.2948535992e+00 -2.0000000000e+00 9.0058267058e-02
     vertex 9.2117593531e+00 -4.0000000000e+00 8.0051792941e-02
     vertex 8.4825232883e+00 -2.0000000000e+00 6.2784487624e-02
   endloop
 endfacet
 facet normal  1.4355114735e-01 6.0869393038e-02 9.8776919626e-01
   outer loop
     vertex 9.2117593531e+00 -4.0000000000e+00 8.0051792941e-02
     vertex 9.3785768545e+00 -4.0000000000e+00 5.5808433443e-02
     vertex 8.4825232883e+00 -2.0000000000e+00 6.2784487624e-02
   endloop
 endfacet
 facet normal  1.5663145224e-01 6.6737984719e-02 9.8539973085e-01
   outer loop
     vertex 8.4825232883e+00 -2.0000000000e+00 6.2784487624e-02
     vertex 9.3785768545e+00 -4.0000000000e+00 5.5808433443e-02
     vertex 8.6251493264e+00 -2.0000000000e+00 4.0113765508e-02
   endloop
 endfacet
 facet normal  1.5663145224e-01 6.6737984719e-02 9.8539973085e-01
   outer loop
     vertex 9.3785768545e+00 -4.0000000000e+00 5.5808433443e-02
     vertex 9.5053555550e+00 -4.0000000000e+00 3.5656680452e-02
     vertex 8.6251493264e+00 -2.0000000000e+00 4.0113765508e-02
   endloop
 endfacet
 facet normal  1.6652924398e-01 7.1098334405e-02 9.8346989672e-01
   outer loop
     vertex 8.6251493264e+00 -2.0000000000e+00 4.0113765508e-02
     vertex 9.5053555550e+00 -4.0000000000e+00 3.5656680452e-02
     vertex 8.7293443838e+00 -2.0000000000e+00 2.2470597994e-02
   endloop
 endfacet
 facet normal  1.6652924398e-01 7.1098334405e-02 9.8346989672e-01
   outer loop
     vertex 9.5053555550e+00 -4.0000000000e+00 3.5656680452e-02
     vertex 9.5979733838e+00 -4.0000000000e+00 1.9973864884e-02
     vertex 8.7293443838e+00 -2.0000000000e+00 2.2470597994e-02
   endloop
 endfacet
 facet normal  1.7381044349e-01 7.4262531046e-02 9.8197505376e-01
   outer loop
     vertex 8.7293443838e+00 -2.0000000000e+00 2.2470597994e-02
     vertex 9.5979733838e+00 -4.0000000000e+00 1.9973864884e-02
     vertex 8.8032909176e+00 -2.0000000000e+00 9.3819968187e-03
   endloop
 endfacet
 facet normal  1.7381044349e-01 7.4262531046e-02 9.8197505376e-01
   outer loop
     vertex 9.5979733838e+00 -4.0000000000e+00 1.9973864884e-02
     vertex 9.6637036361e+00 -4.0000000000e+00 8.3395527277e-03
     vertex 8.8032909176e+00 -2.0000000000e+00 9.3819968187e-03
   endloop
 endfacet
 facet normal  1.7900381866e-01 7.6497330090e-02 9.8086991563e-01
   outer loop
     vertex 8.8032909176e+00 -2.0000000000e+00 9.3819968187e-03
     vertex 9.6637036361e+00 -4.0000000000e+00 8.3395527277e-03
     vertex 8.8547005384e+00 -2.0000000000e+00 0.0000000000e+00
   endloop
 endfacet
 facet normal  1.7900381866e-01 7.6497330090e-02 9.8086991563e-01
   outer loop
     vertex 9.6637036361e+00 -4.0000000000e+00 8.3395527277e-03
     vertex 9.7094010768e+00 -4.0000000000e+00 0.0000000000e+00
     vertex 8.8547005384e+00 -2.0000000000e+00 0.0000000000e+00
   endloop
 endfacet
 facet normal  4.9491294583e-02 2.1150118062e-02 -9.9855059174e-01
   outer loop
     vertex 9.7094010768e+00 -4.0000000000e+00 0.0000000000e+00
     vertex 1.0564101615e+01 -6.0000000000e+00 0.0000000000e+00
     vertex 1.0523989365e+01 -6.0000000000e+00 -1.9880887343e-03
   endloop
 endfacet
 facet normal  4.9491294583e-02 2.1150118062e-02 -9.9855059174e-01
   outer loop
     vertex 9.7094010768e+00 -4.0000000000e+00 0.0000000000e+00
     vertex 1.0523989365e+01 -6.0000000000e+00 -1.9880887343e-03
     vertex 9.6635585053e+00 -4.0000000000e+00 -2.2721014106e-03
   endloop
 endfacet
 facet normal  4.9407956188e-02 2.1114263905e-02 -9.9855547754e-01
   outer loop
     vertex 9.6635585053e+00 -4.0000000000e+00 -2.2721014106e-03
     vertex 1.0523989365e+01 -6.0000000000e+00 -1.9880887343e-03
     vertex 1.0466347592e+01 -6.0000000000e+00 -4.8401708115e-03
   endloop
 endfacet
 facet normal  4.9407956188e-02 2.1114263905e-02 -9.9855547754e-01
   outer loop
     vertex 9.6635585053e+00 -4.0000000000e+00 -2.2721014106e-03
     vertex 1.0466347592e+01 -6.0000000000e+00 -4.8401708115e-03
     vertex 9.5976821936e+00 -4.0000000000e+00 -5.5316237846e-03
   endloop
 endfacet
 facet normal  4.9390080264e-02 2.1106499444e-02 -9.9855652602e-01
   outer loop
     vertex 9.5976821936e+00 -4.0000000000e+00 -5.5316237846e-03
     vertex 1.0466347592e+01 -6.0000000000e+00 -4.8401708115e-03
     vertex 1.0385231534e+01 -6.0000000000e+00 -8.8522908233e-03
   endloop
 endfacet
 facet normal  4.9390080264e-02 2.1106499444e-02 -9.9855652602e-01
   outer loop
     vertex 9.5976821936e+00 -4.0000000000e+00 -5.5316237846e-03
     vertex 1.0385231534e+01 -6.0000000000e+00 -8.8522908233e-03
     vertex 9.5049781272e+00 -4.0000000000e+00 -1.0116903798e-02
   endloop
 endfacet
 facet normal  4.9558632060e-02 2.1180689864e-02 -9.9854660400e-01
   outer loop
     vertex 9.5049781272e+00 -4.0000000000e+00 -1.0116903798e-02
     vertex 1.0385231534e+01 -6.0000000000e+00 -8.8522908233e-03
     vertex 1.0274381666e+01 -6.0000000000e+00 -1.4353854595e-02
   endloop
 endfacet
 facet normal  4.9558632060e-02 2.1180689864e-02 -9.9854660400e-01
   outer loop
     vertex 9.5049781272e+00 -4.0000000000e+00 -1.0116903798e-02
     vertex 1.0274381666e+01 -6.0000000000e+00 -1.4353854595e-02
     vertex 9.3782925638e+00 -4.0000000000e+00 -1.6404405251e-02
   endloop
 endfacet
 facet normal  4.9955357370e-02 2.1358464629e-02 -9.9852304844e-01
   outer loop
     vertex 9.3782925638e+00 -4.0000000000e+00 -1.6404405251e-02
     vertex 1.0274381666e+01 -6.0000000000e+00 -1.4353854595e-02
     vertex 1.0128820890e+01 -6.0000000000e+00 -2.1636150791e-02
   endloop
 endfacet
 facet normal  4.9955357370e-02 2.1358464629e-02 -9.9852304844e-01
   outer loop
     vertex 9.3782925638e+00 -4.0000000000e+00 -1.6404405251e-02
     vertex 1.0128820890e+01 -6.0000000000e+00 -2.1636150791e-02
     vertex 9.2119373909e+00 -4.0000000000e+00 -2.4727029476e-02
   endloop
 endfacet
 facet normal  5.0266836900e-02 2.1501288745e-02 -9.9850435136e-01
   outer loop
     vertex 9.2119373909e+00 -4.0000000000e+00 -2.4727029476e-02
     vertex 1.0128820890e+01 -6.0000000000e+00 -2.1636150791e-02
     vertex 9.9473704746e+00 -6.0000000000e+00 -3.0770751381e-02
   endloop
 endfacet
 facet normal  5.0266836900e-02 2.1501288745e-02 -9.9850435136e-01
   outer loop
     vertex 9.2119373909e+00 -4.0000000000e+00 -2.4727029476e-02
     vertex 9.9473704746e+00 -6.0000000000e+00 -3.0770751381e-02
     vertex 9.0045654876e+00 -4.0000000000e+00 -3.5166573007e-02
   endloop
 endfacet
 facet normal  4.9606649997e-02 2.1189987799e-02 -9.9854402241e-01
   outer loop
     vertex 9.0045654876e+00 -4.0000000000e+00 -3.5166573007e-02
     vertex 9.9473704746e+00 -6.0000000000e+00 -3.0770751381e-02
     vertex 9.7352906334e+00 -6.0000000000e+00 -4.1306661888e-02
   endloop
 endfacet
 facet normal  4.9606649997e-02 2.1189987799e-02 -9.9854402241e-01
   outer loop
     vertex 9.0045654876e+00 -4.0000000000e+00 -3.5166573007e-02
     vertex 9.7352906334e+00 -6.0000000000e+00 -4.1306661888e-02
     vertex 8.7621885262e+00 -4.0000000000e+00 -4.7207613587e-02
   endloop
 endfacet
 facet normal  4.6034839081e-02 1.9451510418e-02 -9.9875043546e-01
   outer loop
     vertex 8.7621885262e+00 -4.0000000000e+00 -4.7207613587e-02
     vertex 9.7352906334e+00 -6.0000000000e+00 -4.1306661888e-02
     vertex 9.5052759027e+00 -6.0000000000e+00 -5.1908600807e-02
   endloop
 endfacet
 facet normal  4.6034839081e-02 1.9451510418e-02 -9.9875043546e-01
   outer loop
     vertex 8.7621885262e+00 -4.0000000000e+00 -4.7207613587e-02
     vertex 9.5052759027e+00 -6.0000000000e+00 -5.1908600807e-02
     vertex 8.4993145483e+00 -4.0000000000e+00 -5.9324115209e-02
   endloop
 endfacet
 facet normal  3.6988293619e-02 1.4899588857e-02 -9.9920461788e-01
   outer loop
     vertex 8.4993145483e+00 -4.0000000000e+00 -5.9324115209e-02
     vertex 9.5052759027e+00 -6.0000000000e+00 -5.1908600807e-02
     vertex 8.2363427570e+00 -4.0000000000e+00 -6.9058735779e-02
   endloop
 endfacet
 facet normal  3.6988293619e-02 1.4899588857e-02 -9.9920461788e-01
   outer loop
     vertex 9.5052759027e+00 -6.0000000000e+00 -5.1908600807e-02
     vertex 9.2751755854e+00 -6.0000000000e+00 -6.0426393806e-02
     vertex 8.2363427570e+00 -4.0000000000e+00 -6.9058735779e-02
   endloop
 endfacet
 facet normal  2.8269888800e-02 1.0369630497e-02 -9.9954653926e-01
   outer loop
     vertex 8.2363427570e+00 -4.0000000000e+00 -6.9058735779e-02
     vertex 9.2751755854e+00 -6.0000000000e+00 -6.0426393806e-02
     vertex 7.9937646440e+00 -4.0000000000e+00 -7.5919503148e-02
   endloop
 endfacet
 facet normal  2.8269888800e-02 1.0369630497e-02 -9.9954653926e-01
   outer loop
     vertex 9.2751755854e+00 -6.0000000000e+00 -6.0426393806e-02
     vertex 9.0629197365e+00 -6.0000000000e+00 -6.6429565254e-02
     vertex 7.9937646440e+00 -4.0000000000e+00 -7.5919503148e-02
   endloop
 endfacet
 facet normal  1.2873437228e-02 2.1372855740e-03 -9.9991484969e-01
   outer loop
     vertex 7.9937646440e+00 -4.0000000000e+00 -7.5919503148e-02
     vertex 9.0629197365e+00 -6.0000000000e+00 -6.6429565254e-02
     vertex 7.7861513386e+00 -4.0000000000e+00 -7.8592427603e-02
   endloop
 endfacet
 facet normal  1.2873437228e-02 2.1372855740e-03 -9.9991484969e-01
   outer loop
     vertex 9.0629197365e+00 -6.0000000000e+00 -6.6429565254e-02
     vertex 8.8812580942e+00 -6.0000000000e+00 -6.8768374153e-02
     vertex 7.7861513386e+00 -4.0000000000e+00 -7.8592427603e-02
   endloop
 endfacet
 facet normal  -1.7529606656e-02 -1.4509150167e-02 -9.9974106520e-01
   outer loop
     vertex 7.7861513386e+00 -4.0000000000e+00 -7.8592427603e-02
     vertex 8.8812580942e+00 -6.0000000000e+00 -6.8768374153e-02
     vertex 7.6196240675e+00 -4.0000000000e+00 -7.5672513977e-02
   endloop
 endfacet
 facet normal  -1.7529606656e-02 -1.4509150167e-02 -9.9974106520e-01
   outer loop
     vertex 8.8812580942e+00 -6.0000000000e+00 -6.8768374153e-02
     vertex 8.7355467321e+00 -6.0000000000e+00 -6.6213449730e-02
     vertex 7.6196240675e+00 -4.0000000000e+00 -7.5672513977e-02
   endloop
 endfacet
 facet normal  -6.7413880947e-02 -4.2328863120e-02 -9.9682678335e-01
   outer loop
     vertex 7.6196240675e+00 -4.0000000000e+00 -7.5672513977e-02
     vertex 8.7355467321e+00 -6.0000000000e+00 -6.6213449730e-02
     vertex 7.4930919081e+00 -4.0000000000e+00 -6.7115336265e-02
   endloop
 endfacet
 facet normal  -6.7413880947e-02 -4.2328863120e-02 -9.9682678335e-01
   outer loop
     vertex 8.7355467321e+00 -6.0000000000e+00 -6.6213449730e-02
     vertex 8.6248310925e+00 -6.0000000000e+00 -5.8725919232e-02
     vertex 7.4930919081e+00 -4.0000000000e+00 -6.7115336265e-02
   endloop
 endfacet
 facet normal  -1.4943835937e-01 -8.8693509812e-02 -9.8478507202e-01
   outer loop
     vertex 7.4930919081e+00 -4.0000000000e+00 -6.7115336265e-02
     vertex 8.6248310925e+00 -6.0000000000e+00 -5.8725919232e-02
     vertex 7.4013699385e+00 -4.0000000000e+00 -5.3196785864e-02
   endloop
 endfacet
 facet normal  -1.4943835937e-01 -8.8693509812e-02 -9.8478507202e-01
   outer loop
     vertex 8.6248310925e+00 -6.0000000000e+00 -5.8725919232e-02
     vertex 8.5445743691e+00 -6.0000000000e+00 -4.6547187631e-02
     vertex 7.4013699385e+00 -4.0000000000e+00 -5.3196785864e-02
   endloop
 endfacet
 facet normal  -3.0565923265e-01 -1.7782547140e-01 -9.3538790628e-01
   outer loop
     vertex 7.4013699385e+00 -4.0000000000e+00 -5.3196785864e-02
     vertex 8.5445743691e+00 -6.0000000000e+00 -4.6547187631e-02
     vertex 7.3388392288e+00 -4.0000000000e+00 -3.2763456962e-02
   endloop
 endfacet
 facet normal  -3.0565923265e-01 -1.7782547140e-01 -9.3538790628e-01
   outer loop
     vertex 8.5445743691e+00 -6.0000000000e+00 -4.6547187631e-02
     vertex 8.4898599981e+00 -6.0000000000e+00 -2.8668024842e-02
     vertex 7.3388392288e+00 -4.0000000000e+00 -3.2763456962e-02
   endloop
 endfacet
 facet normal  -6.8348280857e-01 -3.9460898352e-01 -6.1411318217e-01
   outer loop
     vertex 7.3388392288e+00 -4.0000000000e+00 -3.2763456962e-02
     vertex 8.4898599981e+00 -6.0000000000e+00 -2.8668024842e-02
     vertex 7.3094010768e+00 -4.0000000000e+00 0.0000000000e+00
   endloop
 endfacet
 facet normal  -6.8348280857e-01 -3.9460898352e-01 -6.1411318217e-01
   outer loop
     vertex 8.4898599981e+00 -6.0000000000e+00 -2.8668024842e-02
     vertex 8.4641016151e+00 -6.0000000000e+00 0.0000000000e+00
     vertex 7.3094010768e+00 -4.0000000000e+00 0.0000000000e+00
   endloop
 endfacet
 facet normal  -7.6833253923e-01 -4.4359699835e-01 4.6139658885e-01
   outer loop
     vertex 7.3094010768e+00 -4.0000000000e+00 0.0000000000e+00
     vertex 8.4641016151e+00 -6.0000000000e+00 0.0000000000e+00
     vertex 8.4841618530e+00 -6.0000000000e+00 3.3404957626e-02
   endloop
 endfacet
 facet normal  -7.6833253923e-01 -4.4359699835e-01 4.6139658885e-01
   outer loop
     vertex 7.3094010768e+00 -4.0000000000e+00 0.0000000000e+00
     vertex 8.4841618530e+00 -6.0000000000e+00 3.3404957626e-02
     vertex 7.3323270629e+00 -4.0000000000e+00 3.8177094429e-02
   endloop
 endfacet
 facet normal  -4.6008269076e-01 -2.6699010518e-01 8.4678226328e-01
   outer loop
     vertex 7.3323270629e+00 -4.0000000000e+00 3.8177094429e-02
     vertex 8.4841618530e+00 -6.0000000000e+00 3.3404957626e-02
     vertex 8.5353385102e+00 -6.0000000000e+00 6.1210800030e-02
   endloop
 endfacet
 facet normal  -4.6008269076e-01 -2.6699010518e-01 8.4678226328e-01
   outer loop
     vertex 7.3323270629e+00 -4.0000000000e+00 3.8177094429e-02
     vertex 8.5353385102e+00 -6.0000000000e+00 6.1210800030e-02
     vertex 7.3908146712e+00 -4.0000000000e+00 6.9955200034e-02
   endloop
 endfacet
 facet normal  -3.0805732288e-01 -1.8037360133e-01 9.3411243957e-01
   outer loop
     vertex 7.3908146712e+00 -4.0000000000e+00 6.9955200034e-02
     vertex 8.5353385102e+00 -6.0000000000e+00 6.1210800030e-02
     vertex 8.6133467413e+00 -6.0000000000e+00 8.6936832365e-02
   endloop
 endfacet
 facet normal  -3.0805732288e-01 -1.8037360133e-01 9.3411243957e-01
   outer loop
     vertex 7.3908146712e+00 -4.0000000000e+00 6.9955200034e-02
     vertex 8.6133467413e+00 -6.0000000000e+00 8.6936832365e-02
     vertex 7.4799669352e+00 -4.0000000000e+00 9.9356379846e-02
   endloop
 endfacet
 facet normal  -2.1119654447e-01 -1.2570225108e-01 9.6932706744e-01
   outer loop
     vertex 7.4799669352e+00 -4.0000000000e+00 9.9356379846e-02
     vertex 8.6133467413e+00 -6.0000000000e+00 8.6936832365e-02
     vertex 8.7230626711e+00 -6.0000000000e+00 1.1084168969e-01
   endloop
 endfacet
 facet normal  -2.1119654447e-01 -1.2570225108e-01 9.6932706744e-01
   outer loop
     vertex 7.4799669352e+00 -4.0000000000e+00 9.9356379846e-02
     vertex 8.7230626711e+00 -6.0000000000e+00 1.1084168969e-01
     vertex 7.6053565693e+00 -4.0000000000e+00 1.2667621679e-01
   endloop
 endfacet
 facet normal  -1.3469990216e-01 -8.3094926877e-02 9.8739615630e-01
   outer loop
     vertex 7.6053565693e+00 -4.0000000000e+00 1.2667621679e-01
     vertex 8.7230626711e+00 -6.0000000000e+00 1.1084168969e-01
     vertex 8.8691785163e+00 -6.0000000000e+00 1.3077471245e-01
   endloop
 endfacet
 facet normal  -1.3469990216e-01 -8.3094926877e-02 9.8739615630e-01
   outer loop
     vertex 7.6053565693e+00 -4.0000000000e+00 1.2667621679e-01
     vertex 8.8691785163e+00 -6.0000000000e+00 1.3077471245e-01
     vertex 7.7723461067e+00 -4.0000000000e+00 1.4945681423e-01
   endloop
 endfacet
 facet normal  -6.7390971847e-02 -4.6268089841e-02 9.9665326005e-01
   outer loop
     vertex 7.7723461067e+00 -4.0000000000e+00 1.4945681423e-01
     vertex 8.8691785163e+00 -6.0000000000e+00 1.3077471245e-01
     vertex 9.0526005077e+00 -6.0000000000e+00 1.4317720663e-01
   endloop
 endfacet
 facet normal  -6.7390971847e-02 -4.6268089841e-02 9.9665326005e-01
   outer loop
     vertex 7.7723461067e+00 -4.0000000000e+00 1.4945681423e-01
     vertex 9.0526005077e+00 -6.0000000000e+00 1.4317720663e-01
     vertex 7.9819712397e+00 -4.0000000000e+00 1.6363109330e-01
   endloop
 endfacet
 facet normal  -6.0618057080e-03 -1.3470800774e-02 9.9989089007e-01
   outer loop
     vertex 7.9819712397e+00 -4.0000000000e+00 1.6363109330e-01
     vertex 9.0526005077e+00 -6.0000000000e+00 1.4317720663e-01
     vertex 9.2674692164e+00 -6.0000000000e+00 1.4447984113e-01
   endloop
 endfacet
 facet normal  -6.0618057080e-03 -1.3470800774e-02 9.9989089007e-01
   outer loop
     vertex 7.9819712397e+00 -4.0000000000e+00 1.6363109330e-01
     vertex 9.2674692164e+00 -6.0000000000e+00 1.4447984113e-01
     vertex 8.2275354782e+00 -4.0000000000e+00 1.6511981843e-01
   endloop
 endfacet
 facet normal  4.4163729881e-02 1.2654584002e-02 9.9894415583e-01
   outer loop
     vertex 8.2275354782e+00 -4.0000000000e+00 1.6511981843e-01
     vertex 9.2674692164e+00 -6.0000000000e+00 1.4447984113e-01
     vertex 9.5002635394e+00 -6.0000000000e+00 1.3418790885e-01
   endloop
 endfacet
 facet normal  4.4163729881e-02 1.2654584002e-02 9.9894415583e-01
   outer loop
     vertex 8.2275354782e+00 -4.0000000000e+00 1.6511981843e-01
     vertex 9.5002635394e+00 -6.0000000000e+00 1.3418790885e-01
     vertex 8.4935861330e+00 -4.0000000000e+00 1.5335761012e-01
   endloop
 endfacet
 facet normal  7.8112134685e-02 2.9765555687e-02 9.9650012850e-01
   outer loop
     vertex 8.4935861330e+00 -4.0000000000e+00 1.5335761012e-01
     vertex 9.5002635394e+00 -6.0000000000e+00 1.3418790885e-01
     vertex 8.7590884804e+00 -4.0000000000e+00 1.3254581640e-01
   endloop
 endfacet
 facet normal  7.8112134685e-02 2.9765555687e-02 9.9650012850e-01
   outer loop
     vertex 9.5002635394e+00 -6.0000000000e+00 1.3418790885e-01
     vertex 9.7325780933e+00 -6.0000000000e+00 1.1597758935e-01
     vertex 8.7590884804e+00 -4.0000000000e+00 1.3254581640e-01
   endloop
 endfacet
 facet normal  1.0514326814e-01 4.2947430433e-02 9.9352927052e-01
   outer loop
     vertex 8.7590884804e+00 -4.0000000000e+00 1.3254581640e-01
     vertex 9.7325780933e+00 -6.0000000000e+00 1.1597758935e-01
     vertex 9.0033206092e+00 -4.0000000000e+00 1.0669920576e-01
   endloop
 endfacet
 facet normal  1.0514326814e-01 4.2947430433e-02 9.9352927052e-01
   outer loop
     vertex 9.7325780933e+00 -6.0000000000e+00 1.1597758935e-01
     vertex 9.9462812060e+00 -6.0000000000e+00 9.3361805042e-02
     vertex 9.0033206092e+00 -4.0000000000e+00 1.0669920576e-01
   endloop
 endfacet
 facet normal  1.2663191366e-01 5.3098920890e-02 9.9052756804e-01
   outer loop
     vertex 9.0033206092e+00 -4.0000000000e+00 1.0669920576e-01
     vertex 9.9462812060e+00 -6.0000000000e+00 9.3361805042e-02
     vertex 9.2117593531e+00 -4.0000000000e+00 8.0051792941e-02
   endloop
 endfacet
 facet normal  1.2663191366e-01 5.3098920890e-02 9.9052756804e-01
   outer loop
     vertex 9.9462812060e+00 -6.0000000000e+00 9.3361805042e-02
     vertex 1.0128665107e+01 -6.0000000000e+00 7.0045318823e-02
     vertex 9.2117593531e+00 -4.0000000000e+00 8.0051792941e-02
   endloop
 endfacet
 facet normal  1.4355114735e-01 6.0869393038e-02 9.8776919626e-01
   outer loop
     vertex 9.2117593531e+00 -4.0000000000e+00 8.0051792941e-02
     vertex 1.0128665107e+01 -6.0000000000e+00 7.0045318823e-02
     vertex 9.3785768545e+00 -4.0000000000e+00 5.5808433443e-02
   endloop
 endfacet
 facet normal  1.4355114735e-01 6.0869393038e-02 9.8776919626e-01
   outer loop
     vertex 1.0128665107e+01 -6.0000000000e+00 7.0045318823e-02
     vertex 1.0274630421e+01 -6.0000000000e+00 4.8832379263e-02
     vertex 9.3785768545e+00 -4.0000000000e+00 5.5808433443e-02
   endloop
 endfacet
 facet normal  1.5663145224e-01 6.6737984719e-02 9.8539973085e-01
   outer loop
     vertex 9.3785768545e+00 -4.0000000000e+00 5.5808433443e-02
     vertex 1.0274630421e+01 -6.0000000000e+00 4.8832379263e-02
     vertex 9.5053555550e+00 -4.0000000000e+00 3.5656680452e-02
   endloop
 endfacet
 facet normal  1.5663145224e-01 6.6737984719e-02 9.8539973085e-01
   outer loop
     vertex 1.0274630421e+01 -6.0000000000e+00 4.8832379263e-02
     vertex 1.0385561784e+01 -6.0000000000e+00 3.1199595395e-02
     vertex 9.5053555550e+00 -4.0000000000e+00 3.5656680452e-02
   endloop
 endfacet
 facet normal  1.6652924398e-01 7.1098334405e-02 9.8346989672e-01
   outer loop
     vertex 9.5053555550e+00 -4.0000000000e+00 3.5656680452e-02
     vertex 1.0385561784e+01 -6.0000000000e+00 3.1199595395e-02
     vertex 9.5979733838e+00 -4.0000000000e+00 1.9973864884e-02
   endloop
 endfacet
 facet normal  1.6652924398e-01 7.1098334405e-02 9.8346989672e-01
   outer loop
     vertex 1.0385561784e+01 -6.0000000000e+00 3.1199595395e-02
     vertex 1.0466602384e+01 -6.0000000000e+00 1.7477131773e-02
     vertex 9.5979733838e+00 -4.0000000000e+00 1.9973864884e-02
   endloop
 endfacet
 facet normal  1.7381044349e-01 7.4262531046e-02 9.8197505376e-01
   outer loop
     vertex 9.5979733838e+00 -4.0000000000e+00 1.9973864884e-02
     vertex 1.0466602384e+01 -6.0000000000e+00 1.7477131773e-02
     vertex 9.6637036361e+00 -4.0000000000e+00 8.3395527277e-03
   endloop
 endfacet
 facet normal  1.7381044349e-01 7.4262531046e-02 9.8197505376e-01
   outer loop
     vertex 1.0466602384e+01 -6.0000000000e+00 1.7477131773e-02
     vertex 1.0524116355e+01 -6.0000000000e+00 7.2971086368e-03
     vertex 9.6637036361e+00 -4.0000000000e+00 8.3395527277e-03
   endloop
 endfacet
 facet normal  1.7900381866e-01 7.6497330090e-02 9.8086991563e-01
   outer loop
     vertex 9.6637036361e+00 -4.0000000000e+00 8.3395527277e-03
     vertex 1.0524116355e+01 -6.0000000000e+00 7.2971086368e-03
     vertex 9.7094010768e+00 -4.0000000000e+00 0.0000000000e+00
   endloop
 endfacet
 facet normal  1.7900381866e-01 7.6497330090e-02 9.8086991563e-01
   outer loop
     vertex 1.0524116355e+01 -6.0000000000e+00 7.2971086368e-03
     vertex 1.0564101615e+01 -6.0000000000e+00 0.0000000000e+00
     vertex 9.7094010768e+00 -4.0000000000e+00 0.0000000000e+00
   endloop
 endfacet
 facet normal  4.9491294583e-02 2.1150118062e-02 -9.9855059174e-01
   outer loop
     vertex 1.0564101615e+01 -6.0000000000e+00 0.0000000000e+00
     vertex 1.1418802154e+01 -8.0000000000e+00 0.0000000000e+00
     vertex 1.1384420225e+01 -8.0000000000e+00 -1.7040760580e-03
   endloop
 endfacet
 facet normal  4.9491294583e-02 2.1150118062e-02 -9.9855059174e-01
   outer loop
     vertex 1.0564101615e+01 -6.0000000000e+00 0.0000000000e+00
     vertex 1.1384420225e+01 -8.0000000000e+00 -1.7040760580e-03
     vertex 1.0523989365e+01 -6.0000000000e+00 -1.9880887343e-03
   endloop
 endfacet
 facet normal  4.9407956188e-02 2.1114263905e-02 -9.9855547754e-01
   outer loop
     vertex 1.0523989365e+01 -6.0000000000e+00 -1.9880887343e-03
     vertex 1.1384420225e+01 -8.0000000000e+00 -1.7040760580e-03
     vertex 1.1335012991e+01 -8.0000000000e+00 -4.1487178384e-03
   endloop
 endfacet
 facet normal  4.9407956188e-02 2.1114263905e-02 -9.9855547754e-01
   outer loop
     vertex 1.0523989365e+01 -6.0000000000e+00 -1.9880887343e-03
     vertex 1.1335012991e+01 -8.0000000000e+00 -4.1487178384e-03
     vertex 1.0466347592e+01 -6.0000000000e+00 -4.8401708115e-03
   endloop
 endfacet
 facet normal  4.9390080264e-02 2.1106499444e-02 -9.9855652602e-01
   outer loop
     vertex 1.0466347592e+01 -6.0000000000e+00 -4.8401708115e-03
     vertex 1.1335012991e+01 -8.0000000000e+00 -4.1487178384e-03
     vertex 1.1265484941e+01 -8.0000000000e+00 -7.5876778485e-03
   endloop
 endfacet
 facet normal  4.9390080264e-02 2.1106499444e-02 -9.9855652602e-01
   outer loop
     vertex 1.0466347592e+01 -6.0000000000e+00 -4.8401708115e-03
     vertex 1.1265484941e+01 -8.0000000000e+00 -7.5876778485e-03
     vertex 1.0385231534e+01 -6.0000000000e+00 -8.8522908233e-03
   endloop
 endfacet
 facet normal  4.9558632060e-02 2.1180689864e-02 -9.9854660400e-01
   outer loop
     vertex 1.0385231534e+01 -6.0000000000e+00 -8.8522908233e-03
     vertex 1.1265484941e+01 -8.0000000000e+00 -7.5876778485e-03
     vertex 1.1170470769e+01 -8.0000000000e+00 -1.2303303938e-02
   endloop
 endfacet
 facet normal  4.9558632060e-02 2.1180689864e-02 -9.9854660400e-01
   outer loop
     vertex 1.0385231534e+01 -6.0000000000e+00 -8.8522908233e-03
     vertex 1.1170470769e+01 -8.0000000000e+00 -1.2303303938e-02
     vertex 1.0274381666e+01 -6.0000000000e+00 -1.4353854595e-02
   endloop
 endfacet
 facet normal  4.9955357370e-02 2.1358464629e-02 -9.9852304844e-01
   outer loop
     vertex 1.0274381666e+01 -6.0000000000e+00 -1.4353854595e-02
     vertex 1.1170470769e+01 -8.0000000000e+00 -1.2303303938e-02
     vertex 1.1045704389e+01 -8.0000000000e+00 -1.8545272107e-02
   endloop
 endfacet
 facet normal  4.9955357370e-02 2.1358464629e-02 -9.9852304844e-01
   outer loop
     vertex 1.0274381666e+01 -6.0000000000e+00 -1.4353854595e-02
     vertex 1.1045704389e+01 -8.0000000000e+00 -1.8545272107e-02
     vertex 1.0128820890e+01 -6.0000000000e+00 -2.1636150791e-02
   endloop
 endfacet
 facet normal  5.0266836900e-02 2.1501288745e-02 -9.9850435136e-01
   outer loop
     vertex 1.0128820890e+01 -6.0000000000e+00 -2.1636150791e-02
     vertex 1.1045704389e+01 -8.0000000000e+00 -1.8545272107e-02
     vertex 1.0890175462e+01 -8.0000000000e+00 -2.6374929755e-02
   endloop
 endfacet
 facet normal  5.0266836900e-02 2.1501288745e-02 -9.9850435136e-01
   outer loop
     vertex 1.0128820890e+01 -6.0000000000e+00 -2.1636150791e-02
     vertex 1.0890175462e+01 -8.0000000000e+00 -2.6374929755e-02
     vertex 9.9473704746e+00 -6.0000000000e+00 -3.0770751381e-02
   endloop
 endfacet
 facet normal  4.9606649997e-02 2.1189987799e-02 -9.9854402241e-01
   outer loop
     vertex 9.9473704746e+00 -6.0000000000e+00 -3.0770751381e-02
     vertex 1.0890175462e+01 -8.0000000000e+00 -2.6374929755e-02
     vertex 1.0708392741e+01 -8.0000000000e+00 -3.5405710190e-02
   endloop
 endfacet
 facet normal  4.9606649997e-02 2.1189987799e-02 -9.9854402241e-01
   outer loop
     vertex 9.9473704746e+00 -6.0000000000e+00 -3.0770751381e-02
     vertex 1.0708392741e+01 -8.0000000000e+00 -3.5405710190e-02
     vertex 9.7352906334e+00 -6.0000000000e+00 -4.1306661888e-02
   endloop
 endfacet
 facet normal  4.6034839081e-02 1.9451510418e-02 -9.9875043546e-01
   outer loop
     vertex 9.7352906334e+00 -6.0000000000e+00 -4.1306661888e-02
     vertex 1.0708392741e+01 -8.0000000000e+00 -3.5405710190e-02
     vertex 1.0511237257e+01 -8.0000000000e+00 -4.4493086406e-02
   endloop
 endfacet
 facet normal  4.6034839081e-02 1.9451510418e-02 -9.9875043546e-01
   outer loop
     vertex 9.7352906334e+00 -6.0000000000e+00 -4.1306661888e-02
     vertex 1.0511237257e+01 -8.0000000000e+00 -4.4493086406e-02
     vertex 9.5052759027e+00 -6.0000000000e+00 -5.1908600807e-02
   endloop
 endfacet
 facet normal  3.6988293619e-02 1.4899588857e-02 -9.9920461788e-01
   outer loop
     vertex 9.5052759027e+00 -6.0000000000e+00 -5.1908600807e-02
     vertex 1.0511237257e+01 -8.0000000000e+00 -4.4493086406e-02
     vertex 9.2751755854e+00 -6.0000000000e+00 -6.0426393806e-02
   endloop
 endfacet
 facet normal  3.6988293619e-02 1.4899588857e-02 -9.9920461788e-01
   outer loop
     vertex 1.0511237257e+01 -8.0000000000e+00 -4.4493086406e-02
     vertex 1.0314008414e+01 -8.0000000000e+00 -5.1794051834e-02
     vertex 9.2751755854e+00 -6.0000000000e+00 -6.0426393806e-02
   endloop
 endfacet
 facet normal  2.8269888800e-02 1.0369630497e-02 -9.9954653926e-01
   outer loop
     vertex 9.2751755854e+00 -6.0000000000e+00 -6.0426393806e-02
     vertex 1.0314008414e+01 -8.0000000000e+00 -5.1794051834e-02
     vertex 9.0629197365e+00 -6.0000000000e+00 -6.6429565254e-02
   endloop
 endfacet
 facet normal  2.8269888800e-02 1.0369630497e-02 -9.9954653926e-01
   outer loop
     vertex 1.0314008414e+01 -8.0000000000e+00 -5.1794051834e-02
     vertex 1.0132074829e+01 -8.0000000000e+00 -5.6939627361e-02
     vertex 9.0629197365e+00 -6.0000000000e+00 -6.6429565254e-02
   endloop
 endfacet
 facet normal  1.2873437228e-02 2.1372855740e-03 -9.9991484969e-01
   outer loop
     vertex 9.0629197365e+00 -6.0000000000e+00 -6.6429565254e-02
     vertex 1.0132074829e+01 -8.0000000000e+00 -5.6939627361e-02
     vertex 8.8812580942e+00 -6.0000000000e+00 -6.8768374153e-02
   endloop
 endfacet
 facet normal  1.2873437228e-02 2.1372855740e-03 -9.9991484969e-01
   outer loop
     vertex 1.0132074829e+01 -8.0000000000e+00 -5.6939627361e-02
     vertex 9.9763648499e+00 -8.0000000000e+00 -5.8944320702e-02
     vertex 8.8812580942e+00 -6.0000000000e+00 -6.8768374153e-02
   endloop
 endfacet
 facet normal  -1.7529606656e-02 -1.4509150167e-02 -9.9974106520e-01
   outer loop
     vertex 8.8812580942e+00 -6.0000000000e+00 -6.8768374153e-02
     vertex 9.9763648499e+00 -8.0000000000e+00 -5.8944320702e-02
     vertex 8.7355467321e+00 -6.0000000000e+00 -6.6213449730e-02
   endloop
 endfacet
 facet normal  -1.7529606656e-02 -1.4509150167e-02 -9.9974106520e-01
   outer loop
     vertex 9.9763648499e+00 -8.0000000000e+00 -5.8944320702e-02
     vertex 9.8514693966e+00 -8.0000000000e+00 -5.6754385483e-02
     vertex 8.7355467321e+00 -6.0000000000e+00 -6.6213449730e-02
   endloop
 endfacet
 facet normal  -6.7413880947e-02 -4.2328863120e-02 -9.9682678335e-01
   outer loop
     vertex 8.7355467321e+00 -6.0000000000e+00 -6.6213449730e-02
     vertex 9.8514693966e+00 -8.0000000000e+00 -5.6754385483e-02
     vertex 8.6248310925e+00 -6.0000000000e+00 -5.8725919232e-02
   endloop
 endfacet
 facet normal  -6.7413880947e-02 -4.2328863120e-02 -9.9682678335e-01
   outer loop
     vertex 9.8514693966e+00 -8.0000000000e+00 -5.6754385483e-02
     vertex 9.7565702770e+00 -8.0000000000e+00 -5.0336502199e-02
     vertex 8.6248310925e+00 -6.0000000000e+00 -5.8725919232e-02
   endloop
 endfacet
 facet normal  -1.4943835937e-01 -8.8693509812e-02 -9.8478507202e-01
   outer loop
     vertex 8.6248310925e+00 -6.0000000000e+00 -5.8725919232e-02
     vertex 9.7565702770e+00 -8.0000000000e+00 -5.0336502199e-02
     vertex 8.5445743691e+00 -6.0000000000e+00 -4.6547187631e-02
   endloop
 endfacet
 facet normal  -1.4943835937e-01 -8.8693509812e-02 -9.8478507202e-01
   outer loop
     vertex 9.7565702770e+00 -8.0000000000e+00 -5.0336502199e-02
     vertex 9.6877787998e+00 -8.0000000000e+00 -3.9897589398e-02
     vertex 8.5445743691e+00 -6.0000000000e+00 -4.6547187631e-02
   endloop
 endfacet
 facet normal  -3.0565923265e-01 -1.7782547140e-01 -9.3538790628e-01
   outer loop
     vertex 8.5445743691e+00 -6.0000000000e+00 -4.6547187631e-02
     vertex 9.6877787998e+00 -8.0000000000e+00 -3.9897589398e-02
     vertex 8.4898599981e+00 -6.0000000000e+00 -2.8668024842e-02
   endloop
 endfacet
 facet normal  -3.0565923265e-01 -1.7782547140e-01 -9.3538790628e-01
   outer loop
     vertex 9.6877787998e+00 -8.0000000000e+00 -3.9897589398e-02
     vertex 9.6408807675e+00 -8.0000000000e+00 -2.4572592722e-02
     vertex 8.4898599981e+00 -6.0000000000e+00 -2.8668024842e-02
   endloop
 endfacet
 facet normal  -6.8348280857e-01 -3.9460898352e-01 -6.1411318217e-01
   outer loop
     vertex 8.4898599981e+00 -6.0000000000e+00 -2.8668024842e-02
     vertex 9.6408807675e+00 -8.0000000000e+00 -2.4572592722e-02
     vertex 8.4641016151e+00 -6.0000000000e+00 0.0000000000e+00
   endloop
 endfacet
 facet normal  -6.8348280857e-01 -3.9460898352e-01 -6.1411318217e-01
   outer loop
     vertex 9.6408807675e+00 -8.0000000000e+00 -2.4572592722e-02
     vertex 9.6188021535e+00 -8.0000000000e+00 0.0000000000e+00
     vertex 8.4641016151e+00 -6.0000000000e+00 0.0000000000e+00
   endloop
 endfacet
 facet normal  -7.6833253923e-01 -4.4359699835e-01 4.6139658885e-01
   outer loop
     vertex 8.4641016151e+00 -6.0000000000e+00 0.0000000000e+00
     vertex 9.6188021535e+00 -8.0000000000e+00 0.0000000000e+00
     vertex 9.6359966431e+00 -8.0000000000e+00 2.8632820822e-02
   endloop
 endfacet
 facet normal  -7.6833253923e-01 -4.4359699835e-01 4.6139658885e-01
   outer loop
     vertex 8.4641016151e+00 -6.0000000000e+00 0.0000000000e+00
     vertex 9.6359966431e+00 -8.0000000000e+00 2.8632820822e-02
     vertex 8.4841618530e+00 -6.0000000000e+00 3.3404957626e-02
   endloop
 endfacet
 facet normal  -4.6008269076e-01 -2.6699010518e-01 8.4678226328e-01
   outer loop
     vertex 8.4841618530e+00 -6.0000000000e+00 3.3404957626e-02
     vertex 9.6359966431e+00 -8.0000000000e+00 2.8632820822e-02
     vertex 9.6798623493e+00 -8.0000000000e+00 5.2466400025e-02
   endloop
 endfacet
 facet normal  -4.6008269076e-01 -2.6699010518e-01 8.4678226328e-01
   outer loop
     vertex 8.4841618530e+00 -6.0000000000e+00 3.3404957626e-02
     vertex 9.6798623493e+00 -8.0000000000e+00 5.2466400025e-02
     vertex 8.5353385102e+00 -6.0000000000e+00 6.1210800030e-02
   endloop
 endfacet
 facet normal  -3.0805732288e-01 -1.8037360133e-01 9.3411243957e-01
   outer loop
     vertex 8.5353385102e+00 -6.0000000000e+00 6.1210800030e-02
     vertex 9.6798623493e+00 -8.0000000000e+00 5.2466400025e-02
     vertex 9.7467265474e+00 -8.0000000000e+00 7.4517284884e-02
   endloop
 endfacet
 facet normal  -3.0805732288e-01 -1.8037360133e-01 9.3411243957e-01
   outer loop
     vertex 8.5353385102e+00 -6.0000000000e+00 6.1210800030e-02
     vertex 9.7467265474e+00 -8.0000000000e+00 7.4517284884e-02
     vertex 8.6133467413e+00 -6.0000000000e+00 8.6936832365e-02
   endloop
 endfacet
 facet normal  -2.1119654447e-01 -1.2570225108e-01 9.6932706744e-01
   outer loop
     vertex 8.6133467413e+00 -6.0000000000e+00 8.6936832365e-02
     vertex 9.7467265474e+00 -8.0000000000e+00 7.4517284884e-02
     vertex 9.8407687729e+00 -8.0000000000e+00 9.5007162594e-02
   endloop
 endfacet
 facet normal  -2.1119654447e-01 -1.2570225108e-01 9.6932706744e-01
   outer loop
     vertex 8.6133467413e+00 -6.0000000000e+00 8.6936832365e-02
     vertex 9.8407687729e+00 -8.0000000000e+00 9.5007162594e-02
     vertex 8.7230626711e+00 -6.0000000000e+00 1.1084168969e-01
   endloop
 endfacet
 facet normal  -1.3469990216e-01 -8.3094926877e-02 9.8739615630e-01
   outer loop
     vertex 8.7230626711e+00 -6.0000000000e+00 1.1084168969e-01
     vertex 9.8407687729e+00 -8.0000000000e+00 9.5007162594e-02
     vertex 9.9660109260e+00 -8.0000000000e+00 1.1209261067e-01
   endloop
 endfacet
 facet normal  -1.3469990216e-01 -8.3094926877e-02 9.8739615630e-01
   outer loop
     vertex 8.7230626711e+00 -6.0000000000e+00 1.1084168969e-01
     vertex 9.9660109260e+00 -8.0000000000e+00 1.1209261067e-01
     vertex 8.8691785163e+00 -6.0000000000e+00 1.3077471245e-01
   endloop
 endfacet
 facet normal  -6.7390971847e-02 -4.6268089841e-02 9.9665326005e-01
   outer loop
     vertex 8.8691785163e+00 -6.0000000000e+00 1.3077471245e-01
     vertex 9.9660109260e+00 -8.0000000000e+00 1.1209261067e-01
     vertex 1.0123229776e+01 -8.0000000000e+00 1.2272331997e-01
   endloop
 endfacet
 facet normal  -6.7390971847e-02 -4.6268089841e-02 9.9665326005e-01
   outer loop
     vertex 8.8691785163e+00 -6.0000000000e+00 1.3077471245e-01
     vertex 1.0123229776e+01 -8.0000000000e+00 1.2272331997e-01
     vertex 9.0526005077e+00 -6.0000000000e+00 1.4317720663e-01
   endloop
 endfacet
 facet normal  -6.0618057080e-03 -1.3470800774e-02 9.9989089007e-01
   outer loop
     vertex 9.0526005077e+00 -6.0000000000e+00 1.4317720663e-01
     vertex 1.0123229776e+01 -8.0000000000e+00 1.2272331997e-01
     vertex 1.0307402955e+01 -8.0000000000e+00 1.2383986382e-01
   endloop
 endfacet
 facet normal  -6.0618057080e-03 -1.3470800774e-02 9.9989089007e-01
   outer loop
     vertex 9.0526005077e+00 -6.0000000000e+00 1.4317720663e-01
     vertex 1.0307402955e+01 -8.0000000000e+00 1.2383986382e-01
     vertex 9.2674692164e+00 -6.0000000000e+00 1.4447984113e-01
   endloop
 endfacet
 facet normal  4.4163729881e-02 1.2654584002e-02 9.9894415583e-01
   outer loop
     vertex 9.2674692164e+00 -6.0000000000e+00 1.4447984113e-01
     vertex 1.0307402955e+01 -8.0000000000e+00 1.2383986382e-01
     vertex 1.0506940946e+01 -8.0000000000e+00 1.1501820759e-01
   endloop
 endfacet
 facet normal  4.4163729881e-02 1.2654584002e-02 9.9894415583e-01
   outer loop
     vertex 9.2674692164e+00 -6.0000000000e+00 1.4447984113e-01
     vertex 1.0506940946e+01 -8.0000000000e+00 1.1501820759e-01
     vertex 9.5002635394e+00 -6.0000000000e+00 1.3418790885e-01
   endloop
 endfacet
 facet normal  7.8112134685e-02 2.9765555687e-02 9.9650012850e-01
   outer loop
     vertex 9.5002635394e+00 -6.0000000000e+00 1.3418790885e-01
     vertex 1.0506940946e+01 -8.0000000000e+00 1.1501820759e-01
     vertex 9.7325780933e+00 -6.0000000000e+00 1.1597758935e-01
   endloop
 endfacet
 facet normal  7.8112134685e-02 2.9765555687e-02 9.9650012850e-01
   outer loop
     vertex 1.0506940946e+01 -8.0000000000e+00 1.1501820759e-01
     vertex 1.0706067706e+01 -8.0000000000e+00 9.9409362299e-02
     vertex 9.7325780933e+00 -6.0000000000e+00 1.1597758935e-01
   endloop
 endfacet
 facet normal  1.0514326814e-01 4.2947430433e-02 9.9352927052e-01
   outer loop
     vertex 9.7325780933e+00 -6.0000000000e+00 1.1597758935e-01
     vertex 1.0706067706e+01 -8.0000000000e+00 9.9409362299e-02
     vertex 9.9462812060e+00 -6.0000000000e+00 9.3361805042e-02
   endloop
 endfacet
 facet normal  1.0514326814e-01 4.2947430433e-02 9.9352927052e-01
   outer loop
     vertex 1.0706067706e+01 -8.0000000000e+00 9.9409362299e-02
     vertex 1.0889241803e+01 -8.0000000000e+00 8.0024404322e-02
     vertex 9.9462812060e+00 -6.0000000000e+00 9.3361805042e-02
   endloop
 endfacet
 facet normal  1.2663191366e-01 5.3098920890e-02 9.9052756804e-01
   outer loop
     vertex 9.9462812060e+00 -6.0000000000e+00 9.3361805042e-02
     vertex 1.0889241803e+01 -8.0000000000e+00 8.0024404322e-02
     vertex 1.0128665107e+01 -6.0000000000e+00 7.0045318823e-02
   endloop
 endfacet
 facet normal  1.2663191366e-01 5.3098920890e-02 9.9052756804e-01
   outer loop
     vertex 1.0889241803e+01 -8.0000000000e+00 8.0024404322e-02
     vertex 1.1045570861e+01 -8.0000000000e+00 6.0038844706e-02
     vertex 1.0128665107e+01 -6.0000000000e+00 7.0045318823e-02
   endloop
 endfacet
 facet normal  1.4355114735e-01 6.0869393038e-02 9.8776919626e-01
   outer loop
     vertex 1.0128665107e+01 -6.0000000000e+00 7.0045318823e-02
     vertex 1.1045570861e+01 -8.0000000000e+00 6.0038844706e-02
     vertex 1.0274630421e+01 -6.0000000000e+00 4.8832379263e-02
   endloop
 endfacet
 facet normal  1.4355114735e-01 6.0869393038e-02 9.8776919626e-01
   outer loop
     vertex 1.1045570861e+01 -8.0000000000e+00 6.0038844706e-02
     vertex 1.1170683987e+01 -8.0000000000e+00 4.1856325083e-02
     vertex 1.0274630421e+01 -6.0000000000e+00 4.8832379263e-02
   endloop
 endfacet
 facet normal  1.5663145224e-01 6.6737984719e-02 9.8539973085e-01
   outer loop
     vertex 1.0274630421e+01 -6.0000000000e+00 4.8832379263e-02
     vertex 1.1170683987e+01 -8.0000000000e+00 4.1856325083e-02
     vertex 1.0385561784e+01 -6.0000000000e+00 3.1199595395e-02
   endloop
 endfacet
 facet normal  1.5663145224e-01 6.6737984719e-02 9.8539973085e-01
   outer loop
     vertex 1.1170683987e+01 -8.0000000000e+00 4.1856325083e-02
     vertex 1.1265768012e+01 -8.0000000000e+00 2.6742510339e-02
     vertex 1.0385561784e+01 -6.0000000000e+00 3.1199595395e-02
   endloop
 endfacet
 facet normal  1.6652924398e-01 7.1098334405e-02 9.8346989672e-01
   outer loop
     vertex 1.0385561784e+01 -6.0000000000e+00 3.1199595395e-02
     vertex 1.1265768012e+01 -8.0000000000e+00 2.6742510339e-02
     vertex 1.0466602384e+01 -6.0000000000e+00 1.7477131773e-02
   endloop
 endfacet
 facet normal  1.6652924398e-01 7.1098334405e-02 9.8346989672e-01
   outer loop
     vertex 1.1265768012e+01 -8.0000000000e+00 2.6742510339e-02
     vertex 1.1335231384e+01 -8.0000000000e+00 1.4980398663e-02
     vertex 1.0466602384e+01 -6.0000000000e+00 1.7477131773e-02
   endloop
 endfacet
 facet normal  1.7381044349e-01 7.4262531046e-02 9.8197505376e-01
   outer loop
     vertex 1.0466602384e+01 -6.0000000000e+00 1.7477131773e-02
     vertex 1.1335231384e+01 -8.0000000000e+00 1.4980398663e-02
     vertex 1.0524116355e+01 -6.0000000000e+00 7.2971086368e-03
   endloop
 endfacet
 facet normal  1.7381044349e-01 7.4262531046e-02 9.8197505376e-01
   outer loop
     vertex 1.1335231384e+01 -8.0000000000e+00 1.4980398663e-02
     vertex 1.1384529073e+01 -8.0000000000e+00 6.2546645458e-03
     vertex 1.0524116355e+01 -6.0000000000e+00 7.2971086368e-03
   endloop
 endfacet
 facet normal  1.7900381866e-01 7.6497330090e-02 9.8086991563e-01
   outer loop
     vertex 1.0524116355e+01 -6.0000000000e+00 7.2971086368e-03
     vertex 1.1384529073e+01 -8.0000000000e+00 6.2546645458e-03
     vertex 1.0564101615e+01 -6.0000000000e+00 0.0000000000e+00
   endloop
 endfacet
 facet normal  1.7900381866e-01 7.6497330090e-02 9.8086991563e-01
   outer loop
     vertex 1.1384529073e+01 -8.0000000000e+00 6.2546645458e-03
     vertex 1.1418802154e+01 -8.0000000000e+00 0.0000000000e+00
     vertex 1.0564101615e+01 -6.0000000000e+00 0.0000000000e+00
   endloop
 endfacet
 facet normal  4.9491294583e-02 2.1150118062e-02 -9.9855059174e-01
   outer loop
     vertex 1.1418802154e+01 -8.0000000000e+00 0.0000000000e+00
     vertex 1.2273502692e+01 -1.0000000000e+01 0.0000000000e+00
     vertex 1.2244851085e+01 -1.0000000000e+01 -1.4200633816e-03
   endloop
 endfacet
 facet normal  4.9491294583e-02 2.1150118062e-02 -9.9855059174e-01
   outer loop
     vertex 1.1418802154e+01 -8.0000000000e+00 0.0000000000e+00
     vertex 1.2244851085e+01 -1.0000000000e+01 -1.4200633816e-03
     vertex 1.1384420225e+01 -8.0000000000e+00 -1.7040760580e-03
   endloop
 endfacet
 facet normal  4.9407956188e-02 2.1114263905e-02 -9.9855547754e-01
   outer loop
     vertex 1.1384420225e+01 -8.0000000000e+00 -1.7040760580e-03
     vertex 1.2244851085e+01 -1.0000000000e+01 -1.4200633816e-03
     vertex 1.2203678390e+01 -1.0000000000e+01 -3.4572648654e-03
   endloop
 endfacet
 facet normal  4.9407956188e-02 2.1114263905e-02 -9.9855547754e-01
   outer loop
     vertex 1.1384420225e+01 -8.0000000000e+00 -1.7040760580e-03
     vertex 1.2203678390e+01 -1.0000000000e+01 -3.4572648654e-03
     vertex 1.1335012991e+01 -8.0000000000e+00 -4.1487178384e-03
   endloop
 endfacet
 facet normal  4.9390080264e-02 2.1106499444e-02 -9.9855652602e-01
   outer loop
     vertex 1.1335012991e+01 -8.0000000000e+00 -4.1487178384e-03
     vertex 1.2203678390e+01 -1.0000000000e+01 -3.4572648654e-03
     vertex 1.2145738348e+01 -1.0000000000e+01 -6.3230648738e-03
   endloop
 endfacet
 facet normal  4.9390080264e-02 2.1106499444e-02 -9.9855652602e-01
   outer loop
     vertex 1.1335012991e+01 -8.0000000000e+00 -4.1487178384e-03
     vertex 1.2145738348e+01 -1.0000000000e+01 -6.3230648738e-03
     vertex 1.1265484941e+01 -8.0000000000e+00 -7.5876778485e-03
   endloop
 endfacet
 facet normal  4.9558632060e-02 2.1180689864e-02 -9.9854660400e-01
   outer loop
     vertex 1.1265484941e+01 -8.0000000000e+00 -7.5876778485e-03
     vertex 1.2145738348e+01 -1.0000000000e+01 -6.3230648738e-03
     vertex 1.2066559871e+01 -1.0000000000e+01 -1.0252753282e-02
   endloop
 endfacet
 facet normal  4.9558632060e-02 2.1180689864e-02 -9.9854660400e-01
   outer loop
     vertex 1.1265484941e+01 -8.0000000000e+00 -7.5876778485e-03
     vertex 1.2066559871e+01 -1.0000000000e+01 -1.0252753282e-02
     vertex 1.1170470769e+01 -8.0000000000e+00 -1.2303303938e-02
   endloop
 endfacet
 facet normal  4.9955357370e-02 2.1358464629e-02 -9.9852304844e-01
   outer loop
     vertex 1.1170470769e+01 -8.0000000000e+00 -1.2303303938e-02
     vertex 1.2066559871e+01 -1.0000000000e+01 -1.0252753282e-02
     vertex 1.1962587888e+01 -1.0000000000e+01 -1.5454393422e-02
   endloop
 endfacet
 facet normal  4.9955357370e-02 2.1358464629e-02 -9.9852304844e-01
   outer loop
     vertex 1.1170470769e+01 -8.0000000000e+00 -1.2303303938e-02
     vertex 1.1962587888e+01 -1.0000000000e+01 -1.5454393422e-02
     vertex 1.1045704389e+01 -8.0000000000e+00 -1.8545272107e-02
   endloop
 endfacet
 facet normal  5.0266836900e-02 2.1501288745e-02 -9.9850435136e-01
   outer loop
     vertex 1.1045704389e+01 -8.0000000000e+00 -1.8545272107e-02
     vertex 1.1962587888e+01 -1.0000000000e+01 -1.5454393422e-02
     vertex 1.1832980449e+01 -1.0000000000e+01 -2.1979108129e-02
   endloop
 endfacet
 facet normal  5.0266836900e-02 2.1501288745e-02 -9.9850435136e-01
   outer loop
     vertex 1.1045704389e+01 -8.0000000000e+00 -1.8545272107e-02
     vertex 1.1832980449e+01 -1.0000000000e+01 -2.1979108129e-02
     vertex 1.0890175462e+01 -8.0000000000e+00 -2.6374929755e-02
   endloop
 endfacet
 facet normal  4.9606649997e-02 2.1189987799e-02 -9.9854402241e-01
   outer loop
     vertex 1.0890175462e+01 -8.0000000000e+00 -2.6374929755e-02
     vertex 1.1832980449e+01 -1.0000000000e+01 -2.1979108129e-02
     vertex 1.1681494848e+01 -1.0000000000e+01 -2.9504758492e-02
   endloop
 endfacet
 facet normal  4.9606649997e-02 2.1189987799e-02 -9.9854402241e-01
   outer loop
     vertex 1.0890175462e+01 -8.0000000000e+00 -2.6374929755e-02
     vertex 1.1681494848e+01 -1.0000000000e+01 -2.9504758492e-02
     vertex 1.0708392741e+01 -8.0000000000e+00 -3.5405710190e-02
   endloop
 endfacet
 facet normal  4.6034839081e-02 1.9451510418e-02 -9.9875043546e-01
   outer loop
     vertex 1.0708392741e+01 -8.0000000000e+00 -3.5405710190e-02
     vertex 1.1681494848e+01 -1.0000000000e+01 -2.9504758492e-02
     vertex 1.1517198612e+01 -1.0000000000e+01 -3.7077572005e-02
   endloop
 endfacet
 facet normal  4.6034839081e-02 1.9451510418e-02 -9.9875043546e-01
   outer loop
     vertex 1.0708392741e+01 -8.0000000000e+00 -3.5405710190e-02
     vertex 1.1517198612e+01 -1.0000000000e+01 -3.7077572005e-02
     vertex 1.0511237257e+01 -8.0000000000e+00 -4.4493086406e-02
   endloop
 endfacet
 facet normal  3.6988293619e-02 1.4899588857e-02 -9.9920461788e-01
   outer loop
     vertex 1.0511237257e+01 -8.0000000000e+00 -4.4493086406e-02
     vertex 1.1517198612e+01 -1.0000000000e+01 -3.7077572005e-02
     vertex 1.0314008414e+01 -8.0000000000e+00 -5.1794051834e-02
   endloop
 endfacet
 facet normal  3.6988293619e-02 1.4899588857e-02 -9.9920461788e-01
   outer loop
     vertex 1.1517198612e+01 -1.0000000000e+01 -3.7077572005e-02
     vertex 1.1352841242e+01 -1.0000000000e+01 -4.3161709862e-02
     vertex 1.0314008414e+01 -8.0000000000e+00 -5.1794051834e-02
   endloop
 endfacet
 facet normal  2.8269888800e-02 1.0369630497e-02 -9.9954653926e-01
   outer loop
     vertex 1.0314008414e+01 -8.0000000000e+00 -5.1794051834e-02
     vertex 1.1352841242e+01 -1.0000000000e+01 -4.3161709862e-02
     vertex 1.0132074829e+01 -8.0000000000e+00 -5.6939627361e-02
   endloop
 endfacet
 facet normal  2.8269888800e-02 1.0369630497e-02 -9.9954653926e-01
   outer loop
     vertex 1.1352841242e+01 -1.0000000000e+01 -4.3161709862e-02
     vertex 1.1201229921e+01 -1.0000000000e+01 -4.7449689467e-02
     vertex 1.0132074829e+01 -8.0000000000e+00 -5.6939627361e-02
   endloop
 endfacet
 facet normal  1.2873437228e-02 2.1372855740e-03 -9.9991484969e-01
   outer loop
     vertex 1.0132074829e+01 -8.0000000000e+00 -5.6939627361e-02
     vertex 1.1201229921e+01 -1.0000000000e+01 -4.7449689467e-02
     vertex 9.9763648499e+00 -8.0000000000e+00 -5.8944320702e-02
   endloop
 endfacet
 facet normal  1.2873437228e-02 2.1372855740e-03 -9.9991484969e-01
   outer loop
     vertex 1.1201229921e+01 -1.0000000000e+01 -4.7449689467e-02
     vertex 1.1071471606e+01 -1.0000000000e+01 -4.9120267252e-02
     vertex 9.9763648499e+00 -8.0000000000e+00 -5.8944320702e-02
   endloop
 endfacet
 facet normal  -1.7529606656e-02 -1.4509150167e-02 -9.9974106520e-01
   outer loop
     vertex 9.9763648499e+00 -8.0000000000e+00 -5.8944320702e-02
     vertex 1.1071471606e+01 -1.0000000000e+01 -4.9120267252e-02
     vertex 9.8514693966e+00 -8.0000000000e+00 -5.6754385483e-02
   endloop
 endfacet
 facet normal  -1.7529606656e-02 -1.4509150167e-02 -9.9974106520e-01
   outer loop
     vertex 1.1071471606e+01 -1.0000000000e+01 -4.9120267252e-02
     vertex 1.0967392061e+01 -1.0000000000e+01 -4.7295321236e-02
     vertex 9.8514693966e+00 -8.0000000000e+00 -5.6754385483e-02
   endloop
 endfacet
 facet normal  -6.7413880947e-02 -4.2328863120e-02 -9.9682678335e-01
   outer loop
     vertex 9.8514693966e+00 -8.0000000000e+00 -5.6754385483e-02
     vertex 1.0967392061e+01 -1.0000000000e+01 -4.7295321236e-02
     vertex 9.7565702770e+00 -8.0000000000e+00 -5.0336502199e-02
   endloop
 endfacet
 facet normal  -6.7413880947e-02 -4.2328863120e-02 -9.9682678335e-01
   outer loop
     vertex 1.0967392061e+01 -1.0000000000e+01 -4.7295321236e-02
     vertex 1.0888309461e+01 -1.0000000000e+01 -4.1947085166e-02
     vertex 9.7565702770e+00 -8.0000000000e+00 -5.0336502199e-02
   endloop
 endfacet
 facet normal  -1.4943835937e-01 -8.8693509812e-02 -9.8478507202e-01
   outer loop
     vertex 9.7565702770e+00 -8.0000000000e+00 -5.0336502199e-02
     vertex 1.0888309461e+01 -1.0000000000e+01 -4.1947085166e-02
     vertex 9.6877787998e+00 -8.0000000000e+00 -3.9897589398e-02
   endloop
 endfacet
 facet normal  -1.4943835937e-01 -8.8693509812e-02 -9.8478507202e-01
   outer loop
     vertex 1.0888309461e+01 -1.0000000000e+01 -4.1947085166e-02
     vertex 1.0830983230e+01 -1.0000000000e+01 -3.3247991165e-02
     vertex 9.6877787998e+00 -8.0000000000e+00 -3.9897589398e-02
   endloop
 endfacet
 facet normal  -3.0565923265e-01 -1.7782547140e-01 -9.3538790628e-01
   outer loop
     vertex 9.6877787998e+00 -8.0000000000e+00 -3.9897589398e-02
     vertex 1.0830983230e+01 -1.0000000000e+01 -3.3247991165e-02
     vertex 9.6408807675e+00 -8.0000000000e+00 -2.4572592722e-02
   endloop
 endfacet
 facet normal  -3.0565923265e-01 -1.7782547140e-01 -9.3538790628e-01
   outer loop
     vertex 1.0830983230e+01 -1.0000000000e+01 -3.3247991165e-02
     vertex 1.0791901537e+01 -1.0000000000e+01 -2.0477160601e-02
     vertex 9.6408807675e+00 -8.0000000000e+00 -2.4572592722e-02
   endloop
 endfacet
 facet normal  -6.8348280857e-01 -3.9460898352e-01 -6.1411318217e-01
   outer loop
     vertex 9.6408807675e+00 -8.0000000000e+00 -2.4572592722e-02
     vertex 1.0791901537e+01 -1.0000000000e+01 -2.0477160601e-02
     vertex 9.6188021535e+00 -8.0000000000e+00 0.0000000000e+00
   endloop
 endfacet
 facet normal  -6.8348280857e-01 -3.9460898352e-01 -6.1411318217e-01
   outer loop
     vertex 1.0791901537e+01 -1.0000000000e+01 -2.0477160601e-02
     vertex 1.0773502692e+01 -1.0000000000e+01 0.0000000000e+00
     vertex 9.6188021535e+00 -8.0000000000e+00 0.0000000000e+00
   endloop
 endfacet
 facet normal  -7.6833253923e-01 -4.4359699835e-01 4.6139658885e-01
   outer loop
     vertex 9.6188021535e+00 -8.0000000000e+00 0.0000000000e+00
     vertex 1.0773502692e+01 -1.0000000000e+01 0.0000000000e+00
     vertex 1.0787831433e+01 -1.0000000000e+01 2.3860684018e-02
   endloop
 endfacet
 facet normal  -7.6833253923e-01 -4.4359699835e-01 4.6139658885e-01
   outer loop
     vertex 9.6188021535e+00 -8.0000000000e+00 0.0000000000e+00
     vertex 1.0787831433e+01 -1.0000000000e+01 2.3860684018e-02
     vertex 9.6359966431e+00 -8.0000000000e+00 2.8632820822e-02
   endloop
 endfacet
 facet normal  -4.6008269076e-01 -2.6699010518e-01 8.4678226328e-01
   outer loop
     vertex 9.6359966431e+00 -8.0000000000e+00 2.8632820822e-02
     vertex 1.0787831433e+01 -1.0000000000e+01 2.3860684018e-02
     vertex 1.0824386188e+01 -1.0000000000e+01 4.3722000021e-02
   endloop
 endfacet
 facet normal  -4.6008269076e-01 -2.6699010518e-01 8.4678226328e-01
   outer loop
     vertex 9.6359966431e+00 -8.0000000000e+00 2.8632820822e-02
     vertex 1.0824386188e+01 -1.0000000000e+01 4.3722000021e-02
     vertex 9.6798623493e+00 -8.0000000000e+00 5.2466400025e-02
   endloop
 endfacet
 facet normal  -3.0805732288e-01 -1.8037360133e-01 9.3411243957e-01
   outer loop
     vertex 9.6798623493e+00 -8.0000000000e+00 5.2466400025e-02
     vertex 1.0824386188e+01 -1.0000000000e+01 4.3722000021e-02
     vertex 1.0880106353e+01 -1.0000000000e+01 6.2097737404e-02
   endloop
 endfacet
 facet normal  -3.0805732288e-01 -1.8037360133e-01 9.3411243957e-01
   outer loop
     vertex 9.6798623493e+00 -8.0000000000e+00 5.2466400025e-02
     vertex 1.0880106353e+01 -1.0000000000e+01 6.2097737404e-02
     vertex 9.7467265474e+00 -8.0000000000e+00 7.4517284884e-02
   endloop
 endfacet
 facet normal  -2.1119654447e-01 -1.2570225108e-01 9.6932706744e-01
   outer loop
     vertex 9.7467265474e+00 -8.0000000000e+00 7.4517284884e-02
     vertex 1.0880106353e+01 -1.0000000000e+01 6.2097737404e-02
     vertex 1.0958474875e+01 -1.0000000000e+01 7.9172635495e-02
   endloop
 endfacet
 facet normal  -2.1119654447e-01 -1.2570225108e-01 9.6932706744e-01
   outer loop
     vertex 9.7467265474e+00 -8.0000000000e+00 7.4517284884e-02
     vertex 1.0958474875e+01 -1.0000000000e+01 7.9172635495e-02
     vertex 9.8407687729e+00 -8.0000000000e+00 9.5007162594e-02
   endloop
 endfacet
 facet normal  -1.3469990216e-01 -8.3094926877e-02 9.8739615630e-01
   outer loop
     vertex 9.8407687729e+00 -8.0000000000e+00 9.5007162594e-02
     vertex 1.0958474875e+01 -1.0000000000e+01 7.9172635495e-02
     vertex 1.1062843336e+01 -1.0000000000e+01 9.3410508894e-02
   endloop
 endfacet
 facet normal  -1.3469990216e-01 -8.3094926877e-02 9.8739615630e-01
   outer loop
     vertex 9.8407687729e+00 -8.0000000000e+00 9.5007162594e-02
     vertex 1.1062843336e+01 -1.0000000000e+01 9.3410508894e-02
     vertex 9.9660109260e+00 -8.0000000000e+00 1.1209261067e-01
   endloop
 endfacet
 facet normal  -6.7390971847e-02 -4.6268089841e-02 9.9665326005e-01
   outer loop
     vertex 9.9660109260e+00 -8.0000000000e+00 1.1209261067e-01
     vertex 1.1062843336e+01 -1.0000000000e+01 9.3410508894e-02
     vertex 1.1193859044e+01 -1.0000000000e+01 1.0226943331e-01
   endloop
 endfacet
 facet normal  -6.7390971847e-02 -4.6268089841e-02 9.9665326005e-01
   outer loop
     vertex 9.9660109260e+00 -8.0000000000e+00 1.1209261067e-01
     vertex 1.1193859044e+01 -1.0000000000e+01 1.0226943331e-01
     vertex 1.0123229776e+01 -8.0000000000e+00 1.2272331997e-01
   endloop
 endfacet
 facet normal  -6.0618057080e-03 -1.3470800774e-02 9.9989089007e-01
   outer loop
     vertex 1.0123229776e+01 -8.0000000000e+00 1.2272331997e-01
     vertex 1.1193859044e+01 -1.0000000000e+01 1.0226943331e-01
     vertex 1.1347336693e+01 -1.0000000000e+01 1.0319988652e-01
   endloop
 endfacet
 facet normal  -6.0618057080e-03 -1.3470800774e-02 9.9989089007e-01
   outer loop
     vertex 1.0123229776e+01 -8.0000000000e+00 1.2272331997e-01
     vertex 1.1347336693e+01 -1.0000000000e+01 1.0319988652e-01
     vertex 1.0307402955e+01 -8.0000000000e+00 1.2383986382e-01
   endloop
 endfacet
 facet normal  4.4163729881e-02 1.2654584002e-02 9.9894415583e-01
   outer loop
     vertex 1.0307402955e+01 -8.0000000000e+00 1.2383986382e-01
     vertex 1.1347336693e+01 -1.0000000000e+01 1.0319988652e-01
     vertex 1.1513618352e+01 -1.0000000000e+01 9.5848506323e-02
   endloop
 endfacet
 facet normal  4.4163729881e-02 1.2654584002e-02 9.9894415583e-01
   outer loop
     vertex 1.0307402955e+01 -8.0000000000e+00 1.2383986382e-01
     vertex 1.1513618352e+01 -1.0000000000e+01 9.5848506323e-02
     vertex 1.0506940946e+01 -8.0000000000e+00 1.1501820759e-01
   endloop
 endfacet
 facet normal  7.8112134685e-02 2.9765555687e-02 9.9650012850e-01
   outer loop
     vertex 1.0506940946e+01 -8.0000000000e+00 1.1501820759e-01
     vertex 1.1513618352e+01 -1.0000000000e+01 9.5848506323e-02
     vertex 1.0706067706e+01 -8.0000000000e+00 9.9409362299e-02
   endloop
 endfacet
 facet normal  7.8112134685e-02 2.9765555687e-02 9.9650012850e-01
   outer loop
     vertex 1.1513618352e+01 -1.0000000000e+01 9.5848506323e-02
     vertex 1.1679557319e+01 -1.0000000000e+01 8.2841135249e-02
     vertex 1.0706067706e+01 -8.0000000000e+00 9.9409362299e-02
   endloop
 endfacet
 facet normal  1.0514326814e-01 4.2947430433e-02 9.9352927052e-01
   outer loop
     vertex 1.0706067706e+01 -8.0000000000e+00 9.9409362299e-02
     vertex 1.1679557319e+01 -1.0000000000e+01 8.2841135249e-02
     vertex 1.0889241803e+01 -8.0000000000e+00 8.0024404322e-02
   endloop
 endfacet
 facet normal  1.0514326814e-01 4.2947430433e-02 9.9352927052e-01
   outer loop
     vertex 1.1679557319e+01 -1.0000000000e+01 8.2841135249e-02
     vertex 1.1832202400e+01 -1.0000000000e+01 6.6687003601e-02
     vertex 1.0889241803e+01 -8.0000000000e+00 8.0024404322e-02
   endloop
 endfacet
 facet normal  1.2663191366e-01 5.3098920890e-02 9.9052756804e-01
   outer loop
     vertex 1.0889241803e+01 -8.0000000000e+00 8.0024404322e-02
     vertex 1.1832202400e+01 -1.0000000000e+01 6.6687003601e-02
     vertex 1.1045570861e+01 -8.0000000000e+00 6.0038844706e-02
   endloop
 endfacet
 facet normal  1.2663191366e-01 5.3098920890e-02 9.9052756804e-01
   outer loop
     vertex 1.1832202400e+01 -1.0000000000e+01 6.6687003601e-02
     vertex 1.1962476615e+01 -1.0000000000e+01 5.0032370588e-02
     vertex 1.1045570861e+01 -8.0000000000e+00 6.0038844706e-02
   endloop
 endfacet
 facet normal  1.4355114735e-01 6.0869393038e-02 9.8776919626e-01
   outer loop
     vertex 1.1045570861e+01 -8.0000000000e+00 6.0038844706e-02
     vertex 1.1962476615e+01 -1.0000000000e+01 5.0032370588e-02
     vertex 1.1170683987e+01 -8.0000000000e+00 4.1856325083e-02
   endloop
 endfacet
 facet normal  1.4355114735e-01 6.0869393038e-02 9.8776919626e-01
   outer loop
     vertex 1.1962476615e+01 -1.0000000000e+01 5.0032370588e-02
     vertex 1.2066737553e+01 -1.0000000000e+01 3.4880270902e-02
     vertex 1.1170683987e+01 -8.0000000000e+00 4.1856325083e-02
   endloop
 endfacet
 facet normal  1.5663145224e-01 6.6737984719e-02 9.8539973085e-01
   outer loop
     vertex 1.1170683987e+01 -8.0000000000e+00 4.1856325083e-02
     vertex 1.2066737553e+01 -1.0000000000e+01 3.4880270902e-02
     vertex 1.1265768012e+01 -8.0000000000e+00 2.6742510339e-02
   endloop
 endfacet
 facet normal  1.5663145224e-01 6.6737984719e-02 9.8539973085e-01
   outer loop
     vertex 1.2066737553e+01 -1.0000000000e+01 3.4880270902e-02
     vertex 1.2145974241e+01 -1.0000000000e+01 2.2285425282e-02
     vertex 1.1265768012e+01 -8.0000000000e+00 2.6742510339e-02
   endloop
 endfacet
 facet normal  1.6652924398e-01 7.1098334405e-02 9.8346989672e-01
   outer loop
     vertex 1.1265768012e+01 -8.0000000000e+00 2.6742510339e-02
     vertex 1.2145974241e+01 -1.0000000000e+01 2.2285425282e-02
     vertex 1.1335231384e+01 -8.0000000000e+00 1.4980398663e-02
   endloop
 endfacet
 facet normal  1.6652924398e-01 7.1098334405e-02 9.8346989672e-01
   outer loop
     vertex 1.2145974241e+01 -1.0000000000e+01 2.2285425282e-02
     vertex 1.2203860384e+01 -1.0000000000e+01 1.2483665552e-02
     vertex 1.1335231384e+01 -8.0000000000e+00 1.4980398663e-02
   endloop
 endfacet
 facet normal  1.7381044349e-01 7.4262531046e-02 9.8197505376e-01
   outer loop
     vertex 1.1335231384e+01 -8.0000000000e+00 1.4980398663e-02
     vertex 1.2203860384e+01 -1.0000000000e+01 1.2483665552e-02
     vertex 1.1384529073e+01 -8.0000000000e+00 6.2546645458e-03
   endloop
 endfacet
 facet normal  1.7381044349e-01 7.4262531046e-02 9.8197505376e-01
   outer loop
     vertex 1.2203860384e+01 -1.0000000000e+01 1.2483665552e-02
     vertex 1.2244941791e+01 -1.0000000000e+01 5.2122204548e-03
     vertex 1.1384529073e+01 -8.0000000000e+00 6.2546645458e-03
   endloop
 endfacet
 facet normal  1.7900381866e-01 7.6497330090e-02 9.8086991563e-01
   outer loop
     vertex 1.1384529073e+01 -8.0000000000e+00 6.2546645458e-03
     vertex 1.2244941791e+01 -1.0000000000e+01 5.2122204548e-03
     vertex 1.1418802154e+01 -8.0000000000e+00 0.0000000000e+00
   endloop
 endfacet
 facet normal  1.7900381866e-01 7.6497330090e-02 9.8086991563e-01
   outer loop
     vertex 1.2244941791e+01 -1.0000000000e+01 5.2122204548e-03
     vertex 1.2273502692e+01 -1.0000000000e+01 0.0000000000e+00
     vertex 1.1418802154e+01 -8.0000000000e+00 0.0000000000e+00
   endloop
 endfacet
 facet normal  0.0000000000e+00 -1.0000000000e+00 -0.0000000000e+00
   outer loop
     vertex 1.2273502692e+01 -1.0000000000e+01 0.0000000000e+00
     vertex 1.2244873761e+01 -1.0000000000e+01 2.3800757748e-04
     vertex 1.2244851085e+01 -1.0000000000e+01 -1.4200633816e-03
   endloop
 endfacet
 facet normal  -0.0000000000e+00 -1.0000000000e+00 0.0000000000e+00
   outer loop
     vertex 1.2244851085e+01 -1.0000000000e+01 -1.4200633816e-03
     vertex 1.2244873761e+01 -1.0000000000e+01 2.3800757748e-04
     vertex 1.2203723888e+01 -1.0000000000e+01 5.2796773908e-04
   endloop
 endfacet
 facet normal  0.0000000000e+00 -1.0000000000e+00 -0.0000000000e+00
   outer loop
     vertex 1.2244851085e+01 -1.0000000000e+01 -1.4200633816e-03
     vertex 1.2203723888e+01 -1.0000000000e+01 5.2796773908e-04
     vertex 1.2203678390e+01 -1.0000000000e+01 -3.4572648654e-03
   endloop
 endfacet
 facet normal  -0.0000000000e+00 -1.0000000000e+00 0.0000000000e+00
   outer loop
     vertex 1.2203678390e+01 -1.0000000000e+01 -3.4572648654e-03
     vertex 1.2203723888e+01 -1.0000000000e+01 5.2796773908e-04
     vertex 1.2145797322e+01 -1.0000000000e+01 8.2905766527e-04
   endloop
 endfacet
 facet normal  0.0000000000e+00 -1.0000000000e+00 -0.0000000000e+00
   outer loop
     vertex 1.2203678390e+01 -1.0000000000e+01 -3.4572648654e-03
     vertex 1.2145797322e+01 -1.0000000000e+01 8.2905766527e-04
     vertex 1.2145738348e+01 -1.0000000000e+01 -6.3230648738e-03
   endloop
 endfacet
 facet normal  -0.0000000000e+00 -1.0000000000e+00 0.0000000000e+00
   outer loop
     vertex 1.2145738348e+01 -1.0000000000e+01 -6.3230648738e-03
     vertex 1.2145797322e+01 -1.0000000000e+01 8.2905766527e-04
     vertex 1.2066604292e+01 -1.0000000000e+01 1.0305027640e-03
   endloop
 endfacet
 facet normal  0.0000000000e+00 -1.0000000000e+00 -0.0000000000e+00
   outer loop
     vertex 1.2145738348e+01 -1.0000000000e+01 -6.3230648738e-03
     vertex 1.2066604292e+01 -1.0000000000e+01 1.0305027640e-03
     vertex 1.2066559871e+01 -1.0000000000e+01 -1.0252753282e-02
   endloop
 endfacet
 facet normal  0.0000000000e+00 -1.0000000000e+00 0.0000000000e+00
   outer loop
     vertex 1.2066559871e+01 -1.0000000000e+01 -1.0252753282e-02
     vertex 1.2066604292e+01 -1.0000000000e+01 1.0305027640e-03
     vertex 1.1962560070e+01 -1.0000000000e+01 9.1729758016e-04
   endloop
 endfacet
 facet normal  0.0000000000e+00 -1.0000000000e+00 0.0000000000e+00
   outer loop
     vertex 1.2066559871e+01 -1.0000000000e+01 -1.0252753282e-02
     vertex 1.1962560070e+01 -1.0000000000e+01 9.1729758016e-04
     vertex 1.1962587888e+01 -1.0000000000e+01 -1.5454393422e-02
   endloop
 endfacet
 facet normal  0.0000000000e+00 -1.0000000000e+00 -0.0000000000e+00
   outer loop
     vertex 1.1962587888e+01 -1.0000000000e+01 -1.5454393422e-02
     vertex 1.1962560070e+01 -1.0000000000e+01 9.1729758016e-04
     vertex 1.1832785936e+01 -1.0000000000e+01 1.8741980342e-04
   endloop
 endfacet
 facet normal  0.0000000000e+00 -1.0000000000e+00 0.0000000000e+00
   outer loop
     vertex 1.1962587888e+01 -1.0000000000e+01 -1.5454393422e-02
     vertex 1.1832785936e+01 -1.0000000000e+01 1.8741980342e-04
     vertex 1.1832980449e+01 -1.0000000000e+01 -2.1979108129e-02
   endloop
 endfacet
 facet normal  0.0000000000e+00 -1.0000000000e+00 -0.0000000000e+00
   outer loop
     vertex 1.1832980449e+01 -1.0000000000e+01 -2.1979108129e-02
     vertex 1.1832785936e+01 -1.0000000000e+01 1.8741980342e-04
     vertex 1.1681010466e+01 -1.0000000000e+01 -1.4182850565e-03
   endloop
 endfacet
 facet normal  0.0000000000e+00 -1.0000000000e+00 0.0000000000e+00
   outer loop
     vertex 1.1832980449e+01 -1.0000000000e+01 -2.1979108129e-02
     vertex 1.1681010466e+01 -1.0000000000e+01 -1.4182850565e-03
     vertex 1.1681494848e+01 -1.0000000000e+01 -2.9504758492e-02
   endloop
 endfacet
 facet normal  0.0000000000e+00 -1.0000000000e+00 -0.0000000000e+00
   outer loop
     vertex 1.1681494848e+01 -1.0000000000e+01 -2.9504758492e-02
     vertex 1.1681010466e+01 -1.0000000000e+01 -1.4182850565e-03
     vertex 1.1516303547e+01 -1.0000000000e+01 -3.8460524232e-03
   endloop
 endfacet
 facet normal  0.0000000000e+00 -1.0000000000e+00 0.0000000000e+00
   outer loop
     vertex 1.1681494848e+01 -1.0000000000e+01 -2.9504758492e-02
     vertex 1.1516303547e+01 -1.0000000000e+01 -3.8460524232e-03
     vertex 1.1517198612e+01 -1.0000000000e+01 -3.7077572005e-02
   endloop
 endfacet
 facet normal  0.0000000000e+00 -1.0000000000e+00 -0.0000000000e+00
   outer loop
     vertex 1.1517198612e+01 -1.0000000000e+01 -3.7077572005e-02
     vertex 1.1516303547e+01 -1.0000000000e+01 -3.8460524232e-03
     vertex 1.1352841242e+01 -1.0000000000e+01 -4.3161709862e-02
   endloop
 endfacet
 facet normal  0.0000000000e+00 -1.0000000000e+00 0.0000000000e+00
   outer loop
     vertex 1.1516303547e+01 -1.0000000000e+01 -3.8460524232e-03
     vertex 1.1351465105e+01 -1.0000000000e+01 -6.5713107662e-03
     vertex 1.1352841242e+01 -1.0000000000e+01 -4.3161709862e-02
   endloop
 endfacet
 facet normal  0.0000000000e+00 -1.0000000000e+00 -0.0000000000e+00
   outer loop
     vertex 1.1352841242e+01 -1.0000000000e+01 -4.3161709862e-02
     vertex 1.1351465105e+01 -1.0000000000e+01 -6.5713107662e-03
     vertex 1.1201229921e+01 -1.0000000000e+01 -4.7449689467e-02
   endloop
 endfacet
 facet normal  0.0000000000e+00 -1.0000000000e+00 0.0000000000e+00
   outer loop
     vertex 1.1351465105e+01 -1.0000000000e+01 -6.5713107662e-03
     vertex 1.1199387202e+01 -1.0000000000e+01 -1.0019908773e-02
     vertex 1.1201229921e+01 -1.0000000000e+01 -4.7449689467e-02
   endloop
 endfacet
 facet normal  0.0000000000e+00 -1.0000000000e+00 -0.0000000000e+00
   outer loop
     vertex 1.1201229921e+01 -1.0000000000e+01 -4.7449689467e-02
     vertex 1.1199387202e+01 -1.0000000000e+01 -1.0019908773e-02
     vertex 1.1071471606e+01 -1.0000000000e+01 -4.9120267252e-02
   endloop
 endfacet
 facet normal  0.0000000000e+00 -1.0000000000e+00 0.0000000000e+00
   outer loop
     vertex 1.1199387202e+01 -1.0000000000e+01 -1.0019908773e-02
     vertex 1.1069314538e+01 -1.0000000000e+01 -1.3487573215e-02
     vertex 1.1071471606e+01 -1.0000000000e+01 -4.9120267252e-02
   endloop
 endfacet
 facet normal  0.0000000000e+00 -1.0000000000e+00 -0.0000000000e+00
   outer loop
     vertex 1.1071471606e+01 -1.0000000000e+01 -4.9120267252e-02
     vertex 1.1069314538e+01 -1.0000000000e+01 -1.3487573215e-02
     vertex 1.0967392061e+01 -1.0000000000e+01 -4.7295321236e-02
   endloop
 endfacet
 facet normal  0.0000000000e+00 -1.0000000000e+00 0.0000000000e+00
   outer loop
     vertex 1.1069314538e+01 -1.0000000000e+01 -1.3487573215e-02
     vertex 1.0965162765e+01 -1.0000000000e+01 -1.5678332053e-02
     vertex 1.0967392061e+01 -1.0000000000e+01 -4.7295321236e-02
   endloop
 endfacet
 facet normal  0.0000000000e+00 -1.0000000000e+00 -0.0000000000e+00
   outer loop
     vertex 1.0967392061e+01 -1.0000000000e+01 -4.7295321236e-02
     vertex 1.0965162765e+01 -1.0000000000e+01 -1.5678332053e-02
     vertex 1.0888309461e+01 -1.0000000000e+01 -4.1947085166e-02
   endloop
 endfacet
 facet normal  0.0000000000e+00 -1.0000000000e+00 0.0000000000e+00
   outer loop
     vertex 1.0965162765e+01 -1.0000000000e+01 -1.5678332053e-02
     vertex 1.0886258684e+01 -1.0000000000e+01 -1.5935879523e-02
     vertex 1.0888309461e+01 -1.0000000000e+01 -4.1947085166e-02
   endloop
 endfacet
 facet normal  0.0000000000e+00 -1.0000000000e+00 -0.0000000000e+00
   outer loop
     vertex 1.0888309461e+01 -1.0000000000e+01 -4.1947085166e-02
     vertex 1.0886258684e+01 -1.0000000000e+01 -1.5935879523e-02
     vertex 1.0830983230e+01 -1.0000000000e+01 -3.3247991165e-02
   endloop
 endfacet
 facet normal  0.0000000000e+00 -1.0000000000e+00 0.0000000000e+00
   outer loop
     vertex 1.0886258684e+01 -1.0000000000e+01 -1.5935879523e-02
     vertex 1.0829333970e+01 -1.0000000000e+01 -1.4005493369e-02
     vertex 1.0830983230e+01 -1.0000000000e+01 -3.3247991165e-02
   endloop
 endfacet
 facet normal  0.0000000000e+00 -1.0000000000e+00 -0.0000000000e+00
   outer loop
     vertex 1.0830983230e+01 -1.0000000000e+01 -3.3247991165e-02
     vertex 1.0829333970e+01 -1.0000000000e+01 -1.4005493369e-02
     vertex 1.0791901537e+01 -1.0000000000e+01 -2.0477160601e-02
   endloop
 endfacet
 facet normal  0.0000000000e+00 -1.0000000000e+00 0.0000000000e+00
   outer loop
     vertex 1.0829333970e+01 -1.0000000000e+01 -1.4005493369e-02
     vertex 1.0790884011e+01 -1.0000000000e+01 -9.3926994465e-03
     vertex 1.0791901537e+01 -1.0000000000e+01 -2.0477160601e-02
   endloop
 endfacet
 facet normal  -0.0000000000e+00 -1.0000000000e+00 -0.0000000000e+00
   outer loop
     vertex 1.0791901537e+01 -1.0000000000e+01 -2.0477160601e-02
     vertex 1.0790884011e+01 -1.0000000000e+01 -9.3926994465e-03
     vertex 1.0773502692e+01 -1.0000000000e+01 0.0000000000e+00
   endloop
 endfacet
 facet normal  -0.0000000000e+00 -1.0000000000e+00 0.0000000000e+00
   outer loop
     vertex 1.0773502692e+01 -1.0000000000e+01 0.0000000000e+00
     vertex 1.0788848959e+01 -1.0000000000e+01 1.2776222863e-02
     vertex 1.0787831433e+01 -1.0000000000e+01 2.3860684018e-02
   endloop
 endfacet
 facet normal  0.0000000000e+00 -1.0000000000e+00 0.0000000000e+00
   outer loop
     vertex 1.0787831433e+01 -1.0000000000e+01 2.3860684018e-02
     vertex 1.0788848959e+01 -1.0000000000e+01 1.2776222863e-02
     vertex 1.0826035449e+01 -1.0000000000e+01 2.4479502225e-02
   endloop
 endfacet
 facet normal  -0.0000000000e+00 -1.0000000000e+00 0.0000000000e+00
   outer loop
     vertex 1.0787831433e+01 -1.0000000000e+01 2.3860684018e-02
     vertex 1.0826035449e+01 -1.0000000000e+01 2.4479502225e-02
     vertex 1.0824386188e+01 -1.0000000000e+01 4.3722000021e-02
   endloop
 endfacet
 facet normal  0.0000000000e+00 -1.0000000000e+00 0.0000000000e+00
   outer loop
     vertex 1.0824386188e+01 -1.0000000000e+01 4.3722000021e-02
     vertex 1.0826035449e+01 -1.0000000000e+01 2.4479502225e-02
     vertex 1.0882157130e+01 -1.0000000000e+01 3.6086531761e-02
   endloop
 endfacet
 facet normal  0.0000000000e+00 -1.0000000000e+00 0.0000000000e+00
   outer loop
     vertex 1.0824386188e+01 -1.0000000000e+01 4.3722000021e-02
     vertex 1.0882157130e+01 -1.0000000000e+01 3.6086531761e-02
     vertex 1.0880106353e+01 -1.0000000000e+01 6.2097737404e-02
   endloop
 endfacet
 facet normal  0.0000000000e+00 -1.0000000000e+00 0.0000000000e+00
   outer loop
     vertex 1.0880106353e+01 -1.0000000000e+01 6.2097737404e-02
     vertex 1.0882157130e+01 -1.0000000000e+01 3.6086531761e-02
     vertex 1.0960704171e+01 -1.0000000000e+01 4.7555646312e-02
   endloop
 endfacet
 facet normal  0.0000000000e+00 -1.0000000000e+00 0.0000000000e+00
   outer loop
     vertex 1.0880106353e+01 -1.0000000000e+01 6.2097737404e-02
     vertex 1.0960704171e+01 -1.0000000000e+01 4.7555646312e-02
     vertex 1.0958474875e+01 -1.0000000000e+01 7.9172635495e-02
   endloop
 endfacet
 facet normal  0.0000000000e+00 -1.0000000000e+00 0.0000000000e+00
   outer loop
     vertex 1.0958474875e+01 -1.0000000000e+01 7.9172635495e-02
     vertex 1.0960704171e+01 -1.0000000000e+01 4.7555646312e-02
     vertex 1.1065000403e+01 -1.0000000000e+01 5.7777814858e-02
   endloop
 endfacet
 facet normal  0.0000000000e+00 -1.0000000000e+00 0.0000000000e+00
   outer loop
     vertex 1.0958474875e+01 -1.0000000000e+01 7.9172635495e-02
     vertex 1.1065000403e+01 -1.0000000000e+01 5.7777814858e-02
     vertex 1.1062843336e+01 -1.0000000000e+01 9.3410508894e-02
   endloop
 endfacet
 facet normal  0.0000000000e+00 -1.0000000000e+00 0.0000000000e+00
   outer loop
     vertex 1.1062843336e+01 -1.0000000000e+01 9.3410508894e-02
     vertex 1.1065000403e+01 -1.0000000000e+01 5.7777814858e-02
     vertex 1.1195701763e+01 -1.0000000000e+01 6.4839652615e-02
   endloop
 endfacet
 facet normal  0.0000000000e+00 -1.0000000000e+00 0.0000000000e+00
   outer loop
     vertex 1.1062843336e+01 -1.0000000000e+01 9.3410508894e-02
     vertex 1.1195701763e+01 -1.0000000000e+01 6.4839652615e-02
     vertex 1.1193859044e+01 -1.0000000000e+01 1.0226943331e-01
   endloop
 endfacet
 facet normal  0.0000000000e+00 -1.0000000000e+00 0.0000000000e+00
   outer loop
     vertex 1.1193859044e+01 -1.0000000000e+01 1.0226943331e-01
     vertex 1.1195701763e+01 -1.0000000000e+01 6.4839652615e-02
     vertex 1.1348712830e+01 -1.0000000000e+01 6.6609487425e-02
   endloop
 endfacet
 facet normal  0.0000000000e+00 -1.0000000000e+00 0.0000000000e+00
   outer loop
     vertex 1.1193859044e+01 -1.0000000000e+01 1.0226943331e-01
     vertex 1.1348712830e+01 -1.0000000000e+01 6.6609487425e-02
     vertex 1.1347336693e+01 -1.0000000000e+01 1.0319988652e-01
   endloop
 endfacet
 facet normal  0.0000000000e+00 -1.0000000000e+00 0.0000000000e+00
   outer loop
     vertex 1.1347336693e+01 -1.0000000000e+01 1.0319988652e-01
     vertex 1.1348712830e+01 -1.0000000000e+01 6.6609487425e-02
     vertex 1.1514513417e+01 -1.0000000000e+01 6.2616986741e-02
   endloop
 endfacet
 facet normal  0.0000000000e+00 -1.0000000000e+00 0.0000000000e+00
   outer loop
     vertex 1.1347336693e+01 -1.0000000000e+01 1.0319988652e-01
     vertex 1.1514513417e+01 -1.0000000000e+01 6.2616986741e-02
     vertex 1.1513618352e+01 -1.0000000000e+01 9.5848506323e-02
   endloop
 endfacet
 facet normal  0.0000000000e+00 -1.0000000000e+00 0.0000000000e+00
   outer loop
     vertex 1.1513618352e+01 -1.0000000000e+01 9.5848506323e-02
     vertex 1.1514513417e+01 -1.0000000000e+01 6.2616986741e-02
     vertex 1.1679557319e+01 -1.0000000000e+01 8.2841135249e-02
   endloop
 endfacet
 facet normal  0.0000000000e+00 -1.0000000000e+00 0.0000000000e+00
   outer loop
     vertex 1.1514513417e+01 -1.0000000000e+01 6.2616986741e-02
     vertex 1.1680041701e+01 -1.0000000000e+01 5.4754661814e-02
     vertex 1.1679557319e+01 -1.0000000000e+01 8.2841135249e-02
   endloop
 endfacet
 facet normal  0.0000000000e+00 -1.0000000000e+00 0.0000000000e+00
   outer loop
     vertex 1.1679557319e+01 -1.0000000000e+01 8.2841135249e-02
     vertex 1.1680041701e+01 -1.0000000000e+01 5.4754661814e-02
     vertex 1.1832202400e+01 -1.0000000000e+01 6.6687003601e-02
   endloop
 endfacet
 facet normal  0.0000000000e+00 -1.0000000000e+00 0.0000000000e+00
   outer loop
     vertex 1.1680041701e+01 -1.0000000000e+01 5.4754661814e-02
     vertex 1.1832396912e+01 -1.0000000000e+01 4.4520475669e-02
     vertex 1.1832202400e+01 -1.0000000000e+01 6.6687003601e-02
   endloop
 endfacet
 facet normal  0.0000000000e+00 -1.0000000000e+00 0.0000000000e+00
   outer loop
     vertex 1.1832202400e+01 -1.0000000000e+01 6.6687003601e-02
     vertex 1.1832396912e+01 -1.0000000000e+01 4.4520475669e-02
     vertex 1.1962476615e+01 -1.0000000000e+01 5.0032370588e-02
   endloop
 endfacet
 facet normal  0.0000000000e+00 -1.0000000000e+00 0.0000000000e+00
   outer loop
     vertex 1.1832396912e+01 -1.0000000000e+01 4.4520475669e-02
     vertex 1.1962504433e+01 -1.0000000000e+01 3.3660679585e-02
     vertex 1.1962476615e+01 -1.0000000000e+01 5.0032370588e-02
   endloop
 endfacet
 facet normal  0.0000000000e+00 -1.0000000000e+00 0.0000000000e+00
   outer loop
     vertex 1.1962476615e+01 -1.0000000000e+01 5.0032370588e-02
     vertex 1.1962504433e+01 -1.0000000000e+01 3.3660679585e-02
     vertex 1.2066737553e+01 -1.0000000000e+01 3.4880270902e-02
   endloop
 endfacet
 facet normal  0.0000000000e+00 -1.0000000000e+00 0.0000000000e+00
   outer loop
     vertex 1.1962504433e+01 -1.0000000000e+01 3.3660679585e-02
     vertex 1.2066693133e+01 -1.0000000000e+01 2.3597014856e-02
     vertex 1.2066737553e+01 -1.0000000000e+01 3.4880270902e-02
   endloop
 endfacet
 facet normal  0.0000000000e+00 -1.0000000000e+00 0.0000000000e+00
   outer loop
     vertex 1.2066737553e+01 -1.0000000000e+01 3.4880270902e-02
     vertex 1.2066693133e+01 -1.0000000000e+01 2.3597014856e-02
     vertex 1.2145974241e+01 -1.0000000000e+01 2.2285425282e-02
   endloop
 endfacet
 facet normal  0.0000000000e+00 -1.0000000000e+00 0.0000000000e+00
   outer loop
     vertex 1.2066693133e+01 -1.0000000000e+01 2.3597014856e-02
     vertex 1.2145915268e+01 -1.0000000000e+01 1.5133302743e-02
     vertex 1.2145974241e+01 -1.0000000000e+01 2.2285425282e-02
   endloop
 endfacet
 facet normal  0.0000000000e+00 -1.0000000000e+00 0.0000000000e+00
   outer loop
     vertex 1.2145974241e+01 -1.0000000000e+01 2.2285425282e-02
     vertex 1.2145915268e+01 -1.0000000000e+01 1.5133302743e-02
     vertex 1.2203860384e+01 -1.0000000000e+01 1.2483665552e-02
   endloop
 endfacet
 facet normal  0.0000000000e+00 -1.0000000000e+00 0.0000000000e+00
   outer loop
     vertex 1.2145915268e+01 -1.0000000000e+01 1.5133302743e-02
     vertex 1.2203814885e+01 -1.0000000000e+01 8.4984329480e-03
     vertex 1.2203860384e+01 -1.0000000000e+01 1.2483665552e-02
   endloop
 endfacet
 facet normal  0.0000000000e+00 -1.0000000000e+00 0.0000000000e+00
   outer loop
     vertex 1.2203860384e+01 -1.0000000000e+01 1.2483665552e-02
     vertex 1.2203814885e+01 -1.0000000000e+01 8.4984329480e-03
     vertex 1.2244941791e+01 -1.0000000000e+01 5.2122204548e-03
   endloop
 endfacet
 facet normal  0.0000000000e+00 -1.0000000000e+00 0.0000000000e+00
   outer loop
     vertex 1.2203814885e+01 -1.0000000000e+01 8.4984329480e-03
     vertex 1.2244919115e+01 -1.0000000000e+01 3.5541494957e-03
     vertex 1.2244941791e+01 -1.0000000000e+01 5.2122204548e-03
   endloop
 endfacet
 facet normal  0.0000000000e+00 -1.0000000000e+00 0.0000000000e+00
   outer loop
     vertex 1.2244941791e+01 -1.0000000000e+01 5.2122204548e-03
     vertex 1.2244919115e+01 -1.0000000000e+01 3.5541494957e-03
     vertex 1.2273502692e+01 -1.0000000000e+01 0.0000000000e+00
   endloop
 endfacet
 facet normal  0.0000000000e+00 -1.0000000000e+00 -0.0000000000e+00
   outer loop
     vertex 1.2273502692e+01 -1.0000000000e+01 0.0000000000e+00
     vertex 1.2244896438e+01 -1.0000000000e+01 1.8960785366e-03
     vertex 1.2244873761e+01 -1.0000000000e+01 2.3800757748e-04
   endloop
 endfacet
 facet normal  -0.0000000000e+00 -1.0000000000e+00 0.0000000000e+00
   outer loop
     vertex 1.2244873761e+01 -1.0000000000e+01 2.3800757748e-04
     vertex 1.2244896438e+01 -1.0000000000e+01 1.8960785366e-03
     vertex 1.2203769387e+01 -1.0000000000e+01 4.5132003435e-03
   endloop
 endfacet
 facet normal  0.0000000000e+00 -1.0000000000e+00 -0.0000000000e+00
   outer loop
     vertex 1.2244873761e+01 -1.0000000000e+01 2.3800757748e-04
     vertex 1.2203769387e+01 -1.0000000000e+01 4.5132003435e-03
     vertex 1.2203723888e+01 -1.0000000000e+01 5.2796773908e-04
   endloop
 endfacet
 facet normal  -0.0000000000e+00 -1.0000000000e+00 0.0000000000e+00
   outer loop
     vertex 1.2203723888e+01 -1.0000000000e+01 5.2796773908e-04
     vertex 1.2203769387e+01 -1.0000000000e+01 4.5132003435e-03
     vertex 1.2145856295e+01 -1.0000000000e+01 7.9811802043e-03
   endloop
 endfacet
 facet normal  0.0000000000e+00 -1.0000000000e+00 -0.0000000000e+00
   outer loop
     vertex 1.2203723888e+01 -1.0000000000e+01 5.2796773908e-04
     vertex 1.2145856295e+01 -1.0000000000e+01 7.9811802043e-03
     vertex 1.2145797322e+01 -1.0000000000e+01 8.2905766527e-04
   endloop
 endfacet
 facet normal  -0.0000000000e+00 -1.0000000000e+00 0.0000000000e+00
   outer loop
     vertex 1.2145797322e+01 -1.0000000000e+01 8.2905766527e-04
     vertex 1.2145856295e+01 -1.0000000000e+01 7.9811802043e-03
     vertex 1.2066648712e+01 -1.0000000000e+01 1.2313758810e-02
   endloop
 endfacet
 facet normal  0.0000000000e+00 -1.0000000000e+00 -0.0000000000e+00
   outer loop
     vertex 1.2145797322e+01 -1.0000000000e+01 8.2905766527e-04
     vertex 1.2066648712e+01 -1.0000000000e+01 1.2313758810e-02
     vertex 1.2066604292e+01 -1.0000000000e+01 1.0305027640e-03
   endloop
 endfacet
 facet normal  -0.0000000000e+00 -1.0000000000e+00 0.0000000000e+00
   outer loop
     vertex 1.2066604292e+01 -1.0000000000e+01 1.0305027640e-03
     vertex 1.2066648712e+01 -1.0000000000e+01 1.2313758810e-02
     vertex 1.1962532251e+01 -1.0000000000e+01 1.7288988583e-02
   endloop
 endfacet
 facet normal  0.0000000000e+00 -1.0000000000e+00 0.0000000000e+00
   outer loop
     vertex 1.2066604292e+01 -1.0000000000e+01 1.0305027640e-03
     vertex 1.1962532251e+01 -1.0000000000e+01 1.7288988583e-02
     vertex 1.1962560070e+01 -1.0000000000e+01 9.1729758016e-04
   endloop
 endfacet
 facet normal  -0.0000000000e+00 -1.0000000000e+00 -0.0000000000e+00
   outer loop
     vertex 1.1962560070e+01 -1.0000000000e+01 9.1729758016e-04
     vertex 1.1962532251e+01 -1.0000000000e+01 1.7288988583e-02
     vertex 1.1832591424e+01 -1.0000000000e+01 2.2353947736e-02
   endloop
 endfacet
 facet normal  0.0000000000e+00 -1.0000000000e+00 0.0000000000e+00
   outer loop
     vertex 1.1962560070e+01 -1.0000000000e+01 9.1729758016e-04
     vertex 1.1832591424e+01 -1.0000000000e+01 2.2353947736e-02
     vertex 1.1832785936e+01 -1.0000000000e+01 1.8741980342e-04
   endloop
 endfacet
 facet normal  -0.0000000000e+00 -1.0000000000e+00 -0.0000000000e+00
   outer loop
     vertex 1.1832785936e+01 -1.0000000000e+01 1.8741980342e-04
     vertex 1.1832591424e+01 -1.0000000000e+01 2.2353947736e-02
     vertex 1.1680526083e+01 -1.0000000000e+01 2.6668188379e-02
   endloop
 endfacet
 facet normal  0.0000000000e+00 -1.0000000000e+00 0.0000000000e+00
   outer loop
     vertex 1.1832785936e+01 -1.0000000000e+01 1.8741980342e-04
     vertex 1.1680526083e+01 -1.0000000000e+01 2.6668188379e-02
     vertex 1.1681010466e+01 -1.0000000000e+01 -1.4182850565e-03
   endloop
 endfacet
 facet normal  -0.0000000000e+00 -1.0000000000e+00 -0.0000000000e+00
   outer loop
     vertex 1.1681010466e+01 -1.0000000000e+01 -1.4182850565e-03
     vertex 1.1680526083e+01 -1.0000000000e+01 2.6668188379e-02
     vertex 1.1515408482e+01 -1.0000000000e+01 2.9385467159e-02
   endloop
 endfacet
 facet normal  0.0000000000e+00 -1.0000000000e+00 0.0000000000e+00
   outer loop
     vertex 1.1681010466e+01 -1.0000000000e+01 -1.4182850565e-03
     vertex 1.1515408482e+01 -1.0000000000e+01 2.9385467159e-02
     vertex 1.1516303547e+01 -1.0000000000e+01 -3.8460524232e-03
   endloop
 endfacet
 facet normal  0.0000000000e+00 -1.0000000000e+00 -0.0000000000e+00
   outer loop
     vertex 1.1516303547e+01 -1.0000000000e+01 -3.8460524232e-03
     vertex 1.1515408482e+01 -1.0000000000e+01 2.9385467159e-02
     vertex 1.1351465105e+01 -1.0000000000e+01 -6.5713107662e-03
   endloop
 endfacet
 facet normal  0.0000000000e+00 -1.0000000000e+00 0.0000000000e+00
   outer loop
     vertex 1.1515408482e+01 -1.0000000000e+01 2.9385467159e-02
     vertex 1.1350088967e+01 -1.0000000000e+01 3.0019088329e-02
     vertex 1.1351465105e+01 -1.0000000000e+01 -6.5713107662e-03
   endloop
 endfacet
 facet normal  0.0000000000e+00 -1.0000000000e+00 -0.0000000000e+00
   outer loop
     vertex 1.1351465105e+01 -1.0000000000e+01 -6.5713107662e-03
     vertex 1.1350088967e+01 -1.0000000000e+01 3.0019088329e-02
     vertex 1.1199387202e+01 -1.0000000000e+01 -1.0019908773e-02
   endloop
 endfacet
 facet normal  0.0000000000e+00 -1.0000000000e+00 0.0000000000e+00
   outer loop
     vertex 1.1350088967e+01 -1.0000000000e+01 3.0019088329e-02
     vertex 1.1197544483e+01 -1.0000000000e+01 2.7409871921e-02
     vertex 1.1199387202e+01 -1.0000000000e+01 -1.0019908773e-02
   endloop
 endfacet
 facet normal  0.0000000000e+00 -1.0000000000e+00 -0.0000000000e+00
   outer loop
     vertex 1.1199387202e+01 -1.0000000000e+01 -1.0019908773e-02
     vertex 1.1197544483e+01 -1.0000000000e+01 2.7409871921e-02
     vertex 1.1069314538e+01 -1.0000000000e+01 -1.3487573215e-02
   endloop
 endfacet
 facet normal  0.0000000000e+00 -1.0000000000e+00 0.0000000000e+00
   outer loop
     vertex 1.1197544483e+01 -1.0000000000e+01 2.7409871921e-02
     vertex 1.1067157471e+01 -1.0000000000e+01 2.2145120821e-02
     vertex 1.1069314538e+01 -1.0000000000e+01 -1.3487573215e-02
   endloop
 endfacet
 facet normal  0.0000000000e+00 -1.0000000000e+00 -0.0000000000e+00
   outer loop
     vertex 1.1069314538e+01 -1.0000000000e+01 -1.3487573215e-02
     vertex 1.1067157471e+01 -1.0000000000e+01 2.2145120821e-02
     vertex 1.0965162765e+01 -1.0000000000e+01 -1.5678332053e-02
   endloop
 endfacet
 facet normal  0.0000000000e+00 -1.0000000000e+00 0.0000000000e+00
   outer loop
     vertex 1.1067157471e+01 -1.0000000000e+01 2.2145120821e-02
     vertex 1.0962933468e+01 -1.0000000000e+01 1.5938657130e-02
     vertex 1.0965162765e+01 -1.0000000000e+01 -1.5678332053e-02
   endloop
 endfacet
 facet normal  0.0000000000e+00 -1.0000000000e+00 -0.0000000000e+00
   outer loop
     vertex 1.0965162765e+01 -1.0000000000e+01 -1.5678332053e-02
     vertex 1.0962933468e+01 -1.0000000000e+01 1.5938657130e-02
     vertex 1.0886258684e+01 -1.0000000000e+01 -1.5935879523e-02
   endloop
 endfacet
 facet normal  0.0000000000e+00 -1.0000000000e+00 0.0000000000e+00
   outer loop
     vertex 1.0962933468e+01 -1.0000000000e+01 1.5938657130e-02
     vertex 1.0884207907e+01 -1.0000000000e+01 1.0075326119e-02
     vertex 1.0886258684e+01 -1.0000000000e+01 -1.5935879523e-02
   endloop
 endfacet
 facet normal  0.0000000000e+00 -1.0000000000e+00 -0.0000000000e+00
   outer loop
     vertex 1.0886258684e+01 -1.0000000000e+01 -1.5935879523e-02
     vertex 1.0884207907e+01 -1.0000000000e+01 1.0075326119e-02
     vertex 1.0829333970e+01 -1.0000000000e+01 -1.4005493369e-02
   endloop
 endfacet
 facet normal  0.0000000000e+00 -1.0000000000e+00 0.0000000000e+00
   outer loop
     vertex 1.0884207907e+01 -1.0000000000e+01 1.0075326119e-02
     vertex 1.0827684709e+01 -1.0000000000e+01 5.2370044279e-03
     vertex 1.0829333970e+01 -1.0000000000e+01 -1.4005493369e-02
   endloop
 endfacet
 facet normal  0.0000000000e+00 -1.0000000000e+00 -0.0000000000e+00
   outer loop
     vertex 1.0829333970e+01 -1.0000000000e+01 -1.4005493369e-02
     vertex 1.0827684709e+01 -1.0000000000e+01 5.2370044279e-03
     vertex 1.0790884011e+01 -1.0000000000e+01 -9.3926994465e-03
   endloop
 endfacet
 facet normal  0.0000000000e+00 -1.0000000000e+00 0.0000000000e+00
   outer loop
     vertex 1.0827684709e+01 -1.0000000000e+01 5.2370044279e-03
     vertex 1.0789866485e+01 -1.0000000000e+01 1.6917617084e-03
     vertex 1.0790884011e+01 -1.0000000000e+01 -9.3926994465e-03
   endloop
 endfacet
 facet normal  0.0000000000e+00 -1.0000000000e+00 -0.0000000000e+00
   outer loop
     vertex 1.0790884011e+01 -1.0000000000e+01 -9.3926994465e-03
     vertex 1.0789866485e+01 -1.0000000000e+01 1.6917617084e-03
     vertex 1.0773502692e+01 -1.0000000000e+01 0.0000000000e+00
   endloop
 endfacet
 facet normal  -0.0000000000e+00 -1.0000000000e+00 0.0000000000e+00
   outer loop
     vertex 1.0773502692e+01 -1.0000000000e+01 0.0000000000e+00
     vertex 1.0789866485e+01 -1.0000000000e+01 1.6917617084e-03
     vertex 1.0788848959e+01 -1.0000000000e+01 1.2776222863e-02
   endloop
 endfacet
 facet normal  0.0000000000e+00 -1.0000000000e+00 0.0000000000e+00
   outer loop
     vertex 1.0788848959e+01 -1.0000000000e+01 1.2776222863e-02
     vertex 1.0789866485e+01 -1.0000000000e+01 1.6917617084e-03
     vertex 1.0827684709e+01 -1.0000000000e+01 5.2370044279e-03
   endloop
 endfacet
 facet normal  0.0000000000e+00 -1.0000000000e+00 0.0000000000e+00
   outer loop
     vertex 1.0788848959e+01 -1.0000000000e+01 1.2776222863e-02
     vertex 1.0827684709e+01 -1.0000000000e+01 5.2370044279e-03
     vertex 1.0826035449e+01 -1.0000000000e+01 2.4479502225e-02
   endloop
 endfacet
 facet normal  0.0000000000e+00 -1.0000000000e+00 0.0000000000e+00
   outer loop
     vertex 1.0826035449e+01 -1.0000000000e+01 2.4479502225e-02
     vertex 1.0827684709e+01 -1.0000000000e+01 5.2370044279e-03
     vertex 1.0884207907e+01 -1.0000000000e+01 1.0075326119e-02
   endloop
 endfacet
 facet normal  0.0000000000e+00 -1.0000000000e+00 0.0000000000e+00
   outer loop
     vertex 1.0826035449e+01 -1.0000000000e+01 2.4479502225e-02
     vertex 1.0884207907e+01 -1.0000000000e+01 1.0075326119e-02
     vertex 1.0882157130e+01 -1.0000000000e+01 3.6086531761e-02
   endloop
 endfacet
 facet normal  0.0000000000e+00 -1.0000000000e+00 0.0000000000e+00
   outer loop
     vertex 1.0882157130e+01 -1.0000000000e+01 3.6086531761e-02
     vertex 1.0884207907e+01 -1.0000000000e+01 1.0075326119e-02
     vertex 1.0962933468e+01 -1.0000000000e+01 1.5938657130e-02
   endloop
 endfacet
 facet normal  0.0000000000e+00 -1.0000000000e+00 0.0000000000e+00
   outer loop
     vertex 1.0882157130e+01 -1.0000000000e+01 3.6086531761e-02
     vertex 1.0962933468e+01 -1.0000000000e+01 1.5938657130e-02
     vertex 1.0960704171e+01 -1.0000000000e+01 4.7555646312e-02
   endloop
 endfacet
 facet normal  0.0000000000e+00 -1.0000000000e+00 0.0000000000e+00
   outer loop
     vertex 1.0960704171e+01 -1.0000000000e+01 4.7555646312e-02
     vertex 1.0962933468e+01 -1.0000000000e+01 1.5938657130e-02
     vertex 1.1067157471e+01 -1.0000000000e+01 2.2145120821e-02
   endloop
 endfacet
 facet normal  0.0000000000e+00 -1.0000000000e+00 0.0000000000e+00
   outer loop
     vertex 1.0960704171e+01 -1.0000000000e+01 4.7555646312e-02
     vertex 1.1067157471e+01 -1.0000000000e+01 2.2145120821e-02
     vertex 1.1065000403e+01 -1.0000000000e+01 5.7777814858e-02
   endloop
 endfacet
 facet normal  0.0000000000e+00 -1.0000000000e+00 0.0000000000e+00
   outer loop
     vertex 1.1065000403e+01 -1.0000000000e+01 5.7777814858e-02
     vertex 1.1067157471e+01 -1.0000000000e+01 2.2145120821e-02
     vertex 1.1197544483e+01 -1.0000000000e+01 2.7409871921e-02
   endloop
 endfacet
 facet normal  0.0000000000e+00 -1.0000000000e+00 0.0000000000e+00
   outer loop
     vertex 1.1065000403e+01 -1.0000000000e+01 5.7777814858e-02
     vertex 1.1197544483e+01 -1.0000000000e+01 2.7409871921e-02
     vertex 1.1195701763e+01 -1.0000000000e+01 6.4839652615e-02
   endloop
 endfacet
 facet normal  0.0000000000e+00 -1.0000000000e+00 0.0000000000e+00
   outer loop
     vertex 1.1195701763e+01 -1.0000000000e+01 6.4839652615e-02
     vertex 1.1197544483e+01 -1.0000000000e+01 2.7409871921e-02
     vertex 1.1350088967e+01 -1.0000000000e+01 3.0019088329e-02
   endloop
 endfacet
 facet normal  0.0000000000e+00 -1.0000000000e+00 0.0000000000e+00
   outer loop
     vertex 1.1195701763e+01 -1.0000000000e+01 6.4839652615e-02
     vertex 1.1350088967e+01 -1.0000000000e+01 3.0019088329e-02
     vertex 1.1348712830e+01 -1.0000000000e+01 6.6609487425e-02
   endloop
 endfacet
 facet normal  0.0000000000e+00 -1.0000000000e+00 0.0000000000e+00
   outer loop
     vertex 1.1348712830e+01 -1.0000000000e+01 6.6609487425e-02
     vertex 1.1350088967e+01 -1.0000000000e+01 3.0019088329e-02
     vertex 1.1515408482e+01 -1.0000000000e+01 2.9385467159e-02
   endloop
 endfacet
 facet normal  0.0000000000e+00 -1.0000000000e+00 0.0000000000e+00
   outer loop
     vertex 1.1348712830e+01 -1.0000000000e+01 6.6609487425e-02
     vertex 1.1515408482e+01 -1.0000000000e+01 2.9385467159e-02
     vertex 1.1514513417e+01 -1.0000000000e+01 6.2616986741e-02
   endloop
 endfacet
 facet normal  0.0000000000e+00 -1.0000000000e+00 0.0000000000e+00
   outer loop
     vertex 1.1514513417e+01 -1.0000000000e+01 6.2616986741e-02
     vertex 1.1515408482e+01 -1.0000000000e+01 2.9385467159e-02
     vertex 1.1680041701e+01 -1.0000000000e+01 5.4754661814e-02
   endloop
 endfacet
 facet normal  0.0000000000e+00 -1.0000000000e+00 0.0000000000e+00
   outer loop
     vertex 1.1515408482e+01 -1.0000000000e+01 2.9385467159e-02
     vertex 1.1680526083e+01 -1.0000000000e+01 2.6668188379e-02
     vertex 1.1680041701e+01 -1.0000000000e+01 5.4754661814e-02
   endloop
 endfacet
 facet normal  0.0000000000e+00 -1.0000000000e+00 0.0000000000e+00
   outer loop
     vertex 1.1680041701e+01 -1.0000000000e+01 5.4754661814e-02
     vertex 1.1680526083e+01 -1.0000000000e+01 2.6668188379e-02
     vertex 1.1832396912e+01 -1.0000000000e+01 4.4520475669e-02
   endloop
 endfacet
 facet normal  0.0000000000e+00 -1.0000000000e+00 0.0000000000e+00
   outer loop
     vertex 1.1680526083e+01 -1.0000000000e+01 2.6668188379e-02
     vertex 1.1832591424e+01 -1.0000000000e+01 2.2353947736e-02
     vertex 1.1832396912e+01 -1.0000000000e+01 4.4520475669e-02
   endloop
 endfacet
 facet normal  0.0000000000e+00 -1.0000000000e+00 0.0000000000e+00
   outer loop
     vertex 1.1832396912e+01 -1.0000000000e+01 4.4520475669e-02
     vertex 1.1832591424e+01 -1.0000000000e+01 2.2353947736e-02
     vertex 1.1962504433e+01 -1.0000000000e+01 3.3660679585e-02
   endloop
 endfacet
 facet normal  0.0000000000e+00 -1.0000000000e+00 0.0000000000e+00
   outer loop
     vertex 1.1832591424e+01 -1.0000000000e+01 2.2353947736e-02
     vertex 1.1962532251e+01 -1.0000000000e+01 1.7288988583e-02
     vertex 1.1962504433e+01 -1.0000000000e+01 3.3660679585e-02
   endloop
 endfacet
 facet normal  0.0000000000e+00 -1.0000000000e+00 0.0000000000e+00
   outer loop
     vertex 1.1962504433e+01 -1.0000000000e+01 3.3660679585e-02
     vertex 1.1962532251e+01 -1.0000000000e+01 1.7288988583e-02
     vertex 1.2066693133e+01 -1.0000000000e+01 2.3597014856e-02
   endloop
 endfacet
 facet normal  0.0000000000e+00 -1.0000000000e+00 0.0000000000e+00
   outer loop
     vertex 1.1962532251e+01 -1.0000000000e+01 1.7288988583e-02
     vertex 1.2066648712e+01 -1.0000000000e+01 1.2313758810e-02
     vertex 1.2066693133e+01 -1.0000000000e+01 2.3597014856e-02
   endloop
 endfacet
 facet normal  0.0000000000e+00 -1.0000000000e+00 0.0000000000e+00
   outer loop
     vertex 1.2066693133e+01 -1.0000000000e+01 2.3597014856e-02
     vertex 1.2066648712e+01 -1.0000000000e+01 1.2313758810e-02
     vertex 1.2145915268e+01 -1.0000000000e+01 1.5133302743e-02
   endloop
 endfacet
 facet normal  0.0000000000e+00 -1.0000000000e+00 0.0000000000e+00
   outer loop
     vertex 1.2066648712e+01 -1.0000000000e+01 1.2313758810e-02
     vertex 1.2145856295e+01 -1.0000000000e+01 7.9811802043e-03
     vertex 1.2145915268e+01 -1.0000000000e+01 1.5133302743e-02
   endloop
 endfacet
 facet normal  0.0000000000e+00 -1.0000000000e+00 0.0000000000e+00
   outer loop
     vertex 1.2145915268e+01 -1.0000000000e+01 1.5133302743e-02
     vertex 1.2145856295e+01 -1.0000000000e+01 7.9811802043e-03
     vertex 1.2203814885e+01 -1.0000000000e+01 8.4984329480e-03
   endloop
 endfacet
 facet normal  0.0000000000e+00 -1.0000000000e+00 0.0000000000e+00
   outer loop
     vertex 1.2145856295e+01 -1.0000000000e+01 7.9811802043e-03
     vertex 1.2203769387e+01 -1.0000000000e+01 4.5132003435e-03
     vertex 1.2203814885e+01 -1.0000000000e+01 8.4984329480e-03
   endloop
 endfacet
 facet normal  0.0000000000e+00 -1.0000000000e+00 0.0000000000e+00
   outer loop
     vertex 1.2203814885e+01 -1.0000000000e+01 8.4984329480e-03
     vertex 1.2203769387e+01 -1.0000000000e+01 4.5132003435e-03
     vertex 1.2244919115e+01 -1.0000000000e+01 3.5541494957e-03
   endloop
 endfacet
 facet normal  0.0000000000e+00 -1.0000000000e+00 0.0000000000e+00
   outer loop
     vertex 1.2203769387e+01 -1.0000000000e+01 4.5132003435e-03
     vertex 1.2244896438e+01 -1.0000000000e+01 1.8960785366e-03
     vertex 1.2244919115e+01 -1.0000000000e+01 3.5541494957e-03
   endloop
 endfacet
 facet normal  0.0000000000e+00 -1.0000000000e+00 0.0000000000e+00
   outer loop
     vertex 1.2244919115e+01 -1.0000000000e+01 3.5541494957e-03
     vertex 1.2244896438e+01 -1.0000000000e+01 1.8960785366e-03
     vertex 1.2273502692e+01 -1.0000000000e+01 0.0000000000e+00
   endloop
 endfacet
 facet normal  8.8197502133e-02 6.4181167175e-01 -7.6177357438e-01
   outer loop
     vertex 1.4000000000e+01 0.0000000000e+00 5.0000000000e-01
     vertex 1.3912437760e+01 7.6604444312e-01 1.1352720941e+00
     vertex 1.3977350269e+01 7.6604444312e-01 1.1427876097e+00
   endloop
 endfacet
 facet normal  8.8197502133e-02 6.4181167175e-01 -7.6177357438e-01
   outer loop
     vertex 1.4000000000e+01 0.0000000000e+00 5.0000000000e-01
     vertex 1.3923632342e+01 0.0000000000e+00 4.9115821697e-01
     vertex 1.3912437760e+01 7.6604444312e-01 1.1352720941e+00
   endloop
 endfacet
 facet normal  8.6120027422e-02 6.4191087692e-01 -7.6192766518e-01
   outer loop
     vertex 1.3923632342e+01 0.0000000000e+00 4.9115821697e-01
     vertex 1.3819129176e+01 7.6604444312e-01 1.1247255052e+00
     vertex 1.3912437760e+01 7.6604444312e-01 1.1352720941e+00
   endloop
 endfacet
 facet normal  8.6120027422e-02 6.4191087692e-01 -7.6192766518e-01
   outer loop
     vertex 1.3923632342e+01 0.0000000000e+00 4.9115821697e-01
     vertex 1.3813857537e+01 0.0000000000e+00 4.7875046532e-01
     vertex 1.3819129176e+01 7.6604444312e-01 1.1247255052e+00
   endloop
 endfacet
 facet normal  8.3248351079e-02 6.4207976606e-01 -7.6210451125e-01
   outer loop
     vertex 1.3813857537e+01 0.0000000000e+00 4.7875046532e-01
     vertex 1.3687766571e+01 7.6604444312e-01 1.1103761344e+00
     vertex 1.3819129176e+01 7.6604444312e-01 1.1247255052e+00
   endloop
 endfacet
 facet normal  8.3248351079e-02 6.4207976606e-01 -7.6210451125e-01
   outer loop
     vertex 1.3813857537e+01 0.0000000000e+00 4.7875046532e-01
     vertex 1.3659313296e+01 0.0000000000e+00 4.6186885255e-01
     vertex 1.3687766571e+01 7.6604444312e-01 1.1103761344e+00
   endloop
 endfacet
 facet normal  7.9424967200e-02 6.4236425521e-01 -7.6227281089e-01
   outer loop
     vertex 1.3659313296e+01 0.0000000000e+00 4.6186885255e-01
     vertex 1.3508154868e+01 7.6604444312e-01 1.0916615044e+00
     vertex 1.3687766571e+01 7.6604444312e-01 1.1103761344e+00
   endloop
 endfacet
 facet normal  7.9424967200e-02 6.4236425521e-01 -7.6227281089e-01
   outer loop
     vertex 1.3659313296e+01 0.0000000000e+00 4.6186885255e-01
     vertex 1.3448005410e+01 0.0000000000e+00 4.3985164079e-01
     vertex 1.3508154868e+01 7.6604444312e-01 1.0916615044e+00
   endloop
 endfacet
 facet normal  7.4449948189e-02 6.4284051971e-01 -7.6237344618e-01
   outer loop
     vertex 1.3448005410e+01 0.0000000000e+00 4.3985164079e-01
     vertex 1.3272142060e+01 7.6604444312e-01 1.0686135593e+00
     vertex 1.3508154868e+01 7.6604444312e-01 1.0916615044e+00
   endloop
 endfacet
 facet normal  7.4449948189e-02 6.4284051971e-01 -7.6237344618e-01
   outer loop
     vertex 1.3448005410e+01 0.0000000000e+00 4.3985164079e-01
     vertex 1.3170343283e+01 0.0000000000e+00 4.1273641132e-01
     vertex 1.3272142060e+01 7.6604444312e-01 1.0686135593e+00
   endloop
 endfacet
 facet normal  6.7957879187e-02 6.4364281216e-01 -7.6230286436e-01
   outer loop
     vertex 1.3170343283e+01 0.0000000000e+00 4.1273641132e-01
     vertex 1.2977701475e+01 7.6604444312e-01 1.0423647301e+00
     vertex 1.3272142060e+01 7.6604444312e-01 1.0686135593e+00
   endloop
 endfacet
 facet normal  6.7957879187e-02 6.4364281216e-01 -7.6230286436e-01
   outer loop
     vertex 1.3170343283e+01 0.0000000000e+00 4.1273641132e-01
     vertex 1.2823942596e+01 0.0000000000e+00 3.8185543580e-01
     vertex 1.2977701475e+01 7.6604444312e-01 1.0423647301e+00
   endloop
 endfacet
 facet normal  5.9328322980e-02 6.4500400293e-01 -7.6187268378e-01
   outer loop
     vertex 1.2823942596e+01 0.0000000000e+00 3.8185543580e-01
     vertex 1.2633249020e+01 7.6604444312e-01 1.0155416310e+00
     vertex 1.2977701475e+01 7.6604444312e-01 1.0423647301e+00
   endloop
 endfacet
 facet normal  5.9328322980e-02 6.4500400293e-01 -7.6187268378e-01
   outer loop
     vertex 1.2823942596e+01 0.0000000000e+00 3.8185543580e-01
     vertex 1.2418704413e+01 0.0000000000e+00 3.5029884861e-01
     vertex 1.2633249020e+01 7.6604444312e-01 1.0155416310e+00
   endloop
 endfacet
 facet normal  4.7479719522e-02 6.4732986388e-01 -7.6072973095e-01
   outer loop
     vertex 1.2418704413e+01 0.0000000000e+00 3.5029884861e-01
     vertex 1.2259329960e+01 7.6604444312e-01 9.9220407580e-01
     vertex 1.2633249020e+01 7.6604444312e-01 1.0155416310e+00
   endloop
 endfacet
 facet normal  4.7479719522e-02 6.4732986388e-01 -7.6072973095e-01
   outer loop
     vertex 1.2418704413e+01 0.0000000000e+00 3.5029884861e-01
     vertex 1.1978799637e+01 0.0000000000e+00 3.2284290131e-01
     vertex 1.2259329960e+01 7.6604444312e-01 9.9220407580e-01
   endloop
 endfacet
 facet normal  3.0999519619e-02 6.5121036885e-01 -7.5826386258e-01
   outer loop
     vertex 1.1978799637e+01 0.0000000000e+00 3.2284290131e-01
     vertex 1.1538411806e+01 0.0000000000e+00 3.0483886357e-01
     vertex 1.2259329960e+01 7.6604444312e-01 9.9220407580e-01
   endloop
 endfacet
 facet normal  3.0999519619e-02 6.5121036885e-01 -7.5826386258e-01
   outer loop
     vertex 1.2259329960e+01 7.6604444312e-01 9.9220407580e-01
     vertex 1.1538411806e+01 0.0000000000e+00 3.0483886357e-01
     vertex 1.1885000304e+01 7.6604444312e-01 9.7690064372e-01
   endloop
 endfacet
 facet normal  8.6689511012e-03 6.5724541079e-01 -7.5362677718e-01
   outer loop
     vertex 1.1538411806e+01 0.0000000000e+00 3.0483886357e-01
     vertex 1.1131989401e+01 0.0000000000e+00 3.0016379620e-01
     vertex 1.1885000304e+01 7.6604444312e-01 9.7690064372e-01
   endloop
 endfacet
 facet normal  8.6689511012e-03 6.5724541079e-01 -7.5362677718e-01
   outer loop
     vertex 1.1885000304e+01 7.6604444312e-01 9.7690064372e-01
     vertex 1.1131989401e+01 0.0000000000e+00 3.0016379620e-01
     vertex 1.1539541260e+01 7.6604444312e-01 9.7292683646e-01
   endloop
 endfacet
 facet normal  -2.0151307899e-02 6.6577516891e-01 -7.4588025128e-01
   outer loop
     vertex 1.1131989401e+01 0.0000000000e+00 3.0016379620e-01
     vertex 1.0784366395e+01 0.0000000000e+00 3.0955546224e-01
     vertex 1.1539541260e+01 7.6604444312e-01 9.7292683646e-01
   endloop
 endfacet
 facet normal  -2.0151307899e-02 6.6577516891e-01 -7.4588025128e-01
   outer loop
     vertex 1.1539541260e+01 7.6604444312e-01 9.7292683646e-01
     vertex 1.0784366395e+01 0.0000000000e+00 3.0955546224e-01
     vertex 1.1244061705e+01 7.6604444312e-01 9.8090975259e-01
   endloop
 endfacet
 facet normal  -5.6168881818e-02 6.7690817178e-01 -7.3392123807e-01
   outer loop
     vertex 1.0784366395e+01 0.0000000000e+00 3.0955546224e-01
     vertex 1.0506231346e+01 0.0000000000e+00 3.3084185361e-01
     vertex 1.1244061705e+01 7.6604444312e-01 9.8090975259e-01
   endloop
 endfacet
 facet normal  -5.6168881818e-02 6.7690817178e-01 -7.3392123807e-01
   outer loop
     vertex 1.1244061705e+01 7.6604444312e-01 9.8090975259e-01
     vertex 1.0506231346e+01 0.0000000000e+00 3.3084185361e-01
     vertex 1.1007646913e+01 7.6604444312e-01 9.9900318526e-01
   endloop
 endfacet
 facet normal  -1.0166260958e-01 6.9087357162e-01 -7.1579216386e-01
   outer loop
     vertex 1.0506231346e+01 0.0000000000e+00 3.3084185361e-01
     vertex 1.0295938531e+01 0.0000000000e+00 3.6070934516e-01
     vertex 1.1007646913e+01 7.6604444312e-01 9.9900318526e-01
   endloop
 endfacet
 facet normal  -1.0166260958e-01 6.9087357162e-01 -7.1579216386e-01
   outer loop
     vertex 1.1007646913e+01 7.6604444312e-01 9.9900318526e-01
     vertex 1.0295938531e+01 0.0000000000e+00 3.6070934516e-01
     vertex 1.0828898020e+01 7.6604444312e-01 1.0243905531e+00
   endloop
 endfacet
 facet normal  -1.6428994360e-01 7.0871756429e-01 -6.8609636968e-01
   outer loop
     vertex 1.0295938531e+01 0.0000000000e+00 3.6070934516e-01
     vertex 1.0144835601e+01 0.0000000000e+00 3.9689185964e-01
     vertex 1.0828898020e+01 7.6604444312e-01 1.0243905531e+00
   endloop
 endfacet
 facet normal  -1.6428994360e-01 7.0871756429e-01 -6.8609636968e-01
   outer loop
     vertex 1.0828898020e+01 7.6604444312e-01 1.0243905531e+00
     vertex 1.0144835601e+01 0.0000000000e+00 3.9689185964e-01
     vertex 1.0700460530e+01 7.6604444312e-01 1.0551456904e+00
   endloop
 endfacet
 facet normal  -2.7001952843e-01 7.3267058426e-01 -6.2472655557e-01
   outer loop
     vertex 1.0144835601e+01 0.0000000000e+00 3.9689185964e-01
     vertex 1.0043706768e+01 0.0000000000e+00 4.4060179874e-01
     vertex 1.0700460530e+01 7.6604444312e-01 1.0551456904e+00
   endloop
 endfacet
 facet normal  -2.7001952843e-01 7.3267058426e-01 -6.2472655557e-01
   outer loop
     vertex 1.0700460530e+01 7.6604444312e-01 1.0551456904e+00
     vertex 1.0043706768e+01 0.0000000000e+00 4.4060179874e-01
     vertex 1.0614501022e+01 7.6604444312e-01 1.0922991386e+00
   endloop
 endfacet
 facet normal  -5.4062897939e-01 7.4126123696e-01 -3.9780910652e-01
   outer loop
     vertex 1.0043706768e+01 0.0000000000e+00 4.4060179874e-01
     vertex 1.0000000000e+01 0.0000000000e+00 5.0000000000e-01
     vertex 1.0614501022e+01 7.6604444312e-01 1.0922991386e+00
   endloop
 endfacet
 facet normal  -5.4062897939e-01 7.4126123696e-01 -3.9780910652e-01
   outer loop
     vertex 1.0614501022e+01 7.6604444312e-01 1.0922991386e+00
     vertex 1.0000000000e+01 0.0000000000e+00 5.0000000000e-01
     vertex 1.0577350269e+01 7.6604444312e-01 1.1427876097e+00
   endloop
 endfacet
 facet normal  -8.0063989077e-01 1.0908361516e-01 5.8913201425e-01
   outer loop
     vertex 1.0000000000e+01 0.0000000000e+00 5.0000000000e-01
     vertex 1.0614501022e+01 7.6604444312e-01 1.1932760808e+00
     vertex 1.0577350269e+01 7.6604444312e-01 1.1427876097e+00
   endloop
 endfacet
 facet normal  -8.0063989077e-01 1.0908361516e-01 5.8913201425e-01
   outer loop
     vertex 1.0000000000e+01 0.0000000000e+00 5.0000000000e-01
     vertex 1.0043706768e+01 0.0000000000e+00 5.5939820126e-01
     vertex 1.0614501022e+01 7.6604444312e-01 1.1932760808e+00
   endloop
 endfacet
 facet normal  -3.5990169074e-01 -4.2084800966e-01 8.3268104684e-01
   outer loop
     vertex 1.0043706768e+01 0.0000000000e+00 5.5939820126e-01
     vertex 1.0700460530e+01 7.6604444312e-01 1.2304295290e+00
     vertex 1.0614501022e+01 7.6604444312e-01 1.1932760808e+00
   endloop
 endfacet
 facet normal  -3.5990169074e-01 -4.2084800966e-01 8.3268104684e-01
   outer loop
     vertex 1.0043706768e+01 0.0000000000e+00 5.5939820126e-01
     vertex 1.0144835601e+01 0.0000000000e+00 6.0310814036e-01
     vertex 1.0700460530e+01 7.6604444312e-01 1.2304295290e+00
   endloop
 endfacet
 facet normal  -1.9725470687e-01 -5.3151433890e-01 8.2376154812e-01
   outer loop
     vertex 1.0144835601e+01 0.0000000000e+00 6.0310814036e-01
     vertex 1.0828898020e+01 7.6604444312e-01 1.2611846663e+00
     vertex 1.0700460530e+01 7.6604444312e-01 1.2304295290e+00
   endloop
 endfacet
 facet normal  -1.9725470687e-01 -5.3151433890e-01 8.2376154812e-01
   outer loop
     vertex 1.0144835601e+01 0.0000000000e+00 6.0310814036e-01
     vertex 1.0295938531e+01 0.0000000000e+00 6.3929065484e-01
     vertex 1.0828898020e+01 7.6604444312e-01 1.2611846663e+00
   endloop
 endfacet
 facet normal  -1.1487707395e-01 -5.7670778181e-01 8.0883335260e-01
   outer loop
     vertex 1.0295938531e+01 0.0000000000e+00 6.3929065484e-01
     vertex 1.1007646913e+01 7.6604444312e-01 1.2865720341e+00
     vertex 1.0828898020e+01 7.6604444312e-01 1.2611846663e+00
   endloop
 endfacet
 facet normal  -1.1487707395e-01 -5.7670778181e-01 8.0883335260e-01
   outer loop
     vertex 1.0295938531e+01 0.0000000000e+00 6.3929065484e-01
     vertex 1.0506231346e+01 0.0000000000e+00 6.6915814639e-01
     vertex 1.1007646913e+01 7.6604444312e-01 1.2865720341e+00
   endloop
 endfacet
 facet normal  -6.0939779824e-02 -6.0187818790e-01 7.9625937368e-01
   outer loop
     vertex 1.0506231346e+01 0.0000000000e+00 6.6915814639e-01
     vertex 1.1244061705e+01 7.6604444312e-01 1.3046654668e+00
     vertex 1.1007646913e+01 7.6604444312e-01 1.2865720341e+00
   endloop
 endfacet
 facet normal  -6.0939779824e-02 -6.0187818790e-01 7.9625937368e-01
   outer loop
     vertex 1.0506231346e+01 0.0000000000e+00 6.6915814639e-01
     vertex 1.0784366395e+01 0.0000000000e+00 6.9044453776e-01
     vertex 1.1244061705e+01 7.6604444312e-01 1.3046654668e+00
   endloop
 endfacet
 facet normal  -2.1240244398e-02 -6.1762465667e-01 7.8618613285e-01
   outer loop
     vertex 1.0784366395e+01 0.0000000000e+00 6.9044453776e-01
     vertex 1.1539541260e+01 7.6604444312e-01 1.3126483829e+00
     vertex 1.1244061705e+01 7.6604444312e-01 1.3046654668e+00
   endloop
 endfacet
 facet normal  -2.1240244398e-02 -6.1762465667e-01 7.8618613285e-01
   outer loop
     vertex 1.0784366395e+01 0.0000000000e+00 6.9044453776e-01
     vertex 1.1131989401e+01 0.0000000000e+00 6.9983620380e-01
     vertex 1.1539541260e+01 7.6604444312e-01 1.3126483829e+00
   endloop
 endfacet
 facet normal  8.9552930546e-03 -6.2755635708e-01 7.7851963458e-01
   outer loop
     vertex 1.1131989401e+01 0.0000000000e+00 6.9983620380e-01
     vertex 1.1885000304e+01 7.6604444312e-01 1.3086745757e+00
     vertex 1.1539541260e+01 7.6604444312e-01 1.3126483829e+00
   endloop
 endfacet
 facet normal  8.9552930546e-03 -6.2755635708e-01 7.7851963458e-01
   outer loop
     vertex 1.1131989401e+01 0.0000000000e+00 6.9983620380e-01
     vertex 1.1538411806e+01 0.0000000000e+00 6.9516113643e-01
     vertex 1.1885000304e+01 7.6604444312e-01 1.3086745757e+00
   endloop
 endfacet
 facet normal  3.1606700060e-02 -6.3347689244e-01 7.7311580197e-01
   outer loop
     vertex 1.1538411806e+01 0.0000000000e+00 6.9516113643e-01
     vertex 1.2259329960e+01 7.6604444312e-01 1.2933711436e+00
     vertex 1.1885000304e+01 7.6604444312e-01 1.3086745757e+00
   endloop
 endfacet
 facet normal  3.1606700060e-02 -6.3347689244e-01 7.7311580197e-01
   outer loop
     vertex 1.1538411806e+01 0.0000000000e+00 6.9516113643e-01
     vertex 1.1978799637e+01 0.0000000000e+00 6.7715709869e-01
     vertex 1.2259329960e+01 7.6604444312e-01 1.2933711436e+00
   endloop
 endfacet
 facet normal  4.8034957669e-02 -6.3668568676e-01 7.6962586957e-01
   outer loop
     vertex 1.1978799637e+01 0.0000000000e+00 6.7715709869e-01
     vertex 1.2418704413e+01 0.0000000000e+00 6.4970115139e-01
     vertex 1.2259329960e+01 7.6604444312e-01 1.2933711436e+00
   endloop
 endfacet
 facet normal  4.8034957669e-02 -6.3668568676e-01 7.6962586957e-01
   outer loop
     vertex 1.2259329960e+01 7.6604444312e-01 1.2933711436e+00
     vertex 1.2418704413e+01 0.0000000000e+00 6.4970115139e-01
     vertex 1.2633249020e+01 7.6604444312e-01 1.2700335884e+00
   endloop
 endfacet
 facet normal  5.9766796784e-02 -6.3825265701e-01 7.6750340444e-01
   outer loop
     vertex 1.2418704413e+01 0.0000000000e+00 6.4970115139e-01
     vertex 1.2823942596e+01 0.0000000000e+00 6.1814456420e-01
     vertex 1.2633249020e+01 7.6604444312e-01 1.2700335884e+00
   endloop
 endfacet
 facet normal  5.9766796784e-02 -6.3825265701e-01 7.6750340444e-01
   outer loop
     vertex 1.2633249020e+01 7.6604444312e-01 1.2700335884e+00
     vertex 1.2823942596e+01 0.0000000000e+00 6.1814456420e-01
     vertex 1.2977701475e+01 7.6604444312e-01 1.2432104893e+00
   endloop
 endfacet
 facet normal  6.8307861783e-02 -6.3892690244e-01 7.6622871870e-01
   outer loop
     vertex 1.2823942596e+01 0.0000000000e+00 6.1814456420e-01
     vertex 1.3170343283e+01 0.0000000000e+00 5.8726358868e-01
     vertex 1.2977701475e+01 7.6604444312e-01 1.2432104893e+00
   endloop
 endfacet
 facet normal  6.8307861783e-02 -6.3892690244e-01 7.6622871870e-01
   outer loop
     vertex 1.2977701475e+01 7.6604444312e-01 1.2432104893e+00
     vertex 1.3170343283e+01 0.0000000000e+00 5.8726358868e-01
     vertex 1.3272142060e+01 7.6604444312e-01 1.2169616601e+00
   endloop
 endfacet
 facet normal  7.4750203531e-02 -6.3914132729e-01 7.6544808499e-01
   outer loop
     vertex 1.3170343283e+01 0.0000000000e+00 5.8726358868e-01
     vertex 1.3448005410e+01 0.0000000000e+00 5.6014835921e-01
     vertex 1.3272142060e+01 7.6604444312e-01 1.2169616601e+00
   endloop
 endfacet
 facet normal  7.4750203531e-02 -6.3914132729e-01 7.6544808499e-01
   outer loop
     vertex 1.3272142060e+01 7.6604444312e-01 1.2169616601e+00
     vertex 1.3448005410e+01 0.0000000000e+00 5.6014835921e-01
     vertex 1.3508154868e+01 7.6604444312e-01 1.1939137150e+00
   endloop
 endfacet
 facet normal  7.9704980490e-02 -6.3912674371e-01 7.6496020913e-01
   outer loop
     vertex 1.3448005410e+01 0.0000000000e+00 5.6014835921e-01
     vertex 1.3659313296e+01 0.0000000000e+00 5.3813114745e-01
     vertex 1.3508154868e+01 7.6604444312e-01 1.1939137150e+00
   endloop
 endfacet
 facet normal  7.9704980490e-02 -6.3912674371e-01 7.6496020913e-01
   outer loop
     vertex 1.3508154868e+01 7.6604444312e-01 1.1939137150e+00
     vertex 1.3659313296e+01 0.0000000000e+00 5.3813114745e-01
     vertex 1.3687766571e+01 7.6604444312e-01 1.1751990850e+00
   endloop
 endfacet
 facet normal  8.3526366916e-02 -6.3901039584e-01 7.6464963221e-01
   outer loop
     vertex 1.3659313296e+01 0.0000000000e+00 5.3813114745e-01
     vertex 1.3813857537e+01 0.0000000000e+00 5.2124953468e-01
     vertex 1.3687766571e+01 7.6604444312e-01 1.1751990850e+00
   endloop
 endfacet
 facet normal  8.3526366916e-02 -6.3901039584e-01 7.6464963221e-01
   outer loop
     vertex 1.3687766571e+01 7.6604444312e-01 1.1751990850e+00
     vertex 1.3813857537e+01 0.0000000000e+00 5.2124953468e-01
     vertex 1.3819129176e+01 7.6604444312e-01 1.1608497142e+00
   endloop
 endfacet
 facet normal  8.6405286651e-02 -6.3886472278e-01 7.6445143235e-01
   outer loop
     vertex 1.3813857537e+01 0.0000000000e+00 5.2124953468e-01
     vertex 1.3923632342e+01 0.0000000000e+00 5.0884178303e-01
     vertex 1.3819129176e+01 7.6604444312e-01 1.1608497142e+00
   endloop
 endfacet
 facet normal  8.6405286651e-02 -6.3886472278e-01 7.6445143235e-01
   outer loop
     vertex 1.3819129176e+01 7.6604444312e-01 1.1608497142e+00
     vertex 1.3923632342e+01 0.0000000000e+00 5.0884178303e-01
     vertex 1.3912437760e+01 7.6604444312e-01 1.1503031253e+00
   endloop
 endfacet
 facet normal  8.8493010306e-02 -6.3872911196e-01 7.6432591782e-01
   outer loop
     vertex 1.3923632342e+01 0.0000000000e+00 5.0884178303e-01
     vertex 1.4000000000e+01 0.0000000000e+00 5.0000000000e-01
     vertex 1.3912437760e+01 7.6604444312e-01 1.1503031253e+00
   endloop
 endfacet
 facet normal  8.8493010306e-02 -6.3872911196e-01 7.6432591782e-01
   outer loop
     vertex 1.3912437760e+01 7.6604444312e-01 1.1503031253e+00
     vertex 1.4000000000e+01 0.0000000000e+00 5.0000000000e-01
     vertex 1.3977350269e+01 7.6604444312e-01 1.1427876097e+00
   endloop
 endfacet
 facet normal  8.8197502133e-02 6.4181167175e-01 -7.6177357438e-01
   outer loop
     vertex 1.3977350269e+01 7.6604444312e-01 1.1427876097e+00
     vertex 1.3901243178e+01 1.5320888862e+00 1.7793859713e+00
     vertex 1.3954700538e+01 1.5320888862e+00 1.7855752194e+00
   endloop
 endfacet
 facet normal  8.8197502133e-02 6.4181167175e-01 -7.6177357438e-01
   outer loop
     vertex 1.3977350269e+01 7.6604444312e-01 1.1427876097e+00
     vertex 1.3912437760e+01 7.6604444312e-01 1.1352720941e+00
     vertex 1.3901243178e+01 1.5320888862e+00 1.7793859713e+00
   endloop
 endfacet
 facet normal  8.6120027422e-02 6.4191087692e-01 -7.6192766518e-01
   outer loop
     vertex 1.3912437760e+01 7.6604444312e-01 1.1352720941e+00
     vertex 1.3824400814e+01 1.5320888862e+00 1.7707005451e+00
     vertex 1.3901243178e+01 1.5320888862e+00 1.7793859713e+00
   endloop
 endfacet
 facet normal  8.6120027422e-02 6.4191087692e-01 -7.6192766518e-01
   outer loop
     vertex 1.3912437760e+01 7.6604444312e-01 1.1352720941e+00
     vertex 1.3819129176e+01 7.6604444312e-01 1.1247255052e+00
     vertex 1.3824400814e+01 1.5320888862e+00 1.7707005451e+00
   endloop
 endfacet
 facet normal  8.3248351079e-02 6.4207976606e-01 -7.6210451125e-01
   outer loop
     vertex 1.3819129176e+01 7.6604444312e-01 1.1247255052e+00
     vertex 1.3716219845e+01 1.5320888862e+00 1.7588834162e+00
     vertex 1.3824400814e+01 1.5320888862e+00 1.7707005451e+00
   endloop
 endfacet
 facet normal  8.3248351079e-02 6.4207976606e-01 -7.6210451125e-01
   outer loop
     vertex 1.3819129176e+01 7.6604444312e-01 1.1247255052e+00
     vertex 1.3687766571e+01 7.6604444312e-01 1.1103761344e+00
     vertex 1.3716219845e+01 1.5320888862e+00 1.7588834162e+00
   endloop
 endfacet
 facet normal  7.9424967200e-02 6.4236425521e-01 -7.6227281089e-01
   outer loop
     vertex 1.3687766571e+01 7.6604444312e-01 1.1103761344e+00
     vertex 1.3568304325e+01 1.5320888862e+00 1.7434713679e+00
     vertex 1.3716219845e+01 1.5320888862e+00 1.7588834162e+00
   endloop
 endfacet
 facet normal  7.9424967200e-02 6.4236425521e-01 -7.6227281089e-01
   outer loop
     vertex 1.3687766571e+01 7.6604444312e-01 1.1103761344e+00
     vertex 1.3508154868e+01 7.6604444312e-01 1.0916615044e+00
     vertex 1.3568304325e+01 1.5320888862e+00 1.7434713679e+00
   endloop
 endfacet
 facet normal  7.4449948189e-02 6.4284051971e-01 -7.6237344618e-01
   outer loop
     vertex 1.3508154868e+01 7.6604444312e-01 1.0916615044e+00
     vertex 1.3373940837e+01 1.5320888862e+00 1.7244907073e+00
     vertex 1.3568304325e+01 1.5320888862e+00 1.7434713679e+00
   endloop
 endfacet
 facet normal  7.4449948189e-02 6.4284051971e-01 -7.6237344618e-01
   outer loop
     vertex 1.3508154868e+01 7.6604444312e-01 1.0916615044e+00
     vertex 1.3272142060e+01 7.6604444312e-01 1.0686135593e+00
     vertex 1.3373940837e+01 1.5320888862e+00 1.7244907073e+00
   endloop
 endfacet
 facet normal  6.7957879187e-02 6.4364281216e-01 -7.6230286436e-01
   outer loop
     vertex 1.3272142060e+01 7.6604444312e-01 1.0686135593e+00
     vertex 1.3131460355e+01 1.5320888862e+00 1.7028740244e+00
     vertex 1.3373940837e+01 1.5320888862e+00 1.7244907073e+00
   endloop
 endfacet
 facet normal  6.7957879187e-02 6.4364281216e-01 -7.6230286436e-01
   outer loop
     vertex 1.3272142060e+01 7.6604444312e-01 1.0686135593e+00
     vertex 1.2977701475e+01 7.6604444312e-01 1.0423647301e+00
     vertex 1.3131460355e+01 1.5320888862e+00 1.7028740244e+00
   endloop
 endfacet
 facet normal  5.9328322980e-02 6.4500400293e-01 -7.6187268378e-01
   outer loop
     vertex 1.2977701475e+01 7.6604444312e-01 1.0423647301e+00
     vertex 1.2847793628e+01 1.5320888862e+00 1.6807844134e+00
     vertex 1.3131460355e+01 1.5320888862e+00 1.7028740244e+00
   endloop
 endfacet
 facet normal  5.9328322980e-02 6.4500400293e-01 -7.6187268378e-01
   outer loop
     vertex 1.2977701475e+01 7.6604444312e-01 1.0423647301e+00
     vertex 1.2633249020e+01 7.6604444312e-01 1.0155416310e+00
     vertex 1.2847793628e+01 1.5320888862e+00 1.6807844134e+00
   endloop
 endfacet
 facet normal  4.7479719522e-02 6.4732986388e-01 -7.6072973095e-01
   outer loop
     vertex 1.2633249020e+01 7.6604444312e-01 1.0155416310e+00
     vertex 1.2539860284e+01 1.5320888862e+00 1.6615652503e+00
     vertex 1.2847793628e+01 1.5320888862e+00 1.6807844134e+00
   endloop
 endfacet
 facet normal  4.7479719522e-02 6.4732986388e-01 -7.6072973095e-01
   outer loop
     vertex 1.2633249020e+01 7.6604444312e-01 1.0155416310e+00
     vertex 1.2259329960e+01 7.6604444312e-01 9.9220407580e-01
     vertex 1.2539860284e+01 1.5320888862e+00 1.6615652503e+00
   endloop
 endfacet
 facet normal  3.0999519619e-02 6.5121036885e-01 -7.5826386258e-01
   outer loop
     vertex 1.2259329960e+01 7.6604444312e-01 9.9220407580e-01
     vertex 1.1885000304e+01 7.6604444312e-01 9.7690064372e-01
     vertex 1.2539860284e+01 1.5320888862e+00 1.6615652503e+00
   endloop
 endfacet
 facet normal  3.0999519619e-02 6.5121036885e-01 -7.5826386258e-01
   outer loop
     vertex 1.2539860284e+01 1.5320888862e+00 1.6615652503e+00
     vertex 1.1885000304e+01 7.6604444312e-01 9.7690064372e-01
     vertex 1.2231588802e+01 1.5320888862e+00 1.6489624239e+00
   endloop
 endfacet
 facet normal  8.6689511012e-03 6.5724541079e-01 -7.5362677718e-01
   outer loop
     vertex 1.1885000304e+01 7.6604444312e-01 9.7690064372e-01
     vertex 1.1539541260e+01 7.6604444312e-01 9.7292683646e-01
     vertex 1.2231588802e+01 1.5320888862e+00 1.6489624239e+00
   endloop
 endfacet
 facet normal  8.6689511012e-03 6.5724541079e-01 -7.5362677718e-01
   outer loop
     vertex 1.2231588802e+01 1.5320888862e+00 1.6489624239e+00
     vertex 1.1539541260e+01 7.6604444312e-01 9.7292683646e-01
     vertex 1.1947093119e+01 1.5320888862e+00 1.6456898767e+00
   endloop
 endfacet
 facet normal  -2.0151307899e-02 6.6577516891e-01 -7.4588025128e-01
   outer loop
     vertex 1.1539541260e+01 7.6604444312e-01 9.7292683646e-01
     vertex 1.1244061705e+01 7.6604444312e-01 9.8090975259e-01
     vertex 1.1947093119e+01 1.5320888862e+00 1.6456898767e+00
   endloop
 endfacet
 facet normal  -2.0151307899e-02 6.6577516891e-01 -7.4588025128e-01
   outer loop
     vertex 1.1947093119e+01 1.5320888862e+00 1.6456898767e+00
     vertex 1.1244061705e+01 7.6604444312e-01 9.8090975259e-01
     vertex 1.1703757015e+01 1.5320888862e+00 1.6522640429e+00
   endloop
 endfacet
 facet normal  -5.6168881818e-02 6.7690817178e-01 -7.3392123807e-01
   outer loop
     vertex 1.1244061705e+01 7.6604444312e-01 9.8090975259e-01
     vertex 1.1007646913e+01 7.6604444312e-01 9.9900318526e-01
     vertex 1.1703757015e+01 1.5320888862e+00 1.6522640429e+00
   endloop
 endfacet
 facet normal  -5.6168881818e-02 6.7690817178e-01 -7.3392123807e-01
   outer loop
     vertex 1.1703757015e+01 1.5320888862e+00 1.6522640429e+00
     vertex 1.1007646913e+01 7.6604444312e-01 9.9900318526e-01
     vertex 1.1509062481e+01 1.5320888862e+00 1.6671645169e+00
   endloop
 endfacet
 facet normal  -1.0166260958e-01 6.9087357162e-01 -7.1579216386e-01
   outer loop
     vertex 1.1007646913e+01 7.6604444312e-01 9.9900318526e-01
     vertex 1.0828898020e+01 7.6604444312e-01 1.0243905531e+00
     vertex 1.1509062481e+01 1.5320888862e+00 1.6671645169e+00
   endloop
 endfacet
 facet normal  -1.0166260958e-01 6.9087357162e-01 -7.1579216386e-01
   outer loop
     vertex 1.1509062481e+01 1.5320888862e+00 1.6671645169e+00
     vertex 1.0828898020e+01 7.6604444312e-01 1.0243905531e+00
     vertex 1.1361857510e+01 1.5320888862e+00 1.6880717610e+00
   endloop
 endfacet
 facet normal  -1.6428994360e-01 7.0871756429e-01 -6.8609636968e-01
   outer loop
     vertex 1.0828898020e+01 7.6604444312e-01 1.0243905531e+00
     vertex 1.0700460530e+01 7.6604444312e-01 1.0551456904e+00
     vertex 1.1361857510e+01 1.5320888862e+00 1.6880717610e+00
   endloop
 endfacet
 facet normal  -1.6428994360e-01 7.0871756429e-01 -6.8609636968e-01
   outer loop
     vertex 1.1361857510e+01 1.5320888862e+00 1.6880717610e+00
     vertex 1.0700460530e+01 7.6604444312e-01 1.0551456904e+00
     vertex 1.1256085459e+01 1.5320888862e+00 1.7133995211e+00
   endloop
 endfacet
 facet normal  -2.7001952843e-01 7.3267058426e-01 -6.2472655557e-01
   outer loop
     vertex 1.0700460530e+01 7.6604444312e-01 1.0551456904e+00
     vertex 1.0614501022e+01 7.6604444312e-01 1.0922991386e+00
     vertex 1.1256085459e+01 1.5320888862e+00 1.7133995211e+00
   endloop
 endfacet
 facet normal  -2.7001952843e-01 7.3267058426e-01 -6.2472655557e-01
   outer loop
     vertex 1.1256085459e+01 1.5320888862e+00 1.7133995211e+00
     vertex 1.0614501022e+01 7.6604444312e-01 1.0922991386e+00
     vertex 1.1185295276e+01 1.5320888862e+00 1.7439964785e+00
   endloop
 endfacet
 facet normal  -5.4062897939e-01 7.4126123696e-01 -3.9780910652e-01
   outer loop
     vertex 1.0614501022e+01 7.6604444312e-01 1.0922991386e+00
     vertex 1.0577350269e+01 7.6604444312e-01 1.1427876097e+00
     vertex 1.1185295276e+01 1.5320888862e+00 1.7439964785e+00
   endloop
 endfacet
 facet normal  -5.4062897939e-01 7.4126123696e-01 -3.9780910652e-01
   outer loop
     vertex 1.1185295276e+01 1.5320888862e+00 1.7439964785e+00
     vertex 1.0577350269e+01 7.6604444312e-01 1.1427876097e+00
     vertex 1.1154700538e+01 1.5320888862e+00 1.7855752194e+00
   endloop
 endfacet
 facet normal  -8.0063989077e-01 1.0908361516e-01 5.8913201425e-01
   outer loop
     vertex 1.0577350269e+01 7.6604444312e-01 1.1427876097e+00
     vertex 1.1185295276e+01 1.5320888862e+00 1.8271539603e+00
     vertex 1.1154700538e+01 1.5320888862e+00 1.7855752194e+00
   endloop
 endfacet
 facet normal  -8.0063989077e-01 1.0908361516e-01 5.8913201425e-01
   outer loop
     vertex 1.0577350269e+01 7.6604444312e-01 1.1427876097e+00
     vertex 1.0614501022e+01 7.6604444312e-01 1.1932760808e+00
     vertex 1.1185295276e+01 1.5320888862e+00 1.8271539603e+00
   endloop
 endfacet
 facet normal  -3.5990169074e-01 -4.2084800966e-01 8.3268104684e-01
   outer loop
     vertex 1.0614501022e+01 7.6604444312e-01 1.1932760808e+00
     vertex 1.1256085459e+01 1.5320888862e+00 1.8577509176e+00
     vertex 1.1185295276e+01 1.5320888862e+00 1.8271539603e+00
   endloop
 endfacet
 facet normal  -3.5990169074e-01 -4.2084800966e-01 8.3268104684e-01
   outer loop
     vertex 1.0614501022e+01 7.6604444312e-01 1.1932760808e+00
     vertex 1.0700460530e+01 7.6604444312e-01 1.2304295290e+00
     vertex 1.1256085459e+01 1.5320888862e+00 1.8577509176e+00
   endloop
 endfacet
 facet normal  -1.9725470687e-01 -5.3151433890e-01 8.2376154812e-01
   outer loop
     vertex 1.0700460530e+01 7.6604444312e-01 1.2304295290e+00
     vertex 1.1361857510e+01 1.5320888862e+00 1.8830786778e+00
     vertex 1.1256085459e+01 1.5320888862e+00 1.8577509176e+00
   endloop
 endfacet
 facet normal  -1.9725470687e-01 -5.3151433890e-01 8.2376154812e-01
   outer loop
     vertex 1.0700460530e+01 7.6604444312e-01 1.2304295290e+00
     vertex 1.0828898020e+01 7.6604444312e-01 1.2611846663e+00
     vertex 1.1361857510e+01 1.5320888862e+00 1.8830786778e+00
   endloop
 endfacet
 facet normal  -1.1487707395e-01 -5.7670778181e-01 8.0883335260e-01
   outer loop
     vertex 1.0828898020e+01 7.6604444312e-01 1.2611846663e+00
     vertex 1.1509062481e+01 1.5320888862e+00 1.9039859218e+00
     vertex 1.1361857510e+01 1.5320888862e+00 1.8830786778e+00
   endloop
 endfacet
 facet normal  -1.1487707395e-01 -5.7670778181e-01 8.0883335260e-01
   outer loop
     vertex 1.0828898020e+01 7.6604444312e-01 1.2611846663e+00
     vertex 1.1007646913e+01 7.6604444312e-01 1.2865720341e+00
     vertex 1.1509062481e+01 1.5320888862e+00 1.9039859218e+00
   endloop
 endfacet
 facet normal  -6.0939779824e-02 -6.0187818790e-01 7.9625937368e-01
   outer loop
     vertex 1.1007646913e+01 7.6604444312e-01 1.2865720341e+00
     vertex 1.1703757015e+01 1.5320888862e+00 1.9188863958e+00
     vertex 1.1509062481e+01 1.5320888862e+00 1.9039859218e+00
   endloop
 endfacet
 facet normal  -6.0939779824e-02 -6.0187818790e-01 7.9625937368e-01
   outer loop
     vertex 1.1007646913e+01 7.6604444312e-01 1.2865720341e+00
     vertex 1.1244061705e+01 7.6604444312e-01 1.3046654668e+00
     vertex 1.1703757015e+01 1.5320888862e+00 1.9188863958e+00
   endloop
 endfacet
 facet normal  -2.1240244398e-02 -6.1762465667e-01 7.8618613285e-01
   outer loop
     vertex 1.1244061705e+01 7.6604444312e-01 1.3046654668e+00
     vertex 1.1947093119e+01 1.5320888862e+00 1.9254605620e+00
     vertex 1.1703757015e+01 1.5320888862e+00 1.9188863958e+00
   endloop
 endfacet
 facet normal  -2.1240244398e-02 -6.1762465667e-01 7.8618613285e-01
   outer loop
     vertex 1.1244061705e+01 7.6604444312e-01 1.3046654668e+00
     vertex 1.1539541260e+01 7.6604444312e-01 1.3126483829e+00
     vertex 1.1947093119e+01 1.5320888862e+00 1.9254605620e+00
   endloop
 endfacet
 facet normal  8.9552930546e-03 -6.2755635708e-01 7.7851963458e-01
   outer loop
     vertex 1.1539541260e+01 7.6604444312e-01 1.3126483829e+00
     vertex 1.2231588802e+01 1.5320888862e+00 1.9221880149e+00
     vertex 1.1947093119e+01 1.5320888862e+00 1.9254605620e+00
   endloop
 endfacet
 facet normal  8.9552930546e-03 -6.2755635708e-01 7.7851963458e-01
   outer loop
     vertex 1.1539541260e+01 7.6604444312e-01 1.3126483829e+00
     vertex 1.1885000304e+01 7.6604444312e-01 1.3086745757e+00
     vertex 1.2231588802e+01 1.5320888862e+00 1.9221880149e+00
   endloop
 endfacet
 facet normal  3.1606700060e-02 -6.3347689244e-01 7.7311580197e-01
   outer loop
     vertex 1.1885000304e+01 7.6604444312e-01 1.3086745757e+00
     vertex 1.2539860284e+01 1.5320888862e+00 1.9095851885e+00
     vertex 1.2231588802e+01 1.5320888862e+00 1.9221880149e+00
   endloop
 endfacet
 facet normal  3.1606700060e-02 -6.3347689244e-01 7.7311580197e-01
   outer loop
     vertex 1.1885000304e+01 7.6604444312e-01 1.3086745757e+00
     vertex 1.2259329960e+01 7.6604444312e-01 1.2933711436e+00
     vertex 1.2539860284e+01 1.5320888862e+00 1.9095851885e+00
   endloop
 endfacet
 facet normal  4.8034957669e-02 -6.3668568676e-01 7.6962586957e-01
   outer loop
     vertex 1.2259329960e+01 7.6604444312e-01 1.2933711436e+00
     vertex 1.2633249020e+01 7.6604444312e-01 1.2700335884e+00
     vertex 1.2539860284e+01 1.5320888862e+00 1.9095851885e+00
   endloop
 endfacet
 facet normal  4.8034957669e-02 -6.3668568676e-01 7.6962586957e-01
   outer loop
     vertex 1.2539860284e+01 1.5320888862e+00 1.9095851885e+00
     vertex 1.2633249020e+01 7.6604444312e-01 1.2700335884e+00
     vertex 1.2847793628e+01 1.5320888862e+00 1.8903660253e+00
   endloop
 endfacet
 facet normal  5.9766796784e-02 -6.3825265701e-01 7.6750340444e-01
   outer loop
     vertex 1.2633249020e+01 7.6604444312e-01 1.2700335884e+00
     vertex 1.2977701475e+01 7.6604444312e-01 1.2432104893e+00
     vertex 1.2847793628e+01 1.5320888862e+00 1.8903660253e+00
   endloop
 endfacet
 facet normal  5.9766796784e-02 -6.3825265701e-01 7.6750340444e-01
   outer loop
     vertex 1.2847793628e+01 1.5320888862e+00 1.8903660253e+00
     vertex 1.2977701475e+01 7.6604444312e-01 1.2432104893e+00
     vertex 1.3131460355e+01 1.5320888862e+00 1.8682764143e+00
   endloop
 endfacet
 facet normal  6.8307861783e-02 -6.3892690244e-01 7.6622871870e-01
   outer loop
     vertex 1.2977701475e+01 7.6604444312e-01 1.2432104893e+00
     vertex 1.3272142060e+01 7.6604444312e-01 1.2169616601e+00
     vertex 1.3131460355e+01 1.5320888862e+00 1.8682764143e+00
   endloop
 endfacet
 facet normal  6.8307861783e-02 -6.3892690244e-01 7.6622871870e-01
   outer loop
     vertex 1.3131460355e+01 1.5320888862e+00 1.8682764143e+00
     vertex 1.3272142060e+01 7.6604444312e-01 1.2169616601e+00
     vertex 1.3373940837e+01 1.5320888862e+00 1.8466597314e+00
   endloop
 endfacet
 facet normal  7.4750203531e-02 -6.3914132729e-01 7.6544808499e-01
   outer loop
     vertex 1.3272142060e+01 7.6604444312e-01 1.2169616601e+00
     vertex 1.3508154868e+01 7.6604444312e-01 1.1939137150e+00
     vertex 1.3373940837e+01 1.5320888862e+00 1.8466597314e+00
   endloop
 endfacet
 facet normal  7.4750203531e-02 -6.3914132729e-01 7.6544808499e-01
   outer loop
     vertex 1.3373940837e+01 1.5320888862e+00 1.8466597314e+00
     vertex 1.3508154868e+01 7.6604444312e-01 1.1939137150e+00
     vertex 1.3568304325e+01 1.5320888862e+00 1.8276790708e+00
   endloop
 endfacet
 facet normal  7.9704980490e-02 -6.3912674371e-01 7.6496020913e-01
   outer loop
     vertex 1.3508154868e+01 7.6604444312e-01 1.1939137150e+00
     vertex 1.3687766571e+01 7.6604444312e-01 1.1751990850e+00
     vertex 1.3568304325e+01 1.5320888862e+00 1.8276790708e+00
   endloop
 endfacet
 facet normal  7.9704980490e-02 -6.3912674371e-01 7.6496020913e-01
   outer loop
     vertex 1.3568304325e+01 1.5320888862e+00 1.8276790708e+00
     vertex 1.3687766571e+01 7.6604444312e-01 1.1751990850e+00
     vertex 1.3716219845e+01 1.5320888862e+00 1.8122670226e+00
   endloop
 endfacet
 facet normal  8.3526366916e-02 -6.3901039584e-01 7.6464963221e-01
   outer loop
     vertex 1.3687766571e+01 7.6604444312e-01 1.1751990850e+00
     vertex 1.3819129176e+01 7.6604444312e-01 1.1608497142e+00
     vertex 1.3716219845e+01 1.5320888862e+00 1.8122670226e+00
   endloop
 endfacet
 facet normal  8.3526366916e-02 -6.3901039584e-01 7.6464963221e-01
   outer loop
     vertex 1.3716219845e+01 1.5320888862e+00 1.8122670226e+00
     vertex 1.3819129176e+01 7.6604444312e-01 1.1608497142e+00
     vertex 1.3824400814e+01 1.5320888862e+00 1.8004498937e+00
   endloop
 endfacet
 facet normal  8.6405286651e-02 -6.3886472278e-01 7.6445143235e-01
   outer loop
     vertex 1.3819129176e+01 7.6604444312e-01 1.1608497142e+00
     vertex 1.3912437760e+01 7.6604444312e-01 1.1503031253e+00
     vertex 1.3824400814e+01 1.5320888862e+00 1.8004498937e+00
   endloop
 endfacet
 facet normal  8.6405286651e-02 -6.3886472278e-01 7.6445143235e-01
   outer loop
     vertex 1.3824400814e+01 1.5320888862e+00 1.8004498937e+00
     vertex 1.3912437760e+01 7.6604444312e-01 1.1503031253e+00
     vertex 1.3901243178e+01 1.5320888862e+00 1.7917644675e+00
   endloop
 endfacet
 facet normal  8.8493010306e-02 -6.3872911196e-01 7.6432591782e-01
   outer loop
     vertex 1.3912437760e+01 7.6604444312e-01 1.1503031253e+00
     vertex 1.3977350269e+01 7.6604444312e-01 1.1427876097e+00
     vertex 1.3901243178e+01 1.5320888862e+00 1.7917644675e+00
   endloop
 endfacet
 facet normal  8.8493010306e-02 -6.3872911196e-01 7.6432591782e-01
   outer loop
     vertex 1.3901243178e+01 1.5320888862e+00 1.7917644675e+00
     vertex 1.3977350269e+01 7.6604444312e-01 1.1427876097e+00
     vertex 1.3954700538e+01 1.5320888862e+00 1.7855752194e+00
   endloop
 endfacet
 facet normal  8.8197502133e-02 6.4181167175e-01 -7.6177357438e-01
   outer loop
     vertex 1.3954700538e+01 1.5320888862e+00 1.7855752194e+00
     vertex 1.3890048596e+01 2.2981333294e+00 2.4234998484e+00
     vertex 1.3932050808e+01 2.2981333294e+00 2.4283628291e+00
   endloop
 endfacet
 facet normal  8.8197502133e-02 6.4181167175e-01 -7.6177357438e-01
   outer loop
     vertex 1.3954700538e+01 1.5320888862e+00 1.7855752194e+00
     vertex 1.3901243178e+01 1.5320888862e+00 1.7793859713e+00
     vertex 1.3890048596e+01 2.2981333294e+00 2.4234998484e+00
   endloop
 endfacet
 facet normal  8.6120027422e-02 6.4191087692e-01 -7.6192766518e-01
   outer loop
     vertex 1.3901243178e+01 1.5320888862e+00 1.7793859713e+00
     vertex 1.3829672453e+01 2.2981333294e+00 2.4166755850e+00
     vertex 1.3890048596e+01 2.2981333294e+00 2.4234998484e+00
   endloop
 endfacet
 facet normal  8.6120027422e-02 6.4191087692e-01 -7.6192766518e-01
   outer loop
     vertex 1.3901243178e+01 1.5320888862e+00 1.7793859713e+00
     vertex 1.3824400814e+01 1.5320888862e+00 1.7707005451e+00
     vertex 1.3829672453e+01 2.2981333294e+00 2.4166755850e+00
   endloop
 endfacet
 facet normal  8.3248351079e-02 6.4207976606e-01 -7.6210451125e-01
   outer loop
     vertex 1.3824400814e+01 1.5320888862e+00 1.7707005451e+00
     vertex 1.3744673120e+01 2.2981333294e+00 2.4073906980e+00
     vertex 1.3829672453e+01 2.2981333294e+00 2.4166755850e+00
   endloop
 endfacet
 facet normal  8.3248351079e-02 6.4207976606e-01 -7.6210451125e-01
   outer loop
     vertex 1.3824400814e+01 1.5320888862e+00 1.7707005451e+00
     vertex 1.3716219845e+01 1.5320888862e+00 1.7588834162e+00
     vertex 1.3744673120e+01 2.2981333294e+00 2.4073906980e+00
   endloop
 endfacet
 facet normal  7.9424967200e-02 6.4236425521e-01 -7.6227281089e-01
   outer loop
     vertex 1.3716219845e+01 1.5320888862e+00 1.7588834162e+00
     vertex 1.3628453783e+01 2.2981333294e+00 2.3952812315e+00
     vertex 1.3744673120e+01 2.2981333294e+00 2.4073906980e+00
   endloop
 endfacet
 facet normal  7.9424967200e-02 6.4236425521e-01 -7.6227281089e-01
   outer loop
     vertex 1.3716219845e+01 1.5320888862e+00 1.7588834162e+00
     vertex 1.3568304325e+01 1.5320888862e+00 1.7434713679e+00
     vertex 1.3628453783e+01 2.2981333294e+00 2.3952812315e+00
   endloop
 endfacet
 facet normal  7.4449948189e-02 6.4284051971e-01 -7.6237344618e-01
   outer loop
     vertex 1.3568304325e+01 1.5320888862e+00 1.7434713679e+00
     vertex 1.3475739613e+01 2.2981333294e+00 2.3803678553e+00
     vertex 1.3628453783e+01 2.2981333294e+00 2.3952812315e+00
   endloop
 endfacet
 facet normal  7.4449948189e-02 6.4284051971e-01 -7.6237344618e-01
   outer loop
     vertex 1.3568304325e+01 1.5320888862e+00 1.7434713679e+00
     vertex 1.3373940837e+01 1.5320888862e+00 1.7244907073e+00
     vertex 1.3475739613e+01 2.2981333294e+00 2.3803678553e+00
   endloop
 endfacet
 facet normal  6.7957879187e-02 6.4364281216e-01 -7.6230286436e-01
   outer loop
     vertex 1.3373940837e+01 1.5320888862e+00 1.7244907073e+00
     vertex 1.3285219235e+01 2.2981333294e+00 2.3633833187e+00
     vertex 1.3475739613e+01 2.2981333294e+00 2.3803678553e+00
   endloop
 endfacet
 facet normal  6.7957879187e-02 6.4364281216e-01 -7.6230286436e-01
   outer loop
     vertex 1.3373940837e+01 1.5320888862e+00 1.7244907073e+00
     vertex 1.3131460355e+01 1.5320888862e+00 1.7028740244e+00
     vertex 1.3285219235e+01 2.2981333294e+00 2.3633833187e+00
   endloop
 endfacet
 facet normal  5.9328322980e-02 6.4500400293e-01 -7.6187268378e-01
   outer loop
     vertex 1.3131460355e+01 1.5320888862e+00 1.7028740244e+00
     vertex 1.3062338235e+01 2.2981333294e+00 2.3460271958e+00
     vertex 1.3285219235e+01 2.2981333294e+00 2.3633833187e+00
   endloop
 endfacet
 facet normal  5.9328322980e-02 6.4500400293e-01 -7.6187268378e-01
   outer loop
     vertex 1.3131460355e+01 1.5320888862e+00 1.7028740244e+00
     vertex 1.2847793628e+01 1.5320888862e+00 1.6807844134e+00
     vertex 1.3062338235e+01 2.2981333294e+00 2.3460271958e+00
   endloop
 endfacet
 facet normal  4.7479719522e-02 6.4732986388e-01 -7.6072973095e-01
   outer loop
     vertex 1.2847793628e+01 1.5320888862e+00 1.6807844134e+00
     vertex 1.2820390608e+01 2.2981333294e+00 2.3309264248e+00
     vertex 1.3062338235e+01 2.2981333294e+00 2.3460271958e+00
   endloop
 endfacet
 facet normal  4.7479719522e-02 6.4732986388e-01 -7.6072973095e-01
   outer loop
     vertex 1.2847793628e+01 1.5320888862e+00 1.6807844134e+00
     vertex 1.2539860284e+01 1.5320888862e+00 1.6615652503e+00
     vertex 1.2820390608e+01 2.2981333294e+00 2.3309264248e+00
   endloop
 endfacet
 facet normal  3.0999519619e-02 6.5121036885e-01 -7.5826386258e-01
   outer loop
     vertex 1.2539860284e+01 1.5320888862e+00 1.6615652503e+00
     vertex 1.2231588802e+01 1.5320888862e+00 1.6489624239e+00
     vertex 1.2820390608e+01 2.2981333294e+00 2.3309264248e+00
   endloop
 endfacet
 facet normal  3.0999519619e-02 6.5121036885e-01 -7.5826386258e-01
   outer loop
     vertex 1.2820390608e+01 2.2981333294e+00 2.3309264248e+00
     vertex 1.2231588802e+01 1.5320888862e+00 1.6489624239e+00
     vertex 1.2578177301e+01 2.2981333294e+00 2.3210242040e+00
   endloop
 endfacet
 facet normal  8.6689511012e-03 6.5724541079e-01 -7.5362677718e-01
   outer loop
     vertex 1.2231588802e+01 1.5320888862e+00 1.6489624239e+00
     vertex 1.1947093119e+01 1.5320888862e+00 1.6456898767e+00
     vertex 1.2578177301e+01 2.2981333294e+00 2.3210242040e+00
   endloop
 endfacet
 facet normal  8.6689511012e-03 6.5724541079e-01 -7.5362677718e-01
   outer loop
     vertex 1.2578177301e+01 2.2981333294e+00 2.3210242040e+00
     vertex 1.1947093119e+01 1.5320888862e+00 1.6456898767e+00
     vertex 1.2354644978e+01 2.2981333294e+00 2.3184529170e+00
   endloop
 endfacet
 facet normal  -2.0151307899e-02 6.6577516891e-01 -7.4588025128e-01
   outer loop
     vertex 1.1947093119e+01 1.5320888862e+00 1.6456898767e+00
     vertex 1.1703757015e+01 1.5320888862e+00 1.6522640429e+00
     vertex 1.2354644978e+01 2.2981333294e+00 2.3184529170e+00
   endloop
 endfacet
 facet normal  -2.0151307899e-02 6.6577516891e-01 -7.4588025128e-01
   outer loop
     vertex 1.2354644978e+01 2.2981333294e+00 2.3184529170e+00
     vertex 1.1703757015e+01 1.5320888862e+00 1.6522640429e+00
     vertex 1.2163452325e+01 2.2981333294e+00 2.3236183333e+00
   endloop
 endfacet
 facet normal  -5.6168881818e-02 6.7690817178e-01 -7.3392123807e-01
   outer loop
     vertex 1.1703757015e+01 1.5320888862e+00 1.6522640429e+00
     vertex 1.1509062481e+01 1.5320888862e+00 1.6671645169e+00
     vertex 1.2163452325e+01 2.2981333294e+00 2.3236183333e+00
   endloop
 endfacet
 facet normal  -5.6168881818e-02 6.7690817178e-01 -7.3392123807e-01
   outer loop
     vertex 1.2163452325e+01 2.2981333294e+00 2.3236183333e+00
     vertex 1.1509062481e+01 1.5320888862e+00 1.6671645169e+00
     vertex 1.2010478048e+01 2.2981333294e+00 2.3353258485e+00
   endloop
 endfacet
 facet normal  -1.0166260958e-01 6.9087357162e-01 -7.1579216386e-01
   outer loop
     vertex 1.1509062481e+01 1.5320888862e+00 1.6671645169e+00
     vertex 1.1361857510e+01 1.5320888862e+00 1.6880717610e+00
     vertex 1.2010478048e+01 2.2981333294e+00 2.3353258485e+00
   endloop
 endfacet
 facet normal  -1.0166260958e-01 6.9087357162e-01 -7.1579216386e-01
   outer loop
     vertex 1.2010478048e+01 2.2981333294e+00 2.3353258485e+00
     vertex 1.1361857510e+01 1.5320888862e+00 1.6880717610e+00
     vertex 1.1894816999e+01 2.2981333294e+00 2.3517529689e+00
   endloop
 endfacet
 facet normal  -1.6428994360e-01 7.0871756429e-01 -6.8609636968e-01
   outer loop
     vertex 1.1361857510e+01 1.5320888862e+00 1.6880717610e+00
     vertex 1.1256085459e+01 1.5320888862e+00 1.7133995211e+00
     vertex 1.1894816999e+01 2.2981333294e+00 2.3517529689e+00
   endloop
 endfacet
 facet normal  -1.6428994360e-01 7.0871756429e-01 -6.8609636968e-01
   outer loop
     vertex 1.1894816999e+01 2.2981333294e+00 2.3517529689e+00
     vertex 1.1256085459e+01 1.5320888862e+00 1.7133995211e+00
     vertex 1.1811710388e+01 2.2981333294e+00 2.3716533519e+00
   endloop
 endfacet
 facet normal  -2.7001952843e-01 7.3267058426e-01 -6.2472655557e-01
   outer loop
     vertex 1.1256085459e+01 1.5320888862e+00 1.7133995211e+00
     vertex 1.1185295276e+01 1.5320888862e+00 1.7439964785e+00
     vertex 1.1811710388e+01 2.2981333294e+00 2.3716533519e+00
   endloop
 endfacet
 facet normal  -2.7001952843e-01 7.3267058426e-01 -6.2472655557e-01
   outer loop
     vertex 1.1811710388e+01 2.2981333294e+00 2.3716533519e+00
     vertex 1.1185295276e+01 1.5320888862e+00 1.7439964785e+00
     vertex 1.1756089530e+01 2.2981333294e+00 2.3956938184e+00
   endloop
 endfacet
 facet normal  -5.4062897939e-01 7.4126123696e-01 -3.9780910652e-01
   outer loop
     vertex 1.1185295276e+01 1.5320888862e+00 1.7439964785e+00
     vertex 1.1154700538e+01 1.5320888862e+00 1.7855752194e+00
     vertex 1.1756089530e+01 2.2981333294e+00 2.3956938184e+00
   endloop
 endfacet
 facet normal  -5.4062897939e-01 7.4126123696e-01 -3.9780910652e-01
   outer loop
     vertex 1.1756089530e+01 2.2981333294e+00 2.3956938184e+00
     vertex 1.1154700538e+01 1.5320888862e+00 1.7855752194e+00
     vertex 1.1732050808e+01 2.2981333294e+00 2.4283628291e+00
   endloop
 endfacet
 facet normal  -8.0063989077e-01 1.0908361516e-01 5.8913201425e-01
   outer loop
     vertex 1.1154700538e+01 1.5320888862e+00 1.7855752194e+00
     vertex 1.1756089530e+01 2.2981333294e+00 2.4610318398e+00
     vertex 1.1732050808e+01 2.2981333294e+00 2.4283628291e+00
   endloop
 endfacet
 facet normal  -8.0063989077e-01 1.0908361516e-01 5.8913201425e-01
   outer loop
     vertex 1.1154700538e+01 1.5320888862e+00 1.7855752194e+00
     vertex 1.1185295276e+01 1.5320888862e+00 1.8271539603e+00
     vertex 1.1756089530e+01 2.2981333294e+00 2.4610318398e+00
   endloop
 endfacet
 facet normal  -3.5990169074e-01 -4.2084800966e-01 8.3268104684e-01
   outer loop
     vertex 1.1185295276e+01 1.5320888862e+00 1.8271539603e+00
     vertex 1.1811710388e+01 2.2981333294e+00 2.4850723063e+00
     vertex 1.1756089530e+01 2.2981333294e+00 2.4610318398e+00
   endloop
 endfacet
 facet normal  -3.5990169074e-01 -4.2084800966e-01 8.3268104684e-01
   outer loop
     vertex 1.1185295276e+01 1.5320888862e+00 1.8271539603e+00
     vertex 1.1256085459e+01 1.5320888862e+00 1.8577509176e+00
     vertex 1.1811710388e+01 2.2981333294e+00 2.4850723063e+00
   endloop
 endfacet
 facet normal  -1.9725470687e-01 -5.3151433890e-01 8.2376154812e-01
   outer loop
     vertex 1.1256085459e+01 1.5320888862e+00 1.8577509176e+00
     vertex 1.1894816999e+01 2.2981333294e+00 2.5049726892e+00
     vertex 1.1811710388e+01 2.2981333294e+00 2.4850723063e+00
   endloop
 endfacet
 facet normal  -1.9725470687e-01 -5.3151433890e-01 8.2376154812e-01
   outer loop
     vertex 1.1256085459e+01 1.5320888862e+00 1.8577509176e+00
     vertex 1.1361857510e+01 1.5320888862e+00 1.8830786778e+00
     vertex 1.1894816999e+01 2.2981333294e+00 2.5049726892e+00
   endloop
 endfacet
 facet normal  -1.1487707395e-01 -5.7670778181e-01 8.0883335260e-01
   outer loop
     vertex 1.1361857510e+01 1.5320888862e+00 1.8830786778e+00
     vertex 1.2010478048e+01 2.2981333294e+00 2.5213998096e+00
     vertex 1.1894816999e+01 2.2981333294e+00 2.5049726892e+00
   endloop
 endfacet
 facet normal  -1.1487707395e-01 -5.7670778181e-01 8.0883335260e-01
   outer loop
     vertex 1.1361857510e+01 1.5320888862e+00 1.8830786778e+00
     vertex 1.1509062481e+01 1.5320888862e+00 1.9039859218e+00
     vertex 1.2010478048e+01 2.2981333294e+00 2.5213998096e+00
   endloop
 endfacet
 facet normal  -6.0939779824e-02 -6.0187818790e-01 7.9625937368e-01
   outer loop
     vertex 1.1509062481e+01 1.5320888862e+00 1.9039859218e+00
     vertex 1.2163452325e+01 2.2981333294e+00 2.5331073248e+00
     vertex 1.2010478048e+01 2.2981333294e+00 2.5213998096e+00
   endloop
 endfacet
 facet normal  -6.0939779824e-02 -6.0187818790e-01 7.9625937368e-01
   outer loop
     vertex 1.1509062481e+01 1.5320888862e+00 1.9039859218e+00
     vertex 1.1703757015e+01 1.5320888862e+00 1.9188863958e+00
     vertex 1.2163452325e+01 2.2981333294e+00 2.5331073248e+00
   endloop
 endfacet
 facet normal  -2.1240244398e-02 -6.1762465667e-01 7.8618613285e-01
   outer loop
     vertex 1.1703757015e+01 1.5320888862e+00 1.9188863958e+00
     vertex 1.2354644978e+01 2.2981333294e+00 2.5382727411e+00
     vertex 1.2163452325e+01 2.2981333294e+00 2.5331073248e+00
   endloop
 endfacet
 facet normal  -2.1240244398e-02 -6.1762465667e-01 7.8618613285e-01
   outer loop
     vertex 1.1703757015e+01 1.5320888862e+00 1.9188863958e+00
     vertex 1.1947093119e+01 1.5320888862e+00 1.9254605620e+00
     vertex 1.2354644978e+01 2.2981333294e+00 2.5382727411e+00
   endloop
 endfacet
 facet normal  8.9552930546e-03 -6.2755635708e-01 7.7851963458e-01
   outer loop
     vertex 1.1947093119e+01 1.5320888862e+00 1.9254605620e+00
     vertex 1.2578177301e+01 2.2981333294e+00 2.5357014541e+00
     vertex 1.2354644978e+01 2.2981333294e+00 2.5382727411e+00
   endloop
 endfacet
 facet normal  8.9552930546e-03 -6.2755635708e-01 7.7851963458e-01
   outer loop
     vertex 1.1947093119e+01 1.5320888862e+00 1.9254605620e+00
     vertex 1.2231588802e+01 1.5320888862e+00 1.9221880149e+00
     vertex 1.2578177301e+01 2.2981333294e+00 2.5357014541e+00
   endloop
 endfacet
 facet normal  3.1606700060e-02 -6.3347689244e-01 7.7311580197e-01
   outer loop
     vertex 1.2231588802e+01 1.5320888862e+00 1.9221880149e+00
     vertex 1.2820390608e+01 2.2981333294e+00 2.5257992333e+00
     vertex 1.2578177301e+01 2.2981333294e+00 2.5357014541e+00
   endloop
 endfacet
 facet normal  3.1606700060e-02 -6.3347689244e-01 7.7311580197e-01
   outer loop
     vertex 1.2231588802e+01 1.5320888862e+00 1.9221880149e+00
     vertex 1.2539860284e+01 1.5320888862e+00 1.9095851885e+00
     vertex 1.2820390608e+01 2.2981333294e+00 2.5257992333e+00
   endloop
 endfacet
 facet normal  4.8034957669e-02 -6.3668568676e-01 7.6962586957e-01
   outer loop
     vertex 1.2539860284e+01 1.5320888862e+00 1.9095851885e+00
     vertex 1.2847793628e+01 1.5320888862e+00 1.8903660253e+00
     vertex 1.2820390608e+01 2.2981333294e+00 2.5257992333e+00
   endloop
 endfacet
 facet normal  4.8034957669e-02 -6.3668568676e-01 7.6962586957e-01
   outer loop
     vertex 1.2820390608e+01 2.2981333294e+00 2.5257992333e+00
     vertex 1.2847793628e+01 1.5320888862e+00 1.8903660253e+00
     vertex 1.3062338235e+01 2.2981333294e+00 2.5106984623e+00
   endloop
 endfacet
 facet normal  5.9766796784e-02 -6.3825265701e-01 7.6750340444e-01
   outer loop
     vertex 1.2847793628e+01 1.5320888862e+00 1.8903660253e+00
     vertex 1.3131460355e+01 1.5320888862e+00 1.8682764143e+00
     vertex 1.3062338235e+01 2.2981333294e+00 2.5106984623e+00
   endloop
 endfacet
 facet normal  5.9766796784e-02 -6.3825265701e-01 7.6750340444e-01
   outer loop
     vertex 1.3062338235e+01 2.2981333294e+00 2.5106984623e+00
     vertex 1.3131460355e+01 1.5320888862e+00 1.8682764143e+00
     vertex 1.3285219235e+01 2.2981333294e+00 2.4933423394e+00
   endloop
 endfacet
 facet normal  6.8307861783e-02 -6.3892690244e-01 7.6622871870e-01
   outer loop
     vertex 1.3131460355e+01 1.5320888862e+00 1.8682764143e+00
     vertex 1.3373940837e+01 1.5320888862e+00 1.8466597314e+00
     vertex 1.3285219235e+01 2.2981333294e+00 2.4933423394e+00
   endloop
 endfacet
 facet normal  6.8307861783e-02 -6.3892690244e-01 7.6622871870e-01
   outer loop
     vertex 1.3285219235e+01 2.2981333294e+00 2.4933423394e+00
     vertex 1.3373940837e+01 1.5320888862e+00 1.8466597314e+00
     vertex 1.3475739613e+01 2.2981333294e+00 2.4763578028e+00
   endloop
 endfacet
 facet normal  7.4750203531e-02 -6.3914132729e-01 7.6544808499e-01
   outer loop
     vertex 1.3373940837e+01 1.5320888862e+00 1.8466597314e+00
     vertex 1.3568304325e+01 1.5320888862e+00 1.8276790708e+00
     vertex 1.3475739613e+01 2.2981333294e+00 2.4763578028e+00
   endloop
 endfacet
 facet normal  7.4750203531e-02 -6.3914132729e-01 7.6544808499e-01
   outer loop
     vertex 1.3475739613e+01 2.2981333294e+00 2.4763578028e+00
     vertex 1.3568304325e+01 1.5320888862e+00 1.8276790708e+00
     vertex 1.3628453783e+01 2.2981333294e+00 2.4614444266e+00
   endloop
 endfacet
 facet normal  7.9704980490e-02 -6.3912674371e-01 7.6496020913e-01
   outer loop
     vertex 1.3568304325e+01 1.5320888862e+00 1.8276790708e+00
     vertex 1.3716219845e+01 1.5320888862e+00 1.8122670226e+00
     vertex 1.3628453783e+01 2.2981333294e+00 2.4614444266e+00
   endloop
 endfacet
 facet normal  7.9704980490e-02 -6.3912674371e-01 7.6496020913e-01
   outer loop
     vertex 1.3628453783e+01 2.2981333294e+00 2.4614444266e+00
     vertex 1.3716219845e+01 1.5320888862e+00 1.8122670226e+00
     vertex 1.3744673120e+01 2.2981333294e+00 2.4493349602e+00
   endloop
 endfacet
 facet normal  8.3526366916e-02 -6.3901039584e-01 7.6464963221e-01
   outer loop
     vertex 1.3716219845e+01 1.5320888862e+00 1.8122670226e+00
     vertex 1.3824400814e+01 1.5320888862e+00 1.8004498937e+00
     vertex 1.3744673120e+01 2.2981333294e+00 2.4493349602e+00
   endloop
 endfacet
 facet normal  8.3526366916e-02 -6.3901039584e-01 7.6464963221e-01
   outer loop
     vertex 1.3744673120e+01 2.2981333294e+00 2.4493349602e+00
     vertex 1.3824400814e+01 1.5320888862e+00 1.8004498937e+00
     vertex 1.3829672453e+01 2.2981333294e+00 2.4400500731e+00
   endloop
 endfacet
 facet normal  8.6405286651e-02 -6.3886472278e-01 7.6445143235e-01
   outer loop
     vertex 1.3824400814e+01 1.5320888862e+00 1.8004498937e+00
     vertex 1.3901243178e+01 1.5320888862e+00 1.7917644675e+00
     vertex 1.3829672453e+01 2.2981333294e+00 2.4400500731e+00
   endloop
 endfacet
 facet normal  8.6405286651e-02 -6.3886472278e-01 7.6445143235e-01
   outer loop
     vertex 1.3829672453e+01 2.2981333294e+00 2.4400500731e+00
     vertex 1.3901243178e+01 1.5320888862e+00 1.7917644675e+00
     vertex 1.3890048596e+01 2.2981333294e+00 2.4332258097e+00
   endloop
 endfacet
 facet normal  8.8493010306e-02 -6.3872911196e-01 7.6432591782e-01
   outer loop
     vertex 1.3901243178e+01 1.5320888862e+00 1.7917644675e+00
     vertex 1.3954700538e+01 1.5320888862e+00 1.7855752194e+00
     vertex 1.3890048596e+01 2.2981333294e+00 2.4332258097e+00
   endloop
 endfacet
 facet normal  8.8493010306e-02 -6.3872911196e-01 7.6432591782e-01
   outer loop
     vertex 1.3890048596e+01 2.2981333294e+00 2.4332258097e+00
     vertex 1.3954700538e+01 1.5320888862e+00 1.7855752194e+00
     vertex 1.3932050808e+01 2.2981333294e+00 2.4283628291e+00
   endloop
 endfacet
 facet normal  8.8197502133e-02 6.4181167175e-01 -7.6177357438e-01
   outer loop
     vertex 1.3932050808e+01 2.2981333294e+00 2.4283628291e+00
     vertex 1.3878854014e+01 3.0641777725e+00 3.0676137255e+00
     vertex 1.3909401077e+01 3.0641777725e+00 3.0711504387e+00
   endloop
 endfacet
 facet normal  8.8197502133e-02 6.4181167175e-01 -7.6177357438e-01
   outer loop
     vertex 1.3932050808e+01 2.2981333294e+00 2.4283628291e+00
     vertex 1.3890048596e+01 2.2981333294e+00 2.4234998484e+00
     vertex 1.3878854014e+01 3.0641777725e+00 3.0676137255e+00
   endloop
 endfacet
 facet normal  8.6120027422e-02 6.4191087692e-01 -7.6192766518e-01
   outer loop
     vertex 1.3890048596e+01 2.2981333294e+00 2.4234998484e+00
     vertex 1.3834944091e+01 3.0641777725e+00 3.0626506249e+00
     vertex 1.3878854014e+01 3.0641777725e+00 3.0676137255e+00
   endloop
 endfacet
 facet normal  8.6120027422e-02 6.4191087692e-01 -7.6192766518e-01
   outer loop
     vertex 1.3890048596e+01 2.2981333294e+00 2.4234998484e+00
     vertex 1.3829672453e+01 2.2981333294e+00 2.4166755850e+00
     vertex 1.3834944091e+01 3.0641777725e+00 3.0626506249e+00
   endloop
 endfacet
 facet normal  8.3248351079e-02 6.4207976606e-01 -7.6210451125e-01
   outer loop
     vertex 1.3829672453e+01 2.2981333294e+00 2.4166755850e+00
     vertex 1.3773126395e+01 3.0641777725e+00 3.0558979798e+00
     vertex 1.3834944091e+01 3.0641777725e+00 3.0626506249e+00
   endloop
 endfacet
 facet normal  8.3248351079e-02 6.4207976606e-01 -7.6210451125e-01
   outer loop
     vertex 1.3829672453e+01 2.2981333294e+00 2.4166755850e+00
     vertex 1.3744673120e+01 2.2981333294e+00 2.4073906980e+00
     vertex 1.3773126395e+01 3.0641777725e+00 3.0558979798e+00
   endloop
 endfacet
 facet normal  7.9424967200e-02 6.4236425521e-01 -7.6227281089e-01
   outer loop
     vertex 1.3744673120e+01 2.2981333294e+00 2.4073906980e+00
     vertex 1.3688603241e+01 3.0641777725e+00 3.0470910951e+00
     vertex 1.3773126395e+01 3.0641777725e+00 3.0558979798e+00
   endloop
 endfacet
 facet normal  7.9424967200e-02 6.4236425521e-01 -7.6227281089e-01
   outer loop
     vertex 1.3744673120e+01 2.2981333294e+00 2.4073906980e+00
     vertex 1.3628453783e+01 2.2981333294e+00 2.3952812315e+00
     vertex 1.3688603241e+01 3.0641777725e+00 3.0470910951e+00
   endloop
 endfacet
 facet normal  7.4449948189e-02 6.4284051971e-01 -7.6237344618e-01
   outer loop
     vertex 1.3628453783e+01 2.2981333294e+00 2.3952812315e+00
     vertex 1.3577538390e+01 3.0641777725e+00 3.0362450033e+00
     vertex 1.3688603241e+01 3.0641777725e+00 3.0470910951e+00
   endloop
 endfacet
 facet normal  7.4449948189e-02 6.4284051971e-01 -7.6237344618e-01
   outer loop
     vertex 1.3628453783e+01 2.2981333294e+00 2.3952812315e+00
     vertex 1.3475739613e+01 2.2981333294e+00 2.3803678553e+00
     vertex 1.3577538390e+01 3.0641777725e+00 3.0362450033e+00
   endloop
 endfacet
 facet normal  6.7957879187e-02 6.4364281216e-01 -7.6230286436e-01
   outer loop
     vertex 1.3475739613e+01 2.2981333294e+00 2.3803678553e+00
     vertex 1.3438978115e+01 3.0641777725e+00 3.0238926131e+00
     vertex 1.3577538390e+01 3.0641777725e+00 3.0362450033e+00
   endloop
 endfacet
 facet normal  6.7957879187e-02 6.4364281216e-01 -7.6230286436e-01
   outer loop
     vertex 1.3475739613e+01 2.2981333294e+00 2.3803678553e+00
     vertex 1.3285219235e+01 2.2981333294e+00 2.3633833187e+00
     vertex 1.3438978115e+01 3.0641777725e+00 3.0238926131e+00
   endloop
 endfacet
 facet normal  5.9328322980e-02 6.4500400293e-01 -7.6187268378e-01
   outer loop
     vertex 1.3285219235e+01 2.2981333294e+00 2.3633833187e+00
     vertex 1.3276882842e+01 3.0641777725e+00 3.0112699782e+00
     vertex 1.3438978115e+01 3.0641777725e+00 3.0238926131e+00
   endloop
 endfacet
 facet normal  5.9328322980e-02 6.4500400293e-01 -7.6187268378e-01
   outer loop
     vertex 1.3285219235e+01 2.2981333294e+00 2.3633833187e+00
     vertex 1.3062338235e+01 2.2981333294e+00 2.3460271958e+00
     vertex 1.3276882842e+01 3.0641777725e+00 3.0112699782e+00
   endloop
 endfacet
 facet normal  4.7479719522e-02 6.4732986388e-01 -7.6072973095e-01
   outer loop
     vertex 1.3062338235e+01 2.2981333294e+00 2.3460271958e+00
     vertex 1.3100920931e+01 3.0641777725e+00 3.0002875993e+00
     vertex 1.3276882842e+01 3.0641777725e+00 3.0112699782e+00
   endloop
 endfacet
 facet normal  4.7479719522e-02 6.4732986388e-01 -7.6072973095e-01
   outer loop
     vertex 1.3062338235e+01 2.2981333294e+00 2.3460271958e+00
     vertex 1.2820390608e+01 2.2981333294e+00 2.3309264248e+00
     vertex 1.3100920931e+01 3.0641777725e+00 3.0002875993e+00
   endloop
 endfacet
 facet normal  3.0999519619e-02 6.5121036885e-01 -7.5826386258e-01
   outer loop
     vertex 1.2820390608e+01 2.2981333294e+00 2.3309264248e+00
     vertex 1.2578177301e+01 2.2981333294e+00 2.3210242040e+00
     vertex 1.3100920931e+01 3.0641777725e+00 3.0002875993e+00
   endloop
 endfacet
 facet normal  3.0999519619e-02 6.5121036885e-01 -7.5826386258e-01
   outer loop
     vertex 1.3100920931e+01 3.0641777725e+00 3.0002875993e+00
     vertex 1.2578177301e+01 2.2981333294e+00 2.3210242040e+00
     vertex 1.2924765799e+01 3.0641777725e+00 2.9930859842e+00
   endloop
 endfacet
 facet normal  8.6689511012e-03 6.5724541079e-01 -7.5362677718e-01
   outer loop
     vertex 1.2578177301e+01 2.2981333294e+00 2.3210242040e+00
     vertex 1.2354644978e+01 2.2981333294e+00 2.3184529170e+00
     vertex 1.2924765799e+01 3.0641777725e+00 2.9930859842e+00
   endloop
 endfacet
 facet normal  8.6689511012e-03 6.5724541079e-01 -7.5362677718e-01
   outer loop
     vertex 1.2924765799e+01 3.0641777725e+00 2.9930859842e+00
     vertex 1.2354644978e+01 2.2981333294e+00 2.3184529170e+00
     vertex 1.2762196837e+01 3.0641777725e+00 2.9912159572e+00
   endloop
 endfacet
 facet normal  -2.0151307899e-02 6.6577516891e-01 -7.4588025128e-01
   outer loop
     vertex 1.2354644978e+01 2.2981333294e+00 2.3184529170e+00
     vertex 1.2163452325e+01 2.2981333294e+00 2.3236183333e+00
     vertex 1.2762196837e+01 3.0641777725e+00 2.9912159572e+00
   endloop
 endfacet
 facet normal  -2.0151307899e-02 6.6577516891e-01 -7.4588025128e-01
   outer loop
     vertex 1.2762196837e+01 3.0641777725e+00 2.9912159572e+00
     vertex 1.2163452325e+01 2.2981333294e+00 2.3236183333e+00
     vertex 1.2623147635e+01 3.0641777725e+00 2.9949726236e+00
   endloop
 endfacet
 facet normal  -5.6168881818e-02 6.7690817178e-01 -7.3392123807e-01
   outer loop
     vertex 1.2163452325e+01 2.2981333294e+00 2.3236183333e+00
     vertex 1.2010478048e+01 2.2981333294e+00 2.3353258485e+00
     vertex 1.2623147635e+01 3.0641777725e+00 2.9949726236e+00
   endloop
 endfacet
 facet normal  -5.6168881818e-02 6.7690817178e-01 -7.3392123807e-01
   outer loop
     vertex 1.2623147635e+01 3.0641777725e+00 2.9949726236e+00
     vertex 1.2010478048e+01 2.2981333294e+00 2.3353258485e+00
     vertex 1.2511893615e+01 3.0641777725e+00 3.0034871802e+00
   endloop
 endfacet
 facet normal  -1.0166260958e-01 6.9087357162e-01 -7.1579216386e-01
   outer loop
     vertex 1.2010478048e+01 2.2981333294e+00 2.3353258485e+00
     vertex 1.1894816999e+01 2.2981333294e+00 2.3517529689e+00
     vertex 1.2511893615e+01 3.0641777725e+00 3.0034871802e+00
   endloop
 endfacet
 facet normal  -1.0166260958e-01 6.9087357162e-01 -7.1579216386e-01
   outer loop
     vertex 1.2511893615e+01 3.0641777725e+00 3.0034871802e+00
     vertex 1.1894816999e+01 2.2981333294e+00 2.3517529689e+00
     vertex 1.2427776489e+01 3.0641777725e+00 3.0154341768e+00
   endloop
 endfacet
 facet normal  -1.6428994360e-01 7.0871756429e-01 -6.8609636968e-01
   outer loop
     vertex 1.1894816999e+01 2.2981333294e+00 2.3517529689e+00
     vertex 1.1811710388e+01 2.2981333294e+00 2.3716533519e+00
     vertex 1.2427776489e+01 3.0641777725e+00 3.0154341768e+00
   endloop
 endfacet
 facet normal  -1.6428994360e-01 7.0871756429e-01 -6.8609636968e-01
   outer loop
     vertex 1.2427776489e+01 3.0641777725e+00 3.0154341768e+00
     vertex 1.1811710388e+01 2.2981333294e+00 2.3716533519e+00
     vertex 1.2367335317e+01 3.0641777725e+00 3.0299071826e+00
   endloop
 endfacet
 facet normal  -2.7001952843e-01 7.3267058426e-01 -6.2472655557e-01
   outer loop
     vertex 1.1811710388e+01 2.2981333294e+00 2.3716533519e+00
     vertex 1.1756089530e+01 2.2981333294e+00 2.3956938184e+00
     vertex 1.2367335317e+01 3.0641777725e+00 3.0299071826e+00
   endloop
 endfacet
 facet normal  -2.7001952843e-01 7.3267058426e-01 -6.2472655557e-01
   outer loop
     vertex 1.2367335317e+01 3.0641777725e+00 3.0299071826e+00
     vertex 1.1756089530e+01 2.2981333294e+00 2.3956938184e+00
     vertex 1.2326883784e+01 3.0641777725e+00 3.0473911582e+00
   endloop
 endfacet
 facet normal  -5.4062897939e-01 7.4126123696e-01 -3.9780910652e-01
   outer loop
     vertex 1.1756089530e+01 2.2981333294e+00 2.3956938184e+00
     vertex 1.1732050808e+01 2.2981333294e+00 2.4283628291e+00
     vertex 1.2326883784e+01 3.0641777725e+00 3.0473911582e+00
   endloop
 endfacet
 facet normal  -5.4062897939e-01 7.4126123696e-01 -3.9780910652e-01
   outer loop
     vertex 1.2326883784e+01 3.0641777725e+00 3.0473911582e+00
     vertex 1.1732050808e+01 2.2981333294e+00 2.4283628291e+00
     vertex 1.2309401077e+01 3.0641777725e+00 3.0711504387e+00
   endloop
 endfacet
 facet normal  -8.0063989077e-01 1.0908361516e-01 5.8913201425e-01
   outer loop
     vertex 1.1732050808e+01 2.2981333294e+00 2.4283628291e+00
     vertex 1.2326883784e+01 3.0641777725e+00 3.0949097192e+00
     vertex 1.2309401077e+01 3.0641777725e+00 3.0711504387e+00
   endloop
 endfacet
 facet normal  -8.0063989077e-01 1.0908361516e-01 5.8913201425e-01
   outer loop
     vertex 1.1732050808e+01 2.2981333294e+00 2.4283628291e+00
     vertex 1.1756089530e+01 2.2981333294e+00 2.4610318398e+00
     vertex 1.2326883784e+01 3.0641777725e+00 3.0949097192e+00
   endloop
 endfacet
 facet normal  -3.5990169074e-01 -4.2084800966e-01 8.3268104684e-01
   outer loop
     vertex 1.1756089530e+01 2.2981333294e+00 2.4610318398e+00
     vertex 1.2367335317e+01 3.0641777725e+00 3.1123936949e+00
     vertex 1.2326883784e+01 3.0641777725e+00 3.0949097192e+00
   endloop
 endfacet
 facet normal  -3.5990169074e-01 -4.2084800966e-01 8.3268104684e-01
   outer loop
     vertex 1.1756089530e+01 2.2981333294e+00 2.4610318398e+00
     vertex 1.1811710388e+01 2.2981333294e+00 2.4850723063e+00
     vertex 1.2367335317e+01 3.0641777725e+00 3.1123936949e+00
   endloop
 endfacet
 facet normal  -1.9725470687e-01 -5.3151433890e-01 8.2376154812e-01
   outer loop
     vertex 1.1811710388e+01 2.2981333294e+00 2.4850723063e+00
     vertex 1.2427776489e+01 3.0641777725e+00 3.1268667007e+00
     vertex 1.2367335317e+01 3.0641777725e+00 3.1123936949e+00
   endloop
 endfacet
 facet normal  -1.9725470687e-01 -5.3151433890e-01 8.2376154812e-01
   outer loop
     vertex 1.1811710388e+01 2.2981333294e+00 2.4850723063e+00
     vertex 1.1894816999e+01 2.2981333294e+00 2.5049726892e+00
     vertex 1.2427776489e+01 3.0641777725e+00 3.1268667007e+00
   endloop
 endfacet
 facet normal  -1.1487707395e-01 -5.7670778181e-01 8.0883335260e-01
   outer loop
     vertex 1.1894816999e+01 2.2981333294e+00 2.5049726892e+00
     vertex 1.2511893615e+01 3.0641777725e+00 3.1388136973e+00
     vertex 1.2427776489e+01 3.0641777725e+00 3.1268667007e+00
   endloop
 endfacet
 facet normal  -1.1487707395e-01 -5.7670778181e-01 8.0883335260e-01
   outer loop
     vertex 1.1894816999e+01 2.2981333294e+00 2.5049726892e+00
     vertex 1.2010478048e+01 2.2981333294e+00 2.5213998096e+00
     vertex 1.2511893615e+01 3.0641777725e+00 3.1388136973e+00
   endloop
 endfacet
 facet normal  -6.0939779824e-02 -6.0187818790e-01 7.9625937368e-01
   outer loop
     vertex 1.2010478048e+01 2.2981333294e+00 2.5213998096e+00
     vertex 1.2623147635e+01 3.0641777725e+00 3.1473282539e+00
     vertex 1.2511893615e+01 3.0641777725e+00 3.1388136973e+00
   endloop
 endfacet
 facet normal  -6.0939779824e-02 -6.0187818790e-01 7.9625937368e-01
   outer loop
     vertex 1.2010478048e+01 2.2981333294e+00 2.5213998096e+00
     vertex 1.2163452325e+01 2.2981333294e+00 2.5331073248e+00
     vertex 1.2623147635e+01 3.0641777725e+00 3.1473282539e+00
   endloop
 endfacet
 facet normal  -2.1240244398e-02 -6.1762465667e-01 7.8618613285e-01
   outer loop
     vertex 1.2163452325e+01 2.2981333294e+00 2.5331073248e+00
     vertex 1.2762196837e+01 3.0641777725e+00 3.1510849203e+00
     vertex 1.2623147635e+01 3.0641777725e+00 3.1473282539e+00
   endloop
 endfacet
 facet normal  -2.1240244398e-02 -6.1762465667e-01 7.8618613285e-01
   outer loop
     vertex 1.2163452325e+01 2.2981333294e+00 2.5331073248e+00
     vertex 1.2354644978e+01 2.2981333294e+00 2.5382727411e+00
     vertex 1.2762196837e+01 3.0641777725e+00 3.1510849203e+00
   endloop
 endfacet
 facet normal  8.9552930546e-03 -6.2755635708e-01 7.7851963458e-01
   outer loop
     vertex 1.2354644978e+01 2.2981333294e+00 2.5382727411e+00
     vertex 1.2924765799e+01 3.0641777725e+00 3.1492148933e+00
     vertex 1.2762196837e+01 3.0641777725e+00 3.1510849203e+00
   endloop
 endfacet
 facet normal  8.9552930546e-03 -6.2755635708e-01 7.7851963458e-01
   outer loop
     vertex 1.2354644978e+01 2.2981333294e+00 2.5382727411e+00
     vertex 1.2578177301e+01 2.2981333294e+00 2.5357014541e+00
     vertex 1.2924765799e+01 3.0641777725e+00 3.1492148933e+00
   endloop
 endfacet
 facet normal  3.1606700060e-02 -6.3347689244e-01 7.7311580197e-01
   outer loop
     vertex 1.2578177301e+01 2.2981333294e+00 2.5357014541e+00
     vertex 1.3100920931e+01 3.0641777725e+00 3.1420132782e+00
     vertex 1.2924765799e+01 3.0641777725e+00 3.1492148933e+00
   endloop
 endfacet
 facet normal  3.1606700060e-02 -6.3347689244e-01 7.7311580197e-01
   outer loop
     vertex 1.2578177301e+01 2.2981333294e+00 2.5357014541e+00
     vertex 1.2820390608e+01 2.2981333294e+00 2.5257992333e+00
     vertex 1.3100920931e+01 3.0641777725e+00 3.1420132782e+00
   endloop
 endfacet
 facet normal  4.8034957669e-02 -6.3668568676e-01 7.6962586957e-01
   outer loop
     vertex 1.2820390608e+01 2.2981333294e+00 2.5257992333e+00
     vertex 1.3062338235e+01 2.2981333294e+00 2.5106984623e+00
     vertex 1.3100920931e+01 3.0641777725e+00 3.1420132782e+00
   endloop
 endfacet
 facet normal  4.8034957669e-02 -6.3668568676e-01 7.6962586957e-01
   outer loop
     vertex 1.3100920931e+01 3.0641777725e+00 3.1420132782e+00
     vertex 1.3062338235e+01 2.2981333294e+00 2.5106984623e+00
     vertex 1.3276882842e+01 3.0641777725e+00 3.1310308993e+00
   endloop
 endfacet
 facet normal  5.9766796784e-02 -6.3825265701e-01 7.6750340444e-01
   outer loop
     vertex 1.3062338235e+01 2.2981333294e+00 2.5106984623e+00
     vertex 1.3285219235e+01 2.2981333294e+00 2.4933423394e+00
     vertex 1.3276882842e+01 3.0641777725e+00 3.1310308993e+00
   endloop
 endfacet
 facet normal  5.9766796784e-02 -6.3825265701e-01 7.6750340444e-01
   outer loop
     vertex 1.3276882842e+01 3.0641777725e+00 3.1310308993e+00
     vertex 1.3285219235e+01 2.2981333294e+00 2.4933423394e+00
     vertex 1.3438978115e+01 3.0641777725e+00 3.1184082644e+00
   endloop
 endfacet
 facet normal  6.8307861783e-02 -6.3892690244e-01 7.6622871870e-01
   outer loop
     vertex 1.3285219235e+01 2.2981333294e+00 2.4933423394e+00
     vertex 1.3475739613e+01 2.2981333294e+00 2.4763578028e+00
     vertex 1.3438978115e+01 3.0641777725e+00 3.1184082644e+00
   endloop
 endfacet
 facet normal  6.8307861783e-02 -6.3892690244e-01 7.6622871870e-01
   outer loop
     vertex 1.3438978115e+01 3.0641777725e+00 3.1184082644e+00
     vertex 1.3475739613e+01 2.2981333294e+00 2.4763578028e+00
     vertex 1.3577538390e+01 3.0641777725e+00 3.1060558742e+00
   endloop
 endfacet
 facet normal  7.4750203531e-02 -6.3914132729e-01 7.6544808499e-01
   outer loop
     vertex 1.3475739613e+01 2.2981333294e+00 2.4763578028e+00
     vertex 1.3628453783e+01 2.2981333294e+00 2.4614444266e+00
     vertex 1.3577538390e+01 3.0641777725e+00 3.1060558742e+00
   endloop
 endfacet
 facet normal  7.4750203531e-02 -6.3914132729e-01 7.6544808499e-01
   outer loop
     vertex 1.3577538390e+01 3.0641777725e+00 3.1060558742e+00
     vertex 1.3628453783e+01 2.2981333294e+00 2.4614444266e+00
     vertex 1.3688603241e+01 3.0641777725e+00 3.0952097824e+00
   endloop
 endfacet
 facet normal  7.9704980490e-02 -6.3912674371e-01 7.6496020913e-01
   outer loop
     vertex 1.3628453783e+01 2.2981333294e+00 2.4614444266e+00
     vertex 1.3744673120e+01 2.2981333294e+00 2.4493349602e+00
     vertex 1.3688603241e+01 3.0641777725e+00 3.0952097824e+00
   endloop
 endfacet
 facet normal  7.9704980490e-02 -6.3912674371e-01 7.6496020913e-01
   outer loop
     vertex 1.3688603241e+01 3.0641777725e+00 3.0952097824e+00
     vertex 1.3744673120e+01 2.2981333294e+00 2.4493349602e+00
     vertex 1.3773126395e+01 3.0641777725e+00 3.0864028977e+00
   endloop
 endfacet
 facet normal  8.3526366916e-02 -6.3901039584e-01 7.6464963221e-01
   outer loop
     vertex 1.3744673120e+01 2.2981333294e+00 2.4493349602e+00
     vertex 1.3829672453e+01 2.2981333294e+00 2.4400500731e+00
     vertex 1.3773126395e+01 3.0641777725e+00 3.0864028977e+00
   endloop
 endfacet
 facet normal  8.3526366916e-02 -6.3901039584e-01 7.6464963221e-01
   outer loop
     vertex 1.3773126395e+01 3.0641777725e+00 3.0864028977e+00
     vertex 1.3829672453e+01 2.2981333294e+00 2.4400500731e+00
     vertex 1.3834944091e+01 3.0641777725e+00 3.0796502526e+00
   endloop
 endfacet
 facet normal  8.6405286651e-02 -6.3886472278e-01 7.6445143235e-01
   outer loop
     vertex 1.3829672453e+01 2.2981333294e+00 2.4400500731e+00
     vertex 1.3890048596e+01 2.2981333294e+00 2.4332258097e+00
     vertex 1.3834944091e+01 3.0641777725e+00 3.0796502526e+00
   endloop
 endfacet
 facet normal  8.6405286651e-02 -6.3886472278e-01 7.6445143235e-01
   outer loop
     vertex 1.3834944091e+01 3.0641777725e+00 3.0796502526e+00
     vertex 1.3890048596e+01 2.2981333294e+00 2.4332258097e+00
     vertex 1.3878854014e+01 3.0641777725e+00 3.0746871520e+00
   endloop
 endfacet
 facet normal  8.8493010306e-02 -6.3872911196e-01 7.6432591782e-01
   outer loop
     vertex 1.3890048596e+01 2.2981333294e+00 2.4332258097e+00
     vertex 1.3932050808e+01 2.2981333294e+00 2.4283628291e+00
     vertex 1.3878854014e+01 3.0641777725e+00 3.0746871520e+00
   endloop
 endfacet
 facet normal  8.8493010306e-02 -6.3872911196e-01 7.6432591782e-01
   outer loop
     vertex 1.3878854014e+01 3.0641777725e+00 3.0746871520e+00
     vertex 1.3932050808e+01 2.2981333294e+00 2.4283628291e+00
     vertex 1.3909401077e+01 3.0641777725e+00 3.0711504387e+00
   endloop
 endfacet
 facet normal  8.8197502133e-02 6.4181167175e-01 -7.6177357438e-01
   outer loop
     vertex 1.3909401077e+01 3.0641777725e+00 3.0711504387e+00
     vertex 1.3867659431e+01 3.8302222156e+00 3.7117276027e+00
     vertex 1.3886751346e+01 3.8302222156e+00 3.7139380484e+00
   endloop
 endfacet
 facet normal  8.8197502133e-02 6.4181167175e-01 -7.6177357438e-01
   outer loop
     vertex 1.3909401077e+01 3.0641777725e+00 3.0711504387e+00
     vertex 1.3878854014e+01 3.0641777725e+00 3.0676137255e+00
     vertex 1.3867659431e+01 3.8302222156e+00 3.7117276027e+00
   endloop
 endfacet
 facet normal  8.6120027422e-02 6.4191087692e-01 -7.6192766518e-01
   outer loop
     vertex 1.3878854014e+01 3.0641777725e+00 3.0676137255e+00
     vertex 1.3840215730e+01 3.8302222156e+00 3.7086256648e+00
     vertex 1.3867659431e+01 3.8302222156e+00 3.7117276027e+00
   endloop
 endfacet
 facet normal  8.6120027422e-02 6.4191087692e-01 -7.6192766518e-01
   outer loop
     vertex 1.3878854014e+01 3.0641777725e+00 3.0676137255e+00
     vertex 1.3834944091e+01 3.0641777725e+00 3.0626506249e+00
     vertex 1.3840215730e+01 3.8302222156e+00 3.7086256648e+00
   endloop
 endfacet
 facet normal  8.3248351079e-02 6.4207976606e-01 -7.6210451125e-01
   outer loop
     vertex 1.3834944091e+01 3.0641777725e+00 3.0626506249e+00
     vertex 1.3801579670e+01 3.8302222156e+00 3.7044052616e+00
     vertex 1.3840215730e+01 3.8302222156e+00 3.7086256648e+00
   endloop
 endfacet
 facet normal  8.3248351079e-02 6.4207976606e-01 -7.6210451125e-01
   outer loop
     vertex 1.3834944091e+01 3.0641777725e+00 3.0626506249e+00
     vertex 1.3773126395e+01 3.0641777725e+00 3.0558979798e+00
     vertex 1.3801579670e+01 3.8302222156e+00 3.7044052616e+00
   endloop
 endfacet
 facet normal  7.9424967200e-02 6.4236425521e-01 -7.6227281089e-01
   outer loop
     vertex 1.3773126395e+01 3.0641777725e+00 3.0558979798e+00
     vertex 1.3748752698e+01 3.8302222156e+00 3.6989009586e+00
     vertex 1.3801579670e+01 3.8302222156e+00 3.7044052616e+00
   endloop
 endfacet
 facet normal  7.9424967200e-02 6.4236425521e-01 -7.6227281089e-01
   outer loop
     vertex 1.3773126395e+01 3.0641777725e+00 3.0558979798e+00
     vertex 1.3688603241e+01 3.0641777725e+00 3.0470910951e+00
     vertex 1.3748752698e+01 3.8302222156e+00 3.6989009586e+00
   endloop
 endfacet
 facet normal  7.4449948189e-02 6.4284051971e-01 -7.6237344618e-01
   outer loop
     vertex 1.3688603241e+01 3.0641777725e+00 3.0470910951e+00
     vertex 1.3679337167e+01 3.8302222156e+00 3.6921221513e+00
     vertex 1.3748752698e+01 3.8302222156e+00 3.6989009586e+00
   endloop
 endfacet
 facet normal  7.4449948189e-02 6.4284051971e-01 -7.6237344618e-01
   outer loop
     vertex 1.3688603241e+01 3.0641777725e+00 3.0470910951e+00
     vertex 1.3577538390e+01 3.0641777725e+00 3.0362450033e+00
     vertex 1.3679337167e+01 3.8302222156e+00 3.6921221513e+00
   endloop
 endfacet
 facet normal  6.7957879187e-02 6.4364281216e-01 -7.6230286436e-01
   outer loop
     vertex 1.3577538390e+01 3.0641777725e+00 3.0362450033e+00
     vertex 1.3592736995e+01 3.8302222156e+00 3.6844019074e+00
     vertex 1.3679337167e+01 3.8302222156e+00 3.6921221513e+00
   endloop
 endfacet
 facet normal  6.7957879187e-02 6.4364281216e-01 -7.6230286436e-01
   outer loop
     vertex 1.3577538390e+01 3.0641777725e+00 3.0362450033e+00
     vertex 1.3438978115e+01 3.0641777725e+00 3.0238926131e+00
     vertex 1.3592736995e+01 3.8302222156e+00 3.6844019074e+00
   endloop
 endfacet
 facet normal  5.9328322980e-02 6.4500400293e-01 -7.6187268378e-01
   outer loop
     vertex 1.3438978115e+01 3.0641777725e+00 3.0238926131e+00
     vertex 1.3491427449e+01 3.8302222156e+00 3.6765127606e+00
     vertex 1.3592736995e+01 3.8302222156e+00 3.6844019074e+00
   endloop
 endfacet
 facet normal  5.9328322980e-02 6.4500400293e-01 -7.6187268378e-01
   outer loop
     vertex 1.3438978115e+01 3.0641777725e+00 3.0238926131e+00
     vertex 1.3276882842e+01 3.0641777725e+00 3.0112699782e+00
     vertex 1.3491427449e+01 3.8302222156e+00 3.6765127606e+00
   endloop
 endfacet
 facet normal  4.7479719522e-02 6.4732986388e-01 -7.6072973095e-01
   outer loop
     vertex 1.3276882842e+01 3.0641777725e+00 3.0112699782e+00
     vertex 1.3381451255e+01 3.8302222156e+00 3.6696487738e+00
     vertex 1.3491427449e+01 3.8302222156e+00 3.6765127606e+00
   endloop
 endfacet
 facet normal  4.7479719522e-02 6.4732986388e-01 -7.6072973095e-01
   outer loop
     vertex 1.3276882842e+01 3.0641777725e+00 3.0112699782e+00
     vertex 1.3100920931e+01 3.0641777725e+00 3.0002875993e+00
     vertex 1.3381451255e+01 3.8302222156e+00 3.6696487738e+00
   endloop
 endfacet
 facet normal  3.0999519619e-02 6.5121036885e-01 -7.5826386258e-01
   outer loop
     vertex 1.3100920931e+01 3.0641777725e+00 3.0002875993e+00
     vertex 1.2924765799e+01 3.0641777725e+00 2.9930859842e+00
     vertex 1.3381451255e+01 3.8302222156e+00 3.6696487738e+00
   endloop
 endfacet
 facet normal  3.0999519619e-02 6.5121036885e-01 -7.5826386258e-01
   outer loop
     vertex 1.3381451255e+01 3.8302222156e+00 3.6696487738e+00
     vertex 1.2924765799e+01 3.0641777725e+00 2.9930859842e+00
     vertex 1.3271354297e+01 3.8302222156e+00 3.6651477643e+00
   endloop
 endfacet
 facet normal  8.6689511012e-03 6.5724541079e-01 -7.5362677718e-01
   outer loop
     vertex 1.2924765799e+01 3.0641777725e+00 2.9930859842e+00
     vertex 1.2762196837e+01 3.0641777725e+00 2.9912159572e+00
     vertex 1.3271354297e+01 3.8302222156e+00 3.6651477643e+00
   endloop
 endfacet
 facet normal  8.6689511012e-03 6.5724541079e-01 -7.5362677718e-01
   outer loop
     vertex 1.3271354297e+01 3.8302222156e+00 3.6651477643e+00
     vertex 1.2762196837e+01 3.0641777725e+00 2.9912159572e+00
     vertex 1.3169748696e+01 3.8302222156e+00 3.6639789975e+00
   endloop
 endfacet
 facet normal  -2.0151307899e-02 6.6577516891e-01 -7.4588025128e-01
   outer loop
     vertex 1.2762196837e+01 3.0641777725e+00 2.9912159572e+00
     vertex 1.2623147635e+01 3.0641777725e+00 2.9949726236e+00
     vertex 1.3169748696e+01 3.8302222156e+00 3.6639789975e+00
   endloop
 endfacet
 facet normal  -2.0151307899e-02 6.6577516891e-01 -7.4588025128e-01
   outer loop
     vertex 1.3169748696e+01 3.8302222156e+00 3.6639789975e+00
     vertex 1.2623147635e+01 3.0641777725e+00 2.9949726236e+00
     vertex 1.3082842945e+01 3.8302222156e+00 3.6663269140e+00
   endloop
 endfacet
 facet normal  -5.6168881818e-02 6.7690817178e-01 -7.3392123807e-01
   outer loop
     vertex 1.2623147635e+01 3.0641777725e+00 2.9949726236e+00
     vertex 1.2511893615e+01 3.0641777725e+00 3.0034871802e+00
     vertex 1.3082842945e+01 3.8302222156e+00 3.6663269140e+00
   endloop
 endfacet
 facet normal  -5.6168881818e-02 6.7690817178e-01 -7.3392123807e-01
   outer loop
     vertex 1.3082842945e+01 3.8302222156e+00 3.6663269140e+00
     vertex 1.2511893615e+01 3.0641777725e+00 3.0034871802e+00
     vertex 1.3013309182e+01 3.8302222156e+00 3.6716485118e+00
   endloop
 endfacet
 facet normal  -1.0166260958e-01 6.9087357162e-01 -7.1579216386e-01
   outer loop
     vertex 1.2511893615e+01 3.0641777725e+00 3.0034871802e+00
     vertex 1.2427776489e+01 3.0641777725e+00 3.0154341768e+00
     vertex 1.3013309182e+01 3.8302222156e+00 3.6716485118e+00
   endloop
 endfacet
 facet normal  -1.0166260958e-01 6.9087357162e-01 -7.1579216386e-01
   outer loop
     vertex 1.3013309182e+01 3.8302222156e+00 3.6716485118e+00
     vertex 1.2427776489e+01 3.0641777725e+00 3.0154341768e+00
     vertex 1.2960735979e+01 3.8302222156e+00 3.6791153847e+00
   endloop
 endfacet
 facet normal  -1.6428994360e-01 7.0871756429e-01 -6.8609636968e-01
   outer loop
     vertex 1.2427776489e+01 3.0641777725e+00 3.0154341768e+00
     vertex 1.2367335317e+01 3.0641777725e+00 3.0299071826e+00
     vertex 1.2960735979e+01 3.8302222156e+00 3.6791153847e+00
   endloop
 endfacet
 facet normal  -1.6428994360e-01 7.0871756429e-01 -6.8609636968e-01
   outer loop
     vertex 1.2960735979e+01 3.8302222156e+00 3.6791153847e+00
     vertex 1.2367335317e+01 3.0641777725e+00 3.0299071826e+00
     vertex 1.2922960246e+01 3.8302222156e+00 3.6881610133e+00
   endloop
 endfacet
 facet normal  -2.7001952843e-01 7.3267058426e-01 -6.2472655557e-01
   outer loop
     vertex 1.2367335317e+01 3.0641777725e+00 3.0299071826e+00
     vertex 1.2326883784e+01 3.0641777725e+00 3.0473911582e+00
     vertex 1.2922960246e+01 3.8302222156e+00 3.6881610133e+00
   endloop
 endfacet
 facet normal  -2.7001952843e-01 7.3267058426e-01 -6.2472655557e-01
   outer loop
     vertex 1.2922960246e+01 3.8302222156e+00 3.6881610133e+00
     vertex 1.2326883784e+01 3.0641777725e+00 3.0473911582e+00
     vertex 1.2897678038e+01 3.8302222156e+00 3.6990884981e+00
   endloop
 endfacet
 facet normal  -5.4062897939e-01 7.4126123696e-01 -3.9780910652e-01
   outer loop
     vertex 1.2326883784e+01 3.0641777725e+00 3.0473911582e+00
     vertex 1.2309401077e+01 3.0641777725e+00 3.0711504387e+00
     vertex 1.2897678038e+01 3.8302222156e+00 3.6990884981e+00
   endloop
 endfacet
 facet normal  -5.4062897939e-01 7.4126123696e-01 -3.9780910652e-01
   outer loop
     vertex 1.2897678038e+01 3.8302222156e+00 3.6990884981e+00
     vertex 1.2309401077e+01 3.0641777725e+00 3.0711504387e+00
     vertex 1.2886751346e+01 3.8302222156e+00 3.7139380484e+00
   endloop
 endfacet
 facet normal  -8.0063989077e-01 1.0908361516e-01 5.8913201425e-01
   outer loop
     vertex 1.2309401077e+01 3.0641777725e+00 3.0711504387e+00
     vertex 1.2897678038e+01 3.8302222156e+00 3.7287875987e+00
     vertex 1.2886751346e+01 3.8302222156e+00 3.7139380484e+00
   endloop
 endfacet
 facet normal  -8.0063989077e-01 1.0908361516e-01 5.8913201425e-01
   outer loop
     vertex 1.2309401077e+01 3.0641777725e+00 3.0711504387e+00
     vertex 1.2326883784e+01 3.0641777725e+00 3.0949097192e+00
     vertex 1.2897678038e+01 3.8302222156e+00 3.7287875987e+00
   endloop
 endfacet
 facet normal  -3.5990169074e-01 -4.2084800966e-01 8.3268104684e-01
   outer loop
     vertex 1.2326883784e+01 3.0641777725e+00 3.0949097192e+00
     vertex 1.2922960246e+01 3.8302222156e+00 3.7397150835e+00
     vertex 1.2897678038e+01 3.8302222156e+00 3.7287875987e+00
   endloop
 endfacet
 facet normal  -3.5990169074e-01 -4.2084800966e-01 8.3268104684e-01
   outer loop
     vertex 1.2326883784e+01 3.0641777725e+00 3.0949097192e+00
     vertex 1.2367335317e+01 3.0641777725e+00 3.1123936949e+00
     vertex 1.2922960246e+01 3.8302222156e+00 3.7397150835e+00
   endloop
 endfacet
 facet normal  -1.9725470687e-01 -5.3151433890e-01 8.2376154812e-01
   outer loop
     vertex 1.2367335317e+01 3.0641777725e+00 3.1123936949e+00
     vertex 1.2960735979e+01 3.8302222156e+00 3.7487607121e+00
     vertex 1.2922960246e+01 3.8302222156e+00 3.7397150835e+00
   endloop
 endfacet
 facet normal  -1.9725470687e-01 -5.3151433890e-01 8.2376154812e-01
   outer loop
     vertex 1.2367335317e+01 3.0641777725e+00 3.1123936949e+00
     vertex 1.2427776489e+01 3.0641777725e+00 3.1268667007e+00
     vertex 1.2960735979e+01 3.8302222156e+00 3.7487607121e+00
   endloop
 endfacet
 facet normal  -1.1487707395e-01 -5.7670778181e-01 8.0883335260e-01
   outer loop
     vertex 1.2427776489e+01 3.0641777725e+00 3.1268667007e+00
     vertex 1.3013309182e+01 3.8302222156e+00 3.7562275850e+00
     vertex 1.2960735979e+01 3.8302222156e+00 3.7487607121e+00
   endloop
 endfacet
 facet normal  -1.1487707395e-01 -5.7670778181e-01 8.0883335260e-01
   outer loop
     vertex 1.2427776489e+01 3.0641777725e+00 3.1268667007e+00
     vertex 1.2511893615e+01 3.0641777725e+00 3.1388136973e+00
     vertex 1.3013309182e+01 3.8302222156e+00 3.7562275850e+00
   endloop
 endfacet
 facet normal  -6.0939779824e-02 -6.0187818790e-01 7.9625937368e-01
   outer loop
     vertex 1.2511893615e+01 3.0641777725e+00 3.1388136973e+00
     vertex 1.3082842945e+01 3.8302222156e+00 3.7615491829e+00
     vertex 1.3013309182e+01 3.8302222156e+00 3.7562275850e+00
   endloop
 endfacet
 facet normal  -6.0939779824e-02 -6.0187818790e-01 7.9625937368e-01
   outer loop
     vertex 1.2511893615e+01 3.0641777725e+00 3.1388136973e+00
     vertex 1.2623147635e+01 3.0641777725e+00 3.1473282539e+00
     vertex 1.3082842945e+01 3.8302222156e+00 3.7615491829e+00
   endloop
 endfacet
 facet normal  -2.1240244398e-02 -6.1762465667e-01 7.8618613285e-01
   outer loop
     vertex 1.2623147635e+01 3.0641777725e+00 3.1473282539e+00
     vertex 1.3169748696e+01 3.8302222156e+00 3.7638970994e+00
     vertex 1.3082842945e+01 3.8302222156e+00 3.7615491829e+00
   endloop
 endfacet
 facet normal  -2.1240244398e-02 -6.1762465667e-01 7.8618613285e-01
   outer loop
     vertex 1.2623147635e+01 3.0641777725e+00 3.1473282539e+00
     vertex 1.2762196837e+01 3.0641777725e+00 3.1510849203e+00
     vertex 1.3169748696e+01 3.8302222156e+00 3.7638970994e+00
   endloop
 endfacet
 facet normal  8.9552930546e-03 -6.2755635708e-01 7.7851963458e-01
   outer loop
     vertex 1.2762196837e+01 3.0641777725e+00 3.1510849203e+00
     vertex 1.3271354297e+01 3.8302222156e+00 3.7627283325e+00
     vertex 1.3169748696e+01 3.8302222156e+00 3.7638970994e+00
   endloop
 endfacet
 facet normal  8.9552930546e-03 -6.2755635708e-01 7.7851963458e-01
   outer loop
     vertex 1.2762196837e+01 3.0641777725e+00 3.1510849203e+00
     vertex 1.2924765799e+01 3.0641777725e+00 3.1492148933e+00
     vertex 1.3271354297e+01 3.8302222156e+00 3.7627283325e+00
   endloop
 endfacet
 facet normal  3.1606700060e-02 -6.3347689244e-01 7.7311580197e-01
   outer loop
     vertex 1.2924765799e+01 3.0641777725e+00 3.1492148933e+00
     vertex 1.3381451255e+01 3.8302222156e+00 3.7582273231e+00
     vertex 1.3271354297e+01 3.8302222156e+00 3.7627283325e+00
   endloop
 endfacet
 facet normal  3.1606700060e-02 -6.3347689244e-01 7.7311580197e-01
   outer loop
     vertex 1.2924765799e+01 3.0641777725e+00 3.1492148933e+00
     vertex 1.3100920931e+01 3.0641777725e+00 3.1420132782e+00
     vertex 1.3381451255e+01 3.8302222156e+00 3.7582273231e+00
   endloop
 endfacet
 facet normal  4.8034957669e-02 -6.3668568676e-01 7.6962586957e-01
   outer loop
     vertex 1.3100920931e+01 3.0641777725e+00 3.1420132782e+00
     vertex 1.3276882842e+01 3.0641777725e+00 3.1310308993e+00
     vertex 1.3381451255e+01 3.8302222156e+00 3.7582273231e+00
   endloop
 endfacet
 facet normal  4.8034957669e-02 -6.3668568676e-01 7.6962586957e-01
   outer loop
     vertex 1.3381451255e+01 3.8302222156e+00 3.7582273231e+00
     vertex 1.3276882842e+01 3.0641777725e+00 3.1310308993e+00
     vertex 1.3491427449e+01 3.8302222156e+00 3.7513633363e+00
   endloop
 endfacet
 facet normal  5.9766796784e-02 -6.3825265701e-01 7.6750340444e-01
   outer loop
     vertex 1.3276882842e+01 3.0641777725e+00 3.1310308993e+00
     vertex 1.3438978115e+01 3.0641777725e+00 3.1184082644e+00
     vertex 1.3491427449e+01 3.8302222156e+00 3.7513633363e+00
   endloop
 endfacet
 facet normal  5.9766796784e-02 -6.3825265701e-01 7.6750340444e-01
   outer loop
     vertex 1.3491427449e+01 3.8302222156e+00 3.7513633363e+00
     vertex 1.3438978115e+01 3.0641777725e+00 3.1184082644e+00
     vertex 1.3592736995e+01 3.8302222156e+00 3.7434741895e+00
   endloop
 endfacet
 facet normal  6.8307861783e-02 -6.3892690244e-01 7.6622871870e-01
   outer loop
     vertex 1.3438978115e+01 3.0641777725e+00 3.1184082644e+00
     vertex 1.3577538390e+01 3.0641777725e+00 3.1060558742e+00
     vertex 1.3592736995e+01 3.8302222156e+00 3.7434741895e+00
   endloop
 endfacet
 facet normal  6.8307861783e-02 -6.3892690244e-01 7.6622871870e-01
   outer loop
     vertex 1.3592736995e+01 3.8302222156e+00 3.7434741895e+00
     vertex 1.3577538390e+01 3.0641777725e+00 3.1060558742e+00
     vertex 1.3679337167e+01 3.8302222156e+00 3.7357539456e+00
   endloop
 endfacet
 facet normal  7.4750203531e-02 -6.3914132729e-01 7.6544808499e-01
   outer loop
     vertex 1.3577538390e+01 3.0641777725e+00 3.1060558742e+00
     vertex 1.3688603241e+01 3.0641777725e+00 3.0952097824e+00
     vertex 1.3679337167e+01 3.8302222156e+00 3.7357539456e+00
   endloop
 endfacet
 facet normal  7.4750203531e-02 -6.3914132729e-01 7.6544808499e-01
   outer loop
     vertex 1.3679337167e+01 3.8302222156e+00 3.7357539456e+00
     vertex 1.3688603241e+01 3.0641777725e+00 3.0952097824e+00
     vertex 1.3748752698e+01 3.8302222156e+00 3.7289751382e+00
   endloop
 endfacet
 facet normal  7.9704980490e-02 -6.3912674371e-01 7.6496020913e-01
   outer loop
     vertex 1.3688603241e+01 3.0641777725e+00 3.0952097824e+00
     vertex 1.3773126395e+01 3.0641777725e+00 3.0864028977e+00
     vertex 1.3748752698e+01 3.8302222156e+00 3.7289751382e+00
   endloop
 endfacet
 facet normal  7.9704980490e-02 -6.3912674371e-01 7.6496020913e-01
   outer loop
     vertex 1.3748752698e+01 3.8302222156e+00 3.7289751382e+00
     vertex 1.3773126395e+01 3.0641777725e+00 3.0864028977e+00
     vertex 1.3801579670e+01 3.8302222156e+00 3.7234708353e+00
   endloop
 endfacet
 facet normal  8.3526366916e-02 -6.3901039584e-01 7.6464963221e-01
   outer loop
     vertex 1.3773126395e+01 3.0641777725e+00 3.0864028977e+00
     vertex 1.3834944091e+01 3.0641777725e+00 3.0796502526e+00
     vertex 1.3801579670e+01 3.8302222156e+00 3.7234708353e+00
   endloop
 endfacet
 facet normal  8.3526366916e-02 -6.3901039584e-01 7.6464963221e-01
   outer loop
     vertex 1.3801579670e+01 3.8302222156e+00 3.7234708353e+00
     vertex 1.3834944091e+01 3.0641777725e+00 3.0796502526e+00
     vertex 1.3840215730e+01 3.8302222156e+00 3.7192504321e+00
   endloop
 endfacet
 facet normal  8.6405286651e-02 -6.3886472278e-01 7.6445143235e-01
   outer loop
     vertex 1.3834944091e+01 3.0641777725e+00 3.0796502526e+00
     vertex 1.3878854014e+01 3.0641777725e+00 3.0746871520e+00
     vertex 1.3840215730e+01 3.8302222156e+00 3.7192504321e+00
   endloop
 endfacet
 facet normal  8.6405286651e-02 -6.3886472278e-01 7.6445143235e-01
   outer loop
     vertex 1.3840215730e+01 3.8302222156e+00 3.7192504321e+00
     vertex 1.3878854014e+01 3.0641777725e+00 3.0746871520e+00
     vertex 1.3867659431e+01 3.8302222156e+00 3.7161484942e+00
   endloop
 endfacet
 facet normal  8.8493010306e-02 -6.3872911196e-01 7.6432591782e-01
   outer loop
     vertex 1.3878854014e+01 3.0641777725e+00 3.0746871520e+00
     vertex 1.3909401077e+01 3.0641777725e+00 3.0711504387e+00
     vertex 1.3867659431e+01 3.8302222156e+00 3.7161484942e+00
   endloop
 endfacet
 facet normal  8.8493010306e-02 -6.3872911196e-01 7.6432591782e-01
   outer loop
     vertex 1.3867659431e+01 3.8302222156e+00 3.7161484942e+00
     vertex 1.3909401077e+01 3.0641777725e+00 3.0711504387e+00
     vertex 1.3886751346e+01 3.8302222156e+00 3.7139380484e+00
   endloop
 endfacet
 facet normal  0.0000000000e+00 1.0000000000e+00 0.0000000000e+00
   outer loop
     vertex 1.3886751346e+01 3.8302222156e+00 3.7139380484e+00
     vertex 1.3867659431e+01 3.8302222156e+00 3.7117276027e+00
     vertex 1.3867659431e+01 3.8302222156e+00 3.7128328256e+00
   endloop
 endfacet
 facet normal  -1.6181826366e-14 1.0000000000e+00 0.0000000000e+00
   outer loop
     vertex 1.3867659431e+01 3.8302222156e+00 3.7117276027e+00
     vertex 1.3840215730e+01 3.8302222156e+00 3.7112818566e+00
     vertex 1.3867659431e+01 3.8302222156e+00 3.7128328256e+00
   endloop
 endfacet
 facet normal  -1.6181826366e-14 1.0000000000e+00 0.0000000000e+00
   outer loop
     vertex 1.3867659431e+01 3.8302222156e+00 3.7117276027e+00
     vertex 1.3840215730e+01 3.8302222156e+00 3.7086256648e+00
     vertex 1.3840215730e+01 3.8302222156e+00 3.7112818566e+00
   endloop
 endfacet
 facet normal  1.1494163910e-14 1.0000000000e+00 0.0000000000e+00
   outer loop
     vertex 1.3840215730e+01 3.8302222156e+00 3.7086256648e+00
     vertex 1.3801579670e+01 3.8302222156e+00 3.7091716550e+00
     vertex 1.3840215730e+01 3.8302222156e+00 3.7112818566e+00
   endloop
 endfacet
 facet normal  1.1494163910e-14 1.0000000000e+00 -0.0000000000e+00
   outer loop
     vertex 1.3840215730e+01 3.8302222156e+00 3.7086256648e+00
     vertex 1.3801579670e+01 3.8302222156e+00 3.7044052616e+00
     vertex 1.3801579670e+01 3.8302222156e+00 3.7091716550e+00
   endloop
 endfacet
 facet normal  8.4064862645e-15 1.0000000000e+00 0.0000000000e+00
   outer loop
     vertex 1.3801579670e+01 3.8302222156e+00 3.7044052616e+00
     vertex 1.3748752698e+01 3.8302222156e+00 3.7064195035e+00
     vertex 1.3801579670e+01 3.8302222156e+00 3.7091716550e+00
   endloop
 endfacet
 facet normal  8.4064862645e-15 1.0000000000e+00 -0.0000000000e+00
   outer loop
     vertex 1.3801579670e+01 3.8302222156e+00 3.7044052616e+00
     vertex 1.3748752698e+01 3.8302222156e+00 3.6989009586e+00
     vertex 1.3748752698e+01 3.8302222156e+00 3.7064195035e+00
   endloop
 endfacet
 facet normal  -1.2795096412e-14 1.0000000000e+00 0.0000000000e+00
   outer loop
     vertex 1.3748752698e+01 3.8302222156e+00 3.6989009586e+00
     vertex 1.3679337167e+01 3.8302222156e+00 3.7030300998e+00
     vertex 1.3748752698e+01 3.8302222156e+00 3.7064195035e+00
   endloop
 endfacet
 facet normal  -1.2795096412e-14 1.0000000000e+00 0.0000000000e+00
   outer loop
     vertex 1.3748752698e+01 3.8302222156e+00 3.6989009586e+00
     vertex 1.3679337167e+01 3.8302222156e+00 3.6921221513e+00
     vertex 1.3679337167e+01 3.8302222156e+00 3.7030300998e+00
   endloop
 endfacet
 facet normal  1.0256081478e-14 1.0000000000e+00 0.0000000000e+00
   outer loop
     vertex 1.3679337167e+01 3.8302222156e+00 3.6921221513e+00
     vertex 1.3592736995e+01 3.8302222156e+00 3.6991699779e+00
     vertex 1.3679337167e+01 3.8302222156e+00 3.7030300998e+00
   endloop
 endfacet
 facet normal  1.0256081478e-14 1.0000000000e+00 1.2336385073e-27
   outer loop
     vertex 1.3679337167e+01 3.8302222156e+00 3.6921221513e+00
     vertex 1.3592736995e+01 3.8302222156e+00 3.6844019074e+00
     vertex 1.3592736995e+01 3.8302222156e+00 3.6991699779e+00
   endloop
 endfacet
 facet normal  -4.3834883198e-15 1.0000000000e+00 -5.2726180065e-28
   outer loop
     vertex 1.3592736995e+01 3.8302222156e+00 3.6844019074e+00
     vertex 1.3491427449e+01 3.8302222156e+00 3.6952254045e+00
     vertex 1.3592736995e+01 3.8302222156e+00 3.6991699779e+00
   endloop
 endfacet
 facet normal  -4.3834883198e-15 1.0000000000e+00 0.0000000000e+00
   outer loop
     vertex 1.3592736995e+01 3.8302222156e+00 3.6844019074e+00
     vertex 1.3491427449e+01 3.8302222156e+00 3.6765127606e+00
     vertex 1.3491427449e+01 3.8302222156e+00 3.6952254045e+00
   endloop
 endfacet
 facet normal  -0.0000000000e+00 1.0000000000e+00 0.0000000000e+00
   outer loop
     vertex 1.3491427449e+01 3.8302222156e+00 3.6765127606e+00
     vertex 1.3381451255e+01 3.8302222156e+00 3.6917934111e+00
     vertex 1.3491427449e+01 3.8302222156e+00 3.6952254045e+00
   endloop
 endfacet
 facet normal  0.0000000000e+00 1.0000000000e+00 0.0000000000e+00
   outer loop
     vertex 1.3491427449e+01 3.8302222156e+00 3.6765127606e+00
     vertex 1.3381451255e+01 3.8302222156e+00 3.6696487738e+00
     vertex 1.3381451255e+01 3.8302222156e+00 3.6917934111e+00
   endloop
 endfacet
 facet normal  -4.0336192660e-15 1.0000000000e+00 0.0000000000e+00
   outer loop
     vertex 1.3381451255e+01 3.8302222156e+00 3.6696487738e+00
     vertex 1.3271354297e+01 3.8302222156e+00 3.6651477643e+00
     vertex 1.3381451255e+01 3.8302222156e+00 3.6917934111e+00
   endloop
 endfacet
 facet normal  -4.0336192660e-15 1.0000000000e+00 0.0000000000e+00
   outer loop
     vertex 1.3381451255e+01 3.8302222156e+00 3.6917934111e+00
     vertex 1.3271354297e+01 3.8302222156e+00 3.6651477643e+00
     vertex 1.3271354297e+01 3.8302222156e+00 3.6895429064e+00
   endloop
 endfacet
 facet normal  8.7414316707e-15 1.0000000000e+00 0.0000000000e+00
   outer loop
     vertex 1.3271354297e+01 3.8302222156e+00 3.6651477643e+00
     vertex 1.3169748696e+01 3.8302222156e+00 3.6639789975e+00
     vertex 1.3271354297e+01 3.8302222156e+00 3.6895429064e+00
   endloop
 endfacet
 facet normal  8.7414316707e-15 1.0000000000e+00 -0.0000000000e+00
   outer loop
     vertex 1.3271354297e+01 3.8302222156e+00 3.6895429064e+00
     vertex 1.3169748696e+01 3.8302222156e+00 3.6639789975e+00
     vertex 1.3169748696e+01 3.8302222156e+00 3.6889585230e+00
   endloop
 endfacet
 facet normal  -5.1100094337e-15 1.0000000000e+00 0.0000000000e+00
   outer loop
     vertex 1.3169748696e+01 3.8302222156e+00 3.6639789975e+00
     vertex 1.3082842945e+01 3.8302222156e+00 3.6663269140e+00
     vertex 1.3169748696e+01 3.8302222156e+00 3.6889585230e+00
   endloop
 endfacet
 facet normal  -5.1100094337e-15 1.0000000000e+00 0.0000000000e+00
   outer loop
     vertex 1.3169748696e+01 3.8302222156e+00 3.6889585230e+00
     vertex 1.3082842945e+01 3.8302222156e+00 3.6663269140e+00
     vertex 1.3082842945e+01 3.8302222156e+00 3.6901324812e+00
   endloop
 endfacet
 facet normal  -6.3866702312e-15 1.0000000000e+00 0.0000000000e+00
   outer loop
     vertex 1.3082842945e+01 3.8302222156e+00 3.6663269140e+00
     vertex 1.3013309182e+01 3.8302222156e+00 3.6716485118e+00
     vertex 1.3082842945e+01 3.8302222156e+00 3.6901324812e+00
   endloop
 endfacet
 facet normal  -6.3866702312e-15 1.0000000000e+00 0.0000000000e+00
   outer loop
     vertex 1.3082842945e+01 3.8302222156e+00 3.6901324812e+00
     vertex 1.3013309182e+01 3.8302222156e+00 3.6716485118e+00
     vertex 1.3013309182e+01 3.8302222156e+00 3.6927932801e+00
   endloop
 endfacet
 facet normal  8.4470638478e-15 1.0000000000e+00 0.0000000000e+00
   outer loop
     vertex 1.3013309182e+01 3.8302222156e+00 3.6716485118e+00
     vertex 1.2960735979e+01 3.8302222156e+00 3.6791153847e+00
     vertex 1.3013309182e+01 3.8302222156e+00 3.6927932801e+00
   endloop
 endfacet
 facet normal  8.4470638478e-15 1.0000000000e+00 -0.0000000000e+00
   outer loop
     vertex 1.3013309182e+01 3.8302222156e+00 3.6927932801e+00
     vertex 1.2960735979e+01 3.8302222156e+00 3.6791153847e+00
     vertex 1.2960735979e+01 3.8302222156e+00 3.6965267166e+00
   endloop
 endfacet
 facet normal  -0.0000000000e+00 1.0000000000e+00 0.0000000000e+00
   outer loop
     vertex 1.2960735979e+01 3.8302222156e+00 3.6791153847e+00
     vertex 1.2922960246e+01 3.8302222156e+00 3.6881610133e+00
     vertex 1.2960735979e+01 3.8302222156e+00 3.6965267166e+00
   endloop
 endfacet
 facet normal  0.0000000000e+00 1.0000000000e+00 0.0000000000e+00
   outer loop
     vertex 1.2960735979e+01 3.8302222156e+00 3.6965267166e+00
     vertex 1.2922960246e+01 3.8302222156e+00 3.6881610133e+00
     vertex 1.2922960246e+01 3.8302222156e+00 3.7010495309e+00
   endloop
 endfacet
 facet normal  1.7565285714e-14 1.0000000000e+00 0.0000000000e+00
   outer loop
     vertex 1.2922960246e+01 3.8302222156e+00 3.6881610133e+00
     vertex 1.2897678038e+01 3.8302222156e+00 3.6990884981e+00
     vertex 1.2922960246e+01 3.8302222156e+00 3.7010495309e+00
   endloop
 endfacet
 facet normal  1.7565285714e-14 1.0000000000e+00 -0.0000000000e+00
   outer loop
     vertex 1.2922960246e+01 3.8302222156e+00 3.7010495309e+00
     vertex 1.2897678038e+01 3.8302222156e+00 3.6990884981e+00
     vertex 1.2897678038e+01 3.8302222156e+00 3.7065132733e+00
   endloop
 endfacet
 facet normal  -4.0642603448e-14 1.0000000000e+00 0.0000000000e+00
   outer loop
     vertex 1.2897678038e+01 3.8302222156e+00 3.6990884981e+00
     vertex 1.2886751346e+01 3.8302222156e+00 3.7139380484e+00
     vertex 1.2897678038e+01 3.8302222156e+00 3.7065132733e+00
   endloop
 endfacet
 facet normal  0.0000000000e+00 1.0000000000e+00 0.0000000000e+00
   outer loop
     vertex 1.2886751346e+01 3.8302222156e+00 3.7139380484e+00
     vertex 1.2897678038e+01 3.8302222156e+00 3.7287875987e+00
     vertex 1.2897678038e+01 3.8302222156e+00 3.7213628236e+00
   endloop
 endfacet
 facet normal  0.0000000000e+00 1.0000000000e+00 0.0000000000e+00
   outer loop
     vertex 1.2897678038e+01 3.8302222156e+00 3.7287875987e+00
     vertex 1.2922960246e+01 3.8302222156e+00 3.7268265660e+00
     vertex 1.2897678038e+01 3.8302222156e+00 3.7213628236e+00
   endloop
 endfacet
 facet normal  0.0000000000e+00 1.0000000000e+00 0.0000000000e+00
   outer loop
     vertex 1.2897678038e+01 3.8302222156e+00 3.7287875987e+00
     vertex 1.2922960246e+01 3.8302222156e+00 3.7397150835e+00
     vertex 1.2922960246e+01 3.8302222156e+00 3.7268265660e+00
   endloop
 endfacet
 facet normal  -1.1755939084e-14 1.0000000000e+00 0.0000000000e+00
   outer loop
     vertex 1.2922960246e+01 3.8302222156e+00 3.7397150835e+00
     vertex 1.2960735979e+01 3.8302222156e+00 3.7313493803e+00
     vertex 1.2922960246e+01 3.8302222156e+00 3.7268265660e+00
   endloop
 endfacet
 facet normal  -1.1755939084e-14 1.0000000000e+00 -1.1993765307e-27
   outer loop
     vertex 1.2922960246e+01 3.8302222156e+00 3.7397150835e+00
     vertex 1.2960735979e+01 3.8302222156e+00 3.7487607121e+00
     vertex 1.2960735979e+01 3.8302222156e+00 3.7313493803e+00
   endloop
 endfacet
 facet normal  8.4470638478e-15 1.0000000000e+00 8.6179505183e-28
   outer loop
     vertex 1.2960735979e+01 3.8302222156e+00 3.7487607121e+00
     vertex 1.3013309182e+01 3.8302222156e+00 3.7350828167e+00
     vertex 1.2960735979e+01 3.8302222156e+00 3.7313493803e+00
   endloop
 endfacet
 facet normal  8.4470638478e-15 1.0000000000e+00 0.0000000000e+00
   outer loop
     vertex 1.2960735979e+01 3.8302222156e+00 3.7487607121e+00
     vertex 1.3013309182e+01 3.8302222156e+00 3.7562275850e+00
     vertex 1.3013309182e+01 3.8302222156e+00 3.7350828167e+00
   endloop
 endfacet
 facet normal  0.0000000000e+00 1.0000000000e+00 0.0000000000e+00
   outer loop
     vertex 1.3013309182e+01 3.8302222156e+00 3.7562275850e+00
     vertex 1.3082842945e+01 3.8302222156e+00 3.7377436157e+00
     vertex 1.3013309182e+01 3.8302222156e+00 3.7350828167e+00
   endloop
 endfacet
 facet normal  0.0000000000e+00 1.0000000000e+00 0.0000000000e+00
   outer loop
     vertex 1.3013309182e+01 3.8302222156e+00 3.7562275850e+00
     vertex 1.3082842945e+01 3.8302222156e+00 3.7615491829e+00
     vertex 1.3082842945e+01 3.8302222156e+00 3.7377436157e+00
   endloop
 endfacet
 facet normal  5.1100094337e-15 1.0000000000e+00 0.0000000000e+00
   outer loop
     vertex 1.3082842945e+01 3.8302222156e+00 3.7615491829e+00
     vertex 1.3169748696e+01 3.8302222156e+00 3.7389175739e+00
     vertex 1.3082842945e+01 3.8302222156e+00 3.7377436157e+00
   endloop
 endfacet
 facet normal  5.1100094337e-15 1.0000000000e+00 0.0000000000e+00
   outer loop
     vertex 1.3082842945e+01 3.8302222156e+00 3.7615491829e+00
     vertex 1.3169748696e+01 3.8302222156e+00 3.7638970994e+00
     vertex 1.3169748696e+01 3.8302222156e+00 3.7389175739e+00
   endloop
 endfacet
 facet normal  -8.7414316707e-15 1.0000000000e+00 0.0000000000e+00
   outer loop
     vertex 1.3169748696e+01 3.8302222156e+00 3.7638970994e+00
     vertex 1.3271354297e+01 3.8302222156e+00 3.7383331905e+00
     vertex 1.3169748696e+01 3.8302222156e+00 3.7389175739e+00
   endloop
 endfacet
 facet normal  -8.7414316707e-15 1.0000000000e+00 0.0000000000e+00
   outer loop
     vertex 1.3169748696e+01 3.8302222156e+00 3.7638970994e+00
     vertex 1.3271354297e+01 3.8302222156e+00 3.7627283325e+00
     vertex 1.3271354297e+01 3.8302222156e+00 3.7383331905e+00
   endloop
 endfacet
 facet normal  4.0336192660e-15 1.0000000000e+00 0.0000000000e+00
   outer loop
     vertex 1.3271354297e+01 3.8302222156e+00 3.7627283325e+00
     vertex 1.3381451255e+01 3.8302222156e+00 3.7360826858e+00
     vertex 1.3271354297e+01 3.8302222156e+00 3.7383331905e+00
   endloop
 endfacet
 facet normal  4.0336192660e-15 1.0000000000e+00 0.0000000000e+00
   outer loop
     vertex 1.3271354297e+01 3.8302222156e+00 3.7627283325e+00
     vertex 1.3381451255e+01 3.8302222156e+00 3.7582273231e+00
     vertex 1.3381451255e+01 3.8302222156e+00 3.7360826858e+00
   endloop
 endfacet
 facet normal  -4.0380485385e-15 1.0000000000e+00 0.0000000000e+00
   outer loop
     vertex 1.3381451255e+01 3.8302222156e+00 3.7582273231e+00
     vertex 1.3491427449e+01 3.8302222156e+00 3.7513633363e+00
     vertex 1.3381451255e+01 3.8302222156e+00 3.7360826858e+00
   endloop
 endfacet
 facet normal  -4.0380485385e-15 1.0000000000e+00 0.0000000000e+00
   outer loop
     vertex 1.3381451255e+01 3.8302222156e+00 3.7360826858e+00
     vertex 1.3491427449e+01 3.8302222156e+00 3.7513633363e+00
     vertex 1.3491427449e+01 3.8302222156e+00 3.7326506924e+00
   endloop
 endfacet
 facet normal  8.7669766396e-15 1.0000000000e+00 0.0000000000e+00
   outer loop
     vertex 1.3491427449e+01 3.8302222156e+00 3.7513633363e+00
     vertex 1.3592736995e+01 3.8302222156e+00 3.7434741895e+00
     vertex 1.3491427449e+01 3.8302222156e+00 3.7326506924e+00
   endloop
 endfacet
 facet normal  8.7669766396e-15 1.0000000000e+00 0.0000000000e+00
   outer loop
     vertex 1.3491427449e+01 3.8302222156e+00 3.7326506924e+00
     vertex 1.3592736995e+01 3.8302222156e+00 3.7434741895e+00
     vertex 1.3592736995e+01 3.8302222156e+00 3.7287061190e+00
   endloop
 endfacet
 facet normal  -5.1280407390e-15 1.0000000000e+00 0.0000000000e+00
   outer loop
     vertex 1.3592736995e+01 3.8302222156e+00 3.7434741895e+00
     vertex 1.3679337167e+01 3.8302222156e+00 3.7357539456e+00
     vertex 1.3592736995e+01 3.8302222156e+00 3.7287061190e+00
   endloop
 endfacet
 facet normal  -5.1280407390e-15 1.0000000000e+00 0.0000000000e+00
   outer loop
     vertex 1.3592736995e+01 3.8302222156e+00 3.7287061190e+00
     vertex 1.3679337167e+01 3.8302222156e+00 3.7357539456e+00
     vertex 1.3679337167e+01 3.8302222156e+00 3.7248459970e+00
   endloop
 endfacet
 facet normal  0.0000000000e+00 1.0000000000e+00 0.0000000000e+00
   outer loop
     vertex 1.3679337167e+01 3.8302222156e+00 3.7357539456e+00
     vertex 1.3748752698e+01 3.8302222156e+00 3.7289751382e+00
     vertex 1.3679337167e+01 3.8302222156e+00 3.7248459970e+00
   endloop
 endfacet
 facet normal  0.0000000000e+00 1.0000000000e+00 0.0000000000e+00
   outer loop
     vertex 1.3679337167e+01 3.8302222156e+00 3.7248459970e+00
     vertex 1.3748752698e+01 3.8302222156e+00 3.7289751382e+00
     vertex 1.3748752698e+01 3.8302222156e+00 3.7214565933e+00
   endloop
 endfacet
 facet normal  0.0000000000e+00 1.0000000000e+00 0.0000000000e+00
   outer loop
     vertex 1.3748752698e+01 3.8302222156e+00 3.7289751382e+00
     vertex 1.3801579670e+01 3.8302222156e+00 3.7234708353e+00
     vertex 1.3748752698e+01 3.8302222156e+00 3.7214565933e+00
   endloop
 endfacet
 facet normal  0.0000000000e+00 1.0000000000e+00 0.0000000000e+00
   outer loop
     vertex 1.3748752698e+01 3.8302222156e+00 3.7214565933e+00
     vertex 1.3801579670e+01 3.8302222156e+00 3.7234708353e+00
     vertex 1.3801579670e+01 3.8302222156e+00 3.7187044419e+00
   endloop
 endfacet
 facet normal  0.0000000000e+00 1.0000000000e+00 0.0000000000e+00
   outer loop
     vertex 1.3801579670e+01 3.8302222156e+00 3.7234708353e+00
     vertex 1.3840215730e+01 3.8302222156e+00 3.7192504321e+00
     vertex 1.3801579670e+01 3.8302222156e+00 3.7187044419e+00
   endloop
 endfacet
 facet normal  0.0000000000e+00 1.0000000000e+00 0.0000000000e+00
   outer loop
     vertex 1.3801579670e+01 3.8302222156e+00 3.7187044419e+00
     vertex 1.3840215730e+01 3.8302222156e+00 3.7192504321e+00
     vertex 1.3840215730e+01 3.8302222156e+00 3.7165942403e+00
   endloop
 endfacet
 facet normal  1.6181826366e-14 1.0000000000e+00 -1.0821770309e-26
   outer loop
     vertex 1.3840215730e+01 3.8302222156e+00 3.7192504321e+00
     vertex 1.3867659431e+01 3.8302222156e+00 3.7161484942e+00
     vertex 1.3840215730e+01 3.8302222156e+00 3.7165942403e+00
   endloop
 endfacet
 facet normal  1.6181826366e-14 1.0000000000e+00 -2.6008055471e-26
   outer loop
     vertex 1.3840215730e+01 3.8302222156e+00 3.7165942403e+00
     vertex 1.3867659431e+01 3.8302222156e+00 3.7161484942e+00
     vertex 1.3867659431e+01 3.8302222156e+00 3.7150432713e+00
   endloop
 endfacet
 facet normal  -2.3260590809e-14 1.0000000000e+00 3.7385318714e-26
   outer loop
     vertex 1.3867659431e+01 3.8302222156e+00 3.7161484942e+00
     vertex 1.3886751346e+01 3.8302222156e+00 3.7139380484e+00
     vertex 1.3867659431e+01 3.8302222156e+00 3.7150432713e+00
   endloop
 endfacet
 facet normal  0.0000000000e+00 1.0000000000e+00 0.0000000000e+00
   outer loop
     vertex 1.3886751346e+01 3.8302222156e+00 3.7139380484e+00
     vertex 1.3867659431e+01 3.8302222156e+00 3.7128328256e+00
     vertex 1.3867659431e+01 3.8302222156e+00 3.7139380484e+00
   endloop
 endfacet
 facet normal  -1.6181826366e-14 1.0000000000e+00 2.6008055471e-26
   outer loop
     vertex 1.3867659431e+01 3.8302222156e+00 3.7128328256e+00
     vertex 1.3840215730e+01 3.8302222156e+00 3.7139380484e+00
     vertex 1.3867659431e+01 3.8302222156e+00 3.7139380484e+00
   endloop
 endfacet
 facet normal  -1.6181826366e-14 1.0000000000e+00 0.0000000000e+00
   outer loop
     vertex 1.3867659431e+01 3.8302222156e+00 3.7128328256e+00
     vertex 1.3840215730e+01 3.8302222156e+00 3.7112818566e+00
     vertex 1.3840215730e+01 3.8302222156e+00 3.7139380484e+00
   endloop
 endfacet
 facet normal  1.1494163910e-14 1.0000000000e+00 0.0000000000e+00
   outer loop
     vertex 1.3840215730e+01 3.8302222156e+00 3.7112818566e+00
     vertex 1.3801579670e+01 3.8302222156e+00 3.7139380484e+00
     vertex 1.3840215730e+01 3.8302222156e+00 3.7139380484e+00
   endloop
 endfacet
 facet normal  1.1494163910e-14 1.0000000000e+00 -0.0000000000e+00
   outer loop
     vertex 1.3840215730e+01 3.8302222156e+00 3.7112818566e+00
     vertex 1.3801579670e+01 3.8302222156e+00 3.7091716550e+00
     vertex 1.3801579670e+01 3.8302222156e+00 3.7139380484e+00
   endloop
 endfacet
 facet normal  8.4064862645e-15 1.0000000000e+00 0.0000000000e+00
   outer loop
     vertex 1.3801579670e+01 3.8302222156e+00 3.7091716550e+00
     vertex 1.3748752698e+01 3.8302222156e+00 3.7139380484e+00
     vertex 1.3801579670e+01 3.8302222156e+00 3.7139380484e+00
   endloop
 endfacet
 facet normal  8.4064862645e-15 1.0000000000e+00 -0.0000000000e+00
   outer loop
     vertex 1.3801579670e+01 3.8302222156e+00 3.7091716550e+00
     vertex 1.3748752698e+01 3.8302222156e+00 3.7064195035e+00
     vertex 1.3748752698e+01 3.8302222156e+00 3.7139380484e+00
   endloop
 endfacet
 facet normal  -1.2795096412e-14 1.0000000000e+00 0.0000000000e+00
   outer loop
     vertex 1.3748752698e+01 3.8302222156e+00 3.7064195035e+00
     vertex 1.3679337167e+01 3.8302222156e+00 3.7139380484e+00
     vertex 1.3748752698e+01 3.8302222156e+00 3.7139380484e+00
   endloop
 endfacet
 facet normal  -1.2795096412e-14 1.0000000000e+00 0.0000000000e+00
   outer loop
     vertex 1.3748752698e+01 3.8302222156e+00 3.7064195035e+00
     vertex 1.3679337167e+01 3.8302222156e+00 3.7030300998e+00
     vertex 1.3679337167e+01 3.8302222156e+00 3.7139380484e+00
   endloop
 endfacet
 facet normal  1.0256081478e-14 1.0000000000e+00 0.0000000000e+00
   outer loop
     vertex 1.3679337167e+01 3.8302222156e+00 3.7030300998e+00
     vertex 1.3592736995e+01 3.8302222156e+00 3.7139380484e+00
     vertex 1.3679337167e+01 3.8302222156e+00 3.7139380484e+00
   endloop
 endfacet
 facet normal  1.0256081478e-14 1.0000000000e+00 -0.0000000000e+00
   outer loop
     vertex 1.3679337167e+01 3.8302222156e+00 3.7030300998e+00
     vertex 1.3592736995e+01 3.8302222156e+00 3.6991699779e+00
     vertex 1.3592736995e+01 3.8302222156e+00 3.7139380484e+00
   endloop
 endfacet
 facet normal  -4.3834883198e-15 1.0000000000e+00 0.0000000000e+00
   outer loop
     vertex 1.3592736995e+01 3.8302222156e+00 3.6991699779e+00
     vertex 1.3491427449e+01 3.8302222156e+00 3.7139380484e+00
     vertex 1.3592736995e+01 3.8302222156e+00 3.7139380484e+00
   endloop
 endfacet
 facet normal  -4.3834883198e-15 1.0000000000e+00 0.0000000000e+00
   outer loop
     vertex 1.3592736995e+01 3.8302222156e+00 3.6991699779e+00
     vertex 1.3491427449e+01 3.8302222156e+00 3.6952254045e+00
     vertex 1.3491427449e+01 3.8302222156e+00 3.7139380484e+00
   endloop
 endfacet
 facet normal  -0.0000000000e+00 1.0000000000e+00 0.0000000000e+00
   outer loop
     vertex 1.3491427449e+01 3.8302222156e+00 3.6952254045e+00
     vertex 1.3381451255e+01 3.8302222156e+00 3.7139380484e+00
     vertex 1.3491427449e+01 3.8302222156e+00 3.7139380484e+00
   endloop
 endfacet
 facet normal  0.0000000000e+00 1.0000000000e+00 0.0000000000e+00
   outer loop
     vertex 1.3491427449e+01 3.8302222156e+00 3.6952254045e+00
     vertex 1.3381451255e+01 3.8302222156e+00 3.6917934111e+00
     vertex 1.3381451255e+01 3.8302222156e+00 3.7139380484e+00
   endloop
 endfacet
 facet normal  -4.0336192660e-15 1.0000000000e+00 0.0000000000e+00
   outer loop
     vertex 1.3381451255e+01 3.8302222156e+00 3.6917934111e+00
     vertex 1.3271354297e+01 3.8302222156e+00 3.6895429064e+00
     vertex 1.3381451255e+01 3.8302222156e+00 3.7139380484e+00
   endloop
 endfacet
 facet normal  -4.0336192660e-15 1.0000000000e+00 0.0000000000e+00
   outer loop
     vertex 1.3381451255e+01 3.8302222156e+00 3.7139380484e+00
     vertex 1.3271354297e+01 3.8302222156e+00 3.6895429064e+00
     vertex 1.3271354297e+01 3.8302222156e+00 3.7139380484e+00
   endloop
 endfacet
 facet normal  8.7414316707e-15 1.0000000000e+00 0.0000000000e+00
   outer loop
     vertex 1.3271354297e+01 3.8302222156e+00 3.6895429064e+00
     vertex 1.3169748696e+01 3.8302222156e+00 3.6889585230e+00
     vertex 1.3271354297e+01 3.8302222156e+00 3.7139380484e+00
   endloop
 endfacet
 facet normal  8.7414316707e-15 1.0000000000e+00 -0.0000000000e+00
   outer loop
     vertex 1.3271354297e+01 3.8302222156e+00 3.7139380484e+00
     vertex 1.3169748696e+01 3.8302222156e+00 3.6889585230e+00
     vertex 1.3169748696e+01 3.8302222156e+00 3.7139380484e+00
   endloop
 endfacet
 facet normal  -5.1100094337e-15 1.0000000000e+00 0.0000000000e+00
   outer loop
     vertex 1.3169748696e+01 3.8302222156e+00 3.6889585230e+00
     vertex 1.3082842945e+01 3.8302222156e+00 3.6901324812e+00
     vertex 1.3169748696e+01 3.8302222156e+00 3.7139380484e+00
   endloop
 endfacet
 facet normal  -5.1100094337e-15 1.0000000000e+00 0.0000000000e+00
   outer loop
     vertex 1.3169748696e+01 3.8302222156e+00 3.7139380484e+00
     vertex 1.3082842945e+01 3.8302222156e+00 3.6901324812e+00
     vertex 1.3082842945e+01 3.8302222156e+00 3.7139380484e+00
   endloop
 endfacet
 facet normal  -6.3866702312e-15 1.0000000000e+00 0.0000000000e+00
   outer loop
     vertex 1.3082842945e+01 3.8302222156e+00 3.6901324812e+00
     vertex 1.3013309182e+01 3.8302222156e+00 3.6927932801e+00
     vertex 1.3082842945e+01 3.8302222156e+00 3.7139380484e+00
   endloop
 endfacet
 facet normal  -6.3866702312e-15 1.0000000000e+00 0.0000000000e+00
   outer loop
     vertex 1.3082842945e+01 3.8302222156e+00 3.7139380484e+00
     vertex 1.3013309182e+01 3.8302222156e+00 3.6927932801e+00
     vertex 1.3013309182e+01 3.8302222156e+00 3.7139380484e+00
   endloop
 endfacet
 facet normal  8.4470638478e-15 1.0000000000e+00 0.0000000000e+00
   outer loop
     vertex 1.3013309182e+01 3.8302222156e+00 3.6927932801e+00
     vertex 1.2960735979e+01 3.8302222156e+00 3.6965267166e+00
     vertex 1.3013309182e+01 3.8302222156e+00 3.7139380484e+00
   endloop
 endfacet
 facet normal  8.4470638478e-15 1.0000000000e+00 -0.0000000000e+00
   outer loop
     vertex 1.3013309182e+01 3.8302222156e+00 3.7139380484e+00
     vertex 1.2960735979e+01 3.8302222156e+00 3.6965267166e+00
     vertex 1.2960735979e+01 3.8302222156e+00 3.7139380484e+00
   endloop
 endfacet
 facet normal  -0.0000000000e+00 1.0000000000e+00 0.0000000000e+00
   outer loop
     vertex 1.2960735979e+01 3.8302222156e+00 3.6965267166e+00
     vertex 1.2922960246e+01 3.8302222156e+00 3.7010495309e+00
     vertex 1.2960735979e+01 3.8302222156e+00 3.7139380484e+00
   endloop
 endfacet
 facet normal  0.0000000000e+00 1.0000000000e+00 0.0000000000e+00
   outer loop
     vertex 1.2960735979e+01 3.8302222156e+00 3.7139380484e+00
     vertex 1.2922960246e+01 3.8302222156e+00 3.7010495309e+00
     vertex 1.2922960246e+01 3.8302222156e+00 3.7139380484e+00
   endloop
 endfacet
 facet normal  1.7565285714e-14 1.0000000000e+00 0.0000000000e+00
   outer loop
     vertex 1.2922960246e+01 3.8302222156e+00 3.7010495309e+00
     vertex 1.2897678038e+01 3.8302222156e+00 3.7065132733e+00
     vertex 1.2922960246e+01 3.8302222156e+00 3.7139380484e+00
   endloop
 endfacet
 facet normal  1.7565285714e-14 1.0000000000e+00 -0.0000000000e+00
   outer loop
     vertex 1.2922960246e+01 3.8302222156e+00 3.7139380484e+00
     vertex 1.2897678038e+01 3.8302222156e+00 3.7065132733e+00
     vertex 1.2897678038e+01 3.8302222156e+00 3.7139380484e+00
   endloop
 endfacet
 facet normal  -4.0642603448e-14 1.0000000000e+00 0.0000000000e+00
   outer loop
     vertex 1.2897678038e+01 3.8302222156e+00 3.7065132733e+00
     vertex 1.2886751346e+01 3.8302222156e+00 3.7139380484e+00
     vertex 1.2897678038e+01 3.8302222156e+00 3.7139380484e+00
   endloop
 endfacet
 facet normal  0.0000000000e+00 1.0000000000e+00 0.0000000000e+00
   outer loop
     vertex 1.2886751346e+01 3.8302222156e+00 3.7139380484e+00
     vertex 1.2897678038e+01 3.8302222156e+00 3.7213628236e+00
     vertex 1.2897678038e+01 3.8302222156e+00 3.7139380484e+00
   endloop
 endfacet
 facet normal  0.0000000000e+00 1.0000000000e+00 0.0000000000e+00
   outer loop
     vertex 1.2897678038e+01 3.8302222156e+00 3.7213628236e+00
     vertex 1.2922960246e+01 3.8302222156e+00 3.7139380484e+00
     vertex 1.2897678038e+01 3.8302222156e+00 3.7139380484e+00
   endloop
 endfacet
 facet normal  0.0000000000e+00 1.0000000000e+00 0.0000000000e+00
   outer loop
     vertex 1.2897678038e+01 3.8302222156e+00 3.7213628236e+00
     vertex 1.2922960246e+01 3.8302222156e+00 3.7268265660e+00
     vertex 1.2922960246e+01 3.8302222156e+00 3.7139380484e+00
   endloop
 endfacet
 facet normal  -1.1755939084e-14 1.0000000000e+00 0.0000000000e+00
   outer loop
     vertex 1.2922960246e+01 3.8302222156e+00 3.7268265660e+00
     vertex 1.2960735979e+01 3.8302222156e+00 3.7139380484e+00
     vertex 1.2922960246e+01 3.8302222156e+00 3.7139380484e+00
   endloop
 endfacet
 facet normal  -1.1755939084e-14 1.0000000000e+00 0.0000000000e+00
   outer loop
     vertex 1.2922960246e+01 3.8302222156e+00 3.7268265660e+00
     vertex 1.2960735979e+01 3.8302222156e+00 3.7313493803e+00
     vertex 1.2960735979e+01 3.8302222156e+00 3.7139380484e+00
   endloop
 endfacet
 facet normal  8.4470638478e-15 1.0000000000e+00 0.0000000000e+00
   outer loop
     vertex 1.2960735979e+01 3.8302222156e+00 3.7313493803e+00
     vertex 1.3013309182e+01 3.8302222156e+00 3.7139380484e+00
     vertex 1.2960735979e+01 3.8302222156e+00 3.7139380484e+00
   endloop
 endfacet
 facet normal  8.4470638478e-15 1.0000000000e+00 0.0000000000e+00
   outer loop
     vertex 1.2960735979e+01 3.8302222156e+00 3.7313493803e+00
     vertex 1.3013309182e+01 3.8302222156e+00 3.7350828167e+00
     vertex 1.3013309182e+01 3.8302222156e+00 3.7139380484e+00
   endloop
 endfacet
 facet normal  0.0000000000e+00 1.0000000000e+00 0.0000000000e+00
   outer loop
     vertex 1.3013309182e+01 3.8302222156e+00 3.7350828167e+00
     vertex 1.3082842945e+01 3.8302222156e+00 3.7139380484e+00
     vertex 1.3013309182e+01 3.8302222156e+00 3.7139380484e+00
   endloop
 endfacet
 facet normal  0.0000000000e+00 1.0000000000e+00 0.0000000000e+00
   outer loop
     vertex 1.3013309182e+01 3.8302222156e+00 3.7350828167e+00
     vertex 1.3082842945e+01 3.8302222156e+00 3.7377436157e+00
     vertex 1.3082842945e+01 3.8302222156e+00 3.7139380484e+00
   endloop
 endfacet
 facet normal  5.1100094337e-15 1.0000000000e+00 0.0000000000e+00
   outer loop
     vertex 1.3082842945e+01 3.8302222156e+00 3.7377436157e+00
     vertex 1.3169748696e+01 3.8302222156e+00 3.7139380484e+00
     vertex 1.3082842945e+01 3.8302222156e+00 3.7139380484e+00
   endloop
 endfacet
 facet normal  5.1100094337e-15 1.0000000000e+00 0.0000000000e+00
   outer loop
     vertex 1.3082842945e+01 3.8302222156e+00 3.7377436157e+00
     vertex 1.3169748696e+01 3.8302222156e+00 3.7389175739e+00
     vertex 1.3169748696e+01 3.8302222156e+00 3.7139380484e+00
   endloop
 endfacet
 facet normal  -8.7414316707e-15 1.0000000000e+00 0.0000000000e+00
   outer loop
     vertex 1.3169748696e+01 3.8302222156e+00 3.7389175739e+00
     vertex 1.3271354297e+01 3.8302222156e+00 3.7139380484e+00
     vertex 1.3169748696e+01 3.8302222156e+00 3.7139380484e+00
   endloop
 endfacet
 facet normal  -8.7414316707e-15 1.0000000000e+00 0.0000000000e+00
   outer loop
     vertex 1.3169748696e+01 3.8302222156e+00 3.7389175739e+00
     vertex 1.3271354297e+01 3.8302222156e+00 3.7383331905e+00
     vertex 1.3271354297e+01 3.8302222156e+00 3.7139380484e+00
   endloop
 endfacet
 facet normal  4.0336192660e-15 1.0000000000e+00 0.0000000000e+00
   outer loop
     vertex 1.3271354297e+01 3.8302222156e+00 3.7383331905e+00
     vertex 1.3381451255e+01 3.8302222156e+00 3.7139380484e+00
     vertex 1.3271354297e+01 3.8302222156e+00 3.7139380484e+00
   endloop
 endfacet
 facet normal  4.0336192660e-15 1.0000000000e+00 0.0000000000e+00
   outer loop
     vertex 1.3271354297e+01 3.8302222156e+00 3.7383331905e+00
     vertex 1.3381451255e+01 3.8302222156e+00 3.7360826858e+00
     vertex 1.3381451255e+01 3.8302222156e+00 3.7139380484e+00
   endloop
 endfacet
 facet normal  -4.0380485385e-15 1.0000000000e+00 0.0000000000e+00
   outer loop
     vertex 1.3381451255e+01 3.8302222156e+00 3.7360826858e+00
     vertex 1.3491427449e+01 3.8302222156e+00 3.7326506924e+00
     vertex 1.3381451255e+01 3.8302222156e+00 3.7139380484e+00
   endloop
 endfacet
 facet normal  -4.0380485385e-15 1.0000000000e+00 0.0000000000e+00
   outer loop
     vertex 1.3381451255e+01 3.8302222156e+00 3.7139380484e+00
     vertex 1.3491427449e+01 3.8302222156e+00 3.7326506924e+00
     vertex 1.3491427449e+01 3.8302222156e+00 3.7139380484e+00
   endloop
 endfacet
 facet normal  8.7669766396e-15 1.0000000000e+00 0.0000000000e+00
   outer loop
     vertex 1.3491427449e+01 3.8302222156e+00 3.7326506924e+00
     vertex 1.3592736995e+01 3.8302222156e+00 3.7287061190e+00
     vertex 1.3491427449e+01 3.8302222156e+00 3.7139380484e+00
   endloop
 endfacet
 facet normal  8.7669766396e-15 1.0000000000e+00 0.0000000000e+00
   outer loop
     vertex 1.3491427449e+01 3.8302222156e+00 3.7139380484e+00
     vertex 1.3592736995e+01 3.8302222156e+00 3.7287061190e+00
     vertex 1.3592736995e+01 3.8302222156e+00 3.7139380484e+00
   endloop
 endfacet
 facet normal  -5.1280407390e-15 1.0000000000e+00 0.0000000000e+00
   outer loop
     vertex 1.3592736995e+01 3.8302222156e+00 3.7287061190e+00
     vertex 1.3679337167e+01 3.8302222156e+00 3.7248459970e+00
     vertex 1.3592736995e+01 3.8302222156e+00 3.7139380484e+00
   endloop
 endfacet
 facet normal  -5.1280407390e-15 1.0000000000e+00 0.0000000000e+00
   outer loop
     vertex 1.3592736995e+01 3.8302222156e+00 3.7139380484e+00
     vertex 1.3679337167e+01 3.8302222156e+00 3.7248459970e+00
     vertex 1.3679337167e+01 3.8302222156e+00 3.7139380484e+00
   endloop
 endfacet
 facet normal  0.0000000000e+00 1.0000000000e+00 0.0000000000e+00
   outer loop
     vertex 1.3679337167e+01 3.8302222156e+00 3.7248459970e+00
     vertex 1.3748752698e+01 3.8302222156e+00 3.7214565933e+00
     vertex 1.3679337167e+01 3.8302222156e+00 3.7139380484e+00
   endloop
 endfacet
 facet normal  0.0000000000e+00 1.0000000000e+00 0.0000000000e+00
   outer loop
     vertex 1.3679337167e+01 3.8302222156e+00 3.7139380484e+00
     vertex 1.3748752698e+01 3.8302222156e+00 3.7214565933e+00
     vertex 1.3748752698e+01 3.8302222156e+00 3.7139380484e+00
   endloop
 endfacet
 facet normal  0.0000000000e+00 1.0000000000e+00 0.0000000000e+00
   outer loop
     vertex 1.3748752698e+01 3.8302222156e+00 3.7214565933e+00
     vertex 1.3801579670e+01 3.8302222156e+00 3.7187044419e+00
     vertex 1.3748752698e+01 3.8302222156e+00 3.7139380484e+00
   endloop
 endfacet
 facet normal  0.0000000000e+00 1.0000000000e+00 0.0000000000e+00
   outer loop
     vertex 1.3748752698e+01 3.8302222156e+00 3.7139380484e+00
     vertex 1.3801579670e+01 3.8302222156e+00 3.7187044419e+00
     vertex 1.3801579670e+01 3.8302222156e+00 3.7139380484e+00
   endloop
 endfacet
 facet normal  0.0000000000e+00 1.0000000000e+00 0.0000000000e+00
   outer loop
     vertex 1.3801579670e+01 3.8302222156e+00 3.7187044419e+00
     vertex 1.3840215730e+01 3.8302222156e+00 3.7165942403e+00
     vertex 1.3801579670e+01 3.8302222156e+00 3.7139380484e+00
   endloop
 endfacet
 facet normal  0.0000000000e+00 1.0000000000e+00 0.0000000000e+00
   outer loop
     vertex 1.3801579670e+01 3.8302222156e+00 3.7139380484e+00
     vertex 1.3840215730e+01 3.8302222156e+00 3.7165942403e+00
     vertex 1.3840215730e+01 3.8302222156e+00 3.7139380484e+00
   endloop
 endfacet
 facet normal  1.6181826366e-14 1.0000000000e+00 -1.0821770309e-26
   outer loop
     vertex 1.3840215730e+01 3.8302222156e+00 3.7165942403e+00
     vertex 1.3867659431e+01 3.8302222156e+00 3.7150432713e+00
     vertex 1.3840215730e+01 3.8302222156e+00 3.7139380484e+00
   endloop
 endfacet
 facet normal  1.6181826366e-14 1.0000000000e+00 -2.6008055471e-26
   outer loop
     vertex 1.3840215730e+01 3.8302222156e+00 3.7139380484e+00
     vertex 1.3867659431e+01 3.8302222156e+00 3.7150432713e+00
     vertex 1.3867659431e+01 3.8302222156e+00 3.7139380484e+00
   endloop
 endfacet
 facet normal  -2.3260590809e-14 1.0000000000e+00 3.7385318714e-26
   outer loop
     vertex 1.3867659431e+01 3.8302222156e+00 3.7150432713e+00
     vertex 1.3886751346e+01 3.8302222156e+00 3.7139380484e+00
     vertex 1.3867659431e+01 3.8302222156e+00 3.7139380484e+00
   endloop
 endfacet
 facet normal  8.8197502133e-02 -6.4181167175e-01 -7.6177357438e-01
   outer loop
     vertex 1.4000000000e+01 0.0000000000e+00 5.0000000000e-01
     vertex 1.3977350269e+01 -7.6604444312e-01 1.1427876097e+00
     vertex 1.3912437760e+01 -7.6604444312e-01 1.1352720941e+00
   endloop
 endfacet
 facet normal  8.8197502133e-02 -6.4181167175e-01 -7.6177357438e-01
   outer loop
     vertex 1.4000000000e+01 0.0000000000e+00 5.0000000000e-01
     vertex 1.3912437760e+01 -7.6604444312e-01 1.1352720941e+00
     vertex 1.3923632342e+01 0.0000000000e+00 4.9115821697e-01
   endloop
 endfacet
 facet normal  8.6120027422e-02 -6.4191087692e-01 -7.6192766518e-01
   outer loop
     vertex 1.3923632342e+01 0.0000000000e+00 4.9115821697e-01
     vertex 1.3912437760e+01 -7.6604444312e-01 1.1352720941e+00
     vertex 1.3819129176e+01 -7.6604444312e-01 1.1247255052e+00
   endloop
 endfacet
 facet normal  8.6120027422e-02 -6.4191087692e-01 -7.6192766518e-01
   outer loop
     vertex 1.3923632342e+01 0.0000000000e+00 4.9115821697e-01
     vertex 1.3819129176e+01 -7.6604444312e-01 1.1247255052e+00
     vertex 1.3813857537e+01 0.0000000000e+00 4.7875046532e-01
   endloop
 endfacet
 facet normal  8.3248351079e-02 -6.4207976606e-01 -7.6210451125e-01
   outer loop
     vertex 1.3813857537e+01 0.0000000000e+00 4.7875046532e-01
     vertex 1.3819129176e+01 -7.6604444312e-01 1.1247255052e+00
     vertex 1.3687766571e+01 -7.6604444312e-01 1.1103761344e+00
   endloop
 endfacet
 facet normal  8.3248351079e-02 -6.4207976606e-01 -7.6210451125e-01
   outer loop
     vertex 1.3813857537e+01 0.0000000000e+00 4.7875046532e-01
     vertex 1.3687766571e+01 -7.6604444312e-01 1.1103761344e+00
     vertex 1.3659313296e+01 0.0000000000e+00 4.6186885255e-01
   endloop
 endfacet
 facet normal  7.9424967200e-02 -6.4236425521e-01 -7.6227281089e-01
   outer loop
     vertex 1.3659313296e+01 0.0000000000e+00 4.6186885255e-01
     vertex 1.3687766571e+01 -7.6604444312e-01 1.1103761344e+00
     vertex 1.3508154868e+01 -7.6604444312e-01 1.0916615044e+00
   endloop
 endfacet
 facet normal  7.9424967200e-02 -6.4236425521e-01 -7.6227281089e-01
   outer loop
     vertex 1.3659313296e+01 0.0000000000e+00 4.6186885255e-01
     vertex 1.3508154868e+01 -7.6604444312e-01 1.0916615044e+00
     vertex 1.3448005410e+01 0.0000000000e+00 4.3985164079e-01
   endloop
 endfacet
 facet normal  7.4449948189e-02 -6.4284051971e-01 -7.6237344618e-01
   outer loop
     vertex 1.3448005410e+01 0.0000000000e+00 4.3985164079e-01
     vertex 1.3508154868e+01 -7.6604444312e-01 1.0916615044e+00
     vertex 1.3272142060e+01 -7.6604444312e-01 1.0686135593e+00
   endloop
 endfacet
 facet normal  7.4449948189e-02 -6.4284051971e-01 -7.6237344618e-01
   outer loop
     vertex 1.3448005410e+01 0.0000000000e+00 4.3985164079e-01
     vertex 1.3272142060e+01 -7.6604444312e-01 1.0686135593e+00
     vertex 1.3170343283e+01 0.0000000000e+00 4.1273641132e-01
   endloop
 endfacet
 facet normal  6.7957879187e-02 -6.4364281216e-01 -7.6230286436e-01
   outer loop
     vertex 1.3170343283e+01 0.0000000000e+00 4.1273641132e-01
     vertex 1.3272142060e+01 -7.6604444312e-01 1.0686135593e+00
     vertex 1.2977701475e+01 -7.6604444312e-01 1.0423647301e+00
   endloop
 endfacet
 facet normal  6.7957879187e-02 -6.4364281216e-01 -7.6230286436e-01
   outer loop
     vertex 1.3170343283e+01 0.0000000000e+00 4.1273641132e-01
     vertex 1.2977701475e+01 -7.6604444312e-01 1.0423647301e+00
     vertex 1.2823942596e+01 0.0000000000e+00 3.8185543580e-01
   endloop
 endfacet
 facet normal  5.9328322980e-02 -6.4500400293e-01 -7.6187268378e-01
   outer loop
     vertex 1.2823942596e+01 0.0000000000e+00 3.8185543580e-01
     vertex 1.2977701475e+01 -7.6604444312e-01 1.0423647301e+00
     vertex 1.2633249020e+01 -7.6604444312e-01 1.0155416310e+00
   endloop
 endfacet
 facet normal  5.9328322980e-02 -6.4500400293e-01 -7.6187268378e-01
   outer loop
     vertex 1.2823942596e+01 0.0000000000e+00 3.8185543580e-01
     vertex 1.2633249020e+01 -7.6604444312e-01 1.0155416310e+00
     vertex 1.2418704413e+01 0.0000000000e+00 3.5029884861e-01
   endloop
 endfacet
 facet normal  4.7479719522e-02 -6.4732986388e-01 -7.6072973095e-01
   outer loop
     vertex 1.2418704413e+01 0.0000000000e+00 3.5029884861e-01
     vertex 1.2633249020e+01 -7.6604444312e-01 1.0155416310e+00
     vertex 1.2259329960e+01 -7.6604444312e-01 9.9220407580e-01
   endloop
 endfacet
 facet normal  4.7479719522e-02 -6.4732986388e-01 -7.6072973095e-01
   outer loop
     vertex 1.2418704413e+01 0.0000000000e+00 3.5029884861e-01
     vertex 1.2259329960e+01 -7.6604444312e-01 9.9220407580e-01
     vertex 1.1978799637e+01 0.0000000000e+00 3.2284290131e-01
   endloop
 endfacet
 facet normal  3.0999519619e-02 -6.5121036885e-01 -7.5826386258e-01
   outer loop
     vertex 1.1978799637e+01 0.0000000000e+00 3.2284290131e-01
     vertex 1.2259329960e+01 -7.6604444312e-01 9.9220407580e-01
     vertex 1.1538411806e+01 0.0000000000e+00 3.0483886357e-01
   endloop
 endfacet
 facet normal  3.0999519619e-02 -6.5121036885e-01 -7.5826386258e-01
   outer loop
     vertex 1.2259329960e+01 -7.6604444312e-01 9.9220407580e-01
     vertex 1.1885000304e+01 -7.6604444312e-01 9.7690064372e-01
     vertex 1.1538411806e+01 0.0000000000e+00 3.0483886357e-01
   endloop
 endfacet
 facet normal  8.6689511012e-03 -6.5724541079e-01 -7.5362677718e-01
   outer loop
     vertex 1.1538411806e+01 0.0000000000e+00 3.0483886357e-01
     vertex 1.1885000304e+01 -7.6604444312e-01 9.7690064372e-01
     vertex 1.1131989401e+01 0.0000000000e+00 3.0016379620e-01
   endloop
 endfacet
 facet normal  8.6689511012e-03 -6.5724541079e-01 -7.5362677718e-01
   outer loop
     vertex 1.1885000304e+01 -7.6604444312e-01 9.7690064372e-01
     vertex 1.1539541260e+01 -7.6604444312e-01 9.7292683646e-01
     vertex 1.1131989401e+01 0.0000000000e+00 3.0016379620e-01
   endloop
 endfacet
 facet normal  -2.0151307899e-02 -6.6577516891e-01 -7.4588025128e-01
   outer loop
     vertex 1.1131989401e+01 0.0000000000e+00 3.0016379620e-01
     vertex 1.1539541260e+01 -7.6604444312e-01 9.7292683646e-01
     vertex 1.0784366395e+01 0.0000000000e+00 3.0955546224e-01
   endloop
 endfacet
 facet normal  -2.0151307899e-02 -6.6577516891e-01 -7.4588025128e-01
   outer loop
     vertex 1.1539541260e+01 -7.6604444312e-01 9.7292683646e-01
     vertex 1.1244061705e+01 -7.6604444312e-01 9.8090975259e-01
     vertex 1.0784366395e+01 0.0000000000e+00 3.0955546224e-01
   endloop
 endfacet
 facet normal  -5.6168881818e-02 -6.7690817178e-01 -7.3392123807e-01
   outer loop
     vertex 1.0784366395e+01 0.0000000000e+00 3.0955546224e-01
     vertex 1.1244061705e+01 -7.6604444312e-01 9.8090975259e-01
     vertex 1.0506231346e+01 0.0000000000e+00 3.3084185361e-01
   endloop
 endfacet
 facet normal  -5.6168881818e-02 -6.7690817178e-01 -7.3392123807e-01
   outer loop
     vertex 1.1244061705e+01 -7.6604444312e-01 9.8090975259e-01
     vertex 1.1007646913e+01 -7.6604444312e-01 9.9900318526e-01
     vertex 1.0506231346e+01 0.0000000000e+00 3.3084185361e-01
   endloop
 endfacet
 facet normal  -1.0166260958e-01 -6.9087357162e-01 -7.1579216386e-01
   outer loop
     vertex 1.0506231346e+01 0.0000000000e+00 3.3084185361e-01
     vertex 1.1007646913e+01 -7.6604444312e-01 9.9900318526e-01
     vertex 1.0295938531e+01 0.0000000000e+00 3.6070934516e-01
   endloop
 endfacet
 facet normal  -1.0166260958e-01 -6.9087357162e-01 -7.1579216386e-01
   outer loop
     vertex 1.1007646913e+01 -7.6604444312e-01 9.9900318526e-01
     vertex 1.0828898020e+01 -7.6604444312e-01 1.0243905531e+00
     vertex 1.0295938531e+01 0.0000000000e+00 3.6070934516e-01
   endloop
 endfacet
 facet normal  -1.6428994360e-01 -7.0871756429e-01 -6.8609636968e-01
   outer loop
     vertex 1.0295938531e+01 0.0000000000e+00 3.6070934516e-01
     vertex 1.0828898020e+01 -7.6604444312e-01 1.0243905531e+00
     vertex 1.0144835601e+01 0.0000000000e+00 3.9689185964e-01
   endloop
 endfacet
 facet normal  -1.6428994360e-01 -7.0871756429e-01 -6.8609636968e-01
   outer loop
     vertex 1.0828898020e+01 -7.6604444312e-01 1.0243905531e+00
     vertex 1.0700460530e+01 -7.6604444312e-01 1.0551456904e+00
     vertex 1.0144835601e+01 0.0000000000e+00 3.9689185964e-01
   endloop
 endfacet
 facet normal  -2.7001952843e-01 -7.3267058426e-01 -6.2472655557e-01
   outer loop
     vertex 1.0144835601e+01 0.0000000000e+00 3.9689185964e-01
     vertex 1.0700460530e+01 -7.6604444312e-01 1.0551456904e+00
     vertex 1.0043706768e+01 0.0000000000e+00 4.4060179874e-01
   endloop
 endfacet
 facet normal  -2.7001952843e-01 -7.3267058426e-01 -6.2472655557e-01
   outer loop
     vertex 1.0700460530e+01 -7.6604444312e-01 1.0551456904e+00
     vertex 1.0614501022e+01 -7.6604444312e-01 1.0922991386e+00
     vertex 1.0043706768e+01 0.0000000000e+00 4.4060179874e-01
   endloop
 endfacet
 facet normal  -5.4062897939e-01 -7.4126123696e-01 -3.9780910652e-01
   outer loop
     vertex 1.0043706768e+01 0.0000000000e+00 4.4060179874e-01
     vertex 1.0614501022e+01 -7.6604444312e-01 1.0922991386e+00
     vertex 1.0000000000e+01 0.0000000000e+00 5.0000000000e-01
   endloop
 endfacet
 facet normal  -5.4062897939e-01 -7.4126123696e-01 -3.9780910652e-01
   outer loop
     vertex 1.0614501022e+01 -7.6604444312e-01 1.0922991386e+00
     vertex 1.0577350269e+01 -7.6604444312e-01 1.1427876097e+00
     vertex 1.0000000000e+01 0.0000000000e+00 5.0000000000e-01
   endloop
 endfacet
 facet normal  -8.0063989077e-01 -1.0908361516e-01 5.8913201425e-01
   outer loop
     vertex 1.0000000000e+01 0.0000000000e+00 5.0000000000e-01
     vertex 1.0577350269e+01 -7.6604444312e-01 1.1427876097e+00
     vertex 1.0614501022e+01 -7.6604444312e-01 1.1932760808e+00
   endloop
 endfacet
 facet normal  -8.0063989077e-01 -1.0908361516e-01 5.8913201425e-01
   outer loop
     vertex 1.0000000000e+01 0.0000000000e+00 5.0000000000e-01
     vertex 1.0614501022e+01 -7.6604444312e-01 1.1932760808e+00
     vertex 1.0043706768e+01 0.0000000000e+00 5.5939820126e-01
   endloop
 endfacet
 facet normal  -3.5990169074e-01 4.2084800966e-01 8.3268104684e-01
   outer loop
     vertex 1.0043706768e+01 0.0000000000e+00 5.5939820126e-01
     vertex 1.0614501022e+01 -7.6604444312e-01 1.1932760808e+00
     vertex 1.0700460530e+01 -7.6604444312e-01 1.2304295290e+00
   endloop
 endfacet
 facet normal  -3.5990169074e-01 4.2084800966e-01 8.3268104684e-01
   outer loop
     vertex 1.0043706768e+01 0.0000000000e+00 5.5939820126e-01
     vertex 1.0700460530e+01 -7.6604444312e-01 1.2304295290e+00
     vertex 1.0144835601e+01 0.0000000000e+00 6.0310814036e-01
   endloop
 endfacet
 facet normal  -1.9725470687e-01 5.3151433890e-01 8.2376154812e-01
   outer loop
     vertex 1.0144835601e+01 0.0000000000e+00 6.0310814036e-01
     vertex 1.0700460530e+01 -7.6604444312e-01 1.2304295290e+00
     vertex 1.0828898020e+01 -7.6604444312e-01 1.2611846663e+00
   endloop
 endfacet
 facet normal  -1.9725470687e-01 5.3151433890e-01 8.2376154812e-01
   outer loop
     vertex 1.0144835601e+01 0.0000000000e+00 6.0310814036e-01
     vertex 1.0828898020e+01 -7.6604444312e-01 1.2611846663e+00
     vertex 1.0295938531e+01 0.0000000000e+00 6.3929065484e-01
   endloop
 endfacet
 facet normal  -1.1487707395e-01 5.7670778181e-01 8.0883335260e-01
   outer loop
     vertex 1.0295938531e+01 0.0000000000e+00 6.3929065484e-01
     vertex 1.0828898020e+01 -7.6604444312e-01 1.2611846663e+00
     vertex 1.1007646913e+01 -7.6604444312e-01 1.2865720341e+00
   endloop
 endfacet
 facet normal  -1.1487707395e-01 5.7670778181e-01 8.0883335260e-01
   outer loop
     vertex 1.0295938531e+01 0.0000000000e+00 6.3929065484e-01
     vertex 1.1007646913e+01 -7.6604444312e-01 1.2865720341e+00
     vertex 1.0506231346e+01 0.0000000000e+00 6.6915814639e-01
   endloop
 endfacet
 facet normal  -6.0939779824e-02 6.0187818790e-01 7.9625937368e-01
   outer loop
     vertex 1.0506231346e+01 0.0000000000e+00 6.6915814639e-01
     vertex 1.1007646913e+01 -7.6604444312e-01 1.2865720341e+00
     vertex 1.1244061705e+01 -7.6604444312e-01 1.3046654668e+00
   endloop
 endfacet
 facet normal  -6.0939779824e-02 6.0187818790e-01 7.9625937368e-01
   outer loop
     vertex 1.0506231346e+01 0.0000000000e+00 6.6915814639e-01
     vertex 1.1244061705e+01 -7.6604444312e-01 1.3046654668e+00
     vertex 1.0784366395e+01 0.0000000000e+00 6.9044453776e-01
   endloop
 endfacet
 facet normal  -2.1240244398e-02 6.1762465667e-01 7.8618613285e-01
   outer loop
     vertex 1.0784366395e+01 0.0000000000e+00 6.9044453776e-01
     vertex 1.1244061705e+01 -7.6604444312e-01 1.3046654668e+00
     vertex 1.1539541260e+01 -7.6604444312e-01 1.3126483829e+00
   endloop
 endfacet
 facet normal  -2.1240244398e-02 6.1762465667e-01 7.8618613285e-01
   outer loop
     vertex 1.0784366395e+01 0.0000000000e+00 6.9044453776e-01
     vertex 1.1539541260e+01 -7.6604444312e-01 1.3126483829e+00
     vertex 1.1131989401e+01 0.0000000000e+00 6.9983620380e-01
   endloop
 endfacet
 facet normal  8.9552930546e-03 6.2755635708e-01 7.7851963458e-01
   outer loop
     vertex 1.1131989401e+01 0.0000000000e+00 6.9983620380e-01
     vertex 1.1539541260e+01 -7.6604444312e-01 1.3126483829e+00
     vertex 1.1885000304e+01 -7.6604444312e-01 1.3086745757e+00
   endloop
 endfacet
 facet normal  8.9552930546e-03 6.2755635708e-01 7.7851963458e-01
   outer loop
     vertex 1.1131989401e+01 0.0000000000e+00 6.9983620380e-01
     vertex 1.1885000304e+01 -7.6604444312e-01 1.3086745757e+00
     vertex 1.1538411806e+01 0.0000000000e+00 6.9516113643e-01
   endloop
 endfacet
 facet normal  3.1606700060e-02 6.3347689244e-01 7.7311580197e-01
   outer loop
     vertex 1.1538411806e+01 0.0000000000e+00 6.9516113643e-01
     vertex 1.1885000304e+01 -7.6604444312e-01 1.3086745757e+00
     vertex 1.2259329960e+01 -7.6604444312e-01 1.2933711436e+00
   endloop
 endfacet
 facet normal  3.1606700060e-02 6.3347689244e-01 7.7311580197e-01
   outer loop
     vertex 1.1538411806e+01 0.0000000000e+00 6.9516113643e-01
     vertex 1.2259329960e+01 -7.6604444312e-01 1.2933711436e+00
     vertex 1.1978799637e+01 0.0000000000e+00 6.7715709869e-01
   endloop
 endfacet
 facet normal  4.8034957669e-02 6.3668568676e-01 7.6962586957e-01
   outer loop
     vertex 1.1978799637e+01 0.0000000000e+00 6.7715709869e-01
     vertex 1.2259329960e+01 -7.6604444312e-01 1.2933711436e+00
     vertex 1.2418704413e+01 0.0000000000e+00 6.4970115139e-01
   endloop
 endfacet
 facet normal  4.8034957669e-02 6.3668568676e-01 7.6962586957e-01
   outer loop
     vertex 1.2259329960e+01 -7.6604444312e-01 1.2933711436e+00
     vertex 1.2633249020e+01 -7.6604444312e-01 1.2700335884e+00
     vertex 1.2418704413e+01 0.0000000000e+00 6.4970115139e-01
   endloop
 endfacet
 facet normal  5.9766796784e-02 6.3825265701e-01 7.6750340444e-01
   outer loop
     vertex 1.2418704413e+01 0.0000000000e+00 6.4970115139e-01
     vertex 1.2633249020e+01 -7.6604444312e-01 1.2700335884e+00
     vertex 1.2823942596e+01 0.0000000000e+00 6.1814456420e-01
   endloop
 endfacet
 facet normal  5.9766796784e-02 6.3825265701e-01 7.6750340444e-01
   outer loop
     vertex 1.2633249020e+01 -7.6604444312e-01 1.2700335884e+00
     vertex 1.2977701475e+01 -7.6604444312e-01 1.2432104893e+00
     vertex 1.2823942596e+01 0.0000000000e+00 6.1814456420e-01
   endloop
 endfacet
 facet normal  6.8307861783e-02 6.3892690244e-01 7.6622871870e-01
   outer loop
     vertex 1.2823942596e+01 0.0000000000e+00 6.1814456420e-01
     vertex 1.2977701475e+01 -7.6604444312e-01 1.2432104893e+00
     vertex 1.3170343283e+01 0.0000000000e+00 5.8726358868e-01
   endloop
 endfacet
 facet normal  6.8307861783e-02 6.3892690244e-01 7.6622871870e-01
   outer loop
     vertex 1.2977701475e+01 -7.6604444312e-01 1.2432104893e+00
     vertex 1.3272142060e+01 -7.6604444312e-01 1.2169616601e+00
     vertex 1.3170343283e+01 0.0000000000e+00 5.8726358868e-01
   endloop
 endfacet
 facet normal  7.4750203531e-02 6.3914132729e-01 7.6544808499e-01
   outer loop
     vertex 1.3170343283e+01 0.0000000000e+00 5.8726358868e-01
     vertex 1.3272142060e+01 -7.6604444312e-01 1.2169616601e+00
     vertex 1.3448005410e+01 0.0000000000e+00 5.6014835921e-01
   endloop
 endfacet
 facet normal  7.4750203531e-02 6.3914132729e-01 7.6544808499e-01
   outer loop
     vertex 1.3272142060e+01 -7.6604444312e-01 1.2169616601e+00
     vertex 1.3508154868e+01 -7.6604444312e-01 1.1939137150e+00
     vertex 1.3448005410e+01 0.0000000000e+00 5.6014835921e-01
   endloop
 endfacet
 facet normal  7.9704980490e-02 6.3912674371e-01 7.6496020913e-01
   outer loop
     vertex 1.3448005410e+01 0.0000000000e+00 5.6014835921e-01
     vertex 1.3508154868e+01 -7.6604444312e-01 1.1939137150e+00
     vertex 1.3659313296e+01 0.0000000000e+00 5.3813114745e-01
   endloop
 endfacet
 facet normal  7.9704980490e-02 6.3912674371e-01 7.6496020913e-01
   outer loop
     vertex 1.3508154868e+01 -7.6604444312e-01 1.1939137150e+00
     vertex 1.3687766571e+01 -7.6604444312e-01 1.1751990850e+00
     vertex 1.3659313296e+01 0.0000000000e+00 5.3813114745e-01
   endloop
 endfacet
 facet normal  8.3526366916e-02 6.3901039584e-01 7.6464963221e-01
   outer loop
     vertex 1.3659313296e+01 0.0000000000e+00 5.3813114745e-01
     vertex 1.3687766571e+01 -7.6604444312e-01 1.1751990850e+00
     vertex 1.3813857537e+01 0.0000000000e+00 5.2124953468e-01
   endloop
 endfacet
 facet normal  8.3526366916e-02 6.3901039584e-01 7.6464963221e-01
   outer loop
     vertex 1.3687766571e+01 -7.6604444312e-01 1.1751990850e+00
     vertex 1.3819129176e+01 -7.6604444312e-01 1.1608497142e+00
     vertex 1.3813857537e+01 0.0000000000e+00 5.2124953468e-01
   endloop
 endfacet
 facet normal  8.6405286651e-02 6.3886472278e-01 7.6445143235e-01
   outer loop
     vertex 1.3813857537e+01 0.0000000000e+00 5.2124953468e-01
     vertex 1.3819129176e+01 -7.6604444312e-01 1.1608497142e+00
     vertex 1.3923632342e+01 0.0000000000e+00 5.0884178303e-01
   endloop
 endfacet
 facet normal  8.6405286651e-02 6.3886472278e-01 7.6445143235e-01
   outer loop
     vertex 1.3819129176e+01 -7.6604444312e-01 1.1608497142e+00
     vertex 1.3912437760e+01 -7.6604444312e-01 1.1503031253e+00
     vertex 1.3923632342e+01 0.0000000000e+00 5.0884178303e-01
   endloop
 endfacet
 facet normal  8.8493010306e-02 6.3872911196e-01 7.6432591782e-01
   outer loop
     vertex 1.3923632342e+01 0.0000000000e+00 5.0884178303e-01
     vertex 1.3912437760e+01 -7.6604444312e-01 1.1503031253e+00
     vertex 1.4000000000e+01 0.0000000000e+00 5.0000000000e-01
   endloop
 endfacet
 facet normal  8.8493010306e-02 6.3872911196e-01 7.6432591782e-01
   outer loop
     vertex 1.3912437760e+01 -7.6604444312e-01 1.1503031253e+00
     vertex 1.3977350269e+01 -7.6604444312e-01 1.1427876097e+00
     vertex 1.4000000000e+01 0.0000000000e+00 5.0000000000e-01
   endloop
 endfacet
 facet normal  8.8197502133e-02 -6.4181167175e-01 -7.6177357438e-01
   outer loop
     vertex 1.3977350269e+01 -7.6604444312e-01 1.1427876097e+00
     vertex 1.3954700538e+01 -1.5320888862e+00 1.7855752194e+00
     vertex 1.3901243178e+01 -1.5320888862e+00 1.7793859713e+00
   endloop
 endfacet
 facet normal  8.8197502133e-02 -6.4181167175e-01 -7.6177357438e-01
   outer loop
     vertex 1.3977350269e+01 -7.6604444312e-01 1.1427876097e+00
     vertex 1.3901243178e+01 -1.5320888862e+00 1.7793859713e+00
     vertex 1.3912437760e+01 -7.6604444312e-01 1.1352720941e+00
   endloop
 endfacet
 facet normal  8.6120027422e-02 -6.4191087692e-01 -7.6192766518e-01
   outer loop
     vertex 1.3912437760e+01 -7.6604444312e-01 1.1352720941e+00
     vertex 1.3901243178e+01 -1.5320888862e+00 1.7793859713e+00
     vertex 1.3824400814e+01 -1.5320888862e+00 1.7707005451e+00
   endloop
 endfacet
 facet normal  8.6120027422e-02 -6.4191087692e-01 -7.6192766518e-01
   outer loop
     vertex 1.3912437760e+01 -7.6604444312e-01 1.1352720941e+00
     vertex 1.3824400814e+01 -1.5320888862e+00 1.7707005451e+00
     vertex 1.3819129176e+01 -7.6604444312e-01 1.1247255052e+00
   endloop
 endfacet
 facet normal  8.3248351079e-02 -6.4207976606e-01 -7.6210451125e-01
   outer loop
     vertex 1.3819129176e+01 -7.6604444312e-01 1.1247255052e+00
     vertex 1.3824400814e+01 -1.5320888862e+00 1.7707005451e+00
     vertex 1.3716219845e+01 -1.5320888862e+00 1.7588834162e+00
   endloop
 endfacet
 facet normal  8.3248351079e-02 -6.4207976606e-01 -7.6210451125e-01
   outer loop
     vertex 1.3819129176e+01 -7.6604444312e-01 1.1247255052e+00
     vertex 1.3716219845e+01 -1.5320888862e+00 1.7588834162e+00
     vertex 1.3687766571e+01 -7.6604444312e-01 1.1103761344e+00
   endloop
 endfacet
 facet normal  7.9424967200e-02 -6.4236425521e-01 -7.6227281089e-01
   outer loop
     vertex 1.3687766571e+01 -7.6604444312e-01 1.1103761344e+00
     vertex 1.3716219845e+01 -1.5320888862e+00 1.7588834162e+00
     vertex 1.3568304325e+01 -1.5320888862e+00 1.7434713679e+00
   endloop
 endfacet
 facet normal  7.9424967200e-02 -6.4236425521e-01 -7.6227281089e-01
   outer loop
     vertex 1.3687766571e+01 -7.6604444312e-01 1.1103761344e+00
     vertex 1.3568304325e+01 -1.5320888862e+00 1.7434713679e+00
     vertex 1.3508154868e+01 -7.6604444312e-01 1.0916615044e+00
   endloop
 endfacet
 facet normal  7.4449948189e-02 -6.4284051971e-01 -7.6237344618e-01
   outer loop
     vertex 1.3508154868e+01 -7.6604444312e-01 1.0916615044e+00
     vertex 1.3568304325e+01 -1.5320888862e+00 1.7434713679e+00
     vertex 1.3373940837e+01 -1.5320888862e+00 1.7244907073e+00
   endloop
 endfacet
 facet normal  7.4449948189e-02 -6.4284051971e-01 -7.6237344618e-01
   outer loop
     vertex 1.3508154868e+01 -7.6604444312e-01 1.0916615044e+00
     vertex 1.3373940837e+01 -1.5320888862e+00 1.7244907073e+00
     vertex 1.3272142060e+01 -7.6604444312e-01 1.0686135593e+00
   endloop
 endfacet
 facet normal  6.7957879187e-02 -6.4364281216e-01 -7.6230286436e-01
   outer loop
     vertex 1.3272142060e+01 -7.6604444312e-01 1.0686135593e+00
     vertex 1.3373940837e+01 -1.5320888862e+00 1.7244907073e+00
     vertex 1.3131460355e+01 -1.5320888862e+00 1.7028740244e+00
   endloop
 endfacet
 facet normal  6.7957879187e-02 -6.4364281216e-01 -7.6230286436e-01
   outer loop
     vertex 1.3272142060e+01 -7.6604444312e-01 1.0686135593e+00
     vertex 1.3131460355e+01 -1.5320888862e+00 1.7028740244e+00
     vertex 1.2977701475e+01 -7.6604444312e-01 1.0423647301e+00
   endloop
 endfacet
 facet normal  5.9328322980e-02 -6.4500400293e-01 -7.6187268378e-01
   outer loop
     vertex 1.2977701475e+01 -7.6604444312e-01 1.0423647301e+00
     vertex 1.3131460355e+01 -1.5320888862e+00 1.7028740244e+00
     vertex 1.2847793628e+01 -1.5320888862e+00 1.6807844134e+00
   endloop
 endfacet
 facet normal  5.9328322980e-02 -6.4500400293e-01 -7.6187268378e-01
   outer loop
     vertex 1.2977701475e+01 -7.6604444312e-01 1.0423647301e+00
     vertex 1.2847793628e+01 -1.5320888862e+00 1.6807844134e+00
     vertex 1.2633249020e+01 -7.6604444312e-01 1.0155416310e+00
   endloop
 endfacet
 facet normal  4.7479719522e-02 -6.4732986388e-01 -7.6072973095e-01
   outer loop
     vertex 1.2633249020e+01 -7.6604444312e-01 1.0155416310e+00
     vertex 1.2847793628e+01 -1.5320888862e+00 1.6807844134e+00
     vertex 1.2539860284e+01 -1.5320888862e+00 1.6615652503e+00
   endloop
 endfacet
 facet normal  4.7479719522e-02 -6.4732986388e-01 -7.6072973095e-01
   outer loop
     vertex 1.2633249020e+01 -7.6604444312e-01 1.0155416310e+00
     vertex 1.2539860284e+01 -1.5320888862e+00 1.6615652503e+00
     vertex 1.2259329960e+01 -7.6604444312e-01 9.9220407580e-01
   endloop
 endfacet
 facet normal  3.0999519619e-02 -6.5121036885e-01 -7.5826386258e-01
   outer loop
     vertex 1.2259329960e+01 -7.6604444312e-01 9.9220407580e-01
     vertex 1.2539860284e+01 -1.5320888862e+00 1.6615652503e+00
     vertex 1.1885000304e+01 -7.6604444312e-01 9.7690064372e-01
   endloop
 endfacet
 facet normal  3.0999519619e-02 -6.5121036885e-01 -7.5826386258e-01
   outer loop
     vertex 1.2539860284e+01 -1.5320888862e+00 1.6615652503e+00
     vertex 1.2231588802e+01 -1.5320888862e+00 1.6489624239e+00
     vertex 1.1885000304e+01 -7.6604444312e-01 9.7690064372e-01
   endloop
 endfacet
 facet normal  8.6689511012e-03 -6.5724541079e-01 -7.5362677718e-01
   outer loop
     vertex 1.1885000304e+01 -7.6604444312e-01 9.7690064372e-01
     vertex 1.2231588802e+01 -1.5320888862e+00 1.6489624239e+00
     vertex 1.1539541260e+01 -7.6604444312e-01 9.7292683646e-01
   endloop
 endfacet
 facet normal  8.6689511012e-03 -6.5724541079e-01 -7.5362677718e-01
   outer loop
     vertex 1.2231588802e+01 -1.5320888862e+00 1.6489624239e+00
     vertex 1.1947093119e+01 -1.5320888862e+00 1.6456898767e+00
     vertex 1.1539541260e+01 -7.6604444312e-01 9.7292683646e-01
   endloop
 endfacet
 facet normal  -2.0151307899e-02 -6.6577516891e-01 -7.4588025128e-01
   outer loop
     vertex 1.1539541260e+01 -7.6604444312e-01 9.7292683646e-01
     vertex 1.1947093119e+01 -1.5320888862e+00 1.6456898767e+00
     vertex 1.1244061705e+01 -7.6604444312e-01 9.8090975259e-01
   endloop
 endfacet
 facet normal  -2.0151307899e-02 -6.6577516891e-01 -7.4588025128e-01
   outer loop
     vertex 1.1947093119e+01 -1.5320888862e+00 1.6456898767e+00
     vertex 1.1703757015e+01 -1.5320888862e+00 1.6522640429e+00
     vertex 1.1244061705e+01 -7.6604444312e-01 9.8090975259e-01
   endloop
 endfacet
 facet normal  -5.6168881818e-02 -6.7690817178e-01 -7.3392123807e-01
   outer loop
     vertex 1.1244061705e+01 -7.6604444312e-01 9.8090975259e-01
     vertex 1.1703757015e+01 -1.5320888862e+00 1.6522640429e+00
     vertex 1.1007646913e+01 -7.6604444312e-01 9.9900318526e-01
   endloop
 endfacet
 facet normal  -5.6168881818e-02 -6.7690817178e-01 -7.3392123807e-01
   outer loop
     vertex 1.1703757015e+01 -1.5320888862e+00 1.6522640429e+00
     vertex 1.1509062481e+01 -1.5320888862e+00 1.6671645169e+00
     vertex 1.1007646913e+01 -7.6604444312e-01 9.9900318526e-01
   endloop
 endfacet
 facet normal  -1.0166260958e-01 -6.9087357162e-01 -7.1579216386e-01
   outer loop
     vertex 1.1007646913e+01 -7.6604444312e-01 9.9900318526e-01
     vertex 1.1509062481e+01 -1.5320888862e+00 1.6671645169e+00
     vertex 1.0828898020e+01 -7.6604444312e-01 1.0243905531e+00
   endloop
 endfacet
 facet normal  -1.0166260958e-01 -6.9087357162e-01 -7.1579216386e-01
   outer loop
     vertex 1.1509062481e+01 -1.5320888862e+00 1.6671645169e+00
     vertex 1.1361857510e+01 -1.5320888862e+00 1.6880717610e+00
     vertex 1.0828898020e+01 -7.6604444312e-01 1.0243905531e+00
   endloop
 endfacet
 facet normal  -1.6428994360e-01 -7.0871756429e-01 -6.8609636968e-01
   outer loop
     vertex 1.0828898020e+01 -7.6604444312e-01 1.0243905531e+00
     vertex 1.1361857510e+01 -1.5320888862e+00 1.6880717610e+00
     vertex 1.0700460530e+01 -7.6604444312e-01 1.0551456904e+00
   endloop
 endfacet
 facet normal  -1.6428994360e-01 -7.0871756429e-01 -6.8609636968e-01
   outer loop
     vertex 1.1361857510e+01 -1.5320888862e+00 1.6880717610e+00
     vertex 1.1256085459e+01 -1.5320888862e+00 1.7133995211e+00
     vertex 1.0700460530e+01 -7.6604444312e-01 1.0551456904e+00
   endloop
 endfacet
 facet normal  -2.7001952843e-01 -7.3267058426e-01 -6.2472655557e-01
   outer loop
     vertex 1.0700460530e+01 -7.6604444312e-01 1.0551456904e+00
     vertex 1.1256085459e+01 -1.5320888862e+00 1.7133995211e+00
     vertex 1.0614501022e+01 -7.6604444312e-01 1.0922991386e+00
   endloop
 endfacet
 facet normal  -2.7001952843e-01 -7.3267058426e-01 -6.2472655557e-01
   outer loop
     vertex 1.1256085459e+01 -1.5320888862e+00 1.7133995211e+00
     vertex 1.1185295276e+01 -1.5320888862e+00 1.7439964785e+00
     vertex 1.0614501022e+01 -7.6604444312e-01 1.0922991386e+00
   endloop
 endfacet
 facet normal  -5.4062897939e-01 -7.4126123696e-01 -3.9780910652e-01
   outer loop
     vertex 1.0614501022e+01 -7.6604444312e-01 1.0922991386e+00
     vertex 1.1185295276e+01 -1.5320888862e+00 1.7439964785e+00
     vertex 1.0577350269e+01 -7.6604444312e-01 1.1427876097e+00
   endloop
 endfacet
 facet normal  -5.4062897939e-01 -7.4126123696e-01 -3.9780910652e-01
   outer loop
     vertex 1.1185295276e+01 -1.5320888862e+00 1.7439964785e+00
     vertex 1.1154700538e+01 -1.5320888862e+00 1.7855752194e+00
     vertex 1.0577350269e+01 -7.6604444312e-01 1.1427876097e+00
   endloop
 endfacet
 facet normal  -8.0063989077e-01 -1.0908361516e-01 5.8913201425e-01
   outer loop
     vertex 1.0577350269e+01 -7.6604444312e-01 1.1427876097e+00
     vertex 1.1154700538e+01 -1.5320888862e+00 1.7855752194e+00
     vertex 1.1185295276e+01 -1.5320888862e+00 1.8271539603e+00
   endloop
 endfacet
 facet normal  -8.0063989077e-01 -1.0908361516e-01 5.8913201425e-01
   outer loop
     vertex 1.0577350269e+01 -7.6604444312e-01 1.1427876097e+00
     vertex 1.1185295276e+01 -1.5320888862e+00 1.8271539603e+00
     vertex 1.0614501022e+01 -7.6604444312e-01 1.1932760808e+00
   endloop
 endfacet
 facet normal  -3.5990169074e-01 4.2084800966e-01 8.3268104684e-01
   outer loop
     vertex 1.0614501022e+01 -7.6604444312e-01 1.1932760808e+00
     vertex 1.1185295276e+01 -1.5320888862e+00 1.8271539603e+00
     vertex 1.1256085459e+01 -1.5320888862e+00 1.8577509176e+00
   endloop
 endfacet
 facet normal  -3.5990169074e-01 4.2084800966e-01 8.3268104684e-01
   outer loop
     vertex 1.0614501022e+01 -7.6604444312e-01 1.1932760808e+00
     vertex 1.1256085459e+01 -1.5320888862e+00 1.8577509176e+00
     vertex 1.0700460530e+01 -7.6604444312e-01 1.2304295290e+00
   endloop
 endfacet
 facet normal  -1.9725470687e-01 5.3151433890e-01 8.2376154812e-01
   outer loop
     vertex 1.0700460530e+01 -7.6604444312e-01 1.2304295290e+00
     vertex 1.1256085459e+01 -1.5320888862e+00 1.8577509176e+00
     vertex 1.1361857510e+01 -1.5320888862e+00 1.8830786778e+00
   endloop
 endfacet
 facet normal  -1.9725470687e-01 5.3151433890e-01 8.2376154812e-01
   outer loop
     vertex 1.0700460530e+01 -7.6604444312e-01 1.2304295290e+00
     vertex 1.1361857510e+01 -1.5320888862e+00 1.8830786778e+00
     vertex 1.0828898020e+01 -7.6604444312e-01 1.2611846663e+00
   endloop
 endfacet
 facet normal  -1.1487707395e-01 5.7670778181e-01 8.0883335260e-01
   outer loop
     vertex 1.0828898020e+01 -7.6604444312e-01 1.2611846663e+00
     vertex 1.1361857510e+01 -1.5320888862e+00 1.8830786778e+00
     vertex 1.1509062481e+01 -1.5320888862e+00 1.9039859218e+00
   endloop
 endfacet
 facet normal  -1.1487707395e-01 5.7670778181e-01 8.0883335260e-01
   outer loop
     vertex 1.0828898020e+01 -7.6604444312e-01 1.2611846663e+00
     vertex 1.1509062481e+01 -1.5320888862e+00 1.9039859218e+00
     vertex 1.1007646913e+01 -7.6604444312e-01 1.2865720341e+00
   endloop
 endfacet
 facet normal  -6.0939779824e-02 6.0187818790e-01 7.9625937368e-01
   outer loop
     vertex 1.1007646913e+01 -7.6604444312e-01 1.2865720341e+00
     vertex 1.1509062481e+01 -1.5320888862e+00 1.9039859218e+00
     vertex 1.1703757015e+01 -1.5320888862e+00 1.9188863958e+00
   endloop
 endfacet
 facet normal  -6.0939779824e-02 6.0187818790e-01 7.9625937368e-01
   outer loop
     vertex 1.1007646913e+01 -7.6604444312e-01 1.2865720341e+00
     vertex 1.1703757015e+01 -1.5320888862e+00 1.9188863958e+00
     vertex 1.1244061705e+01 -7.6604444312e-01 1.3046654668e+00
   endloop
 endfacet
 facet normal  -2.1240244398e-02 6.1762465667e-01 7.8618613285e-01
   outer loop
     vertex 1.1244061705e+01 -7.6604444312e-01 1.3046654668e+00
     vertex 1.1703757015e+01 -1.5320888862e+00 1.9188863958e+00
     vertex 1.1947093119e+01 -1.5320888862e+00 1.9254605620e+00
   endloop
 endfacet
 facet normal  -2.1240244398e-02 6.1762465667e-01 7.8618613285e-01
   outer loop
     vertex 1.1244061705e+01 -7.6604444312e-01 1.3046654668e+00
     vertex 1.1947093119e+01 -1.5320888862e+00 1.9254605620e+00
     vertex 1.1539541260e+01 -7.6604444312e-01 1.3126483829e+00
   endloop
 endfacet
 facet normal  8.9552930546e-03 6.2755635708e-01 7.7851963458e-01
   outer loop
     vertex 1.1539541260e+01 -7.6604444312e-01 1.3126483829e+00
     vertex 1.1947093119e+01 -1.5320888862e+00 1.9254605620e+00
     vertex 1.2231588802e+01 -1.5320888862e+00 1.9221880149e+00
   endloop
 endfacet
 facet normal  8.9552930546e-03 6.2755635708e-01 7.7851963458e-01
   outer loop
     vertex 1.1539541260e+01 -7.6604444312e-01 1.3126483829e+00
     vertex 1.2231588802e+01 -1.5320888862e+00 1.9221880149e+00
     vertex 1.1885000304e+01 -7.6604444312e-01 1.3086745757e+00
   endloop
 endfacet
 facet normal  3.1606700060e-02 6.3347689244e-01 7.7311580197e-01
   outer loop
     vertex 1.1885000304e+01 -7.6604444312e-01 1.3086745757e+00
     vertex 1.2231588802e+01 -1.5320888862e+00 1.9221880149e+00
     vertex 1.2539860284e+01 -1.5320888862e+00 1.9095851885e+00
   endloop
 endfacet
 facet normal  3.1606700060e-02 6.3347689244e-01 7.7311580197e-01
   outer loop
     vertex 1.1885000304e+01 -7.6604444312e-01 1.3086745757e+00
     vertex 1.2539860284e+01 -1.5320888862e+00 1.9095851885e+00
     vertex 1.2259329960e+01 -7.6604444312e-01 1.2933711436e+00
   endloop
 endfacet
 facet normal  4.8034957669e-02 6.3668568676e-01 7.6962586957e-01
   outer loop
     vertex 1.2259329960e+01 -7.6604444312e-01 1.2933711436e+00
     vertex 1.2539860284e+01 -1.5320888862e+00 1.9095851885e+00
     vertex 1.2633249020e+01 -7.6604444312e-01 1.2700335884e+00
   endloop
 endfacet
 facet normal  4.8034957669e-02 6.3668568676e-01 7.6962586957e-01
   outer loop
     vertex 1.2539860284e+01 -1.5320888862e+00 1.9095851885e+00
     vertex 1.2847793628e+01 -1.5320888862e+00 1.8903660253e+00
     vertex 1.2633249020e+01 -7.6604444312e-01 1.2700335884e+00
   endloop
 endfacet
 facet normal  5.9766796784e-02 6.3825265701e-01 7.6750340444e-01
   outer loop
     vertex 1.2633249020e+01 -7.6604444312e-01 1.2700335884e+00
     vertex 1.2847793628e+01 -1.5320888862e+00 1.8903660253e+00
     vertex 1.2977701475e+01 -7.6604444312e-01 1.2432104893e+00
   endloop
 endfacet
 facet normal  5.9766796784e-02 6.3825265701e-01 7.6750340444e-01
   outer loop
     vertex 1.2847793628e+01 -1.5320888862e+00 1.8903660253e+00
     vertex 1.3131460355e+01 -1.5320888862e+00 1.8682764143e+00
     vertex 1.2977701475e+01 -7.6604444312e-01 1.2432104893e+00
   endloop
 endfacet
 facet normal  6.8307861783e-02 6.3892690244e-01 7.6622871870e-01
   outer loop
     vertex 1.2977701475e+01 -7.6604444312e-01 1.2432104893e+00
     vertex 1.3131460355e+01 -1.5320888862e+00 1.8682764143e+00
     vertex 1.3272142060e+01 -7.6604444312e-01 1.2169616601e+00
   endloop
 endfacet
 facet normal  6.8307861783e-02 6.3892690244e-01 7.6622871870e-01
   outer loop
     vertex 1.3131460355e+01 -1.5320888862e+00 1.8682764143e+00
     vertex 1.3373940837e+01 -1.5320888862e+00 1.8466597314e+00
     vertex 1.3272142060e+01 -7.6604444312e-01 1.2169616601e+00
   endloop
 endfacet
 facet normal  7.4750203531e-02 6.3914132729e-01 7.6544808499e-01
   outer loop
     vertex 1.3272142060e+01 -7.6604444312e-01 1.2169616601e+00
     vertex 1.3373940837e+01 -1.5320888862e+00 1.8466597314e+00
     vertex 1.3508154868e+01 -7.6604444312e-01 1.1939137150e+00
   endloop
 endfacet
 facet normal  7.4750203531e-02 6.3914132729e-01 7.6544808499e-01
   outer loop
     vertex 1.3373940837e+01 -1.5320888862e+00 1.8466597314e+00
     vertex 1.3568304325e+01 -1.5320888862e+00 1.8276790708e+00
     vertex 1.3508154868e+01 -7.6604444312e-01 1.1939137150e+00
   endloop
 endfacet
 facet normal  7.9704980490e-02 6.3912674371e-01 7.6496020913e-01
   outer loop
     vertex 1.3508154868e+01 -7.6604444312e-01 1.1939137150e+00
     vertex 1.3568304325e+01 -1.5320888862e+00 1.8276790708e+00
     vertex 1.3687766571e+01 -7.6604444312e-01 1.1751990850e+00
   endloop
 endfacet
 facet normal  7.9704980490e-02 6.3912674371e-01 7.6496020913e-01
   outer loop
     vertex 1.3568304325e+01 -1.5320888862e+00 1.8276790708e+00
     vertex 1.3716219845e+01 -1.5320888862e+00 1.8122670226e+00
     vertex 1.3687766571e+01 -7.6604444312e-01 1.1751990850e+00
   endloop
 endfacet
 facet normal  8.3526366916e-02 6.3901039584e-01 7.6464963221e-01
   outer loop
     vertex 1.3687766571e+01 -7.6604444312e-01 1.1751990850e+00
     vertex 1.3716219845e+01 -1.5320888862e+00 1.8122670226e+00
     vertex 1.3819129176e+01 -7.6604444312e-01 1.1608497142e+00
   endloop
 endfacet
 facet normal  8.3526366916e-02 6.3901039584e-01 7.6464963221e-01
   outer loop
     vertex 1.3716219845e+01 -1.5320888862e+00 1.8122670226e+00
     vertex 1.3824400814e+01 -1.5320888862e+00 1.8004498937e+00
     vertex 1.3819129176e+01 -7.6604444312e-01 1.1608497142e+00
   endloop
 endfacet
 facet normal  8.6405286651e-02 6.3886472278e-01 7.6445143235e-01
   outer loop
     vertex 1.3819129176e+01 -7.6604444312e-01 1.1608497142e+00
     vertex 1.3824400814e+01 -1.5320888862e+00 1.8004498937e+00
     vertex 1.3912437760e+01 -7.6604444312e-01 1.1503031253e+00
   endloop
 endfacet
 facet normal  8.6405286651e-02 6.3886472278e-01 7.6445143235e-01
   outer loop
     vertex 1.3824400814e+01 -1.5320888862e+00 1.8004498937e+00
     vertex 1.3901243178e+01 -1.5320888862e+00 1.7917644675e+00
     vertex 1.3912437760e+01 -7.6604444312e-01 1.1503031253e+00
   endloop
 endfacet
 facet normal  8.8493010306e-02 6.3872911196e-01 7.6432591782e-01
   outer loop
     vertex 1.3912437760e+01 -7.6604444312e-01 1.1503031253e+00
     vertex 1.3901243178e+01 -1.5320888862e+00 1.7917644675e+00
     vertex 1.3977350269e+01 -7.6604444312e-01 1.1427876097e+00
   endloop
 endfacet
 facet normal  8.8493010306e-02 6.3872911196e-01 7.6432591782e-01
   outer loop
     vertex 1.3901243178e+01 -1.5320888862e+00 1.7917644675e+00
     vertex 1.3954700538e+01 -1.5320888862e+00 1.7855752194e+00
     vertex 1.3977350269e+01 -7.6604444312e-01 1.1427876097e+00
   endloop
 endfacet
 facet normal  8.8197502133e-02 -6.4181167175e-01 -7.6177357438e-01
   outer loop
     vertex 1.3954700538e+01 -1.5320888862e+00 1.7855752194e+00
     vertex 1.3932050808e+01 -2.2981333294e+00 2.4283628291e+00
     vertex 1.3890048596e+01 -2.2981333294e+00 2.4234998484e+00
   endloop
 endfacet
 facet normal  8.8197502133e-02 -6.4181167175e-01 -7.6177357438e-01
   outer loop
     vertex 1.3954700538e+01 -1.5320888862e+00 1.7855752194e+00
     vertex 1.3890048596e+01 -2.2981333294e+00 2.4234998484e+00
     vertex 1.3901243178e+01 -1.5320888862e+00 1.7793859713e+00
   endloop
 endfacet
 facet normal  8.6120027422e-02 -6.4191087692e-01 -7.6192766518e-01
   outer loop
     vertex 1.3901243178e+01 -1.5320888862e+00 1.7793859713e+00
     vertex 1.3890048596e+01 -2.2981333294e+00 2.4234998484e+00
     vertex 1.3829672453e+01 -2.2981333294e+00 2.4166755850e+00
   endloop
 endfacet
 facet normal  8.6120027422e-02 -6.4191087692e-01 -7.6192766518e-01
   outer loop
     vertex 1.3901243178e+01 -1.5320888862e+00 1.7793859713e+00
     vertex 1.3829672453e+01 -2.2981333294e+00 2.4166755850e+00
     vertex 1.3824400814e+01 -1.5320888862e+00 1.7707005451e+00
   endloop
 endfacet
 facet normal  8.3248351079e-02 -6.4207976606e-01 -7.6210451125e-01
   outer loop
     vertex 1.3824400814e+01 -1.5320888862e+00 1.7707005451e+00
     vertex 1.3829672453e+01 -2.2981333294e+00 2.4166755850e+00
     vertex 1.3744673120e+01 -2.2981333294e+00 2.4073906980e+00
   endloop
 endfacet
 facet normal  8.3248351079e-02 -6.4207976606e-01 -7.6210451125e-01
   outer loop
     vertex 1.3824400814e+01 -1.5320888862e+00 1.7707005451e+00
     vertex 1.3744673120e+01 -2.2981333294e+00 2.4073906980e+00
     vertex 1.3716219845e+01 -1.5320888862e+00 1.7588834162e+00
   endloop
 endfacet
 facet normal  7.9424967200e-02 -6.4236425521e-01 -7.6227281089e-01
   outer loop
     vertex 1.3716219845e+01 -1.5320888862e+00 1.7588834162e+00
     vertex 1.3744673120e+01 -2.2981333294e+00 2.4073906980e+00
     vertex 1.3628453783e+01 -2.2981333294e+00 2.3952812315e+00
   endloop
 endfacet
 facet normal  7.9424967200e-02 -6.4236425521e-01 -7.6227281089e-01
   outer loop
     vertex 1.3716219845e+01 -1.5320888862e+00 1.7588834162e+00
     vertex 1.3628453783e+01 -2.2981333294e+00 2.3952812315e+00
     vertex 1.3568304325e+01 -1.5320888862e+00 1.7434713679e+00
   endloop
 endfacet
 facet normal  7.4449948189e-02 -6.4284051971e-01 -7.6237344618e-01
   outer loop
     vertex 1.3568304325e+01 -1.5320888862e+00 1.7434713679e+00
     vertex 1.3628453783e+01 -2.2981333294e+00 2.3952812315e+00
     vertex 1.3475739613e+01 -2.2981333294e+00 2.3803678553e+00
   endloop
 endfacet
 facet normal  7.4449948189e-02 -6.4284051971e-01 -7.6237344618e-01
   outer loop
     vertex 1.3568304325e+01 -1.5320888862e+00 1.7434713679e+00
     vertex 1.3475739613e+01 -2.2981333294e+00 2.3803678553e+00
     vertex 1.3373940837e+01 -1.5320888862e+00 1.7244907073e+00
   endloop
 endfacet
 facet normal  6.7957879187e-02 -6.4364281216e-01 -7.6230286436e-01
   outer loop
     vertex 1.3373940837e+01 -1.5320888862e+00 1.7244907073e+00
     vertex 1.3475739613e+01 -2.2981333294e+00 2.3803678553e+00
     vertex 1.3285219235e+01 -2.2981333294e+00 2.3633833187e+00
   endloop
 endfacet
 facet normal  6.7957879187e-02 -6.4364281216e-01 -7.6230286436e-01
   outer loop
     vertex 1.3373940837e+01 -1.5320888862e+00 1.7244907073e+00
     vertex 1.3285219235e+01 -2.2981333294e+00 2.3633833187e+00
     vertex 1.3131460355e+01 -1.5320888862e+00 1.7028740244e+00
   endloop
 endfacet
 facet normal  5.9328322980e-02 -6.4500400293e-01 -7.6187268378e-01
   outer loop
     vertex 1.3131460355e+01 -1.5320888862e+00 1.7028740244e+00
     vertex 1.3285219235e+01 -2.2981333294e+00 2.3633833187e+00
     vertex 1.3062338235e+01 -2.2981333294e+00 2.3460271958e+00
   endloop
 endfacet
 facet normal  5.9328322980e-02 -6.4500400293e-01 -7.6187268378e-01
   outer loop
     vertex 1.3131460355e+01 -1.5320888862e+00 1.7028740244e+00
     vertex 1.3062338235e+01 -2.2981333294e+00 2.3460271958e+00
     vertex 1.2847793628e+01 -1.5320888862e+00 1.6807844134e+00
   endloop
 endfacet
 facet normal  4.7479719522e-02 -6.4732986388e-01 -7.6072973095e-01
   outer loop
     vertex 1.2847793628e+01 -1.5320888862e+00 1.6807844134e+00
     vertex 1.3062338235e+01 -2.2981333294e+00 2.3460271958e+00
     vertex 1.2820390608e+01 -2.2981333294e+00 2.3309264248e+00
   endloop
 endfacet
 facet normal  4.7479719522e-02 -6.4732986388e-01 -7.6072973095e-01
   outer loop
     vertex 1.2847793628e+01 -1.5320888862e+00 1.6807844134e+00
     vertex 1.2820390608e+01 -2.2981333294e+00 2.3309264248e+00
     vertex 1.2539860284e+01 -1.5320888862e+00 1.6615652503e+00
   endloop
 endfacet
 facet normal  3.0999519619e-02 -6.5121036885e-01 -7.5826386258e-01
   outer loop
     vertex 1.2539860284e+01 -1.5320888862e+00 1.6615652503e+00
     vertex 1.2820390608e+01 -2.2981333294e+00 2.3309264248e+00
     vertex 1.2231588802e+01 -1.5320888862e+00 1.6489624239e+00
   endloop
 endfacet
 facet normal  3.0999519619e-02 -6.5121036885e-01 -7.5826386258e-01
   outer loop
     vertex 1.2820390608e+01 -2.2981333294e+00 2.3309264248e+00
     vertex 1.2578177301e+01 -2.2981333294e+00 2.3210242040e+00
     vertex 1.2231588802e+01 -1.5320888862e+00 1.6489624239e+00
   endloop
 endfacet
 facet normal  8.6689511012e-03 -6.5724541079e-01 -7.5362677718e-01
   outer loop
     vertex 1.2231588802e+01 -1.5320888862e+00 1.6489624239e+00
     vertex 1.2578177301e+01 -2.2981333294e+00 2.3210242040e+00
     vertex 1.1947093119e+01 -1.5320888862e+00 1.6456898767e+00
   endloop
 endfacet
 facet normal  8.6689511012e-03 -6.5724541079e-01 -7.5362677718e-01
   outer loop
     vertex 1.2578177301e+01 -2.2981333294e+00 2.3210242040e+00
     vertex 1.2354644978e+01 -2.2981333294e+00 2.3184529170e+00
     vertex 1.1947093119e+01 -1.5320888862e+00 1.6456898767e+00
   endloop
 endfacet
 facet normal  -2.0151307899e-02 -6.6577516891e-01 -7.4588025128e-01
   outer loop
     vertex 1.1947093119e+01 -1.5320888862e+00 1.6456898767e+00
     vertex 1.2354644978e+01 -2.2981333294e+00 2.3184529170e+00
     vertex 1.1703757015e+01 -1.5320888862e+00 1.6522640429e+00
   endloop
 endfacet
 facet normal  -2.0151307899e-02 -6.6577516891e-01 -7.4588025128e-01
   outer loop
     vertex 1.2354644978e+01 -2.2981333294e+00 2.3184529170e+00
     vertex 1.2163452325e+01 -2.2981333294e+00 2.3236183333e+00
     vertex 1.1703757015e+01 -1.5320888862e+00 1.6522640429e+00
   endloop
 endfacet
 facet normal  -5.6168881818e-02 -6.7690817178e-01 -7.3392123807e-01
   outer loop
     vertex 1.1703757015e+01 -1.5320888862e+00 1.6522640429e+00
     vertex 1.2163452325e+01 -2.2981333294e+00 2.3236183333e+00
     vertex 1.1509062481e+01 -1.5320888862e+00 1.6671645169e+00
   endloop
 endfacet
 facet normal  -5.6168881818e-02 -6.7690817178e-01 -7.3392123807e-01
   outer loop
     vertex 1.2163452325e+01 -2.2981333294e+00 2.3236183333e+00
     vertex 1.2010478048e+01 -2.2981333294e+00 2.3353258485e+00
     vertex 1.1509062481e+01 -1.5320888862e+00 1.6671645169e+00
   endloop
 endfacet
 facet normal  -1.0166260958e-01 -6.9087357162e-01 -7.1579216386e-01
   outer loop
     vertex 1.1509062481e+01 -1.5320888862e+00 1.6671645169e+00
     vertex 1.2010478048e+01 -2.2981333294e+00 2.3353258485e+00
     vertex 1.1361857510e+01 -1.5320888862e+00 1.6880717610e+00
   endloop
 endfacet
 facet normal  -1.0166260958e-01 -6.9087357162e-01 -7.1579216386e-01
   outer loop
     vertex 1.2010478048e+01 -2.2981333294e+00 2.3353258485e+00
     vertex 1.1894816999e+01 -2.2981333294e+00 2.3517529689e+00
     vertex 1.1361857510e+01 -1.5320888862e+00 1.6880717610e+00
   endloop
 endfacet
 facet normal  -1.6428994360e-01 -7.0871756429e-01 -6.8609636968e-01
   outer loop
     vertex 1.1361857510e+01 -1.5320888862e+00 1.6880717610e+00
     vertex 1.1894816999e+01 -2.2981333294e+00 2.3517529689e+00
     vertex 1.1256085459e+01 -1.5320888862e+00 1.7133995211e+00
   endloop
 endfacet
 facet normal  -1.6428994360e-01 -7.0871756429e-01 -6.8609636968e-01
   outer loop
     vertex 1.1894816999e+01 -2.2981333294e+00 2.3517529689e+00
     vertex 1.1811710388e+01 -2.2981333294e+00 2.3716533519e+00
     vertex 1.1256085459e+01 -1.5320888862e+00 1.7133995211e+00
   endloop
 endfacet
 facet normal  -2.7001952843e-01 -7.3267058426e-01 -6.2472655557e-01
   outer loop
     vertex 1.1256085459e+01 -1.5320888862e+00 1.7133995211e+00
     vertex 1.1811710388e+01 -2.2981333294e+00 2.3716533519e+00
     vertex 1.1185295276e+01 -1.5320888862e+00 1.7439964785e+00
   endloop
 endfacet
 facet normal  -2.7001952843e-01 -7.3267058426e-01 -6.2472655557e-01
   outer loop
     vertex 1.1811710388e+01 -2.2981333294e+00 2.3716533519e+00
     vertex 1.1756089530e+01 -2.2981333294e+00 2.3956938184e+00
     vertex 1.1185295276e+01 -1.5320888862e+00 1.7439964785e+00
   endloop
 endfacet
 facet normal  -5.4062897939e-01 -7.4126123696e-01 -3.9780910652e-01
   outer loop
     vertex 1.1185295276e+01 -1.5320888862e+00 1.7439964785e+00
     vertex 1.1756089530e+01 -2.2981333294e+00 2.3956938184e+00
     vertex 1.1154700538e+01 -1.5320888862e+00 1.7855752194e+00
   endloop
 endfacet
 facet normal  -5.4062897939e-01 -7.4126123696e-01 -3.9780910652e-01
   outer loop
     vertex 1.1756089530e+01 -2.2981333294e+00 2.3956938184e+00
     vertex 1.1732050808e+01 -2.2981333294e+00 2.4283628291e+00
     vertex 1.1154700538e+01 -1.5320888862e+00 1.7855752194e+00
   endloop
 endfacet
 facet normal  -8.0063989077e-01 -1.0908361516e-01 5.8913201425e-01
   outer loop
     vertex 1.1154700538e+01 -1.5320888862e+00 1.7855752194e+00
     vertex 1.1732050808e+01 -2.2981333294e+00 2.4283628291e+00
     vertex 1.1756089530e+01 -2.2981333294e+00 2.4610318398e+00
   endloop
 endfacet
 facet normal  -8.0063989077e-01 -1.0908361516e-01 5.8913201425e-01
   outer loop
     vertex 1.1154700538e+01 -1.5320888862e+00 1.7855752194e+00
     vertex 1.1756089530e+01 -2.2981333294e+00 2.4610318398e+00
     vertex 1.1185295276e+01 -1.5320888862e+00 1.8271539603e+00
   endloop
 endfacet
 facet normal  -3.5990169074e-01 4.2084800966e-01 8.3268104684e-01
   outer loop
     vertex 1.1185295276e+01 -1.5320888862e+00 1.8271539603e+00
     vertex 1.1756089530e+01 -2.2981333294e+00 2.4610318398e+00
     vertex 1.1811710388e+01 -2.2981333294e+00 2.4850723063e+00
   endloop
 endfacet
 facet normal  -3.5990169074e-01 4.2084800966e-01 8.3268104684e-01
   outer loop
     vertex 1.1185295276e+01 -1.5320888862e+00 1.8271539603e+00
     vertex 1.1811710388e+01 -2.2981333294e+00 2.4850723063e+00
     vertex 1.1256085459e+01 -1.5320888862e+00 1.8577509176e+00
   endloop
 endfacet
 facet normal  -1.9725470687e-01 5.3151433890e-01 8.2376154812e-01
   outer loop
     vertex 1.1256085459e+01 -1.5320888862e+00 1.8577509176e+00
     vertex 1.1811710388e+01 -2.2981333294e+00 2.4850723063e+00
     vertex 1.1894816999e+01 -2.2981333294e+00 2.5049726892e+00
   endloop
 endfacet
 facet normal  -1.9725470687e-01 5.3151433890e-01 8.2376154812e-01
   outer loop
     vertex 1.1256085459e+01 -1.5320888862e+00 1.8577509176e+00
     vertex 1.1894816999e+01 -2.2981333294e+00 2.5049726892e+00
     vertex 1.1361857510e+01 -1.5320888862e+00 1.8830786778e+00
   endloop
 endfacet
 facet normal  -1.1487707395e-01 5.7670778181e-01 8.0883335260e-01
   outer loop
     vertex 1.1361857510e+01 -1.5320888862e+00 1.8830786778e+00
     vertex 1.1894816999e+01 -2.2981333294e+00 2.5049726892e+00
     vertex 1.2010478048e+01 -2.2981333294e+00 2.5213998096e+00
   endloop
 endfacet
 facet normal  -1.1487707395e-01 5.7670778181e-01 8.0883335260e-01
   outer loop
     vertex 1.1361857510e+01 -1.5320888862e+00 1.8830786778e+00
     vertex 1.2010478048e+01 -2.2981333294e+00 2.5213998096e+00
     vertex 1.1509062481e+01 -1.5320888862e+00 1.9039859218e+00
   endloop
 endfacet
 facet normal  -6.0939779824e-02 6.0187818790e-01 7.9625937368e-01
   outer loop
     vertex 1.1509062481e+01 -1.5320888862e+00 1.9039859218e+00
     vertex 1.2010478048e+01 -2.2981333294e+00 2.5213998096e+00
     vertex 1.2163452325e+01 -2.2981333294e+00 2.5331073248e+00
   endloop
 endfacet
 facet normal  -6.0939779824e-02 6.0187818790e-01 7.9625937368e-01
   outer loop
     vertex 1.1509062481e+01 -1.5320888862e+00 1.9039859218e+00
     vertex 1.2163452325e+01 -2.2981333294e+00 2.5331073248e+00
     vertex 1.1703757015e+01 -1.5320888862e+00 1.9188863958e+00
   endloop
 endfacet
 facet normal  -2.1240244398e-02 6.1762465667e-01 7.8618613285e-01
   outer loop
     vertex 1.1703757015e+01 -1.5320888862e+00 1.9188863958e+00
     vertex 1.2163452325e+01 -2.2981333294e+00 2.5331073248e+00
     vertex 1.2354644978e+01 -2.2981333294e+00 2.5382727411e+00
   endloop
 endfacet
 facet normal  -2.1240244398e-02 6.1762465667e-01 7.8618613285e-01
   outer loop
     vertex 1.1703757015e+01 -1.5320888862e+00 1.9188863958e+00
     vertex 1.2354644978e+01 -2.2981333294e+00 2.5382727411e+00
     vertex 1.1947093119e+01 -1.5320888862e+00 1.9254605620e+00
   endloop
 endfacet
 facet normal  8.9552930546e-03 6.2755635708e-01 7.7851963458e-01
   outer loop
     vertex 1.1947093119e+01 -1.5320888862e+00 1.9254605620e+00
     vertex 1.2354644978e+01 -2.2981333294e+00 2.5382727411e+00
     vertex 1.2578177301e+01 -2.2981333294e+00 2.5357014541e+00
   endloop
 endfacet
 facet normal  8.9552930546e-03 6.2755635708e-01 7.7851963458e-01
   outer loop
     vertex 1.1947093119e+01 -1.5320888862e+00 1.9254605620e+00
     vertex 1.2578177301e+01 -2.2981333294e+00 2.5357014541e+00
     vertex 1.2231588802e+01 -1.5320888862e+00 1.9221880149e+00
   endloop
 endfacet
 facet normal  3.1606700060e-02 6.3347689244e-01 7.7311580197e-01
   outer loop
     vertex 1.2231588802e+01 -1.5320888862e+00 1.9221880149e+00
     vertex 1.2578177301e+01 -2.2981333294e+00 2.5357014541e+00
     vertex 1.2820390608e+01 -2.2981333294e+00 2.5257992333e+00
   endloop
 endfacet
 facet normal  3.1606700060e-02 6.3347689244e-01 7.7311580197e-01
   outer loop
     vertex 1.2231588802e+01 -1.5320888862e+00 1.9221880149e+00
     vertex 1.2820390608e+01 -2.2981333294e+00 2.5257992333e+00
     vertex 1.2539860284e+01 -1.5320888862e+00 1.9095851885e+00
   endloop
 endfacet
 facet normal  4.8034957669e-02 6.3668568676e-01 7.6962586957e-01
   outer loop
     vertex 1.2539860284e+01 -1.5320888862e+00 1.9095851885e+00
     vertex 1.2820390608e+01 -2.2981333294e+00 2.5257992333e+00
     vertex 1.2847793628e+01 -1.5320888862e+00 1.8903660253e+00
   endloop
 endfacet
 facet normal  4.8034957669e-02 6.3668568676e-01 7.6962586957e-01
   outer loop
     vertex 1.2820390608e+01 -2.2981333294e+00 2.5257992333e+00
     vertex 1.3062338235e+01 -2.2981333294e+00 2.5106984623e+00
     vertex 1.2847793628e+01 -1.5320888862e+00 1.8903660253e+00
   endloop
 endfacet
 facet normal  5.9766796784e-02 6.3825265701e-01 7.6750340444e-01
   outer loop
     vertex 1.2847793628e+01 -1.5320888862e+00 1.8903660253e+00
     vertex 1.3062338235e+01 -2.2981333294e+00 2.5106984623e+00
     vertex 1.3131460355e+01 -1.5320888862e+00 1.8682764143e+00
   endloop
 endfacet
 facet normal  5.9766796784e-02 6.3825265701e-01 7.6750340444e-01
   outer loop
     vertex 1.3062338235e+01 -2.2981333294e+00 2.5106984623e+00
     vertex 1.3285219235e+01 -2.2981333294e+00 2.4933423394e+00
     vertex 1.3131460355e+01 -1.5320888862e+00 1.8682764143e+00
   endloop
 endfacet
 facet normal  6.8307861783e-02 6.3892690244e-01 7.6622871870e-01
   outer loop
     vertex 1.3131460355e+01 -1.5320888862e+00 1.8682764143e+00
     vertex 1.3285219235e+01 -2.2981333294e+00 2.4933423394e+00
     vertex 1.3373940837e+01 -1.5320888862e+00 1.8466597314e+00
   endloop
 endfacet
 facet normal  6.8307861783e-02 6.3892690244e-01 7.6622871870e-01
   outer loop
     vertex 1.3285219235e+01 -2.2981333294e+00 2.4933423394e+00
     vertex 1.3475739613e+01 -2.2981333294e+00 2.4763578028e+00
     vertex 1.3373940837e+01 -1.5320888862e+00 1.8466597314e+00
   endloop
 endfacet
 facet normal  7.4750203531e-02 6.3914132729e-01 7.6544808499e-01
   outer loop
     vertex 1.3373940837e+01 -1.5320888862e+00 1.8466597314e+00
     vertex 1.3475739613e+01 -2.2981333294e+00 2.4763578028e+00
     vertex 1.3568304325e+01 -1.5320888862e+00 1.8276790708e+00
   endloop
 endfacet
 facet normal  7.4750203531e-02 6.3914132729e-01 7.6544808499e-01
   outer loop
     vertex 1.3475739613e+01 -2.2981333294e+00 2.4763578028e+00
     vertex 1.3628453783e+01 -2.2981333294e+00 2.4614444266e+00
     vertex 1.3568304325e+01 -1.5320888862e+00 1.8276790708e+00
   endloop
 endfacet
 facet normal  7.9704980490e-02 6.3912674371e-01 7.6496020913e-01
   outer loop
     vertex 1.3568304325e+01 -1.5320888862e+00 1.8276790708e+00
     vertex 1.3628453783e+01 -2.2981333294e+00 2.4614444266e+00
     vertex 1.3716219845e+01 -1.5320888862e+00 1.8122670226e+00
   endloop
 endfacet
 facet normal  7.9704980490e-02 6.3912674371e-01 7.6496020913e-01
   outer loop
     vertex 1.3628453783e+01 -2.2981333294e+00 2.4614444266e+00
     vertex 1.3744673120e+01 -2.2981333294e+00 2.4493349602e+00
     vertex 1.3716219845e+01 -1.5320888862e+00 1.8122670226e+00
   endloop
 endfacet
 facet normal  8.3526366916e-02 6.3901039584e-01 7.6464963221e-01
   outer loop
     vertex 1.3716219845e+01 -1.5320888862e+00 1.8122670226e+00
     vertex 1.3744673120e+01 -2.2981333294e+00 2.4493349602e+00
     vertex 1.3824400814e+01 -1.5320888862e+00 1.8004498937e+00
   endloop
 endfacet
 facet normal  8.3526366916e-02 6.3901039584e-01 7.6464963221e-01
   outer loop
     vertex 1.3744673120e+01 -2.2981333294e+00 2.4493349602e+00
     vertex 1.3829672453e+01 -2.2981333294e+00 2.4400500731e+00
     vertex 1.3824400814e+01 -1.5320888862e+00 1.8004498937e+00
   endloop
 endfacet
 facet normal  8.6405286651e-02 6.3886472278e-01 7.6445143235e-01
   outer loop
     vertex 1.3824400814e+01 -1.5320888862e+00 1.8004498937e+00
     vertex 1.3829672453e+01 -2.2981333294e+00 2.4400500731e+00
     vertex 1.3901243178e+01 -1.5320888862e+00 1.7917644675e+00
   endloop
 endfacet
 facet normal  8.6405286651e-02 6.3886472278e-01 7.6445143235e-01
   outer loop
     vertex 1.3829672453e+01 -2.2981333294e+00 2.4400500731e+00
     vertex 1.3890048596e+01 -2.2981333294e+00 2.4332258097e+00
     vertex 1.3901243178e+01 -1.5320888862e+00 1.7917644675e+00
   endloop
 endfacet
 facet normal  8.8493010306e-02 6.3872911196e-01 7.6432591782e-01
   outer loop
     vertex 1.3901243178e+01 -1.5320888862e+00 1.7917644675e+00
     vertex 1.3890048596e+01 -2.2981333294e+00 2.4332258097e+00
     vertex 1.3954700538e+01 -1.5320888862e+00 1.7855752194e+00
   endloop
 endfacet
 facet normal  8.8493010306e-02 6.3872911196e-01 7.6432591782e-01
   outer loop
     vertex 1.3890048596e+01 -2.2981333294e+00 2.4332258097e+00
     vertex 1.3932050808e+01 -2.2981333294e+00 2.4283628291e+00
     vertex 1.3954700538e+01 -1.5320888862e+00 1.7855752194e+00
   endloop
 endfacet
 facet normal  8.8197502133e-02 -6.4181167175e-01 -7.6177357438e-01
   outer loop
     vertex 1.3932050808e+01 -2.2981333294e+00 2.4283628291e+00
     vertex 1.3909401077e+01 -3.0641777725e+00 3.0711504387e+00
     vertex 1.3878854014e+01 -3.0641777725e+00 3.0676137255e+00
   endloop
 endfacet
 facet normal  8.8197502133e-02 -6.4181167175e-01 -7.6177357438e-01
   outer loop
     vertex 1.3932050808e+01 -2.2981333294e+00 2.4283628291e+00
     vertex 1.3878854014e+01 -3.0641777725e+00 3.0676137255e+00
     vertex 1.3890048596e+01 -2.2981333294e+00 2.4234998484e+00
   endloop
 endfacet
 facet normal  8.6120027422e-02 -6.4191087692e-01 -7.6192766518e-01
   outer loop
     vertex 1.3890048596e+01 -2.2981333294e+00 2.4234998484e+00
     vertex 1.3878854014e+01 -3.0641777725e+00 3.0676137255e+00
     vertex 1.3834944091e+01 -3.0641777725e+00 3.0626506249e+00
   endloop
 endfacet
 facet normal  8.6120027422e-02 -6.4191087692e-01 -7.6192766518e-01
   outer loop
     vertex 1.3890048596e+01 -2.2981333294e+00 2.4234998484e+00
     vertex 1.3834944091e+01 -3.0641777725e+00 3.0626506249e+00
     vertex 1.3829672453e+01 -2.2981333294e+00 2.4166755850e+00
   endloop
 endfacet
 facet normal  8.3248351079e-02 -6.4207976606e-01 -7.6210451125e-01
   outer loop
     vertex 1.3829672453e+01 -2.2981333294e+00 2.4166755850e+00
     vertex 1.3834944091e+01 -3.0641777725e+00 3.0626506249e+00
     vertex 1.3773126395e+01 -3.0641777725e+00 3.0558979798e+00
   endloop
 endfacet
 facet normal  8.3248351079e-02 -6.4207976606e-01 -7.6210451125e-01
   outer loop
     vertex 1.3829672453e+01 -2.2981333294e+00 2.4166755850e+00
     vertex 1.3773126395e+01 -3.0641777725e+00 3.0558979798e+00
     vertex 1.3744673120e+01 -2.2981333294e+00 2.4073906980e+00
   endloop
 endfacet
 facet normal  7.9424967200e-02 -6.4236425521e-01 -7.6227281089e-01
   outer loop
     vertex 1.3744673120e+01 -2.2981333294e+00 2.4073906980e+00
     vertex 1.3773126395e+01 -3.0641777725e+00 3.0558979798e+00
     vertex 1.3688603241e+01 -3.0641777725e+00 3.0470910951e+00
   endloop
 endfacet
 facet normal  7.9424967200e-02 -6.4236425521e-01 -7.6227281089e-01
   outer loop
     vertex 1.3744673120e+01 -2.2981333294e+00 2.4073906980e+00
     vertex 1.3688603241e+01 -3.0641777725e+00 3.0470910951e+00
     vertex 1.3628453783e+01 -2.2981333294e+00 2.3952812315e+00
   endloop
 endfacet
 facet normal  7.4449948189e-02 -6.4284051971e-01 -7.6237344618e-01
   outer loop
     vertex 1.3628453783e+01 -2.2981333294e+00 2.3952812315e+00
     vertex 1.3688603241e+01 -3.0641777725e+00 3.0470910951e+00
     vertex 1.3577538390e+01 -3.0641777725e+00 3.0362450033e+00
   endloop
 endfacet
 facet normal  7.4449948189e-02 -6.4284051971e-01 -7.6237344618e-01
   outer loop
     vertex 1.3628453783e+01 -2.2981333294e+00 2.3952812315e+00
     vertex 1.3577538390e+01 -3.0641777725e+00 3.0362450033e+00
     vertex 1.3475739613e+01 -2.2981333294e+00 2.3803678553e+00
   endloop
 endfacet
 facet normal  6.7957879187e-02 -6.4364281216e-01 -7.6230286436e-01
   outer loop
     vertex 1.3475739613e+01 -2.2981333294e+00 2.3803678553e+00
     vertex 1.3577538390e+01 -3.0641777725e+00 3.0362450033e+00
     vertex 1.3438978115e+01 -3.0641777725e+00 3.0238926131e+00
   endloop
 endfacet
 facet normal  6.7957879187e-02 -6.4364281216e-01 -7.6230286436e-01
   outer loop
     vertex 1.3475739613e+01 -2.2981333294e+00 2.3803678553e+00
     vertex 1.3438978115e+01 -3.0641777725e+00 3.0238926131e+00
     vertex 1.3285219235e+01 -2.2981333294e+00 2.3633833187e+00
   endloop
 endfacet
 facet normal  5.9328322980e-02 -6.4500400293e-01 -7.6187268378e-01
   outer loop
     vertex 1.3285219235e+01 -2.2981333294e+00 2.3633833187e+00
     vertex 1.3438978115e+01 -3.0641777725e+00 3.0238926131e+00
     vertex 1.3276882842e+01 -3.0641777725e+00 3.0112699782e+00
   endloop
 endfacet
 facet normal  5.9328322980e-02 -6.4500400293e-01 -7.6187268378e-01
   outer loop
     vertex 1.3285219235e+01 -2.2981333294e+00 2.3633833187e+00
     vertex 1.3276882842e+01 -3.0641777725e+00 3.0112699782e+00
     vertex 1.3062338235e+01 -2.2981333294e+00 2.3460271958e+00
   endloop
 endfacet
 facet normal  4.7479719522e-02 -6.4732986388e-01 -7.6072973095e-01
   outer loop
     vertex 1.3062338235e+01 -2.2981333294e+00 2.3460271958e+00
     vertex 1.3276882842e+01 -3.0641777725e+00 3.0112699782e+00
     vertex 1.3100920931e+01 -3.0641777725e+00 3.0002875993e+00
   endloop
 endfacet
 facet normal  4.7479719522e-02 -6.4732986388e-01 -7.6072973095e-01
   outer loop
     vertex 1.3062338235e+01 -2.2981333294e+00 2.3460271958e+00
     vertex 1.3100920931e+01 -3.0641777725e+00 3.0002875993e+00
     vertex 1.2820390608e+01 -2.2981333294e+00 2.3309264248e+00
   endloop
 endfacet
 facet normal  3.0999519619e-02 -6.5121036885e-01 -7.5826386258e-01
   outer loop
     vertex 1.2820390608e+01 -2.2981333294e+00 2.3309264248e+00
     vertex 1.3100920931e+01 -3.0641777725e+00 3.0002875993e+00
     vertex 1.2578177301e+01 -2.2981333294e+00 2.3210242040e+00
   endloop
 endfacet
 facet normal  3.0999519619e-02 -6.5121036885e-01 -7.5826386258e-01
   outer loop
     vertex 1.3100920931e+01 -3.0641777725e+00 3.0002875993e+00
     vertex 1.2924765799e+01 -3.0641777725e+00 2.9930859842e+00
     vertex 1.2578177301e+01 -2.2981333294e+00 2.3210242040e+00
   endloop
 endfacet
 facet normal  8.6689511012e-03 -6.5724541079e-01 -7.5362677718e-01
   outer loop
     vertex 1.2578177301e+01 -2.2981333294e+00 2.3210242040e+00
     vertex 1.2924765799e+01 -3.0641777725e+00 2.9930859842e+00
     vertex 1.2354644978e+01 -2.2981333294e+00 2.3184529170e+00
   endloop
 endfacet
 facet normal  8.6689511012e-03 -6.5724541079e-01 -7.5362677718e-01
   outer loop
     vertex 1.2924765799e+01 -3.0641777725e+00 2.9930859842e+00
     vertex 1.2762196837e+01 -3.0641777725e+00 2.9912159572e+00
     vertex 1.2354644978e+01 -2.2981333294e+00 2.3184529170e+00
   endloop
 endfacet
 facet normal  -2.0151307899e-02 -6.6577516891e-01 -7.4588025128e-01
   outer loop
     vertex 1.2354644978e+01 -2.2981333294e+00 2.3184529170e+00
     vertex 1.2762196837e+01 -3.0641777725e+00 2.9912159572e+00
     vertex 1.2163452325e+01 -2.2981333294e+00 2.3236183333e+00
   endloop
 endfacet
 facet normal  -2.0151307899e-02 -6.6577516891e-01 -7.4588025128e-01
   outer loop
     vertex 1.2762196837e+01 -3.0641777725e+00 2.9912159572e+00
     vertex 1.2623147635e+01 -3.0641777725e+00 2.9949726236e+00
     vertex 1.2163452325e+01 -2.2981333294e+00 2.3236183333e+00
   endloop
 endfacet
 facet normal  -5.6168881818e-02 -6.7690817178e-01 -7.3392123807e-01
   outer loop
     vertex 1.2163452325e+01 -2.2981333294e+00 2.3236183333e+00
     vertex 1.2623147635e+01 -3.0641777725e+00 2.9949726236e+00
     vertex 1.2010478048e+01 -2.2981333294e+00 2.3353258485e+00
   endloop
 endfacet
 facet normal  -5.6168881818e-02 -6.7690817178e-01 -7.3392123807e-01
   outer loop
     vertex 1.2623147635e+01 -3.0641777725e+00 2.9949726236e+00
     vertex 1.2511893615e+01 -3.0641777725e+00 3.0034871802e+00
     vertex 1.2010478048e+01 -2.2981333294e+00 2.3353258485e+00
   endloop
 endfacet
 facet normal  -1.0166260958e-01 -6.9087357162e-01 -7.1579216386e-01
   outer loop
     vertex 1.2010478048e+01 -2.2981333294e+00 2.3353258485e+00
     vertex 1.2511893615e+01 -3.0641777725e+00 3.0034871802e+00
     vertex 1.1894816999e+01 -2.2981333294e+00 2.3517529689e+00
   endloop
 endfacet
 facet normal  -1.0166260958e-01 -6.9087357162e-01 -7.1579216386e-01
   outer loop
     vertex 1.2511893615e+01 -3.0641777725e+00 3.0034871802e+00
     vertex 1.2427776489e+01 -3.0641777725e+00 3.0154341768e+00
     vertex 1.1894816999e+01 -2.2981333294e+00 2.3517529689e+00
   endloop
 endfacet
 facet normal  -1.6428994360e-01 -7.0871756429e-01 -6.8609636968e-01
   outer loop
     vertex 1.1894816999e+01 -2.2981333294e+00 2.3517529689e+00
     vertex 1.2427776489e+01 -3.0641777725e+00 3.0154341768e+00
     vertex 1.1811710388e+01 -2.2981333294e+00 2.3716533519e+00
   endloop
 endfacet
 facet normal  -1.6428994360e-01 -7.0871756429e-01 -6.8609636968e-01
   outer loop
     vertex 1.2427776489e+01 -3.0641777725e+00 3.0154341768e+00
     vertex 1.2367335317e+01 -3.0641777725e+00 3.0299071826e+00
     vertex 1.1811710388e+01 -2.2981333294e+00 2.3716533519e+00
   endloop
 endfacet
 facet normal  -2.7001952843e-01 -7.3267058426e-01 -6.2472655557e-01
   outer loop
     vertex 1.1811710388e+01 -2.2981333294e+00 2.3716533519e+00
     vertex 1.2367335317e+01 -3.0641777725e+00 3.0299071826e+00
     vertex 1.1756089530e+01 -2.2981333294e+00 2.3956938184e+00
   endloop
 endfacet
 facet normal  -2.7001952843e-01 -7.3267058426e-01 -6.2472655557e-01
   outer loop
     vertex 1.2367335317e+01 -3.0641777725e+00 3.0299071826e+00
     vertex 1.2326883784e+01 -3.0641777725e+00 3.0473911582e+00
     vertex 1.1756089530e+01 -2.2981333294e+00 2.3956938184e+00
   endloop
 endfacet
 facet normal  -5.4062897939e-01 -7.4126123696e-01 -3.9780910652e-01
   outer loop
     vertex 1.1756089530e+01 -2.2981333294e+00 2.3956938184e+00
     vertex 1.2326883784e+01 -3.0641777725e+00 3.0473911582e+00
     vertex 1.1732050808e+01 -2.2981333294e+00 2.4283628291e+00
   endloop
 endfacet
 facet normal  -5.4062897939e-01 -7.4126123696e-01 -3.9780910652e-01
   outer loop
     vertex 1.2326883784e+01 -3.0641777725e+00 3.0473911582e+00
     vertex 1.2309401077e+01 -3.0641777725e+00 3.0711504387e+00
     vertex 1.1732050808e+01 -2.2981333294e+00 2.4283628291e+00
   endloop
 endfacet
 facet normal  -8.0063989077e-01 -1.0908361516e-01 5.8913201425e-01
   outer loop
     vertex 1.1732050808e+01 -2.2981333294e+00 2.4283628291e+00
     vertex 1.2309401077e+01 -3.0641777725e+00 3.0711504387e+00
     vertex 1.2326883784e+01 -3.0641777725e+00 3.0949097192e+00
   endloop
 endfacet
 facet normal  -8.0063989077e-01 -1.0908361516e-01 5.8913201425e-01
   outer loop
     vertex 1.1732050808e+01 -2.2981333294e+00 2.4283628291e+00
     vertex 1.2326883784e+01 -3.0641777725e+00 3.0949097192e+00
     vertex 1.1756089530e+01 -2.2981333294e+00 2.4610318398e+00
   endloop
 endfacet
 facet normal  -3.5990169074e-01 4.2084800966e-01 8.3268104684e-01
   outer loop
     vertex 1.1756089530e+01 -2.2981333294e+00 2.4610318398e+00
     vertex 1.2326883784e+01 -3.0641777725e+00 3.0949097192e+00
     vertex 1.2367335317e+01 -3.0641777725e+00 3.1123936949e+00
   endloop
 endfacet
 facet normal  -3.5990169074e-01 4.2084800966e-01 8.3268104684e-01
   outer loop
     vertex 1.1756089530e+01 -2.2981333294e+00 2.4610318398e+00
     vertex 1.2367335317e+01 -3.0641777725e+00 3.1123936949e+00
     vertex 1.1811710388e+01 -2.2981333294e+00 2.4850723063e+00
   endloop
 endfacet
 facet normal  -1.9725470687e-01 5.3151433890e-01 8.2376154812e-01
   outer loop
     vertex 1.1811710388e+01 -2.2981333294e+00 2.4850723063e+00
     vertex 1.2367335317e+01 -3.0641777725e+00 3.1123936949e+00
     vertex 1.2427776489e+01 -3.0641777725e+00 3.1268667007e+00
   endloop
 endfacet
 facet normal  -1.9725470687e-01 5.3151433890e-01 8.2376154812e-01
   outer loop
     vertex 1.1811710388e+01 -2.2981333294e+00 2.4850723063e+00
     vertex 1.2427776489e+01 -3.0641777725e+00 3.1268667007e+00
     vertex 1.1894816999e+01 -2.2981333294e+00 2.5049726892e+00
   endloop
 endfacet
 facet normal  -1.1487707395e-01 5.7670778181e-01 8.0883335260e-01
   outer loop
     vertex 1.1894816999e+01 -2.2981333294e+00 2.5049726892e+00
     vertex 1.2427776489e+01 -3.0641777725e+00 3.1268667007e+00
     vertex 1.2511893615e+01 -3.0641777725e+00 3.1388136973e+00
   endloop
 endfacet
 facet normal  -1.1487707395e-01 5.7670778181e-01 8.0883335260e-01
   outer loop
     vertex 1.1894816999e+01 -2.2981333294e+00 2.5049726892e+00
     vertex 1.2511893615e+01 -3.0641777725e+00 3.1388136973e+00
     vertex 1.2010478048e+01 -2.2981333294e+00 2.5213998096e+00
   endloop
 endfacet
 facet normal  -6.0939779824e-02 6.0187818790e-01 7.9625937368e-01
   outer loop
     vertex 1.2010478048e+01 -2.2981333294e+00 2.5213998096e+00
     vertex 1.2511893615e+01 -3.0641777725e+00 3.1388136973e+00
     vertex 1.2623147635e+01 -3.0641777725e+00 3.1473282539e+00
   endloop
 endfacet
 facet normal  -6.0939779824e-02 6.0187818790e-01 7.9625937368e-01
   outer loop
     vertex 1.2010478048e+01 -2.2981333294e+00 2.5213998096e+00
     vertex 1.2623147635e+01 -3.0641777725e+00 3.1473282539e+00
     vertex 1.2163452325e+01 -2.2981333294e+00 2.5331073248e+00
   endloop
 endfacet
 facet normal  -2.1240244398e-02 6.1762465667e-01 7.8618613285e-01
   outer loop
     vertex 1.2163452325e+01 -2.2981333294e+00 2.5331073248e+00
     vertex 1.2623147635e+01 -3.0641777725e+00 3.1473282539e+00
     vertex 1.2762196837e+01 -3.0641777725e+00 3.1510849203e+00
   endloop
 endfacet
 facet normal  -2.1240244398e-02 6.1762465667e-01 7.8618613285e-01
   outer loop
     vertex 1.2163452325e+01 -2.2981333294e+00 2.5331073248e+00
     vertex 1.2762196837e+01 -3.0641777725e+00 3.1510849203e+00
     vertex 1.2354644978e+01 -2.2981333294e+00 2.5382727411e+00
   endloop
 endfacet
 facet normal  8.9552930546e-03 6.2755635708e-01 7.7851963458e-01
   outer loop
     vertex 1.2354644978e+01 -2.2981333294e+00 2.5382727411e+00
     vertex 1.2762196837e+01 -3.0641777725e+00 3.1510849203e+00
     vertex 1.2924765799e+01 -3.0641777725e+00 3.1492148933e+00
   endloop
 endfacet
 facet normal  8.9552930546e-03 6.2755635708e-01 7.7851963458e-01
   outer loop
     vertex 1.2354644978e+01 -2.2981333294e+00 2.5382727411e+00
     vertex 1.2924765799e+01 -3.0641777725e+00 3.1492148933e+00
     vertex 1.2578177301e+01 -2.2981333294e+00 2.5357014541e+00
   endloop
 endfacet
 facet normal  3.1606700060e-02 6.3347689244e-01 7.7311580197e-01
   outer loop
     vertex 1.2578177301e+01 -2.2981333294e+00 2.5357014541e+00
     vertex 1.2924765799e+01 -3.0641777725e+00 3.1492148933e+00
     vertex 1.3100920931e+01 -3.0641777725e+00 3.1420132782e+00
   endloop
 endfacet
 facet normal  3.1606700060e-02 6.3347689244e-01 7.7311580197e-01
   outer loop
     vertex 1.2578177301e+01 -2.2981333294e+00 2.5357014541e+00
     vertex 1.3100920931e+01 -3.0641777725e+00 3.1420132782e+00
     vertex 1.2820390608e+01 -2.2981333294e+00 2.5257992333e+00
   endloop
 endfacet
 facet normal  4.8034957669e-02 6.3668568676e-01 7.6962586957e-01
   outer loop
     vertex 1.2820390608e+01 -2.2981333294e+00 2.5257992333e+00
     vertex 1.3100920931e+01 -3.0641777725e+00 3.1420132782e+00
     vertex 1.3062338235e+01 -2.2981333294e+00 2.5106984623e+00
   endloop
 endfacet
 facet normal  4.8034957669e-02 6.3668568676e-01 7.6962586957e-01
   outer loop
     vertex 1.3100920931e+01 -3.0641777725e+00 3.1420132782e+00
     vertex 1.3276882842e+01 -3.0641777725e+00 3.1310308993e+00
     vertex 1.3062338235e+01 -2.2981333294e+00 2.5106984623e+00
   endloop
 endfacet
 facet normal  5.9766796784e-02 6.3825265701e-01 7.6750340444e-01
   outer loop
     vertex 1.3062338235e+01 -2.2981333294e+00 2.5106984623e+00
     vertex 1.3276882842e+01 -3.0641777725e+00 3.1310308993e+00
     vertex 1.3285219235e+01 -2.2981333294e+00 2.4933423394e+00
   endloop
 endfacet
 facet normal  5.9766796784e-02 6.3825265701e-01 7.6750340444e-01
   outer loop
     vertex 1.3276882842e+01 -3.0641777725e+00 3.1310308993e+00
     vertex 1.3438978115e+01 -3.0641777725e+00 3.1184082644e+00
     vertex 1.3285219235e+01 -2.2981333294e+00 2.4933423394e+00
   endloop
 endfacet
 facet normal  6.8307861783e-02 6.3892690244e-01 7.6622871870e-01
   outer loop
     vertex 1.3285219235e+01 -2.2981333294e+00 2.4933423394e+00
     vertex 1.3438978115e+01 -3.0641777725e+00 3.1184082644e+00
     vertex 1.3475739613e+01 -2.2981333294e+00 2.4763578028e+00
   endloop
 endfacet
 facet normal  6.8307861783e-02 6.3892690244e-01 7.6622871870e-01
   outer loop
     vertex 1.3438978115e+01 -3.0641777725e+00 3.1184082644e+00
     vertex 1.3577538390e+01 -3.0641777725e+00 3.1060558742e+00
     vertex 1.3475739613e+01 -2.2981333294e+00 2.4763578028e+00
   endloop
 endfacet
 facet normal  7.4750203531e-02 6.3914132729e-01 7.6544808499e-01
   outer loop
     vertex 1.3475739613e+01 -2.2981333294e+00 2.4763578028e+00
     vertex 1.3577538390e+01 -3.0641777725e+00 3.1060558742e+00
     vertex 1.3628453783e+01 -2.2981333294e+00 2.4614444266e+00
   endloop
 endfacet
 facet normal  7.4750203531e-02 6.3914132729e-01 7.6544808499e-01
   outer loop
     vertex 1.3577538390e+01 -3.0641777725e+00 3.1060558742e+00
     vertex 1.3688603241e+01 -3.0641777725e+00 3.0952097824e+00
     vertex 1.3628453783e+01 -2.2981333294e+00 2.4614444266e+00
   endloop
 endfacet
 facet normal  7.9704980490e-02 6.3912674371e-01 7.6496020913e-01
   outer loop
     vertex 1.3628453783e+01 -2.2981333294e+00 2.4614444266e+00
     vertex 1.3688603241e+01 -3.0641777725e+00 3.0952097824e+00
     vertex 1.3744673120e+01 -2.2981333294e+00 2.4493349602e+00
   endloop
 endfacet
 facet normal  7.9704980490e-02 6.3912674371e-01 7.6496020913e-01
   outer loop
     vertex 1.3688603241e+01 -3.0641777725e+00 3.0952097824e+00
     vertex 1.3773126395e+01 -3.0641777725e+00 3.0864028977e+00
     vertex 1.3744673120e+01 -2.2981333294e+00 2.4493349602e+00
   endloop
 endfacet
 facet normal  8.3526366916e-02 6.3901039584e-01 7.6464963221e-01
   outer loop
     vertex 1.3744673120e+01 -2.2981333294e+00 2.4493349602e+00
     vertex 1.3773126395e+01 -3.0641777725e+00 3.0864028977e+00
     vertex 1.3829672453e+01 -2.2981333294e+00 2.4400500731e+00
   endloop
 endfacet
 facet normal  8.3526366916e-02 6.3901039584e-01 7.6464963221e-01
   outer loop
     vertex 1.3773126395e+01 -3.0641777725e+00 3.0864028977e+00
     vertex 1.3834944091e+01 -3.0641777725e+00 3.0796502526e+00
     vertex 1.3829672453e+01 -2.2981333294e+00 2.4400500731e+00
   endloop
 endfacet
 facet normal  8.6405286651e-02 6.3886472278e-01 7.6445143235e-01
   outer loop
     vertex 1.3829672453e+01 -2.2981333294e+00 2.4400500731e+00
     vertex 1.3834944091e+01 -3.0641777725e+00 3.0796502526e+00
     vertex 1.3890048596e+01 -2.2981333294e+00 2.4332258097e+00
   endloop
 endfacet
 facet normal  8.6405286651e-02 6.3886472278e-01 7.6445143235e-01
   outer loop
     vertex 1.3834944091e+01 -3.0641777725e+00 3.0796502526e+00
     vertex 1.3878854014e+01 -3.0641777725e+00 3.0746871520e+00
     vertex 1.3890048596e+01 -2.2981333294e+00 2.4332258097e+00
   endloop
 endfacet
 facet normal  8.8493010306e-02 6.3872911196e-01 7.6432591782e-01
   outer loop
     vertex 1.3890048596e+01 -2.2981333294e+00 2.4332258097e+00
     vertex 1.3878854014e+01 -3.0641777725e+00 3.0746871520e+00
     vertex 1.3932050808e+01 -2.2981333294e+00 2.4283628291e+00
   endloop
 endfacet
 facet normal  8.8493010306e-02 6.3872911196e-01 7.6432591782e-01
   outer loop
     vertex 1.3878854014e+01 -3.0641777725e+00 3.0746871520e+00
     vertex 1.3909401077e+01 -3.0641777725e+00 3.0711504387e+00
     vertex 1.3932050808e+01 -2.2981333294e+00 2.4283628291e+00
   endloop
 endfacet
 facet normal  8.8197502133e-02 -6.4181167175e-01 -7.6177357438e-01
   outer loop
     vertex 1.3909401077e+01 -3.0641777725e+00 3.0711504387e+00
     vertex 1.3886751346e+01 -3.8302222156e+00 3.7139380484e+00
     vertex 1.3867659431e+01 -3.8302222156e+00 3.7117276027e+00
   endloop
 endfacet
 facet normal  8.8197502133e-02 -6.4181167175e-01 -7.6177357438e-01
   outer loop
     vertex 1.3909401077e+01 -3.0641777725e+00 3.0711504387e+00
     vertex 1.3867659431e+01 -3.8302222156e+00 3.7117276027e+00
     vertex 1.3878854014e+01 -3.0641777725e+00 3.0676137255e+00
   endloop
 endfacet
 facet normal  8.6120027422e-02 -6.4191087692e-01 -7.6192766518e-01
   outer loop
     vertex 1.3878854014e+01 -3.0641777725e+00 3.0676137255e+00
     vertex 1.3867659431e+01 -3.8302222156e+00 3.7117276027e+00
     vertex 1.3840215730e+01 -3.8302222156e+00 3.7086256648e+00
   endloop
 endfacet
 facet normal  8.6120027422e-02 -6.4191087692e-01 -7.6192766518e-01
   outer loop
     vertex 1.3878854014e+01 -3.0641777725e+00 3.0676137255e+00
     vertex 1.3840215730e+01 -3.8302222156e+00 3.7086256648e+00
     vertex 1.3834944091e+01 -3.0641777725e+00 3.0626506249e+00
   endloop
 endfacet
 facet normal  8.3248351079e-02 -6.4207976606e-01 -7.6210451125e-01
   outer loop
     vertex 1.3834944091e+01 -3.0641777725e+00 3.0626506249e+00
     vertex 1.3840215730e+01 -3.8302222156e+00 3.7086256648e+00
     vertex 1.3801579670e+01 -3.8302222156e+00 3.7044052616e+00
   endloop
 endfacet
 facet normal  8.3248351079e-02 -6.4207976606e-01 -7.6210451125e-01
   outer loop
     vertex 1.3834944091e+01 -3.0641777725e+00 3.0626506249e+00
     vertex 1.3801579670e+01 -3.8302222156e+00 3.7044052616e+00
     vertex 1.3773126395e+01 -3.0641777725e+00 3.0558979798e+00
   endloop
 endfacet
 facet normal  7.9424967200e-02 -6.4236425521e-01 -7.6227281089e-01
   outer loop
     vertex 1.3773126395e+01 -3.0641777725e+00 3.0558979798e+00
     vertex 1.3801579670e+01 -3.8302222156e+00 3.7044052616e+00
     vertex 1.3748752698e+01 -3.8302222156e+00 3.6989009586e+00
   endloop
 endfacet
 facet normal  7.9424967200e-02 -6.4236425521e-01 -7.6227281089e-01
   outer loop
     vertex 1.3773126395e+01 -3.0641777725e+00 3.0558979798e+00
     vertex 1.3748752698e+01 -3.8302222156e+00 3.6989009586e+00
     vertex 1.3688603241e+01 -3.0641777725e+00 3.0470910951e+00
   endloop
 endfacet
 facet normal  7.4449948189e-02 -6.4284051971e-01 -7.6237344618e-01
   outer loop
     vertex 1.3688603241e+01 -3.0641777725e+00 3.0470910951e+00
     vertex 1.3748752698e+01 -3.8302222156e+00 3.6989009586e+00
     vertex 1.3679337167e+01 -3.8302222156e+00 3.6921221513e+00
   endloop
 endfacet
 facet normal  7.4449948189e-02 -6.4284051971e-01 -7.6237344618e-01
   outer loop
     vertex 1.3688603241e+01 -3.0641777725e+00 3.0470910951e+00
     vertex 1.3679337167e+01 -3.8302222156e+00 3.6921221513e+00
     vertex 1.3577538390e+01 -3.0641777725e+00 3.0362450033e+00
   endloop
 endfacet
 facet normal  6.7957879187e-02 -6.4364281216e-01 -7.6230286436e-01
   outer loop
     vertex 1.3577538390e+01 -3.0641777725e+00 3.0362450033e+00
     vertex 1.3679337167e+01 -3.8302222156e+00 3.6921221513e+00
     vertex 1.3592736995e+01 -3.8302222156e+00 3.6844019074e+00
   endloop
 endfacet
 facet normal  6.7957879187e-02 -6.4364281216e-01 -7.6230286436e-01
   outer loop
     vertex 1.3577538390e+01 -3.0641777725e+00 3.0362450033e+00
     vertex 1.3592736995e+01 -3.8302222156e+00 3.6844019074e+00
     vertex 1.3438978115e+01 -3.0641777725e+00 3.0238926131e+00
   endloop
 endfacet
 facet normal  5.9328322980e-02 -6.4500400293e-01 -7.6187268378e-01
   outer loop
     vertex 1.3438978115e+01 -3.0641777725e+00 3.0238926131e+00
     vertex 1.3592736995e+01 -3.8302222156e+00 3.6844019074e+00
     vertex 1.3491427449e+01 -3.8302222156e+00 3.6765127606e+00
   endloop
 endfacet
 facet normal  5.9328322980e-02 -6.4500400293e-01 -7.6187268378e-01
   outer loop
     vertex 1.3438978115e+01 -3.0641777725e+00 3.0238926131e+00
     vertex 1.3491427449e+01 -3.8302222156e+00 3.6765127606e+00
     vertex 1.3276882842e+01 -3.0641777725e+00 3.0112699782e+00
   endloop
 endfacet
 facet normal  4.7479719522e-02 -6.4732986388e-01 -7.6072973095e-01
   outer loop
     vertex 1.3276882842e+01 -3.0641777725e+00 3.0112699782e+00
     vertex 1.3491427449e+01 -3.8302222156e+00 3.6765127606e+00
     vertex 1.3381451255e+01 -3.8302222156e+00 3.6696487738e+00
   endloop
 endfacet
 facet normal  4.7479719522e-02 -6.4732986388e-01 -7.6072973095e-01
   outer loop
     vertex 1.3276882842e+01 -3.0641777725e+00 3.0112699782e+00
     vertex 1.3381451255e+01 -3.8302222156e+00 3.6696487738e+00
     vertex 1.3100920931e+01 -3.0641777725e+00 3.0002875993e+00
   endloop
 endfacet
 facet normal  3.0999519619e-02 -6.5121036885e-01 -7.5826386258e-01
   outer loop
     vertex 1.3100920931e+01 -3.0641777725e+00 3.0002875993e+00
     vertex 1.3381451255e+01 -3.8302222156e+00 3.6696487738e+00
     vertex 1.2924765799e+01 -3.0641777725e+00 2.9930859842e+00
   endloop
 endfacet
 facet normal  3.0999519619e-02 -6.5121036885e-01 -7.5826386258e-01
   outer loop
     vertex 1.3381451255e+01 -3.8302222156e+00 3.6696487738e+00
     vertex 1.3271354297e+01 -3.8302222156e+00 3.6651477643e+00
     vertex 1.2924765799e+01 -3.0641777725e+00 2.9930859842e+00
   endloop
 endfacet
 facet normal  8.6689511012e-03 -6.5724541079e-01 -7.5362677718e-01
   outer loop
     vertex 1.2924765799e+01 -3.0641777725e+00 2.9930859842e+00
     vertex 1.3271354297e+01 -3.8302222156e+00 3.6651477643e+00
     vertex 1.2762196837e+01 -3.0641777725e+00 2.9912159572e+00
   endloop
 endfacet
 facet normal  8.6689511012e-03 -6.5724541079e-01 -7.5362677718e-01
   outer loop
     vertex 1.3271354297e+01 -3.8302222156e+00 3.6651477643e+00
     vertex 1.3169748696e+01 -3.8302222156e+00 3.6639789975e+00
     vertex 1.2762196837e+01 -3.0641777725e+00 2.9912159572e+00
   endloop
 endfacet
 facet normal  -2.0151307899e-02 -6.6577516891e-01 -7.4588025128e-01
   outer loop
     vertex 1.2762196837e+01 -3.0641777725e+00 2.9912159572e+00
     vertex 1.3169748696e+01 -3.8302222156e+00 3.6639789975e+00
     vertex 1.2623147635e+01 -3.0641777725e+00 2.9949726236e+00
   endloop
 endfacet
 facet normal  -2.0151307899e-02 -6.6577516891e-01 -7.4588025128e-01
   outer loop
     vertex 1.3169748696e+01 -3.8302222156e+00 3.6639789975e+00
     vertex 1.3082842945e+01 -3.8302222156e+00 3.6663269140e+00
     vertex 1.2623147635e+01 -3.0641777725e+00 2.9949726236e+00
   endloop
 endfacet
 facet normal  -5.6168881818e-02 -6.7690817178e-01 -7.3392123807e-01
   outer loop
     vertex 1.2623147635e+01 -3.0641777725e+00 2.9949726236e+00
     vertex 1.3082842945e+01 -3.8302222156e+00 3.6663269140e+00
     vertex 1.2511893615e+01 -3.0641777725e+00 3.0034871802e+00
   endloop
 endfacet
 facet normal  -5.6168881818e-02 -6.7690817178e-01 -7.3392123807e-01
   outer loop
     vertex 1.3082842945e+01 -3.8302222156e+00 3.6663269140e+00
     vertex 1.3013309182e+01 -3.8302222156e+00 3.6716485118e+00
     vertex 1.2511893615e+01 -3.0641777725e+00 3.0034871802e+00
   endloop
 endfacet
 facet normal  -1.0166260958e-01 -6.9087357162e-01 -7.1579216386e-01
   outer loop
     vertex 1.2511893615e+01 -3.0641777725e+00 3.0034871802e+00
     vertex 1.3013309182e+01 -3.8302222156e+00 3.6716485118e+00
     vertex 1.2427776489e+01 -3.0641777725e+00 3.0154341768e+00
   endloop
 endfacet
 facet normal  -1.0166260958e-01 -6.9087357162e-01 -7.1579216386e-01
   outer loop
     vertex 1.3013309182e+01 -3.8302222156e+00 3.6716485118e+00
     vertex 1.2960735979e+01 -3.8302222156e+00 3.6791153847e+00
     vertex 1.2427776489e+01 -3.0641777725e+00 3.0154341768e+00
   endloop
 endfacet
 facet normal  -1.6428994360e-01 -7.0871756429e-01 -6.8609636968e-01
   outer loop
     vertex 1.2427776489e+01 -3.0641777725e+00 3.0154341768e+00
     vertex 1.2960735979e+01 -3.8302222156e+00 3.6791153847e+00
     vertex 1.2367335317e+01 -3.0641777725e+00 3.0299071826e+00
   endloop
 endfacet
 facet normal  -1.6428994360e-01 -7.0871756429e-01 -6.8609636968e-01
   outer loop
     vertex 1.2960735979e+01 -3.8302222156e+00 3.6791153847e+00
     vertex 1.2922960246e+01 -3.8302222156e+00 3.6881610133e+00
     vertex 1.2367335317e+01 -3.0641777725e+00 3.0299071826e+00
   endloop
 endfacet
 facet normal  -2.7001952843e-01 -7.3267058426e-01 -6.2472655557e-01
   outer loop
     vertex 1.2367335317e+01 -3.0641777725e+00 3.0299071826e+00
     vertex 1.2922960246e+01 -3.8302222156e+00 3.6881610133e+00
     vertex 1.2326883784e+01 -3.0641777725e+00 3.0473911582e+00
   endloop
 endfacet
 facet normal  -2.7001952843e-01 -7.3267058426e-01 -6.2472655557e-01
   outer loop
     vertex 1.2922960246e+01 -3.8302222156e+00 3.6881610133e+00
     vertex 1.2897678038e+01 -3.8302222156e+00 3.6990884981e+00
     vertex 1.2326883784e+01 -3.0641777725e+00 3.0473911582e+00
   endloop
 endfacet
 facet normal  -5.4062897939e-01 -7.4126123696e-01 -3.9780910652e-01
   outer loop
     vertex 1.2326883784e+01 -3.0641777725e+00 3.0473911582e+00
     vertex 1.2897678038e+01 -3.8302222156e+00 3.6990884981e+00
     vertex 1.2309401077e+01 -3.0641777725e+00 3.0711504387e+00
   endloop
 endfacet
 facet normal  -5.4062897939e-01 -7.4126123696e-01 -3.9780910652e-01
   outer loop
     vertex 1.2897678038e+01 -3.8302222156e+00 3.6990884981e+00
     vertex 1.2886751346e+01 -3.8302222156e+00 3.7139380484e+00
     vertex 1.2309401077e+01 -3.0641777725e+00 3.0711504387e+00
   endloop
 endfacet
 facet normal  -8.0063989077e-01 -1.0908361516e-01 5.8913201425e-01
   outer loop
     vertex 1.2309401077e+01 -3.0641777725e+00 3.0711504387e+00
     vertex 1.2886751346e+01 -3.8302222156e+00 3.7139380484e+00
     vertex 1.2897678038e+01 -3.8302222156e+00 3.7287875987e+00
   endloop
 endfacet
 facet normal  -8.0063989077e-01 -1.0908361516e-01 5.8913201425e-01
   outer loop
     vertex 1.2309401077e+01 -3.0641777725e+00 3.0711504387e+00
     vertex 1.2897678038e+01 -3.8302222156e+00 3.7287875987e+00
     vertex 1.2326883784e+01 -3.0641777725e+00 3.0949097192e+00
   endloop
 endfacet
 facet normal  -3.5990169074e-01 4.2084800966e-01 8.3268104684e-01
   outer loop
     vertex 1.2326883784e+01 -3.0641777725e+00 3.0949097192e+00
     vertex 1.2897678038e+01 -3.8302222156e+00 3.7287875987e+00
     vertex 1.2922960246e+01 -3.8302222156e+00 3.7397150835e+00
   endloop
 endfacet
 facet normal  -3.5990169074e-01 4.2084800966e-01 8.3268104684e-01
   outer loop
     vertex 1.2326883784e+01 -3.0641777725e+00 3.0949097192e+00
     vertex 1.2922960246e+01 -3.8302222156e+00 3.7397150835e+00
     vertex 1.2367335317e+01 -3.0641777725e+00 3.1123936949e+00
   endloop
 endfacet
 facet normal  -1.9725470687e-01 5.3151433890e-01 8.2376154812e-01
   outer loop
     vertex 1.2367335317e+01 -3.0641777725e+00 3.1123936949e+00
     vertex 1.2922960246e+01 -3.8302222156e+00 3.7397150835e+00
     vertex 1.2960735979e+01 -3.8302222156e+00 3.7487607121e+00
   endloop
 endfacet
 facet normal  -1.9725470687e-01 5.3151433890e-01 8.2376154812e-01
   outer loop
     vertex 1.2367335317e+01 -3.0641777725e+00 3.1123936949e+00
     vertex 1.2960735979e+01 -3.8302222156e+00 3.7487607121e+00
     vertex 1.2427776489e+01 -3.0641777725e+00 3.1268667007e+00
   endloop
 endfacet
 facet normal  -1.1487707395e-01 5.7670778181e-01 8.0883335260e-01
   outer loop
     vertex 1.2427776489e+01 -3.0641777725e+00 3.1268667007e+00
     vertex 1.2960735979e+01 -3.8302222156e+00 3.7487607121e+00
     vertex 1.3013309182e+01 -3.8302222156e+00 3.7562275850e+00
   endloop
 endfacet
 facet normal  -1.1487707395e-01 5.7670778181e-01 8.0883335260e-01
   outer loop
     vertex 1.2427776489e+01 -3.0641777725e+00 3.1268667007e+00
     vertex 1.3013309182e+01 -3.8302222156e+00 3.7562275850e+00
     vertex 1.2511893615e+01 -3.0641777725e+00 3.1388136973e+00
   endloop
 endfacet
 facet normal  -6.0939779824e-02 6.0187818790e-01 7.9625937368e-01
   outer loop
     vertex 1.2511893615e+01 -3.0641777725e+00 3.1388136973e+00
     vertex 1.3013309182e+01 -3.8302222156e+00 3.7562275850e+00
     vertex 1.3082842945e+01 -3.8302222156e+00 3.7615491829e+00
   endloop
 endfacet
 facet normal  -6.0939779824e-02 6.0187818790e-01 7.9625937368e-01
   outer loop
     vertex 1.2511893615e+01 -3.0641777725e+00 3.1388136973e+00
     vertex 1.3082842945e+01 -3.8302222156e+00 3.7615491829e+00
     vertex 1.2623147635e+01 -3.0641777725e+00 3.1473282539e+00
   endloop
 endfacet
 facet normal  -2.1240244398e-02 6.1762465667e-01 7.8618613285e-01
   outer loop
     vertex 1.2623147635e+01 -3.0641777725e+00 3.1473282539e+00
     vertex 1.3082842945e+01 -3.8302222156e+00 3.7615491829e+00
     vertex 1.3169748696e+01 -3.8302222156e+00 3.7638970994e+00
   endloop
 endfacet
 facet normal  -2.1240244398e-02 6.1762465667e-01 7.8618613285e-01
   outer loop
     vertex 1.2623147635e+01 -3.0641777725e+00 3.1473282539e+00
     vertex 1.3169748696e+01 -3.8302222156e+00 3.7638970994e+00
     vertex 1.2762196837e+01 -3.0641777725e+00 3.1510849203e+00
   endloop
 endfacet
 facet normal  8.9552930546e-03 6.2755635708e-01 7.7851963458e-01
   outer loop
     vertex 1.2762196837e+01 -3.0641777725e+00 3.1510849203e+00
     vertex 1.3169748696e+01 -3.8302222156e+00 3.7638970994e+00
     vertex 1.3271354297e+01 -3.8302222156e+00 3.7627283325e+00
   endloop
 endfacet
 facet normal  8.9552930546e-03 6.2755635708e-01 7.7851963458e-01
   outer loop
     vertex 1.2762196837e+01 -3.0641777725e+00 3.1510849203e+00
     vertex 1.3271354297e+01 -3.8302222156e+00 3.7627283325e+00
     vertex 1.2924765799e+01 -3.0641777725e+00 3.1492148933e+00
   endloop
 endfacet
 facet normal  3.1606700060e-02 6.3347689244e-01 7.7311580197e-01
   outer loop
     vertex 1.2924765799e+01 -3.0641777725e+00 3.1492148933e+00
     vertex 1.3271354297e+01 -3.8302222156e+00 3.7627283325e+00
     vertex 1.3381451255e+01 -3.8302222156e+00 3.7582273231e+00
   endloop
 endfacet
 facet normal  3.1606700060e-02 6.3347689244e-01 7.7311580197e-01
   outer loop
     vertex 1.2924765799e+01 -3.0641777725e+00 3.1492148933e+00
     vertex 1.3381451255e+01 -3.8302222156e+00 3.7582273231e+00
     vertex 1.3100920931e+01 -3.0641777725e+00 3.1420132782e+00
   endloop
 endfacet
 facet normal  4.8034957669e-02 6.3668568676e-01 7.6962586957e-01
   outer loop
     vertex 1.3100920931e+01 -3.0641777725e+00 3.1420132782e+00
     vertex 1.3381451255e+01 -3.8302222156e+00 3.7582273231e+00
     vertex 1.3276882842e+01 -3.0641777725e+00 3.1310308993e+00
   endloop
 endfacet
 facet normal  4.8034957669e-02 6.3668568676e-01 7.6962586957e-01
   outer loop
     vertex 1.3381451255e+01 -3.8302222156e+00 3.7582273231e+00
     vertex 1.3491427449e+01 -3.8302222156e+00 3.7513633363e+00
     vertex 1.3276882842e+01 -3.0641777725e+00 3.1310308993e+00
   endloop
 endfacet
 facet normal  5.9766796784e-02 6.3825265701e-01 7.6750340444e-01
   outer loop
     vertex 1.3276882842e+01 -3.0641777725e+00 3.1310308993e+00
     vertex 1.3491427449e+01 -3.8302222156e+00 3.7513633363e+00
     vertex 1.3438978115e+01 -3.0641777725e+00 3.1184082644e+00
   endloop
 endfacet
 facet normal  5.9766796784e-02 6.3825265701e-01 7.6750340444e-01
   outer loop
     vertex 1.3491427449e+01 -3.8302222156e+00 3.7513633363e+00
     vertex 1.3592736995e+01 -3.8302222156e+00 3.7434741895e+00
     vertex 1.3438978115e+01 -3.0641777725e+00 3.1184082644e+00
   endloop
 endfacet
 facet normal  6.8307861783e-02 6.3892690244e-01 7.6622871870e-01
   outer loop
     vertex 1.3438978115e+01 -3.0641777725e+00 3.1184082644e+00
     vertex 1.3592736995e+01 -3.8302222156e+00 3.7434741895e+00
     vertex 1.3577538390e+01 -3.0641777725e+00 3.1060558742e+00
   endloop
 endfacet
 facet normal  6.8307861783e-02 6.3892690244e-01 7.6622871870e-01
   outer loop
     vertex 1.3592736995e+01 -3.8302222156e+00 3.7434741895e+00
     vertex 1.3679337167e+01 -3.8302222156e+00 3.7357539456e+00
     vertex 1.3577538390e+01 -3.0641777725e+00 3.1060558742e+00
   endloop
 endfacet
 facet normal  7.4750203531e-02 6.3914132729e-01 7.6544808499e-01
   outer loop
     vertex 1.3577538390e+01 -3.0641777725e+00 3.1060558742e+00
     vertex 1.3679337167e+01 -3.8302222156e+00 3.7357539456e+00
     vertex 1.3688603241e+01 -3.0641777725e+00 3.0952097824e+00
   endloop
 endfacet
 facet normal  7.4750203531e-02 6.3914132729e-01 7.6544808499e-01
   outer loop
     vertex 1.3679337167e+01 -3.8302222156e+00 3.7357539456e+00
     vertex 1.3748752698e+01 -3.8302222156e+00 3.7289751382e+00
     vertex 1.3688603241e+01 -3.0641777725e+00 3.0952097824e+00
   endloop
 endfacet
 facet normal  7.9704980490e-02 6.3912674371e-01 7.6496020913e-01
   outer loop
     vertex 1.3688603241e+01 -3.0641777725e+00 3.0952097824e+00
     vertex 1.3748752698e+01 -3.8302222156e+00 3.7289751382e+00
     vertex 1.3773126395e+01 -3.0641777725e+00 3.0864028977e+00
   endloop
 endfacet
 facet normal  7.9704980490e-02 6.3912674371e-01 7.6496020913e-01
   outer loop
     vertex 1.3748752698e+01 -3.8302222156e+00 3.7289751382e+00
     vertex 1.3801579670e+01 -3.8302222156e+00 3.7234708353e+00
     vertex 1.3773126395e+01 -3.0641777725e+00 3.0864028977e+00
   endloop
 endfacet
 facet normal  8.3526366916e-02 6.3901039584e-01 7.6464963221e-01
   outer loop
     vertex 1.3773126395e+01 -3.0641777725e+00 3.0864028977e+00
     vertex 1.3801579670e+01 -3.8302222156e+00 3.7234708353e+00
     vertex 1.3834944091e+01 -3.0641777725e+00 3.0796502526e+00
   endloop
 endfacet
 facet normal  8.3526366916e-02 6.3901039584e-01 7.6464963221e-01
   outer loop
     vertex 1.3801579670e+01 -3.8302222156e+00 3.7234708353e+00
     vertex 1.3840215730e+01 -3.8302222156e+00 3.7192504321e+00
     vertex 1.3834944091e+01 -3.0641777725e+00 3.0796502526e+00
   endloop
 endfacet
 facet normal  8.6405286651e-02 6.3886472278e-01 7.6445143235e-01
   outer loop
     vertex 1.3834944091e+01 -3.0641777725e+00 3.0796502526e+00
     vertex 1.3840215730e+01 -3.8302222156e+00 3.7192504321e+00
     vertex 1.3878854014e+01 -3.0641777725e+00 3.0746871520e+00
   endloop
 endfacet
 facet normal  8.6405286651e-02 6.3886472278e-01 7.6445143235e-01
   outer loop
     vertex 1.3840215730e+01 -3.8302222156e+00 3.7192504321e+00
     vertex 1.3867659431e+01 -3.8302222156e+00 3.7161484942e+00
     vertex 1.3878854014e+01 -3.0641777725e+00 3.0746871520e+00
   endloop
 endfacet
 facet normal  8.8493010306e-02 6.3872911196e-01 7.6432591782e-01
   outer loop
     vertex 1.3878854014e+01 -3.0641777725e+00 3.0746871520e+00
     vertex 1.3867659431e+01 -3.8302222156e+00 3.7161484942e+00
     vertex 1.3909401077e+01 -3.0641777725e+00 3.0711504387e+00
   endloop
 endfacet
 facet normal  8.8493010306e-02 6.3872911196e-01 7.6432591782e-01
   outer loop
     vertex 1.3867659431e+01 -3.8302222156e+00 3.7161484942e+00
     vertex 1.3886751346e+01 -3.8302222156e+00 3.7139380484e+00
     vertex 1.3909401077e+01 -3.0641777725e+00 3.0711504387e+00
   endloop
 endfacet
 facet normal  0.0000000000e+00 -1.0000000000e+00 0.0000000000e+00
   outer loop
     vertex 1.3886751346e+01 -3.8302222156e+00 3.7139380484e+00
     vertex 1.3867659431e+01 -3.8302222156e+00 3.7128328256e+00
     vertex 1.3867659431e+01 -3.8302222156e+00 3.7117276027e+00
   endloop
 endfacet
 facet normal  -1.6181826366e-14 -1.0000000000e+00 -0.0000000000e+00
   outer loop
     vertex 1.3867659431e+01 -3.8302222156e+00 3.7117276027e+00
     vertex 1.3867659431e+01 -3.8302222156e+00 3.7128328256e+00
     vertex 1.3840215730e+01 -3.8302222156e+00 3.7112818566e+00
   endloop
 endfacet
 facet normal  -1.6181826366e-14 -1.0000000000e+00 -0.0000000000e+00
   outer loop
     vertex 1.3867659431e+01 -3.8302222156e+00 3.7117276027e+00
     vertex 1.3840215730e+01 -3.8302222156e+00 3.7112818566e+00
     vertex 1.3840215730e+01 -3.8302222156e+00 3.7086256648e+00
   endloop
 endfacet
 facet normal  1.1494163910e-14 -1.0000000000e+00 0.0000000000e+00
   outer loop
     vertex 1.3840215730e+01 -3.8302222156e+00 3.7086256648e+00
     vertex 1.3840215730e+01 -3.8302222156e+00 3.7112818566e+00
     vertex 1.3801579670e+01 -3.8302222156e+00 3.7091716550e+00
   endloop
 endfacet
 facet normal  1.1494163910e-14 -1.0000000000e+00 0.0000000000e+00
   outer loop
     vertex 1.3840215730e+01 -3.8302222156e+00 3.7086256648e+00
     vertex 1.3801579670e+01 -3.8302222156e+00 3.7091716550e+00
     vertex 1.3801579670e+01 -3.8302222156e+00 3.7044052616e+00
   endloop
 endfacet
 facet normal  8.4064862645e-15 -1.0000000000e+00 0.0000000000e+00
   outer loop
     vertex 1.3801579670e+01 -3.8302222156e+00 3.7044052616e+00
     vertex 1.3801579670e+01 -3.8302222156e+00 3.7091716550e+00
     vertex 1.3748752698e+01 -3.8302222156e+00 3.7064195035e+00
   endloop
 endfacet
 facet normal  8.4064862645e-15 -1.0000000000e+00 0.0000000000e+00
   outer loop
     vertex 1.3801579670e+01 -3.8302222156e+00 3.7044052616e+00
     vertex 1.3748752698e+01 -3.8302222156e+00 3.7064195035e+00
     vertex 1.3748752698e+01 -3.8302222156e+00 3.6989009586e+00
   endloop
 endfacet
 facet normal  -1.2795096412e-14 -1.0000000000e+00 -0.0000000000e+00
   outer loop
     vertex 1.3748752698e+01 -3.8302222156e+00 3.6989009586e+00
     vertex 1.3748752698e+01 -3.8302222156e+00 3.7064195035e+00
     vertex 1.3679337167e+01 -3.8302222156e+00 3.7030300998e+00
   endloop
 endfacet
 facet normal  -1.2795096412e-14 -1.0000000000e+00 -0.0000000000e+00
   outer loop
     vertex 1.3748752698e+01 -3.8302222156e+00 3.6989009586e+00
     vertex 1.3679337167e+01 -3.8302222156e+00 3.7030300998e+00
     vertex 1.3679337167e+01 -3.8302222156e+00 3.6921221513e+00
   endloop
 endfacet
 facet normal  1.0256081478e-14 -1.0000000000e+00 0.0000000000e+00
   outer loop
     vertex 1.3679337167e+01 -3.8302222156e+00 3.6921221513e+00
     vertex 1.3679337167e+01 -3.8302222156e+00 3.7030300998e+00
     vertex 1.3592736995e+01 -3.8302222156e+00 3.6991699779e+00
   endloop
 endfacet
 facet normal  1.0256081478e-14 -1.0000000000e+00 1.2336385073e-27
   outer loop
     vertex 1.3679337167e+01 -3.8302222156e+00 3.6921221513e+00
     vertex 1.3592736995e+01 -3.8302222156e+00 3.6991699779e+00
     vertex 1.3592736995e+01 -3.8302222156e+00 3.6844019074e+00
   endloop
 endfacet
 facet normal  -4.3834883198e-15 -1.0000000000e+00 -5.2726180065e-28
   outer loop
     vertex 1.3592736995e+01 -3.8302222156e+00 3.6844019074e+00
     vertex 1.3592736995e+01 -3.8302222156e+00 3.6991699779e+00
     vertex 1.3491427449e+01 -3.8302222156e+00 3.6952254045e+00
   endloop
 endfacet
 facet normal  -4.3834883198e-15 -1.0000000000e+00 -0.0000000000e+00
   outer loop
     vertex 1.3592736995e+01 -3.8302222156e+00 3.6844019074e+00
     vertex 1.3491427449e+01 -3.8302222156e+00 3.6952254045e+00
     vertex 1.3491427449e+01 -3.8302222156e+00 3.6765127606e+00
   endloop
 endfacet
 facet normal  0.0000000000e+00 -1.0000000000e+00 -0.0000000000e+00
   outer loop
     vertex 1.3491427449e+01 -3.8302222156e+00 3.6765127606e+00
     vertex 1.3491427449e+01 -3.8302222156e+00 3.6952254045e+00
     vertex 1.3381451255e+01 -3.8302222156e+00 3.6917934111e+00
   endloop
 endfacet
 facet normal  0.0000000000e+00 -1.0000000000e+00 0.0000000000e+00
   outer loop
     vertex 1.3491427449e+01 -3.8302222156e+00 3.6765127606e+00
     vertex 1.3381451255e+01 -3.8302222156e+00 3.6917934111e+00
     vertex 1.3381451255e+01 -3.8302222156e+00 3.6696487738e+00
   endloop
 endfacet
 facet normal  -4.0336192660e-15 -1.0000000000e+00 -0.0000000000e+00
   outer loop
     vertex 1.3381451255e+01 -3.8302222156e+00 3.6696487738e+00
     vertex 1.3381451255e+01 -3.8302222156e+00 3.6917934111e+00
     vertex 1.3271354297e+01 -3.8302222156e+00 3.6651477643e+00
   endloop
 endfacet
 facet normal  -4.0336192660e-15 -1.0000000000e+00 -0.0000000000e+00
   outer loop
     vertex 1.3381451255e+01 -3.8302222156e+00 3.6917934111e+00
     vertex 1.3271354297e+01 -3.8302222156e+00 3.6895429064e+00
     vertex 1.3271354297e+01 -3.8302222156e+00 3.6651477643e+00
   endloop
 endfacet
 facet normal  8.7414316707e-15 -1.0000000000e+00 0.0000000000e+00
   outer loop
     vertex 1.3271354297e+01 -3.8302222156e+00 3.6651477643e+00
     vertex 1.3271354297e+01 -3.8302222156e+00 3.6895429064e+00
     vertex 1.3169748696e+01 -3.8302222156e+00 3.6639789975e+00
   endloop
 endfacet
 facet normal  8.7414316707e-15 -1.0000000000e+00 0.0000000000e+00
   outer loop
     vertex 1.3271354297e+01 -3.8302222156e+00 3.6895429064e+00
     vertex 1.3169748696e+01 -3.8302222156e+00 3.6889585230e+00
     vertex 1.3169748696e+01 -3.8302222156e+00 3.6639789975e+00
   endloop
 endfacet
 facet normal  -5.1100094337e-15 -1.0000000000e+00 -0.0000000000e+00
   outer loop
     vertex 1.3169748696e+01 -3.8302222156e+00 3.6639789975e+00
     vertex 1.3169748696e+01 -3.8302222156e+00 3.6889585230e+00
     vertex 1.3082842945e+01 -3.8302222156e+00 3.6663269140e+00
   endloop
 endfacet
 facet normal  -5.1100094337e-15 -1.0000000000e+00 -0.0000000000e+00
   outer loop
     vertex 1.3169748696e+01 -3.8302222156e+00 3.6889585230e+00
     vertex 1.3082842945e+01 -3.8302222156e+00 3.6901324812e+00
     vertex 1.3082842945e+01 -3.8302222156e+00 3.6663269140e+00
   endloop
 endfacet
 facet normal  -6.3866702312e-15 -1.0000000000e+00 -0.0000000000e+00
   outer loop
     vertex 1.3082842945e+01 -3.8302222156e+00 3.6663269140e+00
     vertex 1.3082842945e+01 -3.8302222156e+00 3.6901324812e+00
     vertex 1.3013309182e+01 -3.8302222156e+00 3.6716485118e+00
   endloop
 endfacet
 facet normal  -6.3866702312e-15 -1.0000000000e+00 -0.0000000000e+00
   outer loop
     vertex 1.3082842945e+01 -3.8302222156e+00 3.6901324812e+00
     vertex 1.3013309182e+01 -3.8302222156e+00 3.6927932801e+00
     vertex 1.3013309182e+01 -3.8302222156e+00 3.6716485118e+00
   endloop
 endfacet
 facet normal  8.4470638478e-15 -1.0000000000e+00 0.0000000000e+00
   outer loop
     vertex 1.3013309182e+01 -3.8302222156e+00 3.6716485118e+00
     vertex 1.3013309182e+01 -3.8302222156e+00 3.6927932801e+00
     vertex 1.2960735979e+01 -3.8302222156e+00 3.6791153847e+00
   endloop
 endfacet
 facet normal  8.4470638478e-15 -1.0000000000e+00 0.0000000000e+00
   outer loop
     vertex 1.3013309182e+01 -3.8302222156e+00 3.6927932801e+00
     vertex 1.2960735979e+01 -3.8302222156e+00 3.6965267166e+00
     vertex 1.2960735979e+01 -3.8302222156e+00 3.6791153847e+00
   endloop
 endfacet
 facet normal  0.0000000000e+00 -1.0000000000e+00 -0.0000000000e+00
   outer loop
     vertex 1.2960735979e+01 -3.8302222156e+00 3.6791153847e+00
     vertex 1.2960735979e+01 -3.8302222156e+00 3.6965267166e+00
     vertex 1.2922960246e+01 -3.8302222156e+00 3.6881610133e+00
   endloop
 endfacet
 facet normal  0.0000000000e+00 -1.0000000000e+00 0.0000000000e+00
   outer loop
     vertex 1.2960735979e+01 -3.8302222156e+00 3.6965267166e+00
     vertex 1.2922960246e+01 -3.8302222156e+00 3.7010495309e+00
     vertex 1.2922960246e+01 -3.8302222156e+00 3.6881610133e+00
   endloop
 endfacet
 facet normal  1.7565285714e-14 -1.0000000000e+00 0.0000000000e+00
   outer loop
     vertex 1.2922960246e+01 -3.8302222156e+00 3.6881610133e+00
     vertex 1.2922960246e+01 -3.8302222156e+00 3.7010495309e+00
     vertex 1.2897678038e+01 -3.8302222156e+00 3.6990884981e+00
   endloop
 endfacet
 facet normal  1.7565285714e-14 -1.0000000000e+00 0.0000000000e+00
   outer loop
     vertex 1.2922960246e+01 -3.8302222156e+00 3.7010495309e+00
     vertex 1.2897678038e+01 -3.8302222156e+00 3.7065132733e+00
     vertex 1.2897678038e+01 -3.8302222156e+00 3.6990884981e+00
   endloop
 endfacet
 facet normal  -4.0642603448e-14 -1.0000000000e+00 -0.0000000000e+00
   outer loop
     vertex 1.2897678038e+01 -3.8302222156e+00 3.6990884981e+00
     vertex 1.2897678038e+01 -3.8302222156e+00 3.7065132733e+00
     vertex 1.2886751346e+01 -3.8302222156e+00 3.7139380484e+00
   endloop
 endfacet
 facet normal  -0.0000000000e+00 -1.0000000000e+00 0.0000000000e+00
   outer loop
     vertex 1.2886751346e+01 -3.8302222156e+00 3.7139380484e+00
     vertex 1.2897678038e+01 -3.8302222156e+00 3.7213628236e+00
     vertex 1.2897678038e+01 -3.8302222156e+00 3.7287875987e+00
   endloop
 endfacet
 facet normal  0.0000000000e+00 -1.0000000000e+00 0.0000000000e+00
   outer loop
     vertex 1.2897678038e+01 -3.8302222156e+00 3.7287875987e+00
     vertex 1.2897678038e+01 -3.8302222156e+00 3.7213628236e+00
     vertex 1.2922960246e+01 -3.8302222156e+00 3.7268265660e+00
   endloop
 endfacet
 facet normal  0.0000000000e+00 -1.0000000000e+00 0.0000000000e+00
   outer loop
     vertex 1.2897678038e+01 -3.8302222156e+00 3.7287875987e+00
     vertex 1.2922960246e+01 -3.8302222156e+00 3.7268265660e+00
     vertex 1.2922960246e+01 -3.8302222156e+00 3.7397150835e+00
   endloop
 endfacet
 facet normal  -1.1755939084e-14 -1.0000000000e+00 0.0000000000e+00
   outer loop
     vertex 1.2922960246e+01 -3.8302222156e+00 3.7397150835e+00
     vertex 1.2922960246e+01 -3.8302222156e+00 3.7268265660e+00
     vertex 1.2960735979e+01 -3.8302222156e+00 3.7313493803e+00
   endloop
 endfacet
 facet normal  -1.1755939084e-14 -1.0000000000e+00 -1.1993765307e-27
   outer loop
     vertex 1.2922960246e+01 -3.8302222156e+00 3.7397150835e+00
     vertex 1.2960735979e+01 -3.8302222156e+00 3.7313493803e+00
     vertex 1.2960735979e+01 -3.8302222156e+00 3.7487607121e+00
   endloop
 endfacet
 facet normal  8.4470638478e-15 -1.0000000000e+00 8.6179505183e-28
   outer loop
     vertex 1.2960735979e+01 -3.8302222156e+00 3.7487607121e+00
     vertex 1.2960735979e+01 -3.8302222156e+00 3.7313493803e+00
     vertex 1.3013309182e+01 -3.8302222156e+00 3.7350828167e+00
   endloop
 endfacet
 facet normal  8.4470638478e-15 -1.0000000000e+00 0.0000000000e+00
   outer loop
     vertex 1.2960735979e+01 -3.8302222156e+00 3.7487607121e+00
     vertex 1.3013309182e+01 -3.8302222156e+00 3.7350828167e+00
     vertex 1.3013309182e+01 -3.8302222156e+00 3.7562275850e+00
   endloop
 endfacet
 facet normal  0.0000000000e+00 -1.0000000000e+00 0.0000000000e+00
   outer loop
     vertex 1.3013309182e+01 -3.8302222156e+00 3.7562275850e+00
     vertex 1.3013309182e+01 -3.8302222156e+00 3.7350828167e+00
     vertex 1.3082842945e+01 -3.8302222156e+00 3.7377436157e+00
   endloop
 endfacet
 facet normal  0.0000000000e+00 -1.0000000000e+00 0.0000000000e+00
   outer loop
     vertex 1.3013309182e+01 -3.8302222156e+00 3.7562275850e+00
     vertex 1.3082842945e+01 -3.8302222156e+00 3.7377436157e+00
     vertex 1.3082842945e+01 -3.8302222156e+00 3.7615491829e+00
   endloop
 endfacet
 facet normal  5.1100094337e-15 -1.0000000000e+00 0.0000000000e+00
   outer loop
     vertex 1.3082842945e+01 -3.8302222156e+00 3.7615491829e+00
     vertex 1.3082842945e+01 -3.8302222156e+00 3.7377436157e+00
     vertex 1.3169748696e+01 -3.8302222156e+00 3.7389175739e+00
   endloop
 endfacet
 facet normal  5.1100094337e-15 -1.0000000000e+00 0.0000000000e+00
   outer loop
     vertex 1.3082842945e+01 -3.8302222156e+00 3.7615491829e+00
     vertex 1.3169748696e+01 -3.8302222156e+00 3.7389175739e+00
     vertex 1.3169748696e+01 -3.8302222156e+00 3.7638970994e+00
   endloop
 endfacet
 facet normal  -8.7414316707e-15 -1.0000000000e+00 0.0000000000e+00
   outer loop
     vertex 1.3169748696e+01 -3.8302222156e+00 3.7638970994e+00
     vertex 1.3169748696e+01 -3.8302222156e+00 3.7389175739e+00
     vertex 1.3271354297e+01 -3.8302222156e+00 3.7383331905e+00
   endloop
 endfacet
 facet normal  -8.7414316707e-15 -1.0000000000e+00 0.0000000000e+00
   outer loop
     vertex 1.3169748696e+01 -3.8302222156e+00 3.7638970994e+00
     vertex 1.3271354297e+01 -3.8302222156e+00 3.7383331905e+00
     vertex 1.3271354297e+01 -3.8302222156e+00 3.7627283325e+00
   endloop
 endfacet
 facet normal  4.0336192660e-15 -1.0000000000e+00 0.0000000000e+00
   outer loop
     vertex 1.3271354297e+01 -3.8302222156e+00 3.7627283325e+00
     vertex 1.3271354297e+01 -3.8302222156e+00 3.7383331905e+00
     vertex 1.3381451255e+01 -3.8302222156e+00 3.7360826858e+00
   endloop
 endfacet
 facet normal  4.0336192660e-15 -1.0000000000e+00 0.0000000000e+00
   outer loop
     vertex 1.3271354297e+01 -3.8302222156e+00 3.7627283325e+00
     vertex 1.3381451255e+01 -3.8302222156e+00 3.7360826858e+00
     vertex 1.3381451255e+01 -3.8302222156e+00 3.7582273231e+00
   endloop
 endfacet
 facet normal  -4.0380485385e-15 -1.0000000000e+00 0.0000000000e+00
   outer loop
     vertex 1.3381451255e+01 -3.8302222156e+00 3.7582273231e+00
     vertex 1.3381451255e+01 -3.8302222156e+00 3.7360826858e+00
     vertex 1.3491427449e+01 -3.8302222156e+00 3.7513633363e+00
   endloop
 endfacet
 facet normal  -4.0380485385e-15 -1.0000000000e+00 0.0000000000e+00
   outer loop
     vertex 1.3381451255e+01 -3.8302222156e+00 3.7360826858e+00
     vertex 1.3491427449e+01 -3.8302222156e+00 3.7326506924e+00
     vertex 1.3491427449e+01 -3.8302222156e+00 3.7513633363e+00
   endloop
 endfacet
 facet normal  8.7669766396e-15 -1.0000000000e+00 0.0000000000e+00
   outer loop
     vertex 1.3491427449e+01 -3.8302222156e+00 3.7513633363e+00
     vertex 1.3491427449e+01 -3.8302222156e+00 3.7326506924e+00
     vertex 1.3592736995e+01 -3.8302222156e+00 3.7434741895e+00
   endloop
 endfacet
 facet normal  8.7669766396e-15 -1.0000000000e+00 0.0000000000e+00
   outer loop
     vertex 1.3491427449e+01 -3.8302222156e+00 3.7326506924e+00
     vertex 1.3592736995e+01 -3.8302222156e+00 3.7287061190e+00
     vertex 1.3592736995e+01 -3.8302222156e+00 3.7434741895e+00
   endloop
 endfacet
 facet normal  -5.1280407390e-15 -1.0000000000e+00 0.0000000000e+00
   outer loop
     vertex 1.3592736995e+01 -3.8302222156e+00 3.7434741895e+00
     vertex 1.3592736995e+01 -3.8302222156e+00 3.7287061190e+00
     vertex 1.3679337167e+01 -3.8302222156e+00 3.7357539456e+00
   endloop
 endfacet
 facet normal  -5.1280407390e-15 -1.0000000000e+00 0.0000000000e+00
   outer loop
     vertex 1.3592736995e+01 -3.8302222156e+00 3.7287061190e+00
     vertex 1.3679337167e+01 -3.8302222156e+00 3.7248459970e+00
     vertex 1.3679337167e+01 -3.8302222156e+00 3.7357539456e+00
   endloop
 endfacet
 facet normal  0.0000000000e+00 -1.0000000000e+00 0.0000000000e+00
   outer loop
     vertex 1.3679337167e+01 -3.8302222156e+00 3.7357539456e+00
     vertex 1.3679337167e+01 -3.8302222156e+00 3.7248459970e+00
     vertex 1.3748752698e+01 -3.8302222156e+00 3.7289751382e+00
   endloop
 endfacet
 facet normal  0.0000000000e+00 -1.0000000000e+00 0.0000000000e+00
   outer loop
     vertex 1.3679337167e+01 -3.8302222156e+00 3.7248459970e+00
     vertex 1.3748752698e+01 -3.8302222156e+00 3.7214565933e+00
     vertex 1.3748752698e+01 -3.8302222156e+00 3.7289751382e+00
   endloop
 endfacet
 facet normal  0.0000000000e+00 -1.0000000000e+00 0.0000000000e+00
   outer loop
     vertex 1.3748752698e+01 -3.8302222156e+00 3.7289751382e+00
     vertex 1.3748752698e+01 -3.8302222156e+00 3.7214565933e+00
     vertex 1.3801579670e+01 -3.8302222156e+00 3.7234708353e+00
   endloop
 endfacet
 facet normal  0.0000000000e+00 -1.0000000000e+00 0.0000000000e+00
   outer loop
     vertex 1.3748752698e+01 -3.8302222156e+00 3.7214565933e+00
     vertex 1.3801579670e+01 -3.8302222156e+00 3.7187044419e+00
     vertex 1.3801579670e+01 -3.8302222156e+00 3.7234708353e+00
   endloop
 endfacet
 facet normal  0.0000000000e+00 -1.0000000000e+00 0.0000000000e+00
   outer loop
     vertex 1.3801579670e+01 -3.8302222156e+00 3.7234708353e+00
     vertex 1.3801579670e+01 -3.8302222156e+00 3.7187044419e+00
     vertex 1.3840215730e+01 -3.8302222156e+00 3.7192504321e+00
   endloop
 endfacet
 facet normal  0.0000000000e+00 -1.0000000000e+00 0.0000000000e+00
   outer loop
     vertex 1.3801579670e+01 -3.8302222156e+00 3.7187044419e+00
     vertex 1.3840215730e+01 -3.8302222156e+00 3.7165942403e+00
     vertex 1.3840215730e+01 -3.8302222156e+00 3.7192504321e+00
   endloop
 endfacet
 facet normal  1.6181826366e-14 -1.0000000000e+00 -1.0821770309e-26
   outer loop
     vertex 1.3840215730e+01 -3.8302222156e+00 3.7192504321e+00
     vertex 1.3840215730e+01 -3.8302222156e+00 3.7165942403e+00
     vertex 1.3867659431e+01 -3.8302222156e+00 3.7161484942e+00
   endloop
 endfacet
 facet normal  1.6181826366e-14 -1.0000000000e+00 -2.6008055471e-26
   outer loop
     vertex 1.3840215730e+01 -3.8302222156e+00 3.7165942403e+00
     vertex 1.3867659431e+01 -3.8302222156e+00 3.7150432713e+00
     vertex 1.3867659431e+01 -3.8302222156e+00 3.7161484942e+00
   endloop
 endfacet
 facet normal  -2.3260590809e-14 -1.0000000000e+00 3.7385318714e-26
   outer loop
     vertex 1.3867659431e+01 -3.8302222156e+00 3.7161484942e+00
     vertex 1.3867659431e+01 -3.8302222156e+00 3.7150432713e+00
     vertex 1.3886751346e+01 -3.8302222156e+00 3.7139380484e+00
   endloop
 endfacet
 facet normal  0.0000000000e+00 -1.0000000000e+00 -0.0000000000e+00
   outer loop
     vertex 1.3886751346e+01 -3.8302222156e+00 3.7139380484e+00
     vertex 1.3867659431e+01 -3.8302222156e+00 3.7139380484e+00
     vertex 1.3867659431e+01 -3.8302222156e+00 3.7128328256e+00
   endloop
 endfacet
 facet normal  -1.6181826366e-14 -1.0000000000e+00 2.6008055471e-26
   outer loop
     vertex 1.3867659431e+01 -3.8302222156e+00 3.7128328256e+00
     vertex 1.3867659431e+01 -3.8302222156e+00 3.7139380484e+00
     vertex 1.3840215730e+01 -3.8302222156e+00 3.7139380484e+00
   endloop
 endfacet
 facet normal  -1.6181826366e-14 -1.0000000000e+00 -0.0000000000e+00
   outer loop
     vertex 1.3867659431e+01 -3.8302222156e+00 3.7128328256e+00
     vertex 1.3840215730e+01 -3.8302222156e+00 3.7139380484e+00
     vertex 1.3840215730e+01 -3.8302222156e+00 3.7112818566e+00
   endloop
 endfacet
 facet normal  1.1494163910e-14 -1.0000000000e+00 0.0000000000e+00
   outer loop
     vertex 1.3840215730e+01 -3.8302222156e+00 3.7112818566e+00
     vertex 1.3840215730e+01 -3.8302222156e+00 3.7139380484e+00
     vertex 1.3801579670e+01 -3.8302222156e+00 3.7139380484e+00
   endloop
 endfacet
 facet normal  1.1494163910e-14 -1.0000000000e+00 0.0000000000e+00
   outer loop
     vertex 1.3840215730e+01 -3.8302222156e+00 3.7112818566e+00
     vertex 1.3801579670e+01 -3.8302222156e+00 3.7139380484e+00
     vertex 1.3801579670e+01 -3.8302222156e+00 3.7091716550e+00
   endloop
 endfacet
 facet normal  8.4064862645e-15 -1.0000000000e+00 0.0000000000e+00
   outer loop
     vertex 1.3801579670e+01 -3.8302222156e+00 3.7091716550e+00
     vertex 1.3801579670e+01 -3.8302222156e+00 3.7139380484e+00
     vertex 1.3748752698e+01 -3.8302222156e+00 3.7139380484e+00
   endloop
 endfacet
 facet normal  8.4064862645e-15 -1.0000000000e+00 0.0000000000e+00
   outer loop
     vertex 1.3801579670e+01 -3.8302222156e+00 3.7091716550e+00
     vertex 1.3748752698e+01 -3.8302222156e+00 3.7139380484e+00
     vertex 1.3748752698e+01 -3.8302222156e+00 3.7064195035e+00
   endloop
 endfacet
 facet normal  -1.2795096412e-14 -1.0000000000e+00 -0.0000000000e+00
   outer loop
     vertex 1.3748752698e+01 -3.8302222156e+00 3.7064195035e+00
     vertex 1.3748752698e+01 -3.8302222156e+00 3.7139380484e+00
     vertex 1.3679337167e+01 -3.8302222156e+00 3.7139380484e+00
   endloop
 endfacet
 facet normal  -1.2795096412e-14 -1.0000000000e+00 -0.0000000000e+00
   outer loop
     vertex 1.3748752698e+01 -3.8302222156e+00 3.7064195035e+00
     vertex 1.3679337167e+01 -3.8302222156e+00 3.7139380484e+00
     vertex 1.3679337167e+01 -3.8302222156e+00 3.7030300998e+00
   endloop
 endfacet
 facet normal  1.0256081478e-14 -1.0000000000e+00 0.0000000000e+00
   outer loop
     vertex 1.3679337167e+01 -3.8302222156e+00 3.7030300998e+00
     vertex 1.3679337167e+01 -3.8302222156e+00 3.7139380484e+00
     vertex 1.3592736995e+01 -3.8302222156e+00 3.7139380484e+00
   endloop
 endfacet
 facet normal  1.0256081478e-14 -1.0000000000e+00 0.0000000000e+00
   outer loop
     vertex 1.3679337167e+01 -3.8302222156e+00 3.7030300998e+00
     vertex 1.3592736995e+01 -3.8302222156e+00 3.7139380484e+00
     vertex 1.3592736995e+01 -3.8302222156e+00 3.6991699779e+00
   endloop
 endfacet
 facet normal  -4.3834883198e-15 -1.0000000000e+00 -0.0000000000e+00
   outer loop
     vertex 1.3592736995e+01 -3.8302222156e+00 3.6991699779e+00
     vertex 1.3592736995e+01 -3.8302222156e+00 3.7139380484e+00
     vertex 1.3491427449e+01 -3.8302222156e+00 3.7139380484e+00
   endloop
 endfacet
 facet normal  -4.3834883198e-15 -1.0000000000e+00 -0.0000000000e+00
   outer loop
     vertex 1.3592736995e+01 -3.8302222156e+00 3.6991699779e+00
     vertex 1.3491427449e+01 -3.8302222156e+00 3.7139380484e+00
     vertex 1.3491427449e+01 -3.8302222156e+00 3.6952254045e+00
   endloop
 endfacet
 facet normal  -0.0000000000e+00 -1.0000000000e+00 -0.0000000000e+00
   outer loop
     vertex 1.3491427449e+01 -3.8302222156e+00 3.6952254045e+00
     vertex 1.3491427449e+01 -3.8302222156e+00 3.7139380484e+00
     vertex 1.3381451255e+01 -3.8302222156e+00 3.7139380484e+00
   endloop
 endfacet
 facet normal  0.0000000000e+00 -1.0000000000e+00 0.0000000000e+00
   outer loop
     vertex 1.3491427449e+01 -3.8302222156e+00 3.6952254045e+00
     vertex 1.3381451255e+01 -3.8302222156e+00 3.7139380484e+00
     vertex 1.3381451255e+01 -3.8302222156e+00 3.6917934111e+00
   endloop
 endfacet
 facet normal  -4.0336192660e-15 -1.0000000000e+00 -0.0000000000e+00
   outer loop
     vertex 1.3381451255e+01 -3.8302222156e+00 3.6917934111e+00
     vertex 1.3381451255e+01 -3.8302222156e+00 3.7139380484e+00
     vertex 1.3271354297e+01 -3.8302222156e+00 3.6895429064e+00
   endloop
 endfacet
 facet normal  -4.0336192660e-15 -1.0000000000e+00 -0.0000000000e+00
   outer loop
     vertex 1.3381451255e+01 -3.8302222156e+00 3.7139380484e+00
     vertex 1.3271354297e+01 -3.8302222156e+00 3.7139380484e+00
     vertex 1.3271354297e+01 -3.8302222156e+00 3.6895429064e+00
   endloop
 endfacet
 facet normal  8.7414316707e-15 -1.0000000000e+00 0.0000000000e+00
   outer loop
     vertex 1.3271354297e+01 -3.8302222156e+00 3.6895429064e+00
     vertex 1.3271354297e+01 -3.8302222156e+00 3.7139380484e+00
     vertex 1.3169748696e+01 -3.8302222156e+00 3.6889585230e+00
   endloop
 endfacet
 facet normal  8.7414316707e-15 -1.0000000000e+00 0.0000000000e+00
   outer loop
     vertex 1.3271354297e+01 -3.8302222156e+00 3.7139380484e+00
     vertex 1.3169748696e+01 -3.8302222156e+00 3.7139380484e+00
     vertex 1.3169748696e+01 -3.8302222156e+00 3.6889585230e+00
   endloop
 endfacet
 facet normal  -5.1100094337e-15 -1.0000000000e+00 -0.0000000000e+00
   outer loop
     vertex 1.3169748696e+01 -3.8302222156e+00 3.6889585230e+00
     vertex 1.3169748696e+01 -3.8302222156e+00 3.7139380484e+00
     vertex 1.3082842945e+01 -3.8302222156e+00 3.6901324812e+00
   endloop
 endfacet
 facet normal  -5.1100094337e-15 -1.0000000000e+00 -0.0000000000e+00
   outer loop
     vertex 1.3169748696e+01 -3.8302222156e+00 3.7139380484e+00
     vertex 1.3082842945e+01 -3.8302222156e+00 3.7139380484e+00
     vertex 1.3082842945e+01 -3.8302222156e+00 3.6901324812e+00
   endloop
 endfacet
 facet normal  -6.3866702312e-15 -1.0000000000e+00 -0.0000000000e+00
   outer loop
     vertex 1.3082842945e+01 -3.8302222156e+00 3.6901324812e+00
     vertex 1.3082842945e+01 -3.8302222156e+00 3.7139380484e+00
     vertex 1.3013309182e+01 -3.8302222156e+00 3.6927932801e+00
   endloop
 endfacet
 facet normal  -6.3866702312e-15 -1.0000000000e+00 -0.0000000000e+00
   outer loop
     vertex 1.3082842945e+01 -3.8302222156e+00 3.7139380484e+00
     vertex 1.3013309182e+01 -3.8302222156e+00 3.7139380484e+00
     vertex 1.3013309182e+01 -3.8302222156e+00 3.6927932801e+00
   endloop
 endfacet
 facet normal  8.4470638478e-15 -1.0000000000e+00 0.0000000000e+00
   outer loop
     vertex 1.3013309182e+01 -3.8302222156e+00 3.6927932801e+00
     vertex 1.3013309182e+01 -3.8302222156e+00 3.7139380484e+00
     vertex 1.2960735979e+01 -3.8302222156e+00 3.6965267166e+00
   endloop
 endfacet
 facet normal  8.4470638478e-15 -1.0000000000e+00 0.0000000000e+00
   outer loop
     vertex 1.3013309182e+01 -3.8302222156e+00 3.7139380484e+00
     vertex 1.2960735979e+01 -3.8302222156e+00 3.7139380484e+00
     vertex 1.2960735979e+01 -3.8302222156e+00 3.6965267166e+00
   endloop
 endfacet
 facet normal  0.0000000000e+00 -1.0000000000e+00 -0.0000000000e+00
   outer loop
     vertex 1.2960735979e+01 -3.8302222156e+00 3.6965267166e+00
     vertex 1.2960735979e+01 -3.8302222156e+00 3.7139380484e+00
     vertex 1.2922960246e+01 -3.8302222156e+00 3.7010495309e+00
   endloop
 endfacet
 facet normal  0.0000000000e+00 -1.0000000000e+00 0.0000000000e+00
   outer loop
     vertex 1.2960735979e+01 -3.8302222156e+00 3.7139380484e+00
     vertex 1.2922960246e+01 -3.8302222156e+00 3.7139380484e+00
     vertex 1.2922960246e+01 -3.8302222156e+00 3.7010495309e+00
   endloop
 endfacet
 facet normal  1.7565285714e-14 -1.0000000000e+00 0.0000000000e+00
   outer loop
     vertex 1.2922960246e+01 -3.8302222156e+00 3.7010495309e+00
     vertex 1.2922960246e+01 -3.8302222156e+00 3.7139380484e+00
     vertex 1.2897678038e+01 -3.8302222156e+00 3.7065132733e+00
   endloop
 endfacet
 facet normal  1.7565285714e-14 -1.0000000000e+00 0.0000000000e+00
   outer loop
     vertex 1.2922960246e+01 -3.8302222156e+00 3.7139380484e+00
     vertex 1.2897678038e+01 -3.8302222156e+00 3.7139380484e+00
     vertex 1.2897678038e+01 -3.8302222156e+00 3.7065132733e+00
   endloop
 endfacet
 facet normal  -4.0642603448e-14 -1.0000000000e+00 -0.0000000000e+00
   outer loop
     vertex 1.2897678038e+01 -3.8302222156e+00 3.7065132733e+00
     vertex 1.2897678038e+01 -3.8302222156e+00 3.7139380484e+00
     vertex 1.2886751346e+01 -3.8302222156e+00 3.7139380484e+00
   endloop
 endfacet
 facet normal  0.0000000000e+00 -1.0000000000e+00 0.0000000000e+00
   outer loop
     vertex 1.2886751346e+01 -3.8302222156e+00 3.7139380484e+00
     vertex 1.2897678038e+01 -3.8302222156e+00 3.7139380484e+00
     vertex 1.2897678038e+01 -3.8302222156e+00 3.7213628236e+00
   endloop
 endfacet
 facet normal  0.0000000000e+00 -1.0000000000e+00 0.0000000000e+00
   outer loop
     vertex 1.2897678038e+01 -3.8302222156e+00 3.7213628236e+00
     vertex 1.2897678038e+01 -3.8302222156e+00 3.7139380484e+00
     vertex 1.2922960246e+01 -3.8302222156e+00 3.7139380484e+00
   endloop
 endfacet
 facet normal  0.0000000000e+00 -1.0000000000e+00 0.0000000000e+00
   outer loop
     vertex 1.2897678038e+01 -3.8302222156e+00 3.7213628236e+00
     vertex 1.2922960246e+01 -3.8302222156e+00 3.7139380484e+00
     vertex 1.2922960246e+01 -3.8302222156e+00 3.7268265660e+00
   endloop
 endfacet
 facet normal  -1.1755939084e-14 -1.0000000000e+00 0.0000000000e+00
   outer loop
     vertex 1.2922960246e+01 -3.8302222156e+00 3.7268265660e+00
     vertex 1.2922960246e+01 -3.8302222156e+00 3.7139380484e+00
     vertex 1.2960735979e+01 -3.8302222156e+00 3.7139380484e+00
   endloop
 endfacet
 facet normal  -1.1755939084e-14 -1.0000000000e+00 0.0000000000e+00
   outer loop
     vertex 1.2922960246e+01 -3.8302222156e+00 3.7268265660e+00
     vertex 1.2960735979e+01 -3.8302222156e+00 3.7139380484e+00
     vertex 1.2960735979e+01 -3.8302222156e+00 3.7313493803e+00
   endloop
 endfacet
 facet normal  8.4470638478e-15 -1.0000000000e+00 0.0000000000e+00
   outer loop
     vertex 1.2960735979e+01 -3.8302222156e+00 3.7313493803e+00
     vertex 1.2960735979e+01 -3.8302222156e+00 3.7139380484e+00
     vertex 1.3013309182e+01 -3.8302222156e+00 3.7139380484e+00
   endloop
 endfacet
 facet normal  8.4470638478e-15 -1.0000000000e+00 0.0000000000e+00
   outer loop
     vertex 1.2960735979e+01 -3.8302222156e+00 3.7313493803e+00
     vertex 1.3013309182e+01 -3.8302222156e+00 3.7139380484e+00
     vertex 1.3013309182e+01 -3.8302222156e+00 3.7350828167e+00
   endloop
 endfacet
 facet normal  0.0000000000e+00 -1.0000000000e+00 0.0000000000e+00
   outer loop
     vertex 1.3013309182e+01 -3.8302222156e+00 3.7350828167e+00
     vertex 1.3013309182e+01 -3.8302222156e+00 3.7139380484e+00
     vertex 1.3082842945e+01 -3.8302222156e+00 3.7139380484e+00
   endloop
 endfacet
 facet normal  0.0000000000e+00 -1.0000000000e+00 0.0000000000e+00
   outer loop
     vertex 1.3013309182e+01 -3.8302222156e+00 3.7350828167e+00
     vertex 1.3082842945e+01 -3.8302222156e+00 3.7139380484e+00
     vertex 1.3082842945e+01 -3.8302222156e+00 3.7377436157e+00
   endloop
 endfacet
 facet normal  5.1100094337e-15 -1.0000000000e+00 0.0000000000e+00
   outer loop
     vertex 1.3082842945e+01 -3.8302222156e+00 3.7377436157e+00
     vertex 1.3082842945e+01 -3.8302222156e+00 3.7139380484e+00
     vertex 1.3169748696e+01 -3.8302222156e+00 3.7139380484e+00
   endloop
 endfacet
 facet normal  5.1100094337e-15 -1.0000000000e+00 0.0000000000e+00
   outer loop
     vertex 1.3082842945e+01 -3.8302222156e+00 3.7377436157e+00
     vertex 1.3169748696e+01 -3.8302222156e+00 3.7139380484e+00
     vertex 1.3169748696e+01 -3.8302222156e+00 3.7389175739e+00
   endloop
 endfacet
 facet normal  -8.7414316707e-15 -1.0000000000e+00 0.0000000000e+00
   outer loop
     vertex 1.3169748696e+01 -3.8302222156e+00 3.7389175739e+00
     vertex 1.3169748696e+01 -3.8302222156e+00 3.7139380484e+00
     vertex 1.3271354297e+01 -3.8302222156e+00 3.7139380484e+00
   endloop
 endfacet
 facet normal  -8.7414316707e-15 -1.0000000000e+00 0.0000000000e+00
   outer loop
     vertex 1.3169748696e+01 -3.8302222156e+00 3.7389175739e+00
     vertex 1.3271354297e+01 -3.8302222156e+00 3.7139380484e+00
     vertex 1.3271354297e+01 -3.8302222156e+00 3.7383331905e+00
   endloop
 endfacet
 facet normal  4.0336192660e-15 -1.0000000000e+00 0.0000000000e+00
   outer loop
     vertex 1.3271354297e+01 -3.8302222156e+00 3.7383331905e+00
     vertex 1.3271354297e+01 -3.8302222156e+00 3.7139380484e+00
     vertex 1.3381451255e+01 -3.8302222156e+00 3.7139380484e+00
   endloop
 endfacet
 facet normal  4.0336192660e-15 -1.0000000000e+00 0.0000000000e+00
   outer loop
     vertex 1.3271354297e+01 -3.8302222156e+00 3.7383331905e+00
     vertex 1.3381451255e+01 -3.8302222156e+00 3.7139380484e+00
     vertex 1.3381451255e+01 -3.8302222156e+00 3.7360826858e+00
   endloop
 endfacet
 facet normal  -4.0380485385e-15 -1.0000000000e+00 0.0000000000e+00
   outer loop
     vertex 1.3381451255e+01 -3.8302222156e+00 3.7360826858e+00
     vertex 1.3381451255e+01 -3.8302222156e+00 3.7139380484e+00
     vertex 1.3491427449e+01 -3.8302222156e+00 3.7326506924e+00
   endloop
 endfacet
 facet normal  -4.0380485385e-15 -1.0000000000e+00 0.0000000000e+00
   outer loop
     vertex 1.3381451255e+01 -3.8302222156e+00 3.7139380484e+00
     vertex 1.3491427449e+01 -3.8302222156e+00 3.7139380484e+00
     vertex 1.3491427449e+01 -3.8302222156e+00 3.7326506924e+00
   endloop
 endfacet
 facet normal  8.7669766396e-15 -1.0000000000e+00 0.0000000000e+00
   outer loop
     vertex 1.3491427449e+01 -3.8302222156e+00 3.7326506924e+00
     vertex 1.3491427449e+01 -3.8302222156e+00 3.7139380484e+00
     vertex 1.3592736995e+01 -3.8302222156e+00 3.7287061190e+00
   endloop
 endfacet
 facet normal  8.7669766396e-15 -1.0000000000e+00 0.0000000000e+00
   outer loop
     vertex 1.3491427449e+01 -3.8302222156e+00 3.7139380484e+00
     vertex 1.3592736995e+01 -3.8302222156e+00 3.7139380484e+00
     vertex 1.3592736995e+01 -3.8302222156e+00 3.7287061190e+00
   endloop
 endfacet
 facet normal  -5.1280407390e-15 -1.0000000000e+00 0.0000000000e+00
   outer loop
     vertex 1.3592736995e+01 -3.8302222156e+00 3.7287061190e+00
     vertex 1.3592736995e+01 -3.8302222156e+00 3.7139380484e+00
     vertex 1.3679337167e+01 -3.8302222156e+00 3.7248459970e+00
   endloop
 endfacet
 facet normal  -5.1280407390e-15 -1.0000000000e+00 0.0000000000e+00
   outer loop
     vertex 1.3592736995e+01 -3.8302222156e+00 3.7139380484e+00
     vertex 1.3679337167e+01 -3.8302222156e+00 3.7139380484e+00
     vertex 1.3679337167e+01 -3.8302222156e+00 3.7248459970e+00
   endloop
 endfacet
 facet normal  0.0000000000e+00 -1.0000000000e+00 0.0000000000e+00
   outer loop
     vertex 1.3679337167e+01 -3.8302222156e+00 3.7248459970e+00
     vertex 1.3679337167e+01 -3.8302222156e+00 3.7139380484e+00
     vertex 1.3748752698e+01 -3.8302222156e+00 3.7214565933e+00
   endloop
 endfacet
 facet normal  0.0000000000e+00 -1.0000000000e+00 0.0000000000e+00
   outer loop
     vertex 1.3679337167e+01 -3.8302222156e+00 3.7139380484e+00
     vertex 1.3748752698e+01 -3.8302222156e+00 3.7139380484e+00
     vertex 1.3748752698e+01 -3.8302222156e+00 3.7214565933e+00
   endloop
 endfacet
 facet normal  0.0000000000e+00 -1.0000000000e+00 0.0000000000e+00
   outer loop
     vertex 1.3748752698e+01 -3.8302222156e+00 3.7214565933e+00
     vertex 1.3748752698e+01 -3.8302222156e+00 3.7139380484e+00
     vertex 1.3801579670e+01 -3.8302222156e+00 3.7187044419e+00
   endloop
 endfacet
 facet normal  0.0000000000e+00 -1.0000000000e+00 0.0000000000e+00
   outer loop
     vertex 1.3748752698e+01 -3.8302222156e+00 3.7139380484e+00
     vertex 1.3801579670e+01 -3.8302222156e+00 3.7139380484e+00
     vertex 1.3801579670e+01 -3.8302222156e+00 3.7187044419e+00
   endloop
 endfacet
 facet normal  0.0000000000e+00 -1.0000000000e+00 0.0000000000e+00
   outer loop
     vertex 1.3801579670e+01 -3.8302222156e+00 3.7187044419e+00
     vertex 1.3801579670e+01 -3.8302222156e+00 3.7139380484e+00
     vertex 1.3840215730e+01 -3.8302222156e+00 3.7165942403e+00
   endloop
 endfacet
 facet normal  -0.0000000000e+00 -1.0000000000e+00 0.0000000000e+00
   outer loop
     vertex 1.3801579670e+01 -3.8302222156e+00 3.7139380484e+00
     vertex 1.3840215730e+01 -3.8302222156e+00 3.7139380484e+00
     vertex 1.3840215730e+01 -3.8302222156e+00 3.7165942403e+00
   endloop
 endfacet
 facet normal  1.6181826366e-14 -1.0000000000e+00 -1.0821770309e-26
   outer loop
     vertex 1.3840215730e+01 -3.8302222156e+00 3.7165942403e+00
     vertex 1.3840215730e+01 -3.8302222156e+00 3.7139380484e+00
     vertex 1.3867659431e+01 -3.8302222156e+00 3.7150432713e+00
   endloop
 endfacet
 facet normal  1.6181826366e-14 -1.0000000000e+00 -2.6008055471e-26
   outer loop
     vertex 1.3840215730e+01 -3.8302222156e+00 3.7139380484e+00
     vertex 1.3867659431e+01 -3.8302222156e+00 3.7139380484e+00
     vertex 1.3867659431e+01 -3.8302222156e+00 3.7150432713e+00
   endloop
 endfacet
 facet normal  -2.3260590809e-14 -1.0000000000e+00 3.7385318714e-26
   outer loop
     vertex 1.3867659431e+01 -3.8302222156e+00 3.7150432713e+00
     vertex 1.3867659431e+01 -3.8302222156e+00 3.7139380484e+00
     vertex 1.3886751346e+01 -3.8302222156e+00 3.7139380484e+00
   endloop
 endfacet
 facet normal  -9.0620208078e-01 1.6190819579e-01 3.9061941187e-01
   outer loop
     vertex 8.5000000000e+00 0.0000000000e+00 2.0000000000e+00
     vertex 8.5817558299e+00 0.0000000000e+00 2.1896662094e+00
     vertex 8.5817558299e+00 1.3408796619e-01 2.1340879662e+00
   endloop
 endfacet
 facet normal  -9.0620208078e-01 3.9061941187e-01 1.6190819579e-01
   outer loop
     vertex 8.5000000000e+00 0.0000000000e+00 2.0000000000e+00
     vertex 8.5817558299e+00 1.3408796619e-01 2.1340879662e+00
     vertex 8.5817558299e+00 1.8966620942e-01 2.0000000000e+00
   endloop
 endfacet
 facet normal  -9.0620208078e-01 3.9061941187e-01 -1.6190819579e-01
   outer loop
     vertex 8.5817558299e+00 1.8966620942e-01 2.0000000000e+00
     vertex 8.5817558299e+00 1.3408796619e-01 1.8659120338e+00
     vertex 8.5000000000e+00 0.0000000000e+00 2.0000000000e+00
   endloop
 endfacet
 facet normal  -9.0620208078e-01 1.6190819579e-01 -3.9061941187e-01
   outer loop
     vertex 8.5817558299e+00 1.3408796619e-01 1.8659120338e+00
     vertex 8.5817558299e+00 0.0000000000e+00 1.8103337906e+00
     vertex 8.5000000000e+00 0.0000000000e+00 2.0000000000e+00
   endloop
 endfacet
 facet normal  -9.0620208078e-01 -1.6190819579e-01 -3.9061941187e-01
   outer loop
     vertex 8.5000000000e+00 0.0000000000e+00 2.0000000000e+00
     vertex 8.5817558299e+00 0.0000000000e+00 1.8103337906e+00
     vertex 8.5817558299e+00 -1.3408796619e-01 1.8659120338e+00
   endloop
 endfacet
 facet normal  -9.0620208078e-01 -3.9061941187e-01 -1.6190819579e-01
   outer loop
     vertex 8.5000000000e+00 0.0000000000e+00 2.0000000000e+00
     vertex 8.5817558299e+00 -1.3408796619e-01 1.8659120338e+00
     vertex 8.5817558299e+00 -1.8966620942e-01 2.0000000000e+00
   endloop
 endfacet
 facet normal  -9.0620208078e-01 -3.9061941187e-01 1.6190819579e-01
   outer loop
     vertex 8.5817558299e+00 -1.8966620942e-01 2.0000000000e+00
     vertex 8.5817558299e+00 -1.3408796619e-01 2.1340879662e+00
     vertex 8.5000000000e+00 0.0000000000e+00 2.0000000000e+00
   endloop
 endfacet
 facet normal  -9.0620208078e-01 -1.6190819579e-01 3.9061941187e-01
   outer loop
     vertex 8.5817558299e+00 -1.3408796619e-01 2.1340879662e+00
     vertex 8.5817558299e+00 0.0000000000e+00 2.1896662094e+00
     vertex 8.5000000000e+00 0.0000000000e+00 2.0000000000e+00
   endloop
 endfacet
 facet normal  -7.7465916302e-01 2.4213924891e-01 5.8418470134e-01
   outer loop
     vertex 8.5817558299e+00 0.0000000000e+00 2.1896662094e+00
     vertex 8.6947873800e+00 0.0000000000e+00 2.3395518976e+00
     vertex 8.6947873800e+00 2.4005237149e-01 2.2400523715e+00
   endloop
 endfacet
 facet normal  -7.7465916302e-01 2.4213924891e-01 5.8418470134e-01
   outer loop
     vertex 8.5817558299e+00 0.0000000000e+00 2.1896662094e+00
     vertex 8.6947873800e+00 2.4005237149e-01 2.2400523715e+00
     vertex 8.5817558299e+00 1.3408796619e-01 2.1340879662e+00
   endloop
 endfacet
 facet normal  -7.7465916302e-01 5.8418470134e-01 2.4213924891e-01
   outer loop
     vertex 8.5817558299e+00 1.3408796619e-01 2.1340879662e+00
     vertex 8.6947873800e+00 2.4005237149e-01 2.2400523715e+00
     vertex 8.6947873800e+00 3.3955189758e-01 2.0000000000e+00
   endloop
 endfacet
 facet normal  -7.7465916302e-01 5.8418470134e-01 2.4213924891e-01
   outer loop
     vertex 8.5817558299e+00 1.3408796619e-01 2.1340879662e+00
     vertex 8.6947873800e+00 3.3955189758e-01 2.0000000000e+00
     vertex 8.5817558299e+00 1.8966620942e-01 2.0000000000e+00
   endloop
 endfacet
 facet normal  -7.7465916302e-01 5.8418470134e-01 -2.4213924891e-01
   outer loop
     vertex 8.5817558299e+00 1.8966620942e-01 2.0000000000e+00
     vertex 8.6947873800e+00 3.3955189758e-01 2.0000000000e+00
     vertex 8.5817558299e+00 1.3408796619e-01 1.8659120338e+00
   endloop
 endfacet
 facet normal  -7.7465916302e-01 5.8418470134e-01 -2.4213924891e-01
   outer loop
     vertex 8.6947873800e+00 3.3955189758e-01 2.0000000000e+00
     vertex 8.6947873800e+00 2.4005237149e-01 1.7599476285e+00
     vertex 8.5817558299e+00 1.3408796619e-01 1.8659120338e+00
   endloop
 endfacet
 facet normal  -7.7465916302e-01 2.4213924891e-01 -5.8418470134e-01
   outer loop
     vertex 8.5817558299e+00 1.3408796619e-01 1.8659120338e+00
     vertex 8.6947873800e+00 2.4005237149e-01 1.7599476285e+00
     vertex 8.5817558299e+00 0.0000000000e+00 1.8103337906e+00
   endloop
 endfacet
 facet normal  -7.7465916302e-01 2.4213924891e-01 -5.8418470134e-01
   outer loop
     vertex 8.6947873800e+00 2.4005237149e-01 1.7599476285e+00
     vertex 8.6947873800e+00 0.0000000000e+00 1.6604481024e+00
     vertex 8.5817558299e+00 0.0000000000e+00 1.8103337906e+00
   endloop
 endfacet
 facet normal  -7.7465916302e-01 -2.4213924891e-01 -5.8418470134e-01
   outer loop
     vertex 8.5817558299e+00 0.0000000000e+00 1.8103337906e+00
     vertex 8.6947873800e+00 0.0000000000e+00 1.6604481024e+00
     vertex 8.6947873800e+00 -2.4005237149e-01 1.7599476285e+00
   endloop
 endfacet
 facet normal  -7.7465916302e-01 -2.4213924891e-01 -5.8418470134e-01
   outer loop
     vertex 8.5817558299e+00 0.0000000000e+00 1.8103337906e+00
     vertex 8.6947873800e+00 -2.4005237149e-01 1.7599476285e+00
     vertex 8.5817558299e+00 -1.3408796619e-01 1.8659120338e+00
   endloop
 endfacet
 facet normal  -7.7465916302e-01 -5.8418470134e-01 -2.4213924891e-01
   outer loop
     vertex 8.5817558299e+00 -1.3408796619e-01 1.8659120338e+00
     vertex 8.6947873800e+00 -2.4005237149e-01 1.7599476285e+00
     vertex 8.6947873800e+00 -3.3955189758e-01 2.0000000000e+00
   endloop
 endfacet
 facet normal  -7.7465916302e-01 -5.8418470134e-01 -2.4213924891e-01
   outer loop
     vertex 8.5817558299e+00 -1.3408796619e-01 1.8659120338e+00
     vertex 8.6947873800e+00 -3.3955189758e-01 2.0000000000e+00
     vertex 8.5817558299e+00 -1.8966620942e-01 2.0000000000e+00
   endloop
 endfacet
 facet normal  -7.7465916302e-01 -5.8418470134e-01 2.4213924891e-01
   outer loop
     vertex 8.5817558299e+00 -1.8966620942e-01 2.0000000000e+00
     vertex 8.6947873800e+00 -3.3955189758e-01 2.0000000000e+00
     vertex 8.5817558299e+00 -1.3408796619e-01 2.1340879662e+00
   endloop
 endfacet
 facet normal  -7.7465916302e-01 -5.8418470134e-01 2.4213924891e-01
   outer loop
     vertex 8.6947873800e+00 -3.3955189758e-01 2.0000000000e+00
     vertex 8.6947873800e+00 -2.4005237149e-01 2.2400523715e+00
     vertex 8.5817558299e+00 -1.3408796619e-01 2.1340879662e+00
   endloop
 endfacet
 facet normal  -7.7465916302e-01 -2.4213924891e-01 5.8418470134e-01
   outer loop
     vertex 8.5817558299e+00 -1.3408796619e-01 2.1340879662e+00
     vertex 8.6947873800e+00 -2.4005237149e-01 2.2400523715e+00
     vertex 8.5817558299e+00 0.0000000000e+00 2.1896662094e+00
   endloop
 endfacet
 facet normal  -7.7465916302e-01 -2.4213924891e-01 5.8418470134e-01
   outer loop
     vertex 8.6947873800e+00 -2.4005237149e-01 2.2400523715e+00
     vertex 8.6947873800e+00 0.0000000000e+00 2.3395518976e+00
     vertex 8.5817558299e+00 0.0000000000e+00 2.1896662094e+00
   endloop
 endfacet
 facet normal  -5.8771664299e-01 3.0979340061e-01 7.4740698184e-01
   outer loop
     vertex 8.6947873800e+00 0.0000000000e+00 2.3395518976e+00
     vertex 8.8407407407e+00 0.0000000000e+00 2.4543209877e+00
     vertex 8.8407407407e+00 3.2119046096e-01 2.3211904610e+00
   endloop
 endfacet
 facet normal  -5.8771664299e-01 3.0979340061e-01 7.4740698184e-01
   outer loop
     vertex 8.6947873800e+00 0.0000000000e+00 2.3395518976e+00
     vertex 8.8407407407e+00 3.2119046096e-01 2.3211904610e+00
     vertex 8.6947873800e+00 2.4005237149e-01 2.2400523715e+00
   endloop
 endfacet
 facet normal  -5.8771664299e-01 7.4740698184e-01 3.0979340061e-01
   outer loop
     vertex 8.6947873800e+00 2.4005237149e-01 2.2400523715e+00
     vertex 8.8407407407e+00 3.2119046096e-01 2.3211904610e+00
     vertex 8.8407407407e+00 4.5432098765e-01 2.0000000000e+00
   endloop
 endfacet
 facet normal  -5.8771664299e-01 7.4740698184e-01 3.0979340061e-01
   outer loop
     vertex 8.6947873800e+00 2.4005237149e-01 2.2400523715e+00
     vertex 8.8407407407e+00 4.5432098765e-01 2.0000000000e+00
     vertex 8.6947873800e+00 3.3955189758e-01 2.0000000000e+00
   endloop
 endfacet
 facet normal  -5.8771664299e-01 7.4740698184e-01 -3.0979340061e-01
   outer loop
     vertex 8.6947873800e+00 3.3955189758e-01 2.0000000000e+00
     vertex 8.8407407407e+00 4.5432098765e-01 2.0000000000e+00
     vertex 8.6947873800e+00 2.4005237149e-01 1.7599476285e+00
   endloop
 endfacet
 facet normal  -5.8771664299e-01 7.4740698184e-01 -3.0979340061e-01
   outer loop
     vertex 8.8407407407e+00 4.5432098765e-01 2.0000000000e+00
     vertex 8.8407407407e+00 3.2119046096e-01 1.6788095390e+00
     vertex 8.6947873800e+00 2.4005237149e-01 1.7599476285e+00
   endloop
 endfacet
 facet normal  -5.8771664299e-01 3.0979340061e-01 -7.4740698184e-01
   outer loop
     vertex 8.6947873800e+00 2.4005237149e-01 1.7599476285e+00
     vertex 8.8407407407e+00 3.2119046096e-01 1.6788095390e+00
     vertex 8.6947873800e+00 0.0000000000e+00 1.6604481024e+00
   endloop
 endfacet
 facet normal  -5.8771664299e-01 3.0979340061e-01 -7.4740698184e-01
   outer loop
     vertex 8.8407407407e+00 3.2119046096e-01 1.6788095390e+00
     vertex 8.8407407407e+00 0.0000000000e+00 1.5456790123e+00
     vertex 8.6947873800e+00 0.0000000000e+00 1.6604481024e+00
   endloop
 endfacet
 facet normal  -5.8771664299e-01 -3.0979340061e-01 -7.4740698184e-01
   outer loop
     vertex 8.6947873800e+00 0.0000000000e+00 1.6604481024e+00
     vertex 8.8407407407e+00 0.0000000000e+00 1.5456790123e+00
     vertex 8.8407407407e+00 -3.2119046096e-01 1.6788095390e+00
   endloop
 endfacet
 facet normal  -5.8771664299e-01 -3.0979340061e-01 -7.4740698184e-01
   outer loop
     vertex 8.6947873800e+00 0.0000000000e+00 1.6604481024e+00
     vertex 8.8407407407e+00 -3.2119046096e-01 1.6788095390e+00
     vertex 8.6947873800e+00 -2.4005237149e-01 1.7599476285e+00
   endloop
 endfacet
 facet normal  -5.8771664299e-01 -7.4740698184e-01 -3.0979340061e-01
   outer loop
     vertex 8.6947873800e+00 -2.4005237149e-01 1.7599476285e+00
     vertex 8.8407407407e+00 -3.2119046096e-01 1.6788095390e+00
     vertex 8.8407407407e+00 -4.5432098765e-01 2.0000000000e+00
   endloop
 endfacet
 facet normal  -5.8771664299e-01 -7.4740698184e-01 -3.0979340061e-01
   outer loop
     vertex 8.6947873800e+00 -2.4005237149e-01 1.7599476285e+00
     vertex 8.8407407407e+00 -4.5432098765e-01 2.0000000000e+00
     vertex 8.6947873800e+00 -3.3955189758e-01 2.0000000000e+00
   endloop
 endfacet
 facet normal  -5.8771664299e-01 -7.4740698184e-01 3.0979340061e-01
   outer loop
     vertex 8.6947873800e+00 -3.3955189758e-01 2.0000000000e+00
     vertex 8.8407407407e+00 -4.5432098765e-01 2.0000000000e+00
     vertex 8.6947873800e+00 -2.4005237149e-01 2.2400523715e+00
   endloop
 endfacet
 facet normal  -5.8771664299e-01 -7.4740698184e-01 3.0979340061e-01
   outer loop
     vertex 8.8407407407e+00 -4.5432098765e-01 2.0000000000e+00
     vertex 8.8407407407e+00 -3.2119046096e-01 2.3211904610e+00
     vertex 8.6947873800e+00 -2.4005237149e-01 2.2400523715e+00
   endloop
 endfacet
 facet normal  -5.8771664299e-01 -3.0979340061e-01 7.4740698184e-01
   outer loop
     vertex 8.6947873800e+00 -2.4005237149e-01 2.2400523715e+00
     vertex 8.8407407407e+00 -3.2119046096e-01 2.3211904610e+00
     vertex 8.6947873800e+00 0.0000000000e+00 2.3395518976e+00
   endloop
 endfacet
 facet normal  -5.8771664299e-01 -3.0979340061e-01 7.4740698184e-01
   outer loop
     vertex 8.8407407407e+00 -3.2119046096e-01 2.3211904610e+00
     vertex 8.8407407407e+00 0.0000000000e+00 2.4543209877e+00
     vertex 8.6947873800e+00 0.0000000000e+00 2.3395518976e+00
   endloop
 endfacet
 facet normal  -3.9617110077e-01 3.5157179872e-01 8.4820146738e-01
   outer loop
     vertex 8.8407407407e+00 0.0000000000e+00 2.4543209877e+00
     vertex 9.0212620027e+00 0.0000000000e+00 2.5386374028e+00
     vertex 9.0212620027e+00 3.8079947968e-01 2.3807994797e+00
   endloop
 endfacet
 facet normal  -3.9617110077e-01 3.5157179872e-01 8.4820146738e-01
   outer loop
     vertex 8.8407407407e+00 0.0000000000e+00 2.4543209877e+00
     vertex 9.0212620027e+00 3.8079947968e-01 2.3807994797e+00
     vertex 8.8407407407e+00 3.2119046096e-01 2.3211904610e+00
   endloop
 endfacet
 facet normal  -3.9617110077e-01 8.4820146738e-01 3.5157179872e-01
   outer loop
     vertex 8.8407407407e+00 3.2119046096e-01 2.3211904610e+00
     vertex 9.0212620027e+00 3.8079947968e-01 2.3807994797e+00
     vertex 9.0212620027e+00 5.3863740283e-01 2.0000000000e+00
   endloop
 endfacet
 facet normal  -3.9617110077e-01 8.4820146738e-01 3.5157179872e-01
   outer loop
     vertex 8.8407407407e+00 3.2119046096e-01 2.3211904610e+00
     vertex 9.0212620027e+00 5.3863740283e-01 2.0000000000e+00
     vertex 8.8407407407e+00 4.5432098765e-01 2.0000000000e+00
   endloop
 endfacet
 facet normal  -3.9617110077e-01 8.4820146738e-01 -3.5157179872e-01
   outer loop
     vertex 8.8407407407e+00 4.5432098765e-01 2.0000000000e+00
     vertex 9.0212620027e+00 5.3863740283e-01 2.0000000000e+00
     vertex 8.8407407407e+00 3.2119046096e-01 1.6788095390e+00
   endloop
 endfacet
 facet normal  -3.9617110077e-01 8.4820146738e-01 -3.5157179872e-01
   outer loop
     vertex 9.0212620027e+00 5.3863740283e-01 2.0000000000e+00
     vertex 9.0212620027e+00 3.8079947968e-01 1.6192005203e+00
     vertex 8.8407407407e+00 3.2119046096e-01 1.6788095390e+00
   endloop
 endfacet
 facet normal  -3.9617110077e-01 3.5157179872e-01 -8.4820146738e-01
   outer loop
     vertex 8.8407407407e+00 3.2119046096e-01 1.6788095390e+00
     vertex 9.0212620027e+00 3.8079947968e-01 1.6192005203e+00
     vertex 8.8407407407e+00 0.0000000000e+00 1.5456790123e+00
   endloop
 endfacet
 facet normal  -3.9617110077e-01 3.5157179872e-01 -8.4820146738e-01
   outer loop
     vertex 9.0212620027e+00 3.8079947968e-01 1.6192005203e+00
     vertex 9.0212620027e+00 0.0000000000e+00 1.4613625972e+00
     vertex 8.8407407407e+00 0.0000000000e+00 1.5456790123e+00
   endloop
 endfacet
 facet normal  -3.9617110077e-01 -3.5157179872e-01 -8.4820146738e-01
   outer loop
     vertex 8.8407407407e+00 0.0000000000e+00 1.5456790123e+00
     vertex 9.0212620027e+00 0.0000000000e+00 1.4613625972e+00
     vertex 9.0212620027e+00 -3.8079947968e-01 1.6192005203e+00
   endloop
 endfacet
 facet normal  -3.9617110077e-01 -3.5157179872e-01 -8.4820146738e-01
   outer loop
     vertex 8.8407407407e+00 0.0000000000e+00 1.5456790123e+00
     vertex 9.0212620027e+00 -3.8079947968e-01 1.6192005203e+00
     vertex 8.8407407407e+00 -3.2119046096e-01 1.6788095390e+00
   endloop
 endfacet
 facet normal  -3.9617110077e-01 -8.4820146738e-01 -3.5157179872e-01
   outer loop
     vertex 8.8407407407e+00 -3.2119046096e-01 1.6788095390e+00
     vertex 9.0212620027e+00 -3.8079947968e-01 1.6192005203e+00
     vertex 9.0212620027e+00 -5.3863740283e-01 2.0000000000e+00
   endloop
 endfacet
 facet normal  -3.9617110077e-01 -8.4820146738e-01 -3.5157179872e-01
   outer loop
     vertex 8.8407407407e+00 -3.2119046096e-01 1.6788095390e+00
     vertex 9.0212620027e+00 -5.3863740283e-01 2.0000000000e+00
     vertex 8.8407407407e+00 -4.5432098765e-01 2.0000000000e+00
   endloop
 endfacet
 facet normal  -3.9617110077e-01 -8.4820146738e-01 3.5157179872e-01
   outer loop
     vertex 8.8407407407e+00 -4.5432098765e-01 2.0000000000e+00
     vertex 9.0212620027e+00 -5.3863740283e-01 2.0000000000e+00
     vertex 8.8407407407e+00 -3.2119046096e-01 2.3211904610e+00
   endloop
 endfacet
 facet normal  -3.9617110077e-01 -8.4820146738e-01 3.5157179872e-01
   outer loop
     vertex 9.0212620027e+00 -5.3863740283e-01 2.0000000000e+00
     vertex 9.0212620027e+00 -3.8079947968e-01 2.3807994797e+00
     vertex 8.8407407407e+00 -3.2119046096e-01 2.3211904610e+00
   endloop
 endfacet
 facet normal  -3.9617110077e-01 -3.5157179872e-01 8.4820146738e-01
   outer loop
     vertex 8.8407407407e+00 -3.2119046096e-01 2.3211904610e+00
     vertex 9.0212620027e+00 -3.8079947968e-01 2.3807994797e+00
     vertex 8.8407407407e+00 0.0000000000e+00 2.4543209877e+00
   endloop
 endfacet
 facet normal  -3.9617110077e-01 -3.5157179872e-01 8.4820146738e-01
   outer loop
     vertex 9.0212620027e+00 -3.8079947968e-01 2.3807994797e+00
     vertex 9.0212620027e+00 0.0000000000e+00 2.5386374028e+00
     vertex 8.8407407407e+00 0.0000000000e+00 2.4543209877e+00
   endloop
 endfacet
 facet normal  -2.4204428582e-01 3.7151659507e-01 8.9632024594e-01
   outer loop
     vertex 9.0212620027e+00 0.0000000000e+00 2.5386374028e+00
     vertex 9.2379972565e+00 0.0000000000e+00 2.5971650663e+00
     vertex 9.2379972565e+00 4.2217667272e-01 2.4221766727e+00
   endloop
 endfacet
 facet normal  -2.4204428582e-01 3.7151659507e-01 8.9632024594e-01
   outer loop
     vertex 9.0212620027e+00 0.0000000000e+00 2.5386374028e+00
     vertex 9.2379972565e+00 4.2217667272e-01 2.4221766727e+00
     vertex 9.0212620027e+00 3.8079947968e-01 2.3807994797e+00
   endloop
 endfacet
 facet normal  -2.4204428582e-01 8.9632024594e-01 3.7151659507e-01
   outer loop
     vertex 9.0212620027e+00 3.8079947968e-01 2.3807994797e+00
     vertex 9.2379972565e+00 4.2217667272e-01 2.4221766727e+00
     vertex 9.2379972565e+00 5.9716506630e-01 2.0000000000e+00
   endloop
 endfacet
 facet normal  -2.4204428582e-01 8.9632024594e-01 3.7151659507e-01
   outer loop
     vertex 9.0212620027e+00 3.8079947968e-01 2.3807994797e+00
     vertex 9.2379972565e+00 5.9716506630e-01 2.0000000000e+00
     vertex 9.0212620027e+00 5.3863740283e-01 2.0000000000e+00
   endloop
 endfacet
 facet normal  -2.4204428582e-01 8.9632024594e-01 -3.7151659507e-01
   outer loop
     vertex 9.0212620027e+00 5.3863740283e-01 2.0000000000e+00
     vertex 9.2379972565e+00 5.9716506630e-01 2.0000000000e+00
     vertex 9.0212620027e+00 3.8079947968e-01 1.6192005203e+00
   endloop
 endfacet
 facet normal  -2.4204428582e-01 8.9632024594e-01 -3.7151659507e-01
   outer loop
     vertex 9.2379972565e+00 5.9716506630e-01 2.0000000000e+00
     vertex 9.2379972565e+00 4.2217667272e-01 1.5778233273e+00
     vertex 9.0212620027e+00 3.8079947968e-01 1.6192005203e+00
   endloop
 endfacet
 facet normal  -2.4204428582e-01 3.7151659507e-01 -8.9632024594e-01
   outer loop
     vertex 9.0212620027e+00 3.8079947968e-01 1.6192005203e+00
     vertex 9.2379972565e+00 4.2217667272e-01 1.5778233273e+00
     vertex 9.0212620027e+00 0.0000000000e+00 1.4613625972e+00
   endloop
 endfacet
 facet normal  -2.4204428582e-01 3.7151659507e-01 -8.9632024594e-01
   outer loop
     vertex 9.2379972565e+00 4.2217667272e-01 1.5778233273e+00
     vertex 9.2379972565e+00 0.0000000000e+00 1.4028349337e+00
     vertex 9.0212620027e+00 0.0000000000e+00 1.4613625972e+00
   endloop
 endfacet
 facet normal  -2.4204428582e-01 -3.7151659507e-01 -8.9632024594e-01
   outer loop
     vertex 9.0212620027e+00 0.0000000000e+00 1.4613625972e+00
     vertex 9.2379972565e+00 0.0000000000e+00 1.4028349337e+00
     vertex 9.2379972565e+00 -4.2217667272e-01 1.5778233273e+00
   endloop
 endfacet
 facet normal  -2.4204428582e-01 -3.7151659507e-01 -8.9632024594e-01
   outer loop
     vertex 9.0212620027e+00 0.0000000000e+00 1.4613625972e+00
     vertex 9.2379972565e+00 -4.2217667272e-01 1.5778233273e+00
     vertex 9.0212620027e+00 -3.8079947968e-01 1.6192005203e+00
   endloop
 endfacet
 facet normal  -2.4204428582e-01 -8.9632024594e-01 -3.7151659507e-01
   outer loop
     vertex 9.0212620027e+00 -3.8079947968e-01 1.6192005203e+00
     vertex 9.2379972565e+00 -4.2217667272e-01 1.5778233273e+00
     vertex 9.2379972565e+00 -5.9716506630e-01 2.0000000000e+00
   endloop
 endfacet
 facet normal  -2.4204428582e-01 -8.9632024594e-01 -3.7151659507e-01
   outer loop
     vertex 9.0212620027e+00 -3.8079947968e-01 1.6192005203e+00
     vertex 9.2379972565e+00 -5.9716506630e-01 2.0000000000e+00
     vertex 9.0212620027e+00 -5.3863740283e-01 2.0000000000e+00
   endloop
 endfacet
 facet normal  -2.4204428582e-01 -8.9632024594e-01 3.7151659507e-01
   outer loop
     vertex 9.0212620027e+00 -5.3863740283e-01 2.0000000000e+00
     vertex 9.2379972565e+00 -5.9716506630e-01 2.0000000000e+00
     vertex 9.0212620027e+00 -3.8079947968e-01 2.3807994797e+00
   endloop
 endfacet
 facet normal  -2.4204428582e-01 -8.9632024594e-01 3.7151659507e-01
   outer loop
     vertex 9.2379972565e+00 -5.9716506630e-01 2.0000000000e+00
     vertex 9.2379972565e+00 -4.2217667272e-01 2.4221766727e+00
     vertex 9.0212620027e+00 -3.8079947968e-01 2.3807994797e+00
   endloop
 endfacet
 facet normal  -2.4204428582e-01 -3.7151659507e-01 8.9632024594e-01
   outer loop
     vertex 9.0212620027e+00 -3.8079947968e-01 2.3807994797e+00
     vertex 9.2379972565e+00 -4.2217667272e-01 2.4221766727e+00
     vertex 9.0212620027e+00 0.0000000000e+00 2.5386374028e+00
   endloop
 endfacet
 facet normal  -2.4204428582e-01 -3.7151659507e-01 8.9632024594e-01
   outer loop
     vertex 9.2379972565e+00 -4.2217667272e-01 2.4221766727e+00
     vertex 9.2379972565e+00 0.0000000000e+00 2.5971650663e+00
     vertex 9.0212620027e+00 0.0000000000e+00 2.5386374028e+00
   endloop
 endfacet
 facet normal  -1.3448185551e-01 3.7942385048e-01 9.1539727563e-01
   outer loop
     vertex 9.2379972565e+00 0.0000000000e+00 2.5971650663e+00
     vertex 9.4925925926e+00 0.0000000000e+00 2.6345679012e+00
     vertex 9.4925925926e+00 4.4861928515e-01 2.4486192851e+00
   endloop
 endfacet
 facet normal  -1.3448185551e-01 3.7942385048e-01 9.1539727563e-01
   outer loop
     vertex 9.2379972565e+00 0.0000000000e+00 2.5971650663e+00
     vertex 9.4925925926e+00 4.4861928515e-01 2.4486192851e+00
     vertex 9.2379972565e+00 4.2217667272e-01 2.4221766727e+00
   endloop
 endfacet
 facet normal  -1.3448185551e-01 9.1539727563e-01 3.7942385048e-01
   outer loop
     vertex 9.2379972565e+00 4.2217667272e-01 2.4221766727e+00
     vertex 9.4925925926e+00 4.4861928515e-01 2.4486192851e+00
     vertex 9.4925925926e+00 6.3456790123e-01 2.0000000000e+00
   endloop
 endfacet
 facet normal  -1.3448185551e-01 9.1539727563e-01 3.7942385048e-01
   outer loop
     vertex 9.2379972565e+00 4.2217667272e-01 2.4221766727e+00
     vertex 9.4925925926e+00 6.3456790123e-01 2.0000000000e+00
     vertex 9.2379972565e+00 5.9716506630e-01 2.0000000000e+00
   endloop
 endfacet
 facet normal  -1.3448185551e-01 9.1539727563e-01 -3.7942385048e-01
   outer loop
     vertex 9.2379972565e+00 5.9716506630e-01 2.0000000000e+00
     vertex 9.4925925926e+00 6.3456790123e-01 2.0000000000e+00
     vertex 9.2379972565e+00 4.2217667272e-01 1.5778233273e+00
   endloop
 endfacet
 facet normal  -1.3448185551e-01 9.1539727563e-01 -3.7942385048e-01
   outer loop
     vertex 9.4925925926e+00 6.3456790123e-01 2.0000000000e+00
     vertex 9.4925925926e+00 4.4861928515e-01 1.5513807149e+00
     vertex 9.2379972565e+00 4.2217667272e-01 1.5778233273e+00
   endloop
 endfacet
 facet normal  -1.3448185551e-01 3.7942385048e-01 -9.1539727563e-01
   outer loop
     vertex 9.2379972565e+00 4.2217667272e-01 1.5778233273e+00
     vertex 9.4925925926e+00 4.4861928515e-01 1.5513807149e+00
     vertex 9.2379972565e+00 0.0000000000e+00 1.4028349337e+00
   endloop
 endfacet
 facet normal  -1.3448185551e-01 3.7942385048e-01 -9.1539727563e-01
   outer loop
     vertex 9.4925925926e+00 4.4861928515e-01 1.5513807149e+00
     vertex 9.4925925926e+00 0.0000000000e+00 1.3654320988e+00
     vertex 9.2379972565e+00 0.0000000000e+00 1.4028349337e+00
   endloop
 endfacet
 facet normal  -1.3448185551e-01 -3.7942385048e-01 -9.1539727563e-01
   outer loop
     vertex 9.2379972565e+00 0.0000000000e+00 1.4028349337e+00
     vertex 9.4925925926e+00 0.0000000000e+00 1.3654320988e+00
     vertex 9.4925925926e+00 -4.4861928515e-01 1.5513807149e+00
   endloop
 endfacet
 facet normal  -1.3448185551e-01 -3.7942385048e-01 -9.1539727563e-01
   outer loop
     vertex 9.2379972565e+00 0.0000000000e+00 1.4028349337e+00
     vertex 9.4925925926e+00 -4.4861928515e-01 1.5513807149e+00
     vertex 9.2379972565e+00 -4.2217667272e-01 1.5778233273e+00
   endloop
 endfacet
 facet normal  -1.3448185551e-01 -9.1539727563e-01 -3.7942385048e-01
   outer loop
     vertex 9.2379972565e+00 -4.2217667272e-01 1.5778233273e+00
     vertex 9.4925925926e+00 -4.4861928515e-01 1.5513807149e+00
     vertex 9.4925925926e+00 -6.3456790123e-01 2.0000000000e+00
   endloop
 endfacet
 facet normal  -1.3448185551e-01 -9.1539727563e-01 -3.7942385048e-01
   outer loop
     vertex 9.2379972565e+00 -4.2217667272e-01 1.5778233273e+00
     vertex 9.4925925926e+00 -6.3456790123e-01 2.0000000000e+00
     vertex 9.2379972565e+00 -5.9716506630e-01 2.0000000000e+00
   endloop
 endfacet
 facet normal  -1.3448185551e-01 -9.1539727563e-01 3.7942385048e-01
   outer loop
     vertex 9.2379972565e+00 -5.9716506630e-01 2.0000000000e+00
     vertex 9.4925925926e+00 -6.3456790123e-01 2.0000000000e+00
     vertex 9.2379972565e+00 -4.2217667272e-01 2.4221766727e+00
   endloop
 endfacet
 facet normal  -1.3448185551e-01 -9.1539727563e-01 3.7942385048e-01
   outer loop
     vertex 9.4925925926e+00 -6.3456790123e-01 2.0000000000e+00
     vertex 9.4925925926e+00 -4.4861928515e-01 2.4486192851e+00
     vertex 9.2379972565e+00 -4.2217667272e-01 2.4221766727e+00
   endloop
 endfacet
 facet normal  -1.3448185551e-01 -3.7942385048e-01 9.1539727563e-01
   outer loop
     vertex 9.2379972565e+00 -4.2217667272e-01 2.4221766727e+00
     vertex 9.4925925926e+00 -4.4861928515e-01 2.4486192851e+00
     vertex 9.2379972565e+00 0.0000000000e+00 2.5971650663e+00
   endloop
 endfacet
 facet normal  -1.3448185551e-01 -3.7942385048e-01 9.1539727563e-01
   outer loop
     vertex 9.4925925926e+00 -4.4861928515e-01 2.4486192851e+00
     vertex 9.4925925926e+00 0.0000000000e+00 2.6345679012e+00
     vertex 9.2379972565e+00 0.0000000000e+00 2.5971650663e+00
   endloop
 endfacet
 facet normal  -6.5637892541e-02 3.8207638650e-01 9.2179677909e-01
   outer loop
     vertex 9.4925925926e+00 0.0000000000e+00 2.6345679012e+00
     vertex 9.7866941015e+00 0.0000000000e+00 2.6555098308e+00
     vertex 9.7866941015e+00 4.6342456203e-01 2.4634245620e+00
   endloop
 endfacet
 facet normal  -6.5637892541e-02 3.8207638650e-01 9.2179677909e-01
   outer loop
     vertex 9.4925925926e+00 0.0000000000e+00 2.6345679012e+00
     vertex 9.7866941015e+00 4.6342456203e-01 2.4634245620e+00
     vertex 9.4925925926e+00 4.4861928515e-01 2.4486192851e+00
   endloop
 endfacet
 facet normal  -6.5637892541e-02 9.2179677909e-01 3.8207638650e-01
   outer loop
     vertex 9.4925925926e+00 4.4861928515e-01 2.4486192851e+00
     vertex 9.7866941015e+00 4.6342456203e-01 2.4634245620e+00
     vertex 9.7866941015e+00 6.5550983082e-01 2.0000000000e+00
   endloop
 endfacet
 facet normal  -6.5637892541e-02 9.2179677909e-01 3.8207638650e-01
   outer loop
     vertex 9.4925925926e+00 4.4861928515e-01 2.4486192851e+00
     vertex 9.7866941015e+00 6.5550983082e-01 2.0000000000e+00
     vertex 9.4925925926e+00 6.3456790123e-01 2.0000000000e+00
   endloop
 endfacet
 facet normal  -6.5637892541e-02 9.2179677909e-01 -3.8207638650e-01
   outer loop
     vertex 9.4925925926e+00 6.3456790123e-01 2.0000000000e+00
     vertex 9.7866941015e+00 6.5550983082e-01 2.0000000000e+00
     vertex 9.4925925926e+00 4.4861928515e-01 1.5513807149e+00
   endloop
 endfacet
 facet normal  -6.5637892541e-02 9.2179677909e-01 -3.8207638650e-01
   outer loop
     vertex 9.7866941015e+00 6.5550983082e-01 2.0000000000e+00
     vertex 9.7866941015e+00 4.6342456203e-01 1.5365754380e+00
     vertex 9.4925925926e+00 4.4861928515e-01 1.5513807149e+00
   endloop
 endfacet
 facet normal  -6.5637892541e-02 3.8207638650e-01 -9.2179677909e-01
   outer loop
     vertex 9.4925925926e+00 4.4861928515e-01 1.5513807149e+00
     vertex 9.7866941015e+00 4.6342456203e-01 1.5365754380e+00
     vertex 9.4925925926e+00 0.0000000000e+00 1.3654320988e+00
   endloop
 endfacet
 facet normal  -6.5637892541e-02 3.8207638650e-01 -9.2179677909e-01
   outer loop
     vertex 9.7866941015e+00 4.6342456203e-01 1.5365754380e+00
     vertex 9.7866941015e+00 0.0000000000e+00 1.3444901692e+00
     vertex 9.4925925926e+00 0.0000000000e+00 1.3654320988e+00
   endloop
 endfacet
 facet normal  -6.5637892541e-02 -3.8207638650e-01 -9.2179677909e-01
   outer loop
     vertex 9.4925925926e+00 0.0000000000e+00 1.3654320988e+00
     vertex 9.7866941015e+00 0.0000000000e+00 1.3444901692e+00
     vertex 9.7866941015e+00 -4.6342456203e-01 1.5365754380e+00
   endloop
 endfacet
 facet normal  -6.5637892541e-02 -3.8207638650e-01 -9.2179677909e-01
   outer loop
     vertex 9.4925925926e+00 0.0000000000e+00 1.3654320988e+00
     vertex 9.7866941015e+00 -4.6342456203e-01 1.5365754380e+00
     vertex 9.4925925926e+00 -4.4861928515e-01 1.5513807149e+00
   endloop
 endfacet
 facet normal  -6.5637892541e-02 -9.2179677909e-01 -3.8207638650e-01
   outer loop
     vertex 9.4925925926e+00 -4.4861928515e-01 1.5513807149e+00
     vertex 9.7866941015e+00 -4.6342456203e-01 1.5365754380e+00
     vertex 9.7866941015e+00 -6.5550983082e-01 2.0000000000e+00
   endloop
 endfacet
 facet normal  -6.5637892541e-02 -9.2179677909e-01 -3.8207638650e-01
   outer loop
     vertex 9.4925925926e+00 -4.4861928515e-01 1.5513807149e+00
     vertex 9.7866941015e+00 -6.5550983082e-01 2.0000000000e+00
     vertex 9.4925925926e+00 -6.3456790123e-01 2.0000000000e+00
   endloop
 endfacet
 facet normal  -6.5637892541e-02 -9.2179677909e-01 3.8207638650e-01
   outer loop
     vertex 9.4925925926e+00 -6.3456790123e-01 2.0000000000e+00
     vertex 9.7866941015e+00 -6.5550983082e-01 2.0000000000e+00
     vertex 9.4925925926e+00 -4.4861928515e-01 2.4486192851e+00
   endloop
 endfacet
 facet normal  -6.5637892541e-02 -9.2179677909e-01 3.8207638650e-01
   outer loop
     vertex 9.7866941015e+00 -6.5550983082e-01 2.0000000000e+00
     vertex 9.7866941015e+00 -4.6342456203e-01 2.4634245620e+00
     vertex 9.4925925926e+00 -4.4861928515e-01 2.4486192851e+00
   endloop
 endfacet
 facet normal  -6.5637892541e-02 -3.8207638650e-01 9.2179677909e-01
   outer loop
     vertex 9.4925925926e+00 -4.4861928515e-01 2.4486192851e+00
     vertex 9.7866941015e+00 -4.6342456203e-01 2.4634245620e+00
     vertex 9.4925925926e+00 0.0000000000e+00 2.6345679012e+00
   endloop
 endfacet
 facet normal  -6.5637892541e-02 -3.8207638650e-01 9.2179677909e-01
   outer loop
     vertex 9.7866941015e+00 -4.6342456203e-01 2.4634245620e+00
     vertex 9.7866941015e+00 0.0000000000e+00 2.6555098308e+00
     vertex 9.4925925926e+00 0.0000000000e+00 2.6345679012e+00
   endloop
 endfacet
 facet normal  -2.5190828361e-02 3.8278060185e-01 9.2349576773e-01
   outer loop
     vertex 9.7866941015e+00 0.0000000000e+00 2.6555098308e+00
     vertex 1.0121947874e+01 0.0000000000e+00 2.6646547782e+00
     vertex 1.0121947874e+01 4.6988974845e-01 2.4698897484e+00
   endloop
 endfacet
 facet normal  -2.5190828361e-02 3.8278060185e-01 9.2349576773e-01
   outer loop
     vertex 9.7866941015e+00 0.0000000000e+00 2.6555098308e+00
     vertex 1.0121947874e+01 4.6988974845e-01 2.4698897484e+00
     vertex 9.7866941015e+00 4.6342456203e-01 2.4634245620e+00
   endloop
 endfacet
 facet normal  -2.5190828361e-02 9.2349576773e-01 3.8278060185e-01
   outer loop
     vertex 9.7866941015e+00 4.6342456203e-01 2.4634245620e+00
     vertex 1.0121947874e+01 4.6988974845e-01 2.4698897484e+00
     vertex 1.0121947874e+01 6.6465477824e-01 2.0000000000e+00
   endloop
 endfacet
 facet normal  -2.5190828361e-02 9.2349576773e-01 3.8278060185e-01
   outer loop
     vertex 9.7866941015e+00 4.6342456203e-01 2.4634245620e+00
     vertex 1.0121947874e+01 6.6465477824e-01 2.0000000000e+00
     vertex 9.7866941015e+00 6.5550983082e-01 2.0000000000e+00
   endloop
 endfacet
 facet normal  -2.5190828361e-02 9.2349576773e-01 -3.8278060185e-01
   outer loop
     vertex 9.7866941015e+00 6.5550983082e-01 2.0000000000e+00
     vertex 1.0121947874e+01 6.6465477824e-01 2.0000000000e+00
     vertex 9.7866941015e+00 4.6342456203e-01 1.5365754380e+00
   endloop
 endfacet
 facet normal  -2.5190828361e-02 9.2349576773e-01 -3.8278060185e-01
   outer loop
     vertex 1.0121947874e+01 6.6465477824e-01 2.0000000000e+00
     vertex 1.0121947874e+01 4.6988974845e-01 1.5301102516e+00
     vertex 9.7866941015e+00 4.6342456203e-01 1.5365754380e+00
   endloop
 endfacet
 facet normal  -2.5190828361e-02 3.8278060185e-01 -9.2349576773e-01
   outer loop
     vertex 9.7866941015e+00 4.6342456203e-01 1.5365754380e+00
     vertex 1.0121947874e+01 4.6988974845e-01 1.5301102516e+00
     vertex 9.7866941015e+00 0.0000000000e+00 1.3444901692e+00
   endloop
 endfacet
 facet normal  -2.5190828361e-02 3.8278060185e-01 -9.2349576773e-01
   outer loop
     vertex 1.0121947874e+01 4.6988974845e-01 1.5301102516e+00
     vertex 1.0121947874e+01 0.0000000000e+00 1.3353452218e+00
     vertex 9.7866941015e+00 0.0000000000e+00 1.3444901692e+00
   endloop
 endfacet
 facet normal  -2.5190828361e-02 -3.8278060185e-01 -9.2349576773e-01
   outer loop
     vertex 9.7866941015e+00 0.0000000000e+00 1.3444901692e+00
     vertex 1.0121947874e+01 0.0000000000e+00 1.3353452218e+00
     vertex 1.0121947874e+01 -4.6988974845e-01 1.5301102516e+00
   endloop
 endfacet
 facet normal  -2.5190828361e-02 -3.8278060185e-01 -9.2349576773e-01
   outer loop
     vertex 9.7866941015e+00 0.0000000000e+00 1.3444901692e+00
     vertex 1.0121947874e+01 -4.6988974845e-01 1.5301102516e+00
     vertex 9.7866941015e+00 -4.6342456203e-01 1.5365754380e+00
   endloop
 endfacet
 facet normal  -2.5190828361e-02 -9.2349576773e-01 -3.8278060185e-01
   outer loop
     vertex 9.7866941015e+00 -4.6342456203e-01 1.5365754380e+00
     vertex 1.0121947874e+01 -4.6988974845e-01 1.5301102516e+00
     vertex 1.0121947874e+01 -6.6465477824e-01 2.0000000000e+00
   endloop
 endfacet
 facet normal  -2.5190828361e-02 -9.2349576773e-01 -3.8278060185e-01
   outer loop
     vertex 9.7866941015e+00 -4.6342456203e-01 1.5365754380e+00
     vertex 1.0121947874e+01 -6.6465477824e-01 2.0000000000e+00
     vertex 9.7866941015e+00 -6.5550983082e-01 2.0000000000e+00
   endloop
 endfacet
 facet normal  -2.5190828361e-02 -9.2349576773e-01 3.8278060185e-01
   outer loop
     vertex 9.7866941015e+00 -6.5550983082e-01 2.0000000000e+00
     vertex 1.0121947874e+01 -6.6465477824e-01 2.0000000000e+00
     vertex 9.7866941015e+00 -4.6342456203e-01 2.4634245620e+00
   endloop
 endfacet
 facet normal  -2.5190828361e-02 -9.2349576773e-01 3.8278060185e-01
   outer loop
     vertex 1.0121947874e+01 -6.6465477824e-01 2.0000000000e+00
     vertex 1.0121947874e+01 -4.6988974845e-01 2.4698897484e+00
     vertex 9.7866941015e+00 -4.6342456203e-01 2.4634245620e+00
   endloop
 endfacet
 facet normal  -2.5190828361e-02 -3.8278060185e-01 9.2349576773e-01
   outer loop
     vertex 9.7866941015e+00 -4.6342456203e-01 2.4634245620e+00
     vertex 1.0121947874e+01 -4.6988974845e-01 2.4698897484e+00
     vertex 9.7866941015e+00 0.0000000000e+00 2.6555098308e+00
   endloop
 endfacet
 facet normal  -2.5190828361e-02 -3.8278060185e-01 9.2349576773e-01
   outer loop
     vertex 1.0121947874e+01 -4.6988974845e-01 2.4698897484e+00
     vertex 1.0121947874e+01 0.0000000000e+00 2.6646547782e+00
     vertex 9.7866941015e+00 0.0000000000e+00 2.6555098308e+00
   endloop
 endfacet
 facet normal  -4.9160887037e-03 3.8289748472e-01 9.2377775913e-01
   outer loop
     vertex 1.0121947874e+01 0.0000000000e+00 2.6646547782e+00
     vertex 1.0500000000e+01 0.0000000000e+00 2.6666666667e+00
     vertex 1.0500000000e+01 4.7131208946e-01 2.4713120895e+00
   endloop
 endfacet
 facet normal  -4.9160887037e-03 3.8289748472e-01 9.2377775913e-01
   outer loop
     vertex 1.0121947874e+01 0.0000000000e+00 2.6646547782e+00
     vertex 1.0500000000e+01 4.7131208946e-01 2.4713120895e+00
     vertex 1.0121947874e+01 4.6988974845e-01 2.4698897484e+00
   endloop
 endfacet
 facet normal  -4.9160887037e-03 9.2377775913e-01 3.8289748472e-01
   outer loop
     vertex 1.0121947874e+01 4.6988974845e-01 2.4698897484e+00
     vertex 1.0500000000e+01 4.7131208946e-01 2.4713120895e+00
     vertex 1.0500000000e+01 6.6666666667e-01 2.0000000000e+00
   endloop
 endfacet
 facet normal  -4.9160887037e-03 9.2377775913e-01 3.8289748472e-01
   outer loop
     vertex 1.0121947874e+01 4.6988974845e-01 2.4698897484e+00
     vertex 1.0500000000e+01 6.6666666667e-01 2.0000000000e+00
     vertex 1.0121947874e+01 6.6465477824e-01 2.0000000000e+00
   endloop
 endfacet
 facet normal  -4.9160887037e-03 9.2377775913e-01 -3.8289748472e-01
   outer loop
     vertex 1.0121947874e+01 6.6465477824e-01 2.0000000000e+00
     vertex 1.0500000000e+01 6.6666666667e-01 2.0000000000e+00
     vertex 1.0121947874e+01 4.6988974845e-01 1.5301102516e+00
   endloop
 endfacet
 facet normal  -4.9160887037e-03 9.2377775913e-01 -3.8289748472e-01
   outer loop
     vertex 1.0500000000e+01 6.6666666667e-01 2.0000000000e+00
     vertex 1.0500000000e+01 4.7131208946e-01 1.5286879105e+00
     vertex 1.0121947874e+01 4.6988974845e-01 1.5301102516e+00
   endloop
 endfacet
 facet normal  -4.9160887037e-03 3.8289748472e-01 -9.2377775913e-01
   outer loop
     vertex 1.0121947874e+01 4.6988974845e-01 1.5301102516e+00
     vertex 1.0500000000e+01 4.7131208946e-01 1.5286879105e+00
     vertex 1.0121947874e+01 0.0000000000e+00 1.3353452218e+00
   endloop
 endfacet
 facet normal  -4.9160887037e-03 3.8289748472e-01 -9.2377775913e-01
   outer loop
     vertex 1.0500000000e+01 4.7131208946e-01 1.5286879105e+00
     vertex 1.0500000000e+01 0.0000000000e+00 1.3333333333e+00
     vertex 1.0121947874e+01 0.0000000000e+00 1.3353452218e+00
   endloop
 endfacet
 facet normal  -4.9160887037e-03 -3.8289748472e-01 -9.2377775913e-01
   outer loop
     vertex 1.0121947874e+01 0.0000000000e+00 1.3353452218e+00
     vertex 1.0500000000e+01 0.0000000000e+00 1.3333333333e+00
     vertex 1.0500000000e+01 -4.7131208946e-01 1.5286879105e+00
   endloop
 endfacet
 facet normal  -4.9160887037e-03 -3.8289748472e-01 -9.2377775913e-01
   outer loop
     vertex 1.0121947874e+01 0.0000000000e+00 1.3353452218e+00
     vertex 1.0500000000e+01 -4.7131208946e-01 1.5286879105e+00
     vertex 1.0121947874e+01 -4.6988974845e-01 1.5301102516e+00
   endloop
 endfacet
 facet normal  -4.9160887037e-03 -9.2377775913e-01 -3.8289748472e-01
   outer loop
     vertex 1.0121947874e+01 -4.6988974845e-01 1.5301102516e+00
     vertex 1.0500000000e+01 -4.7131208946e-01 1.5286879105e+00
     vertex 1.0500000000e+01 -6.6666666667e-01 2.0000000000e+00
   endloop
 endfacet
 facet normal  -4.9160887037e-03 -9.2377775913e-01 -3.8289748472e-01
   outer loop
     vertex 1.0121947874e+01 -4.6988974845e-01 1.5301102516e+00
     vertex 1.0500000000e+01 -6.6666666667e-01 2.0000000000e+00
     vertex 1.0121947874e+01 -6.6465477824e-01 2.0000000000e+00
   endloop
 endfacet
 facet normal  -4.9160887037e-03 -9.2377775913e-01 3.8289748472e-01
   outer loop
     vertex 1.0121947874e+01 -6.6465477824e-01 2.0000000000e+00
     vertex 1.0500000000e+01 -6.6666666667e-01 2.0000000000e+00
     vertex 1.0121947874e+01 -4.6988974845e-01 2.4698897484e+00
   endloop
 endfacet
 facet normal  -4.9160887037e-03 -9.2377775913e-01 3.8289748472e-01
   outer loop
     vertex 1.0500000000e+01 -6.6666666667e-01 2.0000000000e+00
     vertex 1.0500000000e+01 -4.7131208946e-01 2.4713120895e+00
     vertex 1.0121947874e+01 -4.6988974845e-01 2.4698897484e+00
   endloop
 endfacet
 facet normal  -4.9160887037e-03 -3.8289748472e-01 9.2377775913e-01
   outer loop
     vertex 1.0121947874e+01 -4.6988974845e-01 2.4698897484e+00
     vertex 1.0500000000e+01 -4.7131208946e-01 2.4713120895e+00
     vertex 1.0121947874e+01 0.0000000000e+00 2.6646547782e+00
   endloop
 endfacet
 facet normal  -4.9160887037e-03 -3.8289748472e-01 9.2377775913e-01
   outer loop
     vertex 1.0500000000e+01 -4.7131208946e-01 2.4713120895e+00
     vertex 1.0500000000e+01 0.0000000000e+00 2.6666666667e+00
     vertex 1.0121947874e+01 0.0000000000e+00 2.6646547782e+00
   endloop
 endfacet
 facet normal  8.9494321023e-02 3.8136565286e-01 9.2008206445e-01
   outer loop
     vertex 1.0500000000e+01 0.0000000000e+00 2.6666666667e+00
     vertex 1.0667352538e+01 0.0000000000e+00 2.6503886603e+00
     vertex 1.0667352538e+01 4.5980405764e-01 2.4598040576e+00
   endloop
 endfacet
 facet normal  8.9494321023e-02 3.8136565286e-01 9.2008206445e-01
   outer loop
     vertex 1.0500000000e+01 0.0000000000e+00 2.6666666667e+00
     vertex 1.0667352538e+01 4.5980405764e-01 2.4598040576e+00
     vertex 1.0500000000e+01 4.7131208946e-01 2.4713120895e+00
   endloop
 endfacet
 facet normal  8.9494321023e-02 9.2008206445e-01 3.8136565286e-01
   outer loop
     vertex 1.0500000000e+01 4.7131208946e-01 2.4713120895e+00
     vertex 1.0667352538e+01 4.5980405764e-01 2.4598040576e+00
     vertex 1.0667352538e+01 6.5038866027e-01 2.0000000000e+00
   endloop
 endfacet
 facet normal  8.9494321023e-02 9.2008206445e-01 3.8136565286e-01
   outer loop
     vertex 1.0500000000e+01 4.7131208946e-01 2.4713120895e+00
     vertex 1.0667352538e+01 6.5038866027e-01 2.0000000000e+00
     vertex 1.0500000000e+01 6.6666666667e-01 2.0000000000e+00
   endloop
 endfacet
 facet normal  8.9494321023e-02 9.2008206445e-01 -3.8136565286e-01
   outer loop
     vertex 1.0500000000e+01 6.6666666667e-01 2.0000000000e+00
     vertex 1.0667352538e+01 6.5038866027e-01 2.0000000000e+00
     vertex 1.0500000000e+01 4.7131208946e-01 1.5286879105e+00
   endloop
 endfacet
 facet normal  8.9494321023e-02 9.2008206445e-01 -3.8136565286e-01
   outer loop
     vertex 1.0667352538e+01 6.5038866027e-01 2.0000000000e+00
     vertex 1.0667352538e+01 4.5980405764e-01 1.5401959424e+00
     vertex 1.0500000000e+01 4.7131208946e-01 1.5286879105e+00
   endloop
 endfacet
 facet normal  8.9494321023e-02 3.8136565286e-01 -9.2008206445e-01
   outer loop
     vertex 1.0500000000e+01 4.7131208946e-01 1.5286879105e+00
     vertex 1.0667352538e+01 4.5980405764e-01 1.5401959424e+00
     vertex 1.0500000000e+01 0.0000000000e+00 1.3333333333e+00
   endloop
 endfacet
 facet normal  8.9494321023e-02 3.8136565286e-01 -9.2008206445e-01
   outer loop
     vertex 1.0667352538e+01 4.5980405764e-01 1.5401959424e+00
     vertex 1.0667352538e+01 0.0000000000e+00 1.3496113397e+00
     vertex 1.0500000000e+01 0.0000000000e+00 1.3333333333e+00
   endloop
 endfacet
 facet normal  8.9494321023e-02 -3.8136565286e-01 -9.2008206445e-01
   outer loop
     vertex 1.0500000000e+01 0.0000000000e+00 1.3333333333e+00
     vertex 1.0667352538e+01 0.0000000000e+00 1.3496113397e+00
     vertex 1.0667352538e+01 -4.5980405764e-01 1.5401959424e+00
   endloop
 endfacet
 facet normal  8.9494321023e-02 -3.8136565286e-01 -9.2008206445e-01
   outer loop
     vertex 1.0500000000e+01 0.0000000000e+00 1.3333333333e+00
     vertex 1.0667352538e+01 -4.5980405764e-01 1.5401959424e+00
     vertex 1.0500000000e+01 -4.7131208946e-01 1.5286879105e+00
   endloop
 endfacet
 facet normal  8.9494321023e-02 -9.2008206445e-01 -3.8136565286e-01
   outer loop
     vertex 1.0500000000e+01 -4.7131208946e-01 1.5286879105e+00
     vertex 1.0667352538e+01 -4.5980405764e-01 1.5401959424e+00
     vertex 1.0667352538e+01 -6.5038866027e-01 2.0000000000e+00
   endloop
 endfacet
 facet normal  8.9494321023e-02 -9.2008206445e-01 -3.8136565286e-01
   outer loop
     vertex 1.0500000000e+01 -4.7131208946e-01 1.5286879105e+00
     vertex 1.0667352538e+01 -6.5038866027e-01 2.0000000000e+00
     vertex 1.0500000000e+01 -6.6666666667e-01 2.0000000000e+00
   endloop
 endfacet
 facet normal  8.9494321023e-02 -9.2008206445e-01 3.8136565286e-01
   outer loop
     vertex 1.0500000000e+01 -6.6666666667e-01 2.0000000000e+00
     vertex 1.0667352538e+01 -6.5038866027e-01 2.0000000000e+00
     vertex 1.0500000000e+01 -4.7131208946e-01 2.4713120895e+00
   endloop
 endfacet
 facet normal  8.9494321023e-02 -9.2008206445e-01 3.8136565286e-01
   outer loop
     vertex 1.0667352538e+01 -6.5038866027e-01 2.0000000000e+00
     vertex 1.0667352538e+01 -4.5980405764e-01 2.4598040576e+00
     vertex 1.0500000000e+01 -4.7131208946e-01 2.4713120895e+00
   endloop
 endfacet
 facet normal  8.9494321023e-02 -3.8136565286e-01 9.2008206445e-01
   outer loop
     vertex 1.0500000000e+01 -4.7131208946e-01 2.4713120895e+00
     vertex 1.0667352538e+01 -4.5980405764e-01 2.4598040576e+00
     vertex 1.0500000000e+01 0.0000000000e+00 2.6666666667e+00
   endloop
 endfacet
 facet normal  8.9494321023e-02 -3.8136565286e-01 9.2008206445e-01
   outer loop
     vertex 1.0667352538e+01 -4.5980405764e-01 2.4598040576e+00
     vertex 1.0667352538e+01 0.0000000000e+00 2.6503886603e+00
     vertex 1.0500000000e+01 0.0000000000e+00 2.6666666667e+00
   endloop
 endfacet
 facet normal  1.8225834607e-01 3.7648876086e-01 9.0831608388e-01
   outer loop
     vertex 1.0667352538e+01 0.0000000000e+00 2.6503886603e+00
     vertex 1.0890672154e+01 0.0000000000e+00 2.6055784179e+00
     vertex 1.0890672154e+01 4.2812464422e-01 2.4281246442e+00
   endloop
 endfacet
 facet normal  1.8225834607e-01 3.7648876086e-01 9.0831608388e-01
   outer loop
     vertex 1.0667352538e+01 0.0000000000e+00 2.6503886603e+00
     vertex 1.0890672154e+01 4.2812464422e-01 2.4281246442e+00
     vertex 1.0667352538e+01 4.5980405764e-01 2.4598040576e+00
   endloop
 endfacet
 facet normal  1.8225834607e-01 9.0831608388e-01 3.7648876086e-01
   outer loop
     vertex 1.0667352538e+01 4.5980405764e-01 2.4598040576e+00
     vertex 1.0890672154e+01 4.2812464422e-01 2.4281246442e+00
     vertex 1.0890672154e+01 6.0557841792e-01 2.0000000000e+00
   endloop
 endfacet
 facet normal  1.8225834607e-01 9.0831608388e-01 3.7648876086e-01
   outer loop
     vertex 1.0667352538e+01 4.5980405764e-01 2.4598040576e+00
     vertex 1.0890672154e+01 6.0557841792e-01 2.0000000000e+00
     vertex 1.0667352538e+01 6.5038866027e-01 2.0000000000e+00
   endloop
 endfacet
 facet normal  1.8225834607e-01 9.0831608388e-01 -3.7648876086e-01
   outer loop
     vertex 1.0667352538e+01 6.5038866027e-01 2.0000000000e+00
     vertex 1.0890672154e+01 6.0557841792e-01 2.0000000000e+00
     vertex 1.0667352538e+01 4.5980405764e-01 1.5401959424e+00
   endloop
 endfacet
 facet normal  1.8225834607e-01 9.0831608388e-01 -3.7648876086e-01
   outer loop
     vertex 1.0890672154e+01 6.0557841792e-01 2.0000000000e+00
     vertex 1.0890672154e+01 4.2812464422e-01 1.5718753558e+00
     vertex 1.0667352538e+01 4.5980405764e-01 1.5401959424e+00
   endloop
 endfacet
 facet normal  1.8225834607e-01 3.7648876086e-01 -9.0831608388e-01
   outer loop
     vertex 1.0667352538e+01 4.5980405764e-01 1.5401959424e+00
     vertex 1.0890672154e+01 4.2812464422e-01 1.5718753558e+00
     vertex 1.0667352538e+01 0.0000000000e+00 1.3496113397e+00
   endloop
 endfacet
 facet normal  1.8225834607e-01 3.7648876086e-01 -9.0831608388e-01
   outer loop
     vertex 1.0890672154e+01 4.2812464422e-01 1.5718753558e+00
     vertex 1.0890672154e+01 0.0000000000e+00 1.3944215821e+00
     vertex 1.0667352538e+01 0.0000000000e+00 1.3496113397e+00
   endloop
 endfacet
 facet normal  1.8225834607e-01 -3.7648876086e-01 -9.0831608388e-01
   outer loop
     vertex 1.0667352538e+01 0.0000000000e+00 1.3496113397e+00
     vertex 1.0890672154e+01 0.0000000000e+00 1.3944215821e+00
     vertex 1.0890672154e+01 -4.2812464422e-01 1.5718753558e+00
   endloop
 endfacet
 facet normal  1.8225834607e-01 -3.7648876086e-01 -9.0831608388e-01
   outer loop
     vertex 1.0667352538e+01 0.0000000000e+00 1.3496113397e+00
     vertex 1.0890672154e+01 -4.2812464422e-01 1.5718753558e+00
     vertex 1.0667352538e+01 -4.5980405764e-01 1.5401959424e+00
   endloop
 endfacet
 facet normal  1.8225834607e-01 -9.0831608388e-01 -3.7648876086e-01
   outer loop
     vertex 1.0667352538e+01 -4.5980405764e-01 1.5401959424e+00
     vertex 1.0890672154e+01 -4.2812464422e-01 1.5718753558e+00
     vertex 1.0890672154e+01 -6.0557841792e-01 2.0000000000e+00
   endloop
 endfacet
 facet normal  1.8225834607e-01 -9.0831608388e-01 -3.7648876086e-01
   outer loop
     vertex 1.0667352538e+01 -4.5980405764e-01 1.5401959424e+00
     vertex 1.0890672154e+01 -6.0557841792e-01 2.0000000000e+00
     vertex 1.0667352538e+01 -6.5038866027e-01 2.0000000000e+00
   endloop
 endfacet
 facet normal  1.8225834607e-01 -9.0831608388e-01 3.7648876086e-01
   outer loop
     vertex 1.0667352538e+01 -6.5038866027e-01 2.0000000000e+00
     vertex 1.0890672154e+01 -6.0557841792e-01 2.0000000000e+00
     vertex 1.0667352538e+01 -4.5980405764e-01 2.4598040576e+00
   endloop
 endfacet
 facet normal  1.8225834607e-01 -9.0831608388e-01 3.7648876086e-01
   outer loop
     vertex 1.0890672154e+01 -6.0557841792e-01 2.0000000000e+00
     vertex 1.0890672154e+01 -4.2812464422e-01 2.4281246442e+00
     vertex 1.0667352538e+01 -4.5980405764e-01 2.4598040576e+00
   endloop
 endfacet
 facet normal  1.8225834607e-01 -3.7648876086e-01 9.0831608388e-01
   outer loop
     vertex 1.0667352538e+01 -4.5980405764e-01 2.4598040576e+00
     vertex 1.0890672154e+01 -4.2812464422e-01 2.4281246442e+00
     vertex 1.0667352538e+01 0.0000000000e+00 2.6503886603e+00
   endloop
 endfacet
 facet normal  1.8225834607e-01 -3.7648876086e-01 9.0831608388e-01
   outer loop
     vertex 1.0890672154e+01 -4.2812464422e-01 2.4281246442e+00
     vertex 1.0890672154e+01 0.0000000000e+00 2.6055784179e+00
     vertex 1.0667352538e+01 0.0000000000e+00 2.6503886603e+00
   endloop
 endfacet
 facet normal  2.3159107974e-01 3.7249223837e-01 8.9867408115e-01
   outer loop
     vertex 1.0890672154e+01 0.0000000000e+00 2.6055784179e+00
     vertex 1.1151851852e+01 0.0000000000e+00 2.5382716049e+00
     vertex 1.1151851852e+01 3.8054087223e-01 2.3805408722e+00
   endloop
 endfacet
 facet normal  2.3159107974e-01 3.7249223837e-01 8.9867408115e-01
   outer loop
     vertex 1.0890672154e+01 0.0000000000e+00 2.6055784179e+00
     vertex 1.1151851852e+01 3.8054087223e-01 2.3805408722e+00
     vertex 1.0890672154e+01 4.2812464422e-01 2.4281246442e+00
   endloop
 endfacet
 facet normal  2.3159107974e-01 8.9867408115e-01 3.7249223837e-01
   outer loop
     vertex 1.0890672154e+01 4.2812464422e-01 2.4281246442e+00
     vertex 1.1151851852e+01 3.8054087223e-01 2.3805408722e+00
     vertex 1.1151851852e+01 5.3827160494e-01 2.0000000000e+00
   endloop
 endfacet
 facet normal  2.3159107974e-01 8.9867408115e-01 3.7249223837e-01
   outer loop
     vertex 1.0890672154e+01 4.2812464422e-01 2.4281246442e+00
     vertex 1.1151851852e+01 5.3827160494e-01 2.0000000000e+00
     vertex 1.0890672154e+01 6.0557841792e-01 2.0000000000e+00
   endloop
 endfacet
 facet normal  2.3159107974e-01 8.9867408115e-01 -3.7249223837e-01
   outer loop
     vertex 1.0890672154e+01 6.0557841792e-01 2.0000000000e+00
     vertex 1.1151851852e+01 5.3827160494e-01 2.0000000000e+00
     vertex 1.0890672154e+01 4.2812464422e-01 1.5718753558e+00
   endloop
 endfacet
 facet normal  2.3159107974e-01 8.9867408115e-01 -3.7249223837e-01
   outer loop
     vertex 1.1151851852e+01 5.3827160494e-01 2.0000000000e+00
     vertex 1.1151851852e+01 3.8054087223e-01 1.6194591278e+00
     vertex 1.0890672154e+01 4.2812464422e-01 1.5718753558e+00
   endloop
 endfacet
 facet normal  2.3159107974e-01 3.7249223837e-01 -8.9867408115e-01
   outer loop
     vertex 1.0890672154e+01 4.2812464422e-01 1.5718753558e+00
     vertex 1.1151851852e+01 3.8054087223e-01 1.6194591278e+00
     vertex 1.0890672154e+01 0.0000000000e+00 1.3944215821e+00
   endloop
 endfacet
 facet normal  2.3159107974e-01 3.7249223837e-01 -8.9867408115e-01
   outer loop
     vertex 1.1151851852e+01 3.8054087223e-01 1.6194591278e+00
     vertex 1.1151851852e+01 0.0000000000e+00 1.4617283951e+00
     vertex 1.0890672154e+01 0.0000000000e+00 1.3944215821e+00
   endloop
 endfacet
 facet normal  2.3159107974e-01 -3.7249223837e-01 -8.9867408115e-01
   outer loop
     vertex 1.0890672154e+01 0.0000000000e+00 1.3944215821e+00
     vertex 1.1151851852e+01 0.0000000000e+00 1.4617283951e+00
     vertex 1.1151851852e+01 -3.8054087223e-01 1.6194591278e+00
   endloop
 endfacet
 facet normal  2.3159107974e-01 -3.7249223837e-01 -8.9867408115e-01
   outer loop
     vertex 1.0890672154e+01 0.0000000000e+00 1.3944215821e+00
     vertex 1.1151851852e+01 -3.8054087223e-01 1.6194591278e+00
     vertex 1.0890672154e+01 -4.2812464422e-01 1.5718753558e+00
   endloop
 endfacet
 facet normal  2.3159107974e-01 -8.9867408115e-01 -3.7249223837e-01
   outer loop
     vertex 1.0890672154e+01 -4.2812464422e-01 1.5718753558e+00
     vertex 1.1151851852e+01 -3.8054087223e-01 1.6194591278e+00
     vertex 1.1151851852e+01 -5.3827160494e-01 2.0000000000e+00
   endloop
 endfacet
 facet normal  2.3159107974e-01 -8.9867408115e-01 -3.7249223837e-01
   outer loop
     vertex 1.0890672154e+01 -4.2812464422e-01 1.5718753558e+00
     vertex 1.1151851852e+01 -5.3827160494e-01 2.0000000000e+00
     vertex 1.0890672154e+01 -6.0557841792e-01 2.0000000000e+00
   endloop
 endfacet
 facet normal  2.3159107974e-01 -8.9867408115e-01 3.7249223837e-01
   outer loop
     vertex 1.0890672154e+01 -6.0557841792e-01 2.0000000000e+00
     vertex 1.1151851852e+01 -5.3827160494e-01 2.0000000000e+00
     vertex 1.0890672154e+01 -4.2812464422e-01 2.4281246442e+00
   endloop
 endfacet
 facet normal  2.3159107974e-01 -8.9867408115e-01 3.7249223837e-01
   outer loop
     vertex 1.1151851852e+01 -5.3827160494e-01 2.0000000000e+00
     vertex 1.1151851852e+01 -3.8054087223e-01 2.3805408722e+00
     vertex 1.0890672154e+01 -4.2812464422e-01 2.4281246442e+00
   endloop
 endfacet
 facet normal  2.3159107974e-01 -3.7249223837e-01 8.9867408115e-01
   outer loop
     vertex 1.0890672154e+01 -4.2812464422e-01 2.4281246442e+00
     vertex 1.1151851852e+01 -3.8054087223e-01 2.3805408722e+00
     vertex 1.0890672154e+01 0.0000000000e+00 2.6055784179e+00
   endloop
 endfacet
 facet normal  2.3159107974e-01 -3.7249223837e-01 8.9867408115e-01
   outer loop
     vertex 1.1151851852e+01 -3.8054087223e-01 2.3805408722e+00
     vertex 1.1151851852e+01 0.0000000000e+00 2.5382716049e+00
     vertex 1.0890672154e+01 0.0000000000e+00 2.6055784179e+00
   endloop
 endfacet
 facet normal  2.6556220705e-01 3.6915352392e-01 8.9061910487e-01
   outer loop
     vertex 1.1151851852e+01 0.0000000000e+00 2.5382716049e+00
     vertex 1.1432784636e+01 0.0000000000e+00 2.4545038866e+00
     vertex 1.1432784636e+01 3.2131976469e-01 2.3213197647e+00
   endloop
 endfacet
 facet normal  2.6556220705e-01 3.6915352392e-01 8.9061910487e-01
   outer loop
     vertex 1.1151851852e+01 0.0000000000e+00 2.5382716049e+00
     vertex 1.1432784636e+01 3.2131976469e-01 2.3213197647e+00
     vertex 1.1151851852e+01 3.8054087223e-01 2.3805408722e+00
   endloop
 endfacet
 facet normal  2.6556220705e-01 8.9061910487e-01 3.6915352392e-01
   outer loop
     vertex 1.1151851852e+01 3.8054087223e-01 2.3805408722e+00
     vertex 1.1432784636e+01 3.2131976469e-01 2.3213197647e+00
     vertex 1.1432784636e+01 4.5450388660e-01 2.0000000000e+00
   endloop
 endfacet
 facet normal  2.6556220705e-01 8.9061910487e-01 3.6915352392e-01
   outer loop
     vertex 1.1151851852e+01 3.8054087223e-01 2.3805408722e+00
     vertex 1.1432784636e+01 4.5450388660e-01 2.0000000000e+00
     vertex 1.1151851852e+01 5.3827160494e-01 2.0000000000e+00
   endloop
 endfacet
 facet normal  2.6556220705e-01 8.9061910487e-01 -3.6915352392e-01
   outer loop
     vertex 1.1151851852e+01 5.3827160494e-01 2.0000000000e+00
     vertex 1.1432784636e+01 4.5450388660e-01 2.0000000000e+00
     vertex 1.1151851852e+01 3.8054087223e-01 1.6194591278e+00
   endloop
 endfacet
 facet normal  2.6556220705e-01 8.9061910487e-01 -3.6915352392e-01
   outer loop
     vertex 1.1432784636e+01 4.5450388660e-01 2.0000000000e+00
     vertex 1.1432784636e+01 3.2131976469e-01 1.6786802353e+00
     vertex 1.1151851852e+01 3.8054087223e-01 1.6194591278e+00
   endloop
 endfacet
 facet normal  2.6556220705e-01 3.6915352392e-01 -8.9061910487e-01
   outer loop
     vertex 1.1151851852e+01 3.8054087223e-01 1.6194591278e+00
     vertex 1.1432784636e+01 3.2131976469e-01 1.6786802353e+00
     vertex 1.1151851852e+01 0.0000000000e+00 1.4617283951e+00
   endloop
 endfacet
 facet normal  2.6556220705e-01 3.6915352392e-01 -8.9061910487e-01
   outer loop
     vertex 1.1432784636e+01 3.2131976469e-01 1.6786802353e+00
     vertex 1.1432784636e+01 0.0000000000e+00 1.5454961134e+00
     vertex 1.1151851852e+01 0.0000000000e+00 1.4617283951e+00
   endloop
 endfacet
 facet normal  2.6556220705e-01 -3.6915352392e-01 -8.9061910487e-01
   outer loop
     vertex 1.1151851852e+01 0.0000000000e+00 1.4617283951e+00
     vertex 1.1432784636e+01 0.0000000000e+00 1.5454961134e+00
     vertex 1.1432784636e+01 -3.2131976469e-01 1.6786802353e+00
   endloop
 endfacet
 facet normal  2.6556220705e-01 -3.6915352392e-01 -8.9061910487e-01
   outer loop
     vertex 1.1151851852e+01 0.0000000000e+00 1.4617283951e+00
     vertex 1.1432784636e+01 -3.2131976469e-01 1.6786802353e+00
     vertex 1.1151851852e+01 -3.8054087223e-01 1.6194591278e+00
   endloop
 endfacet
 facet normal  2.6556220705e-01 -8.9061910487e-01 -3.6915352392e-01
   outer loop
     vertex 1.1151851852e+01 -3.8054087223e-01 1.6194591278e+00
     vertex 1.1432784636e+01 -3.2131976469e-01 1.6786802353e+00
     vertex 1.1432784636e+01 -4.5450388660e-01 2.0000000000e+00
   endloop
 endfacet
 facet normal  2.6556220705e-01 -8.9061910487e-01 -3.6915352392e-01
   outer loop
     vertex 1.1151851852e+01 -3.8054087223e-01 1.6194591278e+00
     vertex 1.1432784636e+01 -4.5450388660e-01 2.0000000000e+00
     vertex 1.1151851852e+01 -5.3827160494e-01 2.0000000000e+00
   endloop
 endfacet
 facet normal  2.6556220705e-01 -8.9061910487e-01 3.6915352392e-01
   outer loop
     vertex 1.1151851852e+01 -5.3827160494e-01 2.0000000000e+00
     vertex 1.1432784636e+01 -4.5450388660e-01 2.0000000000e+00
     vertex 1.1151851852e+01 -3.8054087223e-01 2.3805408722e+00
   endloop
 endfacet
 facet normal  2.6556220705e-01 -8.9061910487e-01 3.6915352392e-01
   outer loop
     vertex 1.1432784636e+01 -4.5450388660e-01 2.0000000000e+00
     vertex 1.1432784636e+01 -3.2131976469e-01 2.3213197647e+00
     vertex 1.1151851852e+01 -3.8054087223e-01 2.3805408722e+00
   endloop
 endfacet
 facet normal  2.6556220705e-01 -3.6915352392e-01 8.9061910487e-01
   outer loop
     vertex 1.1151851852e+01 -3.8054087223e-01 2.3805408722e+00
     vertex 1.1432784636e+01 -3.2131976469e-01 2.3213197647e+00
     vertex 1.1151851852e+01 0.0000000000e+00 2.5382716049e+00
   endloop
 endfacet
 facet normal  2.6556220705e-01 -3.6915352392e-01 8.9061910487e-01
   outer loop
     vertex 1.1432784636e+01 -3.2131976469e-01 2.3213197647e+00
     vertex 1.1432784636e+01 0.0000000000e+00 2.4545038866e+00
     vertex 1.1151851852e+01 0.0000000000e+00 2.5382716049e+00
   endloop
 endfacet
 facet normal  2.9429304763e-01 3.6594538003e-01 8.8287914289e-01
   outer loop
     vertex 1.1432784636e+01 0.0000000000e+00 2.4545038866e+00
     vertex 1.1715363512e+01 0.0000000000e+00 2.3603109282e+00
     vertex 1.1715363512e+01 2.5472834464e-01 2.2547283446e+00
   endloop
 endfacet
 facet normal  2.9429304763e-01 3.6594538003e-01 8.8287914289e-01
   outer loop
     vertex 1.1432784636e+01 0.0000000000e+00 2.4545038866e+00
     vertex 1.1715363512e+01 2.5472834464e-01 2.2547283446e+00
     vertex 1.1432784636e+01 3.2131976469e-01 2.3213197647e+00
   endloop
 endfacet
 facet normal  2.9429304763e-01 8.8287914289e-01 3.6594538003e-01
   outer loop
     vertex 1.1432784636e+01 3.2131976469e-01 2.3213197647e+00
     vertex 1.1715363512e+01 2.5472834464e-01 2.2547283446e+00
     vertex 1.1715363512e+01 3.6031092821e-01 2.0000000000e+00
   endloop
 endfacet
 facet normal  2.9429304763e-01 8.8287914289e-01 3.6594538003e-01
   outer loop
     vertex 1.1432784636e+01 3.2131976469e-01 2.3213197647e+00
     vertex 1.1715363512e+01 3.6031092821e-01 2.0000000000e+00
     vertex 1.1432784636e+01 4.5450388660e-01 2.0000000000e+00
   endloop
 endfacet
 facet normal  2.9429304763e-01 8.8287914289e-01 -3.6594538003e-01
   outer loop
     vertex 1.1432784636e+01 4.5450388660e-01 2.0000000000e+00
     vertex 1.1715363512e+01 3.6031092821e-01 2.0000000000e+00
     vertex 1.1432784636e+01 3.2131976469e-01 1.6786802353e+00
   endloop
 endfacet
 facet normal  2.9429304763e-01 8.8287914289e-01 -3.6594538003e-01
   outer loop
     vertex 1.1715363512e+01 3.6031092821e-01 2.0000000000e+00
     vertex 1.1715363512e+01 2.5472834464e-01 1.7452716554e+00
     vertex 1.1432784636e+01 3.2131976469e-01 1.6786802353e+00
   endloop
 endfacet
 facet normal  2.9429304763e-01 3.6594538003e-01 -8.8287914289e-01
   outer loop
     vertex 1.1432784636e+01 3.2131976469e-01 1.6786802353e+00
     vertex 1.1715363512e+01 2.5472834464e-01 1.7452716554e+00
     vertex 1.1432784636e+01 0.0000000000e+00 1.5454961134e+00
   endloop
 endfacet
 facet normal  2.9429304763e-01 3.6594538003e-01 -8.8287914289e-01
   outer loop
     vertex 1.1715363512e+01 2.5472834464e-01 1.7452716554e+00
     vertex 1.1715363512e+01 0.0000000000e+00 1.6396890718e+00
     vertex 1.1432784636e+01 0.0000000000e+00 1.5454961134e+00
   endloop
 endfacet
 facet normal  2.9429304763e-01 -3.6594538003e-01 -8.8287914289e-01
   outer loop
     vertex 1.1432784636e+01 0.0000000000e+00 1.5454961134e+00
     vertex 1.1715363512e+01 0.0000000000e+00 1.6396890718e+00
     vertex 1.1715363512e+01 -2.5472834464e-01 1.7452716554e+00
   endloop
 endfacet
 facet normal  2.9429304763e-01 -3.6594538003e-01 -8.8287914289e-01
   outer loop
     vertex 1.1432784636e+01 0.0000000000e+00 1.5454961134e+00
     vertex 1.1715363512e+01 -2.5472834464e-01 1.7452716554e+00
     vertex 1.1432784636e+01 -3.2131976469e-01 1.6786802353e+00
   endloop
 endfacet
 facet normal  2.9429304763e-01 -8.8287914289e-01 -3.6594538003e-01
   outer loop
     vertex 1.1432784636e+01 -3.2131976469e-01 1.6786802353e+00
     vertex 1.1715363512e+01 -2.5472834464e-01 1.7452716554e+00
     vertex 1.1715363512e+01 -3.6031092821e-01 2.0000000000e+00
   endloop
 endfacet
 facet normal  2.9429304763e-01 -8.8287914289e-01 -3.6594538003e-01
   outer loop
     vertex 1.1432784636e+01 -3.2131976469e-01 1.6786802353e+00
     vertex 1.1715363512e+01 -3.6031092821e-01 2.0000000000e+00
     vertex 1.1432784636e+01 -4.5450388660e-01 2.0000000000e+00
   endloop
 endfacet
 facet normal  2.9429304763e-01 -8.8287914289e-01 3.6594538003e-01
   outer loop
     vertex 1.1432784636e+01 -4.5450388660e-01 2.0000000000e+00
     vertex 1.1715363512e+01 -3.6031092821e-01 2.0000000000e+00
     vertex 1.1432784636e+01 -3.2131976469e-01 2.3213197647e+00
   endloop
 endfacet
 facet normal  2.9429304763e-01 -8.8287914289e-01 3.6594538003e-01
   outer loop
     vertex 1.1715363512e+01 -3.6031092821e-01 2.0000000000e+00
     vertex 1.1715363512e+01 -2.5472834464e-01 2.2547283446e+00
     vertex 1.1432784636e+01 -3.2131976469e-01 2.3213197647e+00
   endloop
 endfacet
 facet normal  2.9429304763e-01 -3.6594538003e-01 8.8287914289e-01
   outer loop
     vertex 1.1432784636e+01 -3.2131976469e-01 2.3213197647e+00
     vertex 1.1715363512e+01 -2.5472834464e-01 2.2547283446e+00
     vertex 1.1432784636e+01 0.0000000000e+00 2.4545038866e+00
   endloop
 endfacet
 facet normal  2.9429304763e-01 -3.6594538003e-01 8.8287914289e-01
   outer loop
     vertex 1.1715363512e+01 -2.5472834464e-01 2.2547283446e+00
     vertex 1.1715363512e+01 0.0000000000e+00 2.3603109282e+00
     vertex 1.1432784636e+01 0.0000000000e+00 2.4545038866e+00
   endloop
 endfacet
 facet normal  3.2378027799e-01 3.6227605614e-01 8.7402653892e-01
   outer loop
     vertex 1.1715363512e+01 0.0000000000e+00 2.3603109282e+00
     vertex 1.1981481481e+01 0.0000000000e+00 2.2617283951e+00
     vertex 1.1981481481e+01 1.8503363512e-01 2.1850336351e+00
   endloop
 endfacet
 facet normal  3.2378027799e-01 3.6227605614e-01 8.7402653892e-01
   outer loop
     vertex 1.1715363512e+01 0.0000000000e+00 2.3603109282e+00
     vertex 1.1981481481e+01 1.8503363512e-01 2.1850336351e+00
     vertex 1.1715363512e+01 2.5472834464e-01 2.2547283446e+00
   endloop
 endfacet
 facet normal  3.2378027799e-01 8.7402653892e-01 3.6227605614e-01
   outer loop
     vertex 1.1715363512e+01 2.5472834464e-01 2.2547283446e+00
     vertex 1.1981481481e+01 1.8503363512e-01 2.1850336351e+00
     vertex 1.1981481481e+01 2.6172839506e-01 2.0000000000e+00
   endloop
 endfacet
 facet normal  3.2378027799e-01 8.7402653892e-01 3.6227605614e-01
   outer loop
     vertex 1.1715363512e+01 2.5472834464e-01 2.2547283446e+00
     vertex 1.1981481481e+01 2.6172839506e-01 2.0000000000e+00
     vertex 1.1715363512e+01 3.6031092821e-01 2.0000000000e+00
   endloop
 endfacet
 facet normal  3.2378027799e-01 8.7402653892e-01 -3.6227605614e-01
   outer loop
     vertex 1.1715363512e+01 3.6031092821e-01 2.0000000000e+00
     vertex 1.1981481481e+01 2.6172839506e-01 2.0000000000e+00
     vertex 1.1715363512e+01 2.5472834464e-01 1.7452716554e+00
   endloop
 endfacet
 facet normal  3.2378027799e-01 8.7402653892e-01 -3.6227605614e-01
   outer loop
     vertex 1.1981481481e+01 2.6172839506e-01 2.0000000000e+00
     vertex 1.1981481481e+01 1.8503363512e-01 1.8149663649e+00
     vertex 1.1715363512e+01 2.5472834464e-01 1.7452716554e+00
   endloop
 endfacet
 facet normal  3.2378027799e-01 3.6227605614e-01 -8.7402653892e-01
   outer loop
     vertex 1.1715363512e+01 2.5472834464e-01 1.7452716554e+00
     vertex 1.1981481481e+01 1.8503363512e-01 1.8149663649e+00
     vertex 1.1715363512e+01 0.0000000000e+00 1.6396890718e+00
   endloop
 endfacet
 facet normal  3.2378027799e-01 3.6227605614e-01 -8.7402653892e-01
   outer loop
     vertex 1.1981481481e+01 1.8503363512e-01 1.8149663649e+00
     vertex 1.1981481481e+01 0.0000000000e+00 1.7382716049e+00
     vertex 1.1715363512e+01 0.0000000000e+00 1.6396890718e+00
   endloop
 endfacet
 facet normal  3.2378027799e-01 -3.6227605614e-01 -8.7402653892e-01
   outer loop
     vertex 1.1715363512e+01 0.0000000000e+00 1.6396890718e+00
     vertex 1.1981481481e+01 0.0000000000e+00 1.7382716049e+00
     vertex 1.1981481481e+01 -1.8503363512e-01 1.8149663649e+00
   endloop
 endfacet
 facet normal  3.2378027799e-01 -3.6227605614e-01 -8.7402653892e-01
   outer loop
     vertex 1.1715363512e+01 0.0000000000e+00 1.6396890718e+00
     vertex 1.1981481481e+01 -1.8503363512e-01 1.8149663649e+00
     vertex 1.1715363512e+01 -2.5472834464e-01 1.7452716554e+00
   endloop
 endfacet
 facet normal  3.2378027799e-01 -8.7402653892e-01 -3.6227605614e-01
   outer loop
     vertex 1.1715363512e+01 -2.5472834464e-01 1.7452716554e+00
     vertex 1.1981481481e+01 -1.8503363512e-01 1.8149663649e+00
     vertex 1.1981481481e+01 -2.6172839506e-01 2.0000000000e+00
   endloop
 endfacet
 facet normal  3.2378027799e-01 -8.7402653892e-01 -3.6227605614e-01
   outer loop
     vertex 1.1715363512e+01 -2.5472834464e-01 1.7452716554e+00
     vertex 1.1981481481e+01 -2.6172839506e-01 2.0000000000e+00
     vertex 1.1715363512e+01 -3.6031092821e-01 2.0000000000e+00
   endloop
 endfacet
 facet normal  3.2378027799e-01 -8.7402653892e-01 3.6227605614e-01
   outer loop
     vertex 1.1715363512e+01 -3.6031092821e-01 2.0000000000e+00
     vertex 1.1981481481e+01 -2.6172839506e-01 2.0000000000e+00
     vertex 1.1715363512e+01 -2.5472834464e-01 2.2547283446e+00
   endloop
 endfacet
 facet normal  3.2378027799e-01 -8.7402653892e-01 3.6227605614e-01
   outer loop
     vertex 1.1981481481e+01 -2.6172839506e-01 2.0000000000e+00
     vertex 1.1981481481e+01 -1.8503363512e-01 2.1850336351e+00
     vertex 1.1715363512e+01 -2.5472834464e-01 2.2547283446e+00
   endloop
 endfacet
 facet normal  3.2378027799e-01 -3.6227605614e-01 8.7402653892e-01
   outer loop
     vertex 1.1715363512e+01 -2.5472834464e-01 2.2547283446e+00
     vertex 1.1981481481e+01 -1.8503363512e-01 2.1850336351e+00
     vertex 1.1715363512e+01 0.0000000000e+00 2.3603109282e+00
   endloop
 endfacet
 facet normal  3.2378027799e-01 -3.6227605614e-01 8.7402653892e-01
   outer loop
     vertex 1.1981481481e+01 -1.8503363512e-01 2.1850336351e+00
     vertex 1.1981481481e+01 0.0000000000e+00 2.2617283951e+00
     vertex 1.1715363512e+01 0.0000000000e+00 2.3603109282e+00
   endloop
 endfacet
 facet normal  3.6070167345e-01 3.5712561786e-01 8.6160060111e-01
   outer loop
     vertex 1.1981481481e+01 0.0000000000e+00 2.2617283951e+00
     vertex 1.2213031550e+01 0.0000000000e+00 2.1647919524e+00
     vertex 1.2213031550e+01 1.1650265915e-01 2.1165026591e+00
   endloop
 endfacet
 facet normal  3.6070167345e-01 3.5712561786e-01 8.6160060111e-01
   outer loop
     vertex 1.1981481481e+01 0.0000000000e+00 2.2617283951e+00
     vertex 1.2213031550e+01 1.1650265915e-01 2.1165026591e+00
     vertex 1.1981481481e+01 1.8503363512e-01 2.1850336351e+00
   endloop
 endfacet
 facet normal  3.6070167345e-01 8.6160060111e-01 3.5712561786e-01
   outer loop
     vertex 1.1981481481e+01 1.8503363512e-01 2.1850336351e+00
     vertex 1.2213031550e+01 1.1650265915e-01 2.1165026591e+00
     vertex 1.2213031550e+01 1.6479195245e-01 2.0000000000e+00
   endloop
 endfacet
 facet normal  3.6070167345e-01 8.6160060111e-01 3.5712561786e-01
   outer loop
     vertex 1.1981481481e+01 1.8503363512e-01 2.1850336351e+00
     vertex 1.2213031550e+01 1.6479195245e-01 2.0000000000e+00
     vertex 1.1981481481e+01 2.6172839506e-01 2.0000000000e+00
   endloop
 endfacet
 facet normal  3.6070167345e-01 8.6160060111e-01 -3.5712561786e-01
   outer loop
     vertex 1.1981481481e+01 2.6172839506e-01 2.0000000000e+00
     vertex 1.2213031550e+01 1.6479195245e-01 2.0000000000e+00
     vertex 1.1981481481e+01 1.8503363512e-01 1.8149663649e+00
   endloop
 endfacet
 facet normal  3.6070167345e-01 8.6160060111e-01 -3.5712561786e-01
   outer loop
     vertex 1.2213031550e+01 1.6479195245e-01 2.0000000000e+00
     vertex 1.2213031550e+01 1.1650265915e-01 1.8834973409e+00
     vertex 1.1981481481e+01 1.8503363512e-01 1.8149663649e+00
   endloop
 endfacet
 facet normal  3.6070167345e-01 3.5712561786e-01 -8.6160060111e-01
   outer loop
     vertex 1.1981481481e+01 1.8503363512e-01 1.8149663649e+00
     vertex 1.2213031550e+01 1.1650265915e-01 1.8834973409e+00
     vertex 1.1981481481e+01 0.0000000000e+00 1.7382716049e+00
   endloop
 endfacet
 facet normal  3.6070167345e-01 3.5712561786e-01 -8.6160060111e-01
   outer loop
     vertex 1.2213031550e+01 1.1650265915e-01 1.8834973409e+00
     vertex 1.2213031550e+01 0.0000000000e+00 1.8352080476e+00
     vertex 1.1981481481e+01 0.0000000000e+00 1.7382716049e+00
   endloop
 endfacet
 facet normal  3.6070167345e-01 -3.5712561786e-01 -8.6160060111e-01
   outer loop
     vertex 1.1981481481e+01 0.0000000000e+00 1.7382716049e+00
     vertex 1.2213031550e+01 0.0000000000e+00 1.8352080476e+00
     vertex 1.2213031550e+01 -1.1650265915e-01 1.8834973409e+00
   endloop
 endfacet
 facet normal  3.6070167345e-01 -3.5712561786e-01 -8.6160060111e-01
   outer loop
     vertex 1.1981481481e+01 0.0000000000e+00 1.7382716049e+00
     vertex 1.2213031550e+01 -1.1650265915e-01 1.8834973409e+00
     vertex 1.1981481481e+01 -1.8503363512e-01 1.8149663649e+00
   endloop
 endfacet
 facet normal  3.6070167345e-01 -8.6160060111e-01 -3.5712561786e-01
   outer loop
     vertex 1.1981481481e+01 -1.8503363512e-01 1.8149663649e+00
     vertex 1.2213031550e+01 -1.1650265915e-01 1.8834973409e+00
     vertex 1.2213031550e+01 -1.6479195245e-01 2.0000000000e+00
   endloop
 endfacet
 facet normal  3.6070167345e-01 -8.6160060111e-01 -3.5712561786e-01
   outer loop
     vertex 1.1981481481e+01 -1.8503363512e-01 1.8149663649e+00
     vertex 1.2213031550e+01 -1.6479195245e-01 2.0000000000e+00
     vertex 1.1981481481e+01 -2.6172839506e-01 2.0000000000e+00
   endloop
 endfacet
 facet normal  3.6070167345e-01 -8.6160060111e-01 3.5712561786e-01
   outer loop
     vertex 1.1981481481e+01 -2.6172839506e-01 2.0000000000e+00
     vertex 1.2213031550e+01 -1.6479195245e-01 2.0000000000e+00
     vertex 1.1981481481e+01 -1.8503363512e-01 2.1850336351e+00
   endloop
 endfacet
 facet normal  3.6070167345e-01 -8.6160060111e-01 3.5712561786e-01
   outer loop
     vertex 1.2213031550e+01 -1.6479195245e-01 2.0000000000e+00
     vertex 1.2213031550e+01 -1.1650265915e-01 2.1165026591e+00
     vertex 1.1981481481e+01 -1.8503363512e-01 2.1850336351e+00
   endloop
 endfacet
 facet normal  3.6070167345e-01 -3.5712561786e-01 8.6160060111e-01
   outer loop
     vertex 1.1981481481e+01 -1.8503363512e-01 2.1850336351e+00
     vertex 1.2213031550e+01 -1.1650265915e-01 2.1165026591e+00
     vertex 1.1981481481e+01 0.0000000000e+00 2.2617283951e+00
   endloop
 endfacet
 facet normal  3.6070167345e-01 -3.5712561786e-01 8.6160060111e-01
   outer loop
     vertex 1.2213031550e+01 -1.1650265915e-01 2.1165026591e+00
     vertex 1.2213031550e+01 0.0000000000e+00 2.1647919524e+00
     vertex 1.1981481481e+01 0.0000000000e+00 2.2617283951e+00
   endloop
 endfacet
 facet normal  4.1861747736e-01 3.4773739833e-01 8.3895060013e-01
   outer loop
     vertex 1.2213031550e+01 0.0000000000e+00 2.1647919524e+00
     vertex 1.2391906722e+01 0.0000000000e+00 2.0755372657e+00
     vertex 1.2391906722e+01 5.3402439766e-02 2.0534024398e+00
   endloop
 endfacet
 facet normal  4.1861747736e-01 3.4773739833e-01 8.3895060013e-01
   outer loop
     vertex 1.2213031550e+01 0.0000000000e+00 2.1647919524e+00
     vertex 1.2391906722e+01 5.3402439766e-02 2.0534024398e+00
     vertex 1.2213031550e+01 1.1650265915e-01 2.1165026591e+00
   endloop
 endfacet
 facet normal  4.1861747736e-01 8.3895060013e-01 3.4773739833e-01
   outer loop
     vertex 1.2213031550e+01 1.1650265915e-01 2.1165026591e+00
     vertex 1.2391906722e+01 5.3402439766e-02 2.0534024398e+00
     vertex 1.2391906722e+01 7.5537265661e-02 2.0000000000e+00
   endloop
 endfacet
 facet normal  4.1861747736e-01 8.3895060013e-01 3.4773739833e-01
   outer loop
     vertex 1.2213031550e+01 1.1650265915e-01 2.1165026591e+00
     vertex 1.2391906722e+01 7.5537265661e-02 2.0000000000e+00
     vertex 1.2213031550e+01 1.6479195245e-01 2.0000000000e+00
   endloop
 endfacet
 facet normal  4.1861747736e-01 8.3895060013e-01 -3.4773739833e-01
   outer loop
     vertex 1.2213031550e+01 1.6479195245e-01 2.0000000000e+00
     vertex 1.2391906722e+01 7.5537265661e-02 2.0000000000e+00
     vertex 1.2213031550e+01 1.1650265915e-01 1.8834973409e+00
   endloop
 endfacet
 facet normal  4.1861747736e-01 8.3895060013e-01 -3.4773739833e-01
   outer loop
     vertex 1.2391906722e+01 7.5537265661e-02 2.0000000000e+00
     vertex 1.2391906722e+01 5.3402439766e-02 1.9465975602e+00
     vertex 1.2213031550e+01 1.1650265915e-01 1.8834973409e+00
   endloop
 endfacet
 facet normal  4.1861747736e-01 3.4773739833e-01 -8.3895060013e-01
   outer loop
     vertex 1.2213031550e+01 1.1650265915e-01 1.8834973409e+00
     vertex 1.2391906722e+01 5.3402439766e-02 1.9465975602e+00
     vertex 1.2213031550e+01 0.0000000000e+00 1.8352080476e+00
   endloop
 endfacet
 facet normal  4.1861747736e-01 3.4773739833e-01 -8.3895060013e-01
   outer loop
     vertex 1.2391906722e+01 5.3402439766e-02 1.9465975602e+00
     vertex 1.2391906722e+01 0.0000000000e+00 1.9244627343e+00
     vertex 1.2213031550e+01 0.0000000000e+00 1.8352080476e+00
   endloop
 endfacet
 facet normal  4.1861747736e-01 -3.4773739833e-01 -8.3895060013e-01
   outer loop
     vertex 1.2213031550e+01 0.0000000000e+00 1.8352080476e+00
     vertex 1.2391906722e+01 0.0000000000e+00 1.9244627343e+00
     vertex 1.2391906722e+01 -5.3402439766e-02 1.9465975602e+00
   endloop
 endfacet
 facet normal  4.1861747736e-01 -3.4773739833e-01 -8.3895060013e-01
   outer loop
     vertex 1.2213031550e+01 0.0000000000e+00 1.8352080476e+00
     vertex 1.2391906722e+01 -5.3402439766e-02 1.9465975602e+00
     vertex 1.2213031550e+01 -1.1650265915e-01 1.8834973409e+00
   endloop
 endfacet
 facet normal  4.1861747736e-01 -8.3895060013e-01 -3.4773739833e-01
   outer loop
     vertex 1.2213031550e+01 -1.1650265915e-01 1.8834973409e+00
     vertex 1.2391906722e+01 -5.3402439766e-02 1.9465975602e+00
     vertex 1.2391906722e+01 -7.5537265661e-02 2.0000000000e+00
   endloop
 endfacet
 facet normal  4.1861747736e-01 -8.3895060013e-01 -3.4773739833e-01
   outer loop
     vertex 1.2213031550e+01 -1.1650265915e-01 1.8834973409e+00
     vertex 1.2391906722e+01 -7.5537265661e-02 2.0000000000e+00
     vertex 1.2213031550e+01 -1.6479195245e-01 2.0000000000e+00
   endloop
 endfacet
 facet normal  4.1861747736e-01 -8.3895060013e-01 3.4773739833e-01
   outer loop
     vertex 1.2213031550e+01 -1.6479195245e-01 2.0000000000e+00
     vertex 1.2391906722e+01 -7.5537265661e-02 2.0000000000e+00
     vertex 1.2213031550e+01 -1.1650265915e-01 2.1165026591e+00
   endloop
 endfacet
 facet normal  4.1861747736e-01 -8.3895060013e-01 3.4773739833e-01
   outer loop
     vertex 1.2391906722e+01 -7.5537265661e-02 2.0000000000e+00
     vertex 1.2391906722e+01 -5.3402439766e-02 2.0534024398e+00
     vertex 1.2213031550e+01 -1.1650265915e-01 2.1165026591e+00
   endloop
 endfacet
 facet normal  4.1861747736e-01 -3.4773739833e-01 8.3895060013e-01
   outer loop
     vertex 1.2213031550e+01 -1.1650265915e-01 2.1165026591e+00
     vertex 1.2391906722e+01 -5.3402439766e-02 2.0534024398e+00
     vertex 1.2213031550e+01 0.0000000000e+00 2.1647919524e+00
   endloop
 endfacet
 facet normal  4.1861747736e-01 -3.4773739833e-01 8.3895060013e-01
   outer loop
     vertex 1.2391906722e+01 -5.3402439766e-02 2.0534024398e+00
     vertex 1.2391906722e+01 0.0000000000e+00 2.0755372657e+00
     vertex 1.2213031550e+01 0.0000000000e+00 2.1647919524e+00
   endloop
 endfacet
 facet normal  5.4236223367e-01 3.2169320042e-01 7.7611641671e-01
   outer loop
     vertex 1.2391906722e+01 0.0000000000e+00 2.0755372657e+00
     vertex 1.2500000000e+01 0.0000000000e+00 2.0000000000e+00
     vertex 1.2391906722e+01 5.3402439766e-02 2.0534024398e+00
   endloop
 endfacet
 facet normal  5.4236223367e-01 7.7611641671e-01 3.2169320042e-01
   outer loop
     vertex 1.2391906722e+01 5.3402439766e-02 2.0534024398e+00
     vertex 1.2500000000e+01 0.0000000000e+00 2.0000000000e+00
     vertex 1.2391906722e+01 7.5537265661e-02 2.0000000000e+00
   endloop
 endfacet
 facet normal  5.4236223367e-01 7.7611641671e-01 -3.2169320042e-01
   outer loop
     vertex 1.2391906722e+01 7.5537265661e-02 2.0000000000e+00
     vertex 1.2500000000e+01 0.0000000000e+00 2.0000000000e+00
     vertex 1.2391906722e+01 5.3402439766e-02 1.9465975602e+00
   endloop
 endfacet
 facet normal  5.4236223367e-01 3.2169320042e-01 -7.7611641671e-01
   outer loop
     vertex 1.2391906722e+01 5.3402439766e-02 1.9465975602e+00
     vertex 1.2500000000e+01 0.0000000000e+00 2.0000000000e+00
     vertex 1.2391906722e+01 0.0000000000e+00 1.9244627343e+00
   endloop
 endfacet
 facet normal  5.4236223367e-01 -3.2169320042e-01 -7.7611641671e-01
   outer loop
     vertex 1.2391906722e+01 0.0000000000e+00 1.9244627343e+00
     vertex 1.2500000000e+01 0.0000000000e+00 2.0000000000e+00
     vertex 1.2391906722e+01 -5.3402439766e-02 1.9465975602e+00
   endloop
 endfacet
 facet normal  5.4236223367e-01 -7.7611641671e-01 -3.2169320042e-01
   outer loop
     vertex 1.2391906722e+01 -5.3402439766e-02 1.9465975602e+00
     vertex 1.2500000000e+01 0.0000000000e+00 2.0000000000e+00
     vertex 1.2391906722e+01 -7.5537265661e-02 2.0000000000e+00
   endloop
 endfacet
 facet normal  5.4236223367e-01 -7.7611641671e-01 3.2169320042e-01
   outer loop
     vertex 1.2391906722e+01 -7.5537265661e-02 2.0000000000e+00
     vertex 1.2500000000e+01 0.0000000000e+00 2.0000000000e+00
     vertex 1.2391906722e+01 -5.3402439766e-02 2.0534024398e+00
   endloop
 endfacet
 facet normal  5.4236223367e-01 -3.2169320042e-01 7.7611641671e-01
   outer loop
     vertex 1.2391906722e+01 -5.3402439766e-02 2.0534024398e+00
     vertex 1.2500000000e+01 0.0000000000e+00 2.0000000000e+00
     vertex 1.2391906722e+01 0.0000000000e+00 2.0755372657e+00
   endloop
 endfacet
endsolid
