 LMN  1812028 1 0 0 0 0 0 0 0 0 0 0 0 0 0 0 0 0 0 0 0 0
 XYZ  0.1545799E+00 0.1962641E+00 0.3847582E-01 0.1559043E+00 0.1957211E+00 0.4114911E-01 0.1579304E+00 0.1951764E+00 0.4365971E-01
 XYZ  0.1605454E+00 0.1946133E+00 0.4610503E-01 0.1636614E+00 0.1940510E+00 0.4841692E-01 0.1673859E+00 0.1934987E+00 0.5057934E-01
 XYZ  0.1716913E+00 0.1929531E+00 0.5262232E-01 0.1765479E+00 0.1924291E+00 0.5450727E-01 0.1820329E+00 0.1919375E+00 0.5621400E-01
 XYZ  0.1881981E+00 0.1914753E+00 0.5776849E-01 0.1950244E+00 0.1910382E+00 0.5919789E-01 0.2024835E+00 0.1906296E+00 0.6050080E-01
 XYZ  0.2105799E+00 0.1902505E+00 0.6168261E-01 0.2192766E+00 0.1898993E+00 0.6275561E-01 0.2285390E+00 0.1895844E+00 0.6370045E-01
 XYZ  0.2384012E+00 0.1893127E+00 0.6450349E-01 0.2488854E+00 0.1890770E+00 0.6519107E-01 0.2599411E+00 0.1888719E+00 0.6578297E-01
 XYZ  0.2715396E+00 0.1887017E+00 0.6626954E-01 0.2836829E+00 0.1885629E+00 0.6666366E-01 0.2963110E+00 0.1884487E+00 0.6698574E-01
 XYZ  0.3093484E+00 0.1883649E+00 0.6722090E-01 0.3227761E+00 0.1883243E+00 0.6733471E-01 0.3366451E+00 0.1883296E+00 0.6731983E-01
 XYZ  0.3509378E+00 0.1883657E+00 0.6721878E-01 0.3655518E+00 0.1884373E+00 0.6701782E-01 0.3805238E+00 0.1885570E+00 0.6668027E-01
 XYZ  0.3958847E+00 0.1887094E+00 0.6624774E-01 0.4115322E+00 0.1888859E+00 0.6574289E-01 0.4274085E+00 0.1890993E+00 0.6512657E-01
 XYZ  0.4435647E+00 0.1893538E+00 0.6438263E-01 0.4600140E+00 0.1896344E+00 0.6355136E-01 0.4766701E+00 0.1899309E+00 0.6265997E-01
 XYZ  0.4934529E+00 0.1902487E+00 0.6168807E-01 0.5103632E+00 0.1905949E+00 0.6061022E-01 0.5274204E+00 0.1909621E+00 0.5944301E-01
 XYZ  0.5445581E+00 0.1913408E+00 0.5821258E-01 0.5617045E+00 0.1917365E+00 0.5689554E-01 0.5788743E+00 0.1921514E+00 0.5547839E-01
 XYZ  0.5960406E+00 0.1925784E+00 0.5397753E-01 0.6131613E+00 0.1930176E+00 0.5238519E-01 0.6302168E+00 0.1934671E+00 0.5069979E-01
 XYZ  0.6471768E+00 0.1939269E+00 0.4891186E-01 0.6640527E+00 0.1943948E+00 0.4701770E-01 0.6808186E+00 0.1948635E+00 0.4503569E-01
 XYZ  0.6974289E+00 0.1953329E+00 0.4295402E-01 0.7138996E+00 0.1958020E+00 0.4076267E-01 0.7302313E+00 0.1962633E+00 0.3847996E-01
 XYZ  0.7463813E+00 0.1967132E+00 0.3610960E-01 0.7623617E+00 0.1971518E+00 0.3363310E-01 0.7782295E+00 0.1975699E+00 0.3108245E-01
 XYZ  0.7939175E+00 0.1979578E+00 0.2850793E-01 0.8093504E+00 0.1983162E+00 0.2589775E-01 0.8245291E+00 0.1986442E+00 0.2324807E-01
 XYZ  0.8394360E+00 0.1989395E+00 0.2056927E-01 0.8540608E+00 0.1992002E+00 0.1786887E-01 0.8683834E+00 0.1994244E+00 0.1516316E-01
 XYZ  0.8823784E+00 0.1996114E+00 0.1246090E-01 0.8960236E+00 0.1997609E+00 0.9777347E-02 0.9092758E+00 0.1998733E+00 0.7118471E-02
 XYZ  0.9221282E+00 0.1999498E+00 0.4481992E-02 0.9345754E+00 0.1999911E+00 0.1891262E-02 0.9465531E+00 0.1999990E+00-0.6391764E-03
 XYZ  0.9580412E+00 0.1999755E+00-0.3133575E-02 0.9690970E+00 0.1999225E+00-0.5568769E-02 0.9796397E+00 0.1998441E+00-0.7895797E-02
 XYZ  0.9896003E+00 0.1997424E+00-0.1014840E-01 0.9990328E+00 0.1996201E+00-0.1232106E-01 0.1007888E+01 0.1994824E+00-0.1437932E-01
 XYZ  0.1016123E+01 0.1993317E+00-0.1633652E-01 0.1023752E+01 0.1991713E+00-0.1818822E-01 0.1030753E+01 0.1990056E+00-0.1991917E-01
 XYZ  0.1037121E+01 0.1988382E+00-0.2152642E-01 0.1042851E+01 0.1986753E+00-0.2298067E-01 0.1047872E+01 0.1985221E+00-0.2426868E-01
 XYZ  0.1052173E+01 0.1983795E+00-0.2540828E-01 0.1055770E+01 0.1982525E+00-0.2638058E-01 0.1058632E+01 0.1981469E+00-0.2716232E-01
 XYZ  0.1060725E+01 0.1980669E+00-0.2773981E-01 0.1062015E+01 0.1980161E+00-0.2809995E-01 0.1062456E+01 0.1979985E+00-0.2822408E-01
 LMN  1812028 2 0 0 0 0 0 0 0 0 0 0 0 0 0 0 0 0 0 0 0 0
 XYZ  0.1690956E+00 0.2387902E+00 0.3689014E-01 0.1705285E+00 0.2384354E+00 0.3962529E-01 0.1724612E+00 0.2380555E+00 0.4235762E-01
 XYZ  0.1747943E+00 0.2376773E+00 0.4491162E-01 0.1777967E+00 0.2373105E+00 0.4725635E-01 0.1814576E+00 0.2369394E+00 0.4951483E-01
 XYZ  0.1856537E+00 0.2365715E+00 0.5165566E-01 0.1904274E+00 0.2362187E+00 0.5362761E-01 0.1958148E+00 0.2358843E+00 0.5543149E-01
 XYZ  0.2018501E+00 0.2355721E+00 0.5706334E-01 0.2085625E+00 0.2352794E+00 0.5855231E-01 0.2159172E+00 0.2350042E+00 0.5991744E-01
 XYZ  0.2239049E+00 0.2347496E+00 0.6115361E-01 0.2325139E+00 0.2345135E+00 0.6227719E-01 0.2416981E+00 0.2342986E+00 0.6328265E-01
 XYZ  0.2514623E+00 0.2341113E+00 0.6414581E-01 0.2618383E+00 0.2339502E+00 0.6487912E-01 0.2728007E+00 0.2338095E+00 0.6551304E-01
 XYZ  0.2843048E+00 0.2336903E+00 0.6604479E-01 0.2963499E+00 0.2335931E+00 0.6647531E-01 0.3089020E+00 0.2335126E+00 0.6682979E-01
 XYZ  0.3218904E+00 0.2334496E+00 0.6710597E-01 0.3352739E+00 0.2334115E+00 0.6727224E-01 0.3490789E+00 0.2334042E+00 0.6730431E-01
 XYZ  0.3633205E+00 0.2334196E+00 0.6723727E-01 0.3779109E+00 0.2334550E+00 0.6708253E-01 0.3928375E+00 0.2335207E+00 0.6679414E-01
 XYZ  0.4081479E+00 0.2336114E+00 0.6639433E-01 0.4237727E+00 0.2337175E+00 0.6592376E-01 0.4396354E+00 0.2338453E+00 0.6535217E-01
 XYZ  0.4557597E+00 0.2340007E+00 0.6465029E-01 0.4721717E+00 0.2341761E+00 0.6384850E-01 0.4888090E+00 0.2343626E+00 0.6298493E-01
 XYZ  0.5055889E+00 0.2345623E+00 0.6204672E-01 0.5224950E+00 0.2347806E+00 0.6100414E-01 0.5395446E+00 0.2350150E+00 0.5986439E-01
 XYZ  0.5566926E+00 0.2352581E+00 0.5865890E-01 0.5738631E+00 0.2355121E+00 0.5737164E-01 0.5910578E+00 0.2357802E+00 0.5598090E-01
 XYZ  0.6082601E+00 0.2360578E+00 0.5450298E-01 0.6254265E+00 0.2363444E+00 0.5293307E-01 0.6425371E+00 0.2366394E+00 0.5126733E-01
 XYZ  0.6595614E+00 0.2369421E+00 0.4949826E-01 0.6765028E+00 0.2372521E+00 0.4761864E-01 0.6933423E+00 0.2375642E+00 0.4564741E-01
 XYZ  0.7100342E+00 0.2378779E+00 0.4357553E-01 0.7265866E+00 0.2381929E+00 0.4139013E-01 0.7430007E+00 0.2385043E+00 0.3910932E-01
 XYZ  0.7592370E+00 0.2388091E+00 0.3673912E-01 0.7753001E+00 0.2391073E+00 0.3426041E-01 0.7912370E+00 0.2393929E+00 0.3170481E-01
 XYZ  0.8069886E+00 0.2396587E+00 0.2912507E-01 0.8224847E+00 0.2399051E+00 0.2650975E-01 0.8377234E+00 0.2401315E+00 0.2385414E-01
 XYZ  0.8526865E+00 0.2403361E+00 0.2116931E-01 0.8673622E+00 0.2405176E+00 0.1846326E-01 0.8817292E+00 0.2406745E+00 0.1575286E-01
 XYZ  0.8957626E+00 0.2408063E+00 0.1304705E-01 0.9094390E+00 0.2409126E+00 0.1036166E-01 0.9227183E+00 0.2409939E+00 0.7701525E-02
 XYZ  0.9355934E+00 0.2410508E+00 0.5065319E-02 0.9480539E+00 0.2410838E+00 0.2477796E-02 0.9600396E+00 0.2410941E+00-0.4889744E-04
 XYZ  0.9715375E+00 0.2410832E+00-0.2540113E-02 0.9825910E+00 0.2410525E+00-0.4965997E-02 0.9931178E+00 0.2410045E+00-0.7281743E-02
 XYZ  0.1003067E+01 0.2409407E+00-0.9525319E-02 0.1012482E+01 0.2408633E+00-0.1168466E-01 0.1021311E+01 0.2407754E+00-0.1372831E-01
 XYZ  0.1029521E+01 0.2406788E+00-0.1567168E-01 0.1037121E+01 0.2405757E+00-0.1750775E-01 0.1044089E+01 0.2404692E+00-0.1922227E-01
 XYZ  0.1050421E+01 0.2403615E+00-0.2081157E-01 0.1056106E+01 0.2402571E+00-0.2224475E-01 0.1061081E+01 0.2401588E+00-0.2351360E-01
 XYZ  0.1065340E+01 0.2400674E+00-0.2463575E-01 0.1068895E+01 0.2399862E+00-0.2559004E-01 0.1071716E+01 0.2399190E+00-0.2635472E-01
 XYZ  0.1073772E+01 0.2398682E+00-0.2691797E-01 0.1075035E+01 0.2398361E+00-0.2726772E-01 0.1075466E+01 0.2398250E+00-0.2738809E-01
 LMN  1812028 3 0 0 0 0 0 0 0 0 0 0 0 0 0 0 0 0 0 0 0 0
 XYZ  0.2023465E+00 0.2870431E+00 0.3481231E-01 0.2035035E+00 0.2868124E+00 0.3765186E-01 0.2051881E+00 0.2865783E+00 0.4033091E-01
 XYZ  0.2074590E+00 0.2863431E+00 0.4285611E-01 0.2103344E+00 0.2861075E+00 0.4524652E-01 0.2138113E+00 0.2858727E+00 0.4751087E-01
 XYZ  0.2178776E+00 0.2856403E+00 0.4965134E-01 0.2225142E+00 0.2854139E+00 0.5165333E-01 0.2277320E+00 0.2851988E+00 0.5348725E-01
 XYZ  0.2335777E+00 0.2849982E+00 0.5514349E-01 0.2400827E+00 0.2848106E+00 0.5664944E-01 0.2472245E+00 0.2846342E+00 0.5803065E-01
 XYZ  0.2549850E+00 0.2844705E+00 0.5928400E-01 0.2633599E+00 0.2843190E+00 0.6042180E-01 0.2723093E+00 0.2841799E+00 0.6144854E-01
 XYZ  0.2818199E+00 0.2840573E+00 0.6233961E-01 0.2919197E+00 0.2839519E+00 0.6309561E-01 0.3025998E+00 0.2838599E+00 0.6374871E-01
 XYZ  0.3138142E+00 0.2837809E+00 0.6430441E-01 0.3255545E+00 0.2837160E+00 0.6475733E-01 0.3378009E+00 0.2836622E+00 0.6513071E-01
 XYZ  0.3504916E+00 0.2836186E+00 0.6543137E-01 0.3635783E+00 0.2835894E+00 0.6563225E-01 0.3770698E+00 0.2835792E+00 0.6570225E-01
 XYZ  0.3909900E+00 0.2835847E+00 0.6566479E-01 0.4052724E+00 0.2836020E+00 0.6554590E-01 0.4198788E+00 0.2836374E+00 0.6530211E-01
 XYZ  0.4348545E+00 0.2836899E+00 0.6493830E-01 0.4501549E+00 0.2837525E+00 0.6450261E-01 0.4657002E+00 0.2838277E+00 0.6397557E-01
 XYZ  0.4814947E+00 0.2839202E+00 0.6332116E-01 0.4975674E+00 0.2840267E+00 0.6255996E-01 0.5138727E+00 0.2841406E+00 0.6173505E-01
 XYZ  0.5303313E+00 0.2842625E+00 0.6084076E-01 0.5469168E+00 0.2843960E+00 0.5984644E-01 0.5636419E+00 0.2845404E+00 0.5875166E-01
 XYZ  0.5804754E+00 0.2846910E+00 0.5758918E-01 0.5973436E+00 0.2848483E+00 0.5635000E-01 0.6142384E+00 0.2850148E+00 0.5500789E-01
 XYZ  0.6311487E+00 0.2851880E+00 0.5357716E-01 0.6480325E+00 0.2853673E+00 0.5205594E-01 0.6648690E+00 0.2855523E+00 0.5043867E-01
 XYZ  0.6816289E+00 0.2857427E+00 0.4871940E-01 0.6983100E+00 0.2859383E+00 0.4688877E-01 0.7148971E+00 0.2861359E+00 0.4496514E-01
 XYZ  0.7313463E+00 0.2863349E+00 0.4294214E-01 0.7476596E+00 0.2865352E+00 0.4080506E-01 0.7638380E+00 0.2867339E+00 0.3857121E-01
 XYZ  0.7798449E+00 0.2869287E+00 0.3624833E-01 0.7956797E+00 0.2871197E+00 0.3381734E-01 0.8113815E+00 0.2873030E+00 0.3130871E-01
 XYZ  0.8268973E+00 0.2874739E+00 0.2877612E-01 0.8421616E+00 0.2876324E+00 0.2620871E-01 0.8571700E+00 0.2877784E+00 0.2360126E-01
 XYZ  0.8719045E+00 0.2879104E+00 0.2096511E-01 0.8863517E+00 0.2880278E+00 0.1830856E-01 0.9004903E+00 0.2881294E+00 0.1564852E-01
 XYZ  0.9142959E+00 0.2882149E+00 0.1299397E-01 0.9277446E+00 0.2882842E+00 0.1036081E-01 0.9407993E+00 0.2883373E+00 0.7752921E-02
 XYZ  0.9534525E+00 0.2883749E+00 0.5169848E-02 0.9656906E+00 0.2883972E+00 0.2636878E-02 0.9774581E+00 0.2884050E+00 0.1637653E-03
 XYZ  0.9887463E+00 0.2883992E+00-0.2274657E-02 0.9995880E+00 0.2883807E+00-0.4644006E-02 0.1009903E+01 0.2883513E+00-0.6904472E-02
 XYZ  0.1019655E+01 0.2883119E+00-0.9095720E-02 0.1028875E+01 0.2882638E+00-0.1120088E-01 0.1037514E+01 0.2882091E+00-0.1319209E-01
 XYZ  0.1045546E+01 0.2881489E+00-0.1508553E-01 0.1052977E+01 0.2880846E+00-0.1687238E-01 0.1059784E+01 0.2880182E+00-0.1853970E-01
 XYZ  0.1065965E+01 0.2879512E+00-0.2008307E-01 0.1071506E+01 0.2878863E+00-0.2147148E-01 0.1076349E+01 0.2878252E+00-0.2270069E-01
 XYZ  0.1080495E+01 0.2877685E+00-0.2378731E-01 0.1083950E+01 0.2877182E+00-0.2470909E-01 0.1086686E+01 0.2876767E+00-0.2544604E-01
 XYZ  0.1088676E+01 0.2876454E+00-0.2598772E-01 0.1089895E+01 0.2876257E+00-0.2632315E-01 0.1090310E+01 0.2876188E+00-0.2643838E-01
 LMN  1812028 4 0 0 0 0 0 0 0 0 0 0 0 0 0 0 0 0 0 0 0 0
 XYZ  0.2399969E+00 0.3414649E+00 0.3285238E-01 0.2410524E+00 0.3413269E+00 0.3557998E-01 0.2427966E+00 0.3411828E+00 0.3822355E-01
 XYZ  0.2449978E+00 0.3410307E+00 0.4083145E-01 0.2476851E+00 0.3408828E+00 0.4322003E-01 0.2510463E+00 0.3407376E+00 0.4544400E-01
 XYZ  0.2549970E+00 0.3405909E+00 0.4758878E-01 0.2594826E+00 0.3404480E+00 0.4959144E-01 0.2645491E+00 0.3403120E+00 0.5142529E-01
 XYZ  0.2702182E+00 0.3401845E+00 0.5308958E-01 0.2765230E+00 0.3400657E+00 0.5459512E-01 0.2834564E+00 0.3399540E+00 0.5597529E-01
 XYZ  0.2909925E+00 0.3398501E+00 0.5723115E-01 0.2991296E+00 0.3397539E+00 0.5836964E-01 0.3078351E+00 0.3396651E+00 0.5940164E-01
 XYZ  0.3170865E+00 0.3395862E+00 0.6030497E-01 0.3269061E+00 0.3395183E+00 0.6107265E-01 0.3372932E+00 0.3394589E+00 0.6173524E-01
 XYZ  0.3482059E+00 0.3394075E+00 0.6230423E-01 0.3596291E+00 0.3393649E+00 0.6277202E-01 0.3715500E+00 0.3393294E+00 0.6315841E-01
 XYZ  0.3839148E+00 0.3393002E+00 0.6347564E-01 0.3966734E+00 0.3392794E+00 0.6370058E-01 0.4098242E+00 0.3392701E+00 0.6379996E-01
 XYZ  0.4233919E+00 0.3392712E+00 0.6378805E-01 0.4373255E+00 0.3392796E+00 0.6369783E-01 0.4515757E+00 0.3392987E+00 0.6349120E-01
 XYZ  0.4661808E+00 0.3393292E+00 0.6316146E-01 0.4811116E+00 0.3393661E+00 0.6275833E-01 0.4962906E+00 0.3394105E+00 0.6227097E-01
 XYZ  0.5117107E+00 0.3394657E+00 0.6166058E-01 0.5273994E+00 0.3395300E+00 0.6094059E-01 0.5433213E+00 0.3395994E+00 0.6015556E-01
 XYZ  0.5594024E+00 0.3396735E+00 0.5930501E-01 0.5756109E+00 0.3397548E+00 0.5835875E-01 0.5919555E+00 0.3398434E+00 0.5731146E-01
 XYZ  0.6084126E+00 0.3399360E+00 0.5619536E-01 0.6249127E+00 0.3400327E+00 0.5500639E-01 0.6414416E+00 0.3401354E+00 0.5371645E-01
 XYZ  0.6579907E+00 0.3402426E+00 0.5233762E-01 0.6745201E+00 0.3403537E+00 0.5087018E-01 0.6910083E+00 0.3404686E+00 0.4930750E-01
 XYZ  0.7074274E+00 0.3405870E+00 0.4764454E-01 0.7237717E+00 0.3407090E+00 0.4587090E-01 0.7400280E+00 0.3408324E+00 0.4400411E-01
 XYZ  0.7561542E+00 0.3409569E+00 0.4203960E-01 0.7721488E+00 0.3410826E+00 0.3996178E-01 0.7880121E+00 0.3412073E+00 0.3778718E-01
 XYZ  0.8037094E+00 0.3413298E+00 0.3552450E-01 0.8192372E+00 0.3414501E+00 0.3315496E-01 0.8346290E+00 0.3415657E+00 0.3070821E-01
 XYZ  0.8498354E+00 0.3416735E+00 0.2823787E-01 0.8647950E+00 0.3417737E+00 0.2573335E-01 0.8795021E+00 0.3418659E+00 0.2318933E-01
 XYZ  0.8939385E+00 0.3419495E+00 0.2061719E-01 0.9080903E+00 0.3420239E+00 0.1802541E-01 0.9219359E+00 0.3420883E+00 0.1543074E-01
 XYZ  0.9354517E+00 0.3421427E+00 0.1284211E-01 0.9486137E+00 0.3421868E+00 0.1027528E-01 0.9613872E+00 0.3422208E+00 0.7733339E-02
 XYZ  0.9737644E+00 0.3422451E+00 0.5216583E-02 0.9857299E+00 0.3422597E+00 0.2750397E-02 0.9972319E+00 0.3422652E+00 0.3424877E-03
 XYZ  0.1008265E+01 0.3422622E+00-0.2031602E-02 0.1018853E+01 0.3422513E+00-0.4334565E-02 0.1028921E+01 0.3422336E+00-0.6531117E-02
 XYZ  0.1038439E+01 0.3422095E+00-0.8661277E-02 0.1047434E+01 0.3421801E+00-0.1070491E-01 0.1055856E+01 0.3421466E+00-0.1263734E-01
 XYZ  0.1063685E+01 0.3421096E+00-0.1447484E-01 0.1070925E+01 0.3420701E+00-0.1620744E-01 0.1077554E+01 0.3420292E+00-0.1782336E-01
 XYZ  0.1083569E+01 0.3419880E+00-0.1931754E-01 0.1088954E+01 0.3419482E+00-0.2065947E-01 0.1093659E+01 0.3419108E+00-0.2184773E-01
 XYZ  0.1097685E+01 0.3418759E+00-0.2289777E-01 0.1101037E+01 0.3418451E+00-0.2378690E-01 0.1103686E+01 0.3418197E+00-0.2449669E-01
 XYZ  0.1105611E+01 0.3418006E+00-0.2501760E-01 0.1106789E+01 0.3417886E+00-0.2533962E-01 0.1107188E+01 0.3417844E+00-0.2545004E-01
 LMN  1812028 5 1 0 0 0 0 0 0 0 0 0 0 0 0 0 0 0 0 0 0 0
 XYZ  0.2828268E+00 0.4027438E+00 0.3101495E-01 0.2838227E+00 0.4026568E+00 0.3377192E-01 0.2854057E+00 0.4025675E+00 0.3638862E-01
 XYZ  0.2875017E+00 0.4024748E+00 0.3892284E-01 0.2901085E+00 0.4023829E+00 0.4128301E-01 0.2933324E+00 0.4022925E+00 0.4348359E-01
 XYZ  0.2971444E+00 0.4022017E+00 0.4558802E-01 0.3014938E+00 0.4021125E+00 0.4756586E-01 0.3064008E+00 0.4020274E+00 0.4938305E-01
 XYZ  0.3118914E+00 0.4019474E+00 0.5103164E-01 0.3179976E+00 0.4018730E+00 0.5252202E-01 0.3247164E+00 0.4018029E+00 0.5388770E-01
 XYZ  0.3320220E+00 0.4017375E+00 0.5513267E-01 0.3399120E+00 0.4016770E+00 0.5626151E-01 0.3483591E+00 0.4016210E+00 0.5728738E-01
 XYZ  0.3573374E+00 0.4015708E+00 0.5819104E-01 0.3668638E+00 0.4015274E+00 0.5896138E-01 0.3769419E+00 0.4014896E+00 0.5962654E-01
 XYZ  0.3875336E+00 0.4014565E+00 0.6020152E-01 0.3986205E+00 0.4014288E+00 0.6067827E-01 0.4101925E+00 0.4014057E+00 0.6107370E-01
 XYZ  0.4222020E+00 0.4013864E+00 0.6140278E-01 0.4345996E+00 0.4013721E+00 0.6164536E-01 0.4473781E+00 0.4013648E+00 0.6176798E-01
 XYZ  0.4605605E+00 0.4013642E+00 0.6177887E-01 0.4741054E+00 0.4013680E+00 0.6171373E-01 0.4879602E+00 0.4013783E+00 0.6153938E-01
 XYZ  0.5021564E+00 0.4013958E+00 0.6124240E-01 0.5166736E+00 0.4014176E+00 0.6087153E-01 0.5314385E+00 0.4014437E+00 0.6042178E-01
 XYZ  0.5464374E+00 0.4014765E+00 0.5985369E-01 0.5616957E+00 0.4015153E+00 0.5917607E-01 0.5771840E+00 0.4015572E+00 0.5843321E-01
 XYZ  0.5928330E+00 0.4016021E+00 0.5762793E-01 0.6086087E+00 0.4016515E+00 0.5673095E-01 0.6245172E+00 0.4017054E+00 0.5573416E-01
 XYZ  0.6405387E+00 0.4017621E+00 0.5466864E-01 0.6566081E+00 0.4018212E+00 0.5353336E-01 0.6727079E+00 0.4018842E+00 0.5229974E-01
 XYZ  0.6888306E+00 0.4019501E+00 0.5097812E-01 0.7049384E+00 0.4020184E+00 0.4957010E-01 0.7210094E+00 0.4020893E+00 0.4806848E-01
 XYZ  0.7370171E+00 0.4021624E+00 0.4646876E-01 0.7529539E+00 0.4022379E+00 0.4476014E-01 0.7688073E+00 0.4023144E+00 0.4295932E-01
 XYZ  0.7845373E+00 0.4023917E+00 0.4106285E-01 0.8001403E+00 0.4024698E+00 0.3905485E-01 0.8156157E+00 0.4025475E+00 0.3695122E-01
 XYZ  0.8309305E+00 0.4026238E+00 0.3476101E-01 0.8460798E+00 0.4026989E+00 0.3246590E-01 0.8610924E+00 0.4027712E+00 0.3009493E-01
 XYZ  0.8759218E+00 0.4028386E+00 0.2770086E-01 0.8905102E+00 0.4029013E+00 0.2527324E-01 0.9048511E+00 0.4029592E+00 0.2280687E-01
 XYZ  0.9189263E+00 0.4030118E+00 0.2031300E-01 0.9327218E+00 0.4030586E+00 0.1780014E-01 0.9462161E+00 0.4030993E+00 0.1528473E-01
 XYZ  0.9593862E+00 0.4031337E+00 0.1277554E-01 0.9722085E+00 0.4031618E+00 0.1028804E-01 0.9846502E+00 0.4031836E+00 0.7824698E-02
 XYZ  0.9967034E+00 0.4031994E+00 0.5386380E-02 0.1008352E+01 0.4032092E+00 0.2998223E-02 0.1019547E+01 0.4032134E+00 0.6663021E-03
 XYZ  0.1030284E+01 0.4032123E+00-0.1632885E-02 0.1040583E+01 0.4032063E+00-0.3860459E-02 0.1050372E+01 0.4031960E+00-0.5984927E-02
 XYZ  0.1059627E+01 0.4031819E+00-0.8045844E-02 0.1068369E+01 0.4031644E+00-0.1002109E-01 0.1076552E+01 0.4031444E+00-0.1188862E-01
 XYZ  0.1084157E+01 0.4031222E+00-0.1366443E-01 0.1091187E+01 0.4030985E+00-0.1533791E-01 0.1097621E+01 0.4030739E+00-0.1689824E-01
 XYZ  0.1103457E+01 0.4030490E+00-0.1833991E-01 0.1108678E+01 0.4030250E+00-0.1963324E-01 0.1113238E+01 0.4030024E+00-0.2077869E-01
 XYZ  0.1117138E+01 0.4029814E+00-0.2179066E-01 0.1120382E+01 0.4029628E+00-0.2264647E-01 0.1122945E+01 0.4029475E+00-0.2332898E-01
 XYZ  0.1124805E+01 0.4029359E+00-0.2382934E-01 0.1125941E+01 0.4029287E+00-0.2413830E-01 0.1126326E+01 0.4029262E+00-0.2424410E-01
 SHK     1 0.3043484E+00 0.4020630E+00 0.4862301E-01 0.1088144E+01 0.3373508E+02 0.1010461E+02 0.2665287E+02
 LMN  1812028 6 1 0 0 0 0 0 0 0 0 0 0 0 0 0 0 0 0 0 0 0
 XYZ  0.3312417E+00 0.4720434E+00 0.2915287E-01 0.3322011E+00 0.4719903E+00 0.3187069E-01 0.3336835E+00 0.4719356E+00 0.3444508E-01
 XYZ  0.3356784E+00 0.4718793E+00 0.3691109E-01 0.3381892E+00 0.4718232E+00 0.3921972E-01 0.3412844E+00 0.4717677E+00 0.4137704E-01
 XYZ  0.3449532E+00 0.4717121E+00 0.4343202E-01 0.3491525E+00 0.4716573E+00 0.4536877E-01 0.3538900E+00 0.4716047E+00 0.4715338E-01
 XYZ  0.3591904E+00 0.4715553E+00 0.4877319E-01 0.3650850E+00 0.4715092E+00 0.5023726E-01 0.3715734E+00 0.4714658E+00 0.5157877E-01
 XYZ  0.3786306E+00 0.4714252E+00 0.5280385E-01 0.3862534E+00 0.4713875E+00 0.5391554E-01 0.3944182E+00 0.4713526E+00 0.5492796E-01
 XYZ  0.4030979E+00 0.4713211E+00 0.5582429E-01 0.4123058E+00 0.4712938E+00 0.5659121E-01 0.4220472E+00 0.4712699E+00 0.5725457E-01
 XYZ  0.4322873E+00 0.4712489E+00 0.5783126E-01 0.4430063E+00 0.4712312E+00 0.5831343E-01 0.4541955E+00 0.4712163E+00 0.5871574E-01
 XYZ  0.4658116E+00 0.4712037E+00 0.5905446E-01 0.4778073E+00 0.4711940E+00 0.5931169E-01 0.4901719E+00 0.4711887E+00 0.5945460E-01
 XYZ  0.5029262E+00 0.4711874E+00 0.5948749E-01 0.5160357E+00 0.4711890E+00 0.5944670E-01 0.5294471E+00 0.4711944E+00 0.5930307E-01
 XYZ  0.5431868E+00 0.4712042E+00 0.5903932E-01 0.5572395E+00 0.4712168E+00 0.5870237E-01 0.5715362E+00 0.4712320E+00 0.5829104E-01
 XYZ  0.5860598E+00 0.4712513E+00 0.5776627E-01 0.6008333E+00 0.4712743E+00 0.5713384E-01 0.6158311E+00 0.4712993E+00 0.5643697E-01
 XYZ  0.6309884E+00 0.4713262E+00 0.5568055E-01 0.6462707E+00 0.4713558E+00 0.5483634E-01 0.6616819E+00 0.4713883E+00 0.5389467E-01
 XYZ  0.6772045E+00 0.4714224E+00 0.5288531E-01 0.6927776E+00 0.4714582E+00 0.5180907E-01 0.7083820E+00 0.4714963E+00 0.5063762E-01
 XYZ  0.7240107E+00 0.4715363E+00 0.4937997E-01 0.7396278E+00 0.4715779E+00 0.4803848E-01 0.7552116E+00 0.4716210E+00 0.4660574E-01
 XYZ  0.7707368E+00 0.4716657E+00 0.4507757E-01 0.7861945E+00 0.4717118E+00 0.4344313E-01 0.8015731E+00 0.4717586E+00 0.4171832E-01
 XYZ  0.8168342E+00 0.4718060E+00 0.3990039E-01 0.8319731E+00 0.4718539E+00 0.3797355E-01 0.8469884E+00 0.4719017E+00 0.3595309E-01
 XYZ  0.8618489E+00 0.4719487E+00 0.3384809E-01 0.8765485E+00 0.4719949E+00 0.3164079E-01 0.8911128E+00 0.4720395E+00 0.2935960E-01
 XYZ  0.9054973E+00 0.4720812E+00 0.2705590E-01 0.9196480E+00 0.4721200E+00 0.2471934E-01 0.9335575E+00 0.4721559E+00 0.2234494E-01
 XYZ  0.9472082E+00 0.4721885E+00 0.1994368E-01 0.9605859E+00 0.4722176E+00 0.1752401E-01 0.9736694E+00 0.4722430E+00 0.1510189E-01
 XYZ  0.9864368E+00 0.4722646E+00 0.1268589E-01 0.9988647E+00 0.4722823E+00 0.1029103E-01 0.1010922E+01 0.4722962E+00 0.7919311E-02
 XYZ  0.1022602E+01 0.4723064E+00 0.5571993E-02 0.1033886E+01 0.4723130E+00 0.3273701E-02 0.1044729E+01 0.4723161E+00 0.1029226E-02
 XYZ  0.1055129E+01 0.4723160E+00-0.1183869E-02 0.1065100E+01 0.4723128E+00-0.3326144E-02 0.1074575E+01 0.4723071E+00-0.5369275E-02
 XYZ  0.1083533E+01 0.4722990E+00-0.7351851E-02 0.1091991E+01 0.4722889E+00-0.9250700E-02 0.1099906E+01 0.4722771E+00-0.1104595E-01
 XYZ  0.1107263E+01 0.4722641E+00-0.1275313E-01 0.1114060E+01 0.4722500E+00-0.1436134E-01 0.1120281E+01 0.4722355E+00-0.1586058E-01
 XYZ  0.1125921E+01 0.4722207E+00-0.1724508E-01 0.1130963E+01 0.4722065E+00-0.1848616E-01 0.1135366E+01 0.4721930E+00-0.1958558E-01
 XYZ  0.1139132E+01 0.4721805E+00-0.2055675E-01 0.1142262E+01 0.4721695E+00-0.2137734E-01 0.1144733E+01 0.4721603E+00-0.2203131E-01
 XYZ  0.1146524E+01 0.4721535E+00-0.2251041E-01 0.1147618E+01 0.4721492E+00-0.2280599E-01 0.1147989E+01 0.4721477E+00-0.2290712E-01
 SHK     1 0.3522180E+00 0.4716232E+00 0.4652356E-01 0.1129995E+01 0.3377370E+02 0.1050193E+02 0.2563062E+02
 LMN  1812028 7 1 0 0 0 0 0 0 0 0 0 0 0 0 0 0 0 0 0 0 0
 XYZ  0.3867545E+00 0.5514592E+00 0.2717956E-01 0.3876737E+00 0.5514276E+00 0.2982099E-01 0.3890720E+00 0.5513949E+00 0.3233019E-01
 XYZ  0.3909650E+00 0.5513613E+00 0.3471757E-01 0.3933677E+00 0.5513277E+00 0.3695594E-01 0.3963284E+00 0.5512944E+00 0.3905218E-01
 XYZ  0.3998423E+00 0.5512610E+00 0.4104517E-01 0.4038731E+00 0.5512280E+00 0.4292638E-01 0.4084222E+00 0.5511962E+00 0.4466407E-01
 XYZ  0.4135117E+00 0.5511662E+00 0.4624275E-01 0.4191718E+00 0.5511383E+00 0.4767012E-01 0.4254038E+00 0.5511119E+00 0.4897857E-01
 XYZ  0.4321839E+00 0.5510872E+00 0.5017561E-01 0.4395081E+00 0.5510642E+00 0.5126333E-01 0.4473556E+00 0.5510428E+00 0.5225604E-01
 XYZ  0.4556994E+00 0.5510234E+00 0.5313886E-01 0.4645501E+00 0.5510065E+00 0.5389742E-01 0.4739136E+00 0.5509917E+00 0.5455551E-01
 XYZ  0.4837582E+00 0.5509786E+00 0.5513087E-01 0.4940634E+00 0.5509674E+00 0.5561606E-01 0.5048213E+00 0.5509580E+00 0.5602398E-01
 XYZ  0.5159922E+00 0.5509498E+00 0.5637137E-01 0.5275310E+00 0.5509435E+00 0.5664207E-01 0.5394254E+00 0.5509397E+00 0.5680427E-01
 XYZ  0.5516941E+00 0.5509384E+00 0.5685973E-01 0.5643070E+00 0.5509387E+00 0.5684437E-01 0.5772122E+00 0.5509414E+00 0.5673216E-01
 XYZ  0.5904320E+00 0.5509467E+00 0.5650383E-01 0.6039543E+00 0.5509538E+00 0.5620409E-01 0.6177143E+00 0.5509624E+00 0.5583420E-01
 XYZ  0.6316932E+00 0.5509734E+00 0.5535611E-01 0.6459117E+00 0.5509867E+00 0.5477359E-01 0.6603471E+00 0.5510014E+00 0.5412833E-01
 XYZ  0.6749385E+00 0.5510171E+00 0.5342642E-01 0.6896519E+00 0.5510344E+00 0.5264078E-01 0.7044898E+00 0.5510535E+00 0.5176096E-01
 XYZ  0.7194362E+00 0.5510737E+00 0.5081530E-01 0.7344340E+00 0.5510949E+00 0.4980571E-01 0.7494633E+00 0.5511175E+00 0.4870455E-01
 XYZ  0.7645174E+00 0.5511413E+00 0.4751979E-01 0.7795623E+00 0.5511660E+00 0.4625421E-01 0.7945768E+00 0.5511918E+00 0.4490036E-01
 XYZ  0.8095367E+00 0.5512184E+00 0.4345433E-01 0.8244327E+00 0.5512461E+00 0.4190543E-01 0.8392535E+00 0.5512742E+00 0.4026880E-01
 XYZ  0.8539628E+00 0.5513027E+00 0.3854209E-01 0.8685549E+00 0.5513315E+00 0.3670989E-01 0.8830281E+00 0.5513603E+00 0.3478682E-01
 XYZ  0.8973526E+00 0.5513887E+00 0.3278182E-01 0.9115220E+00 0.5514167E+00 0.3067776E-01 0.9255590E+00 0.5514437E+00 0.2850229E-01
 XYZ  0.9394214E+00 0.5514690E+00 0.2630497E-01 0.9530582E+00 0.5514926E+00 0.2407559E-01 0.9664618E+00 0.5515145E+00 0.2180943E-01
 XYZ  0.9796152E+00 0.5515344E+00 0.1951709E-01 0.9925042E+00 0.5515522E+00 0.1720685E-01 0.1005109E+01 0.5515678E+00 0.1489410E-01
 XYZ  0.1017407E+01 0.5515812E+00 0.1258709E-01 0.1029377E+01 0.5515922E+00 0.1030030E-01 0.1040989E+01 0.5516009E+00 0.8035333E-02
 XYZ  0.1052235E+01 0.5516075E+00 0.5793733E-02 0.1063099E+01 0.5516118E+00 0.3599361E-02 0.1073538E+01 0.5516141E+00 0.1456004E-02
 XYZ  0.1083549E+01 0.5516144E+00-0.6576457E-03 0.1093145E+01 0.5516130E+00-0.2702381E-02 0.1102261E+01 0.5516100E+00-0.4652589E-02
 XYZ  0.1110880E+01 0.5516055E+00-0.6545532E-02 0.1119016E+01 0.5515998E+00-0.8357691E-02 0.1126629E+01 0.5515932E+00-0.1007104E-01
 XYZ  0.1133704E+01 0.5515857E+00-0.1170051E-01 0.1140240E+01 0.5515777E+00-0.1323520E-01 0.1146219E+01 0.5515693E+00-0.1466582E-01
 XYZ  0.1151640E+01 0.5515607E+00-0.1598651E-01 0.1156484E+01 0.5515525E+00-0.1716974E-01 0.1160713E+01 0.5515447E+00-0.1821815E-01
 XYZ  0.1164330E+01 0.5515374E+00-0.1914423E-01 0.1167334E+01 0.5515310E+00-0.1992626E-01 0.1169705E+01 0.5515257E+00-0.2054921E-01
 XYZ  0.1171423E+01 0.5515217E+00-0.2100535E-01 0.1172471E+01 0.5515192E+00-0.2128662E-01 0.1172826E+01 0.5515183E+00-0.2138278E-01
 SHK     1 0.4073456E+00 0.5512037E+00 0.4425282E-01 0.1167470E+01 0.3442240E+02 0.1100301E+02 0.2831828E+02
 LMN  1812028 8 1 1 0 0 0 0 0 0 0 0 0 0 0 0 0 0 0 0 0 0
 XYZ  0.4520640E+00 0.6448453E+00 0.2497561E-01 0.4529345E+00 0.6448273E+00 0.2751080E-01 0.4542494E+00 0.6448084E+00 0.2992847E-01
 XYZ  0.4560340E+00 0.6447891E+00 0.3221963E-01 0.4583132E+00 0.6447697E+00 0.3436825E-01 0.4611235E+00 0.6447504E+00 0.3638439E-01
 XYZ  0.4644620E+00 0.6447311E+00 0.3829982E-01 0.4682981E+00 0.6447119E+00 0.4010985E-01 0.4726293E+00 0.6446933E+00 0.4178551E-01
 XYZ  0.4774754E+00 0.6446758E+00 0.4330976E-01 0.4828652E+00 0.6446594E+00 0.4468914E-01 0.4888010E+00 0.6446439E+00 0.4595485E-01
 XYZ  0.4952603E+00 0.6446293E+00 0.4711517E-01 0.5022387E+00 0.6446157E+00 0.4817160E-01 0.5097175E+00 0.6446030E+00 0.4913814E-01
 XYZ  0.5176704E+00 0.6445915E+00 0.5000151E-01 0.5261062E+00 0.6445814E+00 0.5074704E-01 0.5350308E+00 0.6445724E+00 0.5139666E-01
 XYZ  0.5444151E+00 0.6445645E+00 0.5196819E-01 0.5542388E+00 0.6445576E+00 0.5245468E-01 0.5644945E+00 0.6445518E+00 0.5286762E-01
 XYZ  0.5751458E+00 0.6445467E+00 0.5322357E-01 0.5861499E+00 0.6445426E+00 0.5350786E-01 0.5974938E+00 0.6445400E+00 0.5369002E-01
 XYZ  0.6091943E+00 0.6445388E+00 0.5377016E-01 0.6212250E+00 0.6445386E+00 0.5378304E-01 0.6335359E+00 0.6445398E+00 0.5370522E-01
 XYZ  0.6461460E+00 0.6445425E+00 0.5351662E-01 0.6590456E+00 0.6445462E+00 0.5325951E-01 0.6721739E+00 0.6445508E+00 0.5293662E-01
 XYZ  0.6855117E+00 0.6445568E+00 0.5251139E-01 0.6990776E+00 0.6445642E+00 0.5198622E-01 0.7128510E+00 0.6445724E+00 0.5140094E-01
 XYZ  0.7267751E+00 0.6445812E+00 0.5076216E-01 0.7408168E+00 0.6445909E+00 0.5004412E-01 0.7549775E+00 0.6446017E+00 0.4923610E-01
 XYZ  0.7692428E+00 0.6446132E+00 0.4836494E-01 0.7835589E+00 0.6446253E+00 0.4743309E-01 0.7979063E+00 0.6446382E+00 0.4641395E-01
 XYZ  0.8122784E+00 0.6446518E+00 0.4531466E-01 0.8266430E+00 0.6446660E+00 0.4413816E-01 0.8409799E+00 0.6446808E+00 0.4287713E-01
 XYZ  0.8552661E+00 0.6446962E+00 0.4152786E-01 0.8694920E+00 0.6447122E+00 0.4008000E-01 0.8836469E+00 0.6447285E+00 0.3854787E-01
 XYZ  0.8976965E+00 0.6447450E+00 0.3692940E-01 0.9116348E+00 0.6447618E+00 0.3520969E-01 0.9254596E+00 0.6447786E+00 0.3340272E-01
 XYZ  0.9391428E+00 0.6447952E+00 0.3151704E-01 0.9526778E+00 0.6448116E+00 0.2953631E-01 0.9660851E+00 0.6448274E+00 0.2748719E-01
 XYZ  0.9793245E+00 0.6448423E+00 0.2541696E-01 0.9923483E+00 0.6448562E+00 0.2331562E-01 0.1005149E+01 0.6448691E+00 0.2117875E-01
 XYZ  0.1017710E+01 0.6448809E+00 0.1901648E-01 0.1030018E+01 0.6448915E+00 0.1683679E-01 0.1042053E+01 0.6449009E+00 0.1465433E-01
 XYZ  0.1053794E+01 0.6449089E+00 0.1247698E-01 0.1065222E+01 0.6449156E+00 0.1031856E-01 0.1076306E+01 0.6449210E+00 0.8180312E-02
 XYZ  0.1087041E+01 0.6449251E+00 0.6063962E-02 0.1097410E+01 0.6449279E+00 0.3992366E-02 0.1107372E+01 0.6449296E+00 0.1968490E-02
 XYZ  0.1116925E+01 0.6449301E+00-0.2774960E-04 0.1126081E+01 0.6449296E+00-0.1958065E-02 0.1134777E+01 0.6449281E+00-0.3799290E-02
 XYZ  0.1142999E+01 0.6449258E+00-0.5587025E-02 0.1150759E+01 0.6449228E+00-0.7297963E-02 0.1158019E+01 0.6449193E+00-0.8915748E-02
 XYZ  0.1164765E+01 0.6449152E+00-0.1045459E-01 0.1170997E+01 0.6449108E+00-0.1190382E-01 0.1176698E+01 0.6449062E+00-0.1325482E-01
 XYZ  0.1181864E+01 0.6449015E+00-0.1450177E-01 0.1186480E+01 0.6448969E+00-0.1561851E-01 0.1190510E+01 0.6448926E+00-0.1660823E-01
 XYZ  0.1193955E+01 0.6448885E+00-0.1748255E-01 0.1196816E+01 0.6448850E+00-0.1822059E-01 0.1199073E+01 0.6448820E+00-0.1880831E-01
 XYZ  0.1200709E+01 0.6448798E+00-0.1923851E-01 0.1201706E+01 0.6448784E+00-0.1950369E-01 0.1202043E+01 0.6448779E+00-0.1959431E-01
 SHK     1 0.4725048E+00 0.6446938E+00 0.4173736E-01 0.1205973E+01 0.3481390E+02 0.1168444E+02 0.2655694E+02
 SHK     1 0.4769254E+00 0.6445833E+00 0.5059704E-01 0.1071511E+01 0.3481390E+02 0.1045817E+02 0.2562505E+02
 LMN  1812028 9 1 1 0 0 0 0 0 0 0 0 0 0 0 0 0 0 0 0 0 0
 XYZ  0.5322667E+00 0.7594895E+00 0.2235964E-01 0.5330767E+00 0.7594798E+00 0.2475495E-01 0.5342986E+00 0.7594697E+00 0.2704786E-01
 XYZ  0.5359595E+00 0.7594593E+00 0.2921615E-01 0.5380911E+00 0.7594489E+00 0.3124948E-01 0.5407226E+00 0.7594384E+00 0.3316099E-01
 XYZ  0.5438512E+00 0.7594279E+00 0.3497717E-01 0.5474510E+00 0.7594174E+00 0.3669544E-01 0.5515175E+00 0.7594072E+00 0.3828968E-01
 XYZ  0.5560684E+00 0.7593976E+00 0.3974238E-01 0.5611305E+00 0.7593885E+00 0.4105910E-01 0.5667066E+00 0.7593800E+00 0.4226940E-01
 XYZ  0.5727757E+00 0.7593719E+00 0.4338181E-01 0.5793334E+00 0.7593643E+00 0.4439741E-01 0.5863627E+00 0.7593572E+00 0.4532960E-01
 XYZ  0.5938388E+00 0.7593507E+00 0.4616647E-01 0.6017688E+00 0.7593450E+00 0.4689360E-01 0.6101585E+00 0.7593399E+00 0.4753107E-01
 XYZ  0.6189813E+00 0.7593353E+00 0.4809625E-01 0.6282175E+00 0.7593313E+00 0.4858265E-01 0.6378603E+00 0.7593278E+00 0.4900055E-01
 XYZ  0.6478764E+00 0.7593248E+00 0.4936587E-01 0.6582257E+00 0.7593223E+00 0.4966521E-01 0.6688954E+00 0.7593205E+00 0.4986985E-01
 XYZ  0.6799005E+00 0.7593196E+00 0.4997889E-01 0.6912173E+00 0.7593192E+00 0.5002527E-01 0.7027988E+00 0.7593195E+00 0.4998780E-01
 XYZ  0.7146615E+00 0.7593207E+00 0.4984656E-01 0.7267971E+00 0.7593225E+00 0.4964098E-01 0.7391493E+00 0.7593247E+00 0.4937457E-01
 XYZ  0.7516992E+00 0.7593277E+00 0.4901274E-01 0.7644635E+00 0.7593315E+00 0.4855702E-01 0.7774235E+00 0.7593357E+00 0.4804483E-01
 XYZ  0.7905264E+00 0.7593402E+00 0.4748288E-01 0.8037410E+00 0.7593453E+00 0.4684693E-01 0.8170681E+00 0.7593510E+00 0.4612642E-01
 XYZ  0.8304941E+00 0.7593571E+00 0.4534640E-01 0.8439693E+00 0.7593635E+00 0.4450957E-01 0.8574749E+00 0.7593703E+00 0.4359071E-01
 XYZ  0.8710045E+00 0.7593776E+00 0.4259620E-01 0.8845282E+00 0.7593852E+00 0.4152898E-01 0.8980267E+00 0.7593932E+00 0.4038198E-01
 XYZ  0.9114785E+00 0.7594015E+00 0.3915170E-01 0.9248744E+00 0.7594102E+00 0.3782828E-01 0.9382040E+00 0.7594191E+00 0.3642511E-01
 XYZ  0.9514352E+00 0.7594281E+00 0.3494026E-01 0.9645623E+00 0.7594373E+00 0.3335966E-01 0.9775827E+00 0.7594465E+00 0.3169642E-01
 XYZ  0.9904700E+00 0.7594556E+00 0.2995858E-01 0.1003218E+01 0.7594646E+00 0.2813074E-01 0.1015845E+01 0.7594734E+00 0.2623828E-01
 XYZ  0.1028313E+01 0.7594816E+00 0.2432558E-01 0.1040577E+01 0.7594894E+00 0.2238297E-01 0.1052632E+01 0.7594966E+00 0.2040634E-01
 XYZ  0.1064460E+01 0.7595032E+00 0.1840522E-01 0.1076049E+01 0.7595092E+00 0.1638715E-01 0.1087381E+01 0.7595145E+00 0.1436590E-01
 XYZ  0.1098436E+01 0.7595191E+00 0.1234884E-01 0.1109194E+01 0.7595230E+00 0.1034891E-01 0.1119629E+01 0.7595261E+00 0.8367096E-02
 XYZ  0.1129734E+01 0.7595286E+00 0.6405164E-02 0.1139493E+01 0.7595304E+00 0.4484664E-02 0.1148869E+01 0.7595315E+00 0.2607862E-02
 XYZ  0.1157861E+01 0.7595321E+00 0.7560584E-03 0.1166477E+01 0.7595320E+00-0.1034080E-02 0.1174659E+01 0.7595315E+00-0.2741778E-02
 XYZ  0.1182395E+01 0.7595305E+00-0.4400550E-02 0.1189696E+01 0.7595291E+00-0.5987835E-02 0.1196526E+01 0.7595273E+00-0.7488908E-02
 XYZ  0.1202872E+01 0.7595253E+00-0.8917125E-02 0.1208734E+01 0.7595231E+00-0.1026223E-01 0.1214096E+01 0.7595208E+00-0.1151635E-01
 XYZ  0.1218954E+01 0.7595184E+00-0.1267382E-01 0.1223293E+01 0.7595161E+00-0.1371014E-01 0.1227081E+01 0.7595139E+00-0.1462883E-01
 XYZ  0.1230320E+01 0.7595118E+00-0.1544059E-01 0.1233009E+01 0.7595099E+00-0.1612568E-01 0.1235129E+01 0.7595084E+00-0.1667114E-01
 XYZ  0.1236665E+01 0.7595073E+00-0.1707032E-01 0.1237601E+01 0.7595065E+00-0.1731632E-01 0.1237918E+01 0.7595063E+00-0.1740036E-01
 SHK     1 0.5547765E+00 0.7594003E+00 0.3932999E-01 0.1246255E+01 0.3489076E+02 0.1268813E+02 0.2368696E+02
 SHK     1 0.5539357E+00 0.7593510E+00 0.4613161E-01 0.1120195E+01 0.3489076E+02 0.1104658E+02 0.2474142E+02
 LMN  181202810 1 1 1 0 0 0 0 0 0 0 0 0 0 0 0 0 0 0 0 0
 XYZ  0.6369843E+00 0.9091434E+00 0.1901889E-01 0.6377156E+00 0.9091389E+00 0.2122547E-01 0.6388223E+00 0.9091341E+00 0.2334490E-01
 XYZ  0.6403299E+00 0.9091291E+00 0.2534771E-01 0.6422731E+00 0.9091241E+00 0.2722650E-01 0.6446758E+00 0.9091191E+00 0.2899626E-01
 XYZ  0.6475352E+00 0.9091140E+00 0.3067934E-01 0.6508293E+00 0.9091089E+00 0.3227427E-01 0.6545528E+00 0.9091039E+00 0.3375791E-01
 XYZ  0.6587210E+00 0.9090992E+00 0.3511328E-01 0.6633585E+00 0.9090947E+00 0.3634509E-01 0.6684683E+00 0.9090905E+00 0.3748063E-01
 XYZ  0.6740311E+00 0.9090865E+00 0.3852820E-01 0.6800427E+00 0.9090827E+00 0.3948858E-01 0.6864878E+00 0.9090791E+00 0.4037415E-01
 XYZ  0.6933437E+00 0.9090758E+00 0.4117431E-01 0.7006162E+00 0.9090729E+00 0.4187547E-01 0.7083107E+00 0.9090702E+00 0.4249571E-01
 XYZ  0.7164032E+00 0.9090678E+00 0.4305127E-01 0.7248753E+00 0.9090657E+00 0.4353623E-01 0.7337209E+00 0.9090638E+00 0.4395965E-01
 XYZ  0.7429098E+00 0.9090621E+00 0.4433629E-01 0.7524058E+00 0.9090607E+00 0.4465403E-01 0.7621963E+00 0.9090596E+00 0.4488644E-01
 XYZ  0.7722949E+00 0.9090590E+00 0.4503209E-01 0.7826804E+00 0.9090586E+00 0.4512130E-01 0.7933098E+00 0.9090585E+00 0.4513508E-01
 XYZ  0.8041973E+00 0.9090589E+00 0.4505452E-01 0.8153358E+00 0.9090595E+00 0.4491559E-01 0.8266741E+00 0.9090604E+00 0.4472196E-01
 XYZ  0.8381945E+00 0.9090617E+00 0.4444175E-01 0.8499118E+00 0.9090633E+00 0.4407592E-01 0.8618090E+00 0.9090651E+00 0.4365875E-01
 XYZ  0.8738383E+00 0.9090672E+00 0.4319659E-01 0.8859710E+00 0.9090695E+00 0.4266711E-01 0.8982074E+00 0.9090721E+00 0.4206032E-01
 XYZ  0.9105351E+00 0.9090749E+00 0.4139910E-01 0.9229091E+00 0.9090778E+00 0.4068599E-01 0.9353117E+00 0.9090810E+00 0.3989771E-01
 XYZ  0.9477371E+00 0.9090845E+00 0.3903993E-01 0.9601580E+00 0.9090881E+00 0.3811532E-01 0.9725565E+00 0.9090919E+00 0.3711728E-01
 XYZ  0.9849131E+00 0.9090959E+00 0.3604251E-01 0.9972189E+00 0.9091000E+00 0.3488189E-01 0.1009464E+01 0.9091043E+00 0.3364764E-01
 XYZ  0.1021620E+01 0.9091087E+00 0.3233791E-01 0.1033681E+01 0.9091132E+00 0.3093972E-01 0.1045645E+01 0.9091177E+00 0.2946513E-01
 XYZ  0.1057486E+01 0.9091222E+00 0.2792141E-01 0.1069199E+01 0.9091266E+00 0.2629441E-01 0.1080801E+01 0.9091310E+00 0.2460770E-01
 XYZ  0.1092256E+01 0.9091351E+00 0.2290184E-01 0.1103525E+01 0.9091390E+00 0.2116765E-01 0.1114600E+01 0.9091426E+00 0.1940143E-01
 XYZ  0.1125467E+01 0.9091460E+00 0.1761185E-01 0.1136114E+01 0.9091490E+00 0.1580586E-01 0.1146525E+01 0.9091518E+00 0.1399602E-01
 XYZ  0.1156680E+01 0.9091542E+00 0.1218904E-01 0.1166562E+01 0.9091562E+00 0.1039673E-01 0.1176148E+01 0.9091579E+00 0.8619763E-02
 XYZ  0.1185430E+01 0.9091593E+00 0.6859890E-02 0.1194394E+01 0.9091604E+00 0.5136881E-02 0.1203005E+01 0.9091611E+00 0.3452348E-02
 XYZ  0.1211263E+01 0.9091616E+00 0.1789289E-02 0.1219175E+01 0.9091617E+00 0.1818374E-03 0.1226689E+01 0.9091616E+00-0.1351812E-02
 XYZ  0.1233793E+01 0.9091613E+00-0.2842437E-02 0.1240497E+01 0.9091608E+00-0.4268851E-02 0.1246767E+01 0.9091601E+00-0.5618105E-02
 XYZ  0.1252594E+01 0.9091593E+00-0.6902451E-02 0.1257975E+01 0.9091584E+00-0.8112336E-02 0.1262896E+01 0.9091574E+00-0.9240718E-02
 XYZ  0.1267356E+01 0.9091564E+00-0.1028228E-01 0.1271338E+01 0.9091553E+00-0.1121463E-01 0.1274814E+01 0.9091544E+00-0.1204147E-01
 XYZ  0.1277786E+01 0.9091534E+00-0.1277241E-01 0.1280253E+01 0.9091526E+00-0.1338928E-01 0.1282198E+01 0.9091519E+00-0.1388038E-01
 XYZ  0.1283606E+01 0.9091514E+00-0.1423977E-01 0.1284465E+01 0.9091511E+00-0.1446122E-01 0.1284755E+01 0.9091510E+00-0.1453687E-01
 SHK     1 0.6583504E+00 0.9090996E+00 0.3499278E-01 0.1301168E+01 0.3471496E+02 0.1347129E+02 0.2172657E+02
 SHK     1 0.6573634E+00 0.9090752E+00 0.4130918E-01 0.1165168E+01 0.3471496E+02 0.1176638E+02 0.2309206E+02
 SHK     1 0.6585718E+00 0.9090353E+00 0.4997018E-01 0.1052873E+01 0.3466640E+02 0.1035274E+02 0.2367012E+02
 LMN  181202811 0 1 1 0 0 0 0 0 0 0 0 0 0 0 0 0 0 0 0 0
 XYZ  0.7738325E+00 0.1104689E+01 0.1471266E-01 0.7744622E+00 0.1104687E+01 0.1666861E-01 0.7754229E+00 0.1104685E+01 0.1855277E-01
 XYZ  0.7767369E+00 0.1104683E+01 0.2033455E-01 0.7784378E+00 0.1104681E+01 0.2200817E-01 0.7805454E+00 0.1104679E+01 0.2358865E-01
 XYZ  0.7830569E+00 0.1104677E+01 0.2509484E-01 0.7859539E+00 0.1104675E+01 0.2652579E-01 0.7892310E+00 0.1104673E+01 0.2786151E-01
 XYZ  0.7929016E+00 0.1104671E+01 0.2908655E-01 0.7969870E+00 0.1104669E+01 0.3020496E-01 0.8014899E+00 0.1104667E+01 0.3124093E-01
 XYZ  0.8063936E+00 0.1104665E+01 0.3220198E-01 0.8116939E+00 0.1104664E+01 0.3308869E-01 0.8173777E+00 0.1104662E+01 0.3391197E-01
 XYZ  0.8234250E+00 0.1104661E+01 0.3466257E-01 0.8298404E+00 0.1104659E+01 0.3532829E-01 0.8366288E+00 0.1104658E+01 0.3592495E-01
 XYZ  0.8437690E+00 0.1104657E+01 0.3646696E-01 0.8512448E+00 0.1104656E+01 0.3694903E-01 0.8590508E+00 0.1104655E+01 0.3737894E-01
 XYZ  0.8671605E+00 0.1104654E+01 0.3776968E-01 0.8755421E+00 0.1104653E+01 0.3811052E-01 0.8841847E+00 0.1104653E+01 0.3837803E-01
 XYZ  0.8930996E+00 0.1104652E+01 0.3857066E-01 0.9022684E+00 0.1104652E+01 0.3871517E-01 0.9116536E+00 0.1104652E+01 0.3879484E-01
 XYZ  0.9212670E+00 0.1104652E+01 0.3879273E-01 0.9311024E+00 0.1104652E+01 0.3874042E-01 0.9411151E+00 0.1104652E+01 0.3864121E-01
 XYZ  0.9512893E+00 0.1104653E+01 0.3846679E-01 0.9616377E+00 0.1104653E+01 0.3821786E-01 0.9721453E+00 0.1104654E+01 0.3792457E-01
 XYZ  0.9827703E+00 0.1104655E+01 0.3759242E-01 0.9934873E+00 0.1104655E+01 0.3720156E-01 0.1004296E+01 0.1104656E+01 0.3674301E-01
 XYZ  0.1015187E+01 0.1104657E+01 0.3623686E-01 0.1026119E+01 0.1104659E+01 0.3568521E-01 0.1037077E+01 0.1104660E+01 0.3506736E-01
 XYZ  0.1048056E+01 0.1104661E+01 0.3438818E-01 0.1059031E+01 0.1104663E+01 0.3364993E-01 0.1069988E+01 0.1104664E+01 0.3284664E-01
 XYZ  0.1080908E+01 0.1104666E+01 0.3197526E-01 0.1091784E+01 0.1104668E+01 0.3102768E-01 0.1102608E+01 0.1104669E+01 0.3001461E-01
 XYZ  0.1113353E+01 0.1104671E+01 0.2893426E-01 0.1124015E+01 0.1104673E+01 0.2777511E-01 0.1134591E+01 0.1104675E+01 0.2654782E-01
 XYZ  0.1145060E+01 0.1104677E+01 0.2525865E-01 0.1155416E+01 0.1104679E+01 0.2389508E-01 0.1165673E+01 0.1104681E+01 0.2247819E-01
 XYZ  0.1175801E+01 0.1104682E+01 0.2104354E-01 0.1185763E+01 0.1104684E+01 0.1958265E-01 0.1195555E+01 0.1104686E+01 0.1809228E-01
 XYZ  0.1205163E+01 0.1104687E+01 0.1658002E-01 0.1214576E+01 0.1104689E+01 0.1505198E-01 0.1223780E+01 0.1104690E+01 0.1351912E-01
 XYZ  0.1232759E+01 0.1104691E+01 0.1198728E-01 0.1241495E+01 0.1104692E+01 0.1046677E-01 0.1249970E+01 0.1104693E+01 0.8957947E-02
 XYZ  0.1258175E+01 0.1104694E+01 0.7462438E-02 0.1266099E+01 0.1104694E+01 0.5997634E-02 0.1273712E+01 0.1104695E+01 0.4564517E-02
 XYZ  0.1281012E+01 0.1104695E+01 0.3148201E-02 0.1288006E+01 0.1104695E+01 0.1779172E-02 0.1294647E+01 0.1104695E+01 0.4727063E-03
 XYZ  0.1300926E+01 0.1104695E+01-0.7984010E-03 0.1306851E+01 0.1104695E+01-0.2015084E-02 0.1312393E+01 0.1104695E+01-0.3166414E-02
 XYZ  0.1317542E+01 0.1104695E+01-0.4263231E-02 0.1322298E+01 0.1104694E+01-0.5297008E-02 0.1326648E+01 0.1104694E+01-0.6261704E-02
 XYZ  0.1330588E+01 0.1104694E+01-0.7152547E-02 0.1334107E+01 0.1104693E+01-0.7949892E-02 0.1337178E+01 0.1104693E+01-0.8657406E-02
 XYZ  0.1339804E+01 0.1104693E+01-0.9283435E-02 0.1341983E+01 0.1104692E+01-0.9811892E-02 0.1343701E+01 0.1104692E+01-0.1023266E-01
 XYZ  0.1344945E+01 0.1104692E+01-0.1054060E-01 0.1345703E+01 0.1104692E+01-0.1073038E-01 0.1345959E+01 0.1104692E+01-0.1079520E-01
 SHK     1 0.7962245E+00 0.1104657E+01 0.3637666E-01 0.1190700E+01 0.3440925E+02 0.1274274E+02 0.2114715E+02
 SHK     1 0.7949062E+00 0.1104641E+01 0.4336924E-01 0.1082123E+01 0.3434882E+02 0.1113297E+02 0.2251270E+02
 LMN  181202812 0 1 1 1 0 0 0 0 0 0 0 0 0 0 0 0 0 0 0 0
 XYZ  0.9047007E+00 0.1291678E+01 0.1062374E-01 0.9052343E+00 0.1291678E+01 0.1233821E-01 0.9060575E+00 0.1291677E+01 0.1399313E-01
 XYZ  0.9071899E+00 0.1291676E+01 0.1556091E-01 0.9086613E+00 0.1291675E+01 0.1703674E-01 0.9104887E+00 0.1291674E+01 0.1843421E-01
 XYZ  0.9126696E+00 0.1291673E+01 0.1976973E-01 0.9151880E+00 0.1291673E+01 0.2104249E-01 0.9180394E+00 0.1291672E+01 0.2223508E-01
 XYZ  0.9212351E+00 0.1291671E+01 0.2333397E-01 0.9247938E+00 0.1291670E+01 0.2434273E-01 0.9287177E+00 0.1291669E+01 0.2528256E-01
 XYZ  0.9329922E+00 0.1291668E+01 0.2616002E-01 0.9376136E+00 0.1291667E+01 0.2697555E-01 0.9425704E+00 0.1291667E+01 0.2773861E-01
 XYZ  0.9478452E+00 0.1291666E+01 0.2844105E-01 0.9534421E+00 0.1291665E+01 0.2907218E-01 0.9593650E+00 0.1291665E+01 0.2964579E-01
 XYZ  0.9655956E+00 0.1291664E+01 0.3017437E-01 0.9721198E+00 0.1291664E+01 0.3065321E-01 0.9789325E+00 0.1291663E+01 0.3108900E-01
 XYZ  0.9860109E+00 0.1291663E+01 0.3149292E-01 0.9933274E+00 0.1291662E+01 0.3185541E-01 0.1000872E+01 0.1291662E+01 0.3215592E-01
 XYZ  0.1008656E+01 0.1291662E+01 0.3239310E-01 0.1016661E+01 0.1291661E+01 0.3259018E-01 0.1024857E+01 0.1291661E+01 0.3273238E-01
 XYZ  0.1033252E+01 0.1291661E+01 0.3280488E-01 0.1041841E+01 0.1291661E+01 0.3283520E-01 0.1050585E+01 0.1291661E+01 0.3282597E-01
 XYZ  0.1059472E+01 0.1291661E+01 0.3275232E-01 0.1068511E+01 0.1291661E+01 0.3261491E-01 0.1077689E+01 0.1291661E+01 0.3243995E-01
 XYZ  0.1086970E+01 0.1291662E+01 0.3223198E-01 0.1096332E+01 0.1291662E+01 0.3197344E-01 0.1105776E+01 0.1291662E+01 0.3165649E-01
 XYZ  0.1115290E+01 0.1291663E+01 0.3129857E-01 0.1124842E+01 0.1291663E+01 0.3090123E-01 0.1134416E+01 0.1291664E+01 0.3044626E-01
 XYZ  0.1144010E+01 0.1291664E+01 0.2993788E-01 0.1153601E+01 0.1291665E+01 0.2937786E-01 0.1163177E+01 0.1291666E+01 0.2876086E-01
 XYZ  0.1172721E+01 0.1291666E+01 0.2808409E-01 0.1182228E+01 0.1291667E+01 0.2734040E-01 0.1191689E+01 0.1291668E+01 0.2653909E-01
 XYZ  0.1201082E+01 0.1291669E+01 0.2567836E-01 0.1210403E+01 0.1291669E+01 0.2474814E-01 0.1219650E+01 0.1291670E+01 0.2375775E-01
 XYZ  0.1228803E+01 0.1291671E+01 0.2271245E-01 0.1237858E+01 0.1291672E+01 0.2160128E-01 0.1246828E+01 0.1291673E+01 0.2044289E-01
 XYZ  0.1255683E+01 0.1291674E+01 0.1926803E-01 0.1264395E+01 0.1291675E+01 0.1806895E-01 0.1272958E+01 0.1291675E+01 0.1684283E-01
 XYZ  0.1281360E+01 0.1291676E+01 0.1559620E-01 0.1289592E+01 0.1291677E+01 0.1433434E-01 0.1297641E+01 0.1291677E+01 0.1306669E-01
 XYZ  0.1305493E+01 0.1291678E+01 0.1179825E-01 0.1313133E+01 0.1291679E+01 0.1053789E-01 0.1320544E+01 0.1291679E+01 0.9285710E-02
 XYZ  0.1327720E+01 0.1291679E+01 0.8043152E-02 0.1334650E+01 0.1291680E+01 0.6825317E-02 0.1341307E+01 0.1291680E+01 0.5632700E-02
 XYZ  0.1347692E+01 0.1291680E+01 0.4452381E-02 0.1353808E+01 0.1291680E+01 0.3311193E-02 0.1359616E+01 0.1291680E+01 0.2221848E-02
 XYZ  0.1365107E+01 0.1291681E+01 0.1160554E-02 0.1370289E+01 0.1291681E+01 0.1441847E-03 0.1375135E+01 0.1291681E+01-0.8181119E-03
 XYZ  0.1379638E+01 0.1291680E+01-0.1735839E-02 0.1383797E+01 0.1291680E+01-0.2601510E-02 0.1387601E+01 0.1291680E+01-0.3409993E-02
 XYZ  0.1391047E+01 0.1291680E+01-0.4157088E-02 0.1394124E+01 0.1291680E+01-0.4825764E-02 0.1396810E+01 0.1291680E+01-0.5419532E-02
 XYZ  0.1399106E+01 0.1291680E+01-0.5945585E-02 0.1401011E+01 0.1291680E+01-0.6389868E-02 0.1402514E+01 0.1291680E+01-0.6743708E-02
 XYZ  0.1403601E+01 0.1291680E+01-0.7002749E-02 0.1404263E+01 0.1291680E+01-0.7162435E-02 0.1404487E+01 0.1291680E+01-0.7216997E-02
 SHK     1 0.9242459E+00 0.1291664E+01 0.2982367E-01 0.1207655E+01 0.3437029E+02 0.1327343E+02 0.2044079E+02
 SHK     1 0.9226724E+00 0.1291657E+01 0.3580709E-01 0.1098530E+01 0.3427456E+02 0.1165485E+02 0.2191427E+02
 SHK     1 0.9235177E+00 0.1291645E+01 0.4422937E-01 0.1003992E+01 0.3419495E+02 0.1018619E+02 0.2367762E+02
 LMN  181202813 0 1 1 0 0 0 0 0 0 0 0 0 0 0 0 0 0 0 0 0
 XYZ  0.1047327E+01 0.1495397E+01 0.9612751E-02 0.1047833E+01 0.1495397E+01 0.1125507E-01 0.1048616E+01 0.1495396E+01 0.1284149E-01
 XYZ  0.1049695E+01 0.1495396E+01 0.1434490E-01 0.1051098E+01 0.1495395E+01 0.1576070E-01 0.1052843E+01 0.1495395E+01 0.1710223E-01
 XYZ  0.1054926E+01 0.1495394E+01 0.1838510E-01 0.1057332E+01 0.1495394E+01 0.1960865E-01 0.1060057E+01 0.1495393E+01 0.2075626E-01
 XYZ  0.1063111E+01 0.1495392E+01 0.2181491E-01 0.1066513E+01 0.1495392E+01 0.2278799E-01 0.1070265E+01 0.1495391E+01 0.2369579E-01
 XYZ  0.1074351E+01 0.1495391E+01 0.2454466E-01 0.1078770E+01 0.1495391E+01 0.2533498E-01 0.1083510E+01 0.1495390E+01 0.2607580E-01
 XYZ  0.1088555E+01 0.1495390E+01 0.2675935E-01 0.1093907E+01 0.1495389E+01 0.2737536E-01 0.1099572E+01 0.1495389E+01 0.2793698E-01
 XYZ  0.1105531E+01 0.1495389E+01 0.2845617E-01 0.1111771E+01 0.1495388E+01 0.2892841E-01 0.1118287E+01 0.1495388E+01 0.2936005E-01
 XYZ  0.1125057E+01 0.1495388E+01 0.2976178E-01 0.1132055E+01 0.1495387E+01 0.3012443E-01 0.1139272E+01 0.1495387E+01 0.3042831E-01
 XYZ  0.1146718E+01 0.1495387E+01 0.3067208E-01 0.1154376E+01 0.1495387E+01 0.3087795E-01 0.1162215E+01 0.1495387E+01 0.3103177E-01
 XYZ  0.1170246E+01 0.1495387E+01 0.3111932E-01 0.1178463E+01 0.1495387E+01 0.3116690E-01 0.1186828E+01 0.1495387E+01 0.3117700E-01
 XYZ  0.1195330E+01 0.1495387E+01 0.3112580E-01 0.1203977E+01 0.1495387E+01 0.3101390E-01 0.1212758E+01 0.1495387E+01 0.3086636E-01
 XYZ  0.1221638E+01 0.1495387E+01 0.3068746E-01 0.1230595E+01 0.1495387E+01 0.3046038E-01 0.1239630E+01 0.1495387E+01 0.3017757E-01
 XYZ  0.1248733E+01 0.1495388E+01 0.2985571E-01 0.1257872E+01 0.1495388E+01 0.2949621E-01 0.1267033E+01 0.1495388E+01 0.2908163E-01
 XYZ  0.1276212E+01 0.1495388E+01 0.2861596E-01 0.1285390E+01 0.1495389E+01 0.2810089E-01 0.1294552E+01 0.1495389E+01 0.2753125E-01
 XYZ  0.1303685E+01 0.1495390E+01 0.2690434E-01 0.1312782E+01 0.1495390E+01 0.2621330E-01 0.1321836E+01 0.1495390E+01 0.2546704E-01
 XYZ  0.1330825E+01 0.1495391E+01 0.2466375E-01 0.1339745E+01 0.1495391E+01 0.2379380E-01 0.1348594E+01 0.1495392E+01 0.2286613E-01
 XYZ  0.1357353E+01 0.1495392E+01 0.2188570E-01 0.1366020E+01 0.1495393E+01 0.2084202E-01 0.1374603E+01 0.1495393E+01 0.1975306E-01
 XYZ  0.1383078E+01 0.1495394E+01 0.1864811E-01 0.1391415E+01 0.1495394E+01 0.1751966E-01 0.1399609E+01 0.1495395E+01 0.1636504E-01
 XYZ  0.1407650E+01 0.1495395E+01 0.1519046E-01 0.1415528E+01 0.1495396E+01 0.1400097E-01 0.1423231E+01 0.1495396E+01 0.1280559E-01
 XYZ  0.1430745E+01 0.1495396E+01 0.1160904E-01 0.1438056E+01 0.1495397E+01 0.1041980E-01 0.1445148E+01 0.1495397E+01 0.9237898E-02
 XYZ  0.1452015E+01 0.1495397E+01 0.8064730E-02 0.1458647E+01 0.1495398E+01 0.6914732E-02 0.1465017E+01 0.1495398E+01 0.5788239E-02
 XYZ  0.1471126E+01 0.1495398E+01 0.4672938E-02 0.1476979E+01 0.1495398E+01 0.3594613E-02 0.1482536E+01 0.1495398E+01 0.2565177E-02
 XYZ  0.1487790E+01 0.1495398E+01 0.1561875E-02 0.1492748E+01 0.1495398E+01 0.6009639E-03 0.1497385E+01 0.1495398E+01-0.3089637E-03
 XYZ  0.1501694E+01 0.1495398E+01-0.1176996E-02 0.1505674E+01 0.1495398E+01-0.1995943E-02 0.1509313E+01 0.1495398E+01-0.2760945E-02
 XYZ  0.1512610E+01 0.1495398E+01-0.3467959E-02 0.1515554E+01 0.1495398E+01-0.4100730E-02 0.1518123E+01 0.1495398E+01-0.4662735E-02
 XYZ  0.1520319E+01 0.1495398E+01-0.5160809E-02 0.1522142E+01 0.1495398E+01-0.5581494E-02 0.1523579E+01 0.1495398E+01-0.5916551E-02
 XYZ  0.1524619E+01 0.1495398E+01-0.6161849E-02 0.1525253E+01 0.1495398E+01-0.6313068E-02 0.1525467E+01 0.1495398E+01-0.6364737E-02
 SHK     1 0.1065798E+01 0.1495389E+01 0.2799253E-01 0.1187950E+01 0.3455711E+02 0.1356069E+02 0.2029106E+02
 SHK     1 0.1065097E+01 0.1495384E+01 0.3410478E-01 0.1073485E+01 0.3449314E+02 0.1193044E+02 0.2193462E+02
 LMN  181202814 0 1 1 0 0 0 0 0 0 0 0 0 0 0 0 0 0 0 0 0
 XYZ  0.1158394E+01 0.1654035E+01 0.8829485E-02 0.1158878E+01 0.1654035E+01 0.1041532E-01 0.1159630E+01 0.1654035E+01 0.1194786E-01
 XYZ  0.1160668E+01 0.1654034E+01 0.1340075E-01 0.1162019E+01 0.1654034E+01 0.1476957E-01 0.1163699E+01 0.1654034E+01 0.1606728E-01
 XYZ  0.1165706E+01 0.1654033E+01 0.1730897E-01 0.1168024E+01 0.1654033E+01 0.1849401E-01 0.1170651E+01 0.1654033E+01 0.1960639E-01
 XYZ  0.1173596E+01 0.1654032E+01 0.2063352E-01 0.1176876E+01 0.1654032E+01 0.2157866E-01 0.1180493E+01 0.1654032E+01 0.2246143E-01
 XYZ  0.1184434E+01 0.1654031E+01 0.2328794E-01 0.1188695E+01 0.1654031E+01 0.2405856E-01 0.1193266E+01 0.1654031E+01 0.2478201E-01
 XYZ  0.1198131E+01 0.1654030E+01 0.2545077E-01 0.1203294E+01 0.1654030E+01 0.2605493E-01 0.1208757E+01 0.1654030E+01 0.2660716E-01
 XYZ  0.1214505E+01 0.1654030E+01 0.2711900E-01 0.1220523E+01 0.1654029E+01 0.2758606E-01 0.1226808E+01 0.1654029E+01 0.2801445E-01
 XYZ  0.1233339E+01 0.1654029E+01 0.2841445E-01 0.1240089E+01 0.1654029E+01 0.2877718E-01 0.1247051E+01 0.1654029E+01 0.2908363E-01
 XYZ  0.1254233E+01 0.1654028E+01 0.2933250E-01 0.1261620E+01 0.1654028E+01 0.2954518E-01 0.1269183E+01 0.1654028E+01 0.2970800E-01
 XYZ  0.1276930E+01 0.1654028E+01 0.2980723E-01 0.1284857E+01 0.1654028E+01 0.2986823E-01 0.1292927E+01 0.1654028E+01 0.2989335E-01
 XYZ  0.1301129E+01 0.1654028E+01 0.2985959E-01 0.1309471E+01 0.1654028E+01 0.2976753E-01 0.1317942E+01 0.1654028E+01 0.2964132E-01
 XYZ  0.1326509E+01 0.1654028E+01 0.2948504E-01 0.1335151E+01 0.1654028E+01 0.2928242E-01 0.1343867E+01 0.1654029E+01 0.2902619E-01
 XYZ  0.1352650E+01 0.1654029E+01 0.2873239E-01 0.1361467E+01 0.1654029E+01 0.2840235E-01 0.1370306E+01 0.1654029E+01 0.2801920E-01
 XYZ  0.1379163E+01 0.1654029E+01 0.2758680E-01 0.1388017E+01 0.1654030E+01 0.2710672E-01 0.1396858E+01 0.1654030E+01 0.2657397E-01
 XYZ  0.1405670E+01 0.1654030E+01 0.2598589E-01 0.1414448E+01 0.1654030E+01 0.2533589E-01 0.1423184E+01 0.1654031E+01 0.2463251E-01
 XYZ  0.1431858E+01 0.1654031E+01 0.2387399E-01 0.1440465E+01 0.1654031E+01 0.2305102E-01 0.1449004E+01 0.1654032E+01 0.2217223E-01
 XYZ  0.1457456E+01 0.1654032E+01 0.2124237E-01 0.1465819E+01 0.1654032E+01 0.2025132E-01 0.1474102E+01 0.1654033E+01 0.1921645E-01
 XYZ  0.1482279E+01 0.1654033E+01 0.1816599E-01 0.1490325E+01 0.1654033E+01 0.1709258E-01 0.1498232E+01 0.1654034E+01 0.1599368E-01
 XYZ  0.1505991E+01 0.1654034E+01 0.1487525E-01 0.1513593E+01 0.1654034E+01 0.1374215E-01 0.1521026E+01 0.1654035E+01 0.1260306E-01
 XYZ  0.1528277E+01 0.1654035E+01 0.1146252E-01 0.1535332E+01 0.1654035E+01 0.1032868E-01 0.1542175E+01 0.1654035E+01 0.9201502E-02
 XYZ  0.1548802E+01 0.1654035E+01 0.8082367E-02 0.1555201E+01 0.1654035E+01 0.6985179E-02 0.1561348E+01 0.1654036E+01 0.5910171E-02
 XYZ  0.1567243E+01 0.1654036E+01 0.4845492E-02 0.1572890E+01 0.1654036E+01 0.3816080E-02 0.1578253E+01 0.1654036E+01 0.2833266E-02
 XYZ  0.1583323E+01 0.1654036E+01 0.1875097E-02 0.1588107E+01 0.1654036E+01 0.9573230E-03 0.1592581E+01 0.1654036E+01 0.8813124E-04
 XYZ  0.1596739E+01 0.1654036E+01-0.7412480E-03 0.1600579E+01 0.1654036E+01-0.1523863E-02 0.1604090E+01 0.1654036E+01-0.2255062E-02
 XYZ  0.1607272E+01 0.1654036E+01-0.2930929E-02 0.1610112E+01 0.1654036E+01-0.3535813E-02 0.1612591E+01 0.1654036E+01-0.4073144E-02
 XYZ  0.1614710E+01 0.1654036E+01-0.4549487E-02 0.1616469E+01 0.1654036E+01-0.4951854E-02 0.1617855E+01 0.1654036E+01-0.5272337E-02
 XYZ  0.1618859E+01 0.1654036E+01-0.5506978E-02 0.1619470E+01 0.1654036E+01-0.5651633E-02 0.1619677E+01 0.1654036E+01-0.5701062E-02
 SHK     1 0.1176070E+01 0.1654030E+01 0.2657370E-01 0.1178971E+01 0.3462163E+02 0.1350709E+02 0.2058712E+02
 SHK     1 0.1173352E+01 0.1654027E+01 0.3150931E-01 0.1073925E+01 0.3459448E+02 0.1180338E+02 0.2193207E+02
 LMN  181202815 1 1 1 0 0 0 0 0 0 0 0 0 0 0 0 0 0 0 0 0
 XYZ  0.1249935E+01 0.1784784E+01 0.8185550E-02 0.1250402E+01 0.1784784E+01 0.9724707E-02 0.1251128E+01 0.1784784E+01 0.1121260E-01
 XYZ  0.1252132E+01 0.1784784E+01 0.1262368E-01 0.1253440E+01 0.1784783E+01 0.1395367E-01 0.1255067E+01 0.1784783E+01 0.1521515E-01
 XYZ  0.1257011E+01 0.1784783E+01 0.1642280E-01 0.1259258E+01 0.1784783E+01 0.1757602E-01 0.1261804E+01 0.1784782E+01 0.1865927E-01
 XYZ  0.1264658E+01 0.1784782E+01 0.1966034E-01 0.1267837E+01 0.1784782E+01 0.2058240E-01 0.1271344E+01 0.1784782E+01 0.2144448E-01
 XYZ  0.1275165E+01 0.1784781E+01 0.2225252E-01 0.1279296E+01 0.1784781E+01 0.2300687E-01 0.1283729E+01 0.1784781E+01 0.2371596E-01
 XYZ  0.1288446E+01 0.1784781E+01 0.2437249E-01 0.1293451E+01 0.1784780E+01 0.2496685E-01 0.1298749E+01 0.1784780E+01 0.2551133E-01
 XYZ  0.1304322E+01 0.1784780E+01 0.2601709E-01 0.1310159E+01 0.1784780E+01 0.2647986E-01 0.1316253E+01 0.1784780E+01 0.2690556E-01
 XYZ  0.1322586E+01 0.1784780E+01 0.2730411E-01 0.1329132E+01 0.1784779E+01 0.2766689E-01 0.1335884E+01 0.1784779E+01 0.2797544E-01
 XYZ  0.1342849E+01 0.1784779E+01 0.2822848E-01 0.1350013E+01 0.1784779E+01 0.2844676E-01 0.1357347E+01 0.1784779E+01 0.2861698E-01
 XYZ  0.1364861E+01 0.1784779E+01 0.2872583E-01 0.1372548E+01 0.1784779E+01 0.2879787E-01 0.1380375E+01 0.1784779E+01 0.2883536E-01
 XYZ  0.1388329E+01 0.1784779E+01 0.2881596E-01 0.1396420E+01 0.1784779E+01 0.2874024E-01 0.1404636E+01 0.1784779E+01 0.2863160E-01
 XYZ  0.1412945E+01 0.1784779E+01 0.2849396E-01 0.1421326E+01 0.1784779E+01 0.2831150E-01 0.1429781E+01 0.1784779E+01 0.2807715E-01
 XYZ  0.1438299E+01 0.1784779E+01 0.2780648E-01 0.1446851E+01 0.1784779E+01 0.2750072E-01 0.1455424E+01 0.1784780E+01 0.2714348E-01
 XYZ  0.1464014E+01 0.1784780E+01 0.2673850E-01 0.1472603E+01 0.1784780E+01 0.2628726E-01 0.1481178E+01 0.1784780E+01 0.2578492E-01
 XYZ  0.1489726E+01 0.1784780E+01 0.2522887E-01 0.1498240E+01 0.1784780E+01 0.2461269E-01 0.1506714E+01 0.1784781E+01 0.2394467E-01
 XYZ  0.1515128E+01 0.1784781E+01 0.2322307E-01 0.1523477E+01 0.1784781E+01 0.2243884E-01 0.1531760E+01 0.1784781E+01 0.2160037E-01
 XYZ  0.1539960E+01 0.1784782E+01 0.2071222E-01 0.1548072E+01 0.1784782E+01 0.1976457E-01 0.1556107E+01 0.1784782E+01 0.1877432E-01
 XYZ  0.1564040E+01 0.1784783E+01 0.1776879E-01 0.1571844E+01 0.1784783E+01 0.1674078E-01 0.1579515E+01 0.1784783E+01 0.1568783E-01
 XYZ  0.1587042E+01 0.1784783E+01 0.1461570E-01 0.1594416E+01 0.1784783E+01 0.1352910E-01 0.1601627E+01 0.1784784E+01 0.1243643E-01
 XYZ  0.1608660E+01 0.1784784E+01 0.1134206E-01 0.1615505E+01 0.1784784E+01 0.1025388E-01 0.1622143E+01 0.1784784E+01 0.9171829E-02
 XYZ  0.1628572E+01 0.1784784E+01 0.8097235E-02 0.1634779E+01 0.1784784E+01 0.7043574E-02 0.1640742E+01 0.1784784E+01 0.6011001E-02
 XYZ  0.1646461E+01 0.1784785E+01 0.4988046E-02 0.1651939E+01 0.1784785E+01 0.3998933E-02 0.1657140E+01 0.1784785E+01 0.3054534E-02
 XYZ  0.1662059E+01 0.1784785E+01 0.2133555E-02 0.1666700E+01 0.1784785E+01 0.1251317E-02 0.1671040E+01 0.1784785E+01 0.4156825E-03
 XYZ  0.1675073E+01 0.1784785E+01-0.3818555E-03 0.1678798E+01 0.1784785E+01-0.1134547E-02 0.1682204E+01 0.1784785E+01-0.1837906E-02
 XYZ  0.1685290E+01 0.1784785E+01-0.2488128E-02 0.1688046E+01 0.1784785E+01-0.3070057E-02 0.1690450E+01 0.1784785E+01-0.3587075E-02
 XYZ  0.1692506E+01 0.1784785E+01-0.4045530E-02 0.1694212E+01 0.1784785E+01-0.4432824E-02 0.1695557E+01 0.1784785E+01-0.4741318E-02
 XYZ  0.1696530E+01 0.1784785E+01-0.4967194E-02 0.1697123E+01 0.1784785E+01-0.5106454E-02 0.1697324E+01 0.1784785E+01-0.5154041E-02
 SHK     1 0.1264672E+01 0.1784782E+01 0.1966450E-01 0.1327551E+01 0.3460530E+02 0.1481675E+02 0.1999376E+02
 SHK     1 0.1266928E+01 0.1784780E+01 0.2539035E-01 0.1167682E+01 0.3460530E+02 0.1336431E+02 0.2077680E+02
 SHK     1 0.1264410E+01 0.1784778E+01 0.3022665E-01 0.1064692E+01 0.3458672E+02 0.1166411E+02 0.2208580E+02
 LMN  181202816 1 1 1 0 0 0 0 0 0 0 0 0 0 0 0 0 0 0 0 0
 XYZ  0.1336026E+01 0.1907749E+01 0.7580913E-02 0.1336477E+01 0.1907749E+01 0.9076091E-02 0.1337179E+01 0.1907749E+01 0.1052186E-01
 XYZ  0.1338151E+01 0.1907748E+01 0.1189353E-01 0.1339419E+01 0.1907748E+01 0.1318693E-01 0.1340996E+01 0.1907748E+01 0.1441427E-01
 XYZ  0.1342881E+01 0.1907748E+01 0.1558986E-01 0.1345061E+01 0.1907748E+01 0.1671311E-01 0.1347530E+01 0.1907747E+01 0.1776890E-01
 XYZ  0.1350299E+01 0.1907747E+01 0.1874541E-01 0.1353384E+01 0.1907747E+01 0.1964573E-01 0.1356787E+01 0.1907747E+01 0.2048833E-01
 XYZ  0.1360495E+01 0.1907747E+01 0.2127898E-01 0.1364504E+01 0.1907746E+01 0.2201799E-01 0.1368806E+01 0.1907746E+01 0.2271356E-01
 XYZ  0.1373384E+01 0.1907746E+01 0.2335858E-01 0.1378242E+01 0.1907746E+01 0.2394370E-01 0.1383384E+01 0.1907746E+01 0.2448087E-01
 XYZ  0.1388794E+01 0.1907746E+01 0.2498090E-01 0.1394458E+01 0.1907746E+01 0.2543963E-01 0.1400374E+01 0.1907745E+01 0.2586278E-01
 XYZ  0.1406521E+01 0.1907745E+01 0.2625997E-01 0.1412875E+01 0.1907745E+01 0.2662278E-01 0.1419429E+01 0.1907745E+01 0.2693328E-01
 XYZ  0.1426190E+01 0.1907745E+01 0.2719025E-01 0.1433144E+01 0.1907745E+01 0.2741379E-01 0.1440263E+01 0.1907745E+01 0.2759095E-01
 XYZ  0.1447557E+01 0.1907745E+01 0.2770883E-01 0.1455020E+01 0.1907745E+01 0.2779126E-01 0.1462618E+01 0.1907745E+01 0.2784037E-01
 XYZ  0.1470339E+01 0.1907745E+01 0.2783446E-01 0.1478194E+01 0.1907745E+01 0.2777410E-01 0.1486170E+01 0.1907745E+01 0.2768199E-01
 XYZ  0.1494236E+01 0.1907745E+01 0.2756187E-01 0.1502372E+01 0.1907745E+01 0.2739836E-01 0.1510580E+01 0.1907745E+01 0.2718460E-01
 XYZ  0.1518850E+01 0.1907745E+01 0.2693568E-01 0.1527152E+01 0.1907745E+01 0.2665274E-01 0.1535475E+01 0.1907745E+01 0.2631987E-01
 XYZ  0.1543815E+01 0.1907745E+01 0.2594067E-01 0.1552154E+01 0.1907746E+01 0.2551657E-01 0.1560479E+01 0.1907746E+01 0.2504283E-01
 XYZ  0.1568778E+01 0.1907746E+01 0.2451690E-01 0.1577044E+01 0.1907746E+01 0.2393254E-01 0.1585272E+01 0.1907746E+01 0.2329779E-01
 XYZ  0.1593441E+01 0.1907746E+01 0.2261092E-01 0.1601547E+01 0.1907747E+01 0.2186314E-01 0.1609589E+01 0.1907747E+01 0.2106260E-01
 XYZ  0.1617551E+01 0.1907747E+01 0.2021369E-01 0.1625427E+01 0.1907747E+01 0.1930688E-01 0.1633229E+01 0.1907747E+01 0.1835861E-01
 XYZ  0.1640932E+01 0.1907748E+01 0.1739535E-01 0.1648509E+01 0.1907748E+01 0.1641005E-01 0.1655957E+01 0.1907748E+01 0.1540033E-01
 XYZ  0.1663266E+01 0.1907748E+01 0.1437176E-01 0.1670427E+01 0.1907748E+01 0.1332890E-01 0.1677428E+01 0.1907748E+01 0.1227989E-01
 XYZ  0.1684257E+01 0.1907749E+01 0.1122896E-01 0.1690903E+01 0.1907749E+01 0.1018374E-01 0.1697349E+01 0.1907749E+01 0.9144122E-02
 XYZ  0.1703591E+01 0.1907749E+01 0.8111420E-02 0.1709618E+01 0.1907749E+01 0.7098693E-02 0.1715408E+01 0.1907749E+01 0.6106031E-02
 XYZ  0.1720961E+01 0.1907749E+01 0.5122315E-02 0.1726280E+01 0.1907749E+01 0.4171093E-02 0.1731331E+01 0.1907749E+01 0.3262814E-02
 XYZ  0.1736107E+01 0.1907749E+01 0.2376806E-02 0.1740613E+01 0.1907749E+01 0.1527975E-02 0.1744827E+01 0.1907749E+01 0.7238908E-03
 XYZ  0.1748743E+01 0.1907749E+01-0.4371216E-04 0.1752360E+01 0.1907749E+01-0.7682737E-03 0.1755668E+01 0.1907749E+01-0.1445464E-02
 XYZ  0.1758664E+01 0.1907749E+01-0.2071584E-02 0.1761339E+01 0.1907749E+01-0.2631941E-02 0.1763674E+01 0.1907749E+01-0.3129870E-02
 XYZ  0.1765670E+01 0.1907749E+01-0.3571516E-02 0.1767327E+01 0.1907749E+01-0.3944650E-02 0.1768632E+01 0.1907749E+01-0.4241882E-02
 XYZ  0.1769577E+01 0.1907749E+01-0.4459527E-02 0.1770153E+01 0.1907749E+01-0.4593720E-02 0.1770348E+01 0.1907749E+01-0.4639578E-02
 SHK     1 0.1350217E+01 0.1907747E+01 0.1871640E-01 0.1314090E+01 0.3459862E+02 0.1465012E+02 0.2033569E+02
 SHK     1 0.1349490E+01 0.1907746E+01 0.2308261E-01 0.1171296E+01 0.3459862E+02 0.1291531E+02 0.2171544E+02
 SHK     1 0.1350046E+01 0.1907744E+01 0.2901628E-01 0.1054787E+01 0.3459172E+02 0.1149580E+02 0.2230404E+02
 LMN  181202817 1 1 1 0 0 0 0 0 0 0 0 0 0 0 0 0 0 0 0 0
 XYZ  0.1420643E+01 0.2028607E+01 0.6987316E-02 0.1421077E+01 0.2028607E+01 0.8439214E-02 0.1421757E+01 0.2028607E+01 0.9843482E-02
 XYZ  0.1422698E+01 0.2028607E+01 0.1117634E-01 0.1423925E+01 0.2028607E+01 0.1243373E-01 0.1425454E+01 0.2028607E+01 0.1362748E-01
 XYZ  0.1427281E+01 0.2028607E+01 0.1477152E-01 0.1429394E+01 0.2028606E+01 0.1586527E-01 0.1431789E+01 0.2028606E+01 0.1689405E-01
 XYZ  0.1434475E+01 0.2028606E+01 0.1784638E-01 0.1437467E+01 0.2028606E+01 0.1872530E-01 0.1440767E+01 0.2028606E+01 0.1954873E-01
 XYZ  0.1444364E+01 0.2028606E+01 0.2032226E-01 0.1448254E+01 0.2028606E+01 0.2104620E-01 0.1452427E+01 0.2028605E+01 0.2172847E-01
 XYZ  0.1456868E+01 0.2028605E+01 0.2236215E-01 0.1461582E+01 0.2028605E+01 0.2293819E-01 0.1466570E+01 0.2028605E+01 0.2346816E-01
 XYZ  0.1471819E+01 0.2028605E+01 0.2396255E-01 0.1477315E+01 0.2028605E+01 0.2441729E-01 0.1483055E+01 0.2028605E+01 0.2483794E-01
 XYZ  0.1489019E+01 0.2028605E+01 0.2523379E-01 0.1495185E+01 0.2028605E+01 0.2559662E-01 0.1501544E+01 0.2028605E+01 0.2590903E-01
 XYZ  0.1508104E+01 0.2028604E+01 0.2616984E-01 0.1514852E+01 0.2028604E+01 0.2639855E-01 0.1521760E+01 0.2028604E+01 0.2658253E-01
 XYZ  0.1528838E+01 0.2028604E+01 0.2670927E-01 0.1536079E+01 0.2028604E+01 0.2680190E-01 0.1543452E+01 0.2028604E+01 0.2686243E-01
 XYZ  0.1550945E+01 0.2028604E+01 0.2686978E-01 0.1558568E+01 0.2028604E+01 0.2682451E-01 0.1566308E+01 0.2028604E+01 0.2674864E-01
 XYZ  0.1574135E+01 0.2028604E+01 0.2664575E-01 0.1582031E+01 0.2028604E+01 0.2650085E-01 0.1589996E+01 0.2028604E+01 0.2630733E-01
 XYZ  0.1598021E+01 0.2028604E+01 0.2607979E-01 0.1606078E+01 0.2028605E+01 0.2581929E-01 0.1614155E+01 0.2028605E+01 0.2551036E-01
 XYZ  0.1622249E+01 0.2028605E+01 0.2515651E-01 0.1630342E+01 0.2028605E+01 0.2475908E-01 0.1638421E+01 0.2028605E+01 0.2431345E-01
 XYZ  0.1646476E+01 0.2028605E+01 0.2381712E-01 0.1654498E+01 0.2028605E+01 0.2326404E-01 0.1662483E+01 0.2028605E+01 0.2266201E-01
 XYZ  0.1670412E+01 0.2028605E+01 0.2200927E-01 0.1678280E+01 0.2028606E+01 0.2129733E-01 0.1686085E+01 0.2028606E+01 0.2053408E-01
 XYZ  0.1693812E+01 0.2028606E+01 0.1972376E-01 0.1701457E+01 0.2028606E+01 0.1885709E-01 0.1709030E+01 0.2028606E+01 0.1795010E-01
 XYZ  0.1716506E+01 0.2028606E+01 0.1702839E-01 0.1723861E+01 0.2028606E+01 0.1608508E-01 0.1731090E+01 0.2028607E+01 0.1511786E-01
 XYZ  0.1738184E+01 0.2028607E+01 0.1413211E-01 0.1745134E+01 0.2028607E+01 0.1313226E-01 0.1751930E+01 0.2028607E+01 0.1212617E-01
 XYZ  0.1758559E+01 0.2028607E+01 0.1111794E-01 0.1765009E+01 0.2028607E+01 0.1011493E-01 0.1771266E+01 0.2028607E+01 0.9117035E-02
 XYZ  0.1777325E+01 0.2028607E+01 0.8125509E-02 0.1783175E+01 0.2028607E+01 0.7153015E-02 0.1788795E+01 0.2028608E+01 0.6199581E-02
 XYZ  0.1794185E+01 0.2028608E+01 0.5254430E-02 0.1799348E+01 0.2028608E+01 0.4340444E-02 0.1804250E+01 0.2028608E+01 0.3467662E-02
 XYZ  0.1808886E+01 0.2028608E+01 0.2616021E-02 0.1813259E+01 0.2028608E+01 0.1800017E-02 0.1817350E+01 0.2028608E+01 0.1026934E-02
 XYZ  0.1821151E+01 0.2028608E+01 0.2887459E-03 0.1824662E+01 0.2028608E+01-0.4081771E-03 0.1827872E+01 0.2028608E+01-0.1059656E-02
 XYZ  0.1830781E+01 0.2028608E+01-0.1662098E-02 0.1833377E+01 0.2028608E+01-0.2201265E-02 0.1835643E+01 0.2028608E+01-0.2680442E-02
 XYZ  0.1837581E+01 0.2028608E+01-0.3105577E-02 0.1839189E+01 0.2028608E+01-0.3464804E-02 0.1840456E+01 0.2028608E+01-0.3750978E-02
 XYZ  0.1841373E+01 0.2028608E+01-0.3960539E-02 0.1841932E+01 0.2028608E+01-0.4089759E-02 0.1842121E+01 0.2028608E+01-0.4133920E-02
 SHK     1 0.1434286E+01 0.2028606E+01 0.1777955E-01 0.1299224E+01 0.3458768E+02 0.1445139E+02 0.2075863E+02
 SHK     1 0.1433510E+01 0.2028605E+01 0.2198550E-01 0.1159448E+01 0.3458768E+02 0.1271922E+02 0.2209029E+02
 SHK     1 0.1434216E+01 0.2028604E+01 0.2782372E-01 0.1044175E+01 0.3458437E+02 0.1130361E+02 0.2256693E+02
 LMN  181202818 1 1 1 0 0 0 0 0 0 0 0 0 0 0 0 0 0 0 0 0
 XYZ  0.1505583E+01 0.2149927E+01 0.6391981E-02 0.1506001E+01 0.2149927E+01 0.7800391E-02 0.1506657E+01 0.2149927E+01 0.9162926E-02
 XYZ  0.1507567E+01 0.2149927E+01 0.1045677E-01 0.1508754E+01 0.2149926E+01 0.1167799E-01 0.1510234E+01 0.2149926E+01 0.1283797E-01
 XYZ  0.1512004E+01 0.2149926E+01 0.1395031E-01 0.1514050E+01 0.2149926E+01 0.1501443E-01 0.1516369E+01 0.2149926E+01 0.1601606E-01
 XYZ  0.1518971E+01 0.2149926E+01 0.1694409E-01 0.1521870E+01 0.2149926E+01 0.1780151E-01 0.1525068E+01 0.2149926E+01 0.1860569E-01
 XYZ  0.1528554E+01 0.2149925E+01 0.1936203E-01 0.1532323E+01 0.2149925E+01 0.2007082E-01 0.1536367E+01 0.2149925E+01 0.2073973E-01
 XYZ  0.1540671E+01 0.2149925E+01 0.2136202E-01 0.1545239E+01 0.2149925E+01 0.2192892E-01 0.1550074E+01 0.2149925E+01 0.2245167E-01
 XYZ  0.1555161E+01 0.2149925E+01 0.2294039E-01 0.1560488E+01 0.2149925E+01 0.2339113E-01 0.1566051E+01 0.2149925E+01 0.2380925E-01
 XYZ  0.1571832E+01 0.2149925E+01 0.2420374E-01 0.1577808E+01 0.2149925E+01 0.2456660E-01 0.1583972E+01 0.2149924E+01 0.2488092E-01
 XYZ  0.1590331E+01 0.2149924E+01 0.2514559E-01 0.1596872E+01 0.2149924E+01 0.2537947E-01 0.1603568E+01 0.2149924E+01 0.2557029E-01
 XYZ  0.1610429E+01 0.2149924E+01 0.2570592E-01 0.1617448E+01 0.2149924E+01 0.2580880E-01 0.1624596E+01 0.2149924E+01 0.2588079E-01
 XYZ  0.1631859E+01 0.2149924E+01 0.2590143E-01 0.1639248E+01 0.2149924E+01 0.2587131E-01 0.1646751E+01 0.2149924E+01 0.2581175E-01
 XYZ  0.1654339E+01 0.2149924E+01 0.2572613E-01 0.1661993E+01 0.2149924E+01 0.2559993E-01 0.1669715E+01 0.2149924E+01 0.2542671E-01
 XYZ  0.1677495E+01 0.2149924E+01 0.2522063E-01 0.1685305E+01 0.2149924E+01 0.2498265E-01 0.1693136E+01 0.2149925E+01 0.2469776E-01
 XYZ  0.1700983E+01 0.2149925E+01 0.2436935E-01 0.1708828E+01 0.2149925E+01 0.2399869E-01 0.1716661E+01 0.2149925E+01 0.2358128E-01
 XYZ  0.1724470E+01 0.2149925E+01 0.2311468E-01 0.1732248E+01 0.2149925E+01 0.2259301E-01 0.1739990E+01 0.2149925E+01 0.2202381E-01
 XYZ  0.1747676E+01 0.2149925E+01 0.2140535E-01 0.1755305E+01 0.2149925E+01 0.2072939E-01 0.1762873E+01 0.2149925E+01 0.2000358E-01
 XYZ  0.1770365E+01 0.2149925E+01 0.1923200E-01 0.1777777E+01 0.2149926E+01 0.1840564E-01 0.1785119E+01 0.2149926E+01 0.1754009E-01
 XYZ  0.1792368E+01 0.2149926E+01 0.1666011E-01 0.1799499E+01 0.2149926E+01 0.1575895E-01 0.1806509E+01 0.2149926E+01 0.1483439E-01
 XYZ  0.1813387E+01 0.2149926E+01 0.1389164E-01 0.1820126E+01 0.2149926E+01 0.1293497E-01 0.1826715E+01 0.2149926E+01 0.1197197E-01
 XYZ  0.1833143E+01 0.2149926E+01 0.1100660E-01 0.1839397E+01 0.2149927E+01 0.1004598E-01 0.1845464E+01 0.2149927E+01 0.9089961E-02
 XYZ  0.1851339E+01 0.2149927E+01 0.8139769E-02 0.1857011E+01 0.2149927E+01 0.7207659E-02 0.1862461E+01 0.2149927E+01 0.6293602E-02
 XYZ  0.1867687E+01 0.2149927E+01 0.5387164E-02 0.1872693E+01 0.2149927E+01 0.4510550E-02 0.1877447E+01 0.2149927E+01 0.3673396E-02
 XYZ  0.1881941E+01 0.2149927E+01 0.2856249E-02 0.1886183E+01 0.2149927E+01 0.2073192E-02 0.1890149E+01 0.2149927E+01 0.1331222E-02
 XYZ  0.1893835E+01 0.2149927E+01 0.6225545E-03 0.1897239E+01 0.2149927E+01-0.4663184E-04 0.1900352E+01 0.2149927E+01-0.6723092E-03
 XYZ  0.1903172E+01 0.2149927E+01-0.1250991E-02 0.1905690E+01 0.2149927E+01-0.1768898E-02 0.1907887E+01 0.2149927E+01-0.2229259E-02
 XYZ  0.1909766E+01 0.2149927E+01-0.2637828E-02 0.1911325E+01 0.2149927E+01-0.2983103E-02 0.1912554E+01 0.2149927E+01-0.3258184E-02
 XYZ  0.1913443E+01 0.2149927E+01-0.3459638E-02 0.1913985E+01 0.2149927E+01-0.3583869E-02 0.1914168E+01 0.2149927E+01-0.3626328E-02
 SHK     1 0.1518671E+01 0.2149926E+01 0.1683702E-01 0.1282765E+01 0.3459379E+02 0.1422613E+02 0.2133083E+02
 SHK     1 0.1517866E+01 0.2149925E+01 0.2088881E-01 0.1146063E+01 0.3459379E+02 0.1250038E+02 0.2259065E+02
 SHK     1 0.1518706E+01 0.2149924E+01 0.2662435E-01 0.1032572E+01 0.3459848E+02 0.1108292E+02 0.2295246E+02
 LMN  181202819 1 1 0 0 0 0 0 0 0 0 0 0 0 0 0 0 0 0 0 0
 XYZ  0.1591837E+01 0.2273124E+01 0.5787854E-02 0.1592239E+01 0.2273124E+01 0.7152069E-02 0.1592871E+01 0.2273124E+01 0.8472164E-02
 XYZ  0.1593749E+01 0.2273124E+01 0.9726346E-02 0.1594897E+01 0.2273124E+01 0.1091080E-01 0.1596327E+01 0.2273123E+01 0.1203647E-01
 XYZ  0.1598037E+01 0.2273123E+01 0.1311660E-01 0.1600016E+01 0.2273123E+01 0.1415061E-01 0.1602259E+01 0.2273123E+01 0.1512464E-01
 XYZ  0.1604776E+01 0.2273123E+01 0.1602798E-01 0.1607580E+01 0.2273123E+01 0.1686355E-01 0.1610674E+01 0.2273123E+01 0.1764817E-01
 XYZ  0.1614046E+01 0.2273123E+01 0.1838704E-01 0.1617693E+01 0.2273123E+01 0.1908044E-01 0.1621606E+01 0.2273123E+01 0.1973577E-01
 XYZ  0.1625772E+01 0.2273123E+01 0.2034648E-01 0.1630192E+01 0.2273122E+01 0.2090410E-01 0.1634871E+01 0.2273122E+01 0.2141950E-01
 XYZ  0.1639794E+01 0.2273122E+01 0.2190247E-01 0.1644949E+01 0.2273122E+01 0.2234913E-01 0.1650333E+01 0.2273122E+01 0.2276469E-01
 XYZ  0.1655928E+01 0.2273122E+01 0.2315781E-01 0.1661711E+01 0.2273122E+01 0.2352067E-01 0.1667677E+01 0.2273122E+01 0.2383693E-01
 XYZ  0.1673831E+01 0.2273122E+01 0.2410551E-01 0.1680162E+01 0.2273122E+01 0.2434465E-01 0.1686643E+01 0.2273122E+01 0.2454240E-01
 XYZ  0.1693283E+01 0.2273122E+01 0.2468707E-01 0.1700078E+01 0.2273122E+01 0.2480034E-01 0.1706995E+01 0.2273122E+01 0.2488396E-01
 XYZ  0.1714026E+01 0.2273122E+01 0.2491811E-01 0.1721178E+01 0.2273122E+01 0.2490337E-01 0.1728440E+01 0.2273122E+01 0.2486036E-01
 XYZ  0.1735785E+01 0.2273122E+01 0.2479230E-01 0.1743194E+01 0.2273122E+01 0.2468507E-01 0.1750668E+01 0.2273122E+01 0.2453247E-01
 XYZ  0.1758199E+01 0.2273122E+01 0.2434818E-01 0.1765759E+01 0.2273122E+01 0.2413307E-01 0.1773340E+01 0.2273122E+01 0.2387258E-01
 XYZ  0.1780935E+01 0.2273122E+01 0.2357002E-01 0.1788530E+01 0.2273122E+01 0.2322654E-01 0.1796112E+01 0.2273122E+01 0.2283780E-01
 XYZ  0.1803671E+01 0.2273122E+01 0.2240138E-01 0.1811201E+01 0.2273122E+01 0.2191160E-01 0.1818695E+01 0.2273122E+01 0.2137575E-01
 XYZ  0.1826137E+01 0.2273122E+01 0.2079210E-01 0.1833522E+01 0.2273123E+01 0.2015269E-01 0.1840848E+01 0.2273123E+01 0.1946491E-01
 XYZ  0.1848101E+01 0.2273123E+01 0.1873267E-01 0.1855278E+01 0.2273123E+01 0.1794726E-01 0.1862386E+01 0.2273123E+01 0.1712379E-01
 XYZ  0.1869404E+01 0.2273123E+01 0.1628618E-01 0.1876308E+01 0.2273123E+01 0.1542784E-01 0.1883094E+01 0.2273123E+01 0.1454662E-01
 XYZ  0.1889754E+01 0.2273123E+01 0.1364753E-01 0.1896278E+01 0.2273123E+01 0.1273470E-01 0.1902658E+01 0.2273123E+01 0.1181547E-01
 XYZ  0.1908881E+01 0.2273124E+01 0.1089363E-01 0.1914936E+01 0.2273124E+01 0.9976053E-02 0.1920810E+01 0.2273124E+01 0.9062562E-02
 XYZ  0.1926498E+01 0.2273124E+01 0.8154345E-02 0.1931990E+01 0.2273124E+01 0.7263244E-02 0.1937266E+01 0.2273124E+01 0.6389175E-02
 XYZ  0.1942327E+01 0.2273124E+01 0.5522046E-02 0.1947173E+01 0.2273124E+01 0.4683378E-02 0.1951776E+01 0.2273124E+01 0.3882400E-02
 XYZ  0.1956128E+01 0.2273124E+01 0.3100279E-02 0.1960234E+01 0.2273124E+01 0.2350672E-02 0.1964074E+01 0.2273124E+01 0.1640292E-02
 XYZ  0.1967643E+01 0.2273124E+01 0.9615976E-03 0.1970939E+01 0.2273124E+01 0.3205712E-03 0.1973953E+01 0.2273124E+01-0.2789111E-03
 XYZ  0.1976684E+01 0.2273124E+01-0.8334722E-03 0.1979121E+01 0.2273124E+01-0.1329798E-02 0.1981249E+01 0.2273124E+01-0.1771058E-02
 XYZ  0.1983068E+01 0.2273124E+01-0.2162812E-02 0.1984578E+01 0.2273124E+01-0.2493926E-02 0.1985767E+01 0.2273124E+01-0.2757747E-02
 XYZ  0.1986629E+01 0.2273124E+01-0.2950974E-02 0.1987153E+01 0.2273124E+01-0.3070143E-02 0.1987330E+01 0.2273124E+01-0.3110875E-02
 SHK     1 0.1604346E+01 0.2273123E+01 0.1587381E-01 0.1264575E+01 0.3461425E+02 0.1395922E+02 0.2189281E+02
 SHK     1 0.1603668E+01 0.2273123E+01 0.1983357E-01 0.1129840E+01 0.3461425E+02 0.1226281E+02 0.2301923E+02
 LMN  181202820 1 1 0 0 0 0 0 0 0 0 0 0 0 0 0 0 0 0 0 0
 XYZ  0.1679894E+01 0.2398896E+01 0.5171447E-02 0.1680280E+01 0.2398896E+01 0.6490513E-02 0.1680888E+01 0.2398896E+01 0.7767233E-02
 XYZ  0.1681734E+01 0.2398896E+01 0.8980891E-02 0.1682840E+01 0.2398896E+01 0.1012779E-01 0.1684219E+01 0.2398896E+01 0.1121840E-01
 XYZ  0.1685870E+01 0.2398896E+01 0.1226564E-01 0.1687779E+01 0.2398895E+01 0.1326888E-01 0.1689945E+01 0.2398895E+01 0.1421472E-01
 XYZ  0.1692374E+01 0.2398895E+01 0.1509284E-01 0.1695082E+01 0.2398895E+01 0.1590609E-01 0.1698070E+01 0.2398895E+01 0.1667073E-01
 XYZ  0.1701327E+01 0.2398895E+01 0.1739175E-01 0.1704849E+01 0.2398895E+01 0.1806943E-01 0.1708628E+01 0.2398895E+01 0.1871090E-01
 XYZ  0.1712651E+01 0.2398895E+01 0.1930979E-01 0.1716921E+01 0.2398895E+01 0.1985792E-01 0.1721441E+01 0.2398895E+01 0.2036583E-01
 XYZ  0.1726196E+01 0.2398895E+01 0.2084290E-01 0.1731176E+01 0.2398895E+01 0.2128540E-01 0.1736377E+01 0.2398895E+01 0.2169835E-01
 XYZ  0.1741781E+01 0.2398895E+01 0.2209005E-01 0.1747369E+01 0.2398895E+01 0.2245293E-01 0.1753132E+01 0.2398895E+01 0.2277115E-01
 XYZ  0.1759077E+01 0.2398894E+01 0.2304373E-01 0.1765193E+01 0.2398894E+01 0.2328824E-01 0.1771455E+01 0.2398894E+01 0.2349306E-01
 XYZ  0.1777870E+01 0.2398894E+01 0.2364695E-01 0.1784434E+01 0.2398894E+01 0.2377083E-01 0.1791118E+01 0.2398894E+01 0.2386633E-01
 XYZ  0.1797910E+01 0.2398894E+01 0.2391425E-01 0.1804820E+01 0.2398894E+01 0.2391521E-01 0.1811837E+01 0.2398894E+01 0.2388910E-01
 XYZ  0.1818933E+01 0.2398894E+01 0.2383895E-01 0.1826092E+01 0.2398894E+01 0.2375110E-01 0.1833314E+01 0.2398894E+01 0.2361954E-01
 XYZ  0.1840590E+01 0.2398894E+01 0.2345750E-01 0.1847895E+01 0.2398894E+01 0.2326574E-01 0.1855220E+01 0.2398894E+01 0.2303017E-01
 XYZ  0.1862559E+01 0.2398895E+01 0.2275398E-01 0.1869897E+01 0.2398895E+01 0.2243827E-01 0.1877224E+01 0.2398895E+01 0.2207878E-01
 XYZ  0.1884528E+01 0.2398895E+01 0.2167319E-01 0.1891804E+01 0.2398895E+01 0.2121597E-01 0.1899046E+01 0.2398895E+01 0.2071416E-01
 XYZ  0.1906237E+01 0.2398895E+01 0.2016606E-01 0.1913374E+01 0.2398895E+01 0.1956396E-01 0.1920454E+01 0.2398895E+01 0.1891501E-01
 XYZ  0.1927463E+01 0.2398895E+01 0.1822294E-01 0.1934398E+01 0.2398895E+01 0.1747933E-01 0.1941268E+01 0.2398895E+01 0.1669884E-01
 XYZ  0.1948050E+01 0.2398895E+01 0.1590449E-01 0.1954722E+01 0.2398895E+01 0.1508987E-01 0.1961281E+01 0.2398895E+01 0.1425289E-01
 XYZ  0.1967716E+01 0.2398895E+01 0.1339839E-01 0.1974022E+01 0.2398896E+01 0.1253033E-01 0.1980187E+01 0.2398896E+01 0.1165577E-01
 XYZ  0.1986202E+01 0.2398896E+01 0.1077837E-01 0.1992054E+01 0.2398896E+01 0.9904745E-02 0.1997731E+01 0.2398896E+01 0.9034673E-02
 XYZ  0.2003228E+01 0.2398896E+01 0.8169309E-02 0.2008536E+01 0.2398896E+01 0.7320073E-02 0.2013635E+01 0.2398896E+01 0.6486826E-02
 XYZ  0.2018526E+01 0.2398896E+01 0.5659829E-02 0.2023210E+01 0.2398896E+01 0.4859896E-02 0.2027658E+01 0.2398896E+01 0.4095847E-02
 XYZ  0.2031864E+01 0.2398896E+01 0.3349480E-02 0.2035833E+01 0.2398896E+01 0.2634018E-02 0.2039545E+01 0.2398896E+01 0.1955884E-02
 XYZ  0.2042994E+01 0.2398896E+01 0.1307785E-02 0.2046179E+01 0.2398896E+01 0.6955016E-03 0.2049092E+01 0.2398896E+01 0.1227568E-03
 XYZ  0.2051732E+01 0.2398896E+01-0.4071858E-03 0.2054088E+01 0.2398896E+01-0.8814857E-03 0.2056144E+01 0.2398896E+01-0.1303252E-02
 XYZ  0.2057902E+01 0.2398896E+01-0.1677844E-02 0.2059361E+01 0.2398896E+01-0.1994507E-02 0.2060511E+01 0.2398896E+01-0.2246839E-02
 XYZ  0.2061344E+01 0.2398896E+01-0.2431670E-02 0.2061850E+01 0.2398896E+01-0.2545674E-02 0.2062022E+01 0.2398896E+01-0.2584644E-02
 SHK     1 0.1691807E+01 0.2398895E+01 0.1488770E-01 0.1243884E+01 0.3462333E+02 0.1364920E+02 0.2256436E+02
 SHK     1 0.1691412E+01 0.2398895E+01 0.1881901E-01 0.1110752E+01 0.3462333E+02 0.1199943E+02 0.2346322E+02
 LMN  181202821 1 1 0 0 0 0 0 0 0 0 0 0 0 0 0 0 0 0 0 0
 XYZ  0.1769649E+01 0.2527092E+01 0.4543447E-02 0.1770017E+01 0.2527092E+01 0.5816470E-02 0.1770601E+01 0.2527092E+01 0.7048938E-02
 XYZ  0.1771414E+01 0.2527092E+01 0.8221262E-02 0.1772478E+01 0.2527092E+01 0.9329858E-02 0.1773806E+01 0.2527092E+01 0.1038473E-01
 XYZ  0.1775395E+01 0.2527092E+01 0.1139841E-01 0.1777234E+01 0.2527092E+01 0.1237029E-01 0.1779321E+01 0.2527092E+01 0.1328738E-01
 XYZ  0.1781662E+01 0.2527092E+01 0.1413978E-01 0.1784271E+01 0.2527092E+01 0.1493026E-01 0.1787151E+01 0.2527092E+01 0.1567453E-01
 XYZ  0.1790289E+01 0.2527092E+01 0.1637736E-01 0.1793684E+01 0.2527092E+01 0.1703901E-01 0.1797327E+01 0.2527092E+01 0.1766634E-01
 XYZ  0.1801206E+01 0.2527092E+01 0.1825317E-01 0.1805322E+01 0.2527092E+01 0.1879163E-01 0.1809679E+01 0.2527091E+01 0.1929189E-01
 XYZ  0.1814264E+01 0.2527091E+01 0.1976297E-01 0.1819065E+01 0.2527091E+01 0.2020122E-01 0.1824079E+01 0.2527091E+01 0.2061149E-01
 XYZ  0.1829290E+01 0.2527091E+01 0.2100176E-01 0.1834677E+01 0.2527091E+01 0.2136465E-01 0.1840234E+01 0.2527091E+01 0.2168487E-01
 XYZ  0.1845967E+01 0.2527091E+01 0.2196151E-01 0.1851864E+01 0.2527091E+01 0.2221149E-01 0.1857902E+01 0.2527091E+01 0.2242353E-01
 XYZ  0.1864088E+01 0.2527091E+01 0.2258680E-01 0.1870417E+01 0.2527091E+01 0.2272150E-01 0.1876862E+01 0.2527091E+01 0.2282909E-01
 XYZ  0.1883412E+01 0.2527091E+01 0.2289106E-01 0.1890076E+01 0.2527091E+01 0.2290802E-01 0.1896842E+01 0.2527091E+01 0.2289913E-01
 XYZ  0.1903685E+01 0.2527091E+01 0.2286725E-01 0.1910588E+01 0.2527091E+01 0.2279914E-01 0.1917552E+01 0.2527091E+01 0.2268904E-01
 XYZ  0.1924570E+01 0.2527091E+01 0.2254967E-01 0.1931615E+01 0.2527091E+01 0.2238170E-01 0.1938678E+01 0.2527091E+01 0.2217154E-01
 XYZ  0.1945756E+01 0.2527091E+01 0.2192224E-01 0.1952833E+01 0.2527091E+01 0.2163481E-01 0.1959899E+01 0.2527091E+01 0.2130515E-01
 XYZ  0.1966944E+01 0.2527091E+01 0.2093097E-01 0.1973961E+01 0.2527091E+01 0.2050694E-01 0.1980946E+01 0.2527091E+01 0.2003984E-01
 XYZ  0.1987881E+01 0.2527091E+01 0.1952798E-01 0.1994765E+01 0.2527091E+01 0.1896391E-01 0.2001593E+01 0.2527092E+01 0.1835454E-01
 XYZ  0.2008354E+01 0.2527092E+01 0.1770342E-01 0.2015044E+01 0.2527092E+01 0.1700244E-01 0.2021669E+01 0.2527092E+01 0.1626574E-01
 XYZ  0.2028211E+01 0.2527092E+01 0.1551550E-01 0.2034647E+01 0.2527092E+01 0.1474544E-01 0.2040973E+01 0.2527092E+01 0.1395356E-01
 XYZ  0.2047181E+01 0.2527092E+01 0.1314450E-01 0.2053264E+01 0.2527092E+01 0.1232208E-01 0.2059211E+01 0.2527092E+01 0.1149307E-01
 XYZ  0.2065013E+01 0.2527092E+01 0.1066097E-01 0.2070658E+01 0.2527092E+01 0.9832133E-02 0.2076134E+01 0.2527092E+01 0.9006319E-02
 XYZ  0.2081437E+01 0.2527092E+01 0.8184633E-02 0.2086557E+01 0.2527092E+01 0.7378068E-02 0.2091476E+01 0.2527092E+01 0.6586429E-02
 XYZ  0.2096194E+01 0.2527092E+01 0.5800336E-02 0.2100712E+01 0.2527092E+01 0.5039881E-02 0.2105003E+01 0.2527092E+01 0.4313471E-02
 XYZ  0.2109061E+01 0.2527092E+01 0.3603546E-02 0.2112889E+01 0.2527092E+01 0.2922882E-02 0.2116470E+01 0.2527092E+01 0.2277612E-02
 XYZ  0.2119797E+01 0.2527092E+01 0.1660693E-02 0.2122870E+01 0.2527092E+01 0.1077704E-02 0.2125680E+01 0.2527092E+01 0.5322071E-03
 XYZ  0.2128226E+01 0.2527092E+01 0.2735221E-04 0.2130499E+01 0.2527092E+01-0.4245029E-03 0.2132483E+01 0.2527092E+01-0.8264040E-03
 XYZ  0.2134179E+01 0.2527092E+01-0.1183508E-02 0.2135586E+01 0.2527092E+01-0.1485445E-02 0.2136696E+01 0.2527092E+01-0.1726071E-02
 XYZ  0.2137499E+01 0.2527092E+01-0.1902350E-02 0.2137988E+01 0.2527092E+01-0.2011091E-02 0.2138153E+01 0.2527092E+01-0.2048267E-02
 SHK     1 0.1781205E+01 0.2527092E+01 0.1397365E-01 0.1221177E+01 0.3463104E+02 0.1336620E+02 0.2324184E+02
 SHK     1 0.1781012E+01 0.2527092E+01 0.1785650E-01 0.1088134E+01 0.3463104E+02 0.1170004E+02 0.2402291E+02
 LMN  181202822 1 1 0 0 0 0 0 0 0 0 0 0 0 0 0 0 0 0 0 0
 XYZ  0.1859999E+01 0.2656139E+01 0.3911520E-02 0.1860350E+01 0.2656139E+01 0.5138174E-02 0.1860909E+01 0.2656139E+01 0.6326063E-02
 XYZ  0.1861689E+01 0.2656139E+01 0.7456757E-02 0.1862711E+01 0.2656139E+01 0.8526785E-02 0.1863987E+01 0.2656139E+01 0.9545654E-02
 XYZ  0.1865514E+01 0.2656138E+01 0.1052555E-01 0.1867283E+01 0.2656138E+01 0.1146585E-01 0.1869289E+01 0.2656138E+01 0.1235398E-01
 XYZ  0.1871541E+01 0.2656138E+01 0.1318048E-01 0.1874052E+01 0.2656138E+01 0.1394804E-01 0.1876822E+01 0.2656138E+01 0.1467179E-01
 XYZ  0.1879842E+01 0.2656138E+01 0.1535630E-01 0.1883109E+01 0.2656138E+01 0.1600182E-01 0.1886615E+01 0.2656138E+01 0.1661491E-01
 XYZ  0.1890348E+01 0.2656138E+01 0.1718961E-01 0.1894309E+01 0.2656138E+01 0.1771832E-01 0.1898503E+01 0.2656138E+01 0.1821088E-01
 XYZ  0.1902916E+01 0.2656138E+01 0.1867591E-01 0.1907537E+01 0.2656138E+01 0.1910989E-01 0.1912364E+01 0.2656138E+01 0.1951748E-01
 XYZ  0.1917380E+01 0.2656138E+01 0.1990629E-01 0.1922565E+01 0.2656138E+01 0.2026919E-01 0.1927914E+01 0.2656138E+01 0.2059143E-01
 XYZ  0.1933432E+01 0.2656138E+01 0.2087216E-01 0.1939109E+01 0.2656138E+01 0.2112764E-01 0.1944922E+01 0.2656138E+01 0.2134693E-01
 XYZ  0.1950877E+01 0.2656138E+01 0.2151965E-01 0.1956970E+01 0.2656138E+01 0.2166524E-01 0.1963175E+01 0.2656138E+01 0.2178501E-01
 XYZ  0.1969481E+01 0.2656138E+01 0.2186112E-01 0.1975896E+01 0.2656138E+01 0.2189418E-01 0.1982411E+01 0.2656138E+01 0.2190263E-01
 XYZ  0.1988999E+01 0.2656138E+01 0.2188912E-01 0.1995645E+01 0.2656138E+01 0.2184089E-01 0.2002350E+01 0.2656138E+01 0.2175238E-01
 XYZ  0.2009106E+01 0.2656138E+01 0.2163584E-01 0.2015889E+01 0.2656138E+01 0.2149183E-01 0.2022690E+01 0.2656138E+01 0.2130723E-01
 XYZ  0.2029505E+01 0.2656138E+01 0.2108499E-01 0.2036319E+01 0.2656138E+01 0.2082605E-01 0.2043123E+01 0.2656138E+01 0.2052641E-01
 XYZ  0.2049906E+01 0.2656138E+01 0.2018386E-01 0.2056663E+01 0.2656138E+01 0.1979324E-01 0.2063389E+01 0.2656138E+01 0.1936108E-01
 XYZ  0.2070067E+01 0.2656138E+01 0.1888569E-01 0.2076695E+01 0.2656138E+01 0.1835991E-01 0.2083271E+01 0.2656138E+01 0.1779039E-01
 XYZ  0.2089781E+01 0.2656138E+01 0.1718050E-01 0.2096223E+01 0.2656138E+01 0.1652242E-01 0.2102604E+01 0.2656138E+01 0.1582982E-01
 XYZ  0.2108904E+01 0.2656138E+01 0.1512398E-01 0.2115102E+01 0.2656138E+01 0.1439878E-01 0.2121195E+01 0.2656138E+01 0.1365231E-01
 XYZ  0.2127173E+01 0.2656138E+01 0.1288899E-01 0.2133031E+01 0.2656138E+01 0.1211251E-01 0.2138758E+01 0.2656138E+01 0.1132934E-01
 XYZ  0.2144346E+01 0.2656138E+01 0.1054284E-01 0.2149783E+01 0.2656139E+01 0.9759102E-02 0.2155056E+01 0.2656139E+01 0.8977839E-02
 XYZ  0.2160163E+01 0.2656139E+01 0.8200121E-02 0.2165095E+01 0.2656139E+01 0.7436510E-02 0.2169832E+01 0.2656139E+01 0.6686754E-02
 XYZ  0.2174376E+01 0.2656139E+01 0.5941835E-02 0.2178728E+01 0.2656139E+01 0.5221117E-02 0.2182861E+01 0.2656139E+01 0.4532592E-02
 XYZ  0.2186769E+01 0.2656139E+01 0.3859347E-02 0.2190456E+01 0.2656139E+01 0.3213709E-02 0.2193904E+01 0.2656139E+01 0.2601518E-02
 XYZ  0.2197109E+01 0.2656139E+01 0.2015984E-02 0.2200069E+01 0.2656139E+01 0.1462478E-02 0.2202775E+01 0.2656139E+01 0.9444062E-03
 XYZ  0.2205228E+01 0.2656139E+01 0.4648010E-03 0.2207417E+01 0.2656139E+01 0.3553461E-04 0.2209327E+01 0.2656139E+01-0.3463736E-03
 XYZ  0.2210961E+01 0.2656139E+01-0.6858770E-03 0.2212317E+01 0.2656139E+01-0.9729963E-03 0.2213385E+01 0.2656139E+01-0.1201842E-02
 XYZ  0.2214159E+01 0.2656139E+01-0.1369513E-02 0.2214630E+01 0.2656139E+01-0.1472960E-02 0.2214789E+01 0.2656139E+01-0.1508330E-02
 SHK     1 0.1870990E+01 0.2656138E+01 0.1297816E-01 0.1195165E+01 0.3467932E+02 0.1296500E+02 0.2438190E+02
 SHK     1 0.1870338E+01 0.2656138E+01 0.1651106E-01 0.1068007E+01 0.3467932E+02 0.1126870E+02 0.2522522E+02
 LMN  181202823 1 1 0 0 0 0 0 0 0 0 0 0 0 0 0 0 0 0 0 0
 XYZ  0.1948204E+01 0.2782122E+01 0.3294782E-02 0.1948539E+01 0.2782122E+01 0.4476151E-02 0.1949073E+01 0.2782122E+01 0.5620495E-02
 XYZ  0.1949821E+01 0.2782121E+01 0.6710529E-02 0.1950802E+01 0.2782121E+01 0.7742892E-02 0.1952027E+01 0.2782121E+01 0.8726605E-02
 XYZ  0.1953494E+01 0.2782121E+01 0.9673507E-02 0.1955194E+01 0.2782121E+01 0.1058296E-01 0.1957122E+01 0.2782121E+01 0.1144282E-01
 XYZ  0.1959287E+01 0.2782121E+01 0.1224402E-01 0.1961701E+01 0.2782121E+01 0.1298920E-01 0.1964365E+01 0.2782121E+01 0.1369292E-01
 XYZ  0.1967269E+01 0.2782121E+01 0.1435954E-01 0.1970411E+01 0.2782121E+01 0.1498930E-01 0.1973783E+01 0.2782121E+01 0.1558849E-01
 XYZ  0.1977373E+01 0.2782121E+01 0.1615133E-01 0.1981184E+01 0.2782121E+01 0.1667054E-01 0.1985218E+01 0.2782121E+01 0.1715557E-01
 XYZ  0.1989463E+01 0.2782121E+01 0.1761471E-01 0.1993909E+01 0.2782121E+01 0.1804451E-01 0.1998552E+01 0.2782121E+01 0.1844947E-01
 XYZ  0.2003378E+01 0.2782121E+01 0.1883687E-01 0.2008367E+01 0.2782121E+01 0.1919977E-01 0.2013513E+01 0.2782121E+01 0.1952397E-01
 XYZ  0.2018822E+01 0.2782121E+01 0.1980870E-01 0.2024284E+01 0.2782121E+01 0.2006954E-01 0.2029876E+01 0.2782121E+01 0.2029592E-01
 XYZ  0.2035606E+01 0.2782121E+01 0.2047787E-01 0.2041469E+01 0.2782121E+01 0.2063409E-01 0.2047439E+01 0.2782121E+01 0.2076574E-01
 XYZ  0.2053507E+01 0.2782121E+01 0.2085565E-01 0.2059680E+01 0.2782121E+01 0.2090443E-01 0.2065948E+01 0.2782121E+01 0.2092980E-01
 XYZ  0.2072287E+01 0.2782121E+01 0.2093424E-01 0.2078683E+01 0.2782121E+01 0.2090541E-01 0.2085135E+01 0.2782121E+01 0.2083798E-01
 XYZ  0.2091636E+01 0.2782121E+01 0.2074373E-01 0.2098163E+01 0.2782121E+01 0.2062310E-01 0.2104708E+01 0.2782121E+01 0.2046346E-01
 XYZ  0.2111266E+01 0.2782121E+01 0.2026765E-01 0.2117823E+01 0.2782121E+01 0.2003651E-01 0.2124371E+01 0.2782121E+01 0.1976619E-01
 XYZ  0.2130898E+01 0.2782121E+01 0.1945450E-01 0.2137401E+01 0.2782121E+01 0.1909651E-01 0.2143874E+01 0.2782121E+01 0.1869846E-01
 XYZ  0.2150301E+01 0.2782121E+01 0.1825868E-01 0.2156681E+01 0.2782121E+01 0.1777028E-01 0.2163010E+01 0.2782121E+01 0.1723967E-01
 XYZ  0.2169276E+01 0.2782121E+01 0.1667003E-01 0.2175476E+01 0.2782121E+01 0.1605384E-01 0.2181617E+01 0.2782121E+01 0.1540429E-01
 XYZ  0.2187681E+01 0.2782121E+01 0.1474179E-01 0.2193647E+01 0.2782121E+01 0.1406039E-01 0.2199511E+01 0.2782121E+01 0.1335825E-01
 XYZ  0.2205266E+01 0.2782121E+01 0.1263960E-01 0.2210904E+01 0.2782121E+01 0.1190796E-01 0.2216417E+01 0.2782121E+01 0.1116956E-01
 XYZ  0.2221795E+01 0.2782121E+01 0.1042758E-01 0.2227029E+01 0.2782121E+01 0.9687859E-02 0.2232105E+01 0.2782121E+01 0.8950089E-02
 XYZ  0.2237021E+01 0.2782121E+01 0.8215295E-02 0.2241768E+01 0.2782121E+01 0.7493616E-02 0.2246328E+01 0.2782121E+01 0.6784749E-02
 XYZ  0.2250702E+01 0.2782121E+01 0.6080026E-02 0.2254892E+01 0.2782122E+01 0.5398098E-02 0.2258870E+01 0.2782122E+01 0.4746556E-02
 XYZ  0.2262632E+01 0.2782122E+01 0.4109120E-02 0.2266181E+01 0.2782122E+01 0.3497673E-02 0.2269501E+01 0.2782122E+01 0.2917772E-02
 XYZ  0.2272586E+01 0.2782122E+01 0.2362875E-02 0.2275435E+01 0.2782122E+01 0.1838148E-02 0.2278041E+01 0.2782122E+01 0.1346848E-02
 XYZ  0.2280401E+01 0.2782122E+01 0.8918892E-03 0.2282509E+01 0.2782122E+01 0.4846714E-03 0.2284348E+01 0.2782122E+01 0.1222781E-03
 XYZ  0.2285921E+01 0.2782122E+01-0.2000462E-03 0.2287226E+01 0.2782122E+01-0.4727019E-03 0.2288254E+01 0.2782122E+01-0.6900502E-03
 XYZ  0.2288999E+01 0.2782122E+01-0.8493209E-03 0.2289452E+01 0.2782122E+01-0.9476002E-03 0.2289606E+01 0.2782122E+01-0.9812075E-03
 SHK     1 0.1958716E+01 0.2782121E+01 0.1203258E-01 0.1167762E+01 0.3477510E+02 0.1251385E+02 0.2596792E+02
 SHK     1 0.1958122E+01 0.2782121E+01 0.1544716E-01 0.1044988E+01 0.3477510E+02 0.1081712E+02 0.2663732E+02
 LMN  181202824 1 0 0 0 0 0 0 0 0 0 0 0 0 0 0 0 0 0 0 0
 XYZ  0.2029682E+01 0.2898497E+01 0.2725212E-02 0.2030002E+01 0.2898497E+01 0.3864737E-02 0.2030514E+01 0.2898497E+01 0.4968837E-02
 XYZ  0.2031232E+01 0.2898497E+01 0.6021301E-02 0.2032175E+01 0.2898497E+01 0.7018864E-02 0.2033353E+01 0.2898497E+01 0.7970092E-02
 XYZ  0.2034765E+01 0.2898497E+01 0.8886512E-02 0.2036401E+01 0.2898497E+01 0.9767470E-02 0.2038257E+01 0.2898497E+01 0.1060120E-01
 XYZ  0.2040342E+01 0.2898497E+01 0.1137903E-01 0.2042666E+01 0.2898497E+01 0.1210353E-01 0.2045232E+01 0.2898497E+01 0.1278874E-01
 XYZ  0.2048030E+01 0.2898497E+01 0.1343884E-01 0.2051056E+01 0.2898497E+01 0.1405404E-01 0.2054304E+01 0.2898497E+01 0.1464039E-01
 XYZ  0.2057763E+01 0.2898497E+01 0.1519228E-01 0.2061434E+01 0.2898497E+01 0.1570270E-01 0.2065321E+01 0.2898497E+01 0.1618078E-01
 XYZ  0.2069411E+01 0.2898497E+01 0.1663447E-01 0.2073694E+01 0.2898497E+01 0.1706041E-01 0.2078169E+01 0.2898497E+01 0.1746294E-01
 XYZ  0.2082818E+01 0.2898497E+01 0.1784903E-01 0.2087625E+01 0.2898497E+01 0.1821194E-01 0.2092584E+01 0.2898496E+01 0.1853796E-01
 XYZ  0.2097700E+01 0.2898496E+01 0.1882637E-01 0.2102963E+01 0.2898496E+01 0.1909217E-01 0.2108352E+01 0.2898496E+01 0.1932509E-01
 XYZ  0.2113874E+01 0.2898496E+01 0.1951556E-01 0.2119524E+01 0.2898496E+01 0.1968159E-01 0.2125277E+01 0.2898496E+01 0.1982423E-01
 XYZ  0.2131125E+01 0.2898496E+01 0.1992688E-01 0.2137074E+01 0.2898496E+01 0.1999019E-01 0.2143115E+01 0.2898496E+01 0.2003119E-01
 XYZ  0.2149224E+01 0.2898496E+01 0.2005221E-01 0.2155388E+01 0.2898496E+01 0.2004130E-01 0.2161606E+01 0.2898496E+01 0.1999334E-01
 XYZ  0.2167872E+01 0.2898496E+01 0.1991967E-01 0.2174163E+01 0.2898496E+01 0.1982064E-01 0.2180471E+01 0.2898496E+01 0.1968406E-01
 XYZ  0.2186791E+01 0.2898496E+01 0.1951266E-01 0.2193112E+01 0.2898496E+01 0.1930720E-01 0.2199423E+01 0.2898496E+01 0.1906396E-01
 XYZ  0.2205715E+01 0.2898496E+01 0.1878080E-01 0.2211983E+01 0.2898497E+01 0.1845294E-01 0.2218222E+01 0.2898497E+01 0.1808640E-01
 XYZ  0.2224417E+01 0.2898497E+01 0.1767952E-01 0.2230566E+01 0.2898497E+01 0.1722565E-01 0.2236667E+01 0.2898497E+01 0.1673097E-01
 XYZ  0.2242708E+01 0.2898497E+01 0.1619852E-01 0.2248685E+01 0.2898497E+01 0.1562102E-01 0.2254605E+01 0.2898497E+01 0.1501125E-01
 XYZ  0.2260451E+01 0.2898497E+01 0.1438879E-01 0.2266202E+01 0.2898497E+01 0.1374785E-01 0.2271855E+01 0.2898497E+01 0.1308666E-01
 XYZ  0.2277403E+01 0.2898497E+01 0.1240927E-01 0.2282839E+01 0.2898497E+01 0.1171906E-01 0.2288154E+01 0.2898497E+01 0.1102200E-01
 XYZ  0.2293339E+01 0.2898497E+01 0.1032115E-01 0.2298384E+01 0.2898497E+01 0.9622091E-02 0.2303278E+01 0.2898497E+01 0.8924499E-02
 XYZ  0.2308018E+01 0.2898497E+01 0.8229355E-02 0.2312594E+01 0.2898497E+01 0.7546409E-02 0.2316991E+01 0.2898497E+01 0.6875312E-02
 XYZ  0.2321208E+01 0.2898497E+01 0.6207718E-02 0.2325247E+01 0.2898497E+01 0.5561620E-02 0.2329082E+01 0.2898497E+01 0.4944239E-02
 XYZ  0.2332709E+01 0.2898497E+01 0.4339879E-02 0.2336131E+01 0.2898497E+01 0.3760013E-02 0.2339332E+01 0.2898497E+01 0.3209938E-02
 XYZ  0.2342307E+01 0.2898497E+01 0.2683338E-02 0.2345054E+01 0.2898497E+01 0.2185195E-02 0.2347566E+01 0.2898497E+01 0.1718621E-02
 XYZ  0.2349842E+01 0.2898497E+01 0.1286427E-02 0.2351874E+01 0.2898497E+01 0.8995730E-03 0.2353647E+01 0.2898497E+01 0.5552040E-03
 XYZ  0.2355164E+01 0.2898497E+01 0.2487462E-03 0.2356422E+01 0.2898497E+01-0.1055150E-04 0.2357414E+01 0.2898497E+01-0.2172813E-03
 XYZ  0.2358132E+01 0.2898497E+01-0.3687941E-03 0.2358569E+01 0.2898497E+01-0.4623013E-03 0.2358717E+01 0.2898497E+01-0.4942811E-03
 SHK     1 0.2039717E+01 0.2898497E+01 0.1114582E-01 0.1137549E+01 0.3484039E+02 0.1197071E+02 0.2800804E+02
 LMN  181202825 0 0 0 0 0 0 0 0 0 0 0 0 0 0 0 0 0 0 0 0
 XYZ  0.2099751E+01 0.2998576E+01 0.2235491E-02 0.2100057E+01 0.2998576E+01 0.3339024E-02 0.2100550E+01 0.2998576E+01 0.4408505E-02
 XYZ  0.2101243E+01 0.2998576E+01 0.5428652E-02 0.2102153E+01 0.2998576E+01 0.6396283E-02 0.2103291E+01 0.2998576E+01 0.7319571E-02
 XYZ  0.2104655E+01 0.2998576E+01 0.8209774E-02 0.2106236E+01 0.2998576E+01 0.9066222E-02 0.2108030E+01 0.2998576E+01 0.9877482E-02
 XYZ  0.2110046E+01 0.2998575E+01 0.1063520E-01 0.2112293E+01 0.2998575E+01 0.1134192E-01 0.2114775E+01 0.2998575E+01 0.1201122E-01
 XYZ  0.2117480E+01 0.2998575E+01 0.1264710E-01 0.2120408E+01 0.2998575E+01 0.1324978E-01 0.2123550E+01 0.2998575E+01 0.1382509E-01
 XYZ  0.2126895E+01 0.2998575E+01 0.1436755E-01 0.2130447E+01 0.2998575E+01 0.1487042E-01 0.2134206E+01 0.2998575E+01 0.1534252E-01
 XYZ  0.2138163E+01 0.2998575E+01 0.1579152E-01 0.2142307E+01 0.2998575E+01 0.1621415E-01 0.2146636E+01 0.2998575E+01 0.1661459E-01
 XYZ  0.2151134E+01 0.2998575E+01 0.1699956E-01 0.2155785E+01 0.2998575E+01 0.1736246E-01 0.2160582E+01 0.2998575E+01 0.1769004E-01
 XYZ  0.2165532E+01 0.2998575E+01 0.1798162E-01 0.2170625E+01 0.2998575E+01 0.1825170E-01 0.2175839E+01 0.2998575E+01 0.1849023E-01
 XYZ  0.2181182E+01 0.2998575E+01 0.1868803E-01 0.2186649E+01 0.2998575E+01 0.1886251E-01 0.2192216E+01 0.2998575E+01 0.1901459E-01
 XYZ  0.2197874E+01 0.2998575E+01 0.1912819E-01 0.2203630E+01 0.2998575E+01 0.1920399E-01 0.2209476E+01 0.2998575E+01 0.1925844E-01
 XYZ  0.2215388E+01 0.2998575E+01 0.1929371E-01 0.2221352E+01 0.2998575E+01 0.1929821E-01 0.2227369E+01 0.2998575E+01 0.1926701E-01
 XYZ  0.2233433E+01 0.2998575E+01 0.1921103E-01 0.2239520E+01 0.2998575E+01 0.1913058E-01 0.2245624E+01 0.2998575E+01 0.1901383E-01
 XYZ  0.2251741E+01 0.2998575E+01 0.1886342E-01 0.2257857E+01 0.2998575E+01 0.1868005E-01 0.2263965E+01 0.2998575E+01 0.1846009E-01
 XYZ  0.2270054E+01 0.2998575E+01 0.1820145E-01 0.2276120E+01 0.2998575E+01 0.1789951E-01 0.2282158E+01 0.2998575E+01 0.1756007E-01
 XYZ  0.2288154E+01 0.2998575E+01 0.1718148E-01 0.2294105E+01 0.2998575E+01 0.1675731E-01 0.2300010E+01 0.2998575E+01 0.1629354E-01
 XYZ  0.2305856E+01 0.2998575E+01 0.1579306E-01 0.2311641E+01 0.2998575E+01 0.1524885E-01 0.2317372E+01 0.2998575E+01 0.1467327E-01
 XYZ  0.2323030E+01 0.2998575E+01 0.1408525E-01 0.2328596E+01 0.2998575E+01 0.1347911E-01 0.2334068E+01 0.2998575E+01 0.1285313E-01
 XYZ  0.2339438E+01 0.2998575E+01 0.1221122E-01 0.2344699E+01 0.2998575E+01 0.1155664E-01 0.2349844E+01 0.2998575E+01 0.1089514E-01
 XYZ  0.2354863E+01 0.2998575E+01 0.1022965E-01 0.2359747E+01 0.2998576E+01 0.9565565E-02 0.2364484E+01 0.2998576E+01 0.8902523E-02
 XYZ  0.2369072E+01 0.2998576E+01 0.8241476E-02 0.2373502E+01 0.2998576E+01 0.7591838E-02 0.2377758E+01 0.2998576E+01 0.6953221E-02
 XYZ  0.2381840E+01 0.2998576E+01 0.6317555E-02 0.2385750E+01 0.2998576E+01 0.5702269E-02 0.2389462E+01 0.2998576E+01 0.5114264E-02
 XYZ  0.2392973E+01 0.2998576E+01 0.4538346E-02 0.2396286E+01 0.2998576E+01 0.3985637E-02 0.2399384E+01 0.2998576E+01 0.3461209E-02
 XYZ  0.2402264E+01 0.2998576E+01 0.2958944E-02 0.2404923E+01 0.2998576E+01 0.2483659E-02 0.2407355E+01 0.2998576E+01 0.2038348E-02
 XYZ  0.2409558E+01 0.2998576E+01 0.1625727E-02 0.2411525E+01 0.2998576E+01 0.1256384E-02 0.2413242E+01 0.2998576E+01 0.9275132E-03
 XYZ  0.2414710E+01 0.2998576E+01 0.6346984E-03 0.2415929E+01 0.2998576E+01 0.3868864E-03 0.2416889E+01 0.2998576E+01 0.1892865E-03
 XYZ  0.2417584E+01 0.2998576E+01 0.4444389E-04 0.2418007E+01 0.2998576E+01-0.4496033E-04 0.2418150E+01 0.2998576E+01-0.7554087E-04
 LMN  181202826 0 0 0 0 0 0 0 0 0 0 0 0 0 0 0 0 0 0 0 0
 XYZ  0.2156843E+01 0.3080120E+01 0.1836521E-02 0.2157138E+01 0.3080120E+01 0.2910721E-02 0.2157616E+01 0.3080120E+01 0.3951987E-02
 XYZ  0.2158288E+01 0.3080120E+01 0.4945800E-02 0.2159171E+01 0.3080120E+01 0.5889039E-02 0.2160276E+01 0.3080119E+01 0.6789559E-02
 XYZ  0.2161601E+01 0.3080119E+01 0.7658397E-02 0.2163137E+01 0.3080119E+01 0.8494874E-02 0.2164881E+01 0.3080119E+01 0.9287822E-02
 XYZ  0.2166840E+01 0.3080119E+01 0.1002916E-01 0.2169026E+01 0.3080119E+01 0.1072139E-01 0.2171438E+01 0.3080119E+01 0.1137772E-01
 XYZ  0.2174069E+01 0.3080119E+01 0.1200202E-01 0.2176915E+01 0.3080119E+01 0.1259449E-01 0.2179970E+01 0.3080119E+01 0.1316080E-01
 XYZ  0.2183224E+01 0.3080119E+01 0.1369559E-01 0.2186678E+01 0.3080119E+01 0.1419229E-01 0.2190334E+01 0.3080119E+01 0.1465953E-01
 XYZ  0.2194182E+01 0.3080119E+01 0.1510471E-01 0.2198213E+01 0.3080119E+01 0.1552463E-01 0.2202423E+01 0.3080119E+01 0.1592338E-01
 XYZ  0.2206798E+01 0.3080119E+01 0.1630742E-01 0.2211321E+01 0.3080119E+01 0.1667033E-01 0.2215987E+01 0.3080119E+01 0.1699918E-01
 XYZ  0.2220802E+01 0.3080119E+01 0.1729334E-01 0.2225755E+01 0.3080119E+01 0.1756689E-01 0.2230827E+01 0.3080119E+01 0.1781001E-01
 XYZ  0.2236024E+01 0.3080119E+01 0.1801378E-01 0.2241342E+01 0.3080119E+01 0.1819514E-01 0.2246757E+01 0.3080119E+01 0.1835491E-01
 XYZ  0.2252261E+01 0.3080119E+01 0.1847745E-01 0.2257860E+01 0.3080119E+01 0.1856342E-01 0.2263547E+01 0.3080119E+01 0.1862883E-01
 XYZ  0.2269297E+01 0.3080119E+01 0.1867571E-01 0.2275099E+01 0.3080119E+01 0.1869277E-01 0.2280953E+01 0.3080119E+01 0.1867520E-01
 XYZ  0.2286851E+01 0.3080119E+01 0.1863365E-01 0.2292773E+01 0.3080119E+01 0.1856834E-01 0.2298711E+01 0.3080119E+01 0.1846774E-01
 XYZ  0.2304662E+01 0.3080119E+01 0.1833443E-01 0.2310612E+01 0.3080119E+01 0.1816906E-01 0.2316554E+01 0.3080119E+01 0.1796808E-01
 XYZ  0.2322477E+01 0.3080119E+01 0.1772942E-01 0.2328379E+01 0.3080119E+01 0.1744859E-01 0.2334253E+01 0.3080119E+01 0.1713124E-01
 XYZ  0.2340087E+01 0.3080119E+01 0.1677570E-01 0.2345877E+01 0.3080119E+01 0.1637573E-01 0.2351622E+01 0.3080119E+01 0.1593714E-01
 XYZ  0.2357310E+01 0.3080119E+01 0.1546272E-01 0.2362938E+01 0.3080119E+01 0.1494562E-01 0.2368514E+01 0.3080119E+01 0.1439791E-01
 XYZ  0.2374019E+01 0.3080119E+01 0.1383795E-01 0.2379435E+01 0.3080119E+01 0.1326015E-01 0.2384759E+01 0.3080119E+01 0.1266287E-01
 XYZ  0.2389984E+01 0.3080119E+01 0.1204988E-01 0.2395104E+01 0.3080119E+01 0.1142432E-01 0.2400109E+01 0.3080119E+01 0.1079180E-01
 XYZ  0.2404993E+01 0.3080119E+01 0.1015513E-01 0.2409745E+01 0.3080119E+01 0.9519528E-02 0.2414355E+01 0.3080119E+01 0.8884637E-02
 XYZ  0.2418819E+01 0.3080119E+01 0.8251372E-02 0.2423129E+01 0.3080119E+01 0.7628873E-02 0.2427270E+01 0.3080119E+01 0.7016719E-02
 XYZ  0.2431243E+01 0.3080119E+01 0.6407069E-02 0.2435047E+01 0.3080120E+01 0.5816887E-02 0.2438660E+01 0.3080120E+01 0.5252816E-02
 XYZ  0.2442076E+01 0.3080120E+01 0.4700073E-02 0.2445300E+01 0.3080120E+01 0.4169490E-02 0.2448315E+01 0.3080120E+01 0.3665958E-02
 XYZ  0.2451117E+01 0.3080120E+01 0.3183518E-02 0.2453704E+01 0.3080120E+01 0.2726858E-02 0.2456071E+01 0.3080120E+01 0.2298870E-02
 XYZ  0.2458215E+01 0.3080120E+01 0.1902197E-02 0.2460129E+01 0.3080120E+01 0.1547120E-02 0.2461800E+01 0.3080120E+01 0.1230876E-02
 XYZ  0.2463229E+01 0.3080120E+01 0.9491764E-03 0.2464414E+01 0.3080120E+01 0.7107218E-03 0.2465349E+01 0.3080120E+01 0.5205600E-03
 XYZ  0.2466025E+01 0.3080120E+01 0.3811515E-03 0.2466437E+01 0.3080120E+01 0.2950898E-03 0.2466576E+01 0.3080120E+01 0.2656492E-03
 LMN  181202827 0 0 0 0 0 0 0 0 0 0 0 0 0 0 0 0 0 0 0 0
 XYZ  0.2203222E+01 0.3146362E+01 0.1512446E-02 0.2203508E+01 0.3146362E+01 0.2562815E-02 0.2203973E+01 0.3146362E+01 0.3581156E-02
 XYZ  0.2204628E+01 0.3146362E+01 0.4553573E-02 0.2205490E+01 0.3146362E+01 0.5476996E-02 0.2206568E+01 0.3146362E+01 0.6359018E-02
 XYZ  0.2207862E+01 0.3146362E+01 0.7210500E-02 0.2209362E+01 0.3146362E+01 0.8030751E-02 0.2211065E+01 0.3146362E+01 0.8808823E-02
 XYZ  0.2212978E+01 0.3146362E+01 0.9536852E-02 0.2215112E+01 0.3146362E+01 0.1021731E-01 0.2217469E+01 0.3146362E+01 0.1086310E-01
 XYZ  0.2220039E+01 0.3146362E+01 0.1147799E-01 0.2222820E+01 0.3146362E+01 0.1206217E-01 0.2225804E+01 0.3146362E+01 0.1262118E-01
 XYZ  0.2228983E+01 0.3146362E+01 0.1314973E-01 0.2232358E+01 0.3146362E+01 0.1364143E-01 0.2235930E+01 0.3146362E+01 0.1410471E-01
 XYZ  0.2239690E+01 0.3146362E+01 0.1454678E-01 0.2243628E+01 0.3146362E+01 0.1496451E-01 0.2247742E+01 0.3146362E+01 0.1536187E-01
 XYZ  0.2252016E+01 0.3146362E+01 0.1574518E-01 0.2256436E+01 0.3146362E+01 0.1610809E-01 0.2260996E+01 0.3146362E+01 0.1643797E-01
 XYZ  0.2265701E+01 0.3146362E+01 0.1673423E-01 0.2270541E+01 0.3146362E+01 0.1701060E-01 0.2275497E+01 0.3146362E+01 0.1725744E-01
 XYZ  0.2280576E+01 0.3146362E+01 0.1746606E-01 0.2285772E+01 0.3146362E+01 0.1765300E-01 0.2291064E+01 0.3146362E+01 0.1781903E-01
 XYZ  0.2296442E+01 0.3146362E+01 0.1794882E-01 0.2301914E+01 0.3146362E+01 0.1804306E-01 0.2307471E+01 0.3146362E+01 0.1811736E-01
 XYZ  0.2313091E+01 0.3146362E+01 0.1817368E-01 0.2318762E+01 0.3146362E+01 0.1820094E-01 0.2324482E+01 0.3146362E+01 0.1819446E-01
 XYZ  0.2330246E+01 0.3146362E+01 0.1816463E-01 0.2336034E+01 0.3146362E+01 0.1811161E-01 0.2341837E+01 0.3146362E+01 0.1802413E-01
 XYZ  0.2347652E+01 0.3146362E+01 0.1790472E-01 0.2353468E+01 0.3146362E+01 0.1775397E-01 0.2359274E+01 0.3146362E+01 0.1756839E-01
 XYZ  0.2365064E+01 0.3146362E+01 0.1734598E-01 0.2370832E+01 0.3146362E+01 0.1708230E-01 0.2376573E+01 0.3146362E+01 0.1678288E-01
 XYZ  0.2382275E+01 0.3146362E+01 0.1644607E-01 0.2387934E+01 0.3146362E+01 0.1606576E-01 0.2393549E+01 0.3146362E+01 0.1564763E-01
 XYZ  0.2399108E+01 0.3146362E+01 0.1519437E-01 0.2404610E+01 0.3146362E+01 0.1469930E-01 0.2410060E+01 0.3146362E+01 0.1417424E-01
 XYZ  0.2415440E+01 0.3146362E+01 0.1363706E-01 0.2420734E+01 0.3146362E+01 0.1308230E-01 0.2425938E+01 0.3146362E+01 0.1250832E-01
 XYZ  0.2431046E+01 0.3146362E+01 0.1191882E-01 0.2436050E+01 0.3146362E+01 0.1131685E-01 0.2440943E+01 0.3146362E+01 0.1070786E-01
 XYZ  0.2445716E+01 0.3146362E+01 0.1009459E-01 0.2450361E+01 0.3146362E+01 0.9482144E-02 0.2454867E+01 0.3146362E+01 0.8870121E-02
 XYZ  0.2459231E+01 0.3146362E+01 0.8259424E-02 0.2463445E+01 0.3146362E+01 0.7658971E-02 0.2467493E+01 0.3146362E+01 0.7068315E-02
 XYZ  0.2471375E+01 0.3146362E+01 0.6479798E-02 0.2475095E+01 0.3146362E+01 0.5910008E-02 0.2478626E+01 0.3146362E+01 0.5365380E-02
 XYZ  0.2481966E+01 0.3146362E+01 0.4831462E-02 0.2485117E+01 0.3146362E+01 0.4318853E-02 0.2488064E+01 0.3146362E+01 0.3832295E-02
 XYZ  0.2490803E+01 0.3146362E+01 0.3365961E-02 0.2493332E+01 0.3146362E+01 0.2924429E-02 0.2495646E+01 0.3146362E+01 0.2510513E-02
 XYZ  0.2497742E+01 0.3146362E+01 0.2126795E-02 0.2499613E+01 0.3146362E+01 0.1783306E-02 0.2501246E+01 0.3146362E+01 0.1477319E-02
 XYZ  0.2502643E+01 0.3146362E+01 0.1204648E-02 0.2503802E+01 0.3146362E+01 0.9737945E-03 0.2504715E+01 0.3146362E+01 0.7896745E-03
 XYZ  0.2505376E+01 0.3146362E+01 0.6546800E-03 0.2505779E+01 0.3146362E+01 0.5713334E-03 0.2505915E+01 0.3146362E+01 0.5428187E-03
 LMN  181202828 1 0 0 0 0 0 0 0 0 0 0 0 0 0 0 0 0 0 0 0
 XYZ  0.2242781E+01 0.3202866E+01 0.1236041E-02 0.2243061E+01 0.3202866E+01 0.2266079E-02 0.2243515E+01 0.3202866E+01 0.3264865E-02
 XYZ  0.2244156E+01 0.3202866E+01 0.4219031E-02 0.2244998E+01 0.3202866E+01 0.5125550E-02 0.2246054E+01 0.3202866E+01 0.5991793E-02
 XYZ  0.2247321E+01 0.3202865E+01 0.6828470E-02 0.2248790E+01 0.3202865E+01 0.7634881E-02 0.2250458E+01 0.3202865E+01 0.8400262E-02
 XYZ  0.2252332E+01 0.3202865E+01 0.9116938E-02 0.2254423E+01 0.3202865E+01 0.9787350E-02 0.2256732E+01 0.3202865E+01 0.1042415E-01
 XYZ  0.2259250E+01 0.3202865E+01 0.1103102E-01 0.2261975E+01 0.3202865E+01 0.1160814E-01 0.2264900E+01 0.3202865E+01 0.1216090E-01
 XYZ  0.2268014E+01 0.3202865E+01 0.1268413E-01 0.2271321E+01 0.3202865E+01 0.1317157E-01 0.2274822E+01 0.3202865E+01 0.1363148E-01
 XYZ  0.2278507E+01 0.3202865E+01 0.1407090E-01 0.2282366E+01 0.3202865E+01 0.1448676E-01 0.2286397E+01 0.3202865E+01 0.1488294E-01
 XYZ  0.2290587E+01 0.3202865E+01 0.1526561E-01 0.2294919E+01 0.3202865E+01 0.1562852E-01 0.2299387E+01 0.3202865E+01 0.1595928E-01
 XYZ  0.2303998E+01 0.3202865E+01 0.1625733E-01 0.2308742E+01 0.3202865E+01 0.1653611E-01 0.2313600E+01 0.3202865E+01 0.1678613E-01
 XYZ  0.2318577E+01 0.3202865E+01 0.1699888E-01 0.2323670E+01 0.3202865E+01 0.1719059E-01 0.2328856E+01 0.3202865E+01 0.1736195E-01
 XYZ  0.2334128E+01 0.3202865E+01 0.1749792E-01 0.2339491E+01 0.3202865E+01 0.1759922E-01 0.2344938E+01 0.3202865E+01 0.1768111E-01
 XYZ  0.2350446E+01 0.3202865E+01 0.1774548E-01 0.2356004E+01 0.3202865E+01 0.1778144E-01 0.2361611E+01 0.3202865E+01 0.1778441E-01
 XYZ  0.2367261E+01 0.3202865E+01 0.1776457E-01 0.2372934E+01 0.3202865E+01 0.1772204E-01 0.2378622E+01 0.3202865E+01 0.1764576E-01
 XYZ  0.2384322E+01 0.3202865E+01 0.1753819E-01 0.2390022E+01 0.3202865E+01 0.1739991E-01 0.2395714E+01 0.3202865E+01 0.1722749E-01
 XYZ  0.2401389E+01 0.3202865E+01 0.1701892E-01 0.2407043E+01 0.3202865E+01 0.1676987E-01 0.2412671E+01 0.3202865E+01 0.1648575E-01
 XYZ  0.2418260E+01 0.3202865E+01 0.1616492E-01 0.2423807E+01 0.3202865E+01 0.1580138E-01 0.2429311E+01 0.3202865E+01 0.1540069E-01
 XYZ  0.2434761E+01 0.3202865E+01 0.1496549E-01 0.2440154E+01 0.3202865E+01 0.1448921E-01 0.2445497E+01 0.3202865E+01 0.1398346E-01
 XYZ  0.2450772E+01 0.3202865E+01 0.1346572E-01 0.2455961E+01 0.3202865E+01 0.1293061E-01 0.2461063E+01 0.3202865E+01 0.1237651E-01
 XYZ  0.2466070E+01 0.3202865E+01 0.1180704E-01 0.2470976E+01 0.3202865E+01 0.1122519E-01 0.2475772E+01 0.3202865E+01 0.1063627E-01
 XYZ  0.2480452E+01 0.3202865E+01 0.1004297E-01 0.2485006E+01 0.3202865E+01 0.9450265E-02 0.2489423E+01 0.3202865E+01 0.8857748E-02
 XYZ  0.2493701E+01 0.3202865E+01 0.8266301E-02 0.2497832E+01 0.3202865E+01 0.7684652E-02 0.2501801E+01 0.3202865E+01 0.7112333E-02
 XYZ  0.2505607E+01 0.3202865E+01 0.6541842E-02 0.2509254E+01 0.3202866E+01 0.5989445E-02 0.2512716E+01 0.3202866E+01 0.5461401E-02
 XYZ  0.2515990E+01 0.3202866E+01 0.4943540E-02 0.2519079E+01 0.3202866E+01 0.4446261E-02 0.2521969E+01 0.3202866E+01 0.3974182E-02
 XYZ  0.2524654E+01 0.3202866E+01 0.3521584E-02 0.2527134E+01 0.3202866E+01 0.3092956E-02 0.2529402E+01 0.3202866E+01 0.2691042E-02
 XYZ  0.2531457E+01 0.3202866E+01 0.2318374E-02 0.2533292E+01 0.3202866E+01 0.1984768E-02 0.2534893E+01 0.3202866E+01 0.1687529E-02
 XYZ  0.2536262E+01 0.3202866E+01 0.1422560E-02 0.2537398E+01 0.3202866E+01 0.1198189E-02 0.2538294E+01 0.3202866E+01 0.1019222E-02
 XYZ  0.2538942E+01 0.3202866E+01 0.8879921E-03 0.2539337E+01 0.3202866E+01 0.8069610E-03 0.2539470E+01 0.3202866E+01 0.7792360E-03
 SHK     2 0.2250325E+01 0.3202865E+01 0.8339168E-02 0.1004934E+01 0.3466054E+02 0.5728777E+01 0.3863775E+02
 LMN  2792028 1 0 0 0 0 0 0 0 0 0 0 0 0 0 0 0 0 0 0 0 0
 XYZ  0.1536537E+00 0.1968082E+00 0.3558817E-01 0.1530290E+00 0.1973141E+00 0.3266738E-01 0.1529876E+00 0.1977769E+00 0.2973745E-01
 XYZ  0.1534402E+00 0.1982115E+00 0.2668701E-01 0.1541904E+00 0.1986015E+00 0.2360992E-01 0.1553761E+00 0.1989354E+00 0.2060841E-01
 XYZ  0.1571046E+00 0.1992191E+00 0.1765692E-01 0.1593635E+00 0.1994546E+00 0.1476069E-01 0.1622114E+00 0.1996437E+00 0.1193360E-01
 XYZ  0.1656652E+00 0.1997904E+00 0.9153086E-02 0.1696938E+00 0.1998967E+00 0.6428358E-02 0.1743248E+00 0.1999642E+00 0.3782329E-02
 XYZ  0.1796042E+00 0.1999963E+00 0.1210065E-02 0.1855353E+00 0.1999958E+00-0.1303832E-02 0.1921147E+00 0.1999647E+00-0.3756209E-02
 XYZ  0.1993757E+00 0.1999051E+00-0.6160128E-02 0.2072771E+00 0.1998170E+00-0.8553303E-02 0.2157245E+00 0.1997018E+00-0.1091702E-01
 XYZ  0.2247490E+00 0.1995636E+00-0.1320532E-01 0.2344284E+00 0.1994026E+00-0.1544738E-01 0.2446900E+00 0.1992157E+00-0.1769523E-01
 XYZ  0.2554255E+00 0.1990046E+00-0.1992873E-01 0.2666154E+00 0.1987736E+00-0.2211459E-01 0.2782619E+00 0.1985265E+00-0.2423255E-01
 XYZ  0.2903961E+00 0.1982661E+00-0.2627855E-01 0.3030093E+00 0.1979909E+00-0.2827747E-01 0.3160344E+00 0.1977019E+00-0.3023178E-01
 XYZ  0.3294543E+00 0.1974046E+00-0.3211586E-01 0.3432951E+00 0.1970987E+00-0.3394260E-01 0.3574861E+00 0.1967806E+00-0.3574078E-01
 XYZ  0.3719358E+00 0.1964553E+00-0.3748736E-01 0.3866242E+00 0.1961315E+00-0.3914618E-01 0.4015647E+00 0.1958153E+00-0.4069859E-01
 XYZ  0.4167778E+00 0.1955096E+00-0.4214236E-01 0.4322739E+00 0.1952122E+00-0.4349935E-01 0.4479870E+00 0.1949172E+00-0.4480288E-01
 XYZ  0.4637962E+00 0.1946291E+00-0.4603834E-01 0.4796650E+00 0.1943637E+00-0.4714625E-01 0.4956643E+00 0.1941292E+00-0.4810249E-01
 XYZ  0.5118149E+00 0.1939184E+00-0.4894539E-01 0.5280279E+00 0.1937279E+00-0.4969418E-01 0.5442352E+00 0.1935658E+00-0.5032160E-01
 XYZ  0.5604241E+00 0.1934395E+00-0.5080503E-01 0.5765748E+00 0.1933527E+00-0.5113452E-01 0.5926538E+00 0.1933110E+00-0.5129183E-01
 XYZ  0.6086494E+00 0.1933252E+00-0.5123834E-01 0.6246330E+00 0.1934032E+00-0.5094327E-01 0.6406714E+00 0.1935358E+00-0.5043688E-01
 XYZ  0.6567133E+00 0.1937143E+00-0.4974708E-01 0.6727168E+00 0.1939447E+00-0.4884104E-01 0.6887616E+00 0.1942316E+00-0.4768734E-01
 XYZ  0.7049489E+00 0.1945614E+00-0.4632361E-01 0.7212536E+00 0.1949156E+00-0.4480952E-01 0.7376143E+00 0.1952911E+00-0.4314372E-01
 XYZ  0.7540698E+00 0.1956863E+00-0.4131425E-01 0.7706885E+00 0.1960913E+00-0.3934741E-01 0.7875083E+00 0.1964896E+00-0.3730750E-01
 XYZ  0.8044561E+00 0.1968672E+00-0.3526073E-01 0.8214443E+00 0.1972249E+00-0.3320122E-01 0.8385691E+00 0.1975632E+00-0.3112497E-01
 XYZ  0.8558586E+00 0.1978620E+00-0.2916537E-01 0.8730691E+00 0.1981198E+00-0.2735920E-01 0.8902388E+00 0.1983472E+00-0.2565928E-01
 XYZ  0.9074039E+00 0.1985349E+00-0.2416398E-01 0.9244587E+00 0.1986801E+00-0.2293987E-01 0.9413208E+00 0.1987802E+00-0.2205513E-01
 XYZ  0.9578379E+00 0.1988301E+00-0.2160095E-01 0.9737305E+00 0.1988268E+00-0.2163116E-01 0.9887573E+00 0.1987695E+00-0.2215141E-01
 XYZ  0.1002536E+01 0.1986543E+00-0.2316161E-01 0.1014733E+01 0.1984991E+00-0.2445620E-01 0.1025435E+01 0.1983194E+00-0.2587326E-01
 XYZ  0.1034613E+01 0.1981208E+00-0.2735250E-01 0.1042293E+01 0.1979168E+00-0.2879132E-01 0.1048481E+01 0.1977188E+00-0.3012121E-01
 XYZ  0.1053283E+01 0.1975470E+00-0.3122769E-01 0.1056878E+01 0.1974091E+00-0.3208799E-01 0.1059363E+01 0.1973089E+00-0.3269837E-01
 XYZ  0.1060817E+01 0.1972478E+00-0.3306541E-01
 LMN  2792028 2 0 0 0 0 0 0 0 0 0 0 0 0 0 0 0 0 0 0 0 0
 XYZ  0.1683845E+00 0.2391342E+00 0.3402854E-01 0.1680659E+00 0.2394733E+00 0.3094754E-01 0.1680259E+00 0.2397786E+00 0.2788397E-01
 XYZ  0.1685740E+00 0.2400470E+00 0.2487834E-01 0.1696456E+00 0.2402899E+00 0.2180434E-01 0.1710965E+00 0.2404984E+00 0.1876786E-01
 XYZ  0.1730930E+00 0.2406690E+00 0.1585449E-01 0.1757285E+00 0.2408082E+00 0.1300382E-01 0.1789602E+00 0.2409184E+00 0.1019610E-01
 XYZ  0.1827800E+00 0.2410003E+00 0.7450598E-02 0.1872050E+00 0.2410555E+00 0.4780515E-02 0.1922646E+00 0.2410860E+00 0.2191390E-02
 XYZ  0.1979807E+00 0.2410940E+00-0.3305025E-03 0.2043422E+00 0.2410810E+00-0.2791716E-02 0.2113707E+00 0.2410486E+00-0.5191766E-02
 XYZ  0.2190639E+00 0.2409972E+00-0.7570426E-02 0.2273347E+00 0.2409273E+00-0.9934763E-02 0.2361615E+00 0.2408410E+00-0.1223460E-01
 XYZ  0.2456183E+00 0.2407402E+00-0.1446668E-01 0.2556945E+00 0.2406229E+00-0.1669274E-01 0.2662801E+00 0.2404887E+00-0.1891939E-01
 XYZ  0.2773345E+00 0.2403405E+00-0.2110773E-01 0.2888516E+00 0.2401808E+00-0.2323652E-01 0.3008467E+00 0.2400121E+00-0.2528991E-01
 XYZ  0.3133326E+00 0.2398343E+00-0.2728701E-01 0.3262581E+00 0.2396470E+00-0.2924387E-01 0.3395827E+00 0.2394532E+00-0.3113879E-01
 XYZ  0.3533248E+00 0.2392548E+00-0.3296572E-01 0.3674567E+00 0.2390491E+00-0.3475853E-01 0.3818868E+00 0.2388370E+00-0.3651402E-01
 XYZ  0.3965740E+00 0.2386244E+00-0.3819300E-01 0.4115204E+00 0.2384158E+00-0.3977091E-01 0.4267370E+00 0.2382142E+00-0.4123849E-01
 XYZ  0.4422383E+00 0.2380194E+00-0.4260810E-01 0.4579911E+00 0.2378274E+00-0.4391577E-01 0.4738933E+00 0.2376382E+00-0.4516758E-01
 XYZ  0.4898755E+00 0.2374605E+00-0.4631177E-01 0.5059732E+00 0.2373030E+00-0.4730265E-01 0.5222301E+00 0.2371633E+00-0.4816498E-01
 XYZ  0.5385851E+00 0.2370366E+00-0.4893302E-01 0.5549614E+00 0.2369271E+00-0.4958784E-01 0.5713351E+00 0.2368401E+00-0.5010134E-01
 XYZ  0.5876898E+00 0.2367787E+00-0.5046083E-01 0.6039939E+00 0.2367460E+00-0.5065116E-01 0.6202241E+00 0.2367487E+00-0.5063587E-01
 XYZ  0.6364238E+00 0.2367934E+00-0.5037495E-01 0.6526618E+00 0.2368764E+00-0.4988747E-01 0.6689065E+00 0.2369903E+00-0.4921094E-01
 XYZ  0.6851075E+00 0.2371379E+00-0.4831955E-01 0.7013180E+00 0.2373235E+00-0.4717523E-01 0.7176309E+00 0.2375391E+00-0.4580922E-01
 XYZ  0.7340325E+00 0.2377717E+00-0.4428802E-01 0.7504623E+00 0.2380181E+00-0.4261698E-01 0.7669427E+00 0.2382775E+00-0.4078317E-01
 XYZ  0.7835294E+00 0.2385434E+00-0.3881311E-01 0.8002489E+00 0.2388050E+00-0.3677181E-01 0.8170390E+00 0.2390525E+00-0.3472916E-01
 XYZ  0.8338106E+00 0.2392862E+00-0.3268375E-01 0.8506284E+00 0.2395068E+00-0.3062620E-01 0.8675191E+00 0.2397023E+00-0.2867971E-01
 XYZ  0.8842820E+00 0.2398703E+00-0.2689516E-01 0.9009018E+00 0.2400182E+00-0.2521808E-01 0.9174259E+00 0.2401421E+00-0.2372334E-01
 XYZ  0.9337584E+00 0.2402391E+00-0.2248220E-01 0.9498214E+00 0.2403095E+00-0.2153725E-01 0.9655290E+00 0.2403511E+00-0.2095892E-01
 XYZ  0.9806750E+00 0.2403614E+00-0.2081357E-01 0.9950840E+00 0.2403430E+00-0.2107283E-01 0.1008597E+01 0.2402908E+00-0.2179208E-01
 XYZ  0.1020821E+01 0.2402083E+00-0.2288341E-01 0.1031740E+01 0.2401099E+00-0.2412012E-01 0.1041399E+01 0.2399958E+00-0.2547960E-01
 XYZ  0.1049719E+01 0.2398729E+00-0.2686578E-01 0.1056757E+01 0.2397474E+00-0.2821204E-01 0.1062481E+01 0.2396264E+00-0.2945147E-01
 XYZ  0.1066984E+01 0.2395214E+00-0.3048552E-01 0.1070384E+01 0.2394368E+00-0.3129394E-01 0.1072754E+01 0.2393750E+00-0.3187157E-01
 XYZ  0.1074147E+01 0.2393371E+00-0.3222031E-01
 LMN  2792028 3 0 0 0 0 0 0 0 0 0 0 0 0 0 0 0 0 0 0 0 0
 XYZ  0.2016534E+00 0.2872654E+00 0.3183892E-01 0.2013782E+00 0.2874737E+00 0.2877860E-01 0.2015035E+00 0.2876621E+00 0.2570005E-01
 XYZ  0.2020802E+00 0.2878267E+00 0.2267180E-01 0.2031944E+00 0.2879680E+00 0.1970586E-01 0.2048608E+00 0.2880881E+00 0.1677996E-01
 XYZ  0.2070682E+00 0.2881868E+00 0.1392156E-01 0.2098807E+00 0.2882651E+00 0.1114696E-01 0.2133114E+00 0.2883252E+00 0.8419999E-02
 XYZ  0.2173220E+00 0.2883677E+00 0.5752270E-02 0.2219392E+00 0.2883937E+00 0.3172656E-02 0.2272001E+00 0.2884045E+00 0.6704850E-03
 XYZ  0.2331001E+00 0.2884015E+00-0.1770947E-02 0.2396376E+00 0.2883856E+00-0.4146653E-02 0.2468363E+00 0.2883578E+00-0.6474986E-02
 XYZ  0.2546546E+00 0.2883179E+00-0.8794316E-02 0.2630202E+00 0.2882668E+00-0.1108050E-01 0.2719610E+00 0.2882062E+00-0.1328871E-01
 XYZ  0.2815289E+00 0.2881362E+00-0.1545529E-01 0.2916570E+00 0.2880552E+00-0.1762939E-01 0.3022667E+00 0.2879644E+00-0.1978725E-01
 XYZ  0.3133400E+00 0.2878655E+00-0.2189824E-01 0.3248747E+00 0.2877602E+00-0.2394115E-01 0.3368899E+00 0.2876497E+00-0.2591442E-01
 XYZ  0.3493703E+00 0.2875332E+00-0.2784299E-01 0.3622617E+00 0.2874115E+00-0.2972610E-01 0.3755521E+00 0.2872868E+00-0.3153903E-01
 XYZ  0.3892523E+00 0.2871587E+00-0.3329896E-01 0.4032997E+00 0.2870259E+00-0.3503200E-01 0.4176246E+00 0.2868907E+00-0.3671187E-01
 XYZ  0.4322100E+00 0.2867569E+00-0.3830425E-01 0.4470590E+00 0.2866268E+00-0.3979114E-01 0.4621829E+00 0.2865016E+00-0.4117168E-01
 XYZ  0.4775787E+00 0.2863799E+00-0.4247108E-01 0.4931842E+00 0.2862594E+00-0.4371978E-01 0.5089056E+00 0.2861429E+00-0.4489547E-01
 XYZ  0.5247230E+00 0.2860371E+00-0.4593712E-01 0.5406855E+00 0.2859443E+00-0.4683177E-01 0.5567859E+00 0.2858610E+00-0.4762072E-01
 XYZ  0.5729468E+00 0.2857868E+00-0.4831265E-01 0.5891217E+00 0.2857256E+00-0.4887679E-01 0.6052956E+00 0.2856799E+00-0.4929345E-01
 XYZ  0.6214442E+00 0.2856514E+00-0.4955122E-01 0.6375353E+00 0.2856433E+00-0.4962463E-01 0.6535723E+00 0.2856606E+00-0.4946772E-01
 XYZ  0.6696190E+00 0.2857047E+00-0.4906742E-01 0.6856902E+00 0.2857701E+00-0.4846685E-01 0.7017274E+00 0.2858558E+00-0.4766977E-01
 XYZ  0.7177344E+00 0.2859653E+00-0.4663069E-01 0.7337937E+00 0.2860972E+00-0.4534849E-01 0.7499368E+00 0.2862427E+00-0.4389026E-01
 XYZ  0.7661036E+00 0.2863970E+00-0.4229065E-01 0.7822820E+00 0.2865601E+00-0.4053221E-01 0.7985144E+00 0.2867289E+00-0.3862846E-01
 XYZ  0.8148342E+00 0.2868975E+00-0.3662999E-01 0.8312153E+00 0.2870584E+00-0.3461619E-01 0.8475611E+00 0.2872094E+00-0.3261314E-01
 XYZ  0.8638730E+00 0.2873525E+00-0.3059625E-01 0.8802119E+00 0.2874828E+00-0.2863812E-01 0.8964617E+00 0.2875945E+00-0.2684502E-01
 XYZ  0.9124981E+00 0.2876921E+00-0.2517511E-01 0.9283920E+00 0.2877765E+00-0.2363600E-01 0.9440849E+00 0.2878442E+00-0.2232623E-01
 XYZ  0.9594948E+00 0.2878960E+00-0.2126866E-01 0.9745629E+00 0.2879311E+00-0.2052312E-01 0.9891709E+00 0.2879484E+00-0.2014361E-01
 XYZ  0.1003153E+01 0.2879477E+00-0.2015919E-01 0.1016386E+01 0.2879301E+00-0.2054322E-01 0.1028711E+01 0.2878927E+00-0.2133872E-01
 XYZ  0.1039843E+01 0.2878397E+00-0.2241512E-01 0.1049844E+01 0.2877786E+00-0.2359653E-01 0.1058708E+01 0.2877084E+00-0.2488586E-01
 XYZ  0.1066384E+01 0.2876338E+00-0.2618526E-01 0.1072906E+01 0.2875576E+00-0.2744923E-01 0.1078244E+01 0.2874848E+00-0.2860695E-01
 XYZ  0.1082478E+01 0.2874215E+00-0.2957541E-01 0.1085690E+01 0.2873704E+00-0.3033475E-01 0.1087939E+01 0.2873330E+00-0.3087958E-01
 XYZ  0.1089265E+01 0.2873100E+00-0.3120937E-01
 LMN  2792028 4 0 0 0 0 0 0 0 0 0 0 0 0 0 0 0 0 0 0 0 0
 XYZ  0.2394123E+00 0.3416037E+00 0.2985956E-01 0.2390756E+00 0.3417298E+00 0.2685938E-01 0.2393273E+00 0.3418374E+00 0.2400583E-01
 XYZ  0.2402331E+00 0.3419367E+00 0.2103081E-01 0.2414643E+00 0.3420247E+00 0.1799484E-01 0.2431389E+00 0.3420948E+00 0.1514599E-01
 XYZ  0.2454877E+00 0.3421510E+00 0.1240058E-01 0.2484313E+00 0.3421957E+00 0.9675598E-02 0.2519384E+00 0.3422287E+00 0.7018819E-02
 XYZ  0.2560425E+00 0.3422506E+00 0.4440204E-02 0.2607525E+00 0.3422625E+00 0.1941646E-02 0.2660910E+00 0.3422651E+00-0.4805741E-03
 XYZ  0.2720542E+00 0.3422593E+00-0.2841634E-02 0.2786461E+00 0.3422457E+00-0.5137381E-02 0.2858799E+00 0.3422246E+00-0.7398268E-02
 XYZ  0.2936960E+00 0.3421960E+00-0.9650881E-02 0.3020479E+00 0.3421608E+00-0.1185393E-01 0.3109816E+00 0.3421200E+00-0.1398085E-01
 XYZ  0.3205175E+00 0.3420730E+00-0.1608599E-01 0.3305730E+00 0.3420192E+00-0.1819814E-01 0.3410960E+00 0.3419597E+00-0.2028253E-01
 XYZ  0.3520745E+00 0.3418954E+00-0.2231540E-01 0.3635104E+00 0.3418277E+00-0.2427663E-01 0.3754178E+00 0.3417566E+00-0.2617617E-01
 XYZ  0.3877648E+00 0.3416819E+00-0.2803605E-01 0.4005066E+00 0.3416045E+00-0.2984335E-01 0.4136453E+00 0.3415255E+00-0.3158120E-01
 XYZ  0.4271739E+00 0.3414440E+00-0.3327834E-01 0.4410208E+00 0.3413599E+00-0.3494644E-01 0.4551364E+00 0.3412752E+00-0.3655049E-01
 XYZ  0.4695123E+00 0.3411919E+00-0.3806218E-01 0.4841510E+00 0.3411115E+00-0.3946815E-01 0.4990611E+00 0.3410342E+00-0.4077417E-01
 XYZ  0.5142248E+00 0.3409586E+00-0.4201261E-01 0.5295671E+00 0.3408840E+00-0.4320128E-01 0.5450146E+00 0.3408132E+00-0.4430010E-01
 XYZ  0.5605745E+00 0.3407503E+00-0.4525474E-01 0.5762852E+00 0.3406951E+00-0.4607629E-01 0.5921089E+00 0.3406454E+00-0.4680365E-01
 XYZ  0.6079760E+00 0.3406022E+00-0.4742670E-01 0.6238568E+00 0.3405680E+00-0.4791548E-01 0.6397350E+00 0.3405440E+00-0.4825534E-01
 XYZ  0.6555824E+00 0.3405314E+00-0.4843223E-01 0.6713731E+00 0.3405329E+00-0.4841180E-01 0.6871319E+00 0.3405514E+00-0.4815076E-01
 XYZ  0.7029133E+00 0.3405858E+00-0.4766250E-01 0.7186942E+00 0.3406328E+00-0.4698624E-01 0.7344293E+00 0.3406935E+00-0.4609921E-01
 XYZ  0.7501564E+00 0.3407697E+00-0.4496266E-01 0.7659469E+00 0.3408579E+00-0.4360955E-01 0.7817831E+00 0.3409528E+00-0.4210714E-01
 XYZ  0.7976146E+00 0.3410530E+00-0.4046031E-01 0.8134558E+00 0.3411581E+00-0.3865924E-01 0.8293449E+00 0.3412652E+00-0.3673458E-01
 XYZ  0.8452900E+00 0.3413698E+00-0.3475429E-01 0.8612300E+00 0.3414682E+00-0.3278304E-01 0.8770928E+00 0.3415608E+00-0.3081532E-01
 XYZ  0.8929242E+00 0.3416477E+00-0.2884836E-01 0.9087237E+00 0.3417242E+00-0.2699961E-01 0.9243334E+00 0.3417897E+00-0.2530916E-01
 XYZ  0.9397323E+00 0.3418474E+00-0.2372287E-01 0.9549527E+00 0.3418957E+00-0.2230579E-01 0.9699083E+00 0.3419339E+00-0.2112068E-01
 XYZ  0.9845435E+00 0.3419624E+00-0.2019144E-01 0.9987900E+00 0.3419806E+00-0.1957539E-01 0.1012530E+01 0.3419881E+00-0.1931627E-01
 XYZ  0.1025627E+01 0.3419853E+00-0.1941402E-01 0.1037997E+01 0.3419722E+00-0.1986361E-01 0.1049455E+01 0.3419474E+00-0.2068504E-01
 XYZ  0.1059822E+01 0.3419149E+00-0.2171991E-01 0.1069165E+01 0.3418774E+00-0.2285446E-01 0.1077451E+01 0.3418347E+00-0.2408021E-01
 XYZ  0.1084655E+01 0.3417897E+00-0.2530901E-01 0.1090790E+01 0.3417438E+00-0.2650585E-01 0.1095834E+01 0.3417000E+00-0.2759801E-01
 XYZ  0.1099851E+01 0.3416619E+00-0.2851334E-01 0.1102910E+01 0.3416312E+00-0.2923236E-01 0.1105058E+01 0.3416086E+00-0.2974955E-01
 XYZ  0.1106327E+01 0.3415947E+00-0.3006318E-01
 LMN  2792028 5 0 0 0 0 0 0 0 0 0 0 0 0 0 0 0 0 0 0 0 0
 XYZ  0.2822400E+00 0.4028285E+00 0.2807410E-01 0.2820007E+00 0.4029043E+00 0.2515475E-01 0.2823269E+00 0.4029704E+00 0.2230104E-01
 XYZ  0.2831849E+00 0.4030300E+00 0.1937301E-01 0.2844330E+00 0.4030808E+00 0.1647219E-01 0.2862002E+00 0.4031214E+00 0.1372065E-01
 XYZ  0.2885914E+00 0.4031539E+00 0.1104590E-01 0.2915614E+00 0.4031790E+00 0.8410515E-02 0.2950970E+00 0.4031969E+00 0.5840289E-02
 XYZ  0.2992126E+00 0.4032081E+00 0.3347271E-02 0.3039256E+00 0.4032132E+00 0.9374443E-03 0.3092537E+00 0.4032126E+00-0.1401330E-02
 XYZ  0.3151873E+00 0.4032070E+00-0.3678920E-02 0.3217374E+00 0.4031966E+00-0.5893228E-02 0.3289055E+00 0.4031816E+00-0.8082130E-02
 XYZ  0.3366269E+00 0.4031621E+00-0.1025919E-01 0.3448758E+00 0.4031386E+00-0.1237660E-01 0.3537006E+00 0.4031117E+00-0.1442503E-01
 XYZ  0.3630984E+00 0.4030810E+00-0.1646310E-01 0.3729886E+00 0.4030461E+00-0.1850350E-01 0.3833343E+00 0.4030078E+00-0.2051024E-01
 XYZ  0.3941251E+00 0.4029668E+00-0.2246247E-01 0.4053658E+00 0.4029239E+00-0.2434333E-01 0.4170632E+00 0.4028789E+00-0.2616891E-01
 XYZ  0.4291790E+00 0.4028317E+00-0.2795628E-01 0.4416778E+00 0.4027831E+00-0.2968639E-01 0.4545663E+00 0.4027336E+00-0.3135129E-01
 XYZ  0.4678235E+00 0.4026825E+00-0.3298272E-01 0.4813805E+00 0.4026299E+00-0.3458087E-01 0.4951998E+00 0.4025774E+00-0.3610935E-01
 XYZ  0.5092760E+00 0.4025260E+00-0.3754383E-01 0.5236111E+00 0.4024766E+00-0.3887442E-01 0.5382102E+00 0.4024292E+00-0.4011194E-01
 XYZ  0.5530453E+00 0.4023826E+00-0.4129074E-01 0.5680388E+00 0.4023369E+00-0.4241739E-01 0.5831352E+00 0.4022942E+00-0.4344258E-01
 XYZ  0.5983539E+00 0.4022568E+00-0.4432293E-01 0.6137188E+00 0.4022238E+00-0.4508292E-01 0.6291786E+00 0.4021944E+00-0.4575362E-01
 XYZ  0.6446742E+00 0.4021693E+00-0.4631492E-01 0.6601838E+00 0.4021502E+00-0.4674035E-01 0.6756889E+00 0.4021376E+00-0.4701756E-01
 XYZ  0.6911600E+00 0.4021325E+00-0.4712925E-01 0.7065791E+00 0.4021368E+00-0.4703541E-01 0.7219825E+00 0.4021519E+00-0.4670160E-01
 XYZ  0.7374074E+00 0.4021764E+00-0.4615692E-01 0.7528140E+00 0.4022087E+00-0.4542841E-01 0.7681754E+00 0.4022500E+00-0.4447964E-01
 XYZ  0.7835444E+00 0.4023008E+00-0.4328642E-01 0.7989710E+00 0.4023579E+00-0.4190170E-01 0.8144143E+00 0.4024187E+00-0.4038024E-01
 XYZ  0.8298419E+00 0.4024827E+00-0.3871230E-01 0.8452773E+00 0.4025493E+00-0.3690014E-01 0.8607497E+00 0.4026163E+00-0.3498449E-01
 XYZ  0.8762481E+00 0.4026806E+00-0.3304059E-01 0.8916970E+00 0.4027408E+00-0.3111294E-01 0.9070579E+00 0.4027975E+00-0.2918261E-01
 XYZ  0.9223806E+00 0.4028499E+00-0.2727948E-01 0.9376142E+00 0.4028952E+00-0.2552257E-01 0.9526172E+00 0.4029342E+00-0.2390452E-01
 XYZ  0.9674169E+00 0.4029684E+00-0.2239075E-01 0.9820045E+00 0.4029965E+00-0.2106775E-01 0.9962970E+00 0.4030185E+00-0.1996998E-01
 XYZ  0.1010251E+01 0.4030346E+00-0.1912999E-01 0.1023792E+01 0.4030444E+00-0.1859735E-01 0.1036810E+01 0.4030478E+00-0.1840875E-01
 XYZ  0.1049191E+01 0.4030453E+00-0.1854777E-01 0.1060867E+01 0.4030365E+00-0.1902554E-01 0.1071648E+01 0.4030210E+00-0.1984330E-01
 XYZ  0.1081420E+01 0.4030013E+00-0.2083117E-01 0.1090243E+01 0.4029786E+00-0.2191889E-01 0.1098070E+01 0.4029530E+00-0.2308514E-01
 XYZ  0.1104893E+01 0.4029260E+00-0.2425157E-01 0.1110712E+01 0.4028985E+00-0.2538883E-01 0.1115510E+01 0.4028723E+00-0.2642416E-01
 XYZ  0.1119343E+01 0.4028496E+00-0.2729302E-01 0.1122267E+01 0.4028311E+00-0.2797642E-01 0.1124324E+01 0.4028176E+00-0.2846879E-01
 XYZ  0.1125541E+01 0.4028092E+00-0.2876777E-01
 LMN  2792028 6 0 0 0 0 0 0 0 0 0 0 0 0 0 0 0 0 0 0 0 0
 XYZ  0.3306864E+00 0.4720941E+00 0.2630322E-01 0.3305264E+00 0.4721394E+00 0.2346719E-01 0.3308888E+00 0.4721792E+00 0.2065874E-01
 XYZ  0.3317326E+00 0.4722143E+00 0.1781596E-01 0.3330015E+00 0.4722437E+00 0.1503190E-01 0.3348000E+00 0.4722671E+00 0.1237275E-01
 XYZ  0.3371897E+00 0.4722856E+00 0.9785204E-02 0.3401455E+00 0.4722995E+00 0.7244459E-02 0.3436550E+00 0.4723091E+00 0.4766011E-02
 XYZ  0.3477273E+00 0.4723146E+00 0.2365838E-02 0.3523838E+00 0.4723164E+00 0.4861966E-04 0.3576363E+00 0.4723148E+00-0.2201618E-02
 XYZ  0.3634747E+00 0.4723102E+00-0.4390251E-02 0.3699125E+00 0.4723027E+00-0.6518977E-02 0.3769424E+00 0.4722924E+00-0.8627923E-02
 XYZ  0.3845010E+00 0.4722794E+00-0.1072071E-01 0.3925761E+00 0.4722641E+00-0.1274848E-01 0.4012133E+00 0.4722467E+00-0.1471460E-01
 XYZ  0.4103949E+00 0.4722269E+00-0.1667640E-01 0.4200469E+00 0.4722047E+00-0.1863581E-01 0.4301406E+00 0.4721805E+00-0.2055867E-01
 XYZ  0.4406668E+00 0.4721547E+00-0.2242526E-01 0.4516316E+00 0.4721278E+00-0.2422233E-01 0.4630358E+00 0.4720997E+00-0.2596890E-01
 XYZ  0.4748392E+00 0.4720703E+00-0.2767744E-01 0.4870139E+00 0.4720402E+00-0.2932636E-01 0.4995672E+00 0.4720095E+00-0.3091479E-01
 XYZ  0.5124694E+00 0.4719778E+00-0.3247387E-01 0.5256567E+00 0.4719455E+00-0.3399607E-01 0.5390993E+00 0.4719132E+00-0.3544610E-01
 XYZ  0.5527929E+00 0.4718819E+00-0.3680239E-01 0.5667391E+00 0.4718519E+00-0.3805767E-01 0.5809398E+00 0.4718230E+00-0.3922649E-01
 XYZ  0.5953605E+00 0.4717947E+00-0.4034242E-01 0.6099256E+00 0.4717670E+00-0.4140341E-01 0.6245929E+00 0.4717415E+00-0.4235634E-01
 XYZ  0.6393869E+00 0.4717194E+00-0.4316822E-01 0.6543187E+00 0.4716999E+00-0.4387003E-01 0.6693327E+00 0.4716826E+00-0.4448487E-01
 XYZ  0.6843789E+00 0.4716682E+00-0.4498814E-01 0.6994390E+00 0.4716576E+00-0.4535670E-01 0.7144928E+00 0.4716512E+00-0.4557919E-01
 XYZ  0.7295112E+00 0.4716495E+00-0.4563556E-01 0.7444835E+00 0.4716540E+00-0.4548325E-01 0.7594500E+00 0.4716651E+00-0.4509762E-01
 XYZ  0.7744324E+00 0.4716817E+00-0.4451498E-01 0.7893859E+00 0.4717032E+00-0.4375034E-01 0.8042987E+00 0.4717305E+00-0.4276215E-01
 XYZ  0.8192279E+00 0.4717633E+00-0.4154062E-01 0.8342033E+00 0.4717997E+00-0.4014761E-01 0.8491771E+00 0.4718380E+00-0.3862412E-01
 XYZ  0.8641304E+00 0.4718783E+00-0.3695566E-01 0.8790891E+00 0.4719198E+00-0.3515379E-01 0.8940736E+00 0.4719612E+00-0.3326579E-01
 XYZ  0.9090599E+00 0.4720005E+00-0.3136675E-01 0.9239707E+00 0.4720372E+00-0.2948476E-01 0.9387923E+00 0.4720717E+00-0.2759812E-01
 XYZ  0.9535643E+00 0.4721031E+00-0.2576279E-01 0.9682057E+00 0.4721300E+00-0.2408143E-01 0.9826068E+00 0.4721533E+00-0.2252167E-01
 XYZ  0.9968079E+00 0.4721736E+00-0.2107333E-01 0.1010774E+01 0.4721900E+00-0.1982308E-01 0.1024435E+01 0.4722028E+00-0.1879048E-01
 XYZ  0.1037749E+01 0.4722120E+00-0.1801377E-01 0.1050642E+01 0.4722175E+00-0.1753544E-01 0.1063012E+01 0.4722192E+00-0.1738671E-01
 XYZ  0.1074758E+01 0.4722174E+00-0.1754301E-01 0.1085827E+01 0.4722119E+00-0.1802535E-01 0.1096026E+01 0.4722025E+00-0.1882104E-01
 XYZ  0.1105285E+01 0.4721908E+00-0.1975917E-01 0.1113654E+01 0.4721773E+00-0.2079708E-01 0.1121080E+01 0.4721621E+00-0.2190447E-01
 XYZ  0.1127565E+01 0.4721462E+00-0.2301113E-01 0.1133101E+01 0.4721298E+00-0.2409117E-01 0.1137674E+01 0.4721144E+00-0.2507303E-01
 XYZ  0.1141335E+01 0.4721009E+00-0.2589788E-01 0.1144133E+01 0.4720899E+00-0.2654727E-01 0.1146103E+01 0.4720819E+00-0.2701568E-01
 XYZ  0.1147270E+01 0.4720769E+00-0.2730038E-01
 LMN  2792028 7 0 0 0 0 0 0 0 0 0 0 0 0 0 0 0 0 0 0 0 0
 XYZ  0.3862412E+00 0.5514889E+00 0.2443838E-01 0.3861394E+00 0.5515155E+00 0.2169653E-01 0.3865184E+00 0.5515388E+00 0.1896572E-01
 XYZ  0.3873505E+00 0.5515591E+00 0.1623040E-01 0.3886224E+00 0.5515758E+00 0.1356513E-01 0.3904136E+00 0.5515890E+00 0.1100834E-01
 XYZ  0.3927678E+00 0.5515992E+00 0.8522770E-02 0.3956716E+00 0.5516067E+00 0.6086724E-02 0.3991109E+00 0.5516116E+00 0.3710569E-02
 XYZ  0.4030931E+00 0.5516141E+00 0.1413367E-02 0.4076415E+00 0.5516144E+00-0.8026768E-03 0.4127628E+00 0.5516127E+00-0.2954923E-02
 XYZ  0.4184479E+00 0.5516092E+00-0.5045577E-02 0.4247112E+00 0.5516040E+00-0.7079818E-02 0.4315392E+00 0.5515971E+00-0.9097427E-02
 XYZ  0.4388724E+00 0.5515886E+00-0.1109513E-01 0.4467068E+00 0.5515788E+00-0.1302559E-01 0.4550840E+00 0.5515678E+00-0.1490067E-01
 XYZ  0.4639775E+00 0.5515553E+00-0.1677444E-01 0.4733204E+00 0.5515414E+00-0.1864192E-01 0.4830889E+00 0.5515263E+00-0.2047153E-01
 XYZ  0.4932746E+00 0.5515104E+00-0.2224418E-01 0.5038841E+00 0.5514939E+00-0.2394982E-01 0.5149139E+00 0.5514766E+00-0.2560859E-01
 XYZ  0.5263243E+00 0.5514586E+00-0.2722924E-01 0.5380926E+00 0.5514403E+00-0.2878965E-01 0.5502253E+00 0.5514216E+00-0.3029396E-01
 XYZ  0.5626881E+00 0.5514024E+00-0.3177138E-01 0.5754224E+00 0.5513828E+00-0.3320948E-01 0.5884036E+00 0.5513634E+00-0.3457490E-01
 XYZ  0.6016275E+00 0.5513446E+00-0.3584817E-01 0.6150959E+00 0.5513267E+00-0.3702404E-01 0.6288075E+00 0.5513094E+00-0.3811951E-01
 XYZ  0.6427246E+00 0.5512925E+00-0.3916618E-01 0.6567754E+00 0.5512761E+00-0.4015590E-01 0.6709273E+00 0.5512612E+00-0.4103492E-01
 XYZ  0.6852060E+00 0.5512483E+00-0.4177869E-01 0.6996135E+00 0.5512370E+00-0.4242082E-01 0.7140940E+00 0.5512271E+00-0.4297787E-01
 XYZ  0.7286044E+00 0.5512190E+00-0.4342367E-01 0.7431280E+00 0.5512133E+00-0.4373782E-01 0.7576440E+00 0.5512101E+00-0.4390937E-01
 XYZ  0.7721246E+00 0.5512100E+00-0.4391642E-01 0.7865645E+00 0.5512137E+00-0.4371603E-01 0.8010042E+00 0.5512214E+00-0.4329198E-01
 XYZ  0.8154539E+00 0.5512323E+00-0.4268281E-01 0.8298691E+00 0.5512463E+00-0.4189419E-01 0.8442484E+00 0.5512638E+00-0.4088400E-01
 XYZ  0.8586479E+00 0.5512845E+00-0.3965382E-01 0.8730827E+00 0.5513071E+00-0.3826791E-01 0.8875047E+00 0.5513308E+00-0.3675605E-01
 XYZ  0.9019040E+00 0.5513557E+00-0.3510359E-01 0.9163059E+00 0.5513811E+00-0.3332807E-01 0.9307239E+00 0.5514062E+00-0.3148085E-01
 XYZ  0.9451256E+00 0.5514299E+00-0.2963302E-01 0.9594381E+00 0.5514520E+00-0.2780081E-01 0.9736628E+00 0.5514727E+00-0.2596499E-01
 XYZ  0.9878270E+00 0.5514914E+00-0.2419774E-01 0.1001836E+01 0.5515072E+00-0.2258269E-01 0.1015607E+01 0.5515211E+00-0.2107671E-01
 XYZ  0.1029179E+01 0.5515330E+00-0.1968853E-01 0.1042506E+01 0.5515425E+00-0.1849737E-01 0.1055527E+01 0.5515500E+00-0.1751619E-01
 XYZ  0.1068201E+01 0.5515552E+00-0.1678559E-01 0.1080456E+01 0.5515583E+00-0.1634243E-01 0.1092198E+01 0.5515592E+00-0.1621355E-01
 XYZ  0.1103340E+01 0.5515581E+00-0.1637082E-01 0.1113829E+01 0.5515548E+00-0.1684082E-01 0.1123484E+01 0.5515493E+00-0.1760108E-01
 XYZ  0.1132258E+01 0.5515426E+00-0.1848533E-01 0.1140195E+01 0.5515348E+00-0.1946826E-01 0.1147239E+01 0.5515260E+00-0.2051415E-01
 XYZ  0.1153398E+01 0.5515167E+00-0.2155952E-01 0.1158659E+01 0.5515073E+00-0.2258090E-01 0.1163012E+01 0.5514983E+00-0.2350877E-01
 XYZ  0.1166501E+01 0.5514904E+00-0.2428896E-01 0.1169171E+01 0.5514841E+00-0.2490365E-01 0.1171052E+01 0.5514794E+00-0.2534744E-01
 XYZ  0.1172167E+01 0.5514765E+00-0.2561737E-01
 LMN  2792028 8 0 0 0 0 0 0 0 0 0 0 0 0 0 0 0 0 0 0 0 0
 XYZ  0.4515962E+00 0.6448621E+00 0.2236099E-01 0.4515371E+00 0.6448772E+00 0.1973351E-01 0.4519212E+00 0.6448903E+00 0.1711104E-01
 XYZ  0.4527361E+00 0.6449015E+00 0.1450464E-01 0.4539901E+00 0.6449106E+00 0.1197104E-01 0.4557429E+00 0.6449177E+00 0.9534304E-02
 XYZ  0.4580300E+00 0.6449231E+00 0.7169003E-02 0.4608450E+00 0.6449269E+00 0.4853652E-02 0.4641718E+00 0.6449292E+00 0.2596071E-02
 XYZ  0.4680179E+00 0.6449301E+00 0.4171509E-03 0.4724064E+00 0.6449297E+00-0.1683291E-02 0.4773408E+00 0.6449282E+00-0.3722666E-02
 XYZ  0.4828131E+00 0.6449257E+00-0.5701087E-02 0.4888376E+00 0.6449222E+00-0.7626389E-02 0.4953970E+00 0.6449177E+00-0.9536702E-02
 XYZ  0.5024362E+00 0.6449123E+00-0.1142417E-01 0.5099567E+00 0.6449062E+00-0.1324420E-01 0.5179954E+00 0.6448994E+00-0.1501405E-01
 XYZ  0.5265213E+00 0.6448918E+00-0.1678379E-01 0.5354741E+00 0.6448833E+00-0.1854418E-01 0.5448332E+00 0.6448743E+00-0.2026628E-01
 XYZ  0.5545909E+00 0.6448647E+00-0.2193169E-01 0.5647539E+00 0.6448548E+00-0.2353295E-01 0.5753157E+00 0.6448446E+00-0.2509031E-01
 XYZ  0.5862384E+00 0.6448339E+00-0.2660962E-01 0.5975030E+00 0.6448231E+00-0.2806933E-01 0.6091149E+00 0.6448121E+00-0.2947695E-01
 XYZ  0.6210375E+00 0.6448008E+00-0.3085927E-01 0.6332175E+00 0.6447893E+00-0.3220099E-01 0.6456339E+00 0.6447780E+00-0.3347099E-01
 XYZ  0.6582827E+00 0.6447671E+00-0.3465156E-01 0.6711652E+00 0.6447567E+00-0.3573901E-01 0.6842785E+00 0.6447468E+00-0.3675174E-01
 XYZ  0.6975831E+00 0.6447370E+00-0.3771888E-01 0.7110120E+00 0.6447277E+00-0.3862826E-01 0.7245398E+00 0.6447192E+00-0.3942743E-01
 XYZ  0.7381912E+00 0.6447120E+00-0.4009834E-01 0.7519623E+00 0.6447057E+00-0.4067503E-01 0.7657992E+00 0.6447002E+00-0.4116910E-01
 XYZ  0.7796637E+00 0.6446959E+00-0.4155434E-01 0.7935408E+00 0.6446930E+00-0.4181261E-01 0.8074093E+00 0.6446916E+00-0.4193327E-01
 XYZ  0.8212432E+00 0.6446921E+00-0.4189344E-01 0.8350411E+00 0.6446948E+00-0.4165122E-01 0.8488417E+00 0.6446999E+00-0.4119701E-01
 XYZ  0.8626473E+00 0.6447069E+00-0.4056891E-01 0.8764158E+00 0.6447156E+00-0.3976590E-01 0.8901526E+00 0.6447264E+00-0.3874759E-01
 XYZ  0.9039107E+00 0.6447390E+00-0.3752371E-01 0.9176946E+00 0.6447527E+00-0.3615733E-01 0.9314592E+00 0.6447669E+00-0.3466983E-01
 XYZ  0.9452001E+00 0.6447818E+00-0.3304822E-01 0.9589410E+00 0.6447969E+00-0.3131350E-01 0.9726900E+00 0.6448117E+00-0.2951892E-01
 XYZ  0.9864100E+00 0.6448256E+00-0.2772989E-01 0.1000035E+01 0.6448386E+00-0.2595457E-01 0.1013575E+01 0.6448507E+00-0.2417814E-01
 XYZ  0.1027045E+01 0.6448614E+00-0.2248100E-01 0.1040348E+01 0.6448705E+00-0.2092986E-01 0.1053422E+01 0.6448785E+00-0.1947827E-01
 XYZ  0.1066300E+01 0.6448853E+00-0.1814773E-01 0.1078930E+01 0.6448908E+00-0.1700844E-01 0.1091261E+01 0.6448950E+00-0.1607058E-01
 XYZ  0.1103253E+01 0.6448979E+00-0.1537490E-01 0.1114836E+01 0.6448997E+00-0.1495377E-01 0.1125924E+01 0.6449002E+00-0.1483041E-01
 XYZ  0.1136439E+01 0.6448996E+00-0.1497574E-01 0.1146332E+01 0.6448978E+00-0.1541912E-01 0.1155432E+01 0.6448947E+00-0.1613162E-01
 XYZ  0.1163710E+01 0.6448910E+00-0.1695492E-01 0.1171200E+01 0.6448867E+00-0.1787476E-01 0.1177850E+01 0.6448818E+00-0.1885270E-01
 XYZ  0.1183669E+01 0.6448766E+00-0.1983110E-01 0.1188643E+01 0.6448713E+00-0.2078844E-01 0.1192762E+01 0.6448663E+00-0.2165805E-01
 XYZ  0.1196067E+01 0.6448620E+00-0.2238987E-01 0.1198598E+01 0.6448584E+00-0.2296682E-01 0.1200382E+01 0.6448558E+00-0.2338368E-01
 XYZ  0.1201440E+01 0.6448542E+00-0.2363741E-01
 LMN  2792028 9 0 0 0 0 0 0 0 0 0 0 0 0 0 0 0 0 0 0 0 0
 XYZ  0.5318475E+00 0.7594983E+00 0.1989896E-01 0.5318212E+00 0.7595062E+00 0.1741742E-01 0.5322018E+00 0.7595131E+00 0.1493980E-01
 XYZ  0.5329890E+00 0.7595188E+00 0.1249165E-01 0.5342016E+00 0.7595234E+00 0.1011502E-01 0.5358846E+00 0.7595269E+00 0.7826308E-02
 XYZ  0.5380691E+00 0.7595294E+00 0.5608424E-02 0.5407525E+00 0.7595311E+00 0.3439635E-02 0.5439177E+00 0.7595320E+00 0.1326486E-02
 XYZ  0.5475725E+00 0.7595321E+00-0.7095303E-03 0.5517389E+00 0.7595315E+00-0.2670481E-02 0.5564182E+00 0.7595303E+00-0.4573041E-02
 XYZ  0.5616037E+00 0.7595286E+00-0.6416020E-02 0.5673087E+00 0.7595264E+00-0.8208997E-02 0.5735141E+00 0.7595236E+00-0.9987662E-02
 XYZ  0.5801697E+00 0.7595204E+00-0.1174134E-01 0.5872801E+00 0.7595167E+00-0.1342887E-01 0.5948781E+00 0.7595127E+00-0.1507059E-01
 XYZ  0.6029305E+00 0.7595083E+00-0.1671220E-01 0.6113834E+00 0.7595034E+00-0.1834206E-01 0.6202187E+00 0.7594982E+00-0.1993390E-01
 XYZ  0.6294294E+00 0.7594928E+00-0.2147023E-01 0.6390219E+00 0.7594872E+00-0.2294570E-01 0.6489879E+00 0.7594814E+00-0.2437989E-01
 XYZ  0.6592918E+00 0.7594755E+00-0.2577650E-01 0.6699178E+00 0.7594694E+00-0.2711524E-01 0.6808699E+00 0.7594633E+00-0.2840568E-01
 XYZ  0.6921115E+00 0.7594571E+00-0.2967202E-01 0.7035941E+00 0.7594507E+00-0.3089758E-01 0.7152997E+00 0.7594445E+00-0.3205370E-01
 XYZ  0.7272243E+00 0.7594386E+00-0.3312438E-01 0.7393691E+00 0.7594330E+00-0.3410709E-01 0.7517297E+00 0.7594276E+00-0.3502073E-01
 XYZ  0.7642669E+00 0.7594223E+00-0.3589175E-01 0.7769191E+00 0.7594173E+00-0.3670562E-01 0.7896659E+00 0.7594129E+00-0.3741253E-01
 XYZ  0.8025307E+00 0.7594091E+00-0.3799944E-01 0.8155055E+00 0.7594058E+00-0.3849942E-01 0.8285393E+00 0.7594031E+00-0.3892031E-01
 XYZ  0.8415988E+00 0.7594010E+00-0.3923694E-01 0.8546697E+00 0.7593997E+00-0.3943312E-01 0.8677315E+00 0.7593992E+00-0.3949865E-01
 XYZ  0.8807600E+00 0.7593998E+00-0.3941049E-01 0.8937566E+00 0.7594017E+00-0.3912889E-01 0.9067572E+00 0.7594049E+00-0.3864921E-01
 XYZ  0.9197587E+00 0.7594090E+00-0.3800759E-01 0.9327226E+00 0.7594142E+00-0.3719847E-01 0.9456585E+00 0.7594205E+00-0.3618441E-01
 XYZ  0.9586149E+00 0.7594278E+00-0.3498054E-01 0.9715894E+00 0.7594356E+00-0.3364663E-01 0.9845408E+00 0.7594437E+00-0.3219782E-01
 XYZ  0.9974685E+00 0.7594522E+00-0.3062330E-01 0.1010394E+01 0.7594607E+00-0.2894575E-01 0.1023321E+01 0.7594689E+00-0.2721826E-01
 XYZ  0.1036211E+01 0.7594767E+00-0.2549987E-01 0.1049005E+01 0.7594838E+00-0.2379339E-01 0.1061718E+01 0.7594905E+00-0.2208865E-01
 XYZ  0.1074358E+01 0.7594964E+00-0.2046844E-01 0.1086825E+01 0.7595014E+00-0.1898533E-01 0.1099077E+01 0.7595057E+00-0.1759354E-01
 XYZ  0.1111139E+01 0.7595094E+00-0.1632246E-01 0.1122960E+01 0.7595123E+00-0.1523331E-01 0.1134494E+01 0.7595146E+00-0.1433513E-01
 XYZ  0.1145702E+01 0.7595162E+00-0.1366730E-01 0.1156522E+01 0.7595171E+00-0.1325838E-01 0.1166871E+01 0.7595174E+00-0.1312852E-01
 XYZ  0.1176682E+01 0.7595171E+00-0.1324929E-01 0.1185908E+01 0.7595162E+00-0.1365094E-01 0.1194393E+01 0.7595147E+00-0.1430083E-01
 XYZ  0.1202115E+01 0.7595128E+00-0.1505113E-01 0.1209105E+01 0.7595106E+00-0.1589478E-01 0.1215312E+01 0.7595081E+00-0.1679271E-01
 XYZ  0.1220748E+01 0.7595054E+00-0.1769279E-01 0.1225395E+01 0.7595027E+00-0.1857532E-01 0.1229248E+01 0.7595001E+00-0.1937738E-01
 XYZ  0.1232342E+01 0.7594978E+00-0.2005298E-01 0.1234711E+01 0.7594960E+00-0.2058598E-01 0.1236383E+01 0.7594946E+00-0.2097135E-01
 XYZ  0.1237375E+01 0.7594938E+00-0.2120605E-01
 LMN  279202810 0 0 0 0 0 0 0 0 0 0 0 0 0 0 0 0 0 0 0 0
 XYZ  0.6366199E+00 0.9091475E+00 0.1675826E-01 0.6366205E+00 0.9091511E+00 0.1447346E-01 0.6369887E+00 0.9091542E+00 0.1219380E-01
 XYZ  0.6377319E+00 0.9091567E+00 0.9951258E-02 0.6388729E+00 0.9091587E+00 0.7776659E-02 0.6404460E+00 0.9091601E+00 0.5682130E-02
 XYZ  0.6424788E+00 0.9091610E+00 0.3656230E-02 0.6449709E+00 0.9091616E+00 0.1677638E-02 0.6479051E+00 0.9091617E+00-0.2478333E-03
 XYZ  0.6512894E+00 0.9091615E+00-0.2099303E-02 0.6551440E+00 0.9091610E+00-0.3880064E-02 0.6594686E+00 0.9091601E+00-0.5605462E-02
 XYZ  0.6642578E+00 0.9091590E+00-0.7273594E-02 0.6695237E+00 0.9091577E+00-0.8894848E-02 0.6752468E+00 0.9091561E+00-0.1050172E-01
 XYZ  0.6813823E+00 0.9091543E+00-0.1208222E-01 0.6879366E+00 0.9091523E+00-0.1359933E-01 0.6949379E+00 0.9091502E+00-0.1507446E-01
 XYZ  0.7023537E+00 0.9091478E+00-0.1654847E-01 0.7101363E+00 0.9091453E+00-0.1800879E-01 0.7182699E+00 0.9091426E+00-0.1943206E-01
 XYZ  0.7267483E+00 0.9091398E+00-0.2080211E-01 0.7355773E+00 0.9091369E+00-0.2211523E-01 0.7447477E+00 0.9091340E+00-0.2338972E-01
 XYZ  0.7542270E+00 0.9091309E+00-0.2462771E-01 0.7640023E+00 0.9091279E+00-0.2581074E-01 0.7740762E+00 0.9091249E+00-0.2694937E-01
 XYZ  0.7844136E+00 0.9091218E+00-0.2806498E-01 0.7949717E+00 0.9091186E+00-0.2914084E-01 0.8057345E+00 0.9091156E+00-0.3015114E-01
 XYZ  0.8166985E+00 0.9091127E+00-0.3108169E-01 0.8278647E+00 0.9091100E+00-0.3193085E-01 0.8392278E+00 0.9091074E+00-0.3271711E-01
 XYZ  0.8507505E+00 0.9091049E+00-0.3346399E-01 0.8623774E+00 0.9091026E+00-0.3415606E-01 0.8740921E+00 0.9091005E+00-0.3474755E-01
 XYZ  0.8859159E+00 0.9090988E+00-0.3522928E-01 0.8978385E+00 0.9090973E+00-0.3563214E-01 0.9098134E+00 0.9090962E+00-0.3596124E-01
 XYZ  0.9218113E+00 0.9090953E+00-0.3619327E-01 0.9338192E+00 0.9090949E+00-0.3631404E-01 0.9458178E+00 0.9090949E+00-0.3631401E-01
 XYZ  0.9577852E+00 0.9090954E+00-0.3617094E-01 0.9697244E+00 0.9090966E+00-0.3584832E-01 0.9816677E+00 0.9090984E+00-0.3534505E-01
 XYZ  0.9936087E+00 0.9091007E+00-0.3469415E-01 0.1005513E+01 0.9091035E+00-0.3388732E-01 0.1017393E+01 0.9091069E+00-0.3289098E-01
 XYZ  0.1029291E+01 0.9091107E+00-0.3172322E-01 0.1041201E+01 0.9091147E+00-0.3043877E-01 0.1053086E+01 0.9091189E+00-0.2904812E-01
 XYZ  0.1064948E+01 0.9091232E+00-0.2754269E-01 0.1076806E+01 0.9091276E+00-0.2594530E-01 0.1088661E+01 0.9091317E+00-0.2430678E-01
 XYZ  0.1100475E+01 0.9091356E+00-0.2267916E-01 0.1112197E+01 0.9091392E+00-0.2106185E-01 0.1123844E+01 0.9091425E+00-0.1944892E-01
 XYZ  0.1135416E+01 0.9091454E+00-0.1792068E-01 0.1146822E+01 0.9091479E+00-0.1651794E-01 0.1158029E+01 0.9091500E+00-0.1519816E-01
 XYZ  0.1169059E+01 0.9091518E+00-0.1399458E-01 0.1179861E+01 0.9091532E+00-0.1295960E-01 0.1190397E+01 0.9091543E+00-0.1210169E-01
 XYZ  0.1200631E+01 0.9091551E+00-0.1145757E-01 0.1210504E+01 0.9091555E+00-0.1105225E-01 0.1219943E+01 0.9091557E+00-0.1090310E-01
 XYZ  0.1228890E+01 0.9091556E+00-0.1098363E-01 0.1237301E+01 0.9091552E+00-0.1132340E-01 0.1245035E+01 0.9091545E+00-0.1188872E-01
 XYZ  0.1252077E+01 0.9091537E+00-0.1254519E-01 0.1258453E+01 0.9091528E+00-0.1329049E-01 0.1264117E+01 0.9091516E+00-0.1408685E-01
 XYZ  0.1269079E+01 0.9091505E+00-0.1488787E-01 0.1273324E+01 0.9091492E+00-0.1567592E-01 0.1276845E+01 0.9091481E+00-0.1639310E-01
 XYZ  0.1279674E+01 0.9091471E+00-0.1699796E-01 0.1281842E+01 0.9091462E+00-0.1747552E-01 0.1283372E+01 0.9091456E+00-0.1782109E-01
 XYZ  0.1284280E+01 0.9091452E+00-0.1803170E-01
 LMN  279202811 0 0 0 0 0 0 0 0 0 0 0 0 0 0 0 0 0 0 0 0
 XYZ  0.7735313E+00 0.1104691E+01 0.1271318E-01 0.7735547E+00 0.1104692E+01 0.1069136E-01 0.7739000E+00 0.1104693E+01 0.8676853E-02
 XYZ  0.7745778E+00 0.1104694E+01 0.6701801E-02 0.7756105E+00 0.1104695E+01 0.4789534E-02 0.7770246E+00 0.1104695E+01 0.2949678E-02
 XYZ  0.7788443E+00 0.1104695E+01 0.1174174E-02 0.7810701E+00 0.1104695E+01-0.5566350E-03 0.7836862E+00 0.1104695E+01-0.2237529E-02
 XYZ  0.7866998E+00 0.1104695E+01-0.3849504E-02 0.7901288E+00 0.1104694E+01-0.5396269E-02 0.7939722E+00 0.1104694E+01-0.6891331E-02
 XYZ  0.7982257E+00 0.1104693E+01-0.8332575E-02 0.8028997E+00 0.1104692E+01-0.9730158E-02 0.8079760E+00 0.1104692E+01-0.1111261E-01
 XYZ  0.8134160E+00 0.1104691E+01-0.1246812E-01 0.8192263E+00 0.1104690E+01-0.1376456E-01 0.8254309E+00 0.1104689E+01-0.1502244E-01
 XYZ  0.8319998E+00 0.1104688E+01-0.1627719E-01 0.8388920E+00 0.1104686E+01-0.1751672E-01 0.8460941E+00 0.1104685E+01-0.1872095E-01
 XYZ  0.8536005E+00 0.1104684E+01-0.1987555E-01 0.8614164E+00 0.1104683E+01-0.2097800E-01 0.8695327E+00 0.1104681E+01-0.2204467E-01
 XYZ  0.8779210E+00 0.1104680E+01-0.2307674E-01 0.8865706E+00 0.1104679E+01-0.2405811E-01 0.8954831E+00 0.1104677E+01-0.2499921E-01
 XYZ  0.9046270E+00 0.1104676E+01-0.2591846E-01 0.9139652E+00 0.1104675E+01-0.2680035E-01 0.9234841E+00 0.1104673E+01-0.2762250E-01
 XYZ  0.9331804E+00 0.1104672E+01-0.2837267E-01 0.9430550E+00 0.1104671E+01-0.2904989E-01 0.9531025E+00 0.1104670E+01-0.2967123E-01
 XYZ  0.9632892E+00 0.1104669E+01-0.3025702E-01 0.9735669E+00 0.1104668E+01-0.3079251E-01 0.9839225E+00 0.1104667E+01-0.3123737E-01
 XYZ  0.9943746E+00 0.1104667E+01-0.3158523E-01 0.1004912E+01 0.1104666E+01-0.3186368E-01 0.1015494E+01 0.1104666E+01-0.3207602E-01
 XYZ  0.1026097E+01 0.1104665E+01-0.3220169E-01 0.1036707E+01 0.1104665E+01-0.3222863E-01 0.1047308E+01 0.1104666E+01-0.3214834E-01
 XYZ  0.1057880E+01 0.1104666E+01-0.3194051E-01 0.1068428E+01 0.1104667E+01-0.3157299E-01 0.1078979E+01 0.1104668E+01-0.3104675E-01
 XYZ  0.1089526E+01 0.1104669E+01-0.3039075E-01 0.1100038E+01 0.1104670E+01-0.2959567E-01 0.1110529E+01 0.1104672E+01-0.2863253E-01
 XYZ  0.1121035E+01 0.1104673E+01-0.2751991E-01 0.1131547E+01 0.1104675E+01-0.2630584E-01 0.1142036E+01 0.1104677E+01-0.2499758E-01
 XYZ  0.1152503E+01 0.1104679E+01-0.2358855E-01 0.1162964E+01 0.1104681E+01-0.2210013E-01 0.1173420E+01 0.1104683E+01-0.2057853E-01
 XYZ  0.1183835E+01 0.1104685E+01-0.1906825E-01 0.1194166E+01 0.1104686E+01-0.1756699E-01 0.1204429E+01 0.1104688E+01-0.1607196E-01
 XYZ  0.1214623E+01 0.1104689E+01-0.1465657E-01 0.1224665E+01 0.1104690E+01-0.1335214E-01 0.1234532E+01 0.1104691E+01-0.1212132E-01
 XYZ  0.1244240E+01 0.1104692E+01-0.1099730E-01 0.1253744E+01 0.1104692E+01-0.1002392E-01 0.1263011E+01 0.1104693E+01-0.9209075E-02
 XYZ  0.1272009E+01 0.1104693E+01-0.8585572E-02 0.1280688E+01 0.1104693E+01-0.8174942E-02 0.1288983E+01 0.1104693E+01-0.7991942E-02
 XYZ  0.1296845E+01 0.1104693E+01-0.8013281E-02 0.1304235E+01 0.1104693E+01-0.8266248E-02 0.1311030E+01 0.1104693E+01-0.8719021E-02
 XYZ  0.1317221E+01 0.1104693E+01-0.9254054E-02 0.1322827E+01 0.1104692E+01-0.9871745E-02 0.1327808E+01 0.1104692E+01-0.1053770E-01
 XYZ  0.1332175E+01 0.1104692E+01-0.1121189E-01 0.1335911E+01 0.1104691E+01-0.1187904E-01 0.1339012E+01 0.1104691E+01-0.1248799E-01
 XYZ  0.1341505E+01 0.1104690E+01-0.1300252E-01 0.1343416E+01 0.1104690E+01-0.1340923E-01 0.1344765E+01 0.1104690E+01-0.1370385E-01
 XYZ  0.1345566E+01 0.1104690E+01-0.1388360E-01
 LMN  279202812 0 0 0 0 0 0 0 0 0 0 0 0 0 0 0 0 0 0 0 0
 XYZ  0.9044555E+00 0.1291679E+01 0.8874130E-02 0.9044945E+00 0.1291680E+01 0.7106985E-02 0.9048145E+00 0.1291680E+01 0.5349052E-02
 XYZ  0.9054253E+00 0.1291680E+01 0.3629194E-02 0.9063466E+00 0.1291680E+01 0.1967200E-02 0.9076009E+00 0.1291681E+01 0.3713921E-03
 XYZ  0.9092093E+00 0.1291681E+01-0.1164909E-02 0.9111721E+00 0.1291680E+01-0.2659064E-02 0.9134754E+00 0.1291680E+01-0.4106390E-02
 XYZ  0.9161258E+00 0.1291680E+01-0.5490167E-02 0.9191387E+00 0.1291680E+01-0.6813862E-02 0.9225129E+00 0.1291679E+01-0.8089233E-02
 XYZ  0.9262450E+00 0.1291679E+01-0.9314297E-02 0.9303438E+00 0.1291679E+01-0.1049831E-01 0.9347933E+00 0.1291678E+01-0.1166618E-01
 XYZ  0.9395601E+00 0.1291678E+01-0.1280723E-01 0.9446502E+00 0.1291677E+01-0.1389365E-01 0.9500842E+00 0.1291676E+01-0.1494395E-01
 XYZ  0.9558356E+00 0.1291676E+01-0.1598888E-01 0.9618691E+00 0.1291675E+01-0.1701767E-01 0.9681729E+00 0.1291675E+01-0.1801305E-01
 XYZ  0.9747423E+00 0.1291674E+01-0.1896255E-01 0.9815816E+00 0.1291673E+01-0.1986427E-01 0.9886826E+00 0.1291673E+01-0.2073264E-01
 XYZ  0.9960206E+00 0.1291672E+01-0.2156848E-01 0.1003587E+01 0.1291671E+01-0.2235790E-01 0.1011382E+01 0.1291671E+01-0.2311051E-01
 XYZ  0.1019378E+01 0.1291670E+01-0.2384230E-01 0.1027544E+01 0.1291670E+01-0.2453956E-01 0.1035867E+01 0.1291669E+01-0.2518299E-01
 XYZ  0.1044345E+01 0.1291669E+01-0.2576207E-01 0.1052978E+01 0.1291668E+01-0.2627616E-01 0.1061761E+01 0.1291668E+01-0.2674052E-01
 XYZ  0.1070665E+01 0.1291667E+01-0.2717287E-01 0.1079648E+01 0.1291667E+01-0.2755998E-01 0.1088698E+01 0.1291666E+01-0.2786677E-01
 XYZ  0.1097833E+01 0.1291666E+01-0.2808842E-01 0.1107041E+01 0.1291666E+01-0.2824916E-01 0.1116287E+01 0.1291666E+01-0.2835151E-01
 XYZ  0.1125550E+01 0.1291666E+01-0.2837765E-01 0.1134819E+01 0.1291666E+01-0.2831730E-01 0.1144079E+01 0.1291666E+01-0.2816306E-01
 XYZ  0.1153314E+01 0.1291666E+01-0.2789697E-01 0.1162526E+01 0.1291667E+01-0.2749098E-01 0.1171740E+01 0.1291667E+01-0.2694677E-01
 XYZ  0.1180949E+01 0.1291668E+01-0.2628951E-01 0.1190126E+01 0.1291669E+01-0.2551026E-01 0.1199284E+01 0.1291670E+01-0.2458401E-01
 XYZ  0.1208454E+01 0.1291670E+01-0.2352807E-01 0.1217628E+01 0.1291671E+01-0.2238425E-01 0.1226779E+01 0.1291672E+01-0.2115806E-01
 XYZ  0.1235910E+01 0.1291673E+01-0.1984428E-01 0.1245035E+01 0.1291674E+01-0.1846208E-01 0.1254154E+01 0.1291675E+01-0.1705248E-01
 XYZ  0.1263234E+01 0.1291676E+01-0.1565374E-01 0.1272241E+01 0.1291677E+01-0.1426321E-01 0.1281188E+01 0.1291678E+01-0.1287966E-01
 XYZ  0.1290072E+01 0.1291678E+01-0.1156832E-01 0.1298822E+01 0.1291679E+01-0.1035456E-01 0.1307419E+01 0.1291679E+01-0.9206078E-02
 XYZ  0.1315877E+01 0.1291679E+01-0.8153647E-02 0.1324156E+01 0.1291680E+01-0.7234482E-02 0.1332228E+01 0.1291680E+01-0.6455910E-02
 XYZ  0.1340064E+01 0.1291680E+01-0.5846851E-02 0.1347623E+01 0.1291680E+01-0.5426062E-02 0.1354847E+01 0.1291680E+01-0.5206385E-02
 XYZ  0.1361693E+01 0.1291680E+01-0.5167759E-02 0.1368130E+01 0.1291680E+01-0.5334742E-02 0.1374049E+01 0.1291680E+01-0.5678954E-02
 XYZ  0.1379443E+01 0.1291680E+01-0.6098408E-02 0.1384329E+01 0.1291680E+01-0.6594539E-02 0.1388672E+01 0.1291680E+01-0.7136965E-02
 XYZ  0.1392480E+01 0.1291679E+01-0.7691159E-02 0.1395739E+01 0.1291679E+01-0.8243986E-02 0.1398446E+01 0.1291679E+01-0.8750780E-02
 XYZ  0.1400622E+01 0.1291679E+01-0.9180003E-02 0.1402291E+01 0.1291679E+01-0.9519766E-02 0.1403469E+01 0.1291679E+01-0.9766187E-02
 XYZ  0.1404168E+01 0.1291679E+01-0.9916716E-02
 LMN  279202813 0 0 0 0 0 0 0 0 0 0 0 0 0 0 0 0 0 0 0 0
 XYZ  0.1047098E+01 0.1495397E+01 0.7937690E-02 0.1047142E+01 0.1495398E+01 0.6246026E-02 0.1047454E+01 0.1495398E+01 0.4564018E-02
 XYZ  0.1048044E+01 0.1495398E+01 0.2919843E-02 0.1048933E+01 0.1495398E+01 0.1331871E-02 0.1050140E+01 0.1495398E+01-0.1920881E-03
 XYZ  0.1051686E+01 0.1495398E+01-0.1658217E-02 0.1053570E+01 0.1495398E+01-0.3083275E-02 0.1055781E+01 0.1495398E+01-0.4462650E-02
 XYZ  0.1058324E+01 0.1495398E+01-0.5780279E-02 0.1061213E+01 0.1495397E+01-0.7039703E-02 0.1064449E+01 0.1495397E+01-0.8252135E-02
 XYZ  0.1068026E+01 0.1495397E+01-0.9415570E-02 0.1071954E+01 0.1495397E+01-0.1053916E-01 0.1076217E+01 0.1495396E+01-0.1164669E-01
 XYZ  0.1080784E+01 0.1495396E+01-0.1272753E-01 0.1085660E+01 0.1495396E+01-0.1375528E-01 0.1090864E+01 0.1495396E+01-0.1474815E-01
 XYZ  0.1096372E+01 0.1495395E+01-0.1573533E-01 0.1102150E+01 0.1495395E+01-0.1670620E-01 0.1108186E+01 0.1495394E+01-0.1764442E-01
 XYZ  0.1114476E+01 0.1495394E+01-0.1853801E-01 0.1121025E+01 0.1495394E+01-0.1938543E-01 0.1127823E+01 0.1495393E+01-0.2020053E-01
 XYZ  0.1134848E+01 0.1495393E+01-0.2098385E-01 0.1142091E+01 0.1495393E+01-0.2172218E-01 0.1149553E+01 0.1495392E+01-0.2242506E-01
 XYZ  0.1157208E+01 0.1495392E+01-0.2310763E-01 0.1165023E+01 0.1495391E+01-0.2375651E-01 0.1172990E+01 0.1495391E+01-0.2435338E-01
 XYZ  0.1181105E+01 0.1495391E+01-0.2488827E-01 0.1189368E+01 0.1495391E+01-0.2536071E-01 0.1197774E+01 0.1495390E+01-0.2578554E-01
 XYZ  0.1206295E+01 0.1495390E+01-0.2617955E-01 0.1214892E+01 0.1495390E+01-0.2652970E-01 0.1223553E+01 0.1495390E+01-0.2680246E-01
 XYZ  0.1232295E+01 0.1495390E+01-0.2699381E-01 0.1241107E+01 0.1495389E+01-0.2712698E-01 0.1249954E+01 0.1495389E+01-0.2720399E-01
 XYZ  0.1258818E+01 0.1495389E+01-0.2720780E-01 0.1267688E+01 0.1495389E+01-0.2712872E-01 0.1276548E+01 0.1495390E+01-0.2695963E-01
 XYZ  0.1285384E+01 0.1495390E+01-0.2668310E-01 0.1294199E+01 0.1495390E+01-0.2627237E-01 0.1303015E+01 0.1495390E+01-0.2572971E-01
 XYZ  0.1311825E+01 0.1495391E+01-0.2507905E-01 0.1320605E+01 0.1495391E+01-0.2431122E-01 0.1329367E+01 0.1495392E+01-0.2340256E-01
 XYZ  0.1338140E+01 0.1495392E+01-0.2237048E-01 0.1346915E+01 0.1495393E+01-0.2125484E-01 0.1355668E+01 0.1495393E+01-0.2006025E-01
 XYZ  0.1364401E+01 0.1495394E+01-0.1878208E-01 0.1373128E+01 0.1495395E+01-0.1743909E-01 0.1381848E+01 0.1495395E+01-0.1607093E-01
 XYZ  0.1390530E+01 0.1495396E+01-0.1471366E-01 0.1399140E+01 0.1495396E+01-0.1336419E-01 0.1407694E+01 0.1495396E+01-0.1202225E-01
 XYZ  0.1416185E+01 0.1495397E+01-0.1075091E-01 0.1424547E+01 0.1495397E+01-0.9572846E-02 0.1432762E+01 0.1495397E+01-0.8457357E-02
 XYZ  0.1440843E+01 0.1495397E+01-0.7435072E-02 0.1448752E+01 0.1495398E+01-0.6540735E-02 0.1456463E+01 0.1495398E+01-0.5781549E-02
 XYZ  0.1463948E+01 0.1495398E+01-0.5185241E-02 0.1471165E+01 0.1495398E+01-0.4769571E-02 0.1478063E+01 0.1495398E+01-0.4546579E-02
 XYZ  0.1484601E+01 0.1495398E+01-0.4497121E-02 0.1490746E+01 0.1495398E+01-0.4645031E-02 0.1496397E+01 0.1495398E+01-0.4962379E-02
 XYZ  0.1501547E+01 0.1495398E+01-0.5352044E-02 0.1506214E+01 0.1495398E+01-0.5816138E-02 0.1510361E+01 0.1495398E+01-0.6325257E-02
 XYZ  0.1513999E+01 0.1495398E+01-0.6846678E-02 0.1517113E+01 0.1495397E+01-0.7367925E-02 0.1519699E+01 0.1495397E+01-0.7846254E-02
 XYZ  0.1521778E+01 0.1495397E+01-0.8251639E-02 0.1523373E+01 0.1495397E+01-0.8572664E-02 0.1524500E+01 0.1495397E+01-0.8805585E-02
 XYZ  0.1525169E+01 0.1495397E+01-0.8947921E-02
 LMN  279202814 0 0 0 0 0 0 0 0 0 0 0 0 0 0 0 0 0 0 0 0
 XYZ  0.1158177E+01 0.1654035E+01 0.7212628E-02 0.1158223E+01 0.1654036E+01 0.5580181E-02 0.1158528E+01 0.1654036E+01 0.3957668E-02
 XYZ  0.1159102E+01 0.1654036E+01 0.2372423E-02 0.1159964E+01 0.1654036E+01 0.8420649E-03 0.1161133E+01 0.1654036E+01-0.6259003E-03
 XYZ  0.1162629E+01 0.1654036E+01-0.2037417E-02 0.1164452E+01 0.1654036E+01-0.3408700E-02 0.1166589E+01 0.1654036E+01-0.4735222E-02
 XYZ  0.1169046E+01 0.1654036E+01-0.6001473E-02 0.1171838E+01 0.1654035E+01-0.7210959E-02 0.1174964E+01 0.1654035E+01-0.8374482E-02
 XYZ  0.1178419E+01 0.1654035E+01-0.9490061E-02 0.1182213E+01 0.1654035E+01-0.1056667E-01 0.1186330E+01 0.1654035E+01-0.1162722E-01
 XYZ  0.1190739E+01 0.1654035E+01-0.1266130E-01 0.1195447E+01 0.1654034E+01-0.1364354E-01 0.1200472E+01 0.1654034E+01-0.1459173E-01
 XYZ  0.1205789E+01 0.1654034E+01-0.1553393E-01 0.1211366E+01 0.1654034E+01-0.1645978E-01 0.1217193E+01 0.1654033E+01-0.1735359E-01
 XYZ  0.1223264E+01 0.1654033E+01-0.1820383E-01 0.1229585E+01 0.1654033E+01-0.1900910E-01 0.1236147E+01 0.1654032E+01-0.1978279E-01
 XYZ  0.1242927E+01 0.1654032E+01-0.2052534E-01 0.1249917E+01 0.1654032E+01-0.2122405E-01 0.1257119E+01 0.1654032E+01-0.2188829E-01
 XYZ  0.1264506E+01 0.1654031E+01-0.2253259E-01 0.1272048E+01 0.1654031E+01-0.2314396E-01 0.1279736E+01 0.1654031E+01-0.2370479E-01
 XYZ  0.1287567E+01 0.1654031E+01-0.2420551E-01 0.1295541E+01 0.1654031E+01-0.2464574E-01 0.1303653E+01 0.1654030E+01-0.2503993E-01
 XYZ  0.1311875E+01 0.1654030E+01-0.2540420E-01 0.1320170E+01 0.1654030E+01-0.2572581E-01 0.1328528E+01 0.1654030E+01-0.2597245E-01
 XYZ  0.1336963E+01 0.1654030E+01-0.2614050E-01 0.1345465E+01 0.1654030E+01-0.2625244E-01 0.1354002E+01 0.1654030E+01-0.2631001E-01
 XYZ  0.1362554E+01 0.1654030E+01-0.2629681E-01 0.1371111E+01 0.1654030E+01-0.2620356E-01 0.1379660E+01 0.1654030E+01-0.2602338E-01
 XYZ  0.1388184E+01 0.1654030E+01-0.2573936E-01 0.1396689E+01 0.1654030E+01-0.2532570E-01 0.1405194E+01 0.1654031E+01-0.2478491E-01
 XYZ  0.1413694E+01 0.1654031E+01-0.2414001E-01 0.1422164E+01 0.1654031E+01-0.2338185E-01 0.1430616E+01 0.1654032E+01-0.2248773E-01
 XYZ  0.1439078E+01 0.1654032E+01-0.2147488E-01 0.1447543E+01 0.1654032E+01-0.2038166E-01 0.1455985E+01 0.1654033E+01-0.1921222E-01
 XYZ  0.1464408E+01 0.1654033E+01-0.1796227E-01 0.1472825E+01 0.1654033E+01-0.1665012E-01 0.1481234E+01 0.1654034E+01-0.1531422E-01
 XYZ  0.1489607E+01 0.1654034E+01-0.1398911E-01 0.1497909E+01 0.1654035E+01-0.1267154E-01 0.1506157E+01 0.1654035E+01-0.1136173E-01
 XYZ  0.1514344E+01 0.1654035E+01-0.1012085E-01 0.1522405E+01 0.1654035E+01-0.8970004E-02 0.1530325E+01 0.1654035E+01-0.7879700E-02
 XYZ  0.1538115E+01 0.1654035E+01-0.6880086E-02 0.1545739E+01 0.1654036E+01-0.6004262E-02 0.1553171E+01 0.1654036E+01-0.5259299E-02
 XYZ  0.1560385E+01 0.1654036E+01-0.4671990E-02 0.1567341E+01 0.1654036E+01-0.4259404E-02 0.1573989E+01 0.1654036E+01-0.4033059E-02
 XYZ  0.1580289E+01 0.1654036E+01-0.3974542E-02 0.1586211E+01 0.1654036E+01-0.4107039E-02 0.1591657E+01 0.1654036E+01-0.4403259E-02
 XYZ  0.1596621E+01 0.1654036E+01-0.4769749E-02 0.1601119E+01 0.1654036E+01-0.5208919E-02 0.1605116E+01 0.1654036E+01-0.5692245E-02
 XYZ  0.1608623E+01 0.1654036E+01-0.6188316E-02 0.1611625E+01 0.1654036E+01-0.6685150E-02 0.1614118E+01 0.1654035E+01-0.7141507E-02
 XYZ  0.1616124E+01 0.1654035E+01-0.7528485E-02 0.1617662E+01 0.1654035E+01-0.7835037E-02 0.1618748E+01 0.1654035E+01-0.8057524E-02
 XYZ  0.1619394E+01 0.1654035E+01-0.8193524E-02
 LMN  279202815 0 0 0 0 0 0 0 0 0 0 0 0 0 0 0 0 0 0 0 0
 XYZ  0.1249728E+01 0.1784784E+01 0.6616738E-02 0.1249775E+01 0.1784785E+01 0.5033289E-02 0.1250075E+01 0.1784785E+01 0.3459971E-02
 XYZ  0.1250635E+01 0.1784785E+01 0.1923300E-02 0.1251474E+01 0.1784785E+01 0.4404215E-03 0.1252611E+01 0.1784785E+01-0.9813711E-03
 XYZ  0.1254065E+01 0.1784785E+01-0.2347887E-02 0.1255836E+01 0.1784785E+01-0.3674858E-02 0.1257912E+01 0.1784785E+01-0.4957840E-02
 XYZ  0.1260299E+01 0.1784784E+01-0.6181798E-02 0.1263010E+01 0.1784784E+01-0.7350171E-02 0.1266045E+01 0.1784784E+01-0.8473423E-02
 XYZ  0.1269399E+01 0.1784784E+01-0.9549613E-02 0.1273081E+01 0.1784784E+01-0.1058752E-01 0.1277077E+01 0.1784784E+01-0.1160936E-01
 XYZ  0.1281356E+01 0.1784784E+01-0.1260496E-01 0.1285925E+01 0.1784783E+01-0.1354976E-01 0.1290801E+01 0.1784783E+01-0.1446113E-01
 XYZ  0.1295960E+01 0.1784783E+01-0.1536627E-01 0.1301372E+01 0.1784783E+01-0.1625504E-01 0.1307025E+01 0.1784783E+01-0.1711230E-01
 XYZ  0.1312916E+01 0.1784782E+01-0.1792686E-01 0.1319049E+01 0.1784782E+01-0.1869744E-01 0.1325415E+01 0.1784782E+01-0.1943704E-01
 XYZ  0.1331993E+01 0.1784782E+01-0.2014604E-01 0.1338774E+01 0.1784782E+01-0.2081216E-01 0.1345761E+01 0.1784782E+01-0.2144458E-01
 XYZ  0.1352927E+01 0.1784781E+01-0.2205737E-01 0.1360244E+01 0.1784781E+01-0.2263789E-01 0.1367702E+01 0.1784781E+01-0.2316910E-01
 XYZ  0.1375298E+01 0.1784781E+01-0.2364175E-01 0.1383033E+01 0.1784781E+01-0.2405553E-01 0.1390902E+01 0.1784781E+01-0.2442451E-01
 XYZ  0.1398878E+01 0.1784780E+01-0.2476432E-01 0.1406924E+01 0.1784780E+01-0.2506250E-01 0.1415031E+01 0.1784780E+01-0.2528776E-01
 XYZ  0.1423212E+01 0.1784780E+01-0.2543675E-01 0.1431459E+01 0.1784780E+01-0.2553127E-01 0.1439739E+01 0.1784780E+01-0.2557294E-01
 XYZ  0.1448034E+01 0.1784780E+01-0.2554587E-01 0.1456334E+01 0.1784780E+01-0.2544111E-01 0.1464625E+01 0.1784780E+01-0.2525200E-01
 XYZ  0.1472893E+01 0.1784780E+01-0.2496206E-01 0.1481141E+01 0.1784781E+01-0.2454630E-01 0.1489390E+01 0.1784781E+01-0.2400732E-01
 XYZ  0.1497633E+01 0.1784781E+01-0.2336743E-01 0.1505847E+01 0.1784781E+01-0.2261756E-01 0.1514043E+01 0.1784781E+01-0.2173580E-01
 XYZ  0.1522250E+01 0.1784782E+01-0.2073907E-01 0.1530458E+01 0.1784782E+01-0.1966454E-01 0.1538644E+01 0.1784782E+01-0.1851606E-01
 XYZ  0.1546812E+01 0.1784783E+01-0.1728959E-01 0.1554973E+01 0.1784783E+01-0.1600298E-01 0.1563127E+01 0.1784783E+01-0.1469368E-01
 XYZ  0.1571244E+01 0.1784783E+01-0.1339503E-01 0.1579293E+01 0.1784784E+01-0.1210374E-01 0.1587289E+01 0.1784784E+01-0.1082031E-01
 XYZ  0.1595226E+01 0.1784784E+01-0.9604247E-02 0.1603040E+01 0.1784784E+01-0.8475601E-02 0.1610717E+01 0.1784784E+01-0.7405847E-02
 XYZ  0.1618269E+01 0.1784784E+01-0.6424585E-02 0.1625658E+01 0.1784784E+01-0.5563678E-02 0.1632862E+01 0.1784785E+01-0.4830070E-02
 XYZ  0.1639854E+01 0.1784785E+01-0.4249788E-02 0.1646596E+01 0.1784785E+01-0.3839363E-02 0.1653039E+01 0.1784785E+01-0.3609928E-02
 XYZ  0.1659145E+01 0.1784785E+01-0.3543679E-02 0.1664885E+01 0.1784785E+01-0.3663234E-02 0.1670163E+01 0.1784785E+01-0.3941949E-02
 XYZ  0.1674975E+01 0.1784785E+01-0.4289345E-02 0.1679335E+01 0.1784785E+01-0.4707980E-02 0.1683210E+01 0.1784785E+01-0.5170106E-02
 XYZ  0.1686609E+01 0.1784784E+01-0.5645354E-02 0.1689520E+01 0.1784784E+01-0.6122140E-02 0.1691938E+01 0.1784784E+01-0.6560471E-02
 XYZ  0.1693882E+01 0.1784784E+01-0.6932344E-02 0.1695374E+01 0.1784784E+01-0.7227017E-02 0.1696427E+01 0.1784784E+01-0.7440938E-02
 XYZ  0.1697053E+01 0.1784784E+01-0.7571735E-02
 LMN  279202816 0 0 0 0 0 0 0 0 0 0 0 0 0 0 0 0 0 0 0 0
 XYZ  0.1335828E+01 0.1907749E+01 0.6057332E-02 0.1335877E+01 0.1907749E+01 0.4520075E-02 0.1336170E+01 0.1907749E+01 0.2993115E-02
 XYZ  0.1336717E+01 0.1907749E+01 0.1502130E-02 0.1337535E+01 0.1907749E+01 0.6390098E-04 0.1338642E+01 0.1907749E+01-0.1314456E-02
 XYZ  0.1340056E+01 0.1907749E+01-0.2638657E-02 0.1341779E+01 0.1907749E+01-0.3923958E-02 0.1343797E+01 0.1907749E+01-0.5166008E-02
 XYZ  0.1346117E+01 0.1907749E+01-0.6350222E-02 0.1348752E+01 0.1907749E+01-0.7479956E-02 0.1351700E+01 0.1907749E+01-0.8565361E-02
 XYZ  0.1354959E+01 0.1907749E+01-0.9604539E-02 0.1358536E+01 0.1907749E+01-0.1060607E-01 0.1362417E+01 0.1907748E+01-0.1159151E-01
 XYZ  0.1366573E+01 0.1907748E+01-0.1255094E-01 0.1371011E+01 0.1907748E+01-0.1346057E-01 0.1375747E+01 0.1907748E+01-0.1433733E-01
 XYZ  0.1380758E+01 0.1907748E+01-0.1520760E-01 0.1386013E+01 0.1907748E+01-0.1606152E-01 0.1391503E+01 0.1907748E+01-0.1688444E-01
 XYZ  0.1397224E+01 0.1907747E+01-0.1766549E-01 0.1403179E+01 0.1907747E+01-0.1840347E-01 0.1409361E+01 0.1907747E+01-0.1911103E-01
 XYZ  0.1415749E+01 0.1907747E+01-0.1978851E-01 0.1422334E+01 0.1907747E+01-0.2042402E-01 0.1429118E+01 0.1907747E+01-0.2102654E-01
 XYZ  0.1436076E+01 0.1907747E+01-0.2160970E-01 0.1443180E+01 0.1907746E+01-0.2216124E-01 0.1450422E+01 0.1907746E+01-0.2266465E-01
 XYZ  0.1457797E+01 0.1907746E+01-0.2311097E-01 0.1465307E+01 0.1907746E+01-0.2349992E-01 0.1472947E+01 0.1907746E+01-0.2384523E-01
 XYZ  0.1480691E+01 0.1907746E+01-0.2416205E-01 0.1488503E+01 0.1907746E+01-0.2443827E-01 0.1496373E+01 0.1907746E+01-0.2464351E-01
 XYZ  0.1504317E+01 0.1907746E+01-0.2477463E-01 0.1512323E+01 0.1907746E+01-0.2485283E-01 0.1520362E+01 0.1907746E+01-0.2487962E-01
 XYZ  0.1528414E+01 0.1907746E+01-0.2483960E-01 0.1536472E+01 0.1907746E+01-0.2472412E-01 0.1544521E+01 0.1907746E+01-0.2452672E-01
 XYZ  0.1552547E+01 0.1907746E+01-0.2423137E-01 0.1560554E+01 0.1907746E+01-0.2381382E-01 0.1568562E+01 0.1907746E+01-0.2327671E-01
 XYZ  0.1576563E+01 0.1907746E+01-0.2264168E-01 0.1584536E+01 0.1907746E+01-0.2189981E-01 0.1592492E+01 0.1907747E+01-0.2102987E-01
 XYZ  0.1600458E+01 0.1907747E+01-0.2004847E-01 0.1608425E+01 0.1907747E+01-0.1899164E-01 0.1616370E+01 0.1907747E+01-0.1786301E-01
 XYZ  0.1624297E+01 0.1907748E+01-0.1665874E-01 0.1632218E+01 0.1907748E+01-0.1539624E-01 0.1640131E+01 0.1907748E+01-0.1411195E-01
 XYZ  0.1648008E+01 0.1907748E+01-0.1283816E-01 0.1655819E+01 0.1907748E+01-0.1157157E-01 0.1663579E+01 0.1907749E+01-0.1031288E-01
 XYZ  0.1671281E+01 0.1907749E+01-0.9120002E-02 0.1678863E+01 0.1907749E+01-0.8012094E-02 0.1686313E+01 0.1907749E+01-0.6961543E-02
 XYZ  0.1693640E+01 0.1907749E+01-0.5997342E-02 0.1700810E+01 0.1907749E+01-0.5150260E-02 0.1707800E+01 0.1907749E+01-0.4427115E-02
 XYZ  0.1714584E+01 0.1907749E+01-0.3853210E-02 0.1721126E+01 0.1907749E+01-0.3444592E-02 0.1727377E+01 0.1907749E+01-0.3212058E-02
 XYZ  0.1733302E+01 0.1907749E+01-0.3138379E-02 0.1738871E+01 0.1907749E+01-0.3245621E-02 0.1743992E+01 0.1907749E+01-0.3507820E-02
 XYZ  0.1748661E+01 0.1907749E+01-0.3837264E-02 0.1752892E+01 0.1907749E+01-0.4236589E-02 0.1756653E+01 0.1907749E+01-0.4678813E-02
 XYZ  0.1759952E+01 0.1907749E+01-0.5134519E-02 0.1762777E+01 0.1907749E+01-0.5592497E-02 0.1765123E+01 0.1907749E+01-0.6013922E-02
 XYZ  0.1767011E+01 0.1907749E+01-0.6371629E-02 0.1768459E+01 0.1907749E+01-0.6655161E-02 0.1769482E+01 0.1907749E+01-0.6861045E-02
 XYZ  0.1770089E+01 0.1907749E+01-0.6986961E-02
 LMN  279202817 0 0 0 0 0 0 0 0 0 0 0 0 0 0 0 0 0 0 0 0
 XYZ  0.1420453E+01 0.2028608E+01 0.5508224E-02 0.1420504E+01 0.2028608E+01 0.4016446E-02 0.1420791E+01 0.2028608E+01 0.2535118E-02
 XYZ  0.1421325E+01 0.2028608E+01 0.1089037E-02 0.1422121E+01 0.2028608E+01-0.3053091E-03 0.1423198E+01 0.2028608E+01-0.1640965E-02
 XYZ  0.1424574E+01 0.2028608E+01-0.2923580E-02 0.1426248E+01 0.2028608E+01-0.4167931E-02 0.1428209E+01 0.2028608E+01-0.5369759E-02
 XYZ  0.1430463E+01 0.2028607E+01-0.6514933E-02 0.1433022E+01 0.2028607E+01-0.7606709E-02 0.1435886E+01 0.2028607E+01-0.8654932E-02
 XYZ  0.1439050E+01 0.2028607E+01-0.9657757E-02 0.1442524E+01 0.2028607E+01-0.1062354E-01 0.1446293E+01 0.2028607E+01-0.1157320E-01
 XYZ  0.1450328E+01 0.2028607E+01-0.1249712E-01 0.1454637E+01 0.2028607E+01-0.1337220E-01 0.1459234E+01 0.2028607E+01-0.1421496E-01
 XYZ  0.1464099E+01 0.2028607E+01-0.1505096E-01 0.1469201E+01 0.2028606E+01-0.1587064E-01 0.1474530E+01 0.2028606E+01-0.1665982E-01
 XYZ  0.1480084E+01 0.2028606E+01-0.1740796E-01 0.1485864E+01 0.2028606E+01-0.1811393E-01 0.1491865E+01 0.2028606E+01-0.1879002E-01
 XYZ  0.1498065E+01 0.2028606E+01-0.1943654E-01 0.1504457E+01 0.2028606E+01-0.2004199E-01 0.1511041E+01 0.2028606E+01-0.2061512E-01
 XYZ  0.1517795E+01 0.2028606E+01-0.2116918E-01 0.1524690E+01 0.2028605E+01-0.2169227E-01 0.1531719E+01 0.2028605E+01-0.2216838E-01
 XYZ  0.1538877E+01 0.2028605E+01-0.2258886E-01 0.1546166E+01 0.2028605E+01-0.2295345E-01 0.1553581E+01 0.2028605E+01-0.2327552E-01
 XYZ  0.1561096E+01 0.2028605E+01-0.2356977E-01 0.1568677E+01 0.2028605E+01-0.2382443E-01 0.1576316E+01 0.2028605E+01-0.2401007E-01
 XYZ  0.1584025E+01 0.2028605E+01-0.2412368E-01 0.1591795E+01 0.2028605E+01-0.2418587E-01 0.1599596E+01 0.2028605E+01-0.2419809E-01
 XYZ  0.1607410E+01 0.2028605E+01-0.2414540E-01 0.1615230E+01 0.2028605E+01-0.2401946E-01 0.1623040E+01 0.2028605E+01-0.2381400E-01
 XYZ  0.1630829E+01 0.2028605E+01-0.2351344E-01 0.1638598E+01 0.2028605E+01-0.2309426E-01 0.1646369E+01 0.2028605E+01-0.2255912E-01
 XYZ  0.1654133E+01 0.2028605E+01-0.2192897E-01 0.1661869E+01 0.2028606E+01-0.2119510E-01 0.1669589E+01 0.2028606E+01-0.2033694E-01
 XYZ  0.1677317E+01 0.2028606E+01-0.1937071E-01 0.1685047E+01 0.2028606E+01-0.1833136E-01 0.1692755E+01 0.2028606E+01-0.1722234E-01
 XYZ  0.1700446E+01 0.2028606E+01-0.1603998E-01 0.1708130E+01 0.2028607E+01-0.1480123E-01 0.1715807E+01 0.2028607E+01-0.1354153E-01
 XYZ  0.1723448E+01 0.2028607E+01-0.1229215E-01 0.1731026E+01 0.2028607E+01-0.1104984E-01 0.1738553E+01 0.2028607E+01-0.9815411E-02
 XYZ  0.1746024E+01 0.2028607E+01-0.8645197E-02 0.1753379E+01 0.2028607E+01-0.7557572E-02 0.1760605E+01 0.2028607E+01-0.6525807E-02
 XYZ  0.1767713E+01 0.2028608E+01-0.5578232E-02 0.1774668E+01 0.2028608E+01-0.4744593E-02 0.1781448E+01 0.2028608E+01-0.4031576E-02
 XYZ  0.1788028E+01 0.2028608E+01-0.3463772E-02 0.1794373E+01 0.2028608E+01-0.3056769E-02 0.1800437E+01 0.2028608E+01-0.2821052E-02
 XYZ  0.1806184E+01 0.2028608E+01-0.2739959E-02 0.1811586E+01 0.2028608E+01-0.2834996E-02 0.1816554E+01 0.2028608E+01-0.3080926E-02
 XYZ  0.1821083E+01 0.2028608E+01-0.3392727E-02 0.1825188E+01 0.2028608E+01-0.3773076E-02 0.1828836E+01 0.2028608E+01-0.4195764E-02
 XYZ  0.1832037E+01 0.2028608E+01-0.4632293E-02 0.1834778E+01 0.2028608E+01-0.5071815E-02 0.1837055E+01 0.2028608E+01-0.5476660E-02
 XYZ  0.1838887E+01 0.2028608E+01-0.5820472E-02 0.1840292E+01 0.2028608E+01-0.6093073E-02 0.1841284E+01 0.2028608E+01-0.6291074E-02
 XYZ  0.1841874E+01 0.2028607E+01-0.6412199E-02
 LMN  279202818 0 0 0 0 0 0 0 0 0 0 0 0 0 0 0 0 0 0 0 0
 XYZ  0.1505401E+01 0.2149927E+01 0.4957572E-02 0.1505453E+01 0.2149927E+01 0.3511509E-02 0.1505735E+01 0.2149927E+01 0.2076036E-02
 XYZ  0.1506255E+01 0.2149927E+01 0.6750332E-03 0.1507029E+01 0.2149927E+01-0.6752639E-03 0.1508076E+01 0.2149927E+01-0.1968051E-02
 XYZ  0.1509412E+01 0.2149927E+01-0.3208924E-02 0.1511038E+01 0.2149927E+01-0.4412171E-02 0.1512942E+01 0.2149927E+01-0.5573632E-02
 XYZ  0.1515129E+01 0.2149927E+01-0.6679635E-02 0.1517613E+01 0.2149927E+01-0.7733323E-02 0.1520391E+01 0.2149927E+01-0.8744238E-02
 XYZ  0.1523461E+01 0.2149927E+01-0.9710588E-02 0.1526830E+01 0.2149926E+01-0.1064049E-01 0.1530486E+01 0.2149926E+01-0.1155425E-01
 XYZ  0.1534400E+01 0.2149926E+01-0.1244253E-01 0.1538578E+01 0.2149926E+01-0.1328297E-01 0.1543037E+01 0.2149926E+01-0.1409158E-01
 XYZ  0.1547755E+01 0.2149926E+01-0.1489318E-01 0.1552702E+01 0.2149926E+01-0.1567851E-01 0.1557870E+01 0.2149926E+01-0.1643384E-01
 XYZ  0.1563256E+01 0.2149926E+01-0.1714897E-01 0.1568861E+01 0.2149926E+01-0.1782282E-01 0.1574679E+01 0.2149926E+01-0.1846732E-01
 XYZ  0.1580691E+01 0.2149925E+01-0.1908279E-01 0.1586889E+01 0.2149925E+01-0.1965808E-01 0.1593273E+01 0.2149925E+01-0.2020173E-01
 XYZ  0.1599821E+01 0.2149925E+01-0.2072659E-01 0.1606507E+01 0.2149925E+01-0.2122113E-01 0.1613321E+01 0.2149925E+01-0.2166988E-01
 XYZ  0.1620261E+01 0.2149925E+01-0.2206445E-01 0.1627328E+01 0.2149925E+01-0.2240461E-01 0.1634517E+01 0.2149925E+01-0.2270336E-01
 XYZ  0.1641803E+01 0.2149925E+01-0.2297497E-01 0.1649153E+01 0.2149925E+01-0.2320804E-01 0.1656558E+01 0.2149925E+01-0.2337404E-01
 XYZ  0.1664032E+01 0.2149925E+01-0.2347012E-01 0.1671564E+01 0.2149925E+01-0.2351627E-01 0.1679126E+01 0.2149925E+01-0.2351390E-01
 XYZ  0.1686702E+01 0.2149925E+01-0.2344855E-01 0.1694282E+01 0.2149925E+01-0.2331216E-01 0.1701853E+01 0.2149925E+01-0.2309867E-01
 XYZ  0.1709403E+01 0.2149925E+01-0.2279297E-01 0.1716934E+01 0.2149925E+01-0.2237227E-01 0.1724466E+01 0.2149925E+01-0.2183917E-01
 XYZ  0.1731992E+01 0.2149925E+01-0.2121402E-01 0.1739490E+01 0.2149925E+01-0.2048828E-01 0.1746972E+01 0.2149925E+01-0.1964206E-01
 XYZ  0.1754463E+01 0.2149926E+01-0.1869115E-01 0.1761954E+01 0.2149926E+01-0.1766942E-01 0.1769425E+01 0.2149926E+01-0.1658016E-01
 XYZ  0.1776878E+01 0.2149926E+01-0.1541986E-01 0.1784325E+01 0.2149926E+01-0.1420500E-01 0.1791764E+01 0.2149926E+01-0.1296998E-01
 XYZ  0.1799169E+01 0.2149926E+01-0.1174509E-01 0.1806513E+01 0.2149927E+01-0.1052713E-01 0.1813807E+01 0.2149927E+01-0.9317027E-02
 XYZ  0.1821046E+01 0.2149927E+01-0.8169470E-02 0.1828173E+01 0.2149927E+01-0.7102129E-02 0.1835176E+01 0.2149927E+01-0.6089151E-02
 XYZ  0.1842063E+01 0.2149927E+01-0.5158156E-02 0.1848802E+01 0.2149927E+01-0.4337899E-02 0.1855371E+01 0.2149927E+01-0.3634926E-02
 XYZ  0.1861748E+01 0.2149927E+01-0.3073119E-02 0.1867896E+01 0.2149927E+01-0.2667613E-02 0.1873772E+01 0.2149927E+01-0.2428594E-02
 XYZ  0.1879341E+01 0.2149927E+01-0.2339971E-02 0.1884576E+01 0.2149927E+01-0.2422680E-02 0.1889390E+01 0.2149927E+01-0.2652249E-02
 XYZ  0.1893780E+01 0.2149927E+01-0.2946342E-02 0.1897758E+01 0.2149927E+01-0.3307646E-02 0.1901294E+01 0.2149927E+01-0.3710741E-02
 XYZ  0.1904396E+01 0.2149927E+01-0.4128043E-02 0.1907053E+01 0.2149927E+01-0.4549064E-02 0.1909261E+01 0.2149927E+01-0.4937292E-02
 XYZ  0.1911036E+01 0.2149927E+01-0.5267177E-02 0.1912399E+01 0.2149927E+01-0.5528823E-02 0.1913361E+01 0.2149927E+01-0.5718920E-02
 XYZ  0.1913932E+01 0.2149927E+01-0.5835245E-02
 LMN  279202819 0 0 0 0 0 0 0 0 0 0 0 0 0 0 0 0 0 0 0 0
 XYZ  0.1591664E+01 0.2273124E+01 0.4398841E-02 0.1591717E+01 0.2273124E+01 0.2999248E-02 0.1591993E+01 0.2273124E+01 0.1610381E-02
 XYZ  0.1592499E+01 0.2273124E+01 0.2551559E-03 0.1593252E+01 0.2273124E+01-0.1050412E-02 0.1594268E+01 0.2273124E+01-0.2299662E-02
 XYZ  0.1595564E+01 0.2273124E+01-0.3498150E-02 0.1597140E+01 0.2273124E+01-0.4659661E-02 0.1598985E+01 0.2273124E+01-0.5780137E-02
 XYZ  0.1601105E+01 0.2273124E+01-0.6846376E-02 0.1603511E+01 0.2273124E+01-0.7861400E-02 0.1606202E+01 0.2273124E+01-0.8834439E-02
 XYZ  0.1609176E+01 0.2273124E+01-0.9763766E-02 0.1612440E+01 0.2273124E+01-0.1065724E-01 0.1615980E+01 0.2273123E+01-0.1153455E-01
 XYZ  0.1619771E+01 0.2273123E+01-0.1238665E-01 0.1623817E+01 0.2273123E+01-0.1319192E-01 0.1628135E+01 0.2273123E+01-0.1396588E-01
 XYZ  0.1632703E+01 0.2273123E+01-0.1473254E-01 0.1637494E+01 0.2273123E+01-0.1548299E-01 0.1642498E+01 0.2273123E+01-0.1620397E-01
 XYZ  0.1647712E+01 0.2273123E+01-0.1688559E-01 0.1653139E+01 0.2273123E+01-0.1752683E-01 0.1658773E+01 0.2273123E+01-0.1813927E-01
 XYZ  0.1664593E+01 0.2273123E+01-0.1872321E-01 0.1670593E+01 0.2273123E+01-0.1926790E-01 0.1676774E+01 0.2273123E+01-0.1978162E-01
 XYZ  0.1683113E+01 0.2273123E+01-0.2027683E-01 0.1689586E+01 0.2273122E+01-0.2074240E-01 0.1696183E+01 0.2273122E+01-0.2116338E-01
 XYZ  0.1702901E+01 0.2273122E+01-0.2153167E-01 0.1709742E+01 0.2273122E+01-0.2184705E-01 0.1716701E+01 0.2273122E+01-0.2212214E-01
 XYZ  0.1723754E+01 0.2273122E+01-0.2237078E-01 0.1730869E+01 0.2273122E+01-0.2258193E-01 0.1738038E+01 0.2273122E+01-0.2272803E-01
 XYZ  0.1745272E+01 0.2273122E+01-0.2280634E-01 0.1752563E+01 0.2273122E+01-0.2283624E-01 0.1759883E+01 0.2273122E+01-0.2281907E-01
 XYZ  0.1767216E+01 0.2273122E+01-0.2274091E-01 0.1774552E+01 0.2273122E+01-0.2259395E-01 0.1781881E+01 0.2273122E+01-0.2237237E-01
 XYZ  0.1789188E+01 0.2273122E+01-0.2206152E-01 0.1796478E+01 0.2273122E+01-0.2163934E-01 0.1803767E+01 0.2273122E+01-0.2110841E-01
 XYZ  0.1811050E+01 0.2273123E+01-0.2048839E-01 0.1818307E+01 0.2273123E+01-0.1977100E-01 0.1825548E+01 0.2273123E+01-0.1893699E-01
 XYZ  0.1832797E+01 0.2273123E+01-0.1800171E-01 0.1840046E+01 0.2273123E+01-0.1699793E-01 0.1847276E+01 0.2273123E+01-0.1592879E-01
 XYZ  0.1854488E+01 0.2273123E+01-0.1479096E-01 0.1861694E+01 0.2273123E+01-0.1360038E-01 0.1868892E+01 0.2273123E+01-0.1239043E-01
 XYZ  0.1876057E+01 0.2273124E+01-0.1119039E-01 0.1883162E+01 0.2273124E+01-0.9997164E-02 0.1890220E+01 0.2273124E+01-0.8811725E-02
 XYZ  0.1897224E+01 0.2273124E+01-0.7687099E-02 0.1904120E+01 0.2273124E+01-0.6640294E-02 0.1910895E+01 0.2273124E+01-0.5646338E-02
 XYZ  0.1917559E+01 0.2273124E+01-0.4732088E-02 0.1924079E+01 0.2273124E+01-0.3925330E-02 0.1930435E+01 0.2273124E+01-0.3232460E-02
 XYZ  0.1936605E+01 0.2273124E+01-0.2676638E-02 0.1942554E+01 0.2273124E+01-0.2272550E-02 0.1948239E+01 0.2273124E+01-0.2030093E-02
 XYZ  0.1953628E+01 0.2273124E+01-0.1933753E-02 0.1958693E+01 0.2273124E+01-0.2003880E-02 0.1963352E+01 0.2273124E+01-0.2216812E-02
 XYZ  0.1967600E+01 0.2273124E+01-0.2492924E-02 0.1971450E+01 0.2273124E+01-0.2834890E-02 0.1974872E+01 0.2273124E+01-0.3218105E-02
 XYZ  0.1977875E+01 0.2273124E+01-0.3615901E-02 0.1980447E+01 0.2273124E+01-0.4018154E-02 0.1982584E+01 0.2273124E+01-0.4389529E-02
 XYZ  0.1984303E+01 0.2273124E+01-0.4705290E-02 0.1985621E+01 0.2273124E+01-0.4955825E-02 0.1986553E+01 0.2273124E+01-0.5137905E-02
 XYZ  0.1987106E+01 0.2273124E+01-0.5249359E-02
 LMN  279202820 0 0 0 0 0 0 0 0 0 0 0 0 0 0 0 0 0 0 0 0
 XYZ  0.1679730E+01 0.2398896E+01 0.3828795E-02 0.1679784E+01 0.2398896E+01 0.2476683E-02 0.1680054E+01 0.2398896E+01 0.1135429E-02
 XYZ  0.1680546E+01 0.2398896E+01-0.1730586E-03 0.1681276E+01 0.2398896E+01-0.1432965E-02 0.1682260E+01 0.2398896E+01-0.2637763E-02
 XYZ  0.1683515E+01 0.2398896E+01-0.3792984E-02 0.1685041E+01 0.2398896E+01-0.4911887E-02 0.1686826E+01 0.2398896E+01-0.5990527E-02
 XYZ  0.1688877E+01 0.2398896E+01-0.7016184E-02 0.1691204E+01 0.2398896E+01-0.7991745E-02 0.1693807E+01 0.2398896E+01-0.8926128E-02
 XYZ  0.1696682E+01 0.2398896E+01-0.9817669E-02 0.1699838E+01 0.2398896E+01-0.1067396E-01 0.1703260E+01 0.2398896E+01-0.1151405E-01
 XYZ  0.1706924E+01 0.2398896E+01-0.1232924E-01 0.1710836E+01 0.2398895E+01-0.1309862E-01 0.1715010E+01 0.2398895E+01-0.1383720E-01
 XYZ  0.1719425E+01 0.2398895E+01-0.1456820E-01 0.1724055E+01 0.2398895E+01-0.1528305E-01 0.1728892E+01 0.2398895E+01-0.1596895E-01
 XYZ  0.1733931E+01 0.2398895E+01-0.1661638E-01 0.1739177E+01 0.2398895E+01-0.1722436E-01 0.1744621E+01 0.2398895E+01-0.1780407E-01
 XYZ  0.1750246E+01 0.2398895E+01-0.1835584E-01 0.1756044E+01 0.2398895E+01-0.1886929E-01 0.1762018E+01 0.2398895E+01-0.1935246E-01
 XYZ  0.1768143E+01 0.2398895E+01-0.1981742E-01 0.1774398E+01 0.2398895E+01-0.2025343E-01 0.1780773E+01 0.2398895E+01-0.2064608E-01
 XYZ  0.1787266E+01 0.2398895E+01-0.2098755E-01 0.1793876E+01 0.2398895E+01-0.2127766E-01 0.1800600E+01 0.2398895E+01-0.2152860E-01
 XYZ  0.1807416E+01 0.2398895E+01-0.2175379E-01 0.1814290E+01 0.2398895E+01-0.2194261E-01 0.1821217E+01 0.2398895E+01-0.2206842E-01
 XYZ  0.1828207E+01 0.2398895E+01-0.2212862E-01 0.1835251E+01 0.2398895E+01-0.2214193E-01 0.1842324E+01 0.2398895E+01-0.2210970E-01
 XYZ  0.1849409E+01 0.2398895E+01-0.2201848E-01 0.1856497E+01 0.2398895E+01-0.2186078E-01 0.1863577E+01 0.2398895E+01-0.2163097E-01
 XYZ  0.1870637E+01 0.2398895E+01-0.2131492E-01 0.1877679E+01 0.2398895E+01-0.2089131E-01 0.1884722E+01 0.2398895E+01-0.2036264E-01
 XYZ  0.1891757E+01 0.2398895E+01-0.1974792E-01 0.1898767E+01 0.2398895E+01-0.1903913E-01 0.1905762E+01 0.2398895E+01-0.1821767E-01
 XYZ  0.1912764E+01 0.2398895E+01-0.1729840E-01 0.1919766E+01 0.2398895E+01-0.1631299E-01 0.1926749E+01 0.2398895E+01-0.1526445E-01
 XYZ  0.1933715E+01 0.2398895E+01-0.1414958E-01 0.1940674E+01 0.2398896E+01-0.1298383E-01 0.1947627E+01 0.2398896E+01-0.1179947E-01
 XYZ  0.1954547E+01 0.2398896E+01-0.1062479E-01 0.1961409E+01 0.2398896E+01-0.9456803E-02 0.1968225E+01 0.2398896E+01-0.8296520E-02
 XYZ  0.1974990E+01 0.2398896E+01-0.7195241E-02 0.1981650E+01 0.2398896E+01-0.6169350E-02 0.1988193E+01 0.2398896E+01-0.5194765E-02
 XYZ  0.1994629E+01 0.2398896E+01-0.4297537E-02 0.2000926E+01 0.2398896E+01-0.3504484E-02 0.2007065E+01 0.2398896E+01-0.2821847E-02
 XYZ  0.2013024E+01 0.2398896E+01-0.2272050E-02 0.2018769E+01 0.2398896E+01-0.1869327E-02 0.2024260E+01 0.2398896E+01-0.1623288E-02
 XYZ  0.2029465E+01 0.2398896E+01-0.1519012E-02 0.2034358E+01 0.2398896E+01-0.1576241E-02 0.2038858E+01 0.2398896E+01-0.1772170E-02
 XYZ  0.2042962E+01 0.2398896E+01-0.2029926E-02 0.2046682E+01 0.2398896E+01-0.2352151E-02 0.2049988E+01 0.2398896E+01-0.2715085E-02
 XYZ  0.2052889E+01 0.2398896E+01-0.3092981E-02 0.2055374E+01 0.2398896E+01-0.3476091E-02 0.2057439E+01 0.2398896E+01-0.3830279E-02
 XYZ  0.2059100E+01 0.2398896E+01-0.4131635E-02 0.2060374E+01 0.2398896E+01-0.4370837E-02 0.2061275E+01 0.2398896E+01-0.4544741E-02
 XYZ  0.2061809E+01 0.2398896E+01-0.4651226E-02
 LMN  279202821 0 0 0 0 0 0 0 0 0 0 0 0 0 0 0 0 0 0 0 0
 XYZ  0.1769494E+01 0.2527092E+01 0.3248064E-02 0.1769548E+01 0.2527092E+01 0.1944380E-02 0.1769812E+01 0.2527092E+01 0.6516848E-03
 XYZ  0.1770290E+01 0.2527092E+01-0.6091629E-03 0.1770996E+01 0.2527092E+01-0.1822529E-02 0.1771949E+01 0.2527092E+01-0.2982016E-02
 XYZ  0.1773162E+01 0.2527092E+01-0.4093137E-02 0.1774635E+01 0.2527092E+01-0.5168615E-02 0.1776360E+01 0.2527092E+01-0.6204618E-02
 XYZ  0.1778340E+01 0.2527092E+01-0.7188920E-02 0.1780586E+01 0.2527092E+01-0.8124267E-02 0.1783098E+01 0.2527092E+01-0.9019257E-02
 XYZ  0.1785874E+01 0.2527092E+01-0.9872295E-02 0.1788919E+01 0.2527092E+01-0.1069070E-01 0.1792221E+01 0.2527092E+01-0.1149285E-01
 XYZ  0.1795757E+01 0.2527092E+01-0.1227042E-01 0.1799531E+01 0.2527092E+01-0.1300324E-01 0.1803557E+01 0.2527092E+01-0.1370575E-01
 XYZ  0.1807817E+01 0.2527092E+01-0.1440041E-01 0.1812284E+01 0.2527092E+01-0.1507897E-01 0.1816950E+01 0.2527092E+01-0.1572915E-01
 XYZ  0.1821811E+01 0.2527092E+01-0.1634174E-01 0.1826870E+01 0.2527092E+01-0.1691581E-01 0.1832122E+01 0.2527092E+01-0.1746217E-01
 XYZ  0.1837547E+01 0.2527092E+01-0.1798116E-01 0.1843141E+01 0.2527092E+01-0.1846279E-01 0.1848902E+01 0.2527091E+01-0.1891483E-01
 XYZ  0.1854810E+01 0.2527091E+01-0.1934894E-01 0.1860843E+01 0.2527091E+01-0.1975484E-01 0.1866991E+01 0.2527091E+01-0.2011863E-01
 XYZ  0.1873253E+01 0.2527091E+01-0.2043280E-01 0.1879629E+01 0.2527091E+01-0.2069716E-01 0.1886114E+01 0.2527091E+01-0.2092350E-01
 XYZ  0.1892686E+01 0.2527091E+01-0.2112479E-01 0.1899316E+01 0.2527091E+01-0.2129085E-01 0.1905996E+01 0.2527091E+01-0.2139602E-01
 XYZ  0.1912737E+01 0.2527091E+01-0.2143778E-01 0.1919530E+01 0.2527091E+01-0.2143421E-01 0.1926351E+01 0.2527091E+01-0.2138663E-01
 XYZ  0.1933183E+01 0.2527091E+01-0.2128214E-01 0.1940018E+01 0.2527091E+01-0.2111352E-01 0.1946845E+01 0.2527091E+01-0.2087536E-01
 XYZ  0.1953652E+01 0.2527091E+01-0.2055406E-01 0.1960443E+01 0.2527091E+01-0.2012904E-01 0.1967233E+01 0.2527091E+01-0.1960273E-01
 XYZ  0.1974016E+01 0.2527091E+01-0.1899346E-01 0.1980775E+01 0.2527092E+01-0.1829349E-01 0.1987518E+01 0.2527092E+01-0.1748489E-01
 XYZ  0.1994268E+01 0.2527092E+01-0.1658199E-01 0.2001019E+01 0.2527092E+01-0.1561533E-01 0.2007750E+01 0.2527092E+01-0.1458783E-01
 XYZ  0.2014465E+01 0.2527092E+01-0.1349641E-01 0.2021174E+01 0.2527092E+01-0.1235598E-01 0.2027876E+01 0.2527092E+01-0.1119770E-01
 XYZ  0.2034546E+01 0.2527092E+01-0.1004886E-01 0.2041160E+01 0.2527092E+01-0.8906602E-02 0.2047731E+01 0.2527092E+01-0.7771936E-02
 XYZ  0.2054252E+01 0.2527092E+01-0.6694402E-02 0.2060671E+01 0.2527092E+01-0.5689784E-02 0.2066978E+01 0.2527092E+01-0.4734905E-02
 XYZ  0.2073181E+01 0.2527092E+01-0.3854964E-02 0.2079251E+01 0.2527092E+01-0.3075817E-02 0.2085169E+01 0.2527092E+01-0.2403542E-02
 XYZ  0.2090913E+01 0.2527092E+01-0.1859814E-02 0.2096452E+01 0.2527092E+01-0.1458413E-02 0.2101745E+01 0.2527092E+01-0.1208664E-02
 XYZ  0.2106763E+01 0.2527092E+01-0.1096250E-02 0.2111480E+01 0.2527092E+01-0.1140289E-02 0.2115819E+01 0.2527092E+01-0.1318871E-02
 XYZ  0.2119776E+01 0.2527092E+01-0.1557919E-02 0.2123363E+01 0.2527092E+01-0.1860024E-02 0.2126551E+01 0.2527092E+01-0.2202295E-02
 XYZ  0.2129349E+01 0.2527092E+01-0.2559922E-02 0.2131746E+01 0.2527092E+01-0.2923533E-02 0.2133737E+01 0.2527092E+01-0.3260218E-02
 XYZ  0.2135339E+01 0.2527092E+01-0.3546904E-02 0.2136568E+01 0.2527092E+01-0.3774564E-02 0.2137437E+01 0.2527092E+01-0.3940139E-02
 XYZ  0.2137952E+01 0.2527092E+01-0.4041563E-02
 LMN  279202822 0 0 0 0 0 0 0 0 0 0 0 0 0 0 0 0 0 0 0 0
 XYZ  0.1859852E+01 0.2656139E+01 0.2663730E-02 0.1859908E+01 0.2656139E+01 0.1408820E-02 0.1860165E+01 0.2656139E+01 0.1650298E-03
 XYZ  0.1860628E+01 0.2656139E+01-0.1047860E-02 0.1861312E+01 0.2656139E+01-0.2214379E-02 0.1862231E+01 0.2656139E+01-0.3328254E-02
 XYZ  0.1863402E+01 0.2656139E+01-0.4394985E-02 0.1864824E+01 0.2656139E+01-0.5426751E-02 0.1866486E+01 0.2656139E+01-0.6419839E-02
 XYZ  0.1868395E+01 0.2656139E+01-0.7362522E-02 0.1870561E+01 0.2656139E+01-0.8257395E-02 0.1872981E+01 0.2656139E+01-0.9112737E-02
 XYZ  0.1875656E+01 0.2656139E+01-0.9927026E-02 0.1878589E+01 0.2656138E+01-0.1070729E-01 0.1881771E+01 0.2656138E+01-0.1147126E-01
 XYZ  0.1885177E+01 0.2656138E+01-0.1221097E-01 0.1888812E+01 0.2656138E+01-0.1290699E-01 0.1892691E+01 0.2656138E+01-0.1357321E-01
 XYZ  0.1896793E+01 0.2656138E+01-0.1423128E-01 0.1901096E+01 0.2656138E+01-0.1487332E-01 0.1905590E+01 0.2656138E+01-0.1548754E-01
 XYZ  0.1910271E+01 0.2656138E+01-0.1606507E-01 0.1915144E+01 0.2656138E+01-0.1660503E-01 0.1920201E+01 0.2656138E+01-0.1711782E-01
 XYZ  0.1925426E+01 0.2656138E+01-0.1760382E-01 0.1930812E+01 0.2656138E+01-0.1805343E-01 0.1936360E+01 0.2656138E+01-0.1847413E-01
 XYZ  0.1942050E+01 0.2656138E+01-0.1887720E-01 0.1947859E+01 0.2656138E+01-0.1925279E-01 0.1953779E+01 0.2656138E+01-0.1958755E-01
 XYZ  0.1959809E+01 0.2656138E+01-0.1987424E-01 0.1965947E+01 0.2656138E+01-0.2011269E-01 0.1972192E+01 0.2656138E+01-0.2031427E-01
 XYZ  0.1978520E+01 0.2656138E+01-0.2049153E-01 0.1984904E+01 0.2656138E+01-0.2063470E-01 0.1991335E+01 0.2656138E+01-0.2071911E-01
 XYZ  0.1997825E+01 0.2656138E+01-0.2074232E-01 0.2004366E+01 0.2656138E+01-0.2072176E-01 0.2010932E+01 0.2656138E+01-0.2065877E-01
 XYZ  0.2017509E+01 0.2656138E+01-0.2054094E-01 0.2024090E+01 0.2656138E+01-0.2036135E-01 0.2030662E+01 0.2656138E+01-0.2011482E-01
 XYZ  0.2037215E+01 0.2656138E+01-0.1978827E-01 0.2043752E+01 0.2656138E+01-0.1936188E-01 0.2050288E+01 0.2656138E+01-0.1883799E-01
 XYZ  0.2056817E+01 0.2656138E+01-0.1823423E-01 0.2063323E+01 0.2656138E+01-0.1754319E-01 0.2069813E+01 0.2656138E+01-0.1674758E-01
 XYZ  0.2076310E+01 0.2656138E+01-0.1586120E-01 0.2082807E+01 0.2656138E+01-0.1491346E-01 0.2089285E+01 0.2656138E+01-0.1390716E-01
 XYZ  0.2095747E+01 0.2656138E+01-0.1283938E-01 0.2102204E+01 0.2656138E+01-0.1172446E-01 0.2108653E+01 0.2656138E+01-0.1059244E-01
 XYZ  0.2115072E+01 0.2656139E+01-0.9469604E-02 0.2121438E+01 0.2656139E+01-0.8353231E-02 0.2127760E+01 0.2656139E+01-0.7244333E-02
 XYZ  0.2134035E+01 0.2656139E+01-0.6190658E-02 0.2140213E+01 0.2656139E+01-0.5207417E-02 0.2146282E+01 0.2656139E+01-0.4272341E-02
 XYZ  0.2152252E+01 0.2656139E+01-0.3409750E-02 0.2158094E+01 0.2656139E+01-0.2644548E-02 0.2163789E+01 0.2656139E+01-0.1982648E-02
 XYZ  0.2169317E+01 0.2656139E+01-0.1444970E-02 0.2174647E+01 0.2656139E+01-0.1044840E-02 0.2179742E+01 0.2656139E+01-0.7913081E-03
 XYZ  0.2184572E+01 0.2656139E+01-0.6706618E-03 0.2189113E+01 0.2656139E+01-0.7013882E-03 0.2193289E+01 0.2656139E+01-0.8624953E-03
 XYZ  0.2197099E+01 0.2656139E+01-0.1082711E-02 0.2200552E+01 0.2656139E+01-0.1364564E-02 0.2203622E+01 0.2656139E+01-0.1686045E-02
 XYZ  0.2206316E+01 0.2656139E+01-0.2023279E-02 0.2208623E+01 0.2656139E+01-0.2367273E-02 0.2210541E+01 0.2656139E+01-0.2686351E-02
 XYZ  0.2212084E+01 0.2656139E+01-0.2958279E-02 0.2213268E+01 0.2656139E+01-0.3174329E-02 0.2214104E+01 0.2656139E+01-0.3331525E-02
 XYZ  0.2214600E+01 0.2656139E+01-0.3427859E-02
 LMN  279202823 0 0 0 0 0 0 0 0 0 0 0 0 0 0 0 0 0 0 0 0
 XYZ  0.1948066E+01 0.2782122E+01 0.2093464E-02 0.1948123E+01 0.2782122E+01 0.8861893E-03 0.1948373E+01 0.2782122E+01-0.3098391E-03
 XYZ  0.1948822E+01 0.2782122E+01-0.1475908E-02 0.1949483E+01 0.2782122E+01-0.2596695E-02 0.1950370E+01 0.2782122E+01-0.3666040E-02
 XYZ  0.1951500E+01 0.2782122E+01-0.4689436E-02 0.1952870E+01 0.2782122E+01-0.5678530E-02 0.1954473E+01 0.2782121E+01-0.6629725E-02
 XYZ  0.1956312E+01 0.2782121E+01-0.7531783E-02 0.1958398E+01 0.2782121E+01-0.8387151E-02 0.1960730E+01 0.2782121E+01-0.9203793E-02
 XYZ  0.1963305E+01 0.2782121E+01-0.9980260E-02 0.1966130E+01 0.2782121E+01-0.1072329E-01 0.1969194E+01 0.2782121E+01-0.1144999E-01
 XYZ  0.1972473E+01 0.2782121E+01-0.1215274E-01 0.1975973E+01 0.2782121E+01-0.1281285E-01 0.1979707E+01 0.2782121E+01-0.1344364E-01
 XYZ  0.1983657E+01 0.2782121E+01-0.1406599E-01 0.1987798E+01 0.2782121E+01-0.1467239E-01 0.1992124E+01 0.2782121E+01-0.1525150E-01
 XYZ  0.1996630E+01 0.2782121E+01-0.1579482E-01 0.2001321E+01 0.2782121E+01-0.1630147E-01 0.2006189E+01 0.2782121E+01-0.1678150E-01
 XYZ  0.2011217E+01 0.2782121E+01-0.1723530E-01 0.2016401E+01 0.2782121E+01-0.1765365E-01 0.2021741E+01 0.2782121E+01-0.1804376E-01
 XYZ  0.2027217E+01 0.2782121E+01-0.1841654E-01 0.2032807E+01 0.2782121E+01-0.1876255E-01 0.2038505E+01 0.2782121E+01-0.1906897E-01
 XYZ  0.2044308E+01 0.2782121E+01-0.1932885E-01 0.2050215E+01 0.2782121E+01-0.1954203E-01 0.2056225E+01 0.2782121E+01-0.1971945E-01
 XYZ  0.2062315E+01 0.2782121E+01-0.1987323E-01 0.2068457E+01 0.2782121E+01-0.1999407E-01 0.2074646E+01 0.2782121E+01-0.2005823E-01
 XYZ  0.2080891E+01 0.2782121E+01-0.2006335E-01 0.2087185E+01 0.2782121E+01-0.2002623E-01 0.2093503E+01 0.2782121E+01-0.1994819E-01
 XYZ  0.2099832E+01 0.2782121E+01-0.1981735E-01 0.2106164E+01 0.2782121E+01-0.1962707E-01 0.2112488E+01 0.2782121E+01-0.1937239E-01
 XYZ  0.2118792E+01 0.2782121E+01-0.1904075E-01 0.2125081E+01 0.2782121E+01-0.1861307E-01 0.2131369E+01 0.2782121E+01-0.1809156E-01
 XYZ  0.2137651E+01 0.2782121E+01-0.1749323E-01 0.2143909E+01 0.2782121E+01-0.1681094E-01 0.2150152E+01 0.2782121E+01-0.1602806E-01
 XYZ  0.2156402E+01 0.2782121E+01-0.1515783E-01 0.2162651E+01 0.2782121E+01-0.1422858E-01 0.2168882E+01 0.2782121E+01-0.1324302E-01
 XYZ  0.2175098E+01 0.2782121E+01-0.1219834E-01 0.2181308E+01 0.2782121E+01-0.1110833E-01 0.2187511E+01 0.2782121E+01-0.1000193E-01
 XYZ  0.2193685E+01 0.2782121E+01-0.8904481E-02 0.2199806E+01 0.2782121E+01-0.7813378E-02 0.2205887E+01 0.2782121E+01-0.6729621E-02
 XYZ  0.2211923E+01 0.2782122E+01-0.5699202E-02 0.2217864E+01 0.2782122E+01-0.4736803E-02 0.2223702E+01 0.2782122E+01-0.3821033E-02
 XYZ  0.2229444E+01 0.2782122E+01-0.2975338E-02 0.2235062E+01 0.2782122E+01-0.2223709E-02 0.2240540E+01 0.2782122E+01-0.1571892E-02
 XYZ  0.2245857E+01 0.2782122E+01-0.1040072E-02 0.2250985E+01 0.2782122E+01-0.6411389E-03 0.2255886E+01 0.2782122E+01-0.3838737E-03
 XYZ  0.2260533E+01 0.2782122E+01-0.2551587E-03 0.2264901E+01 0.2782122E+01-0.2728597E-03 0.2268920E+01 0.2782122E+01-0.4168967E-03
 XYZ  0.2272585E+01 0.2782122E+01-0.6187287E-03 0.2275908E+01 0.2782122E+01-0.8808106E-03 0.2278862E+01 0.2782122E+01-0.1182002E-02
 XYZ  0.2281455E+01 0.2782122E+01-0.1499336E-02 0.2283676E+01 0.2782122E+01-0.1824188E-02 0.2285521E+01 0.2782122E+01-0.2126088E-02
 XYZ  0.2287006E+01 0.2782122E+01-0.2383617E-02 0.2288146E+01 0.2782122E+01-0.2588337E-02 0.2288951E+01 0.2782122E+01-0.2737358E-02
 XYZ  0.2289429E+01 0.2782122E+01-0.2828724E-02
 LMN  279202824 0 0 0 0 0 0 0 0 0 0 0 0 0 0 0 0 0 0 0 0
 XYZ  0.2029552E+01 0.2898497E+01 0.1566827E-02 0.2029610E+01 0.2898497E+01 0.4035685E-03 0.2029854E+01 0.2898497E+01-0.7483265E-03
 XYZ  0.2030290E+01 0.2898497E+01-0.1871144E-02 0.2030930E+01 0.2898497E+01-0.2949688E-02 0.2031788E+01 0.2898497E+01-0.3977898E-02
 XYZ  0.2032879E+01 0.2898497E+01-0.4961266E-02 0.2034203E+01 0.2898497E+01-0.5910944E-02 0.2035750E+01 0.2898497E+01-0.6823445E-02
 XYZ  0.2037525E+01 0.2898497E+01-0.7687982E-02 0.2039537E+01 0.2898497E+01-0.8506861E-02 0.2041787E+01 0.2898497E+01-0.9287758E-02
 XYZ  0.2044271E+01 0.2898497E+01-0.1002929E-01 0.2046995E+01 0.2898497E+01-0.1073794E-01 0.2049949E+01 0.2898497E+01-0.1143021E-01
 XYZ  0.2053112E+01 0.2898497E+01-0.1209883E-01 0.2056487E+01 0.2898497E+01-0.1272577E-01 0.2060087E+01 0.2898497E+01-0.1332383E-01
 XYZ  0.2063895E+01 0.2898497E+01-0.1391318E-01 0.2067888E+01 0.2898497E+01-0.1448666E-01 0.2072059E+01 0.2898497E+01-0.1503335E-01
 XYZ  0.2076403E+01 0.2898497E+01-0.1554507E-01 0.2080925E+01 0.2898497E+01-0.1602096E-01 0.2085617E+01 0.2898497E+01-0.1647073E-01
 XYZ  0.2090465E+01 0.2898497E+01-0.1689479E-01 0.2095462E+01 0.2898497E+01-0.1728428E-01 0.2100609E+01 0.2898497E+01-0.1764614E-01
 XYZ  0.2105888E+01 0.2898497E+01-0.1799094E-01 0.2111277E+01 0.2898497E+01-0.1830962E-01 0.2116769E+01 0.2898496E+01-0.1858988E-01
 XYZ  0.2122362E+01 0.2898496E+01-0.1882500E-01 0.2128056E+01 0.2898496E+01-0.1901483E-01 0.2133848E+01 0.2898496E+01-0.1916993E-01
 XYZ  0.2139717E+01 0.2898496E+01-0.1930205E-01 0.2145638E+01 0.2898496E+01-0.1940227E-01 0.2151603E+01 0.2898496E+01-0.1944773E-01
 XYZ  0.2157621E+01 0.2898496E+01-0.1943615E-01 0.2163687E+01 0.2898496E+01-0.1938373E-01 0.2169776E+01 0.2898496E+01-0.1929181E-01
 XYZ  0.2175875E+01 0.2898496E+01-0.1914897E-01 0.2181977E+01 0.2898496E+01-0.1894883E-01 0.2188071E+01 0.2898496E+01-0.1868664E-01
 XYZ  0.2194147E+01 0.2898497E+01-0.1835032E-01 0.2200206E+01 0.2898497E+01-0.1792147E-01 0.2206266E+01 0.2898497E+01-0.1740219E-01
 XYZ  0.2212318E+01 0.2898497E+01-0.1680888E-01 0.2218348E+01 0.2898497E+01-0.1613471E-01 0.2224363E+01 0.2898497E+01-0.1536362E-01
 XYZ  0.2230384E+01 0.2898497E+01-0.1450833E-01 0.2236404E+01 0.2898497E+01-0.1359617E-01 0.2242407E+01 0.2898497E+01-0.1262978E-01
 XYZ  0.2248395E+01 0.2898497E+01-0.1160646E-01 0.2254377E+01 0.2898497E+01-0.1053948E-01 0.2260353E+01 0.2898497E+01-0.9456753E-02
 XYZ  0.2266300E+01 0.2898497E+01-0.8382740E-02 0.2272197E+01 0.2898497E+01-0.7314976E-02 0.2278055E+01 0.2898497E+01-0.6254431E-02
 XYZ  0.2283869E+01 0.2898497E+01-0.5245468E-02 0.2289592E+01 0.2898497E+01-0.4302299E-02 0.2295216E+01 0.2898497E+01-0.3404343E-02
 XYZ  0.2300747E+01 0.2898497E+01-0.2574226E-02 0.2306160E+01 0.2898497E+01-0.1835102E-02 0.2311437E+01 0.2898497E+01-0.1192566E-02
 XYZ  0.2316560E+01 0.2898497E+01-0.6661239E-03 0.2321500E+01 0.2898497E+01-0.2682615E-03 0.2326223E+01 0.2898497E+01-0.7519558E-05
 XYZ  0.2330700E+01 0.2898497E+01 0.1286722E-03 0.2334909E+01 0.2898497E+01 0.1230241E-03 0.2338782E+01 0.2898497E+01-0.5236985E-05
 XYZ  0.2342315E+01 0.2898497E+01-0.1900875E-03 0.2345517E+01 0.2898497E+01-0.4339074E-03 0.2348364E+01 0.2898497E+01-0.7163620E-03
 XYZ  0.2350864E+01 0.2898497E+01-0.1015319E-02 0.2353005E+01 0.2898497E+01-0.1322496E-02 0.2354784E+01 0.2898497E+01-0.1608535E-02
 XYZ  0.2356215E+01 0.2898497E+01-0.1852769E-02 0.2357314E+01 0.2898497E+01-0.2047029E-02 0.2358090E+01 0.2898497E+01-0.2188501E-02
 XYZ  0.2358551E+01 0.2898497E+01-0.2275279E-02
 LMN  279202825 0 0 0 0 0 0 0 0 0 0 0 0 0 0 0 0 0 0 0 0
 XYZ  0.2099628E+01 0.2998576E+01 0.1114032E-02 0.2099686E+01 0.2998576E+01-0.1136747E-04 0.2099925E+01 0.2998576E+01-0.1125300E-02
 XYZ  0.2100350E+01 0.2998576E+01-0.2210921E-02 0.2100971E+01 0.2998576E+01-0.3253141E-02 0.2101804E+01 0.2998576E+01-0.4245977E-02
 XYZ  0.2102862E+01 0.2998576E+01-0.5194923E-02 0.2104145E+01 0.2998576E+01-0.6110707E-02 0.2105644E+01 0.2998576E+01-0.6989934E-02
 XYZ  0.2107364E+01 0.2998576E+01-0.7822209E-02 0.2109313E+01 0.2998576E+01-0.8609712E-02 0.2111492E+01 0.2998576E+01-0.9359874E-02
 XYZ  0.2113897E+01 0.2998576E+01-0.1007137E-01 0.2116536E+01 0.2998575E+01-0.1075045E-01 0.2119396E+01 0.2998575E+01-0.1141311E-01
 XYZ  0.2122458E+01 0.2998575E+01-0.1205239E-01 0.2125725E+01 0.2998575E+01-0.1265081E-01 0.2129210E+01 0.2998575E+01-0.1322072E-01
 XYZ  0.2132896E+01 0.2998575E+01-0.1378170E-01 0.2136762E+01 0.2998575E+01-0.1432687E-01 0.2140799E+01 0.2998575E+01-0.1484568E-01
 XYZ  0.2145004E+01 0.2998575E+01-0.1533023E-01 0.2149380E+01 0.2998575E+01-0.1577968E-01 0.2153922E+01 0.2998575E+01-0.1620342E-01
 XYZ  0.2158614E+01 0.2998575E+01-0.1660191E-01 0.2163451E+01 0.2998575E+01-0.1696659E-01 0.2168432E+01 0.2998575E+01-0.1730415E-01
 XYZ  0.2173541E+01 0.2998575E+01-0.1762488E-01 0.2178757E+01 0.2998575E+01-0.1792008E-01 0.2184072E+01 0.2998575E+01-0.1817784E-01
 XYZ  0.2189484E+01 0.2998575E+01-0.1839167E-01 0.2194995E+01 0.2998575E+01-0.1856143E-01 0.2200600E+01 0.2998575E+01-0.1869735E-01
 XYZ  0.2206280E+01 0.2998575E+01-0.1881083E-01 0.2212009E+01 0.2998575E+01-0.1889332E-01 0.2217781E+01 0.2998575E+01-0.1892272E-01
 XYZ  0.2223606E+01 0.2998575E+01-0.1889678E-01 0.2229475E+01 0.2998575E+01-0.1883122E-01 0.2235367E+01 0.2998575E+01-0.1872737E-01
 XYZ  0.2241269E+01 0.2998575E+01-0.1857421E-01 0.2247173E+01 0.2998575E+01-0.1836560E-01 0.2253069E+01 0.2998575E+01-0.1809696E-01
 XYZ  0.2258948E+01 0.2998575E+01-0.1775663E-01 0.2264810E+01 0.2998575E+01-0.1732679E-01 0.2270673E+01 0.2998575E+01-0.1680944E-01
 XYZ  0.2276528E+01 0.2998575E+01-0.1622047E-01 0.2282361E+01 0.2998575E+01-0.1555330E-01 0.2288180E+01 0.2998575E+01-0.1479236E-01
 XYZ  0.2294005E+01 0.2998575E+01-0.1394994E-01 0.2299828E+01 0.2998575E+01-0.1305249E-01 0.2305635E+01 0.2998575E+01-0.1210260E-01
 XYZ  0.2311427E+01 0.2998575E+01-0.1109765E-01 0.2317213E+01 0.2998576E+01-0.1005048E-01 0.2322993E+01 0.2998576E+01-0.8988111E-02
 XYZ  0.2328745E+01 0.2998576E+01-0.7934250E-02 0.2334449E+01 0.2998576E+01-0.6886555E-02 0.2340115E+01 0.2998576E+01-0.5845963E-02
 XYZ  0.2345739E+01 0.2998576E+01-0.4855434E-02 0.2351275E+01 0.2998576E+01-0.3928789E-02 0.2356714E+01 0.2998576E+01-0.3046139E-02
 XYZ  0.2362065E+01 0.2998576E+01-0.2229396E-02 0.2367300E+01 0.2998576E+01-0.1501007E-02 0.2372405E+01 0.2998576E+01-0.8664307E-03
 XYZ  0.2377361E+01 0.2998576E+01-0.3445894E-03 0.2382140E+01 0.2998576E+01 0.5237426E-04 0.2386709E+01 0.2998576E+01 0.3161250E-03
 XYZ  0.2391040E+01 0.2998576E+01 0.4587620E-03 0.2395113E+01 0.2998576E+01 0.4634925E-03 0.2398861E+01 0.2998576E+01 0.3488028E-03
 XYZ  0.2402279E+01 0.2998576E+01 0.1785555E-03 0.2405378E+01 0.2998576E+01-0.4956049E-04 0.2408134E+01 0.2998576E+01-0.3159056E-03
 XYZ  0.2410552E+01 0.2998576E+01-0.5990639E-03 0.2412625E+01 0.2998576E+01-0.8910451E-03 0.2414347E+01 0.2998576E+01-0.1163449E-02
 XYZ  0.2415733E+01 0.2998576E+01-0.1396254E-02 0.2416796E+01 0.2998576E+01-0.1581521E-02 0.2417547E+01 0.2998576E+01-0.1716504E-02
 XYZ  0.2417993E+01 0.2998576E+01-0.1799338E-02
 LMN  279202826 0 0 0 0 0 0 0 0 0 0 0 0 0 0 0 0 0 0 0 0
 XYZ  0.2156725E+01 0.3080120E+01 0.7451494E-03 0.2156784E+01 0.3080120E+01-0.3493978E-03 0.2157019E+01 0.3080120E+01-0.1432394E-02
 XYZ  0.2157435E+01 0.3080120E+01-0.2487707E-02 0.2158041E+01 0.3080120E+01-0.3500331E-02 0.2158853E+01 0.3080120E+01-0.4464345E-02
 XYZ  0.2159884E+01 0.3080120E+01-0.5385244E-02 0.2161134E+01 0.3080120E+01-0.6273413E-02 0.2162594E+01 0.3080119E+01-0.7125530E-02
 XYZ  0.2164269E+01 0.3080119E+01-0.7931519E-02 0.2166167E+01 0.3080119E+01-0.8693460E-02 0.2168288E+01 0.3080119E+01-0.9418581E-02
 XYZ  0.2170629E+01 0.3080119E+01-0.1010561E-01 0.2173197E+01 0.3080119E+01-0.1076059E-01 0.2175981E+01 0.3080119E+01-0.1139913E-01
 XYZ  0.2178960E+01 0.3080119E+01-0.1201450E-01 0.2182140E+01 0.3080119E+01-0.1258969E-01 0.2185531E+01 0.3080119E+01-0.1313667E-01
 XYZ  0.2189118E+01 0.3080119E+01-0.1367453E-01 0.2192880E+01 0.3080119E+01-0.1419664E-01 0.2196808E+01 0.3080119E+01-0.1469274E-01
 XYZ  0.2200900E+01 0.3080119E+01-0.1515515E-01 0.2205158E+01 0.3080119E+01-0.1558305E-01 0.2209577E+01 0.3080119E+01-0.1598559E-01
 XYZ  0.2214142E+01 0.3080119E+01-0.1636324E-01 0.2218848E+01 0.3080119E+01-0.1670770E-01 0.2223694E+01 0.3080119E+01-0.1702547E-01
 XYZ  0.2228664E+01 0.3080119E+01-0.1732660E-01 0.2233739E+01 0.3080119E+01-0.1760266E-01 0.2238910E+01 0.3080119E+01-0.1784209E-01
 XYZ  0.2244175E+01 0.3080119E+01-0.1803858E-01 0.2249536E+01 0.3080119E+01-0.1819200E-01 0.2254989E+01 0.3080119E+01-0.1831228E-01
 XYZ  0.2260515E+01 0.3080119E+01-0.1841058E-01 0.2266088E+01 0.3080119E+01-0.1847863E-01 0.2271703E+01 0.3080119E+01-0.1849495E-01
 XYZ  0.2277369E+01 0.3080119E+01-0.1845731E-01 0.2283078E+01 0.3080119E+01-0.1838103E-01 0.2288810E+01 0.3080119E+01-0.1826747E-01
 XYZ  0.2294550E+01 0.3080119E+01-0.1810592E-01 0.2300293E+01 0.3080119E+01-0.1789041E-01 0.2306029E+01 0.3080119E+01-0.1761653E-01
 XYZ  0.2311747E+01 0.3080119E+01-0.1727293E-01 0.2317449E+01 0.3080119E+01-0.1684229E-01 0.2323151E+01 0.3080119E+01-0.1632653E-01
 XYZ  0.2328845E+01 0.3080119E+01-0.1574110E-01 0.2334519E+01 0.3080119E+01-0.1507964E-01 0.2340178E+01 0.3080119E+01-0.1432699E-01
 XYZ  0.2345842E+01 0.3080119E+01-0.1349506E-01 0.2351505E+01 0.3080119E+01-0.1260960E-01 0.2357152E+01 0.3080119E+01-0.1167316E-01
 XYZ  0.2362784E+01 0.3080119E+01-0.1068319E-01 0.2368411E+01 0.3080119E+01-0.9652167E-02 0.2374031E+01 0.3080119E+01-0.8606380E-02
 XYZ  0.2379625E+01 0.3080119E+01-0.7568936E-02 0.2385172E+01 0.3080119E+01-0.6537592E-02 0.2390681E+01 0.3080120E+01-0.5513252E-02
 XYZ  0.2396150E+01 0.3080120E+01-0.4537733E-02 0.2401533E+01 0.3080120E+01-0.3624541E-02 0.2406822E+01 0.3080120E+01-0.2754354E-02
 XYZ  0.2412026E+01 0.3080120E+01-0.1948498E-02 0.2417117E+01 0.3080120E+01-0.1228843E-02 0.2422081E+01 0.3080120E+01-0.6007381E-03
 XYZ  0.2426901E+01 0.3080120E+01-0.8263164E-04 0.2431549E+01 0.3080120E+01 0.3136131E-03 0.2435992E+01 0.3080120E+01 0.5798266E-03
 XYZ  0.2440206E+01 0.3080120E+01 0.7277244E-03 0.2444167E+01 0.3080120E+01 0.7409196E-03 0.2447813E+01 0.3080120E+01 0.6372908E-03
 XYZ  0.2451138E+01 0.3080120E+01 0.4789419E-03 0.2454153E+01 0.3080120E+01 0.2636211E-03 0.2456834E+01 0.3080120E+01 0.1039976E-04
 XYZ  0.2459187E+01 0.3080120E+01-0.2598882E-03 0.2461203E+01 0.3080120E+01-0.5394910E-03 0.2462879E+01 0.3080120E+01-0.8007880E-03
 XYZ  0.2464227E+01 0.3080120E+01-0.1024283E-02 0.2465262E+01 0.3080120E+01-0.1202225E-02 0.2465993E+01 0.3080120E+01-0.1331921E-02
 XYZ  0.2466427E+01 0.3080120E+01-0.1411543E-02
 LMN  279202827 0 0 0 0 0 0 0 0 0 0 0 0 0 0 0 0 0 0 0 0
 XYZ  0.2203108E+01 0.3146362E+01 0.4455171E-03 0.2203168E+01 0.3146362E+01-0.6239650E-03 0.2203400E+01 0.3146362E+01-0.1681826E-02
 XYZ  0.2203808E+01 0.3146362E+01-0.2712518E-02 0.2204402E+01 0.3146362E+01-0.3701100E-02 0.2205197E+01 0.3146362E+01-0.4641701E-02
 XYZ  0.2206207E+01 0.3146362E+01-0.5539817E-02 0.2207430E+01 0.3146362E+01-0.6405552E-02 0.2208858E+01 0.3146362E+01-0.7235648E-02
 XYZ  0.2210496E+01 0.3146362E+01-0.8020285E-02 0.2212352E+01 0.3146362E+01-0.8761462E-02 0.2214426E+01 0.3146362E+01-0.9466242E-02
 XYZ  0.2216715E+01 0.3146362E+01-0.1013339E-01 0.2219226E+01 0.3146362E+01-0.1076881E-01 0.2221948E+01 0.3146362E+01-0.1138775E-01
 XYZ  0.2224861E+01 0.3146362E+01-0.1198369E-01 0.2227969E+01 0.3146362E+01-0.1254001E-01 0.2231284E+01 0.3146362E+01-0.1306837E-01
 XYZ  0.2234791E+01 0.3146362E+01-0.1358745E-01 0.2238467E+01 0.3146362E+01-0.1409082E-01 0.2242307E+01 0.3146362E+01-0.1456847E-01
 XYZ  0.2246307E+01 0.3146362E+01-0.1501290E-01 0.2250469E+01 0.3146362E+01-0.1542330E-01 0.2254788E+01 0.3146362E+01-0.1580861E-01
 XYZ  0.2259250E+01 0.3146362E+01-0.1616935E-01 0.2263849E+01 0.3146362E+01-0.1649738E-01 0.2268586E+01 0.3146362E+01-0.1679907E-01
 XYZ  0.2273444E+01 0.3146362E+01-0.1708427E-01 0.2278403E+01 0.3146362E+01-0.1734479E-01 0.2283457E+01 0.3146362E+01-0.1756933E-01
 XYZ  0.2288604E+01 0.3146362E+01-0.1775174E-01 0.2293843E+01 0.3146362E+01-0.1789188E-01 0.2299172E+01 0.3146362E+01-0.1799947E-01
 XYZ  0.2304572E+01 0.3146362E+01-0.1808543E-01 0.2310019E+01 0.3146362E+01-0.1814175E-01 0.2315507E+01 0.3146362E+01-0.1814744E-01
 XYZ  0.2321044E+01 0.3146362E+01-0.1810031E-01 0.2326623E+01 0.3146362E+01-0.1801533E-01 0.2332224E+01 0.3146362E+01-0.1789387E-01
 XYZ  0.2337834E+01 0.3146362E+01-0.1772550E-01 0.2343446E+01 0.3146362E+01-0.1750440E-01 0.2349051E+01 0.3146362E+01-0.1722626E-01
 XYZ  0.2354638E+01 0.3146362E+01-0.1688002E-01 0.2360210E+01 0.3146362E+01-0.1644874E-01 0.2365781E+01 0.3146362E+01-0.1593426E-01
 XYZ  0.2371346E+01 0.3146362E+01-0.1535173E-01 0.2376889E+01 0.3146362E+01-0.1469491E-01 0.2382418E+01 0.3146362E+01-0.1394899E-01
 XYZ  0.2387952E+01 0.3146362E+01-0.1312560E-01 0.2393485E+01 0.3146362E+01-0.1224988E-01 0.2399002E+01 0.3146362E+01-0.1132437E-01
 XYZ  0.2404505E+01 0.3146362E+01-0.1034657E-01 0.2410002E+01 0.3146362E+01-0.9328664E-02 0.2415492E+01 0.3146362E+01-0.8296349E-02
 XYZ  0.2420957E+01 0.3146362E+01-0.7272240E-02 0.2426376E+01 0.3146362E+01-0.6254176E-02 0.2431759E+01 0.3146362E+01-0.5243036E-02
 XYZ  0.2437101E+01 0.3146362E+01-0.4279704E-02 0.2442360E+01 0.3146362E+01-0.3377436E-02 0.2447528E+01 0.3146362E+01-0.2517369E-02
 XYZ  0.2452611E+01 0.3146362E+01-0.1720348E-02 0.2457586E+01 0.3146362E+01-0.1007780E-02 0.2462436E+01 0.3146362E+01-0.3849256E-03
 XYZ  0.2467145E+01 0.3146362E+01 0.1301552E-03 0.2471687E+01 0.3146362E+01 0.5258239E-03 0.2476028E+01 0.3146362E+01 0.7940449E-03
 XYZ  0.2480145E+01 0.3146362E+01 0.9462220E-03 0.2484017E+01 0.3146362E+01 0.9662984E-03 0.2487579E+01 0.3146362E+01 0.8716566E-03
 XYZ  0.2490829E+01 0.3146362E+01 0.7229733E-03 0.2493775E+01 0.3146362E+01 0.5180465E-03 0.2496395E+01 0.3146362E+01 0.2754851E-03
 XYZ  0.2498695E+01 0.3146362E+01 0.1565081E-04 0.2500666E+01 0.3146362E+01-0.2538979E-03 0.2502304E+01 0.3146362E+01-0.5061740E-03
 XYZ  0.2503622E+01 0.3146362E+01-0.7221070E-03 0.2504633E+01 0.3146362E+01-0.8940999E-03 0.2505348E+01 0.3146362E+01-0.1019502E-02
 XYZ  0.2505772E+01 0.3146362E+01-0.1096514E-02
 LMN  279202828 0 0 0 0 0 0 0 0 0 0 0 0 0 0 0 0 0 0 0 0
 XYZ  0.2242672E+01 0.3202866E+01 0.1899612E-03 0.2242732E+01 0.3202866E+01-0.8581400E-03 0.2242961E+01 0.3202866E+01-0.1894559E-02
 XYZ  0.2243362E+01 0.3202866E+01-0.2904249E-02 0.2243946E+01 0.3202866E+01-0.3872326E-02 0.2244727E+01 0.3202866E+01-0.4792956E-02
 XYZ  0.2245718E+01 0.3202866E+01-0.5671640E-02 0.2246918E+01 0.3202865E+01-0.6518240E-02 0.2248320E+01 0.3202865E+01-0.7329553E-02
 XYZ  0.2249926E+01 0.3202865E+01-0.8095979E-02 0.2251747E+01 0.3202865E+01-0.8819446E-02 0.2253780E+01 0.3202865E+01-0.9506876E-02
 XYZ  0.2256025E+01 0.3202865E+01-0.1015707E-01 0.2258487E+01 0.3202865E+01-0.1077580E-01 0.2261156E+01 0.3202865E+01-0.1137802E-01
 XYZ  0.2264012E+01 0.3202865E+01-0.1195740E-01 0.2267059E+01 0.3202865E+01-0.1249762E-01 0.2270310E+01 0.3202865E+01-0.1301009E-01
 XYZ  0.2273747E+01 0.3202865E+01-0.1351316E-01 0.2277352E+01 0.3202865E+01-0.1400054E-01 0.2281116E+01 0.3202865E+01-0.1446246E-01
 XYZ  0.2285037E+01 0.3202865E+01-0.1489155E-01 0.2289117E+01 0.3202865E+01-0.1528702E-01 0.2293352E+01 0.3202865E+01-0.1565765E-01
 XYZ  0.2297726E+01 0.3202865E+01-0.1600395E-01 0.2302234E+01 0.3202865E+01-0.1631798E-01 0.2306878E+01 0.3202865E+01-0.1660596E-01
 XYZ  0.2311640E+01 0.3202865E+01-0.1687757E-01 0.2316501E+01 0.3202865E+01-0.1712483E-01 0.2321455E+01 0.3202865E+01-0.1733667E-01
 XYZ  0.2326500E+01 0.3202865E+01-0.1750707E-01 0.2331635E+01 0.3202865E+01-0.1763588E-01 0.2336859E+01 0.3202865E+01-0.1773264E-01
 XYZ  0.2342152E+01 0.3202865E+01-0.1780809E-01 0.2347491E+01 0.3202865E+01-0.1785441E-01 0.2352870E+01 0.3202865E+01-0.1785103E-01
 XYZ  0.2358297E+01 0.3202865E+01-0.1779581E-01 0.2363765E+01 0.3202865E+01-0.1770341E-01 0.2369255E+01 0.3202865E+01-0.1757522E-01
 XYZ  0.2374753E+01 0.3202865E+01-0.1740103E-01 0.2380254E+01 0.3202865E+01-0.1717516E-01 0.2385747E+01 0.3202865E+01-0.1689338E-01
 XYZ  0.2391223E+01 0.3202865E+01-0.1654489E-01 0.2396684E+01 0.3202865E+01-0.1611307E-01 0.2402144E+01 0.3202865E+01-0.1559970E-01
 XYZ  0.2407597E+01 0.3202865E+01-0.1501963E-01 0.2413029E+01 0.3202865E+01-0.1436678E-01 0.2418447E+01 0.3202865E+01-0.1362661E-01
 XYZ  0.2423870E+01 0.3202865E+01-0.1281049E-01 0.2429292E+01 0.3202865E+01-0.1194309E-01 0.2434698E+01 0.3202865E+01-0.1102691E-01
 XYZ  0.2440090E+01 0.3202865E+01-0.1005949E-01 0.2445477E+01 0.3202865E+01-0.9052773E-02 0.2450857E+01 0.3202865E+01-0.8031948E-02
 XYZ  0.2456212E+01 0.3202865E+01-0.7019213E-02 0.2461522E+01 0.3202866E+01-0.6012477E-02 0.2466796E+01 0.3202866E+01-0.5012594E-02
 XYZ  0.2472031E+01 0.3202866E+01-0.4059652E-02 0.2477184E+01 0.3202866E+01-0.3166699E-02 0.2482248E+01 0.3202866E+01-0.2315259E-02
 XYZ  0.2487229E+01 0.3202866E+01-0.1525770E-02 0.2492104E+01 0.3202866E+01-0.8192430E-03 0.2496857E+01 0.3202866E+01-0.2008607E-03
 XYZ  0.2501472E+01 0.3202866E+01 0.3116447E-03 0.2505922E+01 0.3202866E+01 0.7068274E-03 0.2510177E+01 0.3202866E+01 0.9767653E-03
 XYZ  0.2514212E+01 0.3202866E+01 0.1132596E-02 0.2518007E+01 0.3202866E+01 0.1158545E-02 0.2521498E+01 0.3202866E+01 0.1071570E-02
 XYZ  0.2524684E+01 0.3202866E+01 0.9311310E-03 0.2527572E+01 0.3202866E+01 0.7350699E-03 0.2530140E+01 0.3202866E+01 0.5016001E-03
 XYZ  0.2532395E+01 0.3202866E+01 0.2506814E-03 0.2534327E+01 0.3202866E+01-0.1029256E-04 0.2535932E+01 0.3202866E+01-0.2548754E-03
 XYZ  0.2537224E+01 0.3202866E+01-0.4643595E-03 0.2538216E+01 0.3202866E+01-0.6312784E-03 0.2538916E+01 0.3202866E+01-0.7530185E-03
 XYZ  0.2539333E+01 0.3202866E+01-0.8278055E-03
 LMN  1812028 1 0 0 0 0 0 0 0 0 0 0 0 0 0 0 0 0 0 0 0 0
 XYZ  0.1545799E+00 0.1962641E+00 0.3847582E-01 0.1559043E+00 0.1957211E+00 0.4114911E-01 0.1579304E+00 0.1951764E+00 0.4365971E-01
 XYZ  0.1605454E+00 0.1946133E+00 0.4610503E-01 0.1636614E+00 0.1940510E+00 0.4841692E-01 0.1673859E+00 0.1934987E+00 0.5057934E-01
 XYZ  0.1716913E+00 0.1929531E+00 0.5262232E-01 0.1765479E+00 0.1924291E+00 0.5450727E-01 0.1820329E+00 0.1919375E+00 0.5621400E-01
 XYZ  0.1881981E+00 0.1914753E+00 0.5776849E-01 0.1950244E+00 0.1910382E+00 0.5919789E-01 0.2024835E+00 0.1906296E+00 0.6050080E-01
 XYZ  0.2105799E+00 0.1902505E+00 0.6168261E-01 0.2192766E+00 0.1898993E+00 0.6275561E-01 0.2285390E+00 0.1895844E+00 0.6370045E-01
 XYZ  0.2384012E+00 0.1893127E+00 0.6450349E-01 0.2488854E+00 0.1890770E+00 0.6519107E-01 0.2599411E+00 0.1888719E+00 0.6578297E-01
 XYZ  0.2715396E+00 0.1887017E+00 0.6626954E-01 0.2836829E+00 0.1885629E+00 0.6666366E-01 0.2963110E+00 0.1884487E+00 0.6698574E-01
 XYZ  0.3093484E+00 0.1883649E+00 0.6722090E-01 0.3227761E+00 0.1883243E+00 0.6733471E-01 0.3366451E+00 0.1883296E+00 0.6731983E-01
 XYZ  0.3509378E+00 0.1883657E+00 0.6721878E-01 0.3655518E+00 0.1884373E+00 0.6701782E-01 0.3805238E+00 0.1885570E+00 0.6668027E-01
 XYZ  0.3958847E+00 0.1887094E+00 0.6624774E-01 0.4115322E+00 0.1888859E+00 0.6574289E-01 0.4274085E+00 0.1890993E+00 0.6512657E-01
 XYZ  0.4435647E+00 0.1893538E+00 0.6438263E-01 0.4600140E+00 0.1896344E+00 0.6355136E-01 0.4766701E+00 0.1899309E+00 0.6265997E-01
 XYZ  0.4934529E+00 0.1902487E+00 0.6168807E-01 0.5103632E+00 0.1905949E+00 0.6061022E-01 0.5274204E+00 0.1909621E+00 0.5944301E-01
 XYZ  0.5445581E+00 0.1913408E+00 0.5821258E-01 0.5617045E+00 0.1917365E+00 0.5689554E-01 0.5788743E+00 0.1921514E+00 0.5547839E-01
 XYZ  0.5960406E+00 0.1925784E+00 0.5397753E-01 0.6131613E+00 0.1930176E+00 0.5238519E-01 0.6302168E+00 0.1934671E+00 0.5069979E-01
 XYZ  0.6471768E+00 0.1939269E+00 0.4891186E-01 0.6640527E+00 0.1943948E+00 0.4701770E-01 0.6808186E+00 0.1948635E+00 0.4503569E-01
 XYZ  0.6974289E+00 0.1953329E+00 0.4295402E-01 0.7138996E+00 0.1958020E+00 0.4076267E-01 0.7302313E+00 0.1962633E+00 0.3847996E-01
 XYZ  0.7463813E+00 0.1967132E+00 0.3610960E-01 0.7623617E+00 0.1971518E+00 0.3363310E-01 0.7782295E+00 0.1975699E+00 0.3108245E-01
 XYZ  0.7939175E+00 0.1979578E+00 0.2850793E-01 0.8093504E+00 0.1983162E+00 0.2589775E-01 0.8245291E+00 0.1986442E+00 0.2324807E-01
 XYZ  0.8394360E+00 0.1989395E+00 0.2056927E-01 0.8540608E+00 0.1992002E+00 0.1786887E-01 0.8683834E+00 0.1994244E+00 0.1516316E-01
 XYZ  0.8823784E+00 0.1996114E+00 0.1246090E-01 0.8960236E+00 0.1997609E+00 0.9777347E-02 0.9092758E+00 0.1998733E+00 0.7118471E-02
 XYZ  0.9221282E+00 0.1999498E+00 0.4481992E-02 0.9345754E+00 0.1999911E+00 0.1891262E-02 0.9465531E+00 0.1999990E+00-0.6391764E-03
 XYZ  0.9580412E+00 0.1999755E+00-0.3133575E-02 0.9690970E+00 0.1999225E+00-0.5568769E-02 0.9796397E+00 0.1998441E+00-0.7895797E-02
 XYZ  0.9896003E+00 0.1997424E+00-0.1014840E-01 0.9990328E+00 0.1996201E+00-0.1232106E-01 0.1007888E+01 0.1994824E+00-0.1437932E-01
 XYZ  0.1016123E+01 0.1993317E+00-0.1633652E-01 0.1023752E+01 0.1991713E+00-0.1818822E-01 0.1030753E+01 0.1990056E+00-0.1991917E-01
 XYZ  0.1037121E+01 0.1988382E+00-0.2152642E-01 0.1042851E+01 0.1986753E+00-0.2298067E-01 0.1047872E+01 0.1985221E+00-0.2426868E-01
 XYZ  0.1052173E+01 0.1983795E+00-0.2540828E-01 0.1055770E+01 0.1982525E+00-0.2638058E-01 0.1058632E+01 0.1981469E+00-0.2716232E-01
 XYZ  0.1060725E+01 0.1980669E+00-0.2773981E-01 0.1062015E+01 0.1980161E+00-0.2809995E-01 0.1062456E+01 0.1979985E+00-0.2822408E-01
 LMN  1812028 2 0 0 0 0 0 0 0 0 0 0 0 0 0 0 0 0 0 0 0 0
 XYZ  0.1690956E+00 0.2387902E+00 0.3689014E-01 0.1705285E+00 0.2384354E+00 0.3962529E-01 0.1724612E+00 0.2380555E+00 0.4235762E-01
 XYZ  0.1747943E+00 0.2376773E+00 0.4491162E-01 0.1777967E+00 0.2373105E+00 0.4725635E-01 0.1814576E+00 0.2369394E+00 0.4951483E-01
 XYZ  0.1856537E+00 0.2365715E+00 0.5165566E-01 0.1904274E+00 0.2362187E+00 0.5362761E-01 0.1958148E+00 0.2358843E+00 0.5543149E-01
 XYZ  0.2018501E+00 0.2355721E+00 0.5706334E-01 0.2085625E+00 0.2352794E+00 0.5855231E-01 0.2159172E+00 0.2350042E+00 0.5991744E-01
 XYZ  0.2239049E+00 0.2347496E+00 0.6115361E-01 0.2325139E+00 0.2345135E+00 0.6227719E-01 0.2416981E+00 0.2342986E+00 0.6328265E-01
 XYZ  0.2514623E+00 0.2341113E+00 0.6414581E-01 0.2618383E+00 0.2339502E+00 0.6487912E-01 0.2728007E+00 0.2338095E+00 0.6551304E-01
 XYZ  0.2843048E+00 0.2336903E+00 0.6604479E-01 0.2963499E+00 0.2335931E+00 0.6647531E-01 0.3089020E+00 0.2335126E+00 0.6682979E-01
 XYZ  0.3218904E+00 0.2334496E+00 0.6710597E-01 0.3352739E+00 0.2334115E+00 0.6727224E-01 0.3490789E+00 0.2334042E+00 0.6730431E-01
 XYZ  0.3633205E+00 0.2334196E+00 0.6723727E-01 0.3779109E+00 0.2334550E+00 0.6708253E-01 0.3928375E+00 0.2335207E+00 0.6679414E-01
 XYZ  0.4081479E+00 0.2336114E+00 0.6639433E-01 0.4237727E+00 0.2337175E+00 0.6592376E-01 0.4396354E+00 0.2338453E+00 0.6535217E-01
 XYZ  0.4557597E+00 0.2340007E+00 0.6465029E-01 0.4721717E+00 0.2341761E+00 0.6384850E-01 0.4888090E+00 0.2343626E+00 0.6298493E-01
 XYZ  0.5055889E+00 0.2345623E+00 0.6204672E-01 0.5224950E+00 0.2347806E+00 0.6100414E-01 0.5395446E+00 0.2350150E+00 0.5986439E-01
 XYZ  0.5566926E+00 0.2352581E+00 0.5865890E-01 0.5738631E+00 0.2355121E+00 0.5737164E-01 0.5910578E+00 0.2357802E+00 0.5598090E-01
 XYZ  0.6082601E+00 0.2360578E+00 0.5450298E-01 0.6254265E+00 0.2363444E+00 0.5293307E-01 0.6425371E+00 0.2366394E+00 0.5126733E-01
 XYZ  0.6595614E+00 0.2369421E+00 0.4949826E-01 0.6765028E+00 0.2372521E+00 0.4761864E-01 0.6933423E+00 0.2375642E+00 0.4564741E-01
 XYZ  0.7100342E+00 0.2378779E+00 0.4357553E-01 0.7265866E+00 0.2381929E+00 0.4139013E-01 0.7430007E+00 0.2385043E+00 0.3910932E-01
 XYZ  0.7592370E+00 0.2388091E+00 0.3673912E-01 0.7753001E+00 0.2391073E+00 0.3426041E-01 0.7912370E+00 0.2393929E+00 0.3170481E-01
 XYZ  0.8069886E+00 0.2396587E+00 0.2912507E-01 0.8224847E+00 0.2399051E+00 0.2650975E-01 0.8377234E+00 0.2401315E+00 0.2385414E-01
 XYZ  0.8526865E+00 0.2403361E+00 0.2116931E-01 0.8673622E+00 0.2405176E+00 0.1846326E-01 0.8817292E+00 0.2406745E+00 0.1575286E-01
 XYZ  0.8957626E+00 0.2408063E+00 0.1304705E-01 0.9094390E+00 0.2409126E+00 0.1036166E-01 0.9227183E+00 0.2409939E+00 0.7701525E-02
 XYZ  0.9355934E+00 0.2410508E+00 0.5065319E-02 0.9480539E+00 0.2410838E+00 0.2477796E-02 0.9600396E+00 0.2410941E+00-0.4889744E-04
 XYZ  0.9715375E+00 0.2410832E+00-0.2540113E-02 0.9825910E+00 0.2410525E+00-0.4965997E-02 0.9931178E+00 0.2410045E+00-0.7281743E-02
 XYZ  0.1003067E+01 0.2409407E+00-0.9525319E-02 0.1012482E+01 0.2408633E+00-0.1168466E-01 0.1021311E+01 0.2407754E+00-0.1372831E-01
 XYZ  0.1029521E+01 0.2406788E+00-0.1567168E-01 0.1037121E+01 0.2405757E+00-0.1750775E-01 0.1044089E+01 0.2404692E+00-0.1922227E-01
 XYZ  0.1050421E+01 0.2403615E+00-0.2081157E-01 0.1056106E+01 0.2402571E+00-0.2224475E-01 0.1061081E+01 0.2401588E+00-0.2351360E-01
 XYZ  0.1065340E+01 0.2400674E+00-0.2463575E-01 0.1068895E+01 0.2399862E+00-0.2559004E-01 0.1071716E+01 0.2399190E+00-0.2635472E-01
 XYZ  0.1073772E+01 0.2398682E+00-0.2691797E-01 0.1075035E+01 0.2398361E+00-0.2726772E-01 0.1075466E+01 0.2398250E+00-0.2738809E-01
 LMN  1812028 3 0 0 0 0 0 0 0 0 0 0 0 0 0 0 0 0 0 0 0 0
 XYZ  0.2023465E+00 0.2870431E+00 0.3481231E-01 0.2035035E+00 0.2868124E+00 0.3765186E-01 0.2051881E+00 0.2865783E+00 0.4033091E-01
 XYZ  0.2074590E+00 0.2863431E+00 0.4285611E-01 0.2103344E+00 0.2861075E+00 0.4524652E-01 0.2138113E+00 0.2858727E+00 0.4751087E-01
 XYZ  0.2178776E+00 0.2856403E+00 0.4965134E-01 0.2225142E+00 0.2854139E+00 0.5165333E-01 0.2277320E+00 0.2851988E+00 0.5348725E-01
 XYZ  0.2335777E+00 0.2849982E+00 0.5514349E-01 0.2400827E+00 0.2848106E+00 0.5664944E-01 0.2472245E+00 0.2846342E+00 0.5803065E-01
 XYZ  0.2549850E+00 0.2844705E+00 0.5928400E-01 0.2633599E+00 0.2843190E+00 0.6042180E-01 0.2723093E+00 0.2841799E+00 0.6144854E-01
 XYZ  0.2818199E+00 0.2840573E+00 0.6233961E-01 0.2919197E+00 0.2839519E+00 0.6309561E-01 0.3025998E+00 0.2838599E+00 0.6374871E-01
 XYZ  0.3138142E+00 0.2837809E+00 0.6430441E-01 0.3255545E+00 0.2837160E+00 0.6475733E-01 0.3378009E+00 0.2836622E+00 0.6513071E-01
 XYZ  0.3504916E+00 0.2836186E+00 0.6543137E-01 0.3635783E+00 0.2835894E+00 0.6563225E-01 0.3770698E+00 0.2835792E+00 0.6570225E-01
 XYZ  0.3909900E+00 0.2835847E+00 0.6566479E-01 0.4052724E+00 0.2836020E+00 0.6554590E-01 0.4198788E+00 0.2836374E+00 0.6530211E-01
 XYZ  0.4348545E+00 0.2836899E+00 0.6493830E-01 0.4501549E+00 0.2837525E+00 0.6450261E-01 0.4657002E+00 0.2838277E+00 0.6397557E-01
 XYZ  0.4814947E+00 0.2839202E+00 0.6332116E-01 0.4975674E+00 0.2840267E+00 0.6255996E-01 0.5138727E+00 0.2841406E+00 0.6173505E-01
 XYZ  0.5303313E+00 0.2842625E+00 0.6084076E-01 0.5469168E+00 0.2843960E+00 0.5984644E-01 0.5636419E+00 0.2845404E+00 0.5875166E-01
 XYZ  0.5804754E+00 0.2846910E+00 0.5758918E-01 0.5973436E+00 0.2848483E+00 0.5635000E-01 0.6142384E+00 0.2850148E+00 0.5500789E-01
 XYZ  0.6311487E+00 0.2851880E+00 0.5357716E-01 0.6480325E+00 0.2853673E+00 0.5205594E-01 0.6648690E+00 0.2855523E+00 0.5043867E-01
 XYZ  0.6816289E+00 0.2857427E+00 0.4871940E-01 0.6983100E+00 0.2859383E+00 0.4688877E-01 0.7148971E+00 0.2861359E+00 0.4496514E-01
 XYZ  0.7313463E+00 0.2863349E+00 0.4294214E-01 0.7476596E+00 0.2865352E+00 0.4080506E-01 0.7638380E+00 0.2867339E+00 0.3857121E-01
 XYZ  0.7798449E+00 0.2869287E+00 0.3624833E-01 0.7956797E+00 0.2871197E+00 0.3381734E-01 0.8113815E+00 0.2873030E+00 0.3130871E-01
 XYZ  0.8268973E+00 0.2874739E+00 0.2877612E-01 0.8421616E+00 0.2876324E+00 0.2620871E-01 0.8571700E+00 0.2877784E+00 0.2360126E-01
 XYZ  0.8719045E+00 0.2879104E+00 0.2096511E-01 0.8863517E+00 0.2880278E+00 0.1830856E-01 0.9004903E+00 0.2881294E+00 0.1564852E-01
 XYZ  0.9142959E+00 0.2882149E+00 0.1299397E-01 0.9277446E+00 0.2882842E+00 0.1036081E-01 0.9407993E+00 0.2883373E+00 0.7752921E-02
 XYZ  0.9534525E+00 0.2883749E+00 0.5169848E-02 0.9656906E+00 0.2883972E+00 0.2636878E-02 0.9774581E+00 0.2884050E+00 0.1637653E-03
 XYZ  0.9887463E+00 0.2883992E+00-0.2274657E-02 0.9995880E+00 0.2883807E+00-0.4644006E-02 0.1009903E+01 0.2883513E+00-0.6904472E-02
 XYZ  0.1019655E+01 0.2883119E+00-0.9095720E-02 0.1028875E+01 0.2882638E+00-0.1120088E-01 0.1037514E+01 0.2882091E+00-0.1319209E-01
 XYZ  0.1045546E+01 0.2881489E+00-0.1508553E-01 0.1052977E+01 0.2880846E+00-0.1687238E-01 0.1059784E+01 0.2880182E+00-0.1853970E-01
 XYZ  0.1065965E+01 0.2879512E+00-0.2008307E-01 0.1071506E+01 0.2878863E+00-0.2147148E-01 0.1076349E+01 0.2878252E+00-0.2270069E-01
 XYZ  0.1080495E+01 0.2877685E+00-0.2378731E-01 0.1083950E+01 0.2877182E+00-0.2470909E-01 0.1086686E+01 0.2876767E+00-0.2544604E-01
 XYZ  0.1088676E+01 0.2876454E+00-0.2598772E-01 0.1089895E+01 0.2876257E+00-0.2632315E-01 0.1090310E+01 0.2876188E+00-0.2643838E-01
 LMN  1812028 4 0 0 0 0 0 0 0 0 0 0 0 0 0 0 0 0 0 0 0 0
 XYZ  0.2399969E+00 0.3414649E+00 0.3285238E-01 0.2410524E+00 0.3413269E+00 0.3557998E-01 0.2427966E+00 0.3411828E+00 0.3822355E-01
 XYZ  0.2449978E+00 0.3410307E+00 0.4083145E-01 0.2476851E+00 0.3408828E+00 0.4322003E-01 0.2510463E+00 0.3407376E+00 0.4544400E-01
 XYZ  0.2549970E+00 0.3405909E+00 0.4758878E-01 0.2594826E+00 0.3404480E+00 0.4959144E-01 0.2645491E+00 0.3403120E+00 0.5142529E-01
 XYZ  0.2702182E+00 0.3401845E+00 0.5308958E-01 0.2765230E+00 0.3400657E+00 0.5459512E-01 0.2834564E+00 0.3399540E+00 0.5597529E-01
 XYZ  0.2909925E+00 0.3398501E+00 0.5723115E-01 0.2991296E+00 0.3397539E+00 0.5836964E-01 0.3078351E+00 0.3396651E+00 0.5940164E-01
 XYZ  0.3170865E+00 0.3395862E+00 0.6030497E-01 0.3269061E+00 0.3395183E+00 0.6107265E-01 0.3372932E+00 0.3394589E+00 0.6173524E-01
 XYZ  0.3482059E+00 0.3394075E+00 0.6230423E-01 0.3596291E+00 0.3393649E+00 0.6277202E-01 0.3715500E+00 0.3393294E+00 0.6315841E-01
 XYZ  0.3839148E+00 0.3393002E+00 0.6347564E-01 0.3966734E+00 0.3392794E+00 0.6370058E-01 0.4098242E+00 0.3392701E+00 0.6379996E-01
 XYZ  0.4233919E+00 0.3392712E+00 0.6378805E-01 0.4373255E+00 0.3392796E+00 0.6369783E-01 0.4515757E+00 0.3392987E+00 0.6349120E-01
 XYZ  0.4661808E+00 0.3393292E+00 0.6316146E-01 0.4811116E+00 0.3393661E+00 0.6275833E-01 0.4962906E+00 0.3394105E+00 0.6227097E-01
 XYZ  0.5117107E+00 0.3394657E+00 0.6166058E-01 0.5273994E+00 0.3395300E+00 0.6094059E-01 0.5433213E+00 0.3395994E+00 0.6015556E-01
 XYZ  0.5594024E+00 0.3396735E+00 0.5930501E-01 0.5756109E+00 0.3397548E+00 0.5835875E-01 0.5919555E+00 0.3398434E+00 0.5731146E-01
 XYZ  0.6084126E+00 0.3399360E+00 0.5619536E-01 0.6249127E+00 0.3400327E+00 0.5500639E-01 0.6414416E+00 0.3401354E+00 0.5371645E-01
 XYZ  0.6579907E+00 0.3402426E+00 0.5233762E-01 0.6745201E+00 0.3403537E+00 0.5087018E-01 0.6910083E+00 0.3404686E+00 0.4930750E-01
 XYZ  0.7074274E+00 0.3405870E+00 0.4764454E-01 0.7237717E+00 0.3407090E+00 0.4587090E-01 0.7400280E+00 0.3408324E+00 0.4400411E-01
 XYZ  0.7561542E+00 0.3409569E+00 0.4203960E-01 0.7721488E+00 0.3410826E+00 0.3996178E-01 0.7880121E+00 0.3412073E+00 0.3778718E-01
 XYZ  0.8037094E+00 0.3413298E+00 0.3552450E-01 0.8192372E+00 0.3414501E+00 0.3315496E-01 0.8346290E+00 0.3415657E+00 0.3070821E-01
 XYZ  0.8498354E+00 0.3416735E+00 0.2823787E-01 0.8647950E+00 0.3417737E+00 0.2573335E-01 0.8795021E+00 0.3418659E+00 0.2318933E-01
 XYZ  0.8939385E+00 0.3419495E+00 0.2061719E-01 0.9080903E+00 0.3420239E+00 0.1802541E-01 0.9219359E+00 0.3420883E+00 0.1543074E-01
 XYZ  0.9354517E+00 0.3421427E+00 0.1284211E-01 0.9486137E+00 0.3421868E+00 0.1027528E-01 0.9613872E+00 0.3422208E+00 0.7733339E-02
 XYZ  0.9737644E+00 0.3422451E+00 0.5216583E-02 0.9857299E+00 0.3422597E+00 0.2750397E-02 0.9972319E+00 0.3422652E+00 0.3424877E-03
 XYZ  0.1008265E+01 0.3422622E+00-0.2031602E-02 0.1018853E+01 0.3422513E+00-0.4334565E-02 0.1028921E+01 0.3422336E+00-0.6531117E-02
 XYZ  0.1038439E+01 0.3422095E+00-0.8661277E-02 0.1047434E+01 0.3421801E+00-0.1070491E-01 0.1055856E+01 0.3421466E+00-0.1263734E-01
 XYZ  0.1063685E+01 0.3421096E+00-0.1447484E-01 0.1070925E+01 0.3420701E+00-0.1620744E-01 0.1077554E+01 0.3420292E+00-0.1782336E-01
 XYZ  0.1083569E+01 0.3419880E+00-0.1931754E-01 0.1088954E+01 0.3419482E+00-0.2065947E-01 0.1093659E+01 0.3419108E+00-0.2184773E-01
 XYZ  0.1097685E+01 0.3418759E+00-0.2289777E-01 0.1101037E+01 0.3418451E+00-0.2378690E-01 0.1103686E+01 0.3418197E+00-0.2449669E-01
 XYZ  0.1105611E+01 0.3418006E+00-0.2501760E-01 0.1106789E+01 0.3417886E+00-0.2533962E-01 0.1107188E+01 0.3417844E+00-0.2545004E-01
 LMN  1812028 5 1 0 0 0 0 0 0 0 0 0 0 0 0 0 0 0 0 0 0 0
 XYZ  0.2828268E+00 0.4027438E+00 0.3101495E-01 0.2838227E+00 0.4026568E+00 0.3377192E-01 0.2854057E+00 0.4025675E+00 0.3638862E-01
 XYZ  0.2875017E+00 0.4024748E+00 0.3892284E-01 0.2901085E+00 0.4023829E+00 0.4128301E-01 0.2933324E+00 0.4022925E+00 0.4348359E-01
 XYZ  0.2971444E+00 0.4022017E+00 0.4558802E-01 0.3014938E+00 0.4021125E+00 0.4756586E-01 0.3064008E+00 0.4020274E+00 0.4938305E-01
 XYZ  0.3118914E+00 0.4019474E+00 0.5103164E-01 0.3179976E+00 0.4018730E+00 0.5252202E-01 0.3247164E+00 0.4018029E+00 0.5388770E-01
 XYZ  0.3320220E+00 0.4017375E+00 0.5513267E-01 0.3399120E+00 0.4016770E+00 0.5626151E-01 0.3483591E+00 0.4016210E+00 0.5728738E-01
 XYZ  0.3573374E+00 0.4015708E+00 0.5819104E-01 0.3668638E+00 0.4015274E+00 0.5896138E-01 0.3769419E+00 0.4014896E+00 0.5962654E-01
 XYZ  0.3875336E+00 0.4014565E+00 0.6020152E-01 0.3986205E+00 0.4014288E+00 0.6067827E-01 0.4101925E+00 0.4014057E+00 0.6107370E-01
 XYZ  0.4222020E+00 0.4013864E+00 0.6140278E-01 0.4345996E+00 0.4013721E+00 0.6164536E-01 0.4473781E+00 0.4013648E+00 0.6176798E-01
 XYZ  0.4605605E+00 0.4013642E+00 0.6177887E-01 0.4741054E+00 0.4013680E+00 0.6171373E-01 0.4879602E+00 0.4013783E+00 0.6153938E-01
 XYZ  0.5021564E+00 0.4013958E+00 0.6124240E-01 0.5166736E+00 0.4014176E+00 0.6087153E-01 0.5314385E+00 0.4014437E+00 0.6042178E-01
 XYZ  0.5464374E+00 0.4014765E+00 0.5985369E-01 0.5616957E+00 0.4015153E+00 0.5917607E-01 0.5771840E+00 0.4015572E+00 0.5843321E-01
 XYZ  0.5928330E+00 0.4016021E+00 0.5762793E-01 0.6086087E+00 0.4016515E+00 0.5673095E-01 0.6245172E+00 0.4017054E+00 0.5573416E-01
 XYZ  0.6405387E+00 0.4017621E+00 0.5466864E-01 0.6566081E+00 0.4018212E+00 0.5353336E-01 0.6727079E+00 0.4018842E+00 0.5229974E-01
 XYZ  0.6888306E+00 0.4019501E+00 0.5097812E-01 0.7049384E+00 0.4020184E+00 0.4957010E-01 0.7210094E+00 0.4020893E+00 0.4806848E-01
 XYZ  0.7370171E+00 0.4021624E+00 0.4646876E-01 0.7529539E+00 0.4022379E+00 0.4476014E-01 0.7688073E+00 0.4023144E+00 0.4295932E-01
 XYZ  0.7845373E+00 0.4023917E+00 0.4106285E-01 0.8001403E+00 0.4024698E+00 0.3905485E-01 0.8156157E+00 0.4025475E+00 0.3695122E-01
 XYZ  0.8309305E+00 0.4026238E+00 0.3476101E-01 0.8460798E+00 0.4026989E+00 0.3246590E-01 0.8610924E+00 0.4027712E+00 0.3009493E-01
 XYZ  0.8759218E+00 0.4028386E+00 0.2770086E-01 0.8905102E+00 0.4029013E+00 0.2527324E-01 0.9048511E+00 0.4029592E+00 0.2280687E-01
 XYZ  0.9189263E+00 0.4030118E+00 0.2031300E-01 0.9327218E+00 0.4030586E+00 0.1780014E-01 0.9462161E+00 0.4030993E+00 0.1528473E-01
 XYZ  0.9593862E+00 0.4031337E+00 0.1277554E-01 0.9722085E+00 0.4031618E+00 0.1028804E-01 0.9846502E+00 0.4031836E+00 0.7824698E-02
 XYZ  0.9967034E+00 0.4031994E+00 0.5386380E-02 0.1008352E+01 0.4032092E+00 0.2998223E-02 0.1019547E+01 0.4032134E+00 0.6663021E-03
 XYZ  0.1030284E+01 0.4032123E+00-0.1632885E-02 0.1040583E+01 0.4032063E+00-0.3860459E-02 0.1050372E+01 0.4031960E+00-0.5984927E-02
 XYZ  0.1059627E+01 0.4031819E+00-0.8045844E-02 0.1068369E+01 0.4031644E+00-0.1002109E-01 0.1076552E+01 0.4031444E+00-0.1188862E-01
 XYZ  0.1084157E+01 0.4031222E+00-0.1366443E-01 0.1091187E+01 0.4030985E+00-0.1533791E-01 0.1097621E+01 0.4030739E+00-0.1689824E-01
 XYZ  0.1103457E+01 0.4030490E+00-0.1833991E-01 0.1108678E+01 0.4030250E+00-0.1963324E-01 0.1113238E+01 0.4030024E+00-0.2077869E-01
 XYZ  0.1117138E+01 0.4029814E+00-0.2179066E-01 0.1120382E+01 0.4029628E+00-0.2264647E-01 0.1122945E+01 0.4029475E+00-0.2332898E-01
 XYZ  0.1124805E+01 0.4029359E+00-0.2382934E-01 0.1125941E+01 0.4029287E+00-0.2413830E-01 0.1126326E+01 0.4029262E+00-0.2424410E-01
 SHK     1 0.3043448E+00 0.4020630E+00 0.4862168E-01 0.1088697E+01 0.3372734E+02 0.1011922E+02 0.2658944E+02
 LMN  1812028 6 1 0 0 0 0 0 0 0 0 0 0 0 0 0 0 0 0 0 0 0
 XYZ  0.3312417E+00 0.4720434E+00 0.2915287E-01 0.3322011E+00 0.4719903E+00 0.3187069E-01 0.3336835E+00 0.4719356E+00 0.3444508E-01
 XYZ  0.3356784E+00 0.4718793E+00 0.3691109E-01 0.3381892E+00 0.4718232E+00 0.3921972E-01 0.3412844E+00 0.4717677E+00 0.4137704E-01
 XYZ  0.3449532E+00 0.4717121E+00 0.4343202E-01 0.3491525E+00 0.4716573E+00 0.4536877E-01 0.3538900E+00 0.4716047E+00 0.4715338E-01
 XYZ  0.3591904E+00 0.4715553E+00 0.4877319E-01 0.3650850E+00 0.4715092E+00 0.5023726E-01 0.3715734E+00 0.4714658E+00 0.5157877E-01
 XYZ  0.3786306E+00 0.4714252E+00 0.5280385E-01 0.3862534E+00 0.4713875E+00 0.5391554E-01 0.3944182E+00 0.4713526E+00 0.5492796E-01
 XYZ  0.4030979E+00 0.4713211E+00 0.5582429E-01 0.4123058E+00 0.4712938E+00 0.5659121E-01 0.4220472E+00 0.4712699E+00 0.5725457E-01
 XYZ  0.4322873E+00 0.4712489E+00 0.5783126E-01 0.4430063E+00 0.4712312E+00 0.5831343E-01 0.4541955E+00 0.4712163E+00 0.5871574E-01
 XYZ  0.4658116E+00 0.4712037E+00 0.5905446E-01 0.4778073E+00 0.4711940E+00 0.5931169E-01 0.4901719E+00 0.4711887E+00 0.5945460E-01
 XYZ  0.5029262E+00 0.4711874E+00 0.5948749E-01 0.5160357E+00 0.4711890E+00 0.5944670E-01 0.5294471E+00 0.4711944E+00 0.5930307E-01
 XYZ  0.5431868E+00 0.4712042E+00 0.5903932E-01 0.5572395E+00 0.4712168E+00 0.5870237E-01 0.5715362E+00 0.4712320E+00 0.5829104E-01
 XYZ  0.5860598E+00 0.4712513E+00 0.5776627E-01 0.6008333E+00 0.4712743E+00 0.5713384E-01 0.6158311E+00 0.4712993E+00 0.5643697E-01
 XYZ  0.6309884E+00 0.4713262E+00 0.5568055E-01 0.6462707E+00 0.4713558E+00 0.5483634E-01 0.6616819E+00 0.4713883E+00 0.5389467E-01
 XYZ  0.6772045E+00 0.4714224E+00 0.5288531E-01 0.6927776E+00 0.4714582E+00 0.5180907E-01 0.7083820E+00 0.4714963E+00 0.5063762E-01
 XYZ  0.7240107E+00 0.4715363E+00 0.4937997E-01 0.7396278E+00 0.4715779E+00 0.4803848E-01 0.7552116E+00 0.4716210E+00 0.4660574E-01
 XYZ  0.7707368E+00 0.4716657E+00 0.4507757E-01 0.7861945E+00 0.4717118E+00 0.4344313E-01 0.8015731E+00 0.4717586E+00 0.4171832E-01
 XYZ  0.8168342E+00 0.4718060E+00 0.3990039E-01 0.8319731E+00 0.4718539E+00 0.3797355E-01 0.8469884E+00 0.4719017E+00 0.3595309E-01
 XYZ  0.8618489E+00 0.4719487E+00 0.3384809E-01 0.8765485E+00 0.4719949E+00 0.3164079E-01 0.8911128E+00 0.4720395E+00 0.2935960E-01
 XYZ  0.9054973E+00 0.4720812E+00 0.2705590E-01 0.9196480E+00 0.4721200E+00 0.2471934E-01 0.9335575E+00 0.4721559E+00 0.2234494E-01
 XYZ  0.9472082E+00 0.4721885E+00 0.1994368E-01 0.9605859E+00 0.4722176E+00 0.1752401E-01 0.9736694E+00 0.4722430E+00 0.1510189E-01
 XYZ  0.9864368E+00 0.4722646E+00 0.1268589E-01 0.9988647E+00 0.4722823E+00 0.1029103E-01 0.1010922E+01 0.4722962E+00 0.7919311E-02
 XYZ  0.1022602E+01 0.4723064E+00 0.5571993E-02 0.1033886E+01 0.4723130E+00 0.3273701E-02 0.1044729E+01 0.4723161E+00 0.1029226E-02
 XYZ  0.1055129E+01 0.4723160E+00-0.1183869E-02 0.1065100E+01 0.4723128E+00-0.3326144E-02 0.1074575E+01 0.4723071E+00-0.5369275E-02
 XYZ  0.1083533E+01 0.4722990E+00-0.7351851E-02 0.1091991E+01 0.4722889E+00-0.9250700E-02 0.1099906E+01 0.4722771E+00-0.1104595E-01
 XYZ  0.1107263E+01 0.4722641E+00-0.1275313E-01 0.1114060E+01 0.4722500E+00-0.1436134E-01 0.1120281E+01 0.4722355E+00-0.1586058E-01
 XYZ  0.1125921E+01 0.4722207E+00-0.1724508E-01 0.1130963E+01 0.4722065E+00-0.1848616E-01 0.1135366E+01 0.4721930E+00-0.1958558E-01
 XYZ  0.1139132E+01 0.4721805E+00-0.2055675E-01 0.1142262E+01 0.4721695E+00-0.2137734E-01 0.1144733E+01 0.4721603E+00-0.2203131E-01
 XYZ  0.1146524E+01 0.4721535E+00-0.2251041E-01 0.1147618E+01 0.4721492E+00-0.2280599E-01 0.1147989E+01 0.4721477E+00-0.2290712E-01
 SHK     1 0.3522152E+00 0.4716233E+00 0.4652248E-01 0.1130684E+01 0.3377990E+02 0.1051862E+02 0.2558154E+02
 LMN  1812028 7 1 0 0 0 0 0 0 0 0 0 0 0 0 0 0 0 0 0 0 0
 XYZ  0.3867545E+00 0.5514592E+00 0.2717956E-01 0.3876737E+00 0.5514276E+00 0.2982099E-01 0.3890720E+00 0.5513949E+00 0.3233019E-01
 XYZ  0.3909650E+00 0.5513613E+00 0.3471757E-01 0.3933677E+00 0.5513277E+00 0.3695594E-01 0.3963284E+00 0.5512944E+00 0.3905218E-01
 XYZ  0.3998423E+00 0.5512610E+00 0.4104517E-01 0.4038731E+00 0.5512280E+00 0.4292638E-01 0.4084222E+00 0.5511962E+00 0.4466407E-01
 XYZ  0.4135117E+00 0.5511662E+00 0.4624275E-01 0.4191718E+00 0.5511383E+00 0.4767012E-01 0.4254038E+00 0.5511119E+00 0.4897857E-01
 XYZ  0.4321839E+00 0.5510872E+00 0.5017561E-01 0.4395081E+00 0.5510642E+00 0.5126333E-01 0.4473556E+00 0.5510428E+00 0.5225604E-01
 XYZ  0.4556994E+00 0.5510234E+00 0.5313886E-01 0.4645501E+00 0.5510065E+00 0.5389742E-01 0.4739136E+00 0.5509917E+00 0.5455551E-01
 XYZ  0.4837582E+00 0.5509786E+00 0.5513087E-01 0.4940634E+00 0.5509674E+00 0.5561606E-01 0.5048213E+00 0.5509580E+00 0.5602398E-01
 XYZ  0.5159922E+00 0.5509498E+00 0.5637137E-01 0.5275310E+00 0.5509435E+00 0.5664207E-01 0.5394254E+00 0.5509397E+00 0.5680427E-01
 XYZ  0.5516941E+00 0.5509384E+00 0.5685973E-01 0.5643070E+00 0.5509387E+00 0.5684437E-01 0.5772122E+00 0.5509414E+00 0.5673216E-01
 XYZ  0.5904320E+00 0.5509467E+00 0.5650383E-01 0.6039543E+00 0.5509538E+00 0.5620409E-01 0.6177143E+00 0.5509624E+00 0.5583420E-01
 XYZ  0.6316932E+00 0.5509734E+00 0.5535611E-01 0.6459117E+00 0.5509867E+00 0.5477359E-01 0.6603471E+00 0.5510014E+00 0.5412833E-01
 XYZ  0.6749385E+00 0.5510171E+00 0.5342642E-01 0.6896519E+00 0.5510344E+00 0.5264078E-01 0.7044898E+00 0.5510535E+00 0.5176096E-01
 XYZ  0.7194362E+00 0.5510737E+00 0.5081530E-01 0.7344340E+00 0.5510949E+00 0.4980571E-01 0.7494633E+00 0.5511175E+00 0.4870455E-01
 XYZ  0.7645174E+00 0.5511413E+00 0.4751979E-01 0.7795623E+00 0.5511660E+00 0.4625421E-01 0.7945768E+00 0.5511918E+00 0.4490036E-01
 XYZ  0.8095367E+00 0.5512184E+00 0.4345433E-01 0.8244327E+00 0.5512461E+00 0.4190543E-01 0.8392535E+00 0.5512742E+00 0.4026880E-01
 XYZ  0.8539628E+00 0.5513027E+00 0.3854209E-01 0.8685549E+00 0.5513315E+00 0.3670989E-01 0.8830281E+00 0.5513603E+00 0.3478682E-01
 XYZ  0.8973526E+00 0.5513887E+00 0.3278182E-01 0.9115220E+00 0.5514167E+00 0.3067776E-01 0.9255590E+00 0.5514437E+00 0.2850229E-01
 XYZ  0.9394214E+00 0.5514690E+00 0.2630497E-01 0.9530582E+00 0.5514926E+00 0.2407559E-01 0.9664618E+00 0.5515145E+00 0.2180943E-01
 XYZ  0.9796152E+00 0.5515344E+00 0.1951709E-01 0.9925042E+00 0.5515522E+00 0.1720685E-01 0.1005109E+01 0.5515678E+00 0.1489410E-01
 XYZ  0.1017407E+01 0.5515812E+00 0.1258709E-01 0.1029377E+01 0.5515922E+00 0.1030030E-01 0.1040989E+01 0.5516009E+00 0.8035333E-02
 XYZ  0.1052235E+01 0.5516075E+00 0.5793733E-02 0.1063099E+01 0.5516118E+00 0.3599361E-02 0.1073538E+01 0.5516141E+00 0.1456004E-02
 XYZ  0.1083549E+01 0.5516144E+00-0.6576457E-03 0.1093145E+01 0.5516130E+00-0.2702381E-02 0.1102261E+01 0.5516100E+00-0.4652589E-02
 XYZ  0.1110880E+01 0.5516055E+00-0.6545532E-02 0.1119016E+01 0.5515998E+00-0.8357691E-02 0.1126629E+01 0.5515932E+00-0.1007104E-01
 XYZ  0.1133704E+01 0.5515857E+00-0.1170051E-01 0.1140240E+01 0.5515777E+00-0.1323520E-01 0.1146219E+01 0.5515693E+00-0.1466582E-01
 XYZ  0.1151640E+01 0.5515607E+00-0.1598651E-01 0.1156484E+01 0.5515525E+00-0.1716974E-01 0.1160713E+01 0.5515447E+00-0.1821815E-01
 XYZ  0.1164330E+01 0.5515374E+00-0.1914423E-01 0.1167334E+01 0.5515310E+00-0.1992626E-01 0.1169705E+01 0.5515257E+00-0.2054921E-01
 XYZ  0.1171423E+01 0.5515217E+00-0.2100535E-01 0.1172471E+01 0.5515192E+00-0.2128662E-01 0.1172826E+01 0.5515183E+00-0.2138278E-01
 SHK     1 0.4073575E+00 0.5512036E+00 0.4425737E-01 0.1168169E+01 0.3443926E+02 0.1102512E+02 0.2829880E+02
 LMN  1812028 8 1 1 0 0 0 0 0 0 0 0 0 0 0 0 0 0 0 0 0 0
 XYZ  0.4520640E+00 0.6448453E+00 0.2497561E-01 0.4529345E+00 0.6448273E+00 0.2751080E-01 0.4542494E+00 0.6448084E+00 0.2992847E-01
 XYZ  0.4560340E+00 0.6447891E+00 0.3221963E-01 0.4583132E+00 0.6447697E+00 0.3436825E-01 0.4611235E+00 0.6447504E+00 0.3638439E-01
 XYZ  0.4644620E+00 0.6447311E+00 0.3829982E-01 0.4682981E+00 0.6447119E+00 0.4010985E-01 0.4726293E+00 0.6446933E+00 0.4178551E-01
 XYZ  0.4774754E+00 0.6446758E+00 0.4330976E-01 0.4828652E+00 0.6446594E+00 0.4468914E-01 0.4888010E+00 0.6446439E+00 0.4595485E-01
 XYZ  0.4952603E+00 0.6446293E+00 0.4711517E-01 0.5022387E+00 0.6446157E+00 0.4817160E-01 0.5097175E+00 0.6446030E+00 0.4913814E-01
 XYZ  0.5176704E+00 0.6445915E+00 0.5000151E-01 0.5261062E+00 0.6445814E+00 0.5074704E-01 0.5350308E+00 0.6445724E+00 0.5139666E-01
 XYZ  0.5444151E+00 0.6445645E+00 0.5196819E-01 0.5542388E+00 0.6445576E+00 0.5245468E-01 0.5644945E+00 0.6445518E+00 0.5286762E-01
 XYZ  0.5751458E+00 0.6445467E+00 0.5322357E-01 0.5861499E+00 0.6445426E+00 0.5350786E-01 0.5974938E+00 0.6445400E+00 0.5369002E-01
 XYZ  0.6091943E+00 0.6445388E+00 0.5377016E-01 0.6212250E+00 0.6445386E+00 0.5378304E-01 0.6335359E+00 0.6445398E+00 0.5370522E-01
 XYZ  0.6461460E+00 0.6445425E+00 0.5351662E-01 0.6590456E+00 0.6445462E+00 0.5325951E-01 0.6721739E+00 0.6445508E+00 0.5293662E-01
 XYZ  0.6855117E+00 0.6445568E+00 0.5251139E-01 0.6990776E+00 0.6445642E+00 0.5198622E-01 0.7128510E+00 0.6445724E+00 0.5140094E-01
 XYZ  0.7267751E+00 0.6445812E+00 0.5076216E-01 0.7408168E+00 0.6445909E+00 0.5004412E-01 0.7549775E+00 0.6446017E+00 0.4923610E-01
 XYZ  0.7692428E+00 0.6446132E+00 0.4836494E-01 0.7835589E+00 0.6446253E+00 0.4743309E-01 0.7979063E+00 0.6446382E+00 0.4641395E-01
 XYZ  0.8122784E+00 0.6446518E+00 0.4531466E-01 0.8266430E+00 0.6446660E+00 0.4413816E-01 0.8409799E+00 0.6446808E+00 0.4287713E-01
 XYZ  0.8552661E+00 0.6446962E+00 0.4152786E-01 0.8694920E+00 0.6447122E+00 0.4008000E-01 0.8836469E+00 0.6447285E+00 0.3854787E-01
 XYZ  0.8976965E+00 0.6447450E+00 0.3692940E-01 0.9116348E+00 0.6447618E+00 0.3520969E-01 0.9254596E+00 0.6447786E+00 0.3340272E-01
 XYZ  0.9391428E+00 0.6447952E+00 0.3151704E-01 0.9526778E+00 0.6448116E+00 0.2953631E-01 0.9660851E+00 0.6448274E+00 0.2748719E-01
 XYZ  0.9793245E+00 0.6448423E+00 0.2541696E-01 0.9923483E+00 0.6448562E+00 0.2331562E-01 0.1005149E+01 0.6448691E+00 0.2117875E-01
 XYZ  0.1017710E+01 0.6448809E+00 0.1901648E-01 0.1030018E+01 0.6448915E+00 0.1683679E-01 0.1042053E+01 0.6449009E+00 0.1465433E-01
 XYZ  0.1053794E+01 0.6449089E+00 0.1247698E-01 0.1065222E+01 0.6449156E+00 0.1031856E-01 0.1076306E+01 0.6449210E+00 0.8180312E-02
 XYZ  0.1087041E+01 0.6449251E+00 0.6063962E-02 0.1097410E+01 0.6449279E+00 0.3992366E-02 0.1107372E+01 0.6449296E+00 0.1968490E-02
 XYZ  0.1116925E+01 0.6449301E+00-0.2774960E-04 0.1126081E+01 0.6449296E+00-0.1958065E-02 0.1134777E+01 0.6449281E+00-0.3799290E-02
 XYZ  0.1142999E+01 0.6449258E+00-0.5587025E-02 0.1150759E+01 0.6449228E+00-0.7297963E-02 0.1158019E+01 0.6449193E+00-0.8915748E-02
 XYZ  0.1164765E+01 0.6449152E+00-0.1045459E-01 0.1170997E+01 0.6449108E+00-0.1190382E-01 0.1176698E+01 0.6449062E+00-0.1325482E-01
 XYZ  0.1181864E+01 0.6449015E+00-0.1450177E-01 0.1186480E+01 0.6448969E+00-0.1561851E-01 0.1190510E+01 0.6448926E+00-0.1660823E-01
 XYZ  0.1193955E+01 0.6448885E+00-0.1748255E-01 0.1196816E+01 0.6448850E+00-0.1822059E-01 0.1199073E+01 0.6448820E+00-0.1880831E-01
 XYZ  0.1200709E+01 0.6448798E+00-0.1923851E-01 0.1201706E+01 0.6448784E+00-0.1950369E-01 0.1202043E+01 0.6448779E+00-0.1959431E-01
 SHK     1 0.4725174E+00 0.6446938E+00 0.4174225E-01 0.1206851E+01 0.3482090E+02 0.1171019E+02 0.2651830E+02
 SHK     1 0.4767356E+00 0.6445843E+00 0.5052672E-01 0.1073010E+01 0.3482090E+02 0.1047887E+02 0.2563112E+02
 LMN  1812028 9 1 1 0 0 0 0 0 0 0 0 0 0 0 0 0 0 0 0 0 0
 XYZ  0.5322667E+00 0.7594895E+00 0.2235964E-01 0.5330767E+00 0.7594798E+00 0.2475495E-01 0.5342986E+00 0.7594697E+00 0.2704786E-01
 XYZ  0.5359595E+00 0.7594593E+00 0.2921615E-01 0.5380911E+00 0.7594489E+00 0.3124948E-01 0.5407226E+00 0.7594384E+00 0.3316099E-01
 XYZ  0.5438512E+00 0.7594279E+00 0.3497717E-01 0.5474510E+00 0.7594174E+00 0.3669544E-01 0.5515175E+00 0.7594072E+00 0.3828968E-01
 XYZ  0.5560684E+00 0.7593976E+00 0.3974238E-01 0.5611305E+00 0.7593885E+00 0.4105910E-01 0.5667066E+00 0.7593800E+00 0.4226940E-01
 XYZ  0.5727757E+00 0.7593719E+00 0.4338181E-01 0.5793334E+00 0.7593643E+00 0.4439741E-01 0.5863627E+00 0.7593572E+00 0.4532960E-01
 XYZ  0.5938388E+00 0.7593507E+00 0.4616647E-01 0.6017688E+00 0.7593450E+00 0.4689360E-01 0.6101585E+00 0.7593399E+00 0.4753107E-01
 XYZ  0.6189813E+00 0.7593353E+00 0.4809625E-01 0.6282175E+00 0.7593313E+00 0.4858265E-01 0.6378603E+00 0.7593278E+00 0.4900055E-01
 XYZ  0.6478764E+00 0.7593248E+00 0.4936587E-01 0.6582257E+00 0.7593223E+00 0.4966521E-01 0.6688954E+00 0.7593205E+00 0.4986985E-01
 XYZ  0.6799005E+00 0.7593196E+00 0.4997889E-01 0.6912173E+00 0.7593192E+00 0.5002527E-01 0.7027988E+00 0.7593195E+00 0.4998780E-01
 XYZ  0.7146615E+00 0.7593207E+00 0.4984656E-01 0.7267971E+00 0.7593225E+00 0.4964098E-01 0.7391493E+00 0.7593247E+00 0.4937457E-01
 XYZ  0.7516992E+00 0.7593277E+00 0.4901274E-01 0.7644635E+00 0.7593315E+00 0.4855702E-01 0.7774235E+00 0.7593357E+00 0.4804483E-01
 XYZ  0.7905264E+00 0.7593402E+00 0.4748288E-01 0.8037410E+00 0.7593453E+00 0.4684693E-01 0.8170681E+00 0.7593510E+00 0.4612642E-01
 XYZ  0.8304941E+00 0.7593571E+00 0.4534640E-01 0.8439693E+00 0.7593635E+00 0.4450957E-01 0.8574749E+00 0.7593703E+00 0.4359071E-01
 XYZ  0.8710045E+00 0.7593776E+00 0.4259620E-01 0.8845282E+00 0.7593852E+00 0.4152898E-01 0.8980267E+00 0.7593932E+00 0.4038198E-01
 XYZ  0.9114785E+00 0.7594015E+00 0.3915170E-01 0.9248744E+00 0.7594102E+00 0.3782828E-01 0.9382040E+00 0.7594191E+00 0.3642511E-01
 XYZ  0.9514352E+00 0.7594281E+00 0.3494026E-01 0.9645623E+00 0.7594373E+00 0.3335966E-01 0.9775827E+00 0.7594465E+00 0.3169642E-01
 XYZ  0.9904700E+00 0.7594556E+00 0.2995858E-01 0.1003218E+01 0.7594646E+00 0.2813074E-01 0.1015845E+01 0.7594734E+00 0.2623828E-01
 XYZ  0.1028313E+01 0.7594816E+00 0.2432558E-01 0.1040577E+01 0.7594894E+00 0.2238297E-01 0.1052632E+01 0.7594966E+00 0.2040634E-01
 XYZ  0.1064460E+01 0.7595032E+00 0.1840522E-01 0.1076049E+01 0.7595092E+00 0.1638715E-01 0.1087381E+01 0.7595145E+00 0.1436590E-01
 XYZ  0.1098436E+01 0.7595191E+00 0.1234884E-01 0.1109194E+01 0.7595230E+00 0.1034891E-01 0.1119629E+01 0.7595261E+00 0.8367096E-02
 XYZ  0.1129734E+01 0.7595286E+00 0.6405164E-02 0.1139493E+01 0.7595304E+00 0.4484664E-02 0.1148869E+01 0.7595315E+00 0.2607862E-02
 XYZ  0.1157861E+01 0.7595321E+00 0.7560584E-03 0.1166477E+01 0.7595320E+00-0.1034080E-02 0.1174659E+01 0.7595315E+00-0.2741778E-02
 XYZ  0.1182395E+01 0.7595305E+00-0.4400550E-02 0.1189696E+01 0.7595291E+00-0.5987835E-02 0.1196526E+01 0.7595273E+00-0.7488908E-02
 XYZ  0.1202872E+01 0.7595253E+00-0.8917125E-02 0.1208734E+01 0.7595231E+00-0.1026223E-01 0.1214096E+01 0.7595208E+00-0.1151635E-01
 XYZ  0.1218954E+01 0.7595184E+00-0.1267382E-01 0.1223293E+01 0.7595161E+00-0.1371014E-01 0.1227081E+01 0.7595139E+00-0.1462883E-01
 XYZ  0.1230320E+01 0.7595118E+00-0.1544059E-01 0.1233009E+01 0.7595099E+00-0.1612568E-01 0.1235129E+01 0.7595084E+00-0.1667114E-01
 XYZ  0.1236665E+01 0.7595073E+00-0.1707032E-01 0.1237601E+01 0.7595065E+00-0.1731632E-01 0.1237918E+01 0.7595063E+00-0.1740036E-01
 SHK     1 0.5547916E+00 0.7594003E+00 0.3933481E-01 0.1247349E+01 0.3489491E+02 0.1271605E+02 0.2365436E+02
 SHK     1 0.5539250E+00 0.7593510E+00 0.4612755E-01 0.1121176E+01 0.3489491E+02 0.1107421E+02 0.2471510E+02
 LMN  181202810 1 1 1 0 0 0 0 0 0 0 0 0 0 0 0 0 0 0 0 0
 XYZ  0.6369843E+00 0.9091434E+00 0.1901889E-01 0.6377156E+00 0.9091389E+00 0.2122547E-01 0.6388223E+00 0.9091341E+00 0.2334490E-01
 XYZ  0.6403299E+00 0.9091291E+00 0.2534771E-01 0.6422731E+00 0.9091241E+00 0.2722650E-01 0.6446758E+00 0.9091191E+00 0.2899626E-01
 XYZ  0.6475352E+00 0.9091140E+00 0.3067934E-01 0.6508293E+00 0.9091089E+00 0.3227427E-01 0.6545528E+00 0.9091039E+00 0.3375791E-01
 XYZ  0.6587210E+00 0.9090992E+00 0.3511328E-01 0.6633585E+00 0.9090947E+00 0.3634509E-01 0.6684683E+00 0.9090905E+00 0.3748063E-01
 XYZ  0.6740311E+00 0.9090865E+00 0.3852820E-01 0.6800427E+00 0.9090827E+00 0.3948858E-01 0.6864878E+00 0.9090791E+00 0.4037415E-01
 XYZ  0.6933437E+00 0.9090758E+00 0.4117431E-01 0.7006162E+00 0.9090729E+00 0.4187547E-01 0.7083107E+00 0.9090702E+00 0.4249571E-01
 XYZ  0.7164032E+00 0.9090678E+00 0.4305127E-01 0.7248753E+00 0.9090657E+00 0.4353623E-01 0.7337209E+00 0.9090638E+00 0.4395965E-01
 XYZ  0.7429098E+00 0.9090621E+00 0.4433629E-01 0.7524058E+00 0.9090607E+00 0.4465403E-01 0.7621963E+00 0.9090596E+00 0.4488644E-01
 XYZ  0.7722949E+00 0.9090590E+00 0.4503209E-01 0.7826804E+00 0.9090586E+00 0.4512130E-01 0.7933098E+00 0.9090585E+00 0.4513508E-01
 XYZ  0.8041973E+00 0.9090589E+00 0.4505452E-01 0.8153358E+00 0.9090595E+00 0.4491559E-01 0.8266741E+00 0.9090604E+00 0.4472196E-01
 XYZ  0.8381945E+00 0.9090617E+00 0.4444175E-01 0.8499118E+00 0.9090633E+00 0.4407592E-01 0.8618090E+00 0.9090651E+00 0.4365875E-01
 XYZ  0.8738383E+00 0.9090672E+00 0.4319659E-01 0.8859710E+00 0.9090695E+00 0.4266711E-01 0.8982074E+00 0.9090721E+00 0.4206032E-01
 XYZ  0.9105351E+00 0.9090749E+00 0.4139910E-01 0.9229091E+00 0.9090778E+00 0.4068599E-01 0.9353117E+00 0.9090810E+00 0.3989771E-01
 XYZ  0.9477371E+00 0.9090845E+00 0.3903993E-01 0.9601580E+00 0.9090881E+00 0.3811532E-01 0.9725565E+00 0.9090919E+00 0.3711728E-01
 XYZ  0.9849131E+00 0.9090959E+00 0.3604251E-01 0.9972189E+00 0.9091000E+00 0.3488189E-01 0.1009464E+01 0.9091043E+00 0.3364764E-01
 XYZ  0.1021620E+01 0.9091087E+00 0.3233791E-01 0.1033681E+01 0.9091132E+00 0.3093972E-01 0.1045645E+01 0.9091177E+00 0.2946513E-01
 XYZ  0.1057486E+01 0.9091222E+00 0.2792141E-01 0.1069199E+01 0.9091266E+00 0.2629441E-01 0.1080801E+01 0.9091310E+00 0.2460770E-01
 XYZ  0.1092256E+01 0.9091351E+00 0.2290184E-01 0.1103525E+01 0.9091390E+00 0.2116765E-01 0.1114600E+01 0.9091426E+00 0.1940143E-01
 XYZ  0.1125467E+01 0.9091460E+00 0.1761185E-01 0.1136114E+01 0.9091490E+00 0.1580586E-01 0.1146525E+01 0.9091518E+00 0.1399602E-01
 XYZ  0.1156680E+01 0.9091542E+00 0.1218904E-01 0.1166562E+01 0.9091562E+00 0.1039673E-01 0.1176148E+01 0.9091579E+00 0.8619763E-02
 XYZ  0.1185430E+01 0.9091593E+00 0.6859890E-02 0.1194394E+01 0.9091604E+00 0.5136881E-02 0.1203005E+01 0.9091611E+00 0.3452348E-02
 XYZ  0.1211263E+01 0.9091616E+00 0.1789289E-02 0.1219175E+01 0.9091617E+00 0.1818374E-03 0.1226689E+01 0.9091616E+00-0.1351812E-02
 XYZ  0.1233793E+01 0.9091613E+00-0.2842437E-02 0.1240497E+01 0.9091608E+00-0.4268851E-02 0.1246767E+01 0.9091601E+00-0.5618105E-02
 XYZ  0.1252594E+01 0.9091593E+00-0.6902451E-02 0.1257975E+01 0.9091584E+00-0.8112336E-02 0.1262896E+01 0.9091574E+00-0.9240718E-02
 XYZ  0.1267356E+01 0.9091564E+00-0.1028228E-01 0.1271338E+01 0.9091553E+00-0.1121463E-01 0.1274814E+01 0.9091544E+00-0.1204147E-01
 XYZ  0.1277786E+01 0.9091534E+00-0.1277241E-01 0.1280253E+01 0.9091526E+00-0.1338928E-01 0.1282198E+01 0.9091519E+00-0.1388038E-01
 XYZ  0.1283606E+01 0.9091514E+00-0.1423977E-01 0.1284465E+01 0.9091511E+00-0.1446122E-01 0.1284755E+01 0.9091510E+00-0.1453687E-01
 SHK     1 0.6583657E+00 0.9090996E+00 0.3499775E-01 0.1302437E+01 0.3472109E+02 0.1350573E+02 0.2168266E+02
 SHK     1 0.6573853E+00 0.9090752E+00 0.4131764E-01 0.1166163E+01 0.3472109E+02 0.1180248E+02 0.2304851E+02
 SHK     1 0.6585718E+00 0.9090353E+00 0.4997018E-01 0.1053713E+01 0.3467163E+02 0.1038975E+02 0.2363158E+02
 LMN  181202811 0 1 1 0 0 0 0 0 0 0 0 0 0 0 0 0 0 0 0 0
 XYZ  0.7738325E+00 0.1104689E+01 0.1471266E-01 0.7744622E+00 0.1104687E+01 0.1666861E-01 0.7754229E+00 0.1104685E+01 0.1855277E-01
 XYZ  0.7767369E+00 0.1104683E+01 0.2033455E-01 0.7784378E+00 0.1104681E+01 0.2200817E-01 0.7805454E+00 0.1104679E+01 0.2358865E-01
 XYZ  0.7830569E+00 0.1104677E+01 0.2509484E-01 0.7859539E+00 0.1104675E+01 0.2652579E-01 0.7892310E+00 0.1104673E+01 0.2786151E-01
 XYZ  0.7929016E+00 0.1104671E+01 0.2908655E-01 0.7969870E+00 0.1104669E+01 0.3020496E-01 0.8014899E+00 0.1104667E+01 0.3124093E-01
 XYZ  0.8063936E+00 0.1104665E+01 0.3220198E-01 0.8116939E+00 0.1104664E+01 0.3308869E-01 0.8173777E+00 0.1104662E+01 0.3391197E-01
 XYZ  0.8234250E+00 0.1104661E+01 0.3466257E-01 0.8298404E+00 0.1104659E+01 0.3532829E-01 0.8366288E+00 0.1104658E+01 0.3592495E-01
 XYZ  0.8437690E+00 0.1104657E+01 0.3646696E-01 0.8512448E+00 0.1104656E+01 0.3694903E-01 0.8590508E+00 0.1104655E+01 0.3737894E-01
 XYZ  0.8671605E+00 0.1104654E+01 0.3776968E-01 0.8755421E+00 0.1104653E+01 0.3811052E-01 0.8841847E+00 0.1104653E+01 0.3837803E-01
 XYZ  0.8930996E+00 0.1104652E+01 0.3857066E-01 0.9022684E+00 0.1104652E+01 0.3871517E-01 0.9116536E+00 0.1104652E+01 0.3879484E-01
 XYZ  0.9212670E+00 0.1104652E+01 0.3879273E-01 0.9311024E+00 0.1104652E+01 0.3874042E-01 0.9411151E+00 0.1104652E+01 0.3864121E-01
 XYZ  0.9512893E+00 0.1104653E+01 0.3846679E-01 0.9616377E+00 0.1104653E+01 0.3821786E-01 0.9721453E+00 0.1104654E+01 0.3792457E-01
 XYZ  0.9827703E+00 0.1104655E+01 0.3759242E-01 0.9934873E+00 0.1104655E+01 0.3720156E-01 0.1004296E+01 0.1104656E+01 0.3674301E-01
 XYZ  0.1015187E+01 0.1104657E+01 0.3623686E-01 0.1026119E+01 0.1104659E+01 0.3568521E-01 0.1037077E+01 0.1104660E+01 0.3506736E-01
 XYZ  0.1048056E+01 0.1104661E+01 0.3438818E-01 0.1059031E+01 0.1104663E+01 0.3364993E-01 0.1069988E+01 0.1104664E+01 0.3284664E-01
 XYZ  0.1080908E+01 0.1104666E+01 0.3197526E-01 0.1091784E+01 0.1104668E+01 0.3102768E-01 0.1102608E+01 0.1104669E+01 0.3001461E-01
 XYZ  0.1113353E+01 0.1104671E+01 0.2893426E-01 0.1124015E+01 0.1104673E+01 0.2777511E-01 0.1134591E+01 0.1104675E+01 0.2654782E-01
 XYZ  0.1145060E+01 0.1104677E+01 0.2525865E-01 0.1155416E+01 0.1104679E+01 0.2389508E-01 0.1165673E+01 0.1104681E+01 0.2247819E-01
 XYZ  0.1175801E+01 0.1104682E+01 0.2104354E-01 0.1185763E+01 0.1104684E+01 0.1958265E-01 0.1195555E+01 0.1104686E+01 0.1809228E-01
 XYZ  0.1205163E+01 0.1104687E+01 0.1658002E-01 0.1214576E+01 0.1104689E+01 0.1505198E-01 0.1223780E+01 0.1104690E+01 0.1351912E-01
 XYZ  0.1232759E+01 0.1104691E+01 0.1198728E-01 0.1241495E+01 0.1104692E+01 0.1046677E-01 0.1249970E+01 0.1104693E+01 0.8957947E-02
 XYZ  0.1258175E+01 0.1104694E+01 0.7462438E-02 0.1266099E+01 0.1104694E+01 0.5997634E-02 0.1273712E+01 0.1104695E+01 0.4564517E-02
 XYZ  0.1281012E+01 0.1104695E+01 0.3148201E-02 0.1288006E+01 0.1104695E+01 0.1779172E-02 0.1294647E+01 0.1104695E+01 0.4727063E-03
 XYZ  0.1300926E+01 0.1104695E+01-0.7984010E-03 0.1306851E+01 0.1104695E+01-0.2015084E-02 0.1312393E+01 0.1104695E+01-0.3166414E-02
 XYZ  0.1317542E+01 0.1104695E+01-0.4263231E-02 0.1322298E+01 0.1104694E+01-0.5297008E-02 0.1326648E+01 0.1104694E+01-0.6261704E-02
 XYZ  0.1330588E+01 0.1104694E+01-0.7152547E-02 0.1334107E+01 0.1104693E+01-0.7949892E-02 0.1337178E+01 0.1104693E+01-0.8657406E-02
 XYZ  0.1339804E+01 0.1104693E+01-0.9283435E-02 0.1341983E+01 0.1104692E+01-0.9811892E-02 0.1343701E+01 0.1104692E+01-0.1023266E-01
 XYZ  0.1344945E+01 0.1104692E+01-0.1054060E-01 0.1345703E+01 0.1104692E+01-0.1073038E-01 0.1345959E+01 0.1104692E+01-0.1079520E-01
 SHK     1 0.7962413E+00 0.1104657E+01 0.3638244E-01 0.1191944E+01 0.3441027E+02 0.1278916E+02 0.2108768E+02
 SHK     1 0.7948720E+00 0.1104641E+01 0.4335377E-01 0.1083406E+01 0.3435002E+02 0.1118030E+02 0.2246780E+02
 LMN  181202812 0 1 1 1 0 0 0 0 0 0 0 0 0 0 0 0 0 0 0 0
 XYZ  0.9047007E+00 0.1291678E+01 0.1062374E-01 0.9052343E+00 0.1291678E+01 0.1233821E-01 0.9060575E+00 0.1291677E+01 0.1399313E-01
 XYZ  0.9071899E+00 0.1291676E+01 0.1556091E-01 0.9086613E+00 0.1291675E+01 0.1703674E-01 0.9104887E+00 0.1291674E+01 0.1843421E-01
 XYZ  0.9126696E+00 0.1291673E+01 0.1976973E-01 0.9151880E+00 0.1291673E+01 0.2104249E-01 0.9180394E+00 0.1291672E+01 0.2223508E-01
 XYZ  0.9212351E+00 0.1291671E+01 0.2333397E-01 0.9247938E+00 0.1291670E+01 0.2434273E-01 0.9287177E+00 0.1291669E+01 0.2528256E-01
 XYZ  0.9329922E+00 0.1291668E+01 0.2616002E-01 0.9376136E+00 0.1291667E+01 0.2697555E-01 0.9425704E+00 0.1291667E+01 0.2773861E-01
 XYZ  0.9478452E+00 0.1291666E+01 0.2844105E-01 0.9534421E+00 0.1291665E+01 0.2907218E-01 0.9593650E+00 0.1291665E+01 0.2964579E-01
 XYZ  0.9655956E+00 0.1291664E+01 0.3017437E-01 0.9721198E+00 0.1291664E+01 0.3065321E-01 0.9789325E+00 0.1291663E+01 0.3108900E-01
 XYZ  0.9860109E+00 0.1291663E+01 0.3149292E-01 0.9933274E+00 0.1291662E+01 0.3185541E-01 0.1000872E+01 0.1291662E+01 0.3215592E-01
 XYZ  0.1008656E+01 0.1291662E+01 0.3239310E-01 0.1016661E+01 0.1291661E+01 0.3259018E-01 0.1024857E+01 0.1291661E+01 0.3273238E-01
 XYZ  0.1033252E+01 0.1291661E+01 0.3280488E-01 0.1041841E+01 0.1291661E+01 0.3283520E-01 0.1050585E+01 0.1291661E+01 0.3282597E-01
 XYZ  0.1059472E+01 0.1291661E+01 0.3275232E-01 0.1068511E+01 0.1291661E+01 0.3261491E-01 0.1077689E+01 0.1291661E+01 0.3243995E-01
 XYZ  0.1086970E+01 0.1291662E+01 0.3223198E-01 0.1096332E+01 0.1291662E+01 0.3197344E-01 0.1105776E+01 0.1291662E+01 0.3165649E-01
 XYZ  0.1115290E+01 0.1291663E+01 0.3129857E-01 0.1124842E+01 0.1291663E+01 0.3090123E-01 0.1134416E+01 0.1291664E+01 0.3044626E-01
 XYZ  0.1144010E+01 0.1291664E+01 0.2993788E-01 0.1153601E+01 0.1291665E+01 0.2937786E-01 0.1163177E+01 0.1291666E+01 0.2876086E-01
 XYZ  0.1172721E+01 0.1291666E+01 0.2808409E-01 0.1182228E+01 0.1291667E+01 0.2734040E-01 0.1191689E+01 0.1291668E+01 0.2653909E-01
 XYZ  0.1201082E+01 0.1291669E+01 0.2567836E-01 0.1210403E+01 0.1291669E+01 0.2474814E-01 0.1219650E+01 0.1291670E+01 0.2375775E-01
 XYZ  0.1228803E+01 0.1291671E+01 0.2271245E-01 0.1237858E+01 0.1291672E+01 0.2160128E-01 0.1246828E+01 0.1291673E+01 0.2044289E-01
 XYZ  0.1255683E+01 0.1291674E+01 0.1926803E-01 0.1264395E+01 0.1291675E+01 0.1806895E-01 0.1272958E+01 0.1291675E+01 0.1684283E-01
 XYZ  0.1281360E+01 0.1291676E+01 0.1559620E-01 0.1289592E+01 0.1291677E+01 0.1433434E-01 0.1297641E+01 0.1291677E+01 0.1306669E-01
 XYZ  0.1305493E+01 0.1291678E+01 0.1179825E-01 0.1313133E+01 0.1291679E+01 0.1053789E-01 0.1320544E+01 0.1291679E+01 0.9285710E-02
 XYZ  0.1327720E+01 0.1291679E+01 0.8043152E-02 0.1334650E+01 0.1291680E+01 0.6825317E-02 0.1341307E+01 0.1291680E+01 0.5632700E-02
 XYZ  0.1347692E+01 0.1291680E+01 0.4452381E-02 0.1353808E+01 0.1291680E+01 0.3311193E-02 0.1359616E+01 0.1291680E+01 0.2221848E-02
 XYZ  0.1365107E+01 0.1291681E+01 0.1160554E-02 0.1370289E+01 0.1291681E+01 0.1441847E-03 0.1375135E+01 0.1291681E+01-0.8181119E-03
 XYZ  0.1379638E+01 0.1291680E+01-0.1735839E-02 0.1383797E+01 0.1291680E+01-0.2601510E-02 0.1387601E+01 0.1291680E+01-0.3409993E-02
 XYZ  0.1391047E+01 0.1291680E+01-0.4157088E-02 0.1394124E+01 0.1291680E+01-0.4825764E-02 0.1396810E+01 0.1291680E+01-0.5419532E-02
 XYZ  0.1399106E+01 0.1291680E+01-0.5945585E-02 0.1401011E+01 0.1291680E+01-0.6389868E-02 0.1402514E+01 0.1291680E+01-0.6743708E-02
 XYZ  0.1403601E+01 0.1291680E+01-0.7002749E-02 0.1404263E+01 0.1291680E+01-0.7162435E-02 0.1404487E+01 0.1291680E+01-0.7216997E-02
 SHK     1 0.9242785E+00 0.1291664E+01 0.2983523E-01 0.1209036E+01 0.3436056E+02 0.1333383E+02 0.2036244E+02
 SHK     1 0.9226616E+00 0.1291657E+01 0.3580204E-01 0.1099854E+01 0.3426452E+02 0.1171646E+02 0.2184995E+02
 SHK     1 0.9235145E+00 0.1291645E+01 0.4422775E-01 0.1004826E+01 0.3418643E+02 0.1025004E+02 0.2360927E+02
 LMN  181202813 0 1 1 0 0 0 0 0 0 0 0 0 0 0 0 0 0 0 0 0
 XYZ  0.1047327E+01 0.1495397E+01 0.9612751E-02 0.1047833E+01 0.1495397E+01 0.1125507E-01 0.1048616E+01 0.1495396E+01 0.1284149E-01
 XYZ  0.1049695E+01 0.1495396E+01 0.1434490E-01 0.1051098E+01 0.1495395E+01 0.1576070E-01 0.1052843E+01 0.1495395E+01 0.1710223E-01
 XYZ  0.1054926E+01 0.1495394E+01 0.1838510E-01 0.1057332E+01 0.1495394E+01 0.1960865E-01 0.1060057E+01 0.1495393E+01 0.2075626E-01
 XYZ  0.1063111E+01 0.1495392E+01 0.2181491E-01 0.1066513E+01 0.1495392E+01 0.2278799E-01 0.1070265E+01 0.1495391E+01 0.2369579E-01
 XYZ  0.1074351E+01 0.1495391E+01 0.2454466E-01 0.1078770E+01 0.1495391E+01 0.2533498E-01 0.1083510E+01 0.1495390E+01 0.2607580E-01
 XYZ  0.1088555E+01 0.1495390E+01 0.2675935E-01 0.1093907E+01 0.1495389E+01 0.2737536E-01 0.1099572E+01 0.1495389E+01 0.2793698E-01
 XYZ  0.1105531E+01 0.1495389E+01 0.2845617E-01 0.1111771E+01 0.1495388E+01 0.2892841E-01 0.1118287E+01 0.1495388E+01 0.2936005E-01
 XYZ  0.1125057E+01 0.1495388E+01 0.2976178E-01 0.1132055E+01 0.1495387E+01 0.3012443E-01 0.1139272E+01 0.1495387E+01 0.3042831E-01
 XYZ  0.1146718E+01 0.1495387E+01 0.3067208E-01 0.1154376E+01 0.1495387E+01 0.3087795E-01 0.1162215E+01 0.1495387E+01 0.3103177E-01
 XYZ  0.1170246E+01 0.1495387E+01 0.3111932E-01 0.1178463E+01 0.1495387E+01 0.3116690E-01 0.1186828E+01 0.1495387E+01 0.3117700E-01
 XYZ  0.1195330E+01 0.1495387E+01 0.3112580E-01 0.1203977E+01 0.1495387E+01 0.3101390E-01 0.1212758E+01 0.1495387E+01 0.3086636E-01
 XYZ  0.1221638E+01 0.1495387E+01 0.3068746E-01 0.1230595E+01 0.1495387E+01 0.3046038E-01 0.1239630E+01 0.1495387E+01 0.3017757E-01
 XYZ  0.1248733E+01 0.1495388E+01 0.2985571E-01 0.1257872E+01 0.1495388E+01 0.2949621E-01 0.1267033E+01 0.1495388E+01 0.2908163E-01
 XYZ  0.1276212E+01 0.1495388E+01 0.2861596E-01 0.1285390E+01 0.1495389E+01 0.2810089E-01 0.1294552E+01 0.1495389E+01 0.2753125E-01
 XYZ  0.1303685E+01 0.1495390E+01 0.2690434E-01 0.1312782E+01 0.1495390E+01 0.2621330E-01 0.1321836E+01 0.1495390E+01 0.2546704E-01
 XYZ  0.1330825E+01 0.1495391E+01 0.2466375E-01 0.1339745E+01 0.1495391E+01 0.2379380E-01 0.1348594E+01 0.1495392E+01 0.2286613E-01
 XYZ  0.1357353E+01 0.1495392E+01 0.2188570E-01 0.1366020E+01 0.1495393E+01 0.2084202E-01 0.1374603E+01 0.1495393E+01 0.1975306E-01
 XYZ  0.1383078E+01 0.1495394E+01 0.1864811E-01 0.1391415E+01 0.1495394E+01 0.1751966E-01 0.1399609E+01 0.1495395E+01 0.1636504E-01
 XYZ  0.1407650E+01 0.1495395E+01 0.1519046E-01 0.1415528E+01 0.1495396E+01 0.1400097E-01 0.1423231E+01 0.1495396E+01 0.1280559E-01
 XYZ  0.1430745E+01 0.1495396E+01 0.1160904E-01 0.1438056E+01 0.1495397E+01 0.1041980E-01 0.1445148E+01 0.1495397E+01 0.9237898E-02
 XYZ  0.1452015E+01 0.1495397E+01 0.8064730E-02 0.1458647E+01 0.1495398E+01 0.6914732E-02 0.1465017E+01 0.1495398E+01 0.5788239E-02
 XYZ  0.1471126E+01 0.1495398E+01 0.4672938E-02 0.1476979E+01 0.1495398E+01 0.3594613E-02 0.1482536E+01 0.1495398E+01 0.2565177E-02
 XYZ  0.1487790E+01 0.1495398E+01 0.1561875E-02 0.1492748E+01 0.1495398E+01 0.6009639E-03 0.1497385E+01 0.1495398E+01-0.3089637E-03
 XYZ  0.1501694E+01 0.1495398E+01-0.1176996E-02 0.1505674E+01 0.1495398E+01-0.1995943E-02 0.1509313E+01 0.1495398E+01-0.2760945E-02
 XYZ  0.1512610E+01 0.1495398E+01-0.3467959E-02 0.1515554E+01 0.1495398E+01-0.4100730E-02 0.1518123E+01 0.1495398E+01-0.4662735E-02
 XYZ  0.1520319E+01 0.1495398E+01-0.5160809E-02 0.1522142E+01 0.1495398E+01-0.5581494E-02 0.1523579E+01 0.1495398E+01-0.5916551E-02
 XYZ  0.1524619E+01 0.1495398E+01-0.6161849E-02 0.1525253E+01 0.1495398E+01-0.6313068E-02 0.1525467E+01 0.1495398E+01-0.6364737E-02
 SHK     1 0.1065796E+01 0.1495389E+01 0.2799204E-01 0.1188670E+01 0.3454394E+02 0.1358940E+02 0.2022947E+02
 SHK     1 0.1065015E+01 0.1495384E+01 0.3406640E-01 0.1074403E+01 0.3447931E+02 0.1195562E+02 0.2191046E+02
 LMN  181202814 1 1 1 0 0 0 0 0 0 0 0 0 0 0 0 0 0 0 0 0
 XYZ  0.1158394E+01 0.1654035E+01 0.8829485E-02 0.1158878E+01 0.1654035E+01 0.1041532E-01 0.1159630E+01 0.1654035E+01 0.1194786E-01
 XYZ  0.1160668E+01 0.1654034E+01 0.1340075E-01 0.1162019E+01 0.1654034E+01 0.1476957E-01 0.1163699E+01 0.1654034E+01 0.1606728E-01
 XYZ  0.1165706E+01 0.1654033E+01 0.1730897E-01 0.1168024E+01 0.1654033E+01 0.1849401E-01 0.1170651E+01 0.1654033E+01 0.1960639E-01
 XYZ  0.1173596E+01 0.1654032E+01 0.2063352E-01 0.1176876E+01 0.1654032E+01 0.2157866E-01 0.1180493E+01 0.1654032E+01 0.2246143E-01
 XYZ  0.1184434E+01 0.1654031E+01 0.2328794E-01 0.1188695E+01 0.1654031E+01 0.2405856E-01 0.1193266E+01 0.1654031E+01 0.2478201E-01
 XYZ  0.1198131E+01 0.1654030E+01 0.2545077E-01 0.1203294E+01 0.1654030E+01 0.2605493E-01 0.1208757E+01 0.1654030E+01 0.2660716E-01
 XYZ  0.1214505E+01 0.1654030E+01 0.2711900E-01 0.1220523E+01 0.1654029E+01 0.2758606E-01 0.1226808E+01 0.1654029E+01 0.2801445E-01
 XYZ  0.1233339E+01 0.1654029E+01 0.2841445E-01 0.1240089E+01 0.1654029E+01 0.2877718E-01 0.1247051E+01 0.1654029E+01 0.2908363E-01
 XYZ  0.1254233E+01 0.1654028E+01 0.2933250E-01 0.1261620E+01 0.1654028E+01 0.2954518E-01 0.1269183E+01 0.1654028E+01 0.2970800E-01
 XYZ  0.1276930E+01 0.1654028E+01 0.2980723E-01 0.1284857E+01 0.1654028E+01 0.2986823E-01 0.1292927E+01 0.1654028E+01 0.2989335E-01
 XYZ  0.1301129E+01 0.1654028E+01 0.2985959E-01 0.1309471E+01 0.1654028E+01 0.2976753E-01 0.1317942E+01 0.1654028E+01 0.2964132E-01
 XYZ  0.1326509E+01 0.1654028E+01 0.2948504E-01 0.1335151E+01 0.1654028E+01 0.2928242E-01 0.1343867E+01 0.1654029E+01 0.2902619E-01
 XYZ  0.1352650E+01 0.1654029E+01 0.2873239E-01 0.1361467E+01 0.1654029E+01 0.2840235E-01 0.1370306E+01 0.1654029E+01 0.2801920E-01
 XYZ  0.1379163E+01 0.1654029E+01 0.2758680E-01 0.1388017E+01 0.1654030E+01 0.2710672E-01 0.1396858E+01 0.1654030E+01 0.2657397E-01
 XYZ  0.1405670E+01 0.1654030E+01 0.2598589E-01 0.1414448E+01 0.1654030E+01 0.2533589E-01 0.1423184E+01 0.1654031E+01 0.2463251E-01
 XYZ  0.1431858E+01 0.1654031E+01 0.2387399E-01 0.1440465E+01 0.1654031E+01 0.2305102E-01 0.1449004E+01 0.1654032E+01 0.2217223E-01
 XYZ  0.1457456E+01 0.1654032E+01 0.2124237E-01 0.1465819E+01 0.1654032E+01 0.2025132E-01 0.1474102E+01 0.1654033E+01 0.1921645E-01
 XYZ  0.1482279E+01 0.1654033E+01 0.1816599E-01 0.1490325E+01 0.1654033E+01 0.1709258E-01 0.1498232E+01 0.1654034E+01 0.1599368E-01
 XYZ  0.1505991E+01 0.1654034E+01 0.1487525E-01 0.1513593E+01 0.1654034E+01 0.1374215E-01 0.1521026E+01 0.1654035E+01 0.1260306E-01
 XYZ  0.1528277E+01 0.1654035E+01 0.1146252E-01 0.1535332E+01 0.1654035E+01 0.1032868E-01 0.1542175E+01 0.1654035E+01 0.9201502E-02
 XYZ  0.1548802E+01 0.1654035E+01 0.8082367E-02 0.1555201E+01 0.1654035E+01 0.6985179E-02 0.1561348E+01 0.1654036E+01 0.5910171E-02
 XYZ  0.1567243E+01 0.1654036E+01 0.4845492E-02 0.1572890E+01 0.1654036E+01 0.3816080E-02 0.1578253E+01 0.1654036E+01 0.2833266E-02
 XYZ  0.1583323E+01 0.1654036E+01 0.1875097E-02 0.1588107E+01 0.1654036E+01 0.9573230E-03 0.1592581E+01 0.1654036E+01 0.8813124E-04
 XYZ  0.1596739E+01 0.1654036E+01-0.7412480E-03 0.1600579E+01 0.1654036E+01-0.1523863E-02 0.1604090E+01 0.1654036E+01-0.2255062E-02
 XYZ  0.1607272E+01 0.1654036E+01-0.2930929E-02 0.1610112E+01 0.1654036E+01-0.3535813E-02 0.1612591E+01 0.1654036E+01-0.4073144E-02
 XYZ  0.1614710E+01 0.1654036E+01-0.4549487E-02 0.1616469E+01 0.1654036E+01-0.4951854E-02 0.1617855E+01 0.1654036E+01-0.5272337E-02
 XYZ  0.1618859E+01 0.1654036E+01-0.5506978E-02 0.1619470E+01 0.1654036E+01-0.5651633E-02 0.1619677E+01 0.1654036E+01-0.5701062E-02
 SHK     1 0.1173709E+01 0.1654032E+01 0.2066613E-01 0.1339778E+01 0.3461496E+02 0.1494965E+02 0.1971758E+02
 SHK     1 0.1176060E+01 0.1654030E+01 0.2657003E-01 0.1179256E+01 0.3461496E+02 0.1352251E+02 0.2056737E+02
 SHK     1 0.1173352E+01 0.1654027E+01 0.3150931E-01 0.1073984E+01 0.3458736E+02 0.1181779E+02 0.2190991E+02
 LMN  181202815 1 1 1 0 0 0 0 0 0 0 0 0 0 0 0 0 0 0 0 0
 XYZ  0.1249935E+01 0.1784784E+01 0.8185550E-02 0.1250402E+01 0.1784784E+01 0.9724707E-02 0.1251128E+01 0.1784784E+01 0.1121260E-01
 XYZ  0.1252132E+01 0.1784784E+01 0.1262368E-01 0.1253440E+01 0.1784783E+01 0.1395367E-01 0.1255067E+01 0.1784783E+01 0.1521515E-01
 XYZ  0.1257011E+01 0.1784783E+01 0.1642280E-01 0.1259258E+01 0.1784783E+01 0.1757602E-01 0.1261804E+01 0.1784782E+01 0.1865927E-01
 XYZ  0.1264658E+01 0.1784782E+01 0.1966034E-01 0.1267837E+01 0.1784782E+01 0.2058240E-01 0.1271344E+01 0.1784782E+01 0.2144448E-01
 XYZ  0.1275165E+01 0.1784781E+01 0.2225252E-01 0.1279296E+01 0.1784781E+01 0.2300687E-01 0.1283729E+01 0.1784781E+01 0.2371596E-01
 XYZ  0.1288446E+01 0.1784781E+01 0.2437249E-01 0.1293451E+01 0.1784780E+01 0.2496685E-01 0.1298749E+01 0.1784780E+01 0.2551133E-01
 XYZ  0.1304322E+01 0.1784780E+01 0.2601709E-01 0.1310159E+01 0.1784780E+01 0.2647986E-01 0.1316253E+01 0.1784780E+01 0.2690556E-01
 XYZ  0.1322586E+01 0.1784780E+01 0.2730411E-01 0.1329132E+01 0.1784779E+01 0.2766689E-01 0.1335884E+01 0.1784779E+01 0.2797544E-01
 XYZ  0.1342849E+01 0.1784779E+01 0.2822848E-01 0.1350013E+01 0.1784779E+01 0.2844676E-01 0.1357347E+01 0.1784779E+01 0.2861698E-01
 XYZ  0.1364861E+01 0.1784779E+01 0.2872583E-01 0.1372548E+01 0.1784779E+01 0.2879787E-01 0.1380375E+01 0.1784779E+01 0.2883536E-01
 XYZ  0.1388329E+01 0.1784779E+01 0.2881596E-01 0.1396420E+01 0.1784779E+01 0.2874024E-01 0.1404636E+01 0.1784779E+01 0.2863160E-01
 XYZ  0.1412945E+01 0.1784779E+01 0.2849396E-01 0.1421326E+01 0.1784779E+01 0.2831150E-01 0.1429781E+01 0.1784779E+01 0.2807715E-01
 XYZ  0.1438299E+01 0.1784779E+01 0.2780648E-01 0.1446851E+01 0.1784779E+01 0.2750072E-01 0.1455424E+01 0.1784780E+01 0.2714348E-01
 XYZ  0.1464014E+01 0.1784780E+01 0.2673850E-01 0.1472603E+01 0.1784780E+01 0.2628726E-01 0.1481178E+01 0.1784780E+01 0.2578492E-01
 XYZ  0.1489726E+01 0.1784780E+01 0.2522887E-01 0.1498240E+01 0.1784780E+01 0.2461269E-01 0.1506714E+01 0.1784781E+01 0.2394467E-01
 XYZ  0.1515128E+01 0.1784781E+01 0.2322307E-01 0.1523477E+01 0.1784781E+01 0.2243884E-01 0.1531760E+01 0.1784781E+01 0.2160037E-01
 XYZ  0.1539960E+01 0.1784782E+01 0.2071222E-01 0.1548072E+01 0.1784782E+01 0.1976457E-01 0.1556107E+01 0.1784782E+01 0.1877432E-01
 XYZ  0.1564040E+01 0.1784783E+01 0.1776879E-01 0.1571844E+01 0.1784783E+01 0.1674078E-01 0.1579515E+01 0.1784783E+01 0.1568783E-01
 XYZ  0.1587042E+01 0.1784783E+01 0.1461570E-01 0.1594416E+01 0.1784783E+01 0.1352910E-01 0.1601627E+01 0.1784784E+01 0.1243643E-01
 XYZ  0.1608660E+01 0.1784784E+01 0.1134206E-01 0.1615505E+01 0.1784784E+01 0.1025388E-01 0.1622143E+01 0.1784784E+01 0.9171829E-02
 XYZ  0.1628572E+01 0.1784784E+01 0.8097235E-02 0.1634779E+01 0.1784784E+01 0.7043574E-02 0.1640742E+01 0.1784784E+01 0.6011001E-02
 XYZ  0.1646461E+01 0.1784785E+01 0.4988046E-02 0.1651939E+01 0.1784785E+01 0.3998933E-02 0.1657140E+01 0.1784785E+01 0.3054534E-02
 XYZ  0.1662059E+01 0.1784785E+01 0.2133555E-02 0.1666700E+01 0.1784785E+01 0.1251317E-02 0.1671040E+01 0.1784785E+01 0.4156825E-03
 XYZ  0.1675073E+01 0.1784785E+01-0.3818555E-03 0.1678798E+01 0.1784785E+01-0.1134547E-02 0.1682204E+01 0.1784785E+01-0.1837906E-02
 XYZ  0.1685290E+01 0.1784785E+01-0.2488128E-02 0.1688046E+01 0.1784785E+01-0.3070057E-02 0.1690450E+01 0.1784785E+01-0.3587075E-02
 XYZ  0.1692506E+01 0.1784785E+01-0.4045530E-02 0.1694212E+01 0.1784785E+01-0.4432824E-02 0.1695557E+01 0.1784785E+01-0.4741318E-02
 XYZ  0.1696530E+01 0.1784785E+01-0.4967194E-02 0.1697123E+01 0.1784785E+01-0.5106454E-02 0.1697324E+01 0.1784785E+01-0.5154041E-02
 SHK     1 0.1264667E+01 0.1784782E+01 0.1966307E-01 0.1327593E+01 0.3459693E+02 0.1482398E+02 0.1998463E+02
 SHK     1 0.1266908E+01 0.1784780E+01 0.2538328E-01 0.1167468E+01 0.3459693E+02 0.1336796E+02 0.2076795E+02
 SHK     1 0.1264410E+01 0.1784778E+01 0.3022665E-01 0.1064322E+01 0.3457913E+02 0.1166616E+02 0.2207840E+02
 LMN  181202816 1 1 1 0 0 0 0 0 0 0 0 0 0 0 0 0 0 0 0 0
 XYZ  0.1336026E+01 0.1907749E+01 0.7580913E-02 0.1336477E+01 0.1907749E+01 0.9076091E-02 0.1337179E+01 0.1907749E+01 0.1052186E-01
 XYZ  0.1338151E+01 0.1907748E+01 0.1189353E-01 0.1339419E+01 0.1907748E+01 0.1318693E-01 0.1340996E+01 0.1907748E+01 0.1441427E-01
 XYZ  0.1342881E+01 0.1907748E+01 0.1558986E-01 0.1345061E+01 0.1907748E+01 0.1671311E-01 0.1347530E+01 0.1907747E+01 0.1776890E-01
 XYZ  0.1350299E+01 0.1907747E+01 0.1874541E-01 0.1353384E+01 0.1907747E+01 0.1964573E-01 0.1356787E+01 0.1907747E+01 0.2048833E-01
 XYZ  0.1360495E+01 0.1907747E+01 0.2127898E-01 0.1364504E+01 0.1907746E+01 0.2201799E-01 0.1368806E+01 0.1907746E+01 0.2271356E-01
 XYZ  0.1373384E+01 0.1907746E+01 0.2335858E-01 0.1378242E+01 0.1907746E+01 0.2394370E-01 0.1383384E+01 0.1907746E+01 0.2448087E-01
 XYZ  0.1388794E+01 0.1907746E+01 0.2498090E-01 0.1394458E+01 0.1907746E+01 0.2543963E-01 0.1400374E+01 0.1907745E+01 0.2586278E-01
 XYZ  0.1406521E+01 0.1907745E+01 0.2625997E-01 0.1412875E+01 0.1907745E+01 0.2662278E-01 0.1419429E+01 0.1907745E+01 0.2693328E-01
 XYZ  0.1426190E+01 0.1907745E+01 0.2719025E-01 0.1433144E+01 0.1907745E+01 0.2741379E-01 0.1440263E+01 0.1907745E+01 0.2759095E-01
 XYZ  0.1447557E+01 0.1907745E+01 0.2770883E-01 0.1455020E+01 0.1907745E+01 0.2779126E-01 0.1462618E+01 0.1907745E+01 0.2784037E-01
 XYZ  0.1470339E+01 0.1907745E+01 0.2783446E-01 0.1478194E+01 0.1907745E+01 0.2777410E-01 0.1486170E+01 0.1907745E+01 0.2768199E-01
 XYZ  0.1494236E+01 0.1907745E+01 0.2756187E-01 0.1502372E+01 0.1907745E+01 0.2739836E-01 0.1510580E+01 0.1907745E+01 0.2718460E-01
 XYZ  0.1518850E+01 0.1907745E+01 0.2693568E-01 0.1527152E+01 0.1907745E+01 0.2665274E-01 0.1535475E+01 0.1907745E+01 0.2631987E-01
 XYZ  0.1543815E+01 0.1907745E+01 0.2594067E-01 0.1552154E+01 0.1907746E+01 0.2551657E-01 0.1560479E+01 0.1907746E+01 0.2504283E-01
 XYZ  0.1568778E+01 0.1907746E+01 0.2451690E-01 0.1577044E+01 0.1907746E+01 0.2393254E-01 0.1585272E+01 0.1907746E+01 0.2329779E-01
 XYZ  0.1593441E+01 0.1907746E+01 0.2261092E-01 0.1601547E+01 0.1907747E+01 0.2186314E-01 0.1609589E+01 0.1907747E+01 0.2106260E-01
 XYZ  0.1617551E+01 0.1907747E+01 0.2021369E-01 0.1625427E+01 0.1907747E+01 0.1930688E-01 0.1633229E+01 0.1907747E+01 0.1835861E-01
 XYZ  0.1640932E+01 0.1907748E+01 0.1739535E-01 0.1648509E+01 0.1907748E+01 0.1641005E-01 0.1655957E+01 0.1907748E+01 0.1540033E-01
 XYZ  0.1663266E+01 0.1907748E+01 0.1437176E-01 0.1670427E+01 0.1907748E+01 0.1332890E-01 0.1677428E+01 0.1907748E+01 0.1227989E-01
 XYZ  0.1684257E+01 0.1907749E+01 0.1122896E-01 0.1690903E+01 0.1907749E+01 0.1018374E-01 0.1697349E+01 0.1907749E+01 0.9144122E-02
 XYZ  0.1703591E+01 0.1907749E+01 0.8111420E-02 0.1709618E+01 0.1907749E+01 0.7098693E-02 0.1715408E+01 0.1907749E+01 0.6106031E-02
 XYZ  0.1720961E+01 0.1907749E+01 0.5122315E-02 0.1726280E+01 0.1907749E+01 0.4171093E-02 0.1731331E+01 0.1907749E+01 0.3262814E-02
 XYZ  0.1736107E+01 0.1907749E+01 0.2376806E-02 0.1740613E+01 0.1907749E+01 0.1527975E-02 0.1744827E+01 0.1907749E+01 0.7238908E-03
 XYZ  0.1748743E+01 0.1907749E+01-0.4371216E-04 0.1752360E+01 0.1907749E+01-0.7682737E-03 0.1755668E+01 0.1907749E+01-0.1445464E-02
 XYZ  0.1758664E+01 0.1907749E+01-0.2071584E-02 0.1761339E+01 0.1907749E+01-0.2631941E-02 0.1763674E+01 0.1907749E+01-0.3129870E-02
 XYZ  0.1765670E+01 0.1907749E+01-0.3571516E-02 0.1767327E+01 0.1907749E+01-0.3944650E-02 0.1768632E+01 0.1907749E+01-0.4241882E-02
 XYZ  0.1769577E+01 0.1907749E+01-0.4459527E-02 0.1770153E+01 0.1907749E+01-0.4593720E-02 0.1770348E+01 0.1907749E+01-0.4639578E-02
 SHK     1 0.1350207E+01 0.1907747E+01 0.1871271E-01 0.1313612E+01 0.3458485E+02 0.1464539E+02 0.2033846E+02
 SHK     1 0.1349478E+01 0.1907746E+01 0.2307750E-01 0.1170725E+01 0.3458485E+02 0.1290956E+02 0.2171615E+02
 SHK     1 0.1350046E+01 0.1907744E+01 0.2901628E-01 0.1054017E+01 0.3457371E+02 0.1148635E+02 0.2230111E+02
 LMN  181202817 1 1 1 0 0 0 0 0 0 0 0 0 0 0 0 0 0 0 0 0
 XYZ  0.1420643E+01 0.2028607E+01 0.6987316E-02 0.1421077E+01 0.2028607E+01 0.8439214E-02 0.1421757E+01 0.2028607E+01 0.9843482E-02
 XYZ  0.1422698E+01 0.2028607E+01 0.1117634E-01 0.1423925E+01 0.2028607E+01 0.1243373E-01 0.1425454E+01 0.2028607E+01 0.1362748E-01
 XYZ  0.1427281E+01 0.2028607E+01 0.1477152E-01 0.1429394E+01 0.2028606E+01 0.1586527E-01 0.1431789E+01 0.2028606E+01 0.1689405E-01
 XYZ  0.1434475E+01 0.2028606E+01 0.1784638E-01 0.1437467E+01 0.2028606E+01 0.1872530E-01 0.1440767E+01 0.2028606E+01 0.1954873E-01
 XYZ  0.1444364E+01 0.2028606E+01 0.2032226E-01 0.1448254E+01 0.2028606E+01 0.2104620E-01 0.1452427E+01 0.2028605E+01 0.2172847E-01
 XYZ  0.1456868E+01 0.2028605E+01 0.2236215E-01 0.1461582E+01 0.2028605E+01 0.2293819E-01 0.1466570E+01 0.2028605E+01 0.2346816E-01
 XYZ  0.1471819E+01 0.2028605E+01 0.2396255E-01 0.1477315E+01 0.2028605E+01 0.2441729E-01 0.1483055E+01 0.2028605E+01 0.2483794E-01
 XYZ  0.1489019E+01 0.2028605E+01 0.2523379E-01 0.1495185E+01 0.2028605E+01 0.2559662E-01 0.1501544E+01 0.2028605E+01 0.2590903E-01
 XYZ  0.1508104E+01 0.2028604E+01 0.2616984E-01 0.1514852E+01 0.2028604E+01 0.2639855E-01 0.1521760E+01 0.2028604E+01 0.2658253E-01
 XYZ  0.1528838E+01 0.2028604E+01 0.2670927E-01 0.1536079E+01 0.2028604E+01 0.2680190E-01 0.1543452E+01 0.2028604E+01 0.2686243E-01
 XYZ  0.1550945E+01 0.2028604E+01 0.2686978E-01 0.1558568E+01 0.2028604E+01 0.2682451E-01 0.1566308E+01 0.2028604E+01 0.2674864E-01
 XYZ  0.1574135E+01 0.2028604E+01 0.2664575E-01 0.1582031E+01 0.2028604E+01 0.2650085E-01 0.1589996E+01 0.2028604E+01 0.2630733E-01
 XYZ  0.1598021E+01 0.2028604E+01 0.2607979E-01 0.1606078E+01 0.2028605E+01 0.2581929E-01 0.1614155E+01 0.2028605E+01 0.2551036E-01
 XYZ  0.1622249E+01 0.2028605E+01 0.2515651E-01 0.1630342E+01 0.2028605E+01 0.2475908E-01 0.1638421E+01 0.2028605E+01 0.2431345E-01
 XYZ  0.1646476E+01 0.2028605E+01 0.2381712E-01 0.1654498E+01 0.2028605E+01 0.2326404E-01 0.1662483E+01 0.2028605E+01 0.2266201E-01
 XYZ  0.1670412E+01 0.2028605E+01 0.2200927E-01 0.1678280E+01 0.2028606E+01 0.2129733E-01 0.1686085E+01 0.2028606E+01 0.2053408E-01
 XYZ  0.1693812E+01 0.2028606E+01 0.1972376E-01 0.1701457E+01 0.2028606E+01 0.1885709E-01 0.1709030E+01 0.2028606E+01 0.1795010E-01
 XYZ  0.1716506E+01 0.2028606E+01 0.1702839E-01 0.1723861E+01 0.2028606E+01 0.1608508E-01 0.1731090E+01 0.2028607E+01 0.1511786E-01
 XYZ  0.1738184E+01 0.2028607E+01 0.1413211E-01 0.1745134E+01 0.2028607E+01 0.1313226E-01 0.1751930E+01 0.2028607E+01 0.1212617E-01
 XYZ  0.1758559E+01 0.2028607E+01 0.1111794E-01 0.1765009E+01 0.2028607E+01 0.1011493E-01 0.1771266E+01 0.2028607E+01 0.9117035E-02
 XYZ  0.1777325E+01 0.2028607E+01 0.8125509E-02 0.1783175E+01 0.2028607E+01 0.7153015E-02 0.1788795E+01 0.2028608E+01 0.6199581E-02
 XYZ  0.1794185E+01 0.2028608E+01 0.5254430E-02 0.1799348E+01 0.2028608E+01 0.4340444E-02 0.1804250E+01 0.2028608E+01 0.3467662E-02
 XYZ  0.1808886E+01 0.2028608E+01 0.2616021E-02 0.1813259E+01 0.2028608E+01 0.1800017E-02 0.1817350E+01 0.2028608E+01 0.1026934E-02
 XYZ  0.1821151E+01 0.2028608E+01 0.2887459E-03 0.1824662E+01 0.2028608E+01-0.4081771E-03 0.1827872E+01 0.2028608E+01-0.1059656E-02
 XYZ  0.1830781E+01 0.2028608E+01-0.1662098E-02 0.1833377E+01 0.2028608E+01-0.2201265E-02 0.1835643E+01 0.2028608E+01-0.2680442E-02
 XYZ  0.1837581E+01 0.2028608E+01-0.3105577E-02 0.1839189E+01 0.2028608E+01-0.3464804E-02 0.1840456E+01 0.2028608E+01-0.3750978E-02
 XYZ  0.1841373E+01 0.2028608E+01-0.3960539E-02 0.1841932E+01 0.2028608E+01-0.4089759E-02 0.1842121E+01 0.2028608E+01-0.4133920E-02
 SHK     1 0.1434262E+01 0.2028606E+01 0.1777092E-01 0.1297910E+01 0.3458475E+02 0.1442950E+02 0.2089960E+02
 SHK     1 0.1433480E+01 0.2028605E+01 0.2197258E-01 0.1158158E+01 0.3458475E+02 0.1269682E+02 0.2221200E+02
 SHK     1 0.1434216E+01 0.2028604E+01 0.2782372E-01 0.1042688E+01 0.3458167E+02 0.1127517E+02 0.2263049E+02
 LMN  181202818 1 1 0 0 0 0 0 0 0 0 0 0 0 0 0 0 0 0 0 0
 XYZ  0.1505583E+01 0.2149927E+01 0.6391981E-02 0.1506001E+01 0.2149927E+01 0.7800391E-02 0.1506657E+01 0.2149927E+01 0.9162926E-02
 XYZ  0.1507567E+01 0.2149927E+01 0.1045677E-01 0.1508754E+01 0.2149926E+01 0.1167799E-01 0.1510234E+01 0.2149926E+01 0.1283797E-01
 XYZ  0.1512004E+01 0.2149926E+01 0.1395031E-01 0.1514050E+01 0.2149926E+01 0.1501443E-01 0.1516369E+01 0.2149926E+01 0.1601606E-01
 XYZ  0.1518971E+01 0.2149926E+01 0.1694409E-01 0.1521870E+01 0.2149926E+01 0.1780151E-01 0.1525068E+01 0.2149926E+01 0.1860569E-01
 XYZ  0.1528554E+01 0.2149925E+01 0.1936203E-01 0.1532323E+01 0.2149925E+01 0.2007082E-01 0.1536367E+01 0.2149925E+01 0.2073973E-01
 XYZ  0.1540671E+01 0.2149925E+01 0.2136202E-01 0.1545239E+01 0.2149925E+01 0.2192892E-01 0.1550074E+01 0.2149925E+01 0.2245167E-01
 XYZ  0.1555161E+01 0.2149925E+01 0.2294039E-01 0.1560488E+01 0.2149925E+01 0.2339113E-01 0.1566051E+01 0.2149925E+01 0.2380925E-01
 XYZ  0.1571832E+01 0.2149925E+01 0.2420374E-01 0.1577808E+01 0.2149925E+01 0.2456660E-01 0.1583972E+01 0.2149924E+01 0.2488092E-01
 XYZ  0.1590331E+01 0.2149924E+01 0.2514559E-01 0.1596872E+01 0.2149924E+01 0.2537947E-01 0.1603568E+01 0.2149924E+01 0.2557029E-01
 XYZ  0.1610429E+01 0.2149924E+01 0.2570592E-01 0.1617448E+01 0.2149924E+01 0.2580880E-01 0.1624596E+01 0.2149924E+01 0.2588079E-01
 XYZ  0.1631859E+01 0.2149924E+01 0.2590143E-01 0.1639248E+01 0.2149924E+01 0.2587131E-01 0.1646751E+01 0.2149924E+01 0.2581175E-01
 XYZ  0.1654339E+01 0.2149924E+01 0.2572613E-01 0.1661993E+01 0.2149924E+01 0.2559993E-01 0.1669715E+01 0.2149924E+01 0.2542671E-01
 XYZ  0.1677495E+01 0.2149924E+01 0.2522063E-01 0.1685305E+01 0.2149924E+01 0.2498265E-01 0.1693136E+01 0.2149925E+01 0.2469776E-01
 XYZ  0.1700983E+01 0.2149925E+01 0.2436935E-01 0.1708828E+01 0.2149925E+01 0.2399869E-01 0.1716661E+01 0.2149925E+01 0.2358128E-01
 XYZ  0.1724470E+01 0.2149925E+01 0.2311468E-01 0.1732248E+01 0.2149925E+01 0.2259301E-01 0.1739990E+01 0.2149925E+01 0.2202381E-01
 XYZ  0.1747676E+01 0.2149925E+01 0.2140535E-01 0.1755305E+01 0.2149925E+01 0.2072939E-01 0.1762873E+01 0.2149925E+01 0.2000358E-01
 XYZ  0.1770365E+01 0.2149925E+01 0.1923200E-01 0.1777777E+01 0.2149926E+01 0.1840564E-01 0.1785119E+01 0.2149926E+01 0.1754009E-01
 XYZ  0.1792368E+01 0.2149926E+01 0.1666011E-01 0.1799499E+01 0.2149926E+01 0.1575895E-01 0.1806509E+01 0.2149926E+01 0.1483439E-01
 XYZ  0.1813387E+01 0.2149926E+01 0.1389164E-01 0.1820126E+01 0.2149926E+01 0.1293497E-01 0.1826715E+01 0.2149926E+01 0.1197197E-01
 XYZ  0.1833143E+01 0.2149926E+01 0.1100660E-01 0.1839397E+01 0.2149927E+01 0.1004598E-01 0.1845464E+01 0.2149927E+01 0.9089961E-02
 XYZ  0.1851339E+01 0.2149927E+01 0.8139769E-02 0.1857011E+01 0.2149927E+01 0.7207659E-02 0.1862461E+01 0.2149927E+01 0.6293602E-02
 XYZ  0.1867687E+01 0.2149927E+01 0.5387164E-02 0.1872693E+01 0.2149927E+01 0.4510550E-02 0.1877447E+01 0.2149927E+01 0.3673396E-02
 XYZ  0.1881941E+01 0.2149927E+01 0.2856249E-02 0.1886183E+01 0.2149927E+01 0.2073192E-02 0.1890149E+01 0.2149927E+01 0.1331222E-02
 XYZ  0.1893835E+01 0.2149927E+01 0.6225545E-03 0.1897239E+01 0.2149927E+01-0.4663184E-04 0.1900352E+01 0.2149927E+01-0.6723092E-03
 XYZ  0.1903172E+01 0.2149927E+01-0.1250991E-02 0.1905690E+01 0.2149927E+01-0.1768898E-02 0.1907887E+01 0.2149927E+01-0.2229259E-02
 XYZ  0.1909766E+01 0.2149927E+01-0.2637828E-02 0.1911325E+01 0.2149927E+01-0.2983103E-02 0.1912554E+01 0.2149927E+01-0.3258184E-02
 XYZ  0.1913443E+01 0.2149927E+01-0.3459638E-02 0.1913985E+01 0.2149927E+01-0.3583869E-02 0.1914168E+01 0.2149927E+01-0.3626328E-02
 SHK     1 0.1518649E+01 0.2149926E+01 0.1682921E-01 0.1281293E+01 0.3459976E+02 0.1419760E+02 0.2139851E+02
 SHK     1 0.1517846E+01 0.2149925E+01 0.2088019E-01 0.1144638E+01 0.3459976E+02 0.1247202E+02 0.2264933E+02
 LMN  181202819 1 1 0 0 0 0 0 0 0 0 0 0 0 0 0 0 0 0 0 0
 XYZ  0.1591837E+01 0.2273124E+01 0.5787854E-02 0.1592239E+01 0.2273124E+01 0.7152069E-02 0.1592871E+01 0.2273124E+01 0.8472164E-02
 XYZ  0.1593749E+01 0.2273124E+01 0.9726346E-02 0.1594897E+01 0.2273124E+01 0.1091080E-01 0.1596327E+01 0.2273123E+01 0.1203647E-01
 XYZ  0.1598037E+01 0.2273123E+01 0.1311660E-01 0.1600016E+01 0.2273123E+01 0.1415061E-01 0.1602259E+01 0.2273123E+01 0.1512464E-01
 XYZ  0.1604776E+01 0.2273123E+01 0.1602798E-01 0.1607580E+01 0.2273123E+01 0.1686355E-01 0.1610674E+01 0.2273123E+01 0.1764817E-01
 XYZ  0.1614046E+01 0.2273123E+01 0.1838704E-01 0.1617693E+01 0.2273123E+01 0.1908044E-01 0.1621606E+01 0.2273123E+01 0.1973577E-01
 XYZ  0.1625772E+01 0.2273123E+01 0.2034648E-01 0.1630192E+01 0.2273122E+01 0.2090410E-01 0.1634871E+01 0.2273122E+01 0.2141950E-01
 XYZ  0.1639794E+01 0.2273122E+01 0.2190247E-01 0.1644949E+01 0.2273122E+01 0.2234913E-01 0.1650333E+01 0.2273122E+01 0.2276469E-01
 XYZ  0.1655928E+01 0.2273122E+01 0.2315781E-01 0.1661711E+01 0.2273122E+01 0.2352067E-01 0.1667677E+01 0.2273122E+01 0.2383693E-01
 XYZ  0.1673831E+01 0.2273122E+01 0.2410551E-01 0.1680162E+01 0.2273122E+01 0.2434465E-01 0.1686643E+01 0.2273122E+01 0.2454240E-01
 XYZ  0.1693283E+01 0.2273122E+01 0.2468707E-01 0.1700078E+01 0.2273122E+01 0.2480034E-01 0.1706995E+01 0.2273122E+01 0.2488396E-01
 XYZ  0.1714026E+01 0.2273122E+01 0.2491811E-01 0.1721178E+01 0.2273122E+01 0.2490337E-01 0.1728440E+01 0.2273122E+01 0.2486036E-01
 XYZ  0.1735785E+01 0.2273122E+01 0.2479230E-01 0.1743194E+01 0.2273122E+01 0.2468507E-01 0.1750668E+01 0.2273122E+01 0.2453247E-01
 XYZ  0.1758199E+01 0.2273122E+01 0.2434818E-01 0.1765759E+01 0.2273122E+01 0.2413307E-01 0.1773340E+01 0.2273122E+01 0.2387258E-01
 XYZ  0.1780935E+01 0.2273122E+01 0.2357002E-01 0.1788530E+01 0.2273122E+01 0.2322654E-01 0.1796112E+01 0.2273122E+01 0.2283780E-01
 XYZ  0.1803671E+01 0.2273122E+01 0.2240138E-01 0.1811201E+01 0.2273122E+01 0.2191160E-01 0.1818695E+01 0.2273122E+01 0.2137575E-01
 XYZ  0.1826137E+01 0.2273122E+01 0.2079210E-01 0.1833522E+01 0.2273123E+01 0.2015269E-01 0.1840848E+01 0.2273123E+01 0.1946491E-01
 XYZ  0.1848101E+01 0.2273123E+01 0.1873267E-01 0.1855278E+01 0.2273123E+01 0.1794726E-01 0.1862386E+01 0.2273123E+01 0.1712379E-01
 XYZ  0.1869404E+01 0.2273123E+01 0.1628618E-01 0.1876308E+01 0.2273123E+01 0.1542784E-01 0.1883094E+01 0.2273123E+01 0.1454662E-01
 XYZ  0.1889754E+01 0.2273123E+01 0.1364753E-01 0.1896278E+01 0.2273123E+01 0.1273470E-01 0.1902658E+01 0.2273123E+01 0.1181547E-01
 XYZ  0.1908881E+01 0.2273124E+01 0.1089363E-01 0.1914936E+01 0.2273124E+01 0.9976053E-02 0.1920810E+01 0.2273124E+01 0.9062562E-02
 XYZ  0.1926498E+01 0.2273124E+01 0.8154345E-02 0.1931990E+01 0.2273124E+01 0.7263244E-02 0.1937266E+01 0.2273124E+01 0.6389175E-02
 XYZ  0.1942327E+01 0.2273124E+01 0.5522046E-02 0.1947173E+01 0.2273124E+01 0.4683378E-02 0.1951776E+01 0.2273124E+01 0.3882400E-02
 XYZ  0.1956128E+01 0.2273124E+01 0.3100279E-02 0.1960234E+01 0.2273124E+01 0.2350672E-02 0.1964074E+01 0.2273124E+01 0.1640292E-02
 XYZ  0.1967643E+01 0.2273124E+01 0.9615976E-03 0.1970939E+01 0.2273124E+01 0.3205712E-03 0.1973953E+01 0.2273124E+01-0.2789111E-03
 XYZ  0.1976684E+01 0.2273124E+01-0.8334722E-03 0.1979121E+01 0.2273124E+01-0.1329798E-02 0.1981249E+01 0.2273124E+01-0.1771058E-02
 XYZ  0.1983068E+01 0.2273124E+01-0.2162812E-02 0.1984578E+01 0.2273124E+01-0.2493926E-02 0.1985767E+01 0.2273124E+01-0.2757747E-02
 XYZ  0.1986629E+01 0.2273124E+01-0.2950974E-02 0.1987153E+01 0.2273124E+01-0.3070143E-02 0.1987330E+01 0.2273124E+01-0.3110875E-02
 SHK     1 0.1604321E+01 0.2273123E+01 0.1586454E-01 0.1262714E+01 0.3461507E+02 0.1391915E+02 0.2196399E+02
 SHK     1 0.1603646E+01 0.2273123E+01 0.1982429E-01 0.1128083E+01 0.3461507E+02 0.1222332E+02 0.2307928E+02
 LMN  181202820 1 1 0 0 0 0 0 0 0 0 0 0 0 0 0 0 0 0 0 0
 XYZ  0.1679894E+01 0.2398896E+01 0.5171447E-02 0.1680280E+01 0.2398896E+01 0.6490513E-02 0.1680888E+01 0.2398896E+01 0.7767233E-02
 XYZ  0.1681734E+01 0.2398896E+01 0.8980891E-02 0.1682840E+01 0.2398896E+01 0.1012779E-01 0.1684219E+01 0.2398896E+01 0.1121840E-01
 XYZ  0.1685870E+01 0.2398896E+01 0.1226564E-01 0.1687779E+01 0.2398895E+01 0.1326888E-01 0.1689945E+01 0.2398895E+01 0.1421472E-01
 XYZ  0.1692374E+01 0.2398895E+01 0.1509284E-01 0.1695082E+01 0.2398895E+01 0.1590609E-01 0.1698070E+01 0.2398895E+01 0.1667073E-01
 XYZ  0.1701327E+01 0.2398895E+01 0.1739175E-01 0.1704849E+01 0.2398895E+01 0.1806943E-01 0.1708628E+01 0.2398895E+01 0.1871090E-01
 XYZ  0.1712651E+01 0.2398895E+01 0.1930979E-01 0.1716921E+01 0.2398895E+01 0.1985792E-01 0.1721441E+01 0.2398895E+01 0.2036583E-01
 XYZ  0.1726196E+01 0.2398895E+01 0.2084290E-01 0.1731176E+01 0.2398895E+01 0.2128540E-01 0.1736377E+01 0.2398895E+01 0.2169835E-01
 XYZ  0.1741781E+01 0.2398895E+01 0.2209005E-01 0.1747369E+01 0.2398895E+01 0.2245293E-01 0.1753132E+01 0.2398895E+01 0.2277115E-01
 XYZ  0.1759077E+01 0.2398894E+01 0.2304373E-01 0.1765193E+01 0.2398894E+01 0.2328824E-01 0.1771455E+01 0.2398894E+01 0.2349306E-01
 XYZ  0.1777870E+01 0.2398894E+01 0.2364695E-01 0.1784434E+01 0.2398894E+01 0.2377083E-01 0.1791118E+01 0.2398894E+01 0.2386633E-01
 XYZ  0.1797910E+01 0.2398894E+01 0.2391425E-01 0.1804820E+01 0.2398894E+01 0.2391521E-01 0.1811837E+01 0.2398894E+01 0.2388910E-01
 XYZ  0.1818933E+01 0.2398894E+01 0.2383895E-01 0.1826092E+01 0.2398894E+01 0.2375110E-01 0.1833314E+01 0.2398894E+01 0.2361954E-01
 XYZ  0.1840590E+01 0.2398894E+01 0.2345750E-01 0.1847895E+01 0.2398894E+01 0.2326574E-01 0.1855220E+01 0.2398894E+01 0.2303017E-01
 XYZ  0.1862559E+01 0.2398895E+01 0.2275398E-01 0.1869897E+01 0.2398895E+01 0.2243827E-01 0.1877224E+01 0.2398895E+01 0.2207878E-01
 XYZ  0.1884528E+01 0.2398895E+01 0.2167319E-01 0.1891804E+01 0.2398895E+01 0.2121597E-01 0.1899046E+01 0.2398895E+01 0.2071416E-01
 XYZ  0.1906237E+01 0.2398895E+01 0.2016606E-01 0.1913374E+01 0.2398895E+01 0.1956396E-01 0.1920454E+01 0.2398895E+01 0.1891501E-01
 XYZ  0.1927463E+01 0.2398895E+01 0.1822294E-01 0.1934398E+01 0.2398895E+01 0.1747933E-01 0.1941268E+01 0.2398895E+01 0.1669884E-01
 XYZ  0.1948050E+01 0.2398895E+01 0.1590449E-01 0.1954722E+01 0.2398895E+01 0.1508987E-01 0.1961281E+01 0.2398895E+01 0.1425289E-01
 XYZ  0.1967716E+01 0.2398895E+01 0.1339839E-01 0.1974022E+01 0.2398896E+01 0.1253033E-01 0.1980187E+01 0.2398896E+01 0.1165577E-01
 XYZ  0.1986202E+01 0.2398896E+01 0.1077837E-01 0.1992054E+01 0.2398896E+01 0.9904745E-02 0.1997731E+01 0.2398896E+01 0.9034673E-02
 XYZ  0.2003228E+01 0.2398896E+01 0.8169309E-02 0.2008536E+01 0.2398896E+01 0.7320073E-02 0.2013635E+01 0.2398896E+01 0.6486826E-02
 XYZ  0.2018526E+01 0.2398896E+01 0.5659829E-02 0.2023210E+01 0.2398896E+01 0.4859896E-02 0.2027658E+01 0.2398896E+01 0.4095847E-02
 XYZ  0.2031864E+01 0.2398896E+01 0.3349480E-02 0.2035833E+01 0.2398896E+01 0.2634018E-02 0.2039545E+01 0.2398896E+01 0.1955884E-02
 XYZ  0.2042994E+01 0.2398896E+01 0.1307785E-02 0.2046179E+01 0.2398896E+01 0.6955016E-03 0.2049092E+01 0.2398896E+01 0.1227568E-03
 XYZ  0.2051732E+01 0.2398896E+01-0.4071858E-03 0.2054088E+01 0.2398896E+01-0.8814857E-03 0.2056144E+01 0.2398896E+01-0.1303252E-02
 XYZ  0.2057902E+01 0.2398896E+01-0.1677844E-02 0.2059361E+01 0.2398896E+01-0.1994507E-02 0.2060511E+01 0.2398896E+01-0.2246839E-02
 XYZ  0.2061344E+01 0.2398896E+01-0.2431670E-02 0.2061850E+01 0.2398896E+01-0.2545674E-02 0.2062022E+01 0.2398896E+01-0.2584644E-02
 SHK     1 0.1691779E+01 0.2398895E+01 0.1487757E-01 0.1241623E+01 0.3462504E+02 0.1359563E+02 0.2267181E+02
 SHK     1 0.1691416E+01 0.2398895E+01 0.1882101E-01 0.1108582E+01 0.3462504E+02 0.1194842E+02 0.2354307E+02
 LMN  181202821 1 1 0 0 0 0 0 0 0 0 0 0 0 0 0 0 0 0 0 0
 XYZ  0.1769649E+01 0.2527092E+01 0.4543447E-02 0.1770017E+01 0.2527092E+01 0.5816470E-02 0.1770601E+01 0.2527092E+01 0.7048938E-02
 XYZ  0.1771414E+01 0.2527092E+01 0.8221262E-02 0.1772478E+01 0.2527092E+01 0.9329858E-02 0.1773806E+01 0.2527092E+01 0.1038473E-01
 XYZ  0.1775395E+01 0.2527092E+01 0.1139841E-01 0.1777234E+01 0.2527092E+01 0.1237029E-01 0.1779321E+01 0.2527092E+01 0.1328738E-01
 XYZ  0.1781662E+01 0.2527092E+01 0.1413978E-01 0.1784271E+01 0.2527092E+01 0.1493026E-01 0.1787151E+01 0.2527092E+01 0.1567453E-01
 XYZ  0.1790289E+01 0.2527092E+01 0.1637736E-01 0.1793684E+01 0.2527092E+01 0.1703901E-01 0.1797327E+01 0.2527092E+01 0.1766634E-01
 XYZ  0.1801206E+01 0.2527092E+01 0.1825317E-01 0.1805322E+01 0.2527092E+01 0.1879163E-01 0.1809679E+01 0.2527091E+01 0.1929189E-01
 XYZ  0.1814264E+01 0.2527091E+01 0.1976297E-01 0.1819065E+01 0.2527091E+01 0.2020122E-01 0.1824079E+01 0.2527091E+01 0.2061149E-01
 XYZ  0.1829290E+01 0.2527091E+01 0.2100176E-01 0.1834677E+01 0.2527091E+01 0.2136465E-01 0.1840234E+01 0.2527091E+01 0.2168487E-01
 XYZ  0.1845967E+01 0.2527091E+01 0.2196151E-01 0.1851864E+01 0.2527091E+01 0.2221149E-01 0.1857902E+01 0.2527091E+01 0.2242353E-01
 XYZ  0.1864088E+01 0.2527091E+01 0.2258680E-01 0.1870417E+01 0.2527091E+01 0.2272150E-01 0.1876862E+01 0.2527091E+01 0.2282909E-01
 XYZ  0.1883412E+01 0.2527091E+01 0.2289106E-01 0.1890076E+01 0.2527091E+01 0.2290802E-01 0.1896842E+01 0.2527091E+01 0.2289913E-01
 XYZ  0.1903685E+01 0.2527091E+01 0.2286725E-01 0.1910588E+01 0.2527091E+01 0.2279914E-01 0.1917552E+01 0.2527091E+01 0.2268904E-01
 XYZ  0.1924570E+01 0.2527091E+01 0.2254967E-01 0.1931615E+01 0.2527091E+01 0.2238170E-01 0.1938678E+01 0.2527091E+01 0.2217154E-01
 XYZ  0.1945756E+01 0.2527091E+01 0.2192224E-01 0.1952833E+01 0.2527091E+01 0.2163481E-01 0.1959899E+01 0.2527091E+01 0.2130515E-01
 XYZ  0.1966944E+01 0.2527091E+01 0.2093097E-01 0.1973961E+01 0.2527091E+01 0.2050694E-01 0.1980946E+01 0.2527091E+01 0.2003984E-01
 XYZ  0.1987881E+01 0.2527091E+01 0.1952798E-01 0.1994765E+01 0.2527091E+01 0.1896391E-01 0.2001593E+01 0.2527092E+01 0.1835454E-01
 XYZ  0.2008354E+01 0.2527092E+01 0.1770342E-01 0.2015044E+01 0.2527092E+01 0.1700244E-01 0.2021669E+01 0.2527092E+01 0.1626574E-01
 XYZ  0.2028211E+01 0.2527092E+01 0.1551550E-01 0.2034647E+01 0.2527092E+01 0.1474544E-01 0.2040973E+01 0.2527092E+01 0.1395356E-01
 XYZ  0.2047181E+01 0.2527092E+01 0.1314450E-01 0.2053264E+01 0.2527092E+01 0.1232208E-01 0.2059211E+01 0.2527092E+01 0.1149307E-01
 XYZ  0.2065013E+01 0.2527092E+01 0.1066097E-01 0.2070658E+01 0.2527092E+01 0.9832133E-02 0.2076134E+01 0.2527092E+01 0.9006319E-02
 XYZ  0.2081437E+01 0.2527092E+01 0.8184633E-02 0.2086557E+01 0.2527092E+01 0.7378068E-02 0.2091476E+01 0.2527092E+01 0.6586429E-02
 XYZ  0.2096194E+01 0.2527092E+01 0.5800336E-02 0.2100712E+01 0.2527092E+01 0.5039881E-02 0.2105003E+01 0.2527092E+01 0.4313471E-02
 XYZ  0.2109061E+01 0.2527092E+01 0.3603546E-02 0.2112889E+01 0.2527092E+01 0.2922882E-02 0.2116470E+01 0.2527092E+01 0.2277612E-02
 XYZ  0.2119797E+01 0.2527092E+01 0.1660693E-02 0.2122870E+01 0.2527092E+01 0.1077704E-02 0.2125680E+01 0.2527092E+01 0.5322071E-03
 XYZ  0.2128226E+01 0.2527092E+01 0.2735221E-04 0.2130499E+01 0.2527092E+01-0.4245029E-03 0.2132483E+01 0.2527092E+01-0.8264040E-03
 XYZ  0.2134179E+01 0.2527092E+01-0.1183508E-02 0.2135586E+01 0.2527092E+01-0.1485445E-02 0.2136696E+01 0.2527092E+01-0.1726071E-02
 XYZ  0.2137499E+01 0.2527092E+01-0.1902350E-02 0.2137988E+01 0.2527092E+01-0.2011091E-02 0.2138153E+01 0.2527092E+01-0.2048267E-02
 SHK     1 0.1781188E+01 0.2527092E+01 0.1396721E-01 0.1218636E+01 0.3463500E+02 0.1329887E+02 0.2338240E+02
 SHK     1 0.1781038E+01 0.2527092E+01 0.1786790E-01 0.1085545E+01 0.3463500E+02 0.1163266E+02 0.2413178E+02
 LMN  181202822 1 1 0 0 0 0 0 0 0 0 0 0 0 0 0 0 0 0 0 0
 XYZ  0.1859999E+01 0.2656139E+01 0.3911520E-02 0.1860350E+01 0.2656139E+01 0.5138174E-02 0.1860909E+01 0.2656139E+01 0.6326063E-02
 XYZ  0.1861689E+01 0.2656139E+01 0.7456757E-02 0.1862711E+01 0.2656139E+01 0.8526785E-02 0.1863987E+01 0.2656139E+01 0.9545654E-02
 XYZ  0.1865514E+01 0.2656138E+01 0.1052555E-01 0.1867283E+01 0.2656138E+01 0.1146585E-01 0.1869289E+01 0.2656138E+01 0.1235398E-01
 XYZ  0.1871541E+01 0.2656138E+01 0.1318048E-01 0.1874052E+01 0.2656138E+01 0.1394804E-01 0.1876822E+01 0.2656138E+01 0.1467179E-01
 XYZ  0.1879842E+01 0.2656138E+01 0.1535630E-01 0.1883109E+01 0.2656138E+01 0.1600182E-01 0.1886615E+01 0.2656138E+01 0.1661491E-01
 XYZ  0.1890348E+01 0.2656138E+01 0.1718961E-01 0.1894309E+01 0.2656138E+01 0.1771832E-01 0.1898503E+01 0.2656138E+01 0.1821088E-01
 XYZ  0.1902916E+01 0.2656138E+01 0.1867591E-01 0.1907537E+01 0.2656138E+01 0.1910989E-01 0.1912364E+01 0.2656138E+01 0.1951748E-01
 XYZ  0.1917380E+01 0.2656138E+01 0.1990629E-01 0.1922565E+01 0.2656138E+01 0.2026919E-01 0.1927914E+01 0.2656138E+01 0.2059143E-01
 XYZ  0.1933432E+01 0.2656138E+01 0.2087216E-01 0.1939109E+01 0.2656138E+01 0.2112764E-01 0.1944922E+01 0.2656138E+01 0.2134693E-01
 XYZ  0.1950877E+01 0.2656138E+01 0.2151965E-01 0.1956970E+01 0.2656138E+01 0.2166524E-01 0.1963175E+01 0.2656138E+01 0.2178501E-01
 XYZ  0.1969481E+01 0.2656138E+01 0.2186112E-01 0.1975896E+01 0.2656138E+01 0.2189418E-01 0.1982411E+01 0.2656138E+01 0.2190263E-01
 XYZ  0.1988999E+01 0.2656138E+01 0.2188912E-01 0.1995645E+01 0.2656138E+01 0.2184089E-01 0.2002350E+01 0.2656138E+01 0.2175238E-01
 XYZ  0.2009106E+01 0.2656138E+01 0.2163584E-01 0.2015889E+01 0.2656138E+01 0.2149183E-01 0.2022690E+01 0.2656138E+01 0.2130723E-01
 XYZ  0.2029505E+01 0.2656138E+01 0.2108499E-01 0.2036319E+01 0.2656138E+01 0.2082605E-01 0.2043123E+01 0.2656138E+01 0.2052641E-01
 XYZ  0.2049906E+01 0.2656138E+01 0.2018386E-01 0.2056663E+01 0.2656138E+01 0.1979324E-01 0.2063389E+01 0.2656138E+01 0.1936108E-01
 XYZ  0.2070067E+01 0.2656138E+01 0.1888569E-01 0.2076695E+01 0.2656138E+01 0.1835991E-01 0.2083271E+01 0.2656138E+01 0.1779039E-01
 XYZ  0.2089781E+01 0.2656138E+01 0.1718050E-01 0.2096223E+01 0.2656138E+01 0.1652242E-01 0.2102604E+01 0.2656138E+01 0.1582982E-01
 XYZ  0.2108904E+01 0.2656138E+01 0.1512398E-01 0.2115102E+01 0.2656138E+01 0.1439878E-01 0.2121195E+01 0.2656138E+01 0.1365231E-01
 XYZ  0.2127173E+01 0.2656138E+01 0.1288899E-01 0.2133031E+01 0.2656138E+01 0.1211251E-01 0.2138758E+01 0.2656138E+01 0.1132934E-01
 XYZ  0.2144346E+01 0.2656138E+01 0.1054284E-01 0.2149783E+01 0.2656139E+01 0.9759102E-02 0.2155056E+01 0.2656139E+01 0.8977839E-02
 XYZ  0.2160163E+01 0.2656139E+01 0.8200121E-02 0.2165095E+01 0.2656139E+01 0.7436510E-02 0.2169832E+01 0.2656139E+01 0.6686754E-02
 XYZ  0.2174376E+01 0.2656139E+01 0.5941835E-02 0.2178728E+01 0.2656139E+01 0.5221117E-02 0.2182861E+01 0.2656139E+01 0.4532592E-02
 XYZ  0.2186769E+01 0.2656139E+01 0.3859347E-02 0.2190456E+01 0.2656139E+01 0.3213709E-02 0.2193904E+01 0.2656139E+01 0.2601518E-02
 XYZ  0.2197109E+01 0.2656139E+01 0.2015984E-02 0.2200069E+01 0.2656139E+01 0.1462478E-02 0.2202775E+01 0.2656139E+01 0.9444062E-03
 XYZ  0.2205228E+01 0.2656139E+01 0.4648010E-03 0.2207417E+01 0.2656139E+01 0.3553461E-04 0.2209327E+01 0.2656139E+01-0.3463736E-03
 XYZ  0.2210961E+01 0.2656139E+01-0.6858770E-03 0.2212317E+01 0.2656139E+01-0.9729963E-03 0.2213385E+01 0.2656139E+01-0.1201842E-02
 XYZ  0.2214159E+01 0.2656139E+01-0.1369513E-02 0.2214630E+01 0.2656139E+01-0.1472960E-02 0.2214789E+01 0.2656139E+01-0.1508330E-02
 SHK     1 0.1870962E+01 0.2656138E+01 0.1296788E-01 0.1192656E+01 0.3468860E+02 0.1287754E+02 0.2457993E+02
 SHK     1 0.1870338E+01 0.2656138E+01 0.1651106E-01 0.1065766E+01 0.3468860E+02 0.1118310E+02 0.2538922E+02
 LMN  181202823 1 1 0 0 0 0 0 0 0 0 0 0 0 0 0 0 0 0 0 0
 XYZ  0.1948204E+01 0.2782122E+01 0.3294782E-02 0.1948539E+01 0.2782122E+01 0.4476151E-02 0.1949073E+01 0.2782122E+01 0.5620495E-02
 XYZ  0.1949821E+01 0.2782121E+01 0.6710529E-02 0.1950802E+01 0.2782121E+01 0.7742892E-02 0.1952027E+01 0.2782121E+01 0.8726605E-02
 XYZ  0.1953494E+01 0.2782121E+01 0.9673507E-02 0.1955194E+01 0.2782121E+01 0.1058296E-01 0.1957122E+01 0.2782121E+01 0.1144282E-01
 XYZ  0.1959287E+01 0.2782121E+01 0.1224402E-01 0.1961701E+01 0.2782121E+01 0.1298920E-01 0.1964365E+01 0.2782121E+01 0.1369292E-01
 XYZ  0.1967269E+01 0.2782121E+01 0.1435954E-01 0.1970411E+01 0.2782121E+01 0.1498930E-01 0.1973783E+01 0.2782121E+01 0.1558849E-01
 XYZ  0.1977373E+01 0.2782121E+01 0.1615133E-01 0.1981184E+01 0.2782121E+01 0.1667054E-01 0.1985218E+01 0.2782121E+01 0.1715557E-01
 XYZ  0.1989463E+01 0.2782121E+01 0.1761471E-01 0.1993909E+01 0.2782121E+01 0.1804451E-01 0.1998552E+01 0.2782121E+01 0.1844947E-01
 XYZ  0.2003378E+01 0.2782121E+01 0.1883687E-01 0.2008367E+01 0.2782121E+01 0.1919977E-01 0.2013513E+01 0.2782121E+01 0.1952397E-01
 XYZ  0.2018822E+01 0.2782121E+01 0.1980870E-01 0.2024284E+01 0.2782121E+01 0.2006954E-01 0.2029876E+01 0.2782121E+01 0.2029592E-01
 XYZ  0.2035606E+01 0.2782121E+01 0.2047787E-01 0.2041469E+01 0.2782121E+01 0.2063409E-01 0.2047439E+01 0.2782121E+01 0.2076574E-01
 XYZ  0.2053507E+01 0.2782121E+01 0.2085565E-01 0.2059680E+01 0.2782121E+01 0.2090443E-01 0.2065948E+01 0.2782121E+01 0.2092980E-01
 XYZ  0.2072287E+01 0.2782121E+01 0.2093424E-01 0.2078683E+01 0.2782121E+01 0.2090541E-01 0.2085135E+01 0.2782121E+01 0.2083798E-01
 XYZ  0.2091636E+01 0.2782121E+01 0.2074373E-01 0.2098163E+01 0.2782121E+01 0.2062310E-01 0.2104708E+01 0.2782121E+01 0.2046346E-01
 XYZ  0.2111266E+01 0.2782121E+01 0.2026765E-01 0.2117823E+01 0.2782121E+01 0.2003651E-01 0.2124371E+01 0.2782121E+01 0.1976619E-01
 XYZ  0.2130898E+01 0.2782121E+01 0.1945450E-01 0.2137401E+01 0.2782121E+01 0.1909651E-01 0.2143874E+01 0.2782121E+01 0.1869846E-01
 XYZ  0.2150301E+01 0.2782121E+01 0.1825868E-01 0.2156681E+01 0.2782121E+01 0.1777028E-01 0.2163010E+01 0.2782121E+01 0.1723967E-01
 XYZ  0.2169276E+01 0.2782121E+01 0.1667003E-01 0.2175476E+01 0.2782121E+01 0.1605384E-01 0.2181617E+01 0.2782121E+01 0.1540429E-01
 XYZ  0.2187681E+01 0.2782121E+01 0.1474179E-01 0.2193647E+01 0.2782121E+01 0.1406039E-01 0.2199511E+01 0.2782121E+01 0.1335825E-01
 XYZ  0.2205266E+01 0.2782121E+01 0.1263960E-01 0.2210904E+01 0.2782121E+01 0.1190796E-01 0.2216417E+01 0.2782121E+01 0.1116956E-01
 XYZ  0.2221795E+01 0.2782121E+01 0.1042758E-01 0.2227029E+01 0.2782121E+01 0.9687859E-02 0.2232105E+01 0.2782121E+01 0.8950089E-02
 XYZ  0.2237021E+01 0.2782121E+01 0.8215295E-02 0.2241768E+01 0.2782121E+01 0.7493616E-02 0.2246328E+01 0.2782121E+01 0.6784749E-02
 XYZ  0.2250702E+01 0.2782121E+01 0.6080026E-02 0.2254892E+01 0.2782122E+01 0.5398098E-02 0.2258870E+01 0.2782122E+01 0.4746556E-02
 XYZ  0.2262632E+01 0.2782122E+01 0.4109120E-02 0.2266181E+01 0.2782122E+01 0.3497673E-02 0.2269501E+01 0.2782122E+01 0.2917772E-02
 XYZ  0.2272586E+01 0.2782122E+01 0.2362875E-02 0.2275435E+01 0.2782122E+01 0.1838148E-02 0.2278041E+01 0.2782122E+01 0.1346848E-02
 XYZ  0.2280401E+01 0.2782122E+01 0.8918892E-03 0.2282509E+01 0.2782122E+01 0.4846714E-03 0.2284348E+01 0.2782122E+01 0.1222781E-03
 XYZ  0.2285921E+01 0.2782122E+01-0.2000462E-03 0.2287226E+01 0.2782122E+01-0.4727019E-03 0.2288254E+01 0.2782122E+01-0.6900502E-03
 XYZ  0.2288999E+01 0.2782122E+01-0.8493209E-03 0.2289452E+01 0.2782122E+01-0.9476002E-03 0.2289606E+01 0.2782122E+01-0.9812075E-03
 SHK     1 0.1958704E+01 0.2782121E+01 0.1202811E-01 0.1165071E+01 0.3478563E+02 0.1241531E+02 0.2618911E+02
 SHK     1 0.1958122E+01 0.2782121E+01 0.1544716E-01 0.1042737E+01 0.3478563E+02 0.1071585E+02 0.2683784E+02
 LMN  181202824 1 0 0 0 0 0 0 0 0 0 0 0 0 0 0 0 0 0 0 0
 XYZ  0.2029682E+01 0.2898497E+01 0.2725212E-02 0.2030002E+01 0.2898497E+01 0.3864737E-02 0.2030514E+01 0.2898497E+01 0.4968837E-02
 XYZ  0.2031232E+01 0.2898497E+01 0.6021301E-02 0.2032175E+01 0.2898497E+01 0.7018864E-02 0.2033353E+01 0.2898497E+01 0.7970092E-02
 XYZ  0.2034765E+01 0.2898497E+01 0.8886512E-02 0.2036401E+01 0.2898497E+01 0.9767470E-02 0.2038257E+01 0.2898497E+01 0.1060120E-01
 XYZ  0.2040342E+01 0.2898497E+01 0.1137903E-01 0.2042666E+01 0.2898497E+01 0.1210353E-01 0.2045232E+01 0.2898497E+01 0.1278874E-01
 XYZ  0.2048030E+01 0.2898497E+01 0.1343884E-01 0.2051056E+01 0.2898497E+01 0.1405404E-01 0.2054304E+01 0.2898497E+01 0.1464039E-01
 XYZ  0.2057763E+01 0.2898497E+01 0.1519228E-01 0.2061434E+01 0.2898497E+01 0.1570270E-01 0.2065321E+01 0.2898497E+01 0.1618078E-01
 XYZ  0.2069411E+01 0.2898497E+01 0.1663447E-01 0.2073694E+01 0.2898497E+01 0.1706041E-01 0.2078169E+01 0.2898497E+01 0.1746294E-01
 XYZ  0.2082818E+01 0.2898497E+01 0.1784903E-01 0.2087625E+01 0.2898497E+01 0.1821194E-01 0.2092584E+01 0.2898496E+01 0.1853796E-01
 XYZ  0.2097700E+01 0.2898496E+01 0.1882637E-01 0.2102963E+01 0.2898496E+01 0.1909217E-01 0.2108352E+01 0.2898496E+01 0.1932509E-01
 XYZ  0.2113874E+01 0.2898496E+01 0.1951556E-01 0.2119524E+01 0.2898496E+01 0.1968159E-01 0.2125277E+01 0.2898496E+01 0.1982423E-01
 XYZ  0.2131125E+01 0.2898496E+01 0.1992688E-01 0.2137074E+01 0.2898496E+01 0.1999019E-01 0.2143115E+01 0.2898496E+01 0.2003119E-01
 XYZ  0.2149224E+01 0.2898496E+01 0.2005221E-01 0.2155388E+01 0.2898496E+01 0.2004130E-01 0.2161606E+01 0.2898496E+01 0.1999334E-01
 XYZ  0.2167872E+01 0.2898496E+01 0.1991967E-01 0.2174163E+01 0.2898496E+01 0.1982064E-01 0.2180471E+01 0.2898496E+01 0.1968406E-01
 XYZ  0.2186791E+01 0.2898496E+01 0.1951266E-01 0.2193112E+01 0.2898496E+01 0.1930720E-01 0.2199423E+01 0.2898496E+01 0.1906396E-01
 XYZ  0.2205715E+01 0.2898496E+01 0.1878080E-01 0.2211983E+01 0.2898497E+01 0.1845294E-01 0.2218222E+01 0.2898497E+01 0.1808640E-01
 XYZ  0.2224417E+01 0.2898497E+01 0.1767952E-01 0.2230566E+01 0.2898497E+01 0.1722565E-01 0.2236667E+01 0.2898497E+01 0.1673097E-01
 XYZ  0.2242708E+01 0.2898497E+01 0.1619852E-01 0.2248685E+01 0.2898497E+01 0.1562102E-01 0.2254605E+01 0.2898497E+01 0.1501125E-01
 XYZ  0.2260451E+01 0.2898497E+01 0.1438879E-01 0.2266202E+01 0.2898497E+01 0.1374785E-01 0.2271855E+01 0.2898497E+01 0.1308666E-01
 XYZ  0.2277403E+01 0.2898497E+01 0.1240927E-01 0.2282839E+01 0.2898497E+01 0.1171906E-01 0.2288154E+01 0.2898497E+01 0.1102200E-01
 XYZ  0.2293339E+01 0.2898497E+01 0.1032115E-01 0.2298384E+01 0.2898497E+01 0.9622091E-02 0.2303278E+01 0.2898497E+01 0.8924499E-02
 XYZ  0.2308018E+01 0.2898497E+01 0.8229355E-02 0.2312594E+01 0.2898497E+01 0.7546409E-02 0.2316991E+01 0.2898497E+01 0.6875312E-02
 XYZ  0.2321208E+01 0.2898497E+01 0.6207718E-02 0.2325247E+01 0.2898497E+01 0.5561620E-02 0.2329082E+01 0.2898497E+01 0.4944239E-02
 XYZ  0.2332709E+01 0.2898497E+01 0.4339879E-02 0.2336131E+01 0.2898497E+01 0.3760013E-02 0.2339332E+01 0.2898497E+01 0.3209938E-02
 XYZ  0.2342307E+01 0.2898497E+01 0.2683338E-02 0.2345054E+01 0.2898497E+01 0.2185195E-02 0.2347566E+01 0.2898497E+01 0.1718621E-02
 XYZ  0.2349842E+01 0.2898497E+01 0.1286427E-02 0.2351874E+01 0.2898497E+01 0.8995730E-03 0.2353647E+01 0.2898497E+01 0.5552040E-03
 XYZ  0.2355164E+01 0.2898497E+01 0.2487462E-03 0.2356422E+01 0.2898497E+01-0.1055150E-04 0.2357414E+01 0.2898497E+01-0.2172813E-03
 XYZ  0.2358132E+01 0.2898497E+01-0.3687941E-03 0.2358569E+01 0.2898497E+01-0.4623013E-03 0.2358717E+01 0.2898497E+01-0.4942811E-03
 SHK     1 0.2039710E+01 0.2898497E+01 0.1114349E-01 0.1134841E+01 0.3485015E+02 0.1186122E+02 0.2826507E+02
 LMN  181202825 0 0 0 0 0 0 0 0 0 0 0 0 0 0 0 0 0 0 0 0
 XYZ  0.2099751E+01 0.2998576E+01 0.2235491E-02 0.2100057E+01 0.2998576E+01 0.3339024E-02 0.2100550E+01 0.2998576E+01 0.4408505E-02
 XYZ  0.2101243E+01 0.2998576E+01 0.5428652E-02 0.2102153E+01 0.2998576E+01 0.6396283E-02 0.2103291E+01 0.2998576E+01 0.7319571E-02
 XYZ  0.2104655E+01 0.2998576E+01 0.8209774E-02 0.2106236E+01 0.2998576E+01 0.9066222E-02 0.2108030E+01 0.2998576E+01 0.9877482E-02
 XYZ  0.2110046E+01 0.2998575E+01 0.1063520E-01 0.2112293E+01 0.2998575E+01 0.1134192E-01 0.2114775E+01 0.2998575E+01 0.1201122E-01
 XYZ  0.2117480E+01 0.2998575E+01 0.1264710E-01 0.2120408E+01 0.2998575E+01 0.1324978E-01 0.2123550E+01 0.2998575E+01 0.1382509E-01
 XYZ  0.2126895E+01 0.2998575E+01 0.1436755E-01 0.2130447E+01 0.2998575E+01 0.1487042E-01 0.2134206E+01 0.2998575E+01 0.1534252E-01
 XYZ  0.2138163E+01 0.2998575E+01 0.1579152E-01 0.2142307E+01 0.2998575E+01 0.1621415E-01 0.2146636E+01 0.2998575E+01 0.1661459E-01
 XYZ  0.2151134E+01 0.2998575E+01 0.1699956E-01 0.2155785E+01 0.2998575E+01 0.1736246E-01 0.2160582E+01 0.2998575E+01 0.1769004E-01
 XYZ  0.2165532E+01 0.2998575E+01 0.1798162E-01 0.2170625E+01 0.2998575E+01 0.1825170E-01 0.2175839E+01 0.2998575E+01 0.1849023E-01
 XYZ  0.2181182E+01 0.2998575E+01 0.1868803E-01 0.2186649E+01 0.2998575E+01 0.1886251E-01 0.2192216E+01 0.2998575E+01 0.1901459E-01
 XYZ  0.2197874E+01 0.2998575E+01 0.1912819E-01 0.2203630E+01 0.2998575E+01 0.1920399E-01 0.2209476E+01 0.2998575E+01 0.1925844E-01
 XYZ  0.2215388E+01 0.2998575E+01 0.1929371E-01 0.2221352E+01 0.2998575E+01 0.1929821E-01 0.2227369E+01 0.2998575E+01 0.1926701E-01
 XYZ  0.2233433E+01 0.2998575E+01 0.1921103E-01 0.2239520E+01 0.2998575E+01 0.1913058E-01 0.2245624E+01 0.2998575E+01 0.1901383E-01
 XYZ  0.2251741E+01 0.2998575E+01 0.1886342E-01 0.2257857E+01 0.2998575E+01 0.1868005E-01 0.2263965E+01 0.2998575E+01 0.1846009E-01
 XYZ  0.2270054E+01 0.2998575E+01 0.1820145E-01 0.2276120E+01 0.2998575E+01 0.1789951E-01 0.2282158E+01 0.2998575E+01 0.1756007E-01
 XYZ  0.2288154E+01 0.2998575E+01 0.1718148E-01 0.2294105E+01 0.2998575E+01 0.1675731E-01 0.2300010E+01 0.2998575E+01 0.1629354E-01
 XYZ  0.2305856E+01 0.2998575E+01 0.1579306E-01 0.2311641E+01 0.2998575E+01 0.1524885E-01 0.2317372E+01 0.2998575E+01 0.1467327E-01
 XYZ  0.2323030E+01 0.2998575E+01 0.1408525E-01 0.2328596E+01 0.2998575E+01 0.1347911E-01 0.2334068E+01 0.2998575E+01 0.1285313E-01
 XYZ  0.2339438E+01 0.2998575E+01 0.1221122E-01 0.2344699E+01 0.2998575E+01 0.1155664E-01 0.2349844E+01 0.2998575E+01 0.1089514E-01
 XYZ  0.2354863E+01 0.2998575E+01 0.1022965E-01 0.2359747E+01 0.2998576E+01 0.9565565E-02 0.2364484E+01 0.2998576E+01 0.8902523E-02
 XYZ  0.2369072E+01 0.2998576E+01 0.8241476E-02 0.2373502E+01 0.2998576E+01 0.7591838E-02 0.2377758E+01 0.2998576E+01 0.6953221E-02
 XYZ  0.2381840E+01 0.2998576E+01 0.6317555E-02 0.2385750E+01 0.2998576E+01 0.5702269E-02 0.2389462E+01 0.2998576E+01 0.5114264E-02
 XYZ  0.2392973E+01 0.2998576E+01 0.4538346E-02 0.2396286E+01 0.2998576E+01 0.3985637E-02 0.2399384E+01 0.2998576E+01 0.3461209E-02
 XYZ  0.2402264E+01 0.2998576E+01 0.2958944E-02 0.2404923E+01 0.2998576E+01 0.2483659E-02 0.2407355E+01 0.2998576E+01 0.2038348E-02
 XYZ  0.2409558E+01 0.2998576E+01 0.1625727E-02 0.2411525E+01 0.2998576E+01 0.1256384E-02 0.2413242E+01 0.2998576E+01 0.9275132E-03
 XYZ  0.2414710E+01 0.2998576E+01 0.6346984E-03 0.2415929E+01 0.2998576E+01 0.3868864E-03 0.2416889E+01 0.2998576E+01 0.1892865E-03
 XYZ  0.2417584E+01 0.2998576E+01 0.4444389E-04 0.2418007E+01 0.2998576E+01-0.4496033E-04 0.2418150E+01 0.2998576E+01-0.7554087E-04
 LMN  181202826 0 0 0 0 0 0 0 0 0 0 0 0 0 0 0 0 0 0 0 0
 XYZ  0.2156843E+01 0.3080120E+01 0.1836521E-02 0.2157138E+01 0.3080120E+01 0.2910721E-02 0.2157616E+01 0.3080120E+01 0.3951987E-02
 XYZ  0.2158288E+01 0.3080120E+01 0.4945800E-02 0.2159171E+01 0.3080120E+01 0.5889039E-02 0.2160276E+01 0.3080119E+01 0.6789559E-02
 XYZ  0.2161601E+01 0.3080119E+01 0.7658397E-02 0.2163137E+01 0.3080119E+01 0.8494874E-02 0.2164881E+01 0.3080119E+01 0.9287822E-02
 XYZ  0.2166840E+01 0.3080119E+01 0.1002916E-01 0.2169026E+01 0.3080119E+01 0.1072139E-01 0.2171438E+01 0.3080119E+01 0.1137772E-01
 XYZ  0.2174069E+01 0.3080119E+01 0.1200202E-01 0.2176915E+01 0.3080119E+01 0.1259449E-01 0.2179970E+01 0.3080119E+01 0.1316080E-01
 XYZ  0.2183224E+01 0.3080119E+01 0.1369559E-01 0.2186678E+01 0.3080119E+01 0.1419229E-01 0.2190334E+01 0.3080119E+01 0.1465953E-01
 XYZ  0.2194182E+01 0.3080119E+01 0.1510471E-01 0.2198213E+01 0.3080119E+01 0.1552463E-01 0.2202423E+01 0.3080119E+01 0.1592338E-01
 XYZ  0.2206798E+01 0.3080119E+01 0.1630742E-01 0.2211321E+01 0.3080119E+01 0.1667033E-01 0.2215987E+01 0.3080119E+01 0.1699918E-01
 XYZ  0.2220802E+01 0.3080119E+01 0.1729334E-01 0.2225755E+01 0.3080119E+01 0.1756689E-01 0.2230827E+01 0.3080119E+01 0.1781001E-01
 XYZ  0.2236024E+01 0.3080119E+01 0.1801378E-01 0.2241342E+01 0.3080119E+01 0.1819514E-01 0.2246757E+01 0.3080119E+01 0.1835491E-01
 XYZ  0.2252261E+01 0.3080119E+01 0.1847745E-01 0.2257860E+01 0.3080119E+01 0.1856342E-01 0.2263547E+01 0.3080119E+01 0.1862883E-01
 XYZ  0.2269297E+01 0.3080119E+01 0.1867571E-01 0.2275099E+01 0.3080119E+01 0.1869277E-01 0.2280953E+01 0.3080119E+01 0.1867520E-01
 XYZ  0.2286851E+01 0.3080119E+01 0.1863365E-01 0.2292773E+01 0.3080119E+01 0.1856834E-01 0.2298711E+01 0.3080119E+01 0.1846774E-01
 XYZ  0.2304662E+01 0.3080119E+01 0.1833443E-01 0.2310612E+01 0.3080119E+01 0.1816906E-01 0.2316554E+01 0.3080119E+01 0.1796808E-01
 XYZ  0.2322477E+01 0.3080119E+01 0.1772942E-01 0.2328379E+01 0.3080119E+01 0.1744859E-01 0.2334253E+01 0.3080119E+01 0.1713124E-01
 XYZ  0.2340087E+01 0.3080119E+01 0.1677570E-01 0.2345877E+01 0.3080119E+01 0.1637573E-01 0.2351622E+01 0.3080119E+01 0.1593714E-01
 XYZ  0.2357310E+01 0.3080119E+01 0.1546272E-01 0.2362938E+01 0.3080119E+01 0.1494562E-01 0.2368514E+01 0.3080119E+01 0.1439791E-01
 XYZ  0.2374019E+01 0.3080119E+01 0.1383795E-01 0.2379435E+01 0.3080119E+01 0.1326015E-01 0.2384759E+01 0.3080119E+01 0.1266287E-01
 XYZ  0.2389984E+01 0.3080119E+01 0.1204988E-01 0.2395104E+01 0.3080119E+01 0.1142432E-01 0.2400109E+01 0.3080119E+01 0.1079180E-01
 XYZ  0.2404993E+01 0.3080119E+01 0.1015513E-01 0.2409745E+01 0.3080119E+01 0.9519528E-02 0.2414355E+01 0.3080119E+01 0.8884637E-02
 XYZ  0.2418819E+01 0.3080119E+01 0.8251372E-02 0.2423129E+01 0.3080119E+01 0.7628873E-02 0.2427270E+01 0.3080119E+01 0.7016719E-02
 XYZ  0.2431243E+01 0.3080119E+01 0.6407069E-02 0.2435047E+01 0.3080120E+01 0.5816887E-02 0.2438660E+01 0.3080120E+01 0.5252816E-02
 XYZ  0.2442076E+01 0.3080120E+01 0.4700073E-02 0.2445300E+01 0.3080120E+01 0.4169490E-02 0.2448315E+01 0.3080120E+01 0.3665958E-02
 XYZ  0.2451117E+01 0.3080120E+01 0.3183518E-02 0.2453704E+01 0.3080120E+01 0.2726858E-02 0.2456071E+01 0.3080120E+01 0.2298870E-02
 XYZ  0.2458215E+01 0.3080120E+01 0.1902197E-02 0.2460129E+01 0.3080120E+01 0.1547120E-02 0.2461800E+01 0.3080120E+01 0.1230876E-02
 XYZ  0.2463229E+01 0.3080120E+01 0.9491764E-03 0.2464414E+01 0.3080120E+01 0.7107218E-03 0.2465349E+01 0.3080120E+01 0.5205600E-03
 XYZ  0.2466025E+01 0.3080120E+01 0.3811515E-03 0.2466437E+01 0.3080120E+01 0.2950898E-03 0.2466576E+01 0.3080120E+01 0.2656492E-03
 LMN  181202827 0 0 0 0 0 0 0 0 0 0 0 0 0 0 0 0 0 0 0 0
 XYZ  0.2203222E+01 0.3146362E+01 0.1512446E-02 0.2203508E+01 0.3146362E+01 0.2562815E-02 0.2203973E+01 0.3146362E+01 0.3581156E-02
 XYZ  0.2204628E+01 0.3146362E+01 0.4553573E-02 0.2205490E+01 0.3146362E+01 0.5476996E-02 0.2206568E+01 0.3146362E+01 0.6359018E-02
 XYZ  0.2207862E+01 0.3146362E+01 0.7210500E-02 0.2209362E+01 0.3146362E+01 0.8030751E-02 0.2211065E+01 0.3146362E+01 0.8808823E-02
 XYZ  0.2212978E+01 0.3146362E+01 0.9536852E-02 0.2215112E+01 0.3146362E+01 0.1021731E-01 0.2217469E+01 0.3146362E+01 0.1086310E-01
 XYZ  0.2220039E+01 0.3146362E+01 0.1147799E-01 0.2222820E+01 0.3146362E+01 0.1206217E-01 0.2225804E+01 0.3146362E+01 0.1262118E-01
 XYZ  0.2228983E+01 0.3146362E+01 0.1314973E-01 0.2232358E+01 0.3146362E+01 0.1364143E-01 0.2235930E+01 0.3146362E+01 0.1410471E-01
 XYZ  0.2239690E+01 0.3146362E+01 0.1454678E-01 0.2243628E+01 0.3146362E+01 0.1496451E-01 0.2247742E+01 0.3146362E+01 0.1536187E-01
 XYZ  0.2252016E+01 0.3146362E+01 0.1574518E-01 0.2256436E+01 0.3146362E+01 0.1610809E-01 0.2260996E+01 0.3146362E+01 0.1643797E-01
 XYZ  0.2265701E+01 0.3146362E+01 0.1673423E-01 0.2270541E+01 0.3146362E+01 0.1701060E-01 0.2275497E+01 0.3146362E+01 0.1725744E-01
 XYZ  0.2280576E+01 0.3146362E+01 0.1746606E-01 0.2285772E+01 0.3146362E+01 0.1765300E-01 0.2291064E+01 0.3146362E+01 0.1781903E-01
 XYZ  0.2296442E+01 0.3146362E+01 0.1794882E-01 0.2301914E+01 0.3146362E+01 0.1804306E-01 0.2307471E+01 0.3146362E+01 0.1811736E-01
 XYZ  0.2313091E+01 0.3146362E+01 0.1817368E-01 0.2318762E+01 0.3146362E+01 0.1820094E-01 0.2324482E+01 0.3146362E+01 0.1819446E-01
 XYZ  0.2330246E+01 0.3146362E+01 0.1816463E-01 0.2336034E+01 0.3146362E+01 0.1811161E-01 0.2341837E+01 0.3146362E+01 0.1802413E-01
 XYZ  0.2347652E+01 0.3146362E+01 0.1790472E-01 0.2353468E+01 0.3146362E+01 0.1775397E-01 0.2359274E+01 0.3146362E+01 0.1756839E-01
 XYZ  0.2365064E+01 0.3146362E+01 0.1734598E-01 0.2370832E+01 0.3146362E+01 0.1708230E-01 0.2376573E+01 0.3146362E+01 0.1678288E-01
 XYZ  0.2382275E+01 0.3146362E+01 0.1644607E-01 0.2387934E+01 0.3146362E+01 0.1606576E-01 0.2393549E+01 0.3146362E+01 0.1564763E-01
 XYZ  0.2399108E+01 0.3146362E+01 0.1519437E-01 0.2404610E+01 0.3146362E+01 0.1469930E-01 0.2410060E+01 0.3146362E+01 0.1417424E-01
 XYZ  0.2415440E+01 0.3146362E+01 0.1363706E-01 0.2420734E+01 0.3146362E+01 0.1308230E-01 0.2425938E+01 0.3146362E+01 0.1250832E-01
 XYZ  0.2431046E+01 0.3146362E+01 0.1191882E-01 0.2436050E+01 0.3146362E+01 0.1131685E-01 0.2440943E+01 0.3146362E+01 0.1070786E-01
 XYZ  0.2445716E+01 0.3146362E+01 0.1009459E-01 0.2450361E+01 0.3146362E+01 0.9482144E-02 0.2454867E+01 0.3146362E+01 0.8870121E-02
 XYZ  0.2459231E+01 0.3146362E+01 0.8259424E-02 0.2463445E+01 0.3146362E+01 0.7658971E-02 0.2467493E+01 0.3146362E+01 0.7068315E-02
 XYZ  0.2471375E+01 0.3146362E+01 0.6479798E-02 0.2475095E+01 0.3146362E+01 0.5910008E-02 0.2478626E+01 0.3146362E+01 0.5365380E-02
 XYZ  0.2481966E+01 0.3146362E+01 0.4831462E-02 0.2485117E+01 0.3146362E+01 0.4318853E-02 0.2488064E+01 0.3146362E+01 0.3832295E-02
 XYZ  0.2490803E+01 0.3146362E+01 0.3365961E-02 0.2493332E+01 0.3146362E+01 0.2924429E-02 0.2495646E+01 0.3146362E+01 0.2510513E-02
 XYZ  0.2497742E+01 0.3146362E+01 0.2126795E-02 0.2499613E+01 0.3146362E+01 0.1783306E-02 0.2501246E+01 0.3146362E+01 0.1477319E-02
 XYZ  0.2502643E+01 0.3146362E+01 0.1204648E-02 0.2503802E+01 0.3146362E+01 0.9737945E-03 0.2504715E+01 0.3146362E+01 0.7896745E-03
 XYZ  0.2505376E+01 0.3146362E+01 0.6546800E-03 0.2505779E+01 0.3146362E+01 0.5713334E-03 0.2505915E+01 0.3146362E+01 0.5428187E-03
 LMN  181202828 0 0 0 0 0 0 0 0 0 0 0 0 0 0 0 0 0 0 0 0
 XYZ  0.2242781E+01 0.3202866E+01 0.1236041E-02 0.2243061E+01 0.3202866E+01 0.2266079E-02 0.2243515E+01 0.3202866E+01 0.3264865E-02
 XYZ  0.2244156E+01 0.3202866E+01 0.4219031E-02 0.2244998E+01 0.3202866E+01 0.5125550E-02 0.2246054E+01 0.3202866E+01 0.5991793E-02
 XYZ  0.2247321E+01 0.3202865E+01 0.6828470E-02 0.2248790E+01 0.3202865E+01 0.7634881E-02 0.2250458E+01 0.3202865E+01 0.8400262E-02
 XYZ  0.2252332E+01 0.3202865E+01 0.9116938E-02 0.2254423E+01 0.3202865E+01 0.9787350E-02 0.2256732E+01 0.3202865E+01 0.1042415E-01
 XYZ  0.2259250E+01 0.3202865E+01 0.1103102E-01 0.2261975E+01 0.3202865E+01 0.1160814E-01 0.2264900E+01 0.3202865E+01 0.1216090E-01
 XYZ  0.2268014E+01 0.3202865E+01 0.1268413E-01 0.2271321E+01 0.3202865E+01 0.1317157E-01 0.2274822E+01 0.3202865E+01 0.1363148E-01
 XYZ  0.2278507E+01 0.3202865E+01 0.1407090E-01 0.2282366E+01 0.3202865E+01 0.1448676E-01 0.2286397E+01 0.3202865E+01 0.1488294E-01
 XYZ  0.2290587E+01 0.3202865E+01 0.1526561E-01 0.2294919E+01 0.3202865E+01 0.1562852E-01 0.2299387E+01 0.3202865E+01 0.1595928E-01
 XYZ  0.2303998E+01 0.3202865E+01 0.1625733E-01 0.2308742E+01 0.3202865E+01 0.1653611E-01 0.2313600E+01 0.3202865E+01 0.1678613E-01
 XYZ  0.2318577E+01 0.3202865E+01 0.1699888E-01 0.2323670E+01 0.3202865E+01 0.1719059E-01 0.2328856E+01 0.3202865E+01 0.1736195E-01
 XYZ  0.2334128E+01 0.3202865E+01 0.1749792E-01 0.2339491E+01 0.3202865E+01 0.1759922E-01 0.2344938E+01 0.3202865E+01 0.1768111E-01
 XYZ  0.2350446E+01 0.3202865E+01 0.1774548E-01 0.2356004E+01 0.3202865E+01 0.1778144E-01 0.2361611E+01 0.3202865E+01 0.1778441E-01
 XYZ  0.2367261E+01 0.3202865E+01 0.1776457E-01 0.2372934E+01 0.3202865E+01 0.1772204E-01 0.2378622E+01 0.3202865E+01 0.1764576E-01
 XYZ  0.2384322E+01 0.3202865E+01 0.1753819E-01 0.2390022E+01 0.3202865E+01 0.1739991E-01 0.2395714E+01 0.3202865E+01 0.1722749E-01
 XYZ  0.2401389E+01 0.3202865E+01 0.1701892E-01 0.2407043E+01 0.3202865E+01 0.1676987E-01 0.2412671E+01 0.3202865E+01 0.1648575E-01
 XYZ  0.2418260E+01 0.3202865E+01 0.1616492E-01 0.2423807E+01 0.3202865E+01 0.1580138E-01 0.2429311E+01 0.3202865E+01 0.1540069E-01
 XYZ  0.2434761E+01 0.3202865E+01 0.1496549E-01 0.2440154E+01 0.3202865E+01 0.1448921E-01 0.2445497E+01 0.3202865E+01 0.1398346E-01
 XYZ  0.2450772E+01 0.3202865E+01 0.1346572E-01 0.2455961E+01 0.3202865E+01 0.1293061E-01 0.2461063E+01 0.3202865E+01 0.1237651E-01
 XYZ  0.2466070E+01 0.3202865E+01 0.1180704E-01 0.2470976E+01 0.3202865E+01 0.1122519E-01 0.2475772E+01 0.3202865E+01 0.1063627E-01
 XYZ  0.2480452E+01 0.3202865E+01 0.1004297E-01 0.2485006E+01 0.3202865E+01 0.9450265E-02 0.2489423E+01 0.3202865E+01 0.8857748E-02
 XYZ  0.2493701E+01 0.3202865E+01 0.8266301E-02 0.2497832E+01 0.3202865E+01 0.7684652E-02 0.2501801E+01 0.3202865E+01 0.7112333E-02
 XYZ  0.2505607E+01 0.3202865E+01 0.6541842E-02 0.2509254E+01 0.3202866E+01 0.5989445E-02 0.2512716E+01 0.3202866E+01 0.5461401E-02
 XYZ  0.2515990E+01 0.3202866E+01 0.4943540E-02 0.2519079E+01 0.3202866E+01 0.4446261E-02 0.2521969E+01 0.3202866E+01 0.3974182E-02
 XYZ  0.2524654E+01 0.3202866E+01 0.3521584E-02 0.2527134E+01 0.3202866E+01 0.3092956E-02 0.2529402E+01 0.3202866E+01 0.2691042E-02
 XYZ  0.2531457E+01 0.3202866E+01 0.2318374E-02 0.2533292E+01 0.3202866E+01 0.1984768E-02 0.2534893E+01 0.3202866E+01 0.1687529E-02
 XYZ  0.2536262E+01 0.3202866E+01 0.1422560E-02 0.2537398E+01 0.3202866E+01 0.1198189E-02 0.2538294E+01 0.3202866E+01 0.1019222E-02
 XYZ  0.2538942E+01 0.3202866E+01 0.8879921E-03 0.2539337E+01 0.3202866E+01 0.8069610E-03 0.2539470E+01 0.3202866E+01 0.7792360E-03
 LMN  2792028 1 0 0 0 0 0 0 0 0 0 0 0 0 0 0 0 0 0 0 0 0
 XYZ  0.1536537E+00 0.1968082E+00 0.3558817E-01 0.1530290E+00 0.1973141E+00 0.3266738E-01 0.1529876E+00 0.1977769E+00 0.2973745E-01
 XYZ  0.1534402E+00 0.1982115E+00 0.2668701E-01 0.1541904E+00 0.1986015E+00 0.2360992E-01 0.1553761E+00 0.1989354E+00 0.2060841E-01
 XYZ  0.1571046E+00 0.1992191E+00 0.1765692E-01 0.1593635E+00 0.1994546E+00 0.1476069E-01 0.1622114E+00 0.1996437E+00 0.1193360E-01
 XYZ  0.1656652E+00 0.1997904E+00 0.9153086E-02 0.1696938E+00 0.1998967E+00 0.6428358E-02 0.1743248E+00 0.1999642E+00 0.3782329E-02
 XYZ  0.1796042E+00 0.1999963E+00 0.1210065E-02 0.1855353E+00 0.1999958E+00-0.1303832E-02 0.1921147E+00 0.1999647E+00-0.3756209E-02
 XYZ  0.1993757E+00 0.1999051E+00-0.6160128E-02 0.2072771E+00 0.1998170E+00-0.8553303E-02 0.2157245E+00 0.1997018E+00-0.1091702E-01
 XYZ  0.2247490E+00 0.1995636E+00-0.1320532E-01 0.2344284E+00 0.1994026E+00-0.1544738E-01 0.2446900E+00 0.1992157E+00-0.1769523E-01
 XYZ  0.2554255E+00 0.1990046E+00-0.1992873E-01 0.2666154E+00 0.1987736E+00-0.2211459E-01 0.2782619E+00 0.1985265E+00-0.2423255E-01
 XYZ  0.2903961E+00 0.1982661E+00-0.2627855E-01 0.3030093E+00 0.1979909E+00-0.2827747E-01 0.3160344E+00 0.1977019E+00-0.3023178E-01
 XYZ  0.3294543E+00 0.1974046E+00-0.3211586E-01 0.3432951E+00 0.1970987E+00-0.3394260E-01 0.3574861E+00 0.1967806E+00-0.3574078E-01
 XYZ  0.3719358E+00 0.1964553E+00-0.3748736E-01 0.3866242E+00 0.1961315E+00-0.3914618E-01 0.4015647E+00 0.1958153E+00-0.4069859E-01
 XYZ  0.4167778E+00 0.1955096E+00-0.4214236E-01 0.4322739E+00 0.1952122E+00-0.4349935E-01 0.4479870E+00 0.1949172E+00-0.4480288E-01
 XYZ  0.4637962E+00 0.1946291E+00-0.4603834E-01 0.4796650E+00 0.1943637E+00-0.4714625E-01 0.4956643E+00 0.1941292E+00-0.4810249E-01
 XYZ  0.5118149E+00 0.1939184E+00-0.4894539E-01 0.5280279E+00 0.1937279E+00-0.4969418E-01 0.5442352E+00 0.1935658E+00-0.5032160E-01
 XYZ  0.5604241E+00 0.1934395E+00-0.5080503E-01 0.5765748E+00 0.1933527E+00-0.5113452E-01 0.5926538E+00 0.1933110E+00-0.5129183E-01
 XYZ  0.6086494E+00 0.1933252E+00-0.5123834E-01 0.6246330E+00 0.1934032E+00-0.5094327E-01 0.6406714E+00 0.1935358E+00-0.5043688E-01
 XYZ  0.6567133E+00 0.1937143E+00-0.4974708E-01 0.6727168E+00 0.1939447E+00-0.4884104E-01 0.6887616E+00 0.1942316E+00-0.4768734E-01
 XYZ  0.7049489E+00 0.1945614E+00-0.4632361E-01 0.7212536E+00 0.1949156E+00-0.4480952E-01 0.7376143E+00 0.1952911E+00-0.4314372E-01
 XYZ  0.7540698E+00 0.1956863E+00-0.4131425E-01 0.7706885E+00 0.1960913E+00-0.3934741E-01 0.7875083E+00 0.1964896E+00-0.3730750E-01
 XYZ  0.8044561E+00 0.1968672E+00-0.3526073E-01 0.8214443E+00 0.1972249E+00-0.3320122E-01 0.8385691E+00 0.1975632E+00-0.3112497E-01
 XYZ  0.8558586E+00 0.1978620E+00-0.2916537E-01 0.8730691E+00 0.1981198E+00-0.2735920E-01 0.8902388E+00 0.1983472E+00-0.2565928E-01
 XYZ  0.9074039E+00 0.1985349E+00-0.2416398E-01 0.9244587E+00 0.1986801E+00-0.2293987E-01 0.9413208E+00 0.1987802E+00-0.2205513E-01
 XYZ  0.9578379E+00 0.1988301E+00-0.2160095E-01 0.9737305E+00 0.1988268E+00-0.2163116E-01 0.9887573E+00 0.1987695E+00-0.2215141E-01
 XYZ  0.1002536E+01 0.1986543E+00-0.2316161E-01 0.1014733E+01 0.1984991E+00-0.2445620E-01 0.1025435E+01 0.1983194E+00-0.2587326E-01
 XYZ  0.1034613E+01 0.1981208E+00-0.2735250E-01 0.1042293E+01 0.1979168E+00-0.2879132E-01 0.1048481E+01 0.1977188E+00-0.3012121E-01
 XYZ  0.1053283E+01 0.1975470E+00-0.3122769E-01 0.1056878E+01 0.1974091E+00-0.3208799E-01 0.1059363E+01 0.1973089E+00-0.3269837E-01
 XYZ  0.1060817E+01 0.1972478E+00-0.3306541E-01
 LMN  2792028 2 0 0 0 0 0 0 0 0 0 0 0 0 0 0 0 0 0 0 0 0
 XYZ  0.1683845E+00 0.2391342E+00 0.3402854E-01 0.1680659E+00 0.2394733E+00 0.3094754E-01 0.1680259E+00 0.2397786E+00 0.2788397E-01
 XYZ  0.1685740E+00 0.2400470E+00 0.2487834E-01 0.1696456E+00 0.2402899E+00 0.2180434E-01 0.1710965E+00 0.2404984E+00 0.1876786E-01
 XYZ  0.1730930E+00 0.2406690E+00 0.1585449E-01 0.1757285E+00 0.2408082E+00 0.1300382E-01 0.1789602E+00 0.2409184E+00 0.1019610E-01
 XYZ  0.1827800E+00 0.2410003E+00 0.7450598E-02 0.1872050E+00 0.2410555E+00 0.4780515E-02 0.1922646E+00 0.2410860E+00 0.2191390E-02
 XYZ  0.1979807E+00 0.2410940E+00-0.3305025E-03 0.2043422E+00 0.2410810E+00-0.2791716E-02 0.2113707E+00 0.2410486E+00-0.5191766E-02
 XYZ  0.2190639E+00 0.2409972E+00-0.7570426E-02 0.2273347E+00 0.2409273E+00-0.9934763E-02 0.2361615E+00 0.2408410E+00-0.1223460E-01
 XYZ  0.2456183E+00 0.2407402E+00-0.1446668E-01 0.2556945E+00 0.2406229E+00-0.1669274E-01 0.2662801E+00 0.2404887E+00-0.1891939E-01
 XYZ  0.2773345E+00 0.2403405E+00-0.2110773E-01 0.2888516E+00 0.2401808E+00-0.2323652E-01 0.3008467E+00 0.2400121E+00-0.2528991E-01
 XYZ  0.3133326E+00 0.2398343E+00-0.2728701E-01 0.3262581E+00 0.2396470E+00-0.2924387E-01 0.3395827E+00 0.2394532E+00-0.3113879E-01
 XYZ  0.3533248E+00 0.2392548E+00-0.3296572E-01 0.3674567E+00 0.2390491E+00-0.3475853E-01 0.3818868E+00 0.2388370E+00-0.3651402E-01
 XYZ  0.3965740E+00 0.2386244E+00-0.3819300E-01 0.4115204E+00 0.2384158E+00-0.3977091E-01 0.4267370E+00 0.2382142E+00-0.4123849E-01
 XYZ  0.4422383E+00 0.2380194E+00-0.4260810E-01 0.4579911E+00 0.2378274E+00-0.4391577E-01 0.4738933E+00 0.2376382E+00-0.4516758E-01
 XYZ  0.4898755E+00 0.2374605E+00-0.4631177E-01 0.5059732E+00 0.2373030E+00-0.4730265E-01 0.5222301E+00 0.2371633E+00-0.4816498E-01
 XYZ  0.5385851E+00 0.2370366E+00-0.4893302E-01 0.5549614E+00 0.2369271E+00-0.4958784E-01 0.5713351E+00 0.2368401E+00-0.5010134E-01
 XYZ  0.5876898E+00 0.2367787E+00-0.5046083E-01 0.6039939E+00 0.2367460E+00-0.5065116E-01 0.6202241E+00 0.2367487E+00-0.5063587E-01
 XYZ  0.6364238E+00 0.2367934E+00-0.5037495E-01 0.6526618E+00 0.2368764E+00-0.4988747E-01 0.6689065E+00 0.2369903E+00-0.4921094E-01
 XYZ  0.6851075E+00 0.2371379E+00-0.4831955E-01 0.7013180E+00 0.2373235E+00-0.4717523E-01 0.7176309E+00 0.2375391E+00-0.4580922E-01
 XYZ  0.7340325E+00 0.2377717E+00-0.4428802E-01 0.7504623E+00 0.2380181E+00-0.4261698E-01 0.7669427E+00 0.2382775E+00-0.4078317E-01
 XYZ  0.7835294E+00 0.2385434E+00-0.3881311E-01 0.8002489E+00 0.2388050E+00-0.3677181E-01 0.8170390E+00 0.2390525E+00-0.3472916E-01
 XYZ  0.8338106E+00 0.2392862E+00-0.3268375E-01 0.8506284E+00 0.2395068E+00-0.3062620E-01 0.8675191E+00 0.2397023E+00-0.2867971E-01
 XYZ  0.8842820E+00 0.2398703E+00-0.2689516E-01 0.9009018E+00 0.2400182E+00-0.2521808E-01 0.9174259E+00 0.2401421E+00-0.2372334E-01
 XYZ  0.9337584E+00 0.2402391E+00-0.2248220E-01 0.9498214E+00 0.2403095E+00-0.2153725E-01 0.9655290E+00 0.2403511E+00-0.2095892E-01
 XYZ  0.9806750E+00 0.2403614E+00-0.2081357E-01 0.9950840E+00 0.2403430E+00-0.2107283E-01 0.1008597E+01 0.2402908E+00-0.2179208E-01
 XYZ  0.1020821E+01 0.2402083E+00-0.2288341E-01 0.1031740E+01 0.2401099E+00-0.2412012E-01 0.1041399E+01 0.2399958E+00-0.2547960E-01
 XYZ  0.1049719E+01 0.2398729E+00-0.2686578E-01 0.1056757E+01 0.2397474E+00-0.2821204E-01 0.1062481E+01 0.2396264E+00-0.2945147E-01
 XYZ  0.1066984E+01 0.2395214E+00-0.3048552E-01 0.1070384E+01 0.2394368E+00-0.3129394E-01 0.1072754E+01 0.2393750E+00-0.3187157E-01
 XYZ  0.1074147E+01 0.2393371E+00-0.3222031E-01
 LMN  2792028 3 0 0 0 0 0 0 0 0 0 0 0 0 0 0 0 0 0 0 0 0
 XYZ  0.2016534E+00 0.2872654E+00 0.3183892E-01 0.2013782E+00 0.2874737E+00 0.2877860E-01 0.2015035E+00 0.2876621E+00 0.2570005E-01
 XYZ  0.2020802E+00 0.2878267E+00 0.2267180E-01 0.2031944E+00 0.2879680E+00 0.1970586E-01 0.2048608E+00 0.2880881E+00 0.1677996E-01
 XYZ  0.2070682E+00 0.2881868E+00 0.1392156E-01 0.2098807E+00 0.2882651E+00 0.1114696E-01 0.2133114E+00 0.2883252E+00 0.8419999E-02
 XYZ  0.2173220E+00 0.2883677E+00 0.5752270E-02 0.2219392E+00 0.2883937E+00 0.3172656E-02 0.2272001E+00 0.2884045E+00 0.6704850E-03
 XYZ  0.2331001E+00 0.2884015E+00-0.1770947E-02 0.2396376E+00 0.2883856E+00-0.4146653E-02 0.2468363E+00 0.2883578E+00-0.6474986E-02
 XYZ  0.2546546E+00 0.2883179E+00-0.8794316E-02 0.2630202E+00 0.2882668E+00-0.1108050E-01 0.2719610E+00 0.2882062E+00-0.1328871E-01
 XYZ  0.2815289E+00 0.2881362E+00-0.1545529E-01 0.2916570E+00 0.2880552E+00-0.1762939E-01 0.3022667E+00 0.2879644E+00-0.1978725E-01
 XYZ  0.3133400E+00 0.2878655E+00-0.2189824E-01 0.3248747E+00 0.2877602E+00-0.2394115E-01 0.3368899E+00 0.2876497E+00-0.2591442E-01
 XYZ  0.3493703E+00 0.2875332E+00-0.2784299E-01 0.3622617E+00 0.2874115E+00-0.2972610E-01 0.3755521E+00 0.2872868E+00-0.3153903E-01
 XYZ  0.3892523E+00 0.2871587E+00-0.3329896E-01 0.4032997E+00 0.2870259E+00-0.3503200E-01 0.4176246E+00 0.2868907E+00-0.3671187E-01
 XYZ  0.4322100E+00 0.2867569E+00-0.3830425E-01 0.4470590E+00 0.2866268E+00-0.3979114E-01 0.4621829E+00 0.2865016E+00-0.4117168E-01
 XYZ  0.4775787E+00 0.2863799E+00-0.4247108E-01 0.4931842E+00 0.2862594E+00-0.4371978E-01 0.5089056E+00 0.2861429E+00-0.4489547E-01
 XYZ  0.5247230E+00 0.2860371E+00-0.4593712E-01 0.5406855E+00 0.2859443E+00-0.4683177E-01 0.5567859E+00 0.2858610E+00-0.4762072E-01
 XYZ  0.5729468E+00 0.2857868E+00-0.4831265E-01 0.5891217E+00 0.2857256E+00-0.4887679E-01 0.6052956E+00 0.2856799E+00-0.4929345E-01
 XYZ  0.6214442E+00 0.2856514E+00-0.4955122E-01 0.6375353E+00 0.2856433E+00-0.4962463E-01 0.6535723E+00 0.2856606E+00-0.4946772E-01
 XYZ  0.6696190E+00 0.2857047E+00-0.4906742E-01 0.6856902E+00 0.2857701E+00-0.4846685E-01 0.7017274E+00 0.2858558E+00-0.4766977E-01
 XYZ  0.7177344E+00 0.2859653E+00-0.4663069E-01 0.7337937E+00 0.2860972E+00-0.4534849E-01 0.7499368E+00 0.2862427E+00-0.4389026E-01
 XYZ  0.7661036E+00 0.2863970E+00-0.4229065E-01 0.7822820E+00 0.2865601E+00-0.4053221E-01 0.7985144E+00 0.2867289E+00-0.3862846E-01
 XYZ  0.8148342E+00 0.2868975E+00-0.3662999E-01 0.8312153E+00 0.2870584E+00-0.3461619E-01 0.8475611E+00 0.2872094E+00-0.3261314E-01
 XYZ  0.8638730E+00 0.2873525E+00-0.3059625E-01 0.8802119E+00 0.2874828E+00-0.2863812E-01 0.8964617E+00 0.2875945E+00-0.2684502E-01
 XYZ  0.9124981E+00 0.2876921E+00-0.2517511E-01 0.9283920E+00 0.2877765E+00-0.2363600E-01 0.9440849E+00 0.2878442E+00-0.2232623E-01
 XYZ  0.9594948E+00 0.2878960E+00-0.2126866E-01 0.9745629E+00 0.2879311E+00-0.2052312E-01 0.9891709E+00 0.2879484E+00-0.2014361E-01
 XYZ  0.1003153E+01 0.2879477E+00-0.2015919E-01 0.1016386E+01 0.2879301E+00-0.2054322E-01 0.1028711E+01 0.2878927E+00-0.2133872E-01
 XYZ  0.1039843E+01 0.2878397E+00-0.2241512E-01 0.1049844E+01 0.2877786E+00-0.2359653E-01 0.1058708E+01 0.2877084E+00-0.2488586E-01
 XYZ  0.1066384E+01 0.2876338E+00-0.2618526E-01 0.1072906E+01 0.2875576E+00-0.2744923E-01 0.1078244E+01 0.2874848E+00-0.2860695E-01
 XYZ  0.1082478E+01 0.2874215E+00-0.2957541E-01 0.1085690E+01 0.2873704E+00-0.3033475E-01 0.1087939E+01 0.2873330E+00-0.3087958E-01
 XYZ  0.1089265E+01 0.2873100E+00-0.3120937E-01
 LMN  2792028 4 0 0 0 0 0 0 0 0 0 0 0 0 0 0 0 0 0 0 0 0
 XYZ  0.2394123E+00 0.3416037E+00 0.2985956E-01 0.2390756E+00 0.3417298E+00 0.2685938E-01 0.2393273E+00 0.3418374E+00 0.2400583E-01
 XYZ  0.2402331E+00 0.3419367E+00 0.2103081E-01 0.2414643E+00 0.3420247E+00 0.1799484E-01 0.2431389E+00 0.3420948E+00 0.1514599E-01
 XYZ  0.2454877E+00 0.3421510E+00 0.1240058E-01 0.2484313E+00 0.3421957E+00 0.9675598E-02 0.2519384E+00 0.3422287E+00 0.7018819E-02
 XYZ  0.2560425E+00 0.3422506E+00 0.4440204E-02 0.2607525E+00 0.3422625E+00 0.1941646E-02 0.2660910E+00 0.3422651E+00-0.4805741E-03
 XYZ  0.2720542E+00 0.3422593E+00-0.2841634E-02 0.2786461E+00 0.3422457E+00-0.5137381E-02 0.2858799E+00 0.3422246E+00-0.7398268E-02
 XYZ  0.2936960E+00 0.3421960E+00-0.9650881E-02 0.3020479E+00 0.3421608E+00-0.1185393E-01 0.3109816E+00 0.3421200E+00-0.1398085E-01
 XYZ  0.3205175E+00 0.3420730E+00-0.1608599E-01 0.3305730E+00 0.3420192E+00-0.1819814E-01 0.3410960E+00 0.3419597E+00-0.2028253E-01
 XYZ  0.3520745E+00 0.3418954E+00-0.2231540E-01 0.3635104E+00 0.3418277E+00-0.2427663E-01 0.3754178E+00 0.3417566E+00-0.2617617E-01
 XYZ  0.3877648E+00 0.3416819E+00-0.2803605E-01 0.4005066E+00 0.3416045E+00-0.2984335E-01 0.4136453E+00 0.3415255E+00-0.3158120E-01
 XYZ  0.4271739E+00 0.3414440E+00-0.3327834E-01 0.4410208E+00 0.3413599E+00-0.3494644E-01 0.4551364E+00 0.3412752E+00-0.3655049E-01
 XYZ  0.4695123E+00 0.3411919E+00-0.3806218E-01 0.4841510E+00 0.3411115E+00-0.3946815E-01 0.4990611E+00 0.3410342E+00-0.4077417E-01
 XYZ  0.5142248E+00 0.3409586E+00-0.4201261E-01 0.5295671E+00 0.3408840E+00-0.4320128E-01 0.5450146E+00 0.3408132E+00-0.4430010E-01
 XYZ  0.5605745E+00 0.3407503E+00-0.4525474E-01 0.5762852E+00 0.3406951E+00-0.4607629E-01 0.5921089E+00 0.3406454E+00-0.4680365E-01
 XYZ  0.6079760E+00 0.3406022E+00-0.4742670E-01 0.6238568E+00 0.3405680E+00-0.4791548E-01 0.6397350E+00 0.3405440E+00-0.4825534E-01
 XYZ  0.6555824E+00 0.3405314E+00-0.4843223E-01 0.6713731E+00 0.3405329E+00-0.4841180E-01 0.6871319E+00 0.3405514E+00-0.4815076E-01
 XYZ  0.7029133E+00 0.3405858E+00-0.4766250E-01 0.7186942E+00 0.3406328E+00-0.4698624E-01 0.7344293E+00 0.3406935E+00-0.4609921E-01
 XYZ  0.7501564E+00 0.3407697E+00-0.4496266E-01 0.7659469E+00 0.3408579E+00-0.4360955E-01 0.7817831E+00 0.3409528E+00-0.4210714E-01
 XYZ  0.7976146E+00 0.3410530E+00-0.4046031E-01 0.8134558E+00 0.3411581E+00-0.3865924E-01 0.8293449E+00 0.3412652E+00-0.3673458E-01
 XYZ  0.8452900E+00 0.3413698E+00-0.3475429E-01 0.8612300E+00 0.3414682E+00-0.3278304E-01 0.8770928E+00 0.3415608E+00-0.3081532E-01
 XYZ  0.8929242E+00 0.3416477E+00-0.2884836E-01 0.9087237E+00 0.3417242E+00-0.2699961E-01 0.9243334E+00 0.3417897E+00-0.2530916E-01
 XYZ  0.9397323E+00 0.3418474E+00-0.2372287E-01 0.9549527E+00 0.3418957E+00-0.2230579E-01 0.9699083E+00 0.3419339E+00-0.2112068E-01
 XYZ  0.9845435E+00 0.3419624E+00-0.2019144E-01 0.9987900E+00 0.3419806E+00-0.1957539E-01 0.1012530E+01 0.3419881E+00-0.1931627E-01
 XYZ  0.1025627E+01 0.3419853E+00-0.1941402E-01 0.1037997E+01 0.3419722E+00-0.1986361E-01 0.1049455E+01 0.3419474E+00-0.2068504E-01
 XYZ  0.1059822E+01 0.3419149E+00-0.2171991E-01 0.1069165E+01 0.3418774E+00-0.2285446E-01 0.1077451E+01 0.3418347E+00-0.2408021E-01
 XYZ  0.1084655E+01 0.3417897E+00-0.2530901E-01 0.1090790E+01 0.3417438E+00-0.2650585E-01 0.1095834E+01 0.3417000E+00-0.2759801E-01
 XYZ  0.1099851E+01 0.3416619E+00-0.2851334E-01 0.1102910E+01 0.3416312E+00-0.2923236E-01 0.1105058E+01 0.3416086E+00-0.2974955E-01
 XYZ  0.1106327E+01 0.3415947E+00-0.3006318E-01
 LMN  2792028 5 0 0 0 0 0 0 0 0 0 0 0 0 0 0 0 0 0 0 0 0
 XYZ  0.2822400E+00 0.4028285E+00 0.2807410E-01 0.2820007E+00 0.4029043E+00 0.2515475E-01 0.2823269E+00 0.4029704E+00 0.2230104E-01
 XYZ  0.2831849E+00 0.4030300E+00 0.1937301E-01 0.2844330E+00 0.4030808E+00 0.1647219E-01 0.2862002E+00 0.4031214E+00 0.1372065E-01
 XYZ  0.2885914E+00 0.4031539E+00 0.1104590E-01 0.2915614E+00 0.4031790E+00 0.8410515E-02 0.2950970E+00 0.4031969E+00 0.5840289E-02
 XYZ  0.2992126E+00 0.4032081E+00 0.3347271E-02 0.3039256E+00 0.4032132E+00 0.9374443E-03 0.3092537E+00 0.4032126E+00-0.1401330E-02
 XYZ  0.3151873E+00 0.4032070E+00-0.3678920E-02 0.3217374E+00 0.4031966E+00-0.5893228E-02 0.3289055E+00 0.4031816E+00-0.8082130E-02
 XYZ  0.3366269E+00 0.4031621E+00-0.1025919E-01 0.3448758E+00 0.4031386E+00-0.1237660E-01 0.3537006E+00 0.4031117E+00-0.1442503E-01
 XYZ  0.3630984E+00 0.4030810E+00-0.1646310E-01 0.3729886E+00 0.4030461E+00-0.1850350E-01 0.3833343E+00 0.4030078E+00-0.2051024E-01
 XYZ  0.3941251E+00 0.4029668E+00-0.2246247E-01 0.4053658E+00 0.4029239E+00-0.2434333E-01 0.4170632E+00 0.4028789E+00-0.2616891E-01
 XYZ  0.4291790E+00 0.4028317E+00-0.2795628E-01 0.4416778E+00 0.4027831E+00-0.2968639E-01 0.4545663E+00 0.4027336E+00-0.3135129E-01
 XYZ  0.4678235E+00 0.4026825E+00-0.3298272E-01 0.4813805E+00 0.4026299E+00-0.3458087E-01 0.4951998E+00 0.4025774E+00-0.3610935E-01
 XYZ  0.5092760E+00 0.4025260E+00-0.3754383E-01 0.5236111E+00 0.4024766E+00-0.3887442E-01 0.5382102E+00 0.4024292E+00-0.4011194E-01
 XYZ  0.5530453E+00 0.4023826E+00-0.4129074E-01 0.5680388E+00 0.4023369E+00-0.4241739E-01 0.5831352E+00 0.4022942E+00-0.4344258E-01
 XYZ  0.5983539E+00 0.4022568E+00-0.4432293E-01 0.6137188E+00 0.4022238E+00-0.4508292E-01 0.6291786E+00 0.4021944E+00-0.4575362E-01
 XYZ  0.6446742E+00 0.4021693E+00-0.4631492E-01 0.6601838E+00 0.4021502E+00-0.4674035E-01 0.6756889E+00 0.4021376E+00-0.4701756E-01
 XYZ  0.6911600E+00 0.4021325E+00-0.4712925E-01 0.7065791E+00 0.4021368E+00-0.4703541E-01 0.7219825E+00 0.4021519E+00-0.4670160E-01
 XYZ  0.7374074E+00 0.4021764E+00-0.4615692E-01 0.7528140E+00 0.4022087E+00-0.4542841E-01 0.7681754E+00 0.4022500E+00-0.4447964E-01
 XYZ  0.7835444E+00 0.4023008E+00-0.4328642E-01 0.7989710E+00 0.4023579E+00-0.4190170E-01 0.8144143E+00 0.4024187E+00-0.4038024E-01
 XYZ  0.8298419E+00 0.4024827E+00-0.3871230E-01 0.8452773E+00 0.4025493E+00-0.3690014E-01 0.8607497E+00 0.4026163E+00-0.3498449E-01
 XYZ  0.8762481E+00 0.4026806E+00-0.3304059E-01 0.8916970E+00 0.4027408E+00-0.3111294E-01 0.9070579E+00 0.4027975E+00-0.2918261E-01
 XYZ  0.9223806E+00 0.4028499E+00-0.2727948E-01 0.9376142E+00 0.4028952E+00-0.2552257E-01 0.9526172E+00 0.4029342E+00-0.2390452E-01
 XYZ  0.9674169E+00 0.4029684E+00-0.2239075E-01 0.9820045E+00 0.4029965E+00-0.2106775E-01 0.9962970E+00 0.4030185E+00-0.1996998E-01
 XYZ  0.1010251E+01 0.4030346E+00-0.1912999E-01 0.1023792E+01 0.4030444E+00-0.1859735E-01 0.1036810E+01 0.4030478E+00-0.1840875E-01
 XYZ  0.1049191E+01 0.4030453E+00-0.1854777E-01 0.1060867E+01 0.4030365E+00-0.1902554E-01 0.1071648E+01 0.4030210E+00-0.1984330E-01
 XYZ  0.1081420E+01 0.4030013E+00-0.2083117E-01 0.1090243E+01 0.4029786E+00-0.2191889E-01 0.1098070E+01 0.4029530E+00-0.2308514E-01
 XYZ  0.1104893E+01 0.4029260E+00-0.2425157E-01 0.1110712E+01 0.4028985E+00-0.2538883E-01 0.1115510E+01 0.4028723E+00-0.2642416E-01
 XYZ  0.1119343E+01 0.4028496E+00-0.2729302E-01 0.1122267E+01 0.4028311E+00-0.2797642E-01 0.1124324E+01 0.4028176E+00-0.2846879E-01
 XYZ  0.1125541E+01 0.4028092E+00-0.2876777E-01
 LMN  2792028 6 0 0 0 0 0 0 0 0 0 0 0 0 0 0 0 0 0 0 0 0
 XYZ  0.3306864E+00 0.4720941E+00 0.2630322E-01 0.3305264E+00 0.4721394E+00 0.2346719E-01 0.3308888E+00 0.4721792E+00 0.2065874E-01
 XYZ  0.3317326E+00 0.4722143E+00 0.1781596E-01 0.3330015E+00 0.4722437E+00 0.1503190E-01 0.3348000E+00 0.4722671E+00 0.1237275E-01
 XYZ  0.3371897E+00 0.4722856E+00 0.9785204E-02 0.3401455E+00 0.4722995E+00 0.7244459E-02 0.3436550E+00 0.4723091E+00 0.4766011E-02
 XYZ  0.3477273E+00 0.4723146E+00 0.2365838E-02 0.3523838E+00 0.4723164E+00 0.4861966E-04 0.3576363E+00 0.4723148E+00-0.2201618E-02
 XYZ  0.3634747E+00 0.4723102E+00-0.4390251E-02 0.3699125E+00 0.4723027E+00-0.6518977E-02 0.3769424E+00 0.4722924E+00-0.8627923E-02
 XYZ  0.3845010E+00 0.4722794E+00-0.1072071E-01 0.3925761E+00 0.4722641E+00-0.1274848E-01 0.4012133E+00 0.4722467E+00-0.1471460E-01
 XYZ  0.4103949E+00 0.4722269E+00-0.1667640E-01 0.4200469E+00 0.4722047E+00-0.1863581E-01 0.4301406E+00 0.4721805E+00-0.2055867E-01
 XYZ  0.4406668E+00 0.4721547E+00-0.2242526E-01 0.4516316E+00 0.4721278E+00-0.2422233E-01 0.4630358E+00 0.4720997E+00-0.2596890E-01
 XYZ  0.4748392E+00 0.4720703E+00-0.2767744E-01 0.4870139E+00 0.4720402E+00-0.2932636E-01 0.4995672E+00 0.4720095E+00-0.3091479E-01
 XYZ  0.5124694E+00 0.4719778E+00-0.3247387E-01 0.5256567E+00 0.4719455E+00-0.3399607E-01 0.5390993E+00 0.4719132E+00-0.3544610E-01
 XYZ  0.5527929E+00 0.4718819E+00-0.3680239E-01 0.5667391E+00 0.4718519E+00-0.3805767E-01 0.5809398E+00 0.4718230E+00-0.3922649E-01
 XYZ  0.5953605E+00 0.4717947E+00-0.4034242E-01 0.6099256E+00 0.4717670E+00-0.4140341E-01 0.6245929E+00 0.4717415E+00-0.4235634E-01
 XYZ  0.6393869E+00 0.4717194E+00-0.4316822E-01 0.6543187E+00 0.4716999E+00-0.4387003E-01 0.6693327E+00 0.4716826E+00-0.4448487E-01
 XYZ  0.6843789E+00 0.4716682E+00-0.4498814E-01 0.6994390E+00 0.4716576E+00-0.4535670E-01 0.7144928E+00 0.4716512E+00-0.4557919E-01
 XYZ  0.7295112E+00 0.4716495E+00-0.4563556E-01 0.7444835E+00 0.4716540E+00-0.4548325E-01 0.7594500E+00 0.4716651E+00-0.4509762E-01
 XYZ  0.7744324E+00 0.4716817E+00-0.4451498E-01 0.7893859E+00 0.4717032E+00-0.4375034E-01 0.8042987E+00 0.4717305E+00-0.4276215E-01
 XYZ  0.8192279E+00 0.4717633E+00-0.4154062E-01 0.8342033E+00 0.4717997E+00-0.4014761E-01 0.8491771E+00 0.4718380E+00-0.3862412E-01
 XYZ  0.8641304E+00 0.4718783E+00-0.3695566E-01 0.8790891E+00 0.4719198E+00-0.3515379E-01 0.8940736E+00 0.4719612E+00-0.3326579E-01
 XYZ  0.9090599E+00 0.4720005E+00-0.3136675E-01 0.9239707E+00 0.4720372E+00-0.2948476E-01 0.9387923E+00 0.4720717E+00-0.2759812E-01
 XYZ  0.9535643E+00 0.4721031E+00-0.2576279E-01 0.9682057E+00 0.4721300E+00-0.2408143E-01 0.9826068E+00 0.4721533E+00-0.2252167E-01
 XYZ  0.9968079E+00 0.4721736E+00-0.2107333E-01 0.1010774E+01 0.4721900E+00-0.1982308E-01 0.1024435E+01 0.4722028E+00-0.1879048E-01
 XYZ  0.1037749E+01 0.4722120E+00-0.1801377E-01 0.1050642E+01 0.4722175E+00-0.1753544E-01 0.1063012E+01 0.4722192E+00-0.1738671E-01
 XYZ  0.1074758E+01 0.4722174E+00-0.1754301E-01 0.1085827E+01 0.4722119E+00-0.1802535E-01 0.1096026E+01 0.4722025E+00-0.1882104E-01
 XYZ  0.1105285E+01 0.4721908E+00-0.1975917E-01 0.1113654E+01 0.4721773E+00-0.2079708E-01 0.1121080E+01 0.4721621E+00-0.2190447E-01
 XYZ  0.1127565E+01 0.4721462E+00-0.2301113E-01 0.1133101E+01 0.4721298E+00-0.2409117E-01 0.1137674E+01 0.4721144E+00-0.2507303E-01
 XYZ  0.1141335E+01 0.4721009E+00-0.2589788E-01 0.1144133E+01 0.4720899E+00-0.2654727E-01 0.1146103E+01 0.4720819E+00-0.2701568E-01
 XYZ  0.1147270E+01 0.4720769E+00-0.2730038E-01
 LMN  2792028 7 0 0 0 0 0 0 0 0 0 0 0 0 0 0 0 0 0 0 0 0
 XYZ  0.3862412E+00 0.5514889E+00 0.2443838E-01 0.3861394E+00 0.5515155E+00 0.2169653E-01 0.3865184E+00 0.5515388E+00 0.1896572E-01
 XYZ  0.3873505E+00 0.5515591E+00 0.1623040E-01 0.3886224E+00 0.5515758E+00 0.1356513E-01 0.3904136E+00 0.5515890E+00 0.1100834E-01
 XYZ  0.3927678E+00 0.5515992E+00 0.8522770E-02 0.3956716E+00 0.5516067E+00 0.6086724E-02 0.3991109E+00 0.5516116E+00 0.3710569E-02
 XYZ  0.4030931E+00 0.5516141E+00 0.1413367E-02 0.4076415E+00 0.5516144E+00-0.8026768E-03 0.4127628E+00 0.5516127E+00-0.2954923E-02
 XYZ  0.4184479E+00 0.5516092E+00-0.5045577E-02 0.4247112E+00 0.5516040E+00-0.7079818E-02 0.4315392E+00 0.5515971E+00-0.9097427E-02
 XYZ  0.4388724E+00 0.5515886E+00-0.1109513E-01 0.4467068E+00 0.5515788E+00-0.1302559E-01 0.4550840E+00 0.5515678E+00-0.1490067E-01
 XYZ  0.4639775E+00 0.5515553E+00-0.1677444E-01 0.4733204E+00 0.5515414E+00-0.1864192E-01 0.4830889E+00 0.5515263E+00-0.2047153E-01
 XYZ  0.4932746E+00 0.5515104E+00-0.2224418E-01 0.5038841E+00 0.5514939E+00-0.2394982E-01 0.5149139E+00 0.5514766E+00-0.2560859E-01
 XYZ  0.5263243E+00 0.5514586E+00-0.2722924E-01 0.5380926E+00 0.5514403E+00-0.2878965E-01 0.5502253E+00 0.5514216E+00-0.3029396E-01
 XYZ  0.5626881E+00 0.5514024E+00-0.3177138E-01 0.5754224E+00 0.5513828E+00-0.3320948E-01 0.5884036E+00 0.5513634E+00-0.3457490E-01
 XYZ  0.6016275E+00 0.5513446E+00-0.3584817E-01 0.6150959E+00 0.5513267E+00-0.3702404E-01 0.6288075E+00 0.5513094E+00-0.3811951E-01
 XYZ  0.6427246E+00 0.5512925E+00-0.3916618E-01 0.6567754E+00 0.5512761E+00-0.4015590E-01 0.6709273E+00 0.5512612E+00-0.4103492E-01
 XYZ  0.6852060E+00 0.5512483E+00-0.4177869E-01 0.6996135E+00 0.5512370E+00-0.4242082E-01 0.7140940E+00 0.5512271E+00-0.4297787E-01
 XYZ  0.7286044E+00 0.5512190E+00-0.4342367E-01 0.7431280E+00 0.5512133E+00-0.4373782E-01 0.7576440E+00 0.5512101E+00-0.4390937E-01
 XYZ  0.7721246E+00 0.5512100E+00-0.4391642E-01 0.7865645E+00 0.5512137E+00-0.4371603E-01 0.8010042E+00 0.5512214E+00-0.4329198E-01
 XYZ  0.8154539E+00 0.5512323E+00-0.4268281E-01 0.8298691E+00 0.5512463E+00-0.4189419E-01 0.8442484E+00 0.5512638E+00-0.4088400E-01
 XYZ  0.8586479E+00 0.5512845E+00-0.3965382E-01 0.8730827E+00 0.5513071E+00-0.3826791E-01 0.8875047E+00 0.5513308E+00-0.3675605E-01
 XYZ  0.9019040E+00 0.5513557E+00-0.3510359E-01 0.9163059E+00 0.5513811E+00-0.3332807E-01 0.9307239E+00 0.5514062E+00-0.3148085E-01
 XYZ  0.9451256E+00 0.5514299E+00-0.2963302E-01 0.9594381E+00 0.5514520E+00-0.2780081E-01 0.9736628E+00 0.5514727E+00-0.2596499E-01
 XYZ  0.9878270E+00 0.5514914E+00-0.2419774E-01 0.1001836E+01 0.5515072E+00-0.2258269E-01 0.1015607E+01 0.5515211E+00-0.2107671E-01
 XYZ  0.1029179E+01 0.5515330E+00-0.1968853E-01 0.1042506E+01 0.5515425E+00-0.1849737E-01 0.1055527E+01 0.5515500E+00-0.1751619E-01
 XYZ  0.1068201E+01 0.5515552E+00-0.1678559E-01 0.1080456E+01 0.5515583E+00-0.1634243E-01 0.1092198E+01 0.5515592E+00-0.1621355E-01
 XYZ  0.1103340E+01 0.5515581E+00-0.1637082E-01 0.1113829E+01 0.5515548E+00-0.1684082E-01 0.1123484E+01 0.5515493E+00-0.1760108E-01
 XYZ  0.1132258E+01 0.5515426E+00-0.1848533E-01 0.1140195E+01 0.5515348E+00-0.1946826E-01 0.1147239E+01 0.5515260E+00-0.2051415E-01
 XYZ  0.1153398E+01 0.5515167E+00-0.2155952E-01 0.1158659E+01 0.5515073E+00-0.2258090E-01 0.1163012E+01 0.5514983E+00-0.2350877E-01
 XYZ  0.1166501E+01 0.5514904E+00-0.2428896E-01 0.1169171E+01 0.5514841E+00-0.2490365E-01 0.1171052E+01 0.5514794E+00-0.2534744E-01
 XYZ  0.1172167E+01 0.5514765E+00-0.2561737E-01
 LMN  2792028 8 0 0 0 0 0 0 0 0 0 0 0 0 0 0 0 0 0 0 0 0
 XYZ  0.4515962E+00 0.6448621E+00 0.2236099E-01 0.4515371E+00 0.6448772E+00 0.1973351E-01 0.4519212E+00 0.6448903E+00 0.1711104E-01
 XYZ  0.4527361E+00 0.6449015E+00 0.1450464E-01 0.4539901E+00 0.6449106E+00 0.1197104E-01 0.4557429E+00 0.6449177E+00 0.9534304E-02
 XYZ  0.4580300E+00 0.6449231E+00 0.7169003E-02 0.4608450E+00 0.6449269E+00 0.4853652E-02 0.4641718E+00 0.6449292E+00 0.2596071E-02
 XYZ  0.4680179E+00 0.6449301E+00 0.4171509E-03 0.4724064E+00 0.6449297E+00-0.1683291E-02 0.4773408E+00 0.6449282E+00-0.3722666E-02
 XYZ  0.4828131E+00 0.6449257E+00-0.5701087E-02 0.4888376E+00 0.6449222E+00-0.7626389E-02 0.4953970E+00 0.6449177E+00-0.9536702E-02
 XYZ  0.5024362E+00 0.6449123E+00-0.1142417E-01 0.5099567E+00 0.6449062E+00-0.1324420E-01 0.5179954E+00 0.6448994E+00-0.1501405E-01
 XYZ  0.5265213E+00 0.6448918E+00-0.1678379E-01 0.5354741E+00 0.6448833E+00-0.1854418E-01 0.5448332E+00 0.6448743E+00-0.2026628E-01
 XYZ  0.5545909E+00 0.6448647E+00-0.2193169E-01 0.5647539E+00 0.6448548E+00-0.2353295E-01 0.5753157E+00 0.6448446E+00-0.2509031E-01
 XYZ  0.5862384E+00 0.6448339E+00-0.2660962E-01 0.5975030E+00 0.6448231E+00-0.2806933E-01 0.6091149E+00 0.6448121E+00-0.2947695E-01
 XYZ  0.6210375E+00 0.6448008E+00-0.3085927E-01 0.6332175E+00 0.6447893E+00-0.3220099E-01 0.6456339E+00 0.6447780E+00-0.3347099E-01
 XYZ  0.6582827E+00 0.6447671E+00-0.3465156E-01 0.6711652E+00 0.6447567E+00-0.3573901E-01 0.6842785E+00 0.6447468E+00-0.3675174E-01
 XYZ  0.6975831E+00 0.6447370E+00-0.3771888E-01 0.7110120E+00 0.6447277E+00-0.3862826E-01 0.7245398E+00 0.6447192E+00-0.3942743E-01
 XYZ  0.7381912E+00 0.6447120E+00-0.4009834E-01 0.7519623E+00 0.6447057E+00-0.4067503E-01 0.7657992E+00 0.6447002E+00-0.4116910E-01
 XYZ  0.7796637E+00 0.6446959E+00-0.4155434E-01 0.7935408E+00 0.6446930E+00-0.4181261E-01 0.8074093E+00 0.6446916E+00-0.4193327E-01
 XYZ  0.8212432E+00 0.6446921E+00-0.4189344E-01 0.8350411E+00 0.6446948E+00-0.4165122E-01 0.8488417E+00 0.6446999E+00-0.4119701E-01
 XYZ  0.8626473E+00 0.6447069E+00-0.4056891E-01 0.8764158E+00 0.6447156E+00-0.3976590E-01 0.8901526E+00 0.6447264E+00-0.3874759E-01
 XYZ  0.9039107E+00 0.6447390E+00-0.3752371E-01 0.9176946E+00 0.6447527E+00-0.3615733E-01 0.9314592E+00 0.6447669E+00-0.3466983E-01
 XYZ  0.9452001E+00 0.6447818E+00-0.3304822E-01 0.9589410E+00 0.6447969E+00-0.3131350E-01 0.9726900E+00 0.6448117E+00-0.2951892E-01
 XYZ  0.9864100E+00 0.6448256E+00-0.2772989E-01 0.1000035E+01 0.6448386E+00-0.2595457E-01 0.1013575E+01 0.6448507E+00-0.2417814E-01
 XYZ  0.1027045E+01 0.6448614E+00-0.2248100E-01 0.1040348E+01 0.6448705E+00-0.2092986E-01 0.1053422E+01 0.6448785E+00-0.1947827E-01
 XYZ  0.1066300E+01 0.6448853E+00-0.1814773E-01 0.1078930E+01 0.6448908E+00-0.1700844E-01 0.1091261E+01 0.6448950E+00-0.1607058E-01
 XYZ  0.1103253E+01 0.6448979E+00-0.1537490E-01 0.1114836E+01 0.6448997E+00-0.1495377E-01 0.1125924E+01 0.6449002E+00-0.1483041E-01
 XYZ  0.1136439E+01 0.6448996E+00-0.1497574E-01 0.1146332E+01 0.6448978E+00-0.1541912E-01 0.1155432E+01 0.6448947E+00-0.1613162E-01
 XYZ  0.1163710E+01 0.6448910E+00-0.1695492E-01 0.1171200E+01 0.6448867E+00-0.1787476E-01 0.1177850E+01 0.6448818E+00-0.1885270E-01
 XYZ  0.1183669E+01 0.6448766E+00-0.1983110E-01 0.1188643E+01 0.6448713E+00-0.2078844E-01 0.1192762E+01 0.6448663E+00-0.2165805E-01
 XYZ  0.1196067E+01 0.6448620E+00-0.2238987E-01 0.1198598E+01 0.6448584E+00-0.2296682E-01 0.1200382E+01 0.6448558E+00-0.2338368E-01
 XYZ  0.1201440E+01 0.6448542E+00-0.2363741E-01
 LMN  2792028 9 0 0 0 0 0 0 0 0 0 0 0 0 0 0 0 0 0 0 0 0
 XYZ  0.5318475E+00 0.7594983E+00 0.1989896E-01 0.5318212E+00 0.7595062E+00 0.1741742E-01 0.5322018E+00 0.7595131E+00 0.1493980E-01
 XYZ  0.5329890E+00 0.7595188E+00 0.1249165E-01 0.5342016E+00 0.7595234E+00 0.1011502E-01 0.5358846E+00 0.7595269E+00 0.7826308E-02
 XYZ  0.5380691E+00 0.7595294E+00 0.5608424E-02 0.5407525E+00 0.7595311E+00 0.3439635E-02 0.5439177E+00 0.7595320E+00 0.1326486E-02
 XYZ  0.5475725E+00 0.7595321E+00-0.7095303E-03 0.5517389E+00 0.7595315E+00-0.2670481E-02 0.5564182E+00 0.7595303E+00-0.4573041E-02
 XYZ  0.5616037E+00 0.7595286E+00-0.6416020E-02 0.5673087E+00 0.7595264E+00-0.8208997E-02 0.5735141E+00 0.7595236E+00-0.9987662E-02
 XYZ  0.5801697E+00 0.7595204E+00-0.1174134E-01 0.5872801E+00 0.7595167E+00-0.1342887E-01 0.5948781E+00 0.7595127E+00-0.1507059E-01
 XYZ  0.6029305E+00 0.7595083E+00-0.1671220E-01 0.6113834E+00 0.7595034E+00-0.1834206E-01 0.6202187E+00 0.7594982E+00-0.1993390E-01
 XYZ  0.6294294E+00 0.7594928E+00-0.2147023E-01 0.6390219E+00 0.7594872E+00-0.2294570E-01 0.6489879E+00 0.7594814E+00-0.2437989E-01
 XYZ  0.6592918E+00 0.7594755E+00-0.2577650E-01 0.6699178E+00 0.7594694E+00-0.2711524E-01 0.6808699E+00 0.7594633E+00-0.2840568E-01
 XYZ  0.6921115E+00 0.7594571E+00-0.2967202E-01 0.7035941E+00 0.7594507E+00-0.3089758E-01 0.7152997E+00 0.7594445E+00-0.3205370E-01
 XYZ  0.7272243E+00 0.7594386E+00-0.3312438E-01 0.7393691E+00 0.7594330E+00-0.3410709E-01 0.7517297E+00 0.7594276E+00-0.3502073E-01
 XYZ  0.7642669E+00 0.7594223E+00-0.3589175E-01 0.7769191E+00 0.7594173E+00-0.3670562E-01 0.7896659E+00 0.7594129E+00-0.3741253E-01
 XYZ  0.8025307E+00 0.7594091E+00-0.3799944E-01 0.8155055E+00 0.7594058E+00-0.3849942E-01 0.8285393E+00 0.7594031E+00-0.3892031E-01
 XYZ  0.8415988E+00 0.7594010E+00-0.3923694E-01 0.8546697E+00 0.7593997E+00-0.3943312E-01 0.8677315E+00 0.7593992E+00-0.3949865E-01
 XYZ  0.8807600E+00 0.7593998E+00-0.3941049E-01 0.8937566E+00 0.7594017E+00-0.3912889E-01 0.9067572E+00 0.7594049E+00-0.3864921E-01
 XYZ  0.9197587E+00 0.7594090E+00-0.3800759E-01 0.9327226E+00 0.7594142E+00-0.3719847E-01 0.9456585E+00 0.7594205E+00-0.3618441E-01
 XYZ  0.9586149E+00 0.7594278E+00-0.3498054E-01 0.9715894E+00 0.7594356E+00-0.3364663E-01 0.9845408E+00 0.7594437E+00-0.3219782E-01
 XYZ  0.9974685E+00 0.7594522E+00-0.3062330E-01 0.1010394E+01 0.7594607E+00-0.2894575E-01 0.1023321E+01 0.7594689E+00-0.2721826E-01
 XYZ  0.1036211E+01 0.7594767E+00-0.2549987E-01 0.1049005E+01 0.7594838E+00-0.2379339E-01 0.1061718E+01 0.7594905E+00-0.2208865E-01
 XYZ  0.1074358E+01 0.7594964E+00-0.2046844E-01 0.1086825E+01 0.7595014E+00-0.1898533E-01 0.1099077E+01 0.7595057E+00-0.1759354E-01
 XYZ  0.1111139E+01 0.7595094E+00-0.1632246E-01 0.1122960E+01 0.7595123E+00-0.1523331E-01 0.1134494E+01 0.7595146E+00-0.1433513E-01
 XYZ  0.1145702E+01 0.7595162E+00-0.1366730E-01 0.1156522E+01 0.7595171E+00-0.1325838E-01 0.1166871E+01 0.7595174E+00-0.1312852E-01
 XYZ  0.1176682E+01 0.7595171E+00-0.1324929E-01 0.1185908E+01 0.7595162E+00-0.1365094E-01 0.1194393E+01 0.7595147E+00-0.1430083E-01
 XYZ  0.1202115E+01 0.7595128E+00-0.1505113E-01 0.1209105E+01 0.7595106E+00-0.1589478E-01 0.1215312E+01 0.7595081E+00-0.1679271E-01
 XYZ  0.1220748E+01 0.7595054E+00-0.1769279E-01 0.1225395E+01 0.7595027E+00-0.1857532E-01 0.1229248E+01 0.7595001E+00-0.1937738E-01
 XYZ  0.1232342E+01 0.7594978E+00-0.2005298E-01 0.1234711E+01 0.7594960E+00-0.2058598E-01 0.1236383E+01 0.7594946E+00-0.2097135E-01
 XYZ  0.1237375E+01 0.7594938E+00-0.2120605E-01
 LMN  279202810 0 0 0 0 0 0 0 0 0 0 0 0 0 0 0 0 0 0 0 0
 XYZ  0.6366199E+00 0.9091475E+00 0.1675826E-01 0.6366205E+00 0.9091511E+00 0.1447346E-01 0.6369887E+00 0.9091542E+00 0.1219380E-01
 XYZ  0.6377319E+00 0.9091567E+00 0.9951258E-02 0.6388729E+00 0.9091587E+00 0.7776659E-02 0.6404460E+00 0.9091601E+00 0.5682130E-02
 XYZ  0.6424788E+00 0.9091610E+00 0.3656230E-02 0.6449709E+00 0.9091616E+00 0.1677638E-02 0.6479051E+00 0.9091617E+00-0.2478333E-03
 XYZ  0.6512894E+00 0.9091615E+00-0.2099303E-02 0.6551440E+00 0.9091610E+00-0.3880064E-02 0.6594686E+00 0.9091601E+00-0.5605462E-02
 XYZ  0.6642578E+00 0.9091590E+00-0.7273594E-02 0.6695237E+00 0.9091577E+00-0.8894848E-02 0.6752468E+00 0.9091561E+00-0.1050172E-01
 XYZ  0.6813823E+00 0.9091543E+00-0.1208222E-01 0.6879366E+00 0.9091523E+00-0.1359933E-01 0.6949379E+00 0.9091502E+00-0.1507446E-01
 XYZ  0.7023537E+00 0.9091478E+00-0.1654847E-01 0.7101363E+00 0.9091453E+00-0.1800879E-01 0.7182699E+00 0.9091426E+00-0.1943206E-01
 XYZ  0.7267483E+00 0.9091398E+00-0.2080211E-01 0.7355773E+00 0.9091369E+00-0.2211523E-01 0.7447477E+00 0.9091340E+00-0.2338972E-01
 XYZ  0.7542270E+00 0.9091309E+00-0.2462771E-01 0.7640023E+00 0.9091279E+00-0.2581074E-01 0.7740762E+00 0.9091249E+00-0.2694937E-01
 XYZ  0.7844136E+00 0.9091218E+00-0.2806498E-01 0.7949717E+00 0.9091186E+00-0.2914084E-01 0.8057345E+00 0.9091156E+00-0.3015114E-01
 XYZ  0.8166985E+00 0.9091127E+00-0.3108169E-01 0.8278647E+00 0.9091100E+00-0.3193085E-01 0.8392278E+00 0.9091074E+00-0.3271711E-01
 XYZ  0.8507505E+00 0.9091049E+00-0.3346399E-01 0.8623774E+00 0.9091026E+00-0.3415606E-01 0.8740921E+00 0.9091005E+00-0.3474755E-01
 XYZ  0.8859159E+00 0.9090988E+00-0.3522928E-01 0.8978385E+00 0.9090973E+00-0.3563214E-01 0.9098134E+00 0.9090962E+00-0.3596124E-01
 XYZ  0.9218113E+00 0.9090953E+00-0.3619327E-01 0.9338192E+00 0.9090949E+00-0.3631404E-01 0.9458178E+00 0.9090949E+00-0.3631401E-01
 XYZ  0.9577852E+00 0.9090954E+00-0.3617094E-01 0.9697244E+00 0.9090966E+00-0.3584832E-01 0.9816677E+00 0.9090984E+00-0.3534505E-01
 XYZ  0.9936087E+00 0.9091007E+00-0.3469415E-01 0.1005513E+01 0.9091035E+00-0.3388732E-01 0.1017393E+01 0.9091069E+00-0.3289098E-01
 XYZ  0.1029291E+01 0.9091107E+00-0.3172322E-01 0.1041201E+01 0.9091147E+00-0.3043877E-01 0.1053086E+01 0.9091189E+00-0.2904812E-01
 XYZ  0.1064948E+01 0.9091232E+00-0.2754269E-01 0.1076806E+01 0.9091276E+00-0.2594530E-01 0.1088661E+01 0.9091317E+00-0.2430678E-01
 XYZ  0.1100475E+01 0.9091356E+00-0.2267916E-01 0.1112197E+01 0.9091392E+00-0.2106185E-01 0.1123844E+01 0.9091425E+00-0.1944892E-01
 XYZ  0.1135416E+01 0.9091454E+00-0.1792068E-01 0.1146822E+01 0.9091479E+00-0.1651794E-01 0.1158029E+01 0.9091500E+00-0.1519816E-01
 XYZ  0.1169059E+01 0.9091518E+00-0.1399458E-01 0.1179861E+01 0.9091532E+00-0.1295960E-01 0.1190397E+01 0.9091543E+00-0.1210169E-01
 XYZ  0.1200631E+01 0.9091551E+00-0.1145757E-01 0.1210504E+01 0.9091555E+00-0.1105225E-01 0.1219943E+01 0.9091557E+00-0.1090310E-01
 XYZ  0.1228890E+01 0.9091556E+00-0.1098363E-01 0.1237301E+01 0.9091552E+00-0.1132340E-01 0.1245035E+01 0.9091545E+00-0.1188872E-01
 XYZ  0.1252077E+01 0.9091537E+00-0.1254519E-01 0.1258453E+01 0.9091528E+00-0.1329049E-01 0.1264117E+01 0.9091516E+00-0.1408685E-01
 XYZ  0.1269079E+01 0.9091505E+00-0.1488787E-01 0.1273324E+01 0.9091492E+00-0.1567592E-01 0.1276845E+01 0.9091481E+00-0.1639310E-01
 XYZ  0.1279674E+01 0.9091471E+00-0.1699796E-01 0.1281842E+01 0.9091462E+00-0.1747552E-01 0.1283372E+01 0.9091456E+00-0.1782109E-01
 XYZ  0.1284280E+01 0.9091452E+00-0.1803170E-01
 LMN  279202811 0 0 0 0 0 0 0 0 0 0 0 0 0 0 0 0 0 0 0 0
 XYZ  0.7735313E+00 0.1104691E+01 0.1271318E-01 0.7735547E+00 0.1104692E+01 0.1069136E-01 0.7739000E+00 0.1104693E+01 0.8676853E-02
 XYZ  0.7745778E+00 0.1104694E+01 0.6701801E-02 0.7756105E+00 0.1104695E+01 0.4789534E-02 0.7770246E+00 0.1104695E+01 0.2949678E-02
 XYZ  0.7788443E+00 0.1104695E+01 0.1174174E-02 0.7810701E+00 0.1104695E+01-0.5566350E-03 0.7836862E+00 0.1104695E+01-0.2237529E-02
 XYZ  0.7866998E+00 0.1104695E+01-0.3849504E-02 0.7901288E+00 0.1104694E+01-0.5396269E-02 0.7939722E+00 0.1104694E+01-0.6891331E-02
 XYZ  0.7982257E+00 0.1104693E+01-0.8332575E-02 0.8028997E+00 0.1104692E+01-0.9730158E-02 0.8079760E+00 0.1104692E+01-0.1111261E-01
 XYZ  0.8134160E+00 0.1104691E+01-0.1246812E-01 0.8192263E+00 0.1104690E+01-0.1376456E-01 0.8254309E+00 0.1104689E+01-0.1502244E-01
 XYZ  0.8319998E+00 0.1104688E+01-0.1627719E-01 0.8388920E+00 0.1104686E+01-0.1751672E-01 0.8460941E+00 0.1104685E+01-0.1872095E-01
 XYZ  0.8536005E+00 0.1104684E+01-0.1987555E-01 0.8614164E+00 0.1104683E+01-0.2097800E-01 0.8695327E+00 0.1104681E+01-0.2204467E-01
 XYZ  0.8779210E+00 0.1104680E+01-0.2307674E-01 0.8865706E+00 0.1104679E+01-0.2405811E-01 0.8954831E+00 0.1104677E+01-0.2499921E-01
 XYZ  0.9046270E+00 0.1104676E+01-0.2591846E-01 0.9139652E+00 0.1104675E+01-0.2680035E-01 0.9234841E+00 0.1104673E+01-0.2762250E-01
 XYZ  0.9331804E+00 0.1104672E+01-0.2837267E-01 0.9430550E+00 0.1104671E+01-0.2904989E-01 0.9531025E+00 0.1104670E+01-0.2967123E-01
 XYZ  0.9632892E+00 0.1104669E+01-0.3025702E-01 0.9735669E+00 0.1104668E+01-0.3079251E-01 0.9839225E+00 0.1104667E+01-0.3123737E-01
 XYZ  0.9943746E+00 0.1104667E+01-0.3158523E-01 0.1004912E+01 0.1104666E+01-0.3186368E-01 0.1015494E+01 0.1104666E+01-0.3207602E-01
 XYZ  0.1026097E+01 0.1104665E+01-0.3220169E-01 0.1036707E+01 0.1104665E+01-0.3222863E-01 0.1047308E+01 0.1104666E+01-0.3214834E-01
 XYZ  0.1057880E+01 0.1104666E+01-0.3194051E-01 0.1068428E+01 0.1104667E+01-0.3157299E-01 0.1078979E+01 0.1104668E+01-0.3104675E-01
 XYZ  0.1089526E+01 0.1104669E+01-0.3039075E-01 0.1100038E+01 0.1104670E+01-0.2959567E-01 0.1110529E+01 0.1104672E+01-0.2863253E-01
 XYZ  0.1121035E+01 0.1104673E+01-0.2751991E-01 0.1131547E+01 0.1104675E+01-0.2630584E-01 0.1142036E+01 0.1104677E+01-0.2499758E-01
 XYZ  0.1152503E+01 0.1104679E+01-0.2358855E-01 0.1162964E+01 0.1104681E+01-0.2210013E-01 0.1173420E+01 0.1104683E+01-0.2057853E-01
 XYZ  0.1183835E+01 0.1104685E+01-0.1906825E-01 0.1194166E+01 0.1104686E+01-0.1756699E-01 0.1204429E+01 0.1104688E+01-0.1607196E-01
 XYZ  0.1214623E+01 0.1104689E+01-0.1465657E-01 0.1224665E+01 0.1104690E+01-0.1335214E-01 0.1234532E+01 0.1104691E+01-0.1212132E-01
 XYZ  0.1244240E+01 0.1104692E+01-0.1099730E-01 0.1253744E+01 0.1104692E+01-0.1002392E-01 0.1263011E+01 0.1104693E+01-0.9209075E-02
 XYZ  0.1272009E+01 0.1104693E+01-0.8585572E-02 0.1280688E+01 0.1104693E+01-0.8174942E-02 0.1288983E+01 0.1104693E+01-0.7991942E-02
 XYZ  0.1296845E+01 0.1104693E+01-0.8013281E-02 0.1304235E+01 0.1104693E+01-0.8266248E-02 0.1311030E+01 0.1104693E+01-0.8719021E-02
 XYZ  0.1317221E+01 0.1104693E+01-0.9254054E-02 0.1322827E+01 0.1104692E+01-0.9871745E-02 0.1327808E+01 0.1104692E+01-0.1053770E-01
 XYZ  0.1332175E+01 0.1104692E+01-0.1121189E-01 0.1335911E+01 0.1104691E+01-0.1187904E-01 0.1339012E+01 0.1104691E+01-0.1248799E-01
 XYZ  0.1341505E+01 0.1104690E+01-0.1300252E-01 0.1343416E+01 0.1104690E+01-0.1340923E-01 0.1344765E+01 0.1104690E+01-0.1370385E-01
 XYZ  0.1345566E+01 0.1104690E+01-0.1388360E-01
 LMN  279202812 0 0 0 0 0 0 0 0 0 0 0 0 0 0 0 0 0 0 0 0
 XYZ  0.9044555E+00 0.1291679E+01 0.8874130E-02 0.9044945E+00 0.1291680E+01 0.7106985E-02 0.9048145E+00 0.1291680E+01 0.5349052E-02
 XYZ  0.9054253E+00 0.1291680E+01 0.3629194E-02 0.9063466E+00 0.1291680E+01 0.1967200E-02 0.9076009E+00 0.1291681E+01 0.3713921E-03
 XYZ  0.9092093E+00 0.1291681E+01-0.1164909E-02 0.9111721E+00 0.1291680E+01-0.2659064E-02 0.9134754E+00 0.1291680E+01-0.4106390E-02
 XYZ  0.9161258E+00 0.1291680E+01-0.5490167E-02 0.9191387E+00 0.1291680E+01-0.6813862E-02 0.9225129E+00 0.1291679E+01-0.8089233E-02
 XYZ  0.9262450E+00 0.1291679E+01-0.9314297E-02 0.9303438E+00 0.1291679E+01-0.1049831E-01 0.9347933E+00 0.1291678E+01-0.1166618E-01
 XYZ  0.9395601E+00 0.1291678E+01-0.1280723E-01 0.9446502E+00 0.1291677E+01-0.1389365E-01 0.9500842E+00 0.1291676E+01-0.1494395E-01
 XYZ  0.9558356E+00 0.1291676E+01-0.1598888E-01 0.9618691E+00 0.1291675E+01-0.1701767E-01 0.9681729E+00 0.1291675E+01-0.1801305E-01
 XYZ  0.9747423E+00 0.1291674E+01-0.1896255E-01 0.9815816E+00 0.1291673E+01-0.1986427E-01 0.9886826E+00 0.1291673E+01-0.2073264E-01
 XYZ  0.9960206E+00 0.1291672E+01-0.2156848E-01 0.1003587E+01 0.1291671E+01-0.2235790E-01 0.1011382E+01 0.1291671E+01-0.2311051E-01
 XYZ  0.1019378E+01 0.1291670E+01-0.2384230E-01 0.1027544E+01 0.1291670E+01-0.2453956E-01 0.1035867E+01 0.1291669E+01-0.2518299E-01
 XYZ  0.1044345E+01 0.1291669E+01-0.2576207E-01 0.1052978E+01 0.1291668E+01-0.2627616E-01 0.1061761E+01 0.1291668E+01-0.2674052E-01
 XYZ  0.1070665E+01 0.1291667E+01-0.2717287E-01 0.1079648E+01 0.1291667E+01-0.2755998E-01 0.1088698E+01 0.1291666E+01-0.2786677E-01
 XYZ  0.1097833E+01 0.1291666E+01-0.2808842E-01 0.1107041E+01 0.1291666E+01-0.2824916E-01 0.1116287E+01 0.1291666E+01-0.2835151E-01
 XYZ  0.1125550E+01 0.1291666E+01-0.2837765E-01 0.1134819E+01 0.1291666E+01-0.2831730E-01 0.1144079E+01 0.1291666E+01-0.2816306E-01
 XYZ  0.1153314E+01 0.1291666E+01-0.2789697E-01 0.1162526E+01 0.1291667E+01-0.2749098E-01 0.1171740E+01 0.1291667E+01-0.2694677E-01
 XYZ  0.1180949E+01 0.1291668E+01-0.2628951E-01 0.1190126E+01 0.1291669E+01-0.2551026E-01 0.1199284E+01 0.1291670E+01-0.2458401E-01
 XYZ  0.1208454E+01 0.1291670E+01-0.2352807E-01 0.1217628E+01 0.1291671E+01-0.2238425E-01 0.1226779E+01 0.1291672E+01-0.2115806E-01
 XYZ  0.1235910E+01 0.1291673E+01-0.1984428E-01 0.1245035E+01 0.1291674E+01-0.1846208E-01 0.1254154E+01 0.1291675E+01-0.1705248E-01
 XYZ  0.1263234E+01 0.1291676E+01-0.1565374E-01 0.1272241E+01 0.1291677E+01-0.1426321E-01 0.1281188E+01 0.1291678E+01-0.1287966E-01
 XYZ  0.1290072E+01 0.1291678E+01-0.1156832E-01 0.1298822E+01 0.1291679E+01-0.1035456E-01 0.1307419E+01 0.1291679E+01-0.9206078E-02
 XYZ  0.1315877E+01 0.1291679E+01-0.8153647E-02 0.1324156E+01 0.1291680E+01-0.7234482E-02 0.1332228E+01 0.1291680E+01-0.6455910E-02
 XYZ  0.1340064E+01 0.1291680E+01-0.5846851E-02 0.1347623E+01 0.1291680E+01-0.5426062E-02 0.1354847E+01 0.1291680E+01-0.5206385E-02
 XYZ  0.1361693E+01 0.1291680E+01-0.5167759E-02 0.1368130E+01 0.1291680E+01-0.5334742E-02 0.1374049E+01 0.1291680E+01-0.5678954E-02
 XYZ  0.1379443E+01 0.1291680E+01-0.6098408E-02 0.1384329E+01 0.1291680E+01-0.6594539E-02 0.1388672E+01 0.1291680E+01-0.7136965E-02
 XYZ  0.1392480E+01 0.1291679E+01-0.7691159E-02 0.1395739E+01 0.1291679E+01-0.8243986E-02 0.1398446E+01 0.1291679E+01-0.8750780E-02
 XYZ  0.1400622E+01 0.1291679E+01-0.9180003E-02 0.1402291E+01 0.1291679E+01-0.9519766E-02 0.1403469E+01 0.1291679E+01-0.9766187E-02
 XYZ  0.1404168E+01 0.1291679E+01-0.9916716E-02
 LMN  279202813 0 0 0 0 0 0 0 0 0 0 0 0 0 0 0 0 0 0 0 0
 XYZ  0.1047098E+01 0.1495397E+01 0.7937690E-02 0.1047142E+01 0.1495398E+01 0.6246026E-02 0.1047454E+01 0.1495398E+01 0.4564018E-02
 XYZ  0.1048044E+01 0.1495398E+01 0.2919843E-02 0.1048933E+01 0.1495398E+01 0.1331871E-02 0.1050140E+01 0.1495398E+01-0.1920881E-03
 XYZ  0.1051686E+01 0.1495398E+01-0.1658217E-02 0.1053570E+01 0.1495398E+01-0.3083275E-02 0.1055781E+01 0.1495398E+01-0.4462650E-02
 XYZ  0.1058324E+01 0.1495398E+01-0.5780279E-02 0.1061213E+01 0.1495397E+01-0.7039703E-02 0.1064449E+01 0.1495397E+01-0.8252135E-02
 XYZ  0.1068026E+01 0.1495397E+01-0.9415570E-02 0.1071954E+01 0.1495397E+01-0.1053916E-01 0.1076217E+01 0.1495396E+01-0.1164669E-01
 XYZ  0.1080784E+01 0.1495396E+01-0.1272753E-01 0.1085660E+01 0.1495396E+01-0.1375528E-01 0.1090864E+01 0.1495396E+01-0.1474815E-01
 XYZ  0.1096372E+01 0.1495395E+01-0.1573533E-01 0.1102150E+01 0.1495395E+01-0.1670620E-01 0.1108186E+01 0.1495394E+01-0.1764442E-01
 XYZ  0.1114476E+01 0.1495394E+01-0.1853801E-01 0.1121025E+01 0.1495394E+01-0.1938543E-01 0.1127823E+01 0.1495393E+01-0.2020053E-01
 XYZ  0.1134848E+01 0.1495393E+01-0.2098385E-01 0.1142091E+01 0.1495393E+01-0.2172218E-01 0.1149553E+01 0.1495392E+01-0.2242506E-01
 XYZ  0.1157208E+01 0.1495392E+01-0.2310763E-01 0.1165023E+01 0.1495391E+01-0.2375651E-01 0.1172990E+01 0.1495391E+01-0.2435338E-01
 XYZ  0.1181105E+01 0.1495391E+01-0.2488827E-01 0.1189368E+01 0.1495391E+01-0.2536071E-01 0.1197774E+01 0.1495390E+01-0.2578554E-01
 XYZ  0.1206295E+01 0.1495390E+01-0.2617955E-01 0.1214892E+01 0.1495390E+01-0.2652970E-01 0.1223553E+01 0.1495390E+01-0.2680246E-01
 XYZ  0.1232295E+01 0.1495390E+01-0.2699381E-01 0.1241107E+01 0.1495389E+01-0.2712698E-01 0.1249954E+01 0.1495389E+01-0.2720399E-01
 XYZ  0.1258818E+01 0.1495389E+01-0.2720780E-01 0.1267688E+01 0.1495389E+01-0.2712872E-01 0.1276548E+01 0.1495390E+01-0.2695963E-01
 XYZ  0.1285384E+01 0.1495390E+01-0.2668310E-01 0.1294199E+01 0.1495390E+01-0.2627237E-01 0.1303015E+01 0.1495390E+01-0.2572971E-01
 XYZ  0.1311825E+01 0.1495391E+01-0.2507905E-01 0.1320605E+01 0.1495391E+01-0.2431122E-01 0.1329367E+01 0.1495392E+01-0.2340256E-01
 XYZ  0.1338140E+01 0.1495392E+01-0.2237048E-01 0.1346915E+01 0.1495393E+01-0.2125484E-01 0.1355668E+01 0.1495393E+01-0.2006025E-01
 XYZ  0.1364401E+01 0.1495394E+01-0.1878208E-01 0.1373128E+01 0.1495395E+01-0.1743909E-01 0.1381848E+01 0.1495395E+01-0.1607093E-01
 XYZ  0.1390530E+01 0.1495396E+01-0.1471366E-01 0.1399140E+01 0.1495396E+01-0.1336419E-01 0.1407694E+01 0.1495396E+01-0.1202225E-01
 XYZ  0.1416185E+01 0.1495397E+01-0.1075091E-01 0.1424547E+01 0.1495397E+01-0.9572846E-02 0.1432762E+01 0.1495397E+01-0.8457357E-02
 XYZ  0.1440843E+01 0.1495397E+01-0.7435072E-02 0.1448752E+01 0.1495398E+01-0.6540735E-02 0.1456463E+01 0.1495398E+01-0.5781549E-02
 XYZ  0.1463948E+01 0.1495398E+01-0.5185241E-02 0.1471165E+01 0.1495398E+01-0.4769571E-02 0.1478063E+01 0.1495398E+01-0.4546579E-02
 XYZ  0.1484601E+01 0.1495398E+01-0.4497121E-02 0.1490746E+01 0.1495398E+01-0.4645031E-02 0.1496397E+01 0.1495398E+01-0.4962379E-02
 XYZ  0.1501547E+01 0.1495398E+01-0.5352044E-02 0.1506214E+01 0.1495398E+01-0.5816138E-02 0.1510361E+01 0.1495398E+01-0.6325257E-02
 XYZ  0.1513999E+01 0.1495398E+01-0.6846678E-02 0.1517113E+01 0.1495397E+01-0.7367925E-02 0.1519699E+01 0.1495397E+01-0.7846254E-02
 XYZ  0.1521778E+01 0.1495397E+01-0.8251639E-02 0.1523373E+01 0.1495397E+01-0.8572664E-02 0.1524500E+01 0.1495397E+01-0.8805585E-02
 XYZ  0.1525169E+01 0.1495397E+01-0.8947921E-02
 LMN  279202814 0 0 0 0 0 0 0 0 0 0 0 0 0 0 0 0 0 0 0 0
 XYZ  0.1158177E+01 0.1654035E+01 0.7212628E-02 0.1158223E+01 0.1654036E+01 0.5580181E-02 0.1158528E+01 0.1654036E+01 0.3957668E-02
 XYZ  0.1159102E+01 0.1654036E+01 0.2372423E-02 0.1159964E+01 0.1654036E+01 0.8420649E-03 0.1161133E+01 0.1654036E+01-0.6259003E-03
 XYZ  0.1162629E+01 0.1654036E+01-0.2037417E-02 0.1164452E+01 0.1654036E+01-0.3408700E-02 0.1166589E+01 0.1654036E+01-0.4735222E-02
 XYZ  0.1169046E+01 0.1654036E+01-0.6001473E-02 0.1171838E+01 0.1654035E+01-0.7210959E-02 0.1174964E+01 0.1654035E+01-0.8374482E-02
 XYZ  0.1178419E+01 0.1654035E+01-0.9490061E-02 0.1182213E+01 0.1654035E+01-0.1056667E-01 0.1186330E+01 0.1654035E+01-0.1162722E-01
 XYZ  0.1190739E+01 0.1654035E+01-0.1266130E-01 0.1195447E+01 0.1654034E+01-0.1364354E-01 0.1200472E+01 0.1654034E+01-0.1459173E-01
 XYZ  0.1205789E+01 0.1654034E+01-0.1553393E-01 0.1211366E+01 0.1654034E+01-0.1645978E-01 0.1217193E+01 0.1654033E+01-0.1735359E-01
 XYZ  0.1223264E+01 0.1654033E+01-0.1820383E-01 0.1229585E+01 0.1654033E+01-0.1900910E-01 0.1236147E+01 0.1654032E+01-0.1978279E-01
 XYZ  0.1242927E+01 0.1654032E+01-0.2052534E-01 0.1249917E+01 0.1654032E+01-0.2122405E-01 0.1257119E+01 0.1654032E+01-0.2188829E-01
 XYZ  0.1264506E+01 0.1654031E+01-0.2253259E-01 0.1272048E+01 0.1654031E+01-0.2314396E-01 0.1279736E+01 0.1654031E+01-0.2370479E-01
 XYZ  0.1287567E+01 0.1654031E+01-0.2420551E-01 0.1295541E+01 0.1654031E+01-0.2464574E-01 0.1303653E+01 0.1654030E+01-0.2503993E-01
 XYZ  0.1311875E+01 0.1654030E+01-0.2540420E-01 0.1320170E+01 0.1654030E+01-0.2572581E-01 0.1328528E+01 0.1654030E+01-0.2597245E-01
 XYZ  0.1336963E+01 0.1654030E+01-0.2614050E-01 0.1345465E+01 0.1654030E+01-0.2625244E-01 0.1354002E+01 0.1654030E+01-0.2631001E-01
 XYZ  0.1362554E+01 0.1654030E+01-0.2629681E-01 0.1371111E+01 0.1654030E+01-0.2620356E-01 0.1379660E+01 0.1654030E+01-0.2602338E-01
 XYZ  0.1388184E+01 0.1654030E+01-0.2573936E-01 0.1396689E+01 0.1654030E+01-0.2532570E-01 0.1405194E+01 0.1654031E+01-0.2478491E-01
 XYZ  0.1413694E+01 0.1654031E+01-0.2414001E-01 0.1422164E+01 0.1654031E+01-0.2338185E-01 0.1430616E+01 0.1654032E+01-0.2248773E-01
 XYZ  0.1439078E+01 0.1654032E+01-0.2147488E-01 0.1447543E+01 0.1654032E+01-0.2038166E-01 0.1455985E+01 0.1654033E+01-0.1921222E-01
 XYZ  0.1464408E+01 0.1654033E+01-0.1796227E-01 0.1472825E+01 0.1654033E+01-0.1665012E-01 0.1481234E+01 0.1654034E+01-0.1531422E-01
 XYZ  0.1489607E+01 0.1654034E+01-0.1398911E-01 0.1497909E+01 0.1654035E+01-0.1267154E-01 0.1506157E+01 0.1654035E+01-0.1136173E-01
 XYZ  0.1514344E+01 0.1654035E+01-0.1012085E-01 0.1522405E+01 0.1654035E+01-0.8970004E-02 0.1530325E+01 0.1654035E+01-0.7879700E-02
 XYZ  0.1538115E+01 0.1654035E+01-0.6880086E-02 0.1545739E+01 0.1654036E+01-0.6004262E-02 0.1553171E+01 0.1654036E+01-0.5259299E-02
 XYZ  0.1560385E+01 0.1654036E+01-0.4671990E-02 0.1567341E+01 0.1654036E+01-0.4259404E-02 0.1573989E+01 0.1654036E+01-0.4033059E-02
 XYZ  0.1580289E+01 0.1654036E+01-0.3974542E-02 0.1586211E+01 0.1654036E+01-0.4107039E-02 0.1591657E+01 0.1654036E+01-0.4403259E-02
 XYZ  0.1596621E+01 0.1654036E+01-0.4769749E-02 0.1601119E+01 0.1654036E+01-0.5208919E-02 0.1605116E+01 0.1654036E+01-0.5692245E-02
 XYZ  0.1608623E+01 0.1654036E+01-0.6188316E-02 0.1611625E+01 0.1654036E+01-0.6685150E-02 0.1614118E+01 0.1654035E+01-0.7141507E-02
 XYZ  0.1616124E+01 0.1654035E+01-0.7528485E-02 0.1617662E+01 0.1654035E+01-0.7835037E-02 0.1618748E+01 0.1654035E+01-0.8057524E-02
 XYZ  0.1619394E+01 0.1654035E+01-0.8193524E-02
 LMN  279202815 0 0 0 0 0 0 0 0 0 0 0 0 0 0 0 0 0 0 0 0
 XYZ  0.1249728E+01 0.1784784E+01 0.6616738E-02 0.1249775E+01 0.1784785E+01 0.5033289E-02 0.1250075E+01 0.1784785E+01 0.3459971E-02
 XYZ  0.1250635E+01 0.1784785E+01 0.1923300E-02 0.1251474E+01 0.1784785E+01 0.4404215E-03 0.1252611E+01 0.1784785E+01-0.9813711E-03
 XYZ  0.1254065E+01 0.1784785E+01-0.2347887E-02 0.1255836E+01 0.1784785E+01-0.3674858E-02 0.1257912E+01 0.1784785E+01-0.4957840E-02
 XYZ  0.1260299E+01 0.1784784E+01-0.6181798E-02 0.1263010E+01 0.1784784E+01-0.7350171E-02 0.1266045E+01 0.1784784E+01-0.8473423E-02
 XYZ  0.1269399E+01 0.1784784E+01-0.9549613E-02 0.1273081E+01 0.1784784E+01-0.1058752E-01 0.1277077E+01 0.1784784E+01-0.1160936E-01
 XYZ  0.1281356E+01 0.1784784E+01-0.1260496E-01 0.1285925E+01 0.1784783E+01-0.1354976E-01 0.1290801E+01 0.1784783E+01-0.1446113E-01
 XYZ  0.1295960E+01 0.1784783E+01-0.1536627E-01 0.1301372E+01 0.1784783E+01-0.1625504E-01 0.1307025E+01 0.1784783E+01-0.1711230E-01
 XYZ  0.1312916E+01 0.1784782E+01-0.1792686E-01 0.1319049E+01 0.1784782E+01-0.1869744E-01 0.1325415E+01 0.1784782E+01-0.1943704E-01
 XYZ  0.1331993E+01 0.1784782E+01-0.2014604E-01 0.1338774E+01 0.1784782E+01-0.2081216E-01 0.1345761E+01 0.1784782E+01-0.2144458E-01
 XYZ  0.1352927E+01 0.1784781E+01-0.2205737E-01 0.1360244E+01 0.1784781E+01-0.2263789E-01 0.1367702E+01 0.1784781E+01-0.2316910E-01
 XYZ  0.1375298E+01 0.1784781E+01-0.2364175E-01 0.1383033E+01 0.1784781E+01-0.2405553E-01 0.1390902E+01 0.1784781E+01-0.2442451E-01
 XYZ  0.1398878E+01 0.1784780E+01-0.2476432E-01 0.1406924E+01 0.1784780E+01-0.2506250E-01 0.1415031E+01 0.1784780E+01-0.2528776E-01
 XYZ  0.1423212E+01 0.1784780E+01-0.2543675E-01 0.1431459E+01 0.1784780E+01-0.2553127E-01 0.1439739E+01 0.1784780E+01-0.2557294E-01
 XYZ  0.1448034E+01 0.1784780E+01-0.2554587E-01 0.1456334E+01 0.1784780E+01-0.2544111E-01 0.1464625E+01 0.1784780E+01-0.2525200E-01
 XYZ  0.1472893E+01 0.1784780E+01-0.2496206E-01 0.1481141E+01 0.1784781E+01-0.2454630E-01 0.1489390E+01 0.1784781E+01-0.2400732E-01
 XYZ  0.1497633E+01 0.1784781E+01-0.2336743E-01 0.1505847E+01 0.1784781E+01-0.2261756E-01 0.1514043E+01 0.1784781E+01-0.2173580E-01
 XYZ  0.1522250E+01 0.1784782E+01-0.2073907E-01 0.1530458E+01 0.1784782E+01-0.1966454E-01 0.1538644E+01 0.1784782E+01-0.1851606E-01
 XYZ  0.1546812E+01 0.1784783E+01-0.1728959E-01 0.1554973E+01 0.1784783E+01-0.1600298E-01 0.1563127E+01 0.1784783E+01-0.1469368E-01
 XYZ  0.1571244E+01 0.1784783E+01-0.1339503E-01 0.1579293E+01 0.1784784E+01-0.1210374E-01 0.1587289E+01 0.1784784E+01-0.1082031E-01
 XYZ  0.1595226E+01 0.1784784E+01-0.9604247E-02 0.1603040E+01 0.1784784E+01-0.8475601E-02 0.1610717E+01 0.1784784E+01-0.7405847E-02
 XYZ  0.1618269E+01 0.1784784E+01-0.6424585E-02 0.1625658E+01 0.1784784E+01-0.5563678E-02 0.1632862E+01 0.1784785E+01-0.4830070E-02
 XYZ  0.1639854E+01 0.1784785E+01-0.4249788E-02 0.1646596E+01 0.1784785E+01-0.3839363E-02 0.1653039E+01 0.1784785E+01-0.3609928E-02
 XYZ  0.1659145E+01 0.1784785E+01-0.3543679E-02 0.1664885E+01 0.1784785E+01-0.3663234E-02 0.1670163E+01 0.1784785E+01-0.3941949E-02
 XYZ  0.1674975E+01 0.1784785E+01-0.4289345E-02 0.1679335E+01 0.1784785E+01-0.4707980E-02 0.1683210E+01 0.1784785E+01-0.5170106E-02
 XYZ  0.1686609E+01 0.1784784E+01-0.5645354E-02 0.1689520E+01 0.1784784E+01-0.6122140E-02 0.1691938E+01 0.1784784E+01-0.6560471E-02
 XYZ  0.1693882E+01 0.1784784E+01-0.6932344E-02 0.1695374E+01 0.1784784E+01-0.7227017E-02 0.1696427E+01 0.1784784E+01-0.7440938E-02
 XYZ  0.1697053E+01 0.1784784E+01-0.7571735E-02
 LMN  279202816 0 0 0 0 0 0 0 0 0 0 0 0 0 0 0 0 0 0 0 0
 XYZ  0.1335828E+01 0.1907749E+01 0.6057332E-02 0.1335877E+01 0.1907749E+01 0.4520075E-02 0.1336170E+01 0.1907749E+01 0.2993115E-02
 XYZ  0.1336717E+01 0.1907749E+01 0.1502130E-02 0.1337535E+01 0.1907749E+01 0.6390098E-04 0.1338642E+01 0.1907749E+01-0.1314456E-02
 XYZ  0.1340056E+01 0.1907749E+01-0.2638657E-02 0.1341779E+01 0.1907749E+01-0.3923958E-02 0.1343797E+01 0.1907749E+01-0.5166008E-02
 XYZ  0.1346117E+01 0.1907749E+01-0.6350222E-02 0.1348752E+01 0.1907749E+01-0.7479956E-02 0.1351700E+01 0.1907749E+01-0.8565361E-02
 XYZ  0.1354959E+01 0.1907749E+01-0.9604539E-02 0.1358536E+01 0.1907749E+01-0.1060607E-01 0.1362417E+01 0.1907748E+01-0.1159151E-01
 XYZ  0.1366573E+01 0.1907748E+01-0.1255094E-01 0.1371011E+01 0.1907748E+01-0.1346057E-01 0.1375747E+01 0.1907748E+01-0.1433733E-01
 XYZ  0.1380758E+01 0.1907748E+01-0.1520760E-01 0.1386013E+01 0.1907748E+01-0.1606152E-01 0.1391503E+01 0.1907748E+01-0.1688444E-01
 XYZ  0.1397224E+01 0.1907747E+01-0.1766549E-01 0.1403179E+01 0.1907747E+01-0.1840347E-01 0.1409361E+01 0.1907747E+01-0.1911103E-01
 XYZ  0.1415749E+01 0.1907747E+01-0.1978851E-01 0.1422334E+01 0.1907747E+01-0.2042402E-01 0.1429118E+01 0.1907747E+01-0.2102654E-01
 XYZ  0.1436076E+01 0.1907747E+01-0.2160970E-01 0.1443180E+01 0.1907746E+01-0.2216124E-01 0.1450422E+01 0.1907746E+01-0.2266465E-01
 XYZ  0.1457797E+01 0.1907746E+01-0.2311097E-01 0.1465307E+01 0.1907746E+01-0.2349992E-01 0.1472947E+01 0.1907746E+01-0.2384523E-01
 XYZ  0.1480691E+01 0.1907746E+01-0.2416205E-01 0.1488503E+01 0.1907746E+01-0.2443827E-01 0.1496373E+01 0.1907746E+01-0.2464351E-01
 XYZ  0.1504317E+01 0.1907746E+01-0.2477463E-01 0.1512323E+01 0.1907746E+01-0.2485283E-01 0.1520362E+01 0.1907746E+01-0.2487962E-01
 XYZ  0.1528414E+01 0.1907746E+01-0.2483960E-01 0.1536472E+01 0.1907746E+01-0.2472412E-01 0.1544521E+01 0.1907746E+01-0.2452672E-01
 XYZ  0.1552547E+01 0.1907746E+01-0.2423137E-01 0.1560554E+01 0.1907746E+01-0.2381382E-01 0.1568562E+01 0.1907746E+01-0.2327671E-01
 XYZ  0.1576563E+01 0.1907746E+01-0.2264168E-01 0.1584536E+01 0.1907746E+01-0.2189981E-01 0.1592492E+01 0.1907747E+01-0.2102987E-01
 XYZ  0.1600458E+01 0.1907747E+01-0.2004847E-01 0.1608425E+01 0.1907747E+01-0.1899164E-01 0.1616370E+01 0.1907747E+01-0.1786301E-01
 XYZ  0.1624297E+01 0.1907748E+01-0.1665874E-01 0.1632218E+01 0.1907748E+01-0.1539624E-01 0.1640131E+01 0.1907748E+01-0.1411195E-01
 XYZ  0.1648008E+01 0.1907748E+01-0.1283816E-01 0.1655819E+01 0.1907748E+01-0.1157157E-01 0.1663579E+01 0.1907749E+01-0.1031288E-01
 XYZ  0.1671281E+01 0.1907749E+01-0.9120002E-02 0.1678863E+01 0.1907749E+01-0.8012094E-02 0.1686313E+01 0.1907749E+01-0.6961543E-02
 XYZ  0.1693640E+01 0.1907749E+01-0.5997342E-02 0.1700810E+01 0.1907749E+01-0.5150260E-02 0.1707800E+01 0.1907749E+01-0.4427115E-02
 XYZ  0.1714584E+01 0.1907749E+01-0.3853210E-02 0.1721126E+01 0.1907749E+01-0.3444592E-02 0.1727377E+01 0.1907749E+01-0.3212058E-02
 XYZ  0.1733302E+01 0.1907749E+01-0.3138379E-02 0.1738871E+01 0.1907749E+01-0.3245621E-02 0.1743992E+01 0.1907749E+01-0.3507820E-02
 XYZ  0.1748661E+01 0.1907749E+01-0.3837264E-02 0.1752892E+01 0.1907749E+01-0.4236589E-02 0.1756653E+01 0.1907749E+01-0.4678813E-02
 XYZ  0.1759952E+01 0.1907749E+01-0.5134519E-02 0.1762777E+01 0.1907749E+01-0.5592497E-02 0.1765123E+01 0.1907749E+01-0.6013922E-02
 XYZ  0.1767011E+01 0.1907749E+01-0.6371629E-02 0.1768459E+01 0.1907749E+01-0.6655161E-02 0.1769482E+01 0.1907749E+01-0.6861045E-02
 XYZ  0.1770089E+01 0.1907749E+01-0.6986961E-02
 LMN  279202817 0 0 0 0 0 0 0 0 0 0 0 0 0 0 0 0 0 0 0 0
 XYZ  0.1420453E+01 0.2028608E+01 0.5508224E-02 0.1420504E+01 0.2028608E+01 0.4016446E-02 0.1420791E+01 0.2028608E+01 0.2535118E-02
 XYZ  0.1421325E+01 0.2028608E+01 0.1089037E-02 0.1422121E+01 0.2028608E+01-0.3053091E-03 0.1423198E+01 0.2028608E+01-0.1640965E-02
 XYZ  0.1424574E+01 0.2028608E+01-0.2923580E-02 0.1426248E+01 0.2028608E+01-0.4167931E-02 0.1428209E+01 0.2028608E+01-0.5369759E-02
 XYZ  0.1430463E+01 0.2028607E+01-0.6514933E-02 0.1433022E+01 0.2028607E+01-0.7606709E-02 0.1435886E+01 0.2028607E+01-0.8654932E-02
 XYZ  0.1439050E+01 0.2028607E+01-0.9657757E-02 0.1442524E+01 0.2028607E+01-0.1062354E-01 0.1446293E+01 0.2028607E+01-0.1157320E-01
 XYZ  0.1450328E+01 0.2028607E+01-0.1249712E-01 0.1454637E+01 0.2028607E+01-0.1337220E-01 0.1459234E+01 0.2028607E+01-0.1421496E-01
 XYZ  0.1464099E+01 0.2028607E+01-0.1505096E-01 0.1469201E+01 0.2028606E+01-0.1587064E-01 0.1474530E+01 0.2028606E+01-0.1665982E-01
 XYZ  0.1480084E+01 0.2028606E+01-0.1740796E-01 0.1485864E+01 0.2028606E+01-0.1811393E-01 0.1491865E+01 0.2028606E+01-0.1879002E-01
 XYZ  0.1498065E+01 0.2028606E+01-0.1943654E-01 0.1504457E+01 0.2028606E+01-0.2004199E-01 0.1511041E+01 0.2028606E+01-0.2061512E-01
 XYZ  0.1517795E+01 0.2028606E+01-0.2116918E-01 0.1524690E+01 0.2028605E+01-0.2169227E-01 0.1531719E+01 0.2028605E+01-0.2216838E-01
 XYZ  0.1538877E+01 0.2028605E+01-0.2258886E-01 0.1546166E+01 0.2028605E+01-0.2295345E-01 0.1553581E+01 0.2028605E+01-0.2327552E-01
 XYZ  0.1561096E+01 0.2028605E+01-0.2356977E-01 0.1568677E+01 0.2028605E+01-0.2382443E-01 0.1576316E+01 0.2028605E+01-0.2401007E-01
 XYZ  0.1584025E+01 0.2028605E+01-0.2412368E-01 0.1591795E+01 0.2028605E+01-0.2418587E-01 0.1599596E+01 0.2028605E+01-0.2419809E-01
 XYZ  0.1607410E+01 0.2028605E+01-0.2414540E-01 0.1615230E+01 0.2028605E+01-0.2401946E-01 0.1623040E+01 0.2028605E+01-0.2381400E-01
 XYZ  0.1630829E+01 0.2028605E+01-0.2351344E-01 0.1638598E+01 0.2028605E+01-0.2309426E-01 0.1646369E+01 0.2028605E+01-0.2255912E-01
 XYZ  0.1654133E+01 0.2028605E+01-0.2192897E-01 0.1661869E+01 0.2028606E+01-0.2119510E-01 0.1669589E+01 0.2028606E+01-0.2033694E-01
 XYZ  0.1677317E+01 0.2028606E+01-0.1937071E-01 0.1685047E+01 0.2028606E+01-0.1833136E-01 0.1692755E+01 0.2028606E+01-0.1722234E-01
 XYZ  0.1700446E+01 0.2028606E+01-0.1603998E-01 0.1708130E+01 0.2028607E+01-0.1480123E-01 0.1715807E+01 0.2028607E+01-0.1354153E-01
 XYZ  0.1723448E+01 0.2028607E+01-0.1229215E-01 0.1731026E+01 0.2028607E+01-0.1104984E-01 0.1738553E+01 0.2028607E+01-0.9815411E-02
 XYZ  0.1746024E+01 0.2028607E+01-0.8645197E-02 0.1753379E+01 0.2028607E+01-0.7557572E-02 0.1760605E+01 0.2028607E+01-0.6525807E-02
 XYZ  0.1767713E+01 0.2028608E+01-0.5578232E-02 0.1774668E+01 0.2028608E+01-0.4744593E-02 0.1781448E+01 0.2028608E+01-0.4031576E-02
 XYZ  0.1788028E+01 0.2028608E+01-0.3463772E-02 0.1794373E+01 0.2028608E+01-0.3056769E-02 0.1800437E+01 0.2028608E+01-0.2821052E-02
 XYZ  0.1806184E+01 0.2028608E+01-0.2739959E-02 0.1811586E+01 0.2028608E+01-0.2834996E-02 0.1816554E+01 0.2028608E+01-0.3080926E-02
 XYZ  0.1821083E+01 0.2028608E+01-0.3392727E-02 0.1825188E+01 0.2028608E+01-0.3773076E-02 0.1828836E+01 0.2028608E+01-0.4195764E-02
 XYZ  0.1832037E+01 0.2028608E+01-0.4632293E-02 0.1834778E+01 0.2028608E+01-0.5071815E-02 0.1837055E+01 0.2028608E+01-0.5476660E-02
 XYZ  0.1838887E+01 0.2028608E+01-0.5820472E-02 0.1840292E+01 0.2028608E+01-0.6093073E-02 0.1841284E+01 0.2028608E+01-0.6291074E-02
 XYZ  0.1841874E+01 0.2028607E+01-0.6412199E-02
 LMN  279202818 0 0 0 0 0 0 0 0 0 0 0 0 0 0 0 0 0 0 0 0
 XYZ  0.1505401E+01 0.2149927E+01 0.4957572E-02 0.1505453E+01 0.2149927E+01 0.3511509E-02 0.1505735E+01 0.2149927E+01 0.2076036E-02
 XYZ  0.1506255E+01 0.2149927E+01 0.6750332E-03 0.1507029E+01 0.2149927E+01-0.6752639E-03 0.1508076E+01 0.2149927E+01-0.1968051E-02
 XYZ  0.1509412E+01 0.2149927E+01-0.3208924E-02 0.1511038E+01 0.2149927E+01-0.4412171E-02 0.1512942E+01 0.2149927E+01-0.5573632E-02
 XYZ  0.1515129E+01 0.2149927E+01-0.6679635E-02 0.1517613E+01 0.2149927E+01-0.7733323E-02 0.1520391E+01 0.2149927E+01-0.8744238E-02
 XYZ  0.1523461E+01 0.2149927E+01-0.9710588E-02 0.1526830E+01 0.2149926E+01-0.1064049E-01 0.1530486E+01 0.2149926E+01-0.1155425E-01
 XYZ  0.1534400E+01 0.2149926E+01-0.1244253E-01 0.1538578E+01 0.2149926E+01-0.1328297E-01 0.1543037E+01 0.2149926E+01-0.1409158E-01
 XYZ  0.1547755E+01 0.2149926E+01-0.1489318E-01 0.1552702E+01 0.2149926E+01-0.1567851E-01 0.1557870E+01 0.2149926E+01-0.1643384E-01
 XYZ  0.1563256E+01 0.2149926E+01-0.1714897E-01 0.1568861E+01 0.2149926E+01-0.1782282E-01 0.1574679E+01 0.2149926E+01-0.1846732E-01
 XYZ  0.1580691E+01 0.2149925E+01-0.1908279E-01 0.1586889E+01 0.2149925E+01-0.1965808E-01 0.1593273E+01 0.2149925E+01-0.2020173E-01
 XYZ  0.1599821E+01 0.2149925E+01-0.2072659E-01 0.1606507E+01 0.2149925E+01-0.2122113E-01 0.1613321E+01 0.2149925E+01-0.2166988E-01
 XYZ  0.1620261E+01 0.2149925E+01-0.2206445E-01 0.1627328E+01 0.2149925E+01-0.2240461E-01 0.1634517E+01 0.2149925E+01-0.2270336E-01
 XYZ  0.1641803E+01 0.2149925E+01-0.2297497E-01 0.1649153E+01 0.2149925E+01-0.2320804E-01 0.1656558E+01 0.2149925E+01-0.2337404E-01
 XYZ  0.1664032E+01 0.2149925E+01-0.2347012E-01 0.1671564E+01 0.2149925E+01-0.2351627E-01 0.1679126E+01 0.2149925E+01-0.2351390E-01
 XYZ  0.1686702E+01 0.2149925E+01-0.2344855E-01 0.1694282E+01 0.2149925E+01-0.2331216E-01 0.1701853E+01 0.2149925E+01-0.2309867E-01
 XYZ  0.1709403E+01 0.2149925E+01-0.2279297E-01 0.1716934E+01 0.2149925E+01-0.2237227E-01 0.1724466E+01 0.2149925E+01-0.2183917E-01
 XYZ  0.1731992E+01 0.2149925E+01-0.2121402E-01 0.1739490E+01 0.2149925E+01-0.2048828E-01 0.1746972E+01 0.2149925E+01-0.1964206E-01
 XYZ  0.1754463E+01 0.2149926E+01-0.1869115E-01 0.1761954E+01 0.2149926E+01-0.1766942E-01 0.1769425E+01 0.2149926E+01-0.1658016E-01
 XYZ  0.1776878E+01 0.2149926E+01-0.1541986E-01 0.1784325E+01 0.2149926E+01-0.1420500E-01 0.1791764E+01 0.2149926E+01-0.1296998E-01
 XYZ  0.1799169E+01 0.2149926E+01-0.1174509E-01 0.1806513E+01 0.2149927E+01-0.1052713E-01 0.1813807E+01 0.2149927E+01-0.9317027E-02
 XYZ  0.1821046E+01 0.2149927E+01-0.8169470E-02 0.1828173E+01 0.2149927E+01-0.7102129E-02 0.1835176E+01 0.2149927E+01-0.6089151E-02
 XYZ  0.1842063E+01 0.2149927E+01-0.5158156E-02 0.1848802E+01 0.2149927E+01-0.4337899E-02 0.1855371E+01 0.2149927E+01-0.3634926E-02
 XYZ  0.1861748E+01 0.2149927E+01-0.3073119E-02 0.1867896E+01 0.2149927E+01-0.2667613E-02 0.1873772E+01 0.2149927E+01-0.2428594E-02
 XYZ  0.1879341E+01 0.2149927E+01-0.2339971E-02 0.1884576E+01 0.2149927E+01-0.2422680E-02 0.1889390E+01 0.2149927E+01-0.2652249E-02
 XYZ  0.1893780E+01 0.2149927E+01-0.2946342E-02 0.1897758E+01 0.2149927E+01-0.3307646E-02 0.1901294E+01 0.2149927E+01-0.3710741E-02
 XYZ  0.1904396E+01 0.2149927E+01-0.4128043E-02 0.1907053E+01 0.2149927E+01-0.4549064E-02 0.1909261E+01 0.2149927E+01-0.4937292E-02
 XYZ  0.1911036E+01 0.2149927E+01-0.5267177E-02 0.1912399E+01 0.2149927E+01-0.5528823E-02 0.1913361E+01 0.2149927E+01-0.5718920E-02
 XYZ  0.1913932E+01 0.2149927E+01-0.5835245E-02
 LMN  279202819 0 0 0 0 0 0 0 0 0 0 0 0 0 0 0 0 0 0 0 0
 XYZ  0.1591664E+01 0.2273124E+01 0.4398841E-02 0.1591717E+01 0.2273124E+01 0.2999248E-02 0.1591993E+01 0.2273124E+01 0.1610381E-02
 XYZ  0.1592499E+01 0.2273124E+01 0.2551559E-03 0.1593252E+01 0.2273124E+01-0.1050412E-02 0.1594268E+01 0.2273124E+01-0.2299662E-02
 XYZ  0.1595564E+01 0.2273124E+01-0.3498150E-02 0.1597140E+01 0.2273124E+01-0.4659661E-02 0.1598985E+01 0.2273124E+01-0.5780137E-02
 XYZ  0.1601105E+01 0.2273124E+01-0.6846376E-02 0.1603511E+01 0.2273124E+01-0.7861400E-02 0.1606202E+01 0.2273124E+01-0.8834439E-02
 XYZ  0.1609176E+01 0.2273124E+01-0.9763766E-02 0.1612440E+01 0.2273124E+01-0.1065724E-01 0.1615980E+01 0.2273123E+01-0.1153455E-01
 XYZ  0.1619771E+01 0.2273123E+01-0.1238665E-01 0.1623817E+01 0.2273123E+01-0.1319192E-01 0.1628135E+01 0.2273123E+01-0.1396588E-01
 XYZ  0.1632703E+01 0.2273123E+01-0.1473254E-01 0.1637494E+01 0.2273123E+01-0.1548299E-01 0.1642498E+01 0.2273123E+01-0.1620397E-01
 XYZ  0.1647712E+01 0.2273123E+01-0.1688559E-01 0.1653139E+01 0.2273123E+01-0.1752683E-01 0.1658773E+01 0.2273123E+01-0.1813927E-01
 XYZ  0.1664593E+01 0.2273123E+01-0.1872321E-01 0.1670593E+01 0.2273123E+01-0.1926790E-01 0.1676774E+01 0.2273123E+01-0.1978162E-01
 XYZ  0.1683113E+01 0.2273123E+01-0.2027683E-01 0.1689586E+01 0.2273122E+01-0.2074240E-01 0.1696183E+01 0.2273122E+01-0.2116338E-01
 XYZ  0.1702901E+01 0.2273122E+01-0.2153167E-01 0.1709742E+01 0.2273122E+01-0.2184705E-01 0.1716701E+01 0.2273122E+01-0.2212214E-01
 XYZ  0.1723754E+01 0.2273122E+01-0.2237078E-01 0.1730869E+01 0.2273122E+01-0.2258193E-01 0.1738038E+01 0.2273122E+01-0.2272803E-01
 XYZ  0.1745272E+01 0.2273122E+01-0.2280634E-01 0.1752563E+01 0.2273122E+01-0.2283624E-01 0.1759883E+01 0.2273122E+01-0.2281907E-01
 XYZ  0.1767216E+01 0.2273122E+01-0.2274091E-01 0.1774552E+01 0.2273122E+01-0.2259395E-01 0.1781881E+01 0.2273122E+01-0.2237237E-01
 XYZ  0.1789188E+01 0.2273122E+01-0.2206152E-01 0.1796478E+01 0.2273122E+01-0.2163934E-01 0.1803767E+01 0.2273122E+01-0.2110841E-01
 XYZ  0.1811050E+01 0.2273123E+01-0.2048839E-01 0.1818307E+01 0.2273123E+01-0.1977100E-01 0.1825548E+01 0.2273123E+01-0.1893699E-01
 XYZ  0.1832797E+01 0.2273123E+01-0.1800171E-01 0.1840046E+01 0.2273123E+01-0.1699793E-01 0.1847276E+01 0.2273123E+01-0.1592879E-01
 XYZ  0.1854488E+01 0.2273123E+01-0.1479096E-01 0.1861694E+01 0.2273123E+01-0.1360038E-01 0.1868892E+01 0.2273123E+01-0.1239043E-01
 XYZ  0.1876057E+01 0.2273124E+01-0.1119039E-01 0.1883162E+01 0.2273124E+01-0.9997164E-02 0.1890220E+01 0.2273124E+01-0.8811725E-02
 XYZ  0.1897224E+01 0.2273124E+01-0.7687099E-02 0.1904120E+01 0.2273124E+01-0.6640294E-02 0.1910895E+01 0.2273124E+01-0.5646338E-02
 XYZ  0.1917559E+01 0.2273124E+01-0.4732088E-02 0.1924079E+01 0.2273124E+01-0.3925330E-02 0.1930435E+01 0.2273124E+01-0.3232460E-02
 XYZ  0.1936605E+01 0.2273124E+01-0.2676638E-02 0.1942554E+01 0.2273124E+01-0.2272550E-02 0.1948239E+01 0.2273124E+01-0.2030093E-02
 XYZ  0.1953628E+01 0.2273124E+01-0.1933753E-02 0.1958693E+01 0.2273124E+01-0.2003880E-02 0.1963352E+01 0.2273124E+01-0.2216812E-02
 XYZ  0.1967600E+01 0.2273124E+01-0.2492924E-02 0.1971450E+01 0.2273124E+01-0.2834890E-02 0.1974872E+01 0.2273124E+01-0.3218105E-02
 XYZ  0.1977875E+01 0.2273124E+01-0.3615901E-02 0.1980447E+01 0.2273124E+01-0.4018154E-02 0.1982584E+01 0.2273124E+01-0.4389529E-02
 XYZ  0.1984303E+01 0.2273124E+01-0.4705290E-02 0.1985621E+01 0.2273124E+01-0.4955825E-02 0.1986553E+01 0.2273124E+01-0.5137905E-02
 XYZ  0.1987106E+01 0.2273124E+01-0.5249359E-02
 LMN  279202820 0 0 0 0 0 0 0 0 0 0 0 0 0 0 0 0 0 0 0 0
 XYZ  0.1679730E+01 0.2398896E+01 0.3828795E-02 0.1679784E+01 0.2398896E+01 0.2476683E-02 0.1680054E+01 0.2398896E+01 0.1135429E-02
 XYZ  0.1680546E+01 0.2398896E+01-0.1730586E-03 0.1681276E+01 0.2398896E+01-0.1432965E-02 0.1682260E+01 0.2398896E+01-0.2637763E-02
 XYZ  0.1683515E+01 0.2398896E+01-0.3792984E-02 0.1685041E+01 0.2398896E+01-0.4911887E-02 0.1686826E+01 0.2398896E+01-0.5990527E-02
 XYZ  0.1688877E+01 0.2398896E+01-0.7016184E-02 0.1691204E+01 0.2398896E+01-0.7991745E-02 0.1693807E+01 0.2398896E+01-0.8926128E-02
 XYZ  0.1696682E+01 0.2398896E+01-0.9817669E-02 0.1699838E+01 0.2398896E+01-0.1067396E-01 0.1703260E+01 0.2398896E+01-0.1151405E-01
 XYZ  0.1706924E+01 0.2398896E+01-0.1232924E-01 0.1710836E+01 0.2398895E+01-0.1309862E-01 0.1715010E+01 0.2398895E+01-0.1383720E-01
 XYZ  0.1719425E+01 0.2398895E+01-0.1456820E-01 0.1724055E+01 0.2398895E+01-0.1528305E-01 0.1728892E+01 0.2398895E+01-0.1596895E-01
 XYZ  0.1733931E+01 0.2398895E+01-0.1661638E-01 0.1739177E+01 0.2398895E+01-0.1722436E-01 0.1744621E+01 0.2398895E+01-0.1780407E-01
 XYZ  0.1750246E+01 0.2398895E+01-0.1835584E-01 0.1756044E+01 0.2398895E+01-0.1886929E-01 0.1762018E+01 0.2398895E+01-0.1935246E-01
 XYZ  0.1768143E+01 0.2398895E+01-0.1981742E-01 0.1774398E+01 0.2398895E+01-0.2025343E-01 0.1780773E+01 0.2398895E+01-0.2064608E-01
 XYZ  0.1787266E+01 0.2398895E+01-0.2098755E-01 0.1793876E+01 0.2398895E+01-0.2127766E-01 0.1800600E+01 0.2398895E+01-0.2152860E-01
 XYZ  0.1807416E+01 0.2398895E+01-0.2175379E-01 0.1814290E+01 0.2398895E+01-0.2194261E-01 0.1821217E+01 0.2398895E+01-0.2206842E-01
 XYZ  0.1828207E+01 0.2398895E+01-0.2212862E-01 0.1835251E+01 0.2398895E+01-0.2214193E-01 0.1842324E+01 0.2398895E+01-0.2210970E-01
 XYZ  0.1849409E+01 0.2398895E+01-0.2201848E-01 0.1856497E+01 0.2398895E+01-0.2186078E-01 0.1863577E+01 0.2398895E+01-0.2163097E-01
 XYZ  0.1870637E+01 0.2398895E+01-0.2131492E-01 0.1877679E+01 0.2398895E+01-0.2089131E-01 0.1884722E+01 0.2398895E+01-0.2036264E-01
 XYZ  0.1891757E+01 0.2398895E+01-0.1974792E-01 0.1898767E+01 0.2398895E+01-0.1903913E-01 0.1905762E+01 0.2398895E+01-0.1821767E-01
 XYZ  0.1912764E+01 0.2398895E+01-0.1729840E-01 0.1919766E+01 0.2398895E+01-0.1631299E-01 0.1926749E+01 0.2398895E+01-0.1526445E-01
 XYZ  0.1933715E+01 0.2398895E+01-0.1414958E-01 0.1940674E+01 0.2398896E+01-0.1298383E-01 0.1947627E+01 0.2398896E+01-0.1179947E-01
 XYZ  0.1954547E+01 0.2398896E+01-0.1062479E-01 0.1961409E+01 0.2398896E+01-0.9456803E-02 0.1968225E+01 0.2398896E+01-0.8296520E-02
 XYZ  0.1974990E+01 0.2398896E+01-0.7195241E-02 0.1981650E+01 0.2398896E+01-0.6169350E-02 0.1988193E+01 0.2398896E+01-0.5194765E-02
 XYZ  0.1994629E+01 0.2398896E+01-0.4297537E-02 0.2000926E+01 0.2398896E+01-0.3504484E-02 0.2007065E+01 0.2398896E+01-0.2821847E-02
 XYZ  0.2013024E+01 0.2398896E+01-0.2272050E-02 0.2018769E+01 0.2398896E+01-0.1869327E-02 0.2024260E+01 0.2398896E+01-0.1623288E-02
 XYZ  0.2029465E+01 0.2398896E+01-0.1519012E-02 0.2034358E+01 0.2398896E+01-0.1576241E-02 0.2038858E+01 0.2398896E+01-0.1772170E-02
 XYZ  0.2042962E+01 0.2398896E+01-0.2029926E-02 0.2046682E+01 0.2398896E+01-0.2352151E-02 0.2049988E+01 0.2398896E+01-0.2715085E-02
 XYZ  0.2052889E+01 0.2398896E+01-0.3092981E-02 0.2055374E+01 0.2398896E+01-0.3476091E-02 0.2057439E+01 0.2398896E+01-0.3830279E-02
 XYZ  0.2059100E+01 0.2398896E+01-0.4131635E-02 0.2060374E+01 0.2398896E+01-0.4370837E-02 0.2061275E+01 0.2398896E+01-0.4544741E-02
 XYZ  0.2061809E+01 0.2398896E+01-0.4651226E-02
 LMN  279202821 0 0 0 0 0 0 0 0 0 0 0 0 0 0 0 0 0 0 0 0
 XYZ  0.1769494E+01 0.2527092E+01 0.3248064E-02 0.1769548E+01 0.2527092E+01 0.1944380E-02 0.1769812E+01 0.2527092E+01 0.6516848E-03
 XYZ  0.1770290E+01 0.2527092E+01-0.6091629E-03 0.1770996E+01 0.2527092E+01-0.1822529E-02 0.1771949E+01 0.2527092E+01-0.2982016E-02
 XYZ  0.1773162E+01 0.2527092E+01-0.4093137E-02 0.1774635E+01 0.2527092E+01-0.5168615E-02 0.1776360E+01 0.2527092E+01-0.6204618E-02
 XYZ  0.1778340E+01 0.2527092E+01-0.7188920E-02 0.1780586E+01 0.2527092E+01-0.8124267E-02 0.1783098E+01 0.2527092E+01-0.9019257E-02
 XYZ  0.1785874E+01 0.2527092E+01-0.9872295E-02 0.1788919E+01 0.2527092E+01-0.1069070E-01 0.1792221E+01 0.2527092E+01-0.1149285E-01
 XYZ  0.1795757E+01 0.2527092E+01-0.1227042E-01 0.1799531E+01 0.2527092E+01-0.1300324E-01 0.1803557E+01 0.2527092E+01-0.1370575E-01
 XYZ  0.1807817E+01 0.2527092E+01-0.1440041E-01 0.1812284E+01 0.2527092E+01-0.1507897E-01 0.1816950E+01 0.2527092E+01-0.1572915E-01
 XYZ  0.1821811E+01 0.2527092E+01-0.1634174E-01 0.1826870E+01 0.2527092E+01-0.1691581E-01 0.1832122E+01 0.2527092E+01-0.1746217E-01
 XYZ  0.1837547E+01 0.2527092E+01-0.1798116E-01 0.1843141E+01 0.2527092E+01-0.1846279E-01 0.1848902E+01 0.2527091E+01-0.1891483E-01
 XYZ  0.1854810E+01 0.2527091E+01-0.1934894E-01 0.1860843E+01 0.2527091E+01-0.1975484E-01 0.1866991E+01 0.2527091E+01-0.2011863E-01
 XYZ  0.1873253E+01 0.2527091E+01-0.2043280E-01 0.1879629E+01 0.2527091E+01-0.2069716E-01 0.1886114E+01 0.2527091E+01-0.2092350E-01
 XYZ  0.1892686E+01 0.2527091E+01-0.2112479E-01 0.1899316E+01 0.2527091E+01-0.2129085E-01 0.1905996E+01 0.2527091E+01-0.2139602E-01
 XYZ  0.1912737E+01 0.2527091E+01-0.2143778E-01 0.1919530E+01 0.2527091E+01-0.2143421E-01 0.1926351E+01 0.2527091E+01-0.2138663E-01
 XYZ  0.1933183E+01 0.2527091E+01-0.2128214E-01 0.1940018E+01 0.2527091E+01-0.2111352E-01 0.1946845E+01 0.2527091E+01-0.2087536E-01
 XYZ  0.1953652E+01 0.2527091E+01-0.2055406E-01 0.1960443E+01 0.2527091E+01-0.2012904E-01 0.1967233E+01 0.2527091E+01-0.1960273E-01
 XYZ  0.1974016E+01 0.2527091E+01-0.1899346E-01 0.1980775E+01 0.2527092E+01-0.1829349E-01 0.1987518E+01 0.2527092E+01-0.1748489E-01
 XYZ  0.1994268E+01 0.2527092E+01-0.1658199E-01 0.2001019E+01 0.2527092E+01-0.1561533E-01 0.2007750E+01 0.2527092E+01-0.1458783E-01
 XYZ  0.2014465E+01 0.2527092E+01-0.1349641E-01 0.2021174E+01 0.2527092E+01-0.1235598E-01 0.2027876E+01 0.2527092E+01-0.1119770E-01
 XYZ  0.2034546E+01 0.2527092E+01-0.1004886E-01 0.2041160E+01 0.2527092E+01-0.8906602E-02 0.2047731E+01 0.2527092E+01-0.7771936E-02
 XYZ  0.2054252E+01 0.2527092E+01-0.6694402E-02 0.2060671E+01 0.2527092E+01-0.5689784E-02 0.2066978E+01 0.2527092E+01-0.4734905E-02
 XYZ  0.2073181E+01 0.2527092E+01-0.3854964E-02 0.2079251E+01 0.2527092E+01-0.3075817E-02 0.2085169E+01 0.2527092E+01-0.2403542E-02
 XYZ  0.2090913E+01 0.2527092E+01-0.1859814E-02 0.2096452E+01 0.2527092E+01-0.1458413E-02 0.2101745E+01 0.2527092E+01-0.1208664E-02
 XYZ  0.2106763E+01 0.2527092E+01-0.1096250E-02 0.2111480E+01 0.2527092E+01-0.1140289E-02 0.2115819E+01 0.2527092E+01-0.1318871E-02
 XYZ  0.2119776E+01 0.2527092E+01-0.1557919E-02 0.2123363E+01 0.2527092E+01-0.1860024E-02 0.2126551E+01 0.2527092E+01-0.2202295E-02
 XYZ  0.2129349E+01 0.2527092E+01-0.2559922E-02 0.2131746E+01 0.2527092E+01-0.2923533E-02 0.2133737E+01 0.2527092E+01-0.3260218E-02
 XYZ  0.2135339E+01 0.2527092E+01-0.3546904E-02 0.2136568E+01 0.2527092E+01-0.3774564E-02 0.2137437E+01 0.2527092E+01-0.3940139E-02
 XYZ  0.2137952E+01 0.2527092E+01-0.4041563E-02
 LMN  279202822 0 0 0 0 0 0 0 0 0 0 0 0 0 0 0 0 0 0 0 0
 XYZ  0.1859852E+01 0.2656139E+01 0.2663730E-02 0.1859908E+01 0.2656139E+01 0.1408820E-02 0.1860165E+01 0.2656139E+01 0.1650298E-03
 XYZ  0.1860628E+01 0.2656139E+01-0.1047860E-02 0.1861312E+01 0.2656139E+01-0.2214379E-02 0.1862231E+01 0.2656139E+01-0.3328254E-02
 XYZ  0.1863402E+01 0.2656139E+01-0.4394985E-02 0.1864824E+01 0.2656139E+01-0.5426751E-02 0.1866486E+01 0.2656139E+01-0.6419839E-02
 XYZ  0.1868395E+01 0.2656139E+01-0.7362522E-02 0.1870561E+01 0.2656139E+01-0.8257395E-02 0.1872981E+01 0.2656139E+01-0.9112737E-02
 XYZ  0.1875656E+01 0.2656139E+01-0.9927026E-02 0.1878589E+01 0.2656138E+01-0.1070729E-01 0.1881771E+01 0.2656138E+01-0.1147126E-01
 XYZ  0.1885177E+01 0.2656138E+01-0.1221097E-01 0.1888812E+01 0.2656138E+01-0.1290699E-01 0.1892691E+01 0.2656138E+01-0.1357321E-01
 XYZ  0.1896793E+01 0.2656138E+01-0.1423128E-01 0.1901096E+01 0.2656138E+01-0.1487332E-01 0.1905590E+01 0.2656138E+01-0.1548754E-01
 XYZ  0.1910271E+01 0.2656138E+01-0.1606507E-01 0.1915144E+01 0.2656138E+01-0.1660503E-01 0.1920201E+01 0.2656138E+01-0.1711782E-01
 XYZ  0.1925426E+01 0.2656138E+01-0.1760382E-01 0.1930812E+01 0.2656138E+01-0.1805343E-01 0.1936360E+01 0.2656138E+01-0.1847413E-01
 XYZ  0.1942050E+01 0.2656138E+01-0.1887720E-01 0.1947859E+01 0.2656138E+01-0.1925279E-01 0.1953779E+01 0.2656138E+01-0.1958755E-01
 XYZ  0.1959809E+01 0.2656138E+01-0.1987424E-01 0.1965947E+01 0.2656138E+01-0.2011269E-01 0.1972192E+01 0.2656138E+01-0.2031427E-01
 XYZ  0.1978520E+01 0.2656138E+01-0.2049153E-01 0.1984904E+01 0.2656138E+01-0.2063470E-01 0.1991335E+01 0.2656138E+01-0.2071911E-01
 XYZ  0.1997825E+01 0.2656138E+01-0.2074232E-01 0.2004366E+01 0.2656138E+01-0.2072176E-01 0.2010932E+01 0.2656138E+01-0.2065877E-01
 XYZ  0.2017509E+01 0.2656138E+01-0.2054094E-01 0.2024090E+01 0.2656138E+01-0.2036135E-01 0.2030662E+01 0.2656138E+01-0.2011482E-01
 XYZ  0.2037215E+01 0.2656138E+01-0.1978827E-01 0.2043752E+01 0.2656138E+01-0.1936188E-01 0.2050288E+01 0.2656138E+01-0.1883799E-01
 XYZ  0.2056817E+01 0.2656138E+01-0.1823423E-01 0.2063323E+01 0.2656138E+01-0.1754319E-01 0.2069813E+01 0.2656138E+01-0.1674758E-01
 XYZ  0.2076310E+01 0.2656138E+01-0.1586120E-01 0.2082807E+01 0.2656138E+01-0.1491346E-01 0.2089285E+01 0.2656138E+01-0.1390716E-01
 XYZ  0.2095747E+01 0.2656138E+01-0.1283938E-01 0.2102204E+01 0.2656138E+01-0.1172446E-01 0.2108653E+01 0.2656138E+01-0.1059244E-01
 XYZ  0.2115072E+01 0.2656139E+01-0.9469604E-02 0.2121438E+01 0.2656139E+01-0.8353231E-02 0.2127760E+01 0.2656139E+01-0.7244333E-02
 XYZ  0.2134035E+01 0.2656139E+01-0.6190658E-02 0.2140213E+01 0.2656139E+01-0.5207417E-02 0.2146282E+01 0.2656139E+01-0.4272341E-02
 XYZ  0.2152252E+01 0.2656139E+01-0.3409750E-02 0.2158094E+01 0.2656139E+01-0.2644548E-02 0.2163789E+01 0.2656139E+01-0.1982648E-02
 XYZ  0.2169317E+01 0.2656139E+01-0.1444970E-02 0.2174647E+01 0.2656139E+01-0.1044840E-02 0.2179742E+01 0.2656139E+01-0.7913081E-03
 XYZ  0.2184572E+01 0.2656139E+01-0.6706618E-03 0.2189113E+01 0.2656139E+01-0.7013882E-03 0.2193289E+01 0.2656139E+01-0.8624953E-03
 XYZ  0.2197099E+01 0.2656139E+01-0.1082711E-02 0.2200552E+01 0.2656139E+01-0.1364564E-02 0.2203622E+01 0.2656139E+01-0.1686045E-02
 XYZ  0.2206316E+01 0.2656139E+01-0.2023279E-02 0.2208623E+01 0.2656139E+01-0.2367273E-02 0.2210541E+01 0.2656139E+01-0.2686351E-02
 XYZ  0.2212084E+01 0.2656139E+01-0.2958279E-02 0.2213268E+01 0.2656139E+01-0.3174329E-02 0.2214104E+01 0.2656139E+01-0.3331525E-02
 XYZ  0.2214600E+01 0.2656139E+01-0.3427859E-02
 LMN  279202823 0 0 0 0 0 0 0 0 0 0 0 0 0 0 0 0 0 0 0 0
 XYZ  0.1948066E+01 0.2782122E+01 0.2093464E-02 0.1948123E+01 0.2782122E+01 0.8861893E-03 0.1948373E+01 0.2782122E+01-0.3098391E-03
 XYZ  0.1948822E+01 0.2782122E+01-0.1475908E-02 0.1949483E+01 0.2782122E+01-0.2596695E-02 0.1950370E+01 0.2782122E+01-0.3666040E-02
 XYZ  0.1951500E+01 0.2782122E+01-0.4689436E-02 0.1952870E+01 0.2782122E+01-0.5678530E-02 0.1954473E+01 0.2782121E+01-0.6629725E-02
 XYZ  0.1956312E+01 0.2782121E+01-0.7531783E-02 0.1958398E+01 0.2782121E+01-0.8387151E-02 0.1960730E+01 0.2782121E+01-0.9203793E-02
 XYZ  0.1963305E+01 0.2782121E+01-0.9980260E-02 0.1966130E+01 0.2782121E+01-0.1072329E-01 0.1969194E+01 0.2782121E+01-0.1144999E-01
 XYZ  0.1972473E+01 0.2782121E+01-0.1215274E-01 0.1975973E+01 0.2782121E+01-0.1281285E-01 0.1979707E+01 0.2782121E+01-0.1344364E-01
 XYZ  0.1983657E+01 0.2782121E+01-0.1406599E-01 0.1987798E+01 0.2782121E+01-0.1467239E-01 0.1992124E+01 0.2782121E+01-0.1525150E-01
 XYZ  0.1996630E+01 0.2782121E+01-0.1579482E-01 0.2001321E+01 0.2782121E+01-0.1630147E-01 0.2006189E+01 0.2782121E+01-0.1678150E-01
 XYZ  0.2011217E+01 0.2782121E+01-0.1723530E-01 0.2016401E+01 0.2782121E+01-0.1765365E-01 0.2021741E+01 0.2782121E+01-0.1804376E-01
 XYZ  0.2027217E+01 0.2782121E+01-0.1841654E-01 0.2032807E+01 0.2782121E+01-0.1876255E-01 0.2038505E+01 0.2782121E+01-0.1906897E-01
 XYZ  0.2044308E+01 0.2782121E+01-0.1932885E-01 0.2050215E+01 0.2782121E+01-0.1954203E-01 0.2056225E+01 0.2782121E+01-0.1971945E-01
 XYZ  0.2062315E+01 0.2782121E+01-0.1987323E-01 0.2068457E+01 0.2782121E+01-0.1999407E-01 0.2074646E+01 0.2782121E+01-0.2005823E-01
 XYZ  0.2080891E+01 0.2782121E+01-0.2006335E-01 0.2087185E+01 0.2782121E+01-0.2002623E-01 0.2093503E+01 0.2782121E+01-0.1994819E-01
 XYZ  0.2099832E+01 0.2782121E+01-0.1981735E-01 0.2106164E+01 0.2782121E+01-0.1962707E-01 0.2112488E+01 0.2782121E+01-0.1937239E-01
 XYZ  0.2118792E+01 0.2782121E+01-0.1904075E-01 0.2125081E+01 0.2782121E+01-0.1861307E-01 0.2131369E+01 0.2782121E+01-0.1809156E-01
 XYZ  0.2137651E+01 0.2782121E+01-0.1749323E-01 0.2143909E+01 0.2782121E+01-0.1681094E-01 0.2150152E+01 0.2782121E+01-0.1602806E-01
 XYZ  0.2156402E+01 0.2782121E+01-0.1515783E-01 0.2162651E+01 0.2782121E+01-0.1422858E-01 0.2168882E+01 0.2782121E+01-0.1324302E-01
 XYZ  0.2175098E+01 0.2782121E+01-0.1219834E-01 0.2181308E+01 0.2782121E+01-0.1110833E-01 0.2187511E+01 0.2782121E+01-0.1000193E-01
 XYZ  0.2193685E+01 0.2782121E+01-0.8904481E-02 0.2199806E+01 0.2782121E+01-0.7813378E-02 0.2205887E+01 0.2782121E+01-0.6729621E-02
 XYZ  0.2211923E+01 0.2782122E+01-0.5699202E-02 0.2217864E+01 0.2782122E+01-0.4736803E-02 0.2223702E+01 0.2782122E+01-0.3821033E-02
 XYZ  0.2229444E+01 0.2782122E+01-0.2975338E-02 0.2235062E+01 0.2782122E+01-0.2223709E-02 0.2240540E+01 0.2782122E+01-0.1571892E-02
 XYZ  0.2245857E+01 0.2782122E+01-0.1040072E-02 0.2250985E+01 0.2782122E+01-0.6411389E-03 0.2255886E+01 0.2782122E+01-0.3838737E-03
 XYZ  0.2260533E+01 0.2782122E+01-0.2551587E-03 0.2264901E+01 0.2782122E+01-0.2728597E-03 0.2268920E+01 0.2782122E+01-0.4168967E-03
 XYZ  0.2272585E+01 0.2782122E+01-0.6187287E-03 0.2275908E+01 0.2782122E+01-0.8808106E-03 0.2278862E+01 0.2782122E+01-0.1182002E-02
 XYZ  0.2281455E+01 0.2782122E+01-0.1499336E-02 0.2283676E+01 0.2782122E+01-0.1824188E-02 0.2285521E+01 0.2782122E+01-0.2126088E-02
 XYZ  0.2287006E+01 0.2782122E+01-0.2383617E-02 0.2288146E+01 0.2782122E+01-0.2588337E-02 0.2288951E+01 0.2782122E+01-0.2737358E-02
 XYZ  0.2289429E+01 0.2782122E+01-0.2828724E-02
 LMN  279202824 0 0 0 0 0 0 0 0 0 0 0 0 0 0 0 0 0 0 0 0
 XYZ  0.2029552E+01 0.2898497E+01 0.1566827E-02 0.2029610E+01 0.2898497E+01 0.4035685E-03 0.2029854E+01 0.2898497E+01-0.7483265E-03
 XYZ  0.2030290E+01 0.2898497E+01-0.1871144E-02 0.2030930E+01 0.2898497E+01-0.2949688E-02 0.2031788E+01 0.2898497E+01-0.3977898E-02
 XYZ  0.2032879E+01 0.2898497E+01-0.4961266E-02 0.2034203E+01 0.2898497E+01-0.5910944E-02 0.2035750E+01 0.2898497E+01-0.6823445E-02
 XYZ  0.2037525E+01 0.2898497E+01-0.7687982E-02 0.2039537E+01 0.2898497E+01-0.8506861E-02 0.2041787E+01 0.2898497E+01-0.9287758E-02
 XYZ  0.2044271E+01 0.2898497E+01-0.1002929E-01 0.2046995E+01 0.2898497E+01-0.1073794E-01 0.2049949E+01 0.2898497E+01-0.1143021E-01
 XYZ  0.2053112E+01 0.2898497E+01-0.1209883E-01 0.2056487E+01 0.2898497E+01-0.1272577E-01 0.2060087E+01 0.2898497E+01-0.1332383E-01
 XYZ  0.2063895E+01 0.2898497E+01-0.1391318E-01 0.2067888E+01 0.2898497E+01-0.1448666E-01 0.2072059E+01 0.2898497E+01-0.1503335E-01
 XYZ  0.2076403E+01 0.2898497E+01-0.1554507E-01 0.2080925E+01 0.2898497E+01-0.1602096E-01 0.2085617E+01 0.2898497E+01-0.1647073E-01
 XYZ  0.2090465E+01 0.2898497E+01-0.1689479E-01 0.2095462E+01 0.2898497E+01-0.1728428E-01 0.2100609E+01 0.2898497E+01-0.1764614E-01
 XYZ  0.2105888E+01 0.2898497E+01-0.1799094E-01 0.2111277E+01 0.2898497E+01-0.1830962E-01 0.2116769E+01 0.2898496E+01-0.1858988E-01
 XYZ  0.2122362E+01 0.2898496E+01-0.1882500E-01 0.2128056E+01 0.2898496E+01-0.1901483E-01 0.2133848E+01 0.2898496E+01-0.1916993E-01
 XYZ  0.2139717E+01 0.2898496E+01-0.1930205E-01 0.2145638E+01 0.2898496E+01-0.1940227E-01 0.2151603E+01 0.2898496E+01-0.1944773E-01
 XYZ  0.2157621E+01 0.2898496E+01-0.1943615E-01 0.2163687E+01 0.2898496E+01-0.1938373E-01 0.2169776E+01 0.2898496E+01-0.1929181E-01
 XYZ  0.2175875E+01 0.2898496E+01-0.1914897E-01 0.2181977E+01 0.2898496E+01-0.1894883E-01 0.2188071E+01 0.2898496E+01-0.1868664E-01
 XYZ  0.2194147E+01 0.2898497E+01-0.1835032E-01 0.2200206E+01 0.2898497E+01-0.1792147E-01 0.2206266E+01 0.2898497E+01-0.1740219E-01
 XYZ  0.2212318E+01 0.2898497E+01-0.1680888E-01 0.2218348E+01 0.2898497E+01-0.1613471E-01 0.2224363E+01 0.2898497E+01-0.1536362E-01
 XYZ  0.2230384E+01 0.2898497E+01-0.1450833E-01 0.2236404E+01 0.2898497E+01-0.1359617E-01 0.2242407E+01 0.2898497E+01-0.1262978E-01
 XYZ  0.2248395E+01 0.2898497E+01-0.1160646E-01 0.2254377E+01 0.2898497E+01-0.1053948E-01 0.2260353E+01 0.2898497E+01-0.9456753E-02
 XYZ  0.2266300E+01 0.2898497E+01-0.8382740E-02 0.2272197E+01 0.2898497E+01-0.7314976E-02 0.2278055E+01 0.2898497E+01-0.6254431E-02
 XYZ  0.2283869E+01 0.2898497E+01-0.5245468E-02 0.2289592E+01 0.2898497E+01-0.4302299E-02 0.2295216E+01 0.2898497E+01-0.3404343E-02
 XYZ  0.2300747E+01 0.2898497E+01-0.2574226E-02 0.2306160E+01 0.2898497E+01-0.1835102E-02 0.2311437E+01 0.2898497E+01-0.1192566E-02
 XYZ  0.2316560E+01 0.2898497E+01-0.6661239E-03 0.2321500E+01 0.2898497E+01-0.2682615E-03 0.2326223E+01 0.2898497E+01-0.7519558E-05
 XYZ  0.2330700E+01 0.2898497E+01 0.1286722E-03 0.2334909E+01 0.2898497E+01 0.1230241E-03 0.2338782E+01 0.2898497E+01-0.5236985E-05
 XYZ  0.2342315E+01 0.2898497E+01-0.1900875E-03 0.2345517E+01 0.2898497E+01-0.4339074E-03 0.2348364E+01 0.2898497E+01-0.7163620E-03
 XYZ  0.2350864E+01 0.2898497E+01-0.1015319E-02 0.2353005E+01 0.2898497E+01-0.1322496E-02 0.2354784E+01 0.2898497E+01-0.1608535E-02
 XYZ  0.2356215E+01 0.2898497E+01-0.1852769E-02 0.2357314E+01 0.2898497E+01-0.2047029E-02 0.2358090E+01 0.2898497E+01-0.2188501E-02
 XYZ  0.2358551E+01 0.2898497E+01-0.2275279E-02
 LMN  279202825 0 0 0 0 0 0 0 0 0 0 0 0 0 0 0 0 0 0 0 0
 XYZ  0.2099628E+01 0.2998576E+01 0.1114032E-02 0.2099686E+01 0.2998576E+01-0.1136747E-04 0.2099925E+01 0.2998576E+01-0.1125300E-02
 XYZ  0.2100350E+01 0.2998576E+01-0.2210921E-02 0.2100971E+01 0.2998576E+01-0.3253141E-02 0.2101804E+01 0.2998576E+01-0.4245977E-02
 XYZ  0.2102862E+01 0.2998576E+01-0.5194923E-02 0.2104145E+01 0.2998576E+01-0.6110707E-02 0.2105644E+01 0.2998576E+01-0.6989934E-02
 XYZ  0.2107364E+01 0.2998576E+01-0.7822209E-02 0.2109313E+01 0.2998576E+01-0.8609712E-02 0.2111492E+01 0.2998576E+01-0.9359874E-02
 XYZ  0.2113897E+01 0.2998576E+01-0.1007137E-01 0.2116536E+01 0.2998575E+01-0.1075045E-01 0.2119396E+01 0.2998575E+01-0.1141311E-01
 XYZ  0.2122458E+01 0.2998575E+01-0.1205239E-01 0.2125725E+01 0.2998575E+01-0.1265081E-01 0.2129210E+01 0.2998575E+01-0.1322072E-01
 XYZ  0.2132896E+01 0.2998575E+01-0.1378170E-01 0.2136762E+01 0.2998575E+01-0.1432687E-01 0.2140799E+01 0.2998575E+01-0.1484568E-01
 XYZ  0.2145004E+01 0.2998575E+01-0.1533023E-01 0.2149380E+01 0.2998575E+01-0.1577968E-01 0.2153922E+01 0.2998575E+01-0.1620342E-01
 XYZ  0.2158614E+01 0.2998575E+01-0.1660191E-01 0.2163451E+01 0.2998575E+01-0.1696659E-01 0.2168432E+01 0.2998575E+01-0.1730415E-01
 XYZ  0.2173541E+01 0.2998575E+01-0.1762488E-01 0.2178757E+01 0.2998575E+01-0.1792008E-01 0.2184072E+01 0.2998575E+01-0.1817784E-01
 XYZ  0.2189484E+01 0.2998575E+01-0.1839167E-01 0.2194995E+01 0.2998575E+01-0.1856143E-01 0.2200600E+01 0.2998575E+01-0.1869735E-01
 XYZ  0.2206280E+01 0.2998575E+01-0.1881083E-01 0.2212009E+01 0.2998575E+01-0.1889332E-01 0.2217781E+01 0.2998575E+01-0.1892272E-01
 XYZ  0.2223606E+01 0.2998575E+01-0.1889678E-01 0.2229475E+01 0.2998575E+01-0.1883122E-01 0.2235367E+01 0.2998575E+01-0.1872737E-01
 XYZ  0.2241269E+01 0.2998575E+01-0.1857421E-01 0.2247173E+01 0.2998575E+01-0.1836560E-01 0.2253069E+01 0.2998575E+01-0.1809696E-01
 XYZ  0.2258948E+01 0.2998575E+01-0.1775663E-01 0.2264810E+01 0.2998575E+01-0.1732679E-01 0.2270673E+01 0.2998575E+01-0.1680944E-01
 XYZ  0.2276528E+01 0.2998575E+01-0.1622047E-01 0.2282361E+01 0.2998575E+01-0.1555330E-01 0.2288180E+01 0.2998575E+01-0.1479236E-01
 XYZ  0.2294005E+01 0.2998575E+01-0.1394994E-01 0.2299828E+01 0.2998575E+01-0.1305249E-01 0.2305635E+01 0.2998575E+01-0.1210260E-01
 XYZ  0.2311427E+01 0.2998575E+01-0.1109765E-01 0.2317213E+01 0.2998576E+01-0.1005048E-01 0.2322993E+01 0.2998576E+01-0.8988111E-02
 XYZ  0.2328745E+01 0.2998576E+01-0.7934250E-02 0.2334449E+01 0.2998576E+01-0.6886555E-02 0.2340115E+01 0.2998576E+01-0.5845963E-02
 XYZ  0.2345739E+01 0.2998576E+01-0.4855434E-02 0.2351275E+01 0.2998576E+01-0.3928789E-02 0.2356714E+01 0.2998576E+01-0.3046139E-02
 XYZ  0.2362065E+01 0.2998576E+01-0.2229396E-02 0.2367300E+01 0.2998576E+01-0.1501007E-02 0.2372405E+01 0.2998576E+01-0.8664307E-03
 XYZ  0.2377361E+01 0.2998576E+01-0.3445894E-03 0.2382140E+01 0.2998576E+01 0.5237426E-04 0.2386709E+01 0.2998576E+01 0.3161250E-03
 XYZ  0.2391040E+01 0.2998576E+01 0.4587620E-03 0.2395113E+01 0.2998576E+01 0.4634925E-03 0.2398861E+01 0.2998576E+01 0.3488028E-03
 XYZ  0.2402279E+01 0.2998576E+01 0.1785555E-03 0.2405378E+01 0.2998576E+01-0.4956049E-04 0.2408134E+01 0.2998576E+01-0.3159056E-03
 XYZ  0.2410552E+01 0.2998576E+01-0.5990639E-03 0.2412625E+01 0.2998576E+01-0.8910451E-03 0.2414347E+01 0.2998576E+01-0.1163449E-02
 XYZ  0.2415733E+01 0.2998576E+01-0.1396254E-02 0.2416796E+01 0.2998576E+01-0.1581521E-02 0.2417547E+01 0.2998576E+01-0.1716504E-02
 XYZ  0.2417993E+01 0.2998576E+01-0.1799338E-02
 LMN  279202826 0 0 0 0 0 0 0 0 0 0 0 0 0 0 0 0 0 0 0 0
 XYZ  0.2156725E+01 0.3080120E+01 0.7451494E-03 0.2156784E+01 0.3080120E+01-0.3493978E-03 0.2157019E+01 0.3080120E+01-0.1432394E-02
 XYZ  0.2157435E+01 0.3080120E+01-0.2487707E-02 0.2158041E+01 0.3080120E+01-0.3500331E-02 0.2158853E+01 0.3080120E+01-0.4464345E-02
 XYZ  0.2159884E+01 0.3080120E+01-0.5385244E-02 0.2161134E+01 0.3080120E+01-0.6273413E-02 0.2162594E+01 0.3080119E+01-0.7125530E-02
 XYZ  0.2164269E+01 0.3080119E+01-0.7931519E-02 0.2166167E+01 0.3080119E+01-0.8693460E-02 0.2168288E+01 0.3080119E+01-0.9418581E-02
 XYZ  0.2170629E+01 0.3080119E+01-0.1010561E-01 0.2173197E+01 0.3080119E+01-0.1076059E-01 0.2175981E+01 0.3080119E+01-0.1139913E-01
 XYZ  0.2178960E+01 0.3080119E+01-0.1201450E-01 0.2182140E+01 0.3080119E+01-0.1258969E-01 0.2185531E+01 0.3080119E+01-0.1313667E-01
 XYZ  0.2189118E+01 0.3080119E+01-0.1367453E-01 0.2192880E+01 0.3080119E+01-0.1419664E-01 0.2196808E+01 0.3080119E+01-0.1469274E-01
 XYZ  0.2200900E+01 0.3080119E+01-0.1515515E-01 0.2205158E+01 0.3080119E+01-0.1558305E-01 0.2209577E+01 0.3080119E+01-0.1598559E-01
 XYZ  0.2214142E+01 0.3080119E+01-0.1636324E-01 0.2218848E+01 0.3080119E+01-0.1670770E-01 0.2223694E+01 0.3080119E+01-0.1702547E-01
 XYZ  0.2228664E+01 0.3080119E+01-0.1732660E-01 0.2233739E+01 0.3080119E+01-0.1760266E-01 0.2238910E+01 0.3080119E+01-0.1784209E-01
 XYZ  0.2244175E+01 0.3080119E+01-0.1803858E-01 0.2249536E+01 0.3080119E+01-0.1819200E-01 0.2254989E+01 0.3080119E+01-0.1831228E-01
 XYZ  0.2260515E+01 0.3080119E+01-0.1841058E-01 0.2266088E+01 0.3080119E+01-0.1847863E-01 0.2271703E+01 0.3080119E+01-0.1849495E-01
 XYZ  0.2277369E+01 0.3080119E+01-0.1845731E-01 0.2283078E+01 0.3080119E+01-0.1838103E-01 0.2288810E+01 0.3080119E+01-0.1826747E-01
 XYZ  0.2294550E+01 0.3080119E+01-0.1810592E-01 0.2300293E+01 0.3080119E+01-0.1789041E-01 0.2306029E+01 0.3080119E+01-0.1761653E-01
 XYZ  0.2311747E+01 0.3080119E+01-0.1727293E-01 0.2317449E+01 0.3080119E+01-0.1684229E-01 0.2323151E+01 0.3080119E+01-0.1632653E-01
 XYZ  0.2328845E+01 0.3080119E+01-0.1574110E-01 0.2334519E+01 0.3080119E+01-0.1507964E-01 0.2340178E+01 0.3080119E+01-0.1432699E-01
 XYZ  0.2345842E+01 0.3080119E+01-0.1349506E-01 0.2351505E+01 0.3080119E+01-0.1260960E-01 0.2357152E+01 0.3080119E+01-0.1167316E-01
 XYZ  0.2362784E+01 0.3080119E+01-0.1068319E-01 0.2368411E+01 0.3080119E+01-0.9652167E-02 0.2374031E+01 0.3080119E+01-0.8606380E-02
 XYZ  0.2379625E+01 0.3080119E+01-0.7568936E-02 0.2385172E+01 0.3080119E+01-0.6537592E-02 0.2390681E+01 0.3080120E+01-0.5513252E-02
 XYZ  0.2396150E+01 0.3080120E+01-0.4537733E-02 0.2401533E+01 0.3080120E+01-0.3624541E-02 0.2406822E+01 0.3080120E+01-0.2754354E-02
 XYZ  0.2412026E+01 0.3080120E+01-0.1948498E-02 0.2417117E+01 0.3080120E+01-0.1228843E-02 0.2422081E+01 0.3080120E+01-0.6007381E-03
 XYZ  0.2426901E+01 0.3080120E+01-0.8263164E-04 0.2431549E+01 0.3080120E+01 0.3136131E-03 0.2435992E+01 0.3080120E+01 0.5798266E-03
 XYZ  0.2440206E+01 0.3080120E+01 0.7277244E-03 0.2444167E+01 0.3080120E+01 0.7409196E-03 0.2447813E+01 0.3080120E+01 0.6372908E-03
 XYZ  0.2451138E+01 0.3080120E+01 0.4789419E-03 0.2454153E+01 0.3080120E+01 0.2636211E-03 0.2456834E+01 0.3080120E+01 0.1039976E-04
 XYZ  0.2459187E+01 0.3080120E+01-0.2598882E-03 0.2461203E+01 0.3080120E+01-0.5394910E-03 0.2462879E+01 0.3080120E+01-0.8007880E-03
 XYZ  0.2464227E+01 0.3080120E+01-0.1024283E-02 0.2465262E+01 0.3080120E+01-0.1202225E-02 0.2465993E+01 0.3080120E+01-0.1331921E-02
 XYZ  0.2466427E+01 0.3080120E+01-0.1411543E-02
 LMN  279202827 0 0 0 0 0 0 0 0 0 0 0 0 0 0 0 0 0 0 0 0
 XYZ  0.2203108E+01 0.3146362E+01 0.4455171E-03 0.2203168E+01 0.3146362E+01-0.6239650E-03 0.2203400E+01 0.3146362E+01-0.1681826E-02
 XYZ  0.2203808E+01 0.3146362E+01-0.2712518E-02 0.2204402E+01 0.3146362E+01-0.3701100E-02 0.2205197E+01 0.3146362E+01-0.4641701E-02
 XYZ  0.2206207E+01 0.3146362E+01-0.5539817E-02 0.2207430E+01 0.3146362E+01-0.6405552E-02 0.2208858E+01 0.3146362E+01-0.7235648E-02
 XYZ  0.2210496E+01 0.3146362E+01-0.8020285E-02 0.2212352E+01 0.3146362E+01-0.8761462E-02 0.2214426E+01 0.3146362E+01-0.9466242E-02
 XYZ  0.2216715E+01 0.3146362E+01-0.1013339E-01 0.2219226E+01 0.3146362E+01-0.1076881E-01 0.2221948E+01 0.3146362E+01-0.1138775E-01
 XYZ  0.2224861E+01 0.3146362E+01-0.1198369E-01 0.2227969E+01 0.3146362E+01-0.1254001E-01 0.2231284E+01 0.3146362E+01-0.1306837E-01
 XYZ  0.2234791E+01 0.3146362E+01-0.1358745E-01 0.2238467E+01 0.3146362E+01-0.1409082E-01 0.2242307E+01 0.3146362E+01-0.1456847E-01
 XYZ  0.2246307E+01 0.3146362E+01-0.1501290E-01 0.2250469E+01 0.3146362E+01-0.1542330E-01 0.2254788E+01 0.3146362E+01-0.1580861E-01
 XYZ  0.2259250E+01 0.3146362E+01-0.1616935E-01 0.2263849E+01 0.3146362E+01-0.1649738E-01 0.2268586E+01 0.3146362E+01-0.1679907E-01
 XYZ  0.2273444E+01 0.3146362E+01-0.1708427E-01 0.2278403E+01 0.3146362E+01-0.1734479E-01 0.2283457E+01 0.3146362E+01-0.1756933E-01
 XYZ  0.2288604E+01 0.3146362E+01-0.1775174E-01 0.2293843E+01 0.3146362E+01-0.1789188E-01 0.2299172E+01 0.3146362E+01-0.1799947E-01
 XYZ  0.2304572E+01 0.3146362E+01-0.1808543E-01 0.2310019E+01 0.3146362E+01-0.1814175E-01 0.2315507E+01 0.3146362E+01-0.1814744E-01
 XYZ  0.2321044E+01 0.3146362E+01-0.1810031E-01 0.2326623E+01 0.3146362E+01-0.1801533E-01 0.2332224E+01 0.3146362E+01-0.1789387E-01
 XYZ  0.2337834E+01 0.3146362E+01-0.1772550E-01 0.2343446E+01 0.3146362E+01-0.1750440E-01 0.2349051E+01 0.3146362E+01-0.1722626E-01
 XYZ  0.2354638E+01 0.3146362E+01-0.1688002E-01 0.2360210E+01 0.3146362E+01-0.1644874E-01 0.2365781E+01 0.3146362E+01-0.1593426E-01
 XYZ  0.2371346E+01 0.3146362E+01-0.1535173E-01 0.2376889E+01 0.3146362E+01-0.1469491E-01 0.2382418E+01 0.3146362E+01-0.1394899E-01
 XYZ  0.2387952E+01 0.3146362E+01-0.1312560E-01 0.2393485E+01 0.3146362E+01-0.1224988E-01 0.2399002E+01 0.3146362E+01-0.1132437E-01
 XYZ  0.2404505E+01 0.3146362E+01-0.1034657E-01 0.2410002E+01 0.3146362E+01-0.9328664E-02 0.2415492E+01 0.3146362E+01-0.8296349E-02
 XYZ  0.2420957E+01 0.3146362E+01-0.7272240E-02 0.2426376E+01 0.3146362E+01-0.6254176E-02 0.2431759E+01 0.3146362E+01-0.5243036E-02
 XYZ  0.2437101E+01 0.3146362E+01-0.4279704E-02 0.2442360E+01 0.3146362E+01-0.3377436E-02 0.2447528E+01 0.3146362E+01-0.2517369E-02
 XYZ  0.2452611E+01 0.3146362E+01-0.1720348E-02 0.2457586E+01 0.3146362E+01-0.1007780E-02 0.2462436E+01 0.3146362E+01-0.3849256E-03
 XYZ  0.2467145E+01 0.3146362E+01 0.1301552E-03 0.2471687E+01 0.3146362E+01 0.5258239E-03 0.2476028E+01 0.3146362E+01 0.7940449E-03
 XYZ  0.2480145E+01 0.3146362E+01 0.9462220E-03 0.2484017E+01 0.3146362E+01 0.9662984E-03 0.2487579E+01 0.3146362E+01 0.8716566E-03
 XYZ  0.2490829E+01 0.3146362E+01 0.7229733E-03 0.2493775E+01 0.3146362E+01 0.5180465E-03 0.2496395E+01 0.3146362E+01 0.2754851E-03
 XYZ  0.2498695E+01 0.3146362E+01 0.1565081E-04 0.2500666E+01 0.3146362E+01-0.2538979E-03 0.2502304E+01 0.3146362E+01-0.5061740E-03
 XYZ  0.2503622E+01 0.3146362E+01-0.7221070E-03 0.2504633E+01 0.3146362E+01-0.8940999E-03 0.2505348E+01 0.3146362E+01-0.1019502E-02
 XYZ  0.2505772E+01 0.3146362E+01-0.1096514E-02
 LMN  279202828 0 0 0 0 0 0 0 0 0 0 0 0 0 0 0 0 0 0 0 0
 XYZ  0.2242672E+01 0.3202866E+01 0.1899612E-03 0.2242732E+01 0.3202866E+01-0.8581400E-03 0.2242961E+01 0.3202866E+01-0.1894559E-02
 XYZ  0.2243362E+01 0.3202866E+01-0.2904249E-02 0.2243946E+01 0.3202866E+01-0.3872326E-02 0.2244727E+01 0.3202866E+01-0.4792956E-02
 XYZ  0.2245718E+01 0.3202866E+01-0.5671640E-02 0.2246918E+01 0.3202865E+01-0.6518240E-02 0.2248320E+01 0.3202865E+01-0.7329553E-02
 XYZ  0.2249926E+01 0.3202865E+01-0.8095979E-02 0.2251747E+01 0.3202865E+01-0.8819446E-02 0.2253780E+01 0.3202865E+01-0.9506876E-02
 XYZ  0.2256025E+01 0.3202865E+01-0.1015707E-01 0.2258487E+01 0.3202865E+01-0.1077580E-01 0.2261156E+01 0.3202865E+01-0.1137802E-01
 XYZ  0.2264012E+01 0.3202865E+01-0.1195740E-01 0.2267059E+01 0.3202865E+01-0.1249762E-01 0.2270310E+01 0.3202865E+01-0.1301009E-01
 XYZ  0.2273747E+01 0.3202865E+01-0.1351316E-01 0.2277352E+01 0.3202865E+01-0.1400054E-01 0.2281116E+01 0.3202865E+01-0.1446246E-01
 XYZ  0.2285037E+01 0.3202865E+01-0.1489155E-01 0.2289117E+01 0.3202865E+01-0.1528702E-01 0.2293352E+01 0.3202865E+01-0.1565765E-01
 XYZ  0.2297726E+01 0.3202865E+01-0.1600395E-01 0.2302234E+01 0.3202865E+01-0.1631798E-01 0.2306878E+01 0.3202865E+01-0.1660596E-01
 XYZ  0.2311640E+01 0.3202865E+01-0.1687757E-01 0.2316501E+01 0.3202865E+01-0.1712483E-01 0.2321455E+01 0.3202865E+01-0.1733667E-01
 XYZ  0.2326500E+01 0.3202865E+01-0.1750707E-01 0.2331635E+01 0.3202865E+01-0.1763588E-01 0.2336859E+01 0.3202865E+01-0.1773264E-01
 XYZ  0.2342152E+01 0.3202865E+01-0.1780809E-01 0.2347491E+01 0.3202865E+01-0.1785441E-01 0.2352870E+01 0.3202865E+01-0.1785103E-01
 XYZ  0.2358297E+01 0.3202865E+01-0.1779581E-01 0.2363765E+01 0.3202865E+01-0.1770341E-01 0.2369255E+01 0.3202865E+01-0.1757522E-01
 XYZ  0.2374753E+01 0.3202865E+01-0.1740103E-01 0.2380254E+01 0.3202865E+01-0.1717516E-01 0.2385747E+01 0.3202865E+01-0.1689338E-01
 XYZ  0.2391223E+01 0.3202865E+01-0.1654489E-01 0.2396684E+01 0.3202865E+01-0.1611307E-01 0.2402144E+01 0.3202865E+01-0.1559970E-01
 XYZ  0.2407597E+01 0.3202865E+01-0.1501963E-01 0.2413029E+01 0.3202865E+01-0.1436678E-01 0.2418447E+01 0.3202865E+01-0.1362661E-01
 XYZ  0.2423870E+01 0.3202865E+01-0.1281049E-01 0.2429292E+01 0.3202865E+01-0.1194309E-01 0.2434698E+01 0.3202865E+01-0.1102691E-01
 XYZ  0.2440090E+01 0.3202865E+01-0.1005949E-01 0.2445477E+01 0.3202865E+01-0.9052773E-02 0.2450857E+01 0.3202865E+01-0.8031948E-02
 XYZ  0.2456212E+01 0.3202865E+01-0.7019213E-02 0.2461522E+01 0.3202866E+01-0.6012477E-02 0.2466796E+01 0.3202866E+01-0.5012594E-02
 XYZ  0.2472031E+01 0.3202866E+01-0.4059652E-02 0.2477184E+01 0.3202866E+01-0.3166699E-02 0.2482248E+01 0.3202866E+01-0.2315259E-02
 XYZ  0.2487229E+01 0.3202866E+01-0.1525770E-02 0.2492104E+01 0.3202866E+01-0.8192430E-03 0.2496857E+01 0.3202866E+01-0.2008607E-03
 XYZ  0.2501472E+01 0.3202866E+01 0.3116447E-03 0.2505922E+01 0.3202866E+01 0.7068274E-03 0.2510177E+01 0.3202866E+01 0.9767653E-03
 XYZ  0.2514212E+01 0.3202866E+01 0.1132596E-02 0.2518007E+01 0.3202866E+01 0.1158545E-02 0.2521498E+01 0.3202866E+01 0.1071570E-02
 XYZ  0.2524684E+01 0.3202866E+01 0.9311310E-03 0.2527572E+01 0.3202866E+01 0.7350699E-03 0.2530140E+01 0.3202866E+01 0.5016001E-03
 XYZ  0.2532395E+01 0.3202866E+01 0.2506814E-03 0.2534327E+01 0.3202866E+01-0.1029256E-04 0.2535932E+01 0.3202866E+01-0.2548754E-03
 XYZ  0.2537224E+01 0.3202866E+01-0.4643595E-03 0.2538216E+01 0.3202866E+01-0.6312784E-03 0.2538916E+01 0.3202866E+01-0.7530185E-03
 XYZ  0.2539333E+01 0.3202866E+01-0.8278055E-03
