solid
 facet normal  -5.8800906947e-01 7.9168997440e-01 -1.6574775611e-01
   outer loop
     vertex 0.0000000000e+00 0.0000000000e+00 0.0000000000e+00
     vertex 5.4416783181e-01 4.0416783181e-01 0.0000000000e+00
     vertex 5.4416783181e-01 3.7038373031e-01 -1.6136890829e-01
   endloop
 endfacet
 facet normal  -5.9059481801e-01 6.7508488552e-01 -4.4210650106e-01
   outer loop
     vertex 0.0000000000e+00 0.0000000000e+00 0.0000000000e+00
     vertex 5.4416783181e-01 3.7038373031e-01 -1.6136890829e-01
     vertex 5.4416783181e-01 2.8039624181e-01 -2.9877741330e-01
   endloop
 endfacet
 facet normal  -5.9890178818e-01 4.7634901042e-01 -6.4374549970e-01
   outer loop
     vertex 0.0000000000e+00 0.0000000000e+00 0.0000000000e+00
     vertex 5.4416783181e-01 2.8039624181e-01 -2.9877741330e-01
     vertex 5.4416783181e-01 1.5125259037e-01 -3.9433916961e-01
   endloop
 endfacet
 facet normal  -6.0970497000e-01 1.8270163801e-01 -7.7128461739e-01
   outer loop
     vertex 0.0000000000e+00 0.0000000000e+00 7.4014868308e-17
     vertex 5.4416783181e-01 1.5125259037e-01 -3.9433916961e-01
     vertex 5.4416783181e-01 -4.2632564146e-17 -4.3016783181e-01
   endloop
 endfacet
 facet normal  -6.0970497000e-01 -1.8270163801e-01 -7.7128461739e-01
   outer loop
     vertex 5.4416783181e-01 -4.2632564146e-17 -4.3016783181e-01
     vertex 5.4416783181e-01 -1.5125259037e-01 -3.9433916961e-01
     vertex 0.0000000000e+00 0.0000000000e+00 7.4014868308e-17
   endloop
 endfacet
 facet normal  -5.9890178818e-01 -4.7634901042e-01 -6.4374549970e-01
   outer loop
     vertex 5.4416783181e-01 -1.5125259037e-01 -3.9433916961e-01
     vertex 5.4416783181e-01 -2.8039624181e-01 -2.9877741330e-01
     vertex 0.0000000000e+00 0.0000000000e+00 0.0000000000e+00
   endloop
 endfacet
 facet normal  -5.9059481801e-01 -6.7508488552e-01 -4.4210650106e-01
   outer loop
     vertex 5.4416783181e-01 -2.8039624181e-01 -2.9877741330e-01
     vertex 5.4416783181e-01 -3.7038373031e-01 -1.6136890829e-01
     vertex 0.0000000000e+00 0.0000000000e+00 0.0000000000e+00
   endloop
 endfacet
 facet normal  -5.8800906947e-01 -7.9168997440e-01 -1.6574775611e-01
   outer loop
     vertex 5.4416783181e-01 -3.7038373031e-01 -1.6136890829e-01
     vertex 5.4416783181e-01 -4.0416783181e-01 -2.8421709430e-17
     vertex 0.0000000000e+00 0.0000000000e+00 0.0000000000e+00
   endloop
 endfacet
 facet normal  -5.8800906947e-01 -7.9168997440e-01 1.6574775611e-01
   outer loop
     vertex 0.0000000000e+00 0.0000000000e+00 0.0000000000e+00
     vertex 5.4416783181e-01 -4.0416783181e-01 -2.8421709430e-17
     vertex 5.4416783181e-01 -3.7038373031e-01 1.6136890829e-01
   endloop
 endfacet
 facet normal  -5.9059481801e-01 -6.7508488552e-01 4.4210650106e-01
   outer loop
     vertex 0.0000000000e+00 0.0000000000e+00 -1.3877787808e-17
     vertex 5.4416783181e-01 -3.7038373031e-01 1.6136890829e-01
     vertex 5.4416783181e-01 -2.8039624181e-01 2.9877741330e-01
   endloop
 endfacet
 facet normal  -5.9890178818e-01 -4.7634901042e-01 6.4374549970e-01
   outer loop
     vertex 0.0000000000e+00 0.0000000000e+00 0.0000000000e+00
     vertex 5.4416783181e-01 -2.8039624181e-01 2.9877741330e-01
     vertex 5.4416783181e-01 -1.5125259037e-01 3.9433916961e-01
   endloop
 endfacet
 facet normal  -6.0970497000e-01 -1.8270163801e-01 7.7128461739e-01
   outer loop
     vertex 0.0000000000e+00 0.0000000000e+00 0.0000000000e+00
     vertex 5.4416783181e-01 -1.5125259037e-01 3.9433916961e-01
     vertex 5.4416783181e-01 -5.6843418861e-17 4.3016783181e-01
   endloop
 endfacet
 facet normal  -6.0970497000e-01 1.8270163801e-01 7.7128461739e-01
   outer loop
     vertex 5.4416783181e-01 -5.6843418861e-17 4.3016783181e-01
     vertex 5.4416783181e-01 1.5125259037e-01 3.9433916961e-01
     vertex 0.0000000000e+00 -3.7007434154e-17 0.0000000000e+00
   endloop
 endfacet
 facet normal  -5.9890178818e-01 4.7634901042e-01 6.4374549970e-01
   outer loop
     vertex 5.4416783181e-01 1.5125259037e-01 3.9433916961e-01
     vertex 5.4416783181e-01 2.8039624181e-01 2.9877741330e-01
     vertex 0.0000000000e+00 -7.4014868308e-17 0.0000000000e+00
   endloop
 endfacet
 facet normal  -5.9059481801e-01 6.7508488552e-01 4.4210650106e-01
   outer loop
     vertex 5.4416783181e-01 2.8039624181e-01 2.9877741330e-01
     vertex 5.4416783181e-01 3.7038373031e-01 1.6136890829e-01
     vertex 0.0000000000e+00 -3.7007434154e-17 0.0000000000e+00
   endloop
 endfacet
 facet normal  -5.8800906947e-01 7.9168997440e-01 1.6574775611e-01
   outer loop
     vertex 5.4416783181e-01 3.7038373031e-01 1.6136890829e-01
     vertex 5.4416783181e-01 4.0416783181e-01 0.0000000000e+00
     vertex 0.0000000000e+00 0.0000000000e+00 0.0000000000e+00
   endloop
 endfacet
 facet normal  -4.2300738323e-01 8.8991518391e-01 -1.7063328861e-01
   outer loop
     vertex 5.4416783181e-01 4.0416783181e-01 0.0000000000e+00
     vertex 1.2684388108e+00 7.4843881079e-01 0.0000000000e+00
     vertex 1.2684388108e+00 6.8733209263e-01 -3.1869394754e-01
   endloop
 endfacet
 facet normal  -4.2745961595e-01 8.8485030712e-01 -1.8525174960e-01
   outer loop
     vertex 5.4416783181e-01 4.0416783181e-01 0.0000000000e+00
     vertex 1.2684388108e+00 6.8733209263e-01 -3.1869394754e-01
     vertex 5.4416783181e-01 3.7038373031e-01 -1.6136890829e-01
   endloop
 endfacet
 facet normal  -4.3749173843e-01 7.6566335939e-01 -4.7155126857e-01
   outer loop
     vertex 5.4416783181e-01 3.7038373031e-01 -1.6136890829e-01
     vertex 1.2684388108e+00 6.8733209263e-01 -3.1869394754e-01
     vertex 1.2684388108e+00 5.2311766146e-01 -5.8533085727e-01
   endloop
 endfacet
 facet normal  -4.4514450089e-01 7.4911332115e-01 -4.9058700086e-01
   outer loop
     vertex 5.4416783181e-01 3.7038373031e-01 -1.6136890829e-01
     vertex 1.2684388108e+00 5.2311766146e-01 -5.8533085727e-01
     vertex 5.4416783181e-01 2.8039624181e-01 -2.9877741330e-01
   endloop
 endfacet
 facet normal  -4.5987956798e-01 5.4047249809e-01 -7.0455678391e-01
   outer loop
     vertex 5.4416783181e-01 2.8039624181e-01 -2.9877741330e-01
     vertex 1.2684388108e+00 5.2311766146e-01 -5.8533085727e-01
     vertex 1.2684388108e+00 2.8445410226e-01 -7.6841204105e-01
   endloop
 endfacet
 facet normal  -4.6453654375e-01 5.2674938255e-01 -7.1185735053e-01
   outer loop
     vertex 5.4416783181e-01 2.8039624181e-01 -2.9877741330e-01
     vertex 1.2684388108e+00 2.8445410226e-01 -7.6841204105e-01
     vertex 5.4416783181e-01 1.5125259037e-01 -3.9433916961e-01
   endloop
 endfacet
 facet normal  -4.7860761249e-01 2.0422058933e-01 -8.5394888850e-01
   outer loop
     vertex 5.4416783181e-01 1.5125259037e-01 -3.9433916961e-01
     vertex 1.2684388108e+00 2.8445410226e-01 -7.6841204105e-01
     vertex 1.2684388108e+00 -4.7961634664e-17 -8.3643881079e-01
   endloop
 endfacet
 facet normal  -4.7910808319e-01 2.0232360392e-01 -8.5411978312e-01
   outer loop
     vertex 5.4416783181e-01 1.5125259037e-01 -3.9433916961e-01
     vertex 1.2684388108e+00 -4.7961634664e-17 -8.3643881079e-01
     vertex 5.4416783181e-01 -4.2632564146e-17 -4.3016783181e-01
   endloop
 endfacet
 facet normal  -4.7910808319e-01 -2.0232360392e-01 -8.5411978312e-01
   outer loop
     vertex 5.4416783181e-01 -4.2632564146e-17 -4.3016783181e-01
     vertex 1.2684388108e+00 -4.7961634664e-17 -8.3643881079e-01
     vertex 5.4416783181e-01 -1.5125259037e-01 -3.9433916961e-01
   endloop
 endfacet
 facet normal  -4.7860761249e-01 -2.0422058933e-01 -8.5394888850e-01
   outer loop
     vertex 1.2684388108e+00 -4.7961634664e-17 -8.3643881079e-01
     vertex 1.2684388108e+00 -2.8445410226e-01 -7.6841204105e-01
     vertex 5.4416783181e-01 -1.5125259037e-01 -3.9433916961e-01
   endloop
 endfacet
 facet normal  -4.6453654375e-01 -5.2674938255e-01 -7.1185735053e-01
   outer loop
     vertex 5.4416783181e-01 -1.5125259037e-01 -3.9433916961e-01
     vertex 1.2684388108e+00 -2.8445410226e-01 -7.6841204105e-01
     vertex 5.4416783181e-01 -2.8039624181e-01 -2.9877741330e-01
   endloop
 endfacet
 facet normal  -4.5987956798e-01 -5.4047249809e-01 -7.0455678391e-01
   outer loop
     vertex 1.2684388108e+00 -2.8445410226e-01 -7.6841204105e-01
     vertex 1.2684388108e+00 -5.2311766146e-01 -5.8533085727e-01
     vertex 5.4416783181e-01 -2.8039624181e-01 -2.9877741330e-01
   endloop
 endfacet
 facet normal  -4.4514450089e-01 -7.4911332115e-01 -4.9058700086e-01
   outer loop
     vertex 5.4416783181e-01 -2.8039624181e-01 -2.9877741330e-01
     vertex 1.2684388108e+00 -5.2311766146e-01 -5.8533085727e-01
     vertex 5.4416783181e-01 -3.7038373031e-01 -1.6136890829e-01
   endloop
 endfacet
 facet normal  -4.3749173843e-01 -7.6566335939e-01 -4.7155126857e-01
   outer loop
     vertex 1.2684388108e+00 -5.2311766146e-01 -5.8533085727e-01
     vertex 1.2684388108e+00 -6.8733209263e-01 -3.1869394754e-01
     vertex 5.4416783181e-01 -3.7038373031e-01 -1.6136890829e-01
   endloop
 endfacet
 facet normal  -4.2745961595e-01 -8.8485030712e-01 -1.8525174960e-01
   outer loop
     vertex 5.4416783181e-01 -3.7038373031e-01 -1.6136890829e-01
     vertex 1.2684388108e+00 -6.8733209263e-01 -3.1869394754e-01
     vertex 5.4416783181e-01 -4.0416783181e-01 -2.8421709430e-17
   endloop
 endfacet
 facet normal  -4.2300738323e-01 -8.8991518391e-01 -1.7063328861e-01
   outer loop
     vertex 1.2684388108e+00 -6.8733209263e-01 -3.1869394754e-01
     vertex 1.2684388108e+00 -7.4843881079e-01 -3.1974423109e-17
     vertex 5.4416783181e-01 -4.0416783181e-01 -2.8421709430e-17
   endloop
 endfacet
 facet normal  -4.2300738323e-01 -8.8991518391e-01 1.7063328861e-01
   outer loop
     vertex 5.4416783181e-01 -4.0416783181e-01 -2.8421709430e-17
     vertex 1.2684388108e+00 -7.4843881079e-01 -3.1974423109e-17
     vertex 1.2684388108e+00 -6.8733209263e-01 3.1869394754e-01
   endloop
 endfacet
 facet normal  -4.2745961595e-01 -8.8485030712e-01 1.8525174960e-01
   outer loop
     vertex 5.4416783181e-01 -4.0416783181e-01 -2.8421709430e-17
     vertex 1.2684388108e+00 -6.8733209263e-01 3.1869394754e-01
     vertex 5.4416783181e-01 -3.7038373031e-01 1.6136890829e-01
   endloop
 endfacet
 facet normal  -4.3749173843e-01 -7.6566335939e-01 4.7155126857e-01
   outer loop
     vertex 5.4416783181e-01 -3.7038373031e-01 1.6136890829e-01
     vertex 1.2684388108e+00 -6.8733209263e-01 3.1869394754e-01
     vertex 1.2684388108e+00 -5.2311766146e-01 5.8533085727e-01
   endloop
 endfacet
 facet normal  -4.4514450089e-01 -7.4911332115e-01 4.9058700086e-01
   outer loop
     vertex 5.4416783181e-01 -3.7038373031e-01 1.6136890829e-01
     vertex 1.2684388108e+00 -5.2311766146e-01 5.8533085727e-01
     vertex 5.4416783181e-01 -2.8039624181e-01 2.9877741330e-01
   endloop
 endfacet
 facet normal  -4.5987956798e-01 -5.4047249809e-01 7.0455678391e-01
   outer loop
     vertex 5.4416783181e-01 -2.8039624181e-01 2.9877741330e-01
     vertex 1.2684388108e+00 -5.2311766146e-01 5.8533085727e-01
     vertex 1.2684388108e+00 -2.8445410226e-01 7.6841204105e-01
   endloop
 endfacet
 facet normal  -4.6453654375e-01 -5.2674938255e-01 7.1185735053e-01
   outer loop
     vertex 5.4416783181e-01 -2.8039624181e-01 2.9877741330e-01
     vertex 1.2684388108e+00 -2.8445410226e-01 7.6841204105e-01
     vertex 5.4416783181e-01 -1.5125259037e-01 3.9433916961e-01
   endloop
 endfacet
 facet normal  -4.7860761249e-01 -2.0422058933e-01 8.5394888850e-01
   outer loop
     vertex 5.4416783181e-01 -1.5125259037e-01 3.9433916961e-01
     vertex 1.2684388108e+00 -2.8445410226e-01 7.6841204105e-01
     vertex 1.2684388108e+00 -6.3948846218e-17 8.3643881079e-01
   endloop
 endfacet
 facet normal  -4.7910808319e-01 -2.0232360392e-01 8.5411978312e-01
   outer loop
     vertex 5.4416783181e-01 -1.5125259037e-01 3.9433916961e-01
     vertex 1.2684388108e+00 -6.3948846218e-17 8.3643881079e-01
     vertex 5.4416783181e-01 -5.6843418861e-17 4.3016783181e-01
   endloop
 endfacet
 facet normal  -4.7910808319e-01 2.0232360392e-01 8.5411978312e-01
   outer loop
     vertex 5.4416783181e-01 -5.6843418861e-17 4.3016783181e-01
     vertex 1.2684388108e+00 -6.3948846218e-17 8.3643881079e-01
     vertex 5.4416783181e-01 1.5125259037e-01 3.9433916961e-01
   endloop
 endfacet
 facet normal  -4.7860761249e-01 2.0422058933e-01 8.5394888850e-01
   outer loop
     vertex 1.2684388108e+00 -6.3948846218e-17 8.3643881079e-01
     vertex 1.2684388108e+00 2.8445410226e-01 7.6841204105e-01
     vertex 5.4416783181e-01 1.5125259037e-01 3.9433916961e-01
   endloop
 endfacet
 facet normal  -4.6453654375e-01 5.2674938255e-01 7.1185735053e-01
   outer loop
     vertex 5.4416783181e-01 1.5125259037e-01 3.9433916961e-01
     vertex 1.2684388108e+00 2.8445410226e-01 7.6841204105e-01
     vertex 5.4416783181e-01 2.8039624181e-01 2.9877741330e-01
   endloop
 endfacet
 facet normal  -4.5987956798e-01 5.4047249809e-01 7.0455678391e-01
   outer loop
     vertex 1.2684388108e+00 2.8445410226e-01 7.6841204105e-01
     vertex 1.2684388108e+00 5.2311766146e-01 5.8533085727e-01
     vertex 5.4416783181e-01 2.8039624181e-01 2.9877741330e-01
   endloop
 endfacet
 facet normal  -4.4514450089e-01 7.4911332115e-01 4.9058700086e-01
   outer loop
     vertex 5.4416783181e-01 2.8039624181e-01 2.9877741330e-01
     vertex 1.2684388108e+00 5.2311766146e-01 5.8533085727e-01
     vertex 5.4416783181e-01 3.7038373031e-01 1.6136890829e-01
   endloop
 endfacet
 facet normal  -4.3749173843e-01 7.6566335939e-01 4.7155126857e-01
   outer loop
     vertex 1.2684388108e+00 5.2311766146e-01 5.8533085727e-01
     vertex 1.2684388108e+00 6.8733209263e-01 3.1869394754e-01
     vertex 5.4416783181e-01 3.7038373031e-01 1.6136890829e-01
   endloop
 endfacet
 facet normal  -4.2745961595e-01 8.8485030712e-01 1.8525174960e-01
   outer loop
     vertex 5.4416783181e-01 3.7038373031e-01 1.6136890829e-01
     vertex 1.2684388108e+00 6.8733209263e-01 3.1869394754e-01
     vertex 5.4416783181e-01 4.0416783181e-01 0.0000000000e+00
   endloop
 endfacet
 facet normal  -4.2300738323e-01 8.8991518391e-01 1.7063328861e-01
   outer loop
     vertex 1.2684388108e+00 6.8733209263e-01 3.1869394754e-01
     vertex 1.2684388108e+00 7.4843881079e-01 0.0000000000e+00
     vertex 5.4416783181e-01 4.0416783181e-01 0.0000000000e+00
   endloop
 endfacet
 facet normal  -3.0298950241e-01 9.3802818803e-01 -1.6822746477e-01
   outer loop
     vertex 1.2684388108e+00 7.4843881079e-01 0.0000000000e+00
     vertex 2.0956258739e+00 1.0156258739e+00 0.0000000000e+00
     vertex 2.0956258739e+00 9.3425897108e-01 -4.5369790529e-01
   endloop
 endfacet
 facet normal  -3.0814570166e-01 9.3431924217e-01 -1.7914737021e-01
   outer loop
     vertex 1.2684388108e+00 7.4843881079e-01 0.0000000000e+00
     vertex 2.0956258739e+00 9.3425897108e-01 -4.5369790529e-01
     vertex 1.2684388108e+00 6.8733209263e-01 -3.1869394754e-01
   endloop
 endfacet
 facet normal  -3.2194907555e-01 8.1627895136e-01 -4.7962221208e-01
   outer loop
     vertex 1.2684388108e+00 6.8733209263e-01 -3.1869394754e-01
     vertex 2.0956258739e+00 9.3425897108e-01 -4.5369790529e-01
     vertex 2.0956258739e+00 7.1401197697e-01 -8.2854081471e-01
   endloop
 endfacet
 facet normal  -3.3092444032e-01 8.0349840011e-01 -4.9485284260e-01
   outer loop
     vertex 1.2684388108e+00 6.8733209263e-01 -3.1869394754e-01
     vertex 2.0956258739e+00 7.1401197697e-01 -8.2854081471e-01
     vertex 1.2684388108e+00 5.2311766146e-01 -5.8533085727e-01
   endloop
 endfacet
 facet normal  -3.5011373892e-01 5.8001234785e-01 -7.3553113201e-01
   outer loop
     vertex 1.2684388108e+00 5.2311766146e-01 -5.8533085727e-01
     vertex 2.0956258739e+00 7.1401197697e-01 -8.2854081471e-01
     vertex 2.0956258739e+00 3.9066546283e-01 -1.0835197852e+00
   endloop
 endfacet
 facet normal  -3.5554630071e-01 5.6888282201e-01 -7.4159231582e-01
   outer loop
     vertex 1.2684388108e+00 5.2311766146e-01 -5.8533085727e-01
     vertex 2.0956258739e+00 3.9066546283e-01 -1.0835197852e+00
     vertex 1.2684388108e+00 2.8445410226e-01 -7.6841204105e-01
   endloop
 endfacet
 facet normal  -3.7172309669e-01 2.1740685369e-01 -9.0252767235e-01
   outer loop
     vertex 1.2684388108e+00 2.8445410226e-01 -7.6841204105e-01
     vertex 2.0956258739e+00 3.9066546283e-01 -1.0835197852e+00
     vertex 2.0956258739e+00 -3.1974423109e-17 -1.1776258739e+00
   endloop
 endfacet
 facet normal  -3.7231436071e-01 2.1586817184e-01 -9.0265328294e-01
   outer loop
     vertex 1.2684388108e+00 2.8445410226e-01 -7.6841204105e-01
     vertex 2.0956258739e+00 -3.1974423109e-17 -1.1776258739e+00
     vertex 1.2684388108e+00 -4.7961634664e-17 -8.3643881079e-01
   endloop
 endfacet
 facet normal  -3.7231436071e-01 -2.1586817184e-01 -9.0265328294e-01
   outer loop
     vertex 1.2684388108e+00 -4.7961634664e-17 -8.3643881079e-01
     vertex 2.0956258739e+00 -3.1974423109e-17 -1.1776258739e+00
     vertex 1.2684388108e+00 -2.8445410226e-01 -7.6841204105e-01
   endloop
 endfacet
 facet normal  -3.7172309669e-01 -2.1740685369e-01 -9.0252767235e-01
   outer loop
     vertex 2.0956258739e+00 -3.1974423109e-17 -1.1776258739e+00
     vertex 2.0956258739e+00 -3.9066546283e-01 -1.0835197852e+00
     vertex 1.2684388108e+00 -2.8445410226e-01 -7.6841204105e-01
   endloop
 endfacet
 facet normal  -3.5554630071e-01 -5.6888282201e-01 -7.4159231582e-01
   outer loop
     vertex 1.2684388108e+00 -2.8445410226e-01 -7.6841204105e-01
     vertex 2.0956258739e+00 -3.9066546283e-01 -1.0835197852e+00
     vertex 1.2684388108e+00 -5.2311766146e-01 -5.8533085727e-01
   endloop
 endfacet
 facet normal  -3.5011373892e-01 -5.8001234785e-01 -7.3553113201e-01
   outer loop
     vertex 2.0956258739e+00 -3.9066546283e-01 -1.0835197852e+00
     vertex 2.0956258739e+00 -7.1401197697e-01 -8.2854081471e-01
     vertex 1.2684388108e+00 -5.2311766146e-01 -5.8533085727e-01
   endloop
 endfacet
 facet normal  -3.3092444032e-01 -8.0349840011e-01 -4.9485284260e-01
   outer loop
     vertex 1.2684388108e+00 -5.2311766146e-01 -5.8533085727e-01
     vertex 2.0956258739e+00 -7.1401197697e-01 -8.2854081471e-01
     vertex 1.2684388108e+00 -6.8733209263e-01 -3.1869394754e-01
   endloop
 endfacet
 facet normal  -3.2194907555e-01 -8.1627895136e-01 -4.7962221208e-01
   outer loop
     vertex 2.0956258739e+00 -7.1401197697e-01 -8.2854081471e-01
     vertex 2.0956258739e+00 -9.3425897108e-01 -4.5369790529e-01
     vertex 1.2684388108e+00 -6.8733209263e-01 -3.1869394754e-01
   endloop
 endfacet
 facet normal  -3.0814570166e-01 -9.3431924217e-01 -1.7914737021e-01
   outer loop
     vertex 1.2684388108e+00 -6.8733209263e-01 -3.1869394754e-01
     vertex 2.0956258739e+00 -9.3425897108e-01 -4.5369790529e-01
     vertex 1.2684388108e+00 -7.4843881079e-01 -3.1974423109e-17
   endloop
 endfacet
 facet normal  -3.0298950241e-01 -9.3802818803e-01 -1.6822746477e-01
   outer loop
     vertex 2.0956258739e+00 -9.3425897108e-01 -4.5369790529e-01
     vertex 2.0956258739e+00 -1.0156258739e+00 -2.1316282073e-17
     vertex 1.2684388108e+00 -7.4843881079e-01 -3.1974423109e-17
   endloop
 endfacet
 facet normal  -3.0298950241e-01 -9.3802818803e-01 1.6822746477e-01
   outer loop
     vertex 1.2684388108e+00 -7.4843881079e-01 -3.1974423109e-17
     vertex 2.0956258739e+00 -1.0156258739e+00 -2.1316282073e-17
     vertex 2.0956258739e+00 -9.3425897108e-01 4.5369790529e-01
   endloop
 endfacet
 facet normal  -3.0814570166e-01 -9.3431924217e-01 1.7914737021e-01
   outer loop
     vertex 1.2684388108e+00 -7.4843881079e-01 -3.1974423109e-17
     vertex 2.0956258739e+00 -9.3425897108e-01 4.5369790529e-01
     vertex 1.2684388108e+00 -6.8733209263e-01 3.1869394754e-01
   endloop
 endfacet
 facet normal  -3.2194907555e-01 -8.1627895136e-01 4.7962221208e-01
   outer loop
     vertex 1.2684388108e+00 -6.8733209263e-01 3.1869394754e-01
     vertex 2.0956258739e+00 -9.3425897108e-01 4.5369790529e-01
     vertex 2.0956258739e+00 -7.1401197697e-01 8.2854081471e-01
   endloop
 endfacet
 facet normal  -3.3092444032e-01 -8.0349840011e-01 4.9485284260e-01
   outer loop
     vertex 1.2684388108e+00 -6.8733209263e-01 3.1869394754e-01
     vertex 2.0956258739e+00 -7.1401197697e-01 8.2854081471e-01
     vertex 1.2684388108e+00 -5.2311766146e-01 5.8533085727e-01
   endloop
 endfacet
 facet normal  -3.5011373892e-01 -5.8001234785e-01 7.3553113201e-01
   outer loop
     vertex 1.2684388108e+00 -5.2311766146e-01 5.8533085727e-01
     vertex 2.0956258739e+00 -7.1401197697e-01 8.2854081471e-01
     vertex 2.0956258739e+00 -3.9066546283e-01 1.0835197852e+00
   endloop
 endfacet
 facet normal  -3.5554630071e-01 -5.6888282201e-01 7.4159231582e-01
   outer loop
     vertex 1.2684388108e+00 -5.2311766146e-01 5.8533085727e-01
     vertex 2.0956258739e+00 -3.9066546283e-01 1.0835197852e+00
     vertex 1.2684388108e+00 -2.8445410226e-01 7.6841204105e-01
   endloop
 endfacet
 facet normal  -3.7172309669e-01 -2.1740685369e-01 9.0252767235e-01
   outer loop
     vertex 1.2684388108e+00 -2.8445410226e-01 7.6841204105e-01
     vertex 2.0956258739e+00 -3.9066546283e-01 1.0835197852e+00
     vertex 2.0956258739e+00 -4.2632564146e-17 1.1776258739e+00
   endloop
 endfacet
 facet normal  -3.7231436071e-01 -2.1586817184e-01 9.0265328294e-01
   outer loop
     vertex 1.2684388108e+00 -2.8445410226e-01 7.6841204105e-01
     vertex 2.0956258739e+00 -4.2632564146e-17 1.1776258739e+00
     vertex 1.2684388108e+00 -6.3948846218e-17 8.3643881079e-01
   endloop
 endfacet
 facet normal  -3.7231436071e-01 2.1586817184e-01 9.0265328294e-01
   outer loop
     vertex 1.2684388108e+00 -6.3948846218e-17 8.3643881079e-01
     vertex 2.0956258739e+00 -4.2632564146e-17 1.1776258739e+00
     vertex 1.2684388108e+00 2.8445410226e-01 7.6841204105e-01
   endloop
 endfacet
 facet normal  -3.7172309669e-01 2.1740685369e-01 9.0252767235e-01
   outer loop
     vertex 2.0956258739e+00 -4.2632564146e-17 1.1776258739e+00
     vertex 2.0956258739e+00 3.9066546283e-01 1.0835197852e+00
     vertex 1.2684388108e+00 2.8445410226e-01 7.6841204105e-01
   endloop
 endfacet
 facet normal  -3.5554630071e-01 5.6888282201e-01 7.4159231582e-01
   outer loop
     vertex 1.2684388108e+00 2.8445410226e-01 7.6841204105e-01
     vertex 2.0956258739e+00 3.9066546283e-01 1.0835197852e+00
     vertex 1.2684388108e+00 5.2311766146e-01 5.8533085727e-01
   endloop
 endfacet
 facet normal  -3.5011373892e-01 5.8001234785e-01 7.3553113201e-01
   outer loop
     vertex 2.0956258739e+00 3.9066546283e-01 1.0835197852e+00
     vertex 2.0956258739e+00 7.1401197697e-01 8.2854081471e-01
     vertex 1.2684388108e+00 5.2311766146e-01 5.8533085727e-01
   endloop
 endfacet
 facet normal  -3.3092444032e-01 8.0349840011e-01 4.9485284260e-01
   outer loop
     vertex 1.2684388108e+00 5.2311766146e-01 5.8533085727e-01
     vertex 2.0956258739e+00 7.1401197697e-01 8.2854081471e-01
     vertex 1.2684388108e+00 6.8733209263e-01 3.1869394754e-01
   endloop
 endfacet
 facet normal  -3.2194907555e-01 8.1627895136e-01 4.7962221208e-01
   outer loop
     vertex 2.0956258739e+00 7.1401197697e-01 8.2854081471e-01
     vertex 2.0956258739e+00 9.3425897108e-01 4.5369790529e-01
     vertex 1.2684388108e+00 6.8733209263e-01 3.1869394754e-01
   endloop
 endfacet
 facet normal  -3.0814570166e-01 9.3431924217e-01 1.7914737021e-01
   outer loop
     vertex 1.2684388108e+00 6.8733209263e-01 3.1869394754e-01
     vertex 2.0956258739e+00 9.3425897108e-01 4.5369790529e-01
     vertex 1.2684388108e+00 7.4843881079e-01 0.0000000000e+00
   endloop
 endfacet
 facet normal  -3.0298950241e-01 9.3802818803e-01 1.6822746477e-01
   outer loop
     vertex 2.0956258739e+00 9.3425897108e-01 4.5369790529e-01
     vertex 2.0956258739e+00 1.0156258739e+00 0.0000000000e+00
     vertex 1.2684388108e+00 7.4843881079e-01 0.0000000000e+00
   endloop
 endfacet
 facet normal  -1.9594650821e-01 9.6651464989e-01 -1.6569368567e-01
   outer loop
     vertex 2.0956258739e+00 1.0156258739e+00 0.0000000000e+00
     vertex 2.9485419580e+00 1.1885419580e+00 0.0000000000e+00
     vertex 2.9485419580e+00 1.0945782498e+00 -5.4810356907e-01
   endloop
 endfacet
 facet normal  -2.0040342091e-01 9.6432815595e-01 -1.7294414278e-01
   outer loop
     vertex 2.0956258739e+00 1.0156258739e+00 0.0000000000e+00
     vertex 2.9485419580e+00 1.0945782498e+00 -5.4810356907e-01
     vertex 2.0956258739e+00 9.3425897108e-01 -4.5369790529e-01
   endloop
 endfacet
 facet normal  -2.1310059497e-01 8.4913352633e-01 -4.8328086129e-01
   outer loop
     vertex 2.0956258739e+00 9.3425897108e-01 -4.5369790529e-01
     vertex 2.9485419580e+00 1.0945782498e+00 -5.4810356907e-01
     vertex 2.9485419580e+00 8.3892690638e-01 -9.9728776844e-01
   endloop
 endfacet
 facet normal  -2.2090499573e-01 8.4088426167e-01 -4.9407959009e-01
   outer loop
     vertex 2.0956258739e+00 9.3425897108e-01 -4.5369790529e-01
     vertex 2.9485419580e+00 8.3892690638e-01 -9.9728776844e-01
     vertex 2.0956258739e+00 7.1401197697e-01 -8.2854081471e-01
   endloop
 endfacet
 facet normal  -2.3884466283e-01 6.0819190493e-01 -7.5700451374e-01
   outer loop
     vertex 2.0956258739e+00 7.1401197697e-01 -8.2854081471e-01
     vertex 2.9485419580e+00 8.3892690638e-01 -9.9728776844e-01
     vertex 2.9485419580e+00 4.6094759926e-01 -1.3009635731e+00
   endloop
 endfacet
 facet normal  -2.4364147610e-01 6.0054400320e-01 -7.6156794270e-01
   outer loop
     vertex 2.0956258739e+00 7.1401197697e-01 -8.2854081471e-01
     vertex 2.9485419580e+00 4.6094759926e-01 -1.3009635731e+00
     vertex 2.0956258739e+00 3.9066546283e-01 -1.0835197852e+00
   endloop
 endfacet
 facet normal  -2.5811853205e-01 2.2729596854e-01 -9.3899487011e-01
   outer loop
     vertex 2.0956258739e+00 3.9066546283e-01 -1.0835197852e+00
     vertex 2.9485419580e+00 4.6094759926e-01 -1.3009635731e+00
     vertex 2.9485419580e+00 -1.0658141036e-17 -1.4125419580e+00
   endloop
 endfacet
 facet normal  -2.5865547699e-01 2.2621840438e-01 -9.3910733026e-01
   outer loop
     vertex 2.0956258739e+00 3.9066546283e-01 -1.0835197852e+00
     vertex 2.9485419580e+00 -1.0658141036e-17 -1.4125419580e+00
     vertex 2.0956258739e+00 -3.1974423109e-17 -1.1776258739e+00
   endloop
 endfacet
 facet normal  -2.5865547699e-01 -2.2621840438e-01 -9.3910733026e-01
   outer loop
     vertex 2.0956258739e+00 -3.1974423109e-17 -1.1776258739e+00
     vertex 2.9485419580e+00 -1.0658141036e-17 -1.4125419580e+00
     vertex 2.0956258739e+00 -3.9066546283e-01 -1.0835197852e+00
   endloop
 endfacet
 facet normal  -2.5811853205e-01 -2.2729596854e-01 -9.3899487011e-01
   outer loop
     vertex 2.9485419580e+00 -1.0658141036e-17 -1.4125419580e+00
     vertex 2.9485419580e+00 -4.6094759926e-01 -1.3009635731e+00
     vertex 2.0956258739e+00 -3.9066546283e-01 -1.0835197852e+00
   endloop
 endfacet
 facet normal  -2.4364147610e-01 -6.0054400320e-01 -7.6156794270e-01
   outer loop
     vertex 2.0956258739e+00 -3.9066546283e-01 -1.0835197852e+00
     vertex 2.9485419580e+00 -4.6094759926e-01 -1.3009635731e+00
     vertex 2.0956258739e+00 -7.1401197697e-01 -8.2854081471e-01
   endloop
 endfacet
 facet normal  -2.3884466283e-01 -6.0819190493e-01 -7.5700451374e-01
   outer loop
     vertex 2.9485419580e+00 -4.6094759926e-01 -1.3009635731e+00
     vertex 2.9485419580e+00 -8.3892690638e-01 -9.9728776844e-01
     vertex 2.0956258739e+00 -7.1401197697e-01 -8.2854081471e-01
   endloop
 endfacet
 facet normal  -2.2090499573e-01 -8.4088426167e-01 -4.9407959009e-01
   outer loop
     vertex 2.0956258739e+00 -7.1401197697e-01 -8.2854081471e-01
     vertex 2.9485419580e+00 -8.3892690638e-01 -9.9728776844e-01
     vertex 2.0956258739e+00 -9.3425897108e-01 -4.5369790529e-01
   endloop
 endfacet
 facet normal  -2.1310059497e-01 -8.4913352633e-01 -4.8328086129e-01
   outer loop
     vertex 2.9485419580e+00 -8.3892690638e-01 -9.9728776844e-01
     vertex 2.9485419580e+00 -1.0945782498e+00 -5.4810356907e-01
     vertex 2.0956258739e+00 -9.3425897108e-01 -4.5369790529e-01
   endloop
 endfacet
 facet normal  -2.0040342091e-01 -9.6432815595e-01 -1.7294414278e-01
   outer loop
     vertex 2.0956258739e+00 -9.3425897108e-01 -4.5369790529e-01
     vertex 2.9485419580e+00 -1.0945782498e+00 -5.4810356907e-01
     vertex 2.0956258739e+00 -1.0156258739e+00 -2.1316282073e-17
   endloop
 endfacet
 facet normal  -1.9594650821e-01 -9.6651464989e-01 -1.6569368567e-01
   outer loop
     vertex 2.9485419580e+00 -1.0945782498e+00 -5.4810356907e-01
     vertex 2.9485419580e+00 -1.1885419580e+00 -7.1054273576e-18
     vertex 2.0956258739e+00 -1.0156258739e+00 -2.1316282073e-17
   endloop
 endfacet
 facet normal  -1.9594650821e-01 -9.6651464989e-01 1.6569368567e-01
   outer loop
     vertex 2.0956258739e+00 -1.0156258739e+00 -2.1316282073e-17
     vertex 2.9485419580e+00 -1.1885419580e+00 -7.1054273576e-18
     vertex 2.9485419580e+00 -1.0945782498e+00 5.4810356907e-01
   endloop
 endfacet
 facet normal  -2.0040342091e-01 -9.6432815595e-01 1.7294414278e-01
   outer loop
     vertex 2.0956258739e+00 -1.0156258739e+00 -2.1316282073e-17
     vertex 2.9485419580e+00 -1.0945782498e+00 5.4810356907e-01
     vertex 2.0956258739e+00 -9.3425897108e-01 4.5369790529e-01
   endloop
 endfacet
 facet normal  -2.1310059497e-01 -8.4913352633e-01 4.8328086129e-01
   outer loop
     vertex 2.0956258739e+00 -9.3425897108e-01 4.5369790529e-01
     vertex 2.9485419580e+00 -1.0945782498e+00 5.4810356907e-01
     vertex 2.9485419580e+00 -8.3892690638e-01 9.9728776844e-01
   endloop
 endfacet
 facet normal  -2.2090499573e-01 -8.4088426167e-01 4.9407959009e-01
   outer loop
     vertex 2.0956258739e+00 -9.3425897108e-01 4.5369790529e-01
     vertex 2.9485419580e+00 -8.3892690638e-01 9.9728776844e-01
     vertex 2.0956258739e+00 -7.1401197697e-01 8.2854081471e-01
   endloop
 endfacet
 facet normal  -2.3884466283e-01 -6.0819190493e-01 7.5700451374e-01
   outer loop
     vertex 2.0956258739e+00 -7.1401197697e-01 8.2854081471e-01
     vertex 2.9485419580e+00 -8.3892690638e-01 9.9728776844e-01
     vertex 2.9485419580e+00 -4.6094759926e-01 1.3009635731e+00
   endloop
 endfacet
 facet normal  -2.4364147610e-01 -6.0054400320e-01 7.6156794270e-01
   outer loop
     vertex 2.0956258739e+00 -7.1401197697e-01 8.2854081471e-01
     vertex 2.9485419580e+00 -4.6094759926e-01 1.3009635731e+00
     vertex 2.0956258739e+00 -3.9066546283e-01 1.0835197852e+00
   endloop
 endfacet
 facet normal  -2.5811853205e-01 -2.2729596854e-01 9.3899487011e-01
   outer loop
     vertex 2.0956258739e+00 -3.9066546283e-01 1.0835197852e+00
     vertex 2.9485419580e+00 -4.6094759926e-01 1.3009635731e+00
     vertex 2.9485419580e+00 -1.4210854715e-17 1.4125419580e+00
   endloop
 endfacet
 facet normal  -2.5865547699e-01 -2.2621840438e-01 9.3910733026e-01
   outer loop
     vertex 2.0956258739e+00 -3.9066546283e-01 1.0835197852e+00
     vertex 2.9485419580e+00 -1.4210854715e-17 1.4125419580e+00
     vertex 2.0956258739e+00 -4.2632564146e-17 1.1776258739e+00
   endloop
 endfacet
 facet normal  -2.5865547699e-01 2.2621840438e-01 9.3910733026e-01
   outer loop
     vertex 2.0956258739e+00 -4.2632564146e-17 1.1776258739e+00
     vertex 2.9485419580e+00 -1.4210854715e-17 1.4125419580e+00
     vertex 2.0956258739e+00 3.9066546283e-01 1.0835197852e+00
   endloop
 endfacet
 facet normal  -2.5811853205e-01 2.2729596854e-01 9.3899487011e-01
   outer loop
     vertex 2.9485419580e+00 -1.4210854715e-17 1.4125419580e+00
     vertex 2.9485419580e+00 4.6094759926e-01 1.3009635731e+00
     vertex 2.0956258739e+00 3.9066546283e-01 1.0835197852e+00
   endloop
 endfacet
 facet normal  -2.4364147610e-01 6.0054400320e-01 7.6156794270e-01
   outer loop
     vertex 2.0956258739e+00 3.9066546283e-01 1.0835197852e+00
     vertex 2.9485419580e+00 4.6094759926e-01 1.3009635731e+00
     vertex 2.0956258739e+00 7.1401197697e-01 8.2854081471e-01
   endloop
 endfacet
 facet normal  -2.3884466283e-01 6.0819190493e-01 7.5700451374e-01
   outer loop
     vertex 2.9485419580e+00 4.6094759926e-01 1.3009635731e+00
     vertex 2.9485419580e+00 8.3892690638e-01 9.9728776844e-01
     vertex 2.0956258739e+00 7.1401197697e-01 8.2854081471e-01
   endloop
 endfacet
 facet normal  -2.2090499573e-01 8.4088426167e-01 4.9407959009e-01
   outer loop
     vertex 2.0956258739e+00 7.1401197697e-01 8.2854081471e-01
     vertex 2.9485419580e+00 8.3892690638e-01 9.9728776844e-01
     vertex 2.0956258739e+00 9.3425897108e-01 4.5369790529e-01
   endloop
 endfacet
 facet normal  -2.1310059497e-01 8.4913352633e-01 4.8328086129e-01
   outer loop
     vertex 2.9485419580e+00 8.3892690638e-01 9.9728776844e-01
     vertex 2.9485419580e+00 1.0945782498e+00 5.4810356907e-01
     vertex 2.0956258739e+00 9.3425897108e-01 4.5369790529e-01
   endloop
 endfacet
 facet normal  -2.0040342091e-01 9.6432815595e-01 1.7294414278e-01
   outer loop
     vertex 2.0956258739e+00 9.3425897108e-01 4.5369790529e-01
     vertex 2.9485419580e+00 1.0945782498e+00 5.4810356907e-01
     vertex 2.0956258739e+00 1.0156258739e+00 0.0000000000e+00
   endloop
 endfacet
 facet normal  -1.9594650821e-01 9.6651464989e-01 1.6569368567e-01
   outer loop
     vertex 2.9485419580e+00 1.0945782498e+00 5.4810356907e-01
     vertex 2.9485419580e+00 1.1885419580e+00 0.0000000000e+00
     vertex 2.0956258739e+00 1.0156258739e+00 0.0000000000e+00
   endloop
 endfacet
 facet normal  -7.5402548931e-02 9.8330466149e-01 -1.6560917336e-01
   outer loop
     vertex 2.9485419580e+00 1.1885419580e+00 0.0000000000e+00
     vertex 3.7500000000e+00 1.2500000000e+00 0.0000000000e+00
     vertex 3.7500000000e+00 1.1517038129e+00 -5.8363372644e-01
   endloop
 endfacet
 facet normal  -7.7509027197e-02 9.8265623389e-01 -1.6846090554e-01
   outer loop
     vertex 2.9485419580e+00 1.1885419580e+00 0.0000000000e+00
     vertex 3.7500000000e+00 1.1517038129e+00 -5.8363372644e-01
     vertex 2.9485419580e+00 1.0945782498e+00 -5.4810356907e-01
   endloop
 endfacet
 facet normal  -8.3562974821e-02 8.6869588153e-01 -4.8824655109e-01
   outer loop
     vertex 2.9485419580e+00 1.0945782498e+00 -5.4810356907e-01
     vertex 3.7500000000e+00 1.1517038129e+00 -5.8363372644e-01
     vertex 3.7500000000e+00 8.8371016773e-01 -1.0604522013e+00
   endloop
 endfacet
 facet normal  -8.7212860030e-02 8.6578492356e-01 -4.9275793568e-01
   outer loop
     vertex 2.9485419580e+00 1.0945782498e+00 -5.4810356907e-01
     vertex 3.7500000000e+00 8.8371016773e-01 -1.0604522013e+00
     vertex 2.9485419580e+00 8.3892690638e-01 -9.9728776844e-01
   endloop
 endfacet
 facet normal  -9.5969643797e-02 6.2621062875e-01 -7.7372480632e-01
   outer loop
     vertex 2.9485419580e+00 8.3892690638e-01 -9.9728776844e-01
     vertex 3.7500000000e+00 8.8371016773e-01 -1.0604522013e+00
     vertex 3.7500000000e+00 4.8636143870e-01 -1.3820445755e+00
   endloop
 endfacet
 facet normal  -9.8248957620e-02 6.2328874709e-01 -7.7579525654e-01
   outer loop
     vertex 2.9485419580e+00 8.3892690638e-01 -9.9728776844e-01
     vertex 3.7500000000e+00 4.8636143870e-01 -1.3820445755e+00
     vertex 2.9485419580e+00 4.6094759926e-01 -1.3009635731e+00
   endloop
 endfacet
 facet normal  -1.0520340685e-01 2.3438574280e-01 -9.6643446066e-01
   outer loop
     vertex 2.9485419580e+00 4.6094759926e-01 -1.3009635731e+00
     vertex 3.7500000000e+00 4.8636143870e-01 -1.3820445755e+00
     vertex 3.7500000000e+00 0.0000000000e+00 -1.5000000000e+00
   endloop
 endfacet
 facet normal  -1.0546907004e-01 2.3395626023e-01 -9.6650956724e-01
   outer loop
     vertex 2.9485419580e+00 4.6094759926e-01 -1.3009635731e+00
     vertex 3.7500000000e+00 0.0000000000e+00 -1.5000000000e+00
     vertex 2.9485419580e+00 -1.0658141036e-17 -1.4125419580e+00
   endloop
 endfacet
 facet normal  -1.0546907004e-01 -2.3395626023e-01 -9.6650956724e-01
   outer loop
     vertex 2.9485419580e+00 -1.0658141036e-17 -1.4125419580e+00
     vertex 3.7500000000e+00 0.0000000000e+00 -1.5000000000e+00
     vertex 2.9485419580e+00 -4.6094759926e-01 -1.3009635731e+00
   endloop
 endfacet
 facet normal  -1.0520340685e-01 -2.3438574280e-01 -9.6643446066e-01
   outer loop
     vertex 3.7500000000e+00 0.0000000000e+00 -1.5000000000e+00
     vertex 3.7500000000e+00 -4.8636143870e-01 -1.3820445755e+00
     vertex 2.9485419580e+00 -4.6094759926e-01 -1.3009635731e+00
   endloop
 endfacet
 facet normal  -9.8248957620e-02 -6.2328874709e-01 -7.7579525654e-01
   outer loop
     vertex 2.9485419580e+00 -4.6094759926e-01 -1.3009635731e+00
     vertex 3.7500000000e+00 -4.8636143870e-01 -1.3820445755e+00
     vertex 2.9485419580e+00 -8.3892690638e-01 -9.9728776844e-01
   endloop
 endfacet
 facet normal  -9.5969643797e-02 -6.2621062875e-01 -7.7372480632e-01
   outer loop
     vertex 3.7500000000e+00 -4.8636143870e-01 -1.3820445755e+00
     vertex 3.7500000000e+00 -8.8371016773e-01 -1.0604522013e+00
     vertex 2.9485419580e+00 -8.3892690638e-01 -9.9728776844e-01
   endloop
 endfacet
 facet normal  -8.7212860030e-02 -8.6578492356e-01 -4.9275793568e-01
   outer loop
     vertex 2.9485419580e+00 -8.3892690638e-01 -9.9728776844e-01
     vertex 3.7500000000e+00 -8.8371016773e-01 -1.0604522013e+00
     vertex 2.9485419580e+00 -1.0945782498e+00 -5.4810356907e-01
   endloop
 endfacet
 facet normal  -8.3562974821e-02 -8.6869588153e-01 -4.8824655109e-01
   outer loop
     vertex 3.7500000000e+00 -8.8371016773e-01 -1.0604522013e+00
     vertex 3.7500000000e+00 -1.1517038129e+00 -5.8363372644e-01
     vertex 2.9485419580e+00 -1.0945782498e+00 -5.4810356907e-01
   endloop
 endfacet
 facet normal  -7.7509027197e-02 -9.8265623389e-01 -1.6846090554e-01
   outer loop
     vertex 2.9485419580e+00 -1.0945782498e+00 -5.4810356907e-01
     vertex 3.7500000000e+00 -1.1517038129e+00 -5.8363372644e-01
     vertex 2.9485419580e+00 -1.1885419580e+00 -7.1054273576e-18
   endloop
 endfacet
 facet normal  -7.5402548931e-02 -9.8330466149e-01 -1.6560917336e-01
   outer loop
     vertex 3.7500000000e+00 -1.1517038129e+00 -5.8363372644e-01
     vertex 3.7500000000e+00 -1.2500000000e+00 0.0000000000e+00
     vertex 2.9485419580e+00 -1.1885419580e+00 -7.1054273576e-18
   endloop
 endfacet
 facet normal  -7.5402548931e-02 -9.8330466149e-01 1.6560917336e-01
   outer loop
     vertex 2.9485419580e+00 -1.1885419580e+00 -7.1054273576e-18
     vertex 3.7500000000e+00 -1.2500000000e+00 0.0000000000e+00
     vertex 3.7500000000e+00 -1.1517038129e+00 5.8363372644e-01
   endloop
 endfacet
 facet normal  -7.7509027197e-02 -9.8265623389e-01 1.6846090554e-01
   outer loop
     vertex 2.9485419580e+00 -1.1885419580e+00 -7.1054273576e-18
     vertex 3.7500000000e+00 -1.1517038129e+00 5.8363372644e-01
     vertex 2.9485419580e+00 -1.0945782498e+00 5.4810356907e-01
   endloop
 endfacet
 facet normal  -8.3562974821e-02 -8.6869588153e-01 4.8824655109e-01
   outer loop
     vertex 2.9485419580e+00 -1.0945782498e+00 5.4810356907e-01
     vertex 3.7500000000e+00 -1.1517038129e+00 5.8363372644e-01
     vertex 3.7500000000e+00 -8.8371016773e-01 1.0604522013e+00
   endloop
 endfacet
 facet normal  -8.7212860030e-02 -8.6578492356e-01 4.9275793568e-01
   outer loop
     vertex 2.9485419580e+00 -1.0945782498e+00 5.4810356907e-01
     vertex 3.7500000000e+00 -8.8371016773e-01 1.0604522013e+00
     vertex 2.9485419580e+00 -8.3892690638e-01 9.9728776844e-01
   endloop
 endfacet
 facet normal  -9.5969643797e-02 -6.2621062875e-01 7.7372480632e-01
   outer loop
     vertex 2.9485419580e+00 -8.3892690638e-01 9.9728776844e-01
     vertex 3.7500000000e+00 -8.8371016773e-01 1.0604522013e+00
     vertex 3.7500000000e+00 -4.8636143870e-01 1.3820445755e+00
   endloop
 endfacet
 facet normal  -9.8248957620e-02 -6.2328874709e-01 7.7579525654e-01
   outer loop
     vertex 2.9485419580e+00 -8.3892690638e-01 9.9728776844e-01
     vertex 3.7500000000e+00 -4.8636143870e-01 1.3820445755e+00
     vertex 2.9485419580e+00 -4.6094759926e-01 1.3009635731e+00
   endloop
 endfacet
 facet normal  -1.0520340685e-01 -2.3438574280e-01 9.6643446066e-01
   outer loop
     vertex 2.9485419580e+00 -4.6094759926e-01 1.3009635731e+00
     vertex 3.7500000000e+00 -4.8636143870e-01 1.3820445755e+00
     vertex 3.7500000000e+00 0.0000000000e+00 1.5000000000e+00
   endloop
 endfacet
 facet normal  -1.0546907004e-01 -2.3395626023e-01 9.6650956724e-01
   outer loop
     vertex 2.9485419580e+00 -4.6094759926e-01 1.3009635731e+00
     vertex 3.7500000000e+00 0.0000000000e+00 1.5000000000e+00
     vertex 2.9485419580e+00 -1.4210854715e-17 1.4125419580e+00
   endloop
 endfacet
 facet normal  -1.0546907004e-01 2.3395626023e-01 9.6650956724e-01
   outer loop
     vertex 2.9485419580e+00 -1.4210854715e-17 1.4125419580e+00
     vertex 3.7500000000e+00 0.0000000000e+00 1.5000000000e+00
     vertex 2.9485419580e+00 4.6094759926e-01 1.3009635731e+00
   endloop
 endfacet
 facet normal  -1.0520340685e-01 2.3438574280e-01 9.6643446066e-01
   outer loop
     vertex 3.7500000000e+00 0.0000000000e+00 1.5000000000e+00
     vertex 3.7500000000e+00 4.8636143870e-01 1.3820445755e+00
     vertex 2.9485419580e+00 4.6094759926e-01 1.3009635731e+00
   endloop
 endfacet
 facet normal  -9.8248957620e-02 6.2328874709e-01 7.7579525654e-01
   outer loop
     vertex 2.9485419580e+00 4.6094759926e-01 1.3009635731e+00
     vertex 3.7500000000e+00 4.8636143870e-01 1.3820445755e+00
     vertex 2.9485419580e+00 8.3892690638e-01 9.9728776844e-01
   endloop
 endfacet
 facet normal  -9.5969643797e-02 6.2621062875e-01 7.7372480632e-01
   outer loop
     vertex 3.7500000000e+00 4.8636143870e-01 1.3820445755e+00
     vertex 3.7500000000e+00 8.8371016773e-01 1.0604522013e+00
     vertex 2.9485419580e+00 8.3892690638e-01 9.9728776844e-01
   endloop
 endfacet
 facet normal  -8.7212860030e-02 8.6578492356e-01 4.9275793568e-01
   outer loop
     vertex 2.9485419580e+00 8.3892690638e-01 9.9728776844e-01
     vertex 3.7500000000e+00 8.8371016773e-01 1.0604522013e+00
     vertex 2.9485419580e+00 1.0945782498e+00 5.4810356907e-01
   endloop
 endfacet
 facet normal  -8.3562974821e-02 8.6869588153e-01 4.8824655109e-01
   outer loop
     vertex 3.7500000000e+00 8.8371016773e-01 1.0604522013e+00
     vertex 3.7500000000e+00 1.1517038129e+00 5.8363372644e-01
     vertex 2.9485419580e+00 1.0945782498e+00 5.4810356907e-01
   endloop
 endfacet
 facet normal  -7.7509027197e-02 9.8265623389e-01 1.6846090554e-01
   outer loop
     vertex 2.9485419580e+00 1.0945782498e+00 5.4810356907e-01
     vertex 3.7500000000e+00 1.1517038129e+00 5.8363372644e-01
     vertex 2.9485419580e+00 1.1885419580e+00 0.0000000000e+00
   endloop
 endfacet
 facet normal  -7.5402548931e-02 9.8330466149e-01 1.6560917336e-01
   outer loop
     vertex 3.7500000000e+00 1.1517038129e+00 5.8363372644e-01
     vertex 3.7500000000e+00 1.2500000000e+00 0.0000000000e+00
     vertex 2.9485419580e+00 1.1885419580e+00 0.0000000000e+00
   endloop
 endfacet
 facet normal  0.0000000000e+00 9.8611194905e-01 -1.6608197960e-01
   outer loop
     vertex 3.7500000000e+00 1.2500000000e+00 0.0000000000e+00
     vertex 4.5000000000e+00 1.2500000000e+00 0.0000000000e+00
     vertex 4.5000000000e+00 1.1517038129e+00 -5.8363372644e-01
   endloop
 endfacet
 facet normal  0.0000000000e+00 9.8611194905e-01 -1.6608197960e-01
   outer loop
     vertex 3.7500000000e+00 1.2500000000e+00 0.0000000000e+00
     vertex 4.5000000000e+00 1.1517038129e+00 -5.8363372644e-01
     vertex 3.7500000000e+00 1.1517038129e+00 -5.8363372644e-01
   endloop
 endfacet
 facet normal  0.0000000000e+00 8.7174481044e-01 -4.8996018764e-01
   outer loop
     vertex 3.7500000000e+00 1.1517038129e+00 -5.8363372644e-01
     vertex 4.5000000000e+00 1.1517038129e+00 -5.8363372644e-01
     vertex 4.5000000000e+00 8.8371016773e-01 -1.0604522013e+00
   endloop
 endfacet
 facet normal  0.0000000000e+00 8.7174481044e-01 -4.8996018764e-01
   outer loop
     vertex 3.7500000000e+00 1.1517038129e+00 -5.8363372644e-01
     vertex 4.5000000000e+00 8.8371016773e-01 -1.0604522013e+00
     vertex 3.7500000000e+00 8.8371016773e-01 -1.0604522013e+00
   endloop
 endfacet
 facet normal  0.0000000000e+00 6.2911445675e-01 -7.7731267860e-01
   outer loop
     vertex 3.7500000000e+00 8.8371016773e-01 -1.0604522013e+00
     vertex 4.5000000000e+00 8.8371016773e-01 -1.0604522013e+00
     vertex 4.5000000000e+00 4.8636143870e-01 -1.3820445755e+00
   endloop
 endfacet
 facet normal  0.0000000000e+00 6.2911445675e-01 -7.7731267860e-01
   outer loop
     vertex 3.7500000000e+00 8.8371016773e-01 -1.0604522013e+00
     vertex 4.5000000000e+00 4.8636143870e-01 -1.3820445755e+00
     vertex 3.7500000000e+00 4.8636143870e-01 -1.3820445755e+00
   endloop
 endfacet
 facet normal  0.0000000000e+00 2.3569367195e-01 -9.7182739877e-01
   outer loop
     vertex 3.7500000000e+00 4.8636143870e-01 -1.3820445755e+00
     vertex 4.5000000000e+00 4.8636143870e-01 -1.3820445755e+00
     vertex 4.5000000000e+00 0.0000000000e+00 -1.5000000000e+00
   endloop
 endfacet
 facet normal  0.0000000000e+00 2.3569367195e-01 -9.7182739877e-01
   outer loop
     vertex 3.7500000000e+00 4.8636143870e-01 -1.3820445755e+00
     vertex 4.5000000000e+00 0.0000000000e+00 -1.5000000000e+00
     vertex 3.7500000000e+00 0.0000000000e+00 -1.5000000000e+00
   endloop
 endfacet
 facet normal  -0.0000000000e+00 -2.3569367195e-01 -9.7182739877e-01
   outer loop
     vertex 3.7500000000e+00 0.0000000000e+00 -1.5000000000e+00
     vertex 4.5000000000e+00 0.0000000000e+00 -1.5000000000e+00
     vertex 3.7500000000e+00 -4.8636143870e-01 -1.3820445755e+00
   endloop
 endfacet
 facet normal  -0.0000000000e+00 -2.3569367195e-01 -9.7182739877e-01
   outer loop
     vertex 4.5000000000e+00 0.0000000000e+00 -1.5000000000e+00
     vertex 4.5000000000e+00 -4.8636143870e-01 -1.3820445755e+00
     vertex 3.7500000000e+00 -4.8636143870e-01 -1.3820445755e+00
   endloop
 endfacet
 facet normal  -0.0000000000e+00 -6.2911445675e-01 -7.7731267860e-01
   outer loop
     vertex 3.7500000000e+00 -4.8636143870e-01 -1.3820445755e+00
     vertex 4.5000000000e+00 -4.8636143870e-01 -1.3820445755e+00
     vertex 3.7500000000e+00 -8.8371016773e-01 -1.0604522013e+00
   endloop
 endfacet
 facet normal  -0.0000000000e+00 -6.2911445675e-01 -7.7731267860e-01
   outer loop
     vertex 4.5000000000e+00 -4.8636143870e-01 -1.3820445755e+00
     vertex 4.5000000000e+00 -8.8371016773e-01 -1.0604522013e+00
     vertex 3.7500000000e+00 -8.8371016773e-01 -1.0604522013e+00
   endloop
 endfacet
 facet normal  -0.0000000000e+00 -8.7174481044e-01 -4.8996018764e-01
   outer loop
     vertex 3.7500000000e+00 -8.8371016773e-01 -1.0604522013e+00
     vertex 4.5000000000e+00 -8.8371016773e-01 -1.0604522013e+00
     vertex 3.7500000000e+00 -1.1517038129e+00 -5.8363372644e-01
   endloop
 endfacet
 facet normal  -0.0000000000e+00 -8.7174481044e-01 -4.8996018764e-01
   outer loop
     vertex 4.5000000000e+00 -8.8371016773e-01 -1.0604522013e+00
     vertex 4.5000000000e+00 -1.1517038129e+00 -5.8363372644e-01
     vertex 3.7500000000e+00 -1.1517038129e+00 -5.8363372644e-01
   endloop
 endfacet
 facet normal  -0.0000000000e+00 -9.8611194905e-01 -1.6608197960e-01
   outer loop
     vertex 3.7500000000e+00 -1.1517038129e+00 -5.8363372644e-01
     vertex 4.5000000000e+00 -1.1517038129e+00 -5.8363372644e-01
     vertex 3.7500000000e+00 -1.2500000000e+00 0.0000000000e+00
   endloop
 endfacet
 facet normal  -0.0000000000e+00 -9.8611194905e-01 -1.6608197960e-01
   outer loop
     vertex 4.5000000000e+00 -1.1517038129e+00 -5.8363372644e-01
     vertex 4.5000000000e+00 -1.2500000000e+00 0.0000000000e+00
     vertex 3.7500000000e+00 -1.2500000000e+00 0.0000000000e+00
   endloop
 endfacet
 facet normal  0.0000000000e+00 -9.8611194905e-01 1.6608197960e-01
   outer loop
     vertex 3.7500000000e+00 -1.2500000000e+00 0.0000000000e+00
     vertex 4.5000000000e+00 -1.2500000000e+00 0.0000000000e+00
     vertex 4.5000000000e+00 -1.1517038129e+00 5.8363372644e-01
   endloop
 endfacet
 facet normal  0.0000000000e+00 -9.8611194905e-01 1.6608197960e-01
   outer loop
     vertex 3.7500000000e+00 -1.2500000000e+00 0.0000000000e+00
     vertex 4.5000000000e+00 -1.1517038129e+00 5.8363372644e-01
     vertex 3.7500000000e+00 -1.1517038129e+00 5.8363372644e-01
   endloop
 endfacet
 facet normal  0.0000000000e+00 -8.7174481044e-01 4.8996018764e-01
   outer loop
     vertex 3.7500000000e+00 -1.1517038129e+00 5.8363372644e-01
     vertex 4.5000000000e+00 -1.1517038129e+00 5.8363372644e-01
     vertex 4.5000000000e+00 -8.8371016773e-01 1.0604522013e+00
   endloop
 endfacet
 facet normal  0.0000000000e+00 -8.7174481044e-01 4.8996018764e-01
   outer loop
     vertex 3.7500000000e+00 -1.1517038129e+00 5.8363372644e-01
     vertex 4.5000000000e+00 -8.8371016773e-01 1.0604522013e+00
     vertex 3.7500000000e+00 -8.8371016773e-01 1.0604522013e+00
   endloop
 endfacet
 facet normal  0.0000000000e+00 -6.2911445675e-01 7.7731267860e-01
   outer loop
     vertex 3.7500000000e+00 -8.8371016773e-01 1.0604522013e+00
     vertex 4.5000000000e+00 -8.8371016773e-01 1.0604522013e+00
     vertex 4.5000000000e+00 -4.8636143870e-01 1.3820445755e+00
   endloop
 endfacet
 facet normal  0.0000000000e+00 -6.2911445675e-01 7.7731267860e-01
   outer loop
     vertex 3.7500000000e+00 -8.8371016773e-01 1.0604522013e+00
     vertex 4.5000000000e+00 -4.8636143870e-01 1.3820445755e+00
     vertex 3.7500000000e+00 -4.8636143870e-01 1.3820445755e+00
   endloop
 endfacet
 facet normal  0.0000000000e+00 -2.3569367195e-01 9.7182739877e-01
   outer loop
     vertex 3.7500000000e+00 -4.8636143870e-01 1.3820445755e+00
     vertex 4.5000000000e+00 -4.8636143870e-01 1.3820445755e+00
     vertex 4.5000000000e+00 0.0000000000e+00 1.5000000000e+00
   endloop
 endfacet
 facet normal  0.0000000000e+00 -2.3569367195e-01 9.7182739877e-01
   outer loop
     vertex 3.7500000000e+00 -4.8636143870e-01 1.3820445755e+00
     vertex 4.5000000000e+00 0.0000000000e+00 1.5000000000e+00
     vertex 3.7500000000e+00 0.0000000000e+00 1.5000000000e+00
   endloop
 endfacet
 facet normal  0.0000000000e+00 2.3569367195e-01 9.7182739877e-01
   outer loop
     vertex 3.7500000000e+00 0.0000000000e+00 1.5000000000e+00
     vertex 4.5000000000e+00 0.0000000000e+00 1.5000000000e+00
     vertex 3.7500000000e+00 4.8636143870e-01 1.3820445755e+00
   endloop
 endfacet
 facet normal  0.0000000000e+00 2.3569367195e-01 9.7182739877e-01
   outer loop
     vertex 4.5000000000e+00 0.0000000000e+00 1.5000000000e+00
     vertex 4.5000000000e+00 4.8636143870e-01 1.3820445755e+00
     vertex 3.7500000000e+00 4.8636143870e-01 1.3820445755e+00
   endloop
 endfacet
 facet normal  0.0000000000e+00 6.2911445675e-01 7.7731267860e-01
   outer loop
     vertex 3.7500000000e+00 4.8636143870e-01 1.3820445755e+00
     vertex 4.5000000000e+00 4.8636143870e-01 1.3820445755e+00
     vertex 3.7500000000e+00 8.8371016773e-01 1.0604522013e+00
   endloop
 endfacet
 facet normal  0.0000000000e+00 6.2911445675e-01 7.7731267860e-01
   outer loop
     vertex 4.5000000000e+00 4.8636143870e-01 1.3820445755e+00
     vertex 4.5000000000e+00 8.8371016773e-01 1.0604522013e+00
     vertex 3.7500000000e+00 8.8371016773e-01 1.0604522013e+00
   endloop
 endfacet
 facet normal  0.0000000000e+00 8.7174481044e-01 4.8996018764e-01
   outer loop
     vertex 3.7500000000e+00 8.8371016773e-01 1.0604522013e+00
     vertex 4.5000000000e+00 8.8371016773e-01 1.0604522013e+00
     vertex 3.7500000000e+00 1.1517038129e+00 5.8363372644e-01
   endloop
 endfacet
 facet normal  0.0000000000e+00 8.7174481044e-01 4.8996018764e-01
   outer loop
     vertex 4.5000000000e+00 8.8371016773e-01 1.0604522013e+00
     vertex 4.5000000000e+00 1.1517038129e+00 5.8363372644e-01
     vertex 3.7500000000e+00 1.1517038129e+00 5.8363372644e-01
   endloop
 endfacet
 facet normal  0.0000000000e+00 9.8611194905e-01 1.6608197960e-01
   outer loop
     vertex 3.7500000000e+00 1.1517038129e+00 5.8363372644e-01
     vertex 4.5000000000e+00 1.1517038129e+00 5.8363372644e-01
     vertex 3.7500000000e+00 1.2500000000e+00 0.0000000000e+00
   endloop
 endfacet
 facet normal  0.0000000000e+00 9.8611194905e-01 1.6608197960e-01
   outer loop
     vertex 4.5000000000e+00 1.1517038129e+00 5.8363372644e-01
     vertex 4.5000000000e+00 1.2500000000e+00 0.0000000000e+00
     vertex 3.7500000000e+00 1.2500000000e+00 0.0000000000e+00
   endloop
 endfacet
 facet normal  0.0000000000e+00 9.8611194905e-01 -1.6608197960e-01
   outer loop
     vertex 4.5000000000e+00 1.2500000000e+00 0.0000000000e+00
     vertex 5.2500000000e+00 1.2500000000e+00 0.0000000000e+00
     vertex 5.2500000000e+00 1.1517038129e+00 -5.8363372644e-01
   endloop
 endfacet
 facet normal  0.0000000000e+00 9.8611194905e-01 -1.6608197960e-01
   outer loop
     vertex 4.5000000000e+00 1.2500000000e+00 0.0000000000e+00
     vertex 5.2500000000e+00 1.1517038129e+00 -5.8363372644e-01
     vertex 4.5000000000e+00 1.1517038129e+00 -5.8363372644e-01
   endloop
 endfacet
 facet normal  0.0000000000e+00 8.7174481044e-01 -4.8996018764e-01
   outer loop
     vertex 4.5000000000e+00 1.1517038129e+00 -5.8363372644e-01
     vertex 5.2500000000e+00 1.1517038129e+00 -5.8363372644e-01
     vertex 5.2500000000e+00 8.8371016773e-01 -1.0604522013e+00
   endloop
 endfacet
 facet normal  0.0000000000e+00 8.7174481044e-01 -4.8996018764e-01
   outer loop
     vertex 4.5000000000e+00 1.1517038129e+00 -5.8363372644e-01
     vertex 5.2500000000e+00 8.8371016773e-01 -1.0604522013e+00
     vertex 4.5000000000e+00 8.8371016773e-01 -1.0604522013e+00
   endloop
 endfacet
 facet normal  0.0000000000e+00 6.2911445675e-01 -7.7731267860e-01
   outer loop
     vertex 4.5000000000e+00 8.8371016773e-01 -1.0604522013e+00
     vertex 5.2500000000e+00 8.8371016773e-01 -1.0604522013e+00
     vertex 5.2500000000e+00 4.8636143870e-01 -1.3820445755e+00
   endloop
 endfacet
 facet normal  0.0000000000e+00 6.2911445675e-01 -7.7731267860e-01
   outer loop
     vertex 4.5000000000e+00 8.8371016773e-01 -1.0604522013e+00
     vertex 5.2500000000e+00 4.8636143870e-01 -1.3820445755e+00
     vertex 4.5000000000e+00 4.8636143870e-01 -1.3820445755e+00
   endloop
 endfacet
 facet normal  0.0000000000e+00 2.3569367195e-01 -9.7182739877e-01
   outer loop
     vertex 4.5000000000e+00 4.8636143870e-01 -1.3820445755e+00
     vertex 5.2500000000e+00 4.8636143870e-01 -1.3820445755e+00
     vertex 5.2500000000e+00 0.0000000000e+00 -1.5000000000e+00
   endloop
 endfacet
 facet normal  0.0000000000e+00 2.3569367195e-01 -9.7182739877e-01
   outer loop
     vertex 4.5000000000e+00 4.8636143870e-01 -1.3820445755e+00
     vertex 5.2500000000e+00 0.0000000000e+00 -1.5000000000e+00
     vertex 4.5000000000e+00 0.0000000000e+00 -1.5000000000e+00
   endloop
 endfacet
 facet normal  -0.0000000000e+00 -2.3569367195e-01 -9.7182739877e-01
   outer loop
     vertex 4.5000000000e+00 0.0000000000e+00 -1.5000000000e+00
     vertex 5.2500000000e+00 0.0000000000e+00 -1.5000000000e+00
     vertex 4.5000000000e+00 -4.8636143870e-01 -1.3820445755e+00
   endloop
 endfacet
 facet normal  -0.0000000000e+00 -2.3569367195e-01 -9.7182739877e-01
   outer loop
     vertex 5.2500000000e+00 0.0000000000e+00 -1.5000000000e+00
     vertex 5.2500000000e+00 -4.8636143870e-01 -1.3820445755e+00
     vertex 4.5000000000e+00 -4.8636143870e-01 -1.3820445755e+00
   endloop
 endfacet
 facet normal  -0.0000000000e+00 -6.2911445675e-01 -7.7731267860e-01
   outer loop
     vertex 4.5000000000e+00 -4.8636143870e-01 -1.3820445755e+00
     vertex 5.2500000000e+00 -4.8636143870e-01 -1.3820445755e+00
     vertex 4.5000000000e+00 -8.8371016773e-01 -1.0604522013e+00
   endloop
 endfacet
 facet normal  9.3127647335e-17 -6.2911445675e-01 -7.7731267860e-01
   outer loop
     vertex 5.2500000000e+00 -4.8636143870e-01 -1.3820445755e+00
     vertex 5.2500000000e+00 -8.8371016773e-01 -1.0604522013e+00
     vertex 4.5000000000e+00 -8.8371016773e-01 -1.0604522013e+00
   endloop
 endfacet
 facet normal  1.2904415469e-16 -8.7174481044e-01 -4.8996018764e-01
   outer loop
     vertex 4.5000000000e+00 -8.8371016773e-01 -1.0604522013e+00
     vertex 5.2500000000e+00 -8.8371016773e-01 -1.0604522013e+00
     vertex 4.5000000000e+00 -1.1517038129e+00 -5.8363372644e-01
   endloop
 endfacet
 facet normal  -0.0000000000e+00 -8.7174481044e-01 -4.8996018764e-01
   outer loop
     vertex 5.2500000000e+00 -8.8371016773e-01 -1.0604522013e+00
     vertex 5.2500000000e+00 -1.1517038129e+00 -5.8363372644e-01
     vertex 4.5000000000e+00 -1.1517038129e+00 -5.8363372644e-01
   endloop
 endfacet
 facet normal  -0.0000000000e+00 -9.8611194905e-01 -1.6608197960e-01
   outer loop
     vertex 4.5000000000e+00 -1.1517038129e+00 -5.8363372644e-01
     vertex 5.2500000000e+00 -1.1517038129e+00 -5.8363372644e-01
     vertex 4.5000000000e+00 -1.2500000000e+00 0.0000000000e+00
   endloop
 endfacet
 facet normal  -0.0000000000e+00 -9.8611194905e-01 -1.6608197960e-01
   outer loop
     vertex 5.2500000000e+00 -1.1517038129e+00 -5.8363372644e-01
     vertex 5.2500000000e+00 -1.2500000000e+00 0.0000000000e+00
     vertex 4.5000000000e+00 -1.2500000000e+00 0.0000000000e+00
   endloop
 endfacet
 facet normal  0.0000000000e+00 -9.8611194905e-01 1.6608197960e-01
   outer loop
     vertex 4.5000000000e+00 -1.2500000000e+00 0.0000000000e+00
     vertex 5.2500000000e+00 -1.2500000000e+00 0.0000000000e+00
     vertex 5.2500000000e+00 -1.1517038129e+00 5.8363372644e-01
   endloop
 endfacet
 facet normal  0.0000000000e+00 -9.8611194905e-01 1.6608197960e-01
   outer loop
     vertex 4.5000000000e+00 -1.2500000000e+00 0.0000000000e+00
     vertex 5.2500000000e+00 -1.1517038129e+00 5.8363372644e-01
     vertex 4.5000000000e+00 -1.1517038129e+00 5.8363372644e-01
   endloop
 endfacet
 facet normal  0.0000000000e+00 -8.7174481044e-01 4.8996018764e-01
   outer loop
     vertex 4.5000000000e+00 -1.1517038129e+00 5.8363372644e-01
     vertex 5.2500000000e+00 -1.1517038129e+00 5.8363372644e-01
     vertex 5.2500000000e+00 -8.8371016773e-01 1.0604522013e+00
   endloop
 endfacet
 facet normal  1.2904415469e-16 -8.7174481044e-01 4.8996018764e-01
   outer loop
     vertex 4.5000000000e+00 -1.1517038129e+00 5.8363372644e-01
     vertex 5.2500000000e+00 -8.8371016773e-01 1.0604522013e+00
     vertex 4.5000000000e+00 -8.8371016773e-01 1.0604522013e+00
   endloop
 endfacet
 facet normal  9.3127647335e-17 -6.2911445675e-01 7.7731267860e-01
   outer loop
     vertex 4.5000000000e+00 -8.8371016773e-01 1.0604522013e+00
     vertex 5.2500000000e+00 -8.8371016773e-01 1.0604522013e+00
     vertex 5.2500000000e+00 -4.8636143870e-01 1.3820445755e+00
   endloop
 endfacet
 facet normal  0.0000000000e+00 -6.2911445675e-01 7.7731267860e-01
   outer loop
     vertex 4.5000000000e+00 -8.8371016773e-01 1.0604522013e+00
     vertex 5.2500000000e+00 -4.8636143870e-01 1.3820445755e+00
     vertex 4.5000000000e+00 -4.8636143870e-01 1.3820445755e+00
   endloop
 endfacet
 facet normal  0.0000000000e+00 -2.3569367195e-01 9.7182739877e-01
   outer loop
     vertex 4.5000000000e+00 -4.8636143870e-01 1.3820445755e+00
     vertex 5.2500000000e+00 -4.8636143870e-01 1.3820445755e+00
     vertex 5.2500000000e+00 0.0000000000e+00 1.5000000000e+00
   endloop
 endfacet
 facet normal  0.0000000000e+00 -2.3569367195e-01 9.7182739877e-01
   outer loop
     vertex 4.5000000000e+00 -4.8636143870e-01 1.3820445755e+00
     vertex 5.2500000000e+00 0.0000000000e+00 1.5000000000e+00
     vertex 4.5000000000e+00 0.0000000000e+00 1.5000000000e+00
   endloop
 endfacet
 facet normal  0.0000000000e+00 2.3569367195e-01 9.7182739877e-01
   outer loop
     vertex 4.5000000000e+00 0.0000000000e+00 1.5000000000e+00
     vertex 5.2500000000e+00 0.0000000000e+00 1.5000000000e+00
     vertex 4.5000000000e+00 4.8636143870e-01 1.3820445755e+00
   endloop
 endfacet
 facet normal  0.0000000000e+00 2.3569367195e-01 9.7182739877e-01
   outer loop
     vertex 5.2500000000e+00 0.0000000000e+00 1.5000000000e+00
     vertex 5.2500000000e+00 4.8636143870e-01 1.3820445755e+00
     vertex 4.5000000000e+00 4.8636143870e-01 1.3820445755e+00
   endloop
 endfacet
 facet normal  0.0000000000e+00 6.2911445675e-01 7.7731267860e-01
   outer loop
     vertex 4.5000000000e+00 4.8636143870e-01 1.3820445755e+00
     vertex 5.2500000000e+00 4.8636143870e-01 1.3820445755e+00
     vertex 4.5000000000e+00 8.8371016773e-01 1.0604522013e+00
   endloop
 endfacet
 facet normal  0.0000000000e+00 6.2911445675e-01 7.7731267860e-01
   outer loop
     vertex 5.2500000000e+00 4.8636143870e-01 1.3820445755e+00
     vertex 5.2500000000e+00 8.8371016773e-01 1.0604522013e+00
     vertex 4.5000000000e+00 8.8371016773e-01 1.0604522013e+00
   endloop
 endfacet
 facet normal  0.0000000000e+00 8.7174481044e-01 4.8996018764e-01
   outer loop
     vertex 4.5000000000e+00 8.8371016773e-01 1.0604522013e+00
     vertex 5.2500000000e+00 8.8371016773e-01 1.0604522013e+00
     vertex 4.5000000000e+00 1.1517038129e+00 5.8363372644e-01
   endloop
 endfacet
 facet normal  0.0000000000e+00 8.7174481044e-01 4.8996018764e-01
   outer loop
     vertex 5.2500000000e+00 8.8371016773e-01 1.0604522013e+00
     vertex 5.2500000000e+00 1.1517038129e+00 5.8363372644e-01
     vertex 4.5000000000e+00 1.1517038129e+00 5.8363372644e-01
   endloop
 endfacet
 facet normal  0.0000000000e+00 9.8611194905e-01 1.6608197960e-01
   outer loop
     vertex 4.5000000000e+00 1.1517038129e+00 5.8363372644e-01
     vertex 5.2500000000e+00 1.1517038129e+00 5.8363372644e-01
     vertex 4.5000000000e+00 1.2500000000e+00 0.0000000000e+00
   endloop
 endfacet
 facet normal  0.0000000000e+00 9.8611194905e-01 1.6608197960e-01
   outer loop
     vertex 5.2500000000e+00 1.1517038129e+00 5.8363372644e-01
     vertex 5.2500000000e+00 1.2500000000e+00 0.0000000000e+00
     vertex 4.5000000000e+00 1.2500000000e+00 0.0000000000e+00
   endloop
 endfacet
 facet normal  0.0000000000e+00 9.8611194905e-01 -1.6608197960e-01
   outer loop
     vertex 5.2500000000e+00 1.2500000000e+00 0.0000000000e+00
     vertex 6.0000000000e+00 1.2500000000e+00 0.0000000000e+00
     vertex 6.0000000000e+00 1.1517038129e+00 -5.8363372644e-01
   endloop
 endfacet
 facet normal  0.0000000000e+00 9.8611194905e-01 -1.6608197960e-01
   outer loop
     vertex 5.2500000000e+00 1.2500000000e+00 0.0000000000e+00
     vertex 6.0000000000e+00 1.1517038129e+00 -5.8363372644e-01
     vertex 5.2500000000e+00 1.1517038129e+00 -5.8363372644e-01
   endloop
 endfacet
 facet normal  0.0000000000e+00 8.7174481044e-01 -4.8996018764e-01
   outer loop
     vertex 5.2500000000e+00 1.1517038129e+00 -5.8363372644e-01
     vertex 6.0000000000e+00 1.1517038129e+00 -5.8363372644e-01
     vertex 6.0000000000e+00 8.8371016773e-01 -1.0604522013e+00
   endloop
 endfacet
 facet normal  0.0000000000e+00 8.7174481044e-01 -4.8996018764e-01
   outer loop
     vertex 5.2500000000e+00 1.1517038129e+00 -5.8363372644e-01
     vertex 6.0000000000e+00 8.8371016773e-01 -1.0604522013e+00
     vertex 5.2500000000e+00 8.8371016773e-01 -1.0604522013e+00
   endloop
 endfacet
 facet normal  0.0000000000e+00 6.2911445675e-01 -7.7731267860e-01
   outer loop
     vertex 5.2500000000e+00 8.8371016773e-01 -1.0604522013e+00
     vertex 6.0000000000e+00 8.8371016773e-01 -1.0604522013e+00
     vertex 6.0000000000e+00 4.8636143870e-01 -1.3820445755e+00
   endloop
 endfacet
 facet normal  0.0000000000e+00 6.2911445675e-01 -7.7731267860e-01
   outer loop
     vertex 5.2500000000e+00 8.8371016773e-01 -1.0604522013e+00
     vertex 6.0000000000e+00 4.8636143870e-01 -1.3820445755e+00
     vertex 5.2500000000e+00 4.8636143870e-01 -1.3820445755e+00
   endloop
 endfacet
 facet normal  0.0000000000e+00 2.3569367195e-01 -9.7182739877e-01
   outer loop
     vertex 5.2500000000e+00 4.8636143870e-01 -1.3820445755e+00
     vertex 6.0000000000e+00 4.8636143870e-01 -1.3820445755e+00
     vertex 6.0000000000e+00 0.0000000000e+00 -1.5000000000e+00
   endloop
 endfacet
 facet normal  0.0000000000e+00 2.3569367195e-01 -9.7182739877e-01
   outer loop
     vertex 5.2500000000e+00 4.8636143870e-01 -1.3820445755e+00
     vertex 6.0000000000e+00 0.0000000000e+00 -1.5000000000e+00
     vertex 5.2500000000e+00 0.0000000000e+00 -1.5000000000e+00
   endloop
 endfacet
 facet normal  -0.0000000000e+00 -2.3569367195e-01 -9.7182739877e-01
   outer loop
     vertex 5.2500000000e+00 0.0000000000e+00 -1.5000000000e+00
     vertex 6.0000000000e+00 0.0000000000e+00 -1.5000000000e+00
     vertex 5.2500000000e+00 -4.8636143870e-01 -1.3820445755e+00
   endloop
 endfacet
 facet normal  -0.0000000000e+00 -2.3569367195e-01 -9.7182739877e-01
   outer loop
     vertex 6.0000000000e+00 0.0000000000e+00 -1.5000000000e+00
     vertex 6.0000000000e+00 -4.8636143870e-01 -1.3820445755e+00
     vertex 5.2500000000e+00 -4.8636143870e-01 -1.3820445755e+00
   endloop
 endfacet
 facet normal  -0.0000000000e+00 -6.2911445675e-01 -7.7731267860e-01
   outer loop
     vertex 5.2500000000e+00 -4.8636143870e-01 -1.3820445755e+00
     vertex 6.0000000000e+00 -4.8636143870e-01 -1.3820445755e+00
     vertex 5.2500000000e+00 -8.8371016773e-01 -1.0604522013e+00
   endloop
 endfacet
 facet normal  -0.0000000000e+00 -6.2911445675e-01 -7.7731267860e-01
   outer loop
     vertex 6.0000000000e+00 -4.8636143870e-01 -1.3820445755e+00
     vertex 6.0000000000e+00 -8.8371016773e-01 -1.0604522013e+00
     vertex 5.2500000000e+00 -8.8371016773e-01 -1.0604522013e+00
   endloop
 endfacet
 facet normal  -0.0000000000e+00 -8.7174481044e-01 -4.8996018764e-01
   outer loop
     vertex 5.2500000000e+00 -8.8371016773e-01 -1.0604522013e+00
     vertex 6.0000000000e+00 -8.8371016773e-01 -1.0604522013e+00
     vertex 5.2500000000e+00 -1.1517038129e+00 -5.8363372644e-01
   endloop
 endfacet
 facet normal  -0.0000000000e+00 -8.7174481044e-01 -4.8996018764e-01
   outer loop
     vertex 6.0000000000e+00 -8.8371016773e-01 -1.0604522013e+00
     vertex 6.0000000000e+00 -1.1517038129e+00 -5.8363372644e-01
     vertex 5.2500000000e+00 -1.1517038129e+00 -5.8363372644e-01
   endloop
 endfacet
 facet normal  -0.0000000000e+00 -9.8611194905e-01 -1.6608197960e-01
   outer loop
     vertex 5.2500000000e+00 -1.1517038129e+00 -5.8363372644e-01
     vertex 6.0000000000e+00 -1.1517038129e+00 -5.8363372644e-01
     vertex 5.2500000000e+00 -1.2500000000e+00 0.0000000000e+00
   endloop
 endfacet
 facet normal  -0.0000000000e+00 -9.8611194905e-01 -1.6608197960e-01
   outer loop
     vertex 6.0000000000e+00 -1.1517038129e+00 -5.8363372644e-01
     vertex 6.0000000000e+00 -1.2500000000e+00 0.0000000000e+00
     vertex 5.2500000000e+00 -1.2500000000e+00 0.0000000000e+00
   endloop
 endfacet
 facet normal  0.0000000000e+00 -9.8611194905e-01 1.6608197960e-01
   outer loop
     vertex 5.2500000000e+00 -1.2500000000e+00 0.0000000000e+00
     vertex 6.0000000000e+00 -1.2500000000e+00 0.0000000000e+00
     vertex 6.0000000000e+00 -1.1517038129e+00 5.8363372644e-01
   endloop
 endfacet
 facet normal  0.0000000000e+00 -9.8611194905e-01 1.6608197960e-01
   outer loop
     vertex 5.2500000000e+00 -1.2500000000e+00 0.0000000000e+00
     vertex 6.0000000000e+00 -1.1517038129e+00 5.8363372644e-01
     vertex 5.2500000000e+00 -1.1517038129e+00 5.8363372644e-01
   endloop
 endfacet
 facet normal  0.0000000000e+00 -8.7174481044e-01 4.8996018764e-01
   outer loop
     vertex 5.2500000000e+00 -1.1517038129e+00 5.8363372644e-01
     vertex 6.0000000000e+00 -1.1517038129e+00 5.8363372644e-01
     vertex 6.0000000000e+00 -8.8371016773e-01 1.0604522013e+00
   endloop
 endfacet
 facet normal  0.0000000000e+00 -8.7174481044e-01 4.8996018764e-01
   outer loop
     vertex 5.2500000000e+00 -1.1517038129e+00 5.8363372644e-01
     vertex 6.0000000000e+00 -8.8371016773e-01 1.0604522013e+00
     vertex 5.2500000000e+00 -8.8371016773e-01 1.0604522013e+00
   endloop
 endfacet
 facet normal  0.0000000000e+00 -6.2911445675e-01 7.7731267860e-01
   outer loop
     vertex 5.2500000000e+00 -8.8371016773e-01 1.0604522013e+00
     vertex 6.0000000000e+00 -8.8371016773e-01 1.0604522013e+00
     vertex 6.0000000000e+00 -4.8636143870e-01 1.3820445755e+00
   endloop
 endfacet
 facet normal  0.0000000000e+00 -6.2911445675e-01 7.7731267860e-01
   outer loop
     vertex 5.2500000000e+00 -8.8371016773e-01 1.0604522013e+00
     vertex 6.0000000000e+00 -4.8636143870e-01 1.3820445755e+00
     vertex 5.2500000000e+00 -4.8636143870e-01 1.3820445755e+00
   endloop
 endfacet
 facet normal  0.0000000000e+00 -2.3569367195e-01 9.7182739877e-01
   outer loop
     vertex 5.2500000000e+00 -4.8636143870e-01 1.3820445755e+00
     vertex 6.0000000000e+00 -4.8636143870e-01 1.3820445755e+00
     vertex 6.0000000000e+00 0.0000000000e+00 1.5000000000e+00
   endloop
 endfacet
 facet normal  0.0000000000e+00 -2.3569367195e-01 9.7182739877e-01
   outer loop
     vertex 5.2500000000e+00 -4.8636143870e-01 1.3820445755e+00
     vertex 6.0000000000e+00 0.0000000000e+00 1.5000000000e+00
     vertex 5.2500000000e+00 0.0000000000e+00 1.5000000000e+00
   endloop
 endfacet
 facet normal  0.0000000000e+00 2.3569367195e-01 9.7182739877e-01
   outer loop
     vertex 5.2500000000e+00 0.0000000000e+00 1.5000000000e+00
     vertex 6.0000000000e+00 0.0000000000e+00 1.5000000000e+00
     vertex 5.2500000000e+00 4.8636143870e-01 1.3820445755e+00
   endloop
 endfacet
 facet normal  0.0000000000e+00 2.3569367195e-01 9.7182739877e-01
   outer loop
     vertex 6.0000000000e+00 0.0000000000e+00 1.5000000000e+00
     vertex 6.0000000000e+00 4.8636143870e-01 1.3820445755e+00
     vertex 5.2500000000e+00 4.8636143870e-01 1.3820445755e+00
   endloop
 endfacet
 facet normal  0.0000000000e+00 6.2911445675e-01 7.7731267860e-01
   outer loop
     vertex 5.2500000000e+00 4.8636143870e-01 1.3820445755e+00
     vertex 6.0000000000e+00 4.8636143870e-01 1.3820445755e+00
     vertex 5.2500000000e+00 8.8371016773e-01 1.0604522013e+00
   endloop
 endfacet
 facet normal  0.0000000000e+00 6.2911445675e-01 7.7731267860e-01
   outer loop
     vertex 6.0000000000e+00 4.8636143870e-01 1.3820445755e+00
     vertex 6.0000000000e+00 8.8371016773e-01 1.0604522013e+00
     vertex 5.2500000000e+00 8.8371016773e-01 1.0604522013e+00
   endloop
 endfacet
 facet normal  0.0000000000e+00 8.7174481044e-01 4.8996018764e-01
   outer loop
     vertex 5.2500000000e+00 8.8371016773e-01 1.0604522013e+00
     vertex 6.0000000000e+00 8.8371016773e-01 1.0604522013e+00
     vertex 5.2500000000e+00 1.1517038129e+00 5.8363372644e-01
   endloop
 endfacet
 facet normal  0.0000000000e+00 8.7174481044e-01 4.8996018764e-01
   outer loop
     vertex 6.0000000000e+00 8.8371016773e-01 1.0604522013e+00
     vertex 6.0000000000e+00 1.1517038129e+00 5.8363372644e-01
     vertex 5.2500000000e+00 1.1517038129e+00 5.8363372644e-01
   endloop
 endfacet
 facet normal  0.0000000000e+00 9.8611194905e-01 1.6608197960e-01
   outer loop
     vertex 5.2500000000e+00 1.1517038129e+00 5.8363372644e-01
     vertex 6.0000000000e+00 1.1517038129e+00 5.8363372644e-01
     vertex 5.2500000000e+00 1.2500000000e+00 0.0000000000e+00
   endloop
 endfacet
 facet normal  0.0000000000e+00 9.8611194905e-01 1.6608197960e-01
   outer loop
     vertex 6.0000000000e+00 1.1517038129e+00 5.8363372644e-01
     vertex 6.0000000000e+00 1.2500000000e+00 0.0000000000e+00
     vertex 5.2500000000e+00 1.2500000000e+00 0.0000000000e+00
   endloop
 endfacet
 facet normal  0.0000000000e+00 9.8611194905e-01 -1.6608197960e-01
   outer loop
     vertex 6.0000000000e+00 1.2500000000e+00 0.0000000000e+00
     vertex 6.7500000000e+00 1.2500000000e+00 0.0000000000e+00
     vertex 6.7500000000e+00 1.1517038129e+00 -5.8363372644e-01
   endloop
 endfacet
 facet normal  0.0000000000e+00 9.8611194905e-01 -1.6608197960e-01
   outer loop
     vertex 6.0000000000e+00 1.2500000000e+00 0.0000000000e+00
     vertex 6.7500000000e+00 1.1517038129e+00 -5.8363372644e-01
     vertex 6.0000000000e+00 1.1517038129e+00 -5.8363372644e-01
   endloop
 endfacet
 facet normal  0.0000000000e+00 8.7174481044e-01 -4.8996018764e-01
   outer loop
     vertex 6.0000000000e+00 1.1517038129e+00 -5.8363372644e-01
     vertex 6.7500000000e+00 1.1517038129e+00 -5.8363372644e-01
     vertex 6.7500000000e+00 8.8371016773e-01 -1.0604522013e+00
   endloop
 endfacet
 facet normal  0.0000000000e+00 8.7174481044e-01 -4.8996018764e-01
   outer loop
     vertex 6.0000000000e+00 1.1517038129e+00 -5.8363372644e-01
     vertex 6.7500000000e+00 8.8371016773e-01 -1.0604522013e+00
     vertex 6.0000000000e+00 8.8371016773e-01 -1.0604522013e+00
   endloop
 endfacet
 facet normal  0.0000000000e+00 6.2911445675e-01 -7.7731267860e-01
   outer loop
     vertex 6.0000000000e+00 8.8371016773e-01 -1.0604522013e+00
     vertex 6.7500000000e+00 8.8371016773e-01 -1.0604522013e+00
     vertex 6.7500000000e+00 4.8636143870e-01 -1.3820445755e+00
   endloop
 endfacet
 facet normal  0.0000000000e+00 6.2911445675e-01 -7.7731267860e-01
   outer loop
     vertex 6.0000000000e+00 8.8371016773e-01 -1.0604522013e+00
     vertex 6.7500000000e+00 4.8636143870e-01 -1.3820445755e+00
     vertex 6.0000000000e+00 4.8636143870e-01 -1.3820445755e+00
   endloop
 endfacet
 facet normal  0.0000000000e+00 2.3569367195e-01 -9.7182739877e-01
   outer loop
     vertex 6.0000000000e+00 4.8636143870e-01 -1.3820445755e+00
     vertex 6.7500000000e+00 4.8636143870e-01 -1.3820445755e+00
     vertex 6.7500000000e+00 0.0000000000e+00 -1.5000000000e+00
   endloop
 endfacet
 facet normal  0.0000000000e+00 2.3569367195e-01 -9.7182739877e-01
   outer loop
     vertex 6.0000000000e+00 4.8636143870e-01 -1.3820445755e+00
     vertex 6.7500000000e+00 0.0000000000e+00 -1.5000000000e+00
     vertex 6.0000000000e+00 0.0000000000e+00 -1.5000000000e+00
   endloop
 endfacet
 facet normal  -0.0000000000e+00 -2.3569367195e-01 -9.7182739877e-01
   outer loop
     vertex 6.0000000000e+00 0.0000000000e+00 -1.5000000000e+00
     vertex 6.7500000000e+00 0.0000000000e+00 -1.5000000000e+00
     vertex 6.0000000000e+00 -4.8636143870e-01 -1.3820445755e+00
   endloop
 endfacet
 facet normal  -0.0000000000e+00 -2.3569367195e-01 -9.7182739877e-01
   outer loop
     vertex 6.7500000000e+00 0.0000000000e+00 -1.5000000000e+00
     vertex 6.7500000000e+00 -4.8636143870e-01 -1.3820445755e+00
     vertex 6.0000000000e+00 -4.8636143870e-01 -1.3820445755e+00
   endloop
 endfacet
 facet normal  -0.0000000000e+00 -6.2911445675e-01 -7.7731267860e-01
   outer loop
     vertex 6.0000000000e+00 -4.8636143870e-01 -1.3820445755e+00
     vertex 6.7500000000e+00 -4.8636143870e-01 -1.3820445755e+00
     vertex 6.0000000000e+00 -8.8371016773e-01 -1.0604522013e+00
   endloop
 endfacet
 facet normal  -9.3127647335e-17 -6.2911445675e-01 -7.7731267860e-01
   outer loop
     vertex 6.7500000000e+00 -4.8636143870e-01 -1.3820445755e+00
     vertex 6.7500000000e+00 -8.8371016773e-01 -1.0604522013e+00
     vertex 6.0000000000e+00 -8.8371016773e-01 -1.0604522013e+00
   endloop
 endfacet
 facet normal  -1.2904415469e-16 -8.7174481044e-01 -4.8996018764e-01
   outer loop
     vertex 6.0000000000e+00 -8.8371016773e-01 -1.0604522013e+00
     vertex 6.7500000000e+00 -8.8371016773e-01 -1.0604522013e+00
     vertex 6.0000000000e+00 -1.1517038129e+00 -5.8363372644e-01
   endloop
 endfacet
 facet normal  -0.0000000000e+00 -8.7174481044e-01 -4.8996018764e-01
   outer loop
     vertex 6.7500000000e+00 -8.8371016773e-01 -1.0604522013e+00
     vertex 6.7500000000e+00 -1.1517038129e+00 -5.8363372644e-01
     vertex 6.0000000000e+00 -1.1517038129e+00 -5.8363372644e-01
   endloop
 endfacet
 facet normal  -0.0000000000e+00 -9.8611194905e-01 -1.6608197960e-01
   outer loop
     vertex 6.0000000000e+00 -1.1517038129e+00 -5.8363372644e-01
     vertex 6.7500000000e+00 -1.1517038129e+00 -5.8363372644e-01
     vertex 6.0000000000e+00 -1.2500000000e+00 0.0000000000e+00
   endloop
 endfacet
 facet normal  -0.0000000000e+00 -9.8611194905e-01 -1.6608197960e-01
   outer loop
     vertex 6.7500000000e+00 -1.1517038129e+00 -5.8363372644e-01
     vertex 6.7500000000e+00 -1.2500000000e+00 0.0000000000e+00
     vertex 6.0000000000e+00 -1.2500000000e+00 0.0000000000e+00
   endloop
 endfacet
 facet normal  0.0000000000e+00 -9.8611194905e-01 1.6608197960e-01
   outer loop
     vertex 6.0000000000e+00 -1.2500000000e+00 0.0000000000e+00
     vertex 6.7500000000e+00 -1.2500000000e+00 0.0000000000e+00
     vertex 6.7500000000e+00 -1.1517038129e+00 5.8363372644e-01
   endloop
 endfacet
 facet normal  0.0000000000e+00 -9.8611194905e-01 1.6608197960e-01
   outer loop
     vertex 6.0000000000e+00 -1.2500000000e+00 0.0000000000e+00
     vertex 6.7500000000e+00 -1.1517038129e+00 5.8363372644e-01
     vertex 6.0000000000e+00 -1.1517038129e+00 5.8363372644e-01
   endloop
 endfacet
 facet normal  0.0000000000e+00 -8.7174481044e-01 4.8996018764e-01
   outer loop
     vertex 6.0000000000e+00 -1.1517038129e+00 5.8363372644e-01
     vertex 6.7500000000e+00 -1.1517038129e+00 5.8363372644e-01
     vertex 6.7500000000e+00 -8.8371016773e-01 1.0604522013e+00
   endloop
 endfacet
 facet normal  -1.2904415469e-16 -8.7174481044e-01 4.8996018764e-01
   outer loop
     vertex 6.0000000000e+00 -1.1517038129e+00 5.8363372644e-01
     vertex 6.7500000000e+00 -8.8371016773e-01 1.0604522013e+00
     vertex 6.0000000000e+00 -8.8371016773e-01 1.0604522013e+00
   endloop
 endfacet
 facet normal  -9.3127647335e-17 -6.2911445675e-01 7.7731267860e-01
   outer loop
     vertex 6.0000000000e+00 -8.8371016773e-01 1.0604522013e+00
     vertex 6.7500000000e+00 -8.8371016773e-01 1.0604522013e+00
     vertex 6.7500000000e+00 -4.8636143870e-01 1.3820445755e+00
   endloop
 endfacet
 facet normal  0.0000000000e+00 -6.2911445675e-01 7.7731267860e-01
   outer loop
     vertex 6.0000000000e+00 -8.8371016773e-01 1.0604522013e+00
     vertex 6.7500000000e+00 -4.8636143870e-01 1.3820445755e+00
     vertex 6.0000000000e+00 -4.8636143870e-01 1.3820445755e+00
   endloop
 endfacet
 facet normal  0.0000000000e+00 -2.3569367195e-01 9.7182739877e-01
   outer loop
     vertex 6.0000000000e+00 -4.8636143870e-01 1.3820445755e+00
     vertex 6.7500000000e+00 -4.8636143870e-01 1.3820445755e+00
     vertex 6.7500000000e+00 0.0000000000e+00 1.5000000000e+00
   endloop
 endfacet
 facet normal  0.0000000000e+00 -2.3569367195e-01 9.7182739877e-01
   outer loop
     vertex 6.0000000000e+00 -4.8636143870e-01 1.3820445755e+00
     vertex 6.7500000000e+00 0.0000000000e+00 1.5000000000e+00
     vertex 6.0000000000e+00 0.0000000000e+00 1.5000000000e+00
   endloop
 endfacet
 facet normal  0.0000000000e+00 2.3569367195e-01 9.7182739877e-01
   outer loop
     vertex 6.0000000000e+00 0.0000000000e+00 1.5000000000e+00
     vertex 6.7500000000e+00 0.0000000000e+00 1.5000000000e+00
     vertex 6.0000000000e+00 4.8636143870e-01 1.3820445755e+00
   endloop
 endfacet
 facet normal  0.0000000000e+00 2.3569367195e-01 9.7182739877e-01
   outer loop
     vertex 6.7500000000e+00 0.0000000000e+00 1.5000000000e+00
     vertex 6.7500000000e+00 4.8636143870e-01 1.3820445755e+00
     vertex 6.0000000000e+00 4.8636143870e-01 1.3820445755e+00
   endloop
 endfacet
 facet normal  0.0000000000e+00 6.2911445675e-01 7.7731267860e-01
   outer loop
     vertex 6.0000000000e+00 4.8636143870e-01 1.3820445755e+00
     vertex 6.7500000000e+00 4.8636143870e-01 1.3820445755e+00
     vertex 6.0000000000e+00 8.8371016773e-01 1.0604522013e+00
   endloop
 endfacet
 facet normal  0.0000000000e+00 6.2911445675e-01 7.7731267860e-01
   outer loop
     vertex 6.7500000000e+00 4.8636143870e-01 1.3820445755e+00
     vertex 6.7500000000e+00 8.8371016773e-01 1.0604522013e+00
     vertex 6.0000000000e+00 8.8371016773e-01 1.0604522013e+00
   endloop
 endfacet
 facet normal  0.0000000000e+00 8.7174481044e-01 4.8996018764e-01
   outer loop
     vertex 6.0000000000e+00 8.8371016773e-01 1.0604522013e+00
     vertex 6.7500000000e+00 8.8371016773e-01 1.0604522013e+00
     vertex 6.0000000000e+00 1.1517038129e+00 5.8363372644e-01
   endloop
 endfacet
 facet normal  0.0000000000e+00 8.7174481044e-01 4.8996018764e-01
   outer loop
     vertex 6.7500000000e+00 8.8371016773e-01 1.0604522013e+00
     vertex 6.7500000000e+00 1.1517038129e+00 5.8363372644e-01
     vertex 6.0000000000e+00 1.1517038129e+00 5.8363372644e-01
   endloop
 endfacet
 facet normal  0.0000000000e+00 9.8611194905e-01 1.6608197960e-01
   outer loop
     vertex 6.0000000000e+00 1.1517038129e+00 5.8363372644e-01
     vertex 6.7500000000e+00 1.1517038129e+00 5.8363372644e-01
     vertex 6.0000000000e+00 1.2500000000e+00 0.0000000000e+00
   endloop
 endfacet
 facet normal  0.0000000000e+00 9.8611194905e-01 1.6608197960e-01
   outer loop
     vertex 6.7500000000e+00 1.1517038129e+00 5.8363372644e-01
     vertex 6.7500000000e+00 1.2500000000e+00 0.0000000000e+00
     vertex 6.0000000000e+00 1.2500000000e+00 0.0000000000e+00
   endloop
 endfacet
 facet normal  0.0000000000e+00 9.8611194905e-01 -1.6608197960e-01
   outer loop
     vertex 6.7500000000e+00 1.2500000000e+00 0.0000000000e+00
     vertex 7.5000000000e+00 1.2500000000e+00 0.0000000000e+00
     vertex 7.5000000000e+00 1.1517038129e+00 -5.8363372644e-01
   endloop
 endfacet
 facet normal  0.0000000000e+00 9.8611194905e-01 -1.6608197960e-01
   outer loop
     vertex 6.7500000000e+00 1.2500000000e+00 0.0000000000e+00
     vertex 7.5000000000e+00 1.1517038129e+00 -5.8363372644e-01
     vertex 6.7500000000e+00 1.1517038129e+00 -5.8363372644e-01
   endloop
 endfacet
 facet normal  0.0000000000e+00 8.7174481044e-01 -4.8996018764e-01
   outer loop
     vertex 6.7500000000e+00 1.1517038129e+00 -5.8363372644e-01
     vertex 7.5000000000e+00 1.1517038129e+00 -5.8363372644e-01
     vertex 7.5000000000e+00 8.8371016773e-01 -1.0604522013e+00
   endloop
 endfacet
 facet normal  0.0000000000e+00 8.7174481044e-01 -4.8996018764e-01
   outer loop
     vertex 6.7500000000e+00 1.1517038129e+00 -5.8363372644e-01
     vertex 7.5000000000e+00 8.8371016773e-01 -1.0604522013e+00
     vertex 6.7500000000e+00 8.8371016773e-01 -1.0604522013e+00
   endloop
 endfacet
 facet normal  0.0000000000e+00 6.2911445675e-01 -7.7731267860e-01
   outer loop
     vertex 6.7500000000e+00 8.8371016773e-01 -1.0604522013e+00
     vertex 7.5000000000e+00 8.8371016773e-01 -1.0604522013e+00
     vertex 7.5000000000e+00 4.8636143870e-01 -1.3820445755e+00
   endloop
 endfacet
 facet normal  0.0000000000e+00 6.2911445675e-01 -7.7731267860e-01
   outer loop
     vertex 6.7500000000e+00 8.8371016773e-01 -1.0604522013e+00
     vertex 7.5000000000e+00 4.8636143870e-01 -1.3820445755e+00
     vertex 6.7500000000e+00 4.8636143870e-01 -1.3820445755e+00
   endloop
 endfacet
 facet normal  0.0000000000e+00 2.3569367195e-01 -9.7182739877e-01
   outer loop
     vertex 6.7500000000e+00 4.8636143870e-01 -1.3820445755e+00
     vertex 7.5000000000e+00 4.8636143870e-01 -1.3820445755e+00
     vertex 7.5000000000e+00 0.0000000000e+00 -1.5000000000e+00
   endloop
 endfacet
 facet normal  0.0000000000e+00 2.3569367195e-01 -9.7182739877e-01
   outer loop
     vertex 6.7500000000e+00 4.8636143870e-01 -1.3820445755e+00
     vertex 7.5000000000e+00 0.0000000000e+00 -1.5000000000e+00
     vertex 6.7500000000e+00 0.0000000000e+00 -1.5000000000e+00
   endloop
 endfacet
 facet normal  -0.0000000000e+00 -2.3569367195e-01 -9.7182739877e-01
   outer loop
     vertex 6.7500000000e+00 0.0000000000e+00 -1.5000000000e+00
     vertex 7.5000000000e+00 0.0000000000e+00 -1.5000000000e+00
     vertex 6.7500000000e+00 -4.8636143870e-01 -1.3820445755e+00
   endloop
 endfacet
 facet normal  -0.0000000000e+00 -2.3569367195e-01 -9.7182739877e-01
   outer loop
     vertex 7.5000000000e+00 0.0000000000e+00 -1.5000000000e+00
     vertex 7.5000000000e+00 -4.8636143870e-01 -1.3820445755e+00
     vertex 6.7500000000e+00 -4.8636143870e-01 -1.3820445755e+00
   endloop
 endfacet
 facet normal  -0.0000000000e+00 -6.2911445675e-01 -7.7731267860e-01
   outer loop
     vertex 6.7500000000e+00 -4.8636143870e-01 -1.3820445755e+00
     vertex 7.5000000000e+00 -4.8636143870e-01 -1.3820445755e+00
     vertex 6.7500000000e+00 -8.8371016773e-01 -1.0604522013e+00
   endloop
 endfacet
 facet normal  -0.0000000000e+00 -6.2911445675e-01 -7.7731267860e-01
   outer loop
     vertex 7.5000000000e+00 -4.8636143870e-01 -1.3820445755e+00
     vertex 7.5000000000e+00 -8.8371016773e-01 -1.0604522013e+00
     vertex 6.7500000000e+00 -8.8371016773e-01 -1.0604522013e+00
   endloop
 endfacet
 facet normal  -0.0000000000e+00 -8.7174481044e-01 -4.8996018764e-01
   outer loop
     vertex 6.7500000000e+00 -8.8371016773e-01 -1.0604522013e+00
     vertex 7.5000000000e+00 -8.8371016773e-01 -1.0604522013e+00
     vertex 6.7500000000e+00 -1.1517038129e+00 -5.8363372644e-01
   endloop
 endfacet
 facet normal  -0.0000000000e+00 -8.7174481044e-01 -4.8996018764e-01
   outer loop
     vertex 7.5000000000e+00 -8.8371016773e-01 -1.0604522013e+00
     vertex 7.5000000000e+00 -1.1517038129e+00 -5.8363372644e-01
     vertex 6.7500000000e+00 -1.1517038129e+00 -5.8363372644e-01
   endloop
 endfacet
 facet normal  -0.0000000000e+00 -9.8611194905e-01 -1.6608197960e-01
   outer loop
     vertex 6.7500000000e+00 -1.1517038129e+00 -5.8363372644e-01
     vertex 7.5000000000e+00 -1.1517038129e+00 -5.8363372644e-01
     vertex 6.7500000000e+00 -1.2500000000e+00 0.0000000000e+00
   endloop
 endfacet
 facet normal  -0.0000000000e+00 -9.8611194905e-01 -1.6608197960e-01
   outer loop
     vertex 7.5000000000e+00 -1.1517038129e+00 -5.8363372644e-01
     vertex 7.5000000000e+00 -1.2500000000e+00 0.0000000000e+00
     vertex 6.7500000000e+00 -1.2500000000e+00 0.0000000000e+00
   endloop
 endfacet
 facet normal  0.0000000000e+00 -9.8611194905e-01 1.6608197960e-01
   outer loop
     vertex 6.7500000000e+00 -1.2500000000e+00 0.0000000000e+00
     vertex 7.5000000000e+00 -1.2500000000e+00 0.0000000000e+00
     vertex 7.5000000000e+00 -1.1517038129e+00 5.8363372644e-01
   endloop
 endfacet
 facet normal  0.0000000000e+00 -9.8611194905e-01 1.6608197960e-01
   outer loop
     vertex 6.7500000000e+00 -1.2500000000e+00 0.0000000000e+00
     vertex 7.5000000000e+00 -1.1517038129e+00 5.8363372644e-01
     vertex 6.7500000000e+00 -1.1517038129e+00 5.8363372644e-01
   endloop
 endfacet
 facet normal  0.0000000000e+00 -8.7174481044e-01 4.8996018764e-01
   outer loop
     vertex 6.7500000000e+00 -1.1517038129e+00 5.8363372644e-01
     vertex 7.5000000000e+00 -1.1517038129e+00 5.8363372644e-01
     vertex 7.5000000000e+00 -8.8371016773e-01 1.0604522013e+00
   endloop
 endfacet
 facet normal  0.0000000000e+00 -8.7174481044e-01 4.8996018764e-01
   outer loop
     vertex 6.7500000000e+00 -1.1517038129e+00 5.8363372644e-01
     vertex 7.5000000000e+00 -8.8371016773e-01 1.0604522013e+00
     vertex 6.7500000000e+00 -8.8371016773e-01 1.0604522013e+00
   endloop
 endfacet
 facet normal  0.0000000000e+00 -6.2911445675e-01 7.7731267860e-01
   outer loop
     vertex 6.7500000000e+00 -8.8371016773e-01 1.0604522013e+00
     vertex 7.5000000000e+00 -8.8371016773e-01 1.0604522013e+00
     vertex 7.5000000000e+00 -4.8636143870e-01 1.3820445755e+00
   endloop
 endfacet
 facet normal  0.0000000000e+00 -6.2911445675e-01 7.7731267860e-01
   outer loop
     vertex 6.7500000000e+00 -8.8371016773e-01 1.0604522013e+00
     vertex 7.5000000000e+00 -4.8636143870e-01 1.3820445755e+00
     vertex 6.7500000000e+00 -4.8636143870e-01 1.3820445755e+00
   endloop
 endfacet
 facet normal  0.0000000000e+00 -2.3569367195e-01 9.7182739877e-01
   outer loop
     vertex 6.7500000000e+00 -4.8636143870e-01 1.3820445755e+00
     vertex 7.5000000000e+00 -4.8636143870e-01 1.3820445755e+00
     vertex 7.5000000000e+00 0.0000000000e+00 1.5000000000e+00
   endloop
 endfacet
 facet normal  0.0000000000e+00 -2.3569367195e-01 9.7182739877e-01
   outer loop
     vertex 6.7500000000e+00 -4.8636143870e-01 1.3820445755e+00
     vertex 7.5000000000e+00 0.0000000000e+00 1.5000000000e+00
     vertex 6.7500000000e+00 0.0000000000e+00 1.5000000000e+00
   endloop
 endfacet
 facet normal  0.0000000000e+00 2.3569367195e-01 9.7182739877e-01
   outer loop
     vertex 6.7500000000e+00 0.0000000000e+00 1.5000000000e+00
     vertex 7.5000000000e+00 0.0000000000e+00 1.5000000000e+00
     vertex 6.7500000000e+00 4.8636143870e-01 1.3820445755e+00
   endloop
 endfacet
 facet normal  0.0000000000e+00 2.3569367195e-01 9.7182739877e-01
   outer loop
     vertex 7.5000000000e+00 0.0000000000e+00 1.5000000000e+00
     vertex 7.5000000000e+00 4.8636143870e-01 1.3820445755e+00
     vertex 6.7500000000e+00 4.8636143870e-01 1.3820445755e+00
   endloop
 endfacet
 facet normal  0.0000000000e+00 6.2911445675e-01 7.7731267860e-01
   outer loop
     vertex 6.7500000000e+00 4.8636143870e-01 1.3820445755e+00
     vertex 7.5000000000e+00 4.8636143870e-01 1.3820445755e+00
     vertex 6.7500000000e+00 8.8371016773e-01 1.0604522013e+00
   endloop
 endfacet
 facet normal  0.0000000000e+00 6.2911445675e-01 7.7731267860e-01
   outer loop
     vertex 7.5000000000e+00 4.8636143870e-01 1.3820445755e+00
     vertex 7.5000000000e+00 8.8371016773e-01 1.0604522013e+00
     vertex 6.7500000000e+00 8.8371016773e-01 1.0604522013e+00
   endloop
 endfacet
 facet normal  0.0000000000e+00 8.7174481044e-01 4.8996018764e-01
   outer loop
     vertex 6.7500000000e+00 8.8371016773e-01 1.0604522013e+00
     vertex 7.5000000000e+00 8.8371016773e-01 1.0604522013e+00
     vertex 6.7500000000e+00 1.1517038129e+00 5.8363372644e-01
   endloop
 endfacet
 facet normal  0.0000000000e+00 8.7174481044e-01 4.8996018764e-01
   outer loop
     vertex 7.5000000000e+00 8.8371016773e-01 1.0604522013e+00
     vertex 7.5000000000e+00 1.1517038129e+00 5.8363372644e-01
     vertex 6.7500000000e+00 1.1517038129e+00 5.8363372644e-01
   endloop
 endfacet
 facet normal  0.0000000000e+00 9.8611194905e-01 1.6608197960e-01
   outer loop
     vertex 6.7500000000e+00 1.1517038129e+00 5.8363372644e-01
     vertex 7.5000000000e+00 1.1517038129e+00 5.8363372644e-01
     vertex 6.7500000000e+00 1.2500000000e+00 0.0000000000e+00
   endloop
 endfacet
 facet normal  0.0000000000e+00 9.8611194905e-01 1.6608197960e-01
   outer loop
     vertex 7.5000000000e+00 1.1517038129e+00 5.8363372644e-01
     vertex 7.5000000000e+00 1.2500000000e+00 0.0000000000e+00
     vertex 6.7500000000e+00 1.2500000000e+00 0.0000000000e+00
   endloop
 endfacet
 facet normal  0.0000000000e+00 9.8611194905e-01 -1.6608197960e-01
   outer loop
     vertex 7.5000000000e+00 1.2500000000e+00 0.0000000000e+00
     vertex 8.2500000000e+00 1.2500000000e+00 0.0000000000e+00
     vertex 8.2500000000e+00 1.1517038129e+00 -5.8363372644e-01
   endloop
 endfacet
 facet normal  0.0000000000e+00 9.8611194905e-01 -1.6608197960e-01
   outer loop
     vertex 7.5000000000e+00 1.2500000000e+00 0.0000000000e+00
     vertex 8.2500000000e+00 1.1517038129e+00 -5.8363372644e-01
     vertex 7.5000000000e+00 1.1517038129e+00 -5.8363372644e-01
   endloop
 endfacet
 facet normal  0.0000000000e+00 8.7174481044e-01 -4.8996018764e-01
   outer loop
     vertex 7.5000000000e+00 1.1517038129e+00 -5.8363372644e-01
     vertex 8.2500000000e+00 1.1517038129e+00 -5.8363372644e-01
     vertex 8.2500000000e+00 8.8371016773e-01 -1.0604522013e+00
   endloop
 endfacet
 facet normal  0.0000000000e+00 8.7174481044e-01 -4.8996018764e-01
   outer loop
     vertex 7.5000000000e+00 1.1517038129e+00 -5.8363372644e-01
     vertex 8.2500000000e+00 8.8371016773e-01 -1.0604522013e+00
     vertex 7.5000000000e+00 8.8371016773e-01 -1.0604522013e+00
   endloop
 endfacet
 facet normal  0.0000000000e+00 6.2911445675e-01 -7.7731267860e-01
   outer loop
     vertex 7.5000000000e+00 8.8371016773e-01 -1.0604522013e+00
     vertex 8.2500000000e+00 8.8371016773e-01 -1.0604522013e+00
     vertex 8.2500000000e+00 4.8636143870e-01 -1.3820445755e+00
   endloop
 endfacet
 facet normal  0.0000000000e+00 6.2911445675e-01 -7.7731267860e-01
   outer loop
     vertex 7.5000000000e+00 8.8371016773e-01 -1.0604522013e+00
     vertex 8.2500000000e+00 4.8636143870e-01 -1.3820445755e+00
     vertex 7.5000000000e+00 4.8636143870e-01 -1.3820445755e+00
   endloop
 endfacet
 facet normal  0.0000000000e+00 2.3569367195e-01 -9.7182739877e-01
   outer loop
     vertex 7.5000000000e+00 4.8636143870e-01 -1.3820445755e+00
     vertex 8.2500000000e+00 4.8636143870e-01 -1.3820445755e+00
     vertex 8.2500000000e+00 0.0000000000e+00 -1.5000000000e+00
   endloop
 endfacet
 facet normal  0.0000000000e+00 2.3569367195e-01 -9.7182739877e-01
   outer loop
     vertex 7.5000000000e+00 4.8636143870e-01 -1.3820445755e+00
     vertex 8.2500000000e+00 0.0000000000e+00 -1.5000000000e+00
     vertex 7.5000000000e+00 0.0000000000e+00 -1.5000000000e+00
   endloop
 endfacet
 facet normal  -0.0000000000e+00 -2.3569367195e-01 -9.7182739877e-01
   outer loop
     vertex 7.5000000000e+00 0.0000000000e+00 -1.5000000000e+00
     vertex 8.2500000000e+00 0.0000000000e+00 -1.5000000000e+00
     vertex 7.5000000000e+00 -4.8636143870e-01 -1.3820445755e+00
   endloop
 endfacet
 facet normal  -0.0000000000e+00 -2.3569367195e-01 -9.7182739877e-01
   outer loop
     vertex 8.2500000000e+00 0.0000000000e+00 -1.5000000000e+00
     vertex 8.2500000000e+00 -4.8636143870e-01 -1.3820445755e+00
     vertex 7.5000000000e+00 -4.8636143870e-01 -1.3820445755e+00
   endloop
 endfacet
 facet normal  -0.0000000000e+00 -6.2911445675e-01 -7.7731267860e-01
   outer loop
     vertex 7.5000000000e+00 -4.8636143870e-01 -1.3820445755e+00
     vertex 8.2500000000e+00 -4.8636143870e-01 -1.3820445755e+00
     vertex 7.5000000000e+00 -8.8371016773e-01 -1.0604522013e+00
   endloop
 endfacet
 facet normal  9.3127647335e-17 -6.2911445675e-01 -7.7731267860e-01
   outer loop
     vertex 8.2500000000e+00 -4.8636143870e-01 -1.3820445755e+00
     vertex 8.2500000000e+00 -8.8371016773e-01 -1.0604522013e+00
     vertex 7.5000000000e+00 -8.8371016773e-01 -1.0604522013e+00
   endloop
 endfacet
 facet normal  1.2904415469e-16 -8.7174481044e-01 -4.8996018764e-01
   outer loop
     vertex 7.5000000000e+00 -8.8371016773e-01 -1.0604522013e+00
     vertex 8.2500000000e+00 -8.8371016773e-01 -1.0604522013e+00
     vertex 7.5000000000e+00 -1.1517038129e+00 -5.8363372644e-01
   endloop
 endfacet
 facet normal  -0.0000000000e+00 -8.7174481044e-01 -4.8996018764e-01
   outer loop
     vertex 8.2500000000e+00 -8.8371016773e-01 -1.0604522013e+00
     vertex 8.2500000000e+00 -1.1517038129e+00 -5.8363372644e-01
     vertex 7.5000000000e+00 -1.1517038129e+00 -5.8363372644e-01
   endloop
 endfacet
 facet normal  -0.0000000000e+00 -9.8611194905e-01 -1.6608197960e-01
   outer loop
     vertex 7.5000000000e+00 -1.1517038129e+00 -5.8363372644e-01
     vertex 8.2500000000e+00 -1.1517038129e+00 -5.8363372644e-01
     vertex 7.5000000000e+00 -1.2500000000e+00 0.0000000000e+00
   endloop
 endfacet
 facet normal  -0.0000000000e+00 -9.8611194905e-01 -1.6608197960e-01
   outer loop
     vertex 8.2500000000e+00 -1.1517038129e+00 -5.8363372644e-01
     vertex 8.2500000000e+00 -1.2500000000e+00 0.0000000000e+00
     vertex 7.5000000000e+00 -1.2500000000e+00 0.0000000000e+00
   endloop
 endfacet
 facet normal  0.0000000000e+00 -9.8611194905e-01 1.6608197960e-01
   outer loop
     vertex 7.5000000000e+00 -1.2500000000e+00 0.0000000000e+00
     vertex 8.2500000000e+00 -1.2500000000e+00 0.0000000000e+00
     vertex 8.2500000000e+00 -1.1517038129e+00 5.8363372644e-01
   endloop
 endfacet
 facet normal  0.0000000000e+00 -9.8611194905e-01 1.6608197960e-01
   outer loop
     vertex 7.5000000000e+00 -1.2500000000e+00 0.0000000000e+00
     vertex 8.2500000000e+00 -1.1517038129e+00 5.8363372644e-01
     vertex 7.5000000000e+00 -1.1517038129e+00 5.8363372644e-01
   endloop
 endfacet
 facet normal  0.0000000000e+00 -8.7174481044e-01 4.8996018764e-01
   outer loop
     vertex 7.5000000000e+00 -1.1517038129e+00 5.8363372644e-01
     vertex 8.2500000000e+00 -1.1517038129e+00 5.8363372644e-01
     vertex 8.2500000000e+00 -8.8371016773e-01 1.0604522013e+00
   endloop
 endfacet
 facet normal  1.2904415469e-16 -8.7174481044e-01 4.8996018764e-01
   outer loop
     vertex 7.5000000000e+00 -1.1517038129e+00 5.8363372644e-01
     vertex 8.2500000000e+00 -8.8371016773e-01 1.0604522013e+00
     vertex 7.5000000000e+00 -8.8371016773e-01 1.0604522013e+00
   endloop
 endfacet
 facet normal  9.3127647335e-17 -6.2911445675e-01 7.7731267860e-01
   outer loop
     vertex 7.5000000000e+00 -8.8371016773e-01 1.0604522013e+00
     vertex 8.2500000000e+00 -8.8371016773e-01 1.0604522013e+00
     vertex 8.2500000000e+00 -4.8636143870e-01 1.3820445755e+00
   endloop
 endfacet
 facet normal  0.0000000000e+00 -6.2911445675e-01 7.7731267860e-01
   outer loop
     vertex 7.5000000000e+00 -8.8371016773e-01 1.0604522013e+00
     vertex 8.2500000000e+00 -4.8636143870e-01 1.3820445755e+00
     vertex 7.5000000000e+00 -4.8636143870e-01 1.3820445755e+00
   endloop
 endfacet
 facet normal  0.0000000000e+00 -2.3569367195e-01 9.7182739877e-01
   outer loop
     vertex 7.5000000000e+00 -4.8636143870e-01 1.3820445755e+00
     vertex 8.2500000000e+00 -4.8636143870e-01 1.3820445755e+00
     vertex 8.2500000000e+00 0.0000000000e+00 1.5000000000e+00
   endloop
 endfacet
 facet normal  0.0000000000e+00 -2.3569367195e-01 9.7182739877e-01
   outer loop
     vertex 7.5000000000e+00 -4.8636143870e-01 1.3820445755e+00
     vertex 8.2500000000e+00 0.0000000000e+00 1.5000000000e+00
     vertex 7.5000000000e+00 0.0000000000e+00 1.5000000000e+00
   endloop
 endfacet
 facet normal  0.0000000000e+00 2.3569367195e-01 9.7182739877e-01
   outer loop
     vertex 7.5000000000e+00 0.0000000000e+00 1.5000000000e+00
     vertex 8.2500000000e+00 0.0000000000e+00 1.5000000000e+00
     vertex 7.5000000000e+00 4.8636143870e-01 1.3820445755e+00
   endloop
 endfacet
 facet normal  0.0000000000e+00 2.3569367195e-01 9.7182739877e-01
   outer loop
     vertex 8.2500000000e+00 0.0000000000e+00 1.5000000000e+00
     vertex 8.2500000000e+00 4.8636143870e-01 1.3820445755e+00
     vertex 7.5000000000e+00 4.8636143870e-01 1.3820445755e+00
   endloop
 endfacet
 facet normal  0.0000000000e+00 6.2911445675e-01 7.7731267860e-01
   outer loop
     vertex 7.5000000000e+00 4.8636143870e-01 1.3820445755e+00
     vertex 8.2500000000e+00 4.8636143870e-01 1.3820445755e+00
     vertex 7.5000000000e+00 8.8371016773e-01 1.0604522013e+00
   endloop
 endfacet
 facet normal  0.0000000000e+00 6.2911445675e-01 7.7731267860e-01
   outer loop
     vertex 8.2500000000e+00 4.8636143870e-01 1.3820445755e+00
     vertex 8.2500000000e+00 8.8371016773e-01 1.0604522013e+00
     vertex 7.5000000000e+00 8.8371016773e-01 1.0604522013e+00
   endloop
 endfacet
 facet normal  0.0000000000e+00 8.7174481044e-01 4.8996018764e-01
   outer loop
     vertex 7.5000000000e+00 8.8371016773e-01 1.0604522013e+00
     vertex 8.2500000000e+00 8.8371016773e-01 1.0604522013e+00
     vertex 7.5000000000e+00 1.1517038129e+00 5.8363372644e-01
   endloop
 endfacet
 facet normal  0.0000000000e+00 8.7174481044e-01 4.8996018764e-01
   outer loop
     vertex 8.2500000000e+00 8.8371016773e-01 1.0604522013e+00
     vertex 8.2500000000e+00 1.1517038129e+00 5.8363372644e-01
     vertex 7.5000000000e+00 1.1517038129e+00 5.8363372644e-01
   endloop
 endfacet
 facet normal  0.0000000000e+00 9.8611194905e-01 1.6608197960e-01
   outer loop
     vertex 7.5000000000e+00 1.1517038129e+00 5.8363372644e-01
     vertex 8.2500000000e+00 1.1517038129e+00 5.8363372644e-01
     vertex 7.5000000000e+00 1.2500000000e+00 0.0000000000e+00
   endloop
 endfacet
 facet normal  0.0000000000e+00 9.8611194905e-01 1.6608197960e-01
   outer loop
     vertex 8.2500000000e+00 1.1517038129e+00 5.8363372644e-01
     vertex 8.2500000000e+00 1.2500000000e+00 0.0000000000e+00
     vertex 7.5000000000e+00 1.2500000000e+00 0.0000000000e+00
   endloop
 endfacet
 facet normal  0.0000000000e+00 9.8611194905e-01 -1.6608197960e-01
   outer loop
     vertex 8.2500000000e+00 1.2500000000e+00 0.0000000000e+00
     vertex 9.0000000000e+00 1.2500000000e+00 0.0000000000e+00
     vertex 9.0000000000e+00 1.1517038129e+00 -5.8363372644e-01
   endloop
 endfacet
 facet normal  0.0000000000e+00 9.8611194905e-01 -1.6608197960e-01
   outer loop
     vertex 8.2500000000e+00 1.2500000000e+00 0.0000000000e+00
     vertex 9.0000000000e+00 1.1517038129e+00 -5.8363372644e-01
     vertex 8.2500000000e+00 1.1517038129e+00 -5.8363372644e-01
   endloop
 endfacet
 facet normal  0.0000000000e+00 8.7174481044e-01 -4.8996018764e-01
   outer loop
     vertex 8.2500000000e+00 1.1517038129e+00 -5.8363372644e-01
     vertex 9.0000000000e+00 1.1517038129e+00 -5.8363372644e-01
     vertex 9.0000000000e+00 8.8371016773e-01 -1.0604522013e+00
   endloop
 endfacet
 facet normal  0.0000000000e+00 8.7174481044e-01 -4.8996018764e-01
   outer loop
     vertex 8.2500000000e+00 1.1517038129e+00 -5.8363372644e-01
     vertex 9.0000000000e+00 8.8371016773e-01 -1.0604522013e+00
     vertex 8.2500000000e+00 8.8371016773e-01 -1.0604522013e+00
   endloop
 endfacet
 facet normal  0.0000000000e+00 6.2911445675e-01 -7.7731267860e-01
   outer loop
     vertex 8.2500000000e+00 8.8371016773e-01 -1.0604522013e+00
     vertex 9.0000000000e+00 8.8371016773e-01 -1.0604522013e+00
     vertex 9.0000000000e+00 4.8636143870e-01 -1.3820445755e+00
   endloop
 endfacet
 facet normal  0.0000000000e+00 6.2911445675e-01 -7.7731267860e-01
   outer loop
     vertex 8.2500000000e+00 8.8371016773e-01 -1.0604522013e+00
     vertex 9.0000000000e+00 4.8636143870e-01 -1.3820445755e+00
     vertex 8.2500000000e+00 4.8636143870e-01 -1.3820445755e+00
   endloop
 endfacet
 facet normal  0.0000000000e+00 2.3569367195e-01 -9.7182739877e-01
   outer loop
     vertex 8.2500000000e+00 4.8636143870e-01 -1.3820445755e+00
     vertex 9.0000000000e+00 4.8636143870e-01 -1.3820445755e+00
     vertex 9.0000000000e+00 0.0000000000e+00 -1.5000000000e+00
   endloop
 endfacet
 facet normal  0.0000000000e+00 2.3569367195e-01 -9.7182739877e-01
   outer loop
     vertex 8.2500000000e+00 4.8636143870e-01 -1.3820445755e+00
     vertex 9.0000000000e+00 0.0000000000e+00 -1.5000000000e+00
     vertex 8.2500000000e+00 0.0000000000e+00 -1.5000000000e+00
   endloop
 endfacet
 facet normal  -0.0000000000e+00 -2.3569367195e-01 -9.7182739877e-01
   outer loop
     vertex 8.2500000000e+00 0.0000000000e+00 -1.5000000000e+00
     vertex 9.0000000000e+00 0.0000000000e+00 -1.5000000000e+00
     vertex 8.2500000000e+00 -4.8636143870e-01 -1.3820445755e+00
   endloop
 endfacet
 facet normal  -0.0000000000e+00 -2.3569367195e-01 -9.7182739877e-01
   outer loop
     vertex 9.0000000000e+00 0.0000000000e+00 -1.5000000000e+00
     vertex 9.0000000000e+00 -4.8636143870e-01 -1.3820445755e+00
     vertex 8.2500000000e+00 -4.8636143870e-01 -1.3820445755e+00
   endloop
 endfacet
 facet normal  -0.0000000000e+00 -6.2911445675e-01 -7.7731267860e-01
   outer loop
     vertex 8.2500000000e+00 -4.8636143870e-01 -1.3820445755e+00
     vertex 9.0000000000e+00 -4.8636143870e-01 -1.3820445755e+00
     vertex 8.2500000000e+00 -8.8371016773e-01 -1.0604522013e+00
   endloop
 endfacet
 facet normal  -0.0000000000e+00 -6.2911445675e-01 -7.7731267860e-01
   outer loop
     vertex 9.0000000000e+00 -4.8636143870e-01 -1.3820445755e+00
     vertex 9.0000000000e+00 -8.8371016773e-01 -1.0604522013e+00
     vertex 8.2500000000e+00 -8.8371016773e-01 -1.0604522013e+00
   endloop
 endfacet
 facet normal  -0.0000000000e+00 -8.7174481044e-01 -4.8996018764e-01
   outer loop
     vertex 8.2500000000e+00 -8.8371016773e-01 -1.0604522013e+00
     vertex 9.0000000000e+00 -8.8371016773e-01 -1.0604522013e+00
     vertex 8.2500000000e+00 -1.1517038129e+00 -5.8363372644e-01
   endloop
 endfacet
 facet normal  -0.0000000000e+00 -8.7174481044e-01 -4.8996018764e-01
   outer loop
     vertex 9.0000000000e+00 -8.8371016773e-01 -1.0604522013e+00
     vertex 9.0000000000e+00 -1.1517038129e+00 -5.8363372644e-01
     vertex 8.2500000000e+00 -1.1517038129e+00 -5.8363372644e-01
   endloop
 endfacet
 facet normal  -0.0000000000e+00 -9.8611194905e-01 -1.6608197960e-01
   outer loop
     vertex 8.2500000000e+00 -1.1517038129e+00 -5.8363372644e-01
     vertex 9.0000000000e+00 -1.1517038129e+00 -5.8363372644e-01
     vertex 8.2500000000e+00 -1.2500000000e+00 0.0000000000e+00
   endloop
 endfacet
 facet normal  -0.0000000000e+00 -9.8611194905e-01 -1.6608197960e-01
   outer loop
     vertex 9.0000000000e+00 -1.1517038129e+00 -5.8363372644e-01
     vertex 9.0000000000e+00 -1.2500000000e+00 0.0000000000e+00
     vertex 8.2500000000e+00 -1.2500000000e+00 0.0000000000e+00
   endloop
 endfacet
 facet normal  0.0000000000e+00 -9.8611194905e-01 1.6608197960e-01
   outer loop
     vertex 8.2500000000e+00 -1.2500000000e+00 0.0000000000e+00
     vertex 9.0000000000e+00 -1.2500000000e+00 0.0000000000e+00
     vertex 9.0000000000e+00 -1.1517038129e+00 5.8363372644e-01
   endloop
 endfacet
 facet normal  0.0000000000e+00 -9.8611194905e-01 1.6608197960e-01
   outer loop
     vertex 8.2500000000e+00 -1.2500000000e+00 0.0000000000e+00
     vertex 9.0000000000e+00 -1.1517038129e+00 5.8363372644e-01
     vertex 8.2500000000e+00 -1.1517038129e+00 5.8363372644e-01
   endloop
 endfacet
 facet normal  0.0000000000e+00 -8.7174481044e-01 4.8996018764e-01
   outer loop
     vertex 8.2500000000e+00 -1.1517038129e+00 5.8363372644e-01
     vertex 9.0000000000e+00 -1.1517038129e+00 5.8363372644e-01
     vertex 9.0000000000e+00 -8.8371016773e-01 1.0604522013e+00
   endloop
 endfacet
 facet normal  0.0000000000e+00 -8.7174481044e-01 4.8996018764e-01
   outer loop
     vertex 8.2500000000e+00 -1.1517038129e+00 5.8363372644e-01
     vertex 9.0000000000e+00 -8.8371016773e-01 1.0604522013e+00
     vertex 8.2500000000e+00 -8.8371016773e-01 1.0604522013e+00
   endloop
 endfacet
 facet normal  0.0000000000e+00 -6.2911445675e-01 7.7731267860e-01
   outer loop
     vertex 8.2500000000e+00 -8.8371016773e-01 1.0604522013e+00
     vertex 9.0000000000e+00 -8.8371016773e-01 1.0604522013e+00
     vertex 9.0000000000e+00 -4.8636143870e-01 1.3820445755e+00
   endloop
 endfacet
 facet normal  0.0000000000e+00 -6.2911445675e-01 7.7731267860e-01
   outer loop
     vertex 8.2500000000e+00 -8.8371016773e-01 1.0604522013e+00
     vertex 9.0000000000e+00 -4.8636143870e-01 1.3820445755e+00
     vertex 8.2500000000e+00 -4.8636143870e-01 1.3820445755e+00
   endloop
 endfacet
 facet normal  0.0000000000e+00 -2.3569367195e-01 9.7182739877e-01
   outer loop
     vertex 8.2500000000e+00 -4.8636143870e-01 1.3820445755e+00
     vertex 9.0000000000e+00 -4.8636143870e-01 1.3820445755e+00
     vertex 9.0000000000e+00 0.0000000000e+00 1.5000000000e+00
   endloop
 endfacet
 facet normal  0.0000000000e+00 -2.3569367195e-01 9.7182739877e-01
   outer loop
     vertex 8.2500000000e+00 -4.8636143870e-01 1.3820445755e+00
     vertex 9.0000000000e+00 0.0000000000e+00 1.5000000000e+00
     vertex 8.2500000000e+00 0.0000000000e+00 1.5000000000e+00
   endloop
 endfacet
 facet normal  0.0000000000e+00 2.3569367195e-01 9.7182739877e-01
   outer loop
     vertex 8.2500000000e+00 0.0000000000e+00 1.5000000000e+00
     vertex 9.0000000000e+00 0.0000000000e+00 1.5000000000e+00
     vertex 8.2500000000e+00 4.8636143870e-01 1.3820445755e+00
   endloop
 endfacet
 facet normal  0.0000000000e+00 2.3569367195e-01 9.7182739877e-01
   outer loop
     vertex 9.0000000000e+00 0.0000000000e+00 1.5000000000e+00
     vertex 9.0000000000e+00 4.8636143870e-01 1.3820445755e+00
     vertex 8.2500000000e+00 4.8636143870e-01 1.3820445755e+00
   endloop
 endfacet
 facet normal  0.0000000000e+00 6.2911445675e-01 7.7731267860e-01
   outer loop
     vertex 8.2500000000e+00 4.8636143870e-01 1.3820445755e+00
     vertex 9.0000000000e+00 4.8636143870e-01 1.3820445755e+00
     vertex 8.2500000000e+00 8.8371016773e-01 1.0604522013e+00
   endloop
 endfacet
 facet normal  0.0000000000e+00 6.2911445675e-01 7.7731267860e-01
   outer loop
     vertex 9.0000000000e+00 4.8636143870e-01 1.3820445755e+00
     vertex 9.0000000000e+00 8.8371016773e-01 1.0604522013e+00
     vertex 8.2500000000e+00 8.8371016773e-01 1.0604522013e+00
   endloop
 endfacet
 facet normal  0.0000000000e+00 8.7174481044e-01 4.8996018764e-01
   outer loop
     vertex 8.2500000000e+00 8.8371016773e-01 1.0604522013e+00
     vertex 9.0000000000e+00 8.8371016773e-01 1.0604522013e+00
     vertex 8.2500000000e+00 1.1517038129e+00 5.8363372644e-01
   endloop
 endfacet
 facet normal  0.0000000000e+00 8.7174481044e-01 4.8996018764e-01
   outer loop
     vertex 9.0000000000e+00 8.8371016773e-01 1.0604522013e+00
     vertex 9.0000000000e+00 1.1517038129e+00 5.8363372644e-01
     vertex 8.2500000000e+00 1.1517038129e+00 5.8363372644e-01
   endloop
 endfacet
 facet normal  0.0000000000e+00 9.8611194905e-01 1.6608197960e-01
   outer loop
     vertex 8.2500000000e+00 1.1517038129e+00 5.8363372644e-01
     vertex 9.0000000000e+00 1.1517038129e+00 5.8363372644e-01
     vertex 8.2500000000e+00 1.2500000000e+00 0.0000000000e+00
   endloop
 endfacet
 facet normal  0.0000000000e+00 9.8611194905e-01 1.6608197960e-01
   outer loop
     vertex 9.0000000000e+00 1.1517038129e+00 5.8363372644e-01
     vertex 9.0000000000e+00 1.2500000000e+00 0.0000000000e+00
     vertex 8.2500000000e+00 1.2500000000e+00 0.0000000000e+00
   endloop
 endfacet
 facet normal  0.0000000000e+00 9.8611194905e-01 -1.6608197960e-01
   outer loop
     vertex 9.0000000000e+00 1.2500000000e+00 0.0000000000e+00
     vertex 9.7500000000e+00 1.2500000000e+00 0.0000000000e+00
     vertex 9.7500000000e+00 1.1517038129e+00 -5.8363372644e-01
   endloop
 endfacet
 facet normal  0.0000000000e+00 9.8611194905e-01 -1.6608197960e-01
   outer loop
     vertex 9.0000000000e+00 1.2500000000e+00 0.0000000000e+00
     vertex 9.7500000000e+00 1.1517038129e+00 -5.8363372644e-01
     vertex 9.0000000000e+00 1.1517038129e+00 -5.8363372644e-01
   endloop
 endfacet
 facet normal  0.0000000000e+00 8.7174481044e-01 -4.8996018764e-01
   outer loop
     vertex 9.0000000000e+00 1.1517038129e+00 -5.8363372644e-01
     vertex 9.7500000000e+00 1.1517038129e+00 -5.8363372644e-01
     vertex 9.7500000000e+00 8.8371016773e-01 -1.0604522013e+00
   endloop
 endfacet
 facet normal  0.0000000000e+00 8.7174481044e-01 -4.8996018764e-01
   outer loop
     vertex 9.0000000000e+00 1.1517038129e+00 -5.8363372644e-01
     vertex 9.7500000000e+00 8.8371016773e-01 -1.0604522013e+00
     vertex 9.0000000000e+00 8.8371016773e-01 -1.0604522013e+00
   endloop
 endfacet
 facet normal  0.0000000000e+00 6.2911445675e-01 -7.7731267860e-01
   outer loop
     vertex 9.0000000000e+00 8.8371016773e-01 -1.0604522013e+00
     vertex 9.7500000000e+00 8.8371016773e-01 -1.0604522013e+00
     vertex 9.7500000000e+00 4.8636143870e-01 -1.3820445755e+00
   endloop
 endfacet
 facet normal  0.0000000000e+00 6.2911445675e-01 -7.7731267860e-01
   outer loop
     vertex 9.0000000000e+00 8.8371016773e-01 -1.0604522013e+00
     vertex 9.7500000000e+00 4.8636143870e-01 -1.3820445755e+00
     vertex 9.0000000000e+00 4.8636143870e-01 -1.3820445755e+00
   endloop
 endfacet
 facet normal  0.0000000000e+00 2.3569367195e-01 -9.7182739877e-01
   outer loop
     vertex 9.0000000000e+00 4.8636143870e-01 -1.3820445755e+00
     vertex 9.7500000000e+00 4.8636143870e-01 -1.3820445755e+00
     vertex 9.7500000000e+00 0.0000000000e+00 -1.5000000000e+00
   endloop
 endfacet
 facet normal  0.0000000000e+00 2.3569367195e-01 -9.7182739877e-01
   outer loop
     vertex 9.0000000000e+00 4.8636143870e-01 -1.3820445755e+00
     vertex 9.7500000000e+00 0.0000000000e+00 -1.5000000000e+00
     vertex 9.0000000000e+00 0.0000000000e+00 -1.5000000000e+00
   endloop
 endfacet
 facet normal  -0.0000000000e+00 -2.3569367195e-01 -9.7182739877e-01
   outer loop
     vertex 9.0000000000e+00 0.0000000000e+00 -1.5000000000e+00
     vertex 9.7500000000e+00 0.0000000000e+00 -1.5000000000e+00
     vertex 9.0000000000e+00 -4.8636143870e-01 -1.3820445755e+00
   endloop
 endfacet
 facet normal  -0.0000000000e+00 -2.3569367195e-01 -9.7182739877e-01
   outer loop
     vertex 9.7500000000e+00 0.0000000000e+00 -1.5000000000e+00
     vertex 9.7500000000e+00 -4.8636143870e-01 -1.3820445755e+00
     vertex 9.0000000000e+00 -4.8636143870e-01 -1.3820445755e+00
   endloop
 endfacet
 facet normal  -0.0000000000e+00 -6.2911445675e-01 -7.7731267860e-01
   outer loop
     vertex 9.0000000000e+00 -4.8636143870e-01 -1.3820445755e+00
     vertex 9.7500000000e+00 -4.8636143870e-01 -1.3820445755e+00
     vertex 9.0000000000e+00 -8.8371016773e-01 -1.0604522013e+00
   endloop
 endfacet
 facet normal  -0.0000000000e+00 -6.2911445675e-01 -7.7731267860e-01
   outer loop
     vertex 9.7500000000e+00 -4.8636143870e-01 -1.3820445755e+00
     vertex 9.7500000000e+00 -8.8371016773e-01 -1.0604522013e+00
     vertex 9.0000000000e+00 -8.8371016773e-01 -1.0604522013e+00
   endloop
 endfacet
 facet normal  -0.0000000000e+00 -8.7174481044e-01 -4.8996018764e-01
   outer loop
     vertex 9.0000000000e+00 -8.8371016773e-01 -1.0604522013e+00
     vertex 9.7500000000e+00 -8.8371016773e-01 -1.0604522013e+00
     vertex 9.0000000000e+00 -1.1517038129e+00 -5.8363372644e-01
   endloop
 endfacet
 facet normal  -0.0000000000e+00 -8.7174481044e-01 -4.8996018764e-01
   outer loop
     vertex 9.7500000000e+00 -8.8371016773e-01 -1.0604522013e+00
     vertex 9.7500000000e+00 -1.1517038129e+00 -5.8363372644e-01
     vertex 9.0000000000e+00 -1.1517038129e+00 -5.8363372644e-01
   endloop
 endfacet
 facet normal  -0.0000000000e+00 -9.8611194905e-01 -1.6608197960e-01
   outer loop
     vertex 9.0000000000e+00 -1.1517038129e+00 -5.8363372644e-01
     vertex 9.7500000000e+00 -1.1517038129e+00 -5.8363372644e-01
     vertex 9.0000000000e+00 -1.2500000000e+00 0.0000000000e+00
   endloop
 endfacet
 facet normal  -0.0000000000e+00 -9.8611194905e-01 -1.6608197960e-01
   outer loop
     vertex 9.7500000000e+00 -1.1517038129e+00 -5.8363372644e-01
     vertex 9.7500000000e+00 -1.2500000000e+00 0.0000000000e+00
     vertex 9.0000000000e+00 -1.2500000000e+00 0.0000000000e+00
   endloop
 endfacet
 facet normal  0.0000000000e+00 -9.8611194905e-01 1.6608197960e-01
   outer loop
     vertex 9.0000000000e+00 -1.2500000000e+00 0.0000000000e+00
     vertex 9.7500000000e+00 -1.2500000000e+00 0.0000000000e+00
     vertex 9.7500000000e+00 -1.1517038129e+00 5.8363372644e-01
   endloop
 endfacet
 facet normal  0.0000000000e+00 -9.8611194905e-01 1.6608197960e-01
   outer loop
     vertex 9.0000000000e+00 -1.2500000000e+00 0.0000000000e+00
     vertex 9.7500000000e+00 -1.1517038129e+00 5.8363372644e-01
     vertex 9.0000000000e+00 -1.1517038129e+00 5.8363372644e-01
   endloop
 endfacet
 facet normal  0.0000000000e+00 -8.7174481044e-01 4.8996018764e-01
   outer loop
     vertex 9.0000000000e+00 -1.1517038129e+00 5.8363372644e-01
     vertex 9.7500000000e+00 -1.1517038129e+00 5.8363372644e-01
     vertex 9.7500000000e+00 -8.8371016773e-01 1.0604522013e+00
   endloop
 endfacet
 facet normal  0.0000000000e+00 -8.7174481044e-01 4.8996018764e-01
   outer loop
     vertex 9.0000000000e+00 -1.1517038129e+00 5.8363372644e-01
     vertex 9.7500000000e+00 -8.8371016773e-01 1.0604522013e+00
     vertex 9.0000000000e+00 -8.8371016773e-01 1.0604522013e+00
   endloop
 endfacet
 facet normal  0.0000000000e+00 -6.2911445675e-01 7.7731267860e-01
   outer loop
     vertex 9.0000000000e+00 -8.8371016773e-01 1.0604522013e+00
     vertex 9.7500000000e+00 -8.8371016773e-01 1.0604522013e+00
     vertex 9.7500000000e+00 -4.8636143870e-01 1.3820445755e+00
   endloop
 endfacet
 facet normal  0.0000000000e+00 -6.2911445675e-01 7.7731267860e-01
   outer loop
     vertex 9.0000000000e+00 -8.8371016773e-01 1.0604522013e+00
     vertex 9.7500000000e+00 -4.8636143870e-01 1.3820445755e+00
     vertex 9.0000000000e+00 -4.8636143870e-01 1.3820445755e+00
   endloop
 endfacet
 facet normal  0.0000000000e+00 -2.3569367195e-01 9.7182739877e-01
   outer loop
     vertex 9.0000000000e+00 -4.8636143870e-01 1.3820445755e+00
     vertex 9.7500000000e+00 -4.8636143870e-01 1.3820445755e+00
     vertex 9.7500000000e+00 0.0000000000e+00 1.5000000000e+00
   endloop
 endfacet
 facet normal  0.0000000000e+00 -2.3569367195e-01 9.7182739877e-01
   outer loop
     vertex 9.0000000000e+00 -4.8636143870e-01 1.3820445755e+00
     vertex 9.7500000000e+00 0.0000000000e+00 1.5000000000e+00
     vertex 9.0000000000e+00 0.0000000000e+00 1.5000000000e+00
   endloop
 endfacet
 facet normal  0.0000000000e+00 2.3569367195e-01 9.7182739877e-01
   outer loop
     vertex 9.0000000000e+00 0.0000000000e+00 1.5000000000e+00
     vertex 9.7500000000e+00 0.0000000000e+00 1.5000000000e+00
     vertex 9.0000000000e+00 4.8636143870e-01 1.3820445755e+00
   endloop
 endfacet
 facet normal  0.0000000000e+00 2.3569367195e-01 9.7182739877e-01
   outer loop
     vertex 9.7500000000e+00 0.0000000000e+00 1.5000000000e+00
     vertex 9.7500000000e+00 4.8636143870e-01 1.3820445755e+00
     vertex 9.0000000000e+00 4.8636143870e-01 1.3820445755e+00
   endloop
 endfacet
 facet normal  0.0000000000e+00 6.2911445675e-01 7.7731267860e-01
   outer loop
     vertex 9.0000000000e+00 4.8636143870e-01 1.3820445755e+00
     vertex 9.7500000000e+00 4.8636143870e-01 1.3820445755e+00
     vertex 9.0000000000e+00 8.8371016773e-01 1.0604522013e+00
   endloop
 endfacet
 facet normal  0.0000000000e+00 6.2911445675e-01 7.7731267860e-01
   outer loop
     vertex 9.7500000000e+00 4.8636143870e-01 1.3820445755e+00
     vertex 9.7500000000e+00 8.8371016773e-01 1.0604522013e+00
     vertex 9.0000000000e+00 8.8371016773e-01 1.0604522013e+00
   endloop
 endfacet
 facet normal  0.0000000000e+00 8.7174481044e-01 4.8996018764e-01
   outer loop
     vertex 9.0000000000e+00 8.8371016773e-01 1.0604522013e+00
     vertex 9.7500000000e+00 8.8371016773e-01 1.0604522013e+00
     vertex 9.0000000000e+00 1.1517038129e+00 5.8363372644e-01
   endloop
 endfacet
 facet normal  0.0000000000e+00 8.7174481044e-01 4.8996018764e-01
   outer loop
     vertex 9.7500000000e+00 8.8371016773e-01 1.0604522013e+00
     vertex 9.7500000000e+00 1.1517038129e+00 5.8363372644e-01
     vertex 9.0000000000e+00 1.1517038129e+00 5.8363372644e-01
   endloop
 endfacet
 facet normal  0.0000000000e+00 9.8611194905e-01 1.6608197960e-01
   outer loop
     vertex 9.0000000000e+00 1.1517038129e+00 5.8363372644e-01
     vertex 9.7500000000e+00 1.1517038129e+00 5.8363372644e-01
     vertex 9.0000000000e+00 1.2500000000e+00 0.0000000000e+00
   endloop
 endfacet
 facet normal  0.0000000000e+00 9.8611194905e-01 1.6608197960e-01
   outer loop
     vertex 9.7500000000e+00 1.1517038129e+00 5.8363372644e-01
     vertex 9.7500000000e+00 1.2500000000e+00 0.0000000000e+00
     vertex 9.0000000000e+00 1.2500000000e+00 0.0000000000e+00
   endloop
 endfacet
 facet normal  0.0000000000e+00 9.8611194905e-01 -1.6608197960e-01
   outer loop
     vertex 9.7500000000e+00 1.2500000000e+00 0.0000000000e+00
     vertex 1.0500000000e+01 1.2500000000e+00 0.0000000000e+00
     vertex 1.0500000000e+01 1.1517038129e+00 -5.8363372644e-01
   endloop
 endfacet
 facet normal  0.0000000000e+00 9.8611194905e-01 -1.6608197960e-01
   outer loop
     vertex 9.7500000000e+00 1.2500000000e+00 0.0000000000e+00
     vertex 1.0500000000e+01 1.1517038129e+00 -5.8363372644e-01
     vertex 9.7500000000e+00 1.1517038129e+00 -5.8363372644e-01
   endloop
 endfacet
 facet normal  0.0000000000e+00 8.7174481044e-01 -4.8996018764e-01
   outer loop
     vertex 9.7500000000e+00 1.1517038129e+00 -5.8363372644e-01
     vertex 1.0500000000e+01 1.1517038129e+00 -5.8363372644e-01
     vertex 1.0500000000e+01 8.8371016773e-01 -1.0604522013e+00
   endloop
 endfacet
 facet normal  0.0000000000e+00 8.7174481044e-01 -4.8996018764e-01
   outer loop
     vertex 9.7500000000e+00 1.1517038129e+00 -5.8363372644e-01
     vertex 1.0500000000e+01 8.8371016773e-01 -1.0604522013e+00
     vertex 9.7500000000e+00 8.8371016773e-01 -1.0604522013e+00
   endloop
 endfacet
 facet normal  0.0000000000e+00 6.2911445675e-01 -7.7731267860e-01
   outer loop
     vertex 9.7500000000e+00 8.8371016773e-01 -1.0604522013e+00
     vertex 1.0500000000e+01 8.8371016773e-01 -1.0604522013e+00
     vertex 1.0500000000e+01 4.8636143870e-01 -1.3820445755e+00
   endloop
 endfacet
 facet normal  0.0000000000e+00 6.2911445675e-01 -7.7731267860e-01
   outer loop
     vertex 9.7500000000e+00 8.8371016773e-01 -1.0604522013e+00
     vertex 1.0500000000e+01 4.8636143870e-01 -1.3820445755e+00
     vertex 9.7500000000e+00 4.8636143870e-01 -1.3820445755e+00
   endloop
 endfacet
 facet normal  0.0000000000e+00 2.3569367195e-01 -9.7182739877e-01
   outer loop
     vertex 9.7500000000e+00 4.8636143870e-01 -1.3820445755e+00
     vertex 1.0500000000e+01 4.8636143870e-01 -1.3820445755e+00
     vertex 1.0500000000e+01 0.0000000000e+00 -1.5000000000e+00
   endloop
 endfacet
 facet normal  0.0000000000e+00 2.3569367195e-01 -9.7182739877e-01
   outer loop
     vertex 9.7500000000e+00 4.8636143870e-01 -1.3820445755e+00
     vertex 1.0500000000e+01 0.0000000000e+00 -1.5000000000e+00
     vertex 9.7500000000e+00 0.0000000000e+00 -1.5000000000e+00
   endloop
 endfacet
 facet normal  -0.0000000000e+00 -2.3569367195e-01 -9.7182739877e-01
   outer loop
     vertex 9.7500000000e+00 0.0000000000e+00 -1.5000000000e+00
     vertex 1.0500000000e+01 0.0000000000e+00 -1.5000000000e+00
     vertex 9.7500000000e+00 -4.8636143870e-01 -1.3820445755e+00
   endloop
 endfacet
 facet normal  -0.0000000000e+00 -2.3569367195e-01 -9.7182739877e-01
   outer loop
     vertex 1.0500000000e+01 0.0000000000e+00 -1.5000000000e+00
     vertex 1.0500000000e+01 -4.8636143870e-01 -1.3820445755e+00
     vertex 9.7500000000e+00 -4.8636143870e-01 -1.3820445755e+00
   endloop
 endfacet
 facet normal  -0.0000000000e+00 -6.2911445675e-01 -7.7731267860e-01
   outer loop
     vertex 9.7500000000e+00 -4.8636143870e-01 -1.3820445755e+00
     vertex 1.0500000000e+01 -4.8636143870e-01 -1.3820445755e+00
     vertex 9.7500000000e+00 -8.8371016773e-01 -1.0604522013e+00
   endloop
 endfacet
 facet normal  -0.0000000000e+00 -6.2911445675e-01 -7.7731267860e-01
   outer loop
     vertex 1.0500000000e+01 -4.8636143870e-01 -1.3820445755e+00
     vertex 1.0500000000e+01 -8.8371016773e-01 -1.0604522013e+00
     vertex 9.7500000000e+00 -8.8371016773e-01 -1.0604522013e+00
   endloop
 endfacet
 facet normal  -0.0000000000e+00 -8.7174481044e-01 -4.8996018764e-01
   outer loop
     vertex 9.7500000000e+00 -8.8371016773e-01 -1.0604522013e+00
     vertex 1.0500000000e+01 -8.8371016773e-01 -1.0604522013e+00
     vertex 9.7500000000e+00 -1.1517038129e+00 -5.8363372644e-01
   endloop
 endfacet
 facet normal  -0.0000000000e+00 -8.7174481044e-01 -4.8996018764e-01
   outer loop
     vertex 1.0500000000e+01 -8.8371016773e-01 -1.0604522013e+00
     vertex 1.0500000000e+01 -1.1517038129e+00 -5.8363372644e-01
     vertex 9.7500000000e+00 -1.1517038129e+00 -5.8363372644e-01
   endloop
 endfacet
 facet normal  -0.0000000000e+00 -9.8611194905e-01 -1.6608197960e-01
   outer loop
     vertex 9.7500000000e+00 -1.1517038129e+00 -5.8363372644e-01
     vertex 1.0500000000e+01 -1.1517038129e+00 -5.8363372644e-01
     vertex 9.7500000000e+00 -1.2500000000e+00 0.0000000000e+00
   endloop
 endfacet
 facet normal  -0.0000000000e+00 -9.8611194905e-01 -1.6608197960e-01
   outer loop
     vertex 1.0500000000e+01 -1.1517038129e+00 -5.8363372644e-01
     vertex 1.0500000000e+01 -1.2500000000e+00 0.0000000000e+00
     vertex 9.7500000000e+00 -1.2500000000e+00 0.0000000000e+00
   endloop
 endfacet
 facet normal  0.0000000000e+00 -9.8611194905e-01 1.6608197960e-01
   outer loop
     vertex 9.7500000000e+00 -1.2500000000e+00 0.0000000000e+00
     vertex 1.0500000000e+01 -1.2500000000e+00 0.0000000000e+00
     vertex 1.0500000000e+01 -1.1517038129e+00 5.8363372644e-01
   endloop
 endfacet
 facet normal  0.0000000000e+00 -9.8611194905e-01 1.6608197960e-01
   outer loop
     vertex 9.7500000000e+00 -1.2500000000e+00 0.0000000000e+00
     vertex 1.0500000000e+01 -1.1517038129e+00 5.8363372644e-01
     vertex 9.7500000000e+00 -1.1517038129e+00 5.8363372644e-01
   endloop
 endfacet
 facet normal  0.0000000000e+00 -8.7174481044e-01 4.8996018764e-01
   outer loop
     vertex 9.7500000000e+00 -1.1517038129e+00 5.8363372644e-01
     vertex 1.0500000000e+01 -1.1517038129e+00 5.8363372644e-01
     vertex 1.0500000000e+01 -8.8371016773e-01 1.0604522013e+00
   endloop
 endfacet
 facet normal  0.0000000000e+00 -8.7174481044e-01 4.8996018764e-01
   outer loop
     vertex 9.7500000000e+00 -1.1517038129e+00 5.8363372644e-01
     vertex 1.0500000000e+01 -8.8371016773e-01 1.0604522013e+00
     vertex 9.7500000000e+00 -8.8371016773e-01 1.0604522013e+00
   endloop
 endfacet
 facet normal  0.0000000000e+00 -6.2911445675e-01 7.7731267860e-01
   outer loop
     vertex 9.7500000000e+00 -8.8371016773e-01 1.0604522013e+00
     vertex 1.0500000000e+01 -8.8371016773e-01 1.0604522013e+00
     vertex 1.0500000000e+01 -4.8636143870e-01 1.3820445755e+00
   endloop
 endfacet
 facet normal  0.0000000000e+00 -6.2911445675e-01 7.7731267860e-01
   outer loop
     vertex 9.7500000000e+00 -8.8371016773e-01 1.0604522013e+00
     vertex 1.0500000000e+01 -4.8636143870e-01 1.3820445755e+00
     vertex 9.7500000000e+00 -4.8636143870e-01 1.3820445755e+00
   endloop
 endfacet
 facet normal  0.0000000000e+00 -2.3569367195e-01 9.7182739877e-01
   outer loop
     vertex 9.7500000000e+00 -4.8636143870e-01 1.3820445755e+00
     vertex 1.0500000000e+01 -4.8636143870e-01 1.3820445755e+00
     vertex 1.0500000000e+01 0.0000000000e+00 1.5000000000e+00
   endloop
 endfacet
 facet normal  0.0000000000e+00 -2.3569367195e-01 9.7182739877e-01
   outer loop
     vertex 9.7500000000e+00 -4.8636143870e-01 1.3820445755e+00
     vertex 1.0500000000e+01 0.0000000000e+00 1.5000000000e+00
     vertex 9.7500000000e+00 0.0000000000e+00 1.5000000000e+00
   endloop
 endfacet
 facet normal  0.0000000000e+00 2.3569367195e-01 9.7182739877e-01
   outer loop
     vertex 9.7500000000e+00 0.0000000000e+00 1.5000000000e+00
     vertex 1.0500000000e+01 0.0000000000e+00 1.5000000000e+00
     vertex 9.7500000000e+00 4.8636143870e-01 1.3820445755e+00
   endloop
 endfacet
 facet normal  0.0000000000e+00 2.3569367195e-01 9.7182739877e-01
   outer loop
     vertex 1.0500000000e+01 0.0000000000e+00 1.5000000000e+00
     vertex 1.0500000000e+01 4.8636143870e-01 1.3820445755e+00
     vertex 9.7500000000e+00 4.8636143870e-01 1.3820445755e+00
   endloop
 endfacet
 facet normal  0.0000000000e+00 6.2911445675e-01 7.7731267860e-01
   outer loop
     vertex 9.7500000000e+00 4.8636143870e-01 1.3820445755e+00
     vertex 1.0500000000e+01 4.8636143870e-01 1.3820445755e+00
     vertex 9.7500000000e+00 8.8371016773e-01 1.0604522013e+00
   endloop
 endfacet
 facet normal  0.0000000000e+00 6.2911445675e-01 7.7731267860e-01
   outer loop
     vertex 1.0500000000e+01 4.8636143870e-01 1.3820445755e+00
     vertex 1.0500000000e+01 8.8371016773e-01 1.0604522013e+00
     vertex 9.7500000000e+00 8.8371016773e-01 1.0604522013e+00
   endloop
 endfacet
 facet normal  0.0000000000e+00 8.7174481044e-01 4.8996018764e-01
   outer loop
     vertex 9.7500000000e+00 8.8371016773e-01 1.0604522013e+00
     vertex 1.0500000000e+01 8.8371016773e-01 1.0604522013e+00
     vertex 9.7500000000e+00 1.1517038129e+00 5.8363372644e-01
   endloop
 endfacet
 facet normal  0.0000000000e+00 8.7174481044e-01 4.8996018764e-01
   outer loop
     vertex 1.0500000000e+01 8.8371016773e-01 1.0604522013e+00
     vertex 1.0500000000e+01 1.1517038129e+00 5.8363372644e-01
     vertex 9.7500000000e+00 1.1517038129e+00 5.8363372644e-01
   endloop
 endfacet
 facet normal  0.0000000000e+00 9.8611194905e-01 1.6608197960e-01
   outer loop
     vertex 9.7500000000e+00 1.1517038129e+00 5.8363372644e-01
     vertex 1.0500000000e+01 1.1517038129e+00 5.8363372644e-01
     vertex 9.7500000000e+00 1.2500000000e+00 0.0000000000e+00
   endloop
 endfacet
 facet normal  0.0000000000e+00 9.8611194905e-01 1.6608197960e-01
   outer loop
     vertex 1.0500000000e+01 1.1517038129e+00 5.8363372644e-01
     vertex 1.0500000000e+01 1.2500000000e+00 0.0000000000e+00
     vertex 9.7500000000e+00 1.2500000000e+00 0.0000000000e+00
   endloop
 endfacet
 facet normal  0.0000000000e+00 9.8611194905e-01 -1.6608197960e-01
   outer loop
     vertex 1.0500000000e+01 1.2500000000e+00 0.0000000000e+00
     vertex 1.1250000000e+01 1.2500000000e+00 0.0000000000e+00
     vertex 1.1250000000e+01 1.1517038129e+00 -5.8363372644e-01
   endloop
 endfacet
 facet normal  0.0000000000e+00 9.8611194905e-01 -1.6608197960e-01
   outer loop
     vertex 1.0500000000e+01 1.2500000000e+00 0.0000000000e+00
     vertex 1.1250000000e+01 1.1517038129e+00 -5.8363372644e-01
     vertex 1.0500000000e+01 1.1517038129e+00 -5.8363372644e-01
   endloop
 endfacet
 facet normal  0.0000000000e+00 8.7174481044e-01 -4.8996018764e-01
   outer loop
     vertex 1.0500000000e+01 1.1517038129e+00 -5.8363372644e-01
     vertex 1.1250000000e+01 1.1517038129e+00 -5.8363372644e-01
     vertex 1.1250000000e+01 8.8371016773e-01 -1.0604522013e+00
   endloop
 endfacet
 facet normal  0.0000000000e+00 8.7174481044e-01 -4.8996018764e-01
   outer loop
     vertex 1.0500000000e+01 1.1517038129e+00 -5.8363372644e-01
     vertex 1.1250000000e+01 8.8371016773e-01 -1.0604522013e+00
     vertex 1.0500000000e+01 8.8371016773e-01 -1.0604522013e+00
   endloop
 endfacet
 facet normal  0.0000000000e+00 6.2911445675e-01 -7.7731267860e-01
   outer loop
     vertex 1.0500000000e+01 8.8371016773e-01 -1.0604522013e+00
     vertex 1.1250000000e+01 8.8371016773e-01 -1.0604522013e+00
     vertex 1.1250000000e+01 4.8636143870e-01 -1.3820445755e+00
   endloop
 endfacet
 facet normal  0.0000000000e+00 6.2911445675e-01 -7.7731267860e-01
   outer loop
     vertex 1.0500000000e+01 8.8371016773e-01 -1.0604522013e+00
     vertex 1.1250000000e+01 4.8636143870e-01 -1.3820445755e+00
     vertex 1.0500000000e+01 4.8636143870e-01 -1.3820445755e+00
   endloop
 endfacet
 facet normal  0.0000000000e+00 2.3569367195e-01 -9.7182739877e-01
   outer loop
     vertex 1.0500000000e+01 4.8636143870e-01 -1.3820445755e+00
     vertex 1.1250000000e+01 4.8636143870e-01 -1.3820445755e+00
     vertex 1.1250000000e+01 0.0000000000e+00 -1.5000000000e+00
   endloop
 endfacet
 facet normal  0.0000000000e+00 2.3569367195e-01 -9.7182739877e-01
   outer loop
     vertex 1.0500000000e+01 4.8636143870e-01 -1.3820445755e+00
     vertex 1.1250000000e+01 0.0000000000e+00 -1.5000000000e+00
     vertex 1.0500000000e+01 0.0000000000e+00 -1.5000000000e+00
   endloop
 endfacet
 facet normal  -0.0000000000e+00 -2.3569367195e-01 -9.7182739877e-01
   outer loop
     vertex 1.0500000000e+01 0.0000000000e+00 -1.5000000000e+00
     vertex 1.1250000000e+01 0.0000000000e+00 -1.5000000000e+00
     vertex 1.0500000000e+01 -4.8636143870e-01 -1.3820445755e+00
   endloop
 endfacet
 facet normal  -0.0000000000e+00 -2.3569367195e-01 -9.7182739877e-01
   outer loop
     vertex 1.1250000000e+01 0.0000000000e+00 -1.5000000000e+00
     vertex 1.1250000000e+01 -4.8636143870e-01 -1.3820445755e+00
     vertex 1.0500000000e+01 -4.8636143870e-01 -1.3820445755e+00
   endloop
 endfacet
 facet normal  -0.0000000000e+00 -6.2911445675e-01 -7.7731267860e-01
   outer loop
     vertex 1.0500000000e+01 -4.8636143870e-01 -1.3820445755e+00
     vertex 1.1250000000e+01 -4.8636143870e-01 -1.3820445755e+00
     vertex 1.0500000000e+01 -8.8371016773e-01 -1.0604522013e+00
   endloop
 endfacet
 facet normal  -9.3127647335e-17 -6.2911445675e-01 -7.7731267860e-01
   outer loop
     vertex 1.1250000000e+01 -4.8636143870e-01 -1.3820445755e+00
     vertex 1.1250000000e+01 -8.8371016773e-01 -1.0604522013e+00
     vertex 1.0500000000e+01 -8.8371016773e-01 -1.0604522013e+00
   endloop
 endfacet
 facet normal  -1.2904415469e-16 -8.7174481044e-01 -4.8996018764e-01
   outer loop
     vertex 1.0500000000e+01 -8.8371016773e-01 -1.0604522013e+00
     vertex 1.1250000000e+01 -8.8371016773e-01 -1.0604522013e+00
     vertex 1.0500000000e+01 -1.1517038129e+00 -5.8363372644e-01
   endloop
 endfacet
 facet normal  -0.0000000000e+00 -8.7174481044e-01 -4.8996018764e-01
   outer loop
     vertex 1.1250000000e+01 -8.8371016773e-01 -1.0604522013e+00
     vertex 1.1250000000e+01 -1.1517038129e+00 -5.8363372644e-01
     vertex 1.0500000000e+01 -1.1517038129e+00 -5.8363372644e-01
   endloop
 endfacet
 facet normal  -0.0000000000e+00 -9.8611194905e-01 -1.6608197960e-01
   outer loop
     vertex 1.0500000000e+01 -1.1517038129e+00 -5.8363372644e-01
     vertex 1.1250000000e+01 -1.1517038129e+00 -5.8363372644e-01
     vertex 1.0500000000e+01 -1.2500000000e+00 0.0000000000e+00
   endloop
 endfacet
 facet normal  -0.0000000000e+00 -9.8611194905e-01 -1.6608197960e-01
   outer loop
     vertex 1.1250000000e+01 -1.1517038129e+00 -5.8363372644e-01
     vertex 1.1250000000e+01 -1.2500000000e+00 0.0000000000e+00
     vertex 1.0500000000e+01 -1.2500000000e+00 0.0000000000e+00
   endloop
 endfacet
 facet normal  0.0000000000e+00 -9.8611194905e-01 1.6608197960e-01
   outer loop
     vertex 1.0500000000e+01 -1.2500000000e+00 0.0000000000e+00
     vertex 1.1250000000e+01 -1.2500000000e+00 0.0000000000e+00
     vertex 1.1250000000e+01 -1.1517038129e+00 5.8363372644e-01
   endloop
 endfacet
 facet normal  0.0000000000e+00 -9.8611194905e-01 1.6608197960e-01
   outer loop
     vertex 1.0500000000e+01 -1.2500000000e+00 0.0000000000e+00
     vertex 1.1250000000e+01 -1.1517038129e+00 5.8363372644e-01
     vertex 1.0500000000e+01 -1.1517038129e+00 5.8363372644e-01
   endloop
 endfacet
 facet normal  0.0000000000e+00 -8.7174481044e-01 4.8996018764e-01
   outer loop
     vertex 1.0500000000e+01 -1.1517038129e+00 5.8363372644e-01
     vertex 1.1250000000e+01 -1.1517038129e+00 5.8363372644e-01
     vertex 1.1250000000e+01 -8.8371016773e-01 1.0604522013e+00
   endloop
 endfacet
 facet normal  -1.2904415469e-16 -8.7174481044e-01 4.8996018764e-01
   outer loop
     vertex 1.0500000000e+01 -1.1517038129e+00 5.8363372644e-01
     vertex 1.1250000000e+01 -8.8371016773e-01 1.0604522013e+00
     vertex 1.0500000000e+01 -8.8371016773e-01 1.0604522013e+00
   endloop
 endfacet
 facet normal  -9.3127647335e-17 -6.2911445675e-01 7.7731267860e-01
   outer loop
     vertex 1.0500000000e+01 -8.8371016773e-01 1.0604522013e+00
     vertex 1.1250000000e+01 -8.8371016773e-01 1.0604522013e+00
     vertex 1.1250000000e+01 -4.8636143870e-01 1.3820445755e+00
   endloop
 endfacet
 facet normal  0.0000000000e+00 -6.2911445675e-01 7.7731267860e-01
   outer loop
     vertex 1.0500000000e+01 -8.8371016773e-01 1.0604522013e+00
     vertex 1.1250000000e+01 -4.8636143870e-01 1.3820445755e+00
     vertex 1.0500000000e+01 -4.8636143870e-01 1.3820445755e+00
   endloop
 endfacet
 facet normal  0.0000000000e+00 -2.3569367195e-01 9.7182739877e-01
   outer loop
     vertex 1.0500000000e+01 -4.8636143870e-01 1.3820445755e+00
     vertex 1.1250000000e+01 -4.8636143870e-01 1.3820445755e+00
     vertex 1.1250000000e+01 0.0000000000e+00 1.5000000000e+00
   endloop
 endfacet
 facet normal  0.0000000000e+00 -2.3569367195e-01 9.7182739877e-01
   outer loop
     vertex 1.0500000000e+01 -4.8636143870e-01 1.3820445755e+00
     vertex 1.1250000000e+01 0.0000000000e+00 1.5000000000e+00
     vertex 1.0500000000e+01 0.0000000000e+00 1.5000000000e+00
   endloop
 endfacet
 facet normal  0.0000000000e+00 2.3569367195e-01 9.7182739877e-01
   outer loop
     vertex 1.0500000000e+01 0.0000000000e+00 1.5000000000e+00
     vertex 1.1250000000e+01 0.0000000000e+00 1.5000000000e+00
     vertex 1.0500000000e+01 4.8636143870e-01 1.3820445755e+00
   endloop
 endfacet
 facet normal  0.0000000000e+00 2.3569367195e-01 9.7182739877e-01
   outer loop
     vertex 1.1250000000e+01 0.0000000000e+00 1.5000000000e+00
     vertex 1.1250000000e+01 4.8636143870e-01 1.3820445755e+00
     vertex 1.0500000000e+01 4.8636143870e-01 1.3820445755e+00
   endloop
 endfacet
 facet normal  0.0000000000e+00 6.2911445675e-01 7.7731267860e-01
   outer loop
     vertex 1.0500000000e+01 4.8636143870e-01 1.3820445755e+00
     vertex 1.1250000000e+01 4.8636143870e-01 1.3820445755e+00
     vertex 1.0500000000e+01 8.8371016773e-01 1.0604522013e+00
   endloop
 endfacet
 facet normal  0.0000000000e+00 6.2911445675e-01 7.7731267860e-01
   outer loop
     vertex 1.1250000000e+01 4.8636143870e-01 1.3820445755e+00
     vertex 1.1250000000e+01 8.8371016773e-01 1.0604522013e+00
     vertex 1.0500000000e+01 8.8371016773e-01 1.0604522013e+00
   endloop
 endfacet
 facet normal  0.0000000000e+00 8.7174481044e-01 4.8996018764e-01
   outer loop
     vertex 1.0500000000e+01 8.8371016773e-01 1.0604522013e+00
     vertex 1.1250000000e+01 8.8371016773e-01 1.0604522013e+00
     vertex 1.0500000000e+01 1.1517038129e+00 5.8363372644e-01
   endloop
 endfacet
 facet normal  0.0000000000e+00 8.7174481044e-01 4.8996018764e-01
   outer loop
     vertex 1.1250000000e+01 8.8371016773e-01 1.0604522013e+00
     vertex 1.1250000000e+01 1.1517038129e+00 5.8363372644e-01
     vertex 1.0500000000e+01 1.1517038129e+00 5.8363372644e-01
   endloop
 endfacet
 facet normal  0.0000000000e+00 9.8611194905e-01 1.6608197960e-01
   outer loop
     vertex 1.0500000000e+01 1.1517038129e+00 5.8363372644e-01
     vertex 1.1250000000e+01 1.1517038129e+00 5.8363372644e-01
     vertex 1.0500000000e+01 1.2500000000e+00 0.0000000000e+00
   endloop
 endfacet
 facet normal  0.0000000000e+00 9.8611194905e-01 1.6608197960e-01
   outer loop
     vertex 1.1250000000e+01 1.1517038129e+00 5.8363372644e-01
     vertex 1.1250000000e+01 1.2500000000e+00 0.0000000000e+00
     vertex 1.0500000000e+01 1.2500000000e+00 0.0000000000e+00
   endloop
 endfacet
 facet normal  7.5365246943e-02 9.8281821615e-01 -1.6848867484e-01
   outer loop
     vertex 1.1250000000e+01 1.2500000000e+00 0.0000000000e+00
     vertex 1.2051458042e+01 1.1885419580e+00 0.0000000000e+00
     vertex 1.2051458042e+01 1.0945782498e+00 -5.4810356907e-01
   endloop
 endfacet
 facet normal  7.7416836274e-02 9.8315244285e-01 -1.6558353655e-01
   outer loop
     vertex 1.1250000000e+01 1.2500000000e+00 0.0000000000e+00
     vertex 1.2051458042e+01 1.0945782498e+00 -5.4810356907e-01
     vertex 1.1250000000e+01 1.1517038129e+00 -5.8363372644e-01
   endloop
 endfacet
 facet normal  8.3581593654e-02 8.6605541901e-01 -4.9291188706e-01
   outer loop
     vertex 1.1250000000e+01 1.1517038129e+00 -5.8363372644e-01
     vertex 1.2051458042e+01 1.0945782498e+00 -5.4810356907e-01
     vertex 1.2051458042e+01 8.3892690638e-01 -9.9728776844e-01
   endloop
 endfacet
 facet normal  8.6994318865e-02 8.6843985820e-01 -4.8810265434e-01
   outer loop
     vertex 1.1250000000e+01 1.1517038129e+00 -5.8363372644e-01
     vertex 1.2051458042e+01 8.3892690638e-01 -9.9728776844e-01
     vertex 1.1250000000e+01 8.8371016773e-01 -1.0604522013e+00
   endloop
 endfacet
 facet normal  9.5990803281e-02 6.2342675867e-01 -7.7596703684e-01
   outer loop
     vertex 1.1250000000e+01 8.8371016773e-01 -1.0604522013e+00
     vertex 1.2051458042e+01 8.3892690638e-01 -9.9728776844e-01
     vertex 1.2051458042e+01 4.6094759926e-01 -1.3009635731e+00
   endloop
 endfacet
 facet normal  9.8111559271e-02 6.2607924542e-01 -7.7356247349e-01
   outer loop
     vertex 1.1250000000e+01 8.8371016773e-01 -1.0604522013e+00
     vertex 1.2051458042e+01 4.6094759926e-01 -1.3009635731e+00
     vertex 1.1250000000e+01 4.8636143870e-01 -1.3820445755e+00
   endloop
 endfacet
 facet normal  1.0520039706e-01 2.3396295572e-01 -9.6653722733e-01
   outer loop
     vertex 1.1250000000e+01 4.8636143870e-01 -1.3820445755e+00
     vertex 1.2051458042e+01 4.6094759926e-01 -1.3009635731e+00
     vertex 1.2051458042e+01 -1.0658141036e-17 -1.4125419580e+00
   endloop
 endfacet
 facet normal  1.0545801420e-01 2.3437938662e-01 -9.6640825243e-01
   outer loop
     vertex 1.1250000000e+01 4.8636143870e-01 -1.3820445755e+00
     vertex 1.2051458042e+01 -1.0658141036e-17 -1.4125419580e+00
     vertex 1.1250000000e+01 0.0000000000e+00 -1.5000000000e+00
   endloop
 endfacet
 facet normal  1.0545801420e-01 -2.3437938662e-01 -9.6640825243e-01
   outer loop
     vertex 1.1250000000e+01 0.0000000000e+00 -1.5000000000e+00
     vertex 1.2051458042e+01 -1.0658141036e-17 -1.4125419580e+00
     vertex 1.1250000000e+01 -4.8636143870e-01 -1.3820445755e+00
   endloop
 endfacet
 facet normal  1.0520039706e-01 -2.3396295572e-01 -9.6653722733e-01
   outer loop
     vertex 1.2051458042e+01 -1.0658141036e-17 -1.4125419580e+00
     vertex 1.2051458042e+01 -4.6094759926e-01 -1.3009635731e+00
     vertex 1.1250000000e+01 -4.8636143870e-01 -1.3820445755e+00
   endloop
 endfacet
 facet normal  9.8111559271e-02 -6.2607924542e-01 -7.7356247349e-01
   outer loop
     vertex 1.1250000000e+01 -4.8636143870e-01 -1.3820445755e+00
     vertex 1.2051458042e+01 -4.6094759926e-01 -1.3009635731e+00
     vertex 1.1250000000e+01 -8.8371016773e-01 -1.0604522013e+00
   endloop
 endfacet
 facet normal  9.5990803281e-02 -6.2342675867e-01 -7.7596703684e-01
   outer loop
     vertex 1.2051458042e+01 -4.6094759926e-01 -1.3009635731e+00
     vertex 1.2051458042e+01 -8.3892690638e-01 -9.9728776844e-01
     vertex 1.1250000000e+01 -8.8371016773e-01 -1.0604522013e+00
   endloop
 endfacet
 facet normal  8.6994318865e-02 -8.6843985820e-01 -4.8810265434e-01
   outer loop
     vertex 1.1250000000e+01 -8.8371016773e-01 -1.0604522013e+00
     vertex 1.2051458042e+01 -8.3892690638e-01 -9.9728776844e-01
     vertex 1.1250000000e+01 -1.1517038129e+00 -5.8363372644e-01
   endloop
 endfacet
 facet normal  8.3581593654e-02 -8.6605541901e-01 -4.9291188706e-01
   outer loop
     vertex 1.2051458042e+01 -8.3892690638e-01 -9.9728776844e-01
     vertex 1.2051458042e+01 -1.0945782498e+00 -5.4810356907e-01
     vertex 1.1250000000e+01 -1.1517038129e+00 -5.8363372644e-01
   endloop
 endfacet
 facet normal  7.7416836274e-02 -9.8315244285e-01 -1.6558353655e-01
   outer loop
     vertex 1.1250000000e+01 -1.1517038129e+00 -5.8363372644e-01
     vertex 1.2051458042e+01 -1.0945782498e+00 -5.4810356907e-01
     vertex 1.1250000000e+01 -1.2500000000e+00 0.0000000000e+00
   endloop
 endfacet
 facet normal  7.5365246943e-02 -9.8281821615e-01 -1.6848867484e-01
   outer loop
     vertex 1.2051458042e+01 -1.0945782498e+00 -5.4810356907e-01
     vertex 1.2051458042e+01 -1.1885419580e+00 -7.1054273576e-18
     vertex 1.1250000000e+01 -1.2500000000e+00 0.0000000000e+00
   endloop
 endfacet
 facet normal  7.5365246943e-02 -9.8281821615e-01 1.6848867484e-01
   outer loop
     vertex 1.1250000000e+01 -1.2500000000e+00 0.0000000000e+00
     vertex 1.2051458042e+01 -1.1885419580e+00 -7.1054273576e-18
     vertex 1.2051458042e+01 -1.0945782498e+00 5.4810356907e-01
   endloop
 endfacet
 facet normal  7.7416836274e-02 -9.8315244285e-01 1.6558353655e-01
   outer loop
     vertex 1.1250000000e+01 -1.2500000000e+00 0.0000000000e+00
     vertex 1.2051458042e+01 -1.0945782498e+00 5.4810356907e-01
     vertex 1.1250000000e+01 -1.1517038129e+00 5.8363372644e-01
   endloop
 endfacet
 facet normal  8.3581593654e-02 -8.6605541901e-01 4.9291188706e-01
   outer loop
     vertex 1.1250000000e+01 -1.1517038129e+00 5.8363372644e-01
     vertex 1.2051458042e+01 -1.0945782498e+00 5.4810356907e-01
     vertex 1.2051458042e+01 -8.3892690638e-01 9.9728776844e-01
   endloop
 endfacet
 facet normal  8.6994318865e-02 -8.6843985820e-01 4.8810265434e-01
   outer loop
     vertex 1.1250000000e+01 -1.1517038129e+00 5.8363372644e-01
     vertex 1.2051458042e+01 -8.3892690638e-01 9.9728776844e-01
     vertex 1.1250000000e+01 -8.8371016773e-01 1.0604522013e+00
   endloop
 endfacet
 facet normal  9.5990803281e-02 -6.2342675867e-01 7.7596703684e-01
   outer loop
     vertex 1.1250000000e+01 -8.8371016773e-01 1.0604522013e+00
     vertex 1.2051458042e+01 -8.3892690638e-01 9.9728776844e-01
     vertex 1.2051458042e+01 -4.6094759926e-01 1.3009635731e+00
   endloop
 endfacet
 facet normal  9.8111559271e-02 -6.2607924542e-01 7.7356247349e-01
   outer loop
     vertex 1.1250000000e+01 -8.8371016773e-01 1.0604522013e+00
     vertex 1.2051458042e+01 -4.6094759926e-01 1.3009635731e+00
     vertex 1.1250000000e+01 -4.8636143870e-01 1.3820445755e+00
   endloop
 endfacet
 facet normal  1.0520039706e-01 -2.3396295572e-01 9.6653722733e-01
   outer loop
     vertex 1.1250000000e+01 -4.8636143870e-01 1.3820445755e+00
     vertex 1.2051458042e+01 -4.6094759926e-01 1.3009635731e+00
     vertex 1.2051458042e+01 -1.4210854715e-17 1.4125419580e+00
   endloop
 endfacet
 facet normal  1.0545801420e-01 -2.3437938662e-01 9.6640825243e-01
   outer loop
     vertex 1.1250000000e+01 -4.8636143870e-01 1.3820445755e+00
     vertex 1.2051458042e+01 -1.4210854715e-17 1.4125419580e+00
     vertex 1.1250000000e+01 0.0000000000e+00 1.5000000000e+00
   endloop
 endfacet
 facet normal  1.0545801420e-01 2.3437938662e-01 9.6640825243e-01
   outer loop
     vertex 1.1250000000e+01 0.0000000000e+00 1.5000000000e+00
     vertex 1.2051458042e+01 -1.4210854715e-17 1.4125419580e+00
     vertex 1.1250000000e+01 4.8636143870e-01 1.3820445755e+00
   endloop
 endfacet
 facet normal  1.0520039706e-01 2.3396295572e-01 9.6653722733e-01
   outer loop
     vertex 1.2051458042e+01 -1.4210854715e-17 1.4125419580e+00
     vertex 1.2051458042e+01 4.6094759926e-01 1.3009635731e+00
     vertex 1.1250000000e+01 4.8636143870e-01 1.3820445755e+00
   endloop
 endfacet
 facet normal  9.8111559271e-02 6.2607924542e-01 7.7356247349e-01
   outer loop
     vertex 1.1250000000e+01 4.8636143870e-01 1.3820445755e+00
     vertex 1.2051458042e+01 4.6094759926e-01 1.3009635731e+00
     vertex 1.1250000000e+01 8.8371016773e-01 1.0604522013e+00
   endloop
 endfacet
 facet normal  9.5990803281e-02 6.2342675867e-01 7.7596703684e-01
   outer loop
     vertex 1.2051458042e+01 4.6094759926e-01 1.3009635731e+00
     vertex 1.2051458042e+01 8.3892690638e-01 9.9728776844e-01
     vertex 1.1250000000e+01 8.8371016773e-01 1.0604522013e+00
   endloop
 endfacet
 facet normal  8.6994318865e-02 8.6843985820e-01 4.8810265434e-01
   outer loop
     vertex 1.1250000000e+01 8.8371016773e-01 1.0604522013e+00
     vertex 1.2051458042e+01 8.3892690638e-01 9.9728776844e-01
     vertex 1.1250000000e+01 1.1517038129e+00 5.8363372644e-01
   endloop
 endfacet
 facet normal  8.3581593654e-02 8.6605541901e-01 4.9291188706e-01
   outer loop
     vertex 1.2051458042e+01 8.3892690638e-01 9.9728776844e-01
     vertex 1.2051458042e+01 1.0945782498e+00 5.4810356907e-01
     vertex 1.1250000000e+01 1.1517038129e+00 5.8363372644e-01
   endloop
 endfacet
 facet normal  7.7416836274e-02 9.8315244285e-01 1.6558353655e-01
   outer loop
     vertex 1.1250000000e+01 1.1517038129e+00 5.8363372644e-01
     vertex 1.2051458042e+01 1.0945782498e+00 5.4810356907e-01
     vertex 1.1250000000e+01 1.2500000000e+00 0.0000000000e+00
   endloop
 endfacet
 facet normal  7.5365246943e-02 9.8281821615e-01 1.6848867484e-01
   outer loop
     vertex 1.2051458042e+01 1.0945782498e+00 5.4810356907e-01
     vertex 1.2051458042e+01 1.1885419580e+00 0.0000000000e+00
     vertex 1.1250000000e+01 1.2500000000e+00 0.0000000000e+00
   endloop
 endfacet
 facet normal  1.9569314533e-01 9.6526492645e-01 -1.7311214468e-01
   outer loop
     vertex 1.2051458042e+01 1.1885419580e+00 0.0000000000e+00
     vertex 1.2904374126e+01 1.0156258739e+00 0.0000000000e+00
     vertex 1.2904374126e+01 9.3425897108e-01 -4.5369790529e-01
   endloop
 endfacet
 facet normal  1.9985109774e-01 9.6573767874e-01 -1.6556048623e-01
   outer loop
     vertex 1.2051458042e+01 1.1885419580e+00 0.0000000000e+00
     vertex 1.2904374126e+01 9.3425897108e-01 -4.5369790529e-01
     vertex 1.2051458042e+01 1.0945782498e+00 -5.4810356907e-01
   endloop
 endfacet
 facet normal  2.1312267621e-01 8.4237594068e-01 -4.9495605809e-01
   outer loop
     vertex 1.2051458042e+01 1.0945782498e+00 -5.4810356907e-01
     vertex 1.2904374126e+01 9.3425897108e-01 -4.5369790529e-01
     vertex 1.2904374126e+01 7.1401197697e-01 -8.2854081471e-01
   endloop
 endfacet
 facet normal  2.1964985481e-01 8.4787204035e-01 -4.8256289173e-01
   outer loop
     vertex 1.2051458042e+01 1.0945782498e+00 -5.4810356907e-01
     vertex 1.2904374126e+01 7.1401197697e-01 -8.2854081471e-01
     vertex 1.2051458042e+01 8.3892690638e-01 -9.9728776844e-01
   endloop
 endfacet
 facet normal  2.3891647898e-01 6.0127141446e-01 -7.6249039484e-01
   outer loop
     vertex 1.2051458042e+01 8.3892690638e-01 -9.9728776844e-01
     vertex 1.2904374126e+01 7.1401197697e-01 -8.2854081471e-01
     vertex 1.2904374126e+01 3.9066546283e-01 -1.0835197852e+00
   endloop
 endfacet
 facet normal  2.4285887962e-01 6.0756799202e-01 -7.5622794160e-01
   outer loop
     vertex 1.2051458042e+01 8.3892690638e-01 -9.9728776844e-01
     vertex 1.2904374126e+01 3.9066546283e-01 -1.0835197852e+00
     vertex 1.2051458042e+01 4.6094759926e-01 -1.3009635731e+00
   endloop
 endfacet
 facet normal  2.5809822562e-01 2.2625330814e-01 -9.3925222730e-01
   outer loop
     vertex 1.2051458042e+01 4.6094759926e-01 -1.3009635731e+00
     vertex 1.2904374126e+01 3.9066546283e-01 -1.0835197852e+00
     vertex 1.2904374126e+01 -3.1974423109e-17 -1.1776258739e+00
   endloop
 endfacet
 facet normal  2.5859069952e-01 2.2726626034e-01 -9.3887214094e-01
   outer loop
     vertex 1.2051458042e+01 4.6094759926e-01 -1.3009635731e+00
     vertex 1.2904374126e+01 -3.1974423109e-17 -1.1776258739e+00
     vertex 1.2051458042e+01 -1.0658141036e-17 -1.4125419580e+00
   endloop
 endfacet
 facet normal  2.5859069952e-01 -2.2726626034e-01 -9.3887214094e-01
   outer loop
     vertex 1.2051458042e+01 -1.0658141036e-17 -1.4125419580e+00
     vertex 1.2904374126e+01 -3.1974423109e-17 -1.1776258739e+00
     vertex 1.2051458042e+01 -4.6094759926e-01 -1.3009635731e+00
   endloop
 endfacet
 facet normal  2.5809822562e-01 -2.2625330814e-01 -9.3925222730e-01
   outer loop
     vertex 1.2904374126e+01 -3.1974423109e-17 -1.1776258739e+00
     vertex 1.2904374126e+01 -3.9066546283e-01 -1.0835197852e+00
     vertex 1.2051458042e+01 -4.6094759926e-01 -1.3009635731e+00
   endloop
 endfacet
 facet normal  2.4285887962e-01 -6.0756799202e-01 -7.5622794160e-01
   outer loop
     vertex 1.2051458042e+01 -4.6094759926e-01 -1.3009635731e+00
     vertex 1.2904374126e+01 -3.9066546283e-01 -1.0835197852e+00
     vertex 1.2051458042e+01 -8.3892690638e-01 -9.9728776844e-01
   endloop
 endfacet
 facet normal  2.3891647898e-01 -6.0127141446e-01 -7.6249039484e-01
   outer loop
     vertex 1.2904374126e+01 -3.9066546283e-01 -1.0835197852e+00
     vertex 1.2904374126e+01 -7.1401197697e-01 -8.2854081471e-01
     vertex 1.2051458042e+01 -8.3892690638e-01 -9.9728776844e-01
   endloop
 endfacet
 facet normal  2.1964985481e-01 -8.4787204035e-01 -4.8256289173e-01
   outer loop
     vertex 1.2051458042e+01 -8.3892690638e-01 -9.9728776844e-01
     vertex 1.2904374126e+01 -7.1401197697e-01 -8.2854081471e-01
     vertex 1.2051458042e+01 -1.0945782498e+00 -5.4810356907e-01
   endloop
 endfacet
 facet normal  2.1312267621e-01 -8.4237594068e-01 -4.9495605809e-01
   outer loop
     vertex 1.2904374126e+01 -7.1401197697e-01 -8.2854081471e-01
     vertex 1.2904374126e+01 -9.3425897108e-01 -4.5369790529e-01
     vertex 1.2051458042e+01 -1.0945782498e+00 -5.4810356907e-01
   endloop
 endfacet
 facet normal  1.9985109774e-01 -9.6573767874e-01 -1.6556048623e-01
   outer loop
     vertex 1.2051458042e+01 -1.0945782498e+00 -5.4810356907e-01
     vertex 1.2904374126e+01 -9.3425897108e-01 -4.5369790529e-01
     vertex 1.2051458042e+01 -1.1885419580e+00 -7.1054273576e-18
   endloop
 endfacet
 facet normal  1.9569314533e-01 -9.6526492645e-01 -1.7311214468e-01
   outer loop
     vertex 1.2904374126e+01 -9.3425897108e-01 -4.5369790529e-01
     vertex 1.2904374126e+01 -1.0156258739e+00 -2.1316282073e-17
     vertex 1.2051458042e+01 -1.1885419580e+00 -7.1054273576e-18
   endloop
 endfacet
 facet normal  1.9569314533e-01 -9.6526492645e-01 1.7311214468e-01
   outer loop
     vertex 1.2051458042e+01 -1.1885419580e+00 -7.1054273576e-18
     vertex 1.2904374126e+01 -1.0156258739e+00 -2.1316282073e-17
     vertex 1.2904374126e+01 -9.3425897108e-01 4.5369790529e-01
   endloop
 endfacet
 facet normal  1.9985109774e-01 -9.6573767874e-01 1.6556048623e-01
   outer loop
     vertex 1.2051458042e+01 -1.1885419580e+00 -7.1054273576e-18
     vertex 1.2904374126e+01 -9.3425897108e-01 4.5369790529e-01
     vertex 1.2051458042e+01 -1.0945782498e+00 5.4810356907e-01
   endloop
 endfacet
 facet normal  2.1312267621e-01 -8.4237594068e-01 4.9495605809e-01
   outer loop
     vertex 1.2051458042e+01 -1.0945782498e+00 5.4810356907e-01
     vertex 1.2904374126e+01 -9.3425897108e-01 4.5369790529e-01
     vertex 1.2904374126e+01 -7.1401197697e-01 8.2854081471e-01
   endloop
 endfacet
 facet normal  2.1964985481e-01 -8.4787204035e-01 4.8256289173e-01
   outer loop
     vertex 1.2051458042e+01 -1.0945782498e+00 5.4810356907e-01
     vertex 1.2904374126e+01 -7.1401197697e-01 8.2854081471e-01
     vertex 1.2051458042e+01 -8.3892690638e-01 9.9728776844e-01
   endloop
 endfacet
 facet normal  2.3891647898e-01 -6.0127141446e-01 7.6249039484e-01
   outer loop
     vertex 1.2051458042e+01 -8.3892690638e-01 9.9728776844e-01
     vertex 1.2904374126e+01 -7.1401197697e-01 8.2854081471e-01
     vertex 1.2904374126e+01 -3.9066546283e-01 1.0835197852e+00
   endloop
 endfacet
 facet normal  2.4285887962e-01 -6.0756799202e-01 7.5622794160e-01
   outer loop
     vertex 1.2051458042e+01 -8.3892690638e-01 9.9728776844e-01
     vertex 1.2904374126e+01 -3.9066546283e-01 1.0835197852e+00
     vertex 1.2051458042e+01 -4.6094759926e-01 1.3009635731e+00
   endloop
 endfacet
 facet normal  2.5809822562e-01 -2.2625330814e-01 9.3925222730e-01
   outer loop
     vertex 1.2051458042e+01 -4.6094759926e-01 1.3009635731e+00
     vertex 1.2904374126e+01 -3.9066546283e-01 1.0835197852e+00
     vertex 1.2904374126e+01 -4.2632564146e-17 1.1776258739e+00
   endloop
 endfacet
 facet normal  2.5859069952e-01 -2.2726626034e-01 9.3887214094e-01
   outer loop
     vertex 1.2051458042e+01 -4.6094759926e-01 1.3009635731e+00
     vertex 1.2904374126e+01 -4.2632564146e-17 1.1776258739e+00
     vertex 1.2051458042e+01 -1.4210854715e-17 1.4125419580e+00
   endloop
 endfacet
 facet normal  2.5859069952e-01 2.2726626034e-01 9.3887214094e-01
   outer loop
     vertex 1.2051458042e+01 -1.4210854715e-17 1.4125419580e+00
     vertex 1.2904374126e+01 -4.2632564146e-17 1.1776258739e+00
     vertex 1.2051458042e+01 4.6094759926e-01 1.3009635731e+00
   endloop
 endfacet
 facet normal  2.5809822562e-01 2.2625330814e-01 9.3925222730e-01
   outer loop
     vertex 1.2904374126e+01 -4.2632564146e-17 1.1776258739e+00
     vertex 1.2904374126e+01 3.9066546283e-01 1.0835197852e+00
     vertex 1.2051458042e+01 4.6094759926e-01 1.3009635731e+00
   endloop
 endfacet
 facet normal  2.4285887962e-01 6.0756799202e-01 7.5622794160e-01
   outer loop
     vertex 1.2051458042e+01 4.6094759926e-01 1.3009635731e+00
     vertex 1.2904374126e+01 3.9066546283e-01 1.0835197852e+00
     vertex 1.2051458042e+01 8.3892690638e-01 9.9728776844e-01
   endloop
 endfacet
 facet normal  2.3891647898e-01 6.0127141446e-01 7.6249039484e-01
   outer loop
     vertex 1.2904374126e+01 3.9066546283e-01 1.0835197852e+00
     vertex 1.2904374126e+01 7.1401197697e-01 8.2854081471e-01
     vertex 1.2051458042e+01 8.3892690638e-01 9.9728776844e-01
   endloop
 endfacet
 facet normal  2.1964985481e-01 8.4787204035e-01 4.8256289173e-01
   outer loop
     vertex 1.2051458042e+01 8.3892690638e-01 9.9728776844e-01
     vertex 1.2904374126e+01 7.1401197697e-01 8.2854081471e-01
     vertex 1.2051458042e+01 1.0945782498e+00 5.4810356907e-01
   endloop
 endfacet
 facet normal  2.1312267621e-01 8.4237594068e-01 4.9495605809e-01
   outer loop
     vertex 1.2904374126e+01 7.1401197697e-01 8.2854081471e-01
     vertex 1.2904374126e+01 9.3425897108e-01 4.5369790529e-01
     vertex 1.2051458042e+01 1.0945782498e+00 5.4810356907e-01
   endloop
 endfacet
 facet normal  1.9985109774e-01 9.6573767874e-01 1.6556048623e-01
   outer loop
     vertex 1.2051458042e+01 1.0945782498e+00 5.4810356907e-01
     vertex 1.2904374126e+01 9.3425897108e-01 4.5369790529e-01
     vertex 1.2051458042e+01 1.1885419580e+00 0.0000000000e+00
   endloop
 endfacet
 facet normal  1.9569314533e-01 9.6526492645e-01 1.7311214468e-01
   outer loop
     vertex 1.2904374126e+01 9.3425897108e-01 4.5369790529e-01
     vertex 1.2904374126e+01 1.0156258739e+00 0.0000000000e+00
     vertex 1.2051458042e+01 1.1885419580e+00 0.0000000000e+00
   endloop
 endfacet
 facet normal  3.0237801537e-01 9.3613507928e-01 -1.7949554076e-01
   outer loop
     vertex 1.2904374126e+01 1.0156258739e+00 0.0000000000e+00
     vertex 1.3731561189e+01 7.4843881079e-01 0.0000000000e+00
     vertex 1.3731561189e+01 6.8733209263e-01 -3.1869394754e-01
   endloop
 endfacet
 facet normal  3.0705096050e-01 9.3674779653e-01 -1.6799783732e-01
   outer loop
     vertex 1.2904374126e+01 1.0156258739e+00 0.0000000000e+00
     vertex 1.3731561189e+01 6.8733209263e-01 -3.1869394754e-01
     vertex 1.2904374126e+01 9.3425897108e-01 -4.5369790529e-01
   endloop
 endfacet
 facet normal  3.2170144348e-01 8.0620940793e-01 -4.9652247868e-01
   outer loop
     vertex 1.2904374126e+01 9.3425897108e-01 -4.5369790529e-01
     vertex 1.3731561189e+01 6.8733209263e-01 -3.1869394754e-01
     vertex 1.3731561189e+01 5.2311766146e-01 -5.8533085727e-01
   endloop
 endfacet
 facet normal  3.2859980842e-01 8.1430650121e-01 -4.7846325667e-01
   outer loop
     vertex 1.2904374126e+01 9.3425897108e-01 -4.5369790529e-01
     vertex 1.3731561189e+01 5.2311766146e-01 -5.8533085727e-01
     vertex 1.2904374126e+01 7.1401197697e-01 -8.2854081471e-01
   endloop
 endfacet
 facet normal  3.5009559974e-01 5.7013379007e-01 -7.4322307046e-01
   outer loop
     vertex 1.2904374126e+01 7.1401197697e-01 -8.2854081471e-01
     vertex 1.3731561189e+01 5.2311766146e-01 -5.8533085727e-01
     vertex 1.3731561189e+01 2.8445410226e-01 -7.6841204105e-01
   endloop
 endfacet
 facet normal  3.5409876840e-01 5.7908406040e-01 -7.3435394273e-01
   outer loop
     vertex 1.2904374126e+01 7.1401197697e-01 -8.2854081471e-01
     vertex 1.3731561189e+01 2.8445410226e-01 -7.6841204105e-01
     vertex 1.2904374126e+01 3.9066546283e-01 -1.0835197852e+00
   endloop
 endfacet
 facet normal  3.7167582822e-01 2.1592769050e-01 -9.0290216036e-01
   outer loop
     vertex 1.2904374126e+01 3.9066546283e-01 -1.0835197852e+00
     vertex 1.3731561189e+01 2.8445410226e-01 -7.6841204105e-01
     vertex 1.3731561189e+01 -4.7961634664e-17 -8.3643881079e-01
   endloop
 endfacet
 facet normal  3.7218786999e-01 2.1736323914e-01 -9.0234661395e-01
   outer loop
     vertex 1.2904374126e+01 3.9066546283e-01 -1.0835197852e+00
     vertex 1.3731561189e+01 -4.7961634664e-17 -8.3643881079e-01
     vertex 1.2904374126e+01 -3.1974423109e-17 -1.1776258739e+00
   endloop
 endfacet
 facet normal  3.7218786999e-01 -2.1736323914e-01 -9.0234661395e-01
   outer loop
     vertex 1.2904374126e+01 -3.1974423109e-17 -1.1776258739e+00
     vertex 1.3731561189e+01 -4.7961634664e-17 -8.3643881079e-01
     vertex 1.2904374126e+01 -3.9066546283e-01 -1.0835197852e+00
   endloop
 endfacet
 facet normal  3.7167582822e-01 -2.1592769050e-01 -9.0290216036e-01
   outer loop
     vertex 1.3731561189e+01 -4.7961634664e-17 -8.3643881079e-01
     vertex 1.3731561189e+01 -2.8445410226e-01 -7.6841204105e-01
     vertex 1.2904374126e+01 -3.9066546283e-01 -1.0835197852e+00
   endloop
 endfacet
 facet normal  3.5409876840e-01 -5.7908406040e-01 -7.3435394273e-01
   outer loop
     vertex 1.2904374126e+01 -3.9066546283e-01 -1.0835197852e+00
     vertex 1.3731561189e+01 -2.8445410226e-01 -7.6841204105e-01
     vertex 1.2904374126e+01 -7.1401197697e-01 -8.2854081471e-01
   endloop
 endfacet
 facet normal  3.5009559974e-01 -5.7013379007e-01 -7.4322307046e-01
   outer loop
     vertex 1.3731561189e+01 -2.8445410226e-01 -7.6841204105e-01
     vertex 1.3731561189e+01 -5.2311766146e-01 -5.8533085727e-01
     vertex 1.2904374126e+01 -7.1401197697e-01 -8.2854081471e-01
   endloop
 endfacet
 facet normal  3.2859980842e-01 -8.1430650121e-01 -4.7846325667e-01
   outer loop
     vertex 1.2904374126e+01 -7.1401197697e-01 -8.2854081471e-01
     vertex 1.3731561189e+01 -5.2311766146e-01 -5.8533085727e-01
     vertex 1.2904374126e+01 -9.3425897108e-01 -4.5369790529e-01
   endloop
 endfacet
 facet normal  3.2170144348e-01 -8.0620940793e-01 -4.9652247868e-01
   outer loop
     vertex 1.3731561189e+01 -5.2311766146e-01 -5.8533085727e-01
     vertex 1.3731561189e+01 -6.8733209263e-01 -3.1869394754e-01
     vertex 1.2904374126e+01 -9.3425897108e-01 -4.5369790529e-01
   endloop
 endfacet
 facet normal  3.0705096050e-01 -9.3674779653e-01 -1.6799783732e-01
   outer loop
     vertex 1.2904374126e+01 -9.3425897108e-01 -4.5369790529e-01
     vertex 1.3731561189e+01 -6.8733209263e-01 -3.1869394754e-01
     vertex 1.2904374126e+01 -1.0156258739e+00 -2.1316282073e-17
   endloop
 endfacet
 facet normal  3.0237801537e-01 -9.3613507928e-01 -1.7949554076e-01
   outer loop
     vertex 1.3731561189e+01 -6.8733209263e-01 -3.1869394754e-01
     vertex 1.3731561189e+01 -7.4843881079e-01 -3.1974423109e-17
     vertex 1.2904374126e+01 -1.0156258739e+00 -2.1316282073e-17
   endloop
 endfacet
 facet normal  3.0237801537e-01 -9.3613507928e-01 1.7949554076e-01
   outer loop
     vertex 1.2904374126e+01 -1.0156258739e+00 -2.1316282073e-17
     vertex 1.3731561189e+01 -7.4843881079e-01 -3.1974423109e-17
     vertex 1.3731561189e+01 -6.8733209263e-01 3.1869394754e-01
   endloop
 endfacet
 facet normal  3.0705096050e-01 -9.3674779653e-01 1.6799783732e-01
   outer loop
     vertex 1.2904374126e+01 -1.0156258739e+00 -2.1316282073e-17
     vertex 1.3731561189e+01 -6.8733209263e-01 3.1869394754e-01
     vertex 1.2904374126e+01 -9.3425897108e-01 4.5369790529e-01
   endloop
 endfacet
 facet normal  3.2170144348e-01 -8.0620940793e-01 4.9652247868e-01
   outer loop
     vertex 1.2904374126e+01 -9.3425897108e-01 4.5369790529e-01
     vertex 1.3731561189e+01 -6.8733209263e-01 3.1869394754e-01
     vertex 1.3731561189e+01 -5.2311766146e-01 5.8533085727e-01
   endloop
 endfacet
 facet normal  3.2859980842e-01 -8.1430650121e-01 4.7846325667e-01
   outer loop
     vertex 1.2904374126e+01 -9.3425897108e-01 4.5369790529e-01
     vertex 1.3731561189e+01 -5.2311766146e-01 5.8533085727e-01
     vertex 1.2904374126e+01 -7.1401197697e-01 8.2854081471e-01
   endloop
 endfacet
 facet normal  3.5009559974e-01 -5.7013379007e-01 7.4322307046e-01
   outer loop
     vertex 1.2904374126e+01 -7.1401197697e-01 8.2854081471e-01
     vertex 1.3731561189e+01 -5.2311766146e-01 5.8533085727e-01
     vertex 1.3731561189e+01 -2.8445410226e-01 7.6841204105e-01
   endloop
 endfacet
 facet normal  3.5409876840e-01 -5.7908406040e-01 7.3435394273e-01
   outer loop
     vertex 1.2904374126e+01 -7.1401197697e-01 8.2854081471e-01
     vertex 1.3731561189e+01 -2.8445410226e-01 7.6841204105e-01
     vertex 1.2904374126e+01 -3.9066546283e-01 1.0835197852e+00
   endloop
 endfacet
 facet normal  3.7167582822e-01 -2.1592769050e-01 9.0290216036e-01
   outer loop
     vertex 1.2904374126e+01 -3.9066546283e-01 1.0835197852e+00
     vertex 1.3731561189e+01 -2.8445410226e-01 7.6841204105e-01
     vertex 1.3731561189e+01 -6.3948846218e-17 8.3643881079e-01
   endloop
 endfacet
 facet normal  3.7218786999e-01 -2.1736323914e-01 9.0234661395e-01
   outer loop
     vertex 1.2904374126e+01 -3.9066546283e-01 1.0835197852e+00
     vertex 1.3731561189e+01 -6.3948846218e-17 8.3643881079e-01
     vertex 1.2904374126e+01 -4.2632564146e-17 1.1776258739e+00
   endloop
 endfacet
 facet normal  3.7218786999e-01 2.1736323914e-01 9.0234661395e-01
   outer loop
     vertex 1.2904374126e+01 -4.2632564146e-17 1.1776258739e+00
     vertex 1.3731561189e+01 -6.3948846218e-17 8.3643881079e-01
     vertex 1.2904374126e+01 3.9066546283e-01 1.0835197852e+00
   endloop
 endfacet
 facet normal  3.7167582822e-01 2.1592769050e-01 9.0290216036e-01
   outer loop
     vertex 1.3731561189e+01 -6.3948846218e-17 8.3643881079e-01
     vertex 1.3731561189e+01 2.8445410226e-01 7.6841204105e-01
     vertex 1.2904374126e+01 3.9066546283e-01 1.0835197852e+00
   endloop
 endfacet
 facet normal  3.5409876840e-01 5.7908406040e-01 7.3435394273e-01
   outer loop
     vertex 1.2904374126e+01 3.9066546283e-01 1.0835197852e+00
     vertex 1.3731561189e+01 2.8445410226e-01 7.6841204105e-01
     vertex 1.2904374126e+01 7.1401197697e-01 8.2854081471e-01
   endloop
 endfacet
 facet normal  3.5009559974e-01 5.7013379007e-01 7.4322307046e-01
   outer loop
     vertex 1.3731561189e+01 2.8445410226e-01 7.6841204105e-01
     vertex 1.3731561189e+01 5.2311766146e-01 5.8533085727e-01
     vertex 1.2904374126e+01 7.1401197697e-01 8.2854081471e-01
   endloop
 endfacet
 facet normal  3.2859980842e-01 8.1430650121e-01 4.7846325667e-01
   outer loop
     vertex 1.2904374126e+01 7.1401197697e-01 8.2854081471e-01
     vertex 1.3731561189e+01 5.2311766146e-01 5.8533085727e-01
     vertex 1.2904374126e+01 9.3425897108e-01 4.5369790529e-01
   endloop
 endfacet
 facet normal  3.2170144348e-01 8.0620940793e-01 4.9652247868e-01
   outer loop
     vertex 1.3731561189e+01 5.2311766146e-01 5.8533085727e-01
     vertex 1.3731561189e+01 6.8733209263e-01 3.1869394754e-01
     vertex 1.2904374126e+01 9.3425897108e-01 4.5369790529e-01
   endloop
 endfacet
 facet normal  3.0705096050e-01 9.3674779653e-01 1.6799783732e-01
   outer loop
     vertex 1.2904374126e+01 9.3425897108e-01 4.5369790529e-01
     vertex 1.3731561189e+01 6.8733209263e-01 3.1869394754e-01
     vertex 1.2904374126e+01 1.0156258739e+00 0.0000000000e+00
   endloop
 endfacet
 facet normal  3.0237801537e-01 9.3613507928e-01 1.7949554076e-01
   outer loop
     vertex 1.3731561189e+01 6.8733209263e-01 3.1869394754e-01
     vertex 1.3731561189e+01 7.4843881079e-01 0.0000000000e+00
     vertex 1.2904374126e+01 1.0156258739e+00 0.0000000000e+00
   endloop
 endfacet
 facet normal  4.2182865014e-01 8.8743538682e-01 -1.8579296039e-01
   outer loop
     vertex 1.3731561189e+01 7.4843881079e-01 0.0000000000e+00
     vertex 1.4455832168e+01 4.0416783181e-01 0.0000000000e+00
     vertex 1.4455832168e+01 3.7038373031e-01 -1.6136890829e-01
   endloop
 endfacet
 facet normal  4.2586922864e-01 8.8859767502e-01 -1.7038066805e-01
   outer loop
     vertex 1.3731561189e+01 7.4843881079e-01 0.0000000000e+00
     vertex 1.4455832168e+01 3.7038373031e-01 -1.6136890829e-01
     vertex 1.3731561189e+01 6.8733209263e-01 -3.1869394754e-01
   endloop
 endfacet
 facet normal  4.3645439905e-01 7.5268348870e-01 -4.9292506874e-01
   outer loop
     vertex 1.3731561189e+01 6.8733209263e-01 -3.1869394754e-01
     vertex 1.4455832168e+01 3.7038373031e-01 -1.6136890829e-01
     vertex 1.4455832168e+01 2.8039624181e-01 -2.9877741330e-01
   endloop
 endfacet
 facet normal  4.4205761706e-01 7.6375965978e-01 -4.7037883168e-01
   outer loop
     vertex 1.3731561189e+01 6.8733209263e-01 -3.1869394754e-01
     vertex 1.4455832168e+01 2.8039624181e-01 -2.9877741330e-01
     vertex 1.3731561189e+01 5.2311766146e-01 -5.8533085727e-01
   endloop
 endfacet
 facet normal  4.5952094121e-01 5.2830365029e-01 -7.1395781225e-01
   outer loop
     vertex 1.3731561189e+01 5.2311766146e-01 -5.8533085727e-01
     vertex 1.4455832168e+01 2.8039624181e-01 -2.9877741330e-01
     vertex 1.4455832168e+01 1.5125259037e-01 -3.9433916961e-01
   endloop
 endfacet
 facet normal  4.6256222205e-01 5.3962374621e-01 -7.0345035593e-01
   outer loop
     vertex 1.3731561189e+01 5.2311766146e-01 -5.8533085727e-01
     vertex 1.4455832168e+01 1.5125259037e-01 -3.9433916961e-01
     vertex 1.3731561189e+01 2.8445410226e-01 -7.6841204105e-01
   endloop
 endfacet
 facet normal  4.7852138151e-01 2.0239736116e-01 -8.5443115324e-01
   outer loop
     vertex 1.3731561189e+01 2.8445410226e-01 -7.6841204105e-01
     vertex 1.4455832168e+01 1.5125259037e-01 -3.9433916961e-01
     vertex 1.4455832168e+01 -4.2632564146e-17 -4.3016783181e-01
   endloop
 endfacet
 facet normal  4.7891944937e-01 2.0418103697e-01 -8.5378350017e-01
   outer loop
     vertex 1.3731561189e+01 2.8445410226e-01 -7.6841204105e-01
     vertex 1.4455832168e+01 -4.2632564146e-17 -4.3016783181e-01
     vertex 1.3731561189e+01 -4.7961634664e-17 -8.3643881079e-01
   endloop
 endfacet
 facet normal  4.7891944937e-01 -2.0418103697e-01 -8.5378350017e-01
   outer loop
     vertex 1.3731561189e+01 -4.7961634664e-17 -8.3643881079e-01
     vertex 1.4455832168e+01 -4.2632564146e-17 -4.3016783181e-01
     vertex 1.3731561189e+01 -2.8445410226e-01 -7.6841204105e-01
   endloop
 endfacet
 facet normal  4.7852138151e-01 -2.0239736116e-01 -8.5443115324e-01
   outer loop
     vertex 1.4455832168e+01 -4.2632564146e-17 -4.3016783181e-01
     vertex 1.4455832168e+01 -1.5125259037e-01 -3.9433916961e-01
     vertex 1.3731561189e+01 -2.8445410226e-01 -7.6841204105e-01
   endloop
 endfacet
 facet normal  4.6256222205e-01 -5.3962374621e-01 -7.0345035593e-01
   outer loop
     vertex 1.3731561189e+01 -2.8445410226e-01 -7.6841204105e-01
     vertex 1.4455832168e+01 -1.5125259037e-01 -3.9433916961e-01
     vertex 1.3731561189e+01 -5.2311766146e-01 -5.8533085727e-01
   endloop
 endfacet
 facet normal  4.5952094121e-01 -5.2830365029e-01 -7.1395781225e-01
   outer loop
     vertex 1.4455832168e+01 -1.5125259037e-01 -3.9433916961e-01
     vertex 1.4455832168e+01 -2.8039624181e-01 -2.9877741330e-01
     vertex 1.3731561189e+01 -5.2311766146e-01 -5.8533085727e-01
   endloop
 endfacet
 facet normal  4.4205761706e-01 -7.6375965978e-01 -4.7037883168e-01
   outer loop
     vertex 1.3731561189e+01 -5.2311766146e-01 -5.8533085727e-01
     vertex 1.4455832168e+01 -2.8039624181e-01 -2.9877741330e-01
     vertex 1.3731561189e+01 -6.8733209263e-01 -3.1869394754e-01
   endloop
 endfacet
 facet normal  4.3645439905e-01 -7.5268348870e-01 -4.9292506874e-01
   outer loop
     vertex 1.4455832168e+01 -2.8039624181e-01 -2.9877741330e-01
     vertex 1.4455832168e+01 -3.7038373031e-01 -1.6136890829e-01
     vertex 1.3731561189e+01 -6.8733209263e-01 -3.1869394754e-01
   endloop
 endfacet
 facet normal  4.2586922864e-01 -8.8859767502e-01 -1.7038066805e-01
   outer loop
     vertex 1.3731561189e+01 -6.8733209263e-01 -3.1869394754e-01
     vertex 1.4455832168e+01 -3.7038373031e-01 -1.6136890829e-01
     vertex 1.3731561189e+01 -7.4843881079e-01 -3.1974423109e-17
   endloop
 endfacet
 facet normal  4.2182865014e-01 -8.8743538682e-01 -1.8579296039e-01
   outer loop
     vertex 1.4455832168e+01 -3.7038373031e-01 -1.6136890829e-01
     vertex 1.4455832168e+01 -4.0416783181e-01 -2.8421709430e-17
     vertex 1.3731561189e+01 -7.4843881079e-01 -3.1974423109e-17
   endloop
 endfacet
 facet normal  4.2182865014e-01 -8.8743538682e-01 1.8579296039e-01
   outer loop
     vertex 1.3731561189e+01 -7.4843881079e-01 -3.1974423109e-17
     vertex 1.4455832168e+01 -4.0416783181e-01 -2.8421709430e-17
     vertex 1.4455832168e+01 -3.7038373031e-01 1.6136890829e-01
   endloop
 endfacet
 facet normal  4.2586922864e-01 -8.8859767502e-01 1.7038066805e-01
   outer loop
     vertex 1.3731561189e+01 -7.4843881079e-01 -3.1974423109e-17
     vertex 1.4455832168e+01 -3.7038373031e-01 1.6136890829e-01
     vertex 1.3731561189e+01 -6.8733209263e-01 3.1869394754e-01
   endloop
 endfacet
 facet normal  4.3645439905e-01 -7.5268348870e-01 4.9292506874e-01
   outer loop
     vertex 1.3731561189e+01 -6.8733209263e-01 3.1869394754e-01
     vertex 1.4455832168e+01 -3.7038373031e-01 1.6136890829e-01
     vertex 1.4455832168e+01 -2.8039624181e-01 2.9877741330e-01
   endloop
 endfacet
 facet normal  4.4205761706e-01 -7.6375965978e-01 4.7037883168e-01
   outer loop
     vertex 1.3731561189e+01 -6.8733209263e-01 3.1869394754e-01
     vertex 1.4455832168e+01 -2.8039624181e-01 2.9877741330e-01
     vertex 1.3731561189e+01 -5.2311766146e-01 5.8533085727e-01
   endloop
 endfacet
 facet normal  4.5952094121e-01 -5.2830365029e-01 7.1395781225e-01
   outer loop
     vertex 1.3731561189e+01 -5.2311766146e-01 5.8533085727e-01
     vertex 1.4455832168e+01 -2.8039624181e-01 2.9877741330e-01
     vertex 1.4455832168e+01 -1.5125259037e-01 3.9433916961e-01
   endloop
 endfacet
 facet normal  4.6256222205e-01 -5.3962374621e-01 7.0345035593e-01
   outer loop
     vertex 1.3731561189e+01 -5.2311766146e-01 5.8533085727e-01
     vertex 1.4455832168e+01 -1.5125259037e-01 3.9433916961e-01
     vertex 1.3731561189e+01 -2.8445410226e-01 7.6841204105e-01
   endloop
 endfacet
 facet normal  4.7852138151e-01 -2.0239736116e-01 8.5443115324e-01
   outer loop
     vertex 1.3731561189e+01 -2.8445410226e-01 7.6841204105e-01
     vertex 1.4455832168e+01 -1.5125259037e-01 3.9433916961e-01
     vertex 1.4455832168e+01 -5.6843418861e-17 4.3016783181e-01
   endloop
 endfacet
 facet normal  4.7891944937e-01 -2.0418103697e-01 8.5378350017e-01
   outer loop
     vertex 1.3731561189e+01 -2.8445410226e-01 7.6841204105e-01
     vertex 1.4455832168e+01 -5.6843418861e-17 4.3016783181e-01
     vertex 1.3731561189e+01 -6.3948846218e-17 8.3643881079e-01
   endloop
 endfacet
 facet normal  4.7891944937e-01 2.0418103697e-01 8.5378350017e-01
   outer loop
     vertex 1.3731561189e+01 -6.3948846218e-17 8.3643881079e-01
     vertex 1.4455832168e+01 -5.6843418861e-17 4.3016783181e-01
     vertex 1.3731561189e+01 2.8445410226e-01 7.6841204105e-01
   endloop
 endfacet
 facet normal  4.7852138151e-01 2.0239736116e-01 8.5443115324e-01
   outer loop
     vertex 1.4455832168e+01 -5.6843418861e-17 4.3016783181e-01
     vertex 1.4455832168e+01 1.5125259037e-01 3.9433916961e-01
     vertex 1.3731561189e+01 2.8445410226e-01 7.6841204105e-01
   endloop
 endfacet
 facet normal  4.6256222205e-01 5.3962374621e-01 7.0345035593e-01
   outer loop
     vertex 1.3731561189e+01 2.8445410226e-01 7.6841204105e-01
     vertex 1.4455832168e+01 1.5125259037e-01 3.9433916961e-01
     vertex 1.3731561189e+01 5.2311766146e-01 5.8533085727e-01
   endloop
 endfacet
 facet normal  4.5952094121e-01 5.2830365029e-01 7.1395781225e-01
   outer loop
     vertex 1.4455832168e+01 1.5125259037e-01 3.9433916961e-01
     vertex 1.4455832168e+01 2.8039624181e-01 2.9877741330e-01
     vertex 1.3731561189e+01 5.2311766146e-01 5.8533085727e-01
   endloop
 endfacet
 facet normal  4.4205761706e-01 7.6375965978e-01 4.7037883168e-01
   outer loop
     vertex 1.3731561189e+01 5.2311766146e-01 5.8533085727e-01
     vertex 1.4455832168e+01 2.8039624181e-01 2.9877741330e-01
     vertex 1.3731561189e+01 6.8733209263e-01 3.1869394754e-01
   endloop
 endfacet
 facet normal  4.3645439905e-01 7.5268348870e-01 4.9292506874e-01
   outer loop
     vertex 1.4455832168e+01 2.8039624181e-01 2.9877741330e-01
     vertex 1.4455832168e+01 3.7038373031e-01 1.6136890829e-01
     vertex 1.3731561189e+01 6.8733209263e-01 3.1869394754e-01
   endloop
 endfacet
 facet normal  4.2586922864e-01 8.8859767502e-01 1.7038066805e-01
   outer loop
     vertex 1.3731561189e+01 6.8733209263e-01 3.1869394754e-01
     vertex 1.4455832168e+01 3.7038373031e-01 1.6136890829e-01
     vertex 1.3731561189e+01 7.4843881079e-01 0.0000000000e+00
   endloop
 endfacet
 facet normal  4.2182865014e-01 8.8743538682e-01 1.8579296039e-01
   outer loop
     vertex 1.4455832168e+01 3.7038373031e-01 1.6136890829e-01
     vertex 1.4455832168e+01 4.0416783181e-01 0.0000000000e+00
     vertex 1.3731561189e+01 7.4843881079e-01 0.0000000000e+00
   endloop
 endfacet
 facet normal  5.8800906947e-01 7.9168997440e-01 -1.6574775611e-01
   outer loop
     vertex 1.4455832168e+01 4.0416783181e-01 0.0000000000e+00
     vertex 1.5000000000e+01 0.0000000000e+00 0.0000000000e+00
     vertex 1.4455832168e+01 3.7038373031e-01 -1.6136890829e-01
   endloop
 endfacet
 facet normal  5.9059481801e-01 6.7508488552e-01 -4.4210650106e-01
   outer loop
     vertex 1.4455832168e+01 3.7038373031e-01 -1.6136890829e-01
     vertex 1.5000000000e+01 0.0000000000e+00 0.0000000000e+00
     vertex 1.4455832168e+01 2.8039624181e-01 -2.9877741330e-01
   endloop
 endfacet
 facet normal  5.9890178818e-01 4.7634901042e-01 -6.4374549970e-01
   outer loop
     vertex 1.4455832168e+01 2.8039624181e-01 -2.9877741330e-01
     vertex 1.5000000000e+01 0.0000000000e+00 0.0000000000e+00
     vertex 1.4455832168e+01 1.5125259037e-01 -3.9433916961e-01
   endloop
 endfacet
 facet normal  6.0970497000e-01 1.8270163801e-01 -7.7128461739e-01
   outer loop
     vertex 1.4455832168e+01 1.5125259037e-01 -3.9433916961e-01
     vertex 1.5000000000e+01 0.0000000000e+00 0.0000000000e+00
     vertex 1.4455832168e+01 -4.2632564146e-17 -4.3016783181e-01
   endloop
 endfacet
 facet normal  6.0970497000e-01 -1.8270163801e-01 -7.7128461739e-01
   outer loop
     vertex 1.4455832168e+01 -4.2632564146e-17 -4.3016783181e-01
     vertex 1.5000000000e+01 0.0000000000e+00 0.0000000000e+00
     vertex 1.4455832168e+01 -1.5125259037e-01 -3.9433916961e-01
   endloop
 endfacet
 facet normal  5.9890178818e-01 -4.7634901042e-01 -6.4374549970e-01
   outer loop
     vertex 1.4455832168e+01 -1.5125259037e-01 -3.9433916961e-01
     vertex 1.5000000000e+01 0.0000000000e+00 0.0000000000e+00
     vertex 1.4455832168e+01 -2.8039624181e-01 -2.9877741330e-01
   endloop
 endfacet
 facet normal  5.9059481801e-01 -6.7508488552e-01 -4.4210650106e-01
   outer loop
     vertex 1.4455832168e+01 -2.8039624181e-01 -2.9877741330e-01
     vertex 1.5000000000e+01 0.0000000000e+00 0.0000000000e+00
     vertex 1.4455832168e+01 -3.7038373031e-01 -1.6136890829e-01
   endloop
 endfacet
 facet normal  5.8800906947e-01 -7.9168997440e-01 -1.6574775611e-01
   outer loop
     vertex 1.4455832168e+01 -3.7038373031e-01 -1.6136890829e-01
     vertex 1.5000000000e+01 0.0000000000e+00 0.0000000000e+00
     vertex 1.4455832168e+01 -4.0416783181e-01 -2.8421709430e-17
   endloop
 endfacet
 facet normal  5.8800906947e-01 -7.9168997440e-01 1.6574775611e-01
   outer loop
     vertex 1.4455832168e+01 -4.0416783181e-01 -2.8421709430e-17
     vertex 1.5000000000e+01 0.0000000000e+00 0.0000000000e+00
     vertex 1.4455832168e+01 -3.7038373031e-01 1.6136890829e-01
   endloop
 endfacet
 facet normal  5.9059481801e-01 -6.7508488552e-01 4.4210650106e-01
   outer loop
     vertex 1.4455832168e+01 -3.7038373031e-01 1.6136890829e-01
     vertex 1.5000000000e+01 0.0000000000e+00 0.0000000000e+00
     vertex 1.4455832168e+01 -2.8039624181e-01 2.9877741330e-01
   endloop
 endfacet
 facet normal  5.9890178818e-01 -4.7634901042e-01 6.4374549970e-01
   outer loop
     vertex 1.4455832168e+01 -2.8039624181e-01 2.9877741330e-01
     vertex 1.5000000000e+01 0.0000000000e+00 0.0000000000e+00
     vertex 1.4455832168e+01 -1.5125259037e-01 3.9433916961e-01
   endloop
 endfacet
 facet normal  6.0970497000e-01 -1.8270163801e-01 7.7128461739e-01
   outer loop
     vertex 1.4455832168e+01 -1.5125259037e-01 3.9433916961e-01
     vertex 1.5000000000e+01 0.0000000000e+00 0.0000000000e+00
     vertex 1.4455832168e+01 -5.6843418861e-17 4.3016783181e-01
   endloop
 endfacet
 facet normal  6.0970497000e-01 1.8270163801e-01 7.7128461739e-01
   outer loop
     vertex 1.4455832168e+01 -5.6843418861e-17 4.3016783181e-01
     vertex 1.5000000000e+01 0.0000000000e+00 0.0000000000e+00
     vertex 1.4455832168e+01 1.5125259037e-01 3.9433916961e-01
   endloop
 endfacet
 facet normal  5.9890178818e-01 4.7634901042e-01 6.4374549970e-01
   outer loop
     vertex 1.4455832168e+01 1.5125259037e-01 3.9433916961e-01
     vertex 1.5000000000e+01 0.0000000000e+00 0.0000000000e+00
     vertex 1.4455832168e+01 2.8039624181e-01 2.9877741330e-01
   endloop
 endfacet
 facet normal  5.9059481801e-01 6.7508488552e-01 4.4210650106e-01
   outer loop
     vertex 1.4455832168e+01 2.8039624181e-01 2.9877741330e-01
     vertex 1.5000000000e+01 0.0000000000e+00 0.0000000000e+00
     vertex 1.4455832168e+01 3.7038373031e-01 1.6136890829e-01
   endloop
 endfacet
 facet normal  5.8800906947e-01 7.9168997440e-01 1.6574775611e-01
   outer loop
     vertex 1.4455832168e+01 3.7038373031e-01 1.6136890829e-01
     vertex 1.5000000000e+01 0.0000000000e+00 0.0000000000e+00
     vertex 1.4455832168e+01 4.0416783181e-01 0.0000000000e+00
   endloop
 endfacet
 facet normal  7.6930901569e-02 -3.2876441495e-02 -9.9649424282e-01
   outer loop
     vertex 8.0000000000e+00 0.0000000000e+00 0.0000000000e+00
     vertex 8.8030153350e+00 2.0000000000e+00 -3.9901778903e-03
     vertex 8.8547005384e+00 2.0000000000e+00 0.0000000000e+00
   endloop
 endfacet
 facet normal  7.2170143239e-02 -3.0965793039e-02 -9.9691152571e-01
   outer loop
     vertex 8.0000000000e+00 0.0000000000e+00 0.0000000000e+00
     vertex 7.9425529637e+00 0.0000000000e+00 -4.1588052038e-03
     vertex 8.8030153350e+00 2.0000000000e+00 -3.9901778903e-03
   endloop
 endfacet
 facet normal  7.6111047689e-02 -3.2661322311e-02 -9.9656427111e-01
   outer loop
     vertex 7.9425529637e+00 0.0000000000e+00 -4.1588052038e-03
     vertex 8.7287380557e+00 2.0000000000e+00 -9.6629896812e-03
     vertex 8.8030153350e+00 2.0000000000e+00 -3.9901778903e-03
   endloop
 endfacet
 facet normal  7.1585369303e-02 -3.0883390615e-02 -9.9695624332e-01
   outer loop
     vertex 7.9425529637e+00 0.0000000000e+00 -4.1588052038e-03
     vertex 7.8599977525e+00 0.0000000000e+00 -1.0086593225e-02
     vertex 8.7287380557e+00 2.0000000000e+00 -9.6629896812e-03
   endloop
 endfacet
 facet normal  7.5062556584e-02 -3.2393841310e-02 -9.9665252302e-01
   outer loop
     vertex 7.8599977525e+00 0.0000000000e+00 -1.0086593225e-02
     vertex 8.6242022737e+00 2.0000000000e+00 -1.7536067677e-02
     vertex 8.7287380557e+00 2.0000000000e+00 -9.6629896812e-03
   endloop
 endfacet
 facet normal  7.0872070577e-02 -3.0793978530e-02 -9.9700997011e-01
   outer loop
     vertex 7.8599977525e+00 0.0000000000e+00 -1.0086593225e-02
     vertex 7.7438165477e+00 0.0000000000e+00 -1.8345289523e-02
     vertex 8.6242022737e+00 2.0000000000e+00 -1.7536067677e-02
   endloop
 endfacet
 facet normal  7.3833892219e-02 -3.2097854898e-02 -9.9675387337e-01
   outer loop
     vertex 7.7438165477e+00 0.0000000000e+00 -1.8345289523e-02
     vertex 8.4813314825e+00 2.0000000000e+00 -2.8119128234e-02
     vertex 8.6242022737e+00 2.0000000000e+00 -1.7536067677e-02
   endloop
 endfacet
 facet normal  7.0110014490e-02 -3.0726172221e-02 -9.9706593975e-01
   outer loop
     vertex 7.7438165477e+00 0.0000000000e+00 -1.8345289523e-02
     vertex 7.5850381729e+00 0.0000000000e+00 -2.9510001616e-02
     vertex 8.4813314825e+00 2.0000000000e+00 -2.8119128234e-02
   endloop
 endfacet
 facet normal  7.2385580453e-02 -3.1746094812e-02 -9.9687136242e-01
   outer loop
     vertex 7.5850381729e+00 0.0000000000e+00 -2.9510001616e-02
     vertex 8.2936960234e+00 2.0000000000e+00 -4.1743856691e-02
     vertex 8.4813314825e+00 2.0000000000e+00 -2.8119128234e-02
   endloop
 endfacet
 facet normal  6.9286711064e-02 -3.0649632406e-02 -9.9712584547e-01
   outer loop
     vertex 7.5850381729e+00 0.0000000000e+00 -2.9510001616e-02
     vertex 7.3765246734e+00 0.0000000000e+00 -4.3998859425e-02
     vertex 8.2936960234e+00 2.0000000000e+00 -4.1743856691e-02
   endloop
 endfacet
 facet normal  7.0296428685e-02 -3.1112770303e-02 -9.9704082546e-01
   outer loop
     vertex 7.3765246734e+00 0.0000000000e+00 -4.3998859425e-02
     vertex 8.0597541984e+00 2.0000000000e+00 -5.8237940378e-02
     vertex 8.2936960234e+00 2.0000000000e+00 -4.1743856691e-02
   endloop
 endfacet
 facet normal  6.7986869305e-02 -3.0325103651e-02 -9.9722523719e-01
   outer loop
     vertex 7.3765246734e+00 0.0000000000e+00 -4.3998859425e-02
     vertex 7.1165724567e+00 0.0000000000e+00 -6.1721372579e-02
     vertex 8.0597541984e+00 2.0000000000e+00 -5.8237940378e-02
   endloop
 endfacet
 facet normal  6.6533802302e-02 -2.9639643937e-02 -9.9734384475e-01
   outer loop
     vertex 7.1165724567e+00 0.0000000000e+00 -6.1721372579e-02
     vertex 7.7862568687e+00 2.0000000000e+00 -7.6483219939e-02
     vertex 8.0597541984e+00 2.0000000000e+00 -5.8237940378e-02
   endloop
 endfacet
 facet normal  6.5149061714e-02 -2.9176749781e-02 -9.9744890447e-01
   outer loop
     vertex 7.1165724567e+00 0.0000000000e+00 -6.1721372579e-02
     vertex 6.8126918742e+00 0.0000000000e+00 -8.1569541981e-02
     vertex 7.7862568687e+00 2.0000000000e+00 -7.6483219939e-02
   endloop
 endfacet
 facet normal  5.8920526722e-02 -2.6143609182e-02 -9.9792027900e-01
   outer loop
     vertex 6.8126918742e+00 0.0000000000e+00 -8.1569541981e-02
     vertex 7.4895376825e+00 2.0000000000e+00 -9.4002505904e-02
     vertex 7.7862568687e+00 2.0000000000e+00 -7.6483219939e-02
   endloop
 endfacet
 facet normal  5.8501461500e-02 -2.6001964183e-02 -9.9794863438e-01
   outer loop
     vertex 6.8126918742e+00 0.0000000000e+00 -8.1569541981e-02
     vertex 6.4830339642e+00 0.0000000000e+00 -1.0089465438e-01
     vertex 7.4895376825e+00 2.0000000000e+00 -9.4002505904e-02
   endloop
 endfacet
 facet normal  4.5077487619e-02 -1.9243396933e-02 -9.9879813365e-01
   outer loop
     vertex 6.4830339642e+00 0.0000000000e+00 -1.0089465438e-01
     vertex 6.1531485128e+00 0.0000000000e+00 -1.1578295548e-01
     vertex 7.4895376825e+00 2.0000000000e+00 -9.4002505904e-02
   endloop
 endfacet
 facet normal  4.4606586536e-02 -1.8928447606e-02 -9.9882529319e-01
   outer loop
     vertex 7.4895376825e+00 2.0000000000e+00 -9.4002505904e-02
     vertex 6.1531485128e+00 0.0000000000e+00 -1.1578295548e-01
     vertex 7.1926002340e+00 2.0000000000e+00 -1.0726344962e-01
   endloop
 endfacet
 facet normal  3.0347696761e-02 -1.1514974466e-02 -9.9947307251e-01
   outer loop
     vertex 6.1531485128e+00 0.0000000000e+00 -1.1578295548e-01
     vertex 5.8487637125e+00 0.0000000000e+00 -1.2502520309e-01
     vertex 7.1926002340e+00 2.0000000000e+00 -1.0726344962e-01
   endloop
 endfacet
 facet normal  2.8252689960e-02 -1.0106620448e-02 -9.9954971949e-01
   outer loop
     vertex 7.1926002340e+00 2.0000000000e+00 -1.0726344962e-01
     vertex 5.8487637125e+00 0.0000000000e+00 -1.2502520309e-01
     vertex 6.9186107135e+00 2.0000000000e+00 -1.1500787776e-01
   endloop
 endfacet
 facet normal  6.3047489617e-03 1.6359980317e-03 -9.9997878660e-01
   outer loop
     vertex 5.8487637125e+00 0.0000000000e+00 -1.2502520309e-01
     vertex 5.5882239960e+00 0.0000000000e+00 -1.2666787545e-01
     vertex 6.9186107135e+00 2.0000000000e+00 -1.1500787776e-01
   endloop
 endfacet
 facet normal  2.6001989170e-03 4.1002950757e-03 -9.9998821320e-01
   outer loop
     vertex 6.9186107135e+00 2.0000000000e+00 -1.1500787776e-01
     vertex 5.5882239960e+00 0.0000000000e+00 -1.2666787545e-01
     vertex 6.6841072148e+00 2.0000000000e+00 -1.1561764069e-01
   endloop
 endfacet
 facet normal  -3.5463598151e-02 2.4951901641e-02 -9.9905942557e-01
   outer loop
     vertex 5.5882239960e+00 0.0000000000e+00 -1.2666787545e-01
     vertex 5.3793622128e+00 0.0000000000e+00 -1.1925391171e-01
     vertex 6.6841072148e+00 2.0000000000e+00 -1.1561764069e-01
   endloop
 endfacet
 facet normal  -4.0003761353e-02 2.7913324982e-02 -9.9880956411e-01
   outer loop
     vertex 6.6841072148e+00 2.0000000000e+00 -1.1561764069e-01
     vertex 5.3793622128e+00 0.0000000000e+00 -1.1925391171e-01
     vertex 6.4961576596e+00 2.0000000000e+00 -1.0808999035e-01
   endloop
 endfacet
 facet normal  -1.0066860156e-01 6.1756013396e-02 -9.9300152440e-01
   outer loop
     vertex 5.3793622128e+00 0.0000000000e+00 -1.1925391171e-01
     vertex 5.2210456447e+00 0.0000000000e+00 -1.0320407984e-01
     vertex 6.4961576596e+00 2.0000000000e+00 -1.0808999035e-01
   endloop
 endfacet
 facet normal  -1.0507139326e-01 6.4564590851e-02 -9.9236657336e-01
   outer loop
     vertex 6.4961576596e+00 2.0000000000e+00 -1.0808999035e-01
     vertex 5.2210456447e+00 0.0000000000e+00 -1.0320407984e-01
     vertex 6.3537324439e+00 2.0000000000e+00 -9.3010062983e-02
   endloop
 endfacet
 facet normal  -2.0474089269e-01 1.2090448135e-01 -9.7132037622e-01
   outer loop
     vertex 5.2210456447e+00 0.0000000000e+00 -1.0320407984e-01
     vertex 5.1071672959e+00 0.0000000000e+00 -7.9200099932e-02
     vertex 6.3537324439e+00 2.0000000000e+00 -9.3010062983e-02
   endloop
 endfacet
 facet normal  -2.0764128676e-01 1.2271807077e-01 -9.7047687821e-01
   outer loop
     vertex 6.3537324439e+00 2.0000000000e+00 -9.3010062983e-02
     vertex 5.1071672959e+00 0.0000000000e+00 -7.9200099932e-02
     vertex 6.2512970451e+00 2.0000000000e+00 -7.1093190473e-02
   endloop
 endfacet
 facet normal  -3.9359643712e-01 2.2877174044e-01 -8.9036247420e-01
   outer loop
     vertex 5.1071672959e+00 0.0000000000e+00 -7.9200099932e-02
     vertex 5.0317708184e+00 0.0000000000e+00 -4.5870095849e-02
     vertex 6.2512970451e+00 2.0000000000e+00 -7.1093190473e-02
   endloop
 endfacet
 facet normal  -3.9282232124e-01 2.2829385619e-01 -8.9082688507e-01
   outer loop
     vertex 6.2512970451e+00 2.0000000000e+00 -7.1093190473e-02
     vertex 5.0317708184e+00 0.0000000000e+00 -4.5870095849e-02
     vertex 6.1833952007e+00 2.0000000000e+00 -4.1150941774e-02
   endloop
 endfacet
 facet normal  -7.4264304917e-01 4.2883662609e-01 -5.1437384230e-01
   outer loop
     vertex 5.0317708184e+00 0.0000000000e+00 -4.5870095849e-02
     vertex 5.0000000000e+00 0.0000000000e+00 0.0000000000e+00
     vertex 6.1833952007e+00 2.0000000000e+00 -4.1150941774e-02
   endloop
 endfacet
 facet normal  -7.4133804381e-01 4.2801171915e-01 -5.1693701074e-01
   outer loop
     vertex 6.1833952007e+00 2.0000000000e+00 -4.1150941774e-02
     vertex 5.0000000000e+00 0.0000000000e+00 0.0000000000e+00
     vertex 6.1547005384e+00 2.0000000000e+00 0.0000000000e+00
   endloop
 endfacet
 facet normal  -8.0231825297e-01 4.6321865933e-01 3.7644905976e-01
   outer loop
     vertex 5.0000000000e+00 0.0000000000e+00 0.0000000000e+00
     vertex 6.1762128903e+00 2.0000000000e+00 4.5848839797e-02
     vertex 6.1547005384e+00 2.0000000000e+00 0.0000000000e+00
   endloop
 endfacet
 facet normal  -8.0894396114e-01 4.6757614005e-01 3.5634564820e-01
   outer loop
     vertex 5.0000000000e+00 0.0000000000e+00 0.0000000000e+00
     vertex 5.0227929304e+00 0.0000000000e+00 5.1742468378e-02
     vertex 6.1762128903e+00 2.0000000000e+00 4.5848839797e-02
   endloop
 endfacet
 facet normal  -5.1930721907e-01 3.0184565044e-01 7.9950560695e-01
   outer loop
     vertex 5.0227929304e+00 0.0000000000e+00 5.1742468378e-02
     vertex 6.2391192074e+00 2.0000000000e+00 8.6708721560e-02
     vertex 6.1762128903e+00 2.0000000000e+00 4.5848839797e-02
   endloop
 endfacet
 facet normal  -5.3405562228e-01 3.1104856605e-01 7.8615099178e-01
   outer loop
     vertex 5.0227929304e+00 0.0000000000e+00 5.1742468378e-02
     vertex 5.0919449987e+00 0.0000000000e+00 9.8719513791e-02
     vertex 6.2391192074e+00 2.0000000000e+00 8.6708721560e-02
   endloop
 endfacet
 facet normal  -3.4476954500e-01 2.0325881109e-01 9.1641683559e-01
   outer loop
     vertex 5.0919449987e+00 0.0000000000e+00 9.8719513791e-02
     vertex 6.3383079924e+00 2.0000000000e+00 1.2402500705e-01
     vertex 6.2391192074e+00 2.0000000000e+00 8.6708721560e-02
   endloop
 endfacet
 facet normal  -3.5815206389e-01 2.1168797890e-01 9.0934883225e-01
   outer loop
     vertex 5.0919449987e+00 0.0000000000e+00 9.8719513791e-02
     vertex 5.2017650802e+00 0.0000000000e+00 1.4197275992e-01
     vertex 6.3383079924e+00 2.0000000000e+00 1.2402500705e-01
   endloop
 endfacet
 facet normal  -2.3201630326e-01 1.4048571952e-01 9.6251347919e-01
   outer loop
     vertex 5.2017650802e+00 0.0000000000e+00 1.4197275992e-01
     vertex 6.4792300515e+00 2.0000000000e+00 1.5799462506e-01
     vertex 6.3383079924e+00 2.0000000000e+00 1.2402500705e-01
   endloop
 endfacet
 facet normal  -2.4306580708e-01 1.4757379861e-01 9.5871840881e-01
   outer loop
     vertex 5.2017650802e+00 0.0000000000e+00 1.4197275992e-01
     vertex 5.3582027028e+00 0.0000000000e+00 1.8163470511e-01
     vertex 6.4792300515e+00 2.0000000000e+00 1.5799462506e-01
   endloop
 endfacet
 facet normal  -1.4471631231e-01 9.2759578397e-02 9.8511565289e-01
   outer loop
     vertex 5.3582027028e+00 0.0000000000e+00 1.8163470511e-01
     vertex 6.6676412446e+00 2.0000000000e+00 1.8567276922e-01
     vertex 6.4792300515e+00 2.0000000000e+00 1.5799462506e-01
   endloop
 endfacet
 facet normal  -1.5306771567e-01 9.8231025810e-02 9.8332138184e-01
   outer loop
     vertex 5.3582027028e+00 0.0000000000e+00 1.8163470511e-01
     vertex 5.5676415332e+00 0.0000000000e+00 2.1423678612e-01
     vertex 6.6676412446e+00 2.0000000000e+00 1.8567276922e-01
   endloop
 endfacet
 facet normal  -6.9985461583e-02 5.2719073202e-02 9.9615397128e-01
   outer loop
     vertex 5.5676415332e+00 0.0000000000e+00 2.1423678612e-01
     vertex 6.9045069899e+00 2.0000000000e+00 2.0231393013e-01
     vertex 6.6676412446e+00 2.0000000000e+00 1.8567276922e-01
   endloop
 endfacet
 facet normal  -7.5269096361e-02 5.6247379754e-02 9.9557561009e-01
   outer loop
     vertex 5.5676415332e+00 0.0000000000e+00 2.1423678612e-01
     vertex 5.8311340580e+00 0.0000000000e+00 2.3415776855e-01
     vertex 6.9045069899e+00 2.0000000000e+00 2.0231393013e-01
   endloop
 endfacet
 facet normal  -3.7780594540e-03 1.7946874583e-02 9.9983180383e-01
   outer loop
     vertex 5.8311340580e+00 0.0000000000e+00 2.3415776855e-01
     vertex 7.1820684842e+00 2.0000000000e+00 2.0336275036e-01
     vertex 6.9045069899e+00 2.0000000000e+00 2.0231393013e-01
   endloop
 endfacet
 facet normal  -5.6628233947e-03 1.9219469613e-02 9.9979925206e-01
   outer loop
     vertex 5.8311340580e+00 0.0000000000e+00 2.3415776855e-01
     vertex 6.1399838254e+00 0.0000000000e+00 2.3590708141e-01
     vertex 7.1820684842e+00 2.0000000000e+00 2.0336275036e-01
   endloop
 endfacet
 facet normal  5.0050993749e-02 -9.8277021612e-03 9.9869830995e-01
   outer loop
     vertex 6.1399838254e+00 0.0000000000e+00 2.3590708141e-01
     vertex 7.4827040067e+00 2.0000000000e+00 1.8829603151e-01
     vertex 7.1820684842e+00 2.0000000000e+00 2.0336275036e-01
   endloop
 endfacet
 facet normal  5.1185859726e-02 -1.0591161024e-02 9.9863298317e-01
   outer loop
     vertex 6.1399838254e+00 0.0000000000e+00 2.3590708141e-01
     vertex 6.4744918694e+00 0.0000000000e+00 2.1876156138e-01
     vertex 7.4827040067e+00 2.0000000000e+00 1.8829603151e-01
   endloop
 endfacet
 facet normal  8.9766913946e-02 -3.0087703257e-02 9.9550822763e-01
   outer loop
     vertex 6.4744918694e+00 0.0000000000e+00 2.1876156138e-01
     vertex 6.8080963889e+00 0.0000000000e+00 1.8867979273e-01
     vertex 7.4827040067e+00 2.0000000000e+00 1.8829603151e-01
   endloop
 endfacet
 facet normal  8.6752504470e-02 -2.9070874390e-02 9.9580564732e-01
   outer loop
     vertex 7.4827040067e+00 2.0000000000e+00 1.8829603151e-01
     vertex 6.8080963889e+00 0.0000000000e+00 1.8867979273e-01
     vertex 7.7825804805e+00 2.0000000000e+00 1.6217142054e-01
   endloop
 endfacet
 facet normal  1.1997891503e-01 -4.5314042304e-02 9.9174174941e-01
   outer loop
     vertex 6.8080963889e+00 0.0000000000e+00 1.8867979273e-01
     vertex 7.1147583459e+00 0.0000000000e+00 1.5158044817e-01
     vertex 7.7825804805e+00 2.0000000000e+00 1.6217142054e-01
   endloop
 endfacet
 facet normal  1.1533858646e-01 -4.3767867220e-02 9.9236151894e-01
   outer loop
     vertex 7.7825804805e+00 2.0000000000e+00 1.6217142054e-01
     vertex 7.1147583459e+00 0.0000000000e+00 1.5158044817e-01
     vertex 8.0583029098e+00 2.0000000000e+00 1.3012520085e-01
   endloop
 endfacet
 facet normal  1.4370105853e-01 -5.7195638831e-02 9.8796693501e-01
   outer loop
     vertex 7.1147583459e+00 0.0000000000e+00 1.5158044817e-01
     vertex 7.3763039481e+00 0.0000000000e+00 1.1353830469e-01
     vertex 8.0583029098e+00 2.0000000000e+00 1.3012520085e-01
   endloop
 endfacet
 facet normal  1.3769234692e-01 -5.5154726470e-02 9.8893820522e-01
   outer loop
     vertex 8.0583029098e+00 2.0000000000e+00 1.3012520085e-01
     vertex 7.3763039481e+00 0.0000000000e+00 1.1353830469e-01
     vertex 8.2935194431e+00 2.0000000000e+00 9.7375412903e-02
   endloop
 endfacet
 facet normal  1.6227324283e-01 -6.6463542906e-02 9.8450494774e-01
   outer loop
     vertex 7.3763039481e+00 0.0000000000e+00 1.1353830469e-01
     vertex 7.5855005150e+00 0.0000000000e+00 7.9057009927e-02
     vertex 8.2935194431e+00 2.0000000000e+00 9.7375412903e-02
   endloop
 endfacet
 facet normal  1.5516147629e-01 -6.3957923614e-02 9.8581656523e-01
   outer loop
     vertex 8.2935194431e+00 2.0000000000e+00 9.7375412903e-02
     vertex 7.5855005150e+00 0.0000000000e+00 7.9057009927e-02
     vertex 8.4817013561e+00 2.0000000000e+00 6.7756734882e-02
   endloop
 endfacet
 facet normal  1.7659013771e-01 -7.3584335123e-02 9.8153006520e-01
   outer loop
     vertex 7.5855005150e+00 0.0000000000e+00 7.9057009927e-02
     vertex 7.7444074425e+00 0.0000000000e+00 5.0467568601e-02
     vertex 8.4817013561e+00 2.0000000000e+00 6.7756734882e-02
   endloop
 endfacet
 facet normal  1.6862880568e-01 -7.0663361215e-02 9.8314343576e-01
   outer loop
     vertex 8.4817013561e+00 2.0000000000e+00 6.7756734882e-02
     vertex 7.7444074425e+00 0.0000000000e+00 5.0467568601e-02
     vertex 8.6246749896e+00 2.0000000000e+00 4.3233890939e-02
   endloop
 endfacet
 facet normal  1.8742404469e-01 -7.8950400982e-02 9.7910114986e-01
   outer loop
     vertex 7.7444074425e+00 0.0000000000e+00 5.0467568601e-02
     vertex 7.8604491685e+00 0.0000000000e+00 2.8254327768e-02
     vertex 8.6246749896e+00 2.0000000000e+00 4.3233890939e-02
   endloop
 endfacet
 facet normal  1.7883156723e-01 -7.5681061632e-02 9.8096465149e-01
   outer loop
     vertex 8.6246749896e+00 2.0000000000e+00 4.3233890939e-02
     vertex 7.8604491685e+00 0.0000000000e+00 2.8254327768e-02
     vertex 8.7290991885e+00 2.0000000000e+00 2.4197177315e-02
   endloop
 endfacet
 facet normal  1.9540068080e-01 -8.2885049031e-02 9.7721473719e-01
   outer loop
     vertex 7.8604491685e+00 0.0000000000e+00 2.8254327768e-02
     vertex 7.9427769996e+00 0.0000000000e+00 1.1792322404e-02
     vertex 8.7290991885e+00 2.0000000000e+00 2.4197177315e-02
   endloop
 endfacet
 facet normal  1.8635364954e-01 -7.9340880033e-02 9.7927388511e-01
   outer loop
     vertex 8.7290991885e+00 2.0000000000e+00 2.4197177315e-02
     vertex 7.9427769996e+00 0.0000000000e+00 1.1792322404e-02
     vertex 8.8031945637e+00 2.0000000000e+00 1.0096991650e-02
   endloop
 endfacet
 facet normal  2.0109315478e-01 -8.5684874555e-02 9.7581742420e-01
   outer loop
     vertex 7.9427769996e+00 0.0000000000e+00 1.1792322404e-02
     vertex 8.0000000000e+00 0.0000000000e+00 0.0000000000e+00
     vertex 8.8031945637e+00 2.0000000000e+00 1.0096991650e-02
   endloop
 endfacet
 facet normal  1.9172693099e-01 -8.1934555568e-02 9.7802224542e-01
   outer loop
     vertex 8.8031945637e+00 2.0000000000e+00 1.0096991650e-02
     vertex 8.0000000000e+00 0.0000000000e+00 0.0000000000e+00
     vertex 8.8547005384e+00 2.0000000000e+00 0.0000000000e+00
   endloop
 endfacet
 facet normal  8.2877141079e-02 -3.5417568550e-02 -9.9593020605e-01
   outer loop
     vertex 8.8547005384e+00 2.0000000000e+00 0.0000000000e+00
     vertex 9.6634777063e+00 4.0000000000e+00 -3.8215505768e-03
     vertex 9.7094010768e+00 4.0000000000e+00 0.0000000000e+00
   endloop
 endfacet
 facet normal  7.6930552789e-02 -3.3013905247e-02 -9.9648972504e-01
   outer loop
     vertex 8.8547005384e+00 2.0000000000e+00 0.0000000000e+00
     vertex 8.8030153350e+00 2.0000000000e+00 -3.9901778903e-03
     vertex 9.6634777063e+00 4.0000000000e+00 -3.8215505768e-03
   endloop
 endfacet
 facet normal  8.1763640175e-02 -3.5093288611e-02 -9.9603371843e-01
   outer loop
     vertex 8.8030153350e+00 2.0000000000e+00 -3.9901778903e-03
     vertex 9.5974783588e+00 4.0000000000e+00 -9.2393861374e-03
     vertex 9.6634777063e+00 4.0000000000e+00 -3.8215505768e-03
   endloop
 endfacet
 facet normal  7.6110579074e-02 -3.2849090989e-02 -9.9655813527e-01
   outer loop
     vertex 8.8030153350e+00 2.0000000000e+00 -3.9901778903e-03
     vertex 8.7287380557e+00 2.0000000000e+00 -9.6629896812e-03
     vertex 9.5974783588e+00 4.0000000000e+00 -9.2393861374e-03
   endloop
 endfacet
 facet normal  8.0296466603e-02 -3.4667398225e-02 -9.9616798230e-01
   outer loop
     vertex 8.7287380557e+00 2.0000000000e+00 -9.6629896812e-03
     vertex 9.5045879997e+00 4.0000000000e+00 -1.6726845831e-02
     vertex 9.5974783588e+00 4.0000000000e+00 -9.2393861374e-03
   endloop
 endfacet
 facet normal  7.5061958841e-02 -3.2638485279e-02 -9.9664458641e-01
   outer loop
     vertex 8.7287380557e+00 2.0000000000e+00 -9.6629896812e-03
     vertex 8.6242022737e+00 2.0000000000e+00 -1.7536067677e-02
     vertex 9.5045879997e+00 4.0000000000e+00 -1.6726845831e-02
   endloop
 endfacet
 facet normal  7.8485001084e-02 -3.4145411182e-02 -9.9633036464e-01
   outer loop
     vertex 8.6242022737e+00 2.0000000000e+00 -1.7536067677e-02
     vertex 9.3776247920e+00 4.0000000000e+00 -2.6728254851e-02
     vertex 9.5045879997e+00 4.0000000000e+00 -1.6726845831e-02
   endloop
 endfacet
 facet normal  7.3833184206e-02 -3.2394921944e-02 -9.9674431523e-01
   outer loop
     vertex 8.6242022737e+00 2.0000000000e+00 -1.7536067677e-02
     vertex 8.4813314825e+00 2.0000000000e+00 -2.8119128234e-02
     vertex 9.3776247920e+00 4.0000000000e+00 -2.6728254851e-02
   endloop
 endfacet
 facet normal  7.6256089198e-02 -3.3480890546e-02 -9.9652598502e-01
   outer loop
     vertex 8.4813314825e+00 2.0000000000e+00 -2.8119128234e-02
     vertex 9.2108673733e+00 4.0000000000e+00 -3.9488853957e-02
     vertex 9.3776247920e+00 4.0000000000e+00 -2.6728254851e-02
   endloop
 endfacet
 facet normal  7.2384829987e-02 -3.2070683947e-02 -9.9686102723e-01
   outer loop
     vertex 8.4813314825e+00 2.0000000000e+00 -2.8119128234e-02
     vertex 8.2936960234e+00 2.0000000000e+00 -4.1743856691e-02
     vertex 9.2108673733e+00 4.0000000000e+00 -3.9488853957e-02
   endloop
 endfacet
 facet normal  7.3181180282e-02 -3.2435957669e-02 -9.9679106311e-01
   outer loop
     vertex 8.2936960234e+00 2.0000000000e+00 -4.1743856691e-02
     vertex 9.0029359401e+00 4.0000000000e+00 -5.4754508177e-02
     vertex 9.2108673733e+00 4.0000000000e+00 -3.9488853957e-02
   endloop
 endfacet
 facet normal  7.0295765373e-02 -3.1414295537e-02 -9.9703141746e-01
   outer loop
     vertex 8.2936960234e+00 2.0000000000e+00 -4.1743856691e-02
     vertex 8.0597541984e+00 2.0000000000e+00 -5.8237940378e-02
     vertex 9.0029359401e+00 4.0000000000e+00 -5.4754508177e-02
   endloop
 endfacet
 facet normal  6.8263551336e-02 -3.0455624220e-02 -9.9720235786e-01
   outer loop
     vertex 8.0597541984e+00 2.0000000000e+00 -5.8237940378e-02
     vertex 8.7598218632e+00 4.0000000000e+00 -7.1396897897e-02
     vertex 9.0029359401e+00 4.0000000000e+00 -5.4754508177e-02
   endloop
 endfacet
 facet normal  6.6533383850e-02 -2.9850896704e-02 -9.9733757214e-01
   outer loop
     vertex 8.0597541984e+00 2.0000000000e+00 -5.8237940378e-02
     vertex 7.7862568687e+00 2.0000000000e+00 -7.6483219939e-02
     vertex 8.7598218632e+00 4.0000000000e+00 -7.1396897897e-02
   endloop
 endfacet
 facet normal  5.9444078623e-02 -2.6398561119e-02 -9.9788251688e-01
   outer loop
     vertex 7.7862568687e+00 2.0000000000e+00 -7.6483219939e-02
     vertex 8.4960414008e+00 4.0000000000e+00 -8.7110357429e-02
     vertex 8.7598218632e+00 4.0000000000e+00 -7.1396897897e-02
   endloop
 endfacet
 facet normal  5.8920419757e-02 -2.6212909663e-02 -9.9791846736e-01
   outer loop
     vertex 7.7862568687e+00 2.0000000000e+00 -7.6483219939e-02
     vertex 7.4895376825e+00 2.0000000000e+00 -9.4002505904e-02
     vertex 8.4960414008e+00 4.0000000000e+00 -8.7110357429e-02
   endloop
 endfacet
 facet normal  4.4606520650e-02 -1.9006293421e-02 -9.9882381786e-01
   outer loop
     vertex 7.4895376825e+00 2.0000000000e+00 -9.4002505904e-02
     vertex 7.1926002340e+00 2.0000000000e+00 -1.0726344962e-01
     vertex 8.4960414008e+00 4.0000000000e+00 -8.7110357429e-02
   endloop
 endfacet
 facet normal  4.4018013441e-02 -1.8622415216e-02 -9.9885715703e-01
   outer loop
     vertex 8.4960414008e+00 4.0000000000e+00 -8.7110357429e-02
     vertex 7.1926002340e+00 2.0000000000e+00 -1.0726344962e-01
     vertex 8.2320519553e+00 4.0000000000e+00 -9.8743943753e-02
   endloop
 endfacet
 facet normal  2.8252597378e-02 -1.0425784592e-02 -9.9954644402e-01
   outer loop
     vertex 7.1926002340e+00 2.0000000000e+00 -1.0726344962e-01
     vertex 6.9186107135e+00 2.0000000000e+00 -1.1500787776e-01
     vertex 8.2320519553e+00 4.0000000000e+00 -9.8743943753e-02
   endloop
 endfacet
 facet normal  2.5634100320e-02 -8.7054557493e-03 -9.9963348680e-01
   outer loop
     vertex 8.2320519553e+00 4.0000000000e+00 -9.8743943753e-02
     vertex 6.9186107135e+00 2.0000000000e+00 -1.1500787776e-01
     vertex 7.9884577145e+00 4.0000000000e+00 -1.0499055242e-01
   endloop
 endfacet
 facet normal  2.6002037595e-03 3.6177028614e-03 -9.9999007553e-01
   outer loop
     vertex 6.9186107135e+00 2.0000000000e+00 -1.1500787776e-01
     vertex 6.6841072148e+00 2.0000000000e+00 -1.1561764069e-01
     vertex 7.9884577145e+00 4.0000000000e+00 -1.0499055242e-01
   endloop
 endfacet
 facet normal  -2.0297492226e-03 6.6371683550e-03 -9.9997591377e-01
   outer loop
     vertex 7.9884577145e+00 4.0000000000e+00 -1.0499055242e-01
     vertex 6.6841072148e+00 2.0000000000e+00 -1.1561764069e-01
     vertex 7.7799904336e+00 4.0000000000e+00 -1.0456740593e-01
   endloop
 endfacet
 facet normal  -4.0004287319e-02 2.7438626215e-02 -9.9882269637e-01
   outer loop
     vertex 6.6841072148e+00 2.0000000000e+00 -1.1561764069e-01
     vertex 6.4961576596e+00 2.0000000000e+00 -1.0808999035e-01
     vertex 7.7799904336e+00 4.0000000000e+00 -1.0456740593e-01
   endloop
 endfacet
 facet normal  -4.5676415883e-02 3.1079042066e-02 -9.9847271279e-01
   outer loop
     vertex 7.7799904336e+00 4.0000000000e+00 -1.0456740593e-01
     vertex 6.4961576596e+00 2.0000000000e+00 -1.0808999035e-01
     vertex 7.6129531064e+00 4.0000000000e+00 -9.6926068987e-02
   endloop
 endfacet
 facet normal  -1.0507378565e-01 6.4212440014e-02 -9.9238916868e-01
   outer loop
     vertex 6.4961576596e+00 2.0000000000e+00 -1.0808999035e-01
     vertex 6.3537324439e+00 2.0000000000e+00 -9.3010062983e-02
     vertex 7.6129531064e+00 4.0000000000e+00 -9.6926068987e-02
   endloop
 endfacet
 facet normal  -1.1057083728e-01 6.7675061122e-02 -9.9156148374e-01
   outer loop
     vertex 7.6129531064e+00 4.0000000000e+00 -9.6926068987e-02
     vertex 6.3537324439e+00 2.0000000000e+00 -9.3010062983e-02
     vertex 7.4864192431e+00 4.0000000000e+00 -8.2816046129e-02
   endloop
 endfacet
 facet normal  -2.0764574982e-01 1.2254543502e-01 -9.7049773773e-01
   outer loop
     vertex 6.3537324439e+00 2.0000000000e+00 -9.3010062983e-02
     vertex 6.2512970451e+00 2.0000000000e+00 -7.1093190473e-02
     vertex 7.4864192431e+00 4.0000000000e+00 -8.2816046129e-02
   endloop
 endfacet
 facet normal  -2.1126559850e-01 1.2478716975e-01 -9.6943024976e-01
   outer loop
     vertex 7.4864192431e+00 4.0000000000e+00 -8.2816046129e-02
     vertex 6.2512970451e+00 2.0000000000e+00 -7.1093190473e-02
     vertex 7.3954267944e+00 4.0000000000e+00 -6.2986281014e-02
   endloop
 endfacet
 facet normal  -3.9281900987e-01 2.2832885365e-01 -8.9081937567e-01
   outer loop
     vertex 6.2512970451e+00 2.0000000000e+00 -7.1093190473e-02
     vertex 6.1833952007e+00 2.0000000000e+00 -4.1150941774e-02
     vertex 7.3954267944e+00 4.0000000000e+00 -6.2986281014e-02
   endloop
 endfacet
 facet normal  -3.9185070444e-01 2.2773573374e-01 -8.9139747644e-01
   outer loop
     vertex 7.3954267944e+00 4.0000000000e+00 -6.2986281014e-02
     vertex 6.1833952007e+00 2.0000000000e+00 -4.1150941774e-02
     vertex 7.3350195830e+00 4.0000000000e+00 -3.6431787698e-02
   endloop
 endfacet
 facet normal  -7.4131281192e-01 4.2807666575e-01 -5.1691941647e-01
   outer loop
     vertex 6.1833952007e+00 2.0000000000e+00 -4.1150941774e-02
     vertex 6.1547005384e+00 2.0000000000e+00 0.0000000000e+00
     vertex 7.3350195830e+00 4.0000000000e+00 -3.6431787698e-02
   endloop
 endfacet
 facet normal  -7.3966379606e-01 4.2704509177e-01 -5.2012494499e-01
   outer loop
     vertex 7.3350195830e+00 4.0000000000e+00 -3.6431787698e-02
     vertex 6.1547005384e+00 2.0000000000e+00 0.0000000000e+00
     vertex 7.3094010768e+00 4.0000000000e+00 0.0000000000e+00
   endloop
 endfacet
 facet normal  -7.9311765195e-01 4.5790668985e-01 4.0160410053e-01
   outer loop
     vertex 6.1547005384e+00 2.0000000000e+00 0.0000000000e+00
     vertex 7.3296328502e+00 4.0000000000e+00 3.9955211215e-02
     vertex 7.3094010768e+00 4.0000000000e+00 0.0000000000e+00
   endloop
 endfacet
 facet normal  -8.0209684471e-01 4.6368627457e-01 3.7634517464e-01
   outer loop
     vertex 6.1547005384e+00 2.0000000000e+00 0.0000000000e+00
     vertex 6.1762128903e+00 2.0000000000e+00 4.5848839797e-02
     vertex 7.3296328502e+00 4.0000000000e+00 3.9955211215e-02
   endloop
 endfacet
 facet normal  -5.0013315891e-01 2.9083534716e-01 8.1564797811e-01
   outer loop
     vertex 6.1762128903e+00 2.0000000000e+00 4.5848839797e-02
     vertex 7.3862934161e+00 4.0000000000e+00 7.4697929329e-02
     vertex 7.3296328502e+00 4.0000000000e+00 3.9955211215e-02
   endloop
 endfacet
 facet normal  -5.1917798800e-01 3.0259395182e-01 7.9930664773e-01
   outer loop
     vertex 6.1762128903e+00 2.0000000000e+00 4.5848839797e-02
     vertex 6.2391192074e+00 2.0000000000e+00 8.6708721560e-02
     vertex 7.3862934161e+00 4.0000000000e+00 7.4697929329e-02
   endloop
 endfacet
 facet normal  -3.2767831836e-01 1.9350561257e-01 9.2476077857e-01
   outer loop
     vertex 6.2391192074e+00 2.0000000000e+00 8.6708721560e-02
     vertex 7.4748509045e+00 4.0000000000e+00 1.0607725418e-01
     vertex 7.3862934161e+00 4.0000000000e+00 7.4697929329e-02
   endloop
 endfacet
 facet normal  -3.4470721890e-01 2.0410959798e-01 9.1625116930e-01
   outer loop
     vertex 6.2391192074e+00 2.0000000000e+00 8.6708721560e-02
     vertex 6.3383079924e+00 2.0000000000e+00 1.2402500705e-01
     vertex 7.4748509045e+00 4.0000000000e+00 1.0607725418e-01
   endloop
 endfacet
 facet normal  -2.1802102363e-01 1.3257194666e-01 9.6689788096e-01
   outer loop
     vertex 6.3383079924e+00 2.0000000000e+00 1.2402500705e-01
     vertex 7.6002574003e+00 4.0000000000e+00 1.3435454502e-01
     vertex 7.4748509045e+00 4.0000000000e+00 1.0607725418e-01
   endloop
 endfacet
 facet normal  -2.3198558271e-01 1.4140653283e-01 9.6238603579e-01
   outer loop
     vertex 6.3383079924e+00 2.0000000000e+00 1.2402500705e-01
     vertex 6.4792300515e+00 2.0000000000e+00 1.5799462506e-01
     vertex 7.6002574003e+00 4.0000000000e+00 1.3435454502e-01
   endloop
 endfacet
 facet normal  -1.3419219546e-01 8.6884583745e-02 9.8713906000e-01
   outer loop
     vertex 6.4792300515e+00 2.0000000000e+00 1.5799462506e-01
     vertex 7.7676409560e+00 4.0000000000e+00 1.5710875233e-01
     vertex 7.6002574003e+00 4.0000000000e+00 1.3435454502e-01
   endloop
 endfacet
 facet normal  -1.4470412225e-01 9.3655491305e-02 9.8503267253e-01
   outer loop
     vertex 6.4792300515e+00 2.0000000000e+00 1.5799462506e-01
     vertex 6.6676412446e+00 2.0000000000e+00 1.8567276922e-01
     vertex 7.7676409560e+00 4.0000000000e+00 1.5710875233e-01
   endloop
 endfacet
 facet normal  -6.3348718379e-02 4.9077863190e-02 9.9678398022e-01
   outer loop
     vertex 6.6676412446e+00 2.0000000000e+00 1.8567276922e-01
     vertex 7.9778799218e+00 4.0000000000e+00 1.7047009170e-01
     vertex 7.7676409560e+00 4.0000000000e+00 1.5710875233e-01
   endloop
 endfacet
 facet normal  -6.9982854931e-02 5.3418943402e-02 9.9611686890e-01
   outer loop
     vertex 6.6676412446e+00 2.0000000000e+00 1.8567276922e-01
     vertex 6.9045069899e+00 2.0000000000e+00 2.0231393013e-01
     vertex 7.9778799218e+00 4.0000000000e+00 1.7047009170e-01
   endloop
 endfacet
 facet normal  -1.4141968376e-03 1.6678668874e-02 9.9985990121e-01
   outer loop
     vertex 6.9045069899e+00 2.0000000000e+00 2.0231393013e-01
     vertex 8.2241531429e+00 4.0000000000e+00 1.7081841931e-01
     vertex 7.9778799218e+00 4.0000000000e+00 1.7047009170e-01
   endloop
 endfacet
 facet normal  -3.7780395574e-03 1.8237861460e-02 9.9982653837e-01
   outer loop
     vertex 6.9045069899e+00 2.0000000000e+00 2.0231393013e-01
     vertex 7.1820684842e+00 2.0000000000e+00 2.0336275036e-01
     vertex 8.2241531429e+00 4.0000000000e+00 1.7081841931e-01
   endloop
 endfacet
 facet normal  4.8627493706e-02 -9.0847396046e-03 9.9877566769e-01
   outer loop
     vertex 7.1820684842e+00 2.0000000000e+00 2.0336275036e-01
     vertex 8.4909161439e+00 4.0000000000e+00 1.5783050163e-01
     vertex 8.2241531429e+00 4.0000000000e+00 1.7081841931e-01
   endloop
 endfacet
 facet normal  5.0050899202e-02 -1.0018054167e-02 9.9869642338e-01
   outer loop
     vertex 7.1820684842e+00 2.0000000000e+00 2.0336275036e-01
     vertex 7.4827040067e+00 2.0000000000e+00 1.8829603151e-01
     vertex 8.4909161439e+00 4.0000000000e+00 1.5783050163e-01
   endloop
 endfacet
 facet normal  8.6753772690e-02 -2.8564008189e-02 9.9582020484e-01
   outer loop
     vertex 7.4827040067e+00 2.0000000000e+00 1.8829603151e-01
     vertex 7.7825804805e+00 2.0000000000e+00 1.6217142054e-01
     vertex 8.4909161439e+00 4.0000000000e+00 1.5783050163e-01
   endloop
 endfacet
 facet normal  8.2971646955e-02 -2.7223720016e-02 9.9617999120e-01
   outer loop
     vertex 8.4909161439e+00 4.0000000000e+00 1.5783050163e-01
     vertex 7.7825804805e+00 2.0000000000e+00 1.6217142054e-01
     vertex 8.7570645721e+00 4.0000000000e+00 1.3566304834e-01
   endloop
 endfacet
 facet normal  1.1534220629e-01 -4.3046215516e-02 9.9239266361e-01
   outer loop
     vertex 7.7825804805e+00 2.0000000000e+00 1.6217142054e-01
     vertex 8.0583029098e+00 2.0000000000e+00 1.3012520085e-01
     vertex 8.7570645721e+00 4.0000000000e+00 1.3566304834e-01
   endloop
 endfacet
 facet normal  1.0951696360e-01 -4.1013052385e-02 9.9313844162e-01
   outer loop
     vertex 8.7570645721e+00 4.0000000000e+00 1.3566304834e-01
     vertex 8.0583029098e+00 2.0000000000e+00 1.3012520085e-01
     vertex 9.0018474736e+00 4.0000000000e+00 1.0866995353e-01
   endloop
 endfacet
 facet normal  1.3769841057e-01 -5.4352869293e-02 9.8898175581e-01
   outer loop
     vertex 8.0583029098e+00 2.0000000000e+00 1.3012520085e-01
     vertex 8.2935194431e+00 2.0000000000e+00 9.7375412903e-02
     vertex 9.0018474736e+00 4.0000000000e+00 1.0866995353e-01
   endloop
 endfacet
 facet normal  1.3015079474e-01 -5.1686350707e-02 9.9014609618e-01
   outer loop
     vertex 9.0018474736e+00 4.0000000000e+00 1.0866995353e-01
     vertex 8.2935194431e+00 2.0000000000e+00 9.7375412903e-02
     vertex 9.2107349381e+00 4.0000000000e+00 8.1212521116e-02
   endloop
 endfacet
 facet normal  1.5516903778e-01 -6.3194511417e-02 9.8586460705e-01
   outer loop
     vertex 8.2935194431e+00 2.0000000000e+00 9.7375412903e-02
     vertex 8.4817013561e+00 2.0000000000e+00 6.7756734882e-02
     vertex 9.2107349381e+00 4.0000000000e+00 8.1212521116e-02
   endloop
 endfacet
 facet normal  1.4623043334e-01 -5.9946788973e-02 9.8743255104e-01
   outer loop
     vertex 9.2107349381e+00 4.0000000000e+00 8.1212521116e-02
     vertex 8.4817013561e+00 2.0000000000e+00 6.7756734882e-02
     vertex 9.3779021973e+00 4.0000000000e+00 5.6456459838e-02
   endloop
 endfacet
 facet normal  1.6863658224e-01 -7.0010971636e-02 9.8318877484e-01
   outer loop
     vertex 8.4817013561e+00 2.0000000000e+00 6.7756734882e-02
     vertex 8.6246749896e+00 2.0000000000e+00 4.3233890939e-02
     vertex 9.3779021973e+00 4.0000000000e+00 5.6456459838e-02
   endloop
 endfacet
 facet normal  1.5862462531e-01 -6.6253057872e-02 9.8511357750e-01
   outer loop
     vertex 9.3779021973e+00 4.0000000000e+00 5.6456459838e-02
     vertex 8.6246749896e+00 2.0000000000e+00 4.3233890939e-02
     vertex 9.5049425366e+00 4.0000000000e+00 3.6000213278e-02
   endloop
 endfacet
 facet normal  1.7883857102e-01 -7.5164765117e-02 9.8100307013e-01
   outer loop
     vertex 8.6246749896e+00 2.0000000000e+00 4.3233890939e-02
     vertex 8.7290991885e+00 2.0000000000e+00 2.4197177315e-02
     vertex 9.5049425366e+00 4.0000000000e+00 3.6000213278e-02
   endloop
 endfacet
 facet normal  1.6802782874e-01 -7.0984146126e-02 9.8322321971e-01
   outer loop
     vertex 9.5049425366e+00 4.0000000000e+00 3.6000213278e-02
     vertex 8.7290991885e+00 2.0000000000e+00 2.4197177315e-02
     vertex 9.5977492084e+00 4.0000000000e+00 2.0140026863e-02
   endloop
 endfacet
 facet normal  1.8635939255e-01 -7.8953953062e-02 9.7930406417e-01
   outer loop
     vertex 8.7290991885e+00 2.0000000000e+00 2.4197177315e-02
     vertex 8.8031945637e+00 2.0000000000e+00 1.0096991650e-02
     vertex 9.5977492084e+00 4.0000000000e+00 2.0140026863e-02
   endloop
 endfacet
 facet normal  1.7497250216e-01 -7.4442507301e-02 9.8175502881e-01
   outer loop
     vertex 9.5977492084e+00 4.0000000000e+00 2.0140026863e-02
     vertex 8.8031945637e+00 2.0000000000e+00 1.0096991650e-02
     vertex 9.6636121279e+00 4.0000000000e+00 8.4016608967e-03
   endloop
 endfacet
 facet normal  1.9173133753e-01 -8.1655450551e-02 9.7804472372e-01
   outer loop
     vertex 8.8031945637e+00 2.0000000000e+00 1.0096991650e-02
     vertex 8.8547005384e+00 2.0000000000e+00 0.0000000000e+00
     vertex 9.6636121279e+00 4.0000000000e+00 8.4016608967e-03
   endloop
 endfacet
 facet normal  1.7993938625e-01 -7.6897145152e-02 9.8066744942e-01
   outer loop
     vertex 9.6636121279e+00 4.0000000000e+00 8.4016608967e-03
     vertex 8.8547005384e+00 2.0000000000e+00 0.0000000000e+00
     vertex 9.7094010768e+00 4.0000000000e+00 0.0000000000e+00
   endloop
 endfacet
 facet normal  9.0514053261e-02 -3.8681205026e-02 -9.9514369341e-01
   outer loop
     vertex 9.7094010768e+00 4.0000000000e+00 0.0000000000e+00
     vertex 1.0523940078e+01 6.0000000000e+00 -3.6529232633e-03
     vertex 1.0564101615e+01 6.0000000000e+00 0.0000000000e+00
   endloop
 endfacet
 facet normal  8.2876685729e-02 -3.5572164708e-02 -9.9592473413e-01
   outer loop
     vertex 9.7094010768e+00 4.0000000000e+00 0.0000000000e+00
     vertex 9.6634777063e+00 4.0000000000e+00 -3.8215505768e-03
     vertex 1.0523940078e+01 6.0000000000e+00 -3.6529232633e-03
   endloop
 endfacet
 facet normal  8.9023692686e-02 -3.8216851805e-02 -9.9529606368e-01
   outer loop
     vertex 9.6634777063e+00 4.0000000000e+00 -3.8215505768e-03
     vertex 1.0466218662e+01 6.0000000000e+00 -8.8157825935e-03
     vertex 1.0523940078e+01 6.0000000000e+00 -3.6529232633e-03
   endloop
 endfacet
 facet normal  8.1763031673e-02 -3.5304460324e-02 -9.9602630574e-01
   outer loop
     vertex 9.6634777063e+00 4.0000000000e+00 -3.8215505768e-03
     vertex 9.5974783588e+00 4.0000000000e+00 -9.2393861374e-03
     vertex 1.0466218662e+01 6.0000000000e+00 -8.8157825935e-03
   endloop
 endfacet
 facet normal  8.7019131678e-02 -3.7587665328e-02 -9.9549728183e-01
   outer loop
     vertex 9.5974783588e+00 4.0000000000e+00 -9.2393861374e-03
     vertex 1.0384973726e+01 6.0000000000e+00 -1.5917623985e-02
     vertex 1.0466218662e+01 6.0000000000e+00 -8.8157825935e-03
   endloop
 endfacet
 facet normal  8.0295696742e-02 -3.4942536054e-02 -9.9615843130e-01
   outer loop
     vertex 9.5974783588e+00 4.0000000000e+00 -9.2393861374e-03
     vertex 9.5045879997e+00 4.0000000000e+00 -1.6726845831e-02
     vertex 1.0384973726e+01 6.0000000000e+00 -1.5917623985e-02
   endloop
 endfacet
 facet normal  8.4459522446e-02 -3.6775588463e-02 -9.9574803297e-01
   outer loop
     vertex 9.5045879997e+00 4.0000000000e+00 -1.6726845831e-02
     vertex 1.0273918102e+01 6.0000000000e+00 -2.5337381469e-02
     vertex 1.0384973726e+01 6.0000000000e+00 -1.5917623985e-02
   endloop
 endfacet
 facet normal  7.8484100296e-02 -3.4479510260e-02 -9.9631892955e-01
   outer loop
     vertex 9.5045879997e+00 4.0000000000e+00 -1.6726845831e-02
     vertex 9.3776247920e+00 4.0000000000e+00 -2.6728254851e-02
     vertex 1.0273918102e+01 6.0000000000e+00 -2.5337381469e-02
   endloop
 endfacet
 facet normal  8.1228379139e-02 -3.5709532765e-02 -9.9605561074e-01
   outer loop
     vertex 9.3776247920e+00 4.0000000000e+00 -2.6728254851e-02
     vertex 1.0128038723e+01 6.0000000000e+00 -3.7233851223e-02
     vertex 1.0273918102e+01 6.0000000000e+00 -2.5337381469e-02
   endloop
 endfacet
 facet normal  7.6255151020e-02 -3.3845949314e-02 -9.9651372477e-01
   outer loop
     vertex 9.3776247920e+00 4.0000000000e+00 -2.6728254851e-02
     vertex 9.2108673733e+00 4.0000000000e+00 -3.9488853957e-02
     vertex 1.0128038723e+01 6.0000000000e+00 -3.7233851223e-02
   endloop
 endfacet
 facet normal  7.6887565983e-02 -3.4136031705e-02 -9.9645523409e-01
   outer loop
     vertex 9.2108673733e+00 4.0000000000e+00 -3.9488853957e-02
     vertex 9.9461176818e+00 6.0000000000e+00 -5.1271075977e-02
     vertex 1.0128038723e+01 6.0000000000e+00 -3.7233851223e-02
   endloop
 endfacet
 facet normal  7.3180370226e-02 -3.2775086698e-02 -9.9678002945e-01
   outer loop
     vertex 9.2108673733e+00 4.0000000000e+00 -3.9488853957e-02
     vertex 9.0029359401e+00 4.0000000000e+00 -5.4754508177e-02
     vertex 9.9461176818e+00 6.0000000000e+00 -5.1271075977e-02
   endloop
 endfacet
 facet normal  7.0486301087e-02 -3.1504178810e-02 -9.9701512931e-01
   outer loop
     vertex 9.0029359401e+00 4.0000000000e+00 -5.4754508177e-02
     vertex 9.7333868578e+00 6.0000000000e+00 -6.6310575855e-02
     vertex 9.9461176818e+00 6.0000000000e+00 -5.1271075977e-02
   endloop
 endfacet
 facet normal  6.8263054957e-02 -3.0693232637e-02 -9.9719510669e-01
   outer loop
     vertex 9.0029359401e+00 4.0000000000e+00 -5.4754508177e-02
     vertex 8.7598218632e+00 4.0000000000e+00 -7.1396897897e-02
     vertex 9.7333868578e+00 6.0000000000e+00 -6.6310575855e-02
   endloop
 endfacet
 facet normal  6.0116953126e-02 -2.6726229350e-02 -9.9783348341e-01
   outer loop
     vertex 8.7598218632e+00 4.0000000000e+00 -7.1396897897e-02
     vertex 9.5025451191e+00 6.0000000000e+00 -8.0218208955e-02
     vertex 9.7333868578e+00 6.0000000000e+00 -6.6310575855e-02
   endloop
 endfacet
 facet normal  5.9443956035e-02 -2.6476511248e-02 -9.9788045899e-01
   outer loop
     vertex 8.7598218632e+00 4.0000000000e+00 -7.1396897897e-02
     vertex 8.4960414008e+00 4.0000000000e+00 -8.7110357429e-02
     vertex 9.5025451191e+00 6.0000000000e+00 -8.0218208955e-02
   endloop
 endfacet
 facet normal  4.4017941468e-02 -1.8709980592e-02 -9.9885552381e-01
   outer loop
     vertex 8.4960414008e+00 4.0000000000e+00 -8.7110357429e-02
     vertex 8.2320519553e+00 4.0000000000e+00 -9.8743943753e-02
     vertex 9.5025451191e+00 6.0000000000e+00 -8.0218208955e-02
   endloop
 endfacet
 facet normal  4.3261488519e-02 -1.8229057948e-02 -9.9889746474e-01
   outer loop
     vertex 9.5025451191e+00 6.0000000000e+00 -8.0218208955e-02
     vertex 8.2320519553e+00 4.0000000000e+00 -9.8743943753e-02
     vertex 9.2715036765e+00 6.0000000000e+00 -9.0224437890e-02
   endloop
 endfacet
 facet normal  2.5634018542e-02 -9.0644842566e-03 -9.9963029777e-01
   outer loop
     vertex 8.2320519553e+00 4.0000000000e+00 -9.8743943753e-02
     vertex 7.9884577145e+00 4.0000000000e+00 -1.0499055242e-01
     vertex 9.2715036765e+00 6.0000000000e+00 -9.0224437890e-02
   endloop
 endfacet
 facet normal  2.2267924973e-02 -6.9043350736e-03 -9.9972819790e-01
   outer loop
     vertex 9.2715036765e+00 6.0000000000e+00 -9.0224437890e-02
     vertex 7.9884577145e+00 4.0000000000e+00 -1.0499055242e-01
     vertex 9.0583047154e+00 6.0000000000e+00 -9.4973227091e-02
   endloop
 endfacet
 facet normal  -2.0297562369e-03 6.0943236466e-03 -9.9997936944e-01
   outer loop
     vertex 7.9884577145e+00 4.0000000000e+00 -1.0499055242e-01
     vertex 7.7799904336e+00 4.0000000000e+00 -1.0456740593e-01
     vertex 9.0583047154e+00 6.0000000000e+00 -9.4973227091e-02
   endloop
 endfacet
 facet normal  -7.9807583113e-03 9.8976603293e-03 -9.9991916864e-01
   outer loop
     vertex 9.0583047154e+00 6.0000000000e+00 -9.4973227091e-02
     vertex 7.7799904336e+00 4.0000000000e+00 -1.0456740593e-01
     vertex 8.8758736525e+00 6.0000000000e+00 -9.3517171175e-02
   endloop
 endfacet
 facet normal  -4.5677167939e-02 3.0545190683e-02 -9.9848915250e-01
   outer loop
     vertex 7.7799904336e+00 4.0000000000e+00 -1.0456740593e-01
     vertex 7.6129531064e+00 4.0000000000e+00 -9.6926068987e-02
     vertex 8.8758736525e+00 6.0000000000e+00 -9.3517171175e-02
   endloop
 endfacet
 facet normal  -5.2963803850e-02 3.5145540157e-02 -9.9797776853e-01
   outer loop
     vertex 8.8758736525e+00 6.0000000000e+00 -9.3517171175e-02
     vertex 7.6129531064e+00 4.0000000000e+00 -9.6926068987e-02
     vertex 8.7297485531e+00 6.0000000000e+00 -8.5762147623e-02
   endloop
 endfacet
 facet normal  -1.1057380460e-01 6.7279166506e-02 -9.9158809366e-01
   outer loop
     vertex 7.6129531064e+00 4.0000000000e+00 -9.6926068987e-02
     vertex 7.4864192431e+00 4.0000000000e+00 -8.2816046129e-02
     vertex 8.7297485531e+00 6.0000000000e+00 -8.5762147623e-02
   endloop
 endfacet
 facet normal  -1.1762990170e-01 7.1667342524e-02 -9.9046807028e-01
   outer loop
     vertex 8.7297485531e+00 6.0000000000e+00 -8.5762147623e-02
     vertex 7.4864192431e+00 4.0000000000e+00 -8.2816046129e-02
     vertex 8.6191060424e+00 6.0000000000e+00 -7.2622029275e-02
   endloop
 endfacet
 facet normal  -2.1127079074e-01 1.2459313346e-01 -9.6945407528e-01
   outer loop
     vertex 7.4864192431e+00 4.0000000000e+00 -8.2816046129e-02
     vertex 7.3954267944e+00 4.0000000000e+00 -6.2986281014e-02
     vertex 8.6191060424e+00 6.0000000000e+00 -7.2622029275e-02
   endloop
 endfacet
 facet normal  -2.1591523923e-01 1.2744150978e-01 -9.6805953900e-01
   outer loop
     vertex 8.6191060424e+00 6.0000000000e+00 -7.2622029275e-02
     vertex 7.3954267944e+00 4.0000000000e+00 -6.2986281014e-02
     vertex 8.5395565436e+00 6.0000000000e+00 -5.4879371554e-02
   endloop
 endfacet
 facet normal  -3.9184699811e-01 2.2777510899e-01 -8.9138904514e-01
   outer loop
     vertex 7.3954267944e+00 4.0000000000e+00 -6.2986281014e-02
     vertex 7.3350195830e+00 4.0000000000e+00 -3.6431787698e-02
     vertex 8.5395565436e+00 6.0000000000e+00 -5.4879371554e-02
   endloop
 endfacet
 facet normal  -3.9060111264e-01 2.2701792895e-01 -8.9212870750e-01
   outer loop
     vertex 8.5395565436e+00 6.0000000000e+00 -5.4879371554e-02
     vertex 7.3350195830e+00 4.0000000000e+00 -3.6431787698e-02
     vertex 8.4866439653e+00 6.0000000000e+00 -3.1712633622e-02
   endloop
 endfacet
 facet normal  -7.3963548829e-01 4.2711835907e-01 -5.2010503921e-01
   outer loop
     vertex 7.3350195830e+00 4.0000000000e+00 -3.6431787698e-02
     vertex 7.3094010768e+00 4.0000000000e+00 0.0000000000e+00
     vertex 8.4866439653e+00 6.0000000000e+00 -3.1712633622e-02
   endloop
 endfacet
 facet normal  -7.3748734105e-01 4.2578851488e-01 -5.2422949401e-01
   outer loop
     vertex 8.4866439653e+00 6.0000000000e+00 -3.1712633622e-02
     vertex 7.3094010768e+00 4.0000000000e+00 0.0000000000e+00
     vertex 8.4641016151e+00 6.0000000000e+00 0.0000000000e+00
   endloop
 endfacet
 facet normal  -7.8018112180e-01 4.5043778069e-01 4.3407743885e-01
   outer loop
     vertex 7.3094010768e+00 4.0000000000e+00 0.0000000000e+00
     vertex 8.4830528101e+00 6.0000000000e+00 3.4061582634e-02
     vertex 8.4641016151e+00 6.0000000000e+00 0.0000000000e+00
   endloop
 endfacet
 facet normal  -7.9287221446e-01 4.5844040537e-01 4.0147982048e-01
   outer loop
     vertex 7.3094010768e+00 4.0000000000e+00 0.0000000000e+00
     vertex 7.3296328502e+00 4.0000000000e+00 3.9955211215e-02
     vertex 8.4830528101e+00 6.0000000000e+00 3.4061582634e-02
   endloop
 endfacet
 facet normal  -4.7455923051e-01 2.7614594817e-01 8.3578523081e-01
   outer loop
     vertex 7.3296328502e+00 4.0000000000e+00 3.9955211215e-02
     vertex 8.5334676248e+00 6.0000000000e+00 6.2687137098e-02
     vertex 8.4830528101e+00 6.0000000000e+00 3.4061582634e-02
   endloop
 endfacet
 facet normal  -4.9999730440e-01 2.9168896465e-01 8.1542641820e-01
   outer loop
     vertex 7.3296328502e+00 4.0000000000e+00 3.9955211215e-02
     vertex 7.3862934161e+00 4.0000000000e+00 7.4697929329e-02
     vertex 8.5334676248e+00 6.0000000000e+00 6.2687137098e-02
   endloop
 endfacet
 facet normal  -3.0525988305e-01 1.8070797233e-01 9.3496579217e-01
   outer loop
     vertex 7.3862934161e+00 4.0000000000e+00 7.4697929329e-02
     vertex 8.6113938166e+00 6.0000000000e+00 8.8129501309e-02
     vertex 8.5334676248e+00 6.0000000000e+00 6.2687137098e-02
   endloop
 endfacet
 facet normal  -3.2761455448e-01 1.9447107400e-01 9.2458082668e-01
   outer loop
     vertex 7.3862934161e+00 4.0000000000e+00 7.4697929329e-02
     vertex 7.4748509045e+00 4.0000000000e+00 1.0607725418e-01
     vertex 8.6113938166e+00 6.0000000000e+00 8.8129501309e-02
   endloop
 endfacet
 facet normal  -1.9980353432e-01 1.2226684740e-01 9.7217764102e-01
   outer loop
     vertex 7.4748509045e+00 4.0000000000e+00 1.0607725418e-01
     vertex 8.7212847491e+00 6.0000000000e+00 1.1071446498e-01
     vertex 8.6113938166e+00 6.0000000000e+00 8.8129501309e-02
   endloop
 endfacet
 facet normal  -2.1799025280e-01 1.3361367620e-01 9.6676141587e-01
   outer loop
     vertex 7.4748509045e+00 4.0000000000e+00 1.0607725418e-01
     vertex 7.6002574003e+00 4.0000000000e+00 1.3435454502e-01
     vertex 8.7212847491e+00 6.0000000000e+00 1.1071446498e-01
   endloop
 endfacet
 facet normal  -1.2055345622e-01 7.9268227276e-02 9.8953696866e-01
   outer loop
     vertex 7.6002574003e+00 4.0000000000e+00 1.3435454502e-01
     vertex 8.8676406674e+00 6.0000000000e+00 1.2854473544e-01
     vertex 8.7212847491e+00 6.0000000000e+00 1.1071446498e-01
   endloop
 endfacet
 facet normal  -1.3418024152e-01 8.7896185976e-02 9.8705112496e-01
   outer loop
     vertex 7.6002574003e+00 4.0000000000e+00 1.3435454502e-01
     vertex 7.7676409560e+00 4.0000000000e+00 1.5710875233e-01
     vertex 8.8676406674e+00 6.0000000000e+00 1.2854473544e-01
   endloop
 endfacet
 facet normal  -5.4770013332e-02 4.4369983974e-02 9.9751268170e-01
   outer loop
     vertex 7.7676409560e+00 4.0000000000e+00 1.5710875233e-01
     vertex 9.0512528536e+00 6.0000000000e+00 1.3862625328e-01
     vertex 8.8676406674e+00 6.0000000000e+00 1.2854473544e-01
   endloop
 endfacet
 facet normal  -6.3346238680e-02 4.9867161735e-02 9.9674496248e-01
   outer loop
     vertex 7.7676409560e+00 4.0000000000e+00 1.5710875233e-01
     vertex 7.9778799218e+00 4.0000000000e+00 1.7047009170e-01
     vertex 9.0512528536e+00 6.0000000000e+00 1.3862625328e-01
   endloop
 endfacet
 facet normal  1.6379039850e-03 1.5041055815e-02 9.9988553540e-01
   outer loop
     vertex 7.9778799218e+00 4.0000000000e+00 1.7047009170e-01
     vertex 9.2662378016e+00 6.0000000000e+00 1.3827408826e-01
     vertex 9.0512528536e+00 6.0000000000e+00 1.3862625328e-01
   endloop
 endfacet
 facet normal  -1.4141890233e-03 1.7006648256e-02 9.9985437639e-01
   outer loop
     vertex 7.9778799218e+00 4.0000000000e+00 1.7047009170e-01
     vertex 8.2241531429e+00 4.0000000000e+00 1.7081841931e-01
     vertex 9.2662378016e+00 6.0000000000e+00 1.3827408826e-01
   endloop
 endfacet
 facet normal  4.6789409644e-02 -8.1254569017e-03 9.9887172755e-01
   outer loop
     vertex 8.2241531429e+00 4.0000000000e+00 1.7081841931e-01
     vertex 9.4991282812e+00 6.0000000000e+00 1.2736497176e-01
     vertex 9.2662378016e+00 6.0000000000e+00 1.3827408826e-01
   endloop
 endfacet
 facet normal  4.8627397801e-02 -9.2992813675e-03 9.9877369787e-01
   outer loop
     vertex 8.2241531429e+00 4.0000000000e+00 1.7081841931e-01
     vertex 8.4909161439e+00 4.0000000000e+00 1.5783050163e-01
     vertex 9.4991282812e+00 6.0000000000e+00 1.2736497176e-01
   endloop
 endfacet
 facet normal  8.2972924967e-02 -2.6652345632e-02 9.9619533536e-01
   outer loop
     vertex 8.4909161439e+00 4.0000000000e+00 1.5783050163e-01
     vertex 8.7570645721e+00 4.0000000000e+00 1.3566304834e-01
     vertex 9.4991282812e+00 6.0000000000e+00 1.2736497176e-01
   endloop
 endfacet
 facet normal  7.8087195719e-02 -2.4837751619e-02 9.9663708338e-01
   outer loop
     vertex 9.4991282812e+00 6.0000000000e+00 1.2736497176e-01
     vertex 8.7570645721e+00 4.0000000000e+00 1.3566304834e-01
     vertex 9.7315486637e+00 6.0000000000e+00 1.0915467615e-01
   endloop
 endfacet
 facet normal  1.0952058819e-01 -4.0199358070e-02 9.9317131069e-01
   outer loop
     vertex 8.7570645721e+00 4.0000000000e+00 1.3566304834e-01
     vertex 9.0018474736e+00 4.0000000000e+00 1.0866995353e-01
     vertex 9.7315486637e+00 6.0000000000e+00 1.0915467615e-01
   endloop
 endfacet
 facet normal  1.0199093974e-01 -3.7452381596e-02 9.9408006082e-01
   outer loop
     vertex 9.7315486637e+00 6.0000000000e+00 1.0915467615e-01
     vertex 9.0018474736e+00 4.0000000000e+00 1.0866995353e-01
     vertex 9.9453920375e+00 6.0000000000e+00 8.7214706212e-02
   endloop
 endfacet
 facet normal  1.3015684123e-01 -5.0781981841e-02 9.9019209601e-01
   outer loop
     vertex 9.0018474736e+00 4.0000000000e+00 1.0866995353e-01
     vertex 9.2107349381e+00 4.0000000000e+00 8.1212521116e-02
     vertex 9.9453920375e+00 6.0000000000e+00 8.7214706212e-02
   endloop
 endfacet
 facet normal  1.2039417048e-01 -4.7200109745e-02 9.9160344561e-01
   outer loop
     vertex 9.9453920375e+00 6.0000000000e+00 8.7214706212e-02
     vertex 9.2107349381e+00 4.0000000000e+00 8.1212521116e-02
     vertex 1.0127950433e+01 6.0000000000e+00 6.5049629329e-02
   endloop
 endfacet
 facet normal  1.4623795547e-01 -5.9085566137e-02 9.8748334480e-01
   outer loop
     vertex 9.2107349381e+00 4.0000000000e+00 8.1212521116e-02
     vertex 9.3779021973e+00 4.0000000000e+00 5.6456459838e-02
     vertex 1.0127950433e+01 6.0000000000e+00 6.5049629329e-02
   endloop
 endfacet
 facet normal  1.3466822422e-01 -5.4754773120e-02 9.8937676555e-01
   outer loop
     vertex 1.0127950433e+01 6.0000000000e+00 6.5049629329e-02
     vertex 9.3779021973e+00 4.0000000000e+00 5.6456459838e-02
     vertex 1.0274103038e+01 6.0000000000e+00 4.5156184793e-02
   endloop
 endfacet
 facet normal  1.5863235235e-01 -6.5516925477e-02 9.8516156506e-01
   outer loop
     vertex 9.3779021973e+00 4.0000000000e+00 5.6456459838e-02
     vertex 9.5049425366e+00 4.0000000000e+00 3.6000213278e-02
     vertex 1.0274103038e+01 6.0000000000e+00 4.5156184793e-02
   endloop
 endfacet
 facet normal  1.4566536299e-01 -6.0540690468e-02 9.8747983616e-01
   outer loop
     vertex 1.0274103038e+01 6.0000000000e+00 4.5156184793e-02
     vertex 9.5049425366e+00 4.0000000000e+00 3.6000213278e-02
     vertex 1.0385210084e+01 6.0000000000e+00 2.8766535616e-02
   endloop
 endfacet
 facet normal  1.6803478480e-01 -7.0401476779e-02 9.8326392345e-01
   outer loop
     vertex 9.5049425366e+00 4.0000000000e+00 3.6000213278e-02
     vertex 9.5977492084e+00 4.0000000000e+00 2.0140026863e-02
     vertex 1.0385210084e+01 6.0000000000e+00 2.8766535616e-02
   endloop
 endfacet
 facet normal  1.5402602244e-01 -6.4897314017e-02 9.8593322444e-01
   outer loop
     vertex 1.0385210084e+01 6.0000000000e+00 2.8766535616e-02
     vertex 9.5977492084e+00 4.0000000000e+00 2.0140026863e-02
     vertex 1.0466399228e+01 6.0000000000e+00 1.6082876411e-02
   endloop
 endfacet
 facet normal  1.7497820550e-01 -7.4005782003e-02 9.8178702977e-01
   outer loop
     vertex 9.5977492084e+00 4.0000000000e+00 2.0140026863e-02
     vertex 9.6636121279e+00 4.0000000000e+00 8.4016608967e-03
     vertex 1.0466399228e+01 6.0000000000e+00 1.6082876411e-02
   endloop
 endfacet
 facet normal  1.6021683662e-01 -6.8091968244e-02 9.8473044491e-01
   outer loop
     vertex 1.0466399228e+01 6.0000000000e+00 1.6082876411e-02
     vertex 9.6636121279e+00 4.0000000000e+00 8.4016608967e-03
     vertex 1.0524029692e+01 6.0000000000e+00 6.7063301432e-03
   endloop
 endfacet
 facet normal  1.7994376252e-01 -7.6582088854e-02 9.8069130005e-01
   outer loop
     vertex 9.6636121279e+00 4.0000000000e+00 8.4016608967e-03
     vertex 9.7094010768e+00 4.0000000000e+00 0.0000000000e+00
     vertex 1.0524029692e+01 6.0000000000e+00 6.7063301432e-03
   endloop
 endfacet
 facet normal  1.6465260226e-01 -7.0364333898e-02 9.8383859504e-01
   outer loop
     vertex 1.0524029692e+01 6.0000000000e+00 6.7063301432e-03
     vertex 9.7094010768e+00 4.0000000000e+00 0.0000000000e+00
     vertex 1.0564101615e+01 6.0000000000e+00 0.0000000000e+00
   endloop
 endfacet
 facet normal  1.0067961036e-01 -4.3025458588e-02 -9.9398814177e-01
   outer loop
     vertex 1.0564101615e+01 6.0000000000e+00 0.0000000000e+00
     vertex 1.1384402449e+01 8.0000000000e+00 -3.4842959498e-03
     vertex 1.1418802154e+01 8.0000000000e+00 0.0000000000e+00
   endloop
 endfacet
 facet normal  9.0513432633e-02 -3.8857797811e-02 -9.9513687001e-01
   outer loop
     vertex 1.0564101615e+01 6.0000000000e+00 0.0000000000e+00
     vertex 1.0523940078e+01 6.0000000000e+00 -3.6529232633e-03
     vertex 1.1384402449e+01 8.0000000000e+00 -3.4842959498e-03
   endloop
 endfacet
 facet normal  9.8688327450e-02 -4.2374970163e-02 -9.9421575924e-01
   outer loop
     vertex 1.0523940078e+01 6.0000000000e+00 -3.6529232633e-03
     vertex 1.1334958965e+01 8.0000000000e+00 -8.3921790497e-03
     vertex 1.1384402449e+01 8.0000000000e+00 -3.4842959498e-03
   endloop
 endfacet
 facet normal  8.9022868203e-02 -3.8458073237e-02 -9.9528684586e-01
   outer loop
     vertex 1.0523940078e+01 6.0000000000e+00 -3.6529232633e-03
     vertex 1.0466218662e+01 6.0000000000e+00 -8.8157825935e-03
     vertex 1.1334958965e+01 8.0000000000e+00 -8.3921790497e-03
   endloop
 endfacet
 facet normal  9.5969305706e-02 -4.1475560806e-02 -9.9451981892e-01
   outer loop
     vertex 1.0466218662e+01 6.0000000000e+00 -8.8157825935e-03
     vertex 1.1265359452e+01 8.0000000000e+00 -1.5108402139e-02
     vertex 1.1334958965e+01 8.0000000000e+00 -8.3921790497e-03
   endloop
 endfacet
 facet normal  8.7018097900e-02 -3.7901961359e-02 -9.9548545543e-01
   outer loop
     vertex 1.0466218662e+01 6.0000000000e+00 -8.8157825935e-03
     vertex 1.0384973726e+01 6.0000000000e+00 -1.5917623985e-02
     vertex 1.1265359452e+01 8.0000000000e+00 -1.5108402139e-02
   endloop
 endfacet
 facet normal  9.2414739452e-02 -4.0277759057e-02 -9.9490563274e-01
   outer loop
     vertex 1.0384973726e+01 6.0000000000e+00 -1.5917623985e-02
     vertex 1.1170211411e+01 8.0000000000e+00 -2.3946508087e-02
     vertex 1.1265359452e+01 8.0000000000e+00 -1.5108402139e-02
   endloop
 endfacet
 facet normal  8.4458329220e-02 -3.7157247773e-02 -9.9573396526e-01
   outer loop
     vertex 1.0384973726e+01 6.0000000000e+00 -1.5917623985e-02
     vertex 1.0273918102e+01 6.0000000000e+00 -2.5337381469e-02
     vertex 1.1170211411e+01 8.0000000000e+00 -2.3946508087e-02
   endloop
 endfacet
 facet normal  8.7850250871e-02 -3.8677570516e-02 -9.9538252896e-01
   outer loop
     vertex 1.0273918102e+01 6.0000000000e+00 -2.5337381469e-02
     vertex 1.1045210073e+01 8.0000000000e+00 -3.4978848488e-02
     vertex 1.1170211411e+01 8.0000000000e+00 -2.3946508087e-02
   endloop
 endfacet
 facet normal  8.1227160828e-02 -3.6126575156e-02 -9.9604067131e-01
   outer loop
     vertex 1.0273918102e+01 6.0000000000e+00 -2.5337381469e-02
     vertex 1.0128038723e+01 6.0000000000e+00 -3.7233851223e-02
     vertex 1.1045210073e+01 8.0000000000e+00 -3.4978848488e-02
   endloop
 endfacet
 facet normal  8.1824602135e-02 -3.6400619568e-02 -9.9598179169e-01
   outer loop
     vertex 1.0128038723e+01 6.0000000000e+00 -3.7233851223e-02
     vertex 1.0889299424e+01 8.0000000000e+00 -4.7787643776e-02
     vertex 1.1045210073e+01 8.0000000000e+00 -3.4978848488e-02
   endloop
 endfacet
 facet normal  7.6886542122e-02 -3.4523472342e-02 -9.9644196494e-01
   outer loop
     vertex 1.0128038723e+01 6.0000000000e+00 -3.7233851223e-02
     vertex 9.9461176818e+00 6.0000000000e+00 -5.1271075977e-02
     vertex 1.0889299424e+01 8.0000000000e+00 -4.7787643776e-02
   endloop
 endfacet
 facet normal  7.3447780722e-02 -3.2901236543e-02 -9.9675620497e-01
   outer loop
     vertex 9.9461176818e+00 6.0000000000e+00 -5.1271075977e-02
     vertex 1.0706951852e+01 8.0000000000e+00 -6.1224253813e-02
     vertex 1.0889299424e+01 8.0000000000e+00 -4.7787643776e-02
   endloop
 endfacet
 facet normal  7.0485695043e-02 -3.1775654441e-02 -9.9700655694e-01
   outer loop
     vertex 9.9461176818e+00 6.0000000000e+00 -5.1271075977e-02
     vertex 9.7333868578e+00 6.0000000000e+00 -6.6310575855e-02
     vertex 1.0706951852e+01 8.0000000000e+00 -6.1224253813e-02
   endloop
 endfacet
 facet normal  6.1013656212e-02 -2.7162897127e-02 -9.9776726283e-01
   outer loop
     vertex 9.7333868578e+00 6.0000000000e+00 -6.6310575855e-02
     vertex 1.0509048837e+01 8.0000000000e+00 -7.3326060481e-02
     vertex 1.0706951852e+01 8.0000000000e+00 -6.1224253813e-02
   endloop
 endfacet
 facet normal  6.0116809681e-02 -2.6815296182e-02 -9.9783110248e-01
   outer loop
     vertex 9.7333868578e+00 6.0000000000e+00 -6.6310575855e-02
     vertex 9.5025451191e+00 6.0000000000e+00 -8.0218208955e-02
     vertex 1.0509048837e+01 8.0000000000e+00 -7.3326060481e-02
   endloop
 endfacet
 facet normal  4.3261409368e-02 -1.8329116173e-02 -9.9889563717e-01
   outer loop
     vertex 9.5025451191e+00 6.0000000000e+00 -8.0218208955e-02
     vertex 9.2715036765e+00 6.0000000000e+00 -9.0224437890e-02
     vertex 1.0509048837e+01 8.0000000000e+00 -7.3326060481e-02
   endloop
 endfacet
 facet normal  4.2253161958e-02 -1.7704780540e-02 -9.9895005433e-01
   outer loop
     vertex 1.0509048837e+01 8.0000000000e+00 -7.3326060481e-02
     vertex 9.2715036765e+00 6.0000000000e+00 -9.0224437890e-02
     vertex 1.0310955398e+01 8.0000000000e+00 -8.1704932026e-02
   endloop
 endfacet
 facet normal  2.2267860020e-02 -7.3146000131e-03 -9.9972528178e-01
   outer loop
     vertex 9.2715036765e+00 6.0000000000e+00 -9.0224437890e-02
     vertex 9.0583047154e+00 6.0000000000e+00 -9.4973227091e-02
     vertex 1.0310955398e+01 8.0000000000e+00 -8.1704932026e-02
   endloop
 endfacet
 facet normal  1.7780948254e-02 -4.5036270552e-03 -9.9983176346e-01
   outer loop
     vertex 1.0310955398e+01 8.0000000000e+00 -8.1704932026e-02
     vertex 9.0583047154e+00 6.0000000000e+00 -9.4973227091e-02
     vertex 1.0128151716e+01 8.0000000000e+00 -8.4955901758e-02
   endloop
 endfacet
 facet normal  -7.9808057749e-03 9.2774081569e-03 -9.9992511541e-01
   outer loop
     vertex 9.0583047154e+00 6.0000000000e+00 -9.4973227091e-02
     vertex 8.8758736525e+00 6.0000000000e+00 -9.3517171175e-02
     vertex 1.0128151716e+01 8.0000000000e+00 -8.4955901758e-02
   endloop
 endfacet
 facet normal  -1.5910996248e-02 1.4242154403e-02 -9.9977197462e-01
   outer loop
     vertex 1.0128151716e+01 8.0000000000e+00 -8.4955901758e-02
     vertex 8.8758736525e+00 6.0000000000e+00 -9.3517171175e-02
     vertex 9.9717568713e+00 8.0000000000e+00 -8.2466936417e-02
   endloop
 endfacet
 facet normal  -5.2964930470e-02 3.4535750847e-02 -9.9799899702e-01
   outer loop
     vertex 8.8758736525e+00 6.0000000000e+00 -9.3517171175e-02
     vertex 8.7297485531e+00 6.0000000000e+00 -8.5762147623e-02
     vertex 9.9717568713e+00 8.0000000000e+00 -8.2466936417e-02
   endloop
 endfacet
 facet normal  -6.2667328917e-02 4.0559680625e-02 -9.9720996695e-01
   outer loop
     vertex 9.9717568713e+00 8.0000000000e+00 -8.2466936417e-02
     vertex 8.7297485531e+00 6.0000000000e+00 -8.5762147623e-02
     vertex 9.8465439999e+00 8.0000000000e+00 -7.4598226259e-02
   endloop
 endfacet
 facet normal  -1.1763371976e-01 7.1215334584e-02 -9.9050021913e-01
   outer loop
     vertex 8.7297485531e+00 6.0000000000e+00 -8.5762147623e-02
     vertex 8.6191060424e+00 6.0000000000e+00 -7.2622029275e-02
     vertex 9.8465439999e+00 8.0000000000e+00 -7.4598226259e-02
   endloop
 endfacet
 facet normal  -1.2701936086e-01 7.6977053133e-02 -9.8890880027e-01
   outer loop
     vertex 9.8465439999e+00 8.0000000000e+00 -7.4598226259e-02
     vertex 8.6191060424e+00 6.0000000000e+00 -7.2622029275e-02
     vertex 9.7517928416e+00 8.0000000000e+00 -6.2428012421e-02
   endloop
 endfacet
 facet normal  -2.1592142887e-01 1.2722002516e-01 -9.6808729036e-01
   outer loop
     vertex 8.6191060424e+00 6.0000000000e+00 -7.2622029275e-02
     vertex 8.5395565436e+00 6.0000000000e+00 -5.4879371554e-02
     vertex 9.7517928416e+00 8.0000000000e+00 -6.2428012421e-02
   endloop
 endfacet
 facet normal  -2.2209629206e-01 1.3096988863e-01 -9.6618845228e-01
   outer loop
     vertex 9.7517928416e+00 8.0000000000e+00 -6.2428012421e-02
     vertex 8.5395565436e+00 6.0000000000e+00 -5.4879371554e-02
     vertex 9.6836862929e+00 8.0000000000e+00 -4.6772462095e-02
   endloop
 endfacet
 facet normal  -3.9059690463e-01 2.2706293365e-01 -8.9211909645e-01
   outer loop
     vertex 8.5395565436e+00 6.0000000000e+00 -5.4879371554e-02
     vertex 8.4866439653e+00 6.0000000000e+00 -3.1712633622e-02
     vertex 9.6836862929e+00 8.0000000000e+00 -4.6772462095e-02
   endloop
 endfacet
 facet normal  -3.8893435989e-01 2.2606048306e-01 -8.9309950268e-01
   outer loop
     vertex 9.6836862929e+00 8.0000000000e+00 -4.6772462095e-02
     vertex 8.4866439653e+00 6.0000000000e+00 -3.1712633622e-02
     vertex 9.6382683476e+00 8.0000000000e+00 -2.6993479547e-02
   endloop
 endfacet
 facet normal  -7.3745510678e-01 4.2587254672e-01 -5.2420658087e-01
   outer loop
     vertex 8.4866439653e+00 6.0000000000e+00 -3.1712633622e-02
     vertex 8.4641016151e+00 6.0000000000e+00 0.0000000000e+00
     vertex 9.6382683476e+00 8.0000000000e+00 -2.6993479547e-02
   endloop
 endfacet
 facet normal  -7.3454342830e-01 4.2408884606e-01 -5.2971181088e-01
   outer loop
     vertex 9.6382683476e+00 8.0000000000e+00 -2.6993479547e-02
     vertex 8.4641016151e+00 6.0000000000e+00 0.0000000000e+00
     vertex 9.6188021535e+00 8.0000000000e+00 0.0000000000e+00
   endloop
 endfacet
 facet normal  -7.6097311316e-01 4.3934803173e-01 4.7738163775e-01
   outer loop
     vertex 8.4641016151e+00 6.0000000000e+00 0.0000000000e+00
     vertex 9.6364727700e+00 8.0000000000e+00 2.8167954053e-02
     vertex 9.6188021535e+00 8.0000000000e+00 0.0000000000e+00
   endloop
 endfacet
 facet normal  -7.7990705836e-01 4.5105888025e-01 4.3392495534e-01
   outer loop
     vertex 8.4641016151e+00 6.0000000000e+00 0.0000000000e+00
     vertex 8.4830528101e+00 6.0000000000e+00 3.4061582634e-02
     vertex 9.6364727700e+00 8.0000000000e+00 2.8167954053e-02
   endloop
 endfacet
 facet normal  -4.3894845505e-01 2.5568423767e-01 8.6136509357e-01
   outer loop
     vertex 8.4830528101e+00 6.0000000000e+00 3.4061582634e-02
     vertex 9.6806418334e+00 8.0000000000e+00 5.0676344867e-02
     vertex 9.6364727700e+00 8.0000000000e+00 2.8167954053e-02
   endloop
 endfacet
 facet normal  -4.7441823139e-01 2.7713790968e-01 8.3553690568e-01
   outer loop
     vertex 8.4830528101e+00 6.0000000000e+00 3.4061582634e-02
     vertex 8.5334676248e+00 6.0000000000e+00 6.2687137098e-02
     vertex 9.6806418334e+00 8.0000000000e+00 5.0676344867e-02
   endloop
 endfacet
 facet normal  -2.7465746672e-01 1.6323060973e-01 9.4758590324e-01
   outer loop
     vertex 8.5334676248e+00 6.0000000000e+00 6.2687137098e-02
     vertex 9.7479367287e+00 8.0000000000e+00 7.0181748438e-02
     vertex 9.6806418334e+00 8.0000000000e+00 5.0676344867e-02
   endloop
 endfacet
 facet normal  -3.0519610990e-01 1.8182275240e-01 9.3477046445e-01
   outer loop
     vertex 8.5334676248e+00 6.0000000000e+00 6.2687137098e-02
     vertex 8.6113938166e+00 6.0000000000e+00 8.8129501309e-02
     vertex 9.7479367287e+00 8.0000000000e+00 7.0181748438e-02
   endloop
 endfacet
 facet normal  -1.7515716936e-01 1.0831833027e-01 9.7856379728e-01
   outer loop
     vertex 8.6113938166e+00 6.0000000000e+00 8.8129501309e-02
     vertex 9.8423120979e+00 8.0000000000e+00 8.7074384937e-02
     vertex 9.7479367287e+00 8.0000000000e+00 7.0181748438e-02
   endloop
 endfacet
 facet normal  -1.9977366391e-01 1.2346533111e-01 9.7203230153e-01
   outer loop
     vertex 8.6113938166e+00 6.0000000000e+00 8.8129501309e-02
     vertex 8.7212847491e+00 6.0000000000e+00 1.1071446498e-01
     vertex 9.8423120979e+00 8.0000000000e+00 8.7074384937e-02
   endloop
 endfacet
 facet normal  -1.0219424937e-01 6.9011101047e-02 9.9236777624e-01
   outer loop
     vertex 8.7212847491e+00 6.0000000000e+00 1.1071446498e-01
     vertex 9.9676403788e+00 8.0000000000e+00 9.9980718551e-02
     vertex 9.8423120979e+00 8.0000000000e+00 8.7074384937e-02
   endloop
 endfacet
 facet normal  -1.2054220699e-01 8.0429453037e-02 9.8944463181e-01
   outer loop
     vertex 8.7212847491e+00 6.0000000000e+00 1.1071446498e-01
     vertex 8.8676406674e+00 6.0000000000e+00 1.2854473544e-01
     vertex 9.9676403788e+00 8.0000000000e+00 9.9980718551e-02
   endloop
 endfacet
 facet normal  -4.3254979698e-02 3.8048522611e-02 9.9833927933e-01
   outer loop
     vertex 8.8676406674e+00 6.0000000000e+00 1.2854473544e-01
     vertex 1.0124625785e+01 8.0000000000e+00 1.0678241485e-01
     vertex 9.9676403788e+00 8.0000000000e+00 9.9980718551e-02
   endloop
 endfacet
 facet normal  -5.4767787648e-02 4.5274801323e-02 9.9747214588e-01
   outer loop
     vertex 8.8676406674e+00 6.0000000000e+00 1.2854473544e-01
     vertex 9.0512528536e+00 6.0000000000e+00 1.3862625328e-01
     vertex 1.0124625785e+01 8.0000000000e+00 1.0678241485e-01
   endloop
 endfacet
 facet normal  5.7298451888e-03 1.2845213848e-02 9.9990107979e-01
   outer loop
     vertex 9.0512528536e+00 6.0000000000e+00 1.3862625328e-01
     vertex 1.0308322460e+01 8.0000000000e+00 1.0572975721e-01
     vertex 1.0124625785e+01 8.0000000000e+00 1.0678241485e-01
   endloop
 endfacet
 facet normal  1.6378946105e-03 1.5416797393e-02 9.9987981261e-01
   outer loop
     vertex 9.0512528536e+00 6.0000000000e+00 1.3862625328e-01
     vertex 9.2662378016e+00 6.0000000000e+00 1.3827408826e-01
     vertex 1.0308322460e+01 8.0000000000e+00 1.0572975721e-01
   endloop
 endfacet
 facet normal  4.4324793689e-02 -6.8393018979e-03 9.9899376205e-01
   outer loop
     vertex 9.2662378016e+00 6.0000000000e+00 1.3827408826e-01
     vertex 1.0507340418e+01 8.0000000000e+00 9.6899441882e-02
     vertex 1.0308322460e+01 8.0000000000e+00 1.0572975721e-01
   endloop
 endfacet
 facet normal  4.6789314785e-02 -8.3712301491e-03 9.9886970248e-01
   outer loop
     vertex 9.2662378016e+00 6.0000000000e+00 1.3827408826e-01
     vertex 9.4991282812e+00 6.0000000000e+00 1.2736497176e-01
     vertex 1.0507340418e+01 8.0000000000e+00 9.6899441882e-02
   endloop
 endfacet
 facet normal  7.8088449492e-02 -2.4183079104e-02 9.9665308545e-01
   outer loop
     vertex 9.4991282812e+00 6.0000000000e+00 1.2736497176e-01
     vertex 9.7315486637e+00 6.0000000000e+00 1.0915467615e-01
     vertex 1.0507340418e+01 8.0000000000e+00 9.6899441882e-02
   endloop
 endfacet
 facet normal  7.1534103329e-02 -2.1637302891e-02 9.9720343922e-01
   outer loop
     vertex 1.0507340418e+01 8.0000000000e+00 9.6899441882e-02
     vertex 9.7315486637e+00 6.0000000000e+00 1.0915467615e-01
     vertex 1.0706032755e+01 8.0000000000e+00 8.2646303962e-02
   endloop
 endfacet
 facet normal  1.0199446249e-01 -3.6519813356e-02 9.9411439626e-01
   outer loop
     vertex 9.7315486637e+00 6.0000000000e+00 1.0915467615e-01
     vertex 9.9453920375e+00 6.0000000000e+00 8.7214706212e-02
     vertex 1.0706032755e+01 8.0000000000e+00 8.2646303962e-02
   endloop
 endfacet
 facet normal  9.1886264453e-02 -3.2672903963e-02 9.9523333734e-01
   outer loop
     vertex 1.0706032755e+01 8.0000000000e+00 8.2646303962e-02
     vertex 9.9453920375e+00 6.0000000000e+00 8.7214706212e-02
     vertex 1.0888936601e+01 8.0000000000e+00 6.5759458894e-02
   endloop
 endfacet
 facet normal  1.2040001031e-01 -4.6163323041e-02 9.9165154420e-01
   outer loop
     vertex 9.9453920375e+00 6.0000000000e+00 8.7214706212e-02
     vertex 1.0127950433e+01 6.0000000000e+00 6.5049629329e-02
     vertex 1.0888936601e+01 8.0000000000e+00 6.5759458894e-02
   endloop
 endfacet
 facet normal  1.0728425906e-01 -4.1173482246e-02 9.9337547389e-01
   outer loop
     vertex 1.0888936601e+01 8.0000000000e+00 6.5759458894e-02
     vertex 1.0127950433e+01 6.0000000000e+00 6.5049629329e-02
     vertex 1.1045165928e+01 8.0000000000e+00 4.8886737541e-02
   endloop
 endfacet
 facet normal  1.3467546225e-01 -5.3767185847e-02 9.8942994173e-01
   outer loop
     vertex 1.0127950433e+01 6.0000000000e+00 6.5049629329e-02
     vertex 1.0274103038e+01 6.0000000000e+00 4.5156184793e-02
     vertex 1.1045165928e+01 8.0000000000e+00 4.8886737541e-02
   endloop
 endfacet
 facet normal  1.1912068686e-01 -4.7774620546e-02 9.9172972507e-01
   outer loop
     vertex 1.1045165928e+01 8.0000000000e+00 4.8886737541e-02
     vertex 1.0274103038e+01 6.0000000000e+00 4.5156184793e-02
     vertex 1.1170303879e+01 8.0000000000e+00 3.3855909749e-02
   endloop
 endfacet
 facet normal  1.4567278400e-01 -5.9696354656e-02 9.8753014397e-01
   outer loop
     vertex 1.0274103038e+01 6.0000000000e+00 4.5156184793e-02
     vertex 1.0385210084e+01 6.0000000000e+00 2.8766535616e-02
     vertex 1.1170303879e+01 8.0000000000e+00 3.3855909749e-02
   endloop
 endfacet
 facet normal  1.2822812932e-01 -5.2855647588e-02 9.9033520960e-01
   outer loop
     vertex 1.1170303879e+01 8.0000000000e+00 3.3855909749e-02
     vertex 1.0385210084e+01 6.0000000000e+00 2.8766535616e-02
     vertex 1.1265477631e+01 8.0000000000e+00 2.1532857955e-02
   endloop
 endfacet
 facet normal  1.5403269762e-01 -6.4228876336e-02 9.8597595281e-01
   outer loop
     vertex 1.0385210084e+01 6.0000000000e+00 2.8766535616e-02
     vertex 1.0466399228e+01 6.0000000000e+00 1.6082876411e-02
     vertex 1.1265477631e+01 8.0000000000e+00 2.1532857955e-02
   endloop
 endfacet
 facet normal  1.3517628680e-01 -5.6703780200e-02 9.8919768136e-01
   outer loop
     vertex 1.1265477631e+01 8.0000000000e+00 2.1532857955e-02
     vertex 1.0466399228e+01 6.0000000000e+00 1.6082876411e-02
     vertex 1.1335049248e+01 8.0000000000e+00 1.2025725958e-02
   endloop
 endfacet
 facet normal  1.6022230831e-01 -6.7590887647e-02 9.8476407521e-01
   outer loop
     vertex 1.0466399228e+01 6.0000000000e+00 1.6082876411e-02
     vertex 1.0524029692e+01 6.0000000000e+00 6.7063301432e-03
     vertex 1.1335049248e+01 8.0000000000e+00 1.2025725958e-02
   endloop
 endfacet
 facet normal  1.4034434310e-01 -5.9539611956e-02 9.8831093284e-01
   outer loop
     vertex 1.1335049248e+01 8.0000000000e+00 1.2025725958e-02
     vertex 1.0524029692e+01 6.0000000000e+00 6.7063301432e-03
     vertex 1.1384447256e+01 8.0000000000e+00 5.0109993897e-03
   endloop
 endfacet
 facet normal  1.6465680068e-01 -7.0002814499e-02 9.8386368159e-01
   outer loop
     vertex 1.0524029692e+01 6.0000000000e+00 6.7063301432e-03
     vertex 1.0564101615e+01 6.0000000000e+00 0.0000000000e+00
     vertex 1.1384447256e+01 8.0000000000e+00 5.0109993897e-03
   endloop
 endfacet
 facet normal  1.4405878815e-01 -6.1563561893e-02 9.8765226340e-01
   outer loop
     vertex 1.1384447256e+01 8.0000000000e+00 5.0109993897e-03
     vertex 1.0564101615e+01 6.0000000000e+00 0.0000000000e+00
     vertex 1.1418802154e+01 8.0000000000e+00 0.0000000000e+00
   endloop
 endfacet
 facet normal  1.1487220771e-01 -4.9090668887e-02 -9.9216655967e-01
   outer loop
     vertex 1.1418802154e+01 8.0000000000e+00 0.0000000000e+00
     vertex 1.2244864820e+01 1.0000000000e+01 -3.3156686363e-03
     vertex 1.2273502692e+01 1.0000000000e+01 0.0000000000e+00
   endloop
 endfacet
 facet normal  1.0067871483e-01 -4.3231316821e-02 -9.9397930040e-01
   outer loop
     vertex 1.1418802154e+01 8.0000000000e+00 0.0000000000e+00
     vertex 1.1384402449e+01 8.0000000000e+00 -3.4842959498e-03
     vertex 1.2244864820e+01 1.0000000000e+01 -3.3156686363e-03
   endloop
 endfacet
 facet normal  1.1218353673e-01 -4.8181173135e-02 -9.9251872962e-01
   outer loop
     vertex 1.1384402449e+01 8.0000000000e+00 -3.4842959498e-03
     vertex 1.2203699268e+01 1.0000000000e+01 -7.9685755058e-03
     vertex 1.2244864820e+01 1.0000000000e+01 -3.3156686363e-03
   endloop
 endfacet
 facet normal  9.8687145439e-02 -4.2656176185e-02 -9.9420385131e-01
   outer loop
     vertex 1.1384402449e+01 8.0000000000e+00 -3.4842959498e-03
     vertex 1.1334958965e+01 8.0000000000e+00 -8.3921790497e-03
     vertex 1.2203699268e+01 1.0000000000e+01 -7.9685755058e-03
   endloop
 endfacet
 facet normal  1.0846936845e-01 -4.6905538427e-02 -9.9299258133e-01
   outer loop
     vertex 1.1334958965e+01 8.0000000000e+00 -8.3921790497e-03
     vertex 1.2145745178e+01 1.0000000000e+01 -1.4299180293e-02
     vertex 1.2203699268e+01 1.0000000000e+01 -7.9685755058e-03
   endloop
 endfacet
 facet normal  9.5967838280e-02 -4.1841970060e-02 -9.9450461213e-01
   outer loop
     vertex 1.1334958965e+01 8.0000000000e+00 -8.3921790497e-03
     vertex 1.1265359452e+01 8.0000000000e+00 -1.5108402139e-02
     vertex 1.2145745178e+01 1.0000000000e+01 -1.4299180293e-02
   endloop
 endfacet
 facet normal  1.0352812101e-01 -4.5170318453e-02 -9.9360030721e-01
   outer loop
     vertex 1.1265359452e+01 8.0000000000e+00 -1.5108402139e-02
     vertex 1.2066504721e+01 1.0000000000e+01 -2.2555634704e-02
     vertex 1.2145745178e+01 1.0000000000e+01 -1.4299180293e-02
   endloop
 endfacet
 facet normal  9.2413071295e-02 -4.0722727366e-02 -9.9488767393e-01
   outer loop
     vertex 1.1265359452e+01 8.0000000000e+00 -1.5108402139e-02
     vertex 1.1170211411e+01 8.0000000000e+00 -2.3946508087e-02
     vertex 1.2066504721e+01 1.0000000000e+01 -2.2555634704e-02
   endloop
 endfacet
 facet normal  9.7103971004e-02 -4.2825310586e-02 -9.9435245843e-01
   outer loop
     vertex 1.1170211411e+01 8.0000000000e+00 -2.3946508087e-02
     vertex 1.1962381423e+01 1.0000000000e+01 -3.2723845754e-02
     vertex 1.2066504721e+01 1.0000000000e+01 -2.2555634704e-02
   endloop
 endfacet
 facet normal  8.7848585752e-02 -3.9163829103e-02 -9.9536366242e-01
   outer loop
     vertex 1.1170211411e+01 8.0000000000e+00 -2.3946508087e-02
     vertex 1.1045210073e+01 8.0000000000e+00 -3.4978848488e-02
     vertex 1.1962381423e+01 1.0000000000e+01 -3.2723845754e-02
   endloop
 endfacet
 facet normal  8.8726453126e-02 -3.9566512259e-02 -9.9526986673e-01
   outer loop
     vertex 1.1045210073e+01 8.0000000000e+00 -3.4978848488e-02
     vertex 1.1832481165e+01 1.0000000000e+01 -4.4304211576e-02
     vertex 1.1962381423e+01 1.0000000000e+01 -3.2723845754e-02
   endloop
 endfacet
 facet normal  8.1823246342e-02 -3.6852407219e-02 -9.9596528877e-01
   outer loop
     vertex 1.1045210073e+01 8.0000000000e+00 -3.4978848488e-02
     vertex 1.0889299424e+01 8.0000000000e+00 -4.7787643776e-02
     vertex 1.1832481165e+01 1.0000000000e+01 -4.4304211576e-02
   endloop
 endfacet
 facet normal  7.7589489997e-02 -3.4855091158e-02 -9.9637592989e-01
   outer loop
     vertex 1.0889299424e+01 8.0000000000e+00 -4.7787643776e-02
     vertex 1.1680516847e+01 1.0000000000e+01 -5.6137931771e-02
     vertex 1.1832481165e+01 1.0000000000e+01 -4.4304211576e-02
   endloop
 endfacet
 facet normal  7.3447011138e-02 -3.3217834531e-02 -9.9674576098e-01
   outer loop
     vertex 1.0889299424e+01 8.0000000000e+00 -4.7787643776e-02
     vertex 1.0706951852e+01 8.0000000000e+00 -6.1224253813e-02
     vertex 1.1680516847e+01 1.0000000000e+01 -5.6137931771e-02
   endloop
 endfacet
 facet normal  6.2268147810e-02 -2.7773801560e-02 -9.9767293925e-01
   outer loop
     vertex 1.0706951852e+01 8.0000000000e+00 -6.1224253813e-02
     vertex 1.1515552556e+01 1.0000000000e+01 -6.6433912007e-02
     vertex 1.1680516847e+01 1.0000000000e+01 -5.6137931771e-02
   endloop
 endfacet
 facet normal  6.1013483591e-02 -2.7266778719e-02 -9.9776443993e-01
   outer loop
     vertex 1.0706951852e+01 8.0000000000e+00 -6.1224253813e-02
     vertex 1.0509048837e+01 8.0000000000e+00 -7.3326060481e-02
     vertex 1.1515552556e+01 1.0000000000e+01 -6.6433912007e-02
   endloop
 endfacet
 facet normal  4.2253074334e-02 -1.7821489306e-02 -9.9894798274e-01
   outer loop
     vertex 1.0509048837e+01 8.0000000000e+00 -7.3326060481e-02
     vertex 1.0310955398e+01 8.0000000000e+00 -8.1704932026e-02
     vertex 1.1515552556e+01 1.0000000000e+01 -6.6433912007e-02
   endloop
 endfacet
 facet normal  4.0842228009e-02 -1.6971177479e-02 -9.9902146701e-01
   outer loop
     vertex 1.1515552556e+01 1.0000000000e+01 -6.6433912007e-02
     vertex 1.0310955398e+01 8.0000000000e+00 -8.1704932026e-02
     vertex 1.1350407119e+01 1.0000000000e+01 -7.3185426163e-02
   endloop
 endfacet
 facet normal  1.7780907896e-02 -4.9821710401e-03 -9.9982949411e-01
   outer loop
     vertex 1.0310955398e+01 8.0000000000e+00 -8.1704932026e-02
     vertex 1.0128151716e+01 8.0000000000e+00 -8.4955901758e-02
     vertex 1.1350407119e+01 1.0000000000e+01 -7.3185426163e-02
   endloop
 endfacet
 facet normal  1.1502208006e-02 -1.1444733194e-03 -9.9993319246e-01
   outer loop
     vertex 1.1350407119e+01 1.0000000000e+01 -7.3185426163e-02
     vertex 1.0128151716e+01 8.0000000000e+00 -8.4955901758e-02
     vertex 1.1197998717e+01 1.0000000000e+01 -7.4938576424e-02
   endloop
 endfacet
 facet normal  -1.5911156029e-02 1.3518822131e-02 -9.9978201452e-01
   outer loop
     vertex 1.0128151716e+01 8.0000000000e+00 -8.4955901758e-02
     vertex 9.9717568713e+00 8.0000000000e+00 -8.2466936417e-02
     vertex 1.1197998717e+01 1.0000000000e+01 -7.4938576424e-02
   endloop
 endfacet
 facet normal  -2.7001384714e-02 2.0317144216e-02 -9.9942890636e-01
   outer loop
     vertex 1.1197998717e+01 1.0000000000e+01 -7.4938576424e-02
     vertex 9.9717568713e+00 8.0000000000e+00 -8.2466936417e-02
     vertex 1.1067640090e+01 1.0000000000e+01 -7.1416701660e-02
   endloop
 endfacet
 facet normal  -6.2669122702e-02 3.9848879782e-02 -9.9723851101e-01
   outer loop
     vertex 9.9717568713e+00 8.0000000000e+00 -8.2466936417e-02
     vertex 9.8465439999e+00 8.0000000000e+00 -7.4598226259e-02
     vertex 1.1067640090e+01 1.0000000000e+01 -7.1416701660e-02
   endloop
 endfacet
 facet normal  -7.6221016696e-02 4.8120879178e-02 -9.9592908262e-01
   outer loop
     vertex 1.1067640090e+01 1.0000000000e+01 -7.1416701660e-02
     vertex 9.8465439999e+00 8.0000000000e+00 -7.4598226259e-02
     vertex 1.0963339447e+01 1.0000000000e+01 -6.3434304895e-02
   endloop
 endfacet
 facet normal  -1.2702452235e-01 7.6450478445e-02 -9.8894898507e-01
   outer loop
     vertex 9.8465439999e+00 8.0000000000e+00 -7.4598226259e-02
     vertex 9.7517928416e+00 8.0000000000e+00 -6.2428012421e-02
     vertex 1.0963339447e+01 1.0000000000e+01 -6.3434304895e-02
   endloop
 endfacet
 facet normal  -1.4011542071e-01 8.4381810768e-02 -9.8653300953e-01
   outer loop
     vertex 1.0963339447e+01 1.0000000000e+01 -6.3434304895e-02
     vertex 9.7517928416e+00 8.0000000000e+00 -6.2428012421e-02
     vertex 1.0884479641e+01 1.0000000000e+01 -5.2233995566e-02
   endloop
 endfacet
 facet normal  -2.2210391890e-01 1.3071192830e-01 -9.6622163141e-01
   outer loop
     vertex 9.7517928416e+00 8.0000000000e+00 -6.2428012421e-02
     vertex 9.6836862929e+00 8.0000000000e+00 -4.6772462095e-02
     vertex 1.0884479641e+01 1.0000000000e+01 -5.2233995566e-02
   endloop
 endfacet
 facet normal  -2.3071267771e-01 1.3588806766e-01 -9.6348642617e-01
   outer loop
     vertex 1.0884479641e+01 1.0000000000e+01 -5.2233995566e-02
     vertex 9.6836862929e+00 8.0000000000e+00 -4.6772462095e-02
     vertex 1.0827816042e+01 1.0000000000e+01 -3.8665552636e-02
   endloop
 endfacet
 facet normal  -3.8892949364e-01 2.2611299513e-01 -8.9308832845e-01
   outer loop
     vertex 9.6836862929e+00 8.0000000000e+00 -4.6772462095e-02
     vertex 9.6382683476e+00 8.0000000000e+00 -2.6993479547e-02
     vertex 1.0827816042e+01 1.0000000000e+01 -3.8665552636e-02
   endloop
 endfacet
 facet normal  -3.8659974106e-01 2.2471936905e-01 -8.9445058297e-01
   outer loop
     vertex 1.0827816042e+01 1.0000000000e+01 -3.8665552636e-02
     vertex 9.6382683476e+00 8.0000000000e+00 -2.6993479547e-02
     vertex 1.0789892730e+01 1.0000000000e+01 -2.2274325471e-02
   endloop
 endfacet
 facet normal  -7.3450600997e-01 4.2418734717e-01 -5.2968482687e-01
   outer loop
     vertex 9.6382683476e+00 8.0000000000e+00 -2.6993479547e-02
     vertex 9.6188021535e+00 8.0000000000e+00 0.0000000000e+00
     vertex 1.0789892730e+01 1.0000000000e+01 -2.2274325471e-02
   endloop
 endfacet
 facet normal  -7.3034077773e-01 4.2166244462e-01 -5.3740406696e-01
   outer loop
     vertex 1.0789892730e+01 1.0000000000e+01 -2.2274325471e-02
     vertex 9.6188021535e+00 8.0000000000e+00 0.0000000000e+00
     vertex 1.0773502692e+01 1.0000000000e+01 0.0000000000e+00
   endloop
 endfacet
 facet normal  -7.3034077773e-01 4.2166244462e-01 5.3740406696e-01
   outer loop
     vertex 9.6188021535e+00 8.0000000000e+00 0.0000000000e+00
     vertex 1.0789892730e+01 1.0000000000e+01 2.2274325471e-02
     vertex 1.0773502692e+01 1.0000000000e+01 0.0000000000e+00
   endloop
 endfacet
 facet normal  -7.6066555565e-01 4.4008960382e-01 4.7718869754e-01
   outer loop
     vertex 9.6188021535e+00 8.0000000000e+00 0.0000000000e+00
     vertex 9.6364727700e+00 8.0000000000e+00 2.8167954053e-02
     vertex 1.0789892730e+01 1.0000000000e+01 2.2274325471e-02
   endloop
 endfacet
 facet normal  -3.8652383056e-01 2.2554741278e-01 8.9427495380e-01
   outer loop
     vertex 9.6364727700e+00 8.0000000000e+00 2.8167954053e-02
     vertex 1.0827816042e+01 1.0000000000e+01 3.8665552636e-02
     vertex 1.0789892730e+01 1.0000000000e+01 2.2274325471e-02
   endloop
 endfacet
 facet normal  -4.3880633741e-01 2.5686482023e-01 8.6108621077e-01
   outer loop
     vertex 9.6364727700e+00 8.0000000000e+00 2.8167954053e-02
     vertex 9.6806418334e+00 8.0000000000e+00 5.0676344867e-02
     vertex 1.0827816042e+01 1.0000000000e+01 3.8665552636e-02
   endloop
 endfacet
 facet normal  -2.3064216396e-01 1.3807772017e-01 9.6319195148e-01
   outer loop
     vertex 9.6806418334e+00 8.0000000000e+00 5.0676344867e-02
     vertex 1.0884479641e+01 1.0000000000e+01 5.2233995566e-02
     vertex 1.0827816042e+01 1.0000000000e+01 3.8665552636e-02
   endloop
 endfacet
 facet normal  -2.7459658137e-01 1.6454703290e-01 9.4737584488e-01
   outer loop
     vertex 9.6806418334e+00 8.0000000000e+00 5.0676344867e-02
     vertex 9.7479367287e+00 8.0000000000e+00 7.0181748438e-02
     vertex 1.0884479641e+01 1.0000000000e+01 5.2233995566e-02
   endloop
 endfacet
 facet normal  -1.4006585862e-01 8.8445323227e-02 9.8618404978e-01
   outer loop
     vertex 9.7479367287e+00 8.0000000000e+00 7.0181748438e-02
     vertex 1.0963339447e+01 1.0000000000e+01 6.3434304895e-02
     vertex 1.0884479641e+01 1.0000000000e+01 5.2233995566e-02
   endloop
 endfacet
 facet normal  -1.7512993632e-01 1.0972758899e-01 9.7841165243e-01
   outer loop
     vertex 9.7479367287e+00 8.0000000000e+00 7.0181748438e-02
     vertex 9.8423120979e+00 8.0000000000e+00 8.7074384937e-02
     vertex 1.0963339447e+01 1.0000000000e+01 6.3434304895e-02
   endloop
 endfacet
 facet normal  -7.6196102016e-02 5.4477030793e-02 9.9560353914e-01
   outer loop
     vertex 9.8423120979e+00 8.0000000000e+00 8.7074384937e-02
     vertex 1.1067640090e+01 1.0000000000e+01 7.1416701660e-02
     vertex 1.0963339447e+01 1.0000000000e+01 6.3434304895e-02
   endloop
 endfacet
 facet normal  -1.0218450204e-01 7.0373114513e-02 9.9227312384e-01
   outer loop
     vertex 9.8423120979e+00 8.0000000000e+00 8.7074384937e-02
     vertex 9.9676403788e+00 8.0000000000e+00 9.9980718551e-02
     vertex 1.1067640090e+01 1.0000000000e+01 7.1416701660e-02
   endloop
 endfacet
 facet normal  -2.6995507668e-02 2.9118270597e-02 9.9921137348e-01
   outer loop
     vertex 9.9676403788e+00 8.0000000000e+00 9.9980718551e-02
     vertex 1.1197998717e+01 1.0000000000e+01 7.4938576424e-02
     vertex 1.1067640090e+01 1.0000000000e+01 7.1416701660e-02
   endloop
 endfacet
 facet normal  -4.3253208743e-02 3.9108238296e-02 9.9829840510e-01
   outer loop
     vertex 9.9676403788e+00 8.0000000000e+00 9.9980718551e-02
     vertex 1.0124625785e+01 8.0000000000e+00 1.0678241485e-01
     vertex 1.1197998717e+01 1.0000000000e+01 7.4938576424e-02
   endloop
 endfacet
 facet normal  1.1501669112e-02 9.7473194469e-03 9.9988634423e-01
   outer loop
     vertex 1.0124625785e+01 8.0000000000e+00 1.0678241485e-01
     vertex 1.1350407119e+01 1.0000000000e+01 7.3185426163e-02
     vertex 1.1197998717e+01 1.0000000000e+01 7.4938576424e-02
   endloop
 endfacet
 facet normal  5.7298122613e-03 1.3284987650e-02 9.9989533370e-01
   outer loop
     vertex 1.0124625785e+01 8.0000000000e+00 1.0678241485e-01
     vertex 1.0308322460e+01 8.0000000000e+00 1.0572975721e-01
     vertex 1.1350407119e+01 1.0000000000e+01 7.3185426163e-02
   endloop
 endfacet
 facet normal  4.0847595274e-02 -5.0249472085e-03 9.9915275302e-01
   outer loop
     vertex 1.0308322460e+01 8.0000000000e+00 1.0572975721e-01
     vertex 1.1515552556e+01 1.0000000000e+01 6.6433912007e-02
     vertex 1.1350407119e+01 1.0000000000e+01 7.3185426163e-02
   endloop
 endfacet
 facet normal  4.4324704652e-02 -7.1269460218e-03 9.9899175532e-01
   outer loop
     vertex 1.0308322460e+01 8.0000000000e+00 1.0572975721e-01
     vertex 1.0507340418e+01 8.0000000000e+00 9.6899441882e-02
     vertex 1.1515552556e+01 1.0000000000e+01 6.6433912007e-02
   endloop
 endfacet
 facet normal  7.1535269024e-02 -2.0870950118e-02 9.9721968930e-01
   outer loop
     vertex 1.0507340418e+01 8.0000000000e+00 9.6899441882e-02
     vertex 1.0706032755e+01 8.0000000000e+00 8.2646303962e-02
     vertex 1.1515552556e+01 1.0000000000e+01 6.6433912007e-02
   endloop
 endfacet
 facet normal  6.2283048187e-02 -1.7120412754e-02 9.9791167614e-01
   outer loop
     vertex 1.1515552556e+01 1.0000000000e+01 6.6433912007e-02
     vertex 1.0706032755e+01 8.0000000000e+00 8.2646303962e-02
     vertex 1.1680516847e+01 1.0000000000e+01 5.6137931771e-02
   endloop
 endfacet
 facet normal  9.1889491307e-02 -3.1580952628e-02 9.9526828786e-01
   outer loop
     vertex 1.0706032755e+01 8.0000000000e+00 8.2646303962e-02
     vertex 1.0888936601e+01 8.0000000000e+00 6.5759458894e-02
     vertex 1.1680516847e+01 1.0000000000e+01 5.6137931771e-02
   endloop
 endfacet
 facet normal  7.7610573733e-02 -2.5922866973e-02 9.9664667953e-01
   outer loop
     vertex 1.1680516847e+01 1.0000000000e+01 5.6137931771e-02
     vertex 1.0888936601e+01 8.0000000000e+00 6.5759458894e-02
     vertex 1.1832481165e+01 1.0000000000e+01 4.4304211576e-02
   endloop
 endfacet
 facet normal  1.0728955282e-01 -3.9959153095e-02 9.9342449031e-01
   outer loop
     vertex 1.0888936601e+01 8.0000000000e+00 6.5759458894e-02
     vertex 1.1045165928e+01 8.0000000000e+00 4.8886737541e-02
     vertex 1.1832481165e+01 1.0000000000e+01 4.4304211576e-02
   endloop
 endfacet
 facet normal  8.8748627740e-02 -3.2655578514e-02 9.9551860569e-01
   outer loop
     vertex 1.1832481165e+01 1.0000000000e+01 4.4304211576e-02
     vertex 1.1045165928e+01 8.0000000000e+00 4.8886737541e-02
     vertex 1.1962381423e+01 1.0000000000e+01 3.2723845754e-02
   endloop
 endfacet
 facet normal  1.1912720631e-01 -4.6617610998e-02 9.9178400222e-01
   outer loop
     vertex 1.1045165928e+01 8.0000000000e+00 4.8886737541e-02
     vertex 1.1170303879e+01 8.0000000000e+00 3.3855909749e-02
     vertex 1.1962381423e+01 1.0000000000e+01 3.2723845754e-02
   endloop
 endfacet
 facet normal  9.7123302614e-02 -3.7901646126e-02 9.9455041567e-01
   outer loop
     vertex 1.1962381423e+01 1.0000000000e+01 3.2723845754e-02
     vertex 1.1170303879e+01 8.0000000000e+00 3.3855909749e-02
     vertex 1.2066504721e+01 1.0000000000e+01 2.2555634704e-02
   endloop
 endfacet
 facet normal  1.2823479077e-01 -5.1866242857e-02 9.9038665747e-01
   outer loop
     vertex 1.1170303879e+01 8.0000000000e+00 3.3855909749e-02
     vertex 1.1265477631e+01 8.0000000000e+00 2.1532857955e-02
     vertex 1.2066504721e+01 1.0000000000e+01 2.2555634704e-02
   endloop
 endfacet
 facet normal  1.0354254883e-01 -4.1978379741e-02 9.9373877665e-01
   outer loop
     vertex 1.2066504721e+01 1.0000000000e+01 2.2555634704e-02
     vertex 1.1265477631e+01 8.0000000000e+00 2.1532857955e-02
     vertex 1.2145745178e+01 1.0000000000e+01 1.4299180293e-02
   endloop
 endfacet
 facet normal  1.3518226937e-01 -5.5920355404e-02 9.8924146087e-01
   outer loop
     vertex 1.1265477631e+01 8.0000000000e+00 2.1532857955e-02
     vertex 1.1335049248e+01 8.0000000000e+00 1.2025725958e-02
     vertex 1.2145745178e+01 1.0000000000e+01 1.4299180293e-02
   endloop
 endfacet
 facet normal  1.0847839565e-01 -4.5100352482e-02 9.9307522166e-01
   outer loop
     vertex 1.2145745178e+01 1.0000000000e+01 1.4299180293e-02
     vertex 1.1335049248e+01 8.0000000000e+00 1.2025725958e-02
     vertex 1.2203699268e+01 1.0000000000e+01 7.9685755058e-03
   endloop
 endfacet
 facet normal  1.4034924418e-01 -5.8952253788e-02 9.8834544641e-01
   outer loop
     vertex 1.1335049248e+01 8.0000000000e+00 1.2025725958e-02
     vertex 1.1384447256e+01 8.0000000000e+00 5.0109993897e-03
     vertex 1.2203699268e+01 1.0000000000e+01 7.9685755058e-03
   endloop
 endfacet
 facet normal  1.1218761328e-01 -4.7422742134e-02 9.9255479595e-01
   outer loop
     vertex 1.2203699268e+01 1.0000000000e+01 7.9685755058e-03
     vertex 1.1384447256e+01 8.0000000000e+00 5.0109993897e-03
     vertex 1.2244864820e+01 1.0000000000e+01 3.3156686363e-03
   endloop
 endfacet
 facet normal  1.4406254808e-01 -6.1139752869e-02 9.8767804109e-01
   outer loop
     vertex 1.1384447256e+01 8.0000000000e+00 5.0109993897e-03
     vertex 1.1418802154e+01 8.0000000000e+00 0.0000000000e+00
     vertex 1.2244864820e+01 1.0000000000e+01 3.3156686363e-03
   endloop
 endfacet
 facet normal  1.1487220771e-01 -4.9090668887e-02 9.9216655967e-01
   outer loop
     vertex 1.2244864820e+01 1.0000000000e+01 3.3156686363e-03
     vertex 1.1418802154e+01 8.0000000000e+00 0.0000000000e+00
     vertex 1.2273502692e+01 1.0000000000e+01 0.0000000000e+00
   endloop
 endfacet
 facet normal  0.0000000000e+00 1.0000000000e+00 0.0000000000e+00
   outer loop
     vertex 1.2273502692e+01 1.0000000000e+01 0.0000000000e+00
     vertex 1.2244864820e+01 1.0000000000e+01 -3.3156686363e-03
     vertex 1.2244864820e+01 1.0000000000e+01 -1.6578343181e-03
   endloop
 endfacet
 facet normal  0.0000000000e+00 1.0000000000e+00 0.0000000000e+00
   outer loop
     vertex 1.2244864820e+01 1.0000000000e+01 -3.3156686363e-03
     vertex 1.2203699268e+01 1.0000000000e+01 -3.9842877529e-03
     vertex 1.2244864820e+01 1.0000000000e+01 -1.6578343181e-03
   endloop
 endfacet
 facet normal  0.0000000000e+00 1.0000000000e+00 -0.0000000000e+00
   outer loop
     vertex 1.2244864820e+01 1.0000000000e+01 -3.3156686363e-03
     vertex 1.2203699268e+01 1.0000000000e+01 -7.9685755058e-03
     vertex 1.2203699268e+01 1.0000000000e+01 -3.9842877529e-03
   endloop
 endfacet
 facet normal  -0.0000000000e+00 1.0000000000e+00 0.0000000000e+00
   outer loop
     vertex 1.2203699268e+01 1.0000000000e+01 -7.9685755058e-03
     vertex 1.2145745178e+01 1.0000000000e+01 -7.1495901467e-03
     vertex 1.2203699268e+01 1.0000000000e+01 -3.9842877529e-03
   endloop
 endfacet
 facet normal  0.0000000000e+00 1.0000000000e+00 -0.0000000000e+00
   outer loop
     vertex 1.2203699268e+01 1.0000000000e+01 -7.9685755058e-03
     vertex 1.2145745178e+01 1.0000000000e+01 -1.4299180293e-02
     vertex 1.2145745178e+01 1.0000000000e+01 -7.1495901467e-03
   endloop
 endfacet
 facet normal  -0.0000000000e+00 1.0000000000e+00 0.0000000000e+00
   outer loop
     vertex 1.2145745178e+01 1.0000000000e+01 -1.4299180293e-02
     vertex 1.2066504721e+01 1.0000000000e+01 -1.1277817352e-02
     vertex 1.2145745178e+01 1.0000000000e+01 -7.1495901467e-03
   endloop
 endfacet
 facet normal  0.0000000000e+00 1.0000000000e+00 0.0000000000e+00
   outer loop
     vertex 1.2145745178e+01 1.0000000000e+01 -1.4299180293e-02
     vertex 1.2066504721e+01 1.0000000000e+01 -2.2555634704e-02
     vertex 1.2066504721e+01 1.0000000000e+01 -1.1277817352e-02
   endloop
 endfacet
 facet normal  -0.0000000000e+00 1.0000000000e+00 0.0000000000e+00
   outer loop
     vertex 1.2066504721e+01 1.0000000000e+01 -2.2555634704e-02
     vertex 1.1962381423e+01 1.0000000000e+01 -1.6361922877e-02
     vertex 1.2066504721e+01 1.0000000000e+01 -1.1277817352e-02
   endloop
 endfacet
 facet normal  0.0000000000e+00 1.0000000000e+00 0.0000000000e+00
   outer loop
     vertex 1.2066504721e+01 1.0000000000e+01 -2.2555634704e-02
     vertex 1.1962381423e+01 1.0000000000e+01 -3.2723845754e-02
     vertex 1.1962381423e+01 1.0000000000e+01 -1.6361922877e-02
   endloop
 endfacet
 facet normal  -0.0000000000e+00 1.0000000000e+00 0.0000000000e+00
   outer loop
     vertex 1.1962381423e+01 1.0000000000e+01 -3.2723845754e-02
     vertex 1.1832481165e+01 1.0000000000e+01 -2.2152105788e-02
     vertex 1.1962381423e+01 1.0000000000e+01 -1.6361922877e-02
   endloop
 endfacet
 facet normal  0.0000000000e+00 1.0000000000e+00 0.0000000000e+00
   outer loop
     vertex 1.1962381423e+01 1.0000000000e+01 -3.2723845754e-02
     vertex 1.1832481165e+01 1.0000000000e+01 -4.4304211576e-02
     vertex 1.1832481165e+01 1.0000000000e+01 -2.2152105788e-02
   endloop
 endfacet
 facet normal  -0.0000000000e+00 1.0000000000e+00 0.0000000000e+00
   outer loop
     vertex 1.1832481165e+01 1.0000000000e+01 -4.4304211576e-02
     vertex 1.1680516847e+01 1.0000000000e+01 -2.8068965885e-02
     vertex 1.1832481165e+01 1.0000000000e+01 -2.2152105788e-02
   endloop
 endfacet
 facet normal  0.0000000000e+00 1.0000000000e+00 0.0000000000e+00
   outer loop
     vertex 1.1832481165e+01 1.0000000000e+01 -4.4304211576e-02
     vertex 1.1680516847e+01 1.0000000000e+01 -5.6137931771e-02
     vertex 1.1680516847e+01 1.0000000000e+01 -2.8068965885e-02
   endloop
 endfacet
 facet normal  -0.0000000000e+00 1.0000000000e+00 0.0000000000e+00
   outer loop
     vertex 1.1680516847e+01 1.0000000000e+01 -5.6137931771e-02
     vertex 1.1515552556e+01 1.0000000000e+01 -3.3216956003e-02
     vertex 1.1680516847e+01 1.0000000000e+01 -2.8068965885e-02
   endloop
 endfacet
 facet normal  0.0000000000e+00 1.0000000000e+00 0.0000000000e+00
   outer loop
     vertex 1.1680516847e+01 1.0000000000e+01 -5.6137931771e-02
     vertex 1.1515552556e+01 1.0000000000e+01 -6.6433912007e-02
     vertex 1.1515552556e+01 1.0000000000e+01 -3.3216956003e-02
   endloop
 endfacet
 facet normal  0.0000000000e+00 1.0000000000e+00 0.0000000000e+00
   outer loop
     vertex 1.1515552556e+01 1.0000000000e+01 -6.6433912007e-02
     vertex 1.1350407119e+01 1.0000000000e+01 -7.3185426163e-02
     vertex 1.1515552556e+01 1.0000000000e+01 -3.3216956003e-02
   endloop
 endfacet
 facet normal  0.0000000000e+00 1.0000000000e+00 0.0000000000e+00
   outer loop
     vertex 1.1515552556e+01 1.0000000000e+01 -3.3216956003e-02
     vertex 1.1350407119e+01 1.0000000000e+01 -7.3185426163e-02
     vertex 1.1350407119e+01 1.0000000000e+01 -3.6592713081e-02
   endloop
 endfacet
 facet normal  0.0000000000e+00 1.0000000000e+00 0.0000000000e+00
   outer loop
     vertex 1.1350407119e+01 1.0000000000e+01 -7.3185426163e-02
     vertex 1.1197998717e+01 1.0000000000e+01 -7.4938576424e-02
     vertex 1.1350407119e+01 1.0000000000e+01 -3.6592713081e-02
   endloop
 endfacet
 facet normal  0.0000000000e+00 1.0000000000e+00 0.0000000000e+00
   outer loop
     vertex 1.1350407119e+01 1.0000000000e+01 -3.6592713081e-02
     vertex 1.1197998717e+01 1.0000000000e+01 -7.4938576424e-02
     vertex 1.1197998717e+01 1.0000000000e+01 -3.7469288212e-02
   endloop
 endfacet
 facet normal  -0.0000000000e+00 1.0000000000e+00 0.0000000000e+00
   outer loop
     vertex 1.1197998717e+01 1.0000000000e+01 -7.4938576424e-02
     vertex 1.1067640090e+01 1.0000000000e+01 -7.1416701660e-02
     vertex 1.1197998717e+01 1.0000000000e+01 -3.7469288212e-02
   endloop
 endfacet
 facet normal  0.0000000000e+00 1.0000000000e+00 0.0000000000e+00
   outer loop
     vertex 1.1197998717e+01 1.0000000000e+01 -3.7469288212e-02
     vertex 1.1067640090e+01 1.0000000000e+01 -7.1416701660e-02
     vertex 1.1067640090e+01 1.0000000000e+01 -3.5708350830e-02
   endloop
 endfacet
 facet normal  -0.0000000000e+00 1.0000000000e+00 0.0000000000e+00
   outer loop
     vertex 1.1067640090e+01 1.0000000000e+01 -7.1416701660e-02
     vertex 1.0963339447e+01 1.0000000000e+01 -6.3434304895e-02
     vertex 1.1067640090e+01 1.0000000000e+01 -3.5708350830e-02
   endloop
 endfacet
 facet normal  0.0000000000e+00 1.0000000000e+00 -0.0000000000e+00
   outer loop
     vertex 1.1067640090e+01 1.0000000000e+01 -3.5708350830e-02
     vertex 1.0963339447e+01 1.0000000000e+01 -6.3434304895e-02
     vertex 1.0963339447e+01 1.0000000000e+01 -3.1717152447e-02
   endloop
 endfacet
 facet normal  -0.0000000000e+00 1.0000000000e+00 0.0000000000e+00
   outer loop
     vertex 1.0963339447e+01 1.0000000000e+01 -6.3434304895e-02
     vertex 1.0884479641e+01 1.0000000000e+01 -5.2233995566e-02
     vertex 1.0963339447e+01 1.0000000000e+01 -3.1717152447e-02
   endloop
 endfacet
 facet normal  0.0000000000e+00 1.0000000000e+00 0.0000000000e+00
   outer loop
     vertex 1.0963339447e+01 1.0000000000e+01 -3.1717152447e-02
     vertex 1.0884479641e+01 1.0000000000e+01 -5.2233995566e-02
     vertex 1.0884479641e+01 1.0000000000e+01 -2.6116997783e-02
   endloop
 endfacet
 facet normal  -0.0000000000e+00 1.0000000000e+00 0.0000000000e+00
   outer loop
     vertex 1.0884479641e+01 1.0000000000e+01 -5.2233995566e-02
     vertex 1.0827816042e+01 1.0000000000e+01 -3.8665552636e-02
     vertex 1.0884479641e+01 1.0000000000e+01 -2.6116997783e-02
   endloop
 endfacet
 facet normal  0.0000000000e+00 1.0000000000e+00 0.0000000000e+00
   outer loop
     vertex 1.0884479641e+01 1.0000000000e+01 -2.6116997783e-02
     vertex 1.0827816042e+01 1.0000000000e+01 -3.8665552636e-02
     vertex 1.0827816042e+01 1.0000000000e+01 -1.9332776318e-02
   endloop
 endfacet
 facet normal  -0.0000000000e+00 1.0000000000e+00 0.0000000000e+00
   outer loop
     vertex 1.0827816042e+01 1.0000000000e+01 -3.8665552636e-02
     vertex 1.0789892730e+01 1.0000000000e+01 -2.2274325471e-02
     vertex 1.0827816042e+01 1.0000000000e+01 -1.9332776318e-02
   endloop
 endfacet
 facet normal  0.0000000000e+00 1.0000000000e+00 0.0000000000e+00
   outer loop
     vertex 1.0827816042e+01 1.0000000000e+01 -1.9332776318e-02
     vertex 1.0789892730e+01 1.0000000000e+01 -2.2274325471e-02
     vertex 1.0789892730e+01 1.0000000000e+01 -1.1137162736e-02
   endloop
 endfacet
 facet normal  0.0000000000e+00 1.0000000000e+00 0.0000000000e+00
   outer loop
     vertex 1.0789892730e+01 1.0000000000e+01 -2.2274325471e-02
     vertex 1.0773502692e+01 1.0000000000e+01 0.0000000000e+00
     vertex 1.0789892730e+01 1.0000000000e+01 -1.1137162736e-02
   endloop
 endfacet
 facet normal  0.0000000000e+00 1.0000000000e+00 0.0000000000e+00
   outer loop
     vertex 1.0773502692e+01 1.0000000000e+01 0.0000000000e+00
     vertex 1.0789892730e+01 1.0000000000e+01 2.2274325471e-02
     vertex 1.0789892730e+01 1.0000000000e+01 1.1137162736e-02
   endloop
 endfacet
 facet normal  0.0000000000e+00 1.0000000000e+00 0.0000000000e+00
   outer loop
     vertex 1.0789892730e+01 1.0000000000e+01 2.2274325471e-02
     vertex 1.0827816042e+01 1.0000000000e+01 1.9332776318e-02
     vertex 1.0789892730e+01 1.0000000000e+01 1.1137162736e-02
   endloop
 endfacet
 facet normal  0.0000000000e+00 1.0000000000e+00 0.0000000000e+00
   outer loop
     vertex 1.0789892730e+01 1.0000000000e+01 2.2274325471e-02
     vertex 1.0827816042e+01 1.0000000000e+01 3.8665552636e-02
     vertex 1.0827816042e+01 1.0000000000e+01 1.9332776318e-02
   endloop
 endfacet
 facet normal  0.0000000000e+00 1.0000000000e+00 0.0000000000e+00
   outer loop
     vertex 1.0827816042e+01 1.0000000000e+01 3.8665552636e-02
     vertex 1.0884479641e+01 1.0000000000e+01 2.6116997783e-02
     vertex 1.0827816042e+01 1.0000000000e+01 1.9332776318e-02
   endloop
 endfacet
 facet normal  0.0000000000e+00 1.0000000000e+00 0.0000000000e+00
   outer loop
     vertex 1.0827816042e+01 1.0000000000e+01 3.8665552636e-02
     vertex 1.0884479641e+01 1.0000000000e+01 5.2233995566e-02
     vertex 1.0884479641e+01 1.0000000000e+01 2.6116997783e-02
   endloop
 endfacet
 facet normal  0.0000000000e+00 1.0000000000e+00 0.0000000000e+00
   outer loop
     vertex 1.0884479641e+01 1.0000000000e+01 5.2233995566e-02
     vertex 1.0963339447e+01 1.0000000000e+01 3.1717152447e-02
     vertex 1.0884479641e+01 1.0000000000e+01 2.6116997783e-02
   endloop
 endfacet
 facet normal  0.0000000000e+00 1.0000000000e+00 0.0000000000e+00
   outer loop
     vertex 1.0884479641e+01 1.0000000000e+01 5.2233995566e-02
     vertex 1.0963339447e+01 1.0000000000e+01 6.3434304895e-02
     vertex 1.0963339447e+01 1.0000000000e+01 3.1717152447e-02
   endloop
 endfacet
 facet normal  0.0000000000e+00 1.0000000000e+00 0.0000000000e+00
   outer loop
     vertex 1.0963339447e+01 1.0000000000e+01 6.3434304895e-02
     vertex 1.1067640090e+01 1.0000000000e+01 3.5708350830e-02
     vertex 1.0963339447e+01 1.0000000000e+01 3.1717152447e-02
   endloop
 endfacet
 facet normal  0.0000000000e+00 1.0000000000e+00 0.0000000000e+00
   outer loop
     vertex 1.0963339447e+01 1.0000000000e+01 6.3434304895e-02
     vertex 1.1067640090e+01 1.0000000000e+01 7.1416701660e-02
     vertex 1.1067640090e+01 1.0000000000e+01 3.5708350830e-02
   endloop
 endfacet
 facet normal  0.0000000000e+00 1.0000000000e+00 0.0000000000e+00
   outer loop
     vertex 1.1067640090e+01 1.0000000000e+01 7.1416701660e-02
     vertex 1.1197998717e+01 1.0000000000e+01 3.7469288212e-02
     vertex 1.1067640090e+01 1.0000000000e+01 3.5708350830e-02
   endloop
 endfacet
 facet normal  0.0000000000e+00 1.0000000000e+00 0.0000000000e+00
   outer loop
     vertex 1.1067640090e+01 1.0000000000e+01 7.1416701660e-02
     vertex 1.1197998717e+01 1.0000000000e+01 7.4938576424e-02
     vertex 1.1197998717e+01 1.0000000000e+01 3.7469288212e-02
   endloop
 endfacet
 facet normal  0.0000000000e+00 1.0000000000e+00 0.0000000000e+00
   outer loop
     vertex 1.1197998717e+01 1.0000000000e+01 7.4938576424e-02
     vertex 1.1350407119e+01 1.0000000000e+01 3.6592713081e-02
     vertex 1.1197998717e+01 1.0000000000e+01 3.7469288212e-02
   endloop
 endfacet
 facet normal  0.0000000000e+00 1.0000000000e+00 0.0000000000e+00
   outer loop
     vertex 1.1197998717e+01 1.0000000000e+01 7.4938576424e-02
     vertex 1.1350407119e+01 1.0000000000e+01 7.3185426163e-02
     vertex 1.1350407119e+01 1.0000000000e+01 3.6592713081e-02
   endloop
 endfacet
 facet normal  0.0000000000e+00 1.0000000000e+00 0.0000000000e+00
   outer loop
     vertex 1.1350407119e+01 1.0000000000e+01 7.3185426163e-02
     vertex 1.1515552556e+01 1.0000000000e+01 3.3216956003e-02
     vertex 1.1350407119e+01 1.0000000000e+01 3.6592713081e-02
   endloop
 endfacet
 facet normal  0.0000000000e+00 1.0000000000e+00 0.0000000000e+00
   outer loop
     vertex 1.1350407119e+01 1.0000000000e+01 7.3185426163e-02
     vertex 1.1515552556e+01 1.0000000000e+01 6.6433912007e-02
     vertex 1.1515552556e+01 1.0000000000e+01 3.3216956003e-02
   endloop
 endfacet
 facet normal  0.0000000000e+00 1.0000000000e+00 0.0000000000e+00
   outer loop
     vertex 1.1515552556e+01 1.0000000000e+01 6.6433912007e-02
     vertex 1.1680516847e+01 1.0000000000e+01 5.6137931771e-02
     vertex 1.1515552556e+01 1.0000000000e+01 3.3216956003e-02
   endloop
 endfacet
 facet normal  0.0000000000e+00 1.0000000000e+00 0.0000000000e+00
   outer loop
     vertex 1.1515552556e+01 1.0000000000e+01 3.3216956003e-02
     vertex 1.1680516847e+01 1.0000000000e+01 5.6137931771e-02
     vertex 1.1680516847e+01 1.0000000000e+01 2.8068965885e-02
   endloop
 endfacet
 facet normal  0.0000000000e+00 1.0000000000e+00 0.0000000000e+00
   outer loop
     vertex 1.1680516847e+01 1.0000000000e+01 5.6137931771e-02
     vertex 1.1832481165e+01 1.0000000000e+01 4.4304211576e-02
     vertex 1.1680516847e+01 1.0000000000e+01 2.8068965885e-02
   endloop
 endfacet
 facet normal  0.0000000000e+00 1.0000000000e+00 0.0000000000e+00
   outer loop
     vertex 1.1680516847e+01 1.0000000000e+01 2.8068965885e-02
     vertex 1.1832481165e+01 1.0000000000e+01 4.4304211576e-02
     vertex 1.1832481165e+01 1.0000000000e+01 2.2152105788e-02
   endloop
 endfacet
 facet normal  0.0000000000e+00 1.0000000000e+00 0.0000000000e+00
   outer loop
     vertex 1.1832481165e+01 1.0000000000e+01 4.4304211576e-02
     vertex 1.1962381423e+01 1.0000000000e+01 3.2723845754e-02
     vertex 1.1832481165e+01 1.0000000000e+01 2.2152105788e-02
   endloop
 endfacet
 facet normal  0.0000000000e+00 1.0000000000e+00 0.0000000000e+00
   outer loop
     vertex 1.1832481165e+01 1.0000000000e+01 2.2152105788e-02
     vertex 1.1962381423e+01 1.0000000000e+01 3.2723845754e-02
     vertex 1.1962381423e+01 1.0000000000e+01 1.6361922877e-02
   endloop
 endfacet
 facet normal  0.0000000000e+00 1.0000000000e+00 0.0000000000e+00
   outer loop
     vertex 1.1962381423e+01 1.0000000000e+01 3.2723845754e-02
     vertex 1.2066504721e+01 1.0000000000e+01 2.2555634704e-02
     vertex 1.1962381423e+01 1.0000000000e+01 1.6361922877e-02
   endloop
 endfacet
 facet normal  0.0000000000e+00 1.0000000000e+00 0.0000000000e+00
   outer loop
     vertex 1.1962381423e+01 1.0000000000e+01 1.6361922877e-02
     vertex 1.2066504721e+01 1.0000000000e+01 2.2555634704e-02
     vertex 1.2066504721e+01 1.0000000000e+01 1.1277817352e-02
   endloop
 endfacet
 facet normal  0.0000000000e+00 1.0000000000e+00 0.0000000000e+00
   outer loop
     vertex 1.2066504721e+01 1.0000000000e+01 2.2555634704e-02
     vertex 1.2145745178e+01 1.0000000000e+01 1.4299180293e-02
     vertex 1.2066504721e+01 1.0000000000e+01 1.1277817352e-02
   endloop
 endfacet
 facet normal  0.0000000000e+00 1.0000000000e+00 0.0000000000e+00
   outer loop
     vertex 1.2066504721e+01 1.0000000000e+01 1.1277817352e-02
     vertex 1.2145745178e+01 1.0000000000e+01 1.4299180293e-02
     vertex 1.2145745178e+01 1.0000000000e+01 7.1495901467e-03
   endloop
 endfacet
 facet normal  0.0000000000e+00 1.0000000000e+00 0.0000000000e+00
   outer loop
     vertex 1.2145745178e+01 1.0000000000e+01 1.4299180293e-02
     vertex 1.2203699268e+01 1.0000000000e+01 7.9685755058e-03
     vertex 1.2145745178e+01 1.0000000000e+01 7.1495901467e-03
   endloop
 endfacet
 facet normal  0.0000000000e+00 1.0000000000e+00 0.0000000000e+00
   outer loop
     vertex 1.2145745178e+01 1.0000000000e+01 7.1495901467e-03
     vertex 1.2203699268e+01 1.0000000000e+01 7.9685755058e-03
     vertex 1.2203699268e+01 1.0000000000e+01 3.9842877529e-03
   endloop
 endfacet
 facet normal  0.0000000000e+00 1.0000000000e+00 0.0000000000e+00
   outer loop
     vertex 1.2203699268e+01 1.0000000000e+01 7.9685755058e-03
     vertex 1.2244864820e+01 1.0000000000e+01 3.3156686363e-03
     vertex 1.2203699268e+01 1.0000000000e+01 3.9842877529e-03
   endloop
 endfacet
 facet normal  0.0000000000e+00 1.0000000000e+00 0.0000000000e+00
   outer loop
     vertex 1.2203699268e+01 1.0000000000e+01 3.9842877529e-03
     vertex 1.2244864820e+01 1.0000000000e+01 3.3156686363e-03
     vertex 1.2244864820e+01 1.0000000000e+01 1.6578343181e-03
   endloop
 endfacet
 facet normal  0.0000000000e+00 1.0000000000e+00 0.0000000000e+00
   outer loop
     vertex 1.2244864820e+01 1.0000000000e+01 3.3156686363e-03
     vertex 1.2273502692e+01 1.0000000000e+01 0.0000000000e+00
     vertex 1.2244864820e+01 1.0000000000e+01 1.6578343181e-03
   endloop
 endfacet
 facet normal  0.0000000000e+00 1.0000000000e+00 0.0000000000e+00
   outer loop
     vertex 1.2273502692e+01 1.0000000000e+01 0.0000000000e+00
     vertex 1.2244864820e+01 1.0000000000e+01 -1.6578343181e-03
     vertex 1.2244864820e+01 1.0000000000e+01 2.5757728621e-16
   endloop
 endfacet
 facet normal  0.0000000000e+00 1.0000000000e+00 0.0000000000e+00
   outer loop
     vertex 1.2244864820e+01 1.0000000000e+01 -1.6578343181e-03
     vertex 1.2203699268e+01 1.0000000000e+01 3.7178772166e-16
     vertex 1.2244864820e+01 1.0000000000e+01 2.5757728621e-16
   endloop
 endfacet
 facet normal  0.0000000000e+00 1.0000000000e+00 -0.0000000000e+00
   outer loop
     vertex 1.2244864820e+01 1.0000000000e+01 -1.6578343181e-03
     vertex 1.2203699268e+01 1.0000000000e+01 -3.9842877529e-03
     vertex 1.2203699268e+01 1.0000000000e+01 3.7178772166e-16
   endloop
 endfacet
 facet normal  -0.0000000000e+00 1.0000000000e+00 0.0000000000e+00
   outer loop
     vertex 1.2203699268e+01 1.0000000000e+01 -3.9842877529e-03
     vertex 1.2145745178e+01 1.0000000000e+01 2.3548395292e-16
     vertex 1.2203699268e+01 1.0000000000e+01 3.7178772166e-16
   endloop
 endfacet
 facet normal  0.0000000000e+00 1.0000000000e+00 0.0000000000e+00
   outer loop
     vertex 1.2203699268e+01 1.0000000000e+01 -3.9842877529e-03
     vertex 1.2145745178e+01 1.0000000000e+01 -7.1495901467e-03
     vertex 1.2145745178e+01 1.0000000000e+01 2.3548395292e-16
   endloop
 endfacet
 facet normal  -0.0000000000e+00 1.0000000000e+00 0.0000000000e+00
   outer loop
     vertex 1.2145745178e+01 1.0000000000e+01 -7.1495901467e-03
     vertex 1.2066504721e+01 1.0000000000e+01 3.7651901210e-17
     vertex 1.2145745178e+01 1.0000000000e+01 2.3548395292e-16
   endloop
 endfacet
 facet normal  0.0000000000e+00 1.0000000000e+00 0.0000000000e+00
   outer loop
     vertex 1.2145745178e+01 1.0000000000e+01 -7.1495901467e-03
     vertex 1.2066504721e+01 1.0000000000e+01 -1.1277817352e-02
     vertex 1.2066504721e+01 1.0000000000e+01 3.7651901210e-17
   endloop
 endfacet
 facet normal  -0.0000000000e+00 1.0000000000e+00 0.0000000000e+00
   outer loop
     vertex 1.2066504721e+01 1.0000000000e+01 -1.1277817352e-02
     vertex 1.1962381423e+01 1.0000000000e+01 2.4343664907e-17
     vertex 1.2066504721e+01 1.0000000000e+01 3.7651901210e-17
   endloop
 endfacet
 facet normal  0.0000000000e+00 1.0000000000e+00 0.0000000000e+00
   outer loop
     vertex 1.2066504721e+01 1.0000000000e+01 -1.1277817352e-02
     vertex 1.1962381423e+01 1.0000000000e+01 -1.6361922877e-02
     vertex 1.1962381423e+01 1.0000000000e+01 2.4343664907e-17
   endloop
 endfacet
 facet normal  0.0000000000e+00 1.0000000000e+00 0.0000000000e+00
   outer loop
     vertex 1.1962381423e+01 1.0000000000e+01 -1.6361922877e-02
     vertex 1.1832481165e+01 1.0000000000e+01 4.1227815024e-17
     vertex 1.1962381423e+01 1.0000000000e+01 2.4343664907e-17
   endloop
 endfacet
 facet normal  0.0000000000e+00 1.0000000000e+00 0.0000000000e+00
   outer loop
     vertex 1.1962381423e+01 1.0000000000e+01 -1.6361922877e-02
     vertex 1.1832481165e+01 1.0000000000e+01 -2.2152105788e-02
     vertex 1.1832481165e+01 1.0000000000e+01 4.1227815024e-17
   endloop
 endfacet
 facet normal  -0.0000000000e+00 1.0000000000e+00 0.0000000000e+00
   outer loop
     vertex 1.1832481165e+01 1.0000000000e+01 -2.2152105788e-02
     vertex 1.1680516847e+01 1.0000000000e+01 2.8820814409e-17
     vertex 1.1832481165e+01 1.0000000000e+01 4.1227815024e-17
   endloop
 endfacet
 facet normal  0.0000000000e+00 1.0000000000e+00 0.0000000000e+00
   outer loop
     vertex 1.1832481165e+01 1.0000000000e+01 -2.2152105788e-02
     vertex 1.1680516847e+01 1.0000000000e+01 -2.8068965885e-02
     vertex 1.1680516847e+01 1.0000000000e+01 2.8820814409e-17
   endloop
 endfacet
 facet normal  -0.0000000000e+00 1.0000000000e+00 0.0000000000e+00
   outer loop
     vertex 1.1680516847e+01 1.0000000000e+01 -2.8068965885e-02
     vertex 1.1515552556e+01 1.0000000000e+01 1.3877787808e-17
     vertex 1.1680516847e+01 1.0000000000e+01 2.8820814409e-17
   endloop
 endfacet
 facet normal  0.0000000000e+00 1.0000000000e+00 0.0000000000e+00
   outer loop
     vertex 1.1680516847e+01 1.0000000000e+01 -2.8068965885e-02
     vertex 1.1515552556e+01 1.0000000000e+01 -3.3216956003e-02
     vertex 1.1515552556e+01 1.0000000000e+01 1.3877787808e-17
   endloop
 endfacet
 facet normal  0.0000000000e+00 1.0000000000e+00 0.0000000000e+00
   outer loop
     vertex 1.1515552556e+01 1.0000000000e+01 -3.3216956003e-02
     vertex 1.1350407119e+01 1.0000000000e+01 -3.6592713081e-02
     vertex 1.1515552556e+01 1.0000000000e+01 1.3877787808e-17
   endloop
 endfacet
 facet normal  0.0000000000e+00 1.0000000000e+00 0.0000000000e+00
   outer loop
     vertex 1.1515552556e+01 1.0000000000e+01 1.3877787808e-17
     vertex 1.1350407119e+01 1.0000000000e+01 -3.6592713081e-02
     vertex 1.1350407119e+01 1.0000000000e+01 -1.3827771565e-17
   endloop
 endfacet
 facet normal  0.0000000000e+00 1.0000000000e+00 0.0000000000e+00
   outer loop
     vertex 1.1350407119e+01 1.0000000000e+01 -3.6592713081e-02
     vertex 1.1197998717e+01 1.0000000000e+01 -3.7469288212e-02
     vertex 1.1350407119e+01 1.0000000000e+01 -1.3827771565e-17
   endloop
 endfacet
 facet normal  0.0000000000e+00 1.0000000000e+00 0.0000000000e+00
   outer loop
     vertex 1.1350407119e+01 1.0000000000e+01 -1.3827771565e-17
     vertex 1.1197998717e+01 1.0000000000e+01 -3.7469288212e-02
     vertex 1.1197998717e+01 1.0000000000e+01 2.2707375604e-19
   endloop
 endfacet
 facet normal  -0.0000000000e+00 1.0000000000e+00 0.0000000000e+00
   outer loop
     vertex 1.1197998717e+01 1.0000000000e+01 -3.7469288212e-02
     vertex 1.1067640090e+01 1.0000000000e+01 -3.5708350830e-02
     vertex 1.1197998717e+01 1.0000000000e+01 2.2707375604e-19
   endloop
 endfacet
 facet normal  0.0000000000e+00 1.0000000000e+00 -0.0000000000e+00
   outer loop
     vertex 1.1197998717e+01 1.0000000000e+01 2.2707375604e-19
     vertex 1.1067640090e+01 1.0000000000e+01 -3.5708350830e-02
     vertex 1.1067640090e+01 1.0000000000e+01 -1.8155129682e-17
   endloop
 endfacet
 facet normal  -0.0000000000e+00 1.0000000000e+00 0.0000000000e+00
   outer loop
     vertex 1.1067640090e+01 1.0000000000e+01 -3.5708350830e-02
     vertex 1.0963339447e+01 1.0000000000e+01 -3.1717152447e-02
     vertex 1.1067640090e+01 1.0000000000e+01 -1.8155129682e-17
   endloop
 endfacet
 facet normal  0.0000000000e+00 1.0000000000e+00 0.0000000000e+00
   outer loop
     vertex 1.1067640090e+01 1.0000000000e+01 -1.8155129682e-17
     vertex 1.0963339447e+01 1.0000000000e+01 -3.1717152447e-02
     vertex 1.0963339447e+01 1.0000000000e+01 -1.0151350260e-17
   endloop
 endfacet
 facet normal  -0.0000000000e+00 1.0000000000e+00 0.0000000000e+00
   outer loop
     vertex 1.0963339447e+01 1.0000000000e+01 -3.1717152447e-02
     vertex 1.0884479641e+01 1.0000000000e+01 -2.6116997783e-02
     vertex 1.0963339447e+01 1.0000000000e+01 -1.0151350260e-17
   endloop
 endfacet
 facet normal  0.0000000000e+00 1.0000000000e+00 0.0000000000e+00
   outer loop
     vertex 1.0963339447e+01 1.0000000000e+01 -1.0151350260e-17
     vertex 1.0884479641e+01 1.0000000000e+01 -2.6116997783e-02
     vertex 1.0884479641e+01 1.0000000000e+01 -4.5806454348e-17
   endloop
 endfacet
 facet normal  -0.0000000000e+00 1.0000000000e+00 0.0000000000e+00
   outer loop
     vertex 1.0884479641e+01 1.0000000000e+01 -2.6116997783e-02
     vertex 1.0827816042e+01 1.0000000000e+01 -1.9332776318e-02
     vertex 1.0884479641e+01 1.0000000000e+01 -4.5806454348e-17
   endloop
 endfacet
 facet normal  0.0000000000e+00 1.0000000000e+00 0.0000000000e+00
   outer loop
     vertex 1.0884479641e+01 1.0000000000e+01 -4.5806454348e-17
     vertex 1.0827816042e+01 1.0000000000e+01 -1.9332776318e-02
     vertex 1.0827816042e+01 1.0000000000e+01 -7.0075661464e-18
   endloop
 endfacet
 facet normal  -0.0000000000e+00 1.0000000000e+00 0.0000000000e+00
   outer loop
     vertex 1.0827816042e+01 1.0000000000e+01 -1.9332776318e-02
     vertex 1.0789892730e+01 1.0000000000e+01 -1.1137162736e-02
     vertex 1.0827816042e+01 1.0000000000e+01 -7.0075661464e-18
   endloop
 endfacet
 facet normal  0.0000000000e+00 1.0000000000e+00 0.0000000000e+00
   outer loop
     vertex 1.0827816042e+01 1.0000000000e+01 -7.0075661464e-18
     vertex 1.0789892730e+01 1.0000000000e+01 -1.1137162736e-02
     vertex 1.0789892730e+01 1.0000000000e+01 -1.3881566392e-16
   endloop
 endfacet
 facet normal  0.0000000000e+00 1.0000000000e+00 0.0000000000e+00
   outer loop
     vertex 1.0789892730e+01 1.0000000000e+01 -1.1137162736e-02
     vertex 1.0773502692e+01 1.0000000000e+01 0.0000000000e+00
     vertex 1.0789892730e+01 1.0000000000e+01 -1.3881566392e-16
   endloop
 endfacet
 facet normal  0.0000000000e+00 1.0000000000e+00 0.0000000000e+00
   outer loop
     vertex 1.0773502692e+01 1.0000000000e+01 0.0000000000e+00
     vertex 1.0789892730e+01 1.0000000000e+01 1.1137162736e-02
     vertex 1.0789892730e+01 1.0000000000e+01 -1.3881566392e-16
   endloop
 endfacet
 facet normal  0.0000000000e+00 1.0000000000e+00 0.0000000000e+00
   outer loop
     vertex 1.0789892730e+01 1.0000000000e+01 1.1137162736e-02
     vertex 1.0827816042e+01 1.0000000000e+01 -7.0075661464e-18
     vertex 1.0789892730e+01 1.0000000000e+01 -1.3881566392e-16
   endloop
 endfacet
 facet normal  0.0000000000e+00 1.0000000000e+00 0.0000000000e+00
   outer loop
     vertex 1.0789892730e+01 1.0000000000e+01 1.1137162736e-02
     vertex 1.0827816042e+01 1.0000000000e+01 1.9332776318e-02
     vertex 1.0827816042e+01 1.0000000000e+01 -7.0075661464e-18
   endloop
 endfacet
 facet normal  0.0000000000e+00 1.0000000000e+00 0.0000000000e+00
   outer loop
     vertex 1.0827816042e+01 1.0000000000e+01 1.9332776318e-02
     vertex 1.0884479641e+01 1.0000000000e+01 -4.5806454348e-17
     vertex 1.0827816042e+01 1.0000000000e+01 -7.0075661464e-18
   endloop
 endfacet
 facet normal  0.0000000000e+00 1.0000000000e+00 0.0000000000e+00
   outer loop
     vertex 1.0827816042e+01 1.0000000000e+01 1.9332776318e-02
     vertex 1.0884479641e+01 1.0000000000e+01 2.6116997783e-02
     vertex 1.0884479641e+01 1.0000000000e+01 -4.5806454348e-17
   endloop
 endfacet
 facet normal  0.0000000000e+00 1.0000000000e+00 0.0000000000e+00
   outer loop
     vertex 1.0884479641e+01 1.0000000000e+01 2.6116997783e-02
     vertex 1.0963339447e+01 1.0000000000e+01 -1.0151350260e-17
     vertex 1.0884479641e+01 1.0000000000e+01 -4.5806454348e-17
   endloop
 endfacet
 facet normal  0.0000000000e+00 1.0000000000e+00 0.0000000000e+00
   outer loop
     vertex 1.0884479641e+01 1.0000000000e+01 2.6116997783e-02
     vertex 1.0963339447e+01 1.0000000000e+01 3.1717152447e-02
     vertex 1.0963339447e+01 1.0000000000e+01 -1.0151350260e-17
   endloop
 endfacet
 facet normal  0.0000000000e+00 1.0000000000e+00 0.0000000000e+00
   outer loop
     vertex 1.0963339447e+01 1.0000000000e+01 3.1717152447e-02
     vertex 1.1067640090e+01 1.0000000000e+01 -1.8155129682e-17
     vertex 1.0963339447e+01 1.0000000000e+01 -1.0151350260e-17
   endloop
 endfacet
 facet normal  0.0000000000e+00 1.0000000000e+00 0.0000000000e+00
   outer loop
     vertex 1.0963339447e+01 1.0000000000e+01 3.1717152447e-02
     vertex 1.1067640090e+01 1.0000000000e+01 3.5708350830e-02
     vertex 1.1067640090e+01 1.0000000000e+01 -1.8155129682e-17
   endloop
 endfacet
 facet normal  0.0000000000e+00 1.0000000000e+00 0.0000000000e+00
   outer loop
     vertex 1.1067640090e+01 1.0000000000e+01 3.5708350830e-02
     vertex 1.1197998717e+01 1.0000000000e+01 2.2707375604e-19
     vertex 1.1067640090e+01 1.0000000000e+01 -1.8155129682e-17
   endloop
 endfacet
 facet normal  0.0000000000e+00 1.0000000000e+00 0.0000000000e+00
   outer loop
     vertex 1.1067640090e+01 1.0000000000e+01 3.5708350830e-02
     vertex 1.1197998717e+01 1.0000000000e+01 3.7469288212e-02
     vertex 1.1197998717e+01 1.0000000000e+01 2.2707375604e-19
   endloop
 endfacet
 facet normal  0.0000000000e+00 1.0000000000e+00 0.0000000000e+00
   outer loop
     vertex 1.1197998717e+01 1.0000000000e+01 3.7469288212e-02
     vertex 1.1350407119e+01 1.0000000000e+01 -1.3827771565e-17
     vertex 1.1197998717e+01 1.0000000000e+01 2.2707375604e-19
   endloop
 endfacet
 facet normal  0.0000000000e+00 1.0000000000e+00 0.0000000000e+00
   outer loop
     vertex 1.1197998717e+01 1.0000000000e+01 3.7469288212e-02
     vertex 1.1350407119e+01 1.0000000000e+01 3.6592713081e-02
     vertex 1.1350407119e+01 1.0000000000e+01 -1.3827771565e-17
   endloop
 endfacet
 facet normal  0.0000000000e+00 1.0000000000e+00 0.0000000000e+00
   outer loop
     vertex 1.1350407119e+01 1.0000000000e+01 3.6592713081e-02
     vertex 1.1515552556e+01 1.0000000000e+01 1.3877787808e-17
     vertex 1.1350407119e+01 1.0000000000e+01 -1.3827771565e-17
   endloop
 endfacet
 facet normal  0.0000000000e+00 1.0000000000e+00 0.0000000000e+00
   outer loop
     vertex 1.1350407119e+01 1.0000000000e+01 3.6592713081e-02
     vertex 1.1515552556e+01 1.0000000000e+01 3.3216956003e-02
     vertex 1.1515552556e+01 1.0000000000e+01 1.3877787808e-17
   endloop
 endfacet
 facet normal  0.0000000000e+00 1.0000000000e+00 0.0000000000e+00
   outer loop
     vertex 1.1515552556e+01 1.0000000000e+01 3.3216956003e-02
     vertex 1.1680516847e+01 1.0000000000e+01 2.8068965885e-02
     vertex 1.1515552556e+01 1.0000000000e+01 1.3877787808e-17
   endloop
 endfacet
 facet normal  0.0000000000e+00 1.0000000000e+00 0.0000000000e+00
   outer loop
     vertex 1.1515552556e+01 1.0000000000e+01 1.3877787808e-17
     vertex 1.1680516847e+01 1.0000000000e+01 2.8068965885e-02
     vertex 1.1680516847e+01 1.0000000000e+01 2.8820814409e-17
   endloop
 endfacet
 facet normal  0.0000000000e+00 1.0000000000e+00 0.0000000000e+00
   outer loop
     vertex 1.1680516847e+01 1.0000000000e+01 2.8068965885e-02
     vertex 1.1832481165e+01 1.0000000000e+01 2.2152105788e-02
     vertex 1.1680516847e+01 1.0000000000e+01 2.8820814409e-17
   endloop
 endfacet
 facet normal  0.0000000000e+00 1.0000000000e+00 0.0000000000e+00
   outer loop
     vertex 1.1680516847e+01 1.0000000000e+01 2.8820814409e-17
     vertex 1.1832481165e+01 1.0000000000e+01 2.2152105788e-02
     vertex 1.1832481165e+01 1.0000000000e+01 4.1227815024e-17
   endloop
 endfacet
 facet normal  0.0000000000e+00 1.0000000000e+00 0.0000000000e+00
   outer loop
     vertex 1.1832481165e+01 1.0000000000e+01 2.2152105788e-02
     vertex 1.1962381423e+01 1.0000000000e+01 1.6361922877e-02
     vertex 1.1832481165e+01 1.0000000000e+01 4.1227815024e-17
   endloop
 endfacet
 facet normal  0.0000000000e+00 1.0000000000e+00 0.0000000000e+00
   outer loop
     vertex 1.1832481165e+01 1.0000000000e+01 4.1227815024e-17
     vertex 1.1962381423e+01 1.0000000000e+01 1.6361922877e-02
     vertex 1.1962381423e+01 1.0000000000e+01 2.4343664907e-17
   endloop
 endfacet
 facet normal  0.0000000000e+00 1.0000000000e+00 0.0000000000e+00
   outer loop
     vertex 1.1962381423e+01 1.0000000000e+01 1.6361922877e-02
     vertex 1.2066504721e+01 1.0000000000e+01 1.1277817352e-02
     vertex 1.1962381423e+01 1.0000000000e+01 2.4343664907e-17
   endloop
 endfacet
 facet normal  0.0000000000e+00 1.0000000000e+00 0.0000000000e+00
   outer loop
     vertex 1.1962381423e+01 1.0000000000e+01 2.4343664907e-17
     vertex 1.2066504721e+01 1.0000000000e+01 1.1277817352e-02
     vertex 1.2066504721e+01 1.0000000000e+01 3.7651901210e-17
   endloop
 endfacet
 facet normal  0.0000000000e+00 1.0000000000e+00 0.0000000000e+00
   outer loop
     vertex 1.2066504721e+01 1.0000000000e+01 1.1277817352e-02
     vertex 1.2145745178e+01 1.0000000000e+01 7.1495901467e-03
     vertex 1.2066504721e+01 1.0000000000e+01 3.7651901210e-17
   endloop
 endfacet
 facet normal  0.0000000000e+00 1.0000000000e+00 0.0000000000e+00
   outer loop
     vertex 1.2066504721e+01 1.0000000000e+01 3.7651901210e-17
     vertex 1.2145745178e+01 1.0000000000e+01 7.1495901467e-03
     vertex 1.2145745178e+01 1.0000000000e+01 2.3548395292e-16
   endloop
 endfacet
 facet normal  0.0000000000e+00 1.0000000000e+00 0.0000000000e+00
   outer loop
     vertex 1.2145745178e+01 1.0000000000e+01 7.1495901467e-03
     vertex 1.2203699268e+01 1.0000000000e+01 3.9842877529e-03
     vertex 1.2145745178e+01 1.0000000000e+01 2.3548395292e-16
   endloop
 endfacet
 facet normal  0.0000000000e+00 1.0000000000e+00 0.0000000000e+00
   outer loop
     vertex 1.2145745178e+01 1.0000000000e+01 2.3548395292e-16
     vertex 1.2203699268e+01 1.0000000000e+01 3.9842877529e-03
     vertex 1.2203699268e+01 1.0000000000e+01 3.7178772166e-16
   endloop
 endfacet
 facet normal  0.0000000000e+00 1.0000000000e+00 0.0000000000e+00
   outer loop
     vertex 1.2203699268e+01 1.0000000000e+01 3.9842877529e-03
     vertex 1.2244864820e+01 1.0000000000e+01 1.6578343181e-03
     vertex 1.2203699268e+01 1.0000000000e+01 3.7178772166e-16
   endloop
 endfacet
 facet normal  0.0000000000e+00 1.0000000000e+00 0.0000000000e+00
   outer loop
     vertex 1.2203699268e+01 1.0000000000e+01 3.7178772166e-16
     vertex 1.2244864820e+01 1.0000000000e+01 1.6578343181e-03
     vertex 1.2244864820e+01 1.0000000000e+01 2.5757728621e-16
   endloop
 endfacet
 facet normal  0.0000000000e+00 1.0000000000e+00 0.0000000000e+00
   outer loop
     vertex 1.2244864820e+01 1.0000000000e+01 1.6578343181e-03
     vertex 1.2273502692e+01 1.0000000000e+01 0.0000000000e+00
     vertex 1.2244864820e+01 1.0000000000e+01 2.5757728621e-16
   endloop
 endfacet
 facet normal  7.6930901569e-02 3.2876441495e-02 -9.9649424282e-01
   outer loop
     vertex 8.0000000000e+00 0.0000000000e+00 0.0000000000e+00
     vertex 8.8547005384e+00 -2.0000000000e+00 0.0000000000e+00
     vertex 8.8030153350e+00 -2.0000000000e+00 -3.9901778903e-03
   endloop
 endfacet
 facet normal  7.2170143239e-02 3.0965793039e-02 -9.9691152571e-01
   outer loop
     vertex 8.0000000000e+00 0.0000000000e+00 0.0000000000e+00
     vertex 8.8030153350e+00 -2.0000000000e+00 -3.9901778903e-03
     vertex 7.9425529637e+00 0.0000000000e+00 -4.1588052038e-03
   endloop
 endfacet
 facet normal  7.6111047689e-02 3.2661322311e-02 -9.9656427111e-01
   outer loop
     vertex 7.9425529637e+00 0.0000000000e+00 -4.1588052038e-03
     vertex 8.8030153350e+00 -2.0000000000e+00 -3.9901778903e-03
     vertex 8.7287380557e+00 -2.0000000000e+00 -9.6629896812e-03
   endloop
 endfacet
 facet normal  7.1585369303e-02 3.0883390615e-02 -9.9695624332e-01
   outer loop
     vertex 7.9425529637e+00 0.0000000000e+00 -4.1588052038e-03
     vertex 8.7287380557e+00 -2.0000000000e+00 -9.6629896812e-03
     vertex 7.8599977525e+00 0.0000000000e+00 -1.0086593225e-02
   endloop
 endfacet
 facet normal  7.5062556584e-02 3.2393841310e-02 -9.9665252302e-01
   outer loop
     vertex 7.8599977525e+00 0.0000000000e+00 -1.0086593225e-02
     vertex 8.7287380557e+00 -2.0000000000e+00 -9.6629896812e-03
     vertex 8.6242022737e+00 -2.0000000000e+00 -1.7536067677e-02
   endloop
 endfacet
 facet normal  7.0872070577e-02 3.0793978530e-02 -9.9700997011e-01
   outer loop
     vertex 7.8599977525e+00 0.0000000000e+00 -1.0086593225e-02
     vertex 8.6242022737e+00 -2.0000000000e+00 -1.7536067677e-02
     vertex 7.7438165477e+00 0.0000000000e+00 -1.8345289523e-02
   endloop
 endfacet
 facet normal  7.3833892219e-02 3.2097854898e-02 -9.9675387337e-01
   outer loop
     vertex 7.7438165477e+00 0.0000000000e+00 -1.8345289523e-02
     vertex 8.6242022737e+00 -2.0000000000e+00 -1.7536067677e-02
     vertex 8.4813314825e+00 -2.0000000000e+00 -2.8119128234e-02
   endloop
 endfacet
 facet normal  7.0110014490e-02 3.0726172221e-02 -9.9706593975e-01
   outer loop
     vertex 7.7438165477e+00 0.0000000000e+00 -1.8345289523e-02
     vertex 8.4813314825e+00 -2.0000000000e+00 -2.8119128234e-02
     vertex 7.5850381729e+00 0.0000000000e+00 -2.9510001616e-02
   endloop
 endfacet
 facet normal  7.2385580453e-02 3.1746094812e-02 -9.9687136242e-01
   outer loop
     vertex 7.5850381729e+00 0.0000000000e+00 -2.9510001616e-02
     vertex 8.4813314825e+00 -2.0000000000e+00 -2.8119128234e-02
     vertex 8.2936960234e+00 -2.0000000000e+00 -4.1743856691e-02
   endloop
 endfacet
 facet normal  6.9286711064e-02 3.0649632406e-02 -9.9712584547e-01
   outer loop
     vertex 7.5850381729e+00 0.0000000000e+00 -2.9510001616e-02
     vertex 8.2936960234e+00 -2.0000000000e+00 -4.1743856691e-02
     vertex 7.3765246734e+00 0.0000000000e+00 -4.3998859425e-02
   endloop
 endfacet
 facet normal  7.0296428685e-02 3.1112770303e-02 -9.9704082546e-01
   outer loop
     vertex 7.3765246734e+00 0.0000000000e+00 -4.3998859425e-02
     vertex 8.2936960234e+00 -2.0000000000e+00 -4.1743856691e-02
     vertex 8.0597541984e+00 -2.0000000000e+00 -5.8237940378e-02
   endloop
 endfacet
 facet normal  6.7986869305e-02 3.0325103651e-02 -9.9722523719e-01
   outer loop
     vertex 7.3765246734e+00 0.0000000000e+00 -4.3998859425e-02
     vertex 8.0597541984e+00 -2.0000000000e+00 -5.8237940378e-02
     vertex 7.1165724567e+00 0.0000000000e+00 -6.1721372579e-02
   endloop
 endfacet
 facet normal  6.6533802302e-02 2.9639643937e-02 -9.9734384475e-01
   outer loop
     vertex 7.1165724567e+00 0.0000000000e+00 -6.1721372579e-02
     vertex 8.0597541984e+00 -2.0000000000e+00 -5.8237940378e-02
     vertex 7.7862568687e+00 -2.0000000000e+00 -7.6483219939e-02
   endloop
 endfacet
 facet normal  6.5149061714e-02 2.9176749781e-02 -9.9744890447e-01
   outer loop
     vertex 7.1165724567e+00 0.0000000000e+00 -6.1721372579e-02
     vertex 7.7862568687e+00 -2.0000000000e+00 -7.6483219939e-02
     vertex 6.8126918742e+00 0.0000000000e+00 -8.1569541981e-02
   endloop
 endfacet
 facet normal  5.8920526722e-02 2.6143609182e-02 -9.9792027900e-01
   outer loop
     vertex 6.8126918742e+00 0.0000000000e+00 -8.1569541981e-02
     vertex 7.7862568687e+00 -2.0000000000e+00 -7.6483219939e-02
     vertex 7.4895376825e+00 -2.0000000000e+00 -9.4002505904e-02
   endloop
 endfacet
 facet normal  5.8501461500e-02 2.6001964183e-02 -9.9794863438e-01
   outer loop
     vertex 6.8126918742e+00 0.0000000000e+00 -8.1569541981e-02
     vertex 7.4895376825e+00 -2.0000000000e+00 -9.4002505904e-02
     vertex 6.4830339642e+00 0.0000000000e+00 -1.0089465438e-01
   endloop
 endfacet
 facet normal  4.5077487619e-02 1.9243396933e-02 -9.9879813365e-01
   outer loop
     vertex 6.4830339642e+00 0.0000000000e+00 -1.0089465438e-01
     vertex 7.4895376825e+00 -2.0000000000e+00 -9.4002505904e-02
     vertex 6.1531485128e+00 0.0000000000e+00 -1.1578295548e-01
   endloop
 endfacet
 facet normal  4.4606586536e-02 1.8928447606e-02 -9.9882529319e-01
   outer loop
     vertex 7.4895376825e+00 -2.0000000000e+00 -9.4002505904e-02
     vertex 7.1926002340e+00 -2.0000000000e+00 -1.0726344962e-01
     vertex 6.1531485128e+00 0.0000000000e+00 -1.1578295548e-01
   endloop
 endfacet
 facet normal  3.0347696761e-02 1.1514974466e-02 -9.9947307251e-01
   outer loop
     vertex 6.1531485128e+00 0.0000000000e+00 -1.1578295548e-01
     vertex 7.1926002340e+00 -2.0000000000e+00 -1.0726344962e-01
     vertex 5.8487637125e+00 0.0000000000e+00 -1.2502520309e-01
   endloop
 endfacet
 facet normal  2.8252689960e-02 1.0106620448e-02 -9.9954971949e-01
   outer loop
     vertex 7.1926002340e+00 -2.0000000000e+00 -1.0726344962e-01
     vertex 6.9186107135e+00 -2.0000000000e+00 -1.1500787776e-01
     vertex 5.8487637125e+00 0.0000000000e+00 -1.2502520309e-01
   endloop
 endfacet
 facet normal  6.3047489617e-03 -1.6359980317e-03 -9.9997878660e-01
   outer loop
     vertex 5.8487637125e+00 0.0000000000e+00 -1.2502520309e-01
     vertex 6.9186107135e+00 -2.0000000000e+00 -1.1500787776e-01
     vertex 5.5882239960e+00 0.0000000000e+00 -1.2666787545e-01
   endloop
 endfacet
 facet normal  2.6001989170e-03 -4.1002950757e-03 -9.9998821320e-01
   outer loop
     vertex 6.9186107135e+00 -2.0000000000e+00 -1.1500787776e-01
     vertex 6.6841072148e+00 -2.0000000000e+00 -1.1561764069e-01
     vertex 5.5882239960e+00 0.0000000000e+00 -1.2666787545e-01
   endloop
 endfacet
 facet normal  -3.5463598151e-02 -2.4951901641e-02 -9.9905942557e-01
   outer loop
     vertex 5.5882239960e+00 0.0000000000e+00 -1.2666787545e-01
     vertex 6.6841072148e+00 -2.0000000000e+00 -1.1561764069e-01
     vertex 5.3793622128e+00 0.0000000000e+00 -1.1925391171e-01
   endloop
 endfacet
 facet normal  -4.0003761353e-02 -2.7913324982e-02 -9.9880956411e-01
   outer loop
     vertex 6.6841072148e+00 -2.0000000000e+00 -1.1561764069e-01
     vertex 6.4961576596e+00 -2.0000000000e+00 -1.0808999035e-01
     vertex 5.3793622128e+00 0.0000000000e+00 -1.1925391171e-01
   endloop
 endfacet
 facet normal  -1.0066860156e-01 -6.1756013396e-02 -9.9300152440e-01
   outer loop
     vertex 5.3793622128e+00 0.0000000000e+00 -1.1925391171e-01
     vertex 6.4961576596e+00 -2.0000000000e+00 -1.0808999035e-01
     vertex 5.2210456447e+00 0.0000000000e+00 -1.0320407984e-01
   endloop
 endfacet
 facet normal  -1.0507139326e-01 -6.4564590851e-02 -9.9236657336e-01
   outer loop
     vertex 6.4961576596e+00 -2.0000000000e+00 -1.0808999035e-01
     vertex 6.3537324439e+00 -2.0000000000e+00 -9.3010062983e-02
     vertex 5.2210456447e+00 0.0000000000e+00 -1.0320407984e-01
   endloop
 endfacet
 facet normal  -2.0474089269e-01 -1.2090448135e-01 -9.7132037622e-01
   outer loop
     vertex 5.2210456447e+00 0.0000000000e+00 -1.0320407984e-01
     vertex 6.3537324439e+00 -2.0000000000e+00 -9.3010062983e-02
     vertex 5.1071672959e+00 0.0000000000e+00 -7.9200099932e-02
   endloop
 endfacet
 facet normal  -2.0764128676e-01 -1.2271807077e-01 -9.7047687821e-01
   outer loop
     vertex 6.3537324439e+00 -2.0000000000e+00 -9.3010062983e-02
     vertex 6.2512970451e+00 -2.0000000000e+00 -7.1093190473e-02
     vertex 5.1071672959e+00 0.0000000000e+00 -7.9200099932e-02
   endloop
 endfacet
 facet normal  -3.9359643712e-01 -2.2877174044e-01 -8.9036247420e-01
   outer loop
     vertex 5.1071672959e+00 0.0000000000e+00 -7.9200099932e-02
     vertex 6.2512970451e+00 -2.0000000000e+00 -7.1093190473e-02
     vertex 5.0317708184e+00 0.0000000000e+00 -4.5870095849e-02
   endloop
 endfacet
 facet normal  -3.9282232124e-01 -2.2829385619e-01 -8.9082688507e-01
   outer loop
     vertex 6.2512970451e+00 -2.0000000000e+00 -7.1093190473e-02
     vertex 6.1833952007e+00 -2.0000000000e+00 -4.1150941774e-02
     vertex 5.0317708184e+00 0.0000000000e+00 -4.5870095849e-02
   endloop
 endfacet
 facet normal  -7.4264304917e-01 -4.2883662609e-01 -5.1437384230e-01
   outer loop
     vertex 5.0317708184e+00 0.0000000000e+00 -4.5870095849e-02
     vertex 6.1833952007e+00 -2.0000000000e+00 -4.1150941774e-02
     vertex 5.0000000000e+00 0.0000000000e+00 0.0000000000e+00
   endloop
 endfacet
 facet normal  -7.4133804381e-01 -4.2801171915e-01 -5.1693701074e-01
   outer loop
     vertex 6.1833952007e+00 -2.0000000000e+00 -4.1150941774e-02
     vertex 6.1547005384e+00 -2.0000000000e+00 0.0000000000e+00
     vertex 5.0000000000e+00 0.0000000000e+00 0.0000000000e+00
   endloop
 endfacet
 facet normal  -8.0231825297e-01 -4.6321865933e-01 3.7644905976e-01
   outer loop
     vertex 5.0000000000e+00 0.0000000000e+00 0.0000000000e+00
     vertex 6.1547005384e+00 -2.0000000000e+00 0.0000000000e+00
     vertex 6.1762128903e+00 -2.0000000000e+00 4.5848839797e-02
   endloop
 endfacet
 facet normal  -8.0894396114e-01 -4.6757614005e-01 3.5634564820e-01
   outer loop
     vertex 5.0000000000e+00 0.0000000000e+00 0.0000000000e+00
     vertex 6.1762128903e+00 -2.0000000000e+00 4.5848839797e-02
     vertex 5.0227929304e+00 0.0000000000e+00 5.1742468378e-02
   endloop
 endfacet
 facet normal  -5.1930721907e-01 -3.0184565044e-01 7.9950560695e-01
   outer loop
     vertex 5.0227929304e+00 0.0000000000e+00 5.1742468378e-02
     vertex 6.1762128903e+00 -2.0000000000e+00 4.5848839797e-02
     vertex 6.2391192074e+00 -2.0000000000e+00 8.6708721560e-02
   endloop
 endfacet
 facet normal  -5.3405562228e-01 -3.1104856605e-01 7.8615099178e-01
   outer loop
     vertex 5.0227929304e+00 0.0000000000e+00 5.1742468378e-02
     vertex 6.2391192074e+00 -2.0000000000e+00 8.6708721560e-02
     vertex 5.0919449987e+00 0.0000000000e+00 9.8719513791e-02
   endloop
 endfacet
 facet normal  -3.4476954500e-01 -2.0325881109e-01 9.1641683559e-01
   outer loop
     vertex 5.0919449987e+00 0.0000000000e+00 9.8719513791e-02
     vertex 6.2391192074e+00 -2.0000000000e+00 8.6708721560e-02
     vertex 6.3383079924e+00 -2.0000000000e+00 1.2402500705e-01
   endloop
 endfacet
 facet normal  -3.5815206389e-01 -2.1168797890e-01 9.0934883225e-01
   outer loop
     vertex 5.0919449987e+00 0.0000000000e+00 9.8719513791e-02
     vertex 6.3383079924e+00 -2.0000000000e+00 1.2402500705e-01
     vertex 5.2017650802e+00 0.0000000000e+00 1.4197275992e-01
   endloop
 endfacet
 facet normal  -2.3201630326e-01 -1.4048571952e-01 9.6251347919e-01
   outer loop
     vertex 5.2017650802e+00 0.0000000000e+00 1.4197275992e-01
     vertex 6.3383079924e+00 -2.0000000000e+00 1.2402500705e-01
     vertex 6.4792300515e+00 -2.0000000000e+00 1.5799462506e-01
   endloop
 endfacet
 facet normal  -2.4306580708e-01 -1.4757379861e-01 9.5871840881e-01
   outer loop
     vertex 5.2017650802e+00 0.0000000000e+00 1.4197275992e-01
     vertex 6.4792300515e+00 -2.0000000000e+00 1.5799462506e-01
     vertex 5.3582027028e+00 0.0000000000e+00 1.8163470511e-01
   endloop
 endfacet
 facet normal  -1.4471631231e-01 -9.2759578397e-02 9.8511565289e-01
   outer loop
     vertex 5.3582027028e+00 0.0000000000e+00 1.8163470511e-01
     vertex 6.4792300515e+00 -2.0000000000e+00 1.5799462506e-01
     vertex 6.6676412446e+00 -2.0000000000e+00 1.8567276922e-01
   endloop
 endfacet
 facet normal  -1.5306771567e-01 -9.8231025810e-02 9.8332138184e-01
   outer loop
     vertex 5.3582027028e+00 0.0000000000e+00 1.8163470511e-01
     vertex 6.6676412446e+00 -2.0000000000e+00 1.8567276922e-01
     vertex 5.5676415332e+00 0.0000000000e+00 2.1423678612e-01
   endloop
 endfacet
 facet normal  -6.9985461583e-02 -5.2719073202e-02 9.9615397128e-01
   outer loop
     vertex 5.5676415332e+00 0.0000000000e+00 2.1423678612e-01
     vertex 6.6676412446e+00 -2.0000000000e+00 1.8567276922e-01
     vertex 6.9045069899e+00 -2.0000000000e+00 2.0231393013e-01
   endloop
 endfacet
 facet normal  -7.5269096361e-02 -5.6247379754e-02 9.9557561009e-01
   outer loop
     vertex 5.5676415332e+00 0.0000000000e+00 2.1423678612e-01
     vertex 6.9045069899e+00 -2.0000000000e+00 2.0231393013e-01
     vertex 5.8311340580e+00 0.0000000000e+00 2.3415776855e-01
   endloop
 endfacet
 facet normal  -3.7780594540e-03 -1.7946874583e-02 9.9983180383e-01
   outer loop
     vertex 5.8311340580e+00 0.0000000000e+00 2.3415776855e-01
     vertex 6.9045069899e+00 -2.0000000000e+00 2.0231393013e-01
     vertex 7.1820684842e+00 -2.0000000000e+00 2.0336275036e-01
   endloop
 endfacet
 facet normal  -5.6628233947e-03 -1.9219469613e-02 9.9979925206e-01
   outer loop
     vertex 5.8311340580e+00 0.0000000000e+00 2.3415776855e-01
     vertex 7.1820684842e+00 -2.0000000000e+00 2.0336275036e-01
     vertex 6.1399838254e+00 0.0000000000e+00 2.3590708141e-01
   endloop
 endfacet
 facet normal  5.0050993749e-02 9.8277021612e-03 9.9869830995e-01
   outer loop
     vertex 6.1399838254e+00 0.0000000000e+00 2.3590708141e-01
     vertex 7.1820684842e+00 -2.0000000000e+00 2.0336275036e-01
     vertex 7.4827040067e+00 -2.0000000000e+00 1.8829603151e-01
   endloop
 endfacet
 facet normal  5.1185859726e-02 1.0591161024e-02 9.9863298317e-01
   outer loop
     vertex 6.1399838254e+00 0.0000000000e+00 2.3590708141e-01
     vertex 7.4827040067e+00 -2.0000000000e+00 1.8829603151e-01
     vertex 6.4744918694e+00 0.0000000000e+00 2.1876156138e-01
   endloop
 endfacet
 facet normal  8.9766913946e-02 3.0087703257e-02 9.9550822763e-01
   outer loop
     vertex 6.4744918694e+00 0.0000000000e+00 2.1876156138e-01
     vertex 7.4827040067e+00 -2.0000000000e+00 1.8829603151e-01
     vertex 6.8080963889e+00 0.0000000000e+00 1.8867979273e-01
   endloop
 endfacet
 facet normal  8.6752504470e-02 2.9070874390e-02 9.9580564732e-01
   outer loop
     vertex 7.4827040067e+00 -2.0000000000e+00 1.8829603151e-01
     vertex 7.7825804805e+00 -2.0000000000e+00 1.6217142054e-01
     vertex 6.8080963889e+00 0.0000000000e+00 1.8867979273e-01
   endloop
 endfacet
 facet normal  1.1997891503e-01 4.5314042304e-02 9.9174174941e-01
   outer loop
     vertex 6.8080963889e+00 0.0000000000e+00 1.8867979273e-01
     vertex 7.7825804805e+00 -2.0000000000e+00 1.6217142054e-01
     vertex 7.1147583459e+00 0.0000000000e+00 1.5158044817e-01
   endloop
 endfacet
 facet normal  1.1533858646e-01 4.3767867220e-02 9.9236151894e-01
   outer loop
     vertex 7.7825804805e+00 -2.0000000000e+00 1.6217142054e-01
     vertex 8.0583029098e+00 -2.0000000000e+00 1.3012520085e-01
     vertex 7.1147583459e+00 0.0000000000e+00 1.5158044817e-01
   endloop
 endfacet
 facet normal  1.4370105853e-01 5.7195638831e-02 9.8796693501e-01
   outer loop
     vertex 7.1147583459e+00 0.0000000000e+00 1.5158044817e-01
     vertex 8.0583029098e+00 -2.0000000000e+00 1.3012520085e-01
     vertex 7.3763039481e+00 0.0000000000e+00 1.1353830469e-01
   endloop
 endfacet
 facet normal  1.3769234692e-01 5.5154726470e-02 9.8893820522e-01
   outer loop
     vertex 8.0583029098e+00 -2.0000000000e+00 1.3012520085e-01
     vertex 8.2935194431e+00 -2.0000000000e+00 9.7375412903e-02
     vertex 7.3763039481e+00 0.0000000000e+00 1.1353830469e-01
   endloop
 endfacet
 facet normal  1.6227324283e-01 6.6463542906e-02 9.8450494774e-01
   outer loop
     vertex 7.3763039481e+00 0.0000000000e+00 1.1353830469e-01
     vertex 8.2935194431e+00 -2.0000000000e+00 9.7375412903e-02
     vertex 7.5855005150e+00 0.0000000000e+00 7.9057009927e-02
   endloop
 endfacet
 facet normal  1.5516147629e-01 6.3957923614e-02 9.8581656523e-01
   outer loop
     vertex 8.2935194431e+00 -2.0000000000e+00 9.7375412903e-02
     vertex 8.4817013561e+00 -2.0000000000e+00 6.7756734882e-02
     vertex 7.5855005150e+00 0.0000000000e+00 7.9057009927e-02
   endloop
 endfacet
 facet normal  1.7659013771e-01 7.3584335123e-02 9.8153006520e-01
   outer loop
     vertex 7.5855005150e+00 0.0000000000e+00 7.9057009927e-02
     vertex 8.4817013561e+00 -2.0000000000e+00 6.7756734882e-02
     vertex 7.7444074425e+00 0.0000000000e+00 5.0467568601e-02
   endloop
 endfacet
 facet normal  1.6862880568e-01 7.0663361215e-02 9.8314343576e-01
   outer loop
     vertex 8.4817013561e+00 -2.0000000000e+00 6.7756734882e-02
     vertex 8.6246749896e+00 -2.0000000000e+00 4.3233890939e-02
     vertex 7.7444074425e+00 0.0000000000e+00 5.0467568601e-02
   endloop
 endfacet
 facet normal  1.8742404469e-01 7.8950400982e-02 9.7910114986e-01
   outer loop
     vertex 7.7444074425e+00 0.0000000000e+00 5.0467568601e-02
     vertex 8.6246749896e+00 -2.0000000000e+00 4.3233890939e-02
     vertex 7.8604491685e+00 0.0000000000e+00 2.8254327768e-02
   endloop
 endfacet
 facet normal  1.7883156723e-01 7.5681061632e-02 9.8096465149e-01
   outer loop
     vertex 8.6246749896e+00 -2.0000000000e+00 4.3233890939e-02
     vertex 8.7290991885e+00 -2.0000000000e+00 2.4197177315e-02
     vertex 7.8604491685e+00 0.0000000000e+00 2.8254327768e-02
   endloop
 endfacet
 facet normal  1.9540068080e-01 8.2885049031e-02 9.7721473719e-01
   outer loop
     vertex 7.8604491685e+00 0.0000000000e+00 2.8254327768e-02
     vertex 8.7290991885e+00 -2.0000000000e+00 2.4197177315e-02
     vertex 7.9427769996e+00 0.0000000000e+00 1.1792322404e-02
   endloop
 endfacet
 facet normal  1.8635364954e-01 7.9340880033e-02 9.7927388511e-01
   outer loop
     vertex 8.7290991885e+00 -2.0000000000e+00 2.4197177315e-02
     vertex 8.8031945637e+00 -2.0000000000e+00 1.0096991650e-02
     vertex 7.9427769996e+00 0.0000000000e+00 1.1792322404e-02
   endloop
 endfacet
 facet normal  2.0109315478e-01 8.5684874555e-02 9.7581742420e-01
   outer loop
     vertex 7.9427769996e+00 0.0000000000e+00 1.1792322404e-02
     vertex 8.8031945637e+00 -2.0000000000e+00 1.0096991650e-02
     vertex 8.0000000000e+00 0.0000000000e+00 0.0000000000e+00
   endloop
 endfacet
 facet normal  1.9172693099e-01 8.1934555568e-02 9.7802224542e-01
   outer loop
     vertex 8.8031945637e+00 -2.0000000000e+00 1.0096991650e-02
     vertex 8.8547005384e+00 -2.0000000000e+00 0.0000000000e+00
     vertex 8.0000000000e+00 0.0000000000e+00 0.0000000000e+00
   endloop
 endfacet
 facet normal  8.2877141079e-02 3.5417568550e-02 -9.9593020605e-01
   outer loop
     vertex 8.8547005384e+00 -2.0000000000e+00 0.0000000000e+00
     vertex 9.7094010768e+00 -4.0000000000e+00 0.0000000000e+00
     vertex 9.6634777063e+00 -4.0000000000e+00 -3.8215505768e-03
   endloop
 endfacet
 facet normal  7.6930552789e-02 3.3013905247e-02 -9.9648972504e-01
   outer loop
     vertex 8.8547005384e+00 -2.0000000000e+00 0.0000000000e+00
     vertex 9.6634777063e+00 -4.0000000000e+00 -3.8215505768e-03
     vertex 8.8030153350e+00 -2.0000000000e+00 -3.9901778903e-03
   endloop
 endfacet
 facet normal  8.1763640175e-02 3.5093288611e-02 -9.9603371843e-01
   outer loop
     vertex 8.8030153350e+00 -2.0000000000e+00 -3.9901778903e-03
     vertex 9.6634777063e+00 -4.0000000000e+00 -3.8215505768e-03
     vertex 9.5974783588e+00 -4.0000000000e+00 -9.2393861374e-03
   endloop
 endfacet
 facet normal  7.6110579074e-02 3.2849090989e-02 -9.9655813527e-01
   outer loop
     vertex 8.8030153350e+00 -2.0000000000e+00 -3.9901778903e-03
     vertex 9.5974783588e+00 -4.0000000000e+00 -9.2393861374e-03
     vertex 8.7287380557e+00 -2.0000000000e+00 -9.6629896812e-03
   endloop
 endfacet
 facet normal  8.0296466603e-02 3.4667398225e-02 -9.9616798230e-01
   outer loop
     vertex 8.7287380557e+00 -2.0000000000e+00 -9.6629896812e-03
     vertex 9.5974783588e+00 -4.0000000000e+00 -9.2393861374e-03
     vertex 9.5045879997e+00 -4.0000000000e+00 -1.6726845831e-02
   endloop
 endfacet
 facet normal  7.5061958841e-02 3.2638485279e-02 -9.9664458641e-01
   outer loop
     vertex 8.7287380557e+00 -2.0000000000e+00 -9.6629896812e-03
     vertex 9.5045879997e+00 -4.0000000000e+00 -1.6726845831e-02
     vertex 8.6242022737e+00 -2.0000000000e+00 -1.7536067677e-02
   endloop
 endfacet
 facet normal  7.8485001084e-02 3.4145411182e-02 -9.9633036464e-01
   outer loop
     vertex 8.6242022737e+00 -2.0000000000e+00 -1.7536067677e-02
     vertex 9.5045879997e+00 -4.0000000000e+00 -1.6726845831e-02
     vertex 9.3776247920e+00 -4.0000000000e+00 -2.6728254851e-02
   endloop
 endfacet
 facet normal  7.3833184206e-02 3.2394921944e-02 -9.9674431523e-01
   outer loop
     vertex 8.6242022737e+00 -2.0000000000e+00 -1.7536067677e-02
     vertex 9.3776247920e+00 -4.0000000000e+00 -2.6728254851e-02
     vertex 8.4813314825e+00 -2.0000000000e+00 -2.8119128234e-02
   endloop
 endfacet
 facet normal  7.6256089198e-02 3.3480890546e-02 -9.9652598502e-01
   outer loop
     vertex 8.4813314825e+00 -2.0000000000e+00 -2.8119128234e-02
     vertex 9.3776247920e+00 -4.0000000000e+00 -2.6728254851e-02
     vertex 9.2108673733e+00 -4.0000000000e+00 -3.9488853957e-02
   endloop
 endfacet
 facet normal  7.2384829987e-02 3.2070683947e-02 -9.9686102723e-01
   outer loop
     vertex 8.4813314825e+00 -2.0000000000e+00 -2.8119128234e-02
     vertex 9.2108673733e+00 -4.0000000000e+00 -3.9488853957e-02
     vertex 8.2936960234e+00 -2.0000000000e+00 -4.1743856691e-02
   endloop
 endfacet
 facet normal  7.3181180282e-02 3.2435957669e-02 -9.9679106311e-01
   outer loop
     vertex 8.2936960234e+00 -2.0000000000e+00 -4.1743856691e-02
     vertex 9.2108673733e+00 -4.0000000000e+00 -3.9488853957e-02
     vertex 9.0029359401e+00 -4.0000000000e+00 -5.4754508177e-02
   endloop
 endfacet
 facet normal  7.0295765373e-02 3.1414295537e-02 -9.9703141746e-01
   outer loop
     vertex 8.2936960234e+00 -2.0000000000e+00 -4.1743856691e-02
     vertex 9.0029359401e+00 -4.0000000000e+00 -5.4754508177e-02
     vertex 8.0597541984e+00 -2.0000000000e+00 -5.8237940378e-02
   endloop
 endfacet
 facet normal  6.8263551336e-02 3.0455624220e-02 -9.9720235786e-01
   outer loop
     vertex 8.0597541984e+00 -2.0000000000e+00 -5.8237940378e-02
     vertex 9.0029359401e+00 -4.0000000000e+00 -5.4754508177e-02
     vertex 8.7598218632e+00 -4.0000000000e+00 -7.1396897897e-02
   endloop
 endfacet
 facet normal  6.6533383850e-02 2.9850896704e-02 -9.9733757214e-01
   outer loop
     vertex 8.0597541984e+00 -2.0000000000e+00 -5.8237940378e-02
     vertex 8.7598218632e+00 -4.0000000000e+00 -7.1396897897e-02
     vertex 7.7862568687e+00 -2.0000000000e+00 -7.6483219939e-02
   endloop
 endfacet
 facet normal  5.9444078623e-02 2.6398561119e-02 -9.9788251688e-01
   outer loop
     vertex 7.7862568687e+00 -2.0000000000e+00 -7.6483219939e-02
     vertex 8.7598218632e+00 -4.0000000000e+00 -7.1396897897e-02
     vertex 8.4960414008e+00 -4.0000000000e+00 -8.7110357429e-02
   endloop
 endfacet
 facet normal  5.8920419757e-02 2.6212909663e-02 -9.9791846736e-01
   outer loop
     vertex 7.7862568687e+00 -2.0000000000e+00 -7.6483219939e-02
     vertex 8.4960414008e+00 -4.0000000000e+00 -8.7110357429e-02
     vertex 7.4895376825e+00 -2.0000000000e+00 -9.4002505904e-02
   endloop
 endfacet
 facet normal  4.4606520650e-02 1.9006293421e-02 -9.9882381786e-01
   outer loop
     vertex 7.4895376825e+00 -2.0000000000e+00 -9.4002505904e-02
     vertex 8.4960414008e+00 -4.0000000000e+00 -8.7110357429e-02
     vertex 7.1926002340e+00 -2.0000000000e+00 -1.0726344962e-01
   endloop
 endfacet
 facet normal  4.4018013441e-02 1.8622415216e-02 -9.9885715703e-01
   outer loop
     vertex 8.4960414008e+00 -4.0000000000e+00 -8.7110357429e-02
     vertex 8.2320519553e+00 -4.0000000000e+00 -9.8743943753e-02
     vertex 7.1926002340e+00 -2.0000000000e+00 -1.0726344962e-01
   endloop
 endfacet
 facet normal  2.8252597378e-02 1.0425784592e-02 -9.9954644402e-01
   outer loop
     vertex 7.1926002340e+00 -2.0000000000e+00 -1.0726344962e-01
     vertex 8.2320519553e+00 -4.0000000000e+00 -9.8743943753e-02
     vertex 6.9186107135e+00 -2.0000000000e+00 -1.1500787776e-01
   endloop
 endfacet
 facet normal  2.5634100320e-02 8.7054557493e-03 -9.9963348680e-01
   outer loop
     vertex 8.2320519553e+00 -4.0000000000e+00 -9.8743943753e-02
     vertex 7.9884577145e+00 -4.0000000000e+00 -1.0499055242e-01
     vertex 6.9186107135e+00 -2.0000000000e+00 -1.1500787776e-01
   endloop
 endfacet
 facet normal  2.6002037595e-03 -3.6177028614e-03 -9.9999007553e-01
   outer loop
     vertex 6.9186107135e+00 -2.0000000000e+00 -1.1500787776e-01
     vertex 7.9884577145e+00 -4.0000000000e+00 -1.0499055242e-01
     vertex 6.6841072148e+00 -2.0000000000e+00 -1.1561764069e-01
   endloop
 endfacet
 facet normal  -2.0297492226e-03 -6.6371683550e-03 -9.9997591377e-01
   outer loop
     vertex 7.9884577145e+00 -4.0000000000e+00 -1.0499055242e-01
     vertex 7.7799904336e+00 -4.0000000000e+00 -1.0456740593e-01
     vertex 6.6841072148e+00 -2.0000000000e+00 -1.1561764069e-01
   endloop
 endfacet
 facet normal  -4.0004287319e-02 -2.7438626215e-02 -9.9882269637e-01
   outer loop
     vertex 6.6841072148e+00 -2.0000000000e+00 -1.1561764069e-01
     vertex 7.7799904336e+00 -4.0000000000e+00 -1.0456740593e-01
     vertex 6.4961576596e+00 -2.0000000000e+00 -1.0808999035e-01
   endloop
 endfacet
 facet normal  -4.5676415883e-02 -3.1079042066e-02 -9.9847271279e-01
   outer loop
     vertex 7.7799904336e+00 -4.0000000000e+00 -1.0456740593e-01
     vertex 7.6129531064e+00 -4.0000000000e+00 -9.6926068987e-02
     vertex 6.4961576596e+00 -2.0000000000e+00 -1.0808999035e-01
   endloop
 endfacet
 facet normal  -1.0507378565e-01 -6.4212440014e-02 -9.9238916868e-01
   outer loop
     vertex 6.4961576596e+00 -2.0000000000e+00 -1.0808999035e-01
     vertex 7.6129531064e+00 -4.0000000000e+00 -9.6926068987e-02
     vertex 6.3537324439e+00 -2.0000000000e+00 -9.3010062983e-02
   endloop
 endfacet
 facet normal  -1.1057083728e-01 -6.7675061122e-02 -9.9156148374e-01
   outer loop
     vertex 7.6129531064e+00 -4.0000000000e+00 -9.6926068987e-02
     vertex 7.4864192431e+00 -4.0000000000e+00 -8.2816046129e-02
     vertex 6.3537324439e+00 -2.0000000000e+00 -9.3010062983e-02
   endloop
 endfacet
 facet normal  -2.0764574982e-01 -1.2254543502e-01 -9.7049773773e-01
   outer loop
     vertex 6.3537324439e+00 -2.0000000000e+00 -9.3010062983e-02
     vertex 7.4864192431e+00 -4.0000000000e+00 -8.2816046129e-02
     vertex 6.2512970451e+00 -2.0000000000e+00 -7.1093190473e-02
   endloop
 endfacet
 facet normal  -2.1126559850e-01 -1.2478716975e-01 -9.6943024976e-01
   outer loop
     vertex 7.4864192431e+00 -4.0000000000e+00 -8.2816046129e-02
     vertex 7.3954267944e+00 -4.0000000000e+00 -6.2986281014e-02
     vertex 6.2512970451e+00 -2.0000000000e+00 -7.1093190473e-02
   endloop
 endfacet
 facet normal  -3.9281900987e-01 -2.2832885365e-01 -8.9081937567e-01
   outer loop
     vertex 6.2512970451e+00 -2.0000000000e+00 -7.1093190473e-02
     vertex 7.3954267944e+00 -4.0000000000e+00 -6.2986281014e-02
     vertex 6.1833952007e+00 -2.0000000000e+00 -4.1150941774e-02
   endloop
 endfacet
 facet normal  -3.9185070444e-01 -2.2773573374e-01 -8.9139747644e-01
   outer loop
     vertex 7.3954267944e+00 -4.0000000000e+00 -6.2986281014e-02
     vertex 7.3350195830e+00 -4.0000000000e+00 -3.6431787698e-02
     vertex 6.1833952007e+00 -2.0000000000e+00 -4.1150941774e-02
   endloop
 endfacet
 facet normal  -7.4131281192e-01 -4.2807666575e-01 -5.1691941647e-01
   outer loop
     vertex 6.1833952007e+00 -2.0000000000e+00 -4.1150941774e-02
     vertex 7.3350195830e+00 -4.0000000000e+00 -3.6431787698e-02
     vertex 6.1547005384e+00 -2.0000000000e+00 0.0000000000e+00
   endloop
 endfacet
 facet normal  -7.3966379606e-01 -4.2704509177e-01 -5.2012494499e-01
   outer loop
     vertex 7.3350195830e+00 -4.0000000000e+00 -3.6431787698e-02
     vertex 7.3094010768e+00 -4.0000000000e+00 0.0000000000e+00
     vertex 6.1547005384e+00 -2.0000000000e+00 0.0000000000e+00
   endloop
 endfacet
 facet normal  -7.9311765195e-01 -4.5790668985e-01 4.0160410053e-01
   outer loop
     vertex 6.1547005384e+00 -2.0000000000e+00 0.0000000000e+00
     vertex 7.3094010768e+00 -4.0000000000e+00 0.0000000000e+00
     vertex 7.3296328502e+00 -4.0000000000e+00 3.9955211215e-02
   endloop
 endfacet
 facet normal  -8.0209684471e-01 -4.6368627457e-01 3.7634517464e-01
   outer loop
     vertex 6.1547005384e+00 -2.0000000000e+00 0.0000000000e+00
     vertex 7.3296328502e+00 -4.0000000000e+00 3.9955211215e-02
     vertex 6.1762128903e+00 -2.0000000000e+00 4.5848839797e-02
   endloop
 endfacet
 facet normal  -5.0013315891e-01 -2.9083534716e-01 8.1564797811e-01
   outer loop
     vertex 6.1762128903e+00 -2.0000000000e+00 4.5848839797e-02
     vertex 7.3296328502e+00 -4.0000000000e+00 3.9955211215e-02
     vertex 7.3862934161e+00 -4.0000000000e+00 7.4697929329e-02
   endloop
 endfacet
 facet normal  -5.1917798800e-01 -3.0259395182e-01 7.9930664773e-01
   outer loop
     vertex 6.1762128903e+00 -2.0000000000e+00 4.5848839797e-02
     vertex 7.3862934161e+00 -4.0000000000e+00 7.4697929329e-02
     vertex 6.2391192074e+00 -2.0000000000e+00 8.6708721560e-02
   endloop
 endfacet
 facet normal  -3.2767831836e-01 -1.9350561257e-01 9.2476077857e-01
   outer loop
     vertex 6.2391192074e+00 -2.0000000000e+00 8.6708721560e-02
     vertex 7.3862934161e+00 -4.0000000000e+00 7.4697929329e-02
     vertex 7.4748509045e+00 -4.0000000000e+00 1.0607725418e-01
   endloop
 endfacet
 facet normal  -3.4470721890e-01 -2.0410959798e-01 9.1625116930e-01
   outer loop
     vertex 6.2391192074e+00 -2.0000000000e+00 8.6708721560e-02
     vertex 7.4748509045e+00 -4.0000000000e+00 1.0607725418e-01
     vertex 6.3383079924e+00 -2.0000000000e+00 1.2402500705e-01
   endloop
 endfacet
 facet normal  -2.1802102363e-01 -1.3257194666e-01 9.6689788096e-01
   outer loop
     vertex 6.3383079924e+00 -2.0000000000e+00 1.2402500705e-01
     vertex 7.4748509045e+00 -4.0000000000e+00 1.0607725418e-01
     vertex 7.6002574003e+00 -4.0000000000e+00 1.3435454502e-01
   endloop
 endfacet
 facet normal  -2.3198558271e-01 -1.4140653283e-01 9.6238603579e-01
   outer loop
     vertex 6.3383079924e+00 -2.0000000000e+00 1.2402500705e-01
     vertex 7.6002574003e+00 -4.0000000000e+00 1.3435454502e-01
     vertex 6.4792300515e+00 -2.0000000000e+00 1.5799462506e-01
   endloop
 endfacet
 facet normal  -1.3419219546e-01 -8.6884583745e-02 9.8713906000e-01
   outer loop
     vertex 6.4792300515e+00 -2.0000000000e+00 1.5799462506e-01
     vertex 7.6002574003e+00 -4.0000000000e+00 1.3435454502e-01
     vertex 7.7676409560e+00 -4.0000000000e+00 1.5710875233e-01
   endloop
 endfacet
 facet normal  -1.4470412225e-01 -9.3655491305e-02 9.8503267253e-01
   outer loop
     vertex 6.4792300515e+00 -2.0000000000e+00 1.5799462506e-01
     vertex 7.7676409560e+00 -4.0000000000e+00 1.5710875233e-01
     vertex 6.6676412446e+00 -2.0000000000e+00 1.8567276922e-01
   endloop
 endfacet
 facet normal  -6.3348718379e-02 -4.9077863190e-02 9.9678398022e-01
   outer loop
     vertex 6.6676412446e+00 -2.0000000000e+00 1.8567276922e-01
     vertex 7.7676409560e+00 -4.0000000000e+00 1.5710875233e-01
     vertex 7.9778799218e+00 -4.0000000000e+00 1.7047009170e-01
   endloop
 endfacet
 facet normal  -6.9982854931e-02 -5.3418943402e-02 9.9611686890e-01
   outer loop
     vertex 6.6676412446e+00 -2.0000000000e+00 1.8567276922e-01
     vertex 7.9778799218e+00 -4.0000000000e+00 1.7047009170e-01
     vertex 6.9045069899e+00 -2.0000000000e+00 2.0231393013e-01
   endloop
 endfacet
 facet normal  -1.4141968376e-03 -1.6678668874e-02 9.9985990121e-01
   outer loop
     vertex 6.9045069899e+00 -2.0000000000e+00 2.0231393013e-01
     vertex 7.9778799218e+00 -4.0000000000e+00 1.7047009170e-01
     vertex 8.2241531429e+00 -4.0000000000e+00 1.7081841931e-01
   endloop
 endfacet
 facet normal  -3.7780395574e-03 -1.8237861460e-02 9.9982653837e-01
   outer loop
     vertex 6.9045069899e+00 -2.0000000000e+00 2.0231393013e-01
     vertex 8.2241531429e+00 -4.0000000000e+00 1.7081841931e-01
     vertex 7.1820684842e+00 -2.0000000000e+00 2.0336275036e-01
   endloop
 endfacet
 facet normal  4.8627493706e-02 9.0847396046e-03 9.9877566769e-01
   outer loop
     vertex 7.1820684842e+00 -2.0000000000e+00 2.0336275036e-01
     vertex 8.2241531429e+00 -4.0000000000e+00 1.7081841931e-01
     vertex 8.4909161439e+00 -4.0000000000e+00 1.5783050163e-01
   endloop
 endfacet
 facet normal  5.0050899202e-02 1.0018054167e-02 9.9869642338e-01
   outer loop
     vertex 7.1820684842e+00 -2.0000000000e+00 2.0336275036e-01
     vertex 8.4909161439e+00 -4.0000000000e+00 1.5783050163e-01
     vertex 7.4827040067e+00 -2.0000000000e+00 1.8829603151e-01
   endloop
 endfacet
 facet normal  8.6753772690e-02 2.8564008189e-02 9.9582020484e-01
   outer loop
     vertex 7.4827040067e+00 -2.0000000000e+00 1.8829603151e-01
     vertex 8.4909161439e+00 -4.0000000000e+00 1.5783050163e-01
     vertex 7.7825804805e+00 -2.0000000000e+00 1.6217142054e-01
   endloop
 endfacet
 facet normal  8.2971646955e-02 2.7223720016e-02 9.9617999120e-01
   outer loop
     vertex 8.4909161439e+00 -4.0000000000e+00 1.5783050163e-01
     vertex 8.7570645721e+00 -4.0000000000e+00 1.3566304834e-01
     vertex 7.7825804805e+00 -2.0000000000e+00 1.6217142054e-01
   endloop
 endfacet
 facet normal  1.1534220629e-01 4.3046215516e-02 9.9239266361e-01
   outer loop
     vertex 7.7825804805e+00 -2.0000000000e+00 1.6217142054e-01
     vertex 8.7570645721e+00 -4.0000000000e+00 1.3566304834e-01
     vertex 8.0583029098e+00 -2.0000000000e+00 1.3012520085e-01
   endloop
 endfacet
 facet normal  1.0951696360e-01 4.1013052385e-02 9.9313844162e-01
   outer loop
     vertex 8.7570645721e+00 -4.0000000000e+00 1.3566304834e-01
     vertex 9.0018474736e+00 -4.0000000000e+00 1.0866995353e-01
     vertex 8.0583029098e+00 -2.0000000000e+00 1.3012520085e-01
   endloop
 endfacet
 facet normal  1.3769841057e-01 5.4352869293e-02 9.8898175581e-01
   outer loop
     vertex 8.0583029098e+00 -2.0000000000e+00 1.3012520085e-01
     vertex 9.0018474736e+00 -4.0000000000e+00 1.0866995353e-01
     vertex 8.2935194431e+00 -2.0000000000e+00 9.7375412903e-02
   endloop
 endfacet
 facet normal  1.3015079474e-01 5.1686350707e-02 9.9014609618e-01
   outer loop
     vertex 9.0018474736e+00 -4.0000000000e+00 1.0866995353e-01
     vertex 9.2107349381e+00 -4.0000000000e+00 8.1212521116e-02
     vertex 8.2935194431e+00 -2.0000000000e+00 9.7375412903e-02
   endloop
 endfacet
 facet normal  1.5516903778e-01 6.3194511417e-02 9.8586460705e-01
   outer loop
     vertex 8.2935194431e+00 -2.0000000000e+00 9.7375412903e-02
     vertex 9.2107349381e+00 -4.0000000000e+00 8.1212521116e-02
     vertex 8.4817013561e+00 -2.0000000000e+00 6.7756734882e-02
   endloop
 endfacet
 facet normal  1.4623043334e-01 5.9946788973e-02 9.8743255104e-01
   outer loop
     vertex 9.2107349381e+00 -4.0000000000e+00 8.1212521116e-02
     vertex 9.3779021973e+00 -4.0000000000e+00 5.6456459838e-02
     vertex 8.4817013561e+00 -2.0000000000e+00 6.7756734882e-02
   endloop
 endfacet
 facet normal  1.6863658224e-01 7.0010971636e-02 9.8318877484e-01
   outer loop
     vertex 8.4817013561e+00 -2.0000000000e+00 6.7756734882e-02
     vertex 9.3779021973e+00 -4.0000000000e+00 5.6456459838e-02
     vertex 8.6246749896e+00 -2.0000000000e+00 4.3233890939e-02
   endloop
 endfacet
 facet normal  1.5862462531e-01 6.6253057872e-02 9.8511357750e-01
   outer loop
     vertex 9.3779021973e+00 -4.0000000000e+00 5.6456459838e-02
     vertex 9.5049425366e+00 -4.0000000000e+00 3.6000213278e-02
     vertex 8.6246749896e+00 -2.0000000000e+00 4.3233890939e-02
   endloop
 endfacet
 facet normal  1.7883857102e-01 7.5164765117e-02 9.8100307013e-01
   outer loop
     vertex 8.6246749896e+00 -2.0000000000e+00 4.3233890939e-02
     vertex 9.5049425366e+00 -4.0000000000e+00 3.6000213278e-02
     vertex 8.7290991885e+00 -2.0000000000e+00 2.4197177315e-02
   endloop
 endfacet
 facet normal  1.6802782874e-01 7.0984146126e-02 9.8322321971e-01
   outer loop
     vertex 9.5049425366e+00 -4.0000000000e+00 3.6000213278e-02
     vertex 9.5977492084e+00 -4.0000000000e+00 2.0140026863e-02
     vertex 8.7290991885e+00 -2.0000000000e+00 2.4197177315e-02
   endloop
 endfacet
 facet normal  1.8635939255e-01 7.8953953062e-02 9.7930406417e-01
   outer loop
     vertex 8.7290991885e+00 -2.0000000000e+00 2.4197177315e-02
     vertex 9.5977492084e+00 -4.0000000000e+00 2.0140026863e-02
     vertex 8.8031945637e+00 -2.0000000000e+00 1.0096991650e-02
   endloop
 endfacet
 facet normal  1.7497250216e-01 7.4442507301e-02 9.8175502881e-01
   outer loop
     vertex 9.5977492084e+00 -4.0000000000e+00 2.0140026863e-02
     vertex 9.6636121279e+00 -4.0000000000e+00 8.4016608967e-03
     vertex 8.8031945637e+00 -2.0000000000e+00 1.0096991650e-02
   endloop
 endfacet
 facet normal  1.9173133753e-01 8.1655450551e-02 9.7804472372e-01
   outer loop
     vertex 8.8031945637e+00 -2.0000000000e+00 1.0096991650e-02
     vertex 9.6636121279e+00 -4.0000000000e+00 8.4016608967e-03
     vertex 8.8547005384e+00 -2.0000000000e+00 0.0000000000e+00
   endloop
 endfacet
 facet normal  1.7993938625e-01 7.6897145152e-02 9.8066744942e-01
   outer loop
     vertex 9.6636121279e+00 -4.0000000000e+00 8.4016608967e-03
     vertex 9.7094010768e+00 -4.0000000000e+00 0.0000000000e+00
     vertex 8.8547005384e+00 -2.0000000000e+00 0.0000000000e+00
   endloop
 endfacet
 facet normal  9.0514053261e-02 3.8681205026e-02 -9.9514369341e-01
   outer loop
     vertex 9.7094010768e+00 -4.0000000000e+00 0.0000000000e+00
     vertex 1.0564101615e+01 -6.0000000000e+00 0.0000000000e+00
     vertex 1.0523940078e+01 -6.0000000000e+00 -3.6529232633e-03
   endloop
 endfacet
 facet normal  8.2876685729e-02 3.5572164708e-02 -9.9592473413e-01
   outer loop
     vertex 9.7094010768e+00 -4.0000000000e+00 0.0000000000e+00
     vertex 1.0523940078e+01 -6.0000000000e+00 -3.6529232633e-03
     vertex 9.6634777063e+00 -4.0000000000e+00 -3.8215505768e-03
   endloop
 endfacet
 facet normal  8.9023692686e-02 3.8216851805e-02 -9.9529606368e-01
   outer loop
     vertex 9.6634777063e+00 -4.0000000000e+00 -3.8215505768e-03
     vertex 1.0523940078e+01 -6.0000000000e+00 -3.6529232633e-03
     vertex 1.0466218662e+01 -6.0000000000e+00 -8.8157825935e-03
   endloop
 endfacet
 facet normal  8.1763031673e-02 3.5304460324e-02 -9.9602630574e-01
   outer loop
     vertex 9.6634777063e+00 -4.0000000000e+00 -3.8215505768e-03
     vertex 1.0466218662e+01 -6.0000000000e+00 -8.8157825935e-03
     vertex 9.5974783588e+00 -4.0000000000e+00 -9.2393861374e-03
   endloop
 endfacet
 facet normal  8.7019131678e-02 3.7587665328e-02 -9.9549728183e-01
   outer loop
     vertex 9.5974783588e+00 -4.0000000000e+00 -9.2393861374e-03
     vertex 1.0466218662e+01 -6.0000000000e+00 -8.8157825935e-03
     vertex 1.0384973726e+01 -6.0000000000e+00 -1.5917623985e-02
   endloop
 endfacet
 facet normal  8.0295696742e-02 3.4942536054e-02 -9.9615843130e-01
   outer loop
     vertex 9.5974783588e+00 -4.0000000000e+00 -9.2393861374e-03
     vertex 1.0384973726e+01 -6.0000000000e+00 -1.5917623985e-02
     vertex 9.5045879997e+00 -4.0000000000e+00 -1.6726845831e-02
   endloop
 endfacet
 facet normal  8.4459522446e-02 3.6775588463e-02 -9.9574803297e-01
   outer loop
     vertex 9.5045879997e+00 -4.0000000000e+00 -1.6726845831e-02
     vertex 1.0384973726e+01 -6.0000000000e+00 -1.5917623985e-02
     vertex 1.0273918102e+01 -6.0000000000e+00 -2.5337381469e-02
   endloop
 endfacet
 facet normal  7.8484100296e-02 3.4479510260e-02 -9.9631892955e-01
   outer loop
     vertex 9.5045879997e+00 -4.0000000000e+00 -1.6726845831e-02
     vertex 1.0273918102e+01 -6.0000000000e+00 -2.5337381469e-02
     vertex 9.3776247920e+00 -4.0000000000e+00 -2.6728254851e-02
   endloop
 endfacet
 facet normal  8.1228379139e-02 3.5709532765e-02 -9.9605561074e-01
   outer loop
     vertex 9.3776247920e+00 -4.0000000000e+00 -2.6728254851e-02
     vertex 1.0273918102e+01 -6.0000000000e+00 -2.5337381469e-02
     vertex 1.0128038723e+01 -6.0000000000e+00 -3.7233851223e-02
   endloop
 endfacet
 facet normal  7.6255151020e-02 3.3845949314e-02 -9.9651372477e-01
   outer loop
     vertex 9.3776247920e+00 -4.0000000000e+00 -2.6728254851e-02
     vertex 1.0128038723e+01 -6.0000000000e+00 -3.7233851223e-02
     vertex 9.2108673733e+00 -4.0000000000e+00 -3.9488853957e-02
   endloop
 endfacet
 facet normal  7.6887565983e-02 3.4136031705e-02 -9.9645523409e-01
   outer loop
     vertex 9.2108673733e+00 -4.0000000000e+00 -3.9488853957e-02
     vertex 1.0128038723e+01 -6.0000000000e+00 -3.7233851223e-02
     vertex 9.9461176818e+00 -6.0000000000e+00 -5.1271075977e-02
   endloop
 endfacet
 facet normal  7.3180370226e-02 3.2775086698e-02 -9.9678002945e-01
   outer loop
     vertex 9.2108673733e+00 -4.0000000000e+00 -3.9488853957e-02
     vertex 9.9461176818e+00 -6.0000000000e+00 -5.1271075977e-02
     vertex 9.0029359401e+00 -4.0000000000e+00 -5.4754508177e-02
   endloop
 endfacet
 facet normal  7.0486301087e-02 3.1504178810e-02 -9.9701512931e-01
   outer loop
     vertex 9.0029359401e+00 -4.0000000000e+00 -5.4754508177e-02
     vertex 9.9461176818e+00 -6.0000000000e+00 -5.1271075977e-02
     vertex 9.7333868578e+00 -6.0000000000e+00 -6.6310575855e-02
   endloop
 endfacet
 facet normal  6.8263054957e-02 3.0693232637e-02 -9.9719510669e-01
   outer loop
     vertex 9.0029359401e+00 -4.0000000000e+00 -5.4754508177e-02
     vertex 9.7333868578e+00 -6.0000000000e+00 -6.6310575855e-02
     vertex 8.7598218632e+00 -4.0000000000e+00 -7.1396897897e-02
   endloop
 endfacet
 facet normal  6.0116953126e-02 2.6726229350e-02 -9.9783348341e-01
   outer loop
     vertex 8.7598218632e+00 -4.0000000000e+00 -7.1396897897e-02
     vertex 9.7333868578e+00 -6.0000000000e+00 -6.6310575855e-02
     vertex 9.5025451191e+00 -6.0000000000e+00 -8.0218208955e-02
   endloop
 endfacet
 facet normal  5.9443956035e-02 2.6476511248e-02 -9.9788045899e-01
   outer loop
     vertex 8.7598218632e+00 -4.0000000000e+00 -7.1396897897e-02
     vertex 9.5025451191e+00 -6.0000000000e+00 -8.0218208955e-02
     vertex 8.4960414008e+00 -4.0000000000e+00 -8.7110357429e-02
   endloop
 endfacet
 facet normal  4.4017941468e-02 1.8709980592e-02 -9.9885552381e-01
   outer loop
     vertex 8.4960414008e+00 -4.0000000000e+00 -8.7110357429e-02
     vertex 9.5025451191e+00 -6.0000000000e+00 -8.0218208955e-02
     vertex 8.2320519553e+00 -4.0000000000e+00 -9.8743943753e-02
   endloop
 endfacet
 facet normal  4.3261488519e-02 1.8229057948e-02 -9.9889746474e-01
   outer loop
     vertex 9.5025451191e+00 -6.0000000000e+00 -8.0218208955e-02
     vertex 9.2715036765e+00 -6.0000000000e+00 -9.0224437890e-02
     vertex 8.2320519553e+00 -4.0000000000e+00 -9.8743943753e-02
   endloop
 endfacet
 facet normal  2.5634018542e-02 9.0644842566e-03 -9.9963029777e-01
   outer loop
     vertex 8.2320519553e+00 -4.0000000000e+00 -9.8743943753e-02
     vertex 9.2715036765e+00 -6.0000000000e+00 -9.0224437890e-02
     vertex 7.9884577145e+00 -4.0000000000e+00 -1.0499055242e-01
   endloop
 endfacet
 facet normal  2.2267924973e-02 6.9043350736e-03 -9.9972819790e-01
   outer loop
     vertex 9.2715036765e+00 -6.0000000000e+00 -9.0224437890e-02
     vertex 9.0583047154e+00 -6.0000000000e+00 -9.4973227091e-02
     vertex 7.9884577145e+00 -4.0000000000e+00 -1.0499055242e-01
   endloop
 endfacet
 facet normal  -2.0297562369e-03 -6.0943236466e-03 -9.9997936944e-01
   outer loop
     vertex 7.9884577145e+00 -4.0000000000e+00 -1.0499055242e-01
     vertex 9.0583047154e+00 -6.0000000000e+00 -9.4973227091e-02
     vertex 7.7799904336e+00 -4.0000000000e+00 -1.0456740593e-01
   endloop
 endfacet
 facet normal  -7.9807583113e-03 -9.8976603293e-03 -9.9991916864e-01
   outer loop
     vertex 9.0583047154e+00 -6.0000000000e+00 -9.4973227091e-02
     vertex 8.8758736525e+00 -6.0000000000e+00 -9.3517171175e-02
     vertex 7.7799904336e+00 -4.0000000000e+00 -1.0456740593e-01
   endloop
 endfacet
 facet normal  -4.5677167939e-02 -3.0545190683e-02 -9.9848915250e-01
   outer loop
     vertex 7.7799904336e+00 -4.0000000000e+00 -1.0456740593e-01
     vertex 8.8758736525e+00 -6.0000000000e+00 -9.3517171175e-02
     vertex 7.6129531064e+00 -4.0000000000e+00 -9.6926068987e-02
   endloop
 endfacet
 facet normal  -5.2963803850e-02 -3.5145540157e-02 -9.9797776853e-01
   outer loop
     vertex 8.8758736525e+00 -6.0000000000e+00 -9.3517171175e-02
     vertex 8.7297485531e+00 -6.0000000000e+00 -8.5762147623e-02
     vertex 7.6129531064e+00 -4.0000000000e+00 -9.6926068987e-02
   endloop
 endfacet
 facet normal  -1.1057380460e-01 -6.7279166506e-02 -9.9158809366e-01
   outer loop
     vertex 7.6129531064e+00 -4.0000000000e+00 -9.6926068987e-02
     vertex 8.7297485531e+00 -6.0000000000e+00 -8.5762147623e-02
     vertex 7.4864192431e+00 -4.0000000000e+00 -8.2816046129e-02
   endloop
 endfacet
 facet normal  -1.1762990170e-01 -7.1667342524e-02 -9.9046807028e-01
   outer loop
     vertex 8.7297485531e+00 -6.0000000000e+00 -8.5762147623e-02
     vertex 8.6191060424e+00 -6.0000000000e+00 -7.2622029275e-02
     vertex 7.4864192431e+00 -4.0000000000e+00 -8.2816046129e-02
   endloop
 endfacet
 facet normal  -2.1127079074e-01 -1.2459313346e-01 -9.6945407528e-01
   outer loop
     vertex 7.4864192431e+00 -4.0000000000e+00 -8.2816046129e-02
     vertex 8.6191060424e+00 -6.0000000000e+00 -7.2622029275e-02
     vertex 7.3954267944e+00 -4.0000000000e+00 -6.2986281014e-02
   endloop
 endfacet
 facet normal  -2.1591523923e-01 -1.2744150978e-01 -9.6805953900e-01
   outer loop
     vertex 8.6191060424e+00 -6.0000000000e+00 -7.2622029275e-02
     vertex 8.5395565436e+00 -6.0000000000e+00 -5.4879371554e-02
     vertex 7.3954267944e+00 -4.0000000000e+00 -6.2986281014e-02
   endloop
 endfacet
 facet normal  -3.9184699811e-01 -2.2777510899e-01 -8.9138904514e-01
   outer loop
     vertex 7.3954267944e+00 -4.0000000000e+00 -6.2986281014e-02
     vertex 8.5395565436e+00 -6.0000000000e+00 -5.4879371554e-02
     vertex 7.3350195830e+00 -4.0000000000e+00 -3.6431787698e-02
   endloop
 endfacet
 facet normal  -3.9060111264e-01 -2.2701792895e-01 -8.9212870750e-01
   outer loop
     vertex 8.5395565436e+00 -6.0000000000e+00 -5.4879371554e-02
     vertex 8.4866439653e+00 -6.0000000000e+00 -3.1712633622e-02
     vertex 7.3350195830e+00 -4.0000000000e+00 -3.6431787698e-02
   endloop
 endfacet
 facet normal  -7.3963548829e-01 -4.2711835907e-01 -5.2010503921e-01
   outer loop
     vertex 7.3350195830e+00 -4.0000000000e+00 -3.6431787698e-02
     vertex 8.4866439653e+00 -6.0000000000e+00 -3.1712633622e-02
     vertex 7.3094010768e+00 -4.0000000000e+00 0.0000000000e+00
   endloop
 endfacet
 facet normal  -7.3748734105e-01 -4.2578851488e-01 -5.2422949401e-01
   outer loop
     vertex 8.4866439653e+00 -6.0000000000e+00 -3.1712633622e-02
     vertex 8.4641016151e+00 -6.0000000000e+00 0.0000000000e+00
     vertex 7.3094010768e+00 -4.0000000000e+00 0.0000000000e+00
   endloop
 endfacet
 facet normal  -7.8018112180e-01 -4.5043778069e-01 4.3407743885e-01
   outer loop
     vertex 7.3094010768e+00 -4.0000000000e+00 0.0000000000e+00
     vertex 8.4641016151e+00 -6.0000000000e+00 0.0000000000e+00
     vertex 8.4830528101e+00 -6.0000000000e+00 3.4061582634e-02
   endloop
 endfacet
 facet normal  -7.9287221446e-01 -4.5844040537e-01 4.0147982048e-01
   outer loop
     vertex 7.3094010768e+00 -4.0000000000e+00 0.0000000000e+00
     vertex 8.4830528101e+00 -6.0000000000e+00 3.4061582634e-02
     vertex 7.3296328502e+00 -4.0000000000e+00 3.9955211215e-02
   endloop
 endfacet
 facet normal  -4.7455923051e-01 -2.7614594817e-01 8.3578523081e-01
   outer loop
     vertex 7.3296328502e+00 -4.0000000000e+00 3.9955211215e-02
     vertex 8.4830528101e+00 -6.0000000000e+00 3.4061582634e-02
     vertex 8.5334676248e+00 -6.0000000000e+00 6.2687137098e-02
   endloop
 endfacet
 facet normal  -4.9999730440e-01 -2.9168896465e-01 8.1542641820e-01
   outer loop
     vertex 7.3296328502e+00 -4.0000000000e+00 3.9955211215e-02
     vertex 8.5334676248e+00 -6.0000000000e+00 6.2687137098e-02
     vertex 7.3862934161e+00 -4.0000000000e+00 7.4697929329e-02
   endloop
 endfacet
 facet normal  -3.0525988305e-01 -1.8070797233e-01 9.3496579217e-01
   outer loop
     vertex 7.3862934161e+00 -4.0000000000e+00 7.4697929329e-02
     vertex 8.5334676248e+00 -6.0000000000e+00 6.2687137098e-02
     vertex 8.6113938166e+00 -6.0000000000e+00 8.8129501309e-02
   endloop
 endfacet
 facet normal  -3.2761455448e-01 -1.9447107400e-01 9.2458082668e-01
   outer loop
     vertex 7.3862934161e+00 -4.0000000000e+00 7.4697929329e-02
     vertex 8.6113938166e+00 -6.0000000000e+00 8.8129501309e-02
     vertex 7.4748509045e+00 -4.0000000000e+00 1.0607725418e-01
   endloop
 endfacet
 facet normal  -1.9980353432e-01 -1.2226684740e-01 9.7217764102e-01
   outer loop
     vertex 7.4748509045e+00 -4.0000000000e+00 1.0607725418e-01
     vertex 8.6113938166e+00 -6.0000000000e+00 8.8129501309e-02
     vertex 8.7212847491e+00 -6.0000000000e+00 1.1071446498e-01
   endloop
 endfacet
 facet normal  -2.1799025280e-01 -1.3361367620e-01 9.6676141587e-01
   outer loop
     vertex 7.4748509045e+00 -4.0000000000e+00 1.0607725418e-01
     vertex 8.7212847491e+00 -6.0000000000e+00 1.1071446498e-01
     vertex 7.6002574003e+00 -4.0000000000e+00 1.3435454502e-01
   endloop
 endfacet
 facet normal  -1.2055345622e-01 -7.9268227276e-02 9.8953696866e-01
   outer loop
     vertex 7.6002574003e+00 -4.0000000000e+00 1.3435454502e-01
     vertex 8.7212847491e+00 -6.0000000000e+00 1.1071446498e-01
     vertex 8.8676406674e+00 -6.0000000000e+00 1.2854473544e-01
   endloop
 endfacet
 facet normal  -1.3418024152e-01 -8.7896185976e-02 9.8705112496e-01
   outer loop
     vertex 7.6002574003e+00 -4.0000000000e+00 1.3435454502e-01
     vertex 8.8676406674e+00 -6.0000000000e+00 1.2854473544e-01
     vertex 7.7676409560e+00 -4.0000000000e+00 1.5710875233e-01
   endloop
 endfacet
 facet normal  -5.4770013332e-02 -4.4369983974e-02 9.9751268170e-01
   outer loop
     vertex 7.7676409560e+00 -4.0000000000e+00 1.5710875233e-01
     vertex 8.8676406674e+00 -6.0000000000e+00 1.2854473544e-01
     vertex 9.0512528536e+00 -6.0000000000e+00 1.3862625328e-01
   endloop
 endfacet
 facet normal  -6.3346238680e-02 -4.9867161735e-02 9.9674496248e-01
   outer loop
     vertex 7.7676409560e+00 -4.0000000000e+00 1.5710875233e-01
     vertex 9.0512528536e+00 -6.0000000000e+00 1.3862625328e-01
     vertex 7.9778799218e+00 -4.0000000000e+00 1.7047009170e-01
   endloop
 endfacet
 facet normal  1.6379039850e-03 -1.5041055815e-02 9.9988553540e-01
   outer loop
     vertex 7.9778799218e+00 -4.0000000000e+00 1.7047009170e-01
     vertex 9.0512528536e+00 -6.0000000000e+00 1.3862625328e-01
     vertex 9.2662378016e+00 -6.0000000000e+00 1.3827408826e-01
   endloop
 endfacet
 facet normal  -1.4141890233e-03 -1.7006648256e-02 9.9985437639e-01
   outer loop
     vertex 7.9778799218e+00 -4.0000000000e+00 1.7047009170e-01
     vertex 9.2662378016e+00 -6.0000000000e+00 1.3827408826e-01
     vertex 8.2241531429e+00 -4.0000000000e+00 1.7081841931e-01
   endloop
 endfacet
 facet normal  4.6789409644e-02 8.1254569017e-03 9.9887172755e-01
   outer loop
     vertex 8.2241531429e+00 -4.0000000000e+00 1.7081841931e-01
     vertex 9.2662378016e+00 -6.0000000000e+00 1.3827408826e-01
     vertex 9.4991282812e+00 -6.0000000000e+00 1.2736497176e-01
   endloop
 endfacet
 facet normal  4.8627397801e-02 9.2992813675e-03 9.9877369787e-01
   outer loop
     vertex 8.2241531429e+00 -4.0000000000e+00 1.7081841931e-01
     vertex 9.4991282812e+00 -6.0000000000e+00 1.2736497176e-01
     vertex 8.4909161439e+00 -4.0000000000e+00 1.5783050163e-01
   endloop
 endfacet
 facet normal  8.2972924967e-02 2.6652345632e-02 9.9619533536e-01
   outer loop
     vertex 8.4909161439e+00 -4.0000000000e+00 1.5783050163e-01
     vertex 9.4991282812e+00 -6.0000000000e+00 1.2736497176e-01
     vertex 8.7570645721e+00 -4.0000000000e+00 1.3566304834e-01
   endloop
 endfacet
 facet normal  7.8087195719e-02 2.4837751619e-02 9.9663708338e-01
   outer loop
     vertex 9.4991282812e+00 -6.0000000000e+00 1.2736497176e-01
     vertex 9.7315486637e+00 -6.0000000000e+00 1.0915467615e-01
     vertex 8.7570645721e+00 -4.0000000000e+00 1.3566304834e-01
   endloop
 endfacet
 facet normal  1.0952058819e-01 4.0199358070e-02 9.9317131069e-01
   outer loop
     vertex 8.7570645721e+00 -4.0000000000e+00 1.3566304834e-01
     vertex 9.7315486637e+00 -6.0000000000e+00 1.0915467615e-01
     vertex 9.0018474736e+00 -4.0000000000e+00 1.0866995353e-01
   endloop
 endfacet
 facet normal  1.0199093974e-01 3.7452381596e-02 9.9408006082e-01
   outer loop
     vertex 9.7315486637e+00 -6.0000000000e+00 1.0915467615e-01
     vertex 9.9453920375e+00 -6.0000000000e+00 8.7214706212e-02
     vertex 9.0018474736e+00 -4.0000000000e+00 1.0866995353e-01
   endloop
 endfacet
 facet normal  1.3015684123e-01 5.0781981841e-02 9.9019209601e-01
   outer loop
     vertex 9.0018474736e+00 -4.0000000000e+00 1.0866995353e-01
     vertex 9.9453920375e+00 -6.0000000000e+00 8.7214706212e-02
     vertex 9.2107349381e+00 -4.0000000000e+00 8.1212521116e-02
   endloop
 endfacet
 facet normal  1.2039417048e-01 4.7200109745e-02 9.9160344561e-01
   outer loop
     vertex 9.9453920375e+00 -6.0000000000e+00 8.7214706212e-02
     vertex 1.0127950433e+01 -6.0000000000e+00 6.5049629329e-02
     vertex 9.2107349381e+00 -4.0000000000e+00 8.1212521116e-02
   endloop
 endfacet
 facet normal  1.4623795547e-01 5.9085566137e-02 9.8748334480e-01
   outer loop
     vertex 9.2107349381e+00 -4.0000000000e+00 8.1212521116e-02
     vertex 1.0127950433e+01 -6.0000000000e+00 6.5049629329e-02
     vertex 9.3779021973e+00 -4.0000000000e+00 5.6456459838e-02
   endloop
 endfacet
 facet normal  1.3466822422e-01 5.4754773120e-02 9.8937676555e-01
   outer loop
     vertex 1.0127950433e+01 -6.0000000000e+00 6.5049629329e-02
     vertex 1.0274103038e+01 -6.0000000000e+00 4.5156184793e-02
     vertex 9.3779021973e+00 -4.0000000000e+00 5.6456459838e-02
   endloop
 endfacet
 facet normal  1.5863235235e-01 6.5516925477e-02 9.8516156506e-01
   outer loop
     vertex 9.3779021973e+00 -4.0000000000e+00 5.6456459838e-02
     vertex 1.0274103038e+01 -6.0000000000e+00 4.5156184793e-02
     vertex 9.5049425366e+00 -4.0000000000e+00 3.6000213278e-02
   endloop
 endfacet
 facet normal  1.4566536299e-01 6.0540690468e-02 9.8747983616e-01
   outer loop
     vertex 1.0274103038e+01 -6.0000000000e+00 4.5156184793e-02
     vertex 1.0385210084e+01 -6.0000000000e+00 2.8766535616e-02
     vertex 9.5049425366e+00 -4.0000000000e+00 3.6000213278e-02
   endloop
 endfacet
 facet normal  1.6803478480e-01 7.0401476779e-02 9.8326392345e-01
   outer loop
     vertex 9.5049425366e+00 -4.0000000000e+00 3.6000213278e-02
     vertex 1.0385210084e+01 -6.0000000000e+00 2.8766535616e-02
     vertex 9.5977492084e+00 -4.0000000000e+00 2.0140026863e-02
   endloop
 endfacet
 facet normal  1.5402602244e-01 6.4897314017e-02 9.8593322444e-01
   outer loop
     vertex 1.0385210084e+01 -6.0000000000e+00 2.8766535616e-02
     vertex 1.0466399228e+01 -6.0000000000e+00 1.6082876411e-02
     vertex 9.5977492084e+00 -4.0000000000e+00 2.0140026863e-02
   endloop
 endfacet
 facet normal  1.7497820550e-01 7.4005782003e-02 9.8178702977e-01
   outer loop
     vertex 9.5977492084e+00 -4.0000000000e+00 2.0140026863e-02
     vertex 1.0466399228e+01 -6.0000000000e+00 1.6082876411e-02
     vertex 9.6636121279e+00 -4.0000000000e+00 8.4016608967e-03
   endloop
 endfacet
 facet normal  1.6021683662e-01 6.8091968244e-02 9.8473044491e-01
   outer loop
     vertex 1.0466399228e+01 -6.0000000000e+00 1.6082876411e-02
     vertex 1.0524029692e+01 -6.0000000000e+00 6.7063301432e-03
     vertex 9.6636121279e+00 -4.0000000000e+00 8.4016608967e-03
   endloop
 endfacet
 facet normal  1.7994376252e-01 7.6582088854e-02 9.8069130005e-01
   outer loop
     vertex 9.6636121279e+00 -4.0000000000e+00 8.4016608967e-03
     vertex 1.0524029692e+01 -6.0000000000e+00 6.7063301432e-03
     vertex 9.7094010768e+00 -4.0000000000e+00 0.0000000000e+00
   endloop
 endfacet
 facet normal  1.6465260226e-01 7.0364333898e-02 9.8383859504e-01
   outer loop
     vertex 1.0524029692e+01 -6.0000000000e+00 6.7063301432e-03
     vertex 1.0564101615e+01 -6.0000000000e+00 0.0000000000e+00
     vertex 9.7094010768e+00 -4.0000000000e+00 0.0000000000e+00
   endloop
 endfacet
 facet normal  1.0067961036e-01 4.3025458588e-02 -9.9398814177e-01
   outer loop
     vertex 1.0564101615e+01 -6.0000000000e+00 0.0000000000e+00
     vertex 1.1418802154e+01 -8.0000000000e+00 0.0000000000e+00
     vertex 1.1384402449e+01 -8.0000000000e+00 -3.4842959498e-03
   endloop
 endfacet
 facet normal  9.0513432633e-02 3.8857797811e-02 -9.9513687001e-01
   outer loop
     vertex 1.0564101615e+01 -6.0000000000e+00 0.0000000000e+00
     vertex 1.1384402449e+01 -8.0000000000e+00 -3.4842959498e-03
     vertex 1.0523940078e+01 -6.0000000000e+00 -3.6529232633e-03
   endloop
 endfacet
 facet normal  9.8688327450e-02 4.2374970163e-02 -9.9421575924e-01
   outer loop
     vertex 1.0523940078e+01 -6.0000000000e+00 -3.6529232633e-03
     vertex 1.1384402449e+01 -8.0000000000e+00 -3.4842959498e-03
     vertex 1.1334958965e+01 -8.0000000000e+00 -8.3921790497e-03
   endloop
 endfacet
 facet normal  8.9022868203e-02 3.8458073237e-02 -9.9528684586e-01
   outer loop
     vertex 1.0523940078e+01 -6.0000000000e+00 -3.6529232633e-03
     vertex 1.1334958965e+01 -8.0000000000e+00 -8.3921790497e-03
     vertex 1.0466218662e+01 -6.0000000000e+00 -8.8157825935e-03
   endloop
 endfacet
 facet normal  9.5969305706e-02 4.1475560806e-02 -9.9451981892e-01
   outer loop
     vertex 1.0466218662e+01 -6.0000000000e+00 -8.8157825935e-03
     vertex 1.1334958965e+01 -8.0000000000e+00 -8.3921790497e-03
     vertex 1.1265359452e+01 -8.0000000000e+00 -1.5108402139e-02
   endloop
 endfacet
 facet normal  8.7018097900e-02 3.7901961359e-02 -9.9548545543e-01
   outer loop
     vertex 1.0466218662e+01 -6.0000000000e+00 -8.8157825935e-03
     vertex 1.1265359452e+01 -8.0000000000e+00 -1.5108402139e-02
     vertex 1.0384973726e+01 -6.0000000000e+00 -1.5917623985e-02
   endloop
 endfacet
 facet normal  9.2414739452e-02 4.0277759057e-02 -9.9490563274e-01
   outer loop
     vertex 1.0384973726e+01 -6.0000000000e+00 -1.5917623985e-02
     vertex 1.1265359452e+01 -8.0000000000e+00 -1.5108402139e-02
     vertex 1.1170211411e+01 -8.0000000000e+00 -2.3946508087e-02
   endloop
 endfacet
 facet normal  8.4458329220e-02 3.7157247773e-02 -9.9573396526e-01
   outer loop
     vertex 1.0384973726e+01 -6.0000000000e+00 -1.5917623985e-02
     vertex 1.1170211411e+01 -8.0000000000e+00 -2.3946508087e-02
     vertex 1.0273918102e+01 -6.0000000000e+00 -2.5337381469e-02
   endloop
 endfacet
 facet normal  8.7850250871e-02 3.8677570516e-02 -9.9538252896e-01
   outer loop
     vertex 1.0273918102e+01 -6.0000000000e+00 -2.5337381469e-02
     vertex 1.1170211411e+01 -8.0000000000e+00 -2.3946508087e-02
     vertex 1.1045210073e+01 -8.0000000000e+00 -3.4978848488e-02
   endloop
 endfacet
 facet normal  8.1227160828e-02 3.6126575156e-02 -9.9604067131e-01
   outer loop
     vertex 1.0273918102e+01 -6.0000000000e+00 -2.5337381469e-02
     vertex 1.1045210073e+01 -8.0000000000e+00 -3.4978848488e-02
     vertex 1.0128038723e+01 -6.0000000000e+00 -3.7233851223e-02
   endloop
 endfacet
 facet normal  8.1824602135e-02 3.6400619568e-02 -9.9598179169e-01
   outer loop
     vertex 1.0128038723e+01 -6.0000000000e+00 -3.7233851223e-02
     vertex 1.1045210073e+01 -8.0000000000e+00 -3.4978848488e-02
     vertex 1.0889299424e+01 -8.0000000000e+00 -4.7787643776e-02
   endloop
 endfacet
 facet normal  7.6886542122e-02 3.4523472342e-02 -9.9644196494e-01
   outer loop
     vertex 1.0128038723e+01 -6.0000000000e+00 -3.7233851223e-02
     vertex 1.0889299424e+01 -8.0000000000e+00 -4.7787643776e-02
     vertex 9.9461176818e+00 -6.0000000000e+00 -5.1271075977e-02
   endloop
 endfacet
 facet normal  7.3447780722e-02 3.2901236543e-02 -9.9675620497e-01
   outer loop
     vertex 9.9461176818e+00 -6.0000000000e+00 -5.1271075977e-02
     vertex 1.0889299424e+01 -8.0000000000e+00 -4.7787643776e-02
     vertex 1.0706951852e+01 -8.0000000000e+00 -6.1224253813e-02
   endloop
 endfacet
 facet normal  7.0485695043e-02 3.1775654441e-02 -9.9700655694e-01
   outer loop
     vertex 9.9461176818e+00 -6.0000000000e+00 -5.1271075977e-02
     vertex 1.0706951852e+01 -8.0000000000e+00 -6.1224253813e-02
     vertex 9.7333868578e+00 -6.0000000000e+00 -6.6310575855e-02
   endloop
 endfacet
 facet normal  6.1013656212e-02 2.7162897127e-02 -9.9776726283e-01
   outer loop
     vertex 9.7333868578e+00 -6.0000000000e+00 -6.6310575855e-02
     vertex 1.0706951852e+01 -8.0000000000e+00 -6.1224253813e-02
     vertex 1.0509048837e+01 -8.0000000000e+00 -7.3326060481e-02
   endloop
 endfacet
 facet normal  6.0116809681e-02 2.6815296182e-02 -9.9783110248e-01
   outer loop
     vertex 9.7333868578e+00 -6.0000000000e+00 -6.6310575855e-02
     vertex 1.0509048837e+01 -8.0000000000e+00 -7.3326060481e-02
     vertex 9.5025451191e+00 -6.0000000000e+00 -8.0218208955e-02
   endloop
 endfacet
 facet normal  4.3261409368e-02 1.8329116173e-02 -9.9889563717e-01
   outer loop
     vertex 9.5025451191e+00 -6.0000000000e+00 -8.0218208955e-02
     vertex 1.0509048837e+01 -8.0000000000e+00 -7.3326060481e-02
     vertex 9.2715036765e+00 -6.0000000000e+00 -9.0224437890e-02
   endloop
 endfacet
 facet normal  4.2253161958e-02 1.7704780540e-02 -9.9895005433e-01
   outer loop
     vertex 1.0509048837e+01 -8.0000000000e+00 -7.3326060481e-02
     vertex 1.0310955398e+01 -8.0000000000e+00 -8.1704932026e-02
     vertex 9.2715036765e+00 -6.0000000000e+00 -9.0224437890e-02
   endloop
 endfacet
 facet normal  2.2267860020e-02 7.3146000131e-03 -9.9972528178e-01
   outer loop
     vertex 9.2715036765e+00 -6.0000000000e+00 -9.0224437890e-02
     vertex 1.0310955398e+01 -8.0000000000e+00 -8.1704932026e-02
     vertex 9.0583047154e+00 -6.0000000000e+00 -9.4973227091e-02
   endloop
 endfacet
 facet normal  1.7780948254e-02 4.5036270552e-03 -9.9983176346e-01
   outer loop
     vertex 1.0310955398e+01 -8.0000000000e+00 -8.1704932026e-02
     vertex 1.0128151716e+01 -8.0000000000e+00 -8.4955901758e-02
     vertex 9.0583047154e+00 -6.0000000000e+00 -9.4973227091e-02
   endloop
 endfacet
 facet normal  -7.9808057749e-03 -9.2774081569e-03 -9.9992511541e-01
   outer loop
     vertex 9.0583047154e+00 -6.0000000000e+00 -9.4973227091e-02
     vertex 1.0128151716e+01 -8.0000000000e+00 -8.4955901758e-02
     vertex 8.8758736525e+00 -6.0000000000e+00 -9.3517171175e-02
   endloop
 endfacet
 facet normal  -1.5910996248e-02 -1.4242154403e-02 -9.9977197462e-01
   outer loop
     vertex 1.0128151716e+01 -8.0000000000e+00 -8.4955901758e-02
     vertex 9.9717568713e+00 -8.0000000000e+00 -8.2466936417e-02
     vertex 8.8758736525e+00 -6.0000000000e+00 -9.3517171175e-02
   endloop
 endfacet
 facet normal  -5.2964930470e-02 -3.4535750847e-02 -9.9799899702e-01
   outer loop
     vertex 8.8758736525e+00 -6.0000000000e+00 -9.3517171175e-02
     vertex 9.9717568713e+00 -8.0000000000e+00 -8.2466936417e-02
     vertex 8.7297485531e+00 -6.0000000000e+00 -8.5762147623e-02
   endloop
 endfacet
 facet normal  -6.2667328917e-02 -4.0559680625e-02 -9.9720996695e-01
   outer loop
     vertex 9.9717568713e+00 -8.0000000000e+00 -8.2466936417e-02
     vertex 9.8465439999e+00 -8.0000000000e+00 -7.4598226259e-02
     vertex 8.7297485531e+00 -6.0000000000e+00 -8.5762147623e-02
   endloop
 endfacet
 facet normal  -1.1763371976e-01 -7.1215334584e-02 -9.9050021913e-01
   outer loop
     vertex 8.7297485531e+00 -6.0000000000e+00 -8.5762147623e-02
     vertex 9.8465439999e+00 -8.0000000000e+00 -7.4598226259e-02
     vertex 8.6191060424e+00 -6.0000000000e+00 -7.2622029275e-02
   endloop
 endfacet
 facet normal  -1.2701936086e-01 -7.6977053133e-02 -9.8890880027e-01
   outer loop
     vertex 9.8465439999e+00 -8.0000000000e+00 -7.4598226259e-02
     vertex 9.7517928416e+00 -8.0000000000e+00 -6.2428012421e-02
     vertex 8.6191060424e+00 -6.0000000000e+00 -7.2622029275e-02
   endloop
 endfacet
 facet normal  -2.1592142887e-01 -1.2722002516e-01 -9.6808729036e-01
   outer loop
     vertex 8.6191060424e+00 -6.0000000000e+00 -7.2622029275e-02
     vertex 9.7517928416e+00 -8.0000000000e+00 -6.2428012421e-02
     vertex 8.5395565436e+00 -6.0000000000e+00 -5.4879371554e-02
   endloop
 endfacet
 facet normal  -2.2209629206e-01 -1.3096988863e-01 -9.6618845228e-01
   outer loop
     vertex 9.7517928416e+00 -8.0000000000e+00 -6.2428012421e-02
     vertex 9.6836862929e+00 -8.0000000000e+00 -4.6772462095e-02
     vertex 8.5395565436e+00 -6.0000000000e+00 -5.4879371554e-02
   endloop
 endfacet
 facet normal  -3.9059690463e-01 -2.2706293365e-01 -8.9211909645e-01
   outer loop
     vertex 8.5395565436e+00 -6.0000000000e+00 -5.4879371554e-02
     vertex 9.6836862929e+00 -8.0000000000e+00 -4.6772462095e-02
     vertex 8.4866439653e+00 -6.0000000000e+00 -3.1712633622e-02
   endloop
 endfacet
 facet normal  -3.8893435989e-01 -2.2606048306e-01 -8.9309950268e-01
   outer loop
     vertex 9.6836862929e+00 -8.0000000000e+00 -4.6772462095e-02
     vertex 9.6382683476e+00 -8.0000000000e+00 -2.6993479547e-02
     vertex 8.4866439653e+00 -6.0000000000e+00 -3.1712633622e-02
   endloop
 endfacet
 facet normal  -7.3745510678e-01 -4.2587254672e-01 -5.2420658087e-01
   outer loop
     vertex 8.4866439653e+00 -6.0000000000e+00 -3.1712633622e-02
     vertex 9.6382683476e+00 -8.0000000000e+00 -2.6993479547e-02
     vertex 8.4641016151e+00 -6.0000000000e+00 0.0000000000e+00
   endloop
 endfacet
 facet normal  -7.3454342830e-01 -4.2408884606e-01 -5.2971181088e-01
   outer loop
     vertex 9.6382683476e+00 -8.0000000000e+00 -2.6993479547e-02
     vertex 9.6188021535e+00 -8.0000000000e+00 0.0000000000e+00
     vertex 8.4641016151e+00 -6.0000000000e+00 0.0000000000e+00
   endloop
 endfacet
 facet normal  -7.6097311316e-01 -4.3934803173e-01 4.7738163775e-01
   outer loop
     vertex 8.4641016151e+00 -6.0000000000e+00 0.0000000000e+00
     vertex 9.6188021535e+00 -8.0000000000e+00 0.0000000000e+00
     vertex 9.6364727700e+00 -8.0000000000e+00 2.8167954053e-02
   endloop
 endfacet
 facet normal  -7.7990705836e-01 -4.5105888025e-01 4.3392495534e-01
   outer loop
     vertex 8.4641016151e+00 -6.0000000000e+00 0.0000000000e+00
     vertex 9.6364727700e+00 -8.0000000000e+00 2.8167954053e-02
     vertex 8.4830528101e+00 -6.0000000000e+00 3.4061582634e-02
   endloop
 endfacet
 facet normal  -4.3894845505e-01 -2.5568423767e-01 8.6136509357e-01
   outer loop
     vertex 8.4830528101e+00 -6.0000000000e+00 3.4061582634e-02
     vertex 9.6364727700e+00 -8.0000000000e+00 2.8167954053e-02
     vertex 9.6806418334e+00 -8.0000000000e+00 5.0676344867e-02
   endloop
 endfacet
 facet normal  -4.7441823139e-01 -2.7713790968e-01 8.3553690568e-01
   outer loop
     vertex 8.4830528101e+00 -6.0000000000e+00 3.4061582634e-02
     vertex 9.6806418334e+00 -8.0000000000e+00 5.0676344867e-02
     vertex 8.5334676248e+00 -6.0000000000e+00 6.2687137098e-02
   endloop
 endfacet
 facet normal  -2.7465746672e-01 -1.6323060973e-01 9.4758590324e-01
   outer loop
     vertex 8.5334676248e+00 -6.0000000000e+00 6.2687137098e-02
     vertex 9.6806418334e+00 -8.0000000000e+00 5.0676344867e-02
     vertex 9.7479367287e+00 -8.0000000000e+00 7.0181748438e-02
   endloop
 endfacet
 facet normal  -3.0519610990e-01 -1.8182275240e-01 9.3477046445e-01
   outer loop
     vertex 8.5334676248e+00 -6.0000000000e+00 6.2687137098e-02
     vertex 9.7479367287e+00 -8.0000000000e+00 7.0181748438e-02
     vertex 8.6113938166e+00 -6.0000000000e+00 8.8129501309e-02
   endloop
 endfacet
 facet normal  -1.7515716936e-01 -1.0831833027e-01 9.7856379728e-01
   outer loop
     vertex 8.6113938166e+00 -6.0000000000e+00 8.8129501309e-02
     vertex 9.7479367287e+00 -8.0000000000e+00 7.0181748438e-02
     vertex 9.8423120979e+00 -8.0000000000e+00 8.7074384937e-02
   endloop
 endfacet
 facet normal  -1.9977366391e-01 -1.2346533111e-01 9.7203230153e-01
   outer loop
     vertex 8.6113938166e+00 -6.0000000000e+00 8.8129501309e-02
     vertex 9.8423120979e+00 -8.0000000000e+00 8.7074384937e-02
     vertex 8.7212847491e+00 -6.0000000000e+00 1.1071446498e-01
   endloop
 endfacet
 facet normal  -1.0219424937e-01 -6.9011101047e-02 9.9236777624e-01
   outer loop
     vertex 8.7212847491e+00 -6.0000000000e+00 1.1071446498e-01
     vertex 9.8423120979e+00 -8.0000000000e+00 8.7074384937e-02
     vertex 9.9676403788e+00 -8.0000000000e+00 9.9980718551e-02
   endloop
 endfacet
 facet normal  -1.2054220699e-01 -8.0429453037e-02 9.8944463181e-01
   outer loop
     vertex 8.7212847491e+00 -6.0000000000e+00 1.1071446498e-01
     vertex 9.9676403788e+00 -8.0000000000e+00 9.9980718551e-02
     vertex 8.8676406674e+00 -6.0000000000e+00 1.2854473544e-01
   endloop
 endfacet
 facet normal  -4.3254979698e-02 -3.8048522611e-02 9.9833927933e-01
   outer loop
     vertex 8.8676406674e+00 -6.0000000000e+00 1.2854473544e-01
     vertex 9.9676403788e+00 -8.0000000000e+00 9.9980718551e-02
     vertex 1.0124625785e+01 -8.0000000000e+00 1.0678241485e-01
   endloop
 endfacet
 facet normal  -5.4767787648e-02 -4.5274801323e-02 9.9747214588e-01
   outer loop
     vertex 8.8676406674e+00 -6.0000000000e+00 1.2854473544e-01
     vertex 1.0124625785e+01 -8.0000000000e+00 1.0678241485e-01
     vertex 9.0512528536e+00 -6.0000000000e+00 1.3862625328e-01
   endloop
 endfacet
 facet normal  5.7298451888e-03 -1.2845213848e-02 9.9990107979e-01
   outer loop
     vertex 9.0512528536e+00 -6.0000000000e+00 1.3862625328e-01
     vertex 1.0124625785e+01 -8.0000000000e+00 1.0678241485e-01
     vertex 1.0308322460e+01 -8.0000000000e+00 1.0572975721e-01
   endloop
 endfacet
 facet normal  1.6378946105e-03 -1.5416797393e-02 9.9987981261e-01
   outer loop
     vertex 9.0512528536e+00 -6.0000000000e+00 1.3862625328e-01
     vertex 1.0308322460e+01 -8.0000000000e+00 1.0572975721e-01
     vertex 9.2662378016e+00 -6.0000000000e+00 1.3827408826e-01
   endloop
 endfacet
 facet normal  4.4324793689e-02 6.8393018979e-03 9.9899376205e-01
   outer loop
     vertex 9.2662378016e+00 -6.0000000000e+00 1.3827408826e-01
     vertex 1.0308322460e+01 -8.0000000000e+00 1.0572975721e-01
     vertex 1.0507340418e+01 -8.0000000000e+00 9.6899441882e-02
   endloop
 endfacet
 facet normal  4.6789314785e-02 8.3712301491e-03 9.9886970248e-01
   outer loop
     vertex 9.2662378016e+00 -6.0000000000e+00 1.3827408826e-01
     vertex 1.0507340418e+01 -8.0000000000e+00 9.6899441882e-02
     vertex 9.4991282812e+00 -6.0000000000e+00 1.2736497176e-01
   endloop
 endfacet
 facet normal  7.8088449492e-02 2.4183079104e-02 9.9665308545e-01
   outer loop
     vertex 9.4991282812e+00 -6.0000000000e+00 1.2736497176e-01
     vertex 1.0507340418e+01 -8.0000000000e+00 9.6899441882e-02
     vertex 9.7315486637e+00 -6.0000000000e+00 1.0915467615e-01
   endloop
 endfacet
 facet normal  7.1534103329e-02 2.1637302891e-02 9.9720343922e-01
   outer loop
     vertex 1.0507340418e+01 -8.0000000000e+00 9.6899441882e-02
     vertex 1.0706032755e+01 -8.0000000000e+00 8.2646303962e-02
     vertex 9.7315486637e+00 -6.0000000000e+00 1.0915467615e-01
   endloop
 endfacet
 facet normal  1.0199446249e-01 3.6519813356e-02 9.9411439626e-01
   outer loop
     vertex 9.7315486637e+00 -6.0000000000e+00 1.0915467615e-01
     vertex 1.0706032755e+01 -8.0000000000e+00 8.2646303962e-02
     vertex 9.9453920375e+00 -6.0000000000e+00 8.7214706212e-02
   endloop
 endfacet
 facet normal  9.1886264453e-02 3.2672903963e-02 9.9523333734e-01
   outer loop
     vertex 1.0706032755e+01 -8.0000000000e+00 8.2646303962e-02
     vertex 1.0888936601e+01 -8.0000000000e+00 6.5759458894e-02
     vertex 9.9453920375e+00 -6.0000000000e+00 8.7214706212e-02
   endloop
 endfacet
 facet normal  1.2040001031e-01 4.6163323041e-02 9.9165154420e-01
   outer loop
     vertex 9.9453920375e+00 -6.0000000000e+00 8.7214706212e-02
     vertex 1.0888936601e+01 -8.0000000000e+00 6.5759458894e-02
     vertex 1.0127950433e+01 -6.0000000000e+00 6.5049629329e-02
   endloop
 endfacet
 facet normal  1.0728425906e-01 4.1173482246e-02 9.9337547389e-01
   outer loop
     vertex 1.0888936601e+01 -8.0000000000e+00 6.5759458894e-02
     vertex 1.1045165928e+01 -8.0000000000e+00 4.8886737541e-02
     vertex 1.0127950433e+01 -6.0000000000e+00 6.5049629329e-02
   endloop
 endfacet
 facet normal  1.3467546225e-01 5.3767185847e-02 9.8942994173e-01
   outer loop
     vertex 1.0127950433e+01 -6.0000000000e+00 6.5049629329e-02
     vertex 1.1045165928e+01 -8.0000000000e+00 4.8886737541e-02
     vertex 1.0274103038e+01 -6.0000000000e+00 4.5156184793e-02
   endloop
 endfacet
 facet normal  1.1912068686e-01 4.7774620546e-02 9.9172972507e-01
   outer loop
     vertex 1.1045165928e+01 -8.0000000000e+00 4.8886737541e-02
     vertex 1.1170303879e+01 -8.0000000000e+00 3.3855909749e-02
     vertex 1.0274103038e+01 -6.0000000000e+00 4.5156184793e-02
   endloop
 endfacet
 facet normal  1.4567278400e-01 5.9696354656e-02 9.8753014397e-01
   outer loop
     vertex 1.0274103038e+01 -6.0000000000e+00 4.5156184793e-02
     vertex 1.1170303879e+01 -8.0000000000e+00 3.3855909749e-02
     vertex 1.0385210084e+01 -6.0000000000e+00 2.8766535616e-02
   endloop
 endfacet
 facet normal  1.2822812932e-01 5.2855647588e-02 9.9033520960e-01
   outer loop
     vertex 1.1170303879e+01 -8.0000000000e+00 3.3855909749e-02
     vertex 1.1265477631e+01 -8.0000000000e+00 2.1532857955e-02
     vertex 1.0385210084e+01 -6.0000000000e+00 2.8766535616e-02
   endloop
 endfacet
 facet normal  1.5403269762e-01 6.4228876336e-02 9.8597595281e-01
   outer loop
     vertex 1.0385210084e+01 -6.0000000000e+00 2.8766535616e-02
     vertex 1.1265477631e+01 -8.0000000000e+00 2.1532857955e-02
     vertex 1.0466399228e+01 -6.0000000000e+00 1.6082876411e-02
   endloop
 endfacet
 facet normal  1.3517628680e-01 5.6703780200e-02 9.8919768136e-01
   outer loop
     vertex 1.1265477631e+01 -8.0000000000e+00 2.1532857955e-02
     vertex 1.1335049248e+01 -8.0000000000e+00 1.2025725958e-02
     vertex 1.0466399228e+01 -6.0000000000e+00 1.6082876411e-02
   endloop
 endfacet
 facet normal  1.6022230831e-01 6.7590887647e-02 9.8476407521e-01
   outer loop
     vertex 1.0466399228e+01 -6.0000000000e+00 1.6082876411e-02
     vertex 1.1335049248e+01 -8.0000000000e+00 1.2025725958e-02
     vertex 1.0524029692e+01 -6.0000000000e+00 6.7063301432e-03
   endloop
 endfacet
 facet normal  1.4034434310e-01 5.9539611956e-02 9.8831093284e-01
   outer loop
     vertex 1.1335049248e+01 -8.0000000000e+00 1.2025725958e-02
     vertex 1.1384447256e+01 -8.0000000000e+00 5.0109993897e-03
     vertex 1.0524029692e+01 -6.0000000000e+00 6.7063301432e-03
   endloop
 endfacet
 facet normal  1.6465680068e-01 7.0002814499e-02 9.8386368159e-01
   outer loop
     vertex 1.0524029692e+01 -6.0000000000e+00 6.7063301432e-03
     vertex 1.1384447256e+01 -8.0000000000e+00 5.0109993897e-03
     vertex 1.0564101615e+01 -6.0000000000e+00 0.0000000000e+00
   endloop
 endfacet
 facet normal  1.4405878815e-01 6.1563561893e-02 9.8765226340e-01
   outer loop
     vertex 1.1384447256e+01 -8.0000000000e+00 5.0109993897e-03
     vertex 1.1418802154e+01 -8.0000000000e+00 0.0000000000e+00
     vertex 1.0564101615e+01 -6.0000000000e+00 0.0000000000e+00
   endloop
 endfacet
 facet normal  1.1487220771e-01 4.9090668887e-02 -9.9216655967e-01
   outer loop
     vertex 1.1418802154e+01 -8.0000000000e+00 0.0000000000e+00
     vertex 1.2273502692e+01 -1.0000000000e+01 0.0000000000e+00
     vertex 1.2244864820e+01 -1.0000000000e+01 -3.3156686363e-03
   endloop
 endfacet
 facet normal  1.0067871483e-01 4.3231316821e-02 -9.9397930040e-01
   outer loop
     vertex 1.1418802154e+01 -8.0000000000e+00 0.0000000000e+00
     vertex 1.2244864820e+01 -1.0000000000e+01 -3.3156686363e-03
     vertex 1.1384402449e+01 -8.0000000000e+00 -3.4842959498e-03
   endloop
 endfacet
 facet normal  1.1218353673e-01 4.8181173135e-02 -9.9251872962e-01
   outer loop
     vertex 1.1384402449e+01 -8.0000000000e+00 -3.4842959498e-03
     vertex 1.2244864820e+01 -1.0000000000e+01 -3.3156686363e-03
     vertex 1.2203699268e+01 -1.0000000000e+01 -7.9685755058e-03
   endloop
 endfacet
 facet normal  9.8687145439e-02 4.2656176185e-02 -9.9420385131e-01
   outer loop
     vertex 1.1384402449e+01 -8.0000000000e+00 -3.4842959498e-03
     vertex 1.2203699268e+01 -1.0000000000e+01 -7.9685755058e-03
     vertex 1.1334958965e+01 -8.0000000000e+00 -8.3921790497e-03
   endloop
 endfacet
 facet normal  1.0846936845e-01 4.6905538427e-02 -9.9299258133e-01
   outer loop
     vertex 1.1334958965e+01 -8.0000000000e+00 -8.3921790497e-03
     vertex 1.2203699268e+01 -1.0000000000e+01 -7.9685755058e-03
     vertex 1.2145745178e+01 -1.0000000000e+01 -1.4299180293e-02
   endloop
 endfacet
 facet normal  9.5967838280e-02 4.1841970060e-02 -9.9450461213e-01
   outer loop
     vertex 1.1334958965e+01 -8.0000000000e+00 -8.3921790497e-03
     vertex 1.2145745178e+01 -1.0000000000e+01 -1.4299180293e-02
     vertex 1.1265359452e+01 -8.0000000000e+00 -1.5108402139e-02
   endloop
 endfacet
 facet normal  1.0352812101e-01 4.5170318453e-02 -9.9360030721e-01
   outer loop
     vertex 1.1265359452e+01 -8.0000000000e+00 -1.5108402139e-02
     vertex 1.2145745178e+01 -1.0000000000e+01 -1.4299180293e-02
     vertex 1.2066504721e+01 -1.0000000000e+01 -2.2555634704e-02
   endloop
 endfacet
 facet normal  9.2413071295e-02 4.0722727366e-02 -9.9488767393e-01
   outer loop
     vertex 1.1265359452e+01 -8.0000000000e+00 -1.5108402139e-02
     vertex 1.2066504721e+01 -1.0000000000e+01 -2.2555634704e-02
     vertex 1.1170211411e+01 -8.0000000000e+00 -2.3946508087e-02
   endloop
 endfacet
 facet normal  9.7103971004e-02 4.2825310586e-02 -9.9435245843e-01
   outer loop
     vertex 1.1170211411e+01 -8.0000000000e+00 -2.3946508087e-02
     vertex 1.2066504721e+01 -1.0000000000e+01 -2.2555634704e-02
     vertex 1.1962381423e+01 -1.0000000000e+01 -3.2723845754e-02
   endloop
 endfacet
 facet normal  8.7848585752e-02 3.9163829103e-02 -9.9536366242e-01
   outer loop
     vertex 1.1170211411e+01 -8.0000000000e+00 -2.3946508087e-02
     vertex 1.1962381423e+01 -1.0000000000e+01 -3.2723845754e-02
     vertex 1.1045210073e+01 -8.0000000000e+00 -3.4978848488e-02
   endloop
 endfacet
 facet normal  8.8726453126e-02 3.9566512259e-02 -9.9526986673e-01
   outer loop
     vertex 1.1045210073e+01 -8.0000000000e+00 -3.4978848488e-02
     vertex 1.1962381423e+01 -1.0000000000e+01 -3.2723845754e-02
     vertex 1.1832481165e+01 -1.0000000000e+01 -4.4304211576e-02
   endloop
 endfacet
 facet normal  8.1823246342e-02 3.6852407219e-02 -9.9596528877e-01
   outer loop
     vertex 1.1045210073e+01 -8.0000000000e+00 -3.4978848488e-02
     vertex 1.1832481165e+01 -1.0000000000e+01 -4.4304211576e-02
     vertex 1.0889299424e+01 -8.0000000000e+00 -4.7787643776e-02
   endloop
 endfacet
 facet normal  7.7589489997e-02 3.4855091158e-02 -9.9637592989e-01
   outer loop
     vertex 1.0889299424e+01 -8.0000000000e+00 -4.7787643776e-02
     vertex 1.1832481165e+01 -1.0000000000e+01 -4.4304211576e-02
     vertex 1.1680516847e+01 -1.0000000000e+01 -5.6137931771e-02
   endloop
 endfacet
 facet normal  7.3447011138e-02 3.3217834531e-02 -9.9674576098e-01
   outer loop
     vertex 1.0889299424e+01 -8.0000000000e+00 -4.7787643776e-02
     vertex 1.1680516847e+01 -1.0000000000e+01 -5.6137931771e-02
     vertex 1.0706951852e+01 -8.0000000000e+00 -6.1224253813e-02
   endloop
 endfacet
 facet normal  6.2268147810e-02 2.7773801560e-02 -9.9767293925e-01
   outer loop
     vertex 1.0706951852e+01 -8.0000000000e+00 -6.1224253813e-02
     vertex 1.1680516847e+01 -1.0000000000e+01 -5.6137931771e-02
     vertex 1.1515552556e+01 -1.0000000000e+01 -6.6433912007e-02
   endloop
 endfacet
 facet normal  6.1013483591e-02 2.7266778719e-02 -9.9776443993e-01
   outer loop
     vertex 1.0706951852e+01 -8.0000000000e+00 -6.1224253813e-02
     vertex 1.1515552556e+01 -1.0000000000e+01 -6.6433912007e-02
     vertex 1.0509048837e+01 -8.0000000000e+00 -7.3326060481e-02
   endloop
 endfacet
 facet normal  4.2253074334e-02 1.7821489306e-02 -9.9894798274e-01
   outer loop
     vertex 1.0509048837e+01 -8.0000000000e+00 -7.3326060481e-02
     vertex 1.1515552556e+01 -1.0000000000e+01 -6.6433912007e-02
     vertex 1.0310955398e+01 -8.0000000000e+00 -8.1704932026e-02
   endloop
 endfacet
 facet normal  4.0842228009e-02 1.6971177479e-02 -9.9902146701e-01
   outer loop
     vertex 1.1515552556e+01 -1.0000000000e+01 -6.6433912007e-02
     vertex 1.1350407119e+01 -1.0000000000e+01 -7.3185426163e-02
     vertex 1.0310955398e+01 -8.0000000000e+00 -8.1704932026e-02
   endloop
 endfacet
 facet normal  1.7780907896e-02 4.9821710401e-03 -9.9982949411e-01
   outer loop
     vertex 1.0310955398e+01 -8.0000000000e+00 -8.1704932026e-02
     vertex 1.1350407119e+01 -1.0000000000e+01 -7.3185426163e-02
     vertex 1.0128151716e+01 -8.0000000000e+00 -8.4955901758e-02
   endloop
 endfacet
 facet normal  1.1502208006e-02 1.1444733194e-03 -9.9993319246e-01
   outer loop
     vertex 1.1350407119e+01 -1.0000000000e+01 -7.3185426163e-02
     vertex 1.1197998717e+01 -1.0000000000e+01 -7.4938576424e-02
     vertex 1.0128151716e+01 -8.0000000000e+00 -8.4955901758e-02
   endloop
 endfacet
 facet normal  -1.5911156029e-02 -1.3518822131e-02 -9.9978201452e-01
   outer loop
     vertex 1.0128151716e+01 -8.0000000000e+00 -8.4955901758e-02
     vertex 1.1197998717e+01 -1.0000000000e+01 -7.4938576424e-02
     vertex 9.9717568713e+00 -8.0000000000e+00 -8.2466936417e-02
   endloop
 endfacet
 facet normal  -2.7001384714e-02 -2.0317144216e-02 -9.9942890636e-01
   outer loop
     vertex 1.1197998717e+01 -1.0000000000e+01 -7.4938576424e-02
     vertex 1.1067640090e+01 -1.0000000000e+01 -7.1416701660e-02
     vertex 9.9717568713e+00 -8.0000000000e+00 -8.2466936417e-02
   endloop
 endfacet
 facet normal  -6.2669122702e-02 -3.9848879782e-02 -9.9723851101e-01
   outer loop
     vertex 9.9717568713e+00 -8.0000000000e+00 -8.2466936417e-02
     vertex 1.1067640090e+01 -1.0000000000e+01 -7.1416701660e-02
     vertex 9.8465439999e+00 -8.0000000000e+00 -7.4598226259e-02
   endloop
 endfacet
 facet normal  -7.6221016696e-02 -4.8120879178e-02 -9.9592908262e-01
   outer loop
     vertex 1.1067640090e+01 -1.0000000000e+01 -7.1416701660e-02
     vertex 1.0963339447e+01 -1.0000000000e+01 -6.3434304895e-02
     vertex 9.8465439999e+00 -8.0000000000e+00 -7.4598226259e-02
   endloop
 endfacet
 facet normal  -1.2702452235e-01 -7.6450478445e-02 -9.8894898507e-01
   outer loop
     vertex 9.8465439999e+00 -8.0000000000e+00 -7.4598226259e-02
     vertex 1.0963339447e+01 -1.0000000000e+01 -6.3434304895e-02
     vertex 9.7517928416e+00 -8.0000000000e+00 -6.2428012421e-02
   endloop
 endfacet
 facet normal  -1.4011542071e-01 -8.4381810768e-02 -9.8653300953e-01
   outer loop
     vertex 1.0963339447e+01 -1.0000000000e+01 -6.3434304895e-02
     vertex 1.0884479641e+01 -1.0000000000e+01 -5.2233995566e-02
     vertex 9.7517928416e+00 -8.0000000000e+00 -6.2428012421e-02
   endloop
 endfacet
 facet normal  -2.2210391890e-01 -1.3071192830e-01 -9.6622163141e-01
   outer loop
     vertex 9.7517928416e+00 -8.0000000000e+00 -6.2428012421e-02
     vertex 1.0884479641e+01 -1.0000000000e+01 -5.2233995566e-02
     vertex 9.6836862929e+00 -8.0000000000e+00 -4.6772462095e-02
   endloop
 endfacet
 facet normal  -2.3071267771e-01 -1.3588806766e-01 -9.6348642617e-01
   outer loop
     vertex 1.0884479641e+01 -1.0000000000e+01 -5.2233995566e-02
     vertex 1.0827816042e+01 -1.0000000000e+01 -3.8665552636e-02
     vertex 9.6836862929e+00 -8.0000000000e+00 -4.6772462095e-02
   endloop
 endfacet
 facet normal  -3.8892949364e-01 -2.2611299513e-01 -8.9308832845e-01
   outer loop
     vertex 9.6836862929e+00 -8.0000000000e+00 -4.6772462095e-02
     vertex 1.0827816042e+01 -1.0000000000e+01 -3.8665552636e-02
     vertex 9.6382683476e+00 -8.0000000000e+00 -2.6993479547e-02
   endloop
 endfacet
 facet normal  -3.8659974106e-01 -2.2471936905e-01 -8.9445058297e-01
   outer loop
     vertex 1.0827816042e+01 -1.0000000000e+01 -3.8665552636e-02
     vertex 1.0789892730e+01 -1.0000000000e+01 -2.2274325471e-02
     vertex 9.6382683476e+00 -8.0000000000e+00 -2.6993479547e-02
   endloop
 endfacet
 facet normal  -7.3450600997e-01 -4.2418734717e-01 -5.2968482687e-01
   outer loop
     vertex 9.6382683476e+00 -8.0000000000e+00 -2.6993479547e-02
     vertex 1.0789892730e+01 -1.0000000000e+01 -2.2274325471e-02
     vertex 9.6188021535e+00 -8.0000000000e+00 0.0000000000e+00
   endloop
 endfacet
 facet normal  -7.3034077773e-01 -4.2166244462e-01 -5.3740406696e-01
   outer loop
     vertex 1.0789892730e+01 -1.0000000000e+01 -2.2274325471e-02
     vertex 1.0773502692e+01 -1.0000000000e+01 0.0000000000e+00
     vertex 9.6188021535e+00 -8.0000000000e+00 0.0000000000e+00
   endloop
 endfacet
 facet normal  -7.3034077773e-01 -4.2166244462e-01 5.3740406696e-01
   outer loop
     vertex 9.6188021535e+00 -8.0000000000e+00 0.0000000000e+00
     vertex 1.0773502692e+01 -1.0000000000e+01 0.0000000000e+00
     vertex 1.0789892730e+01 -1.0000000000e+01 2.2274325471e-02
   endloop
 endfacet
 facet normal  -7.6066555565e-01 -4.4008960382e-01 4.7718869754e-01
   outer loop
     vertex 9.6188021535e+00 -8.0000000000e+00 0.0000000000e+00
     vertex 1.0789892730e+01 -1.0000000000e+01 2.2274325471e-02
     vertex 9.6364727700e+00 -8.0000000000e+00 2.8167954053e-02
   endloop
 endfacet
 facet normal  -3.8652383056e-01 -2.2554741278e-01 8.9427495380e-01
   outer loop
     vertex 9.6364727700e+00 -8.0000000000e+00 2.8167954053e-02
     vertex 1.0789892730e+01 -1.0000000000e+01 2.2274325471e-02
     vertex 1.0827816042e+01 -1.0000000000e+01 3.8665552636e-02
   endloop
 endfacet
 facet normal  -4.3880633741e-01 -2.5686482023e-01 8.6108621077e-01
   outer loop
     vertex 9.6364727700e+00 -8.0000000000e+00 2.8167954053e-02
     vertex 1.0827816042e+01 -1.0000000000e+01 3.8665552636e-02
     vertex 9.6806418334e+00 -8.0000000000e+00 5.0676344867e-02
   endloop
 endfacet
 facet normal  -2.3064216396e-01 -1.3807772017e-01 9.6319195148e-01
   outer loop
     vertex 9.6806418334e+00 -8.0000000000e+00 5.0676344867e-02
     vertex 1.0827816042e+01 -1.0000000000e+01 3.8665552636e-02
     vertex 1.0884479641e+01 -1.0000000000e+01 5.2233995566e-02
   endloop
 endfacet
 facet normal  -2.7459658137e-01 -1.6454703290e-01 9.4737584488e-01
   outer loop
     vertex 9.6806418334e+00 -8.0000000000e+00 5.0676344867e-02
     vertex 1.0884479641e+01 -1.0000000000e+01 5.2233995566e-02
     vertex 9.7479367287e+00 -8.0000000000e+00 7.0181748438e-02
   endloop
 endfacet
 facet normal  -1.4006585862e-01 -8.8445323227e-02 9.8618404978e-01
   outer loop
     vertex 9.7479367287e+00 -8.0000000000e+00 7.0181748438e-02
     vertex 1.0884479641e+01 -1.0000000000e+01 5.2233995566e-02
     vertex 1.0963339447e+01 -1.0000000000e+01 6.3434304895e-02
   endloop
 endfacet
 facet normal  -1.7512993632e-01 -1.0972758899e-01 9.7841165243e-01
   outer loop
     vertex 9.7479367287e+00 -8.0000000000e+00 7.0181748438e-02
     vertex 1.0963339447e+01 -1.0000000000e+01 6.3434304895e-02
     vertex 9.8423120979e+00 -8.0000000000e+00 8.7074384937e-02
   endloop
 endfacet
 facet normal  -7.6196102016e-02 -5.4477030793e-02 9.9560353914e-01
   outer loop
     vertex 9.8423120979e+00 -8.0000000000e+00 8.7074384937e-02
     vertex 1.0963339447e+01 -1.0000000000e+01 6.3434304895e-02
     vertex 1.1067640090e+01 -1.0000000000e+01 7.1416701660e-02
   endloop
 endfacet
 facet normal  -1.0218450204e-01 -7.0373114513e-02 9.9227312384e-01
   outer loop
     vertex 9.8423120979e+00 -8.0000000000e+00 8.7074384937e-02
     vertex 1.1067640090e+01 -1.0000000000e+01 7.1416701660e-02
     vertex 9.9676403788e+00 -8.0000000000e+00 9.9980718551e-02
   endloop
 endfacet
 facet normal  -2.6995507668e-02 -2.9118270597e-02 9.9921137348e-01
   outer loop
     vertex 9.9676403788e+00 -8.0000000000e+00 9.9980718551e-02
     vertex 1.1067640090e+01 -1.0000000000e+01 7.1416701660e-02
     vertex 1.1197998717e+01 -1.0000000000e+01 7.4938576424e-02
   endloop
 endfacet
 facet normal  -4.3253208743e-02 -3.9108238296e-02 9.9829840510e-01
   outer loop
     vertex 9.9676403788e+00 -8.0000000000e+00 9.9980718551e-02
     vertex 1.1197998717e+01 -1.0000000000e+01 7.4938576424e-02
     vertex 1.0124625785e+01 -8.0000000000e+00 1.0678241485e-01
   endloop
 endfacet
 facet normal  1.1501669112e-02 -9.7473194469e-03 9.9988634423e-01
   outer loop
     vertex 1.0124625785e+01 -8.0000000000e+00 1.0678241485e-01
     vertex 1.1197998717e+01 -1.0000000000e+01 7.4938576424e-02
     vertex 1.1350407119e+01 -1.0000000000e+01 7.3185426163e-02
   endloop
 endfacet
 facet normal  5.7298122613e-03 -1.3284987650e-02 9.9989533370e-01
   outer loop
     vertex 1.0124625785e+01 -8.0000000000e+00 1.0678241485e-01
     vertex 1.1350407119e+01 -1.0000000000e+01 7.3185426163e-02
     vertex 1.0308322460e+01 -8.0000000000e+00 1.0572975721e-01
   endloop
 endfacet
 facet normal  4.0847595274e-02 5.0249472085e-03 9.9915275302e-01
   outer loop
     vertex 1.0308322460e+01 -8.0000000000e+00 1.0572975721e-01
     vertex 1.1350407119e+01 -1.0000000000e+01 7.3185426163e-02
     vertex 1.1515552556e+01 -1.0000000000e+01 6.6433912007e-02
   endloop
 endfacet
 facet normal  4.4324704652e-02 7.1269460218e-03 9.9899175532e-01
   outer loop
     vertex 1.0308322460e+01 -8.0000000000e+00 1.0572975721e-01
     vertex 1.1515552556e+01 -1.0000000000e+01 6.6433912007e-02
     vertex 1.0507340418e+01 -8.0000000000e+00 9.6899441882e-02
   endloop
 endfacet
 facet normal  7.1535269024e-02 2.0870950118e-02 9.9721968930e-01
   outer loop
     vertex 1.0507340418e+01 -8.0000000000e+00 9.6899441882e-02
     vertex 1.1515552556e+01 -1.0000000000e+01 6.6433912007e-02
     vertex 1.0706032755e+01 -8.0000000000e+00 8.2646303962e-02
   endloop
 endfacet
 facet normal  6.2283048187e-02 1.7120412754e-02 9.9791167614e-01
   outer loop
     vertex 1.1515552556e+01 -1.0000000000e+01 6.6433912007e-02
     vertex 1.1680516847e+01 -1.0000000000e+01 5.6137931771e-02
     vertex 1.0706032755e+01 -8.0000000000e+00 8.2646303962e-02
   endloop
 endfacet
 facet normal  9.1889491307e-02 3.1580952628e-02 9.9526828786e-01
   outer loop
     vertex 1.0706032755e+01 -8.0000000000e+00 8.2646303962e-02
     vertex 1.1680516847e+01 -1.0000000000e+01 5.6137931771e-02
     vertex 1.0888936601e+01 -8.0000000000e+00 6.5759458894e-02
   endloop
 endfacet
 facet normal  7.7610573733e-02 2.5922866973e-02 9.9664667953e-01
   outer loop
     vertex 1.1680516847e+01 -1.0000000000e+01 5.6137931771e-02
     vertex 1.1832481165e+01 -1.0000000000e+01 4.4304211576e-02
     vertex 1.0888936601e+01 -8.0000000000e+00 6.5759458894e-02
   endloop
 endfacet
 facet normal  1.0728955282e-01 3.9959153095e-02 9.9342449031e-01
   outer loop
     vertex 1.0888936601e+01 -8.0000000000e+00 6.5759458894e-02
     vertex 1.1832481165e+01 -1.0000000000e+01 4.4304211576e-02
     vertex 1.1045165928e+01 -8.0000000000e+00 4.8886737541e-02
   endloop
 endfacet
 facet normal  8.8748627740e-02 3.2655578514e-02 9.9551860569e-01
   outer loop
     vertex 1.1832481165e+01 -1.0000000000e+01 4.4304211576e-02
     vertex 1.1962381423e+01 -1.0000000000e+01 3.2723845754e-02
     vertex 1.1045165928e+01 -8.0000000000e+00 4.8886737541e-02
   endloop
 endfacet
 facet normal  1.1912720631e-01 4.6617610998e-02 9.9178400222e-01
   outer loop
     vertex 1.1045165928e+01 -8.0000000000e+00 4.8886737541e-02
     vertex 1.1962381423e+01 -1.0000000000e+01 3.2723845754e-02
     vertex 1.1170303879e+01 -8.0000000000e+00 3.3855909749e-02
   endloop
 endfacet
 facet normal  9.7123302614e-02 3.7901646126e-02 9.9455041567e-01
   outer loop
     vertex 1.1962381423e+01 -1.0000000000e+01 3.2723845754e-02
     vertex 1.2066504721e+01 -1.0000000000e+01 2.2555634704e-02
     vertex 1.1170303879e+01 -8.0000000000e+00 3.3855909749e-02
   endloop
 endfacet
 facet normal  1.2823479077e-01 5.1866242857e-02 9.9038665747e-01
   outer loop
     vertex 1.1170303879e+01 -8.0000000000e+00 3.3855909749e-02
     vertex 1.2066504721e+01 -1.0000000000e+01 2.2555634704e-02
     vertex 1.1265477631e+01 -8.0000000000e+00 2.1532857955e-02
   endloop
 endfacet
 facet normal  1.0354254883e-01 4.1978379741e-02 9.9373877665e-01
   outer loop
     vertex 1.2066504721e+01 -1.0000000000e+01 2.2555634704e-02
     vertex 1.2145745178e+01 -1.0000000000e+01 1.4299180293e-02
     vertex 1.1265477631e+01 -8.0000000000e+00 2.1532857955e-02
   endloop
 endfacet
 facet normal  1.3518226937e-01 5.5920355404e-02 9.8924146087e-01
   outer loop
     vertex 1.1265477631e+01 -8.0000000000e+00 2.1532857955e-02
     vertex 1.2145745178e+01 -1.0000000000e+01 1.4299180293e-02
     vertex 1.1335049248e+01 -8.0000000000e+00 1.2025725958e-02
   endloop
 endfacet
 facet normal  1.0847839565e-01 4.5100352482e-02 9.9307522166e-01
   outer loop
     vertex 1.2145745178e+01 -1.0000000000e+01 1.4299180293e-02
     vertex 1.2203699268e+01 -1.0000000000e+01 7.9685755058e-03
     vertex 1.1335049248e+01 -8.0000000000e+00 1.2025725958e-02
   endloop
 endfacet
 facet normal  1.4034924418e-01 5.8952253788e-02 9.8834544641e-01
   outer loop
     vertex 1.1335049248e+01 -8.0000000000e+00 1.2025725958e-02
     vertex 1.2203699268e+01 -1.0000000000e+01 7.9685755058e-03
     vertex 1.1384447256e+01 -8.0000000000e+00 5.0109993897e-03
   endloop
 endfacet
 facet normal  1.1218761328e-01 4.7422742134e-02 9.9255479595e-01
   outer loop
     vertex 1.2203699268e+01 -1.0000000000e+01 7.9685755058e-03
     vertex 1.2244864820e+01 -1.0000000000e+01 3.3156686363e-03
     vertex 1.1384447256e+01 -8.0000000000e+00 5.0109993897e-03
   endloop
 endfacet
 facet normal  1.4406254808e-01 6.1139752869e-02 9.8767804109e-01
   outer loop
     vertex 1.1384447256e+01 -8.0000000000e+00 5.0109993897e-03
     vertex 1.2244864820e+01 -1.0000000000e+01 3.3156686363e-03
     vertex 1.1418802154e+01 -8.0000000000e+00 0.0000000000e+00
   endloop
 endfacet
 facet normal  1.1487220771e-01 4.9090668887e-02 9.9216655967e-01
   outer loop
     vertex 1.2244864820e+01 -1.0000000000e+01 3.3156686363e-03
     vertex 1.2273502692e+01 -1.0000000000e+01 0.0000000000e+00
     vertex 1.1418802154e+01 -8.0000000000e+00 0.0000000000e+00
   endloop
 endfacet
 facet normal  0.0000000000e+00 -1.0000000000e+00 0.0000000000e+00
   outer loop
     vertex 1.2273502692e+01 -1.0000000000e+01 0.0000000000e+00
     vertex 1.2244864820e+01 -1.0000000000e+01 -1.6578343181e-03
     vertex 1.2244864820e+01 -1.0000000000e+01 -3.3156686363e-03
   endloop
 endfacet
 facet normal  0.0000000000e+00 -1.0000000000e+00 -0.0000000000e+00
   outer loop
     vertex 1.2244864820e+01 -1.0000000000e+01 -3.3156686363e-03
     vertex 1.2244864820e+01 -1.0000000000e+01 -1.6578343181e-03
     vertex 1.2203699268e+01 -1.0000000000e+01 -3.9842877529e-03
   endloop
 endfacet
 facet normal  0.0000000000e+00 -1.0000000000e+00 0.0000000000e+00
   outer loop
     vertex 1.2244864820e+01 -1.0000000000e+01 -3.3156686363e-03
     vertex 1.2203699268e+01 -1.0000000000e+01 -3.9842877529e-03
     vertex 1.2203699268e+01 -1.0000000000e+01 -7.9685755058e-03
   endloop
 endfacet
 facet normal  0.0000000000e+00 -1.0000000000e+00 -0.0000000000e+00
   outer loop
     vertex 1.2203699268e+01 -1.0000000000e+01 -7.9685755058e-03
     vertex 1.2203699268e+01 -1.0000000000e+01 -3.9842877529e-03
     vertex 1.2145745178e+01 -1.0000000000e+01 -7.1495901467e-03
   endloop
 endfacet
 facet normal  0.0000000000e+00 -1.0000000000e+00 0.0000000000e+00
   outer loop
     vertex 1.2203699268e+01 -1.0000000000e+01 -7.9685755058e-03
     vertex 1.2145745178e+01 -1.0000000000e+01 -7.1495901467e-03
     vertex 1.2145745178e+01 -1.0000000000e+01 -1.4299180293e-02
   endloop
 endfacet
 facet normal  0.0000000000e+00 -1.0000000000e+00 -0.0000000000e+00
   outer loop
     vertex 1.2145745178e+01 -1.0000000000e+01 -1.4299180293e-02
     vertex 1.2145745178e+01 -1.0000000000e+01 -7.1495901467e-03
     vertex 1.2066504721e+01 -1.0000000000e+01 -1.1277817352e-02
   endloop
 endfacet
 facet normal  0.0000000000e+00 -1.0000000000e+00 0.0000000000e+00
   outer loop
     vertex 1.2145745178e+01 -1.0000000000e+01 -1.4299180293e-02
     vertex 1.2066504721e+01 -1.0000000000e+01 -1.1277817352e-02
     vertex 1.2066504721e+01 -1.0000000000e+01 -2.2555634704e-02
   endloop
 endfacet
 facet normal  0.0000000000e+00 -1.0000000000e+00 -0.0000000000e+00
   outer loop
     vertex 1.2066504721e+01 -1.0000000000e+01 -2.2555634704e-02
     vertex 1.2066504721e+01 -1.0000000000e+01 -1.1277817352e-02
     vertex 1.1962381423e+01 -1.0000000000e+01 -1.6361922877e-02
   endloop
 endfacet
 facet normal  0.0000000000e+00 -1.0000000000e+00 0.0000000000e+00
   outer loop
     vertex 1.2066504721e+01 -1.0000000000e+01 -2.2555634704e-02
     vertex 1.1962381423e+01 -1.0000000000e+01 -1.6361922877e-02
     vertex 1.1962381423e+01 -1.0000000000e+01 -3.2723845754e-02
   endloop
 endfacet
 facet normal  0.0000000000e+00 -1.0000000000e+00 -0.0000000000e+00
   outer loop
     vertex 1.1962381423e+01 -1.0000000000e+01 -3.2723845754e-02
     vertex 1.1962381423e+01 -1.0000000000e+01 -1.6361922877e-02
     vertex 1.1832481165e+01 -1.0000000000e+01 -2.2152105788e-02
   endloop
 endfacet
 facet normal  0.0000000000e+00 -1.0000000000e+00 0.0000000000e+00
   outer loop
     vertex 1.1962381423e+01 -1.0000000000e+01 -3.2723845754e-02
     vertex 1.1832481165e+01 -1.0000000000e+01 -2.2152105788e-02
     vertex 1.1832481165e+01 -1.0000000000e+01 -4.4304211576e-02
   endloop
 endfacet
 facet normal  0.0000000000e+00 -1.0000000000e+00 -0.0000000000e+00
   outer loop
     vertex 1.1832481165e+01 -1.0000000000e+01 -4.4304211576e-02
     vertex 1.1832481165e+01 -1.0000000000e+01 -2.2152105788e-02
     vertex 1.1680516847e+01 -1.0000000000e+01 -2.8068965885e-02
   endloop
 endfacet
 facet normal  0.0000000000e+00 -1.0000000000e+00 0.0000000000e+00
   outer loop
     vertex 1.1832481165e+01 -1.0000000000e+01 -4.4304211576e-02
     vertex 1.1680516847e+01 -1.0000000000e+01 -2.8068965885e-02
     vertex 1.1680516847e+01 -1.0000000000e+01 -5.6137931771e-02
   endloop
 endfacet
 facet normal  0.0000000000e+00 -1.0000000000e+00 -0.0000000000e+00
   outer loop
     vertex 1.1680516847e+01 -1.0000000000e+01 -5.6137931771e-02
     vertex 1.1680516847e+01 -1.0000000000e+01 -2.8068965885e-02
     vertex 1.1515552556e+01 -1.0000000000e+01 -3.3216956003e-02
   endloop
 endfacet
 facet normal  0.0000000000e+00 -1.0000000000e+00 0.0000000000e+00
   outer loop
     vertex 1.1680516847e+01 -1.0000000000e+01 -5.6137931771e-02
     vertex 1.1515552556e+01 -1.0000000000e+01 -3.3216956003e-02
     vertex 1.1515552556e+01 -1.0000000000e+01 -6.6433912007e-02
   endloop
 endfacet
 facet normal  0.0000000000e+00 -1.0000000000e+00 -0.0000000000e+00
   outer loop
     vertex 1.1515552556e+01 -1.0000000000e+01 -6.6433912007e-02
     vertex 1.1515552556e+01 -1.0000000000e+01 -3.3216956003e-02
     vertex 1.1350407119e+01 -1.0000000000e+01 -7.3185426163e-02
   endloop
 endfacet
 facet normal  0.0000000000e+00 -1.0000000000e+00 0.0000000000e+00
   outer loop
     vertex 1.1515552556e+01 -1.0000000000e+01 -3.3216956003e-02
     vertex 1.1350407119e+01 -1.0000000000e+01 -3.6592713081e-02
     vertex 1.1350407119e+01 -1.0000000000e+01 -7.3185426163e-02
   endloop
 endfacet
 facet normal  0.0000000000e+00 -1.0000000000e+00 -0.0000000000e+00
   outer loop
     vertex 1.1350407119e+01 -1.0000000000e+01 -7.3185426163e-02
     vertex 1.1350407119e+01 -1.0000000000e+01 -3.6592713081e-02
     vertex 1.1197998717e+01 -1.0000000000e+01 -7.4938576424e-02
   endloop
 endfacet
 facet normal  0.0000000000e+00 -1.0000000000e+00 0.0000000000e+00
   outer loop
     vertex 1.1350407119e+01 -1.0000000000e+01 -3.6592713081e-02
     vertex 1.1197998717e+01 -1.0000000000e+01 -3.7469288212e-02
     vertex 1.1197998717e+01 -1.0000000000e+01 -7.4938576424e-02
   endloop
 endfacet
 facet normal  0.0000000000e+00 -1.0000000000e+00 -0.0000000000e+00
   outer loop
     vertex 1.1197998717e+01 -1.0000000000e+01 -7.4938576424e-02
     vertex 1.1197998717e+01 -1.0000000000e+01 -3.7469288212e-02
     vertex 1.1067640090e+01 -1.0000000000e+01 -7.1416701660e-02
   endloop
 endfacet
 facet normal  0.0000000000e+00 -1.0000000000e+00 0.0000000000e+00
   outer loop
     vertex 1.1197998717e+01 -1.0000000000e+01 -3.7469288212e-02
     vertex 1.1067640090e+01 -1.0000000000e+01 -3.5708350830e-02
     vertex 1.1067640090e+01 -1.0000000000e+01 -7.1416701660e-02
   endloop
 endfacet
 facet normal  0.0000000000e+00 -1.0000000000e+00 -0.0000000000e+00
   outer loop
     vertex 1.1067640090e+01 -1.0000000000e+01 -7.1416701660e-02
     vertex 1.1067640090e+01 -1.0000000000e+01 -3.5708350830e-02
     vertex 1.0963339447e+01 -1.0000000000e+01 -6.3434304895e-02
   endloop
 endfacet
 facet normal  0.0000000000e+00 -1.0000000000e+00 0.0000000000e+00
   outer loop
     vertex 1.1067640090e+01 -1.0000000000e+01 -3.5708350830e-02
     vertex 1.0963339447e+01 -1.0000000000e+01 -3.1717152447e-02
     vertex 1.0963339447e+01 -1.0000000000e+01 -6.3434304895e-02
   endloop
 endfacet
 facet normal  0.0000000000e+00 -1.0000000000e+00 -0.0000000000e+00
   outer loop
     vertex 1.0963339447e+01 -1.0000000000e+01 -6.3434304895e-02
     vertex 1.0963339447e+01 -1.0000000000e+01 -3.1717152447e-02
     vertex 1.0884479641e+01 -1.0000000000e+01 -5.2233995566e-02
   endloop
 endfacet
 facet normal  0.0000000000e+00 -1.0000000000e+00 0.0000000000e+00
   outer loop
     vertex 1.0963339447e+01 -1.0000000000e+01 -3.1717152447e-02
     vertex 1.0884479641e+01 -1.0000000000e+01 -2.6116997783e-02
     vertex 1.0884479641e+01 -1.0000000000e+01 -5.2233995566e-02
   endloop
 endfacet
 facet normal  0.0000000000e+00 -1.0000000000e+00 -0.0000000000e+00
   outer loop
     vertex 1.0884479641e+01 -1.0000000000e+01 -5.2233995566e-02
     vertex 1.0884479641e+01 -1.0000000000e+01 -2.6116997783e-02
     vertex 1.0827816042e+01 -1.0000000000e+01 -3.8665552636e-02
   endloop
 endfacet
 facet normal  0.0000000000e+00 -1.0000000000e+00 0.0000000000e+00
   outer loop
     vertex 1.0884479641e+01 -1.0000000000e+01 -2.6116997783e-02
     vertex 1.0827816042e+01 -1.0000000000e+01 -1.9332776318e-02
     vertex 1.0827816042e+01 -1.0000000000e+01 -3.8665552636e-02
   endloop
 endfacet
 facet normal  0.0000000000e+00 -1.0000000000e+00 -0.0000000000e+00
   outer loop
     vertex 1.0827816042e+01 -1.0000000000e+01 -3.8665552636e-02
     vertex 1.0827816042e+01 -1.0000000000e+01 -1.9332776318e-02
     vertex 1.0789892730e+01 -1.0000000000e+01 -2.2274325471e-02
   endloop
 endfacet
 facet normal  0.0000000000e+00 -1.0000000000e+00 0.0000000000e+00
   outer loop
     vertex 1.0827816042e+01 -1.0000000000e+01 -1.9332776318e-02
     vertex 1.0789892730e+01 -1.0000000000e+01 -1.1137162736e-02
     vertex 1.0789892730e+01 -1.0000000000e+01 -2.2274325471e-02
   endloop
 endfacet
 facet normal  -0.0000000000e+00 -1.0000000000e+00 -0.0000000000e+00
   outer loop
     vertex 1.0789892730e+01 -1.0000000000e+01 -2.2274325471e-02
     vertex 1.0789892730e+01 -1.0000000000e+01 -1.1137162736e-02
     vertex 1.0773502692e+01 -1.0000000000e+01 0.0000000000e+00
   endloop
 endfacet
 facet normal  -0.0000000000e+00 -1.0000000000e+00 0.0000000000e+00
   outer loop
     vertex 1.0773502692e+01 -1.0000000000e+01 0.0000000000e+00
     vertex 1.0789892730e+01 -1.0000000000e+01 1.1137162736e-02
     vertex 1.0789892730e+01 -1.0000000000e+01 2.2274325471e-02
   endloop
 endfacet
 facet normal  0.0000000000e+00 -1.0000000000e+00 0.0000000000e+00
   outer loop
     vertex 1.0789892730e+01 -1.0000000000e+01 2.2274325471e-02
     vertex 1.0789892730e+01 -1.0000000000e+01 1.1137162736e-02
     vertex 1.0827816042e+01 -1.0000000000e+01 1.9332776318e-02
   endloop
 endfacet
 facet normal  0.0000000000e+00 -1.0000000000e+00 0.0000000000e+00
   outer loop
     vertex 1.0789892730e+01 -1.0000000000e+01 2.2274325471e-02
     vertex 1.0827816042e+01 -1.0000000000e+01 1.9332776318e-02
     vertex 1.0827816042e+01 -1.0000000000e+01 3.8665552636e-02
   endloop
 endfacet
 facet normal  0.0000000000e+00 -1.0000000000e+00 0.0000000000e+00
   outer loop
     vertex 1.0827816042e+01 -1.0000000000e+01 3.8665552636e-02
     vertex 1.0827816042e+01 -1.0000000000e+01 1.9332776318e-02
     vertex 1.0884479641e+01 -1.0000000000e+01 2.6116997783e-02
   endloop
 endfacet
 facet normal  0.0000000000e+00 -1.0000000000e+00 0.0000000000e+00
   outer loop
     vertex 1.0827816042e+01 -1.0000000000e+01 3.8665552636e-02
     vertex 1.0884479641e+01 -1.0000000000e+01 2.6116997783e-02
     vertex 1.0884479641e+01 -1.0000000000e+01 5.2233995566e-02
   endloop
 endfacet
 facet normal  0.0000000000e+00 -1.0000000000e+00 0.0000000000e+00
   outer loop
     vertex 1.0884479641e+01 -1.0000000000e+01 5.2233995566e-02
     vertex 1.0884479641e+01 -1.0000000000e+01 2.6116997783e-02
     vertex 1.0963339447e+01 -1.0000000000e+01 3.1717152447e-02
   endloop
 endfacet
 facet normal  0.0000000000e+00 -1.0000000000e+00 0.0000000000e+00
   outer loop
     vertex 1.0884479641e+01 -1.0000000000e+01 5.2233995566e-02
     vertex 1.0963339447e+01 -1.0000000000e+01 3.1717152447e-02
     vertex 1.0963339447e+01 -1.0000000000e+01 6.3434304895e-02
   endloop
 endfacet
 facet normal  0.0000000000e+00 -1.0000000000e+00 0.0000000000e+00
   outer loop
     vertex 1.0963339447e+01 -1.0000000000e+01 6.3434304895e-02
     vertex 1.0963339447e+01 -1.0000000000e+01 3.1717152447e-02
     vertex 1.1067640090e+01 -1.0000000000e+01 3.5708350830e-02
   endloop
 endfacet
 facet normal  0.0000000000e+00 -1.0000000000e+00 0.0000000000e+00
   outer loop
     vertex 1.0963339447e+01 -1.0000000000e+01 6.3434304895e-02
     vertex 1.1067640090e+01 -1.0000000000e+01 3.5708350830e-02
     vertex 1.1067640090e+01 -1.0000000000e+01 7.1416701660e-02
   endloop
 endfacet
 facet normal  0.0000000000e+00 -1.0000000000e+00 0.0000000000e+00
   outer loop
     vertex 1.1067640090e+01 -1.0000000000e+01 7.1416701660e-02
     vertex 1.1067640090e+01 -1.0000000000e+01 3.5708350830e-02
     vertex 1.1197998717e+01 -1.0000000000e+01 3.7469288212e-02
   endloop
 endfacet
 facet normal  0.0000000000e+00 -1.0000000000e+00 0.0000000000e+00
   outer loop
     vertex 1.1067640090e+01 -1.0000000000e+01 7.1416701660e-02
     vertex 1.1197998717e+01 -1.0000000000e+01 3.7469288212e-02
     vertex 1.1197998717e+01 -1.0000000000e+01 7.4938576424e-02
   endloop
 endfacet
 facet normal  0.0000000000e+00 -1.0000000000e+00 0.0000000000e+00
   outer loop
     vertex 1.1197998717e+01 -1.0000000000e+01 7.4938576424e-02
     vertex 1.1197998717e+01 -1.0000000000e+01 3.7469288212e-02
     vertex 1.1350407119e+01 -1.0000000000e+01 3.6592713081e-02
   endloop
 endfacet
 facet normal  0.0000000000e+00 -1.0000000000e+00 0.0000000000e+00
   outer loop
     vertex 1.1197998717e+01 -1.0000000000e+01 7.4938576424e-02
     vertex 1.1350407119e+01 -1.0000000000e+01 3.6592713081e-02
     vertex 1.1350407119e+01 -1.0000000000e+01 7.3185426163e-02
   endloop
 endfacet
 facet normal  0.0000000000e+00 -1.0000000000e+00 0.0000000000e+00
   outer loop
     vertex 1.1350407119e+01 -1.0000000000e+01 7.3185426163e-02
     vertex 1.1350407119e+01 -1.0000000000e+01 3.6592713081e-02
     vertex 1.1515552556e+01 -1.0000000000e+01 3.3216956003e-02
   endloop
 endfacet
 facet normal  0.0000000000e+00 -1.0000000000e+00 0.0000000000e+00
   outer loop
     vertex 1.1350407119e+01 -1.0000000000e+01 7.3185426163e-02
     vertex 1.1515552556e+01 -1.0000000000e+01 3.3216956003e-02
     vertex 1.1515552556e+01 -1.0000000000e+01 6.6433912007e-02
   endloop
 endfacet
 facet normal  0.0000000000e+00 -1.0000000000e+00 0.0000000000e+00
   outer loop
     vertex 1.1515552556e+01 -1.0000000000e+01 6.6433912007e-02
     vertex 1.1515552556e+01 -1.0000000000e+01 3.3216956003e-02
     vertex 1.1680516847e+01 -1.0000000000e+01 5.6137931771e-02
   endloop
 endfacet
 facet normal  0.0000000000e+00 -1.0000000000e+00 0.0000000000e+00
   outer loop
     vertex 1.1515552556e+01 -1.0000000000e+01 3.3216956003e-02
     vertex 1.1680516847e+01 -1.0000000000e+01 2.8068965885e-02
     vertex 1.1680516847e+01 -1.0000000000e+01 5.6137931771e-02
   endloop
 endfacet
 facet normal  0.0000000000e+00 -1.0000000000e+00 0.0000000000e+00
   outer loop
     vertex 1.1680516847e+01 -1.0000000000e+01 5.6137931771e-02
     vertex 1.1680516847e+01 -1.0000000000e+01 2.8068965885e-02
     vertex 1.1832481165e+01 -1.0000000000e+01 4.4304211576e-02
   endloop
 endfacet
 facet normal  0.0000000000e+00 -1.0000000000e+00 0.0000000000e+00
   outer loop
     vertex 1.1680516847e+01 -1.0000000000e+01 2.8068965885e-02
     vertex 1.1832481165e+01 -1.0000000000e+01 2.2152105788e-02
     vertex 1.1832481165e+01 -1.0000000000e+01 4.4304211576e-02
   endloop
 endfacet
 facet normal  0.0000000000e+00 -1.0000000000e+00 0.0000000000e+00
   outer loop
     vertex 1.1832481165e+01 -1.0000000000e+01 4.4304211576e-02
     vertex 1.1832481165e+01 -1.0000000000e+01 2.2152105788e-02
     vertex 1.1962381423e+01 -1.0000000000e+01 3.2723845754e-02
   endloop
 endfacet
 facet normal  0.0000000000e+00 -1.0000000000e+00 0.0000000000e+00
   outer loop
     vertex 1.1832481165e+01 -1.0000000000e+01 2.2152105788e-02
     vertex 1.1962381423e+01 -1.0000000000e+01 1.6361922877e-02
     vertex 1.1962381423e+01 -1.0000000000e+01 3.2723845754e-02
   endloop
 endfacet
 facet normal  0.0000000000e+00 -1.0000000000e+00 0.0000000000e+00
   outer loop
     vertex 1.1962381423e+01 -1.0000000000e+01 3.2723845754e-02
     vertex 1.1962381423e+01 -1.0000000000e+01 1.6361922877e-02
     vertex 1.2066504721e+01 -1.0000000000e+01 2.2555634704e-02
   endloop
 endfacet
 facet normal  0.0000000000e+00 -1.0000000000e+00 0.0000000000e+00
   outer loop
     vertex 1.1962381423e+01 -1.0000000000e+01 1.6361922877e-02
     vertex 1.2066504721e+01 -1.0000000000e+01 1.1277817352e-02
     vertex 1.2066504721e+01 -1.0000000000e+01 2.2555634704e-02
   endloop
 endfacet
 facet normal  0.0000000000e+00 -1.0000000000e+00 0.0000000000e+00
   outer loop
     vertex 1.2066504721e+01 -1.0000000000e+01 2.2555634704e-02
     vertex 1.2066504721e+01 -1.0000000000e+01 1.1277817352e-02
     vertex 1.2145745178e+01 -1.0000000000e+01 1.4299180293e-02
   endloop
 endfacet
 facet normal  0.0000000000e+00 -1.0000000000e+00 0.0000000000e+00
   outer loop
     vertex 1.2066504721e+01 -1.0000000000e+01 1.1277817352e-02
     vertex 1.2145745178e+01 -1.0000000000e+01 7.1495901467e-03
     vertex 1.2145745178e+01 -1.0000000000e+01 1.4299180293e-02
   endloop
 endfacet
 facet normal  0.0000000000e+00 -1.0000000000e+00 0.0000000000e+00
   outer loop
     vertex 1.2145745178e+01 -1.0000000000e+01 1.4299180293e-02
     vertex 1.2145745178e+01 -1.0000000000e+01 7.1495901467e-03
     vertex 1.2203699268e+01 -1.0000000000e+01 7.9685755058e-03
   endloop
 endfacet
 facet normal  0.0000000000e+00 -1.0000000000e+00 0.0000000000e+00
   outer loop
     vertex 1.2145745178e+01 -1.0000000000e+01 7.1495901467e-03
     vertex 1.2203699268e+01 -1.0000000000e+01 3.9842877529e-03
     vertex 1.2203699268e+01 -1.0000000000e+01 7.9685755058e-03
   endloop
 endfacet
 facet normal  0.0000000000e+00 -1.0000000000e+00 0.0000000000e+00
   outer loop
     vertex 1.2203699268e+01 -1.0000000000e+01 7.9685755058e-03
     vertex 1.2203699268e+01 -1.0000000000e+01 3.9842877529e-03
     vertex 1.2244864820e+01 -1.0000000000e+01 3.3156686363e-03
   endloop
 endfacet
 facet normal  0.0000000000e+00 -1.0000000000e+00 0.0000000000e+00
   outer loop
     vertex 1.2203699268e+01 -1.0000000000e+01 3.9842877529e-03
     vertex 1.2244864820e+01 -1.0000000000e+01 1.6578343181e-03
     vertex 1.2244864820e+01 -1.0000000000e+01 3.3156686363e-03
   endloop
 endfacet
 facet normal  0.0000000000e+00 -1.0000000000e+00 0.0000000000e+00
   outer loop
     vertex 1.2244864820e+01 -1.0000000000e+01 3.3156686363e-03
     vertex 1.2244864820e+01 -1.0000000000e+01 1.6578343181e-03
     vertex 1.2273502692e+01 -1.0000000000e+01 0.0000000000e+00
   endloop
 endfacet
 facet normal  0.0000000000e+00 -1.0000000000e+00 0.0000000000e+00
   outer loop
     vertex 1.2273502692e+01 -1.0000000000e+01 0.0000000000e+00
     vertex 1.2244864820e+01 -1.0000000000e+01 2.5757728621e-16
     vertex 1.2244864820e+01 -1.0000000000e+01 -1.6578343181e-03
   endloop
 endfacet
 facet normal  -0.0000000000e+00 -1.0000000000e+00 -0.0000000000e+00
   outer loop
     vertex 1.2244864820e+01 -1.0000000000e+01 -1.6578343181e-03
     vertex 1.2244864820e+01 -1.0000000000e+01 2.5757728621e-16
     vertex 1.2203699268e+01 -1.0000000000e+01 3.7178772166e-16
   endloop
 endfacet
 facet normal  0.0000000000e+00 -1.0000000000e+00 0.0000000000e+00
   outer loop
     vertex 1.2244864820e+01 -1.0000000000e+01 -1.6578343181e-03
     vertex 1.2203699268e+01 -1.0000000000e+01 3.7178772166e-16
     vertex 1.2203699268e+01 -1.0000000000e+01 -3.9842877529e-03
   endloop
 endfacet
 facet normal  0.0000000000e+00 -1.0000000000e+00 -0.0000000000e+00
   outer loop
     vertex 1.2203699268e+01 -1.0000000000e+01 -3.9842877529e-03
     vertex 1.2203699268e+01 -1.0000000000e+01 3.7178772166e-16
     vertex 1.2145745178e+01 -1.0000000000e+01 2.3548395292e-16
   endloop
 endfacet
 facet normal  0.0000000000e+00 -1.0000000000e+00 0.0000000000e+00
   outer loop
     vertex 1.2203699268e+01 -1.0000000000e+01 -3.9842877529e-03
     vertex 1.2145745178e+01 -1.0000000000e+01 2.3548395292e-16
     vertex 1.2145745178e+01 -1.0000000000e+01 -7.1495901467e-03
   endloop
 endfacet
 facet normal  0.0000000000e+00 -1.0000000000e+00 -0.0000000000e+00
   outer loop
     vertex 1.2145745178e+01 -1.0000000000e+01 -7.1495901467e-03
     vertex 1.2145745178e+01 -1.0000000000e+01 2.3548395292e-16
     vertex 1.2066504721e+01 -1.0000000000e+01 3.7651901210e-17
   endloop
 endfacet
 facet normal  0.0000000000e+00 -1.0000000000e+00 0.0000000000e+00
   outer loop
     vertex 1.2145745178e+01 -1.0000000000e+01 -7.1495901467e-03
     vertex 1.2066504721e+01 -1.0000000000e+01 3.7651901210e-17
     vertex 1.2066504721e+01 -1.0000000000e+01 -1.1277817352e-02
   endloop
 endfacet
 facet normal  0.0000000000e+00 -1.0000000000e+00 -0.0000000000e+00
   outer loop
     vertex 1.2066504721e+01 -1.0000000000e+01 -1.1277817352e-02
     vertex 1.2066504721e+01 -1.0000000000e+01 3.7651901210e-17
     vertex 1.1962381423e+01 -1.0000000000e+01 2.4343664907e-17
   endloop
 endfacet
 facet normal  0.0000000000e+00 -1.0000000000e+00 0.0000000000e+00
   outer loop
     vertex 1.2066504721e+01 -1.0000000000e+01 -1.1277817352e-02
     vertex 1.1962381423e+01 -1.0000000000e+01 2.4343664907e-17
     vertex 1.1962381423e+01 -1.0000000000e+01 -1.6361922877e-02
   endloop
 endfacet
 facet normal  -0.0000000000e+00 -1.0000000000e+00 -0.0000000000e+00
   outer loop
     vertex 1.1962381423e+01 -1.0000000000e+01 -1.6361922877e-02
     vertex 1.1962381423e+01 -1.0000000000e+01 2.4343664907e-17
     vertex 1.1832481165e+01 -1.0000000000e+01 4.1227815024e-17
   endloop
 endfacet
 facet normal  0.0000000000e+00 -1.0000000000e+00 0.0000000000e+00
   outer loop
     vertex 1.1962381423e+01 -1.0000000000e+01 -1.6361922877e-02
     vertex 1.1832481165e+01 -1.0000000000e+01 4.1227815024e-17
     vertex 1.1832481165e+01 -1.0000000000e+01 -2.2152105788e-02
   endloop
 endfacet
 facet normal  0.0000000000e+00 -1.0000000000e+00 -0.0000000000e+00
   outer loop
     vertex 1.1832481165e+01 -1.0000000000e+01 -2.2152105788e-02
     vertex 1.1832481165e+01 -1.0000000000e+01 4.1227815024e-17
     vertex 1.1680516847e+01 -1.0000000000e+01 2.8820814409e-17
   endloop
 endfacet
 facet normal  0.0000000000e+00 -1.0000000000e+00 0.0000000000e+00
   outer loop
     vertex 1.1832481165e+01 -1.0000000000e+01 -2.2152105788e-02
     vertex 1.1680516847e+01 -1.0000000000e+01 2.8820814409e-17
     vertex 1.1680516847e+01 -1.0000000000e+01 -2.8068965885e-02
   endloop
 endfacet
 facet normal  0.0000000000e+00 -1.0000000000e+00 -0.0000000000e+00
   outer loop
     vertex 1.1680516847e+01 -1.0000000000e+01 -2.8068965885e-02
     vertex 1.1680516847e+01 -1.0000000000e+01 2.8820814409e-17
     vertex 1.1515552556e+01 -1.0000000000e+01 1.3877787808e-17
   endloop
 endfacet
 facet normal  0.0000000000e+00 -1.0000000000e+00 0.0000000000e+00
   outer loop
     vertex 1.1680516847e+01 -1.0000000000e+01 -2.8068965885e-02
     vertex 1.1515552556e+01 -1.0000000000e+01 1.3877787808e-17
     vertex 1.1515552556e+01 -1.0000000000e+01 -3.3216956003e-02
   endloop
 endfacet
 facet normal  0.0000000000e+00 -1.0000000000e+00 -0.0000000000e+00
   outer loop
     vertex 1.1515552556e+01 -1.0000000000e+01 -3.3216956003e-02
     vertex 1.1515552556e+01 -1.0000000000e+01 1.3877787808e-17
     vertex 1.1350407119e+01 -1.0000000000e+01 -3.6592713081e-02
   endloop
 endfacet
 facet normal  0.0000000000e+00 -1.0000000000e+00 0.0000000000e+00
   outer loop
     vertex 1.1515552556e+01 -1.0000000000e+01 1.3877787808e-17
     vertex 1.1350407119e+01 -1.0000000000e+01 -1.3827771565e-17
     vertex 1.1350407119e+01 -1.0000000000e+01 -3.6592713081e-02
   endloop
 endfacet
 facet normal  0.0000000000e+00 -1.0000000000e+00 -0.0000000000e+00
   outer loop
     vertex 1.1350407119e+01 -1.0000000000e+01 -3.6592713081e-02
     vertex 1.1350407119e+01 -1.0000000000e+01 -1.3827771565e-17
     vertex 1.1197998717e+01 -1.0000000000e+01 -3.7469288212e-02
   endloop
 endfacet
 facet normal  0.0000000000e+00 -1.0000000000e+00 0.0000000000e+00
   outer loop
     vertex 1.1350407119e+01 -1.0000000000e+01 -1.3827771565e-17
     vertex 1.1197998717e+01 -1.0000000000e+01 2.2707375604e-19
     vertex 1.1197998717e+01 -1.0000000000e+01 -3.7469288212e-02
   endloop
 endfacet
 facet normal  0.0000000000e+00 -1.0000000000e+00 -0.0000000000e+00
   outer loop
     vertex 1.1197998717e+01 -1.0000000000e+01 -3.7469288212e-02
     vertex 1.1197998717e+01 -1.0000000000e+01 2.2707375604e-19
     vertex 1.1067640090e+01 -1.0000000000e+01 -3.5708350830e-02
   endloop
 endfacet
 facet normal  0.0000000000e+00 -1.0000000000e+00 0.0000000000e+00
   outer loop
     vertex 1.1197998717e+01 -1.0000000000e+01 2.2707375604e-19
     vertex 1.1067640090e+01 -1.0000000000e+01 -1.8155129682e-17
     vertex 1.1067640090e+01 -1.0000000000e+01 -3.5708350830e-02
   endloop
 endfacet
 facet normal  0.0000000000e+00 -1.0000000000e+00 -0.0000000000e+00
   outer loop
     vertex 1.1067640090e+01 -1.0000000000e+01 -3.5708350830e-02
     vertex 1.1067640090e+01 -1.0000000000e+01 -1.8155129682e-17
     vertex 1.0963339447e+01 -1.0000000000e+01 -3.1717152447e-02
   endloop
 endfacet
 facet normal  0.0000000000e+00 -1.0000000000e+00 0.0000000000e+00
   outer loop
     vertex 1.1067640090e+01 -1.0000000000e+01 -1.8155129682e-17
     vertex 1.0963339447e+01 -1.0000000000e+01 -1.0151350260e-17
     vertex 1.0963339447e+01 -1.0000000000e+01 -3.1717152447e-02
   endloop
 endfacet
 facet normal  0.0000000000e+00 -1.0000000000e+00 -0.0000000000e+00
   outer loop
     vertex 1.0963339447e+01 -1.0000000000e+01 -3.1717152447e-02
     vertex 1.0963339447e+01 -1.0000000000e+01 -1.0151350260e-17
     vertex 1.0884479641e+01 -1.0000000000e+01 -2.6116997783e-02
   endloop
 endfacet
 facet normal  0.0000000000e+00 -1.0000000000e+00 0.0000000000e+00
   outer loop
     vertex 1.0963339447e+01 -1.0000000000e+01 -1.0151350260e-17
     vertex 1.0884479641e+01 -1.0000000000e+01 -4.5806454348e-17
     vertex 1.0884479641e+01 -1.0000000000e+01 -2.6116997783e-02
   endloop
 endfacet
 facet normal  0.0000000000e+00 -1.0000000000e+00 -0.0000000000e+00
   outer loop
     vertex 1.0884479641e+01 -1.0000000000e+01 -2.6116997783e-02
     vertex 1.0884479641e+01 -1.0000000000e+01 -4.5806454348e-17
     vertex 1.0827816042e+01 -1.0000000000e+01 -1.9332776318e-02
   endloop
 endfacet
 facet normal  0.0000000000e+00 -1.0000000000e+00 0.0000000000e+00
   outer loop
     vertex 1.0884479641e+01 -1.0000000000e+01 -4.5806454348e-17
     vertex 1.0827816042e+01 -1.0000000000e+01 -7.0075661464e-18
     vertex 1.0827816042e+01 -1.0000000000e+01 -1.9332776318e-02
   endloop
 endfacet
 facet normal  0.0000000000e+00 -1.0000000000e+00 -0.0000000000e+00
   outer loop
     vertex 1.0827816042e+01 -1.0000000000e+01 -1.9332776318e-02
     vertex 1.0827816042e+01 -1.0000000000e+01 -7.0075661464e-18
     vertex 1.0789892730e+01 -1.0000000000e+01 -1.1137162736e-02
   endloop
 endfacet
 facet normal  0.0000000000e+00 -1.0000000000e+00 0.0000000000e+00
   outer loop
     vertex 1.0827816042e+01 -1.0000000000e+01 -7.0075661464e-18
     vertex 1.0789892730e+01 -1.0000000000e+01 -1.3881566392e-16
     vertex 1.0789892730e+01 -1.0000000000e+01 -1.1137162736e-02
   endloop
 endfacet
 facet normal  -0.0000000000e+00 -1.0000000000e+00 -0.0000000000e+00
   outer loop
     vertex 1.0789892730e+01 -1.0000000000e+01 -1.1137162736e-02
     vertex 1.0789892730e+01 -1.0000000000e+01 -1.3881566392e-16
     vertex 1.0773502692e+01 -1.0000000000e+01 0.0000000000e+00
   endloop
 endfacet
 facet normal  0.0000000000e+00 -1.0000000000e+00 0.0000000000e+00
   outer loop
     vertex 1.0773502692e+01 -1.0000000000e+01 0.0000000000e+00
     vertex 1.0789892730e+01 -1.0000000000e+01 -1.3881566392e-16
     vertex 1.0789892730e+01 -1.0000000000e+01 1.1137162736e-02
   endloop
 endfacet
 facet normal  0.0000000000e+00 -1.0000000000e+00 0.0000000000e+00
   outer loop
     vertex 1.0789892730e+01 -1.0000000000e+01 1.1137162736e-02
     vertex 1.0789892730e+01 -1.0000000000e+01 -1.3881566392e-16
     vertex 1.0827816042e+01 -1.0000000000e+01 -7.0075661464e-18
   endloop
 endfacet
 facet normal  0.0000000000e+00 -1.0000000000e+00 0.0000000000e+00
   outer loop
     vertex 1.0789892730e+01 -1.0000000000e+01 1.1137162736e-02
     vertex 1.0827816042e+01 -1.0000000000e+01 -7.0075661464e-18
     vertex 1.0827816042e+01 -1.0000000000e+01 1.9332776318e-02
   endloop
 endfacet
 facet normal  0.0000000000e+00 -1.0000000000e+00 0.0000000000e+00
   outer loop
     vertex 1.0827816042e+01 -1.0000000000e+01 1.9332776318e-02
     vertex 1.0827816042e+01 -1.0000000000e+01 -7.0075661464e-18
     vertex 1.0884479641e+01 -1.0000000000e+01 -4.5806454348e-17
   endloop
 endfacet
 facet normal  0.0000000000e+00 -1.0000000000e+00 0.0000000000e+00
   outer loop
     vertex 1.0827816042e+01 -1.0000000000e+01 1.9332776318e-02
     vertex 1.0884479641e+01 -1.0000000000e+01 -4.5806454348e-17
     vertex 1.0884479641e+01 -1.0000000000e+01 2.6116997783e-02
   endloop
 endfacet
 facet normal  0.0000000000e+00 -1.0000000000e+00 0.0000000000e+00
   outer loop
     vertex 1.0884479641e+01 -1.0000000000e+01 2.6116997783e-02
     vertex 1.0884479641e+01 -1.0000000000e+01 -4.5806454348e-17
     vertex 1.0963339447e+01 -1.0000000000e+01 -1.0151350260e-17
   endloop
 endfacet
 facet normal  0.0000000000e+00 -1.0000000000e+00 0.0000000000e+00
   outer loop
     vertex 1.0884479641e+01 -1.0000000000e+01 2.6116997783e-02
     vertex 1.0963339447e+01 -1.0000000000e+01 -1.0151350260e-17
     vertex 1.0963339447e+01 -1.0000000000e+01 3.1717152447e-02
   endloop
 endfacet
 facet normal  0.0000000000e+00 -1.0000000000e+00 0.0000000000e+00
   outer loop
     vertex 1.0963339447e+01 -1.0000000000e+01 3.1717152447e-02
     vertex 1.0963339447e+01 -1.0000000000e+01 -1.0151350260e-17
     vertex 1.1067640090e+01 -1.0000000000e+01 -1.8155129682e-17
   endloop
 endfacet
 facet normal  0.0000000000e+00 -1.0000000000e+00 0.0000000000e+00
   outer loop
     vertex 1.0963339447e+01 -1.0000000000e+01 3.1717152447e-02
     vertex 1.1067640090e+01 -1.0000000000e+01 -1.8155129682e-17
     vertex 1.1067640090e+01 -1.0000000000e+01 3.5708350830e-02
   endloop
 endfacet
 facet normal  0.0000000000e+00 -1.0000000000e+00 0.0000000000e+00
   outer loop
     vertex 1.1067640090e+01 -1.0000000000e+01 3.5708350830e-02
     vertex 1.1067640090e+01 -1.0000000000e+01 -1.8155129682e-17
     vertex 1.1197998717e+01 -1.0000000000e+01 2.2707375604e-19
   endloop
 endfacet
 facet normal  0.0000000000e+00 -1.0000000000e+00 0.0000000000e+00
   outer loop
     vertex 1.1067640090e+01 -1.0000000000e+01 3.5708350830e-02
     vertex 1.1197998717e+01 -1.0000000000e+01 2.2707375604e-19
     vertex 1.1197998717e+01 -1.0000000000e+01 3.7469288212e-02
   endloop
 endfacet
 facet normal  0.0000000000e+00 -1.0000000000e+00 0.0000000000e+00
   outer loop
     vertex 1.1197998717e+01 -1.0000000000e+01 3.7469288212e-02
     vertex 1.1197998717e+01 -1.0000000000e+01 2.2707375604e-19
     vertex 1.1350407119e+01 -1.0000000000e+01 -1.3827771565e-17
   endloop
 endfacet
 facet normal  0.0000000000e+00 -1.0000000000e+00 0.0000000000e+00
   outer loop
     vertex 1.1197998717e+01 -1.0000000000e+01 3.7469288212e-02
     vertex 1.1350407119e+01 -1.0000000000e+01 -1.3827771565e-17
     vertex 1.1350407119e+01 -1.0000000000e+01 3.6592713081e-02
   endloop
 endfacet
 facet normal  0.0000000000e+00 -1.0000000000e+00 0.0000000000e+00
   outer loop
     vertex 1.1350407119e+01 -1.0000000000e+01 3.6592713081e-02
     vertex 1.1350407119e+01 -1.0000000000e+01 -1.3827771565e-17
     vertex 1.1515552556e+01 -1.0000000000e+01 1.3877787808e-17
   endloop
 endfacet
 facet normal  0.0000000000e+00 -1.0000000000e+00 0.0000000000e+00
   outer loop
     vertex 1.1350407119e+01 -1.0000000000e+01 3.6592713081e-02
     vertex 1.1515552556e+01 -1.0000000000e+01 1.3877787808e-17
     vertex 1.1515552556e+01 -1.0000000000e+01 3.3216956003e-02
   endloop
 endfacet
 facet normal  0.0000000000e+00 -1.0000000000e+00 0.0000000000e+00
   outer loop
     vertex 1.1515552556e+01 -1.0000000000e+01 3.3216956003e-02
     vertex 1.1515552556e+01 -1.0000000000e+01 1.3877787808e-17
     vertex 1.1680516847e+01 -1.0000000000e+01 2.8068965885e-02
   endloop
 endfacet
 facet normal  -0.0000000000e+00 -1.0000000000e+00 0.0000000000e+00
   outer loop
     vertex 1.1515552556e+01 -1.0000000000e+01 1.3877787808e-17
     vertex 1.1680516847e+01 -1.0000000000e+01 2.8820814409e-17
     vertex 1.1680516847e+01 -1.0000000000e+01 2.8068965885e-02
   endloop
 endfacet
 facet normal  0.0000000000e+00 -1.0000000000e+00 0.0000000000e+00
   outer loop
     vertex 1.1680516847e+01 -1.0000000000e+01 2.8068965885e-02
     vertex 1.1680516847e+01 -1.0000000000e+01 2.8820814409e-17
     vertex 1.1832481165e+01 -1.0000000000e+01 2.2152105788e-02
   endloop
 endfacet
 facet normal  -0.0000000000e+00 -1.0000000000e+00 0.0000000000e+00
   outer loop
     vertex 1.1680516847e+01 -1.0000000000e+01 2.8820814409e-17
     vertex 1.1832481165e+01 -1.0000000000e+01 4.1227815024e-17
     vertex 1.1832481165e+01 -1.0000000000e+01 2.2152105788e-02
   endloop
 endfacet
 facet normal  0.0000000000e+00 -1.0000000000e+00 0.0000000000e+00
   outer loop
     vertex 1.1832481165e+01 -1.0000000000e+01 2.2152105788e-02
     vertex 1.1832481165e+01 -1.0000000000e+01 4.1227815024e-17
     vertex 1.1962381423e+01 -1.0000000000e+01 1.6361922877e-02
   endloop
 endfacet
 facet normal  0.0000000000e+00 -1.0000000000e+00 0.0000000000e+00
   outer loop
     vertex 1.1832481165e+01 -1.0000000000e+01 4.1227815024e-17
     vertex 1.1962381423e+01 -1.0000000000e+01 2.4343664907e-17
     vertex 1.1962381423e+01 -1.0000000000e+01 1.6361922877e-02
   endloop
 endfacet
 facet normal  0.0000000000e+00 -1.0000000000e+00 0.0000000000e+00
   outer loop
     vertex 1.1962381423e+01 -1.0000000000e+01 1.6361922877e-02
     vertex 1.1962381423e+01 -1.0000000000e+01 2.4343664907e-17
     vertex 1.2066504721e+01 -1.0000000000e+01 1.1277817352e-02
   endloop
 endfacet
 facet normal  -0.0000000000e+00 -1.0000000000e+00 0.0000000000e+00
   outer loop
     vertex 1.1962381423e+01 -1.0000000000e+01 2.4343664907e-17
     vertex 1.2066504721e+01 -1.0000000000e+01 3.7651901210e-17
     vertex 1.2066504721e+01 -1.0000000000e+01 1.1277817352e-02
   endloop
 endfacet
 facet normal  0.0000000000e+00 -1.0000000000e+00 0.0000000000e+00
   outer loop
     vertex 1.2066504721e+01 -1.0000000000e+01 1.1277817352e-02
     vertex 1.2066504721e+01 -1.0000000000e+01 3.7651901210e-17
     vertex 1.2145745178e+01 -1.0000000000e+01 7.1495901467e-03
   endloop
 endfacet
 facet normal  -0.0000000000e+00 -1.0000000000e+00 0.0000000000e+00
   outer loop
     vertex 1.2066504721e+01 -1.0000000000e+01 3.7651901210e-17
     vertex 1.2145745178e+01 -1.0000000000e+01 2.3548395292e-16
     vertex 1.2145745178e+01 -1.0000000000e+01 7.1495901467e-03
   endloop
 endfacet
 facet normal  0.0000000000e+00 -1.0000000000e+00 0.0000000000e+00
   outer loop
     vertex 1.2145745178e+01 -1.0000000000e+01 7.1495901467e-03
     vertex 1.2145745178e+01 -1.0000000000e+01 2.3548395292e-16
     vertex 1.2203699268e+01 -1.0000000000e+01 3.9842877529e-03
   endloop
 endfacet
 facet normal  -0.0000000000e+00 -1.0000000000e+00 0.0000000000e+00
   outer loop
     vertex 1.2145745178e+01 -1.0000000000e+01 2.3548395292e-16
     vertex 1.2203699268e+01 -1.0000000000e+01 3.7178772166e-16
     vertex 1.2203699268e+01 -1.0000000000e+01 3.9842877529e-03
   endloop
 endfacet
 facet normal  0.0000000000e+00 -1.0000000000e+00 0.0000000000e+00
   outer loop
     vertex 1.2203699268e+01 -1.0000000000e+01 3.9842877529e-03
     vertex 1.2203699268e+01 -1.0000000000e+01 3.7178772166e-16
     vertex 1.2244864820e+01 -1.0000000000e+01 1.6578343181e-03
   endloop
 endfacet
 facet normal  0.0000000000e+00 -1.0000000000e+00 0.0000000000e+00
   outer loop
     vertex 1.2203699268e+01 -1.0000000000e+01 3.7178772166e-16
     vertex 1.2244864820e+01 -1.0000000000e+01 2.5757728621e-16
     vertex 1.2244864820e+01 -1.0000000000e+01 1.6578343181e-03
   endloop
 endfacet
 facet normal  0.0000000000e+00 -1.0000000000e+00 0.0000000000e+00
   outer loop
     vertex 1.2244864820e+01 -1.0000000000e+01 1.6578343181e-03
     vertex 1.2244864820e+01 -1.0000000000e+01 2.5757728621e-16
     vertex 1.2273502692e+01 -1.0000000000e+01 0.0000000000e+00
   endloop
 endfacet
 facet normal  8.8197502133e-02 6.4181167175e-01 -7.6177357438e-01
   outer loop
     vertex 1.4000000000e+01 0.0000000000e+00 5.0000000000e-01
     vertex 1.3912437760e+01 7.6604444312e-01 1.1352720941e+00
     vertex 1.3977350269e+01 7.6604444312e-01 1.1427876097e+00
   endloop
 endfacet
 facet normal  8.8197502133e-02 6.4181167175e-01 -7.6177357438e-01
   outer loop
     vertex 1.4000000000e+01 0.0000000000e+00 5.0000000000e-01
     vertex 1.3923632342e+01 0.0000000000e+00 4.9115821697e-01
     vertex 1.3912437760e+01 7.6604444312e-01 1.1352720941e+00
   endloop
 endfacet
 facet normal  8.6120027422e-02 6.4191087692e-01 -7.6192766518e-01
   outer loop
     vertex 1.3923632342e+01 0.0000000000e+00 4.9115821697e-01
     vertex 1.3819129176e+01 7.6604444312e-01 1.1247255052e+00
     vertex 1.3912437760e+01 7.6604444312e-01 1.1352720941e+00
   endloop
 endfacet
 facet normal  8.6120027422e-02 6.4191087692e-01 -7.6192766518e-01
   outer loop
     vertex 1.3923632342e+01 0.0000000000e+00 4.9115821697e-01
     vertex 1.3813857537e+01 0.0000000000e+00 4.7875046532e-01
     vertex 1.3819129176e+01 7.6604444312e-01 1.1247255052e+00
   endloop
 endfacet
 facet normal  8.3248351079e-02 6.4207976606e-01 -7.6210451125e-01
   outer loop
     vertex 1.3813857537e+01 0.0000000000e+00 4.7875046532e-01
     vertex 1.3687766571e+01 7.6604444312e-01 1.1103761344e+00
     vertex 1.3819129176e+01 7.6604444312e-01 1.1247255052e+00
   endloop
 endfacet
 facet normal  8.3248351079e-02 6.4207976606e-01 -7.6210451125e-01
   outer loop
     vertex 1.3813857537e+01 0.0000000000e+00 4.7875046532e-01
     vertex 1.3659313296e+01 0.0000000000e+00 4.6186885255e-01
     vertex 1.3687766571e+01 7.6604444312e-01 1.1103761344e+00
   endloop
 endfacet
 facet normal  7.9424967200e-02 6.4236425521e-01 -7.6227281089e-01
   outer loop
     vertex 1.3659313296e+01 0.0000000000e+00 4.6186885255e-01
     vertex 1.3508154868e+01 7.6604444312e-01 1.0916615044e+00
     vertex 1.3687766571e+01 7.6604444312e-01 1.1103761344e+00
   endloop
 endfacet
 facet normal  7.9424967200e-02 6.4236425521e-01 -7.6227281089e-01
   outer loop
     vertex 1.3659313296e+01 0.0000000000e+00 4.6186885255e-01
     vertex 1.3448005410e+01 0.0000000000e+00 4.3985164079e-01
     vertex 1.3508154868e+01 7.6604444312e-01 1.0916615044e+00
   endloop
 endfacet
 facet normal  7.4449948189e-02 6.4284051971e-01 -7.6237344618e-01
   outer loop
     vertex 1.3448005410e+01 0.0000000000e+00 4.3985164079e-01
     vertex 1.3272142060e+01 7.6604444312e-01 1.0686135593e+00
     vertex 1.3508154868e+01 7.6604444312e-01 1.0916615044e+00
   endloop
 endfacet
 facet normal  7.4449948189e-02 6.4284051971e-01 -7.6237344618e-01
   outer loop
     vertex 1.3448005410e+01 0.0000000000e+00 4.3985164079e-01
     vertex 1.3170343283e+01 0.0000000000e+00 4.1273641132e-01
     vertex 1.3272142060e+01 7.6604444312e-01 1.0686135593e+00
   endloop
 endfacet
 facet normal  6.7957879187e-02 6.4364281216e-01 -7.6230286436e-01
   outer loop
     vertex 1.3170343283e+01 0.0000000000e+00 4.1273641132e-01
     vertex 1.2977701475e+01 7.6604444312e-01 1.0423647301e+00
     vertex 1.3272142060e+01 7.6604444312e-01 1.0686135593e+00
   endloop
 endfacet
 facet normal  6.7957879187e-02 6.4364281216e-01 -7.6230286436e-01
   outer loop
     vertex 1.3170343283e+01 0.0000000000e+00 4.1273641132e-01
     vertex 1.2823942596e+01 0.0000000000e+00 3.8185543580e-01
     vertex 1.2977701475e+01 7.6604444312e-01 1.0423647301e+00
   endloop
 endfacet
 facet normal  5.9328322980e-02 6.4500400293e-01 -7.6187268378e-01
   outer loop
     vertex 1.2823942596e+01 0.0000000000e+00 3.8185543580e-01
     vertex 1.2633249020e+01 7.6604444312e-01 1.0155416310e+00
     vertex 1.2977701475e+01 7.6604444312e-01 1.0423647301e+00
   endloop
 endfacet
 facet normal  5.9328322980e-02 6.4500400293e-01 -7.6187268378e-01
   outer loop
     vertex 1.2823942596e+01 0.0000000000e+00 3.8185543580e-01
     vertex 1.2418704413e+01 0.0000000000e+00 3.5029884861e-01
     vertex 1.2633249020e+01 7.6604444312e-01 1.0155416310e+00
   endloop
 endfacet
 facet normal  4.7479719522e-02 6.4732986388e-01 -7.6072973095e-01
   outer loop
     vertex 1.2418704413e+01 0.0000000000e+00 3.5029884861e-01
     vertex 1.2259329960e+01 7.6604444312e-01 9.9220407580e-01
     vertex 1.2633249020e+01 7.6604444312e-01 1.0155416310e+00
   endloop
 endfacet
 facet normal  4.7479719522e-02 6.4732986388e-01 -7.6072973095e-01
   outer loop
     vertex 1.2418704413e+01 0.0000000000e+00 3.5029884861e-01
     vertex 1.1978799637e+01 0.0000000000e+00 3.2284290131e-01
     vertex 1.2259329960e+01 7.6604444312e-01 9.9220407580e-01
   endloop
 endfacet
 facet normal  3.0999519619e-02 6.5121036885e-01 -7.5826386258e-01
   outer loop
     vertex 1.1978799637e+01 0.0000000000e+00 3.2284290131e-01
     vertex 1.1538411806e+01 0.0000000000e+00 3.0483886357e-01
     vertex 1.2259329960e+01 7.6604444312e-01 9.9220407580e-01
   endloop
 endfacet
 facet normal  3.0999519619e-02 6.5121036885e-01 -7.5826386258e-01
   outer loop
     vertex 1.2259329960e+01 7.6604444312e-01 9.9220407580e-01
     vertex 1.1538411806e+01 0.0000000000e+00 3.0483886357e-01
     vertex 1.1885000304e+01 7.6604444312e-01 9.7690064372e-01
   endloop
 endfacet
 facet normal  8.6689511012e-03 6.5724541079e-01 -7.5362677718e-01
   outer loop
     vertex 1.1538411806e+01 0.0000000000e+00 3.0483886357e-01
     vertex 1.1131989401e+01 0.0000000000e+00 3.0016379620e-01
     vertex 1.1885000304e+01 7.6604444312e-01 9.7690064372e-01
   endloop
 endfacet
 facet normal  8.6689511012e-03 6.5724541079e-01 -7.5362677718e-01
   outer loop
     vertex 1.1885000304e+01 7.6604444312e-01 9.7690064372e-01
     vertex 1.1131989401e+01 0.0000000000e+00 3.0016379620e-01
     vertex 1.1539541260e+01 7.6604444312e-01 9.7292683646e-01
   endloop
 endfacet
 facet normal  -2.0151307899e-02 6.6577516891e-01 -7.4588025128e-01
   outer loop
     vertex 1.1131989401e+01 0.0000000000e+00 3.0016379620e-01
     vertex 1.0784366395e+01 0.0000000000e+00 3.0955546224e-01
     vertex 1.1539541260e+01 7.6604444312e-01 9.7292683646e-01
   endloop
 endfacet
 facet normal  -2.0151307899e-02 6.6577516891e-01 -7.4588025128e-01
   outer loop
     vertex 1.1539541260e+01 7.6604444312e-01 9.7292683646e-01
     vertex 1.0784366395e+01 0.0000000000e+00 3.0955546224e-01
     vertex 1.1244061705e+01 7.6604444312e-01 9.8090975259e-01
   endloop
 endfacet
 facet normal  -5.6168881818e-02 6.7690817178e-01 -7.3392123807e-01
   outer loop
     vertex 1.0784366395e+01 0.0000000000e+00 3.0955546224e-01
     vertex 1.0506231346e+01 0.0000000000e+00 3.3084185361e-01
     vertex 1.1244061705e+01 7.6604444312e-01 9.8090975259e-01
   endloop
 endfacet
 facet normal  -5.6168881818e-02 6.7690817178e-01 -7.3392123807e-01
   outer loop
     vertex 1.1244061705e+01 7.6604444312e-01 9.8090975259e-01
     vertex 1.0506231346e+01 0.0000000000e+00 3.3084185361e-01
     vertex 1.1007646913e+01 7.6604444312e-01 9.9900318526e-01
   endloop
 endfacet
 facet normal  -1.0166260958e-01 6.9087357162e-01 -7.1579216386e-01
   outer loop
     vertex 1.0506231346e+01 0.0000000000e+00 3.3084185361e-01
     vertex 1.0295938531e+01 0.0000000000e+00 3.6070934516e-01
     vertex 1.1007646913e+01 7.6604444312e-01 9.9900318526e-01
   endloop
 endfacet
 facet normal  -1.0166260958e-01 6.9087357162e-01 -7.1579216386e-01
   outer loop
     vertex 1.1007646913e+01 7.6604444312e-01 9.9900318526e-01
     vertex 1.0295938531e+01 0.0000000000e+00 3.6070934516e-01
     vertex 1.0828898020e+01 7.6604444312e-01 1.0243905531e+00
   endloop
 endfacet
 facet normal  -1.6428994360e-01 7.0871756429e-01 -6.8609636968e-01
   outer loop
     vertex 1.0295938531e+01 0.0000000000e+00 3.6070934516e-01
     vertex 1.0144835601e+01 0.0000000000e+00 3.9689185964e-01
     vertex 1.0828898020e+01 7.6604444312e-01 1.0243905531e+00
   endloop
 endfacet
 facet normal  -1.6428994360e-01 7.0871756429e-01 -6.8609636968e-01
   outer loop
     vertex 1.0828898020e+01 7.6604444312e-01 1.0243905531e+00
     vertex 1.0144835601e+01 0.0000000000e+00 3.9689185964e-01
     vertex 1.0700460530e+01 7.6604444312e-01 1.0551456904e+00
   endloop
 endfacet
 facet normal  -2.7001952843e-01 7.3267058426e-01 -6.2472655557e-01
   outer loop
     vertex 1.0144835601e+01 0.0000000000e+00 3.9689185964e-01
     vertex 1.0043706768e+01 0.0000000000e+00 4.4060179874e-01
     vertex 1.0700460530e+01 7.6604444312e-01 1.0551456904e+00
   endloop
 endfacet
 facet normal  -2.7001952843e-01 7.3267058426e-01 -6.2472655557e-01
   outer loop
     vertex 1.0700460530e+01 7.6604444312e-01 1.0551456904e+00
     vertex 1.0043706768e+01 0.0000000000e+00 4.4060179874e-01
     vertex 1.0614501022e+01 7.6604444312e-01 1.0922991386e+00
   endloop
 endfacet
 facet normal  -5.4062897939e-01 7.4126123696e-01 -3.9780910652e-01
   outer loop
     vertex 1.0043706768e+01 0.0000000000e+00 4.4060179874e-01
     vertex 1.0000000000e+01 0.0000000000e+00 5.0000000000e-01
     vertex 1.0614501022e+01 7.6604444312e-01 1.0922991386e+00
   endloop
 endfacet
 facet normal  -5.4062897939e-01 7.4126123696e-01 -3.9780910652e-01
   outer loop
     vertex 1.0614501022e+01 7.6604444312e-01 1.0922991386e+00
     vertex 1.0000000000e+01 0.0000000000e+00 5.0000000000e-01
     vertex 1.0577350269e+01 7.6604444312e-01 1.1427876097e+00
   endloop
 endfacet
 facet normal  -8.0063989077e-01 1.0908361516e-01 5.8913201425e-01
   outer loop
     vertex 1.0000000000e+01 0.0000000000e+00 5.0000000000e-01
     vertex 1.0614501022e+01 7.6604444312e-01 1.1932760808e+00
     vertex 1.0577350269e+01 7.6604444312e-01 1.1427876097e+00
   endloop
 endfacet
 facet normal  -8.0063989077e-01 1.0908361516e-01 5.8913201425e-01
   outer loop
     vertex 1.0000000000e+01 0.0000000000e+00 5.0000000000e-01
     vertex 1.0043706768e+01 0.0000000000e+00 5.5939820126e-01
     vertex 1.0614501022e+01 7.6604444312e-01 1.1932760808e+00
   endloop
 endfacet
 facet normal  -3.5990169074e-01 -4.2084800966e-01 8.3268104684e-01
   outer loop
     vertex 1.0043706768e+01 0.0000000000e+00 5.5939820126e-01
     vertex 1.0700460530e+01 7.6604444312e-01 1.2304295290e+00
     vertex 1.0614501022e+01 7.6604444312e-01 1.1932760808e+00
   endloop
 endfacet
 facet normal  -3.5990169074e-01 -4.2084800966e-01 8.3268104684e-01
   outer loop
     vertex 1.0043706768e+01 0.0000000000e+00 5.5939820126e-01
     vertex 1.0144835601e+01 0.0000000000e+00 6.0310814036e-01
     vertex 1.0700460530e+01 7.6604444312e-01 1.2304295290e+00
   endloop
 endfacet
 facet normal  -1.9725470687e-01 -5.3151433890e-01 8.2376154812e-01
   outer loop
     vertex 1.0144835601e+01 0.0000000000e+00 6.0310814036e-01
     vertex 1.0828898020e+01 7.6604444312e-01 1.2611846663e+00
     vertex 1.0700460530e+01 7.6604444312e-01 1.2304295290e+00
   endloop
 endfacet
 facet normal  -1.9725470687e-01 -5.3151433890e-01 8.2376154812e-01
   outer loop
     vertex 1.0144835601e+01 0.0000000000e+00 6.0310814036e-01
     vertex 1.0295938531e+01 0.0000000000e+00 6.3929065484e-01
     vertex 1.0828898020e+01 7.6604444312e-01 1.2611846663e+00
   endloop
 endfacet
 facet normal  -1.1487707395e-01 -5.7670778181e-01 8.0883335260e-01
   outer loop
     vertex 1.0295938531e+01 0.0000000000e+00 6.3929065484e-01
     vertex 1.1007646913e+01 7.6604444312e-01 1.2865720341e+00
     vertex 1.0828898020e+01 7.6604444312e-01 1.2611846663e+00
   endloop
 endfacet
 facet normal  -1.1487707395e-01 -5.7670778181e-01 8.0883335260e-01
   outer loop
     vertex 1.0295938531e+01 0.0000000000e+00 6.3929065484e-01
     vertex 1.0506231346e+01 0.0000000000e+00 6.6915814639e-01
     vertex 1.1007646913e+01 7.6604444312e-01 1.2865720341e+00
   endloop
 endfacet
 facet normal  -6.0939779824e-02 -6.0187818790e-01 7.9625937368e-01
   outer loop
     vertex 1.0506231346e+01 0.0000000000e+00 6.6915814639e-01
     vertex 1.1244061705e+01 7.6604444312e-01 1.3046654668e+00
     vertex 1.1007646913e+01 7.6604444312e-01 1.2865720341e+00
   endloop
 endfacet
 facet normal  -6.0939779824e-02 -6.0187818790e-01 7.9625937368e-01
   outer loop
     vertex 1.0506231346e+01 0.0000000000e+00 6.6915814639e-01
     vertex 1.0784366395e+01 0.0000000000e+00 6.9044453776e-01
     vertex 1.1244061705e+01 7.6604444312e-01 1.3046654668e+00
   endloop
 endfacet
 facet normal  -2.1240244398e-02 -6.1762465667e-01 7.8618613285e-01
   outer loop
     vertex 1.0784366395e+01 0.0000000000e+00 6.9044453776e-01
     vertex 1.1539541260e+01 7.6604444312e-01 1.3126483829e+00
     vertex 1.1244061705e+01 7.6604444312e-01 1.3046654668e+00
   endloop
 endfacet
 facet normal  -2.1240244398e-02 -6.1762465667e-01 7.8618613285e-01
   outer loop
     vertex 1.0784366395e+01 0.0000000000e+00 6.9044453776e-01
     vertex 1.1131989401e+01 0.0000000000e+00 6.9983620380e-01
     vertex 1.1539541260e+01 7.6604444312e-01 1.3126483829e+00
   endloop
 endfacet
 facet normal  8.9552930546e-03 -6.2755635708e-01 7.7851963458e-01
   outer loop
     vertex 1.1131989401e+01 0.0000000000e+00 6.9983620380e-01
     vertex 1.1885000304e+01 7.6604444312e-01 1.3086745757e+00
     vertex 1.1539541260e+01 7.6604444312e-01 1.3126483829e+00
   endloop
 endfacet
 facet normal  8.9552930546e-03 -6.2755635708e-01 7.7851963458e-01
   outer loop
     vertex 1.1131989401e+01 0.0000000000e+00 6.9983620380e-01
     vertex 1.1538411806e+01 0.0000000000e+00 6.9516113643e-01
     vertex 1.1885000304e+01 7.6604444312e-01 1.3086745757e+00
   endloop
 endfacet
 facet normal  3.1606700060e-02 -6.3347689244e-01 7.7311580197e-01
   outer loop
     vertex 1.1538411806e+01 0.0000000000e+00 6.9516113643e-01
     vertex 1.2259329960e+01 7.6604444312e-01 1.2933711436e+00
     vertex 1.1885000304e+01 7.6604444312e-01 1.3086745757e+00
   endloop
 endfacet
 facet normal  3.1606700060e-02 -6.3347689244e-01 7.7311580197e-01
   outer loop
     vertex 1.1538411806e+01 0.0000000000e+00 6.9516113643e-01
     vertex 1.1978799637e+01 0.0000000000e+00 6.7715709869e-01
     vertex 1.2259329960e+01 7.6604444312e-01 1.2933711436e+00
   endloop
 endfacet
 facet normal  4.8034957669e-02 -6.3668568676e-01 7.6962586957e-01
   outer loop
     vertex 1.1978799637e+01 0.0000000000e+00 6.7715709869e-01
     vertex 1.2418704413e+01 0.0000000000e+00 6.4970115139e-01
     vertex 1.2259329960e+01 7.6604444312e-01 1.2933711436e+00
   endloop
 endfacet
 facet normal  4.8034957669e-02 -6.3668568676e-01 7.6962586957e-01
   outer loop
     vertex 1.2259329960e+01 7.6604444312e-01 1.2933711436e+00
     vertex 1.2418704413e+01 0.0000000000e+00 6.4970115139e-01
     vertex 1.2633249020e+01 7.6604444312e-01 1.2700335884e+00
   endloop
 endfacet
 facet normal  5.9766796784e-02 -6.3825265701e-01 7.6750340444e-01
   outer loop
     vertex 1.2418704413e+01 0.0000000000e+00 6.4970115139e-01
     vertex 1.2823942596e+01 0.0000000000e+00 6.1814456420e-01
     vertex 1.2633249020e+01 7.6604444312e-01 1.2700335884e+00
   endloop
 endfacet
 facet normal  5.9766796784e-02 -6.3825265701e-01 7.6750340444e-01
   outer loop
     vertex 1.2633249020e+01 7.6604444312e-01 1.2700335884e+00
     vertex 1.2823942596e+01 0.0000000000e+00 6.1814456420e-01
     vertex 1.2977701475e+01 7.6604444312e-01 1.2432104893e+00
   endloop
 endfacet
 facet normal  6.8307861783e-02 -6.3892690244e-01 7.6622871870e-01
   outer loop
     vertex 1.2823942596e+01 0.0000000000e+00 6.1814456420e-01
     vertex 1.3170343283e+01 0.0000000000e+00 5.8726358868e-01
     vertex 1.2977701475e+01 7.6604444312e-01 1.2432104893e+00
   endloop
 endfacet
 facet normal  6.8307861783e-02 -6.3892690244e-01 7.6622871870e-01
   outer loop
     vertex 1.2977701475e+01 7.6604444312e-01 1.2432104893e+00
     vertex 1.3170343283e+01 0.0000000000e+00 5.8726358868e-01
     vertex 1.3272142060e+01 7.6604444312e-01 1.2169616601e+00
   endloop
 endfacet
 facet normal  7.4750203531e-02 -6.3914132729e-01 7.6544808499e-01
   outer loop
     vertex 1.3170343283e+01 0.0000000000e+00 5.8726358868e-01
     vertex 1.3448005410e+01 0.0000000000e+00 5.6014835921e-01
     vertex 1.3272142060e+01 7.6604444312e-01 1.2169616601e+00
   endloop
 endfacet
 facet normal  7.4750203531e-02 -6.3914132729e-01 7.6544808499e-01
   outer loop
     vertex 1.3272142060e+01 7.6604444312e-01 1.2169616601e+00
     vertex 1.3448005410e+01 0.0000000000e+00 5.6014835921e-01
     vertex 1.3508154868e+01 7.6604444312e-01 1.1939137150e+00
   endloop
 endfacet
 facet normal  7.9704980490e-02 -6.3912674371e-01 7.6496020913e-01
   outer loop
     vertex 1.3448005410e+01 0.0000000000e+00 5.6014835921e-01
     vertex 1.3659313296e+01 0.0000000000e+00 5.3813114745e-01
     vertex 1.3508154868e+01 7.6604444312e-01 1.1939137150e+00
   endloop
 endfacet
 facet normal  7.9704980490e-02 -6.3912674371e-01 7.6496020913e-01
   outer loop
     vertex 1.3508154868e+01 7.6604444312e-01 1.1939137150e+00
     vertex 1.3659313296e+01 0.0000000000e+00 5.3813114745e-01
     vertex 1.3687766571e+01 7.6604444312e-01 1.1751990850e+00
   endloop
 endfacet
 facet normal  8.3526366916e-02 -6.3901039584e-01 7.6464963221e-01
   outer loop
     vertex 1.3659313296e+01 0.0000000000e+00 5.3813114745e-01
     vertex 1.3813857537e+01 0.0000000000e+00 5.2124953468e-01
     vertex 1.3687766571e+01 7.6604444312e-01 1.1751990850e+00
   endloop
 endfacet
 facet normal  8.3526366916e-02 -6.3901039584e-01 7.6464963221e-01
   outer loop
     vertex 1.3687766571e+01 7.6604444312e-01 1.1751990850e+00
     vertex 1.3813857537e+01 0.0000000000e+00 5.2124953468e-01
     vertex 1.3819129176e+01 7.6604444312e-01 1.1608497142e+00
   endloop
 endfacet
 facet normal  8.6405286651e-02 -6.3886472278e-01 7.6445143235e-01
   outer loop
     vertex 1.3813857537e+01 0.0000000000e+00 5.2124953468e-01
     vertex 1.3923632342e+01 0.0000000000e+00 5.0884178303e-01
     vertex 1.3819129176e+01 7.6604444312e-01 1.1608497142e+00
   endloop
 endfacet
 facet normal  8.6405286651e-02 -6.3886472278e-01 7.6445143235e-01
   outer loop
     vertex 1.3819129176e+01 7.6604444312e-01 1.1608497142e+00
     vertex 1.3923632342e+01 0.0000000000e+00 5.0884178303e-01
     vertex 1.3912437760e+01 7.6604444312e-01 1.1503031253e+00
   endloop
 endfacet
 facet normal  8.8493010306e-02 -6.3872911196e-01 7.6432591782e-01
   outer loop
     vertex 1.3923632342e+01 0.0000000000e+00 5.0884178303e-01
     vertex 1.4000000000e+01 0.0000000000e+00 5.0000000000e-01
     vertex 1.3912437760e+01 7.6604444312e-01 1.1503031253e+00
   endloop
 endfacet
 facet normal  8.8493010306e-02 -6.3872911196e-01 7.6432591782e-01
   outer loop
     vertex 1.3912437760e+01 7.6604444312e-01 1.1503031253e+00
     vertex 1.4000000000e+01 0.0000000000e+00 5.0000000000e-01
     vertex 1.3977350269e+01 7.6604444312e-01 1.1427876097e+00
   endloop
 endfacet
 facet normal  8.8197502133e-02 6.4181167175e-01 -7.6177357438e-01
   outer loop
     vertex 1.3977350269e+01 7.6604444312e-01 1.1427876097e+00
     vertex 1.3901243178e+01 1.5320888862e+00 1.7793859713e+00
     vertex 1.3954700538e+01 1.5320888862e+00 1.7855752194e+00
   endloop
 endfacet
 facet normal  8.8197502133e-02 6.4181167175e-01 -7.6177357438e-01
   outer loop
     vertex 1.3977350269e+01 7.6604444312e-01 1.1427876097e+00
     vertex 1.3912437760e+01 7.6604444312e-01 1.1352720941e+00
     vertex 1.3901243178e+01 1.5320888862e+00 1.7793859713e+00
   endloop
 endfacet
 facet normal  8.6120027422e-02 6.4191087692e-01 -7.6192766518e-01
   outer loop
     vertex 1.3912437760e+01 7.6604444312e-01 1.1352720941e+00
     vertex 1.3824400814e+01 1.5320888862e+00 1.7707005451e+00
     vertex 1.3901243178e+01 1.5320888862e+00 1.7793859713e+00
   endloop
 endfacet
 facet normal  8.6120027422e-02 6.4191087692e-01 -7.6192766518e-01
   outer loop
     vertex 1.3912437760e+01 7.6604444312e-01 1.1352720941e+00
     vertex 1.3819129176e+01 7.6604444312e-01 1.1247255052e+00
     vertex 1.3824400814e+01 1.5320888862e+00 1.7707005451e+00
   endloop
 endfacet
 facet normal  8.3248351079e-02 6.4207976606e-01 -7.6210451125e-01
   outer loop
     vertex 1.3819129176e+01 7.6604444312e-01 1.1247255052e+00
     vertex 1.3716219845e+01 1.5320888862e+00 1.7588834162e+00
     vertex 1.3824400814e+01 1.5320888862e+00 1.7707005451e+00
   endloop
 endfacet
 facet normal  8.3248351079e-02 6.4207976606e-01 -7.6210451125e-01
   outer loop
     vertex 1.3819129176e+01 7.6604444312e-01 1.1247255052e+00
     vertex 1.3687766571e+01 7.6604444312e-01 1.1103761344e+00
     vertex 1.3716219845e+01 1.5320888862e+00 1.7588834162e+00
   endloop
 endfacet
 facet normal  7.9424967200e-02 6.4236425521e-01 -7.6227281089e-01
   outer loop
     vertex 1.3687766571e+01 7.6604444312e-01 1.1103761344e+00
     vertex 1.3568304325e+01 1.5320888862e+00 1.7434713679e+00
     vertex 1.3716219845e+01 1.5320888862e+00 1.7588834162e+00
   endloop
 endfacet
 facet normal  7.9424967200e-02 6.4236425521e-01 -7.6227281089e-01
   outer loop
     vertex 1.3687766571e+01 7.6604444312e-01 1.1103761344e+00
     vertex 1.3508154868e+01 7.6604444312e-01 1.0916615044e+00
     vertex 1.3568304325e+01 1.5320888862e+00 1.7434713679e+00
   endloop
 endfacet
 facet normal  7.4449948189e-02 6.4284051971e-01 -7.6237344618e-01
   outer loop
     vertex 1.3508154868e+01 7.6604444312e-01 1.0916615044e+00
     vertex 1.3373940837e+01 1.5320888862e+00 1.7244907073e+00
     vertex 1.3568304325e+01 1.5320888862e+00 1.7434713679e+00
   endloop
 endfacet
 facet normal  7.4449948189e-02 6.4284051971e-01 -7.6237344618e-01
   outer loop
     vertex 1.3508154868e+01 7.6604444312e-01 1.0916615044e+00
     vertex 1.3272142060e+01 7.6604444312e-01 1.0686135593e+00
     vertex 1.3373940837e+01 1.5320888862e+00 1.7244907073e+00
   endloop
 endfacet
 facet normal  6.7957879187e-02 6.4364281216e-01 -7.6230286436e-01
   outer loop
     vertex 1.3272142060e+01 7.6604444312e-01 1.0686135593e+00
     vertex 1.3131460355e+01 1.5320888862e+00 1.7028740244e+00
     vertex 1.3373940837e+01 1.5320888862e+00 1.7244907073e+00
   endloop
 endfacet
 facet normal  6.7957879187e-02 6.4364281216e-01 -7.6230286436e-01
   outer loop
     vertex 1.3272142060e+01 7.6604444312e-01 1.0686135593e+00
     vertex 1.2977701475e+01 7.6604444312e-01 1.0423647301e+00
     vertex 1.3131460355e+01 1.5320888862e+00 1.7028740244e+00
   endloop
 endfacet
 facet normal  5.9328322980e-02 6.4500400293e-01 -7.6187268378e-01
   outer loop
     vertex 1.2977701475e+01 7.6604444312e-01 1.0423647301e+00
     vertex 1.2847793628e+01 1.5320888862e+00 1.6807844134e+00
     vertex 1.3131460355e+01 1.5320888862e+00 1.7028740244e+00
   endloop
 endfacet
 facet normal  5.9328322980e-02 6.4500400293e-01 -7.6187268378e-01
   outer loop
     vertex 1.2977701475e+01 7.6604444312e-01 1.0423647301e+00
     vertex 1.2633249020e+01 7.6604444312e-01 1.0155416310e+00
     vertex 1.2847793628e+01 1.5320888862e+00 1.6807844134e+00
   endloop
 endfacet
 facet normal  4.7479719522e-02 6.4732986388e-01 -7.6072973095e-01
   outer loop
     vertex 1.2633249020e+01 7.6604444312e-01 1.0155416310e+00
     vertex 1.2539860284e+01 1.5320888862e+00 1.6615652503e+00
     vertex 1.2847793628e+01 1.5320888862e+00 1.6807844134e+00
   endloop
 endfacet
 facet normal  4.7479719522e-02 6.4732986388e-01 -7.6072973095e-01
   outer loop
     vertex 1.2633249020e+01 7.6604444312e-01 1.0155416310e+00
     vertex 1.2259329960e+01 7.6604444312e-01 9.9220407580e-01
     vertex 1.2539860284e+01 1.5320888862e+00 1.6615652503e+00
   endloop
 endfacet
 facet normal  3.0999519619e-02 6.5121036885e-01 -7.5826386258e-01
   outer loop
     vertex 1.2259329960e+01 7.6604444312e-01 9.9220407580e-01
     vertex 1.1885000304e+01 7.6604444312e-01 9.7690064372e-01
     vertex 1.2539860284e+01 1.5320888862e+00 1.6615652503e+00
   endloop
 endfacet
 facet normal  3.0999519619e-02 6.5121036885e-01 -7.5826386258e-01
   outer loop
     vertex 1.2539860284e+01 1.5320888862e+00 1.6615652503e+00
     vertex 1.1885000304e+01 7.6604444312e-01 9.7690064372e-01
     vertex 1.2231588802e+01 1.5320888862e+00 1.6489624239e+00
   endloop
 endfacet
 facet normal  8.6689511012e-03 6.5724541079e-01 -7.5362677718e-01
   outer loop
     vertex 1.1885000304e+01 7.6604444312e-01 9.7690064372e-01
     vertex 1.1539541260e+01 7.6604444312e-01 9.7292683646e-01
     vertex 1.2231588802e+01 1.5320888862e+00 1.6489624239e+00
   endloop
 endfacet
 facet normal  8.6689511012e-03 6.5724541079e-01 -7.5362677718e-01
   outer loop
     vertex 1.2231588802e+01 1.5320888862e+00 1.6489624239e+00
     vertex 1.1539541260e+01 7.6604444312e-01 9.7292683646e-01
     vertex 1.1947093119e+01 1.5320888862e+00 1.6456898767e+00
   endloop
 endfacet
 facet normal  -2.0151307899e-02 6.6577516891e-01 -7.4588025128e-01
   outer loop
     vertex 1.1539541260e+01 7.6604444312e-01 9.7292683646e-01
     vertex 1.1244061705e+01 7.6604444312e-01 9.8090975259e-01
     vertex 1.1947093119e+01 1.5320888862e+00 1.6456898767e+00
   endloop
 endfacet
 facet normal  -2.0151307899e-02 6.6577516891e-01 -7.4588025128e-01
   outer loop
     vertex 1.1947093119e+01 1.5320888862e+00 1.6456898767e+00
     vertex 1.1244061705e+01 7.6604444312e-01 9.8090975259e-01
     vertex 1.1703757015e+01 1.5320888862e+00 1.6522640429e+00
   endloop
 endfacet
 facet normal  -5.6168881818e-02 6.7690817178e-01 -7.3392123807e-01
   outer loop
     vertex 1.1244061705e+01 7.6604444312e-01 9.8090975259e-01
     vertex 1.1007646913e+01 7.6604444312e-01 9.9900318526e-01
     vertex 1.1703757015e+01 1.5320888862e+00 1.6522640429e+00
   endloop
 endfacet
 facet normal  -5.6168881818e-02 6.7690817178e-01 -7.3392123807e-01
   outer loop
     vertex 1.1703757015e+01 1.5320888862e+00 1.6522640429e+00
     vertex 1.1007646913e+01 7.6604444312e-01 9.9900318526e-01
     vertex 1.1509062481e+01 1.5320888862e+00 1.6671645169e+00
   endloop
 endfacet
 facet normal  -1.0166260958e-01 6.9087357162e-01 -7.1579216386e-01
   outer loop
     vertex 1.1007646913e+01 7.6604444312e-01 9.9900318526e-01
     vertex 1.0828898020e+01 7.6604444312e-01 1.0243905531e+00
     vertex 1.1509062481e+01 1.5320888862e+00 1.6671645169e+00
   endloop
 endfacet
 facet normal  -1.0166260958e-01 6.9087357162e-01 -7.1579216386e-01
   outer loop
     vertex 1.1509062481e+01 1.5320888862e+00 1.6671645169e+00
     vertex 1.0828898020e+01 7.6604444312e-01 1.0243905531e+00
     vertex 1.1361857510e+01 1.5320888862e+00 1.6880717610e+00
   endloop
 endfacet
 facet normal  -1.6428994360e-01 7.0871756429e-01 -6.8609636968e-01
   outer loop
     vertex 1.0828898020e+01 7.6604444312e-01 1.0243905531e+00
     vertex 1.0700460530e+01 7.6604444312e-01 1.0551456904e+00
     vertex 1.1361857510e+01 1.5320888862e+00 1.6880717610e+00
   endloop
 endfacet
 facet normal  -1.6428994360e-01 7.0871756429e-01 -6.8609636968e-01
   outer loop
     vertex 1.1361857510e+01 1.5320888862e+00 1.6880717610e+00
     vertex 1.0700460530e+01 7.6604444312e-01 1.0551456904e+00
     vertex 1.1256085459e+01 1.5320888862e+00 1.7133995211e+00
   endloop
 endfacet
 facet normal  -2.7001952843e-01 7.3267058426e-01 -6.2472655557e-01
   outer loop
     vertex 1.0700460530e+01 7.6604444312e-01 1.0551456904e+00
     vertex 1.0614501022e+01 7.6604444312e-01 1.0922991386e+00
     vertex 1.1256085459e+01 1.5320888862e+00 1.7133995211e+00
   endloop
 endfacet
 facet normal  -2.7001952843e-01 7.3267058426e-01 -6.2472655557e-01
   outer loop
     vertex 1.1256085459e+01 1.5320888862e+00 1.7133995211e+00
     vertex 1.0614501022e+01 7.6604444312e-01 1.0922991386e+00
     vertex 1.1185295276e+01 1.5320888862e+00 1.7439964785e+00
   endloop
 endfacet
 facet normal  -5.4062897939e-01 7.4126123696e-01 -3.9780910652e-01
   outer loop
     vertex 1.0614501022e+01 7.6604444312e-01 1.0922991386e+00
     vertex 1.0577350269e+01 7.6604444312e-01 1.1427876097e+00
     vertex 1.1185295276e+01 1.5320888862e+00 1.7439964785e+00
   endloop
 endfacet
 facet normal  -5.4062897939e-01 7.4126123696e-01 -3.9780910652e-01
   outer loop
     vertex 1.1185295276e+01 1.5320888862e+00 1.7439964785e+00
     vertex 1.0577350269e+01 7.6604444312e-01 1.1427876097e+00
     vertex 1.1154700538e+01 1.5320888862e+00 1.7855752194e+00
   endloop
 endfacet
 facet normal  -8.0063989077e-01 1.0908361516e-01 5.8913201425e-01
   outer loop
     vertex 1.0577350269e+01 7.6604444312e-01 1.1427876097e+00
     vertex 1.1185295276e+01 1.5320888862e+00 1.8271539603e+00
     vertex 1.1154700538e+01 1.5320888862e+00 1.7855752194e+00
   endloop
 endfacet
 facet normal  -8.0063989077e-01 1.0908361516e-01 5.8913201425e-01
   outer loop
     vertex 1.0577350269e+01 7.6604444312e-01 1.1427876097e+00
     vertex 1.0614501022e+01 7.6604444312e-01 1.1932760808e+00
     vertex 1.1185295276e+01 1.5320888862e+00 1.8271539603e+00
   endloop
 endfacet
 facet normal  -3.5990169074e-01 -4.2084800966e-01 8.3268104684e-01
   outer loop
     vertex 1.0614501022e+01 7.6604444312e-01 1.1932760808e+00
     vertex 1.1256085459e+01 1.5320888862e+00 1.8577509176e+00
     vertex 1.1185295276e+01 1.5320888862e+00 1.8271539603e+00
   endloop
 endfacet
 facet normal  -3.5990169074e-01 -4.2084800966e-01 8.3268104684e-01
   outer loop
     vertex 1.0614501022e+01 7.6604444312e-01 1.1932760808e+00
     vertex 1.0700460530e+01 7.6604444312e-01 1.2304295290e+00
     vertex 1.1256085459e+01 1.5320888862e+00 1.8577509176e+00
   endloop
 endfacet
 facet normal  -1.9725470687e-01 -5.3151433890e-01 8.2376154812e-01
   outer loop
     vertex 1.0700460530e+01 7.6604444312e-01 1.2304295290e+00
     vertex 1.1361857510e+01 1.5320888862e+00 1.8830786778e+00
     vertex 1.1256085459e+01 1.5320888862e+00 1.8577509176e+00
   endloop
 endfacet
 facet normal  -1.9725470687e-01 -5.3151433890e-01 8.2376154812e-01
   outer loop
     vertex 1.0700460530e+01 7.6604444312e-01 1.2304295290e+00
     vertex 1.0828898020e+01 7.6604444312e-01 1.2611846663e+00
     vertex 1.1361857510e+01 1.5320888862e+00 1.8830786778e+00
   endloop
 endfacet
 facet normal  -1.1487707395e-01 -5.7670778181e-01 8.0883335260e-01
   outer loop
     vertex 1.0828898020e+01 7.6604444312e-01 1.2611846663e+00
     vertex 1.1509062481e+01 1.5320888862e+00 1.9039859218e+00
     vertex 1.1361857510e+01 1.5320888862e+00 1.8830786778e+00
   endloop
 endfacet
 facet normal  -1.1487707395e-01 -5.7670778181e-01 8.0883335260e-01
   outer loop
     vertex 1.0828898020e+01 7.6604444312e-01 1.2611846663e+00
     vertex 1.1007646913e+01 7.6604444312e-01 1.2865720341e+00
     vertex 1.1509062481e+01 1.5320888862e+00 1.9039859218e+00
   endloop
 endfacet
 facet normal  -6.0939779824e-02 -6.0187818790e-01 7.9625937368e-01
   outer loop
     vertex 1.1007646913e+01 7.6604444312e-01 1.2865720341e+00
     vertex 1.1703757015e+01 1.5320888862e+00 1.9188863958e+00
     vertex 1.1509062481e+01 1.5320888862e+00 1.9039859218e+00
   endloop
 endfacet
 facet normal  -6.0939779824e-02 -6.0187818790e-01 7.9625937368e-01
   outer loop
     vertex 1.1007646913e+01 7.6604444312e-01 1.2865720341e+00
     vertex 1.1244061705e+01 7.6604444312e-01 1.3046654668e+00
     vertex 1.1703757015e+01 1.5320888862e+00 1.9188863958e+00
   endloop
 endfacet
 facet normal  -2.1240244398e-02 -6.1762465667e-01 7.8618613285e-01
   outer loop
     vertex 1.1244061705e+01 7.6604444312e-01 1.3046654668e+00
     vertex 1.1947093119e+01 1.5320888862e+00 1.9254605620e+00
     vertex 1.1703757015e+01 1.5320888862e+00 1.9188863958e+00
   endloop
 endfacet
 facet normal  -2.1240244398e-02 -6.1762465667e-01 7.8618613285e-01
   outer loop
     vertex 1.1244061705e+01 7.6604444312e-01 1.3046654668e+00
     vertex 1.1539541260e+01 7.6604444312e-01 1.3126483829e+00
     vertex 1.1947093119e+01 1.5320888862e+00 1.9254605620e+00
   endloop
 endfacet
 facet normal  8.9552930546e-03 -6.2755635708e-01 7.7851963458e-01
   outer loop
     vertex 1.1539541260e+01 7.6604444312e-01 1.3126483829e+00
     vertex 1.2231588802e+01 1.5320888862e+00 1.9221880149e+00
     vertex 1.1947093119e+01 1.5320888862e+00 1.9254605620e+00
   endloop
 endfacet
 facet normal  8.9552930546e-03 -6.2755635708e-01 7.7851963458e-01
   outer loop
     vertex 1.1539541260e+01 7.6604444312e-01 1.3126483829e+00
     vertex 1.1885000304e+01 7.6604444312e-01 1.3086745757e+00
     vertex 1.2231588802e+01 1.5320888862e+00 1.9221880149e+00
   endloop
 endfacet
 facet normal  3.1606700060e-02 -6.3347689244e-01 7.7311580197e-01
   outer loop
     vertex 1.1885000304e+01 7.6604444312e-01 1.3086745757e+00
     vertex 1.2539860284e+01 1.5320888862e+00 1.9095851885e+00
     vertex 1.2231588802e+01 1.5320888862e+00 1.9221880149e+00
   endloop
 endfacet
 facet normal  3.1606700060e-02 -6.3347689244e-01 7.7311580197e-01
   outer loop
     vertex 1.1885000304e+01 7.6604444312e-01 1.3086745757e+00
     vertex 1.2259329960e+01 7.6604444312e-01 1.2933711436e+00
     vertex 1.2539860284e+01 1.5320888862e+00 1.9095851885e+00
   endloop
 endfacet
 facet normal  4.8034957669e-02 -6.3668568676e-01 7.6962586957e-01
   outer loop
     vertex 1.2259329960e+01 7.6604444312e-01 1.2933711436e+00
     vertex 1.2633249020e+01 7.6604444312e-01 1.2700335884e+00
     vertex 1.2539860284e+01 1.5320888862e+00 1.9095851885e+00
   endloop
 endfacet
 facet normal  4.8034957669e-02 -6.3668568676e-01 7.6962586957e-01
   outer loop
     vertex 1.2539860284e+01 1.5320888862e+00 1.9095851885e+00
     vertex 1.2633249020e+01 7.6604444312e-01 1.2700335884e+00
     vertex 1.2847793628e+01 1.5320888862e+00 1.8903660253e+00
   endloop
 endfacet
 facet normal  5.9766796784e-02 -6.3825265701e-01 7.6750340444e-01
   outer loop
     vertex 1.2633249020e+01 7.6604444312e-01 1.2700335884e+00
     vertex 1.2977701475e+01 7.6604444312e-01 1.2432104893e+00
     vertex 1.2847793628e+01 1.5320888862e+00 1.8903660253e+00
   endloop
 endfacet
 facet normal  5.9766796784e-02 -6.3825265701e-01 7.6750340444e-01
   outer loop
     vertex 1.2847793628e+01 1.5320888862e+00 1.8903660253e+00
     vertex 1.2977701475e+01 7.6604444312e-01 1.2432104893e+00
     vertex 1.3131460355e+01 1.5320888862e+00 1.8682764143e+00
   endloop
 endfacet
 facet normal  6.8307861783e-02 -6.3892690244e-01 7.6622871870e-01
   outer loop
     vertex 1.2977701475e+01 7.6604444312e-01 1.2432104893e+00
     vertex 1.3272142060e+01 7.6604444312e-01 1.2169616601e+00
     vertex 1.3131460355e+01 1.5320888862e+00 1.8682764143e+00
   endloop
 endfacet
 facet normal  6.8307861783e-02 -6.3892690244e-01 7.6622871870e-01
   outer loop
     vertex 1.3131460355e+01 1.5320888862e+00 1.8682764143e+00
     vertex 1.3272142060e+01 7.6604444312e-01 1.2169616601e+00
     vertex 1.3373940837e+01 1.5320888862e+00 1.8466597314e+00
   endloop
 endfacet
 facet normal  7.4750203531e-02 -6.3914132729e-01 7.6544808499e-01
   outer loop
     vertex 1.3272142060e+01 7.6604444312e-01 1.2169616601e+00
     vertex 1.3508154868e+01 7.6604444312e-01 1.1939137150e+00
     vertex 1.3373940837e+01 1.5320888862e+00 1.8466597314e+00
   endloop
 endfacet
 facet normal  7.4750203531e-02 -6.3914132729e-01 7.6544808499e-01
   outer loop
     vertex 1.3373940837e+01 1.5320888862e+00 1.8466597314e+00
     vertex 1.3508154868e+01 7.6604444312e-01 1.1939137150e+00
     vertex 1.3568304325e+01 1.5320888862e+00 1.8276790708e+00
   endloop
 endfacet
 facet normal  7.9704980490e-02 -6.3912674371e-01 7.6496020913e-01
   outer loop
     vertex 1.3508154868e+01 7.6604444312e-01 1.1939137150e+00
     vertex 1.3687766571e+01 7.6604444312e-01 1.1751990850e+00
     vertex 1.3568304325e+01 1.5320888862e+00 1.8276790708e+00
   endloop
 endfacet
 facet normal  7.9704980490e-02 -6.3912674371e-01 7.6496020913e-01
   outer loop
     vertex 1.3568304325e+01 1.5320888862e+00 1.8276790708e+00
     vertex 1.3687766571e+01 7.6604444312e-01 1.1751990850e+00
     vertex 1.3716219845e+01 1.5320888862e+00 1.8122670226e+00
   endloop
 endfacet
 facet normal  8.3526366916e-02 -6.3901039584e-01 7.6464963221e-01
   outer loop
     vertex 1.3687766571e+01 7.6604444312e-01 1.1751990850e+00
     vertex 1.3819129176e+01 7.6604444312e-01 1.1608497142e+00
     vertex 1.3716219845e+01 1.5320888862e+00 1.8122670226e+00
   endloop
 endfacet
 facet normal  8.3526366916e-02 -6.3901039584e-01 7.6464963221e-01
   outer loop
     vertex 1.3716219845e+01 1.5320888862e+00 1.8122670226e+00
     vertex 1.3819129176e+01 7.6604444312e-01 1.1608497142e+00
     vertex 1.3824400814e+01 1.5320888862e+00 1.8004498937e+00
   endloop
 endfacet
 facet normal  8.6405286651e-02 -6.3886472278e-01 7.6445143235e-01
   outer loop
     vertex 1.3819129176e+01 7.6604444312e-01 1.1608497142e+00
     vertex 1.3912437760e+01 7.6604444312e-01 1.1503031253e+00
     vertex 1.3824400814e+01 1.5320888862e+00 1.8004498937e+00
   endloop
 endfacet
 facet normal  8.6405286651e-02 -6.3886472278e-01 7.6445143235e-01
   outer loop
     vertex 1.3824400814e+01 1.5320888862e+00 1.8004498937e+00
     vertex 1.3912437760e+01 7.6604444312e-01 1.1503031253e+00
     vertex 1.3901243178e+01 1.5320888862e+00 1.7917644675e+00
   endloop
 endfacet
 facet normal  8.8493010306e-02 -6.3872911196e-01 7.6432591782e-01
   outer loop
     vertex 1.3912437760e+01 7.6604444312e-01 1.1503031253e+00
     vertex 1.3977350269e+01 7.6604444312e-01 1.1427876097e+00
     vertex 1.3901243178e+01 1.5320888862e+00 1.7917644675e+00
   endloop
 endfacet
 facet normal  8.8493010306e-02 -6.3872911196e-01 7.6432591782e-01
   outer loop
     vertex 1.3901243178e+01 1.5320888862e+00 1.7917644675e+00
     vertex 1.3977350269e+01 7.6604444312e-01 1.1427876097e+00
     vertex 1.3954700538e+01 1.5320888862e+00 1.7855752194e+00
   endloop
 endfacet
 facet normal  8.8197502133e-02 6.4181167175e-01 -7.6177357438e-01
   outer loop
     vertex 1.3954700538e+01 1.5320888862e+00 1.7855752194e+00
     vertex 1.3890048596e+01 2.2981333294e+00 2.4234998484e+00
     vertex 1.3932050808e+01 2.2981333294e+00 2.4283628291e+00
   endloop
 endfacet
 facet normal  8.8197502133e-02 6.4181167175e-01 -7.6177357438e-01
   outer loop
     vertex 1.3954700538e+01 1.5320888862e+00 1.7855752194e+00
     vertex 1.3901243178e+01 1.5320888862e+00 1.7793859713e+00
     vertex 1.3890048596e+01 2.2981333294e+00 2.4234998484e+00
   endloop
 endfacet
 facet normal  8.6120027422e-02 6.4191087692e-01 -7.6192766518e-01
   outer loop
     vertex 1.3901243178e+01 1.5320888862e+00 1.7793859713e+00
     vertex 1.3829672453e+01 2.2981333294e+00 2.4166755850e+00
     vertex 1.3890048596e+01 2.2981333294e+00 2.4234998484e+00
   endloop
 endfacet
 facet normal  8.6120027422e-02 6.4191087692e-01 -7.6192766518e-01
   outer loop
     vertex 1.3901243178e+01 1.5320888862e+00 1.7793859713e+00
     vertex 1.3824400814e+01 1.5320888862e+00 1.7707005451e+00
     vertex 1.3829672453e+01 2.2981333294e+00 2.4166755850e+00
   endloop
 endfacet
 facet normal  8.3248351079e-02 6.4207976606e-01 -7.6210451125e-01
   outer loop
     vertex 1.3824400814e+01 1.5320888862e+00 1.7707005451e+00
     vertex 1.3744673120e+01 2.2981333294e+00 2.4073906980e+00
     vertex 1.3829672453e+01 2.2981333294e+00 2.4166755850e+00
   endloop
 endfacet
 facet normal  8.3248351079e-02 6.4207976606e-01 -7.6210451125e-01
   outer loop
     vertex 1.3824400814e+01 1.5320888862e+00 1.7707005451e+00
     vertex 1.3716219845e+01 1.5320888862e+00 1.7588834162e+00
     vertex 1.3744673120e+01 2.2981333294e+00 2.4073906980e+00
   endloop
 endfacet
 facet normal  7.9424967200e-02 6.4236425521e-01 -7.6227281089e-01
   outer loop
     vertex 1.3716219845e+01 1.5320888862e+00 1.7588834162e+00
     vertex 1.3628453783e+01 2.2981333294e+00 2.3952812315e+00
     vertex 1.3744673120e+01 2.2981333294e+00 2.4073906980e+00
   endloop
 endfacet
 facet normal  7.9424967200e-02 6.4236425521e-01 -7.6227281089e-01
   outer loop
     vertex 1.3716219845e+01 1.5320888862e+00 1.7588834162e+00
     vertex 1.3568304325e+01 1.5320888862e+00 1.7434713679e+00
     vertex 1.3628453783e+01 2.2981333294e+00 2.3952812315e+00
   endloop
 endfacet
 facet normal  7.4449948189e-02 6.4284051971e-01 -7.6237344618e-01
   outer loop
     vertex 1.3568304325e+01 1.5320888862e+00 1.7434713679e+00
     vertex 1.3475739613e+01 2.2981333294e+00 2.3803678553e+00
     vertex 1.3628453783e+01 2.2981333294e+00 2.3952812315e+00
   endloop
 endfacet
 facet normal  7.4449948189e-02 6.4284051971e-01 -7.6237344618e-01
   outer loop
     vertex 1.3568304325e+01 1.5320888862e+00 1.7434713679e+00
     vertex 1.3373940837e+01 1.5320888862e+00 1.7244907073e+00
     vertex 1.3475739613e+01 2.2981333294e+00 2.3803678553e+00
   endloop
 endfacet
 facet normal  6.7957879187e-02 6.4364281216e-01 -7.6230286436e-01
   outer loop
     vertex 1.3373940837e+01 1.5320888862e+00 1.7244907073e+00
     vertex 1.3285219235e+01 2.2981333294e+00 2.3633833187e+00
     vertex 1.3475739613e+01 2.2981333294e+00 2.3803678553e+00
   endloop
 endfacet
 facet normal  6.7957879187e-02 6.4364281216e-01 -7.6230286436e-01
   outer loop
     vertex 1.3373940837e+01 1.5320888862e+00 1.7244907073e+00
     vertex 1.3131460355e+01 1.5320888862e+00 1.7028740244e+00
     vertex 1.3285219235e+01 2.2981333294e+00 2.3633833187e+00
   endloop
 endfacet
 facet normal  5.9328322980e-02 6.4500400293e-01 -7.6187268378e-01
   outer loop
     vertex 1.3131460355e+01 1.5320888862e+00 1.7028740244e+00
     vertex 1.3062338235e+01 2.2981333294e+00 2.3460271958e+00
     vertex 1.3285219235e+01 2.2981333294e+00 2.3633833187e+00
   endloop
 endfacet
 facet normal  5.9328322980e-02 6.4500400293e-01 -7.6187268378e-01
   outer loop
     vertex 1.3131460355e+01 1.5320888862e+00 1.7028740244e+00
     vertex 1.2847793628e+01 1.5320888862e+00 1.6807844134e+00
     vertex 1.3062338235e+01 2.2981333294e+00 2.3460271958e+00
   endloop
 endfacet
 facet normal  4.7479719522e-02 6.4732986388e-01 -7.6072973095e-01
   outer loop
     vertex 1.2847793628e+01 1.5320888862e+00 1.6807844134e+00
     vertex 1.2820390608e+01 2.2981333294e+00 2.3309264248e+00
     vertex 1.3062338235e+01 2.2981333294e+00 2.3460271958e+00
   endloop
 endfacet
 facet normal  4.7479719522e-02 6.4732986388e-01 -7.6072973095e-01
   outer loop
     vertex 1.2847793628e+01 1.5320888862e+00 1.6807844134e+00
     vertex 1.2539860284e+01 1.5320888862e+00 1.6615652503e+00
     vertex 1.2820390608e+01 2.2981333294e+00 2.3309264248e+00
   endloop
 endfacet
 facet normal  3.0999519619e-02 6.5121036885e-01 -7.5826386258e-01
   outer loop
     vertex 1.2539860284e+01 1.5320888862e+00 1.6615652503e+00
     vertex 1.2231588802e+01 1.5320888862e+00 1.6489624239e+00
     vertex 1.2820390608e+01 2.2981333294e+00 2.3309264248e+00
   endloop
 endfacet
 facet normal  3.0999519619e-02 6.5121036885e-01 -7.5826386258e-01
   outer loop
     vertex 1.2820390608e+01 2.2981333294e+00 2.3309264248e+00
     vertex 1.2231588802e+01 1.5320888862e+00 1.6489624239e+00
     vertex 1.2578177301e+01 2.2981333294e+00 2.3210242040e+00
   endloop
 endfacet
 facet normal  8.6689511012e-03 6.5724541079e-01 -7.5362677718e-01
   outer loop
     vertex 1.2231588802e+01 1.5320888862e+00 1.6489624239e+00
     vertex 1.1947093119e+01 1.5320888862e+00 1.6456898767e+00
     vertex 1.2578177301e+01 2.2981333294e+00 2.3210242040e+00
   endloop
 endfacet
 facet normal  8.6689511012e-03 6.5724541079e-01 -7.5362677718e-01
   outer loop
     vertex 1.2578177301e+01 2.2981333294e+00 2.3210242040e+00
     vertex 1.1947093119e+01 1.5320888862e+00 1.6456898767e+00
     vertex 1.2354644978e+01 2.2981333294e+00 2.3184529170e+00
   endloop
 endfacet
 facet normal  -2.0151307899e-02 6.6577516891e-01 -7.4588025128e-01
   outer loop
     vertex 1.1947093119e+01 1.5320888862e+00 1.6456898767e+00
     vertex 1.1703757015e+01 1.5320888862e+00 1.6522640429e+00
     vertex 1.2354644978e+01 2.2981333294e+00 2.3184529170e+00
   endloop
 endfacet
 facet normal  -2.0151307899e-02 6.6577516891e-01 -7.4588025128e-01
   outer loop
     vertex 1.2354644978e+01 2.2981333294e+00 2.3184529170e+00
     vertex 1.1703757015e+01 1.5320888862e+00 1.6522640429e+00
     vertex 1.2163452325e+01 2.2981333294e+00 2.3236183333e+00
   endloop
 endfacet
 facet normal  -5.6168881818e-02 6.7690817178e-01 -7.3392123807e-01
   outer loop
     vertex 1.1703757015e+01 1.5320888862e+00 1.6522640429e+00
     vertex 1.1509062481e+01 1.5320888862e+00 1.6671645169e+00
     vertex 1.2163452325e+01 2.2981333294e+00 2.3236183333e+00
   endloop
 endfacet
 facet normal  -5.6168881818e-02 6.7690817178e-01 -7.3392123807e-01
   outer loop
     vertex 1.2163452325e+01 2.2981333294e+00 2.3236183333e+00
     vertex 1.1509062481e+01 1.5320888862e+00 1.6671645169e+00
     vertex 1.2010478048e+01 2.2981333294e+00 2.3353258485e+00
   endloop
 endfacet
 facet normal  -1.0166260958e-01 6.9087357162e-01 -7.1579216386e-01
   outer loop
     vertex 1.1509062481e+01 1.5320888862e+00 1.6671645169e+00
     vertex 1.1361857510e+01 1.5320888862e+00 1.6880717610e+00
     vertex 1.2010478048e+01 2.2981333294e+00 2.3353258485e+00
   endloop
 endfacet
 facet normal  -1.0166260958e-01 6.9087357162e-01 -7.1579216386e-01
   outer loop
     vertex 1.2010478048e+01 2.2981333294e+00 2.3353258485e+00
     vertex 1.1361857510e+01 1.5320888862e+00 1.6880717610e+00
     vertex 1.1894816999e+01 2.2981333294e+00 2.3517529689e+00
   endloop
 endfacet
 facet normal  -1.6428994360e-01 7.0871756429e-01 -6.8609636968e-01
   outer loop
     vertex 1.1361857510e+01 1.5320888862e+00 1.6880717610e+00
     vertex 1.1256085459e+01 1.5320888862e+00 1.7133995211e+00
     vertex 1.1894816999e+01 2.2981333294e+00 2.3517529689e+00
   endloop
 endfacet
 facet normal  -1.6428994360e-01 7.0871756429e-01 -6.8609636968e-01
   outer loop
     vertex 1.1894816999e+01 2.2981333294e+00 2.3517529689e+00
     vertex 1.1256085459e+01 1.5320888862e+00 1.7133995211e+00
     vertex 1.1811710388e+01 2.2981333294e+00 2.3716533519e+00
   endloop
 endfacet
 facet normal  -2.7001952843e-01 7.3267058426e-01 -6.2472655557e-01
   outer loop
     vertex 1.1256085459e+01 1.5320888862e+00 1.7133995211e+00
     vertex 1.1185295276e+01 1.5320888862e+00 1.7439964785e+00
     vertex 1.1811710388e+01 2.2981333294e+00 2.3716533519e+00
   endloop
 endfacet
 facet normal  -2.7001952843e-01 7.3267058426e-01 -6.2472655557e-01
   outer loop
     vertex 1.1811710388e+01 2.2981333294e+00 2.3716533519e+00
     vertex 1.1185295276e+01 1.5320888862e+00 1.7439964785e+00
     vertex 1.1756089530e+01 2.2981333294e+00 2.3956938184e+00
   endloop
 endfacet
 facet normal  -5.4062897939e-01 7.4126123696e-01 -3.9780910652e-01
   outer loop
     vertex 1.1185295276e+01 1.5320888862e+00 1.7439964785e+00
     vertex 1.1154700538e+01 1.5320888862e+00 1.7855752194e+00
     vertex 1.1756089530e+01 2.2981333294e+00 2.3956938184e+00
   endloop
 endfacet
 facet normal  -5.4062897939e-01 7.4126123696e-01 -3.9780910652e-01
   outer loop
     vertex 1.1756089530e+01 2.2981333294e+00 2.3956938184e+00
     vertex 1.1154700538e+01 1.5320888862e+00 1.7855752194e+00
     vertex 1.1732050808e+01 2.2981333294e+00 2.4283628291e+00
   endloop
 endfacet
 facet normal  -8.0063989077e-01 1.0908361516e-01 5.8913201425e-01
   outer loop
     vertex 1.1154700538e+01 1.5320888862e+00 1.7855752194e+00
     vertex 1.1756089530e+01 2.2981333294e+00 2.4610318398e+00
     vertex 1.1732050808e+01 2.2981333294e+00 2.4283628291e+00
   endloop
 endfacet
 facet normal  -8.0063989077e-01 1.0908361516e-01 5.8913201425e-01
   outer loop
     vertex 1.1154700538e+01 1.5320888862e+00 1.7855752194e+00
     vertex 1.1185295276e+01 1.5320888862e+00 1.8271539603e+00
     vertex 1.1756089530e+01 2.2981333294e+00 2.4610318398e+00
   endloop
 endfacet
 facet normal  -3.5990169074e-01 -4.2084800966e-01 8.3268104684e-01
   outer loop
     vertex 1.1185295276e+01 1.5320888862e+00 1.8271539603e+00
     vertex 1.1811710388e+01 2.2981333294e+00 2.4850723063e+00
     vertex 1.1756089530e+01 2.2981333294e+00 2.4610318398e+00
   endloop
 endfacet
 facet normal  -3.5990169074e-01 -4.2084800966e-01 8.3268104684e-01
   outer loop
     vertex 1.1185295276e+01 1.5320888862e+00 1.8271539603e+00
     vertex 1.1256085459e+01 1.5320888862e+00 1.8577509176e+00
     vertex 1.1811710388e+01 2.2981333294e+00 2.4850723063e+00
   endloop
 endfacet
 facet normal  -1.9725470687e-01 -5.3151433890e-01 8.2376154812e-01
   outer loop
     vertex 1.1256085459e+01 1.5320888862e+00 1.8577509176e+00
     vertex 1.1894816999e+01 2.2981333294e+00 2.5049726892e+00
     vertex 1.1811710388e+01 2.2981333294e+00 2.4850723063e+00
   endloop
 endfacet
 facet normal  -1.9725470687e-01 -5.3151433890e-01 8.2376154812e-01
   outer loop
     vertex 1.1256085459e+01 1.5320888862e+00 1.8577509176e+00
     vertex 1.1361857510e+01 1.5320888862e+00 1.8830786778e+00
     vertex 1.1894816999e+01 2.2981333294e+00 2.5049726892e+00
   endloop
 endfacet
 facet normal  -1.1487707395e-01 -5.7670778181e-01 8.0883335260e-01
   outer loop
     vertex 1.1361857510e+01 1.5320888862e+00 1.8830786778e+00
     vertex 1.2010478048e+01 2.2981333294e+00 2.5213998096e+00
     vertex 1.1894816999e+01 2.2981333294e+00 2.5049726892e+00
   endloop
 endfacet
 facet normal  -1.1487707395e-01 -5.7670778181e-01 8.0883335260e-01
   outer loop
     vertex 1.1361857510e+01 1.5320888862e+00 1.8830786778e+00
     vertex 1.1509062481e+01 1.5320888862e+00 1.9039859218e+00
     vertex 1.2010478048e+01 2.2981333294e+00 2.5213998096e+00
   endloop
 endfacet
 facet normal  -6.0939779824e-02 -6.0187818790e-01 7.9625937368e-01
   outer loop
     vertex 1.1509062481e+01 1.5320888862e+00 1.9039859218e+00
     vertex 1.2163452325e+01 2.2981333294e+00 2.5331073248e+00
     vertex 1.2010478048e+01 2.2981333294e+00 2.5213998096e+00
   endloop
 endfacet
 facet normal  -6.0939779824e-02 -6.0187818790e-01 7.9625937368e-01
   outer loop
     vertex 1.1509062481e+01 1.5320888862e+00 1.9039859218e+00
     vertex 1.1703757015e+01 1.5320888862e+00 1.9188863958e+00
     vertex 1.2163452325e+01 2.2981333294e+00 2.5331073248e+00
   endloop
 endfacet
 facet normal  -2.1240244398e-02 -6.1762465667e-01 7.8618613285e-01
   outer loop
     vertex 1.1703757015e+01 1.5320888862e+00 1.9188863958e+00
     vertex 1.2354644978e+01 2.2981333294e+00 2.5382727411e+00
     vertex 1.2163452325e+01 2.2981333294e+00 2.5331073248e+00
   endloop
 endfacet
 facet normal  -2.1240244398e-02 -6.1762465667e-01 7.8618613285e-01
   outer loop
     vertex 1.1703757015e+01 1.5320888862e+00 1.9188863958e+00
     vertex 1.1947093119e+01 1.5320888862e+00 1.9254605620e+00
     vertex 1.2354644978e+01 2.2981333294e+00 2.5382727411e+00
   endloop
 endfacet
 facet normal  8.9552930546e-03 -6.2755635708e-01 7.7851963458e-01
   outer loop
     vertex 1.1947093119e+01 1.5320888862e+00 1.9254605620e+00
     vertex 1.2578177301e+01 2.2981333294e+00 2.5357014541e+00
     vertex 1.2354644978e+01 2.2981333294e+00 2.5382727411e+00
   endloop
 endfacet
 facet normal  8.9552930546e-03 -6.2755635708e-01 7.7851963458e-01
   outer loop
     vertex 1.1947093119e+01 1.5320888862e+00 1.9254605620e+00
     vertex 1.2231588802e+01 1.5320888862e+00 1.9221880149e+00
     vertex 1.2578177301e+01 2.2981333294e+00 2.5357014541e+00
   endloop
 endfacet
 facet normal  3.1606700060e-02 -6.3347689244e-01 7.7311580197e-01
   outer loop
     vertex 1.2231588802e+01 1.5320888862e+00 1.9221880149e+00
     vertex 1.2820390608e+01 2.2981333294e+00 2.5257992333e+00
     vertex 1.2578177301e+01 2.2981333294e+00 2.5357014541e+00
   endloop
 endfacet
 facet normal  3.1606700060e-02 -6.3347689244e-01 7.7311580197e-01
   outer loop
     vertex 1.2231588802e+01 1.5320888862e+00 1.9221880149e+00
     vertex 1.2539860284e+01 1.5320888862e+00 1.9095851885e+00
     vertex 1.2820390608e+01 2.2981333294e+00 2.5257992333e+00
   endloop
 endfacet
 facet normal  4.8034957669e-02 -6.3668568676e-01 7.6962586957e-01
   outer loop
     vertex 1.2539860284e+01 1.5320888862e+00 1.9095851885e+00
     vertex 1.2847793628e+01 1.5320888862e+00 1.8903660253e+00
     vertex 1.2820390608e+01 2.2981333294e+00 2.5257992333e+00
   endloop
 endfacet
 facet normal  4.8034957669e-02 -6.3668568676e-01 7.6962586957e-01
   outer loop
     vertex 1.2820390608e+01 2.2981333294e+00 2.5257992333e+00
     vertex 1.2847793628e+01 1.5320888862e+00 1.8903660253e+00
     vertex 1.3062338235e+01 2.2981333294e+00 2.5106984623e+00
   endloop
 endfacet
 facet normal  5.9766796784e-02 -6.3825265701e-01 7.6750340444e-01
   outer loop
     vertex 1.2847793628e+01 1.5320888862e+00 1.8903660253e+00
     vertex 1.3131460355e+01 1.5320888862e+00 1.8682764143e+00
     vertex 1.3062338235e+01 2.2981333294e+00 2.5106984623e+00
   endloop
 endfacet
 facet normal  5.9766796784e-02 -6.3825265701e-01 7.6750340444e-01
   outer loop
     vertex 1.3062338235e+01 2.2981333294e+00 2.5106984623e+00
     vertex 1.3131460355e+01 1.5320888862e+00 1.8682764143e+00
     vertex 1.3285219235e+01 2.2981333294e+00 2.4933423394e+00
   endloop
 endfacet
 facet normal  6.8307861783e-02 -6.3892690244e-01 7.6622871870e-01
   outer loop
     vertex 1.3131460355e+01 1.5320888862e+00 1.8682764143e+00
     vertex 1.3373940837e+01 1.5320888862e+00 1.8466597314e+00
     vertex 1.3285219235e+01 2.2981333294e+00 2.4933423394e+00
   endloop
 endfacet
 facet normal  6.8307861783e-02 -6.3892690244e-01 7.6622871870e-01
   outer loop
     vertex 1.3285219235e+01 2.2981333294e+00 2.4933423394e+00
     vertex 1.3373940837e+01 1.5320888862e+00 1.8466597314e+00
     vertex 1.3475739613e+01 2.2981333294e+00 2.4763578028e+00
   endloop
 endfacet
 facet normal  7.4750203531e-02 -6.3914132729e-01 7.6544808499e-01
   outer loop
     vertex 1.3373940837e+01 1.5320888862e+00 1.8466597314e+00
     vertex 1.3568304325e+01 1.5320888862e+00 1.8276790708e+00
     vertex 1.3475739613e+01 2.2981333294e+00 2.4763578028e+00
   endloop
 endfacet
 facet normal  7.4750203531e-02 -6.3914132729e-01 7.6544808499e-01
   outer loop
     vertex 1.3475739613e+01 2.2981333294e+00 2.4763578028e+00
     vertex 1.3568304325e+01 1.5320888862e+00 1.8276790708e+00
     vertex 1.3628453783e+01 2.2981333294e+00 2.4614444266e+00
   endloop
 endfacet
 facet normal  7.9704980490e-02 -6.3912674371e-01 7.6496020913e-01
   outer loop
     vertex 1.3568304325e+01 1.5320888862e+00 1.8276790708e+00
     vertex 1.3716219845e+01 1.5320888862e+00 1.8122670226e+00
     vertex 1.3628453783e+01 2.2981333294e+00 2.4614444266e+00
   endloop
 endfacet
 facet normal  7.9704980490e-02 -6.3912674371e-01 7.6496020913e-01
   outer loop
     vertex 1.3628453783e+01 2.2981333294e+00 2.4614444266e+00
     vertex 1.3716219845e+01 1.5320888862e+00 1.8122670226e+00
     vertex 1.3744673120e+01 2.2981333294e+00 2.4493349602e+00
   endloop
 endfacet
 facet normal  8.3526366916e-02 -6.3901039584e-01 7.6464963221e-01
   outer loop
     vertex 1.3716219845e+01 1.5320888862e+00 1.8122670226e+00
     vertex 1.3824400814e+01 1.5320888862e+00 1.8004498937e+00
     vertex 1.3744673120e+01 2.2981333294e+00 2.4493349602e+00
   endloop
 endfacet
 facet normal  8.3526366916e-02 -6.3901039584e-01 7.6464963221e-01
   outer loop
     vertex 1.3744673120e+01 2.2981333294e+00 2.4493349602e+00
     vertex 1.3824400814e+01 1.5320888862e+00 1.8004498937e+00
     vertex 1.3829672453e+01 2.2981333294e+00 2.4400500731e+00
   endloop
 endfacet
 facet normal  8.6405286651e-02 -6.3886472278e-01 7.6445143235e-01
   outer loop
     vertex 1.3824400814e+01 1.5320888862e+00 1.8004498937e+00
     vertex 1.3901243178e+01 1.5320888862e+00 1.7917644675e+00
     vertex 1.3829672453e+01 2.2981333294e+00 2.4400500731e+00
   endloop
 endfacet
 facet normal  8.6405286651e-02 -6.3886472278e-01 7.6445143235e-01
   outer loop
     vertex 1.3829672453e+01 2.2981333294e+00 2.4400500731e+00
     vertex 1.3901243178e+01 1.5320888862e+00 1.7917644675e+00
     vertex 1.3890048596e+01 2.2981333294e+00 2.4332258097e+00
   endloop
 endfacet
 facet normal  8.8493010306e-02 -6.3872911196e-01 7.6432591782e-01
   outer loop
     vertex 1.3901243178e+01 1.5320888862e+00 1.7917644675e+00
     vertex 1.3954700538e+01 1.5320888862e+00 1.7855752194e+00
     vertex 1.3890048596e+01 2.2981333294e+00 2.4332258097e+00
   endloop
 endfacet
 facet normal  8.8493010306e-02 -6.3872911196e-01 7.6432591782e-01
   outer loop
     vertex 1.3890048596e+01 2.2981333294e+00 2.4332258097e+00
     vertex 1.3954700538e+01 1.5320888862e+00 1.7855752194e+00
     vertex 1.3932050808e+01 2.2981333294e+00 2.4283628291e+00
   endloop
 endfacet
 facet normal  8.8197502133e-02 6.4181167175e-01 -7.6177357438e-01
   outer loop
     vertex 1.3932050808e+01 2.2981333294e+00 2.4283628291e+00
     vertex 1.3878854014e+01 3.0641777725e+00 3.0676137255e+00
     vertex 1.3909401077e+01 3.0641777725e+00 3.0711504387e+00
   endloop
 endfacet
 facet normal  8.8197502133e-02 6.4181167175e-01 -7.6177357438e-01
   outer loop
     vertex 1.3932050808e+01 2.2981333294e+00 2.4283628291e+00
     vertex 1.3890048596e+01 2.2981333294e+00 2.4234998484e+00
     vertex 1.3878854014e+01 3.0641777725e+00 3.0676137255e+00
   endloop
 endfacet
 facet normal  8.6120027422e-02 6.4191087692e-01 -7.6192766518e-01
   outer loop
     vertex 1.3890048596e+01 2.2981333294e+00 2.4234998484e+00
     vertex 1.3834944091e+01 3.0641777725e+00 3.0626506249e+00
     vertex 1.3878854014e+01 3.0641777725e+00 3.0676137255e+00
   endloop
 endfacet
 facet normal  8.6120027422e-02 6.4191087692e-01 -7.6192766518e-01
   outer loop
     vertex 1.3890048596e+01 2.2981333294e+00 2.4234998484e+00
     vertex 1.3829672453e+01 2.2981333294e+00 2.4166755850e+00
     vertex 1.3834944091e+01 3.0641777725e+00 3.0626506249e+00
   endloop
 endfacet
 facet normal  8.3248351079e-02 6.4207976606e-01 -7.6210451125e-01
   outer loop
     vertex 1.3829672453e+01 2.2981333294e+00 2.4166755850e+00
     vertex 1.3773126395e+01 3.0641777725e+00 3.0558979798e+00
     vertex 1.3834944091e+01 3.0641777725e+00 3.0626506249e+00
   endloop
 endfacet
 facet normal  8.3248351079e-02 6.4207976606e-01 -7.6210451125e-01
   outer loop
     vertex 1.3829672453e+01 2.2981333294e+00 2.4166755850e+00
     vertex 1.3744673120e+01 2.2981333294e+00 2.4073906980e+00
     vertex 1.3773126395e+01 3.0641777725e+00 3.0558979798e+00
   endloop
 endfacet
 facet normal  7.9424967200e-02 6.4236425521e-01 -7.6227281089e-01
   outer loop
     vertex 1.3744673120e+01 2.2981333294e+00 2.4073906980e+00
     vertex 1.3688603241e+01 3.0641777725e+00 3.0470910951e+00
     vertex 1.3773126395e+01 3.0641777725e+00 3.0558979798e+00
   endloop
 endfacet
 facet normal  7.9424967200e-02 6.4236425521e-01 -7.6227281089e-01
   outer loop
     vertex 1.3744673120e+01 2.2981333294e+00 2.4073906980e+00
     vertex 1.3628453783e+01 2.2981333294e+00 2.3952812315e+00
     vertex 1.3688603241e+01 3.0641777725e+00 3.0470910951e+00
   endloop
 endfacet
 facet normal  7.4449948189e-02 6.4284051971e-01 -7.6237344618e-01
   outer loop
     vertex 1.3628453783e+01 2.2981333294e+00 2.3952812315e+00
     vertex 1.3577538390e+01 3.0641777725e+00 3.0362450033e+00
     vertex 1.3688603241e+01 3.0641777725e+00 3.0470910951e+00
   endloop
 endfacet
 facet normal  7.4449948189e-02 6.4284051971e-01 -7.6237344618e-01
   outer loop
     vertex 1.3628453783e+01 2.2981333294e+00 2.3952812315e+00
     vertex 1.3475739613e+01 2.2981333294e+00 2.3803678553e+00
     vertex 1.3577538390e+01 3.0641777725e+00 3.0362450033e+00
   endloop
 endfacet
 facet normal  6.7957879187e-02 6.4364281216e-01 -7.6230286436e-01
   outer loop
     vertex 1.3475739613e+01 2.2981333294e+00 2.3803678553e+00
     vertex 1.3438978115e+01 3.0641777725e+00 3.0238926131e+00
     vertex 1.3577538390e+01 3.0641777725e+00 3.0362450033e+00
   endloop
 endfacet
 facet normal  6.7957879187e-02 6.4364281216e-01 -7.6230286436e-01
   outer loop
     vertex 1.3475739613e+01 2.2981333294e+00 2.3803678553e+00
     vertex 1.3285219235e+01 2.2981333294e+00 2.3633833187e+00
     vertex 1.3438978115e+01 3.0641777725e+00 3.0238926131e+00
   endloop
 endfacet
 facet normal  5.9328322980e-02 6.4500400293e-01 -7.6187268378e-01
   outer loop
     vertex 1.3285219235e+01 2.2981333294e+00 2.3633833187e+00
     vertex 1.3276882842e+01 3.0641777725e+00 3.0112699782e+00
     vertex 1.3438978115e+01 3.0641777725e+00 3.0238926131e+00
   endloop
 endfacet
 facet normal  5.9328322980e-02 6.4500400293e-01 -7.6187268378e-01
   outer loop
     vertex 1.3285219235e+01 2.2981333294e+00 2.3633833187e+00
     vertex 1.3062338235e+01 2.2981333294e+00 2.3460271958e+00
     vertex 1.3276882842e+01 3.0641777725e+00 3.0112699782e+00
   endloop
 endfacet
 facet normal  4.7479719522e-02 6.4732986388e-01 -7.6072973095e-01
   outer loop
     vertex 1.3062338235e+01 2.2981333294e+00 2.3460271958e+00
     vertex 1.3100920931e+01 3.0641777725e+00 3.0002875993e+00
     vertex 1.3276882842e+01 3.0641777725e+00 3.0112699782e+00
   endloop
 endfacet
 facet normal  4.7479719522e-02 6.4732986388e-01 -7.6072973095e-01
   outer loop
     vertex 1.3062338235e+01 2.2981333294e+00 2.3460271958e+00
     vertex 1.2820390608e+01 2.2981333294e+00 2.3309264248e+00
     vertex 1.3100920931e+01 3.0641777725e+00 3.0002875993e+00
   endloop
 endfacet
 facet normal  3.0999519619e-02 6.5121036885e-01 -7.5826386258e-01
   outer loop
     vertex 1.2820390608e+01 2.2981333294e+00 2.3309264248e+00
     vertex 1.2578177301e+01 2.2981333294e+00 2.3210242040e+00
     vertex 1.3100920931e+01 3.0641777725e+00 3.0002875993e+00
   endloop
 endfacet
 facet normal  3.0999519619e-02 6.5121036885e-01 -7.5826386258e-01
   outer loop
     vertex 1.3100920931e+01 3.0641777725e+00 3.0002875993e+00
     vertex 1.2578177301e+01 2.2981333294e+00 2.3210242040e+00
     vertex 1.2924765799e+01 3.0641777725e+00 2.9930859842e+00
   endloop
 endfacet
 facet normal  8.6689511012e-03 6.5724541079e-01 -7.5362677718e-01
   outer loop
     vertex 1.2578177301e+01 2.2981333294e+00 2.3210242040e+00
     vertex 1.2354644978e+01 2.2981333294e+00 2.3184529170e+00
     vertex 1.2924765799e+01 3.0641777725e+00 2.9930859842e+00
   endloop
 endfacet
 facet normal  8.6689511012e-03 6.5724541079e-01 -7.5362677718e-01
   outer loop
     vertex 1.2924765799e+01 3.0641777725e+00 2.9930859842e+00
     vertex 1.2354644978e+01 2.2981333294e+00 2.3184529170e+00
     vertex 1.2762196837e+01 3.0641777725e+00 2.9912159572e+00
   endloop
 endfacet
 facet normal  -2.0151307899e-02 6.6577516891e-01 -7.4588025128e-01
   outer loop
     vertex 1.2354644978e+01 2.2981333294e+00 2.3184529170e+00
     vertex 1.2163452325e+01 2.2981333294e+00 2.3236183333e+00
     vertex 1.2762196837e+01 3.0641777725e+00 2.9912159572e+00
   endloop
 endfacet
 facet normal  -2.0151307899e-02 6.6577516891e-01 -7.4588025128e-01
   outer loop
     vertex 1.2762196837e+01 3.0641777725e+00 2.9912159572e+00
     vertex 1.2163452325e+01 2.2981333294e+00 2.3236183333e+00
     vertex 1.2623147635e+01 3.0641777725e+00 2.9949726236e+00
   endloop
 endfacet
 facet normal  -5.6168881818e-02 6.7690817178e-01 -7.3392123807e-01
   outer loop
     vertex 1.2163452325e+01 2.2981333294e+00 2.3236183333e+00
     vertex 1.2010478048e+01 2.2981333294e+00 2.3353258485e+00
     vertex 1.2623147635e+01 3.0641777725e+00 2.9949726236e+00
   endloop
 endfacet
 facet normal  -5.6168881818e-02 6.7690817178e-01 -7.3392123807e-01
   outer loop
     vertex 1.2623147635e+01 3.0641777725e+00 2.9949726236e+00
     vertex 1.2010478048e+01 2.2981333294e+00 2.3353258485e+00
     vertex 1.2511893615e+01 3.0641777725e+00 3.0034871802e+00
   endloop
 endfacet
 facet normal  -1.0166260958e-01 6.9087357162e-01 -7.1579216386e-01
   outer loop
     vertex 1.2010478048e+01 2.2981333294e+00 2.3353258485e+00
     vertex 1.1894816999e+01 2.2981333294e+00 2.3517529689e+00
     vertex 1.2511893615e+01 3.0641777725e+00 3.0034871802e+00
   endloop
 endfacet
 facet normal  -1.0166260958e-01 6.9087357162e-01 -7.1579216386e-01
   outer loop
     vertex 1.2511893615e+01 3.0641777725e+00 3.0034871802e+00
     vertex 1.1894816999e+01 2.2981333294e+00 2.3517529689e+00
     vertex 1.2427776489e+01 3.0641777725e+00 3.0154341768e+00
   endloop
 endfacet
 facet normal  -1.6428994360e-01 7.0871756429e-01 -6.8609636968e-01
   outer loop
     vertex 1.1894816999e+01 2.2981333294e+00 2.3517529689e+00
     vertex 1.1811710388e+01 2.2981333294e+00 2.3716533519e+00
     vertex 1.2427776489e+01 3.0641777725e+00 3.0154341768e+00
   endloop
 endfacet
 facet normal  -1.6428994360e-01 7.0871756429e-01 -6.8609636968e-01
   outer loop
     vertex 1.2427776489e+01 3.0641777725e+00 3.0154341768e+00
     vertex 1.1811710388e+01 2.2981333294e+00 2.3716533519e+00
     vertex 1.2367335317e+01 3.0641777725e+00 3.0299071826e+00
   endloop
 endfacet
 facet normal  -2.7001952843e-01 7.3267058426e-01 -6.2472655557e-01
   outer loop
     vertex 1.1811710388e+01 2.2981333294e+00 2.3716533519e+00
     vertex 1.1756089530e+01 2.2981333294e+00 2.3956938184e+00
     vertex 1.2367335317e+01 3.0641777725e+00 3.0299071826e+00
   endloop
 endfacet
 facet normal  -2.7001952843e-01 7.3267058426e-01 -6.2472655557e-01
   outer loop
     vertex 1.2367335317e+01 3.0641777725e+00 3.0299071826e+00
     vertex 1.1756089530e+01 2.2981333294e+00 2.3956938184e+00
     vertex 1.2326883784e+01 3.0641777725e+00 3.0473911582e+00
   endloop
 endfacet
 facet normal  -5.4062897939e-01 7.4126123696e-01 -3.9780910652e-01
   outer loop
     vertex 1.1756089530e+01 2.2981333294e+00 2.3956938184e+00
     vertex 1.1732050808e+01 2.2981333294e+00 2.4283628291e+00
     vertex 1.2326883784e+01 3.0641777725e+00 3.0473911582e+00
   endloop
 endfacet
 facet normal  -5.4062897939e-01 7.4126123696e-01 -3.9780910652e-01
   outer loop
     vertex 1.2326883784e+01 3.0641777725e+00 3.0473911582e+00
     vertex 1.1732050808e+01 2.2981333294e+00 2.4283628291e+00
     vertex 1.2309401077e+01 3.0641777725e+00 3.0711504387e+00
   endloop
 endfacet
 facet normal  -8.0063989077e-01 1.0908361516e-01 5.8913201425e-01
   outer loop
     vertex 1.1732050808e+01 2.2981333294e+00 2.4283628291e+00
     vertex 1.2326883784e+01 3.0641777725e+00 3.0949097192e+00
     vertex 1.2309401077e+01 3.0641777725e+00 3.0711504387e+00
   endloop
 endfacet
 facet normal  -8.0063989077e-01 1.0908361516e-01 5.8913201425e-01
   outer loop
     vertex 1.1732050808e+01 2.2981333294e+00 2.4283628291e+00
     vertex 1.1756089530e+01 2.2981333294e+00 2.4610318398e+00
     vertex 1.2326883784e+01 3.0641777725e+00 3.0949097192e+00
   endloop
 endfacet
 facet normal  -3.5990169074e-01 -4.2084800966e-01 8.3268104684e-01
   outer loop
     vertex 1.1756089530e+01 2.2981333294e+00 2.4610318398e+00
     vertex 1.2367335317e+01 3.0641777725e+00 3.1123936949e+00
     vertex 1.2326883784e+01 3.0641777725e+00 3.0949097192e+00
   endloop
 endfacet
 facet normal  -3.5990169074e-01 -4.2084800966e-01 8.3268104684e-01
   outer loop
     vertex 1.1756089530e+01 2.2981333294e+00 2.4610318398e+00
     vertex 1.1811710388e+01 2.2981333294e+00 2.4850723063e+00
     vertex 1.2367335317e+01 3.0641777725e+00 3.1123936949e+00
   endloop
 endfacet
 facet normal  -1.9725470687e-01 -5.3151433890e-01 8.2376154812e-01
   outer loop
     vertex 1.1811710388e+01 2.2981333294e+00 2.4850723063e+00
     vertex 1.2427776489e+01 3.0641777725e+00 3.1268667007e+00
     vertex 1.2367335317e+01 3.0641777725e+00 3.1123936949e+00
   endloop
 endfacet
 facet normal  -1.9725470687e-01 -5.3151433890e-01 8.2376154812e-01
   outer loop
     vertex 1.1811710388e+01 2.2981333294e+00 2.4850723063e+00
     vertex 1.1894816999e+01 2.2981333294e+00 2.5049726892e+00
     vertex 1.2427776489e+01 3.0641777725e+00 3.1268667007e+00
   endloop
 endfacet
 facet normal  -1.1487707395e-01 -5.7670778181e-01 8.0883335260e-01
   outer loop
     vertex 1.1894816999e+01 2.2981333294e+00 2.5049726892e+00
     vertex 1.2511893615e+01 3.0641777725e+00 3.1388136973e+00
     vertex 1.2427776489e+01 3.0641777725e+00 3.1268667007e+00
   endloop
 endfacet
 facet normal  -1.1487707395e-01 -5.7670778181e-01 8.0883335260e-01
   outer loop
     vertex 1.1894816999e+01 2.2981333294e+00 2.5049726892e+00
     vertex 1.2010478048e+01 2.2981333294e+00 2.5213998096e+00
     vertex 1.2511893615e+01 3.0641777725e+00 3.1388136973e+00
   endloop
 endfacet
 facet normal  -6.0939779824e-02 -6.0187818790e-01 7.9625937368e-01
   outer loop
     vertex 1.2010478048e+01 2.2981333294e+00 2.5213998096e+00
     vertex 1.2623147635e+01 3.0641777725e+00 3.1473282539e+00
     vertex 1.2511893615e+01 3.0641777725e+00 3.1388136973e+00
   endloop
 endfacet
 facet normal  -6.0939779824e-02 -6.0187818790e-01 7.9625937368e-01
   outer loop
     vertex 1.2010478048e+01 2.2981333294e+00 2.5213998096e+00
     vertex 1.2163452325e+01 2.2981333294e+00 2.5331073248e+00
     vertex 1.2623147635e+01 3.0641777725e+00 3.1473282539e+00
   endloop
 endfacet
 facet normal  -2.1240244398e-02 -6.1762465667e-01 7.8618613285e-01
   outer loop
     vertex 1.2163452325e+01 2.2981333294e+00 2.5331073248e+00
     vertex 1.2762196837e+01 3.0641777725e+00 3.1510849203e+00
     vertex 1.2623147635e+01 3.0641777725e+00 3.1473282539e+00
   endloop
 endfacet
 facet normal  -2.1240244398e-02 -6.1762465667e-01 7.8618613285e-01
   outer loop
     vertex 1.2163452325e+01 2.2981333294e+00 2.5331073248e+00
     vertex 1.2354644978e+01 2.2981333294e+00 2.5382727411e+00
     vertex 1.2762196837e+01 3.0641777725e+00 3.1510849203e+00
   endloop
 endfacet
 facet normal  8.9552930546e-03 -6.2755635708e-01 7.7851963458e-01
   outer loop
     vertex 1.2354644978e+01 2.2981333294e+00 2.5382727411e+00
     vertex 1.2924765799e+01 3.0641777725e+00 3.1492148933e+00
     vertex 1.2762196837e+01 3.0641777725e+00 3.1510849203e+00
   endloop
 endfacet
 facet normal  8.9552930546e-03 -6.2755635708e-01 7.7851963458e-01
   outer loop
     vertex 1.2354644978e+01 2.2981333294e+00 2.5382727411e+00
     vertex 1.2578177301e+01 2.2981333294e+00 2.5357014541e+00
     vertex 1.2924765799e+01 3.0641777725e+00 3.1492148933e+00
   endloop
 endfacet
 facet normal  3.1606700060e-02 -6.3347689244e-01 7.7311580197e-01
   outer loop
     vertex 1.2578177301e+01 2.2981333294e+00 2.5357014541e+00
     vertex 1.3100920931e+01 3.0641777725e+00 3.1420132782e+00
     vertex 1.2924765799e+01 3.0641777725e+00 3.1492148933e+00
   endloop
 endfacet
 facet normal  3.1606700060e-02 -6.3347689244e-01 7.7311580197e-01
   outer loop
     vertex 1.2578177301e+01 2.2981333294e+00 2.5357014541e+00
     vertex 1.2820390608e+01 2.2981333294e+00 2.5257992333e+00
     vertex 1.3100920931e+01 3.0641777725e+00 3.1420132782e+00
   endloop
 endfacet
 facet normal  4.8034957669e-02 -6.3668568676e-01 7.6962586957e-01
   outer loop
     vertex 1.2820390608e+01 2.2981333294e+00 2.5257992333e+00
     vertex 1.3062338235e+01 2.2981333294e+00 2.5106984623e+00
     vertex 1.3100920931e+01 3.0641777725e+00 3.1420132782e+00
   endloop
 endfacet
 facet normal  4.8034957669e-02 -6.3668568676e-01 7.6962586957e-01
   outer loop
     vertex 1.3100920931e+01 3.0641777725e+00 3.1420132782e+00
     vertex 1.3062338235e+01 2.2981333294e+00 2.5106984623e+00
     vertex 1.3276882842e+01 3.0641777725e+00 3.1310308993e+00
   endloop
 endfacet
 facet normal  5.9766796784e-02 -6.3825265701e-01 7.6750340444e-01
   outer loop
     vertex 1.3062338235e+01 2.2981333294e+00 2.5106984623e+00
     vertex 1.3285219235e+01 2.2981333294e+00 2.4933423394e+00
     vertex 1.3276882842e+01 3.0641777725e+00 3.1310308993e+00
   endloop
 endfacet
 facet normal  5.9766796784e-02 -6.3825265701e-01 7.6750340444e-01
   outer loop
     vertex 1.3276882842e+01 3.0641777725e+00 3.1310308993e+00
     vertex 1.3285219235e+01 2.2981333294e+00 2.4933423394e+00
     vertex 1.3438978115e+01 3.0641777725e+00 3.1184082644e+00
   endloop
 endfacet
 facet normal  6.8307861783e-02 -6.3892690244e-01 7.6622871870e-01
   outer loop
     vertex 1.3285219235e+01 2.2981333294e+00 2.4933423394e+00
     vertex 1.3475739613e+01 2.2981333294e+00 2.4763578028e+00
     vertex 1.3438978115e+01 3.0641777725e+00 3.1184082644e+00
   endloop
 endfacet
 facet normal  6.8307861783e-02 -6.3892690244e-01 7.6622871870e-01
   outer loop
     vertex 1.3438978115e+01 3.0641777725e+00 3.1184082644e+00
     vertex 1.3475739613e+01 2.2981333294e+00 2.4763578028e+00
     vertex 1.3577538390e+01 3.0641777725e+00 3.1060558742e+00
   endloop
 endfacet
 facet normal  7.4750203531e-02 -6.3914132729e-01 7.6544808499e-01
   outer loop
     vertex 1.3475739613e+01 2.2981333294e+00 2.4763578028e+00
     vertex 1.3628453783e+01 2.2981333294e+00 2.4614444266e+00
     vertex 1.3577538390e+01 3.0641777725e+00 3.1060558742e+00
   endloop
 endfacet
 facet normal  7.4750203531e-02 -6.3914132729e-01 7.6544808499e-01
   outer loop
     vertex 1.3577538390e+01 3.0641777725e+00 3.1060558742e+00
     vertex 1.3628453783e+01 2.2981333294e+00 2.4614444266e+00
     vertex 1.3688603241e+01 3.0641777725e+00 3.0952097824e+00
   endloop
 endfacet
 facet normal  7.9704980490e-02 -6.3912674371e-01 7.6496020913e-01
   outer loop
     vertex 1.3628453783e+01 2.2981333294e+00 2.4614444266e+00
     vertex 1.3744673120e+01 2.2981333294e+00 2.4493349602e+00
     vertex 1.3688603241e+01 3.0641777725e+00 3.0952097824e+00
   endloop
 endfacet
 facet normal  7.9704980490e-02 -6.3912674371e-01 7.6496020913e-01
   outer loop
     vertex 1.3688603241e+01 3.0641777725e+00 3.0952097824e+00
     vertex 1.3744673120e+01 2.2981333294e+00 2.4493349602e+00
     vertex 1.3773126395e+01 3.0641777725e+00 3.0864028977e+00
   endloop
 endfacet
 facet normal  8.3526366916e-02 -6.3901039584e-01 7.6464963221e-01
   outer loop
     vertex 1.3744673120e+01 2.2981333294e+00 2.4493349602e+00
     vertex 1.3829672453e+01 2.2981333294e+00 2.4400500731e+00
     vertex 1.3773126395e+01 3.0641777725e+00 3.0864028977e+00
   endloop
 endfacet
 facet normal  8.3526366916e-02 -6.3901039584e-01 7.6464963221e-01
   outer loop
     vertex 1.3773126395e+01 3.0641777725e+00 3.0864028977e+00
     vertex 1.3829672453e+01 2.2981333294e+00 2.4400500731e+00
     vertex 1.3834944091e+01 3.0641777725e+00 3.0796502526e+00
   endloop
 endfacet
 facet normal  8.6405286651e-02 -6.3886472278e-01 7.6445143235e-01
   outer loop
     vertex 1.3829672453e+01 2.2981333294e+00 2.4400500731e+00
     vertex 1.3890048596e+01 2.2981333294e+00 2.4332258097e+00
     vertex 1.3834944091e+01 3.0641777725e+00 3.0796502526e+00
   endloop
 endfacet
 facet normal  8.6405286651e-02 -6.3886472278e-01 7.6445143235e-01
   outer loop
     vertex 1.3834944091e+01 3.0641777725e+00 3.0796502526e+00
     vertex 1.3890048596e+01 2.2981333294e+00 2.4332258097e+00
     vertex 1.3878854014e+01 3.0641777725e+00 3.0746871520e+00
   endloop
 endfacet
 facet normal  8.8493010306e-02 -6.3872911196e-01 7.6432591782e-01
   outer loop
     vertex 1.3890048596e+01 2.2981333294e+00 2.4332258097e+00
     vertex 1.3932050808e+01 2.2981333294e+00 2.4283628291e+00
     vertex 1.3878854014e+01 3.0641777725e+00 3.0746871520e+00
   endloop
 endfacet
 facet normal  8.8493010306e-02 -6.3872911196e-01 7.6432591782e-01
   outer loop
     vertex 1.3878854014e+01 3.0641777725e+00 3.0746871520e+00
     vertex 1.3932050808e+01 2.2981333294e+00 2.4283628291e+00
     vertex 1.3909401077e+01 3.0641777725e+00 3.0711504387e+00
   endloop
 endfacet
 facet normal  8.8197502133e-02 6.4181167175e-01 -7.6177357438e-01
   outer loop
     vertex 1.3909401077e+01 3.0641777725e+00 3.0711504387e+00
     vertex 1.3867659431e+01 3.8302222156e+00 3.7117276027e+00
     vertex 1.3886751346e+01 3.8302222156e+00 3.7139380484e+00
   endloop
 endfacet
 facet normal  8.8197502133e-02 6.4181167175e-01 -7.6177357438e-01
   outer loop
     vertex 1.3909401077e+01 3.0641777725e+00 3.0711504387e+00
     vertex 1.3878854014e+01 3.0641777725e+00 3.0676137255e+00
     vertex 1.3867659431e+01 3.8302222156e+00 3.7117276027e+00
   endloop
 endfacet
 facet normal  8.6120027422e-02 6.4191087692e-01 -7.6192766518e-01
   outer loop
     vertex 1.3878854014e+01 3.0641777725e+00 3.0676137255e+00
     vertex 1.3840215730e+01 3.8302222156e+00 3.7086256648e+00
     vertex 1.3867659431e+01 3.8302222156e+00 3.7117276027e+00
   endloop
 endfacet
 facet normal  8.6120027422e-02 6.4191087692e-01 -7.6192766518e-01
   outer loop
     vertex 1.3878854014e+01 3.0641777725e+00 3.0676137255e+00
     vertex 1.3834944091e+01 3.0641777725e+00 3.0626506249e+00
     vertex 1.3840215730e+01 3.8302222156e+00 3.7086256648e+00
   endloop
 endfacet
 facet normal  8.3248351079e-02 6.4207976606e-01 -7.6210451125e-01
   outer loop
     vertex 1.3834944091e+01 3.0641777725e+00 3.0626506249e+00
     vertex 1.3801579670e+01 3.8302222156e+00 3.7044052616e+00
     vertex 1.3840215730e+01 3.8302222156e+00 3.7086256648e+00
   endloop
 endfacet
 facet normal  8.3248351079e-02 6.4207976606e-01 -7.6210451125e-01
   outer loop
     vertex 1.3834944091e+01 3.0641777725e+00 3.0626506249e+00
     vertex 1.3773126395e+01 3.0641777725e+00 3.0558979798e+00
     vertex 1.3801579670e+01 3.8302222156e+00 3.7044052616e+00
   endloop
 endfacet
 facet normal  7.9424967200e-02 6.4236425521e-01 -7.6227281089e-01
   outer loop
     vertex 1.3773126395e+01 3.0641777725e+00 3.0558979798e+00
     vertex 1.3748752698e+01 3.8302222156e+00 3.6989009586e+00
     vertex 1.3801579670e+01 3.8302222156e+00 3.7044052616e+00
   endloop
 endfacet
 facet normal  7.9424967200e-02 6.4236425521e-01 -7.6227281089e-01
   outer loop
     vertex 1.3773126395e+01 3.0641777725e+00 3.0558979798e+00
     vertex 1.3688603241e+01 3.0641777725e+00 3.0470910951e+00
     vertex 1.3748752698e+01 3.8302222156e+00 3.6989009586e+00
   endloop
 endfacet
 facet normal  7.4449948189e-02 6.4284051971e-01 -7.6237344618e-01
   outer loop
     vertex 1.3688603241e+01 3.0641777725e+00 3.0470910951e+00
     vertex 1.3679337167e+01 3.8302222156e+00 3.6921221513e+00
     vertex 1.3748752698e+01 3.8302222156e+00 3.6989009586e+00
   endloop
 endfacet
 facet normal  7.4449948189e-02 6.4284051971e-01 -7.6237344618e-01
   outer loop
     vertex 1.3688603241e+01 3.0641777725e+00 3.0470910951e+00
     vertex 1.3577538390e+01 3.0641777725e+00 3.0362450033e+00
     vertex 1.3679337167e+01 3.8302222156e+00 3.6921221513e+00
   endloop
 endfacet
 facet normal  6.7957879187e-02 6.4364281216e-01 -7.6230286436e-01
   outer loop
     vertex 1.3577538390e+01 3.0641777725e+00 3.0362450033e+00
     vertex 1.3592736995e+01 3.8302222156e+00 3.6844019074e+00
     vertex 1.3679337167e+01 3.8302222156e+00 3.6921221513e+00
   endloop
 endfacet
 facet normal  6.7957879187e-02 6.4364281216e-01 -7.6230286436e-01
   outer loop
     vertex 1.3577538390e+01 3.0641777725e+00 3.0362450033e+00
     vertex 1.3438978115e+01 3.0641777725e+00 3.0238926131e+00
     vertex 1.3592736995e+01 3.8302222156e+00 3.6844019074e+00
   endloop
 endfacet
 facet normal  5.9328322980e-02 6.4500400293e-01 -7.6187268378e-01
   outer loop
     vertex 1.3438978115e+01 3.0641777725e+00 3.0238926131e+00
     vertex 1.3491427449e+01 3.8302222156e+00 3.6765127606e+00
     vertex 1.3592736995e+01 3.8302222156e+00 3.6844019074e+00
   endloop
 endfacet
 facet normal  5.9328322980e-02 6.4500400293e-01 -7.6187268378e-01
   outer loop
     vertex 1.3438978115e+01 3.0641777725e+00 3.0238926131e+00
     vertex 1.3276882842e+01 3.0641777725e+00 3.0112699782e+00
     vertex 1.3491427449e+01 3.8302222156e+00 3.6765127606e+00
   endloop
 endfacet
 facet normal  4.7479719522e-02 6.4732986388e-01 -7.6072973095e-01
   outer loop
     vertex 1.3276882842e+01 3.0641777725e+00 3.0112699782e+00
     vertex 1.3381451255e+01 3.8302222156e+00 3.6696487738e+00
     vertex 1.3491427449e+01 3.8302222156e+00 3.6765127606e+00
   endloop
 endfacet
 facet normal  4.7479719522e-02 6.4732986388e-01 -7.6072973095e-01
   outer loop
     vertex 1.3276882842e+01 3.0641777725e+00 3.0112699782e+00
     vertex 1.3100920931e+01 3.0641777725e+00 3.0002875993e+00
     vertex 1.3381451255e+01 3.8302222156e+00 3.6696487738e+00
   endloop
 endfacet
 facet normal  3.0999519619e-02 6.5121036885e-01 -7.5826386258e-01
   outer loop
     vertex 1.3100920931e+01 3.0641777725e+00 3.0002875993e+00
     vertex 1.2924765799e+01 3.0641777725e+00 2.9930859842e+00
     vertex 1.3381451255e+01 3.8302222156e+00 3.6696487738e+00
   endloop
 endfacet
 facet normal  3.0999519619e-02 6.5121036885e-01 -7.5826386258e-01
   outer loop
     vertex 1.3381451255e+01 3.8302222156e+00 3.6696487738e+00
     vertex 1.2924765799e+01 3.0641777725e+00 2.9930859842e+00
     vertex 1.3271354297e+01 3.8302222156e+00 3.6651477643e+00
   endloop
 endfacet
 facet normal  8.6689511012e-03 6.5724541079e-01 -7.5362677718e-01
   outer loop
     vertex 1.2924765799e+01 3.0641777725e+00 2.9930859842e+00
     vertex 1.2762196837e+01 3.0641777725e+00 2.9912159572e+00
     vertex 1.3271354297e+01 3.8302222156e+00 3.6651477643e+00
   endloop
 endfacet
 facet normal  8.6689511012e-03 6.5724541079e-01 -7.5362677718e-01
   outer loop
     vertex 1.3271354297e+01 3.8302222156e+00 3.6651477643e+00
     vertex 1.2762196837e+01 3.0641777725e+00 2.9912159572e+00
     vertex 1.3169748696e+01 3.8302222156e+00 3.6639789975e+00
   endloop
 endfacet
 facet normal  -2.0151307899e-02 6.6577516891e-01 -7.4588025128e-01
   outer loop
     vertex 1.2762196837e+01 3.0641777725e+00 2.9912159572e+00
     vertex 1.2623147635e+01 3.0641777725e+00 2.9949726236e+00
     vertex 1.3169748696e+01 3.8302222156e+00 3.6639789975e+00
   endloop
 endfacet
 facet normal  -2.0151307899e-02 6.6577516891e-01 -7.4588025128e-01
   outer loop
     vertex 1.3169748696e+01 3.8302222156e+00 3.6639789975e+00
     vertex 1.2623147635e+01 3.0641777725e+00 2.9949726236e+00
     vertex 1.3082842945e+01 3.8302222156e+00 3.6663269140e+00
   endloop
 endfacet
 facet normal  -5.6168881818e-02 6.7690817178e-01 -7.3392123807e-01
   outer loop
     vertex 1.2623147635e+01 3.0641777725e+00 2.9949726236e+00
     vertex 1.2511893615e+01 3.0641777725e+00 3.0034871802e+00
     vertex 1.3082842945e+01 3.8302222156e+00 3.6663269140e+00
   endloop
 endfacet
 facet normal  -5.6168881818e-02 6.7690817178e-01 -7.3392123807e-01
   outer loop
     vertex 1.3082842945e+01 3.8302222156e+00 3.6663269140e+00
     vertex 1.2511893615e+01 3.0641777725e+00 3.0034871802e+00
     vertex 1.3013309182e+01 3.8302222156e+00 3.6716485118e+00
   endloop
 endfacet
 facet normal  -1.0166260958e-01 6.9087357162e-01 -7.1579216386e-01
   outer loop
     vertex 1.2511893615e+01 3.0641777725e+00 3.0034871802e+00
     vertex 1.2427776489e+01 3.0641777725e+00 3.0154341768e+00
     vertex 1.3013309182e+01 3.8302222156e+00 3.6716485118e+00
   endloop
 endfacet
 facet normal  -1.0166260958e-01 6.9087357162e-01 -7.1579216386e-01
   outer loop
     vertex 1.3013309182e+01 3.8302222156e+00 3.6716485118e+00
     vertex 1.2427776489e+01 3.0641777725e+00 3.0154341768e+00
     vertex 1.2960735979e+01 3.8302222156e+00 3.6791153847e+00
   endloop
 endfacet
 facet normal  -1.6428994360e-01 7.0871756429e-01 -6.8609636968e-01
   outer loop
     vertex 1.2427776489e+01 3.0641777725e+00 3.0154341768e+00
     vertex 1.2367335317e+01 3.0641777725e+00 3.0299071826e+00
     vertex 1.2960735979e+01 3.8302222156e+00 3.6791153847e+00
   endloop
 endfacet
 facet normal  -1.6428994360e-01 7.0871756429e-01 -6.8609636968e-01
   outer loop
     vertex 1.2960735979e+01 3.8302222156e+00 3.6791153847e+00
     vertex 1.2367335317e+01 3.0641777725e+00 3.0299071826e+00
     vertex 1.2922960246e+01 3.8302222156e+00 3.6881610133e+00
   endloop
 endfacet
 facet normal  -2.7001952843e-01 7.3267058426e-01 -6.2472655557e-01
   outer loop
     vertex 1.2367335317e+01 3.0641777725e+00 3.0299071826e+00
     vertex 1.2326883784e+01 3.0641777725e+00 3.0473911582e+00
     vertex 1.2922960246e+01 3.8302222156e+00 3.6881610133e+00
   endloop
 endfacet
 facet normal  -2.7001952843e-01 7.3267058426e-01 -6.2472655557e-01
   outer loop
     vertex 1.2922960246e+01 3.8302222156e+00 3.6881610133e+00
     vertex 1.2326883784e+01 3.0641777725e+00 3.0473911582e+00
     vertex 1.2897678038e+01 3.8302222156e+00 3.6990884981e+00
   endloop
 endfacet
 facet normal  -5.4062897939e-01 7.4126123696e-01 -3.9780910652e-01
   outer loop
     vertex 1.2326883784e+01 3.0641777725e+00 3.0473911582e+00
     vertex 1.2309401077e+01 3.0641777725e+00 3.0711504387e+00
     vertex 1.2897678038e+01 3.8302222156e+00 3.6990884981e+00
   endloop
 endfacet
 facet normal  -5.4062897939e-01 7.4126123696e-01 -3.9780910652e-01
   outer loop
     vertex 1.2897678038e+01 3.8302222156e+00 3.6990884981e+00
     vertex 1.2309401077e+01 3.0641777725e+00 3.0711504387e+00
     vertex 1.2886751346e+01 3.8302222156e+00 3.7139380484e+00
   endloop
 endfacet
 facet normal  -8.0063989077e-01 1.0908361516e-01 5.8913201425e-01
   outer loop
     vertex 1.2309401077e+01 3.0641777725e+00 3.0711504387e+00
     vertex 1.2897678038e+01 3.8302222156e+00 3.7287875987e+00
     vertex 1.2886751346e+01 3.8302222156e+00 3.7139380484e+00
   endloop
 endfacet
 facet normal  -8.0063989077e-01 1.0908361516e-01 5.8913201425e-01
   outer loop
     vertex 1.2309401077e+01 3.0641777725e+00 3.0711504387e+00
     vertex 1.2326883784e+01 3.0641777725e+00 3.0949097192e+00
     vertex 1.2897678038e+01 3.8302222156e+00 3.7287875987e+00
   endloop
 endfacet
 facet normal  -3.5990169074e-01 -4.2084800966e-01 8.3268104684e-01
   outer loop
     vertex 1.2326883784e+01 3.0641777725e+00 3.0949097192e+00
     vertex 1.2922960246e+01 3.8302222156e+00 3.7397150835e+00
     vertex 1.2897678038e+01 3.8302222156e+00 3.7287875987e+00
   endloop
 endfacet
 facet normal  -3.5990169074e-01 -4.2084800966e-01 8.3268104684e-01
   outer loop
     vertex 1.2326883784e+01 3.0641777725e+00 3.0949097192e+00
     vertex 1.2367335317e+01 3.0641777725e+00 3.1123936949e+00
     vertex 1.2922960246e+01 3.8302222156e+00 3.7397150835e+00
   endloop
 endfacet
 facet normal  -1.9725470687e-01 -5.3151433890e-01 8.2376154812e-01
   outer loop
     vertex 1.2367335317e+01 3.0641777725e+00 3.1123936949e+00
     vertex 1.2960735979e+01 3.8302222156e+00 3.7487607121e+00
     vertex 1.2922960246e+01 3.8302222156e+00 3.7397150835e+00
   endloop
 endfacet
 facet normal  -1.9725470687e-01 -5.3151433890e-01 8.2376154812e-01
   outer loop
     vertex 1.2367335317e+01 3.0641777725e+00 3.1123936949e+00
     vertex 1.2427776489e+01 3.0641777725e+00 3.1268667007e+00
     vertex 1.2960735979e+01 3.8302222156e+00 3.7487607121e+00
   endloop
 endfacet
 facet normal  -1.1487707395e-01 -5.7670778181e-01 8.0883335260e-01
   outer loop
     vertex 1.2427776489e+01 3.0641777725e+00 3.1268667007e+00
     vertex 1.3013309182e+01 3.8302222156e+00 3.7562275850e+00
     vertex 1.2960735979e+01 3.8302222156e+00 3.7487607121e+00
   endloop
 endfacet
 facet normal  -1.1487707395e-01 -5.7670778181e-01 8.0883335260e-01
   outer loop
     vertex 1.2427776489e+01 3.0641777725e+00 3.1268667007e+00
     vertex 1.2511893615e+01 3.0641777725e+00 3.1388136973e+00
     vertex 1.3013309182e+01 3.8302222156e+00 3.7562275850e+00
   endloop
 endfacet
 facet normal  -6.0939779824e-02 -6.0187818790e-01 7.9625937368e-01
   outer loop
     vertex 1.2511893615e+01 3.0641777725e+00 3.1388136973e+00
     vertex 1.3082842945e+01 3.8302222156e+00 3.7615491829e+00
     vertex 1.3013309182e+01 3.8302222156e+00 3.7562275850e+00
   endloop
 endfacet
 facet normal  -6.0939779824e-02 -6.0187818790e-01 7.9625937368e-01
   outer loop
     vertex 1.2511893615e+01 3.0641777725e+00 3.1388136973e+00
     vertex 1.2623147635e+01 3.0641777725e+00 3.1473282539e+00
     vertex 1.3082842945e+01 3.8302222156e+00 3.7615491829e+00
   endloop
 endfacet
 facet normal  -2.1240244398e-02 -6.1762465667e-01 7.8618613285e-01
   outer loop
     vertex 1.2623147635e+01 3.0641777725e+00 3.1473282539e+00
     vertex 1.3169748696e+01 3.8302222156e+00 3.7638970994e+00
     vertex 1.3082842945e+01 3.8302222156e+00 3.7615491829e+00
   endloop
 endfacet
 facet normal  -2.1240244398e-02 -6.1762465667e-01 7.8618613285e-01
   outer loop
     vertex 1.2623147635e+01 3.0641777725e+00 3.1473282539e+00
     vertex 1.2762196837e+01 3.0641777725e+00 3.1510849203e+00
     vertex 1.3169748696e+01 3.8302222156e+00 3.7638970994e+00
   endloop
 endfacet
 facet normal  8.9552930546e-03 -6.2755635708e-01 7.7851963458e-01
   outer loop
     vertex 1.2762196837e+01 3.0641777725e+00 3.1510849203e+00
     vertex 1.3271354297e+01 3.8302222156e+00 3.7627283325e+00
     vertex 1.3169748696e+01 3.8302222156e+00 3.7638970994e+00
   endloop
 endfacet
 facet normal  8.9552930546e-03 -6.2755635708e-01 7.7851963458e-01
   outer loop
     vertex 1.2762196837e+01 3.0641777725e+00 3.1510849203e+00
     vertex 1.2924765799e+01 3.0641777725e+00 3.1492148933e+00
     vertex 1.3271354297e+01 3.8302222156e+00 3.7627283325e+00
   endloop
 endfacet
 facet normal  3.1606700060e-02 -6.3347689244e-01 7.7311580197e-01
   outer loop
     vertex 1.2924765799e+01 3.0641777725e+00 3.1492148933e+00
     vertex 1.3381451255e+01 3.8302222156e+00 3.7582273231e+00
     vertex 1.3271354297e+01 3.8302222156e+00 3.7627283325e+00
   endloop
 endfacet
 facet normal  3.1606700060e-02 -6.3347689244e-01 7.7311580197e-01
   outer loop
     vertex 1.2924765799e+01 3.0641777725e+00 3.1492148933e+00
     vertex 1.3100920931e+01 3.0641777725e+00 3.1420132782e+00
     vertex 1.3381451255e+01 3.8302222156e+00 3.7582273231e+00
   endloop
 endfacet
 facet normal  4.8034957669e-02 -6.3668568676e-01 7.6962586957e-01
   outer loop
     vertex 1.3100920931e+01 3.0641777725e+00 3.1420132782e+00
     vertex 1.3276882842e+01 3.0641777725e+00 3.1310308993e+00
     vertex 1.3381451255e+01 3.8302222156e+00 3.7582273231e+00
   endloop
 endfacet
 facet normal  4.8034957669e-02 -6.3668568676e-01 7.6962586957e-01
   outer loop
     vertex 1.3381451255e+01 3.8302222156e+00 3.7582273231e+00
     vertex 1.3276882842e+01 3.0641777725e+00 3.1310308993e+00
     vertex 1.3491427449e+01 3.8302222156e+00 3.7513633363e+00
   endloop
 endfacet
 facet normal  5.9766796784e-02 -6.3825265701e-01 7.6750340444e-01
   outer loop
     vertex 1.3276882842e+01 3.0641777725e+00 3.1310308993e+00
     vertex 1.3438978115e+01 3.0641777725e+00 3.1184082644e+00
     vertex 1.3491427449e+01 3.8302222156e+00 3.7513633363e+00
   endloop
 endfacet
 facet normal  5.9766796784e-02 -6.3825265701e-01 7.6750340444e-01
   outer loop
     vertex 1.3491427449e+01 3.8302222156e+00 3.7513633363e+00
     vertex 1.3438978115e+01 3.0641777725e+00 3.1184082644e+00
     vertex 1.3592736995e+01 3.8302222156e+00 3.7434741895e+00
   endloop
 endfacet
 facet normal  6.8307861783e-02 -6.3892690244e-01 7.6622871870e-01
   outer loop
     vertex 1.3438978115e+01 3.0641777725e+00 3.1184082644e+00
     vertex 1.3577538390e+01 3.0641777725e+00 3.1060558742e+00
     vertex 1.3592736995e+01 3.8302222156e+00 3.7434741895e+00
   endloop
 endfacet
 facet normal  6.8307861783e-02 -6.3892690244e-01 7.6622871870e-01
   outer loop
     vertex 1.3592736995e+01 3.8302222156e+00 3.7434741895e+00
     vertex 1.3577538390e+01 3.0641777725e+00 3.1060558742e+00
     vertex 1.3679337167e+01 3.8302222156e+00 3.7357539456e+00
   endloop
 endfacet
 facet normal  7.4750203531e-02 -6.3914132729e-01 7.6544808499e-01
   outer loop
     vertex 1.3577538390e+01 3.0641777725e+00 3.1060558742e+00
     vertex 1.3688603241e+01 3.0641777725e+00 3.0952097824e+00
     vertex 1.3679337167e+01 3.8302222156e+00 3.7357539456e+00
   endloop
 endfacet
 facet normal  7.4750203531e-02 -6.3914132729e-01 7.6544808499e-01
   outer loop
     vertex 1.3679337167e+01 3.8302222156e+00 3.7357539456e+00
     vertex 1.3688603241e+01 3.0641777725e+00 3.0952097824e+00
     vertex 1.3748752698e+01 3.8302222156e+00 3.7289751382e+00
   endloop
 endfacet
 facet normal  7.9704980490e-02 -6.3912674371e-01 7.6496020913e-01
   outer loop
     vertex 1.3688603241e+01 3.0641777725e+00 3.0952097824e+00
     vertex 1.3773126395e+01 3.0641777725e+00 3.0864028977e+00
     vertex 1.3748752698e+01 3.8302222156e+00 3.7289751382e+00
   endloop
 endfacet
 facet normal  7.9704980490e-02 -6.3912674371e-01 7.6496020913e-01
   outer loop
     vertex 1.3748752698e+01 3.8302222156e+00 3.7289751382e+00
     vertex 1.3773126395e+01 3.0641777725e+00 3.0864028977e+00
     vertex 1.3801579670e+01 3.8302222156e+00 3.7234708353e+00
   endloop
 endfacet
 facet normal  8.3526366916e-02 -6.3901039584e-01 7.6464963221e-01
   outer loop
     vertex 1.3773126395e+01 3.0641777725e+00 3.0864028977e+00
     vertex 1.3834944091e+01 3.0641777725e+00 3.0796502526e+00
     vertex 1.3801579670e+01 3.8302222156e+00 3.7234708353e+00
   endloop
 endfacet
 facet normal  8.3526366916e-02 -6.3901039584e-01 7.6464963221e-01
   outer loop
     vertex 1.3801579670e+01 3.8302222156e+00 3.7234708353e+00
     vertex 1.3834944091e+01 3.0641777725e+00 3.0796502526e+00
     vertex 1.3840215730e+01 3.8302222156e+00 3.7192504321e+00
   endloop
 endfacet
 facet normal  8.6405286651e-02 -6.3886472278e-01 7.6445143235e-01
   outer loop
     vertex 1.3834944091e+01 3.0641777725e+00 3.0796502526e+00
     vertex 1.3878854014e+01 3.0641777725e+00 3.0746871520e+00
     vertex 1.3840215730e+01 3.8302222156e+00 3.7192504321e+00
   endloop
 endfacet
 facet normal  8.6405286651e-02 -6.3886472278e-01 7.6445143235e-01
   outer loop
     vertex 1.3840215730e+01 3.8302222156e+00 3.7192504321e+00
     vertex 1.3878854014e+01 3.0641777725e+00 3.0746871520e+00
     vertex 1.3867659431e+01 3.8302222156e+00 3.7161484942e+00
   endloop
 endfacet
 facet normal  8.8493010306e-02 -6.3872911196e-01 7.6432591782e-01
   outer loop
     vertex 1.3878854014e+01 3.0641777725e+00 3.0746871520e+00
     vertex 1.3909401077e+01 3.0641777725e+00 3.0711504387e+00
     vertex 1.3867659431e+01 3.8302222156e+00 3.7161484942e+00
   endloop
 endfacet
 facet normal  8.8493010306e-02 -6.3872911196e-01 7.6432591782e-01
   outer loop
     vertex 1.3867659431e+01 3.8302222156e+00 3.7161484942e+00
     vertex 1.3909401077e+01 3.0641777725e+00 3.0711504387e+00
     vertex 1.3886751346e+01 3.8302222156e+00 3.7139380484e+00
   endloop
 endfacet
 facet normal  0.0000000000e+00 1.0000000000e+00 0.0000000000e+00
   outer loop
     vertex 1.3886751346e+01 3.8302222156e+00 3.7139380484e+00
     vertex 1.3867659431e+01 3.8302222156e+00 3.7117276027e+00
     vertex 1.3867659431e+01 3.8302222156e+00 3.7128328256e+00
   endloop
 endfacet
 facet normal  -1.6181826366e-14 1.0000000000e+00 2.6008055471e-26
   outer loop
     vertex 1.3867659431e+01 3.8302222156e+00 3.7117276027e+00
     vertex 1.3840215730e+01 3.8302222156e+00 3.7112818566e+00
     vertex 1.3867659431e+01 3.8302222156e+00 3.7128328256e+00
   endloop
 endfacet
 facet normal  -1.6181826366e-14 1.0000000000e+00 1.0821770309e-26
   outer loop
     vertex 1.3867659431e+01 3.8302222156e+00 3.7117276027e+00
     vertex 1.3840215730e+01 3.8302222156e+00 3.7086256648e+00
     vertex 1.3840215730e+01 3.8302222156e+00 3.7112818566e+00
   endloop
 endfacet
 facet normal  1.1494163910e-14 1.0000000000e+00 -7.6868456574e-27
   outer loop
     vertex 1.3840215730e+01 3.8302222156e+00 3.7086256648e+00
     vertex 1.3801579670e+01 3.8302222156e+00 3.7091716550e+00
     vertex 1.3840215730e+01 3.8302222156e+00 3.7112818566e+00
   endloop
 endfacet
 facet normal  1.1494163910e-14 1.0000000000e+00 -0.0000000000e+00
   outer loop
     vertex 1.3840215730e+01 3.8302222156e+00 3.7086256648e+00
     vertex 1.3801579670e+01 3.8302222156e+00 3.7044052616e+00
     vertex 1.3801579670e+01 3.8302222156e+00 3.7091716550e+00
   endloop
 endfacet
 facet normal  8.4064862645e-15 1.0000000000e+00 0.0000000000e+00
   outer loop
     vertex 1.3801579670e+01 3.8302222156e+00 3.7044052616e+00
     vertex 1.3748752698e+01 3.8302222156e+00 3.7064195035e+00
     vertex 1.3801579670e+01 3.8302222156e+00 3.7091716550e+00
   endloop
 endfacet
 facet normal  8.4064862645e-15 1.0000000000e+00 -0.0000000000e+00
   outer loop
     vertex 1.3801579670e+01 3.8302222156e+00 3.7044052616e+00
     vertex 1.3748752698e+01 3.8302222156e+00 3.6989009586e+00
     vertex 1.3748752698e+01 3.8302222156e+00 3.7064195035e+00
   endloop
 endfacet
 facet normal  -1.2795096412e-14 1.0000000000e+00 0.0000000000e+00
   outer loop
     vertex 1.3748752698e+01 3.8302222156e+00 3.6989009586e+00
     vertex 1.3679337167e+01 3.8302222156e+00 3.7030300998e+00
     vertex 1.3748752698e+01 3.8302222156e+00 3.7064195035e+00
   endloop
 endfacet
 facet normal  -1.2795096412e-14 1.0000000000e+00 0.0000000000e+00
   outer loop
     vertex 1.3748752698e+01 3.8302222156e+00 3.6989009586e+00
     vertex 1.3679337167e+01 3.8302222156e+00 3.6921221513e+00
     vertex 1.3679337167e+01 3.8302222156e+00 3.7030300998e+00
   endloop
 endfacet
 facet normal  1.0256081478e-14 1.0000000000e+00 0.0000000000e+00
   outer loop
     vertex 1.3679337167e+01 3.8302222156e+00 3.6921221513e+00
     vertex 1.3592736995e+01 3.8302222156e+00 3.6991699779e+00
     vertex 1.3679337167e+01 3.8302222156e+00 3.7030300998e+00
   endloop
 endfacet
 facet normal  1.0256081478e-14 1.0000000000e+00 -0.0000000000e+00
   outer loop
     vertex 1.3679337167e+01 3.8302222156e+00 3.6921221513e+00
     vertex 1.3592736995e+01 3.8302222156e+00 3.6844019074e+00
     vertex 1.3592736995e+01 3.8302222156e+00 3.6991699779e+00
   endloop
 endfacet
 facet normal  -4.3834883198e-15 1.0000000000e+00 0.0000000000e+00
   outer loop
     vertex 1.3592736995e+01 3.8302222156e+00 3.6844019074e+00
     vertex 1.3491427449e+01 3.8302222156e+00 3.6952254045e+00
     vertex 1.3592736995e+01 3.8302222156e+00 3.6991699779e+00
   endloop
 endfacet
 facet normal  -4.3834883198e-15 1.0000000000e+00 0.0000000000e+00
   outer loop
     vertex 1.3592736995e+01 3.8302222156e+00 3.6844019074e+00
     vertex 1.3491427449e+01 3.8302222156e+00 3.6765127606e+00
     vertex 1.3491427449e+01 3.8302222156e+00 3.6952254045e+00
   endloop
 endfacet
 facet normal  -0.0000000000e+00 1.0000000000e+00 0.0000000000e+00
   outer loop
     vertex 1.3491427449e+01 3.8302222156e+00 3.6765127606e+00
     vertex 1.3381451255e+01 3.8302222156e+00 3.6917934111e+00
     vertex 1.3491427449e+01 3.8302222156e+00 3.6952254045e+00
   endloop
 endfacet
 facet normal  0.0000000000e+00 1.0000000000e+00 0.0000000000e+00
   outer loop
     vertex 1.3491427449e+01 3.8302222156e+00 3.6765127606e+00
     vertex 1.3381451255e+01 3.8302222156e+00 3.6696487738e+00
     vertex 1.3381451255e+01 3.8302222156e+00 3.6917934111e+00
   endloop
 endfacet
 facet normal  -4.0336192660e-15 1.0000000000e+00 0.0000000000e+00
   outer loop
     vertex 1.3381451255e+01 3.8302222156e+00 3.6696487738e+00
     vertex 1.3271354297e+01 3.8302222156e+00 3.6651477643e+00
     vertex 1.3381451255e+01 3.8302222156e+00 3.6917934111e+00
   endloop
 endfacet
 facet normal  -4.0336192660e-15 1.0000000000e+00 0.0000000000e+00
   outer loop
     vertex 1.3381451255e+01 3.8302222156e+00 3.6917934111e+00
     vertex 1.3271354297e+01 3.8302222156e+00 3.6651477643e+00
     vertex 1.3271354297e+01 3.8302222156e+00 3.6895429064e+00
   endloop
 endfacet
 facet normal  8.7414316707e-15 1.0000000000e+00 0.0000000000e+00
   outer loop
     vertex 1.3271354297e+01 3.8302222156e+00 3.6651477643e+00
     vertex 1.3169748696e+01 3.8302222156e+00 3.6639789975e+00
     vertex 1.3271354297e+01 3.8302222156e+00 3.6895429064e+00
   endloop
 endfacet
 facet normal  8.7414316707e-15 1.0000000000e+00 -0.0000000000e+00
   outer loop
     vertex 1.3271354297e+01 3.8302222156e+00 3.6895429064e+00
     vertex 1.3169748696e+01 3.8302222156e+00 3.6639789975e+00
     vertex 1.3169748696e+01 3.8302222156e+00 3.6889585230e+00
   endloop
 endfacet
 facet normal  -5.1100094337e-15 1.0000000000e+00 0.0000000000e+00
   outer loop
     vertex 1.3169748696e+01 3.8302222156e+00 3.6639789975e+00
     vertex 1.3082842945e+01 3.8302222156e+00 3.6663269140e+00
     vertex 1.3169748696e+01 3.8302222156e+00 3.6889585230e+00
   endloop
 endfacet
 facet normal  -5.1100094337e-15 1.0000000000e+00 0.0000000000e+00
   outer loop
     vertex 1.3169748696e+01 3.8302222156e+00 3.6889585230e+00
     vertex 1.3082842945e+01 3.8302222156e+00 3.6663269140e+00
     vertex 1.3082842945e+01 3.8302222156e+00 3.6901324812e+00
   endloop
 endfacet
 facet normal  -6.3866702312e-15 1.0000000000e+00 0.0000000000e+00
   outer loop
     vertex 1.3082842945e+01 3.8302222156e+00 3.6663269140e+00
     vertex 1.3013309182e+01 3.8302222156e+00 3.6716485118e+00
     vertex 1.3082842945e+01 3.8302222156e+00 3.6901324812e+00
   endloop
 endfacet
 facet normal  -6.3866702312e-15 1.0000000000e+00 0.0000000000e+00
   outer loop
     vertex 1.3082842945e+01 3.8302222156e+00 3.6901324812e+00
     vertex 1.3013309182e+01 3.8302222156e+00 3.6716485118e+00
     vertex 1.3013309182e+01 3.8302222156e+00 3.6927932801e+00
   endloop
 endfacet
 facet normal  8.4470638478e-15 1.0000000000e+00 0.0000000000e+00
   outer loop
     vertex 1.3013309182e+01 3.8302222156e+00 3.6716485118e+00
     vertex 1.2960735979e+01 3.8302222156e+00 3.6791153847e+00
     vertex 1.3013309182e+01 3.8302222156e+00 3.6927932801e+00
   endloop
 endfacet
 facet normal  8.4470638478e-15 1.0000000000e+00 -0.0000000000e+00
   outer loop
     vertex 1.3013309182e+01 3.8302222156e+00 3.6927932801e+00
     vertex 1.2960735979e+01 3.8302222156e+00 3.6791153847e+00
     vertex 1.2960735979e+01 3.8302222156e+00 3.6965267166e+00
   endloop
 endfacet
 facet normal  -0.0000000000e+00 1.0000000000e+00 0.0000000000e+00
   outer loop
     vertex 1.2960735979e+01 3.8302222156e+00 3.6791153847e+00
     vertex 1.2922960246e+01 3.8302222156e+00 3.6881610133e+00
     vertex 1.2960735979e+01 3.8302222156e+00 3.6965267166e+00
   endloop
 endfacet
 facet normal  0.0000000000e+00 1.0000000000e+00 0.0000000000e+00
   outer loop
     vertex 1.2960735979e+01 3.8302222156e+00 3.6965267166e+00
     vertex 1.2922960246e+01 3.8302222156e+00 3.6881610133e+00
     vertex 1.2922960246e+01 3.8302222156e+00 3.7010495309e+00
   endloop
 endfacet
 facet normal  1.7565285714e-14 1.0000000000e+00 0.0000000000e+00
   outer loop
     vertex 1.2922960246e+01 3.8302222156e+00 3.6881610133e+00
     vertex 1.2897678038e+01 3.8302222156e+00 3.6990884981e+00
     vertex 1.2922960246e+01 3.8302222156e+00 3.7010495309e+00
   endloop
 endfacet
 facet normal  1.7565285714e-14 1.0000000000e+00 -0.0000000000e+00
   outer loop
     vertex 1.2922960246e+01 3.8302222156e+00 3.7010495309e+00
     vertex 1.2897678038e+01 3.8302222156e+00 3.6990884981e+00
     vertex 1.2897678038e+01 3.8302222156e+00 3.7065132733e+00
   endloop
 endfacet
 facet normal  -4.0642603448e-14 1.0000000000e+00 0.0000000000e+00
   outer loop
     vertex 1.2897678038e+01 3.8302222156e+00 3.6990884981e+00
     vertex 1.2886751346e+01 3.8302222156e+00 3.7139380484e+00
     vertex 1.2897678038e+01 3.8302222156e+00 3.7065132733e+00
   endloop
 endfacet
 facet normal  0.0000000000e+00 1.0000000000e+00 0.0000000000e+00
   outer loop
     vertex 1.2886751346e+01 3.8302222156e+00 3.7139380484e+00
     vertex 1.2897678038e+01 3.8302222156e+00 3.7287875987e+00
     vertex 1.2897678038e+01 3.8302222156e+00 3.7213628236e+00
   endloop
 endfacet
 facet normal  0.0000000000e+00 1.0000000000e+00 0.0000000000e+00
   outer loop
     vertex 1.2897678038e+01 3.8302222156e+00 3.7287875987e+00
     vertex 1.2922960246e+01 3.8302222156e+00 3.7268265660e+00
     vertex 1.2897678038e+01 3.8302222156e+00 3.7213628236e+00
   endloop
 endfacet
 facet normal  0.0000000000e+00 1.0000000000e+00 0.0000000000e+00
   outer loop
     vertex 1.2897678038e+01 3.8302222156e+00 3.7287875987e+00
     vertex 1.2922960246e+01 3.8302222156e+00 3.7397150835e+00
     vertex 1.2922960246e+01 3.8302222156e+00 3.7268265660e+00
   endloop
 endfacet
 facet normal  1.1755939084e-14 1.0000000000e+00 0.0000000000e+00
   outer loop
     vertex 1.2922960246e+01 3.8302222156e+00 3.7397150835e+00
     vertex 1.2960735979e+01 3.8302222156e+00 3.7313493803e+00
     vertex 1.2922960246e+01 3.8302222156e+00 3.7268265660e+00
   endloop
 endfacet
 facet normal  1.1755939084e-14 1.0000000000e+00 0.0000000000e+00
   outer loop
     vertex 1.2922960246e+01 3.8302222156e+00 3.7397150835e+00
     vertex 1.2960735979e+01 3.8302222156e+00 3.7487607121e+00
     vertex 1.2960735979e+01 3.8302222156e+00 3.7313493803e+00
   endloop
 endfacet
 facet normal  -8.4470638478e-15 1.0000000000e+00 0.0000000000e+00
   outer loop
     vertex 1.2960735979e+01 3.8302222156e+00 3.7487607121e+00
     vertex 1.3013309182e+01 3.8302222156e+00 3.7350828167e+00
     vertex 1.2960735979e+01 3.8302222156e+00 3.7313493803e+00
   endloop
 endfacet
 facet normal  -8.4470638478e-15 1.0000000000e+00 0.0000000000e+00
   outer loop
     vertex 1.2960735979e+01 3.8302222156e+00 3.7487607121e+00
     vertex 1.3013309182e+01 3.8302222156e+00 3.7562275850e+00
     vertex 1.3013309182e+01 3.8302222156e+00 3.7350828167e+00
   endloop
 endfacet
 facet normal  0.0000000000e+00 1.0000000000e+00 0.0000000000e+00
   outer loop
     vertex 1.3013309182e+01 3.8302222156e+00 3.7562275850e+00
     vertex 1.3082842945e+01 3.8302222156e+00 3.7377436157e+00
     vertex 1.3013309182e+01 3.8302222156e+00 3.7350828167e+00
   endloop
 endfacet
 facet normal  0.0000000000e+00 1.0000000000e+00 0.0000000000e+00
   outer loop
     vertex 1.3013309182e+01 3.8302222156e+00 3.7562275850e+00
     vertex 1.3082842945e+01 3.8302222156e+00 3.7615491829e+00
     vertex 1.3082842945e+01 3.8302222156e+00 3.7377436157e+00
   endloop
 endfacet
 facet normal  5.1100094337e-15 1.0000000000e+00 3.8130577285e-28
   outer loop
     vertex 1.3082842945e+01 3.8302222156e+00 3.7615491829e+00
     vertex 1.3169748696e+01 3.8302222156e+00 3.7389175739e+00
     vertex 1.3082842945e+01 3.8302222156e+00 3.7377436157e+00
   endloop
 endfacet
 facet normal  5.1100094337e-15 1.0000000000e+00 0.0000000000e+00
   outer loop
     vertex 1.3082842945e+01 3.8302222156e+00 3.7615491829e+00
     vertex 1.3169748696e+01 3.8302222156e+00 3.7638970994e+00
     vertex 1.3169748696e+01 3.8302222156e+00 3.7389175739e+00
   endloop
 endfacet
 facet normal  -8.7414316707e-15 1.0000000000e+00 0.0000000000e+00
   outer loop
     vertex 1.3169748696e+01 3.8302222156e+00 3.7638970994e+00
     vertex 1.3271354297e+01 3.8302222156e+00 3.7383331905e+00
     vertex 1.3169748696e+01 3.8302222156e+00 3.7389175739e+00
   endloop
 endfacet
 facet normal  -8.7414316707e-15 1.0000000000e+00 0.0000000000e+00
   outer loop
     vertex 1.3169748696e+01 3.8302222156e+00 3.7638970994e+00
     vertex 1.3271354297e+01 3.8302222156e+00 3.7627283325e+00
     vertex 1.3271354297e+01 3.8302222156e+00 3.7383331905e+00
   endloop
 endfacet
 facet normal  4.0336192660e-15 1.0000000000e+00 0.0000000000e+00
   outer loop
     vertex 1.3271354297e+01 3.8302222156e+00 3.7627283325e+00
     vertex 1.3381451255e+01 3.8302222156e+00 3.7360826858e+00
     vertex 1.3271354297e+01 3.8302222156e+00 3.7383331905e+00
   endloop
 endfacet
 facet normal  4.0336192660e-15 1.0000000000e+00 0.0000000000e+00
   outer loop
     vertex 1.3271354297e+01 3.8302222156e+00 3.7627283325e+00
     vertex 1.3381451255e+01 3.8302222156e+00 3.7582273231e+00
     vertex 1.3381451255e+01 3.8302222156e+00 3.7360826858e+00
   endloop
 endfacet
 facet normal  -4.0380485385e-15 1.0000000000e+00 0.0000000000e+00
   outer loop
     vertex 1.3381451255e+01 3.8302222156e+00 3.7582273231e+00
     vertex 1.3491427449e+01 3.8302222156e+00 3.7513633363e+00
     vertex 1.3381451255e+01 3.8302222156e+00 3.7360826858e+00
   endloop
 endfacet
 facet normal  -4.0380485385e-15 1.0000000000e+00 0.0000000000e+00
   outer loop
     vertex 1.3381451255e+01 3.8302222156e+00 3.7360826858e+00
     vertex 1.3491427449e+01 3.8302222156e+00 3.7513633363e+00
     vertex 1.3491427449e+01 3.8302222156e+00 3.7326506924e+00
   endloop
 endfacet
 facet normal  8.7669766396e-15 1.0000000000e+00 0.0000000000e+00
   outer loop
     vertex 1.3491427449e+01 3.8302222156e+00 3.7513633363e+00
     vertex 1.3592736995e+01 3.8302222156e+00 3.7434741895e+00
     vertex 1.3491427449e+01 3.8302222156e+00 3.7326506924e+00
   endloop
 endfacet
 facet normal  8.7669766396e-15 1.0000000000e+00 0.0000000000e+00
   outer loop
     vertex 1.3491427449e+01 3.8302222156e+00 3.7326506924e+00
     vertex 1.3592736995e+01 3.8302222156e+00 3.7434741895e+00
     vertex 1.3592736995e+01 3.8302222156e+00 3.7287061190e+00
   endloop
 endfacet
 facet normal  -5.1280407390e-15 1.0000000000e+00 0.0000000000e+00
   outer loop
     vertex 1.3592736995e+01 3.8302222156e+00 3.7434741895e+00
     vertex 1.3679337167e+01 3.8302222156e+00 3.7357539456e+00
     vertex 1.3592736995e+01 3.8302222156e+00 3.7287061190e+00
   endloop
 endfacet
 facet normal  -5.1280407390e-15 1.0000000000e+00 0.0000000000e+00
   outer loop
     vertex 1.3592736995e+01 3.8302222156e+00 3.7287061190e+00
     vertex 1.3679337167e+01 3.8302222156e+00 3.7357539456e+00
     vertex 1.3679337167e+01 3.8302222156e+00 3.7248459970e+00
   endloop
 endfacet
 facet normal  0.0000000000e+00 1.0000000000e+00 0.0000000000e+00
   outer loop
     vertex 1.3679337167e+01 3.8302222156e+00 3.7357539456e+00
     vertex 1.3748752698e+01 3.8302222156e+00 3.7289751382e+00
     vertex 1.3679337167e+01 3.8302222156e+00 3.7248459970e+00
   endloop
 endfacet
 facet normal  0.0000000000e+00 1.0000000000e+00 0.0000000000e+00
   outer loop
     vertex 1.3679337167e+01 3.8302222156e+00 3.7248459970e+00
     vertex 1.3748752698e+01 3.8302222156e+00 3.7289751382e+00
     vertex 1.3748752698e+01 3.8302222156e+00 3.7214565933e+00
   endloop
 endfacet
 facet normal  0.0000000000e+00 1.0000000000e+00 0.0000000000e+00
   outer loop
     vertex 1.3748752698e+01 3.8302222156e+00 3.7289751382e+00
     vertex 1.3801579670e+01 3.8302222156e+00 3.7234708353e+00
     vertex 1.3748752698e+01 3.8302222156e+00 3.7214565933e+00
   endloop
 endfacet
 facet normal  0.0000000000e+00 1.0000000000e+00 0.0000000000e+00
   outer loop
     vertex 1.3748752698e+01 3.8302222156e+00 3.7214565933e+00
     vertex 1.3801579670e+01 3.8302222156e+00 3.7234708353e+00
     vertex 1.3801579670e+01 3.8302222156e+00 3.7187044419e+00
   endloop
 endfacet
 facet normal  0.0000000000e+00 1.0000000000e+00 0.0000000000e+00
   outer loop
     vertex 1.3801579670e+01 3.8302222156e+00 3.7234708353e+00
     vertex 1.3840215730e+01 3.8302222156e+00 3.7192504321e+00
     vertex 1.3801579670e+01 3.8302222156e+00 3.7187044419e+00
   endloop
 endfacet
 facet normal  0.0000000000e+00 1.0000000000e+00 0.0000000000e+00
   outer loop
     vertex 1.3801579670e+01 3.8302222156e+00 3.7187044419e+00
     vertex 1.3840215730e+01 3.8302222156e+00 3.7192504321e+00
     vertex 1.3840215730e+01 3.8302222156e+00 3.7165942403e+00
   endloop
 endfacet
 facet normal  1.6181826366e-14 1.0000000000e+00 -1.0821770309e-26
   outer loop
     vertex 1.3840215730e+01 3.8302222156e+00 3.7192504321e+00
     vertex 1.3867659431e+01 3.8302222156e+00 3.7161484942e+00
     vertex 1.3840215730e+01 3.8302222156e+00 3.7165942403e+00
   endloop
 endfacet
 facet normal  1.6181826366e-14 1.0000000000e+00 0.0000000000e+00
   outer loop
     vertex 1.3840215730e+01 3.8302222156e+00 3.7165942403e+00
     vertex 1.3867659431e+01 3.8302222156e+00 3.7161484942e+00
     vertex 1.3867659431e+01 3.8302222156e+00 3.7150432713e+00
   endloop
 endfacet
 facet normal  -2.3260590809e-14 1.0000000000e+00 0.0000000000e+00
   outer loop
     vertex 1.3867659431e+01 3.8302222156e+00 3.7161484942e+00
     vertex 1.3886751346e+01 3.8302222156e+00 3.7139380484e+00
     vertex 1.3867659431e+01 3.8302222156e+00 3.7150432713e+00
   endloop
 endfacet
 facet normal  0.0000000000e+00 1.0000000000e+00 0.0000000000e+00
   outer loop
     vertex 1.3886751346e+01 3.8302222156e+00 3.7139380484e+00
     vertex 1.3867659431e+01 3.8302222156e+00 3.7128328256e+00
     vertex 1.3867659431e+01 3.8302222156e+00 3.7139380484e+00
   endloop
 endfacet
 facet normal  -1.6181826366e-14 1.0000000000e+00 0.0000000000e+00
   outer loop
     vertex 1.3867659431e+01 3.8302222156e+00 3.7128328256e+00
     vertex 1.3840215730e+01 3.8302222156e+00 3.7139380484e+00
     vertex 1.3867659431e+01 3.8302222156e+00 3.7139380484e+00
   endloop
 endfacet
 facet normal  -1.6181826366e-14 1.0000000000e+00 1.0821770309e-26
   outer loop
     vertex 1.3867659431e+01 3.8302222156e+00 3.7128328256e+00
     vertex 1.3840215730e+01 3.8302222156e+00 3.7112818566e+00
     vertex 1.3840215730e+01 3.8302222156e+00 3.7139380484e+00
   endloop
 endfacet
 facet normal  1.1494163910e-14 1.0000000000e+00 -7.6868456574e-27
   outer loop
     vertex 1.3840215730e+01 3.8302222156e+00 3.7112818566e+00
     vertex 1.3801579670e+01 3.8302222156e+00 3.7139380484e+00
     vertex 1.3840215730e+01 3.8302222156e+00 3.7139380484e+00
   endloop
 endfacet
 facet normal  1.1494163910e-14 1.0000000000e+00 -0.0000000000e+00
   outer loop
     vertex 1.3840215730e+01 3.8302222156e+00 3.7112818566e+00
     vertex 1.3801579670e+01 3.8302222156e+00 3.7091716550e+00
     vertex 1.3801579670e+01 3.8302222156e+00 3.7139380484e+00
   endloop
 endfacet
 facet normal  8.4064862645e-15 1.0000000000e+00 0.0000000000e+00
   outer loop
     vertex 1.3801579670e+01 3.8302222156e+00 3.7091716550e+00
     vertex 1.3748752698e+01 3.8302222156e+00 3.7139380484e+00
     vertex 1.3801579670e+01 3.8302222156e+00 3.7139380484e+00
   endloop
 endfacet
 facet normal  8.4064862645e-15 1.0000000000e+00 -0.0000000000e+00
   outer loop
     vertex 1.3801579670e+01 3.8302222156e+00 3.7091716550e+00
     vertex 1.3748752698e+01 3.8302222156e+00 3.7064195035e+00
     vertex 1.3748752698e+01 3.8302222156e+00 3.7139380484e+00
   endloop
 endfacet
 facet normal  -1.2795096412e-14 1.0000000000e+00 0.0000000000e+00
   outer loop
     vertex 1.3748752698e+01 3.8302222156e+00 3.7064195035e+00
     vertex 1.3679337167e+01 3.8302222156e+00 3.7139380484e+00
     vertex 1.3748752698e+01 3.8302222156e+00 3.7139380484e+00
   endloop
 endfacet
 facet normal  -1.2795096412e-14 1.0000000000e+00 0.0000000000e+00
   outer loop
     vertex 1.3748752698e+01 3.8302222156e+00 3.7064195035e+00
     vertex 1.3679337167e+01 3.8302222156e+00 3.7030300998e+00
     vertex 1.3679337167e+01 3.8302222156e+00 3.7139380484e+00
   endloop
 endfacet
 facet normal  1.0256081478e-14 1.0000000000e+00 0.0000000000e+00
   outer loop
     vertex 1.3679337167e+01 3.8302222156e+00 3.7030300998e+00
     vertex 1.3592736995e+01 3.8302222156e+00 3.7139380484e+00
     vertex 1.3679337167e+01 3.8302222156e+00 3.7139380484e+00
   endloop
 endfacet
 facet normal  1.0256081478e-14 1.0000000000e+00 -0.0000000000e+00
   outer loop
     vertex 1.3679337167e+01 3.8302222156e+00 3.7030300998e+00
     vertex 1.3592736995e+01 3.8302222156e+00 3.6991699779e+00
     vertex 1.3592736995e+01 3.8302222156e+00 3.7139380484e+00
   endloop
 endfacet
 facet normal  -4.3834883198e-15 1.0000000000e+00 0.0000000000e+00
   outer loop
     vertex 1.3592736995e+01 3.8302222156e+00 3.6991699779e+00
     vertex 1.3491427449e+01 3.8302222156e+00 3.7139380484e+00
     vertex 1.3592736995e+01 3.8302222156e+00 3.7139380484e+00
   endloop
 endfacet
 facet normal  -4.3834883198e-15 1.0000000000e+00 0.0000000000e+00
   outer loop
     vertex 1.3592736995e+01 3.8302222156e+00 3.6991699779e+00
     vertex 1.3491427449e+01 3.8302222156e+00 3.6952254045e+00
     vertex 1.3491427449e+01 3.8302222156e+00 3.7139380484e+00
   endloop
 endfacet
 facet normal  -0.0000000000e+00 1.0000000000e+00 0.0000000000e+00
   outer loop
     vertex 1.3491427449e+01 3.8302222156e+00 3.6952254045e+00
     vertex 1.3381451255e+01 3.8302222156e+00 3.7139380484e+00
     vertex 1.3491427449e+01 3.8302222156e+00 3.7139380484e+00
   endloop
 endfacet
 facet normal  0.0000000000e+00 1.0000000000e+00 0.0000000000e+00
   outer loop
     vertex 1.3491427449e+01 3.8302222156e+00 3.6952254045e+00
     vertex 1.3381451255e+01 3.8302222156e+00 3.6917934111e+00
     vertex 1.3381451255e+01 3.8302222156e+00 3.7139380484e+00
   endloop
 endfacet
 facet normal  -4.0336192660e-15 1.0000000000e+00 0.0000000000e+00
   outer loop
     vertex 1.3381451255e+01 3.8302222156e+00 3.6917934111e+00
     vertex 1.3271354297e+01 3.8302222156e+00 3.6895429064e+00
     vertex 1.3381451255e+01 3.8302222156e+00 3.7139380484e+00
   endloop
 endfacet
 facet normal  -4.0336192660e-15 1.0000000000e+00 0.0000000000e+00
   outer loop
     vertex 1.3381451255e+01 3.8302222156e+00 3.7139380484e+00
     vertex 1.3271354297e+01 3.8302222156e+00 3.6895429064e+00
     vertex 1.3271354297e+01 3.8302222156e+00 3.7139380484e+00
   endloop
 endfacet
 facet normal  8.7414316707e-15 1.0000000000e+00 0.0000000000e+00
   outer loop
     vertex 1.3271354297e+01 3.8302222156e+00 3.6895429064e+00
     vertex 1.3169748696e+01 3.8302222156e+00 3.6889585230e+00
     vertex 1.3271354297e+01 3.8302222156e+00 3.7139380484e+00
   endloop
 endfacet
 facet normal  8.7414316707e-15 1.0000000000e+00 -0.0000000000e+00
   outer loop
     vertex 1.3271354297e+01 3.8302222156e+00 3.7139380484e+00
     vertex 1.3169748696e+01 3.8302222156e+00 3.6889585230e+00
     vertex 1.3169748696e+01 3.8302222156e+00 3.7139380484e+00
   endloop
 endfacet
 facet normal  -5.1100094337e-15 1.0000000000e+00 0.0000000000e+00
   outer loop
     vertex 1.3169748696e+01 3.8302222156e+00 3.6889585230e+00
     vertex 1.3082842945e+01 3.8302222156e+00 3.6901324812e+00
     vertex 1.3169748696e+01 3.8302222156e+00 3.7139380484e+00
   endloop
 endfacet
 facet normal  -5.1100094337e-15 1.0000000000e+00 0.0000000000e+00
   outer loop
     vertex 1.3169748696e+01 3.8302222156e+00 3.7139380484e+00
     vertex 1.3082842945e+01 3.8302222156e+00 3.6901324812e+00
     vertex 1.3082842945e+01 3.8302222156e+00 3.7139380484e+00
   endloop
 endfacet
 facet normal  -6.3866702312e-15 1.0000000000e+00 0.0000000000e+00
   outer loop
     vertex 1.3082842945e+01 3.8302222156e+00 3.6901324812e+00
     vertex 1.3013309182e+01 3.8302222156e+00 3.6927932801e+00
     vertex 1.3082842945e+01 3.8302222156e+00 3.7139380484e+00
   endloop
 endfacet
 facet normal  -6.3866702312e-15 1.0000000000e+00 0.0000000000e+00
   outer loop
     vertex 1.3082842945e+01 3.8302222156e+00 3.7139380484e+00
     vertex 1.3013309182e+01 3.8302222156e+00 3.6927932801e+00
     vertex 1.3013309182e+01 3.8302222156e+00 3.7139380484e+00
   endloop
 endfacet
 facet normal  8.4470638478e-15 1.0000000000e+00 0.0000000000e+00
   outer loop
     vertex 1.3013309182e+01 3.8302222156e+00 3.6927932801e+00
     vertex 1.2960735979e+01 3.8302222156e+00 3.6965267166e+00
     vertex 1.3013309182e+01 3.8302222156e+00 3.7139380484e+00
   endloop
 endfacet
 facet normal  8.4470638478e-15 1.0000000000e+00 -0.0000000000e+00
   outer loop
     vertex 1.3013309182e+01 3.8302222156e+00 3.7139380484e+00
     vertex 1.2960735979e+01 3.8302222156e+00 3.6965267166e+00
     vertex 1.2960735979e+01 3.8302222156e+00 3.7139380484e+00
   endloop
 endfacet
 facet normal  -0.0000000000e+00 1.0000000000e+00 0.0000000000e+00
   outer loop
     vertex 1.2960735979e+01 3.8302222156e+00 3.6965267166e+00
     vertex 1.2922960246e+01 3.8302222156e+00 3.7010495309e+00
     vertex 1.2960735979e+01 3.8302222156e+00 3.7139380484e+00
   endloop
 endfacet
 facet normal  0.0000000000e+00 1.0000000000e+00 0.0000000000e+00
   outer loop
     vertex 1.2960735979e+01 3.8302222156e+00 3.7139380484e+00
     vertex 1.2922960246e+01 3.8302222156e+00 3.7010495309e+00
     vertex 1.2922960246e+01 3.8302222156e+00 3.7139380484e+00
   endloop
 endfacet
 facet normal  1.7565285714e-14 1.0000000000e+00 0.0000000000e+00
   outer loop
     vertex 1.2922960246e+01 3.8302222156e+00 3.7010495309e+00
     vertex 1.2897678038e+01 3.8302222156e+00 3.7065132733e+00
     vertex 1.2922960246e+01 3.8302222156e+00 3.7139380484e+00
   endloop
 endfacet
 facet normal  1.7565285714e-14 1.0000000000e+00 -0.0000000000e+00
   outer loop
     vertex 1.2922960246e+01 3.8302222156e+00 3.7139380484e+00
     vertex 1.2897678038e+01 3.8302222156e+00 3.7065132733e+00
     vertex 1.2897678038e+01 3.8302222156e+00 3.7139380484e+00
   endloop
 endfacet
 facet normal  -4.0642603448e-14 1.0000000000e+00 0.0000000000e+00
   outer loop
     vertex 1.2897678038e+01 3.8302222156e+00 3.7065132733e+00
     vertex 1.2886751346e+01 3.8302222156e+00 3.7139380484e+00
     vertex 1.2897678038e+01 3.8302222156e+00 3.7139380484e+00
   endloop
 endfacet
 facet normal  0.0000000000e+00 1.0000000000e+00 0.0000000000e+00
   outer loop
     vertex 1.2886751346e+01 3.8302222156e+00 3.7139380484e+00
     vertex 1.2897678038e+01 3.8302222156e+00 3.7213628236e+00
     vertex 1.2897678038e+01 3.8302222156e+00 3.7139380484e+00
   endloop
 endfacet
 facet normal  0.0000000000e+00 1.0000000000e+00 0.0000000000e+00
   outer loop
     vertex 1.2897678038e+01 3.8302222156e+00 3.7213628236e+00
     vertex 1.2922960246e+01 3.8302222156e+00 3.7139380484e+00
     vertex 1.2897678038e+01 3.8302222156e+00 3.7139380484e+00
   endloop
 endfacet
 facet normal  0.0000000000e+00 1.0000000000e+00 0.0000000000e+00
   outer loop
     vertex 1.2897678038e+01 3.8302222156e+00 3.7213628236e+00
     vertex 1.2922960246e+01 3.8302222156e+00 3.7268265660e+00
     vertex 1.2922960246e+01 3.8302222156e+00 3.7139380484e+00
   endloop
 endfacet
 facet normal  1.1755939084e-14 1.0000000000e+00 0.0000000000e+00
   outer loop
     vertex 1.2922960246e+01 3.8302222156e+00 3.7268265660e+00
     vertex 1.2960735979e+01 3.8302222156e+00 3.7139380484e+00
     vertex 1.2922960246e+01 3.8302222156e+00 3.7139380484e+00
   endloop
 endfacet
 facet normal  1.1755939084e-14 1.0000000000e+00 1.1993765307e-27
   outer loop
     vertex 1.2922960246e+01 3.8302222156e+00 3.7268265660e+00
     vertex 1.2960735979e+01 3.8302222156e+00 3.7313493803e+00
     vertex 1.2960735979e+01 3.8302222156e+00 3.7139380484e+00
   endloop
 endfacet
 facet normal  -8.4470638478e-15 1.0000000000e+00 -8.6179505183e-28
   outer loop
     vertex 1.2960735979e+01 3.8302222156e+00 3.7313493803e+00
     vertex 1.3013309182e+01 3.8302222156e+00 3.7139380484e+00
     vertex 1.2960735979e+01 3.8302222156e+00 3.7139380484e+00
   endloop
 endfacet
 facet normal  -8.4470638478e-15 1.0000000000e+00 0.0000000000e+00
   outer loop
     vertex 1.2960735979e+01 3.8302222156e+00 3.7313493803e+00
     vertex 1.3013309182e+01 3.8302222156e+00 3.7350828167e+00
     vertex 1.3013309182e+01 3.8302222156e+00 3.7139380484e+00
   endloop
 endfacet
 facet normal  0.0000000000e+00 1.0000000000e+00 0.0000000000e+00
   outer loop
     vertex 1.3013309182e+01 3.8302222156e+00 3.7350828167e+00
     vertex 1.3082842945e+01 3.8302222156e+00 3.7139380484e+00
     vertex 1.3013309182e+01 3.8302222156e+00 3.7139380484e+00
   endloop
 endfacet
 facet normal  0.0000000000e+00 1.0000000000e+00 0.0000000000e+00
   outer loop
     vertex 1.3013309182e+01 3.8302222156e+00 3.7350828167e+00
     vertex 1.3082842945e+01 3.8302222156e+00 3.7377436157e+00
     vertex 1.3082842945e+01 3.8302222156e+00 3.7139380484e+00
   endloop
 endfacet
 facet normal  5.1100094337e-15 1.0000000000e+00 0.0000000000e+00
   outer loop
     vertex 1.3082842945e+01 3.8302222156e+00 3.7377436157e+00
     vertex 1.3169748696e+01 3.8302222156e+00 3.7139380484e+00
     vertex 1.3082842945e+01 3.8302222156e+00 3.7139380484e+00
   endloop
 endfacet
 facet normal  5.1100094337e-15 1.0000000000e+00 0.0000000000e+00
   outer loop
     vertex 1.3082842945e+01 3.8302222156e+00 3.7377436157e+00
     vertex 1.3169748696e+01 3.8302222156e+00 3.7389175739e+00
     vertex 1.3169748696e+01 3.8302222156e+00 3.7139380484e+00
   endloop
 endfacet
 facet normal  -8.7414316707e-15 1.0000000000e+00 0.0000000000e+00
   outer loop
     vertex 1.3169748696e+01 3.8302222156e+00 3.7389175739e+00
     vertex 1.3271354297e+01 3.8302222156e+00 3.7139380484e+00
     vertex 1.3169748696e+01 3.8302222156e+00 3.7139380484e+00
   endloop
 endfacet
 facet normal  -8.7414316707e-15 1.0000000000e+00 0.0000000000e+00
   outer loop
     vertex 1.3169748696e+01 3.8302222156e+00 3.7389175739e+00
     vertex 1.3271354297e+01 3.8302222156e+00 3.7383331905e+00
     vertex 1.3271354297e+01 3.8302222156e+00 3.7139380484e+00
   endloop
 endfacet
 facet normal  4.0336192660e-15 1.0000000000e+00 0.0000000000e+00
   outer loop
     vertex 1.3271354297e+01 3.8302222156e+00 3.7383331905e+00
     vertex 1.3381451255e+01 3.8302222156e+00 3.7139380484e+00
     vertex 1.3271354297e+01 3.8302222156e+00 3.7139380484e+00
   endloop
 endfacet
 facet normal  4.0336192660e-15 1.0000000000e+00 0.0000000000e+00
   outer loop
     vertex 1.3271354297e+01 3.8302222156e+00 3.7383331905e+00
     vertex 1.3381451255e+01 3.8302222156e+00 3.7360826858e+00
     vertex 1.3381451255e+01 3.8302222156e+00 3.7139380484e+00
   endloop
 endfacet
 facet normal  -4.0380485385e-15 1.0000000000e+00 0.0000000000e+00
   outer loop
     vertex 1.3381451255e+01 3.8302222156e+00 3.7360826858e+00
     vertex 1.3491427449e+01 3.8302222156e+00 3.7326506924e+00
     vertex 1.3381451255e+01 3.8302222156e+00 3.7139380484e+00
   endloop
 endfacet
 facet normal  -4.0380485385e-15 1.0000000000e+00 0.0000000000e+00
   outer loop
     vertex 1.3381451255e+01 3.8302222156e+00 3.7139380484e+00
     vertex 1.3491427449e+01 3.8302222156e+00 3.7326506924e+00
     vertex 1.3491427449e+01 3.8302222156e+00 3.7139380484e+00
   endloop
 endfacet
 facet normal  8.7669766396e-15 1.0000000000e+00 0.0000000000e+00
   outer loop
     vertex 1.3491427449e+01 3.8302222156e+00 3.7326506924e+00
     vertex 1.3592736995e+01 3.8302222156e+00 3.7287061190e+00
     vertex 1.3491427449e+01 3.8302222156e+00 3.7139380484e+00
   endloop
 endfacet
 facet normal  8.7669766396e-15 1.0000000000e+00 0.0000000000e+00
   outer loop
     vertex 1.3491427449e+01 3.8302222156e+00 3.7139380484e+00
     vertex 1.3592736995e+01 3.8302222156e+00 3.7287061190e+00
     vertex 1.3592736995e+01 3.8302222156e+00 3.7139380484e+00
   endloop
 endfacet
 facet normal  -5.1280407390e-15 1.0000000000e+00 0.0000000000e+00
   outer loop
     vertex 1.3592736995e+01 3.8302222156e+00 3.7287061190e+00
     vertex 1.3679337167e+01 3.8302222156e+00 3.7248459970e+00
     vertex 1.3592736995e+01 3.8302222156e+00 3.7139380484e+00
   endloop
 endfacet
 facet normal  -5.1280407390e-15 1.0000000000e+00 0.0000000000e+00
   outer loop
     vertex 1.3592736995e+01 3.8302222156e+00 3.7139380484e+00
     vertex 1.3679337167e+01 3.8302222156e+00 3.7248459970e+00
     vertex 1.3679337167e+01 3.8302222156e+00 3.7139380484e+00
   endloop
 endfacet
 facet normal  0.0000000000e+00 1.0000000000e+00 0.0000000000e+00
   outer loop
     vertex 1.3679337167e+01 3.8302222156e+00 3.7248459970e+00
     vertex 1.3748752698e+01 3.8302222156e+00 3.7214565933e+00
     vertex 1.3679337167e+01 3.8302222156e+00 3.7139380484e+00
   endloop
 endfacet
 facet normal  0.0000000000e+00 1.0000000000e+00 0.0000000000e+00
   outer loop
     vertex 1.3679337167e+01 3.8302222156e+00 3.7139380484e+00
     vertex 1.3748752698e+01 3.8302222156e+00 3.7214565933e+00
     vertex 1.3748752698e+01 3.8302222156e+00 3.7139380484e+00
   endloop
 endfacet
 facet normal  0.0000000000e+00 1.0000000000e+00 0.0000000000e+00
   outer loop
     vertex 1.3748752698e+01 3.8302222156e+00 3.7214565933e+00
     vertex 1.3801579670e+01 3.8302222156e+00 3.7187044419e+00
     vertex 1.3748752698e+01 3.8302222156e+00 3.7139380484e+00
   endloop
 endfacet
 facet normal  0.0000000000e+00 1.0000000000e+00 0.0000000000e+00
   outer loop
     vertex 1.3748752698e+01 3.8302222156e+00 3.7139380484e+00
     vertex 1.3801579670e+01 3.8302222156e+00 3.7187044419e+00
     vertex 1.3801579670e+01 3.8302222156e+00 3.7139380484e+00
   endloop
 endfacet
 facet normal  0.0000000000e+00 1.0000000000e+00 0.0000000000e+00
   outer loop
     vertex 1.3801579670e+01 3.8302222156e+00 3.7187044419e+00
     vertex 1.3840215730e+01 3.8302222156e+00 3.7165942403e+00
     vertex 1.3801579670e+01 3.8302222156e+00 3.7139380484e+00
   endloop
 endfacet
 facet normal  0.0000000000e+00 1.0000000000e+00 0.0000000000e+00
   outer loop
     vertex 1.3801579670e+01 3.8302222156e+00 3.7139380484e+00
     vertex 1.3840215730e+01 3.8302222156e+00 3.7165942403e+00
     vertex 1.3840215730e+01 3.8302222156e+00 3.7139380484e+00
   endloop
 endfacet
 facet normal  1.6181826366e-14 1.0000000000e+00 -1.0821770309e-26
   outer loop
     vertex 1.3840215730e+01 3.8302222156e+00 3.7165942403e+00
     vertex 1.3867659431e+01 3.8302222156e+00 3.7150432713e+00
     vertex 1.3840215730e+01 3.8302222156e+00 3.7139380484e+00
   endloop
 endfacet
 facet normal  1.6181826366e-14 1.0000000000e+00 0.0000000000e+00
   outer loop
     vertex 1.3840215730e+01 3.8302222156e+00 3.7139380484e+00
     vertex 1.3867659431e+01 3.8302222156e+00 3.7150432713e+00
     vertex 1.3867659431e+01 3.8302222156e+00 3.7139380484e+00
   endloop
 endfacet
 facet normal  -2.3260590809e-14 1.0000000000e+00 0.0000000000e+00
   outer loop
     vertex 1.3867659431e+01 3.8302222156e+00 3.7150432713e+00
     vertex 1.3886751346e+01 3.8302222156e+00 3.7139380484e+00
     vertex 1.3867659431e+01 3.8302222156e+00 3.7139380484e+00
   endloop
 endfacet
 facet normal  8.8197502133e-02 -6.4181167175e-01 -7.6177357438e-01
   outer loop
     vertex 1.4000000000e+01 0.0000000000e+00 5.0000000000e-01
     vertex 1.3977350269e+01 -7.6604444312e-01 1.1427876097e+00
     vertex 1.3912437760e+01 -7.6604444312e-01 1.1352720941e+00
   endloop
 endfacet
 facet normal  8.8197502133e-02 -6.4181167175e-01 -7.6177357438e-01
   outer loop
     vertex 1.4000000000e+01 0.0000000000e+00 5.0000000000e-01
     vertex 1.3912437760e+01 -7.6604444312e-01 1.1352720941e+00
     vertex 1.3923632342e+01 0.0000000000e+00 4.9115821697e-01
   endloop
 endfacet
 facet normal  8.6120027422e-02 -6.4191087692e-01 -7.6192766518e-01
   outer loop
     vertex 1.3923632342e+01 0.0000000000e+00 4.9115821697e-01
     vertex 1.3912437760e+01 -7.6604444312e-01 1.1352720941e+00
     vertex 1.3819129176e+01 -7.6604444312e-01 1.1247255052e+00
   endloop
 endfacet
 facet normal  8.6120027422e-02 -6.4191087692e-01 -7.6192766518e-01
   outer loop
     vertex 1.3923632342e+01 0.0000000000e+00 4.9115821697e-01
     vertex 1.3819129176e+01 -7.6604444312e-01 1.1247255052e+00
     vertex 1.3813857537e+01 0.0000000000e+00 4.7875046532e-01
   endloop
 endfacet
 facet normal  8.3248351079e-02 -6.4207976606e-01 -7.6210451125e-01
   outer loop
     vertex 1.3813857537e+01 0.0000000000e+00 4.7875046532e-01
     vertex 1.3819129176e+01 -7.6604444312e-01 1.1247255052e+00
     vertex 1.3687766571e+01 -7.6604444312e-01 1.1103761344e+00
   endloop
 endfacet
 facet normal  8.3248351079e-02 -6.4207976606e-01 -7.6210451125e-01
   outer loop
     vertex 1.3813857537e+01 0.0000000000e+00 4.7875046532e-01
     vertex 1.3687766571e+01 -7.6604444312e-01 1.1103761344e+00
     vertex 1.3659313296e+01 0.0000000000e+00 4.6186885255e-01
   endloop
 endfacet
 facet normal  7.9424967200e-02 -6.4236425521e-01 -7.6227281089e-01
   outer loop
     vertex 1.3659313296e+01 0.0000000000e+00 4.6186885255e-01
     vertex 1.3687766571e+01 -7.6604444312e-01 1.1103761344e+00
     vertex 1.3508154868e+01 -7.6604444312e-01 1.0916615044e+00
   endloop
 endfacet
 facet normal  7.9424967200e-02 -6.4236425521e-01 -7.6227281089e-01
   outer loop
     vertex 1.3659313296e+01 0.0000000000e+00 4.6186885255e-01
     vertex 1.3508154868e+01 -7.6604444312e-01 1.0916615044e+00
     vertex 1.3448005410e+01 0.0000000000e+00 4.3985164079e-01
   endloop
 endfacet
 facet normal  7.4449948189e-02 -6.4284051971e-01 -7.6237344618e-01
   outer loop
     vertex 1.3448005410e+01 0.0000000000e+00 4.3985164079e-01
     vertex 1.3508154868e+01 -7.6604444312e-01 1.0916615044e+00
     vertex 1.3272142060e+01 -7.6604444312e-01 1.0686135593e+00
   endloop
 endfacet
 facet normal  7.4449948189e-02 -6.4284051971e-01 -7.6237344618e-01
   outer loop
     vertex 1.3448005410e+01 0.0000000000e+00 4.3985164079e-01
     vertex 1.3272142060e+01 -7.6604444312e-01 1.0686135593e+00
     vertex 1.3170343283e+01 0.0000000000e+00 4.1273641132e-01
   endloop
 endfacet
 facet normal  6.7957879187e-02 -6.4364281216e-01 -7.6230286436e-01
   outer loop
     vertex 1.3170343283e+01 0.0000000000e+00 4.1273641132e-01
     vertex 1.3272142060e+01 -7.6604444312e-01 1.0686135593e+00
     vertex 1.2977701475e+01 -7.6604444312e-01 1.0423647301e+00
   endloop
 endfacet
 facet normal  6.7957879187e-02 -6.4364281216e-01 -7.6230286436e-01
   outer loop
     vertex 1.3170343283e+01 0.0000000000e+00 4.1273641132e-01
     vertex 1.2977701475e+01 -7.6604444312e-01 1.0423647301e+00
     vertex 1.2823942596e+01 0.0000000000e+00 3.8185543580e-01
   endloop
 endfacet
 facet normal  5.9328322980e-02 -6.4500400293e-01 -7.6187268378e-01
   outer loop
     vertex 1.2823942596e+01 0.0000000000e+00 3.8185543580e-01
     vertex 1.2977701475e+01 -7.6604444312e-01 1.0423647301e+00
     vertex 1.2633249020e+01 -7.6604444312e-01 1.0155416310e+00
   endloop
 endfacet
 facet normal  5.9328322980e-02 -6.4500400293e-01 -7.6187268378e-01
   outer loop
     vertex 1.2823942596e+01 0.0000000000e+00 3.8185543580e-01
     vertex 1.2633249020e+01 -7.6604444312e-01 1.0155416310e+00
     vertex 1.2418704413e+01 0.0000000000e+00 3.5029884861e-01
   endloop
 endfacet
 facet normal  4.7479719522e-02 -6.4732986388e-01 -7.6072973095e-01
   outer loop
     vertex 1.2418704413e+01 0.0000000000e+00 3.5029884861e-01
     vertex 1.2633249020e+01 -7.6604444312e-01 1.0155416310e+00
     vertex 1.2259329960e+01 -7.6604444312e-01 9.9220407580e-01
   endloop
 endfacet
 facet normal  4.7479719522e-02 -6.4732986388e-01 -7.6072973095e-01
   outer loop
     vertex 1.2418704413e+01 0.0000000000e+00 3.5029884861e-01
     vertex 1.2259329960e+01 -7.6604444312e-01 9.9220407580e-01
     vertex 1.1978799637e+01 0.0000000000e+00 3.2284290131e-01
   endloop
 endfacet
 facet normal  3.0999519619e-02 -6.5121036885e-01 -7.5826386258e-01
   outer loop
     vertex 1.1978799637e+01 0.0000000000e+00 3.2284290131e-01
     vertex 1.2259329960e+01 -7.6604444312e-01 9.9220407580e-01
     vertex 1.1538411806e+01 0.0000000000e+00 3.0483886357e-01
   endloop
 endfacet
 facet normal  3.0999519619e-02 -6.5121036885e-01 -7.5826386258e-01
   outer loop
     vertex 1.2259329960e+01 -7.6604444312e-01 9.9220407580e-01
     vertex 1.1885000304e+01 -7.6604444312e-01 9.7690064372e-01
     vertex 1.1538411806e+01 0.0000000000e+00 3.0483886357e-01
   endloop
 endfacet
 facet normal  8.6689511012e-03 -6.5724541079e-01 -7.5362677718e-01
   outer loop
     vertex 1.1538411806e+01 0.0000000000e+00 3.0483886357e-01
     vertex 1.1885000304e+01 -7.6604444312e-01 9.7690064372e-01
     vertex 1.1131989401e+01 0.0000000000e+00 3.0016379620e-01
   endloop
 endfacet
 facet normal  8.6689511012e-03 -6.5724541079e-01 -7.5362677718e-01
   outer loop
     vertex 1.1885000304e+01 -7.6604444312e-01 9.7690064372e-01
     vertex 1.1539541260e+01 -7.6604444312e-01 9.7292683646e-01
     vertex 1.1131989401e+01 0.0000000000e+00 3.0016379620e-01
   endloop
 endfacet
 facet normal  -2.0151307899e-02 -6.6577516891e-01 -7.4588025128e-01
   outer loop
     vertex 1.1131989401e+01 0.0000000000e+00 3.0016379620e-01
     vertex 1.1539541260e+01 -7.6604444312e-01 9.7292683646e-01
     vertex 1.0784366395e+01 0.0000000000e+00 3.0955546224e-01
   endloop
 endfacet
 facet normal  -2.0151307899e-02 -6.6577516891e-01 -7.4588025128e-01
   outer loop
     vertex 1.1539541260e+01 -7.6604444312e-01 9.7292683646e-01
     vertex 1.1244061705e+01 -7.6604444312e-01 9.8090975259e-01
     vertex 1.0784366395e+01 0.0000000000e+00 3.0955546224e-01
   endloop
 endfacet
 facet normal  -5.6168881818e-02 -6.7690817178e-01 -7.3392123807e-01
   outer loop
     vertex 1.0784366395e+01 0.0000000000e+00 3.0955546224e-01
     vertex 1.1244061705e+01 -7.6604444312e-01 9.8090975259e-01
     vertex 1.0506231346e+01 0.0000000000e+00 3.3084185361e-01
   endloop
 endfacet
 facet normal  -5.6168881818e-02 -6.7690817178e-01 -7.3392123807e-01
   outer loop
     vertex 1.1244061705e+01 -7.6604444312e-01 9.8090975259e-01
     vertex 1.1007646913e+01 -7.6604444312e-01 9.9900318526e-01
     vertex 1.0506231346e+01 0.0000000000e+00 3.3084185361e-01
   endloop
 endfacet
 facet normal  -1.0166260958e-01 -6.9087357162e-01 -7.1579216386e-01
   outer loop
     vertex 1.0506231346e+01 0.0000000000e+00 3.3084185361e-01
     vertex 1.1007646913e+01 -7.6604444312e-01 9.9900318526e-01
     vertex 1.0295938531e+01 0.0000000000e+00 3.6070934516e-01
   endloop
 endfacet
 facet normal  -1.0166260958e-01 -6.9087357162e-01 -7.1579216386e-01
   outer loop
     vertex 1.1007646913e+01 -7.6604444312e-01 9.9900318526e-01
     vertex 1.0828898020e+01 -7.6604444312e-01 1.0243905531e+00
     vertex 1.0295938531e+01 0.0000000000e+00 3.6070934516e-01
   endloop
 endfacet
 facet normal  -1.6428994360e-01 -7.0871756429e-01 -6.8609636968e-01
   outer loop
     vertex 1.0295938531e+01 0.0000000000e+00 3.6070934516e-01
     vertex 1.0828898020e+01 -7.6604444312e-01 1.0243905531e+00
     vertex 1.0144835601e+01 0.0000000000e+00 3.9689185964e-01
   endloop
 endfacet
 facet normal  -1.6428994360e-01 -7.0871756429e-01 -6.8609636968e-01
   outer loop
     vertex 1.0828898020e+01 -7.6604444312e-01 1.0243905531e+00
     vertex 1.0700460530e+01 -7.6604444312e-01 1.0551456904e+00
     vertex 1.0144835601e+01 0.0000000000e+00 3.9689185964e-01
   endloop
 endfacet
 facet normal  -2.7001952843e-01 -7.3267058426e-01 -6.2472655557e-01
   outer loop
     vertex 1.0144835601e+01 0.0000000000e+00 3.9689185964e-01
     vertex 1.0700460530e+01 -7.6604444312e-01 1.0551456904e+00
     vertex 1.0043706768e+01 0.0000000000e+00 4.4060179874e-01
   endloop
 endfacet
 facet normal  -2.7001952843e-01 -7.3267058426e-01 -6.2472655557e-01
   outer loop
     vertex 1.0700460530e+01 -7.6604444312e-01 1.0551456904e+00
     vertex 1.0614501022e+01 -7.6604444312e-01 1.0922991386e+00
     vertex 1.0043706768e+01 0.0000000000e+00 4.4060179874e-01
   endloop
 endfacet
 facet normal  -5.4062897939e-01 -7.4126123696e-01 -3.9780910652e-01
   outer loop
     vertex 1.0043706768e+01 0.0000000000e+00 4.4060179874e-01
     vertex 1.0614501022e+01 -7.6604444312e-01 1.0922991386e+00
     vertex 1.0000000000e+01 0.0000000000e+00 5.0000000000e-01
   endloop
 endfacet
 facet normal  -5.4062897939e-01 -7.4126123696e-01 -3.9780910652e-01
   outer loop
     vertex 1.0614501022e+01 -7.6604444312e-01 1.0922991386e+00
     vertex 1.0577350269e+01 -7.6604444312e-01 1.1427876097e+00
     vertex 1.0000000000e+01 0.0000000000e+00 5.0000000000e-01
   endloop
 endfacet
 facet normal  -8.0063989077e-01 -1.0908361516e-01 5.8913201425e-01
   outer loop
     vertex 1.0000000000e+01 0.0000000000e+00 5.0000000000e-01
     vertex 1.0577350269e+01 -7.6604444312e-01 1.1427876097e+00
     vertex 1.0614501022e+01 -7.6604444312e-01 1.1932760808e+00
   endloop
 endfacet
 facet normal  -8.0063989077e-01 -1.0908361516e-01 5.8913201425e-01
   outer loop
     vertex 1.0000000000e+01 0.0000000000e+00 5.0000000000e-01
     vertex 1.0614501022e+01 -7.6604444312e-01 1.1932760808e+00
     vertex 1.0043706768e+01 0.0000000000e+00 5.5939820126e-01
   endloop
 endfacet
 facet normal  -3.5990169074e-01 4.2084800966e-01 8.3268104684e-01
   outer loop
     vertex 1.0043706768e+01 0.0000000000e+00 5.5939820126e-01
     vertex 1.0614501022e+01 -7.6604444312e-01 1.1932760808e+00
     vertex 1.0700460530e+01 -7.6604444312e-01 1.2304295290e+00
   endloop
 endfacet
 facet normal  -3.5990169074e-01 4.2084800966e-01 8.3268104684e-01
   outer loop
     vertex 1.0043706768e+01 0.0000000000e+00 5.5939820126e-01
     vertex 1.0700460530e+01 -7.6604444312e-01 1.2304295290e+00
     vertex 1.0144835601e+01 0.0000000000e+00 6.0310814036e-01
   endloop
 endfacet
 facet normal  -1.9725470687e-01 5.3151433890e-01 8.2376154812e-01
   outer loop
     vertex 1.0144835601e+01 0.0000000000e+00 6.0310814036e-01
     vertex 1.0700460530e+01 -7.6604444312e-01 1.2304295290e+00
     vertex 1.0828898020e+01 -7.6604444312e-01 1.2611846663e+00
   endloop
 endfacet
 facet normal  -1.9725470687e-01 5.3151433890e-01 8.2376154812e-01
   outer loop
     vertex 1.0144835601e+01 0.0000000000e+00 6.0310814036e-01
     vertex 1.0828898020e+01 -7.6604444312e-01 1.2611846663e+00
     vertex 1.0295938531e+01 0.0000000000e+00 6.3929065484e-01
   endloop
 endfacet
 facet normal  -1.1487707395e-01 5.7670778181e-01 8.0883335260e-01
   outer loop
     vertex 1.0295938531e+01 0.0000000000e+00 6.3929065484e-01
     vertex 1.0828898020e+01 -7.6604444312e-01 1.2611846663e+00
     vertex 1.1007646913e+01 -7.6604444312e-01 1.2865720341e+00
   endloop
 endfacet
 facet normal  -1.1487707395e-01 5.7670778181e-01 8.0883335260e-01
   outer loop
     vertex 1.0295938531e+01 0.0000000000e+00 6.3929065484e-01
     vertex 1.1007646913e+01 -7.6604444312e-01 1.2865720341e+00
     vertex 1.0506231346e+01 0.0000000000e+00 6.6915814639e-01
   endloop
 endfacet
 facet normal  -6.0939779824e-02 6.0187818790e-01 7.9625937368e-01
   outer loop
     vertex 1.0506231346e+01 0.0000000000e+00 6.6915814639e-01
     vertex 1.1007646913e+01 -7.6604444312e-01 1.2865720341e+00
     vertex 1.1244061705e+01 -7.6604444312e-01 1.3046654668e+00
   endloop
 endfacet
 facet normal  -6.0939779824e-02 6.0187818790e-01 7.9625937368e-01
   outer loop
     vertex 1.0506231346e+01 0.0000000000e+00 6.6915814639e-01
     vertex 1.1244061705e+01 -7.6604444312e-01 1.3046654668e+00
     vertex 1.0784366395e+01 0.0000000000e+00 6.9044453776e-01
   endloop
 endfacet
 facet normal  -2.1240244398e-02 6.1762465667e-01 7.8618613285e-01
   outer loop
     vertex 1.0784366395e+01 0.0000000000e+00 6.9044453776e-01
     vertex 1.1244061705e+01 -7.6604444312e-01 1.3046654668e+00
     vertex 1.1539541260e+01 -7.6604444312e-01 1.3126483829e+00
   endloop
 endfacet
 facet normal  -2.1240244398e-02 6.1762465667e-01 7.8618613285e-01
   outer loop
     vertex 1.0784366395e+01 0.0000000000e+00 6.9044453776e-01
     vertex 1.1539541260e+01 -7.6604444312e-01 1.3126483829e+00
     vertex 1.1131989401e+01 0.0000000000e+00 6.9983620380e-01
   endloop
 endfacet
 facet normal  8.9552930546e-03 6.2755635708e-01 7.7851963458e-01
   outer loop
     vertex 1.1131989401e+01 0.0000000000e+00 6.9983620380e-01
     vertex 1.1539541260e+01 -7.6604444312e-01 1.3126483829e+00
     vertex 1.1885000304e+01 -7.6604444312e-01 1.3086745757e+00
   endloop
 endfacet
 facet normal  8.9552930546e-03 6.2755635708e-01 7.7851963458e-01
   outer loop
     vertex 1.1131989401e+01 0.0000000000e+00 6.9983620380e-01
     vertex 1.1885000304e+01 -7.6604444312e-01 1.3086745757e+00
     vertex 1.1538411806e+01 0.0000000000e+00 6.9516113643e-01
   endloop
 endfacet
 facet normal  3.1606700060e-02 6.3347689244e-01 7.7311580197e-01
   outer loop
     vertex 1.1538411806e+01 0.0000000000e+00 6.9516113643e-01
     vertex 1.1885000304e+01 -7.6604444312e-01 1.3086745757e+00
     vertex 1.2259329960e+01 -7.6604444312e-01 1.2933711436e+00
   endloop
 endfacet
 facet normal  3.1606700060e-02 6.3347689244e-01 7.7311580197e-01
   outer loop
     vertex 1.1538411806e+01 0.0000000000e+00 6.9516113643e-01
     vertex 1.2259329960e+01 -7.6604444312e-01 1.2933711436e+00
     vertex 1.1978799637e+01 0.0000000000e+00 6.7715709869e-01
   endloop
 endfacet
 facet normal  4.8034957669e-02 6.3668568676e-01 7.6962586957e-01
   outer loop
     vertex 1.1978799637e+01 0.0000000000e+00 6.7715709869e-01
     vertex 1.2259329960e+01 -7.6604444312e-01 1.2933711436e+00
     vertex 1.2418704413e+01 0.0000000000e+00 6.4970115139e-01
   endloop
 endfacet
 facet normal  4.8034957669e-02 6.3668568676e-01 7.6962586957e-01
   outer loop
     vertex 1.2259329960e+01 -7.6604444312e-01 1.2933711436e+00
     vertex 1.2633249020e+01 -7.6604444312e-01 1.2700335884e+00
     vertex 1.2418704413e+01 0.0000000000e+00 6.4970115139e-01
   endloop
 endfacet
 facet normal  5.9766796784e-02 6.3825265701e-01 7.6750340444e-01
   outer loop
     vertex 1.2418704413e+01 0.0000000000e+00 6.4970115139e-01
     vertex 1.2633249020e+01 -7.6604444312e-01 1.2700335884e+00
     vertex 1.2823942596e+01 0.0000000000e+00 6.1814456420e-01
   endloop
 endfacet
 facet normal  5.9766796784e-02 6.3825265701e-01 7.6750340444e-01
   outer loop
     vertex 1.2633249020e+01 -7.6604444312e-01 1.2700335884e+00
     vertex 1.2977701475e+01 -7.6604444312e-01 1.2432104893e+00
     vertex 1.2823942596e+01 0.0000000000e+00 6.1814456420e-01
   endloop
 endfacet
 facet normal  6.8307861783e-02 6.3892690244e-01 7.6622871870e-01
   outer loop
     vertex 1.2823942596e+01 0.0000000000e+00 6.1814456420e-01
     vertex 1.2977701475e+01 -7.6604444312e-01 1.2432104893e+00
     vertex 1.3170343283e+01 0.0000000000e+00 5.8726358868e-01
   endloop
 endfacet
 facet normal  6.8307861783e-02 6.3892690244e-01 7.6622871870e-01
   outer loop
     vertex 1.2977701475e+01 -7.6604444312e-01 1.2432104893e+00
     vertex 1.3272142060e+01 -7.6604444312e-01 1.2169616601e+00
     vertex 1.3170343283e+01 0.0000000000e+00 5.8726358868e-01
   endloop
 endfacet
 facet normal  7.4750203531e-02 6.3914132729e-01 7.6544808499e-01
   outer loop
     vertex 1.3170343283e+01 0.0000000000e+00 5.8726358868e-01
     vertex 1.3272142060e+01 -7.6604444312e-01 1.2169616601e+00
     vertex 1.3448005410e+01 0.0000000000e+00 5.6014835921e-01
   endloop
 endfacet
 facet normal  7.4750203531e-02 6.3914132729e-01 7.6544808499e-01
   outer loop
     vertex 1.3272142060e+01 -7.6604444312e-01 1.2169616601e+00
     vertex 1.3508154868e+01 -7.6604444312e-01 1.1939137150e+00
     vertex 1.3448005410e+01 0.0000000000e+00 5.6014835921e-01
   endloop
 endfacet
 facet normal  7.9704980490e-02 6.3912674371e-01 7.6496020913e-01
   outer loop
     vertex 1.3448005410e+01 0.0000000000e+00 5.6014835921e-01
     vertex 1.3508154868e+01 -7.6604444312e-01 1.1939137150e+00
     vertex 1.3659313296e+01 0.0000000000e+00 5.3813114745e-01
   endloop
 endfacet
 facet normal  7.9704980490e-02 6.3912674371e-01 7.6496020913e-01
   outer loop
     vertex 1.3508154868e+01 -7.6604444312e-01 1.1939137150e+00
     vertex 1.3687766571e+01 -7.6604444312e-01 1.1751990850e+00
     vertex 1.3659313296e+01 0.0000000000e+00 5.3813114745e-01
   endloop
 endfacet
 facet normal  8.3526366916e-02 6.3901039584e-01 7.6464963221e-01
   outer loop
     vertex 1.3659313296e+01 0.0000000000e+00 5.3813114745e-01
     vertex 1.3687766571e+01 -7.6604444312e-01 1.1751990850e+00
     vertex 1.3813857537e+01 0.0000000000e+00 5.2124953468e-01
   endloop
 endfacet
 facet normal  8.3526366916e-02 6.3901039584e-01 7.6464963221e-01
   outer loop
     vertex 1.3687766571e+01 -7.6604444312e-01 1.1751990850e+00
     vertex 1.3819129176e+01 -7.6604444312e-01 1.1608497142e+00
     vertex 1.3813857537e+01 0.0000000000e+00 5.2124953468e-01
   endloop
 endfacet
 facet normal  8.6405286651e-02 6.3886472278e-01 7.6445143235e-01
   outer loop
     vertex 1.3813857537e+01 0.0000000000e+00 5.2124953468e-01
     vertex 1.3819129176e+01 -7.6604444312e-01 1.1608497142e+00
     vertex 1.3923632342e+01 0.0000000000e+00 5.0884178303e-01
   endloop
 endfacet
 facet normal  8.6405286651e-02 6.3886472278e-01 7.6445143235e-01
   outer loop
     vertex 1.3819129176e+01 -7.6604444312e-01 1.1608497142e+00
     vertex 1.3912437760e+01 -7.6604444312e-01 1.1503031253e+00
     vertex 1.3923632342e+01 0.0000000000e+00 5.0884178303e-01
   endloop
 endfacet
 facet normal  8.8493010306e-02 6.3872911196e-01 7.6432591782e-01
   outer loop
     vertex 1.3923632342e+01 0.0000000000e+00 5.0884178303e-01
     vertex 1.3912437760e+01 -7.6604444312e-01 1.1503031253e+00
     vertex 1.4000000000e+01 0.0000000000e+00 5.0000000000e-01
   endloop
 endfacet
 facet normal  8.8493010306e-02 6.3872911196e-01 7.6432591782e-01
   outer loop
     vertex 1.3912437760e+01 -7.6604444312e-01 1.1503031253e+00
     vertex 1.3977350269e+01 -7.6604444312e-01 1.1427876097e+00
     vertex 1.4000000000e+01 0.0000000000e+00 5.0000000000e-01
   endloop
 endfacet
 facet normal  8.8197502133e-02 -6.4181167175e-01 -7.6177357438e-01
   outer loop
     vertex 1.3977350269e+01 -7.6604444312e-01 1.1427876097e+00
     vertex 1.3954700538e+01 -1.5320888862e+00 1.7855752194e+00
     vertex 1.3901243178e+01 -1.5320888862e+00 1.7793859713e+00
   endloop
 endfacet
 facet normal  8.8197502133e-02 -6.4181167175e-01 -7.6177357438e-01
   outer loop
     vertex 1.3977350269e+01 -7.6604444312e-01 1.1427876097e+00
     vertex 1.3901243178e+01 -1.5320888862e+00 1.7793859713e+00
     vertex 1.3912437760e+01 -7.6604444312e-01 1.1352720941e+00
   endloop
 endfacet
 facet normal  8.6120027422e-02 -6.4191087692e-01 -7.6192766518e-01
   outer loop
     vertex 1.3912437760e+01 -7.6604444312e-01 1.1352720941e+00
     vertex 1.3901243178e+01 -1.5320888862e+00 1.7793859713e+00
     vertex 1.3824400814e+01 -1.5320888862e+00 1.7707005451e+00
   endloop
 endfacet
 facet normal  8.6120027422e-02 -6.4191087692e-01 -7.6192766518e-01
   outer loop
     vertex 1.3912437760e+01 -7.6604444312e-01 1.1352720941e+00
     vertex 1.3824400814e+01 -1.5320888862e+00 1.7707005451e+00
     vertex 1.3819129176e+01 -7.6604444312e-01 1.1247255052e+00
   endloop
 endfacet
 facet normal  8.3248351079e-02 -6.4207976606e-01 -7.6210451125e-01
   outer loop
     vertex 1.3819129176e+01 -7.6604444312e-01 1.1247255052e+00
     vertex 1.3824400814e+01 -1.5320888862e+00 1.7707005451e+00
     vertex 1.3716219845e+01 -1.5320888862e+00 1.7588834162e+00
   endloop
 endfacet
 facet normal  8.3248351079e-02 -6.4207976606e-01 -7.6210451125e-01
   outer loop
     vertex 1.3819129176e+01 -7.6604444312e-01 1.1247255052e+00
     vertex 1.3716219845e+01 -1.5320888862e+00 1.7588834162e+00
     vertex 1.3687766571e+01 -7.6604444312e-01 1.1103761344e+00
   endloop
 endfacet
 facet normal  7.9424967200e-02 -6.4236425521e-01 -7.6227281089e-01
   outer loop
     vertex 1.3687766571e+01 -7.6604444312e-01 1.1103761344e+00
     vertex 1.3716219845e+01 -1.5320888862e+00 1.7588834162e+00
     vertex 1.3568304325e+01 -1.5320888862e+00 1.7434713679e+00
   endloop
 endfacet
 facet normal  7.9424967200e-02 -6.4236425521e-01 -7.6227281089e-01
   outer loop
     vertex 1.3687766571e+01 -7.6604444312e-01 1.1103761344e+00
     vertex 1.3568304325e+01 -1.5320888862e+00 1.7434713679e+00
     vertex 1.3508154868e+01 -7.6604444312e-01 1.0916615044e+00
   endloop
 endfacet
 facet normal  7.4449948189e-02 -6.4284051971e-01 -7.6237344618e-01
   outer loop
     vertex 1.3508154868e+01 -7.6604444312e-01 1.0916615044e+00
     vertex 1.3568304325e+01 -1.5320888862e+00 1.7434713679e+00
     vertex 1.3373940837e+01 -1.5320888862e+00 1.7244907073e+00
   endloop
 endfacet
 facet normal  7.4449948189e-02 -6.4284051971e-01 -7.6237344618e-01
   outer loop
     vertex 1.3508154868e+01 -7.6604444312e-01 1.0916615044e+00
     vertex 1.3373940837e+01 -1.5320888862e+00 1.7244907073e+00
     vertex 1.3272142060e+01 -7.6604444312e-01 1.0686135593e+00
   endloop
 endfacet
 facet normal  6.7957879187e-02 -6.4364281216e-01 -7.6230286436e-01
   outer loop
     vertex 1.3272142060e+01 -7.6604444312e-01 1.0686135593e+00
     vertex 1.3373940837e+01 -1.5320888862e+00 1.7244907073e+00
     vertex 1.3131460355e+01 -1.5320888862e+00 1.7028740244e+00
   endloop
 endfacet
 facet normal  6.7957879187e-02 -6.4364281216e-01 -7.6230286436e-01
   outer loop
     vertex 1.3272142060e+01 -7.6604444312e-01 1.0686135593e+00
     vertex 1.3131460355e+01 -1.5320888862e+00 1.7028740244e+00
     vertex 1.2977701475e+01 -7.6604444312e-01 1.0423647301e+00
   endloop
 endfacet
 facet normal  5.9328322980e-02 -6.4500400293e-01 -7.6187268378e-01
   outer loop
     vertex 1.2977701475e+01 -7.6604444312e-01 1.0423647301e+00
     vertex 1.3131460355e+01 -1.5320888862e+00 1.7028740244e+00
     vertex 1.2847793628e+01 -1.5320888862e+00 1.6807844134e+00
   endloop
 endfacet
 facet normal  5.9328322980e-02 -6.4500400293e-01 -7.6187268378e-01
   outer loop
     vertex 1.2977701475e+01 -7.6604444312e-01 1.0423647301e+00
     vertex 1.2847793628e+01 -1.5320888862e+00 1.6807844134e+00
     vertex 1.2633249020e+01 -7.6604444312e-01 1.0155416310e+00
   endloop
 endfacet
 facet normal  4.7479719522e-02 -6.4732986388e-01 -7.6072973095e-01
   outer loop
     vertex 1.2633249020e+01 -7.6604444312e-01 1.0155416310e+00
     vertex 1.2847793628e+01 -1.5320888862e+00 1.6807844134e+00
     vertex 1.2539860284e+01 -1.5320888862e+00 1.6615652503e+00
   endloop
 endfacet
 facet normal  4.7479719522e-02 -6.4732986388e-01 -7.6072973095e-01
   outer loop
     vertex 1.2633249020e+01 -7.6604444312e-01 1.0155416310e+00
     vertex 1.2539860284e+01 -1.5320888862e+00 1.6615652503e+00
     vertex 1.2259329960e+01 -7.6604444312e-01 9.9220407580e-01
   endloop
 endfacet
 facet normal  3.0999519619e-02 -6.5121036885e-01 -7.5826386258e-01
   outer loop
     vertex 1.2259329960e+01 -7.6604444312e-01 9.9220407580e-01
     vertex 1.2539860284e+01 -1.5320888862e+00 1.6615652503e+00
     vertex 1.1885000304e+01 -7.6604444312e-01 9.7690064372e-01
   endloop
 endfacet
 facet normal  3.0999519619e-02 -6.5121036885e-01 -7.5826386258e-01
   outer loop
     vertex 1.2539860284e+01 -1.5320888862e+00 1.6615652503e+00
     vertex 1.2231588802e+01 -1.5320888862e+00 1.6489624239e+00
     vertex 1.1885000304e+01 -7.6604444312e-01 9.7690064372e-01
   endloop
 endfacet
 facet normal  8.6689511012e-03 -6.5724541079e-01 -7.5362677718e-01
   outer loop
     vertex 1.1885000304e+01 -7.6604444312e-01 9.7690064372e-01
     vertex 1.2231588802e+01 -1.5320888862e+00 1.6489624239e+00
     vertex 1.1539541260e+01 -7.6604444312e-01 9.7292683646e-01
   endloop
 endfacet
 facet normal  8.6689511012e-03 -6.5724541079e-01 -7.5362677718e-01
   outer loop
     vertex 1.2231588802e+01 -1.5320888862e+00 1.6489624239e+00
     vertex 1.1947093119e+01 -1.5320888862e+00 1.6456898767e+00
     vertex 1.1539541260e+01 -7.6604444312e-01 9.7292683646e-01
   endloop
 endfacet
 facet normal  -2.0151307899e-02 -6.6577516891e-01 -7.4588025128e-01
   outer loop
     vertex 1.1539541260e+01 -7.6604444312e-01 9.7292683646e-01
     vertex 1.1947093119e+01 -1.5320888862e+00 1.6456898767e+00
     vertex 1.1244061705e+01 -7.6604444312e-01 9.8090975259e-01
   endloop
 endfacet
 facet normal  -2.0151307899e-02 -6.6577516891e-01 -7.4588025128e-01
   outer loop
     vertex 1.1947093119e+01 -1.5320888862e+00 1.6456898767e+00
     vertex 1.1703757015e+01 -1.5320888862e+00 1.6522640429e+00
     vertex 1.1244061705e+01 -7.6604444312e-01 9.8090975259e-01
   endloop
 endfacet
 facet normal  -5.6168881818e-02 -6.7690817178e-01 -7.3392123807e-01
   outer loop
     vertex 1.1244061705e+01 -7.6604444312e-01 9.8090975259e-01
     vertex 1.1703757015e+01 -1.5320888862e+00 1.6522640429e+00
     vertex 1.1007646913e+01 -7.6604444312e-01 9.9900318526e-01
   endloop
 endfacet
 facet normal  -5.6168881818e-02 -6.7690817178e-01 -7.3392123807e-01
   outer loop
     vertex 1.1703757015e+01 -1.5320888862e+00 1.6522640429e+00
     vertex 1.1509062481e+01 -1.5320888862e+00 1.6671645169e+00
     vertex 1.1007646913e+01 -7.6604444312e-01 9.9900318526e-01
   endloop
 endfacet
 facet normal  -1.0166260958e-01 -6.9087357162e-01 -7.1579216386e-01
   outer loop
     vertex 1.1007646913e+01 -7.6604444312e-01 9.9900318526e-01
     vertex 1.1509062481e+01 -1.5320888862e+00 1.6671645169e+00
     vertex 1.0828898020e+01 -7.6604444312e-01 1.0243905531e+00
   endloop
 endfacet
 facet normal  -1.0166260958e-01 -6.9087357162e-01 -7.1579216386e-01
   outer loop
     vertex 1.1509062481e+01 -1.5320888862e+00 1.6671645169e+00
     vertex 1.1361857510e+01 -1.5320888862e+00 1.6880717610e+00
     vertex 1.0828898020e+01 -7.6604444312e-01 1.0243905531e+00
   endloop
 endfacet
 facet normal  -1.6428994360e-01 -7.0871756429e-01 -6.8609636968e-01
   outer loop
     vertex 1.0828898020e+01 -7.6604444312e-01 1.0243905531e+00
     vertex 1.1361857510e+01 -1.5320888862e+00 1.6880717610e+00
     vertex 1.0700460530e+01 -7.6604444312e-01 1.0551456904e+00
   endloop
 endfacet
 facet normal  -1.6428994360e-01 -7.0871756429e-01 -6.8609636968e-01
   outer loop
     vertex 1.1361857510e+01 -1.5320888862e+00 1.6880717610e+00
     vertex 1.1256085459e+01 -1.5320888862e+00 1.7133995211e+00
     vertex 1.0700460530e+01 -7.6604444312e-01 1.0551456904e+00
   endloop
 endfacet
 facet normal  -2.7001952843e-01 -7.3267058426e-01 -6.2472655557e-01
   outer loop
     vertex 1.0700460530e+01 -7.6604444312e-01 1.0551456904e+00
     vertex 1.1256085459e+01 -1.5320888862e+00 1.7133995211e+00
     vertex 1.0614501022e+01 -7.6604444312e-01 1.0922991386e+00
   endloop
 endfacet
 facet normal  -2.7001952843e-01 -7.3267058426e-01 -6.2472655557e-01
   outer loop
     vertex 1.1256085459e+01 -1.5320888862e+00 1.7133995211e+00
     vertex 1.1185295276e+01 -1.5320888862e+00 1.7439964785e+00
     vertex 1.0614501022e+01 -7.6604444312e-01 1.0922991386e+00
   endloop
 endfacet
 facet normal  -5.4062897939e-01 -7.4126123696e-01 -3.9780910652e-01
   outer loop
     vertex 1.0614501022e+01 -7.6604444312e-01 1.0922991386e+00
     vertex 1.1185295276e+01 -1.5320888862e+00 1.7439964785e+00
     vertex 1.0577350269e+01 -7.6604444312e-01 1.1427876097e+00
   endloop
 endfacet
 facet normal  -5.4062897939e-01 -7.4126123696e-01 -3.9780910652e-01
   outer loop
     vertex 1.1185295276e+01 -1.5320888862e+00 1.7439964785e+00
     vertex 1.1154700538e+01 -1.5320888862e+00 1.7855752194e+00
     vertex 1.0577350269e+01 -7.6604444312e-01 1.1427876097e+00
   endloop
 endfacet
 facet normal  -8.0063989077e-01 -1.0908361516e-01 5.8913201425e-01
   outer loop
     vertex 1.0577350269e+01 -7.6604444312e-01 1.1427876097e+00
     vertex 1.1154700538e+01 -1.5320888862e+00 1.7855752194e+00
     vertex 1.1185295276e+01 -1.5320888862e+00 1.8271539603e+00
   endloop
 endfacet
 facet normal  -8.0063989077e-01 -1.0908361516e-01 5.8913201425e-01
   outer loop
     vertex 1.0577350269e+01 -7.6604444312e-01 1.1427876097e+00
     vertex 1.1185295276e+01 -1.5320888862e+00 1.8271539603e+00
     vertex 1.0614501022e+01 -7.6604444312e-01 1.1932760808e+00
   endloop
 endfacet
 facet normal  -3.5990169074e-01 4.2084800966e-01 8.3268104684e-01
   outer loop
     vertex 1.0614501022e+01 -7.6604444312e-01 1.1932760808e+00
     vertex 1.1185295276e+01 -1.5320888862e+00 1.8271539603e+00
     vertex 1.1256085459e+01 -1.5320888862e+00 1.8577509176e+00
   endloop
 endfacet
 facet normal  -3.5990169074e-01 4.2084800966e-01 8.3268104684e-01
   outer loop
     vertex 1.0614501022e+01 -7.6604444312e-01 1.1932760808e+00
     vertex 1.1256085459e+01 -1.5320888862e+00 1.8577509176e+00
     vertex 1.0700460530e+01 -7.6604444312e-01 1.2304295290e+00
   endloop
 endfacet
 facet normal  -1.9725470687e-01 5.3151433890e-01 8.2376154812e-01
   outer loop
     vertex 1.0700460530e+01 -7.6604444312e-01 1.2304295290e+00
     vertex 1.1256085459e+01 -1.5320888862e+00 1.8577509176e+00
     vertex 1.1361857510e+01 -1.5320888862e+00 1.8830786778e+00
   endloop
 endfacet
 facet normal  -1.9725470687e-01 5.3151433890e-01 8.2376154812e-01
   outer loop
     vertex 1.0700460530e+01 -7.6604444312e-01 1.2304295290e+00
     vertex 1.1361857510e+01 -1.5320888862e+00 1.8830786778e+00
     vertex 1.0828898020e+01 -7.6604444312e-01 1.2611846663e+00
   endloop
 endfacet
 facet normal  -1.1487707395e-01 5.7670778181e-01 8.0883335260e-01
   outer loop
     vertex 1.0828898020e+01 -7.6604444312e-01 1.2611846663e+00
     vertex 1.1361857510e+01 -1.5320888862e+00 1.8830786778e+00
     vertex 1.1509062481e+01 -1.5320888862e+00 1.9039859218e+00
   endloop
 endfacet
 facet normal  -1.1487707395e-01 5.7670778181e-01 8.0883335260e-01
   outer loop
     vertex 1.0828898020e+01 -7.6604444312e-01 1.2611846663e+00
     vertex 1.1509062481e+01 -1.5320888862e+00 1.9039859218e+00
     vertex 1.1007646913e+01 -7.6604444312e-01 1.2865720341e+00
   endloop
 endfacet
 facet normal  -6.0939779824e-02 6.0187818790e-01 7.9625937368e-01
   outer loop
     vertex 1.1007646913e+01 -7.6604444312e-01 1.2865720341e+00
     vertex 1.1509062481e+01 -1.5320888862e+00 1.9039859218e+00
     vertex 1.1703757015e+01 -1.5320888862e+00 1.9188863958e+00
   endloop
 endfacet
 facet normal  -6.0939779824e-02 6.0187818790e-01 7.9625937368e-01
   outer loop
     vertex 1.1007646913e+01 -7.6604444312e-01 1.2865720341e+00
     vertex 1.1703757015e+01 -1.5320888862e+00 1.9188863958e+00
     vertex 1.1244061705e+01 -7.6604444312e-01 1.3046654668e+00
   endloop
 endfacet
 facet normal  -2.1240244398e-02 6.1762465667e-01 7.8618613285e-01
   outer loop
     vertex 1.1244061705e+01 -7.6604444312e-01 1.3046654668e+00
     vertex 1.1703757015e+01 -1.5320888862e+00 1.9188863958e+00
     vertex 1.1947093119e+01 -1.5320888862e+00 1.9254605620e+00
   endloop
 endfacet
 facet normal  -2.1240244398e-02 6.1762465667e-01 7.8618613285e-01
   outer loop
     vertex 1.1244061705e+01 -7.6604444312e-01 1.3046654668e+00
     vertex 1.1947093119e+01 -1.5320888862e+00 1.9254605620e+00
     vertex 1.1539541260e+01 -7.6604444312e-01 1.3126483829e+00
   endloop
 endfacet
 facet normal  8.9552930546e-03 6.2755635708e-01 7.7851963458e-01
   outer loop
     vertex 1.1539541260e+01 -7.6604444312e-01 1.3126483829e+00
     vertex 1.1947093119e+01 -1.5320888862e+00 1.9254605620e+00
     vertex 1.2231588802e+01 -1.5320888862e+00 1.9221880149e+00
   endloop
 endfacet
 facet normal  8.9552930546e-03 6.2755635708e-01 7.7851963458e-01
   outer loop
     vertex 1.1539541260e+01 -7.6604444312e-01 1.3126483829e+00
     vertex 1.2231588802e+01 -1.5320888862e+00 1.9221880149e+00
     vertex 1.1885000304e+01 -7.6604444312e-01 1.3086745757e+00
   endloop
 endfacet
 facet normal  3.1606700060e-02 6.3347689244e-01 7.7311580197e-01
   outer loop
     vertex 1.1885000304e+01 -7.6604444312e-01 1.3086745757e+00
     vertex 1.2231588802e+01 -1.5320888862e+00 1.9221880149e+00
     vertex 1.2539860284e+01 -1.5320888862e+00 1.9095851885e+00
   endloop
 endfacet
 facet normal  3.1606700060e-02 6.3347689244e-01 7.7311580197e-01
   outer loop
     vertex 1.1885000304e+01 -7.6604444312e-01 1.3086745757e+00
     vertex 1.2539860284e+01 -1.5320888862e+00 1.9095851885e+00
     vertex 1.2259329960e+01 -7.6604444312e-01 1.2933711436e+00
   endloop
 endfacet
 facet normal  4.8034957669e-02 6.3668568676e-01 7.6962586957e-01
   outer loop
     vertex 1.2259329960e+01 -7.6604444312e-01 1.2933711436e+00
     vertex 1.2539860284e+01 -1.5320888862e+00 1.9095851885e+00
     vertex 1.2633249020e+01 -7.6604444312e-01 1.2700335884e+00
   endloop
 endfacet
 facet normal  4.8034957669e-02 6.3668568676e-01 7.6962586957e-01
   outer loop
     vertex 1.2539860284e+01 -1.5320888862e+00 1.9095851885e+00
     vertex 1.2847793628e+01 -1.5320888862e+00 1.8903660253e+00
     vertex 1.2633249020e+01 -7.6604444312e-01 1.2700335884e+00
   endloop
 endfacet
 facet normal  5.9766796784e-02 6.3825265701e-01 7.6750340444e-01
   outer loop
     vertex 1.2633249020e+01 -7.6604444312e-01 1.2700335884e+00
     vertex 1.2847793628e+01 -1.5320888862e+00 1.8903660253e+00
     vertex 1.2977701475e+01 -7.6604444312e-01 1.2432104893e+00
   endloop
 endfacet
 facet normal  5.9766796784e-02 6.3825265701e-01 7.6750340444e-01
   outer loop
     vertex 1.2847793628e+01 -1.5320888862e+00 1.8903660253e+00
     vertex 1.3131460355e+01 -1.5320888862e+00 1.8682764143e+00
     vertex 1.2977701475e+01 -7.6604444312e-01 1.2432104893e+00
   endloop
 endfacet
 facet normal  6.8307861783e-02 6.3892690244e-01 7.6622871870e-01
   outer loop
     vertex 1.2977701475e+01 -7.6604444312e-01 1.2432104893e+00
     vertex 1.3131460355e+01 -1.5320888862e+00 1.8682764143e+00
     vertex 1.3272142060e+01 -7.6604444312e-01 1.2169616601e+00
   endloop
 endfacet
 facet normal  6.8307861783e-02 6.3892690244e-01 7.6622871870e-01
   outer loop
     vertex 1.3131460355e+01 -1.5320888862e+00 1.8682764143e+00
     vertex 1.3373940837e+01 -1.5320888862e+00 1.8466597314e+00
     vertex 1.3272142060e+01 -7.6604444312e-01 1.2169616601e+00
   endloop
 endfacet
 facet normal  7.4750203531e-02 6.3914132729e-01 7.6544808499e-01
   outer loop
     vertex 1.3272142060e+01 -7.6604444312e-01 1.2169616601e+00
     vertex 1.3373940837e+01 -1.5320888862e+00 1.8466597314e+00
     vertex 1.3508154868e+01 -7.6604444312e-01 1.1939137150e+00
   endloop
 endfacet
 facet normal  7.4750203531e-02 6.3914132729e-01 7.6544808499e-01
   outer loop
     vertex 1.3373940837e+01 -1.5320888862e+00 1.8466597314e+00
     vertex 1.3568304325e+01 -1.5320888862e+00 1.8276790708e+00
     vertex 1.3508154868e+01 -7.6604444312e-01 1.1939137150e+00
   endloop
 endfacet
 facet normal  7.9704980490e-02 6.3912674371e-01 7.6496020913e-01
   outer loop
     vertex 1.3508154868e+01 -7.6604444312e-01 1.1939137150e+00
     vertex 1.3568304325e+01 -1.5320888862e+00 1.8276790708e+00
     vertex 1.3687766571e+01 -7.6604444312e-01 1.1751990850e+00
   endloop
 endfacet
 facet normal  7.9704980490e-02 6.3912674371e-01 7.6496020913e-01
   outer loop
     vertex 1.3568304325e+01 -1.5320888862e+00 1.8276790708e+00
     vertex 1.3716219845e+01 -1.5320888862e+00 1.8122670226e+00
     vertex 1.3687766571e+01 -7.6604444312e-01 1.1751990850e+00
   endloop
 endfacet
 facet normal  8.3526366916e-02 6.3901039584e-01 7.6464963221e-01
   outer loop
     vertex 1.3687766571e+01 -7.6604444312e-01 1.1751990850e+00
     vertex 1.3716219845e+01 -1.5320888862e+00 1.8122670226e+00
     vertex 1.3819129176e+01 -7.6604444312e-01 1.1608497142e+00
   endloop
 endfacet
 facet normal  8.3526366916e-02 6.3901039584e-01 7.6464963221e-01
   outer loop
     vertex 1.3716219845e+01 -1.5320888862e+00 1.8122670226e+00
     vertex 1.3824400814e+01 -1.5320888862e+00 1.8004498937e+00
     vertex 1.3819129176e+01 -7.6604444312e-01 1.1608497142e+00
   endloop
 endfacet
 facet normal  8.6405286651e-02 6.3886472278e-01 7.6445143235e-01
   outer loop
     vertex 1.3819129176e+01 -7.6604444312e-01 1.1608497142e+00
     vertex 1.3824400814e+01 -1.5320888862e+00 1.8004498937e+00
     vertex 1.3912437760e+01 -7.6604444312e-01 1.1503031253e+00
   endloop
 endfacet
 facet normal  8.6405286651e-02 6.3886472278e-01 7.6445143235e-01
   outer loop
     vertex 1.3824400814e+01 -1.5320888862e+00 1.8004498937e+00
     vertex 1.3901243178e+01 -1.5320888862e+00 1.7917644675e+00
     vertex 1.3912437760e+01 -7.6604444312e-01 1.1503031253e+00
   endloop
 endfacet
 facet normal  8.8493010306e-02 6.3872911196e-01 7.6432591782e-01
   outer loop
     vertex 1.3912437760e+01 -7.6604444312e-01 1.1503031253e+00
     vertex 1.3901243178e+01 -1.5320888862e+00 1.7917644675e+00
     vertex 1.3977350269e+01 -7.6604444312e-01 1.1427876097e+00
   endloop
 endfacet
 facet normal  8.8493010306e-02 6.3872911196e-01 7.6432591782e-01
   outer loop
     vertex 1.3901243178e+01 -1.5320888862e+00 1.7917644675e+00
     vertex 1.3954700538e+01 -1.5320888862e+00 1.7855752194e+00
     vertex 1.3977350269e+01 -7.6604444312e-01 1.1427876097e+00
   endloop
 endfacet
 facet normal  8.8197502133e-02 -6.4181167175e-01 -7.6177357438e-01
   outer loop
     vertex 1.3954700538e+01 -1.5320888862e+00 1.7855752194e+00
     vertex 1.3932050808e+01 -2.2981333294e+00 2.4283628291e+00
     vertex 1.3890048596e+01 -2.2981333294e+00 2.4234998484e+00
   endloop
 endfacet
 facet normal  8.8197502133e-02 -6.4181167175e-01 -7.6177357438e-01
   outer loop
     vertex 1.3954700538e+01 -1.5320888862e+00 1.7855752194e+00
     vertex 1.3890048596e+01 -2.2981333294e+00 2.4234998484e+00
     vertex 1.3901243178e+01 -1.5320888862e+00 1.7793859713e+00
   endloop
 endfacet
 facet normal  8.6120027422e-02 -6.4191087692e-01 -7.6192766518e-01
   outer loop
     vertex 1.3901243178e+01 -1.5320888862e+00 1.7793859713e+00
     vertex 1.3890048596e+01 -2.2981333294e+00 2.4234998484e+00
     vertex 1.3829672453e+01 -2.2981333294e+00 2.4166755850e+00
   endloop
 endfacet
 facet normal  8.6120027422e-02 -6.4191087692e-01 -7.6192766518e-01
   outer loop
     vertex 1.3901243178e+01 -1.5320888862e+00 1.7793859713e+00
     vertex 1.3829672453e+01 -2.2981333294e+00 2.4166755850e+00
     vertex 1.3824400814e+01 -1.5320888862e+00 1.7707005451e+00
   endloop
 endfacet
 facet normal  8.3248351079e-02 -6.4207976606e-01 -7.6210451125e-01
   outer loop
     vertex 1.3824400814e+01 -1.5320888862e+00 1.7707005451e+00
     vertex 1.3829672453e+01 -2.2981333294e+00 2.4166755850e+00
     vertex 1.3744673120e+01 -2.2981333294e+00 2.4073906980e+00
   endloop
 endfacet
 facet normal  8.3248351079e-02 -6.4207976606e-01 -7.6210451125e-01
   outer loop
     vertex 1.3824400814e+01 -1.5320888862e+00 1.7707005451e+00
     vertex 1.3744673120e+01 -2.2981333294e+00 2.4073906980e+00
     vertex 1.3716219845e+01 -1.5320888862e+00 1.7588834162e+00
   endloop
 endfacet
 facet normal  7.9424967200e-02 -6.4236425521e-01 -7.6227281089e-01
   outer loop
     vertex 1.3716219845e+01 -1.5320888862e+00 1.7588834162e+00
     vertex 1.3744673120e+01 -2.2981333294e+00 2.4073906980e+00
     vertex 1.3628453783e+01 -2.2981333294e+00 2.3952812315e+00
   endloop
 endfacet
 facet normal  7.9424967200e-02 -6.4236425521e-01 -7.6227281089e-01
   outer loop
     vertex 1.3716219845e+01 -1.5320888862e+00 1.7588834162e+00
     vertex 1.3628453783e+01 -2.2981333294e+00 2.3952812315e+00
     vertex 1.3568304325e+01 -1.5320888862e+00 1.7434713679e+00
   endloop
 endfacet
 facet normal  7.4449948189e-02 -6.4284051971e-01 -7.6237344618e-01
   outer loop
     vertex 1.3568304325e+01 -1.5320888862e+00 1.7434713679e+00
     vertex 1.3628453783e+01 -2.2981333294e+00 2.3952812315e+00
     vertex 1.3475739613e+01 -2.2981333294e+00 2.3803678553e+00
   endloop
 endfacet
 facet normal  7.4449948189e-02 -6.4284051971e-01 -7.6237344618e-01
   outer loop
     vertex 1.3568304325e+01 -1.5320888862e+00 1.7434713679e+00
     vertex 1.3475739613e+01 -2.2981333294e+00 2.3803678553e+00
     vertex 1.3373940837e+01 -1.5320888862e+00 1.7244907073e+00
   endloop
 endfacet
 facet normal  6.7957879187e-02 -6.4364281216e-01 -7.6230286436e-01
   outer loop
     vertex 1.3373940837e+01 -1.5320888862e+00 1.7244907073e+00
     vertex 1.3475739613e+01 -2.2981333294e+00 2.3803678553e+00
     vertex 1.3285219235e+01 -2.2981333294e+00 2.3633833187e+00
   endloop
 endfacet
 facet normal  6.7957879187e-02 -6.4364281216e-01 -7.6230286436e-01
   outer loop
     vertex 1.3373940837e+01 -1.5320888862e+00 1.7244907073e+00
     vertex 1.3285219235e+01 -2.2981333294e+00 2.3633833187e+00
     vertex 1.3131460355e+01 -1.5320888862e+00 1.7028740244e+00
   endloop
 endfacet
 facet normal  5.9328322980e-02 -6.4500400293e-01 -7.6187268378e-01
   outer loop
     vertex 1.3131460355e+01 -1.5320888862e+00 1.7028740244e+00
     vertex 1.3285219235e+01 -2.2981333294e+00 2.3633833187e+00
     vertex 1.3062338235e+01 -2.2981333294e+00 2.3460271958e+00
   endloop
 endfacet
 facet normal  5.9328322980e-02 -6.4500400293e-01 -7.6187268378e-01
   outer loop
     vertex 1.3131460355e+01 -1.5320888862e+00 1.7028740244e+00
     vertex 1.3062338235e+01 -2.2981333294e+00 2.3460271958e+00
     vertex 1.2847793628e+01 -1.5320888862e+00 1.6807844134e+00
   endloop
 endfacet
 facet normal  4.7479719522e-02 -6.4732986388e-01 -7.6072973095e-01
   outer loop
     vertex 1.2847793628e+01 -1.5320888862e+00 1.6807844134e+00
     vertex 1.3062338235e+01 -2.2981333294e+00 2.3460271958e+00
     vertex 1.2820390608e+01 -2.2981333294e+00 2.3309264248e+00
   endloop
 endfacet
 facet normal  4.7479719522e-02 -6.4732986388e-01 -7.6072973095e-01
   outer loop
     vertex 1.2847793628e+01 -1.5320888862e+00 1.6807844134e+00
     vertex 1.2820390608e+01 -2.2981333294e+00 2.3309264248e+00
     vertex 1.2539860284e+01 -1.5320888862e+00 1.6615652503e+00
   endloop
 endfacet
 facet normal  3.0999519619e-02 -6.5121036885e-01 -7.5826386258e-01
   outer loop
     vertex 1.2539860284e+01 -1.5320888862e+00 1.6615652503e+00
     vertex 1.2820390608e+01 -2.2981333294e+00 2.3309264248e+00
     vertex 1.2231588802e+01 -1.5320888862e+00 1.6489624239e+00
   endloop
 endfacet
 facet normal  3.0999519619e-02 -6.5121036885e-01 -7.5826386258e-01
   outer loop
     vertex 1.2820390608e+01 -2.2981333294e+00 2.3309264248e+00
     vertex 1.2578177301e+01 -2.2981333294e+00 2.3210242040e+00
     vertex 1.2231588802e+01 -1.5320888862e+00 1.6489624239e+00
   endloop
 endfacet
 facet normal  8.6689511012e-03 -6.5724541079e-01 -7.5362677718e-01
   outer loop
     vertex 1.2231588802e+01 -1.5320888862e+00 1.6489624239e+00
     vertex 1.2578177301e+01 -2.2981333294e+00 2.3210242040e+00
     vertex 1.1947093119e+01 -1.5320888862e+00 1.6456898767e+00
   endloop
 endfacet
 facet normal  8.6689511012e-03 -6.5724541079e-01 -7.5362677718e-01
   outer loop
     vertex 1.2578177301e+01 -2.2981333294e+00 2.3210242040e+00
     vertex 1.2354644978e+01 -2.2981333294e+00 2.3184529170e+00
     vertex 1.1947093119e+01 -1.5320888862e+00 1.6456898767e+00
   endloop
 endfacet
 facet normal  -2.0151307899e-02 -6.6577516891e-01 -7.4588025128e-01
   outer loop
     vertex 1.1947093119e+01 -1.5320888862e+00 1.6456898767e+00
     vertex 1.2354644978e+01 -2.2981333294e+00 2.3184529170e+00
     vertex 1.1703757015e+01 -1.5320888862e+00 1.6522640429e+00
   endloop
 endfacet
 facet normal  -2.0151307899e-02 -6.6577516891e-01 -7.4588025128e-01
   outer loop
     vertex 1.2354644978e+01 -2.2981333294e+00 2.3184529170e+00
     vertex 1.2163452325e+01 -2.2981333294e+00 2.3236183333e+00
     vertex 1.1703757015e+01 -1.5320888862e+00 1.6522640429e+00
   endloop
 endfacet
 facet normal  -5.6168881818e-02 -6.7690817178e-01 -7.3392123807e-01
   outer loop
     vertex 1.1703757015e+01 -1.5320888862e+00 1.6522640429e+00
     vertex 1.2163452325e+01 -2.2981333294e+00 2.3236183333e+00
     vertex 1.1509062481e+01 -1.5320888862e+00 1.6671645169e+00
   endloop
 endfacet
 facet normal  -5.6168881818e-02 -6.7690817178e-01 -7.3392123807e-01
   outer loop
     vertex 1.2163452325e+01 -2.2981333294e+00 2.3236183333e+00
     vertex 1.2010478048e+01 -2.2981333294e+00 2.3353258485e+00
     vertex 1.1509062481e+01 -1.5320888862e+00 1.6671645169e+00
   endloop
 endfacet
 facet normal  -1.0166260958e-01 -6.9087357162e-01 -7.1579216386e-01
   outer loop
     vertex 1.1509062481e+01 -1.5320888862e+00 1.6671645169e+00
     vertex 1.2010478048e+01 -2.2981333294e+00 2.3353258485e+00
     vertex 1.1361857510e+01 -1.5320888862e+00 1.6880717610e+00
   endloop
 endfacet
 facet normal  -1.0166260958e-01 -6.9087357162e-01 -7.1579216386e-01
   outer loop
     vertex 1.2010478048e+01 -2.2981333294e+00 2.3353258485e+00
     vertex 1.1894816999e+01 -2.2981333294e+00 2.3517529689e+00
     vertex 1.1361857510e+01 -1.5320888862e+00 1.6880717610e+00
   endloop
 endfacet
 facet normal  -1.6428994360e-01 -7.0871756429e-01 -6.8609636968e-01
   outer loop
     vertex 1.1361857510e+01 -1.5320888862e+00 1.6880717610e+00
     vertex 1.1894816999e+01 -2.2981333294e+00 2.3517529689e+00
     vertex 1.1256085459e+01 -1.5320888862e+00 1.7133995211e+00
   endloop
 endfacet
 facet normal  -1.6428994360e-01 -7.0871756429e-01 -6.8609636968e-01
   outer loop
     vertex 1.1894816999e+01 -2.2981333294e+00 2.3517529689e+00
     vertex 1.1811710388e+01 -2.2981333294e+00 2.3716533519e+00
     vertex 1.1256085459e+01 -1.5320888862e+00 1.7133995211e+00
   endloop
 endfacet
 facet normal  -2.7001952843e-01 -7.3267058426e-01 -6.2472655557e-01
   outer loop
     vertex 1.1256085459e+01 -1.5320888862e+00 1.7133995211e+00
     vertex 1.1811710388e+01 -2.2981333294e+00 2.3716533519e+00
     vertex 1.1185295276e+01 -1.5320888862e+00 1.7439964785e+00
   endloop
 endfacet
 facet normal  -2.7001952843e-01 -7.3267058426e-01 -6.2472655557e-01
   outer loop
     vertex 1.1811710388e+01 -2.2981333294e+00 2.3716533519e+00
     vertex 1.1756089530e+01 -2.2981333294e+00 2.3956938184e+00
     vertex 1.1185295276e+01 -1.5320888862e+00 1.7439964785e+00
   endloop
 endfacet
 facet normal  -5.4062897939e-01 -7.4126123696e-01 -3.9780910652e-01
   outer loop
     vertex 1.1185295276e+01 -1.5320888862e+00 1.7439964785e+00
     vertex 1.1756089530e+01 -2.2981333294e+00 2.3956938184e+00
     vertex 1.1154700538e+01 -1.5320888862e+00 1.7855752194e+00
   endloop
 endfacet
 facet normal  -5.4062897939e-01 -7.4126123696e-01 -3.9780910652e-01
   outer loop
     vertex 1.1756089530e+01 -2.2981333294e+00 2.3956938184e+00
     vertex 1.1732050808e+01 -2.2981333294e+00 2.4283628291e+00
     vertex 1.1154700538e+01 -1.5320888862e+00 1.7855752194e+00
   endloop
 endfacet
 facet normal  -8.0063989077e-01 -1.0908361516e-01 5.8913201425e-01
   outer loop
     vertex 1.1154700538e+01 -1.5320888862e+00 1.7855752194e+00
     vertex 1.1732050808e+01 -2.2981333294e+00 2.4283628291e+00
     vertex 1.1756089530e+01 -2.2981333294e+00 2.4610318398e+00
   endloop
 endfacet
 facet normal  -8.0063989077e-01 -1.0908361516e-01 5.8913201425e-01
   outer loop
     vertex 1.1154700538e+01 -1.5320888862e+00 1.7855752194e+00
     vertex 1.1756089530e+01 -2.2981333294e+00 2.4610318398e+00
     vertex 1.1185295276e+01 -1.5320888862e+00 1.8271539603e+00
   endloop
 endfacet
 facet normal  -3.5990169074e-01 4.2084800966e-01 8.3268104684e-01
   outer loop
     vertex 1.1185295276e+01 -1.5320888862e+00 1.8271539603e+00
     vertex 1.1756089530e+01 -2.2981333294e+00 2.4610318398e+00
     vertex 1.1811710388e+01 -2.2981333294e+00 2.4850723063e+00
   endloop
 endfacet
 facet normal  -3.5990169074e-01 4.2084800966e-01 8.3268104684e-01
   outer loop
     vertex 1.1185295276e+01 -1.5320888862e+00 1.8271539603e+00
     vertex 1.1811710388e+01 -2.2981333294e+00 2.4850723063e+00
     vertex 1.1256085459e+01 -1.5320888862e+00 1.8577509176e+00
   endloop
 endfacet
 facet normal  -1.9725470687e-01 5.3151433890e-01 8.2376154812e-01
   outer loop
     vertex 1.1256085459e+01 -1.5320888862e+00 1.8577509176e+00
     vertex 1.1811710388e+01 -2.2981333294e+00 2.4850723063e+00
     vertex 1.1894816999e+01 -2.2981333294e+00 2.5049726892e+00
   endloop
 endfacet
 facet normal  -1.9725470687e-01 5.3151433890e-01 8.2376154812e-01
   outer loop
     vertex 1.1256085459e+01 -1.5320888862e+00 1.8577509176e+00
     vertex 1.1894816999e+01 -2.2981333294e+00 2.5049726892e+00
     vertex 1.1361857510e+01 -1.5320888862e+00 1.8830786778e+00
   endloop
 endfacet
 facet normal  -1.1487707395e-01 5.7670778181e-01 8.0883335260e-01
   outer loop
     vertex 1.1361857510e+01 -1.5320888862e+00 1.8830786778e+00
     vertex 1.1894816999e+01 -2.2981333294e+00 2.5049726892e+00
     vertex 1.2010478048e+01 -2.2981333294e+00 2.5213998096e+00
   endloop
 endfacet
 facet normal  -1.1487707395e-01 5.7670778181e-01 8.0883335260e-01
   outer loop
     vertex 1.1361857510e+01 -1.5320888862e+00 1.8830786778e+00
     vertex 1.2010478048e+01 -2.2981333294e+00 2.5213998096e+00
     vertex 1.1509062481e+01 -1.5320888862e+00 1.9039859218e+00
   endloop
 endfacet
 facet normal  -6.0939779824e-02 6.0187818790e-01 7.9625937368e-01
   outer loop
     vertex 1.1509062481e+01 -1.5320888862e+00 1.9039859218e+00
     vertex 1.2010478048e+01 -2.2981333294e+00 2.5213998096e+00
     vertex 1.2163452325e+01 -2.2981333294e+00 2.5331073248e+00
   endloop
 endfacet
 facet normal  -6.0939779824e-02 6.0187818790e-01 7.9625937368e-01
   outer loop
     vertex 1.1509062481e+01 -1.5320888862e+00 1.9039859218e+00
     vertex 1.2163452325e+01 -2.2981333294e+00 2.5331073248e+00
     vertex 1.1703757015e+01 -1.5320888862e+00 1.9188863958e+00
   endloop
 endfacet
 facet normal  -2.1240244398e-02 6.1762465667e-01 7.8618613285e-01
   outer loop
     vertex 1.1703757015e+01 -1.5320888862e+00 1.9188863958e+00
     vertex 1.2163452325e+01 -2.2981333294e+00 2.5331073248e+00
     vertex 1.2354644978e+01 -2.2981333294e+00 2.5382727411e+00
   endloop
 endfacet
 facet normal  -2.1240244398e-02 6.1762465667e-01 7.8618613285e-01
   outer loop
     vertex 1.1703757015e+01 -1.5320888862e+00 1.9188863958e+00
     vertex 1.2354644978e+01 -2.2981333294e+00 2.5382727411e+00
     vertex 1.1947093119e+01 -1.5320888862e+00 1.9254605620e+00
   endloop
 endfacet
 facet normal  8.9552930546e-03 6.2755635708e-01 7.7851963458e-01
   outer loop
     vertex 1.1947093119e+01 -1.5320888862e+00 1.9254605620e+00
     vertex 1.2354644978e+01 -2.2981333294e+00 2.5382727411e+00
     vertex 1.2578177301e+01 -2.2981333294e+00 2.5357014541e+00
   endloop
 endfacet
 facet normal  8.9552930546e-03 6.2755635708e-01 7.7851963458e-01
   outer loop
     vertex 1.1947093119e+01 -1.5320888862e+00 1.9254605620e+00
     vertex 1.2578177301e+01 -2.2981333294e+00 2.5357014541e+00
     vertex 1.2231588802e+01 -1.5320888862e+00 1.9221880149e+00
   endloop
 endfacet
 facet normal  3.1606700060e-02 6.3347689244e-01 7.7311580197e-01
   outer loop
     vertex 1.2231588802e+01 -1.5320888862e+00 1.9221880149e+00
     vertex 1.2578177301e+01 -2.2981333294e+00 2.5357014541e+00
     vertex 1.2820390608e+01 -2.2981333294e+00 2.5257992333e+00
   endloop
 endfacet
 facet normal  3.1606700060e-02 6.3347689244e-01 7.7311580197e-01
   outer loop
     vertex 1.2231588802e+01 -1.5320888862e+00 1.9221880149e+00
     vertex 1.2820390608e+01 -2.2981333294e+00 2.5257992333e+00
     vertex 1.2539860284e+01 -1.5320888862e+00 1.9095851885e+00
   endloop
 endfacet
 facet normal  4.8034957669e-02 6.3668568676e-01 7.6962586957e-01
   outer loop
     vertex 1.2539860284e+01 -1.5320888862e+00 1.9095851885e+00
     vertex 1.2820390608e+01 -2.2981333294e+00 2.5257992333e+00
     vertex 1.2847793628e+01 -1.5320888862e+00 1.8903660253e+00
   endloop
 endfacet
 facet normal  4.8034957669e-02 6.3668568676e-01 7.6962586957e-01
   outer loop
     vertex 1.2820390608e+01 -2.2981333294e+00 2.5257992333e+00
     vertex 1.3062338235e+01 -2.2981333294e+00 2.5106984623e+00
     vertex 1.2847793628e+01 -1.5320888862e+00 1.8903660253e+00
   endloop
 endfacet
 facet normal  5.9766796784e-02 6.3825265701e-01 7.6750340444e-01
   outer loop
     vertex 1.2847793628e+01 -1.5320888862e+00 1.8903660253e+00
     vertex 1.3062338235e+01 -2.2981333294e+00 2.5106984623e+00
     vertex 1.3131460355e+01 -1.5320888862e+00 1.8682764143e+00
   endloop
 endfacet
 facet normal  5.9766796784e-02 6.3825265701e-01 7.6750340444e-01
   outer loop
     vertex 1.3062338235e+01 -2.2981333294e+00 2.5106984623e+00
     vertex 1.3285219235e+01 -2.2981333294e+00 2.4933423394e+00
     vertex 1.3131460355e+01 -1.5320888862e+00 1.8682764143e+00
   endloop
 endfacet
 facet normal  6.8307861783e-02 6.3892690244e-01 7.6622871870e-01
   outer loop
     vertex 1.3131460355e+01 -1.5320888862e+00 1.8682764143e+00
     vertex 1.3285219235e+01 -2.2981333294e+00 2.4933423394e+00
     vertex 1.3373940837e+01 -1.5320888862e+00 1.8466597314e+00
   endloop
 endfacet
 facet normal  6.8307861783e-02 6.3892690244e-01 7.6622871870e-01
   outer loop
     vertex 1.3285219235e+01 -2.2981333294e+00 2.4933423394e+00
     vertex 1.3475739613e+01 -2.2981333294e+00 2.4763578028e+00
     vertex 1.3373940837e+01 -1.5320888862e+00 1.8466597314e+00
   endloop
 endfacet
 facet normal  7.4750203531e-02 6.3914132729e-01 7.6544808499e-01
   outer loop
     vertex 1.3373940837e+01 -1.5320888862e+00 1.8466597314e+00
     vertex 1.3475739613e+01 -2.2981333294e+00 2.4763578028e+00
     vertex 1.3568304325e+01 -1.5320888862e+00 1.8276790708e+00
   endloop
 endfacet
 facet normal  7.4750203531e-02 6.3914132729e-01 7.6544808499e-01
   outer loop
     vertex 1.3475739613e+01 -2.2981333294e+00 2.4763578028e+00
     vertex 1.3628453783e+01 -2.2981333294e+00 2.4614444266e+00
     vertex 1.3568304325e+01 -1.5320888862e+00 1.8276790708e+00
   endloop
 endfacet
 facet normal  7.9704980490e-02 6.3912674371e-01 7.6496020913e-01
   outer loop
     vertex 1.3568304325e+01 -1.5320888862e+00 1.8276790708e+00
     vertex 1.3628453783e+01 -2.2981333294e+00 2.4614444266e+00
     vertex 1.3716219845e+01 -1.5320888862e+00 1.8122670226e+00
   endloop
 endfacet
 facet normal  7.9704980490e-02 6.3912674371e-01 7.6496020913e-01
   outer loop
     vertex 1.3628453783e+01 -2.2981333294e+00 2.4614444266e+00
     vertex 1.3744673120e+01 -2.2981333294e+00 2.4493349602e+00
     vertex 1.3716219845e+01 -1.5320888862e+00 1.8122670226e+00
   endloop
 endfacet
 facet normal  8.3526366916e-02 6.3901039584e-01 7.6464963221e-01
   outer loop
     vertex 1.3716219845e+01 -1.5320888862e+00 1.8122670226e+00
     vertex 1.3744673120e+01 -2.2981333294e+00 2.4493349602e+00
     vertex 1.3824400814e+01 -1.5320888862e+00 1.8004498937e+00
   endloop
 endfacet
 facet normal  8.3526366916e-02 6.3901039584e-01 7.6464963221e-01
   outer loop
     vertex 1.3744673120e+01 -2.2981333294e+00 2.4493349602e+00
     vertex 1.3829672453e+01 -2.2981333294e+00 2.4400500731e+00
     vertex 1.3824400814e+01 -1.5320888862e+00 1.8004498937e+00
   endloop
 endfacet
 facet normal  8.6405286651e-02 6.3886472278e-01 7.6445143235e-01
   outer loop
     vertex 1.3824400814e+01 -1.5320888862e+00 1.8004498937e+00
     vertex 1.3829672453e+01 -2.2981333294e+00 2.4400500731e+00
     vertex 1.3901243178e+01 -1.5320888862e+00 1.7917644675e+00
   endloop
 endfacet
 facet normal  8.6405286651e-02 6.3886472278e-01 7.6445143235e-01
   outer loop
     vertex 1.3829672453e+01 -2.2981333294e+00 2.4400500731e+00
     vertex 1.3890048596e+01 -2.2981333294e+00 2.4332258097e+00
     vertex 1.3901243178e+01 -1.5320888862e+00 1.7917644675e+00
   endloop
 endfacet
 facet normal  8.8493010306e-02 6.3872911196e-01 7.6432591782e-01
   outer loop
     vertex 1.3901243178e+01 -1.5320888862e+00 1.7917644675e+00
     vertex 1.3890048596e+01 -2.2981333294e+00 2.4332258097e+00
     vertex 1.3954700538e+01 -1.5320888862e+00 1.7855752194e+00
   endloop
 endfacet
 facet normal  8.8493010306e-02 6.3872911196e-01 7.6432591782e-01
   outer loop
     vertex 1.3890048596e+01 -2.2981333294e+00 2.4332258097e+00
     vertex 1.3932050808e+01 -2.2981333294e+00 2.4283628291e+00
     vertex 1.3954700538e+01 -1.5320888862e+00 1.7855752194e+00
   endloop
 endfacet
 facet normal  8.8197502133e-02 -6.4181167175e-01 -7.6177357438e-01
   outer loop
     vertex 1.3932050808e+01 -2.2981333294e+00 2.4283628291e+00
     vertex 1.3909401077e+01 -3.0641777725e+00 3.0711504387e+00
     vertex 1.3878854014e+01 -3.0641777725e+00 3.0676137255e+00
   endloop
 endfacet
 facet normal  8.8197502133e-02 -6.4181167175e-01 -7.6177357438e-01
   outer loop
     vertex 1.3932050808e+01 -2.2981333294e+00 2.4283628291e+00
     vertex 1.3878854014e+01 -3.0641777725e+00 3.0676137255e+00
     vertex 1.3890048596e+01 -2.2981333294e+00 2.4234998484e+00
   endloop
 endfacet
 facet normal  8.6120027422e-02 -6.4191087692e-01 -7.6192766518e-01
   outer loop
     vertex 1.3890048596e+01 -2.2981333294e+00 2.4234998484e+00
     vertex 1.3878854014e+01 -3.0641777725e+00 3.0676137255e+00
     vertex 1.3834944091e+01 -3.0641777725e+00 3.0626506249e+00
   endloop
 endfacet
 facet normal  8.6120027422e-02 -6.4191087692e-01 -7.6192766518e-01
   outer loop
     vertex 1.3890048596e+01 -2.2981333294e+00 2.4234998484e+00
     vertex 1.3834944091e+01 -3.0641777725e+00 3.0626506249e+00
     vertex 1.3829672453e+01 -2.2981333294e+00 2.4166755850e+00
   endloop
 endfacet
 facet normal  8.3248351079e-02 -6.4207976606e-01 -7.6210451125e-01
   outer loop
     vertex 1.3829672453e+01 -2.2981333294e+00 2.4166755850e+00
     vertex 1.3834944091e+01 -3.0641777725e+00 3.0626506249e+00
     vertex 1.3773126395e+01 -3.0641777725e+00 3.0558979798e+00
   endloop
 endfacet
 facet normal  8.3248351079e-02 -6.4207976606e-01 -7.6210451125e-01
   outer loop
     vertex 1.3829672453e+01 -2.2981333294e+00 2.4166755850e+00
     vertex 1.3773126395e+01 -3.0641777725e+00 3.0558979798e+00
     vertex 1.3744673120e+01 -2.2981333294e+00 2.4073906980e+00
   endloop
 endfacet
 facet normal  7.9424967200e-02 -6.4236425521e-01 -7.6227281089e-01
   outer loop
     vertex 1.3744673120e+01 -2.2981333294e+00 2.4073906980e+00
     vertex 1.3773126395e+01 -3.0641777725e+00 3.0558979798e+00
     vertex 1.3688603241e+01 -3.0641777725e+00 3.0470910951e+00
   endloop
 endfacet
 facet normal  7.9424967200e-02 -6.4236425521e-01 -7.6227281089e-01
   outer loop
     vertex 1.3744673120e+01 -2.2981333294e+00 2.4073906980e+00
     vertex 1.3688603241e+01 -3.0641777725e+00 3.0470910951e+00
     vertex 1.3628453783e+01 -2.2981333294e+00 2.3952812315e+00
   endloop
 endfacet
 facet normal  7.4449948189e-02 -6.4284051971e-01 -7.6237344618e-01
   outer loop
     vertex 1.3628453783e+01 -2.2981333294e+00 2.3952812315e+00
     vertex 1.3688603241e+01 -3.0641777725e+00 3.0470910951e+00
     vertex 1.3577538390e+01 -3.0641777725e+00 3.0362450033e+00
   endloop
 endfacet
 facet normal  7.4449948189e-02 -6.4284051971e-01 -7.6237344618e-01
   outer loop
     vertex 1.3628453783e+01 -2.2981333294e+00 2.3952812315e+00
     vertex 1.3577538390e+01 -3.0641777725e+00 3.0362450033e+00
     vertex 1.3475739613e+01 -2.2981333294e+00 2.3803678553e+00
   endloop
 endfacet
 facet normal  6.7957879187e-02 -6.4364281216e-01 -7.6230286436e-01
   outer loop
     vertex 1.3475739613e+01 -2.2981333294e+00 2.3803678553e+00
     vertex 1.3577538390e+01 -3.0641777725e+00 3.0362450033e+00
     vertex 1.3438978115e+01 -3.0641777725e+00 3.0238926131e+00
   endloop
 endfacet
 facet normal  6.7957879187e-02 -6.4364281216e-01 -7.6230286436e-01
   outer loop
     vertex 1.3475739613e+01 -2.2981333294e+00 2.3803678553e+00
     vertex 1.3438978115e+01 -3.0641777725e+00 3.0238926131e+00
     vertex 1.3285219235e+01 -2.2981333294e+00 2.3633833187e+00
   endloop
 endfacet
 facet normal  5.9328322980e-02 -6.4500400293e-01 -7.6187268378e-01
   outer loop
     vertex 1.3285219235e+01 -2.2981333294e+00 2.3633833187e+00
     vertex 1.3438978115e+01 -3.0641777725e+00 3.0238926131e+00
     vertex 1.3276882842e+01 -3.0641777725e+00 3.0112699782e+00
   endloop
 endfacet
 facet normal  5.9328322980e-02 -6.4500400293e-01 -7.6187268378e-01
   outer loop
     vertex 1.3285219235e+01 -2.2981333294e+00 2.3633833187e+00
     vertex 1.3276882842e+01 -3.0641777725e+00 3.0112699782e+00
     vertex 1.3062338235e+01 -2.2981333294e+00 2.3460271958e+00
   endloop
 endfacet
 facet normal  4.7479719522e-02 -6.4732986388e-01 -7.6072973095e-01
   outer loop
     vertex 1.3062338235e+01 -2.2981333294e+00 2.3460271958e+00
     vertex 1.3276882842e+01 -3.0641777725e+00 3.0112699782e+00
     vertex 1.3100920931e+01 -3.0641777725e+00 3.0002875993e+00
   endloop
 endfacet
 facet normal  4.7479719522e-02 -6.4732986388e-01 -7.6072973095e-01
   outer loop
     vertex 1.3062338235e+01 -2.2981333294e+00 2.3460271958e+00
     vertex 1.3100920931e+01 -3.0641777725e+00 3.0002875993e+00
     vertex 1.2820390608e+01 -2.2981333294e+00 2.3309264248e+00
   endloop
 endfacet
 facet normal  3.0999519619e-02 -6.5121036885e-01 -7.5826386258e-01
   outer loop
     vertex 1.2820390608e+01 -2.2981333294e+00 2.3309264248e+00
     vertex 1.3100920931e+01 -3.0641777725e+00 3.0002875993e+00
     vertex 1.2578177301e+01 -2.2981333294e+00 2.3210242040e+00
   endloop
 endfacet
 facet normal  3.0999519619e-02 -6.5121036885e-01 -7.5826386258e-01
   outer loop
     vertex 1.3100920931e+01 -3.0641777725e+00 3.0002875993e+00
     vertex 1.2924765799e+01 -3.0641777725e+00 2.9930859842e+00
     vertex 1.2578177301e+01 -2.2981333294e+00 2.3210242040e+00
   endloop
 endfacet
 facet normal  8.6689511012e-03 -6.5724541079e-01 -7.5362677718e-01
   outer loop
     vertex 1.2578177301e+01 -2.2981333294e+00 2.3210242040e+00
     vertex 1.2924765799e+01 -3.0641777725e+00 2.9930859842e+00
     vertex 1.2354644978e+01 -2.2981333294e+00 2.3184529170e+00
   endloop
 endfacet
 facet normal  8.6689511012e-03 -6.5724541079e-01 -7.5362677718e-01
   outer loop
     vertex 1.2924765799e+01 -3.0641777725e+00 2.9930859842e+00
     vertex 1.2762196837e+01 -3.0641777725e+00 2.9912159572e+00
     vertex 1.2354644978e+01 -2.2981333294e+00 2.3184529170e+00
   endloop
 endfacet
 facet normal  -2.0151307899e-02 -6.6577516891e-01 -7.4588025128e-01
   outer loop
     vertex 1.2354644978e+01 -2.2981333294e+00 2.3184529170e+00
     vertex 1.2762196837e+01 -3.0641777725e+00 2.9912159572e+00
     vertex 1.2163452325e+01 -2.2981333294e+00 2.3236183333e+00
   endloop
 endfacet
 facet normal  -2.0151307899e-02 -6.6577516891e-01 -7.4588025128e-01
   outer loop
     vertex 1.2762196837e+01 -3.0641777725e+00 2.9912159572e+00
     vertex 1.2623147635e+01 -3.0641777725e+00 2.9949726236e+00
     vertex 1.2163452325e+01 -2.2981333294e+00 2.3236183333e+00
   endloop
 endfacet
 facet normal  -5.6168881818e-02 -6.7690817178e-01 -7.3392123807e-01
   outer loop
     vertex 1.2163452325e+01 -2.2981333294e+00 2.3236183333e+00
     vertex 1.2623147635e+01 -3.0641777725e+00 2.9949726236e+00
     vertex 1.2010478048e+01 -2.2981333294e+00 2.3353258485e+00
   endloop
 endfacet
 facet normal  -5.6168881818e-02 -6.7690817178e-01 -7.3392123807e-01
   outer loop
     vertex 1.2623147635e+01 -3.0641777725e+00 2.9949726236e+00
     vertex 1.2511893615e+01 -3.0641777725e+00 3.0034871802e+00
     vertex 1.2010478048e+01 -2.2981333294e+00 2.3353258485e+00
   endloop
 endfacet
 facet normal  -1.0166260958e-01 -6.9087357162e-01 -7.1579216386e-01
   outer loop
     vertex 1.2010478048e+01 -2.2981333294e+00 2.3353258485e+00
     vertex 1.2511893615e+01 -3.0641777725e+00 3.0034871802e+00
     vertex 1.1894816999e+01 -2.2981333294e+00 2.3517529689e+00
   endloop
 endfacet
 facet normal  -1.0166260958e-01 -6.9087357162e-01 -7.1579216386e-01
   outer loop
     vertex 1.2511893615e+01 -3.0641777725e+00 3.0034871802e+00
     vertex 1.2427776489e+01 -3.0641777725e+00 3.0154341768e+00
     vertex 1.1894816999e+01 -2.2981333294e+00 2.3517529689e+00
   endloop
 endfacet
 facet normal  -1.6428994360e-01 -7.0871756429e-01 -6.8609636968e-01
   outer loop
     vertex 1.1894816999e+01 -2.2981333294e+00 2.3517529689e+00
     vertex 1.2427776489e+01 -3.0641777725e+00 3.0154341768e+00
     vertex 1.1811710388e+01 -2.2981333294e+00 2.3716533519e+00
   endloop
 endfacet
 facet normal  -1.6428994360e-01 -7.0871756429e-01 -6.8609636968e-01
   outer loop
     vertex 1.2427776489e+01 -3.0641777725e+00 3.0154341768e+00
     vertex 1.2367335317e+01 -3.0641777725e+00 3.0299071826e+00
     vertex 1.1811710388e+01 -2.2981333294e+00 2.3716533519e+00
   endloop
 endfacet
 facet normal  -2.7001952843e-01 -7.3267058426e-01 -6.2472655557e-01
   outer loop
     vertex 1.1811710388e+01 -2.2981333294e+00 2.3716533519e+00
     vertex 1.2367335317e+01 -3.0641777725e+00 3.0299071826e+00
     vertex 1.1756089530e+01 -2.2981333294e+00 2.3956938184e+00
   endloop
 endfacet
 facet normal  -2.7001952843e-01 -7.3267058426e-01 -6.2472655557e-01
   outer loop
     vertex 1.2367335317e+01 -3.0641777725e+00 3.0299071826e+00
     vertex 1.2326883784e+01 -3.0641777725e+00 3.0473911582e+00
     vertex 1.1756089530e+01 -2.2981333294e+00 2.3956938184e+00
   endloop
 endfacet
 facet normal  -5.4062897939e-01 -7.4126123696e-01 -3.9780910652e-01
   outer loop
     vertex 1.1756089530e+01 -2.2981333294e+00 2.3956938184e+00
     vertex 1.2326883784e+01 -3.0641777725e+00 3.0473911582e+00
     vertex 1.1732050808e+01 -2.2981333294e+00 2.4283628291e+00
   endloop
 endfacet
 facet normal  -5.4062897939e-01 -7.4126123696e-01 -3.9780910652e-01
   outer loop
     vertex 1.2326883784e+01 -3.0641777725e+00 3.0473911582e+00
     vertex 1.2309401077e+01 -3.0641777725e+00 3.0711504387e+00
     vertex 1.1732050808e+01 -2.2981333294e+00 2.4283628291e+00
   endloop
 endfacet
 facet normal  -8.0063989077e-01 -1.0908361516e-01 5.8913201425e-01
   outer loop
     vertex 1.1732050808e+01 -2.2981333294e+00 2.4283628291e+00
     vertex 1.2309401077e+01 -3.0641777725e+00 3.0711504387e+00
     vertex 1.2326883784e+01 -3.0641777725e+00 3.0949097192e+00
   endloop
 endfacet
 facet normal  -8.0063989077e-01 -1.0908361516e-01 5.8913201425e-01
   outer loop
     vertex 1.1732050808e+01 -2.2981333294e+00 2.4283628291e+00
     vertex 1.2326883784e+01 -3.0641777725e+00 3.0949097192e+00
     vertex 1.1756089530e+01 -2.2981333294e+00 2.4610318398e+00
   endloop
 endfacet
 facet normal  -3.5990169074e-01 4.2084800966e-01 8.3268104684e-01
   outer loop
     vertex 1.1756089530e+01 -2.2981333294e+00 2.4610318398e+00
     vertex 1.2326883784e+01 -3.0641777725e+00 3.0949097192e+00
     vertex 1.2367335317e+01 -3.0641777725e+00 3.1123936949e+00
   endloop
 endfacet
 facet normal  -3.5990169074e-01 4.2084800966e-01 8.3268104684e-01
   outer loop
     vertex 1.1756089530e+01 -2.2981333294e+00 2.4610318398e+00
     vertex 1.2367335317e+01 -3.0641777725e+00 3.1123936949e+00
     vertex 1.1811710388e+01 -2.2981333294e+00 2.4850723063e+00
   endloop
 endfacet
 facet normal  -1.9725470687e-01 5.3151433890e-01 8.2376154812e-01
   outer loop
     vertex 1.1811710388e+01 -2.2981333294e+00 2.4850723063e+00
     vertex 1.2367335317e+01 -3.0641777725e+00 3.1123936949e+00
     vertex 1.2427776489e+01 -3.0641777725e+00 3.1268667007e+00
   endloop
 endfacet
 facet normal  -1.9725470687e-01 5.3151433890e-01 8.2376154812e-01
   outer loop
     vertex 1.1811710388e+01 -2.2981333294e+00 2.4850723063e+00
     vertex 1.2427776489e+01 -3.0641777725e+00 3.1268667007e+00
     vertex 1.1894816999e+01 -2.2981333294e+00 2.5049726892e+00
   endloop
 endfacet
 facet normal  -1.1487707395e-01 5.7670778181e-01 8.0883335260e-01
   outer loop
     vertex 1.1894816999e+01 -2.2981333294e+00 2.5049726892e+00
     vertex 1.2427776489e+01 -3.0641777725e+00 3.1268667007e+00
     vertex 1.2511893615e+01 -3.0641777725e+00 3.1388136973e+00
   endloop
 endfacet
 facet normal  -1.1487707395e-01 5.7670778181e-01 8.0883335260e-01
   outer loop
     vertex 1.1894816999e+01 -2.2981333294e+00 2.5049726892e+00
     vertex 1.2511893615e+01 -3.0641777725e+00 3.1388136973e+00
     vertex 1.2010478048e+01 -2.2981333294e+00 2.5213998096e+00
   endloop
 endfacet
 facet normal  -6.0939779824e-02 6.0187818790e-01 7.9625937368e-01
   outer loop
     vertex 1.2010478048e+01 -2.2981333294e+00 2.5213998096e+00
     vertex 1.2511893615e+01 -3.0641777725e+00 3.1388136973e+00
     vertex 1.2623147635e+01 -3.0641777725e+00 3.1473282539e+00
   endloop
 endfacet
 facet normal  -6.0939779824e-02 6.0187818790e-01 7.9625937368e-01
   outer loop
     vertex 1.2010478048e+01 -2.2981333294e+00 2.5213998096e+00
     vertex 1.2623147635e+01 -3.0641777725e+00 3.1473282539e+00
     vertex 1.2163452325e+01 -2.2981333294e+00 2.5331073248e+00
   endloop
 endfacet
 facet normal  -2.1240244398e-02 6.1762465667e-01 7.8618613285e-01
   outer loop
     vertex 1.2163452325e+01 -2.2981333294e+00 2.5331073248e+00
     vertex 1.2623147635e+01 -3.0641777725e+00 3.1473282539e+00
     vertex 1.2762196837e+01 -3.0641777725e+00 3.1510849203e+00
   endloop
 endfacet
 facet normal  -2.1240244398e-02 6.1762465667e-01 7.8618613285e-01
   outer loop
     vertex 1.2163452325e+01 -2.2981333294e+00 2.5331073248e+00
     vertex 1.2762196837e+01 -3.0641777725e+00 3.1510849203e+00
     vertex 1.2354644978e+01 -2.2981333294e+00 2.5382727411e+00
   endloop
 endfacet
 facet normal  8.9552930546e-03 6.2755635708e-01 7.7851963458e-01
   outer loop
     vertex 1.2354644978e+01 -2.2981333294e+00 2.5382727411e+00
     vertex 1.2762196837e+01 -3.0641777725e+00 3.1510849203e+00
     vertex 1.2924765799e+01 -3.0641777725e+00 3.1492148933e+00
   endloop
 endfacet
 facet normal  8.9552930546e-03 6.2755635708e-01 7.7851963458e-01
   outer loop
     vertex 1.2354644978e+01 -2.2981333294e+00 2.5382727411e+00
     vertex 1.2924765799e+01 -3.0641777725e+00 3.1492148933e+00
     vertex 1.2578177301e+01 -2.2981333294e+00 2.5357014541e+00
   endloop
 endfacet
 facet normal  3.1606700060e-02 6.3347689244e-01 7.7311580197e-01
   outer loop
     vertex 1.2578177301e+01 -2.2981333294e+00 2.5357014541e+00
     vertex 1.2924765799e+01 -3.0641777725e+00 3.1492148933e+00
     vertex 1.3100920931e+01 -3.0641777725e+00 3.1420132782e+00
   endloop
 endfacet
 facet normal  3.1606700060e-02 6.3347689244e-01 7.7311580197e-01
   outer loop
     vertex 1.2578177301e+01 -2.2981333294e+00 2.5357014541e+00
     vertex 1.3100920931e+01 -3.0641777725e+00 3.1420132782e+00
     vertex 1.2820390608e+01 -2.2981333294e+00 2.5257992333e+00
   endloop
 endfacet
 facet normal  4.8034957669e-02 6.3668568676e-01 7.6962586957e-01
   outer loop
     vertex 1.2820390608e+01 -2.2981333294e+00 2.5257992333e+00
     vertex 1.3100920931e+01 -3.0641777725e+00 3.1420132782e+00
     vertex 1.3062338235e+01 -2.2981333294e+00 2.5106984623e+00
   endloop
 endfacet
 facet normal  4.8034957669e-02 6.3668568676e-01 7.6962586957e-01
   outer loop
     vertex 1.3100920931e+01 -3.0641777725e+00 3.1420132782e+00
     vertex 1.3276882842e+01 -3.0641777725e+00 3.1310308993e+00
     vertex 1.3062338235e+01 -2.2981333294e+00 2.5106984623e+00
   endloop
 endfacet
 facet normal  5.9766796784e-02 6.3825265701e-01 7.6750340444e-01
   outer loop
     vertex 1.3062338235e+01 -2.2981333294e+00 2.5106984623e+00
     vertex 1.3276882842e+01 -3.0641777725e+00 3.1310308993e+00
     vertex 1.3285219235e+01 -2.2981333294e+00 2.4933423394e+00
   endloop
 endfacet
 facet normal  5.9766796784e-02 6.3825265701e-01 7.6750340444e-01
   outer loop
     vertex 1.3276882842e+01 -3.0641777725e+00 3.1310308993e+00
     vertex 1.3438978115e+01 -3.0641777725e+00 3.1184082644e+00
     vertex 1.3285219235e+01 -2.2981333294e+00 2.4933423394e+00
   endloop
 endfacet
 facet normal  6.8307861783e-02 6.3892690244e-01 7.6622871870e-01
   outer loop
     vertex 1.3285219235e+01 -2.2981333294e+00 2.4933423394e+00
     vertex 1.3438978115e+01 -3.0641777725e+00 3.1184082644e+00
     vertex 1.3475739613e+01 -2.2981333294e+00 2.4763578028e+00
   endloop
 endfacet
 facet normal  6.8307861783e-02 6.3892690244e-01 7.6622871870e-01
   outer loop
     vertex 1.3438978115e+01 -3.0641777725e+00 3.1184082644e+00
     vertex 1.3577538390e+01 -3.0641777725e+00 3.1060558742e+00
     vertex 1.3475739613e+01 -2.2981333294e+00 2.4763578028e+00
   endloop
 endfacet
 facet normal  7.4750203531e-02 6.3914132729e-01 7.6544808499e-01
   outer loop
     vertex 1.3475739613e+01 -2.2981333294e+00 2.4763578028e+00
     vertex 1.3577538390e+01 -3.0641777725e+00 3.1060558742e+00
     vertex 1.3628453783e+01 -2.2981333294e+00 2.4614444266e+00
   endloop
 endfacet
 facet normal  7.4750203531e-02 6.3914132729e-01 7.6544808499e-01
   outer loop
     vertex 1.3577538390e+01 -3.0641777725e+00 3.1060558742e+00
     vertex 1.3688603241e+01 -3.0641777725e+00 3.0952097824e+00
     vertex 1.3628453783e+01 -2.2981333294e+00 2.4614444266e+00
   endloop
 endfacet
 facet normal  7.9704980490e-02 6.3912674371e-01 7.6496020913e-01
   outer loop
     vertex 1.3628453783e+01 -2.2981333294e+00 2.4614444266e+00
     vertex 1.3688603241e+01 -3.0641777725e+00 3.0952097824e+00
     vertex 1.3744673120e+01 -2.2981333294e+00 2.4493349602e+00
   endloop
 endfacet
 facet normal  7.9704980490e-02 6.3912674371e-01 7.6496020913e-01
   outer loop
     vertex 1.3688603241e+01 -3.0641777725e+00 3.0952097824e+00
     vertex 1.3773126395e+01 -3.0641777725e+00 3.0864028977e+00
     vertex 1.3744673120e+01 -2.2981333294e+00 2.4493349602e+00
   endloop
 endfacet
 facet normal  8.3526366916e-02 6.3901039584e-01 7.6464963221e-01
   outer loop
     vertex 1.3744673120e+01 -2.2981333294e+00 2.4493349602e+00
     vertex 1.3773126395e+01 -3.0641777725e+00 3.0864028977e+00
     vertex 1.3829672453e+01 -2.2981333294e+00 2.4400500731e+00
   endloop
 endfacet
 facet normal  8.3526366916e-02 6.3901039584e-01 7.6464963221e-01
   outer loop
     vertex 1.3773126395e+01 -3.0641777725e+00 3.0864028977e+00
     vertex 1.3834944091e+01 -3.0641777725e+00 3.0796502526e+00
     vertex 1.3829672453e+01 -2.2981333294e+00 2.4400500731e+00
   endloop
 endfacet
 facet normal  8.6405286651e-02 6.3886472278e-01 7.6445143235e-01
   outer loop
     vertex 1.3829672453e+01 -2.2981333294e+00 2.4400500731e+00
     vertex 1.3834944091e+01 -3.0641777725e+00 3.0796502526e+00
     vertex 1.3890048596e+01 -2.2981333294e+00 2.4332258097e+00
   endloop
 endfacet
 facet normal  8.6405286651e-02 6.3886472278e-01 7.6445143235e-01
   outer loop
     vertex 1.3834944091e+01 -3.0641777725e+00 3.0796502526e+00
     vertex 1.3878854014e+01 -3.0641777725e+00 3.0746871520e+00
     vertex 1.3890048596e+01 -2.2981333294e+00 2.4332258097e+00
   endloop
 endfacet
 facet normal  8.8493010306e-02 6.3872911196e-01 7.6432591782e-01
   outer loop
     vertex 1.3890048596e+01 -2.2981333294e+00 2.4332258097e+00
     vertex 1.3878854014e+01 -3.0641777725e+00 3.0746871520e+00
     vertex 1.3932050808e+01 -2.2981333294e+00 2.4283628291e+00
   endloop
 endfacet
 facet normal  8.8493010306e-02 6.3872911196e-01 7.6432591782e-01
   outer loop
     vertex 1.3878854014e+01 -3.0641777725e+00 3.0746871520e+00
     vertex 1.3909401077e+01 -3.0641777725e+00 3.0711504387e+00
     vertex 1.3932050808e+01 -2.2981333294e+00 2.4283628291e+00
   endloop
 endfacet
 facet normal  8.8197502133e-02 -6.4181167175e-01 -7.6177357438e-01
   outer loop
     vertex 1.3909401077e+01 -3.0641777725e+00 3.0711504387e+00
     vertex 1.3886751346e+01 -3.8302222156e+00 3.7139380484e+00
     vertex 1.3867659431e+01 -3.8302222156e+00 3.7117276027e+00
   endloop
 endfacet
 facet normal  8.8197502133e-02 -6.4181167175e-01 -7.6177357438e-01
   outer loop
     vertex 1.3909401077e+01 -3.0641777725e+00 3.0711504387e+00
     vertex 1.3867659431e+01 -3.8302222156e+00 3.7117276027e+00
     vertex 1.3878854014e+01 -3.0641777725e+00 3.0676137255e+00
   endloop
 endfacet
 facet normal  8.6120027422e-02 -6.4191087692e-01 -7.6192766518e-01
   outer loop
     vertex 1.3878854014e+01 -3.0641777725e+00 3.0676137255e+00
     vertex 1.3867659431e+01 -3.8302222156e+00 3.7117276027e+00
     vertex 1.3840215730e+01 -3.8302222156e+00 3.7086256648e+00
   endloop
 endfacet
 facet normal  8.6120027422e-02 -6.4191087692e-01 -7.6192766518e-01
   outer loop
     vertex 1.3878854014e+01 -3.0641777725e+00 3.0676137255e+00
     vertex 1.3840215730e+01 -3.8302222156e+00 3.7086256648e+00
     vertex 1.3834944091e+01 -3.0641777725e+00 3.0626506249e+00
   endloop
 endfacet
 facet normal  8.3248351079e-02 -6.4207976606e-01 -7.6210451125e-01
   outer loop
     vertex 1.3834944091e+01 -3.0641777725e+00 3.0626506249e+00
     vertex 1.3840215730e+01 -3.8302222156e+00 3.7086256648e+00
     vertex 1.3801579670e+01 -3.8302222156e+00 3.7044052616e+00
   endloop
 endfacet
 facet normal  8.3248351079e-02 -6.4207976606e-01 -7.6210451125e-01
   outer loop
     vertex 1.3834944091e+01 -3.0641777725e+00 3.0626506249e+00
     vertex 1.3801579670e+01 -3.8302222156e+00 3.7044052616e+00
     vertex 1.3773126395e+01 -3.0641777725e+00 3.0558979798e+00
   endloop
 endfacet
 facet normal  7.9424967200e-02 -6.4236425521e-01 -7.6227281089e-01
   outer loop
     vertex 1.3773126395e+01 -3.0641777725e+00 3.0558979798e+00
     vertex 1.3801579670e+01 -3.8302222156e+00 3.7044052616e+00
     vertex 1.3748752698e+01 -3.8302222156e+00 3.6989009586e+00
   endloop
 endfacet
 facet normal  7.9424967200e-02 -6.4236425521e-01 -7.6227281089e-01
   outer loop
     vertex 1.3773126395e+01 -3.0641777725e+00 3.0558979798e+00
     vertex 1.3748752698e+01 -3.8302222156e+00 3.6989009586e+00
     vertex 1.3688603241e+01 -3.0641777725e+00 3.0470910951e+00
   endloop
 endfacet
 facet normal  7.4449948189e-02 -6.4284051971e-01 -7.6237344618e-01
   outer loop
     vertex 1.3688603241e+01 -3.0641777725e+00 3.0470910951e+00
     vertex 1.3748752698e+01 -3.8302222156e+00 3.6989009586e+00
     vertex 1.3679337167e+01 -3.8302222156e+00 3.6921221513e+00
   endloop
 endfacet
 facet normal  7.4449948189e-02 -6.4284051971e-01 -7.6237344618e-01
   outer loop
     vertex 1.3688603241e+01 -3.0641777725e+00 3.0470910951e+00
     vertex 1.3679337167e+01 -3.8302222156e+00 3.6921221513e+00
     vertex 1.3577538390e+01 -3.0641777725e+00 3.0362450033e+00
   endloop
 endfacet
 facet normal  6.7957879187e-02 -6.4364281216e-01 -7.6230286436e-01
   outer loop
     vertex 1.3577538390e+01 -3.0641777725e+00 3.0362450033e+00
     vertex 1.3679337167e+01 -3.8302222156e+00 3.6921221513e+00
     vertex 1.3592736995e+01 -3.8302222156e+00 3.6844019074e+00
   endloop
 endfacet
 facet normal  6.7957879187e-02 -6.4364281216e-01 -7.6230286436e-01
   outer loop
     vertex 1.3577538390e+01 -3.0641777725e+00 3.0362450033e+00
     vertex 1.3592736995e+01 -3.8302222156e+00 3.6844019074e+00
     vertex 1.3438978115e+01 -3.0641777725e+00 3.0238926131e+00
   endloop
 endfacet
 facet normal  5.9328322980e-02 -6.4500400293e-01 -7.6187268378e-01
   outer loop
     vertex 1.3438978115e+01 -3.0641777725e+00 3.0238926131e+00
     vertex 1.3592736995e+01 -3.8302222156e+00 3.6844019074e+00
     vertex 1.3491427449e+01 -3.8302222156e+00 3.6765127606e+00
   endloop
 endfacet
 facet normal  5.9328322980e-02 -6.4500400293e-01 -7.6187268378e-01
   outer loop
     vertex 1.3438978115e+01 -3.0641777725e+00 3.0238926131e+00
     vertex 1.3491427449e+01 -3.8302222156e+00 3.6765127606e+00
     vertex 1.3276882842e+01 -3.0641777725e+00 3.0112699782e+00
   endloop
 endfacet
 facet normal  4.7479719522e-02 -6.4732986388e-01 -7.6072973095e-01
   outer loop
     vertex 1.3276882842e+01 -3.0641777725e+00 3.0112699782e+00
     vertex 1.3491427449e+01 -3.8302222156e+00 3.6765127606e+00
     vertex 1.3381451255e+01 -3.8302222156e+00 3.6696487738e+00
   endloop
 endfacet
 facet normal  4.7479719522e-02 -6.4732986388e-01 -7.6072973095e-01
   outer loop
     vertex 1.3276882842e+01 -3.0641777725e+00 3.0112699782e+00
     vertex 1.3381451255e+01 -3.8302222156e+00 3.6696487738e+00
     vertex 1.3100920931e+01 -3.0641777725e+00 3.0002875993e+00
   endloop
 endfacet
 facet normal  3.0999519619e-02 -6.5121036885e-01 -7.5826386258e-01
   outer loop
     vertex 1.3100920931e+01 -3.0641777725e+00 3.0002875993e+00
     vertex 1.3381451255e+01 -3.8302222156e+00 3.6696487738e+00
     vertex 1.2924765799e+01 -3.0641777725e+00 2.9930859842e+00
   endloop
 endfacet
 facet normal  3.0999519619e-02 -6.5121036885e-01 -7.5826386258e-01
   outer loop
     vertex 1.3381451255e+01 -3.8302222156e+00 3.6696487738e+00
     vertex 1.3271354297e+01 -3.8302222156e+00 3.6651477643e+00
     vertex 1.2924765799e+01 -3.0641777725e+00 2.9930859842e+00
   endloop
 endfacet
 facet normal  8.6689511012e-03 -6.5724541079e-01 -7.5362677718e-01
   outer loop
     vertex 1.2924765799e+01 -3.0641777725e+00 2.9930859842e+00
     vertex 1.3271354297e+01 -3.8302222156e+00 3.6651477643e+00
     vertex 1.2762196837e+01 -3.0641777725e+00 2.9912159572e+00
   endloop
 endfacet
 facet normal  8.6689511012e-03 -6.5724541079e-01 -7.5362677718e-01
   outer loop
     vertex 1.3271354297e+01 -3.8302222156e+00 3.6651477643e+00
     vertex 1.3169748696e+01 -3.8302222156e+00 3.6639789975e+00
     vertex 1.2762196837e+01 -3.0641777725e+00 2.9912159572e+00
   endloop
 endfacet
 facet normal  -2.0151307899e-02 -6.6577516891e-01 -7.4588025128e-01
   outer loop
     vertex 1.2762196837e+01 -3.0641777725e+00 2.9912159572e+00
     vertex 1.3169748696e+01 -3.8302222156e+00 3.6639789975e+00
     vertex 1.2623147635e+01 -3.0641777725e+00 2.9949726236e+00
   endloop
 endfacet
 facet normal  -2.0151307899e-02 -6.6577516891e-01 -7.4588025128e-01
   outer loop
     vertex 1.3169748696e+01 -3.8302222156e+00 3.6639789975e+00
     vertex 1.3082842945e+01 -3.8302222156e+00 3.6663269140e+00
     vertex 1.2623147635e+01 -3.0641777725e+00 2.9949726236e+00
   endloop
 endfacet
 facet normal  -5.6168881818e-02 -6.7690817178e-01 -7.3392123807e-01
   outer loop
     vertex 1.2623147635e+01 -3.0641777725e+00 2.9949726236e+00
     vertex 1.3082842945e+01 -3.8302222156e+00 3.6663269140e+00
     vertex 1.2511893615e+01 -3.0641777725e+00 3.0034871802e+00
   endloop
 endfacet
 facet normal  -5.6168881818e-02 -6.7690817178e-01 -7.3392123807e-01
   outer loop
     vertex 1.3082842945e+01 -3.8302222156e+00 3.6663269140e+00
     vertex 1.3013309182e+01 -3.8302222156e+00 3.6716485118e+00
     vertex 1.2511893615e+01 -3.0641777725e+00 3.0034871802e+00
   endloop
 endfacet
 facet normal  -1.0166260958e-01 -6.9087357162e-01 -7.1579216386e-01
   outer loop
     vertex 1.2511893615e+01 -3.0641777725e+00 3.0034871802e+00
     vertex 1.3013309182e+01 -3.8302222156e+00 3.6716485118e+00
     vertex 1.2427776489e+01 -3.0641777725e+00 3.0154341768e+00
   endloop
 endfacet
 facet normal  -1.0166260958e-01 -6.9087357162e-01 -7.1579216386e-01
   outer loop
     vertex 1.3013309182e+01 -3.8302222156e+00 3.6716485118e+00
     vertex 1.2960735979e+01 -3.8302222156e+00 3.6791153847e+00
     vertex 1.2427776489e+01 -3.0641777725e+00 3.0154341768e+00
   endloop
 endfacet
 facet normal  -1.6428994360e-01 -7.0871756429e-01 -6.8609636968e-01
   outer loop
     vertex 1.2427776489e+01 -3.0641777725e+00 3.0154341768e+00
     vertex 1.2960735979e+01 -3.8302222156e+00 3.6791153847e+00
     vertex 1.2367335317e+01 -3.0641777725e+00 3.0299071826e+00
   endloop
 endfacet
 facet normal  -1.6428994360e-01 -7.0871756429e-01 -6.8609636968e-01
   outer loop
     vertex 1.2960735979e+01 -3.8302222156e+00 3.6791153847e+00
     vertex 1.2922960246e+01 -3.8302222156e+00 3.6881610133e+00
     vertex 1.2367335317e+01 -3.0641777725e+00 3.0299071826e+00
   endloop
 endfacet
 facet normal  -2.7001952843e-01 -7.3267058426e-01 -6.2472655557e-01
   outer loop
     vertex 1.2367335317e+01 -3.0641777725e+00 3.0299071826e+00
     vertex 1.2922960246e+01 -3.8302222156e+00 3.6881610133e+00
     vertex 1.2326883784e+01 -3.0641777725e+00 3.0473911582e+00
   endloop
 endfacet
 facet normal  -2.7001952843e-01 -7.3267058426e-01 -6.2472655557e-01
   outer loop
     vertex 1.2922960246e+01 -3.8302222156e+00 3.6881610133e+00
     vertex 1.2897678038e+01 -3.8302222156e+00 3.6990884981e+00
     vertex 1.2326883784e+01 -3.0641777725e+00 3.0473911582e+00
   endloop
 endfacet
 facet normal  -5.4062897939e-01 -7.4126123696e-01 -3.9780910652e-01
   outer loop
     vertex 1.2326883784e+01 -3.0641777725e+00 3.0473911582e+00
     vertex 1.2897678038e+01 -3.8302222156e+00 3.6990884981e+00
     vertex 1.2309401077e+01 -3.0641777725e+00 3.0711504387e+00
   endloop
 endfacet
 facet normal  -5.4062897939e-01 -7.4126123696e-01 -3.9780910652e-01
   outer loop
     vertex 1.2897678038e+01 -3.8302222156e+00 3.6990884981e+00
     vertex 1.2886751346e+01 -3.8302222156e+00 3.7139380484e+00
     vertex 1.2309401077e+01 -3.0641777725e+00 3.0711504387e+00
   endloop
 endfacet
 facet normal  -8.0063989077e-01 -1.0908361516e-01 5.8913201425e-01
   outer loop
     vertex 1.2309401077e+01 -3.0641777725e+00 3.0711504387e+00
     vertex 1.2886751346e+01 -3.8302222156e+00 3.7139380484e+00
     vertex 1.2897678038e+01 -3.8302222156e+00 3.7287875987e+00
   endloop
 endfacet
 facet normal  -8.0063989077e-01 -1.0908361516e-01 5.8913201425e-01
   outer loop
     vertex 1.2309401077e+01 -3.0641777725e+00 3.0711504387e+00
     vertex 1.2897678038e+01 -3.8302222156e+00 3.7287875987e+00
     vertex 1.2326883784e+01 -3.0641777725e+00 3.0949097192e+00
   endloop
 endfacet
 facet normal  -3.5990169074e-01 4.2084800966e-01 8.3268104684e-01
   outer loop
     vertex 1.2326883784e+01 -3.0641777725e+00 3.0949097192e+00
     vertex 1.2897678038e+01 -3.8302222156e+00 3.7287875987e+00
     vertex 1.2922960246e+01 -3.8302222156e+00 3.7397150835e+00
   endloop
 endfacet
 facet normal  -3.5990169074e-01 4.2084800966e-01 8.3268104684e-01
   outer loop
     vertex 1.2326883784e+01 -3.0641777725e+00 3.0949097192e+00
     vertex 1.2922960246e+01 -3.8302222156e+00 3.7397150835e+00
     vertex 1.2367335317e+01 -3.0641777725e+00 3.1123936949e+00
   endloop
 endfacet
 facet normal  -1.9725470687e-01 5.3151433890e-01 8.2376154812e-01
   outer loop
     vertex 1.2367335317e+01 -3.0641777725e+00 3.1123936949e+00
     vertex 1.2922960246e+01 -3.8302222156e+00 3.7397150835e+00
     vertex 1.2960735979e+01 -3.8302222156e+00 3.7487607121e+00
   endloop
 endfacet
 facet normal  -1.9725470687e-01 5.3151433890e-01 8.2376154812e-01
   outer loop
     vertex 1.2367335317e+01 -3.0641777725e+00 3.1123936949e+00
     vertex 1.2960735979e+01 -3.8302222156e+00 3.7487607121e+00
     vertex 1.2427776489e+01 -3.0641777725e+00 3.1268667007e+00
   endloop
 endfacet
 facet normal  -1.1487707395e-01 5.7670778181e-01 8.0883335260e-01
   outer loop
     vertex 1.2427776489e+01 -3.0641777725e+00 3.1268667007e+00
     vertex 1.2960735979e+01 -3.8302222156e+00 3.7487607121e+00
     vertex 1.3013309182e+01 -3.8302222156e+00 3.7562275850e+00
   endloop
 endfacet
 facet normal  -1.1487707395e-01 5.7670778181e-01 8.0883335260e-01
   outer loop
     vertex 1.2427776489e+01 -3.0641777725e+00 3.1268667007e+00
     vertex 1.3013309182e+01 -3.8302222156e+00 3.7562275850e+00
     vertex 1.2511893615e+01 -3.0641777725e+00 3.1388136973e+00
   endloop
 endfacet
 facet normal  -6.0939779824e-02 6.0187818790e-01 7.9625937368e-01
   outer loop
     vertex 1.2511893615e+01 -3.0641777725e+00 3.1388136973e+00
     vertex 1.3013309182e+01 -3.8302222156e+00 3.7562275850e+00
     vertex 1.3082842945e+01 -3.8302222156e+00 3.7615491829e+00
   endloop
 endfacet
 facet normal  -6.0939779824e-02 6.0187818790e-01 7.9625937368e-01
   outer loop
     vertex 1.2511893615e+01 -3.0641777725e+00 3.1388136973e+00
     vertex 1.3082842945e+01 -3.8302222156e+00 3.7615491829e+00
     vertex 1.2623147635e+01 -3.0641777725e+00 3.1473282539e+00
   endloop
 endfacet
 facet normal  -2.1240244398e-02 6.1762465667e-01 7.8618613285e-01
   outer loop
     vertex 1.2623147635e+01 -3.0641777725e+00 3.1473282539e+00
     vertex 1.3082842945e+01 -3.8302222156e+00 3.7615491829e+00
     vertex 1.3169748696e+01 -3.8302222156e+00 3.7638970994e+00
   endloop
 endfacet
 facet normal  -2.1240244398e-02 6.1762465667e-01 7.8618613285e-01
   outer loop
     vertex 1.2623147635e+01 -3.0641777725e+00 3.1473282539e+00
     vertex 1.3169748696e+01 -3.8302222156e+00 3.7638970994e+00
     vertex 1.2762196837e+01 -3.0641777725e+00 3.1510849203e+00
   endloop
 endfacet
 facet normal  8.9552930546e-03 6.2755635708e-01 7.7851963458e-01
   outer loop
     vertex 1.2762196837e+01 -3.0641777725e+00 3.1510849203e+00
     vertex 1.3169748696e+01 -3.8302222156e+00 3.7638970994e+00
     vertex 1.3271354297e+01 -3.8302222156e+00 3.7627283325e+00
   endloop
 endfacet
 facet normal  8.9552930546e-03 6.2755635708e-01 7.7851963458e-01
   outer loop
     vertex 1.2762196837e+01 -3.0641777725e+00 3.1510849203e+00
     vertex 1.3271354297e+01 -3.8302222156e+00 3.7627283325e+00
     vertex 1.2924765799e+01 -3.0641777725e+00 3.1492148933e+00
   endloop
 endfacet
 facet normal  3.1606700060e-02 6.3347689244e-01 7.7311580197e-01
   outer loop
     vertex 1.2924765799e+01 -3.0641777725e+00 3.1492148933e+00
     vertex 1.3271354297e+01 -3.8302222156e+00 3.7627283325e+00
     vertex 1.3381451255e+01 -3.8302222156e+00 3.7582273231e+00
   endloop
 endfacet
 facet normal  3.1606700060e-02 6.3347689244e-01 7.7311580197e-01
   outer loop
     vertex 1.2924765799e+01 -3.0641777725e+00 3.1492148933e+00
     vertex 1.3381451255e+01 -3.8302222156e+00 3.7582273231e+00
     vertex 1.3100920931e+01 -3.0641777725e+00 3.1420132782e+00
   endloop
 endfacet
 facet normal  4.8034957669e-02 6.3668568676e-01 7.6962586957e-01
   outer loop
     vertex 1.3100920931e+01 -3.0641777725e+00 3.1420132782e+00
     vertex 1.3381451255e+01 -3.8302222156e+00 3.7582273231e+00
     vertex 1.3276882842e+01 -3.0641777725e+00 3.1310308993e+00
   endloop
 endfacet
 facet normal  4.8034957669e-02 6.3668568676e-01 7.6962586957e-01
   outer loop
     vertex 1.3381451255e+01 -3.8302222156e+00 3.7582273231e+00
     vertex 1.3491427449e+01 -3.8302222156e+00 3.7513633363e+00
     vertex 1.3276882842e+01 -3.0641777725e+00 3.1310308993e+00
   endloop
 endfacet
 facet normal  5.9766796784e-02 6.3825265701e-01 7.6750340444e-01
   outer loop
     vertex 1.3276882842e+01 -3.0641777725e+00 3.1310308993e+00
     vertex 1.3491427449e+01 -3.8302222156e+00 3.7513633363e+00
     vertex 1.3438978115e+01 -3.0641777725e+00 3.1184082644e+00
   endloop
 endfacet
 facet normal  5.9766796784e-02 6.3825265701e-01 7.6750340444e-01
   outer loop
     vertex 1.3491427449e+01 -3.8302222156e+00 3.7513633363e+00
     vertex 1.3592736995e+01 -3.8302222156e+00 3.7434741895e+00
     vertex 1.3438978115e+01 -3.0641777725e+00 3.1184082644e+00
   endloop
 endfacet
 facet normal  6.8307861783e-02 6.3892690244e-01 7.6622871870e-01
   outer loop
     vertex 1.3438978115e+01 -3.0641777725e+00 3.1184082644e+00
     vertex 1.3592736995e+01 -3.8302222156e+00 3.7434741895e+00
     vertex 1.3577538390e+01 -3.0641777725e+00 3.1060558742e+00
   endloop
 endfacet
 facet normal  6.8307861783e-02 6.3892690244e-01 7.6622871870e-01
   outer loop
     vertex 1.3592736995e+01 -3.8302222156e+00 3.7434741895e+00
     vertex 1.3679337167e+01 -3.8302222156e+00 3.7357539456e+00
     vertex 1.3577538390e+01 -3.0641777725e+00 3.1060558742e+00
   endloop
 endfacet
 facet normal  7.4750203531e-02 6.3914132729e-01 7.6544808499e-01
   outer loop
     vertex 1.3577538390e+01 -3.0641777725e+00 3.1060558742e+00
     vertex 1.3679337167e+01 -3.8302222156e+00 3.7357539456e+00
     vertex 1.3688603241e+01 -3.0641777725e+00 3.0952097824e+00
   endloop
 endfacet
 facet normal  7.4750203531e-02 6.3914132729e-01 7.6544808499e-01
   outer loop
     vertex 1.3679337167e+01 -3.8302222156e+00 3.7357539456e+00
     vertex 1.3748752698e+01 -3.8302222156e+00 3.7289751382e+00
     vertex 1.3688603241e+01 -3.0641777725e+00 3.0952097824e+00
   endloop
 endfacet
 facet normal  7.9704980490e-02 6.3912674371e-01 7.6496020913e-01
   outer loop
     vertex 1.3688603241e+01 -3.0641777725e+00 3.0952097824e+00
     vertex 1.3748752698e+01 -3.8302222156e+00 3.7289751382e+00
     vertex 1.3773126395e+01 -3.0641777725e+00 3.0864028977e+00
   endloop
 endfacet
 facet normal  7.9704980490e-02 6.3912674371e-01 7.6496020913e-01
   outer loop
     vertex 1.3748752698e+01 -3.8302222156e+00 3.7289751382e+00
     vertex 1.3801579670e+01 -3.8302222156e+00 3.7234708353e+00
     vertex 1.3773126395e+01 -3.0641777725e+00 3.0864028977e+00
   endloop
 endfacet
 facet normal  8.3526366916e-02 6.3901039584e-01 7.6464963221e-01
   outer loop
     vertex 1.3773126395e+01 -3.0641777725e+00 3.0864028977e+00
     vertex 1.3801579670e+01 -3.8302222156e+00 3.7234708353e+00
     vertex 1.3834944091e+01 -3.0641777725e+00 3.0796502526e+00
   endloop
 endfacet
 facet normal  8.3526366916e-02 6.3901039584e-01 7.6464963221e-01
   outer loop
     vertex 1.3801579670e+01 -3.8302222156e+00 3.7234708353e+00
     vertex 1.3840215730e+01 -3.8302222156e+00 3.7192504321e+00
     vertex 1.3834944091e+01 -3.0641777725e+00 3.0796502526e+00
   endloop
 endfacet
 facet normal  8.6405286651e-02 6.3886472278e-01 7.6445143235e-01
   outer loop
     vertex 1.3834944091e+01 -3.0641777725e+00 3.0796502526e+00
     vertex 1.3840215730e+01 -3.8302222156e+00 3.7192504321e+00
     vertex 1.3878854014e+01 -3.0641777725e+00 3.0746871520e+00
   endloop
 endfacet
 facet normal  8.6405286651e-02 6.3886472278e-01 7.6445143235e-01
   outer loop
     vertex 1.3840215730e+01 -3.8302222156e+00 3.7192504321e+00
     vertex 1.3867659431e+01 -3.8302222156e+00 3.7161484942e+00
     vertex 1.3878854014e+01 -3.0641777725e+00 3.0746871520e+00
   endloop
 endfacet
 facet normal  8.8493010306e-02 6.3872911196e-01 7.6432591782e-01
   outer loop
     vertex 1.3878854014e+01 -3.0641777725e+00 3.0746871520e+00
     vertex 1.3867659431e+01 -3.8302222156e+00 3.7161484942e+00
     vertex 1.3909401077e+01 -3.0641777725e+00 3.0711504387e+00
   endloop
 endfacet
 facet normal  8.8493010306e-02 6.3872911196e-01 7.6432591782e-01
   outer loop
     vertex 1.3867659431e+01 -3.8302222156e+00 3.7161484942e+00
     vertex 1.3886751346e+01 -3.8302222156e+00 3.7139380484e+00
     vertex 1.3909401077e+01 -3.0641777725e+00 3.0711504387e+00
   endloop
 endfacet
 facet normal  0.0000000000e+00 -1.0000000000e+00 -0.0000000000e+00
   outer loop
     vertex 1.3886751346e+01 -3.8302222156e+00 3.7139380484e+00
     vertex 1.3867659431e+01 -3.8302222156e+00 3.7128328256e+00
     vertex 1.3867659431e+01 -3.8302222156e+00 3.7117276027e+00
   endloop
 endfacet
 facet normal  -1.6181826366e-14 -1.0000000000e+00 2.6008055471e-26
   outer loop
     vertex 1.3867659431e+01 -3.8302222156e+00 3.7117276027e+00
     vertex 1.3867659431e+01 -3.8302222156e+00 3.7128328256e+00
     vertex 1.3840215730e+01 -3.8302222156e+00 3.7112818566e+00
   endloop
 endfacet
 facet normal  -1.6181826366e-14 -1.0000000000e+00 1.0821770309e-26
   outer loop
     vertex 1.3867659431e+01 -3.8302222156e+00 3.7117276027e+00
     vertex 1.3840215730e+01 -3.8302222156e+00 3.7112818566e+00
     vertex 1.3840215730e+01 -3.8302222156e+00 3.7086256648e+00
   endloop
 endfacet
 facet normal  1.1494163910e-14 -1.0000000000e+00 -7.6868456574e-27
   outer loop
     vertex 1.3840215730e+01 -3.8302222156e+00 3.7086256648e+00
     vertex 1.3840215730e+01 -3.8302222156e+00 3.7112818566e+00
     vertex 1.3801579670e+01 -3.8302222156e+00 3.7091716550e+00
   endloop
 endfacet
 facet normal  1.1494163910e-14 -1.0000000000e+00 0.0000000000e+00
   outer loop
     vertex 1.3840215730e+01 -3.8302222156e+00 3.7086256648e+00
     vertex 1.3801579670e+01 -3.8302222156e+00 3.7091716550e+00
     vertex 1.3801579670e+01 -3.8302222156e+00 3.7044052616e+00
   endloop
 endfacet
 facet normal  8.4064862645e-15 -1.0000000000e+00 0.0000000000e+00
   outer loop
     vertex 1.3801579670e+01 -3.8302222156e+00 3.7044052616e+00
     vertex 1.3801579670e+01 -3.8302222156e+00 3.7091716550e+00
     vertex 1.3748752698e+01 -3.8302222156e+00 3.7064195035e+00
   endloop
 endfacet
 facet normal  8.4064862645e-15 -1.0000000000e+00 0.0000000000e+00
   outer loop
     vertex 1.3801579670e+01 -3.8302222156e+00 3.7044052616e+00
     vertex 1.3748752698e+01 -3.8302222156e+00 3.7064195035e+00
     vertex 1.3748752698e+01 -3.8302222156e+00 3.6989009586e+00
   endloop
 endfacet
 facet normal  -1.2795096412e-14 -1.0000000000e+00 -0.0000000000e+00
   outer loop
     vertex 1.3748752698e+01 -3.8302222156e+00 3.6989009586e+00
     vertex 1.3748752698e+01 -3.8302222156e+00 3.7064195035e+00
     vertex 1.3679337167e+01 -3.8302222156e+00 3.7030300998e+00
   endloop
 endfacet
 facet normal  -1.2795096412e-14 -1.0000000000e+00 -0.0000000000e+00
   outer loop
     vertex 1.3748752698e+01 -3.8302222156e+00 3.6989009586e+00
     vertex 1.3679337167e+01 -3.8302222156e+00 3.7030300998e+00
     vertex 1.3679337167e+01 -3.8302222156e+00 3.6921221513e+00
   endloop
 endfacet
 facet normal  1.0256081478e-14 -1.0000000000e+00 0.0000000000e+00
   outer loop
     vertex 1.3679337167e+01 -3.8302222156e+00 3.6921221513e+00
     vertex 1.3679337167e+01 -3.8302222156e+00 3.7030300998e+00
     vertex 1.3592736995e+01 -3.8302222156e+00 3.6991699779e+00
   endloop
 endfacet
 facet normal  1.0256081478e-14 -1.0000000000e+00 0.0000000000e+00
   outer loop
     vertex 1.3679337167e+01 -3.8302222156e+00 3.6921221513e+00
     vertex 1.3592736995e+01 -3.8302222156e+00 3.6991699779e+00
     vertex 1.3592736995e+01 -3.8302222156e+00 3.6844019074e+00
   endloop
 endfacet
 facet normal  -4.3834883198e-15 -1.0000000000e+00 -0.0000000000e+00
   outer loop
     vertex 1.3592736995e+01 -3.8302222156e+00 3.6844019074e+00
     vertex 1.3592736995e+01 -3.8302222156e+00 3.6991699779e+00
     vertex 1.3491427449e+01 -3.8302222156e+00 3.6952254045e+00
   endloop
 endfacet
 facet normal  -4.3834883198e-15 -1.0000000000e+00 -0.0000000000e+00
   outer loop
     vertex 1.3592736995e+01 -3.8302222156e+00 3.6844019074e+00
     vertex 1.3491427449e+01 -3.8302222156e+00 3.6952254045e+00
     vertex 1.3491427449e+01 -3.8302222156e+00 3.6765127606e+00
   endloop
 endfacet
 facet normal  0.0000000000e+00 -1.0000000000e+00 -0.0000000000e+00
   outer loop
     vertex 1.3491427449e+01 -3.8302222156e+00 3.6765127606e+00
     vertex 1.3491427449e+01 -3.8302222156e+00 3.6952254045e+00
     vertex 1.3381451255e+01 -3.8302222156e+00 3.6917934111e+00
   endloop
 endfacet
 facet normal  0.0000000000e+00 -1.0000000000e+00 0.0000000000e+00
   outer loop
     vertex 1.3491427449e+01 -3.8302222156e+00 3.6765127606e+00
     vertex 1.3381451255e+01 -3.8302222156e+00 3.6917934111e+00
     vertex 1.3381451255e+01 -3.8302222156e+00 3.6696487738e+00
   endloop
 endfacet
 facet normal  -4.0336192660e-15 -1.0000000000e+00 -0.0000000000e+00
   outer loop
     vertex 1.3381451255e+01 -3.8302222156e+00 3.6696487738e+00
     vertex 1.3381451255e+01 -3.8302222156e+00 3.6917934111e+00
     vertex 1.3271354297e+01 -3.8302222156e+00 3.6651477643e+00
   endloop
 endfacet
 facet normal  -4.0336192660e-15 -1.0000000000e+00 -0.0000000000e+00
   outer loop
     vertex 1.3381451255e+01 -3.8302222156e+00 3.6917934111e+00
     vertex 1.3271354297e+01 -3.8302222156e+00 3.6895429064e+00
     vertex 1.3271354297e+01 -3.8302222156e+00 3.6651477643e+00
   endloop
 endfacet
 facet normal  8.7414316707e-15 -1.0000000000e+00 0.0000000000e+00
   outer loop
     vertex 1.3271354297e+01 -3.8302222156e+00 3.6651477643e+00
     vertex 1.3271354297e+01 -3.8302222156e+00 3.6895429064e+00
     vertex 1.3169748696e+01 -3.8302222156e+00 3.6639789975e+00
   endloop
 endfacet
 facet normal  8.7414316707e-15 -1.0000000000e+00 0.0000000000e+00
   outer loop
     vertex 1.3271354297e+01 -3.8302222156e+00 3.6895429064e+00
     vertex 1.3169748696e+01 -3.8302222156e+00 3.6889585230e+00
     vertex 1.3169748696e+01 -3.8302222156e+00 3.6639789975e+00
   endloop
 endfacet
 facet normal  -5.1100094337e-15 -1.0000000000e+00 -0.0000000000e+00
   outer loop
     vertex 1.3169748696e+01 -3.8302222156e+00 3.6639789975e+00
     vertex 1.3169748696e+01 -3.8302222156e+00 3.6889585230e+00
     vertex 1.3082842945e+01 -3.8302222156e+00 3.6663269140e+00
   endloop
 endfacet
 facet normal  -5.1100094337e-15 -1.0000000000e+00 -0.0000000000e+00
   outer loop
     vertex 1.3169748696e+01 -3.8302222156e+00 3.6889585230e+00
     vertex 1.3082842945e+01 -3.8302222156e+00 3.6901324812e+00
     vertex 1.3082842945e+01 -3.8302222156e+00 3.6663269140e+00
   endloop
 endfacet
 facet normal  -6.3866702312e-15 -1.0000000000e+00 -0.0000000000e+00
   outer loop
     vertex 1.3082842945e+01 -3.8302222156e+00 3.6663269140e+00
     vertex 1.3082842945e+01 -3.8302222156e+00 3.6901324812e+00
     vertex 1.3013309182e+01 -3.8302222156e+00 3.6716485118e+00
   endloop
 endfacet
 facet normal  -6.3866702312e-15 -1.0000000000e+00 -0.0000000000e+00
   outer loop
     vertex 1.3082842945e+01 -3.8302222156e+00 3.6901324812e+00
     vertex 1.3013309182e+01 -3.8302222156e+00 3.6927932801e+00
     vertex 1.3013309182e+01 -3.8302222156e+00 3.6716485118e+00
   endloop
 endfacet
 facet normal  8.4470638478e-15 -1.0000000000e+00 0.0000000000e+00
   outer loop
     vertex 1.3013309182e+01 -3.8302222156e+00 3.6716485118e+00
     vertex 1.3013309182e+01 -3.8302222156e+00 3.6927932801e+00
     vertex 1.2960735979e+01 -3.8302222156e+00 3.6791153847e+00
   endloop
 endfacet
 facet normal  8.4470638478e-15 -1.0000000000e+00 0.0000000000e+00
   outer loop
     vertex 1.3013309182e+01 -3.8302222156e+00 3.6927932801e+00
     vertex 1.2960735979e+01 -3.8302222156e+00 3.6965267166e+00
     vertex 1.2960735979e+01 -3.8302222156e+00 3.6791153847e+00
   endloop
 endfacet
 facet normal  0.0000000000e+00 -1.0000000000e+00 -0.0000000000e+00
   outer loop
     vertex 1.2960735979e+01 -3.8302222156e+00 3.6791153847e+00
     vertex 1.2960735979e+01 -3.8302222156e+00 3.6965267166e+00
     vertex 1.2922960246e+01 -3.8302222156e+00 3.6881610133e+00
   endloop
 endfacet
 facet normal  0.0000000000e+00 -1.0000000000e+00 0.0000000000e+00
   outer loop
     vertex 1.2960735979e+01 -3.8302222156e+00 3.6965267166e+00
     vertex 1.2922960246e+01 -3.8302222156e+00 3.7010495309e+00
     vertex 1.2922960246e+01 -3.8302222156e+00 3.6881610133e+00
   endloop
 endfacet
 facet normal  1.7565285714e-14 -1.0000000000e+00 0.0000000000e+00
   outer loop
     vertex 1.2922960246e+01 -3.8302222156e+00 3.6881610133e+00
     vertex 1.2922960246e+01 -3.8302222156e+00 3.7010495309e+00
     vertex 1.2897678038e+01 -3.8302222156e+00 3.6990884981e+00
   endloop
 endfacet
 facet normal  1.7565285714e-14 -1.0000000000e+00 0.0000000000e+00
   outer loop
     vertex 1.2922960246e+01 -3.8302222156e+00 3.7010495309e+00
     vertex 1.2897678038e+01 -3.8302222156e+00 3.7065132733e+00
     vertex 1.2897678038e+01 -3.8302222156e+00 3.6990884981e+00
   endloop
 endfacet
 facet normal  -4.0642603448e-14 -1.0000000000e+00 -0.0000000000e+00
   outer loop
     vertex 1.2897678038e+01 -3.8302222156e+00 3.6990884981e+00
     vertex 1.2897678038e+01 -3.8302222156e+00 3.7065132733e+00
     vertex 1.2886751346e+01 -3.8302222156e+00 3.7139380484e+00
   endloop
 endfacet
 facet normal  -0.0000000000e+00 -1.0000000000e+00 0.0000000000e+00
   outer loop
     vertex 1.2886751346e+01 -3.8302222156e+00 3.7139380484e+00
     vertex 1.2897678038e+01 -3.8302222156e+00 3.7213628236e+00
     vertex 1.2897678038e+01 -3.8302222156e+00 3.7287875987e+00
   endloop
 endfacet
 facet normal  0.0000000000e+00 -1.0000000000e+00 0.0000000000e+00
   outer loop
     vertex 1.2897678038e+01 -3.8302222156e+00 3.7287875987e+00
     vertex 1.2897678038e+01 -3.8302222156e+00 3.7213628236e+00
     vertex 1.2922960246e+01 -3.8302222156e+00 3.7268265660e+00
   endloop
 endfacet
 facet normal  0.0000000000e+00 -1.0000000000e+00 0.0000000000e+00
   outer loop
     vertex 1.2897678038e+01 -3.8302222156e+00 3.7287875987e+00
     vertex 1.2922960246e+01 -3.8302222156e+00 3.7268265660e+00
     vertex 1.2922960246e+01 -3.8302222156e+00 3.7397150835e+00
   endloop
 endfacet
 facet normal  1.1755939084e-14 -1.0000000000e+00 0.0000000000e+00
   outer loop
     vertex 1.2922960246e+01 -3.8302222156e+00 3.7397150835e+00
     vertex 1.2922960246e+01 -3.8302222156e+00 3.7268265660e+00
     vertex 1.2960735979e+01 -3.8302222156e+00 3.7313493803e+00
   endloop
 endfacet
 facet normal  1.1755939084e-14 -1.0000000000e+00 0.0000000000e+00
   outer loop
     vertex 1.2922960246e+01 -3.8302222156e+00 3.7397150835e+00
     vertex 1.2960735979e+01 -3.8302222156e+00 3.7313493803e+00
     vertex 1.2960735979e+01 -3.8302222156e+00 3.7487607121e+00
   endloop
 endfacet
 facet normal  -8.4470638478e-15 -1.0000000000e+00 0.0000000000e+00
   outer loop
     vertex 1.2960735979e+01 -3.8302222156e+00 3.7487607121e+00
     vertex 1.2960735979e+01 -3.8302222156e+00 3.7313493803e+00
     vertex 1.3013309182e+01 -3.8302222156e+00 3.7350828167e+00
   endloop
 endfacet
 facet normal  -8.4470638478e-15 -1.0000000000e+00 0.0000000000e+00
   outer loop
     vertex 1.2960735979e+01 -3.8302222156e+00 3.7487607121e+00
     vertex 1.3013309182e+01 -3.8302222156e+00 3.7350828167e+00
     vertex 1.3013309182e+01 -3.8302222156e+00 3.7562275850e+00
   endloop
 endfacet
 facet normal  0.0000000000e+00 -1.0000000000e+00 0.0000000000e+00
   outer loop
     vertex 1.3013309182e+01 -3.8302222156e+00 3.7562275850e+00
     vertex 1.3013309182e+01 -3.8302222156e+00 3.7350828167e+00
     vertex 1.3082842945e+01 -3.8302222156e+00 3.7377436157e+00
   endloop
 endfacet
 facet normal  0.0000000000e+00 -1.0000000000e+00 0.0000000000e+00
   outer loop
     vertex 1.3013309182e+01 -3.8302222156e+00 3.7562275850e+00
     vertex 1.3082842945e+01 -3.8302222156e+00 3.7377436157e+00
     vertex 1.3082842945e+01 -3.8302222156e+00 3.7615491829e+00
   endloop
 endfacet
 facet normal  5.1100094337e-15 -1.0000000000e+00 3.8130577285e-28
   outer loop
     vertex 1.3082842945e+01 -3.8302222156e+00 3.7615491829e+00
     vertex 1.3082842945e+01 -3.8302222156e+00 3.7377436157e+00
     vertex 1.3169748696e+01 -3.8302222156e+00 3.7389175739e+00
   endloop
 endfacet
 facet normal  5.1100094337e-15 -1.0000000000e+00 0.0000000000e+00
   outer loop
     vertex 1.3082842945e+01 -3.8302222156e+00 3.7615491829e+00
     vertex 1.3169748696e+01 -3.8302222156e+00 3.7389175739e+00
     vertex 1.3169748696e+01 -3.8302222156e+00 3.7638970994e+00
   endloop
 endfacet
 facet normal  -8.7414316707e-15 -1.0000000000e+00 0.0000000000e+00
   outer loop
     vertex 1.3169748696e+01 -3.8302222156e+00 3.7638970994e+00
     vertex 1.3169748696e+01 -3.8302222156e+00 3.7389175739e+00
     vertex 1.3271354297e+01 -3.8302222156e+00 3.7383331905e+00
   endloop
 endfacet
 facet normal  -8.7414316707e-15 -1.0000000000e+00 0.0000000000e+00
   outer loop
     vertex 1.3169748696e+01 -3.8302222156e+00 3.7638970994e+00
     vertex 1.3271354297e+01 -3.8302222156e+00 3.7383331905e+00
     vertex 1.3271354297e+01 -3.8302222156e+00 3.7627283325e+00
   endloop
 endfacet
 facet normal  4.0336192660e-15 -1.0000000000e+00 0.0000000000e+00
   outer loop
     vertex 1.3271354297e+01 -3.8302222156e+00 3.7627283325e+00
     vertex 1.3271354297e+01 -3.8302222156e+00 3.7383331905e+00
     vertex 1.3381451255e+01 -3.8302222156e+00 3.7360826858e+00
   endloop
 endfacet
 facet normal  4.0336192660e-15 -1.0000000000e+00 0.0000000000e+00
   outer loop
     vertex 1.3271354297e+01 -3.8302222156e+00 3.7627283325e+00
     vertex 1.3381451255e+01 -3.8302222156e+00 3.7360826858e+00
     vertex 1.3381451255e+01 -3.8302222156e+00 3.7582273231e+00
   endloop
 endfacet
 facet normal  -4.0380485385e-15 -1.0000000000e+00 0.0000000000e+00
   outer loop
     vertex 1.3381451255e+01 -3.8302222156e+00 3.7582273231e+00
     vertex 1.3381451255e+01 -3.8302222156e+00 3.7360826858e+00
     vertex 1.3491427449e+01 -3.8302222156e+00 3.7513633363e+00
   endloop
 endfacet
 facet normal  -4.0380485385e-15 -1.0000000000e+00 0.0000000000e+00
   outer loop
     vertex 1.3381451255e+01 -3.8302222156e+00 3.7360826858e+00
     vertex 1.3491427449e+01 -3.8302222156e+00 3.7326506924e+00
     vertex 1.3491427449e+01 -3.8302222156e+00 3.7513633363e+00
   endloop
 endfacet
 facet normal  8.7669766396e-15 -1.0000000000e+00 0.0000000000e+00
   outer loop
     vertex 1.3491427449e+01 -3.8302222156e+00 3.7513633363e+00
     vertex 1.3491427449e+01 -3.8302222156e+00 3.7326506924e+00
     vertex 1.3592736995e+01 -3.8302222156e+00 3.7434741895e+00
   endloop
 endfacet
 facet normal  8.7669766396e-15 -1.0000000000e+00 0.0000000000e+00
   outer loop
     vertex 1.3491427449e+01 -3.8302222156e+00 3.7326506924e+00
     vertex 1.3592736995e+01 -3.8302222156e+00 3.7287061190e+00
     vertex 1.3592736995e+01 -3.8302222156e+00 3.7434741895e+00
   endloop
 endfacet
 facet normal  -5.1280407390e-15 -1.0000000000e+00 0.0000000000e+00
   outer loop
     vertex 1.3592736995e+01 -3.8302222156e+00 3.7434741895e+00
     vertex 1.3592736995e+01 -3.8302222156e+00 3.7287061190e+00
     vertex 1.3679337167e+01 -3.8302222156e+00 3.7357539456e+00
   endloop
 endfacet
 facet normal  -5.1280407390e-15 -1.0000000000e+00 0.0000000000e+00
   outer loop
     vertex 1.3592736995e+01 -3.8302222156e+00 3.7287061190e+00
     vertex 1.3679337167e+01 -3.8302222156e+00 3.7248459970e+00
     vertex 1.3679337167e+01 -3.8302222156e+00 3.7357539456e+00
   endloop
 endfacet
 facet normal  0.0000000000e+00 -1.0000000000e+00 0.0000000000e+00
   outer loop
     vertex 1.3679337167e+01 -3.8302222156e+00 3.7357539456e+00
     vertex 1.3679337167e+01 -3.8302222156e+00 3.7248459970e+00
     vertex 1.3748752698e+01 -3.8302222156e+00 3.7289751382e+00
   endloop
 endfacet
 facet normal  0.0000000000e+00 -1.0000000000e+00 0.0000000000e+00
   outer loop
     vertex 1.3679337167e+01 -3.8302222156e+00 3.7248459970e+00
     vertex 1.3748752698e+01 -3.8302222156e+00 3.7214565933e+00
     vertex 1.3748752698e+01 -3.8302222156e+00 3.7289751382e+00
   endloop
 endfacet
 facet normal  0.0000000000e+00 -1.0000000000e+00 0.0000000000e+00
   outer loop
     vertex 1.3748752698e+01 -3.8302222156e+00 3.7289751382e+00
     vertex 1.3748752698e+01 -3.8302222156e+00 3.7214565933e+00
     vertex 1.3801579670e+01 -3.8302222156e+00 3.7234708353e+00
   endloop
 endfacet
 facet normal  0.0000000000e+00 -1.0000000000e+00 0.0000000000e+00
   outer loop
     vertex 1.3748752698e+01 -3.8302222156e+00 3.7214565933e+00
     vertex 1.3801579670e+01 -3.8302222156e+00 3.7187044419e+00
     vertex 1.3801579670e+01 -3.8302222156e+00 3.7234708353e+00
   endloop
 endfacet
 facet normal  0.0000000000e+00 -1.0000000000e+00 0.0000000000e+00
   outer loop
     vertex 1.3801579670e+01 -3.8302222156e+00 3.7234708353e+00
     vertex 1.3801579670e+01 -3.8302222156e+00 3.7187044419e+00
     vertex 1.3840215730e+01 -3.8302222156e+00 3.7192504321e+00
   endloop
 endfacet
 facet normal  0.0000000000e+00 -1.0000000000e+00 0.0000000000e+00
   outer loop
     vertex 1.3801579670e+01 -3.8302222156e+00 3.7187044419e+00
     vertex 1.3840215730e+01 -3.8302222156e+00 3.7165942403e+00
     vertex 1.3840215730e+01 -3.8302222156e+00 3.7192504321e+00
   endloop
 endfacet
 facet normal  1.6181826366e-14 -1.0000000000e+00 -1.0821770309e-26
   outer loop
     vertex 1.3840215730e+01 -3.8302222156e+00 3.7192504321e+00
     vertex 1.3840215730e+01 -3.8302222156e+00 3.7165942403e+00
     vertex 1.3867659431e+01 -3.8302222156e+00 3.7161484942e+00
   endloop
 endfacet
 facet normal  1.6181826366e-14 -1.0000000000e+00 0.0000000000e+00
   outer loop
     vertex 1.3840215730e+01 -3.8302222156e+00 3.7165942403e+00
     vertex 1.3867659431e+01 -3.8302222156e+00 3.7150432713e+00
     vertex 1.3867659431e+01 -3.8302222156e+00 3.7161484942e+00
   endloop
 endfacet
 facet normal  -2.3260590809e-14 -1.0000000000e+00 0.0000000000e+00
   outer loop
     vertex 1.3867659431e+01 -3.8302222156e+00 3.7161484942e+00
     vertex 1.3867659431e+01 -3.8302222156e+00 3.7150432713e+00
     vertex 1.3886751346e+01 -3.8302222156e+00 3.7139380484e+00
   endloop
 endfacet
 facet normal  0.0000000000e+00 -1.0000000000e+00 0.0000000000e+00
   outer loop
     vertex 1.3886751346e+01 -3.8302222156e+00 3.7139380484e+00
     vertex 1.3867659431e+01 -3.8302222156e+00 3.7139380484e+00
     vertex 1.3867659431e+01 -3.8302222156e+00 3.7128328256e+00
   endloop
 endfacet
 facet normal  -1.6181826366e-14 -1.0000000000e+00 -0.0000000000e+00
   outer loop
     vertex 1.3867659431e+01 -3.8302222156e+00 3.7128328256e+00
     vertex 1.3867659431e+01 -3.8302222156e+00 3.7139380484e+00
     vertex 1.3840215730e+01 -3.8302222156e+00 3.7139380484e+00
   endloop
 endfacet
 facet normal  -1.6181826366e-14 -1.0000000000e+00 1.0821770309e-26
   outer loop
     vertex 1.3867659431e+01 -3.8302222156e+00 3.7128328256e+00
     vertex 1.3840215730e+01 -3.8302222156e+00 3.7139380484e+00
     vertex 1.3840215730e+01 -3.8302222156e+00 3.7112818566e+00
   endloop
 endfacet
 facet normal  1.1494163910e-14 -1.0000000000e+00 -7.6868456574e-27
   outer loop
     vertex 1.3840215730e+01 -3.8302222156e+00 3.7112818566e+00
     vertex 1.3840215730e+01 -3.8302222156e+00 3.7139380484e+00
     vertex 1.3801579670e+01 -3.8302222156e+00 3.7139380484e+00
   endloop
 endfacet
 facet normal  1.1494163910e-14 -1.0000000000e+00 0.0000000000e+00
   outer loop
     vertex 1.3840215730e+01 -3.8302222156e+00 3.7112818566e+00
     vertex 1.3801579670e+01 -3.8302222156e+00 3.7139380484e+00
     vertex 1.3801579670e+01 -3.8302222156e+00 3.7091716550e+00
   endloop
 endfacet
 facet normal  8.4064862645e-15 -1.0000000000e+00 0.0000000000e+00
   outer loop
     vertex 1.3801579670e+01 -3.8302222156e+00 3.7091716550e+00
     vertex 1.3801579670e+01 -3.8302222156e+00 3.7139380484e+00
     vertex 1.3748752698e+01 -3.8302222156e+00 3.7139380484e+00
   endloop
 endfacet
 facet normal  8.4064862645e-15 -1.0000000000e+00 0.0000000000e+00
   outer loop
     vertex 1.3801579670e+01 -3.8302222156e+00 3.7091716550e+00
     vertex 1.3748752698e+01 -3.8302222156e+00 3.7139380484e+00
     vertex 1.3748752698e+01 -3.8302222156e+00 3.7064195035e+00
   endloop
 endfacet
 facet normal  -1.2795096412e-14 -1.0000000000e+00 -0.0000000000e+00
   outer loop
     vertex 1.3748752698e+01 -3.8302222156e+00 3.7064195035e+00
     vertex 1.3748752698e+01 -3.8302222156e+00 3.7139380484e+00
     vertex 1.3679337167e+01 -3.8302222156e+00 3.7139380484e+00
   endloop
 endfacet
 facet normal  -1.2795096412e-14 -1.0000000000e+00 -0.0000000000e+00
   outer loop
     vertex 1.3748752698e+01 -3.8302222156e+00 3.7064195035e+00
     vertex 1.3679337167e+01 -3.8302222156e+00 3.7139380484e+00
     vertex 1.3679337167e+01 -3.8302222156e+00 3.7030300998e+00
   endloop
 endfacet
 facet normal  1.0256081478e-14 -1.0000000000e+00 0.0000000000e+00
   outer loop
     vertex 1.3679337167e+01 -3.8302222156e+00 3.7030300998e+00
     vertex 1.3679337167e+01 -3.8302222156e+00 3.7139380484e+00
     vertex 1.3592736995e+01 -3.8302222156e+00 3.7139380484e+00
   endloop
 endfacet
 facet normal  1.0256081478e-14 -1.0000000000e+00 0.0000000000e+00
   outer loop
     vertex 1.3679337167e+01 -3.8302222156e+00 3.7030300998e+00
     vertex 1.3592736995e+01 -3.8302222156e+00 3.7139380484e+00
     vertex 1.3592736995e+01 -3.8302222156e+00 3.6991699779e+00
   endloop
 endfacet
 facet normal  -4.3834883198e-15 -1.0000000000e+00 -0.0000000000e+00
   outer loop
     vertex 1.3592736995e+01 -3.8302222156e+00 3.6991699779e+00
     vertex 1.3592736995e+01 -3.8302222156e+00 3.7139380484e+00
     vertex 1.3491427449e+01 -3.8302222156e+00 3.7139380484e+00
   endloop
 endfacet
 facet normal  -4.3834883198e-15 -1.0000000000e+00 -0.0000000000e+00
   outer loop
     vertex 1.3592736995e+01 -3.8302222156e+00 3.6991699779e+00
     vertex 1.3491427449e+01 -3.8302222156e+00 3.7139380484e+00
     vertex 1.3491427449e+01 -3.8302222156e+00 3.6952254045e+00
   endloop
 endfacet
 facet normal  -0.0000000000e+00 -1.0000000000e+00 -0.0000000000e+00
   outer loop
     vertex 1.3491427449e+01 -3.8302222156e+00 3.6952254045e+00
     vertex 1.3491427449e+01 -3.8302222156e+00 3.7139380484e+00
     vertex 1.3381451255e+01 -3.8302222156e+00 3.7139380484e+00
   endloop
 endfacet
 facet normal  0.0000000000e+00 -1.0000000000e+00 0.0000000000e+00
   outer loop
     vertex 1.3491427449e+01 -3.8302222156e+00 3.6952254045e+00
     vertex 1.3381451255e+01 -3.8302222156e+00 3.7139380484e+00
     vertex 1.3381451255e+01 -3.8302222156e+00 3.6917934111e+00
   endloop
 endfacet
 facet normal  -4.0336192660e-15 -1.0000000000e+00 -0.0000000000e+00
   outer loop
     vertex 1.3381451255e+01 -3.8302222156e+00 3.6917934111e+00
     vertex 1.3381451255e+01 -3.8302222156e+00 3.7139380484e+00
     vertex 1.3271354297e+01 -3.8302222156e+00 3.6895429064e+00
   endloop
 endfacet
 facet normal  -4.0336192660e-15 -1.0000000000e+00 -0.0000000000e+00
   outer loop
     vertex 1.3381451255e+01 -3.8302222156e+00 3.7139380484e+00
     vertex 1.3271354297e+01 -3.8302222156e+00 3.7139380484e+00
     vertex 1.3271354297e+01 -3.8302222156e+00 3.6895429064e+00
   endloop
 endfacet
 facet normal  8.7414316707e-15 -1.0000000000e+00 0.0000000000e+00
   outer loop
     vertex 1.3271354297e+01 -3.8302222156e+00 3.6895429064e+00
     vertex 1.3271354297e+01 -3.8302222156e+00 3.7139380484e+00
     vertex 1.3169748696e+01 -3.8302222156e+00 3.6889585230e+00
   endloop
 endfacet
 facet normal  8.7414316707e-15 -1.0000000000e+00 0.0000000000e+00
   outer loop
     vertex 1.3271354297e+01 -3.8302222156e+00 3.7139380484e+00
     vertex 1.3169748696e+01 -3.8302222156e+00 3.7139380484e+00
     vertex 1.3169748696e+01 -3.8302222156e+00 3.6889585230e+00
   endloop
 endfacet
 facet normal  -5.1100094337e-15 -1.0000000000e+00 -0.0000000000e+00
   outer loop
     vertex 1.3169748696e+01 -3.8302222156e+00 3.6889585230e+00
     vertex 1.3169748696e+01 -3.8302222156e+00 3.7139380484e+00
     vertex 1.3082842945e+01 -3.8302222156e+00 3.6901324812e+00
   endloop
 endfacet
 facet normal  -5.1100094337e-15 -1.0000000000e+00 -0.0000000000e+00
   outer loop
     vertex 1.3169748696e+01 -3.8302222156e+00 3.7139380484e+00
     vertex 1.3082842945e+01 -3.8302222156e+00 3.7139380484e+00
     vertex 1.3082842945e+01 -3.8302222156e+00 3.6901324812e+00
   endloop
 endfacet
 facet normal  -6.3866702312e-15 -1.0000000000e+00 -0.0000000000e+00
   outer loop
     vertex 1.3082842945e+01 -3.8302222156e+00 3.6901324812e+00
     vertex 1.3082842945e+01 -3.8302222156e+00 3.7139380484e+00
     vertex 1.3013309182e+01 -3.8302222156e+00 3.6927932801e+00
   endloop
 endfacet
 facet normal  -6.3866702312e-15 -1.0000000000e+00 -0.0000000000e+00
   outer loop
     vertex 1.3082842945e+01 -3.8302222156e+00 3.7139380484e+00
     vertex 1.3013309182e+01 -3.8302222156e+00 3.7139380484e+00
     vertex 1.3013309182e+01 -3.8302222156e+00 3.6927932801e+00
   endloop
 endfacet
 facet normal  8.4470638478e-15 -1.0000000000e+00 0.0000000000e+00
   outer loop
     vertex 1.3013309182e+01 -3.8302222156e+00 3.6927932801e+00
     vertex 1.3013309182e+01 -3.8302222156e+00 3.7139380484e+00
     vertex 1.2960735979e+01 -3.8302222156e+00 3.6965267166e+00
   endloop
 endfacet
 facet normal  8.4470638478e-15 -1.0000000000e+00 0.0000000000e+00
   outer loop
     vertex 1.3013309182e+01 -3.8302222156e+00 3.7139380484e+00
     vertex 1.2960735979e+01 -3.8302222156e+00 3.7139380484e+00
     vertex 1.2960735979e+01 -3.8302222156e+00 3.6965267166e+00
   endloop
 endfacet
 facet normal  0.0000000000e+00 -1.0000000000e+00 -0.0000000000e+00
   outer loop
     vertex 1.2960735979e+01 -3.8302222156e+00 3.6965267166e+00
     vertex 1.2960735979e+01 -3.8302222156e+00 3.7139380484e+00
     vertex 1.2922960246e+01 -3.8302222156e+00 3.7010495309e+00
   endloop
 endfacet
 facet normal  0.0000000000e+00 -1.0000000000e+00 0.0000000000e+00
   outer loop
     vertex 1.2960735979e+01 -3.8302222156e+00 3.7139380484e+00
     vertex 1.2922960246e+01 -3.8302222156e+00 3.7139380484e+00
     vertex 1.2922960246e+01 -3.8302222156e+00 3.7010495309e+00
   endloop
 endfacet
 facet normal  1.7565285714e-14 -1.0000000000e+00 0.0000000000e+00
   outer loop
     vertex 1.2922960246e+01 -3.8302222156e+00 3.7010495309e+00
     vertex 1.2922960246e+01 -3.8302222156e+00 3.7139380484e+00
     vertex 1.2897678038e+01 -3.8302222156e+00 3.7065132733e+00
   endloop
 endfacet
 facet normal  1.7565285714e-14 -1.0000000000e+00 0.0000000000e+00
   outer loop
     vertex 1.2922960246e+01 -3.8302222156e+00 3.7139380484e+00
     vertex 1.2897678038e+01 -3.8302222156e+00 3.7139380484e+00
     vertex 1.2897678038e+01 -3.8302222156e+00 3.7065132733e+00
   endloop
 endfacet
 facet normal  -4.0642603448e-14 -1.0000000000e+00 -0.0000000000e+00
   outer loop
     vertex 1.2897678038e+01 -3.8302222156e+00 3.7065132733e+00
     vertex 1.2897678038e+01 -3.8302222156e+00 3.7139380484e+00
     vertex 1.2886751346e+01 -3.8302222156e+00 3.7139380484e+00
   endloop
 endfacet
 facet normal  0.0000000000e+00 -1.0000000000e+00 0.0000000000e+00
   outer loop
     vertex 1.2886751346e+01 -3.8302222156e+00 3.7139380484e+00
     vertex 1.2897678038e+01 -3.8302222156e+00 3.7139380484e+00
     vertex 1.2897678038e+01 -3.8302222156e+00 3.7213628236e+00
   endloop
 endfacet
 facet normal  0.0000000000e+00 -1.0000000000e+00 0.0000000000e+00
   outer loop
     vertex 1.2897678038e+01 -3.8302222156e+00 3.7213628236e+00
     vertex 1.2897678038e+01 -3.8302222156e+00 3.7139380484e+00
     vertex 1.2922960246e+01 -3.8302222156e+00 3.7139380484e+00
   endloop
 endfacet
 facet normal  0.0000000000e+00 -1.0000000000e+00 0.0000000000e+00
   outer loop
     vertex 1.2897678038e+01 -3.8302222156e+00 3.7213628236e+00
     vertex 1.2922960246e+01 -3.8302222156e+00 3.7139380484e+00
     vertex 1.2922960246e+01 -3.8302222156e+00 3.7268265660e+00
   endloop
 endfacet
 facet normal  1.1755939084e-14 -1.0000000000e+00 0.0000000000e+00
   outer loop
     vertex 1.2922960246e+01 -3.8302222156e+00 3.7268265660e+00
     vertex 1.2922960246e+01 -3.8302222156e+00 3.7139380484e+00
     vertex 1.2960735979e+01 -3.8302222156e+00 3.7139380484e+00
   endloop
 endfacet
 facet normal  1.1755939084e-14 -1.0000000000e+00 1.1993765307e-27
   outer loop
     vertex 1.2922960246e+01 -3.8302222156e+00 3.7268265660e+00
     vertex 1.2960735979e+01 -3.8302222156e+00 3.7139380484e+00
     vertex 1.2960735979e+01 -3.8302222156e+00 3.7313493803e+00
   endloop
 endfacet
 facet normal  -8.4470638478e-15 -1.0000000000e+00 -8.6179505183e-28
   outer loop
     vertex 1.2960735979e+01 -3.8302222156e+00 3.7313493803e+00
     vertex 1.2960735979e+01 -3.8302222156e+00 3.7139380484e+00
     vertex 1.3013309182e+01 -3.8302222156e+00 3.7139380484e+00
   endloop
 endfacet
 facet normal  -8.4470638478e-15 -1.0000000000e+00 0.0000000000e+00
   outer loop
     vertex 1.2960735979e+01 -3.8302222156e+00 3.7313493803e+00
     vertex 1.3013309182e+01 -3.8302222156e+00 3.7139380484e+00
     vertex 1.3013309182e+01 -3.8302222156e+00 3.7350828167e+00
   endloop
 endfacet
 facet normal  0.0000000000e+00 -1.0000000000e+00 0.0000000000e+00
   outer loop
     vertex 1.3013309182e+01 -3.8302222156e+00 3.7350828167e+00
     vertex 1.3013309182e+01 -3.8302222156e+00 3.7139380484e+00
     vertex 1.3082842945e+01 -3.8302222156e+00 3.7139380484e+00
   endloop
 endfacet
 facet normal  0.0000000000e+00 -1.0000000000e+00 0.0000000000e+00
   outer loop
     vertex 1.3013309182e+01 -3.8302222156e+00 3.7350828167e+00
     vertex 1.3082842945e+01 -3.8302222156e+00 3.7139380484e+00
     vertex 1.3082842945e+01 -3.8302222156e+00 3.7377436157e+00
   endloop
 endfacet
 facet normal  5.1100094337e-15 -1.0000000000e+00 0.0000000000e+00
   outer loop
     vertex 1.3082842945e+01 -3.8302222156e+00 3.7377436157e+00
     vertex 1.3082842945e+01 -3.8302222156e+00 3.7139380484e+00
     vertex 1.3169748696e+01 -3.8302222156e+00 3.7139380484e+00
   endloop
 endfacet
 facet normal  5.1100094337e-15 -1.0000000000e+00 0.0000000000e+00
   outer loop
     vertex 1.3082842945e+01 -3.8302222156e+00 3.7377436157e+00
     vertex 1.3169748696e+01 -3.8302222156e+00 3.7139380484e+00
     vertex 1.3169748696e+01 -3.8302222156e+00 3.7389175739e+00
   endloop
 endfacet
 facet normal  -8.7414316707e-15 -1.0000000000e+00 0.0000000000e+00
   outer loop
     vertex 1.3169748696e+01 -3.8302222156e+00 3.7389175739e+00
     vertex 1.3169748696e+01 -3.8302222156e+00 3.7139380484e+00
     vertex 1.3271354297e+01 -3.8302222156e+00 3.7139380484e+00
   endloop
 endfacet
 facet normal  -8.7414316707e-15 -1.0000000000e+00 0.0000000000e+00
   outer loop
     vertex 1.3169748696e+01 -3.8302222156e+00 3.7389175739e+00
     vertex 1.3271354297e+01 -3.8302222156e+00 3.7139380484e+00
     vertex 1.3271354297e+01 -3.8302222156e+00 3.7383331905e+00
   endloop
 endfacet
 facet normal  4.0336192660e-15 -1.0000000000e+00 0.0000000000e+00
   outer loop
     vertex 1.3271354297e+01 -3.8302222156e+00 3.7383331905e+00
     vertex 1.3271354297e+01 -3.8302222156e+00 3.7139380484e+00
     vertex 1.3381451255e+01 -3.8302222156e+00 3.7139380484e+00
   endloop
 endfacet
 facet normal  4.0336192660e-15 -1.0000000000e+00 0.0000000000e+00
   outer loop
     vertex 1.3271354297e+01 -3.8302222156e+00 3.7383331905e+00
     vertex 1.3381451255e+01 -3.8302222156e+00 3.7139380484e+00
     vertex 1.3381451255e+01 -3.8302222156e+00 3.7360826858e+00
   endloop
 endfacet
 facet normal  -4.0380485385e-15 -1.0000000000e+00 0.0000000000e+00
   outer loop
     vertex 1.3381451255e+01 -3.8302222156e+00 3.7360826858e+00
     vertex 1.3381451255e+01 -3.8302222156e+00 3.7139380484e+00
     vertex 1.3491427449e+01 -3.8302222156e+00 3.7326506924e+00
   endloop
 endfacet
 facet normal  -4.0380485385e-15 -1.0000000000e+00 0.0000000000e+00
   outer loop
     vertex 1.3381451255e+01 -3.8302222156e+00 3.7139380484e+00
     vertex 1.3491427449e+01 -3.8302222156e+00 3.7139380484e+00
     vertex 1.3491427449e+01 -3.8302222156e+00 3.7326506924e+00
   endloop
 endfacet
 facet normal  8.7669766396e-15 -1.0000000000e+00 0.0000000000e+00
   outer loop
     vertex 1.3491427449e+01 -3.8302222156e+00 3.7326506924e+00
     vertex 1.3491427449e+01 -3.8302222156e+00 3.7139380484e+00
     vertex 1.3592736995e+01 -3.8302222156e+00 3.7287061190e+00
   endloop
 endfacet
 facet normal  8.7669766396e-15 -1.0000000000e+00 0.0000000000e+00
   outer loop
     vertex 1.3491427449e+01 -3.8302222156e+00 3.7139380484e+00
     vertex 1.3592736995e+01 -3.8302222156e+00 3.7139380484e+00
     vertex 1.3592736995e+01 -3.8302222156e+00 3.7287061190e+00
   endloop
 endfacet
 facet normal  -5.1280407390e-15 -1.0000000000e+00 0.0000000000e+00
   outer loop
     vertex 1.3592736995e+01 -3.8302222156e+00 3.7287061190e+00
     vertex 1.3592736995e+01 -3.8302222156e+00 3.7139380484e+00
     vertex 1.3679337167e+01 -3.8302222156e+00 3.7248459970e+00
   endloop
 endfacet
 facet normal  -5.1280407390e-15 -1.0000000000e+00 0.0000000000e+00
   outer loop
     vertex 1.3592736995e+01 -3.8302222156e+00 3.7139380484e+00
     vertex 1.3679337167e+01 -3.8302222156e+00 3.7139380484e+00
     vertex 1.3679337167e+01 -3.8302222156e+00 3.7248459970e+00
   endloop
 endfacet
 facet normal  0.0000000000e+00 -1.0000000000e+00 0.0000000000e+00
   outer loop
     vertex 1.3679337167e+01 -3.8302222156e+00 3.7248459970e+00
     vertex 1.3679337167e+01 -3.8302222156e+00 3.7139380484e+00
     vertex 1.3748752698e+01 -3.8302222156e+00 3.7214565933e+00
   endloop
 endfacet
 facet normal  0.0000000000e+00 -1.0000000000e+00 0.0000000000e+00
   outer loop
     vertex 1.3679337167e+01 -3.8302222156e+00 3.7139380484e+00
     vertex 1.3748752698e+01 -3.8302222156e+00 3.7139380484e+00
     vertex 1.3748752698e+01 -3.8302222156e+00 3.7214565933e+00
   endloop
 endfacet
 facet normal  0.0000000000e+00 -1.0000000000e+00 0.0000000000e+00
   outer loop
     vertex 1.3748752698e+01 -3.8302222156e+00 3.7214565933e+00
     vertex 1.3748752698e+01 -3.8302222156e+00 3.7139380484e+00
     vertex 1.3801579670e+01 -3.8302222156e+00 3.7187044419e+00
   endloop
 endfacet
 facet normal  0.0000000000e+00 -1.0000000000e+00 0.0000000000e+00
   outer loop
     vertex 1.3748752698e+01 -3.8302222156e+00 3.7139380484e+00
     vertex 1.3801579670e+01 -3.8302222156e+00 3.7139380484e+00
     vertex 1.3801579670e+01 -3.8302222156e+00 3.7187044419e+00
   endloop
 endfacet
 facet normal  0.0000000000e+00 -1.0000000000e+00 0.0000000000e+00
   outer loop
     vertex 1.3801579670e+01 -3.8302222156e+00 3.7187044419e+00
     vertex 1.3801579670e+01 -3.8302222156e+00 3.7139380484e+00
     vertex 1.3840215730e+01 -3.8302222156e+00 3.7165942403e+00
   endloop
 endfacet
 facet normal  -0.0000000000e+00 -1.0000000000e+00 0.0000000000e+00
   outer loop
     vertex 1.3801579670e+01 -3.8302222156e+00 3.7139380484e+00
     vertex 1.3840215730e+01 -3.8302222156e+00 3.7139380484e+00
     vertex 1.3840215730e+01 -3.8302222156e+00 3.7165942403e+00
   endloop
 endfacet
 facet normal  1.6181826366e-14 -1.0000000000e+00 -1.0821770309e-26
   outer loop
     vertex 1.3840215730e+01 -3.8302222156e+00 3.7165942403e+00
     vertex 1.3840215730e+01 -3.8302222156e+00 3.7139380484e+00
     vertex 1.3867659431e+01 -3.8302222156e+00 3.7150432713e+00
   endloop
 endfacet
 facet normal  1.6181826366e-14 -1.0000000000e+00 0.0000000000e+00
   outer loop
     vertex 1.3840215730e+01 -3.8302222156e+00 3.7139380484e+00
     vertex 1.3867659431e+01 -3.8302222156e+00 3.7139380484e+00
     vertex 1.3867659431e+01 -3.8302222156e+00 3.7150432713e+00
   endloop
 endfacet
 facet normal  -2.3260590809e-14 -1.0000000000e+00 0.0000000000e+00
   outer loop
     vertex 1.3867659431e+01 -3.8302222156e+00 3.7150432713e+00
     vertex 1.3867659431e+01 -3.8302222156e+00 3.7139380484e+00
     vertex 1.3886751346e+01 -3.8302222156e+00 3.7139380484e+00
   endloop
 endfacet
 facet normal  -9.0620208078e-01 1.6190819579e-01 3.9061941187e-01
   outer loop
     vertex 8.5000000000e+00 0.0000000000e+00 2.0000000000e+00
     vertex 8.5817558299e+00 0.0000000000e+00 2.1896662094e+00
     vertex 8.5817558299e+00 1.3408796619e-01 2.1340879662e+00
   endloop
 endfacet
 facet normal  -9.0620208078e-01 3.9061941187e-01 1.6190819579e-01
   outer loop
     vertex 8.5000000000e+00 0.0000000000e+00 2.0000000000e+00
     vertex 8.5817558299e+00 1.3408796619e-01 2.1340879662e+00
     vertex 8.5817558299e+00 1.8966620942e-01 2.0000000000e+00
   endloop
 endfacet
 facet normal  -9.0620208078e-01 3.9061941187e-01 -1.6190819579e-01
   outer loop
     vertex 8.5817558299e+00 1.8966620942e-01 2.0000000000e+00
     vertex 8.5817558299e+00 1.3408796619e-01 1.8659120338e+00
     vertex 8.5000000000e+00 0.0000000000e+00 2.0000000000e+00
   endloop
 endfacet
 facet normal  -9.0620208078e-01 1.6190819579e-01 -3.9061941187e-01
   outer loop
     vertex 8.5817558299e+00 1.3408796619e-01 1.8659120338e+00
     vertex 8.5817558299e+00 0.0000000000e+00 1.8103337906e+00
     vertex 8.5000000000e+00 0.0000000000e+00 2.0000000000e+00
   endloop
 endfacet
 facet normal  -9.0620208078e-01 -1.6190819579e-01 -3.9061941187e-01
   outer loop
     vertex 8.5000000000e+00 0.0000000000e+00 2.0000000000e+00
     vertex 8.5817558299e+00 0.0000000000e+00 1.8103337906e+00
     vertex 8.5817558299e+00 -1.3408796619e-01 1.8659120338e+00
   endloop
 endfacet
 facet normal  -9.0620208078e-01 -3.9061941187e-01 -1.6190819579e-01
   outer loop
     vertex 8.5000000000e+00 0.0000000000e+00 2.0000000000e+00
     vertex 8.5817558299e+00 -1.3408796619e-01 1.8659120338e+00
     vertex 8.5817558299e+00 -1.8966620942e-01 2.0000000000e+00
   endloop
 endfacet
 facet normal  -9.0620208078e-01 -3.9061941187e-01 1.6190819579e-01
   outer loop
     vertex 8.5817558299e+00 -1.8966620942e-01 2.0000000000e+00
     vertex 8.5817558299e+00 -1.3408796619e-01 2.1340879662e+00
     vertex 8.5000000000e+00 0.0000000000e+00 2.0000000000e+00
   endloop
 endfacet
 facet normal  -9.0620208078e-01 -1.6190819579e-01 3.9061941187e-01
   outer loop
     vertex 8.5817558299e+00 -1.3408796619e-01 2.1340879662e+00
     vertex 8.5817558299e+00 0.0000000000e+00 2.1896662094e+00
     vertex 8.5000000000e+00 0.0000000000e+00 2.0000000000e+00
   endloop
 endfacet
 facet normal  -7.7465916302e-01 2.4213924891e-01 5.8418470134e-01
   outer loop
     vertex 8.5817558299e+00 0.0000000000e+00 2.1896662094e+00
     vertex 8.6947873800e+00 0.0000000000e+00 2.3395518976e+00
     vertex 8.6947873800e+00 2.4005237149e-01 2.2400523715e+00
   endloop
 endfacet
 facet normal  -7.7465916302e-01 2.4213924891e-01 5.8418470134e-01
   outer loop
     vertex 8.5817558299e+00 0.0000000000e+00 2.1896662094e+00
     vertex 8.6947873800e+00 2.4005237149e-01 2.2400523715e+00
     vertex 8.5817558299e+00 1.3408796619e-01 2.1340879662e+00
   endloop
 endfacet
 facet normal  -7.7465916302e-01 5.8418470134e-01 2.4213924891e-01
   outer loop
     vertex 8.5817558299e+00 1.3408796619e-01 2.1340879662e+00
     vertex 8.6947873800e+00 2.4005237149e-01 2.2400523715e+00
     vertex 8.6947873800e+00 3.3955189758e-01 2.0000000000e+00
   endloop
 endfacet
 facet normal  -7.7465916302e-01 5.8418470134e-01 2.4213924891e-01
   outer loop
     vertex 8.5817558299e+00 1.3408796619e-01 2.1340879662e+00
     vertex 8.6947873800e+00 3.3955189758e-01 2.0000000000e+00
     vertex 8.5817558299e+00 1.8966620942e-01 2.0000000000e+00
   endloop
 endfacet
 facet normal  -7.7465916302e-01 5.8418470134e-01 -2.4213924891e-01
   outer loop
     vertex 8.5817558299e+00 1.8966620942e-01 2.0000000000e+00
     vertex 8.6947873800e+00 3.3955189758e-01 2.0000000000e+00
     vertex 8.5817558299e+00 1.3408796619e-01 1.8659120338e+00
   endloop
 endfacet
 facet normal  -7.7465916302e-01 5.8418470134e-01 -2.4213924891e-01
   outer loop
     vertex 8.6947873800e+00 3.3955189758e-01 2.0000000000e+00
     vertex 8.6947873800e+00 2.4005237149e-01 1.7599476285e+00
     vertex 8.5817558299e+00 1.3408796619e-01 1.8659120338e+00
   endloop
 endfacet
 facet normal  -7.7465916302e-01 2.4213924891e-01 -5.8418470134e-01
   outer loop
     vertex 8.5817558299e+00 1.3408796619e-01 1.8659120338e+00
     vertex 8.6947873800e+00 2.4005237149e-01 1.7599476285e+00
     vertex 8.5817558299e+00 0.0000000000e+00 1.8103337906e+00
   endloop
 endfacet
 facet normal  -7.7465916302e-01 2.4213924891e-01 -5.8418470134e-01
   outer loop
     vertex 8.6947873800e+00 2.4005237149e-01 1.7599476285e+00
     vertex 8.6947873800e+00 0.0000000000e+00 1.6604481024e+00
     vertex 8.5817558299e+00 0.0000000000e+00 1.8103337906e+00
   endloop
 endfacet
 facet normal  -7.7465916302e-01 -2.4213924891e-01 -5.8418470134e-01
   outer loop
     vertex 8.5817558299e+00 0.0000000000e+00 1.8103337906e+00
     vertex 8.6947873800e+00 0.0000000000e+00 1.6604481024e+00
     vertex 8.6947873800e+00 -2.4005237149e-01 1.7599476285e+00
   endloop
 endfacet
 facet normal  -7.7465916302e-01 -2.4213924891e-01 -5.8418470134e-01
   outer loop
     vertex 8.5817558299e+00 0.0000000000e+00 1.8103337906e+00
     vertex 8.6947873800e+00 -2.4005237149e-01 1.7599476285e+00
     vertex 8.5817558299e+00 -1.3408796619e-01 1.8659120338e+00
   endloop
 endfacet
 facet normal  -7.7465916302e-01 -5.8418470134e-01 -2.4213924891e-01
   outer loop
     vertex 8.5817558299e+00 -1.3408796619e-01 1.8659120338e+00
     vertex 8.6947873800e+00 -2.4005237149e-01 1.7599476285e+00
     vertex 8.6947873800e+00 -3.3955189758e-01 2.0000000000e+00
   endloop
 endfacet
 facet normal  -7.7465916302e-01 -5.8418470134e-01 -2.4213924891e-01
   outer loop
     vertex 8.5817558299e+00 -1.3408796619e-01 1.8659120338e+00
     vertex 8.6947873800e+00 -3.3955189758e-01 2.0000000000e+00
     vertex 8.5817558299e+00 -1.8966620942e-01 2.0000000000e+00
   endloop
 endfacet
 facet normal  -7.7465916302e-01 -5.8418470134e-01 2.4213924891e-01
   outer loop
     vertex 8.5817558299e+00 -1.8966620942e-01 2.0000000000e+00
     vertex 8.6947873800e+00 -3.3955189758e-01 2.0000000000e+00
     vertex 8.5817558299e+00 -1.3408796619e-01 2.1340879662e+00
   endloop
 endfacet
 facet normal  -7.7465916302e-01 -5.8418470134e-01 2.4213924891e-01
   outer loop
     vertex 8.6947873800e+00 -3.3955189758e-01 2.0000000000e+00
     vertex 8.6947873800e+00 -2.4005237149e-01 2.2400523715e+00
     vertex 8.5817558299e+00 -1.3408796619e-01 2.1340879662e+00
   endloop
 endfacet
 facet normal  -7.7465916302e-01 -2.4213924891e-01 5.8418470134e-01
   outer loop
     vertex 8.5817558299e+00 -1.3408796619e-01 2.1340879662e+00
     vertex 8.6947873800e+00 -2.4005237149e-01 2.2400523715e+00
     vertex 8.5817558299e+00 0.0000000000e+00 2.1896662094e+00
   endloop
 endfacet
 facet normal  -7.7465916302e-01 -2.4213924891e-01 5.8418470134e-01
   outer loop
     vertex 8.6947873800e+00 -2.4005237149e-01 2.2400523715e+00
     vertex 8.6947873800e+00 0.0000000000e+00 2.3395518976e+00
     vertex 8.5817558299e+00 0.0000000000e+00 2.1896662094e+00
   endloop
 endfacet
 facet normal  -5.8771664299e-01 3.0979340061e-01 7.4740698184e-01
   outer loop
     vertex 8.6947873800e+00 0.0000000000e+00 2.3395518976e+00
     vertex 8.8407407407e+00 0.0000000000e+00 2.4543209877e+00
     vertex 8.8407407407e+00 3.2119046096e-01 2.3211904610e+00
   endloop
 endfacet
 facet normal  -5.8771664299e-01 3.0979340061e-01 7.4740698184e-01
   outer loop
     vertex 8.6947873800e+00 0.0000000000e+00 2.3395518976e+00
     vertex 8.8407407407e+00 3.2119046096e-01 2.3211904610e+00
     vertex 8.6947873800e+00 2.4005237149e-01 2.2400523715e+00
   endloop
 endfacet
 facet normal  -5.8771664299e-01 7.4740698184e-01 3.0979340061e-01
   outer loop
     vertex 8.6947873800e+00 2.4005237149e-01 2.2400523715e+00
     vertex 8.8407407407e+00 3.2119046096e-01 2.3211904610e+00
     vertex 8.8407407407e+00 4.5432098765e-01 2.0000000000e+00
   endloop
 endfacet
 facet normal  -5.8771664299e-01 7.4740698184e-01 3.0979340061e-01
   outer loop
     vertex 8.6947873800e+00 2.4005237149e-01 2.2400523715e+00
     vertex 8.8407407407e+00 4.5432098765e-01 2.0000000000e+00
     vertex 8.6947873800e+00 3.3955189758e-01 2.0000000000e+00
   endloop
 endfacet
 facet normal  -5.8771664299e-01 7.4740698184e-01 -3.0979340061e-01
   outer loop
     vertex 8.6947873800e+00 3.3955189758e-01 2.0000000000e+00
     vertex 8.8407407407e+00 4.5432098765e-01 2.0000000000e+00
     vertex 8.6947873800e+00 2.4005237149e-01 1.7599476285e+00
   endloop
 endfacet
 facet normal  -5.8771664299e-01 7.4740698184e-01 -3.0979340061e-01
   outer loop
     vertex 8.8407407407e+00 4.5432098765e-01 2.0000000000e+00
     vertex 8.8407407407e+00 3.2119046096e-01 1.6788095390e+00
     vertex 8.6947873800e+00 2.4005237149e-01 1.7599476285e+00
   endloop
 endfacet
 facet normal  -5.8771664299e-01 3.0979340061e-01 -7.4740698184e-01
   outer loop
     vertex 8.6947873800e+00 2.4005237149e-01 1.7599476285e+00
     vertex 8.8407407407e+00 3.2119046096e-01 1.6788095390e+00
     vertex 8.6947873800e+00 0.0000000000e+00 1.6604481024e+00
   endloop
 endfacet
 facet normal  -5.8771664299e-01 3.0979340061e-01 -7.4740698184e-01
   outer loop
     vertex 8.8407407407e+00 3.2119046096e-01 1.6788095390e+00
     vertex 8.8407407407e+00 0.0000000000e+00 1.5456790123e+00
     vertex 8.6947873800e+00 0.0000000000e+00 1.6604481024e+00
   endloop
 endfacet
 facet normal  -5.8771664299e-01 -3.0979340061e-01 -7.4740698184e-01
   outer loop
     vertex 8.6947873800e+00 0.0000000000e+00 1.6604481024e+00
     vertex 8.8407407407e+00 0.0000000000e+00 1.5456790123e+00
     vertex 8.8407407407e+00 -3.2119046096e-01 1.6788095390e+00
   endloop
 endfacet
 facet normal  -5.8771664299e-01 -3.0979340061e-01 -7.4740698184e-01
   outer loop
     vertex 8.6947873800e+00 0.0000000000e+00 1.6604481024e+00
     vertex 8.8407407407e+00 -3.2119046096e-01 1.6788095390e+00
     vertex 8.6947873800e+00 -2.4005237149e-01 1.7599476285e+00
   endloop
 endfacet
 facet normal  -5.8771664299e-01 -7.4740698184e-01 -3.0979340061e-01
   outer loop
     vertex 8.6947873800e+00 -2.4005237149e-01 1.7599476285e+00
     vertex 8.8407407407e+00 -3.2119046096e-01 1.6788095390e+00
     vertex 8.8407407407e+00 -4.5432098765e-01 2.0000000000e+00
   endloop
 endfacet
 facet normal  -5.8771664299e-01 -7.4740698184e-01 -3.0979340061e-01
   outer loop
     vertex 8.6947873800e+00 -2.4005237149e-01 1.7599476285e+00
     vertex 8.8407407407e+00 -4.5432098765e-01 2.0000000000e+00
     vertex 8.6947873800e+00 -3.3955189758e-01 2.0000000000e+00
   endloop
 endfacet
 facet normal  -5.8771664299e-01 -7.4740698184e-01 3.0979340061e-01
   outer loop
     vertex 8.6947873800e+00 -3.3955189758e-01 2.0000000000e+00
     vertex 8.8407407407e+00 -4.5432098765e-01 2.0000000000e+00
     vertex 8.6947873800e+00 -2.4005237149e-01 2.2400523715e+00
   endloop
 endfacet
 facet normal  -5.8771664299e-01 -7.4740698184e-01 3.0979340061e-01
   outer loop
     vertex 8.8407407407e+00 -4.5432098765e-01 2.0000000000e+00
     vertex 8.8407407407e+00 -3.2119046096e-01 2.3211904610e+00
     vertex 8.6947873800e+00 -2.4005237149e-01 2.2400523715e+00
   endloop
 endfacet
 facet normal  -5.8771664299e-01 -3.0979340061e-01 7.4740698184e-01
   outer loop
     vertex 8.6947873800e+00 -2.4005237149e-01 2.2400523715e+00
     vertex 8.8407407407e+00 -3.2119046096e-01 2.3211904610e+00
     vertex 8.6947873800e+00 0.0000000000e+00 2.3395518976e+00
   endloop
 endfacet
 facet normal  -5.8771664299e-01 -3.0979340061e-01 7.4740698184e-01
   outer loop
     vertex 8.8407407407e+00 -3.2119046096e-01 2.3211904610e+00
     vertex 8.8407407407e+00 0.0000000000e+00 2.4543209877e+00
     vertex 8.6947873800e+00 0.0000000000e+00 2.3395518976e+00
   endloop
 endfacet
 facet normal  -3.9617110077e-01 3.5157179872e-01 8.4820146738e-01
   outer loop
     vertex 8.8407407407e+00 0.0000000000e+00 2.4543209877e+00
     vertex 9.0212620027e+00 0.0000000000e+00 2.5386374028e+00
     vertex 9.0212620027e+00 3.8079947968e-01 2.3807994797e+00
   endloop
 endfacet
 facet normal  -3.9617110077e-01 3.5157179872e-01 8.4820146738e-01
   outer loop
     vertex 8.8407407407e+00 0.0000000000e+00 2.4543209877e+00
     vertex 9.0212620027e+00 3.8079947968e-01 2.3807994797e+00
     vertex 8.8407407407e+00 3.2119046096e-01 2.3211904610e+00
   endloop
 endfacet
 facet normal  -3.9617110077e-01 8.4820146738e-01 3.5157179872e-01
   outer loop
     vertex 8.8407407407e+00 3.2119046096e-01 2.3211904610e+00
     vertex 9.0212620027e+00 3.8079947968e-01 2.3807994797e+00
     vertex 9.0212620027e+00 5.3863740283e-01 2.0000000000e+00
   endloop
 endfacet
 facet normal  -3.9617110077e-01 8.4820146738e-01 3.5157179872e-01
   outer loop
     vertex 8.8407407407e+00 3.2119046096e-01 2.3211904610e+00
     vertex 9.0212620027e+00 5.3863740283e-01 2.0000000000e+00
     vertex 8.8407407407e+00 4.5432098765e-01 2.0000000000e+00
   endloop
 endfacet
 facet normal  -3.9617110077e-01 8.4820146738e-01 -3.5157179872e-01
   outer loop
     vertex 8.8407407407e+00 4.5432098765e-01 2.0000000000e+00
     vertex 9.0212620027e+00 5.3863740283e-01 2.0000000000e+00
     vertex 8.8407407407e+00 3.2119046096e-01 1.6788095390e+00
   endloop
 endfacet
 facet normal  -3.9617110077e-01 8.4820146738e-01 -3.5157179872e-01
   outer loop
     vertex 9.0212620027e+00 5.3863740283e-01 2.0000000000e+00
     vertex 9.0212620027e+00 3.8079947968e-01 1.6192005203e+00
     vertex 8.8407407407e+00 3.2119046096e-01 1.6788095390e+00
   endloop
 endfacet
 facet normal  -3.9617110077e-01 3.5157179872e-01 -8.4820146738e-01
   outer loop
     vertex 8.8407407407e+00 3.2119046096e-01 1.6788095390e+00
     vertex 9.0212620027e+00 3.8079947968e-01 1.6192005203e+00
     vertex 8.8407407407e+00 0.0000000000e+00 1.5456790123e+00
   endloop
 endfacet
 facet normal  -3.9617110077e-01 3.5157179872e-01 -8.4820146738e-01
   outer loop
     vertex 9.0212620027e+00 3.8079947968e-01 1.6192005203e+00
     vertex 9.0212620027e+00 0.0000000000e+00 1.4613625972e+00
     vertex 8.8407407407e+00 0.0000000000e+00 1.5456790123e+00
   endloop
 endfacet
 facet normal  -3.9617110077e-01 -3.5157179872e-01 -8.4820146738e-01
   outer loop
     vertex 8.8407407407e+00 0.0000000000e+00 1.5456790123e+00
     vertex 9.0212620027e+00 0.0000000000e+00 1.4613625972e+00
     vertex 9.0212620027e+00 -3.8079947968e-01 1.6192005203e+00
   endloop
 endfacet
 facet normal  -3.9617110077e-01 -3.5157179872e-01 -8.4820146738e-01
   outer loop
     vertex 8.8407407407e+00 0.0000000000e+00 1.5456790123e+00
     vertex 9.0212620027e+00 -3.8079947968e-01 1.6192005203e+00
     vertex 8.8407407407e+00 -3.2119046096e-01 1.6788095390e+00
   endloop
 endfacet
 facet normal  -3.9617110077e-01 -8.4820146738e-01 -3.5157179872e-01
   outer loop
     vertex 8.8407407407e+00 -3.2119046096e-01 1.6788095390e+00
     vertex 9.0212620027e+00 -3.8079947968e-01 1.6192005203e+00
     vertex 9.0212620027e+00 -5.3863740283e-01 2.0000000000e+00
   endloop
 endfacet
 facet normal  -3.9617110077e-01 -8.4820146738e-01 -3.5157179872e-01
   outer loop
     vertex 8.8407407407e+00 -3.2119046096e-01 1.6788095390e+00
     vertex 9.0212620027e+00 -5.3863740283e-01 2.0000000000e+00
     vertex 8.8407407407e+00 -4.5432098765e-01 2.0000000000e+00
   endloop
 endfacet
 facet normal  -3.9617110077e-01 -8.4820146738e-01 3.5157179872e-01
   outer loop
     vertex 8.8407407407e+00 -4.5432098765e-01 2.0000000000e+00
     vertex 9.0212620027e+00 -5.3863740283e-01 2.0000000000e+00
     vertex 8.8407407407e+00 -3.2119046096e-01 2.3211904610e+00
   endloop
 endfacet
 facet normal  -3.9617110077e-01 -8.4820146738e-01 3.5157179872e-01
   outer loop
     vertex 9.0212620027e+00 -5.3863740283e-01 2.0000000000e+00
     vertex 9.0212620027e+00 -3.8079947968e-01 2.3807994797e+00
     vertex 8.8407407407e+00 -3.2119046096e-01 2.3211904610e+00
   endloop
 endfacet
 facet normal  -3.9617110077e-01 -3.5157179872e-01 8.4820146738e-01
   outer loop
     vertex 8.8407407407e+00 -3.2119046096e-01 2.3211904610e+00
     vertex 9.0212620027e+00 -3.8079947968e-01 2.3807994797e+00
     vertex 8.8407407407e+00 0.0000000000e+00 2.4543209877e+00
   endloop
 endfacet
 facet normal  -3.9617110077e-01 -3.5157179872e-01 8.4820146738e-01
   outer loop
     vertex 9.0212620027e+00 -3.8079947968e-01 2.3807994797e+00
     vertex 9.0212620027e+00 0.0000000000e+00 2.5386374028e+00
     vertex 8.8407407407e+00 0.0000000000e+00 2.4543209877e+00
   endloop
 endfacet
 facet normal  -2.4204428582e-01 3.7151659507e-01 8.9632024594e-01
   outer loop
     vertex 9.0212620027e+00 0.0000000000e+00 2.5386374028e+00
     vertex 9.2379972565e+00 0.0000000000e+00 2.5971650663e+00
     vertex 9.2379972565e+00 4.2217667272e-01 2.4221766727e+00
   endloop
 endfacet
 facet normal  -2.4204428582e-01 3.7151659507e-01 8.9632024594e-01
   outer loop
     vertex 9.0212620027e+00 0.0000000000e+00 2.5386374028e+00
     vertex 9.2379972565e+00 4.2217667272e-01 2.4221766727e+00
     vertex 9.0212620027e+00 3.8079947968e-01 2.3807994797e+00
   endloop
 endfacet
 facet normal  -2.4204428582e-01 8.9632024594e-01 3.7151659507e-01
   outer loop
     vertex 9.0212620027e+00 3.8079947968e-01 2.3807994797e+00
     vertex 9.2379972565e+00 4.2217667272e-01 2.4221766727e+00
     vertex 9.2379972565e+00 5.9716506630e-01 2.0000000000e+00
   endloop
 endfacet
 facet normal  -2.4204428582e-01 8.9632024594e-01 3.7151659507e-01
   outer loop
     vertex 9.0212620027e+00 3.8079947968e-01 2.3807994797e+00
     vertex 9.2379972565e+00 5.9716506630e-01 2.0000000000e+00
     vertex 9.0212620027e+00 5.3863740283e-01 2.0000000000e+00
   endloop
 endfacet
 facet normal  -2.4204428582e-01 8.9632024594e-01 -3.7151659507e-01
   outer loop
     vertex 9.0212620027e+00 5.3863740283e-01 2.0000000000e+00
     vertex 9.2379972565e+00 5.9716506630e-01 2.0000000000e+00
     vertex 9.0212620027e+00 3.8079947968e-01 1.6192005203e+00
   endloop
 endfacet
 facet normal  -2.4204428582e-01 8.9632024594e-01 -3.7151659507e-01
   outer loop
     vertex 9.2379972565e+00 5.9716506630e-01 2.0000000000e+00
     vertex 9.2379972565e+00 4.2217667272e-01 1.5778233273e+00
     vertex 9.0212620027e+00 3.8079947968e-01 1.6192005203e+00
   endloop
 endfacet
 facet normal  -2.4204428582e-01 3.7151659507e-01 -8.9632024594e-01
   outer loop
     vertex 9.0212620027e+00 3.8079947968e-01 1.6192005203e+00
     vertex 9.2379972565e+00 4.2217667272e-01 1.5778233273e+00
     vertex 9.0212620027e+00 0.0000000000e+00 1.4613625972e+00
   endloop
 endfacet
 facet normal  -2.4204428582e-01 3.7151659507e-01 -8.9632024594e-01
   outer loop
     vertex 9.2379972565e+00 4.2217667272e-01 1.5778233273e+00
     vertex 9.2379972565e+00 0.0000000000e+00 1.4028349337e+00
     vertex 9.0212620027e+00 0.0000000000e+00 1.4613625972e+00
   endloop
 endfacet
 facet normal  -2.4204428582e-01 -3.7151659507e-01 -8.9632024594e-01
   outer loop
     vertex 9.0212620027e+00 0.0000000000e+00 1.4613625972e+00
     vertex 9.2379972565e+00 0.0000000000e+00 1.4028349337e+00
     vertex 9.2379972565e+00 -4.2217667272e-01 1.5778233273e+00
   endloop
 endfacet
 facet normal  -2.4204428582e-01 -3.7151659507e-01 -8.9632024594e-01
   outer loop
     vertex 9.0212620027e+00 0.0000000000e+00 1.4613625972e+00
     vertex 9.2379972565e+00 -4.2217667272e-01 1.5778233273e+00
     vertex 9.0212620027e+00 -3.8079947968e-01 1.6192005203e+00
   endloop
 endfacet
 facet normal  -2.4204428582e-01 -8.9632024594e-01 -3.7151659507e-01
   outer loop
     vertex 9.0212620027e+00 -3.8079947968e-01 1.6192005203e+00
     vertex 9.2379972565e+00 -4.2217667272e-01 1.5778233273e+00
     vertex 9.2379972565e+00 -5.9716506630e-01 2.0000000000e+00
   endloop
 endfacet
 facet normal  -2.4204428582e-01 -8.9632024594e-01 -3.7151659507e-01
   outer loop
     vertex 9.0212620027e+00 -3.8079947968e-01 1.6192005203e+00
     vertex 9.2379972565e+00 -5.9716506630e-01 2.0000000000e+00
     vertex 9.0212620027e+00 -5.3863740283e-01 2.0000000000e+00
   endloop
 endfacet
 facet normal  -2.4204428582e-01 -8.9632024594e-01 3.7151659507e-01
   outer loop
     vertex 9.0212620027e+00 -5.3863740283e-01 2.0000000000e+00
     vertex 9.2379972565e+00 -5.9716506630e-01 2.0000000000e+00
     vertex 9.0212620027e+00 -3.8079947968e-01 2.3807994797e+00
   endloop
 endfacet
 facet normal  -2.4204428582e-01 -8.9632024594e-01 3.7151659507e-01
   outer loop
     vertex 9.2379972565e+00 -5.9716506630e-01 2.0000000000e+00
     vertex 9.2379972565e+00 -4.2217667272e-01 2.4221766727e+00
     vertex 9.0212620027e+00 -3.8079947968e-01 2.3807994797e+00
   endloop
 endfacet
 facet normal  -2.4204428582e-01 -3.7151659507e-01 8.9632024594e-01
   outer loop
     vertex 9.0212620027e+00 -3.8079947968e-01 2.3807994797e+00
     vertex 9.2379972565e+00 -4.2217667272e-01 2.4221766727e+00
     vertex 9.0212620027e+00 0.0000000000e+00 2.5386374028e+00
   endloop
 endfacet
 facet normal  -2.4204428582e-01 -3.7151659507e-01 8.9632024594e-01
   outer loop
     vertex 9.2379972565e+00 -4.2217667272e-01 2.4221766727e+00
     vertex 9.2379972565e+00 0.0000000000e+00 2.5971650663e+00
     vertex 9.0212620027e+00 0.0000000000e+00 2.5386374028e+00
   endloop
 endfacet
 facet normal  -1.3448185551e-01 3.7942385048e-01 9.1539727563e-01
   outer loop
     vertex 9.2379972565e+00 0.0000000000e+00 2.5971650663e+00
     vertex 9.4925925926e+00 0.0000000000e+00 2.6345679012e+00
     vertex 9.4925925926e+00 4.4861928515e-01 2.4486192851e+00
   endloop
 endfacet
 facet normal  -1.3448185551e-01 3.7942385048e-01 9.1539727563e-01
   outer loop
     vertex 9.2379972565e+00 0.0000000000e+00 2.5971650663e+00
     vertex 9.4925925926e+00 4.4861928515e-01 2.4486192851e+00
     vertex 9.2379972565e+00 4.2217667272e-01 2.4221766727e+00
   endloop
 endfacet
 facet normal  -1.3448185551e-01 9.1539727563e-01 3.7942385048e-01
   outer loop
     vertex 9.2379972565e+00 4.2217667272e-01 2.4221766727e+00
     vertex 9.4925925926e+00 4.4861928515e-01 2.4486192851e+00
     vertex 9.4925925926e+00 6.3456790123e-01 2.0000000000e+00
   endloop
 endfacet
 facet normal  -1.3448185551e-01 9.1539727563e-01 3.7942385048e-01
   outer loop
     vertex 9.2379972565e+00 4.2217667272e-01 2.4221766727e+00
     vertex 9.4925925926e+00 6.3456790123e-01 2.0000000000e+00
     vertex 9.2379972565e+00 5.9716506630e-01 2.0000000000e+00
   endloop
 endfacet
 facet normal  -1.3448185551e-01 9.1539727563e-01 -3.7942385048e-01
   outer loop
     vertex 9.2379972565e+00 5.9716506630e-01 2.0000000000e+00
     vertex 9.4925925926e+00 6.3456790123e-01 2.0000000000e+00
     vertex 9.2379972565e+00 4.2217667272e-01 1.5778233273e+00
   endloop
 endfacet
 facet normal  -1.3448185551e-01 9.1539727563e-01 -3.7942385048e-01
   outer loop
     vertex 9.4925925926e+00 6.3456790123e-01 2.0000000000e+00
     vertex 9.4925925926e+00 4.4861928515e-01 1.5513807149e+00
     vertex 9.2379972565e+00 4.2217667272e-01 1.5778233273e+00
   endloop
 endfacet
 facet normal  -1.3448185551e-01 3.7942385048e-01 -9.1539727563e-01
   outer loop
     vertex 9.2379972565e+00 4.2217667272e-01 1.5778233273e+00
     vertex 9.4925925926e+00 4.4861928515e-01 1.5513807149e+00
     vertex 9.2379972565e+00 0.0000000000e+00 1.4028349337e+00
   endloop
 endfacet
 facet normal  -1.3448185551e-01 3.7942385048e-01 -9.1539727563e-01
   outer loop
     vertex 9.4925925926e+00 4.4861928515e-01 1.5513807149e+00
     vertex 9.4925925926e+00 0.0000000000e+00 1.3654320988e+00
     vertex 9.2379972565e+00 0.0000000000e+00 1.4028349337e+00
   endloop
 endfacet
 facet normal  -1.3448185551e-01 -3.7942385048e-01 -9.1539727563e-01
   outer loop
     vertex 9.2379972565e+00 0.0000000000e+00 1.4028349337e+00
     vertex 9.4925925926e+00 0.0000000000e+00 1.3654320988e+00
     vertex 9.4925925926e+00 -4.4861928515e-01 1.5513807149e+00
   endloop
 endfacet
 facet normal  -1.3448185551e-01 -3.7942385048e-01 -9.1539727563e-01
   outer loop
     vertex 9.2379972565e+00 0.0000000000e+00 1.4028349337e+00
     vertex 9.4925925926e+00 -4.4861928515e-01 1.5513807149e+00
     vertex 9.2379972565e+00 -4.2217667272e-01 1.5778233273e+00
   endloop
 endfacet
 facet normal  -1.3448185551e-01 -9.1539727563e-01 -3.7942385048e-01
   outer loop
     vertex 9.2379972565e+00 -4.2217667272e-01 1.5778233273e+00
     vertex 9.4925925926e+00 -4.4861928515e-01 1.5513807149e+00
     vertex 9.4925925926e+00 -6.3456790123e-01 2.0000000000e+00
   endloop
 endfacet
 facet normal  -1.3448185551e-01 -9.1539727563e-01 -3.7942385048e-01
   outer loop
     vertex 9.2379972565e+00 -4.2217667272e-01 1.5778233273e+00
     vertex 9.4925925926e+00 -6.3456790123e-01 2.0000000000e+00
     vertex 9.2379972565e+00 -5.9716506630e-01 2.0000000000e+00
   endloop
 endfacet
 facet normal  -1.3448185551e-01 -9.1539727563e-01 3.7942385048e-01
   outer loop
     vertex 9.2379972565e+00 -5.9716506630e-01 2.0000000000e+00
     vertex 9.4925925926e+00 -6.3456790123e-01 2.0000000000e+00
     vertex 9.2379972565e+00 -4.2217667272e-01 2.4221766727e+00
   endloop
 endfacet
 facet normal  -1.3448185551e-01 -9.1539727563e-01 3.7942385048e-01
   outer loop
     vertex 9.4925925926e+00 -6.3456790123e-01 2.0000000000e+00
     vertex 9.4925925926e+00 -4.4861928515e-01 2.4486192851e+00
     vertex 9.2379972565e+00 -4.2217667272e-01 2.4221766727e+00
   endloop
 endfacet
 facet normal  -1.3448185551e-01 -3.7942385048e-01 9.1539727563e-01
   outer loop
     vertex 9.2379972565e+00 -4.2217667272e-01 2.4221766727e+00
     vertex 9.4925925926e+00 -4.4861928515e-01 2.4486192851e+00
     vertex 9.2379972565e+00 0.0000000000e+00 2.5971650663e+00
   endloop
 endfacet
 facet normal  -1.3448185551e-01 -3.7942385048e-01 9.1539727563e-01
   outer loop
     vertex 9.4925925926e+00 -4.4861928515e-01 2.4486192851e+00
     vertex 9.4925925926e+00 0.0000000000e+00 2.6345679012e+00
     vertex 9.2379972565e+00 0.0000000000e+00 2.5971650663e+00
   endloop
 endfacet
 facet normal  -6.5637892541e-02 3.8207638650e-01 9.2179677909e-01
   outer loop
     vertex 9.4925925926e+00 0.0000000000e+00 2.6345679012e+00
     vertex 9.7866941015e+00 0.0000000000e+00 2.6555098308e+00
     vertex 9.7866941015e+00 4.6342456203e-01 2.4634245620e+00
   endloop
 endfacet
 facet normal  -6.5637892541e-02 3.8207638650e-01 9.2179677909e-01
   outer loop
     vertex 9.4925925926e+00 0.0000000000e+00 2.6345679012e+00
     vertex 9.7866941015e+00 4.6342456203e-01 2.4634245620e+00
     vertex 9.4925925926e+00 4.4861928515e-01 2.4486192851e+00
   endloop
 endfacet
 facet normal  -6.5637892541e-02 9.2179677909e-01 3.8207638650e-01
   outer loop
     vertex 9.4925925926e+00 4.4861928515e-01 2.4486192851e+00
     vertex 9.7866941015e+00 4.6342456203e-01 2.4634245620e+00
     vertex 9.7866941015e+00 6.5550983082e-01 2.0000000000e+00
   endloop
 endfacet
 facet normal  -6.5637892541e-02 9.2179677909e-01 3.8207638650e-01
   outer loop
     vertex 9.4925925926e+00 4.4861928515e-01 2.4486192851e+00
     vertex 9.7866941015e+00 6.5550983082e-01 2.0000000000e+00
     vertex 9.4925925926e+00 6.3456790123e-01 2.0000000000e+00
   endloop
 endfacet
 facet normal  -6.5637892541e-02 9.2179677909e-01 -3.8207638650e-01
   outer loop
     vertex 9.4925925926e+00 6.3456790123e-01 2.0000000000e+00
     vertex 9.7866941015e+00 6.5550983082e-01 2.0000000000e+00
     vertex 9.4925925926e+00 4.4861928515e-01 1.5513807149e+00
   endloop
 endfacet
 facet normal  -6.5637892541e-02 9.2179677909e-01 -3.8207638650e-01
   outer loop
     vertex 9.7866941015e+00 6.5550983082e-01 2.0000000000e+00
     vertex 9.7866941015e+00 4.6342456203e-01 1.5365754380e+00
     vertex 9.4925925926e+00 4.4861928515e-01 1.5513807149e+00
   endloop
 endfacet
 facet normal  -6.5637892541e-02 3.8207638650e-01 -9.2179677909e-01
   outer loop
     vertex 9.4925925926e+00 4.4861928515e-01 1.5513807149e+00
     vertex 9.7866941015e+00 4.6342456203e-01 1.5365754380e+00
     vertex 9.4925925926e+00 0.0000000000e+00 1.3654320988e+00
   endloop
 endfacet
 facet normal  -6.5637892541e-02 3.8207638650e-01 -9.2179677909e-01
   outer loop
     vertex 9.7866941015e+00 4.6342456203e-01 1.5365754380e+00
     vertex 9.7866941015e+00 0.0000000000e+00 1.3444901692e+00
     vertex 9.4925925926e+00 0.0000000000e+00 1.3654320988e+00
   endloop
 endfacet
 facet normal  -6.5637892541e-02 -3.8207638650e-01 -9.2179677909e-01
   outer loop
     vertex 9.4925925926e+00 0.0000000000e+00 1.3654320988e+00
     vertex 9.7866941015e+00 0.0000000000e+00 1.3444901692e+00
     vertex 9.7866941015e+00 -4.6342456203e-01 1.5365754380e+00
   endloop
 endfacet
 facet normal  -6.5637892541e-02 -3.8207638650e-01 -9.2179677909e-01
   outer loop
     vertex 9.4925925926e+00 0.0000000000e+00 1.3654320988e+00
     vertex 9.7866941015e+00 -4.6342456203e-01 1.5365754380e+00
     vertex 9.4925925926e+00 -4.4861928515e-01 1.5513807149e+00
   endloop
 endfacet
 facet normal  -6.5637892541e-02 -9.2179677909e-01 -3.8207638650e-01
   outer loop
     vertex 9.4925925926e+00 -4.4861928515e-01 1.5513807149e+00
     vertex 9.7866941015e+00 -4.6342456203e-01 1.5365754380e+00
     vertex 9.7866941015e+00 -6.5550983082e-01 2.0000000000e+00
   endloop
 endfacet
 facet normal  -6.5637892541e-02 -9.2179677909e-01 -3.8207638650e-01
   outer loop
     vertex 9.4925925926e+00 -4.4861928515e-01 1.5513807149e+00
     vertex 9.7866941015e+00 -6.5550983082e-01 2.0000000000e+00
     vertex 9.4925925926e+00 -6.3456790123e-01 2.0000000000e+00
   endloop
 endfacet
 facet normal  -6.5637892541e-02 -9.2179677909e-01 3.8207638650e-01
   outer loop
     vertex 9.4925925926e+00 -6.3456790123e-01 2.0000000000e+00
     vertex 9.7866941015e+00 -6.5550983082e-01 2.0000000000e+00
     vertex 9.4925925926e+00 -4.4861928515e-01 2.4486192851e+00
   endloop
 endfacet
 facet normal  -6.5637892541e-02 -9.2179677909e-01 3.8207638650e-01
   outer loop
     vertex 9.7866941015e+00 -6.5550983082e-01 2.0000000000e+00
     vertex 9.7866941015e+00 -4.6342456203e-01 2.4634245620e+00
     vertex 9.4925925926e+00 -4.4861928515e-01 2.4486192851e+00
   endloop
 endfacet
 facet normal  -6.5637892541e-02 -3.8207638650e-01 9.2179677909e-01
   outer loop
     vertex 9.4925925926e+00 -4.4861928515e-01 2.4486192851e+00
     vertex 9.7866941015e+00 -4.6342456203e-01 2.4634245620e+00
     vertex 9.4925925926e+00 0.0000000000e+00 2.6345679012e+00
   endloop
 endfacet
 facet normal  -6.5637892541e-02 -3.8207638650e-01 9.2179677909e-01
   outer loop
     vertex 9.7866941015e+00 -4.6342456203e-01 2.4634245620e+00
     vertex 9.7866941015e+00 0.0000000000e+00 2.6555098308e+00
     vertex 9.4925925926e+00 0.0000000000e+00 2.6345679012e+00
   endloop
 endfacet
 facet normal  -2.5190828361e-02 3.8278060185e-01 9.2349576773e-01
   outer loop
     vertex 9.7866941015e+00 0.0000000000e+00 2.6555098308e+00
     vertex 1.0121947874e+01 0.0000000000e+00 2.6646547782e+00
     vertex 1.0121947874e+01 4.6988974845e-01 2.4698897484e+00
   endloop
 endfacet
 facet normal  -2.5190828361e-02 3.8278060185e-01 9.2349576773e-01
   outer loop
     vertex 9.7866941015e+00 0.0000000000e+00 2.6555098308e+00
     vertex 1.0121947874e+01 4.6988974845e-01 2.4698897484e+00
     vertex 9.7866941015e+00 4.6342456203e-01 2.4634245620e+00
   endloop
 endfacet
 facet normal  -2.5190828361e-02 9.2349576773e-01 3.8278060185e-01
   outer loop
     vertex 9.7866941015e+00 4.6342456203e-01 2.4634245620e+00
     vertex 1.0121947874e+01 4.6988974845e-01 2.4698897484e+00
     vertex 1.0121947874e+01 6.6465477824e-01 2.0000000000e+00
   endloop
 endfacet
 facet normal  -2.5190828361e-02 9.2349576773e-01 3.8278060185e-01
   outer loop
     vertex 9.7866941015e+00 4.6342456203e-01 2.4634245620e+00
     vertex 1.0121947874e+01 6.6465477824e-01 2.0000000000e+00
     vertex 9.7866941015e+00 6.5550983082e-01 2.0000000000e+00
   endloop
 endfacet
 facet normal  -2.5190828361e-02 9.2349576773e-01 -3.8278060185e-01
   outer loop
     vertex 9.7866941015e+00 6.5550983082e-01 2.0000000000e+00
     vertex 1.0121947874e+01 6.6465477824e-01 2.0000000000e+00
     vertex 9.7866941015e+00 4.6342456203e-01 1.5365754380e+00
   endloop
 endfacet
 facet normal  -2.5190828361e-02 9.2349576773e-01 -3.8278060185e-01
   outer loop
     vertex 1.0121947874e+01 6.6465477824e-01 2.0000000000e+00
     vertex 1.0121947874e+01 4.6988974845e-01 1.5301102516e+00
     vertex 9.7866941015e+00 4.6342456203e-01 1.5365754380e+00
   endloop
 endfacet
 facet normal  -2.5190828361e-02 3.8278060185e-01 -9.2349576773e-01
   outer loop
     vertex 9.7866941015e+00 4.6342456203e-01 1.5365754380e+00
     vertex 1.0121947874e+01 4.6988974845e-01 1.5301102516e+00
     vertex 9.7866941015e+00 0.0000000000e+00 1.3444901692e+00
   endloop
 endfacet
 facet normal  -2.5190828361e-02 3.8278060185e-01 -9.2349576773e-01
   outer loop
     vertex 1.0121947874e+01 4.6988974845e-01 1.5301102516e+00
     vertex 1.0121947874e+01 0.0000000000e+00 1.3353452218e+00
     vertex 9.7866941015e+00 0.0000000000e+00 1.3444901692e+00
   endloop
 endfacet
 facet normal  -2.5190828361e-02 -3.8278060185e-01 -9.2349576773e-01
   outer loop
     vertex 9.7866941015e+00 0.0000000000e+00 1.3444901692e+00
     vertex 1.0121947874e+01 0.0000000000e+00 1.3353452218e+00
     vertex 1.0121947874e+01 -4.6988974845e-01 1.5301102516e+00
   endloop
 endfacet
 facet normal  -2.5190828361e-02 -3.8278060185e-01 -9.2349576773e-01
   outer loop
     vertex 9.7866941015e+00 0.0000000000e+00 1.3444901692e+00
     vertex 1.0121947874e+01 -4.6988974845e-01 1.5301102516e+00
     vertex 9.7866941015e+00 -4.6342456203e-01 1.5365754380e+00
   endloop
 endfacet
 facet normal  -2.5190828361e-02 -9.2349576773e-01 -3.8278060185e-01
   outer loop
     vertex 9.7866941015e+00 -4.6342456203e-01 1.5365754380e+00
     vertex 1.0121947874e+01 -4.6988974845e-01 1.5301102516e+00
     vertex 1.0121947874e+01 -6.6465477824e-01 2.0000000000e+00
   endloop
 endfacet
 facet normal  -2.5190828361e-02 -9.2349576773e-01 -3.8278060185e-01
   outer loop
     vertex 9.7866941015e+00 -4.6342456203e-01 1.5365754380e+00
     vertex 1.0121947874e+01 -6.6465477824e-01 2.0000000000e+00
     vertex 9.7866941015e+00 -6.5550983082e-01 2.0000000000e+00
   endloop
 endfacet
 facet normal  -2.5190828361e-02 -9.2349576773e-01 3.8278060185e-01
   outer loop
     vertex 9.7866941015e+00 -6.5550983082e-01 2.0000000000e+00
     vertex 1.0121947874e+01 -6.6465477824e-01 2.0000000000e+00
     vertex 9.7866941015e+00 -4.6342456203e-01 2.4634245620e+00
   endloop
 endfacet
 facet normal  -2.5190828361e-02 -9.2349576773e-01 3.8278060185e-01
   outer loop
     vertex 1.0121947874e+01 -6.6465477824e-01 2.0000000000e+00
     vertex 1.0121947874e+01 -4.6988974845e-01 2.4698897484e+00
     vertex 9.7866941015e+00 -4.6342456203e-01 2.4634245620e+00
   endloop
 endfacet
 facet normal  -2.5190828361e-02 -3.8278060185e-01 9.2349576773e-01
   outer loop
     vertex 9.7866941015e+00 -4.6342456203e-01 2.4634245620e+00
     vertex 1.0121947874e+01 -4.6988974845e-01 2.4698897484e+00
     vertex 9.7866941015e+00 0.0000000000e+00 2.6555098308e+00
   endloop
 endfacet
 facet normal  -2.5190828361e-02 -3.8278060185e-01 9.2349576773e-01
   outer loop
     vertex 1.0121947874e+01 -4.6988974845e-01 2.4698897484e+00
     vertex 1.0121947874e+01 0.0000000000e+00 2.6646547782e+00
     vertex 9.7866941015e+00 0.0000000000e+00 2.6555098308e+00
   endloop
 endfacet
 facet normal  -4.9160887037e-03 3.8289748472e-01 9.2377775913e-01
   outer loop
     vertex 1.0121947874e+01 0.0000000000e+00 2.6646547782e+00
     vertex 1.0500000000e+01 0.0000000000e+00 2.6666666667e+00
     vertex 1.0500000000e+01 4.7131208946e-01 2.4713120895e+00
   endloop
 endfacet
 facet normal  -4.9160887037e-03 3.8289748472e-01 9.2377775913e-01
   outer loop
     vertex 1.0121947874e+01 0.0000000000e+00 2.6646547782e+00
     vertex 1.0500000000e+01 4.7131208946e-01 2.4713120895e+00
     vertex 1.0121947874e+01 4.6988974845e-01 2.4698897484e+00
   endloop
 endfacet
 facet normal  -4.9160887037e-03 9.2377775913e-01 3.8289748472e-01
   outer loop
     vertex 1.0121947874e+01 4.6988974845e-01 2.4698897484e+00
     vertex 1.0500000000e+01 4.7131208946e-01 2.4713120895e+00
     vertex 1.0500000000e+01 6.6666666667e-01 2.0000000000e+00
   endloop
 endfacet
 facet normal  -4.9160887037e-03 9.2377775913e-01 3.8289748472e-01
   outer loop
     vertex 1.0121947874e+01 4.6988974845e-01 2.4698897484e+00
     vertex 1.0500000000e+01 6.6666666667e-01 2.0000000000e+00
     vertex 1.0121947874e+01 6.6465477824e-01 2.0000000000e+00
   endloop
 endfacet
 facet normal  -4.9160887037e-03 9.2377775913e-01 -3.8289748472e-01
   outer loop
     vertex 1.0121947874e+01 6.6465477824e-01 2.0000000000e+00
     vertex 1.0500000000e+01 6.6666666667e-01 2.0000000000e+00
     vertex 1.0121947874e+01 4.6988974845e-01 1.5301102516e+00
   endloop
 endfacet
 facet normal  -4.9160887037e-03 9.2377775913e-01 -3.8289748472e-01
   outer loop
     vertex 1.0500000000e+01 6.6666666667e-01 2.0000000000e+00
     vertex 1.0500000000e+01 4.7131208946e-01 1.5286879105e+00
     vertex 1.0121947874e+01 4.6988974845e-01 1.5301102516e+00
   endloop
 endfacet
 facet normal  -4.9160887037e-03 3.8289748472e-01 -9.2377775913e-01
   outer loop
     vertex 1.0121947874e+01 4.6988974845e-01 1.5301102516e+00
     vertex 1.0500000000e+01 4.7131208946e-01 1.5286879105e+00
     vertex 1.0121947874e+01 0.0000000000e+00 1.3353452218e+00
   endloop
 endfacet
 facet normal  -4.9160887037e-03 3.8289748472e-01 -9.2377775913e-01
   outer loop
     vertex 1.0500000000e+01 4.7131208946e-01 1.5286879105e+00
     vertex 1.0500000000e+01 0.0000000000e+00 1.3333333333e+00
     vertex 1.0121947874e+01 0.0000000000e+00 1.3353452218e+00
   endloop
 endfacet
 facet normal  -4.9160887037e-03 -3.8289748472e-01 -9.2377775913e-01
   outer loop
     vertex 1.0121947874e+01 0.0000000000e+00 1.3353452218e+00
     vertex 1.0500000000e+01 0.0000000000e+00 1.3333333333e+00
     vertex 1.0500000000e+01 -4.7131208946e-01 1.5286879105e+00
   endloop
 endfacet
 facet normal  -4.9160887037e-03 -3.8289748472e-01 -9.2377775913e-01
   outer loop
     vertex 1.0121947874e+01 0.0000000000e+00 1.3353452218e+00
     vertex 1.0500000000e+01 -4.7131208946e-01 1.5286879105e+00
     vertex 1.0121947874e+01 -4.6988974845e-01 1.5301102516e+00
   endloop
 endfacet
 facet normal  -4.9160887037e-03 -9.2377775913e-01 -3.8289748472e-01
   outer loop
     vertex 1.0121947874e+01 -4.6988974845e-01 1.5301102516e+00
     vertex 1.0500000000e+01 -4.7131208946e-01 1.5286879105e+00
     vertex 1.0500000000e+01 -6.6666666667e-01 2.0000000000e+00
   endloop
 endfacet
 facet normal  -4.9160887037e-03 -9.2377775913e-01 -3.8289748472e-01
   outer loop
     vertex 1.0121947874e+01 -4.6988974845e-01 1.5301102516e+00
     vertex 1.0500000000e+01 -6.6666666667e-01 2.0000000000e+00
     vertex 1.0121947874e+01 -6.6465477824e-01 2.0000000000e+00
   endloop
 endfacet
 facet normal  -4.9160887037e-03 -9.2377775913e-01 3.8289748472e-01
   outer loop
     vertex 1.0121947874e+01 -6.6465477824e-01 2.0000000000e+00
     vertex 1.0500000000e+01 -6.6666666667e-01 2.0000000000e+00
     vertex 1.0121947874e+01 -4.6988974845e-01 2.4698897484e+00
   endloop
 endfacet
 facet normal  -4.9160887037e-03 -9.2377775913e-01 3.8289748472e-01
   outer loop
     vertex 1.0500000000e+01 -6.6666666667e-01 2.0000000000e+00
     vertex 1.0500000000e+01 -4.7131208946e-01 2.4713120895e+00
     vertex 1.0121947874e+01 -4.6988974845e-01 2.4698897484e+00
   endloop
 endfacet
 facet normal  -4.9160887037e-03 -3.8289748472e-01 9.2377775913e-01
   outer loop
     vertex 1.0121947874e+01 -4.6988974845e-01 2.4698897484e+00
     vertex 1.0500000000e+01 -4.7131208946e-01 2.4713120895e+00
     vertex 1.0121947874e+01 0.0000000000e+00 2.6646547782e+00
   endloop
 endfacet
 facet normal  -4.9160887037e-03 -3.8289748472e-01 9.2377775913e-01
   outer loop
     vertex 1.0500000000e+01 -4.7131208946e-01 2.4713120895e+00
     vertex 1.0500000000e+01 0.0000000000e+00 2.6666666667e+00
     vertex 1.0121947874e+01 0.0000000000e+00 2.6646547782e+00
   endloop
 endfacet
 facet normal  8.9494321023e-02 3.8136565286e-01 9.2008206445e-01
   outer loop
     vertex 1.0500000000e+01 0.0000000000e+00 2.6666666667e+00
     vertex 1.0667352538e+01 0.0000000000e+00 2.6503886603e+00
     vertex 1.0667352538e+01 4.5980405764e-01 2.4598040576e+00
   endloop
 endfacet
 facet normal  8.9494321023e-02 3.8136565286e-01 9.2008206445e-01
   outer loop
     vertex 1.0500000000e+01 0.0000000000e+00 2.6666666667e+00
     vertex 1.0667352538e+01 4.5980405764e-01 2.4598040576e+00
     vertex 1.0500000000e+01 4.7131208946e-01 2.4713120895e+00
   endloop
 endfacet
 facet normal  8.9494321023e-02 9.2008206445e-01 3.8136565286e-01
   outer loop
     vertex 1.0500000000e+01 4.7131208946e-01 2.4713120895e+00
     vertex 1.0667352538e+01 4.5980405764e-01 2.4598040576e+00
     vertex 1.0667352538e+01 6.5038866027e-01 2.0000000000e+00
   endloop
 endfacet
 facet normal  8.9494321023e-02 9.2008206445e-01 3.8136565286e-01
   outer loop
     vertex 1.0500000000e+01 4.7131208946e-01 2.4713120895e+00
     vertex 1.0667352538e+01 6.5038866027e-01 2.0000000000e+00
     vertex 1.0500000000e+01 6.6666666667e-01 2.0000000000e+00
   endloop
 endfacet
 facet normal  8.9494321023e-02 9.2008206445e-01 -3.8136565286e-01
   outer loop
     vertex 1.0500000000e+01 6.6666666667e-01 2.0000000000e+00
     vertex 1.0667352538e+01 6.5038866027e-01 2.0000000000e+00
     vertex 1.0500000000e+01 4.7131208946e-01 1.5286879105e+00
   endloop
 endfacet
 facet normal  8.9494321023e-02 9.2008206445e-01 -3.8136565286e-01
   outer loop
     vertex 1.0667352538e+01 6.5038866027e-01 2.0000000000e+00
     vertex 1.0667352538e+01 4.5980405764e-01 1.5401959424e+00
     vertex 1.0500000000e+01 4.7131208946e-01 1.5286879105e+00
   endloop
 endfacet
 facet normal  8.9494321023e-02 3.8136565286e-01 -9.2008206445e-01
   outer loop
     vertex 1.0500000000e+01 4.7131208946e-01 1.5286879105e+00
     vertex 1.0667352538e+01 4.5980405764e-01 1.5401959424e+00
     vertex 1.0500000000e+01 0.0000000000e+00 1.3333333333e+00
   endloop
 endfacet
 facet normal  8.9494321023e-02 3.8136565286e-01 -9.2008206445e-01
   outer loop
     vertex 1.0667352538e+01 4.5980405764e-01 1.5401959424e+00
     vertex 1.0667352538e+01 0.0000000000e+00 1.3496113397e+00
     vertex 1.0500000000e+01 0.0000000000e+00 1.3333333333e+00
   endloop
 endfacet
 facet normal  8.9494321023e-02 -3.8136565286e-01 -9.2008206445e-01
   outer loop
     vertex 1.0500000000e+01 0.0000000000e+00 1.3333333333e+00
     vertex 1.0667352538e+01 0.0000000000e+00 1.3496113397e+00
     vertex 1.0667352538e+01 -4.5980405764e-01 1.5401959424e+00
   endloop
 endfacet
 facet normal  8.9494321023e-02 -3.8136565286e-01 -9.2008206445e-01
   outer loop
     vertex 1.0500000000e+01 0.0000000000e+00 1.3333333333e+00
     vertex 1.0667352538e+01 -4.5980405764e-01 1.5401959424e+00
     vertex 1.0500000000e+01 -4.7131208946e-01 1.5286879105e+00
   endloop
 endfacet
 facet normal  8.9494321023e-02 -9.2008206445e-01 -3.8136565286e-01
   outer loop
     vertex 1.0500000000e+01 -4.7131208946e-01 1.5286879105e+00
     vertex 1.0667352538e+01 -4.5980405764e-01 1.5401959424e+00
     vertex 1.0667352538e+01 -6.5038866027e-01 2.0000000000e+00
   endloop
 endfacet
 facet normal  8.9494321023e-02 -9.2008206445e-01 -3.8136565286e-01
   outer loop
     vertex 1.0500000000e+01 -4.7131208946e-01 1.5286879105e+00
     vertex 1.0667352538e+01 -6.5038866027e-01 2.0000000000e+00
     vertex 1.0500000000e+01 -6.6666666667e-01 2.0000000000e+00
   endloop
 endfacet
 facet normal  8.9494321023e-02 -9.2008206445e-01 3.8136565286e-01
   outer loop
     vertex 1.0500000000e+01 -6.6666666667e-01 2.0000000000e+00
     vertex 1.0667352538e+01 -6.5038866027e-01 2.0000000000e+00
     vertex 1.0500000000e+01 -4.7131208946e-01 2.4713120895e+00
   endloop
 endfacet
 facet normal  8.9494321023e-02 -9.2008206445e-01 3.8136565286e-01
   outer loop
     vertex 1.0667352538e+01 -6.5038866027e-01 2.0000000000e+00
     vertex 1.0667352538e+01 -4.5980405764e-01 2.4598040576e+00
     vertex 1.0500000000e+01 -4.7131208946e-01 2.4713120895e+00
   endloop
 endfacet
 facet normal  8.9494321023e-02 -3.8136565286e-01 9.2008206445e-01
   outer loop
     vertex 1.0500000000e+01 -4.7131208946e-01 2.4713120895e+00
     vertex 1.0667352538e+01 -4.5980405764e-01 2.4598040576e+00
     vertex 1.0500000000e+01 0.0000000000e+00 2.6666666667e+00
   endloop
 endfacet
 facet normal  8.9494321023e-02 -3.8136565286e-01 9.2008206445e-01
   outer loop
     vertex 1.0667352538e+01 -4.5980405764e-01 2.4598040576e+00
     vertex 1.0667352538e+01 0.0000000000e+00 2.6503886603e+00
     vertex 1.0500000000e+01 0.0000000000e+00 2.6666666667e+00
   endloop
 endfacet
 facet normal  1.8225834607e-01 3.7648876086e-01 9.0831608388e-01
   outer loop
     vertex 1.0667352538e+01 0.0000000000e+00 2.6503886603e+00
     vertex 1.0890672154e+01 0.0000000000e+00 2.6055784179e+00
     vertex 1.0890672154e+01 4.2812464422e-01 2.4281246442e+00
   endloop
 endfacet
 facet normal  1.8225834607e-01 3.7648876086e-01 9.0831608388e-01
   outer loop
     vertex 1.0667352538e+01 0.0000000000e+00 2.6503886603e+00
     vertex 1.0890672154e+01 4.2812464422e-01 2.4281246442e+00
     vertex 1.0667352538e+01 4.5980405764e-01 2.4598040576e+00
   endloop
 endfacet
 facet normal  1.8225834607e-01 9.0831608388e-01 3.7648876086e-01
   outer loop
     vertex 1.0667352538e+01 4.5980405764e-01 2.4598040576e+00
     vertex 1.0890672154e+01 4.2812464422e-01 2.4281246442e+00
     vertex 1.0890672154e+01 6.0557841792e-01 2.0000000000e+00
   endloop
 endfacet
 facet normal  1.8225834607e-01 9.0831608388e-01 3.7648876086e-01
   outer loop
     vertex 1.0667352538e+01 4.5980405764e-01 2.4598040576e+00
     vertex 1.0890672154e+01 6.0557841792e-01 2.0000000000e+00
     vertex 1.0667352538e+01 6.5038866027e-01 2.0000000000e+00
   endloop
 endfacet
 facet normal  1.8225834607e-01 9.0831608388e-01 -3.7648876086e-01
   outer loop
     vertex 1.0667352538e+01 6.5038866027e-01 2.0000000000e+00
     vertex 1.0890672154e+01 6.0557841792e-01 2.0000000000e+00
     vertex 1.0667352538e+01 4.5980405764e-01 1.5401959424e+00
   endloop
 endfacet
 facet normal  1.8225834607e-01 9.0831608388e-01 -3.7648876086e-01
   outer loop
     vertex 1.0890672154e+01 6.0557841792e-01 2.0000000000e+00
     vertex 1.0890672154e+01 4.2812464422e-01 1.5718753558e+00
     vertex 1.0667352538e+01 4.5980405764e-01 1.5401959424e+00
   endloop
 endfacet
 facet normal  1.8225834607e-01 3.7648876086e-01 -9.0831608388e-01
   outer loop
     vertex 1.0667352538e+01 4.5980405764e-01 1.5401959424e+00
     vertex 1.0890672154e+01 4.2812464422e-01 1.5718753558e+00
     vertex 1.0667352538e+01 0.0000000000e+00 1.3496113397e+00
   endloop
 endfacet
 facet normal  1.8225834607e-01 3.7648876086e-01 -9.0831608388e-01
   outer loop
     vertex 1.0890672154e+01 4.2812464422e-01 1.5718753558e+00
     vertex 1.0890672154e+01 0.0000000000e+00 1.3944215821e+00
     vertex 1.0667352538e+01 0.0000000000e+00 1.3496113397e+00
   endloop
 endfacet
 facet normal  1.8225834607e-01 -3.7648876086e-01 -9.0831608388e-01
   outer loop
     vertex 1.0667352538e+01 0.0000000000e+00 1.3496113397e+00
     vertex 1.0890672154e+01 0.0000000000e+00 1.3944215821e+00
     vertex 1.0890672154e+01 -4.2812464422e-01 1.5718753558e+00
   endloop
 endfacet
 facet normal  1.8225834607e-01 -3.7648876086e-01 -9.0831608388e-01
   outer loop
     vertex 1.0667352538e+01 0.0000000000e+00 1.3496113397e+00
     vertex 1.0890672154e+01 -4.2812464422e-01 1.5718753558e+00
     vertex 1.0667352538e+01 -4.5980405764e-01 1.5401959424e+00
   endloop
 endfacet
 facet normal  1.8225834607e-01 -9.0831608388e-01 -3.7648876086e-01
   outer loop
     vertex 1.0667352538e+01 -4.5980405764e-01 1.5401959424e+00
     vertex 1.0890672154e+01 -4.2812464422e-01 1.5718753558e+00
     vertex 1.0890672154e+01 -6.0557841792e-01 2.0000000000e+00
   endloop
 endfacet
 facet normal  1.8225834607e-01 -9.0831608388e-01 -3.7648876086e-01
   outer loop
     vertex 1.0667352538e+01 -4.5980405764e-01 1.5401959424e+00
     vertex 1.0890672154e+01 -6.0557841792e-01 2.0000000000e+00
     vertex 1.0667352538e+01 -6.5038866027e-01 2.0000000000e+00
   endloop
 endfacet
 facet normal  1.8225834607e-01 -9.0831608388e-01 3.7648876086e-01
   outer loop
     vertex 1.0667352538e+01 -6.5038866027e-01 2.0000000000e+00
     vertex 1.0890672154e+01 -6.0557841792e-01 2.0000000000e+00
     vertex 1.0667352538e+01 -4.5980405764e-01 2.4598040576e+00
   endloop
 endfacet
 facet normal  1.8225834607e-01 -9.0831608388e-01 3.7648876086e-01
   outer loop
     vertex 1.0890672154e+01 -6.0557841792e-01 2.0000000000e+00
     vertex 1.0890672154e+01 -4.2812464422e-01 2.4281246442e+00
     vertex 1.0667352538e+01 -4.5980405764e-01 2.4598040576e+00
   endloop
 endfacet
 facet normal  1.8225834607e-01 -3.7648876086e-01 9.0831608388e-01
   outer loop
     vertex 1.0667352538e+01 -4.5980405764e-01 2.4598040576e+00
     vertex 1.0890672154e+01 -4.2812464422e-01 2.4281246442e+00
     vertex 1.0667352538e+01 0.0000000000e+00 2.6503886603e+00
   endloop
 endfacet
 facet normal  1.8225834607e-01 -3.7648876086e-01 9.0831608388e-01
   outer loop
     vertex 1.0890672154e+01 -4.2812464422e-01 2.4281246442e+00
     vertex 1.0890672154e+01 0.0000000000e+00 2.6055784179e+00
     vertex 1.0667352538e+01 0.0000000000e+00 2.6503886603e+00
   endloop
 endfacet
 facet normal  2.3159107974e-01 3.7249223837e-01 8.9867408115e-01
   outer loop
     vertex 1.0890672154e+01 0.0000000000e+00 2.6055784179e+00
     vertex 1.1151851852e+01 0.0000000000e+00 2.5382716049e+00
     vertex 1.1151851852e+01 3.8054087223e-01 2.3805408722e+00
   endloop
 endfacet
 facet normal  2.3159107974e-01 3.7249223837e-01 8.9867408115e-01
   outer loop
     vertex 1.0890672154e+01 0.0000000000e+00 2.6055784179e+00
     vertex 1.1151851852e+01 3.8054087223e-01 2.3805408722e+00
     vertex 1.0890672154e+01 4.2812464422e-01 2.4281246442e+00
   endloop
 endfacet
 facet normal  2.3159107974e-01 8.9867408115e-01 3.7249223837e-01
   outer loop
     vertex 1.0890672154e+01 4.2812464422e-01 2.4281246442e+00
     vertex 1.1151851852e+01 3.8054087223e-01 2.3805408722e+00
     vertex 1.1151851852e+01 5.3827160494e-01 2.0000000000e+00
   endloop
 endfacet
 facet normal  2.3159107974e-01 8.9867408115e-01 3.7249223837e-01
   outer loop
     vertex 1.0890672154e+01 4.2812464422e-01 2.4281246442e+00
     vertex 1.1151851852e+01 5.3827160494e-01 2.0000000000e+00
     vertex 1.0890672154e+01 6.0557841792e-01 2.0000000000e+00
   endloop
 endfacet
 facet normal  2.3159107974e-01 8.9867408115e-01 -3.7249223837e-01
   outer loop
     vertex 1.0890672154e+01 6.0557841792e-01 2.0000000000e+00
     vertex 1.1151851852e+01 5.3827160494e-01 2.0000000000e+00
     vertex 1.0890672154e+01 4.2812464422e-01 1.5718753558e+00
   endloop
 endfacet
 facet normal  2.3159107974e-01 8.9867408115e-01 -3.7249223837e-01
   outer loop
     vertex 1.1151851852e+01 5.3827160494e-01 2.0000000000e+00
     vertex 1.1151851852e+01 3.8054087223e-01 1.6194591278e+00
     vertex 1.0890672154e+01 4.2812464422e-01 1.5718753558e+00
   endloop
 endfacet
 facet normal  2.3159107974e-01 3.7249223837e-01 -8.9867408115e-01
   outer loop
     vertex 1.0890672154e+01 4.2812464422e-01 1.5718753558e+00
     vertex 1.1151851852e+01 3.8054087223e-01 1.6194591278e+00
     vertex 1.0890672154e+01 0.0000000000e+00 1.3944215821e+00
   endloop
 endfacet
 facet normal  2.3159107974e-01 3.7249223837e-01 -8.9867408115e-01
   outer loop
     vertex 1.1151851852e+01 3.8054087223e-01 1.6194591278e+00
     vertex 1.1151851852e+01 0.0000000000e+00 1.4617283951e+00
     vertex 1.0890672154e+01 0.0000000000e+00 1.3944215821e+00
   endloop
 endfacet
 facet normal  2.3159107974e-01 -3.7249223837e-01 -8.9867408115e-01
   outer loop
     vertex 1.0890672154e+01 0.0000000000e+00 1.3944215821e+00
     vertex 1.1151851852e+01 0.0000000000e+00 1.4617283951e+00
     vertex 1.1151851852e+01 -3.8054087223e-01 1.6194591278e+00
   endloop
 endfacet
 facet normal  2.3159107974e-01 -3.7249223837e-01 -8.9867408115e-01
   outer loop
     vertex 1.0890672154e+01 0.0000000000e+00 1.3944215821e+00
     vertex 1.1151851852e+01 -3.8054087223e-01 1.6194591278e+00
     vertex 1.0890672154e+01 -4.2812464422e-01 1.5718753558e+00
   endloop
 endfacet
 facet normal  2.3159107974e-01 -8.9867408115e-01 -3.7249223837e-01
   outer loop
     vertex 1.0890672154e+01 -4.2812464422e-01 1.5718753558e+00
     vertex 1.1151851852e+01 -3.8054087223e-01 1.6194591278e+00
     vertex 1.1151851852e+01 -5.3827160494e-01 2.0000000000e+00
   endloop
 endfacet
 facet normal  2.3159107974e-01 -8.9867408115e-01 -3.7249223837e-01
   outer loop
     vertex 1.0890672154e+01 -4.2812464422e-01 1.5718753558e+00
     vertex 1.1151851852e+01 -5.3827160494e-01 2.0000000000e+00
     vertex 1.0890672154e+01 -6.0557841792e-01 2.0000000000e+00
   endloop
 endfacet
 facet normal  2.3159107974e-01 -8.9867408115e-01 3.7249223837e-01
   outer loop
     vertex 1.0890672154e+01 -6.0557841792e-01 2.0000000000e+00
     vertex 1.1151851852e+01 -5.3827160494e-01 2.0000000000e+00
     vertex 1.0890672154e+01 -4.2812464422e-01 2.4281246442e+00
   endloop
 endfacet
 facet normal  2.3159107974e-01 -8.9867408115e-01 3.7249223837e-01
   outer loop
     vertex 1.1151851852e+01 -5.3827160494e-01 2.0000000000e+00
     vertex 1.1151851852e+01 -3.8054087223e-01 2.3805408722e+00
     vertex 1.0890672154e+01 -4.2812464422e-01 2.4281246442e+00
   endloop
 endfacet
 facet normal  2.3159107974e-01 -3.7249223837e-01 8.9867408115e-01
   outer loop
     vertex 1.0890672154e+01 -4.2812464422e-01 2.4281246442e+00
     vertex 1.1151851852e+01 -3.8054087223e-01 2.3805408722e+00
     vertex 1.0890672154e+01 0.0000000000e+00 2.6055784179e+00
   endloop
 endfacet
 facet normal  2.3159107974e-01 -3.7249223837e-01 8.9867408115e-01
   outer loop
     vertex 1.1151851852e+01 -3.8054087223e-01 2.3805408722e+00
     vertex 1.1151851852e+01 0.0000000000e+00 2.5382716049e+00
     vertex 1.0890672154e+01 0.0000000000e+00 2.6055784179e+00
   endloop
 endfacet
 facet normal  2.6556220705e-01 3.6915352392e-01 8.9061910487e-01
   outer loop
     vertex 1.1151851852e+01 0.0000000000e+00 2.5382716049e+00
     vertex 1.1432784636e+01 0.0000000000e+00 2.4545038866e+00
     vertex 1.1432784636e+01 3.2131976469e-01 2.3213197647e+00
   endloop
 endfacet
 facet normal  2.6556220705e-01 3.6915352392e-01 8.9061910487e-01
   outer loop
     vertex 1.1151851852e+01 0.0000000000e+00 2.5382716049e+00
     vertex 1.1432784636e+01 3.2131976469e-01 2.3213197647e+00
     vertex 1.1151851852e+01 3.8054087223e-01 2.3805408722e+00
   endloop
 endfacet
 facet normal  2.6556220705e-01 8.9061910487e-01 3.6915352392e-01
   outer loop
     vertex 1.1151851852e+01 3.8054087223e-01 2.3805408722e+00
     vertex 1.1432784636e+01 3.2131976469e-01 2.3213197647e+00
     vertex 1.1432784636e+01 4.5450388660e-01 2.0000000000e+00
   endloop
 endfacet
 facet normal  2.6556220705e-01 8.9061910487e-01 3.6915352392e-01
   outer loop
     vertex 1.1151851852e+01 3.8054087223e-01 2.3805408722e+00
     vertex 1.1432784636e+01 4.5450388660e-01 2.0000000000e+00
     vertex 1.1151851852e+01 5.3827160494e-01 2.0000000000e+00
   endloop
 endfacet
 facet normal  2.6556220705e-01 8.9061910487e-01 -3.6915352392e-01
   outer loop
     vertex 1.1151851852e+01 5.3827160494e-01 2.0000000000e+00
     vertex 1.1432784636e+01 4.5450388660e-01 2.0000000000e+00
     vertex 1.1151851852e+01 3.8054087223e-01 1.6194591278e+00
   endloop
 endfacet
 facet normal  2.6556220705e-01 8.9061910487e-01 -3.6915352392e-01
   outer loop
     vertex 1.1432784636e+01 4.5450388660e-01 2.0000000000e+00
     vertex 1.1432784636e+01 3.2131976469e-01 1.6786802353e+00
     vertex 1.1151851852e+01 3.8054087223e-01 1.6194591278e+00
   endloop
 endfacet
 facet normal  2.6556220705e-01 3.6915352392e-01 -8.9061910487e-01
   outer loop
     vertex 1.1151851852e+01 3.8054087223e-01 1.6194591278e+00
     vertex 1.1432784636e+01 3.2131976469e-01 1.6786802353e+00
     vertex 1.1151851852e+01 0.0000000000e+00 1.4617283951e+00
   endloop
 endfacet
 facet normal  2.6556220705e-01 3.6915352392e-01 -8.9061910487e-01
   outer loop
     vertex 1.1432784636e+01 3.2131976469e-01 1.6786802353e+00
     vertex 1.1432784636e+01 0.0000000000e+00 1.5454961134e+00
     vertex 1.1151851852e+01 0.0000000000e+00 1.4617283951e+00
   endloop
 endfacet
 facet normal  2.6556220705e-01 -3.6915352392e-01 -8.9061910487e-01
   outer loop
     vertex 1.1151851852e+01 0.0000000000e+00 1.4617283951e+00
     vertex 1.1432784636e+01 0.0000000000e+00 1.5454961134e+00
     vertex 1.1432784636e+01 -3.2131976469e-01 1.6786802353e+00
   endloop
 endfacet
 facet normal  2.6556220705e-01 -3.6915352392e-01 -8.9061910487e-01
   outer loop
     vertex 1.1151851852e+01 0.0000000000e+00 1.4617283951e+00
     vertex 1.1432784636e+01 -3.2131976469e-01 1.6786802353e+00
     vertex 1.1151851852e+01 -3.8054087223e-01 1.6194591278e+00
   endloop
 endfacet
 facet normal  2.6556220705e-01 -8.9061910487e-01 -3.6915352392e-01
   outer loop
     vertex 1.1151851852e+01 -3.8054087223e-01 1.6194591278e+00
     vertex 1.1432784636e+01 -3.2131976469e-01 1.6786802353e+00
     vertex 1.1432784636e+01 -4.5450388660e-01 2.0000000000e+00
   endloop
 endfacet
 facet normal  2.6556220705e-01 -8.9061910487e-01 -3.6915352392e-01
   outer loop
     vertex 1.1151851852e+01 -3.8054087223e-01 1.6194591278e+00
     vertex 1.1432784636e+01 -4.5450388660e-01 2.0000000000e+00
     vertex 1.1151851852e+01 -5.3827160494e-01 2.0000000000e+00
   endloop
 endfacet
 facet normal  2.6556220705e-01 -8.9061910487e-01 3.6915352392e-01
   outer loop
     vertex 1.1151851852e+01 -5.3827160494e-01 2.0000000000e+00
     vertex 1.1432784636e+01 -4.5450388660e-01 2.0000000000e+00
     vertex 1.1151851852e+01 -3.8054087223e-01 2.3805408722e+00
   endloop
 endfacet
 facet normal  2.6556220705e-01 -8.9061910487e-01 3.6915352392e-01
   outer loop
     vertex 1.1432784636e+01 -4.5450388660e-01 2.0000000000e+00
     vertex 1.1432784636e+01 -3.2131976469e-01 2.3213197647e+00
     vertex 1.1151851852e+01 -3.8054087223e-01 2.3805408722e+00
   endloop
 endfacet
 facet normal  2.6556220705e-01 -3.6915352392e-01 8.9061910487e-01
   outer loop
     vertex 1.1151851852e+01 -3.8054087223e-01 2.3805408722e+00
     vertex 1.1432784636e+01 -3.2131976469e-01 2.3213197647e+00
     vertex 1.1151851852e+01 0.0000000000e+00 2.5382716049e+00
   endloop
 endfacet
 facet normal  2.6556220705e-01 -3.6915352392e-01 8.9061910487e-01
   outer loop
     vertex 1.1432784636e+01 -3.2131976469e-01 2.3213197647e+00
     vertex 1.1432784636e+01 0.0000000000e+00 2.4545038866e+00
     vertex 1.1151851852e+01 0.0000000000e+00 2.5382716049e+00
   endloop
 endfacet
 facet normal  2.9429304763e-01 3.6594538003e-01 8.8287914289e-01
   outer loop
     vertex 1.1432784636e+01 0.0000000000e+00 2.4545038866e+00
     vertex 1.1715363512e+01 0.0000000000e+00 2.3603109282e+00
     vertex 1.1715363512e+01 2.5472834464e-01 2.2547283446e+00
   endloop
 endfacet
 facet normal  2.9429304763e-01 3.6594538003e-01 8.8287914289e-01
   outer loop
     vertex 1.1432784636e+01 0.0000000000e+00 2.4545038866e+00
     vertex 1.1715363512e+01 2.5472834464e-01 2.2547283446e+00
     vertex 1.1432784636e+01 3.2131976469e-01 2.3213197647e+00
   endloop
 endfacet
 facet normal  2.9429304763e-01 8.8287914289e-01 3.6594538003e-01
   outer loop
     vertex 1.1432784636e+01 3.2131976469e-01 2.3213197647e+00
     vertex 1.1715363512e+01 2.5472834464e-01 2.2547283446e+00
     vertex 1.1715363512e+01 3.6031092821e-01 2.0000000000e+00
   endloop
 endfacet
 facet normal  2.9429304763e-01 8.8287914289e-01 3.6594538003e-01
   outer loop
     vertex 1.1432784636e+01 3.2131976469e-01 2.3213197647e+00
     vertex 1.1715363512e+01 3.6031092821e-01 2.0000000000e+00
     vertex 1.1432784636e+01 4.5450388660e-01 2.0000000000e+00
   endloop
 endfacet
 facet normal  2.9429304763e-01 8.8287914289e-01 -3.6594538003e-01
   outer loop
     vertex 1.1432784636e+01 4.5450388660e-01 2.0000000000e+00
     vertex 1.1715363512e+01 3.6031092821e-01 2.0000000000e+00
     vertex 1.1432784636e+01 3.2131976469e-01 1.6786802353e+00
   endloop
 endfacet
 facet normal  2.9429304763e-01 8.8287914289e-01 -3.6594538003e-01
   outer loop
     vertex 1.1715363512e+01 3.6031092821e-01 2.0000000000e+00
     vertex 1.1715363512e+01 2.5472834464e-01 1.7452716554e+00
     vertex 1.1432784636e+01 3.2131976469e-01 1.6786802353e+00
   endloop
 endfacet
 facet normal  2.9429304763e-01 3.6594538003e-01 -8.8287914289e-01
   outer loop
     vertex 1.1432784636e+01 3.2131976469e-01 1.6786802353e+00
     vertex 1.1715363512e+01 2.5472834464e-01 1.7452716554e+00
     vertex 1.1432784636e+01 0.0000000000e+00 1.5454961134e+00
   endloop
 endfacet
 facet normal  2.9429304763e-01 3.6594538003e-01 -8.8287914289e-01
   outer loop
     vertex 1.1715363512e+01 2.5472834464e-01 1.7452716554e+00
     vertex 1.1715363512e+01 0.0000000000e+00 1.6396890718e+00
     vertex 1.1432784636e+01 0.0000000000e+00 1.5454961134e+00
   endloop
 endfacet
 facet normal  2.9429304763e-01 -3.6594538003e-01 -8.8287914289e-01
   outer loop
     vertex 1.1432784636e+01 0.0000000000e+00 1.5454961134e+00
     vertex 1.1715363512e+01 0.0000000000e+00 1.6396890718e+00
     vertex 1.1715363512e+01 -2.5472834464e-01 1.7452716554e+00
   endloop
 endfacet
 facet normal  2.9429304763e-01 -3.6594538003e-01 -8.8287914289e-01
   outer loop
     vertex 1.1432784636e+01 0.0000000000e+00 1.5454961134e+00
     vertex 1.1715363512e+01 -2.5472834464e-01 1.7452716554e+00
     vertex 1.1432784636e+01 -3.2131976469e-01 1.6786802353e+00
   endloop
 endfacet
 facet normal  2.9429304763e-01 -8.8287914289e-01 -3.6594538003e-01
   outer loop
     vertex 1.1432784636e+01 -3.2131976469e-01 1.6786802353e+00
     vertex 1.1715363512e+01 -2.5472834464e-01 1.7452716554e+00
     vertex 1.1715363512e+01 -3.6031092821e-01 2.0000000000e+00
   endloop
 endfacet
 facet normal  2.9429304763e-01 -8.8287914289e-01 -3.6594538003e-01
   outer loop
     vertex 1.1432784636e+01 -3.2131976469e-01 1.6786802353e+00
     vertex 1.1715363512e+01 -3.6031092821e-01 2.0000000000e+00
     vertex 1.1432784636e+01 -4.5450388660e-01 2.0000000000e+00
   endloop
 endfacet
 facet normal  2.9429304763e-01 -8.8287914289e-01 3.6594538003e-01
   outer loop
     vertex 1.1432784636e+01 -4.5450388660e-01 2.0000000000e+00
     vertex 1.1715363512e+01 -3.6031092821e-01 2.0000000000e+00
     vertex 1.1432784636e+01 -3.2131976469e-01 2.3213197647e+00
   endloop
 endfacet
 facet normal  2.9429304763e-01 -8.8287914289e-01 3.6594538003e-01
   outer loop
     vertex 1.1715363512e+01 -3.6031092821e-01 2.0000000000e+00
     vertex 1.1715363512e+01 -2.5472834464e-01 2.2547283446e+00
     vertex 1.1432784636e+01 -3.2131976469e-01 2.3213197647e+00
   endloop
 endfacet
 facet normal  2.9429304763e-01 -3.6594538003e-01 8.8287914289e-01
   outer loop
     vertex 1.1432784636e+01 -3.2131976469e-01 2.3213197647e+00
     vertex 1.1715363512e+01 -2.5472834464e-01 2.2547283446e+00
     vertex 1.1432784636e+01 0.0000000000e+00 2.4545038866e+00
   endloop
 endfacet
 facet normal  2.9429304763e-01 -3.6594538003e-01 8.8287914289e-01
   outer loop
     vertex 1.1715363512e+01 -2.5472834464e-01 2.2547283446e+00
     vertex 1.1715363512e+01 0.0000000000e+00 2.3603109282e+00
     vertex 1.1432784636e+01 0.0000000000e+00 2.4545038866e+00
   endloop
 endfacet
 facet normal  3.2378027799e-01 3.6227605614e-01 8.7402653892e-01
   outer loop
     vertex 1.1715363512e+01 0.0000000000e+00 2.3603109282e+00
     vertex 1.1981481481e+01 0.0000000000e+00 2.2617283951e+00
     vertex 1.1981481481e+01 1.8503363512e-01 2.1850336351e+00
   endloop
 endfacet
 facet normal  3.2378027799e-01 3.6227605614e-01 8.7402653892e-01
   outer loop
     vertex 1.1715363512e+01 0.0000000000e+00 2.3603109282e+00
     vertex 1.1981481481e+01 1.8503363512e-01 2.1850336351e+00
     vertex 1.1715363512e+01 2.5472834464e-01 2.2547283446e+00
   endloop
 endfacet
 facet normal  3.2378027799e-01 8.7402653892e-01 3.6227605614e-01
   outer loop
     vertex 1.1715363512e+01 2.5472834464e-01 2.2547283446e+00
     vertex 1.1981481481e+01 1.8503363512e-01 2.1850336351e+00
     vertex 1.1981481481e+01 2.6172839506e-01 2.0000000000e+00
   endloop
 endfacet
 facet normal  3.2378027799e-01 8.7402653892e-01 3.6227605614e-01
   outer loop
     vertex 1.1715363512e+01 2.5472834464e-01 2.2547283446e+00
     vertex 1.1981481481e+01 2.6172839506e-01 2.0000000000e+00
     vertex 1.1715363512e+01 3.6031092821e-01 2.0000000000e+00
   endloop
 endfacet
 facet normal  3.2378027799e-01 8.7402653892e-01 -3.6227605614e-01
   outer loop
     vertex 1.1715363512e+01 3.6031092821e-01 2.0000000000e+00
     vertex 1.1981481481e+01 2.6172839506e-01 2.0000000000e+00
     vertex 1.1715363512e+01 2.5472834464e-01 1.7452716554e+00
   endloop
 endfacet
 facet normal  3.2378027799e-01 8.7402653892e-01 -3.6227605614e-01
   outer loop
     vertex 1.1981481481e+01 2.6172839506e-01 2.0000000000e+00
     vertex 1.1981481481e+01 1.8503363512e-01 1.8149663649e+00
     vertex 1.1715363512e+01 2.5472834464e-01 1.7452716554e+00
   endloop
 endfacet
 facet normal  3.2378027799e-01 3.6227605614e-01 -8.7402653892e-01
   outer loop
     vertex 1.1715363512e+01 2.5472834464e-01 1.7452716554e+00
     vertex 1.1981481481e+01 1.8503363512e-01 1.8149663649e+00
     vertex 1.1715363512e+01 0.0000000000e+00 1.6396890718e+00
   endloop
 endfacet
 facet normal  3.2378027799e-01 3.6227605614e-01 -8.7402653892e-01
   outer loop
     vertex 1.1981481481e+01 1.8503363512e-01 1.8149663649e+00
     vertex 1.1981481481e+01 0.0000000000e+00 1.7382716049e+00
     vertex 1.1715363512e+01 0.0000000000e+00 1.6396890718e+00
   endloop
 endfacet
 facet normal  3.2378027799e-01 -3.6227605614e-01 -8.7402653892e-01
   outer loop
     vertex 1.1715363512e+01 0.0000000000e+00 1.6396890718e+00
     vertex 1.1981481481e+01 0.0000000000e+00 1.7382716049e+00
     vertex 1.1981481481e+01 -1.8503363512e-01 1.8149663649e+00
   endloop
 endfacet
 facet normal  3.2378027799e-01 -3.6227605614e-01 -8.7402653892e-01
   outer loop
     vertex 1.1715363512e+01 0.0000000000e+00 1.6396890718e+00
     vertex 1.1981481481e+01 -1.8503363512e-01 1.8149663649e+00
     vertex 1.1715363512e+01 -2.5472834464e-01 1.7452716554e+00
   endloop
 endfacet
 facet normal  3.2378027799e-01 -8.7402653892e-01 -3.6227605614e-01
   outer loop
     vertex 1.1715363512e+01 -2.5472834464e-01 1.7452716554e+00
     vertex 1.1981481481e+01 -1.8503363512e-01 1.8149663649e+00
     vertex 1.1981481481e+01 -2.6172839506e-01 2.0000000000e+00
   endloop
 endfacet
 facet normal  3.2378027799e-01 -8.7402653892e-01 -3.6227605614e-01
   outer loop
     vertex 1.1715363512e+01 -2.5472834464e-01 1.7452716554e+00
     vertex 1.1981481481e+01 -2.6172839506e-01 2.0000000000e+00
     vertex 1.1715363512e+01 -3.6031092821e-01 2.0000000000e+00
   endloop
 endfacet
 facet normal  3.2378027799e-01 -8.7402653892e-01 3.6227605614e-01
   outer loop
     vertex 1.1715363512e+01 -3.6031092821e-01 2.0000000000e+00
     vertex 1.1981481481e+01 -2.6172839506e-01 2.0000000000e+00
     vertex 1.1715363512e+01 -2.5472834464e-01 2.2547283446e+00
   endloop
 endfacet
 facet normal  3.2378027799e-01 -8.7402653892e-01 3.6227605614e-01
   outer loop
     vertex 1.1981481481e+01 -2.6172839506e-01 2.0000000000e+00
     vertex 1.1981481481e+01 -1.8503363512e-01 2.1850336351e+00
     vertex 1.1715363512e+01 -2.5472834464e-01 2.2547283446e+00
   endloop
 endfacet
 facet normal  3.2378027799e-01 -3.6227605614e-01 8.7402653892e-01
   outer loop
     vertex 1.1715363512e+01 -2.5472834464e-01 2.2547283446e+00
     vertex 1.1981481481e+01 -1.8503363512e-01 2.1850336351e+00
     vertex 1.1715363512e+01 0.0000000000e+00 2.3603109282e+00
   endloop
 endfacet
 facet normal  3.2378027799e-01 -3.6227605614e-01 8.7402653892e-01
   outer loop
     vertex 1.1981481481e+01 -1.8503363512e-01 2.1850336351e+00
     vertex 1.1981481481e+01 0.0000000000e+00 2.2617283951e+00
     vertex 1.1715363512e+01 0.0000000000e+00 2.3603109282e+00
   endloop
 endfacet
 facet normal  3.6070167345e-01 3.5712561786e-01 8.6160060111e-01
   outer loop
     vertex 1.1981481481e+01 0.0000000000e+00 2.2617283951e+00
     vertex 1.2213031550e+01 0.0000000000e+00 2.1647919524e+00
     vertex 1.2213031550e+01 1.1650265915e-01 2.1165026591e+00
   endloop
 endfacet
 facet normal  3.6070167345e-01 3.5712561786e-01 8.6160060111e-01
   outer loop
     vertex 1.1981481481e+01 0.0000000000e+00 2.2617283951e+00
     vertex 1.2213031550e+01 1.1650265915e-01 2.1165026591e+00
     vertex 1.1981481481e+01 1.8503363512e-01 2.1850336351e+00
   endloop
 endfacet
 facet normal  3.6070167345e-01 8.6160060111e-01 3.5712561786e-01
   outer loop
     vertex 1.1981481481e+01 1.8503363512e-01 2.1850336351e+00
     vertex 1.2213031550e+01 1.1650265915e-01 2.1165026591e+00
     vertex 1.2213031550e+01 1.6479195245e-01 2.0000000000e+00
   endloop
 endfacet
 facet normal  3.6070167345e-01 8.6160060111e-01 3.5712561786e-01
   outer loop
     vertex 1.1981481481e+01 1.8503363512e-01 2.1850336351e+00
     vertex 1.2213031550e+01 1.6479195245e-01 2.0000000000e+00
     vertex 1.1981481481e+01 2.6172839506e-01 2.0000000000e+00
   endloop
 endfacet
 facet normal  3.6070167345e-01 8.6160060111e-01 -3.5712561786e-01
   outer loop
     vertex 1.1981481481e+01 2.6172839506e-01 2.0000000000e+00
     vertex 1.2213031550e+01 1.6479195245e-01 2.0000000000e+00
     vertex 1.1981481481e+01 1.8503363512e-01 1.8149663649e+00
   endloop
 endfacet
 facet normal  3.6070167345e-01 8.6160060111e-01 -3.5712561786e-01
   outer loop
     vertex 1.2213031550e+01 1.6479195245e-01 2.0000000000e+00
     vertex 1.2213031550e+01 1.1650265915e-01 1.8834973409e+00
     vertex 1.1981481481e+01 1.8503363512e-01 1.8149663649e+00
   endloop
 endfacet
 facet normal  3.6070167345e-01 3.5712561786e-01 -8.6160060111e-01
   outer loop
     vertex 1.1981481481e+01 1.8503363512e-01 1.8149663649e+00
     vertex 1.2213031550e+01 1.1650265915e-01 1.8834973409e+00
     vertex 1.1981481481e+01 0.0000000000e+00 1.7382716049e+00
   endloop
 endfacet
 facet normal  3.6070167345e-01 3.5712561786e-01 -8.6160060111e-01
   outer loop
     vertex 1.2213031550e+01 1.1650265915e-01 1.8834973409e+00
     vertex 1.2213031550e+01 0.0000000000e+00 1.8352080476e+00
     vertex 1.1981481481e+01 0.0000000000e+00 1.7382716049e+00
   endloop
 endfacet
 facet normal  3.6070167345e-01 -3.5712561786e-01 -8.6160060111e-01
   outer loop
     vertex 1.1981481481e+01 0.0000000000e+00 1.7382716049e+00
     vertex 1.2213031550e+01 0.0000000000e+00 1.8352080476e+00
     vertex 1.2213031550e+01 -1.1650265915e-01 1.8834973409e+00
   endloop
 endfacet
 facet normal  3.6070167345e-01 -3.5712561786e-01 -8.6160060111e-01
   outer loop
     vertex 1.1981481481e+01 0.0000000000e+00 1.7382716049e+00
     vertex 1.2213031550e+01 -1.1650265915e-01 1.8834973409e+00
     vertex 1.1981481481e+01 -1.8503363512e-01 1.8149663649e+00
   endloop
 endfacet
 facet normal  3.6070167345e-01 -8.6160060111e-01 -3.5712561786e-01
   outer loop
     vertex 1.1981481481e+01 -1.8503363512e-01 1.8149663649e+00
     vertex 1.2213031550e+01 -1.1650265915e-01 1.8834973409e+00
     vertex 1.2213031550e+01 -1.6479195245e-01 2.0000000000e+00
   endloop
 endfacet
 facet normal  3.6070167345e-01 -8.6160060111e-01 -3.5712561786e-01
   outer loop
     vertex 1.1981481481e+01 -1.8503363512e-01 1.8149663649e+00
     vertex 1.2213031550e+01 -1.6479195245e-01 2.0000000000e+00
     vertex 1.1981481481e+01 -2.6172839506e-01 2.0000000000e+00
   endloop
 endfacet
 facet normal  3.6070167345e-01 -8.6160060111e-01 3.5712561786e-01
   outer loop
     vertex 1.1981481481e+01 -2.6172839506e-01 2.0000000000e+00
     vertex 1.2213031550e+01 -1.6479195245e-01 2.0000000000e+00
     vertex 1.1981481481e+01 -1.8503363512e-01 2.1850336351e+00
   endloop
 endfacet
 facet normal  3.6070167345e-01 -8.6160060111e-01 3.5712561786e-01
   outer loop
     vertex 1.2213031550e+01 -1.6479195245e-01 2.0000000000e+00
     vertex 1.2213031550e+01 -1.1650265915e-01 2.1165026591e+00
     vertex 1.1981481481e+01 -1.8503363512e-01 2.1850336351e+00
   endloop
 endfacet
 facet normal  3.6070167345e-01 -3.5712561786e-01 8.6160060111e-01
   outer loop
     vertex 1.1981481481e+01 -1.8503363512e-01 2.1850336351e+00
     vertex 1.2213031550e+01 -1.1650265915e-01 2.1165026591e+00
     vertex 1.1981481481e+01 0.0000000000e+00 2.2617283951e+00
   endloop
 endfacet
 facet normal  3.6070167345e-01 -3.5712561786e-01 8.6160060111e-01
   outer loop
     vertex 1.2213031550e+01 -1.1650265915e-01 2.1165026591e+00
     vertex 1.2213031550e+01 0.0000000000e+00 2.1647919524e+00
     vertex 1.1981481481e+01 0.0000000000e+00 2.2617283951e+00
   endloop
 endfacet
 facet normal  4.1861747736e-01 3.4773739833e-01 8.3895060013e-01
   outer loop
     vertex 1.2213031550e+01 0.0000000000e+00 2.1647919524e+00
     vertex 1.2391906722e+01 0.0000000000e+00 2.0755372657e+00
     vertex 1.2391906722e+01 5.3402439766e-02 2.0534024398e+00
   endloop
 endfacet
 facet normal  4.1861747736e-01 3.4773739833e-01 8.3895060013e-01
   outer loop
     vertex 1.2213031550e+01 0.0000000000e+00 2.1647919524e+00
     vertex 1.2391906722e+01 5.3402439766e-02 2.0534024398e+00
     vertex 1.2213031550e+01 1.1650265915e-01 2.1165026591e+00
   endloop
 endfacet
 facet normal  4.1861747736e-01 8.3895060013e-01 3.4773739833e-01
   outer loop
     vertex 1.2213031550e+01 1.1650265915e-01 2.1165026591e+00
     vertex 1.2391906722e+01 5.3402439766e-02 2.0534024398e+00
     vertex 1.2391906722e+01 7.5537265661e-02 2.0000000000e+00
   endloop
 endfacet
 facet normal  4.1861747736e-01 8.3895060013e-01 3.4773739833e-01
   outer loop
     vertex 1.2213031550e+01 1.1650265915e-01 2.1165026591e+00
     vertex 1.2391906722e+01 7.5537265661e-02 2.0000000000e+00
     vertex 1.2213031550e+01 1.6479195245e-01 2.0000000000e+00
   endloop
 endfacet
 facet normal  4.1861747736e-01 8.3895060013e-01 -3.4773739833e-01
   outer loop
     vertex 1.2213031550e+01 1.6479195245e-01 2.0000000000e+00
     vertex 1.2391906722e+01 7.5537265661e-02 2.0000000000e+00
     vertex 1.2213031550e+01 1.1650265915e-01 1.8834973409e+00
   endloop
 endfacet
 facet normal  4.1861747736e-01 8.3895060013e-01 -3.4773739833e-01
   outer loop
     vertex 1.2391906722e+01 7.5537265661e-02 2.0000000000e+00
     vertex 1.2391906722e+01 5.3402439766e-02 1.9465975602e+00
     vertex 1.2213031550e+01 1.1650265915e-01 1.8834973409e+00
   endloop
 endfacet
 facet normal  4.1861747736e-01 3.4773739833e-01 -8.3895060013e-01
   outer loop
     vertex 1.2213031550e+01 1.1650265915e-01 1.8834973409e+00
     vertex 1.2391906722e+01 5.3402439766e-02 1.9465975602e+00
     vertex 1.2213031550e+01 0.0000000000e+00 1.8352080476e+00
   endloop
 endfacet
 facet normal  4.1861747736e-01 3.4773739833e-01 -8.3895060013e-01
   outer loop
     vertex 1.2391906722e+01 5.3402439766e-02 1.9465975602e+00
     vertex 1.2391906722e+01 0.0000000000e+00 1.9244627343e+00
     vertex 1.2213031550e+01 0.0000000000e+00 1.8352080476e+00
   endloop
 endfacet
 facet normal  4.1861747736e-01 -3.4773739833e-01 -8.3895060013e-01
   outer loop
     vertex 1.2213031550e+01 0.0000000000e+00 1.8352080476e+00
     vertex 1.2391906722e+01 0.0000000000e+00 1.9244627343e+00
     vertex 1.2391906722e+01 -5.3402439766e-02 1.9465975602e+00
   endloop
 endfacet
 facet normal  4.1861747736e-01 -3.4773739833e-01 -8.3895060013e-01
   outer loop
     vertex 1.2213031550e+01 0.0000000000e+00 1.8352080476e+00
     vertex 1.2391906722e+01 -5.3402439766e-02 1.9465975602e+00
     vertex 1.2213031550e+01 -1.1650265915e-01 1.8834973409e+00
   endloop
 endfacet
 facet normal  4.1861747736e-01 -8.3895060013e-01 -3.4773739833e-01
   outer loop
     vertex 1.2213031550e+01 -1.1650265915e-01 1.8834973409e+00
     vertex 1.2391906722e+01 -5.3402439766e-02 1.9465975602e+00
     vertex 1.2391906722e+01 -7.5537265661e-02 2.0000000000e+00
   endloop
 endfacet
 facet normal  4.1861747736e-01 -8.3895060013e-01 -3.4773739833e-01
   outer loop
     vertex 1.2213031550e+01 -1.1650265915e-01 1.8834973409e+00
     vertex 1.2391906722e+01 -7.5537265661e-02 2.0000000000e+00
     vertex 1.2213031550e+01 -1.6479195245e-01 2.0000000000e+00
   endloop
 endfacet
 facet normal  4.1861747736e-01 -8.3895060013e-01 3.4773739833e-01
   outer loop
     vertex 1.2213031550e+01 -1.6479195245e-01 2.0000000000e+00
     vertex 1.2391906722e+01 -7.5537265661e-02 2.0000000000e+00
     vertex 1.2213031550e+01 -1.1650265915e-01 2.1165026591e+00
   endloop
 endfacet
 facet normal  4.1861747736e-01 -8.3895060013e-01 3.4773739833e-01
   outer loop
     vertex 1.2391906722e+01 -7.5537265661e-02 2.0000000000e+00
     vertex 1.2391906722e+01 -5.3402439766e-02 2.0534024398e+00
     vertex 1.2213031550e+01 -1.1650265915e-01 2.1165026591e+00
   endloop
 endfacet
 facet normal  4.1861747736e-01 -3.4773739833e-01 8.3895060013e-01
   outer loop
     vertex 1.2213031550e+01 -1.1650265915e-01 2.1165026591e+00
     vertex 1.2391906722e+01 -5.3402439766e-02 2.0534024398e+00
     vertex 1.2213031550e+01 0.0000000000e+00 2.1647919524e+00
   endloop
 endfacet
 facet normal  4.1861747736e-01 -3.4773739833e-01 8.3895060013e-01
   outer loop
     vertex 1.2391906722e+01 -5.3402439766e-02 2.0534024398e+00
     vertex 1.2391906722e+01 0.0000000000e+00 2.0755372657e+00
     vertex 1.2213031550e+01 0.0000000000e+00 2.1647919524e+00
   endloop
 endfacet
 facet normal  5.4236223367e-01 3.2169320042e-01 7.7611641671e-01
   outer loop
     vertex 1.2391906722e+01 0.0000000000e+00 2.0755372657e+00
     vertex 1.2500000000e+01 0.0000000000e+00 2.0000000000e+00
     vertex 1.2391906722e+01 5.3402439766e-02 2.0534024398e+00
   endloop
 endfacet
 facet normal  5.4236223367e-01 7.7611641671e-01 3.2169320042e-01
   outer loop
     vertex 1.2391906722e+01 5.3402439766e-02 2.0534024398e+00
     vertex 1.2500000000e+01 0.0000000000e+00 2.0000000000e+00
     vertex 1.2391906722e+01 7.5537265661e-02 2.0000000000e+00
   endloop
 endfacet
 facet normal  5.4236223367e-01 7.7611641671e-01 -3.2169320042e-01
   outer loop
     vertex 1.2391906722e+01 7.5537265661e-02 2.0000000000e+00
     vertex 1.2500000000e+01 0.0000000000e+00 2.0000000000e+00
     vertex 1.2391906722e+01 5.3402439766e-02 1.9465975602e+00
   endloop
 endfacet
 facet normal  5.4236223367e-01 3.2169320042e-01 -7.7611641671e-01
   outer loop
     vertex 1.2391906722e+01 5.3402439766e-02 1.9465975602e+00
     vertex 1.2500000000e+01 0.0000000000e+00 2.0000000000e+00
     vertex 1.2391906722e+01 0.0000000000e+00 1.9244627343e+00
   endloop
 endfacet
 facet normal  5.4236223367e-01 -3.2169320042e-01 -7.7611641671e-01
   outer loop
     vertex 1.2391906722e+01 0.0000000000e+00 1.9244627343e+00
     vertex 1.2500000000e+01 0.0000000000e+00 2.0000000000e+00
     vertex 1.2391906722e+01 -5.3402439766e-02 1.9465975602e+00
   endloop
 endfacet
 facet normal  5.4236223367e-01 -7.7611641671e-01 -3.2169320042e-01
   outer loop
     vertex 1.2391906722e+01 -5.3402439766e-02 1.9465975602e+00
     vertex 1.2500000000e+01 0.0000000000e+00 2.0000000000e+00
     vertex 1.2391906722e+01 -7.5537265661e-02 2.0000000000e+00
   endloop
 endfacet
 facet normal  5.4236223367e-01 -7.7611641671e-01 3.2169320042e-01
   outer loop
     vertex 1.2391906722e+01 -7.5537265661e-02 2.0000000000e+00
     vertex 1.2500000000e+01 0.0000000000e+00 2.0000000000e+00
     vertex 1.2391906722e+01 -5.3402439766e-02 2.0534024398e+00
   endloop
 endfacet
 facet normal  5.4236223367e-01 -3.2169320042e-01 7.7611641671e-01
   outer loop
     vertex 1.2391906722e+01 -5.3402439766e-02 2.0534024398e+00
     vertex 1.2500000000e+01 0.0000000000e+00 2.0000000000e+00
     vertex 1.2391906722e+01 0.0000000000e+00 2.0755372657e+00
   endloop
 endfacet
endsolid
