 w13                                                                             

 OPTIONS= 001001010000100001001000010000 L=   22 M=   38 N=  162

 Y1=   3.22920 Y2=   4.52088 X3=   3.02435 X4=   3.31835 Z3=   0.00000 Y3=   0.20000

 XF1=  -4.65000 XF2=  -3.85861 YF1=   0.20000 YF2=   2.26044 XF3=  -3.46292 YCL=   0.20000

 B1=  0.929381 B2=  0.070000 B3= 20.000000 B4=  0.200000 B5=  5.000000 B6=  3.229200

 YBAR1=  1.291680 YSLOP1=  2.583360 MBAR=   14 JPRINT=    3 YBAR2=  1.187185 YSLOP2=  2.583360 YG1R=  0.264584

 NITS=  100 NLPP=    5 STOL=  0.000000 R1=   0.11000 R2=   0.69000

 IDEL= 1000 NDEL=    1

 * MAINIM DONE *

 ETA DERIVATIVES PART 1

     J    ETA        Y         YE       YEE
     3  0.000000   0.00000   2.58336  -9.85393
     4  0.027778   0.06884   2.39759  -4.21308
     5  0.055556   0.13425   2.32719  -1.07485
     6  0.083333   0.19879   2.33090   1.28366
     7  0.111111   0.26432   2.39796   3.57908
     8  0.138889   0.33264   2.53419   6.36213
     9  0.166667   0.40595   2.76289  10.41288
    10  0.194444   0.48748   3.13892  17.37166
    11  0.222222   0.58284   3.79289  31.60591
    12  0.250000   0.70387   5.07782  66.15953
    13  0.277778   0.87754   7.60425  92.89165
    14  0.305556   1.09168   6.59035-130.62494
    15  0.333333   1.31297   6.72488-147.97782
    16  0.361111   1.46765   4.91629 -26.64654
    17  0.388889   1.59710   4.48550  -8.30471
    18  0.416667   1.71946   4.35256  -2.12819
    19  0.444444   1.83999   4.33939   0.88326
    20  0.472222   1.96112   4.39024   2.62556
    21  0.500000   2.08423   4.47761   3.52344
    22  0.527778   2.20999   4.57640   3.36683
    23  0.555556   2.33823   4.64763   1.34821
    24  0.583333   2.46730   4.62113  -3.92176
    25  0.611111   2.59307   4.39140 -13.18374
    26  0.638889   2.70862   3.88291 -22.86609
    27  0.666667   2.80701   3.18860 -25.54346
    28  0.694444   2.88623   2.53996 -20.25728
    29  0.722222   2.94996   2.08529 -12.45289
    30  0.750000   3.00404   1.84103  -5.30175
    31  0.777778   3.05397   1.78480   1.24546
    32  0.805556   3.10492   1.91758   8.61450
    33  0.833333   3.16271   2.29210  19.13377
    34  0.861111   3.23571   3.04360  36.52032
    35  0.888889   3.33769   4.43600  66.40225
    36  0.916667   3.49229   6.93616 119.02542
    37  0.944444   3.74273  11.65428 243.67809
    38  0.972222   4.20736  24.68783 937.47401

 YSECT=   0.00000 INTERPOLATED TO WEBER POINTS

     X/C       Z/C         DZ/DX      D2Z/DX2      SLOPE
   1.000000  0.003000    -0.28689 10000.00000   163.99218
   0.999398  0.003171    -0.28241    -3.63187   164.22992
   0.997592  0.003677    -0.27814    -1.72889   164.45652
   0.994588  0.004506    -0.27409    -1.09798   164.67245
   0.990393  0.005647    -0.27023    -0.78487   164.87811
   0.985016  0.007088    -0.26539    -0.98995   165.13695
   0.978470  0.008803    -0.25878    -1.01295   165.49115
   0.970772  0.010765    -0.25109    -0.97914   165.90497
   0.961940  0.012944    -0.24217    -1.03792   166.38668
   0.951995  0.015303    -0.23249    -0.88041   166.91156
   0.940961  0.017807    -0.22017    -1.44683   167.58318
   0.928864  0.020416    -0.21607     0.41917   167.80752
   0.915735  0.023216    -0.20636    -1.34372   168.33993
   0.901604  0.026017    -0.19491     0.52790   168.97081
   0.886505  0.028937    -0.18502    -0.85232   169.51771
   0.870476  0.031903    -0.18096    -1.86401   169.74250
   0.853553  0.034880    -0.17542    -0.99120   170.05053
   0.835779  0.037851    -0.16689    -0.32047   170.52539
   0.817197  0.040793    -0.15702     0.11918   171.07628
   0.797850  0.043675    -0.14686     0.32550   171.64524
   0.777785  0.046468    -0.13687     0.30950   172.20649
   0.757051  0.049145    -0.12700     0.08860   172.76198
   0.735698  0.051680    -0.11684    -0.31741   173.33559
   0.713778  0.054047    -0.10568    -0.88857   173.96709
   0.691342  0.056220    -0.09265    -1.60601   174.70654
   0.668445  0.058172    -0.07751    -1.52358   175.56802
   0.645142  0.059879    -0.06415    -0.54483   176.32949
   0.621490  0.061335    -0.05319     0.03851   176.95543
   0.597545  0.062637    -0.04617    -1.14339   177.35625
   0.573365  0.063666    -0.03354    -0.27177   178.07888
   0.549009  0.064521    -0.03690     0.27238   177.88690
   0.524534  0.065225    -0.02546     0.33644   178.54144
   0.500000  0.065750    -0.01363     0.33013   179.21930
   0.475466  0.066088    -0.00469    -0.71367   179.73106
   0.450991  0.066209    -0.00607     0.41370   179.65245
   0.426635  0.066201     0.00526     0.34219   180.30113
   0.402455  0.066020     0.01647    -0.05437   180.94341
   0.378510  0.065666     0.01302     0.16248   180.74572
   0.354858  0.065161     0.02465     0.34093   181.41181
   0.331555  0.064507     0.03643     0.14529   182.08664
   0.308658  0.063713     0.03291     0.21054   181.88470
   0.286222  0.062798     0.04323    -0.09719   182.47541
   0.264302  0.061653     0.05442     0.34481   183.11523
   0.242949  0.060424     0.06649    -0.24586   183.80408
   0.222215  0.059083     0.06606    -0.91487   183.77971
   0.202150  0.057525     0.08616    -0.07475   184.92468
   0.182803  0.055889     0.08550    -0.80336   184.88670
   0.164221  0.054098     0.10578    -0.19685   186.03801
   0.146447  0.052211     0.11327    -1.25309   186.46236
   0.129524  0.050149     0.13141    -1.35781   187.48624
   0.113495  0.047991     0.13444    -0.41230   187.65684
   0.098396  0.045818     0.15919    -2.32292   189.04487
   0.084265  0.043438     0.17472    -1.46886   189.91054
   0.071136  0.040960     0.20253    -1.70006   191.44942
   0.059039  0.038362     0.23091    -3.27279   193.00234
   0.048005  0.035604     0.27027    -4.12551   195.12402
   0.038060  0.032673     0.32348    -6.49622   197.92549
   0.029228  0.029544     0.38728    -8.42126   201.17053
   0.021530  0.026248     0.47953   -16.64342   205.61896
   0.014984  0.022677     0.62394   -28.38843   211.96163
   0.009607  0.018825     0.82980   -53.58759   219.68604
   0.005412  0.014684     1.20841  -150.28878   230.39114
   0.002408  0.010088     1.99969  -476.63175   243.43141
   0.000602  0.005129     4.21423 -3613.92019   256.65112
   0.000000 -0.000000 10000.00000 10000.00000   270.00000
   0.000602 -0.005111    -4.18482  3613.84364   283.43933
   0.002408 -0.010017    -1.97035   476.64180   296.90894
   0.005412 -0.014525    -1.17889   150.32417   310.30649
   0.009607 -0.018543    -0.80062    53.44383   321.31851
   0.014984 -0.022238    -0.59468    28.53282   329.26088
   0.021530 -0.025614    -0.44907    16.65280   335.81677
   0.029228 -0.028684    -0.35976     7.75159   340.21305
   0.038060 -0.031564    -0.29079     8.32783   343.78601
   0.048005 -0.034107    -0.23172     2.69231   346.95376
   0.059039 -0.036524    -0.20324     3.55582   348.51174
   0.071136 -0.038768    -0.17279     1.61821   350.19686
   0.084265 -0.040863    -0.14567     1.62276   351.71178
   0.098396 -0.042819    -0.13225     1.02527   352.46622
   0.113495 -0.044697    -0.11679     0.98565   353.33855
   0.129524 -0.046441    -0.10067     1.03742   354.25150
   0.146447 -0.048006    -0.08377     1.29743   355.21157
   0.164221 -0.049372    -0.07686     0.37390   355.60499
   0.182803 -0.050640    -0.06698    -0.11854   356.16829
   0.202150 -0.051780    -0.05620    -0.33174   356.78334
   0.222215 -0.052750    -0.03664     0.88772   357.90158
   0.242949 -0.053482    -0.03726     0.26276   357.86617
   0.264302 -0.054092    -0.02670     0.28462   358.47059
   0.286222 -0.054475    -0.01573    -0.36640   359.09853
   0.308658 -0.054737    -0.00438    -0.55129   359.74931
   0.331555 -0.054739     0.00590    -0.35966   360.33815
   0.354858 -0.054592     0.01543     0.69181   360.88378
   0.378510 -0.054242     0.01771     1.50933   361.01488
   0.402455 -0.053642     0.03373     1.24851   361.93212
   0.426635 -0.052733     0.04636     0.01061   362.65417
   0.450991 -0.051531     0.05446    -0.61125   363.11705
   0.475466 -0.049986     0.07567     0.21750   364.32752
   0.500000 -0.048050     0.08966     0.74254   365.12335
   0.524534 -0.045588     0.10321     0.44829   365.89274
   0.549009 -0.042837     0.12116     3.17567   366.90832
   0.573365 -0.039549     0.14259     1.41418   368.11503
   0.597545 -0.035858     0.15408    -0.24823   368.75953
   0.621490 -0.032030     0.17261     1.02372   369.79313
   0.645142 -0.027902     0.17393     0.69273   369.86665
   0.668445 -0.023638     0.18439     0.12911   370.44756
   0.691342 -0.019401     0.19178     1.45159   370.85661
   0.713778 -0.015028     0.19480     0.04393   371.02314
   0.735698 -0.010751     0.19512    -0.75347   371.04110
   0.757051 -0.006776     0.18542     0.35465   370.50444
   0.777785 -0.003019     0.17334     0.32816   369.83413
   0.797850  0.000407     0.16347     0.55429   369.28412
   0.817197  0.003465     0.14007    -1.27741   367.97371
   0.835779  0.005941     0.12408    -1.65887   367.07294
   0.853553  0.007818     0.08745    -1.92315   364.99756
   0.870476  0.009014     0.05185    -2.45228   362.96787
   0.886505  0.009688     0.03309    -2.84286   361.89522
   0.901604  0.009828    -0.00094     0.01812   359.94587
   0.915735  0.009618    -0.03825    -3.51671   357.80978
   0.928864  0.008855    -0.07347    -1.51869   355.79819
   0.940961  0.007820    -0.10351    -3.67393   354.09026
   0.951995  0.006511    -0.12881    -1.51151   352.66041
   0.961940  0.005117    -0.15527    -3.47083   351.17399
   0.970772  0.003619    -0.18305    -2.80978   349.62704
   0.978470  0.002124    -0.20553    -3.03492   348.38594
   0.985016  0.000713    -0.22557    -3.00455   347.28880
   0.990393 -0.000541    -0.24033    -2.41172   346.48654
   0.994588 -0.001573    -0.25194    -3.24309   345.85927
   0.997592 -0.002346    -0.26370    -4.92113   345.22764
   0.999398 -0.002832    -0.27563    -9.98624   344.59043
   1.000000 -0.003000    -0.28776 10000.00000   343.94641

 Y1=   3.22920 X1=   2.26111 X1D=   0.70021 X1D2=   0.00000 X2=   2.55511 X2D=   0.59389 X2D2=   0.00000

 Z1=   0.00000 Z1D=   0.00000 Z1D2=   0.00000 XTWY1=   0.50000 TWY1=   0.84219 DEG

      Y         G1        G2        H1        H2        G3        H3
    0.00000  -0.00000   1.00000   0.03358  -0.03358  -4.71507   0.35024
    0.03247   0.02273   1.01017   0.03294  -0.03294  -4.70275   0.34819
    0.06493   0.04547   1.02033   0.03230  -0.03230  -4.69043   0.34608
    0.09784   0.06851   1.03063   0.03165  -0.03165  -4.67794   0.34388
    0.13075   0.09155   1.04094   0.03099  -0.03099  -4.66546   0.34160
    0.16537   0.11580   1.05178   0.03031  -0.03031  -4.65233   0.33912
    0.20000   0.14004   1.06262   0.02963  -0.02963  -4.63920   0.33656
    0.23442   0.16414   1.07340   0.02894  -0.02894  -4.62616   0.33393
    0.26884   0.18824   1.08418   0.02826  -0.02826  -4.61312   0.33120
    0.30154   0.21114   1.09442   0.02762  -0.02762  -4.60074   0.32853
    0.33425   0.23405   1.10466   0.02697  -0.02697  -4.58835   0.32576
    0.36652   0.25664   1.11476   0.02633  -0.02633  -4.57614   0.32294
    0.39879   0.27924   1.12487   0.02569  -0.02569  -4.56393   0.32002
    0.43156   0.30218   1.13513   0.02505  -0.02505  -4.55154   0.31695
    0.46432   0.32512   1.14539   0.02440  -0.02440  -4.53915   0.31378
    0.49848   0.34904   1.15608   0.02372  -0.02372  -4.52624   0.31035
    0.53264   0.37296   1.16678   0.02305  -0.02305  -4.51334   0.30679
    0.56929   0.39862   1.17825   0.02232  -0.02232  -4.49949   0.30283
    0.60595   0.42429   1.18973   0.02160  -0.02160  -4.48566   0.29869
    0.64671   0.45283   1.20250   0.02079  -0.02079  -4.47028   0.29389
    0.68748   0.48138   1.21526   0.01999  -0.01999  -4.45490   0.28886
    0.73516   0.51477   1.23019   0.01904  -0.01904  -4.43693   0.28267
    0.78284   0.54815   1.24512   0.01810  -0.01810  -4.41897   0.27611
    0.84335   0.59052   1.26407   0.01691  -0.01691  -4.39619   0.26723
    0.90387   0.63290   1.28301   0.01571  -0.01571  -4.37343   0.25764
    0.99070   0.69370   1.31020   0.01399  -0.01399  -4.34080   0.24251
    1.07754   0.75450   1.33739   0.01227  -0.01227  -4.30820   0.22550
    1.18461   0.82947   1.37092   0.01016  -0.01016  -4.26805   0.20142
    1.29168   0.90444   1.40444   0.00804  -0.00804  -4.22792   0.17311
    1.40240   0.98197   1.47020   0.00770  -0.00770  -4.18548   0.17080
    1.51305   1.05945   1.53592   0.00737  -0.00737  -4.14307   0.16829
    1.59040   1.11361   1.58185   0.00713  -0.00713  -4.11343   0.16642
    1.66775   1.16777   1.62778   0.00690  -0.00690  -4.08379   0.16443
    1.73247   1.21309   1.66623   0.00670  -0.00670  -4.05899   0.16268
    1.79720   1.25841   1.70467   0.00651  -0.00651  -4.03419   0.16085
    1.85838   1.30126   1.74100   0.00632  -0.00632  -4.01075   0.15903
    1.91957   1.34410   1.77734   0.00614  -0.00614  -3.98731   0.15714
    1.97984   1.38630   1.81313   0.00595  -0.00595  -3.96422   0.15518
    2.04011   1.42850   1.84892   0.00577  -0.00577  -3.94114   0.15314
    2.10068   1.47091   1.88490   0.00559  -0.00559  -3.91794   0.15100
    2.16125   1.51332   1.92087   0.00540  -0.00540  -3.89474   0.14877
    2.22280   1.55642   1.95743   0.00522  -0.00522  -3.87116   0.14639
    2.28436   1.59953   1.99398   0.00503  -0.00503  -3.84759   0.14390
    2.34725   1.64356   2.03133   0.00484  -0.00484  -3.82359   0.14124
    2.41013   1.68759   2.06868   0.00465  -0.00465  -3.79982   0.13846
    2.47425   1.73249   2.10676   0.00445  -0.00445  -3.77599   0.13550
    2.53838   1.77739   2.14484   0.00426  -0.00426  -3.75272   0.13240
    2.60292   1.82258   2.18317   0.00406  -0.00406  -3.72999   0.12915
    2.66746   1.86777   2.22150   0.00387  -0.00387  -3.70808   0.12574
    2.73035   1.91181   2.25885   0.00367  -0.00367  -3.68761   0.12226
    2.79324   1.95585   2.29620   0.00348  -0.00348  -3.66809   0.11862
    2.85102   1.99630   2.33051   0.00331  -0.00331  -3.65103   0.11512
    2.90880   2.03676   2.36483   0.00313  -0.00313  -3.63485   0.11147
    2.95800   2.07121   2.39405   0.00298  -0.00298  -3.62178   0.10822
    3.00719   2.10566   2.42326   0.00283  -0.00283  -3.60937   0.10485
    3.04680   2.13339   2.44679   0.00271  -0.00271  -3.59987   0.10203
    3.08641   2.16113   2.47031   0.00259  -0.00259  -3.59079   0.09912
    3.11828   2.18345   2.48924   0.00250  -0.00250  -3.58379   0.09670
    3.15015   2.20576   2.50817   0.00240  -0.00240  -3.57707   0.09422
    3.17719   2.22469   2.52422   0.00232  -0.00232  -3.57159   0.09206
    3.20423   2.24363   2.54028   0.00224  -0.00224  -3.56629   0.08985
    3.22920   2.26111   2.55511   0.00216  -0.00216  -3.56157   0.08775
    3.25397   2.27845   2.56982   0.00214  -0.00214  -3.55702   0.08792
    3.27945   2.29623   2.58494   0.00212  -0.00212  -3.55250   0.08810
    3.30492   2.31392   2.60003   0.00210  -0.00210  -3.54814   0.08828
    3.33382   2.33383   2.61711   0.00208  -0.00208  -3.54339   0.08848
    3.36271   2.35352   2.63412   0.00206  -0.00206  -3.53884   0.08868
    3.39921   2.37800   2.65551   0.00204  -0.00204  -3.53338   0.08894
    3.43571   2.40198   2.67675   0.00202  -0.00202  -3.52823   0.08919
    3.48670   2.43450   2.70610   0.00200  -0.00200  -3.52152   0.08955
    3.53769   2.46579   2.73504   0.00198  -0.00198  -3.51536   0.08990
    3.61499   2.51065   2.77794   0.00196  -0.00196  -3.50702   0.09042
    3.69229   2.55232   2.81949   0.00196  -0.00196  -3.49977   0.09093
    3.81751   2.61320   2.88349   0.00199  -0.00199  -3.49010   0.09171
    3.94273   2.66676   2.94286   0.00203  -0.00203  -3.48262   0.09243
    4.17504   2.75156   3.03947   0.00212  -0.00212  -3.47320   0.09362
    4.40736   2.82420   3.11789   0.00216  -0.00216  -3.46784   0.09465
    4.63967   2.88489   3.17889   0.00216  -0.00216  -3.46495   0.09550

 ETA DERIVATIVES PART 2

     J    ETA        Y         YE       YEE
     3  0.000000   0.00000   2.58336  -3.49539
     4  0.027778   0.07080   2.52663  -0.74892
     5  0.055556   0.14098   2.53653   1.41783
     6  0.083333   0.21225   2.60501   3.53926
     7  0.111111   0.28628   2.73657   6.03346
     8  0.138889   0.36502   2.94853   9.44073
     9  0.166667   0.45116   3.27813  14.72699
    10  0.194444   0.54891   3.80219  23.92317
    11  0.222222   0.66564   4.68119  41.13281
    12  0.250000   0.81471   6.15916  63.22505
    13  0.277778   1.00617   7.26359 -15.11596
    14  0.305556   1.18718   5.47866 -78.93657
    15  0.333333   1.38299   6.68815-150.67062
    16  0.361111   1.53480   4.76633 -28.49845
    17  0.388889   1.65959   4.30558  -8.95361
    18  0.416667   1.77674   4.15857  -2.55006
    19  0.444444   1.89173   4.13442   0.50063
    20  0.472222   2.00702   4.17455   2.23237
    21  0.500000   2.12398   4.25079   3.11922
    22  0.527778   2.24328   4.33873   3.00449
    23  0.555556   2.36480   4.40212   1.18637
    24  0.583333   2.48704   4.37768  -3.53493
    25  0.611111   2.60632   4.17187 -11.78698
    26  0.638889   2.71645   3.71645 -20.55345
    27  0.666667   2.81113   3.08703 -23.38587
    28  0.694444   2.88825   2.48646 -18.98279
    29  0.722222   2.95089   2.05631 -11.90407
    30  0.750000   3.00431   1.82101  -5.16589
    31  0.777778   3.05370   1.76467   1.11068
    32  0.805556   3.10401   1.88979   8.17709
    33  0.833333   3.16080   2.24561  18.16686
    34  0.861111   3.23202   2.95728  34.50217
    35  0.888889   3.33060   4.26940  62.48789
    36  0.916667   3.47873   6.62436 112.34811
    37  0.944444   3.71745  11.09960 232.09183
    38  0.972222   4.16046  23.58183 901.14951

 MEAN CHORD ON WHICH REYNOLDS NUMBER FOR VISCOUS CALCULATION MUST BE BASED IS  0.602724

 PHYSICAL PLANFORM  Y1=   3.22920

     J     ETA       Y         G1        H1        Y         G2        H2
     3   0.00000   0.19792   0.15238   0.02878   0.19779   1.06192  -0.02967
     4   0.02778   0.23969   0.16783   0.02884   0.23969   1.07505  -0.02884
     5   0.05556   0.28753   0.20133   0.02789   0.28753   1.09003  -0.02789
     6   0.08333   0.34173   0.23928   0.02682   0.34173   1.10700  -0.02682
     7   0.11111   0.40289   0.28211   0.02561   0.40289   1.12615  -0.02561
     8   0.13889   0.47213   0.33059   0.02424   0.47213   1.14783  -0.02424
     9   0.16667   0.55151   0.38617   0.02268   0.55151   1.17268  -0.02268
    10   0.19444   0.64487   0.45154   0.02083   0.64487   1.20192  -0.02083
    11   0.22222   0.75950   0.53181   0.01856   0.75950   1.23781  -0.01856
    12   0.25000   0.90915   0.63659   0.01560   0.90915   1.28467  -0.01560
    13   0.27778   1.10469   0.77351   0.01174   1.10469   1.34590  -0.01174
    14   0.30556   1.29168   0.90444   0.00804   1.29168   1.40444  -0.00804
    15   0.33333   1.49540   1.04709   0.00742   1.49540   1.52543  -0.00742
    16   0.36111   1.65404   1.15817   0.00694   1.65404   1.61964  -0.00694
    17   0.38889   1.78478   1.24972   0.00654   1.78478   1.69729  -0.00654
    18   0.41667   1.90775   1.33582   0.00617   1.90775   1.77032  -0.00617
    19   0.44444   2.02861   1.42045   0.00580   2.02861   1.84209  -0.00580
    20   0.47222   2.14993   1.50539   0.00544   2.14993   1.91414  -0.00544
    21   0.50000   2.27312   1.59166   0.00506   2.27312   1.98731  -0.00506
    22   0.52778   2.39890   1.67972   0.00468   2.39890   2.06200  -0.00468
    23   0.55556   2.52709   1.76949   0.00429   2.52709   2.13814  -0.00429
    24   0.58333   2.65614   1.85985   0.00390   2.65614   2.21478  -0.00390
    25   0.61111   2.78212   1.94806   0.00352   2.78212   2.28960  -0.00352
    26   0.63889   2.89850   2.02955   0.00316   2.89850   2.35871  -0.00316
    27   0.66667   2.99858   2.09963   0.00286   2.99858   2.41815  -0.00286
    28   0.69444   3.08012   2.15672   0.00261   3.08012   2.46657  -0.00261
    29   0.72222   3.14636   2.20311   0.00241   3.14636   2.50591  -0.00241
    30   0.75000   3.20287   2.24267   0.00224   3.20287   2.53947  -0.00224
    31   0.77778   3.25512   2.27925   0.00214   3.25512   2.57050  -0.00214
    32   0.80556   3.30834   2.31629   0.00210   3.30834   2.60205  -0.00210
    33   0.83333   3.36844   2.35739   0.00206   3.36844   2.63749  -0.00206
    34   0.86111   3.44381   2.40722   0.00202   3.44381   2.68144  -0.00202
    35   0.88889   3.54816   2.47205   0.00198   3.54816   2.74092  -0.00198
    36   0.91667   3.70499   2.55886   0.00196   3.70499   2.82618  -0.00196
    37   0.94444   3.95780   2.67277   0.00204   3.95780   2.94967  -0.00204
    38   0.97222   4.42717   2.82986   0.00216   4.42717   3.12376  -0.00216

 * MAPBOD DONE *

 CURVE FIT AND S-MU TABLE FOR J=   3  Y=  0.000000  EPS= -0.001141  TE ANG(DEG)=   -0.2054

          X              Z             DZ/DX         D2Z/DX2          S              SCOS           MU
        1.000000       0.005623      -0.521620   10000.000000       0.000000       0.000000       2.660799
        0.999379       0.005943      -0.513599      -6.292885       0.000699       0.036263       2.667125
        0.997519       0.006891      -0.505879      -3.056526       0.002787       0.072431       2.673253
        0.994423       0.008444      -0.498342      -2.007691       0.006250       0.108503       2.679273
        0.990101       0.010582      -0.491134      -1.415568       0.011072       0.144476       2.685063
        0.984560       0.013278      -0.481944      -1.778661       0.017234       0.180338       2.692494
        0.977815       0.016488      -0.469600      -1.840099       0.024704       0.216037       2.702559
        0.969882       0.020156      -0.455452      -1.723850       0.033444       0.251538       2.714214
        0.960781       0.024226      -0.438648      -1.928808       0.043413       0.286814       2.728219
        0.950536       0.028629      -0.421580      -1.446806       0.054565       0.321834       2.742623
        0.939170       0.033299      -0.398206      -2.551318       0.066853       0.356583       2.762633
        0.926715       0.038161      -0.389511       0.863114       0.080223       0.391038       2.770161
        0.913182       0.043375      -0.372112      -3.123919       0.094726       0.425416       2.785356
        0.898629       0.048586      -0.351818       0.112320       0.110184       0.459393       2.803299
        0.883067       0.054016      -0.342737      -1.196667       0.126667       0.493220       2.811403
        0.866541       0.059529      -0.325041      -0.958057       0.144088       0.526800       2.827324
        0.849093       0.065058      -0.308985      -0.885935       0.162392       0.560109       2.841913
        0.830762       0.070575      -0.293033      -0.856150       0.181535       0.593149       2.856540
        0.811594       0.076035      -0.276581      -0.860715       0.201465       0.625909       2.871758
        0.791636       0.081383      -0.259378      -0.863655       0.222128       0.658373       2.887807
        0.770939       0.086566      -0.241529      -0.861966       0.243464       0.690524       2.904602
        0.749557       0.091534      -0.223163      -0.856974       0.265416       0.722347       2.922027
        0.727544       0.096239      -0.204303      -0.857629       0.287926       0.753826       2.940063
        0.704959       0.100634      -0.184910      -0.860670       0.310935       0.784948       2.958748
        0.681863       0.104672      -0.164520      -0.905279       0.334382       0.815695       2.978534
        0.658318       0.108298      -0.143701      -0.865197       0.358205       0.846049       2.998869
        0.634390       0.111473      -0.121013      -1.030053       0.382343       0.875994       3.021165
        0.610141       0.114183      -0.105643      -0.248519       0.406743       0.905523       3.036340
        0.585606       0.116610      -0.088613      -1.131916       0.431399       0.934682       3.053210
        0.560879       0.118529      -0.069521      -0.418883       0.456200       0.963392       3.072183
        0.535996       0.120127      -0.058771      -0.445723       0.481134       0.991690       3.082889
        0.511012       0.121444      -0.046138      -0.566148       0.506153       1.019568       3.095487
        0.485998       0.122428      -0.032904      -0.492859       0.531187       1.046991       3.108701
        0.461021       0.123066      -0.016876      -0.792356       0.556173       1.073936       3.124718
        0.436154       0.123298      -0.004147      -0.229374       0.581040       1.100367       3.137445
        0.411433       0.123292       0.006241      -0.614758       0.605762       1.126296       3.147834
        0.386935       0.122961       0.020511      -0.550474       0.630262       1.151680       3.162101
        0.362724       0.122308       0.033235      -0.500783       0.654483       1.176495       3.174815
        0.338854       0.121371       0.045325      -0.513219       0.678371       1.200721       3.186887
        0.315385       0.120157       0.058485      -0.610891       0.701871       1.224333       3.200011
        0.292376       0.118679       0.068735      -0.273430       0.724928       1.247306       3.210219
        0.269877       0.116975       0.086690      -1.349998       0.747492       1.269617       3.228067
        0.247988       0.114841       0.104265      -0.225938       0.769484       1.291216       3.245483
        0.226710       0.112549       0.112274      -0.536769       0.790885       1.312106       3.253398
        0.206108       0.110046       0.134621      -1.672936       0.811640       1.332254       3.275410
        0.186275       0.107137       0.153838      -0.209760       0.831685       1.351621       3.294234
        0.167207       0.104082       0.171231      -1.677376       0.850996       1.370200       3.311179
        0.148984       0.100735       0.193024      -0.667436       0.869525       1.387960       3.332271
        0.131625       0.097211       0.217538      -2.238552       0.887238       1.404885       3.355793
        0.115207       0.093359       0.250382      -1.733288       0.904103       1.420953       3.386931
        0.099738       0.089328       0.267273      -0.362966       0.920088       1.436149       3.402761
        0.085224       0.085270       0.302577      -4.812955       0.935160       1.450446       3.435412
        0.071776       0.080826       0.353288      -2.545116       0.949324       1.463861       3.481194
        0.059383       0.076201       0.397817      -4.833138       0.962553       1.476372       3.520216
        0.048083       0.071353       0.464833      -7.246256       0.974851       1.487990       3.576713
        0.037915       0.066208       0.551970     -10.183023       0.986248       1.498746       3.645947
        0.028907       0.060744       0.671976     -17.293095       0.996787       1.508685       3.733262
        0.021086       0.054915       0.825093     -22.441527       1.006546       1.517883       3.831448
        0.014454       0.048776       1.059633     -53.414219       1.015589       1.526402       3.955936
        0.009058       0.042129       1.441540     -96.086084       1.024158       1.534472       4.105902
        0.004905       0.034965       2.131396    -284.632400       1.032449       1.542277       4.273703
        0.001996       0.027268       3.320519    -648.428502       1.040685       1.550029       4.419870
        0.000375       0.018728      11.298348  -23451.597209       1.049392       1.558223       4.624111
        0.000000       0.009521   10000.000000   10000.000000       1.058610       1.566897       4.712389
        0.000801       0.000000      -6.103498    1390.652153       1.068175       1.575897       4.874787
        0.002719      -0.009486      -3.929126     939.716559       1.077856       1.585007       4.961607
        0.005709      -0.018590      -2.481294     244.098936       1.087445       1.594032       5.095492
        0.009729      -0.026958      -1.747436     141.468245       1.096737       1.602778       5.232167
        0.014771      -0.034417      -1.278723      59.336392       1.105748       1.611262       5.376076
        0.020873      -0.041281      -0.992603      37.502276       1.114937       1.619918       5.501499
        0.028033      -0.047554      -0.774390      24.965729       1.124462       1.628894       5.624256
        0.036247      -0.053261      -0.634689      10.702959       1.134468       1.638328       5.717649
        0.045523      -0.058620      -0.514531      14.709053       1.145184       1.648438       5.807980
        0.055823      -0.063356      -0.423339       3.999802       1.156523       1.659144       5.882722
        0.067159      -0.067859      -0.368216       5.577231       1.168723       1.670674       5.930376
        0.079503      -0.072044      -0.314513       3.293839       1.181758       1.683009       5.978467
        0.092830      -0.075954      -0.272993       2.957035       1.195648       1.696171       6.016686
        0.107115      -0.079611      -0.242832       1.365497       1.210393       1.710169       6.044965
        0.122331      -0.083126      -0.217769       1.897427       1.226011       1.725024       6.068764
        0.138439      -0.086395      -0.188525       1.741807       1.242447       1.740695       6.096848
        0.155398      -0.089333      -0.157458       1.914115       1.259660       1.757153       6.127010
        0.173171      -0.091903      -0.135696       0.592741       1.277619       1.774377       6.148313
        0.191726      -0.094294      -0.120793       0.998063       1.296327       1.792387       6.162974
        0.211019      -0.096449      -0.103027       0.849809       1.315740       1.811151       6.180520
        0.231001      -0.098289      -0.078822       1.551257       1.335807       1.830641       6.204526
        0.251625      -0.099687      -0.061493       0.170331       1.356479       1.850823       6.221769
        0.272851      -0.100858      -0.044511       1.398699       1.377737       1.871701       6.238703
        0.294623      -0.101606      -0.029061       0.052672       1.399523       1.893238       6.254133
        0.316898      -0.102128      -0.012912       1.371392       1.421803       1.915426       6.270274
        0.339616      -0.102165       0.005486       0.268940       1.444522       1.938234       6.288671
        0.362730      -0.101920       0.017572       0.770016       1.467637       1.961648       6.300755
        0.386182      -0.101296       0.035702       0.777222       1.491098       1.985645       6.318873
        0.409916      -0.100200       0.057924       1.093572       1.514858       2.010209       6.341044
        0.433872      -0.098523       0.081077       0.842833       1.538872       2.035329       6.364085
        0.457992      -0.096291       0.105249       1.161340       1.563097       2.060992       6.388048
        0.482216      -0.093414       0.131809       1.033609       1.587491       2.087196       6.414238
        0.506480      -0.089797       0.171053       2.203035       1.612025       2.113949       6.452598
        0.530715      -0.085188       0.201767       0.330311       1.636695       2.141294       6.482280
        0.554869      -0.080033       0.232682       2.239373       1.661394       2.169161       6.511799
        0.578865      -0.073870       0.278325       1.563426       1.686171       2.197657       6.554640
        0.602643      -0.066948       0.298067       0.085124       1.710936       2.226741       6.572868
        0.626159      -0.059774       0.318126       1.639755       1.735522       2.256274       6.591187
        0.649339      -0.052040       0.345611       0.720637       1.759959       2.286352       6.615945
        0.672136      -0.044056       0.351180      -0.247683       1.784114       2.316876       6.620911
        0.694508      -0.036128       0.363675       1.396456       1.807849       2.347734       6.631990
        0.716385      -0.027950       0.378765      -0.047362       1.831205       2.379041       6.645252
        0.737735      -0.019958       0.365707      -1.204982       1.854003       2.410622       6.633784
        0.758535      -0.012534       0.352066      -0.076755       1.876088       2.442316       6.621699
        0.778728      -0.005521       0.338350      -1.320578       1.897463       2.474173       6.609444
        0.798282       0.000871       0.316899      -0.859104       1.918036       2.506100       6.590073
        0.817158       0.006575       0.280489      -3.083756       1.937756       2.538059       6.556647
        0.835344       0.011190       0.228483      -2.618525       1.956520       2.569909       6.507813
        0.852801       0.014688       0.166551      -4.567706       1.974327       2.601666       6.448222
        0.869502       0.016915       0.105543      -2.642518       1.991178       2.633353       6.388339
        0.885384       0.018170       0.046432      -4.928769       2.007112       2.665071       6.329584
        0.900411       0.018427      -0.003769      -1.542126       2.022143       2.696891       6.279417
        0.914521       0.018031      -0.067199      -7.879367       2.036261       2.728848       6.216087
        0.927706       0.016603      -0.137144      -2.296851       2.049525       2.761161       6.146891
        0.939893       0.014666      -0.189571      -6.671358       2.061867       2.793772       6.095837
        0.951055       0.012215      -0.241255      -2.137479       2.073296       2.826834       6.046454
        0.961137       0.009606      -0.284280      -6.899098       2.083711       2.860207       6.006212
        0.970120       0.006798      -0.337678      -4.669191       2.093123       2.894094       5.957530
        0.977968       0.003996      -0.377423      -5.537729       2.101457       2.928443       5.922292
        0.984654       0.001350      -0.413968      -5.266439       2.108648       2.963232       5.890696
        0.990154      -0.001004      -0.440931      -4.191065       2.114631       2.998402       5.867898
        0.994450      -0.002941      -0.461829      -5.784391       2.119344       3.033838       5.850538
        0.997529      -0.004394      -0.483154      -8.608739       2.122748       3.069514       5.833105
        0.999381      -0.005306      -0.504522     -17.358241       2.124813       3.105431       5.815927
        1.000000      -0.005623      -0.526189   10000.000000       2.125507       3.141593       5.798807

 MAPPING ITERATIONS FOR J=  3  Y=  0.000000

   ITS  IERR    SERR       R(C1ERR)    I(C1ERR)
     5    78   0.0044662  -0.0010784  -0.0015586
    10    93   0.0001591   0.0000392  -0.0000177
    15    93  -0.0000058  -0.0000093  -0.0000510
    20    93   0.0000002  -0.0000075  -0.0000498
    22    93   0.0000001  -0.0000076  -0.0000499

 CURVE FIT AND S-MU TABLE FOR J=   4  Y=  0.070799  EPS= -0.000604  TE ANG(DEG)=   -0.1088

          X              Z             DZ/DX         D2Z/DX2          S              SCOS           MU
        1.000000       0.004742      -0.445787   10000.000000       0.000000       0.000000       2.722247
        0.999387       0.005012      -0.438902      -5.474885       0.000670       0.035756       2.728006
        0.997550       0.005812      -0.432341      -2.616937       0.002673       0.071439       2.733521
        0.994494       0.007123      -0.426019      -1.696458       0.005998       0.107047       2.738859
        0.990226       0.008927      -0.420050      -1.179584       0.010633       0.142574       2.743922
        0.984755       0.011205      -0.412416      -1.503689       0.016559       0.178009       2.750429
        0.978094       0.013918      -0.402079      -1.563781       0.023751       0.213311       2.759296
        0.970260       0.017021      -0.390191      -1.467901       0.032177       0.248452       2.769571
        0.961271       0.020466      -0.375994      -1.654821       0.041803       0.283408       2.781950
        0.951150       0.024195      -0.361553      -1.236914       0.052590       0.318153       2.794663
        0.939920       0.028153      -0.341601      -2.214693       0.064497       0.352674       2.812420
        0.927611       0.032276      -0.334375       0.783868       0.077479       0.386951       2.818905
        0.914240       0.036700      -0.319544      -2.728384       0.091563       0.421138       2.832303
        0.899855       0.041122      -0.302149       0.113883       0.106612       0.454996       2.848166
        0.884476       0.045733      -0.294456      -1.041253       0.122668       0.488704       2.855230
        0.868144       0.050413      -0.279227      -0.834970       0.139657       0.522189       2.869301
        0.850900       0.055107      -0.265376      -0.774516       0.157528       0.555427       2.882195
        0.832784       0.059789      -0.251570      -0.750912       0.176240       0.588419       2.895137
        0.813840       0.064419      -0.237288      -0.756985       0.195742       0.621151       2.908613
        0.794115       0.068952      -0.222320      -0.761067       0.215981       0.653608       2.922831
        0.773657       0.073341      -0.206763      -0.760495       0.236904       0.685774       2.937703
        0.752520       0.077542      -0.190740      -0.756442       0.258456       0.717635       2.953116
        0.730755       0.081515      -0.174283      -0.756695       0.280580       0.749175       2.969042
        0.708419       0.085219      -0.157373      -0.758443       0.303221       0.780382       2.985500
        0.685570       0.088613      -0.139623      -0.795403       0.326321       0.811239       3.002866
        0.662267       0.091655      -0.121539      -0.758527       0.349822       0.841728       3.020647
        0.638573       0.094308      -0.101914      -0.897013       0.373665       0.871836       3.040029
        0.614547       0.096564      -0.088579      -0.222643       0.397797       0.901552       3.053244
        0.590231       0.098577      -0.073888      -0.978868       0.422196       0.930902       3.067839
        0.565709       0.100157      -0.057485      -0.364744       0.446769       0.959828       3.084171
        0.541022       0.101463      -0.048211      -0.387068       0.471491       0.988348       3.093419
        0.516228       0.102529      -0.037374      -0.487539       0.496308       1.016450       3.104236
        0.491393       0.103313      -0.026071      -0.423548       0.521155       1.044104       3.115528
        0.466582       0.103804      -0.012476      -0.673720       0.545972       1.071287       3.129118
        0.441861       0.103955      -0.001694      -0.197122       0.570693       1.097970       3.139899
        0.417275       0.103905       0.007084      -0.519811       0.595279       1.124151       3.148677
        0.392895       0.103584       0.019065      -0.463229       0.619662       1.149795       3.160655
        0.368781       0.102993       0.029709      -0.419754       0.643783       1.174877       3.171293
        0.344989       0.102167       0.039788      -0.428319       0.667589       1.199376       3.181360
        0.321579       0.101111       0.050712      -0.506966       0.691023       1.223266       3.192261
        0.298607       0.099837       0.059204      -0.227155       0.714030       1.246522       3.200727
        0.276126       0.098376       0.073994      -1.110086       0.736560       1.269119       3.215452
        0.254217       0.096560       0.088432      -0.184320       0.758544       1.291017       3.229795
        0.232902       0.094615       0.094992      -0.439052       0.779947       1.312205       3.236300
        0.212240       0.092496       0.113234      -1.358131       0.800718       1.332654       3.254347
        0.192307       0.090044       0.128888      -0.169476       0.820801       1.352329       3.269774
        0.173121       0.087472       0.143002      -1.350469       0.840159       1.371213       3.283632
        0.154747       0.084659       0.160665      -0.535797       0.858747       1.389279       3.300896
        0.137216       0.081701       0.180460      -1.785081       0.876526       1.406502       3.320131
        0.120592       0.078472       0.206912      -1.374441       0.893462       1.422862       3.345625
        0.104894       0.075095       0.220530      -0.294398       0.909519       1.438337       3.358648
        0.090142       0.071696       0.248810      -3.772986       0.924657       1.452897       3.385451
        0.076419       0.067976       0.289266      -1.984914       0.938877       1.466551       3.423173
        0.063730       0.064104       0.324661      -3.734526       0.952143       1.479272       3.455518
        0.052112       0.060045       0.377537      -5.522261       0.964451       1.491060       3.502585
        0.041601       0.055738       0.445769      -7.660134       0.975813       1.501932       3.560922
        0.032223       0.051159       0.538355     -12.632723       0.986251       1.511913       3.635452
        0.024004       0.046272       0.655856     -16.364593       0.995816       1.521054       3.722073
        0.016955       0.041121       0.827344     -35.141582       1.004551       1.529399       3.832786
        0.011112       0.035538       1.117072     -70.248273       1.012641       1.537124       3.982234
        0.006484       0.029513       1.516204    -109.654311       1.020245       1.544383       4.129335
        0.003078       0.023031       2.617895    -740.388029       1.027582       1.551387       4.347507
        0.000925       0.015829       3.820718     232.481783       1.035102       1.558564       4.456400
        0.000000       0.008052   10000.000000   10000.000000       1.042955       1.566058       4.712389
        0.000262       0.000000     -14.104447   44656.379541       1.051013       1.573748       4.783170
        0.001674      -0.008032      -3.554193     292.171224       1.059183       1.581544       4.986656
        0.004205      -0.015749      -2.495616     440.277652       1.067308       1.589298       5.093501
        0.007831      -0.022846      -1.591423     137.893386       1.075289       1.596916       5.273407
        0.012542      -0.029176      -1.152321      63.250231       1.083186       1.604456       5.427134
        0.018359      -0.035001      -0.876710      35.836943       1.091425       1.612323       5.563388
        0.025275      -0.040326      -0.677293      23.441737       1.100159       1.620667       5.687862
        0.033282      -0.045171      -0.550883       9.820837       1.109521       1.629614       5.779665
        0.042377      -0.049719      -0.444061      13.212278       1.119693       1.639341       5.865281
        0.052531      -0.053737      -0.363684       3.569995       1.130616       1.649792       5.934372
        0.063741      -0.057557      -0.315368       4.916399       1.142459       1.661135       5.977690
        0.075978      -0.061105      -0.268576       2.887815       1.155202       1.673352       6.020801
        0.089219      -0.064418      -0.232534       2.575718       1.168851       1.686454       6.054711
        0.103433      -0.067514      -0.206385       1.193284       1.183398       1.700442       6.079658
        0.118592      -0.070487      -0.184687       1.641980       1.198847       1.715323       6.100557
        0.134658      -0.073249      -0.159506       1.500352       1.215148       1.731062       6.125012
        0.151591      -0.075728      -0.132877       1.638286       1.232263       1.747630       6.151083
        0.169354      -0.077893      -0.114224       0.512793       1.250158       1.765004       6.169454
        0.187910      -0.079903      -0.101424       0.853372       1.268822       1.783190       6.182107
        0.207213      -0.081711      -0.086238       0.725432       1.288210       1.802156       6.197160
        0.227218      -0.083250      -0.065677       1.311533       1.308275       1.821875       6.217602
        0.247878      -0.084413      -0.050956       0.149169       1.328967       1.842315       6.232273
        0.269146      -0.085383      -0.036571       1.176801       1.350258       1.863469       6.246630
        0.290972      -0.085993      -0.023501       0.048499       1.372092       1.885303       6.259688
        0.313305      -0.086412      -0.009885       1.148631       1.394430       1.907803       6.273301
        0.336092      -0.086421       0.005584       0.226840       1.417216       1.930940       6.288769
        0.359279      -0.086193       0.015742       0.643482       1.440404       1.954693       6.298926
        0.382811      -0.085644       0.030925       0.647904       1.463943       1.979041       6.314101
        0.406631      -0.084698       0.049487       0.909042       1.487782       2.003964       6.332632
        0.430681      -0.083266       0.068794       0.699467       1.511876       2.029448       6.351871
        0.454903      -0.081369       0.088921       0.962202       1.536172       2.055476       6.371873
        0.479238      -0.078931       0.111016       0.855579       1.560629       2.082041       6.393749
        0.503623      -0.075874       0.143630       1.820555       1.585206       2.109142       6.425839
        0.527995      -0.071985       0.169157       0.273561       1.609887       2.136807       6.450756
        0.552297      -0.067640       0.194838       1.847762       1.634575       2.164974       6.475613
        0.576459      -0.062447       0.232746       1.288874       1.659291       2.193721       6.511860
        0.600423      -0.056615       0.249189       0.073854       1.683954       2.223012       6.527401
        0.624135      -0.050568       0.265893       1.350404       1.708425       2.252737       6.543065
        0.647529      -0.044045       0.288755       0.595108       1.732712       2.282965       6.564294
        0.670552      -0.037308       0.293471      -0.198181       1.756701       2.313618       6.568641
        0.693157      -0.030614       0.303901       1.147073       1.780276       2.344607       6.578217
        0.715278      -0.023703       0.316479      -0.034860       1.803452       2.376014       6.589692
        0.736877      -0.016947       0.305753      -0.982425       1.826082       2.407706       6.579912
        0.757914      -0.010667       0.294525      -0.060378       1.848037       2.439555       6.569612
        0.778337      -0.004732       0.283205      -1.080349       1.869305       2.471596       6.559163
        0.798108       0.000679       0.265459      -0.703045       1.889803       2.503754       6.542659
        0.817183       0.005510       0.235224      -2.537928       1.909481       2.535996       6.514209
        0.835536       0.009420       0.191946      -2.164504       1.928247       2.568209       6.472825
        0.853126       0.012383       0.140165      -3.799929       1.946087       2.600400       6.422443
        0.869920       0.014270       0.089025      -2.210426       1.962989       2.632574       6.371976
        0.885865       0.015333       0.039221      -4.145593       1.978970       2.664806       6.322386
        0.900923       0.015552      -0.003114      -1.299314       1.994031       2.697140       6.280071
        0.915042       0.015217      -0.056908      -6.689102       2.008156       2.729602       6.226339
        0.928204       0.014009      -0.116258      -1.959409       2.021376       2.762336       6.167447
        0.940354       0.012371      -0.160936      -5.709578       2.033636       2.795308       6.123617
        0.951462       0.010300      -0.204945      -1.825291       2.044936       2.828623       6.081040
        0.961486       0.008095      -0.241644      -5.931090       2.055200       2.862183       6.046086
        0.970404       0.005725      -0.287224      -4.014039       2.064429       2.896130       6.003490
        0.978188       0.003361      -0.321125      -4.764787       2.072564       2.930429       5.972463
        0.984813       0.001130      -0.352278      -4.529589       2.079555       2.965062       5.944482
        0.990259      -0.000854      -0.375209      -3.589129       2.085351       2.999986       5.924231
        0.994511      -0.002485      -0.392954      -4.974306       2.089906       3.035113       5.908768
        0.997557      -0.003708      -0.411132      -7.439210       2.093188       3.070424       5.893120
        0.999389      -0.004476      -0.429433     -15.105322       2.095174       3.105917       5.877566
        1.000000      -0.004742      -0.448065   10000.000000       2.095841       3.141593       5.861942

 MAPPING ITERATIONS FOR J=  4  Y=  0.070799

   ITS  IERR    SERR       R(C1ERR)    I(C1ERR)
     5    78   0.0031795  -0.0008634  -0.0010750
    10    91   0.0000975   0.0000308  -0.0002876
    15    91  -0.0000031  -0.0000004  -0.0003062
    20    91   0.0000001   0.0000006  -0.0003056
    21    91  -0.0000001   0.0000006  -0.0003057

 J=  5 NUMBER OF POINTS OMITTED FROM FAST MAP INPUT=  1

 CURVE FIT AND S-MU TABLE FOR J=   5  Y=  0.140980  EPS= -0.000418  TE ANG(DEG)=   -0.0752

          X              Z             DZ/DX         D2Z/DX2          S              SCOS           MU
        1.000000       0.004165      -0.394247   10000.000000       0.000000       0.000000       2.766056
        0.999391       0.004403      -0.388131      -4.897401       0.000653       0.035464       2.771360
        0.997567       0.005105      -0.382323      -2.327890       0.002608       0.070869       2.776417
        0.994531       0.006256      -0.376753      -1.501848       0.005855       0.106209       2.781286
        0.990292       0.007842      -0.371521      -1.038583       0.010381       0.141478       2.785876
        0.984857       0.009843      -0.364823      -1.330396       0.016173       0.176666       2.791774
        0.978242       0.012227      -0.355730      -1.385600       0.023205       0.211737       2.799822
        0.970460       0.014954      -0.345267      -1.300887       0.031450       0.246666       2.809141
        0.961532       0.017982      -0.332751      -1.470218       0.040878       0.281433       2.820366
        0.951478       0.021260      -0.320021      -1.096371       0.051453       0.316016       2.831871
        0.940323       0.024740      -0.302375      -1.975912       0.063138       0.350402       2.847959
        0.928095       0.028366      -0.296079       0.715482       0.075893       0.384572       2.853737
        0.914815       0.032257      -0.282994      -2.439933       0.089731       0.418644       2.865810
        0.900525       0.036148      -0.267615       0.111480       0.104541       0.452430       2.880105
        0.885251       0.040204      -0.260885      -0.926922       0.120344       0.486065       2.886396
        0.869032       0.044323      -0.247427      -0.742735       0.137079       0.519489       2.899037
        0.851907       0.048454      -0.235188      -0.689270       0.154695       0.552684       2.910602
        0.833917       0.052574      -0.222982      -0.668863       0.173151       0.585645       2.922200
        0.815105       0.056650      -0.210342      -0.675005       0.192399       0.618359       2.934273
        0.795518       0.060641      -0.197082      -0.679238       0.212389       0.650811       2.947005
        0.775204       0.064504      -0.183290      -0.679151       0.233067       0.682987       2.960314
        0.754213       0.068202      -0.169078      -0.675794       0.254382       0.714871       2.974099
        0.732597       0.071699      -0.154474      -0.676152       0.276278       0.746450       2.988330
        0.710411       0.074960      -0.139465      -0.677709       0.298703       0.777710       3.003022
        0.687711       0.077948      -0.123710      -0.710593       0.321599       0.808635       3.018508
        0.664554       0.080626      -0.107659      -0.677244       0.344911       0.839210       3.034346
        0.641000       0.082962      -0.090248      -0.800278       0.368581       0.869419       3.051588
        0.617108       0.084949      -0.078429      -0.197769       0.392556       0.899251       3.063323
        0.592925       0.086721      -0.065415      -0.872194       0.416804       0.928720       3.076270
        0.568524       0.088113      -0.050886      -0.324045       0.441244       0.957780       3.090750
        0.543954       0.089263      -0.042685      -0.343954       0.465841       0.986437       3.098933
        0.519273       0.090203      -0.033102      -0.433019       0.490540       1.014677       3.108503
        0.494545       0.090895      -0.023109      -0.375874       0.515278       1.042473       3.118488
        0.469831       0.091329      -0.011098      -0.597266       0.539996       1.069803       3.130495
        0.445197       0.091464      -0.001580      -0.174371       0.564631       1.096641       3.140013
        0.420691       0.091422       0.006163      -0.459922       0.589137       1.122975       3.147755
        0.396380       0.091141       0.016725      -0.409234       0.613450       1.148777       3.158316
        0.372323       0.090624       0.026100      -0.370350       0.637512       1.174022       3.167687
        0.348578       0.089899       0.034970      -0.377445       0.661268       1.198686       3.176549
        0.325203       0.088973       0.044574      -0.445972       0.684662       1.222744       3.186137
        0.302253       0.087853       0.052035      -0.199798       0.707638       1.246171       3.193580
        0.279784       0.086571       0.065006      -0.973123       0.730145       1.268940       3.206507
        0.257865       0.084975       0.077655      -0.160897       0.752121       1.291018       3.219093
        0.236531       0.083266       0.083395      -0.383873       0.773524       1.312386       3.224795
        0.215837       0.081403       0.099326      -1.182480       0.794302       1.333015       3.240594
        0.195850       0.079247       0.112978      -0.147008       0.814405       1.352876       3.254094
        0.176599       0.076986       0.125256      -1.169672       0.833789       1.371944       3.266199
        0.158142       0.074512       0.140602      -0.462550       0.852411       1.390194       3.281279
        0.140515       0.071910       0.157754      -1.536111       0.870229       1.407599       3.298057
        0.123775       0.069070       0.180623      -1.176747       0.887209       1.424140       3.320289
        0.107948       0.066099       0.192371      -0.252699       0.903312       1.439788       3.331642
        0.093063       0.063109       0.216698      -3.209143       0.918495       1.454513       3.354991
        0.079183       0.059836       0.251405      -1.676946       0.932756       1.468321       3.387893
        0.066326       0.056429       0.281638      -3.140505       0.946058       1.481182       3.416120
        0.054525       0.052857       0.326623      -4.607097       0.958388       1.493090       3.457292
        0.043815       0.049066       0.384322      -6.323516       0.969750       1.504055       3.508511
        0.034222       0.045037       0.462119     -10.322702       0.980157       1.514089       3.574479
        0.025772       0.040736       0.559563     -13.014159       0.989641       1.523230       3.651749
        0.018478       0.036201       0.701937     -28.252624       0.998234       1.531507       3.753617
        0.012370       0.031287       0.928619     -49.450741       1.006079       1.539062       3.889996
        0.007461       0.025983       1.273396    -101.794820       1.013313       1.546028       4.046675
        0.003759       0.020276       1.931085    -313.325433       1.020126       1.552586       4.234569
        0.001287       0.013936       3.670460   -1666.693317       1.026944       1.559148       4.446399
        0.000000       0.003545   10000.000000   10000.000000       1.037445       1.569255       4.712389
        0.001076      -0.007072      -4.549357    2875.412088       1.048137       1.579545       4.928759
        0.003334      -0.013865      -2.262473     317.059790       1.055308       1.586447       5.128565
        0.006724      -0.020113      -1.502356     168.463069       1.062425       1.593298       5.299667
        0.011239      -0.025684      -1.044998      58.473941       1.069605       1.600211       5.475787
        0.016888      -0.030811      -0.792027      34.928033       1.077240       1.607563       5.613325
        0.023661      -0.035498      -0.606282      21.739667       1.085482       1.615501       5.738159
        0.031549      -0.039761      -0.491125       9.093259       1.094451       1.624144       5.826663
        0.040543      -0.043762      -0.394387      12.006428       1.104297       1.633636       5.907527
        0.050615      -0.047297      -0.322126       3.235565       1.114973       1.643935       5.971555
        0.061755      -0.050657      -0.278819       4.417173       1.126610       1.655169       6.011273
        0.073936      -0.053776      -0.237053       2.585511       1.139185       1.667321       6.050429
        0.087132      -0.056688      -0.204962       2.296528       1.152698       1.680396       6.081023
        0.101311      -0.059409      -0.181712       1.064455       1.167137       1.694388       6.103435
        0.116444      -0.062021      -0.162445       1.457220       1.182494       1.709296       6.122147
        0.132494      -0.064446      -0.140152       1.327922       1.198726       1.725086       6.143941
        0.149421      -0.066622      -0.116631       1.445563       1.215792       1.741732       6.167079
        0.167186      -0.068522      -0.100167       0.453552       1.233659       1.759208       6.183351
        0.185750      -0.070285      -0.088869       0.751672       1.252306       1.777511       6.194549
        0.205068      -0.071869      -0.075490       0.638244       1.271690       1.796611       6.207838
        0.225095      -0.073217      -0.057412       1.150625       1.291762       1.816479       6.225836
        0.245782      -0.074235      -0.044476       0.131698       1.312475       1.837085       6.238738
        0.267083      -0.075081      -0.031845       1.030543       1.333793       1.858415       6.251351
        0.288946      -0.075613      -0.020377       0.043069       1.355662       1.880438       6.262811
        0.311320      -0.075975      -0.008437       1.004497       1.378039       1.903134       6.274749
        0.334151      -0.075978       0.005116       0.198539       1.400870       1.926475       6.288301
        0.357385      -0.075772       0.014015       0.562300       1.424105       1.950439       6.297200
        0.380966      -0.075285       0.027308       0.565896       1.447692       1.975002       6.310487
        0.404839      -0.074450       0.043551       0.793538       1.471579       2.000145       6.326709
        0.428944      -0.073188       0.060440       0.610364       1.495718       2.025849       6.343552
        0.453224      -0.071518       0.078041       0.839239       1.520055       2.052098       6.361068
        0.477619      -0.069374       0.097358       0.746023       1.544545       2.078879       6.380238
        0.502070      -0.066687       0.125856       1.586061       1.569144       2.106187       6.408383
        0.526514      -0.063271       0.148157       0.238125       1.593826       2.134040       6.430272
        0.550893      -0.059454       0.170573       1.607549       1.618502       2.162385       6.452132
        0.575142      -0.054893       0.203644       1.119222       1.643177       2.191279       6.484083
        0.599200      -0.049770       0.217973       0.063670       1.667776       2.220690       6.497801
        0.623014      -0.044458       0.232512       1.170627       1.692174       2.250527       6.511638
        0.646519      -0.038729       0.252404       0.514163       1.716368       2.280842       6.530425
        0.669661      -0.032810       0.256487      -0.172311       1.740256       2.311569       6.534260
        0.692389      -0.026928       0.265531       0.990694       1.763732       2.342633       6.542727
        0.714642      -0.020856       0.276442      -0.031691       1.786799       2.374098       6.552892
        0.736374      -0.014917       0.267094      -0.849391       1.809327       2.405853       6.544187
        0.757541      -0.009397       0.257318      -0.052994       1.831203       2.437791       6.535040
        0.778091      -0.004179       0.247463      -0.934008       1.852405       2.469938       6.525775
        0.797982       0.000579       0.232027      -0.607854       1.872857       2.502230       6.511178
        0.817167       0.004826       0.205711      -2.197182       1.892507       2.534638       6.486066
        0.835614       0.008264       0.168018      -1.877752       1.911273       2.567064       6.449648
        0.853279       0.010870       0.122816      -3.307502       1.929131       2.599509       6.405390
        0.870126       0.012530       0.078115      -1.929669       1.946061       2.631971       6.361142
        0.886107       0.013466       0.034457      -3.630298       1.962070       2.664507       6.317629
        0.901183       0.013658      -0.002675      -1.139146       1.977148       2.697146       6.280510
        0.915309       0.013365      -0.050010      -5.888668       1.991279       2.729908       6.233217
        0.928460       0.012304      -0.102258      -1.731048       2.004474       2.762896       6.181281
        0.940590       0.010865      -0.141702      -5.051257       2.016690       2.796088       6.142420
        0.951670       0.009045      -0.180549      -1.615977       2.027919       2.829560       6.104561
        0.961664       0.007108      -0.212995      -5.263486       2.038099       2.863240       6.073327
        0.970549       0.005026      -0.253311      -3.566356       2.047226       2.897234       6.035093
        0.978299       0.002950      -0.283311      -4.236240       2.055249       2.931515       6.007109
        0.984893       0.000990      -0.310885      -4.029337       2.062128       2.966069       5.981772
        0.990312      -0.000752      -0.331174      -3.189698       2.067821       3.000861       5.963379
        0.994542      -0.002184      -0.346872      -4.427519       2.072286       3.035820       5.949300
        0.997571      -0.003257      -0.362974      -6.633109       2.075500       3.070931       5.935000
        0.999392      -0.003931      -0.379212     -13.501172       2.077442       3.106188       5.920727
        1.000000      -0.004165      -0.395765   10000.000000       2.078093       3.141593       5.906335

 MAPPING ITERATIONS FOR J=  5  Y=  0.140980

   ITS  IERR    SERR       R(C1ERR)    I(C1ERR)
     5    78   0.0026355  -0.0008006  -0.0002011
    10    90   0.0000725   0.0000225   0.0000245
    15    90  -0.0000021  -0.0000012   0.0000125
    20    90   0.0000001  -0.0000005   0.0000129

 CURVE FIT AND S-MU TABLE FOR J=   6  Y=  0.212251  EPS= -0.000347  TE ANG(DEG)=   -0.0625

          X              Z             DZ/DX         D2Z/DX2          S              SCOS           MU
        1.000000       0.003778      -0.359055   10000.000000       0.000000       0.000000       2.796874
        0.999394       0.003994      -0.353467      -4.494017       0.000643       0.035288       2.801832
        0.997577       0.004631      -0.348166      -2.132262       0.002569       0.070525       2.806553
        0.994553       0.005675      -0.343089      -1.373378       0.005768       0.105705       2.811088
        0.990330       0.007113      -0.338329      -0.947815       0.010229       0.140819       2.815353
        0.984918       0.008928      -0.332235      -1.215802       0.015937       0.175857       2.820831
        0.978329       0.011090      -0.323958      -1.266544       0.022871       0.210789       2.828303
        0.970580       0.013563      -0.314435      -1.188779       0.031006       0.245591       2.836946
        0.961688       0.016310      -0.303040      -1.344439       0.040312       0.280245       2.847349
        0.951676       0.019283      -0.291455      -1.001073       0.050757       0.314730       2.857993
        0.940567       0.022440      -0.275377      -1.809327       0.062306       0.349034       2.872876
        0.928388       0.025728      -0.269690       0.663272       0.074921       0.383139       2.878170
        0.915165       0.029258      -0.257795      -2.236141       0.088607       0.417141       2.889291
        0.900935       0.032787      -0.243805       0.108093       0.103268       0.450883       2.902453
        0.885727       0.036467      -0.237732      -0.846219       0.118915       0.484474       2.908193
        0.869579       0.040204      -0.225507      -0.677246       0.135490       0.517862       2.919796
        0.852529       0.043953      -0.214398      -0.628299       0.152947       0.551030       2.930392
        0.834620       0.047693      -0.203320      -0.609793       0.171243       0.583972       2.941007
        0.815893       0.051393      -0.191845      -0.615720       0.190332       0.616674       2.952050
        0.796395       0.055017      -0.179801      -0.619911       0.210164       0.649124       2.963692
        0.776173       0.058526      -0.167268      -0.620134       0.230688       0.681305       2.975859
        0.755277       0.061886      -0.154346      -0.617344       0.251853       0.713204       2.988455
        0.733758       0.065064      -0.141063      -0.617954       0.273605       0.744807       3.001455
        0.711670       0.068029      -0.127402      -0.619643       0.295892       0.776100       3.014873
        0.689067       0.070748      -0.113055      -0.650083       0.318658       0.807068       3.029016
        0.666006       0.073185      -0.098431      -0.619584       0.341848       0.837696       3.043477
        0.642544       0.075314      -0.082559      -0.732637       0.365406       0.867968       3.059220
        0.618740       0.077125      -0.071799      -0.179447       0.389279       0.897872       3.069916
        0.594644       0.078742      -0.059944      -0.798675       0.413429       0.927415       3.081720
        0.570325       0.080014      -0.046698      -0.295642       0.437782       0.956558       3.094928
        0.545834       0.081067      -0.039237      -0.314043       0.462296       0.985300       3.102376
        0.521229       0.081929      -0.030508      -0.395755       0.486916       1.013625       3.111094
        0.496572       0.082567      -0.021403      -0.343414       0.511581       1.041510       3.120192
        0.471924       0.082970      -0.010454      -0.546093       0.536232       1.068931       3.131139
        0.447349       0.083100      -0.001779      -0.158897       0.560808       1.095864       3.139813
        0.422898       0.083071       0.005274      -0.420170       0.585259       1.122295       3.146866
        0.398635       0.082824       0.014901      -0.373639       0.609523       1.148195       3.156493
        0.374621       0.082362       0.023444      -0.337955       0.633542       1.173540       3.165032
        0.350910       0.081710       0.031525      -0.344280       0.657261       1.198307       3.173107
        0.327562       0.080875       0.040271      -0.406500       0.680625       1.222470       3.181842
        0.304632       0.079864       0.047064      -0.182066       0.703577       1.246002       3.188622
        0.282176       0.078704       0.058866      -0.885451       0.726063       1.268878       3.200391
        0.260257       0.077258       0.070369      -0.146044       0.748030       1.291069       3.211846
        0.238916       0.075708       0.075584      -0.348742       0.769427       1.312548       3.217033
        0.218208       0.074019       0.090044      -1.071580       0.790204       1.333290       3.231394
        0.198193       0.072062       0.102425      -0.132870       0.810314       1.353267       3.243662
        0.178907       0.070008       0.113540      -1.056427       0.829710       1.372450       3.254648
        0.160404       0.067760       0.127422      -0.416749       0.848349       1.390816       3.268332
        0.142724       0.065396       0.142908      -1.381510       0.866186       1.408335       3.283539
        0.125917       0.062813       0.163524      -1.054616       0.883191       1.424989       3.303682
        0.110016       0.060111       0.174094      -0.226092       0.899320       1.440747       3.313959
        0.095053       0.057392       0.195947      -2.864395       0.914529       1.455577       3.335088
        0.081081       0.054414       0.227068      -1.489148       0.928815       1.469484       3.364874
        0.068123       0.051315       0.254094      -2.781731       0.942138       1.482436       3.390420
        0.056214       0.048065       0.294199      -4.058806       0.954484       1.494424       3.427719
        0.045385       0.044616       0.345466      -5.541392       0.965850       1.505451       3.474223
        0.035662       0.040950       0.414199      -8.952441       0.976242       1.515527       3.534280
        0.027071       0.037036       0.500069     -11.269795       0.985685       1.524677       3.605296
        0.019628       0.032911       0.623434     -23.622626       0.994198       1.532922       3.699065
        0.013359       0.028441       0.822734     -43.079113       1.001903       1.540384       3.830043
        0.008277       0.023617       1.097737     -69.988733       1.008916       1.547173       3.973549
        0.004392       0.018428       1.728737    -325.140164       1.015410       1.553459       4.187961
        0.001723       0.012664       2.554862    -215.626615       1.021769       1.559613       4.339309
        0.000263       0.006441      11.093615  -35602.710044       1.028181       1.565819       4.622490
        0.000000       0.000000   10000.000000   10000.000000       1.034630       1.572060       4.712389
        0.000919      -0.006424      -3.325208    -232.890630       1.041142       1.578362       5.004518
        0.003007      -0.012593      -2.364399     626.627650       1.047659       1.584669       5.112514
        0.006253      -0.018265      -1.376108     135.195250       1.054208       1.591008       5.340802
        0.010647      -0.023323      -0.976784      62.369954       1.060916       1.597501       5.509531
        0.016193      -0.027976      -0.728391      32.433850       1.068161       1.604516       5.653658
        0.022879      -0.032228      -0.556500      20.630185       1.076090       1.612195       5.775365
        0.030694      -0.036097      -0.449089       8.464401       1.084813       1.620645       5.861089
        0.039625      -0.039726      -0.359903      11.121195       1.094456       1.629991       5.937716
        0.049647      -0.042933      -0.293430       2.985824       1.104980       1.640197       5.997767
        0.060745      -0.045980      -0.253711       4.058911       1.116489       1.651366       6.034717
        0.072892      -0.048809      -0.215492       2.369574       1.128962       1.663482       6.070939
        0.086061      -0.051450      -0.186180       2.099505       1.142393       1.676544       6.099113
        0.100219      -0.053917      -0.164964       0.972784       1.156766       1.690542       6.119694
        0.115337      -0.056285      -0.147401       1.328087       1.172068       1.705472       6.136838
        0.131376      -0.058484      -0.127113       1.208279       1.188257       1.721300       6.156750
        0.148299      -0.060456      -0.105734       1.313266       1.205295       1.737999       6.177842
        0.166065      -0.062178      -0.090780       0.412013       1.223144       1.755544       6.192653
        0.184634      -0.063777      -0.080522       0.681908       1.241782       1.773925       6.202836
        0.203961      -0.065212      -0.068384       0.578590       1.261162       1.793113       6.214908
        0.223999      -0.066434      -0.051992       1.042397       1.281238       1.813078       6.231240
        0.244702      -0.067356      -0.040267       0.119171       1.301962       1.833791       6.242940
        0.266021      -0.068123      -0.028821       0.932984       1.323294       1.855235       6.254372
        0.287904      -0.068605      -0.018433       0.038833       1.345183       1.877378       6.264755
        0.310300      -0.068933      -0.007616       0.909096       1.367581       1.900198       6.275569
        0.333155      -0.068935       0.004660       0.179577       1.390436       1.923669       6.287845
        0.356414      -0.068747       0.012721       0.508773       1.413696       1.947766       6.295905
        0.380022      -0.068305       0.024762       0.512049       1.437308       1.972466       6.307942
        0.403921      -0.067547       0.039476       0.718050       1.461220       1.997746       6.322641
        0.428055      -0.066402       0.054776       0.552283       1.485381       2.023588       6.337907
        0.452364      -0.064887       0.070720       0.759289       1.509738       2.049973       6.353788
        0.476791      -0.062941       0.088219       0.674889       1.534242       2.076888       6.371176
        0.501274      -0.060504       0.114026       1.434121       1.558847       2.104325       6.396721
        0.525753      -0.057404       0.134215       0.215038       1.583522       2.132293       6.416603
        0.550170      -0.053941       0.154495       1.452094       1.608184       2.160747       6.436469
        0.574462      -0.049803       0.184401       1.009348       1.632826       2.189731       6.465538
        0.598569      -0.045156       0.197336       0.056401       1.657377       2.219215       6.478018
        0.622434      -0.040337       0.210446       1.054148       1.681724       2.249120       6.490605
        0.645997      -0.035140       0.228381       0.461185       1.705854       2.279487       6.507716
        0.669202      -0.029770       0.232029      -0.156640       1.729672       2.310258       6.511180
        0.691995      -0.024434       0.240149       0.889316       1.753081       2.341367       6.518871
        0.714318      -0.018926       0.249951      -0.030626       1.776074       2.372866       6.528118
        0.736123      -0.013539       0.241485      -0.764647       1.798534       2.404658       6.520134
        0.757361      -0.008531       0.232642      -0.048858       1.820355       2.436650       6.511761
        0.777981      -0.003798       0.223735      -0.840119       1.841511       2.468862       6.503296
        0.797937       0.000519       0.209804      -0.546758       1.861929       2.501236       6.489990
        0.817184       0.004372       0.186061      -1.976246       1.881558       2.533744       6.467143
        0.835682       0.007491       0.152048      -1.690702       1.900318       2.566301       6.434077
        0.853388       0.009856       0.111210      -2.983557       1.918183       2.598902       6.393940
        0.870263       0.011362       0.070793      -1.743625       1.935126       2.631540       6.353861
        0.886262       0.012211       0.031256      -3.286349       1.951149       2.664263       6.314431
        0.901347       0.012386      -0.002385      -1.032030       1.966235       2.697089       6.280800
        0.915474       0.012120      -0.045352      -5.347633       1.980366       2.730038       6.237864
        0.928617       0.011159      -0.092796      -1.575843       1.993545       2.763184       6.190654
        0.940734       0.009854      -0.128679      -4.601424       2.005733       2.796513       6.155209
        0.951796       0.008203      -0.164021      -1.473926       2.016918       2.830086       6.120612
        0.961771       0.006447      -0.193575      -4.804738       2.027047       2.863844       6.091976
        0.970636       0.004558      -0.230308      -3.259363       2.036111       2.897872       6.056824
        0.978366       0.002675      -0.257661      -3.873435       2.044067       2.932148       6.031009
        0.984941       0.000898      -0.282809      -3.686592       2.050878       2.966659       6.007574
        0.990344      -0.000682      -0.301316      -2.918464       2.056507       3.001375       5.990522
        0.994560      -0.001981      -0.315637      -4.053324       2.060919       3.036238       5.977445
        0.997579      -0.002955      -0.330335      -6.076410       2.064092       3.071231       5.964136
        0.999394      -0.003566      -0.345164     -12.378439       2.066007       3.106350       5.950825
        1.000000      -0.003778      -0.360287   10000.000000       2.066649       3.141593       5.937376

 MAPPING ITERATIONS FOR J=  6  Y=  0.212251

   ITS  IERR    SERR       R(C1ERR)    I(C1ERR)
     5    49  -0.0022357  -0.0007157   0.0003187
    10    88   0.0000506  -0.0000398   0.0001207
    15    88  -0.0000013  -0.0000559   0.0001135
    19    88  -0.0000001  -0.0000555   0.0001136

 CURVE FIT AND S-MU TABLE FOR J=   7  Y=  0.286280  EPS= -0.000315  TE ANG(DEG)=   -0.0566

          X              Z             DZ/DX         D2Z/DX2          S              SCOS           MU
        1.000000       0.003514      -0.334700   10000.000000       0.000000       0.000000       2.818612
        0.999395       0.003714      -0.329479      -4.209881       0.000637       0.035178       2.823315
        0.997583       0.004306      -0.324527      -1.996254       0.002544       0.070310       2.827789
        0.994567       0.005277      -0.319787      -1.285028       0.005712       0.105388       2.832083
        0.990354       0.006614      -0.315346      -0.886122       0.010132       0.140406       2.836117
        0.984955       0.008302      -0.309662      -1.137008       0.015789       0.175351       2.841295
        0.978383       0.010312      -0.301941      -1.184352       0.022662       0.210195       2.848356
        0.970653       0.012611      -0.293060      -1.111282       0.030726       0.244918       2.856515
        0.961784       0.015164      -0.282434      -1.256956       0.039956       0.279501       2.866328
        0.951796       0.017929      -0.271635      -0.935024       0.050318       0.313926       2.876357
        0.940716       0.020863      -0.256642      -1.692300       0.061781       0.348180       2.890372
        0.928568       0.023920      -0.251366       0.624846       0.074308       0.382246       2.895329
        0.915380       0.027202      -0.240292      -2.092199       0.087898       0.416205       2.905772
        0.901187       0.030483      -0.227265       0.104801       0.102465       0.449922       2.918124
        0.886019       0.033904      -0.221642      -0.789510       0.118014       0.483486       2.923477
        0.869915       0.037379      -0.210272      -0.631204       0.134489       0.516853       2.934340
        0.852913       0.040865      -0.199950      -0.585346       0.151845       0.550005       2.944245
        0.835054       0.044344      -0.189658      -0.568085       0.170040       0.582936       2.954161
        0.816380       0.047786      -0.178997      -0.573773       0.189028       0.615633       2.964472
        0.796938       0.051157      -0.167804      -0.577876       0.208760       0.648082       2.975338
        0.776774       0.054423      -0.156152      -0.578287       0.229187       0.680269       2.986692
        0.755938       0.057552      -0.144134      -0.575893       0.250257       0.712179       2.998444
        0.734480       0.060512      -0.131775      -0.576702       0.271918       0.743799       3.010573
        0.712454       0.063274      -0.119059      -0.578526       0.294118       0.775115       3.023091
        0.689912       0.065809      -0.105695      -0.607315       0.316801       0.806112       3.036288
        0.666911       0.068082      -0.092069      -0.578907       0.339914       0.836775       3.049782
        0.643508       0.070068      -0.077269      -0.685095       0.363402       0.867089       3.064477
        0.619759       0.071760      -0.067247      -0.166511       0.387211       0.897042       3.074447
        0.595719       0.073272      -0.056196      -0.747225       0.411299       0.926634       3.085455
        0.571451       0.074462      -0.043840      -0.275788       0.435596       0.955831       3.097780
        0.547009       0.075450      -0.036892      -0.293154       0.460058       0.984630       3.104718
        0.522452       0.076260      -0.028754      -0.369818       0.484629       1.013012       3.112846
        0.497840       0.076861      -0.020263      -0.320862       0.509248       1.040955       3.121333
        0.473234       0.077243      -0.010044      -0.510695       0.533857       1.068436       3.131549
        0.448695       0.077372      -0.001949      -0.148189       0.558396       1.095432       3.139644
        0.424279       0.077351       0.004631      -0.392780       0.582812       1.121926       3.146224
        0.400047       0.077128       0.013619      -0.349187       0.607046       1.147891       3.155210
        0.376058       0.076704       0.021593      -0.315757       0.631038       1.173303       3.163182
        0.352369       0.076104       0.029135      -0.321609       0.654735       1.198137       3.170720
        0.329038       0.075331       0.037298      -0.379603       0.678079       1.222369       3.178874
        0.306120       0.074395       0.043638      -0.169987       0.701016       1.245971       3.185203
        0.283671       0.073319       0.054647      -0.826051       0.723490       1.268917       3.196186
        0.261752       0.071976       0.065375      -0.136038       0.745451       1.291181       3.206875
        0.240407       0.070536       0.070236      -0.325037       0.766845       1.312734       3.211714
        0.219690       0.068965       0.083705      -0.997144       0.787622       1.333549       3.225103
        0.199657       0.067144       0.095231      -0.123417       0.807737       1.353602       3.236538
        0.180349       0.065232       0.105567      -0.980915       0.827140       1.372860       3.246770
        0.161817       0.063139       0.118469      -0.386300       0.845790       1.391301       3.259512
        0.144102       0.060936       0.132843      -1.279218       0.863641       1.408895       3.273662
        0.127253       0.058530       0.151961      -0.974188       0.880661       1.425623       3.292400
        0.111305       0.056012       0.161746      -0.208447       0.896807       1.441453       3.301950
        0.096292       0.053477       0.181962      -2.639261       0.912033       1.456352       3.321585
        0.082262       0.050702       0.210717      -1.367225       0.926335       1.470324       3.349272
        0.069241       0.047813       0.235634      -2.550009       0.939673       1.483335       3.373005
        0.057263       0.044783       0.272552      -3.708736       0.952029       1.495376       3.407681
        0.046358       0.041567       0.319627      -5.042462       0.963399       1.506446       3.450957
        0.036553       0.038149       0.382572      -8.112277       0.973784       1.516550       3.506985
        0.027873       0.034501       0.460834     -10.115907       0.983201       1.525708       3.573419
        0.020336       0.030656       0.573184     -21.237836       0.991665       1.533936       3.662061
        0.013964       0.026489       0.751332     -37.157234       0.999283       1.541338       3.785946
        0.008773       0.021994       1.004075     -65.392708       1.006156       1.548016       3.929024
        0.004773       0.017160       1.522369    -239.212028       1.012442       1.554122       4.131199
        0.001979       0.011791       2.420285    -470.900950       1.018503       1.560010       4.320577
        0.000390       0.005996       7.240473  -13652.700206       1.024528       1.565861       4.575145
        0.000000       0.000000   10000.000000   10000.000000       1.030541       1.571702       4.712389
        0.000800      -0.005978      -3.707590    1066.814122       1.036591       1.577577       4.975837
        0.002782      -0.011719      -2.234147     571.061760       1.042670       1.583482       5.133244
        0.005936      -0.016996      -1.317687     144.609488       1.048831       1.589467       5.361565
        0.010255      -0.021700      -0.919418      59.246410       1.055225       1.595679       5.539745
        0.015736      -0.026027      -0.684401      31.417855       1.062215       1.602470       5.683006
        0.022368      -0.029982      -0.520898      19.578826       1.069941       1.609979       5.802959
        0.030138      -0.033578      -0.419652       8.027958       1.078505       1.618305       5.885853
        0.039031      -0.036953      -0.335805      10.467553       1.088019       1.627557       5.959212
        0.049023      -0.039934      -0.273491       2.806743       1.098448       1.637705       6.016222
        0.060095      -0.042767      -0.236310       3.802764       1.109877       1.648836       6.051132
        0.072222      -0.045396      -0.200593       2.216524       1.122286       1.660931       6.085220
        0.085374      -0.047851      -0.173230       1.960715       1.135666       1.673987       6.111657
        0.099521      -0.050144      -0.153440       0.908080       1.149998       1.687992       6.130933
        0.114630      -0.052345      -0.137069       1.237786       1.165267       1.702938       6.146965
        0.130665      -0.054389      -0.118176       1.125006       1.181431       1.718793       6.165555
        0.147586      -0.056223      -0.098281       1.221711       1.198452       1.735528       6.185219
        0.165354      -0.057823      -0.084372       0.383065       1.216292       1.753119       6.199013
        0.183927      -0.059309      -0.074835       0.633722       1.234924       1.771553       6.208490
        0.203260      -0.060644      -0.063553       0.537461       1.254304       1.790800       6.219718
        0.223308      -0.061780      -0.048319       0.968277       1.274384       1.810831       6.234904
        0.244022      -0.062637      -0.037427       0.110425       1.295116       1.831615       6.245776
        0.265353      -0.063351      -0.026792       0.866411       1.316459       1.853133       6.256400
        0.287250      -0.063798      -0.017143       0.035817       1.338360       1.875355       6.266044
        0.309661      -0.064104      -0.007094       0.844189       1.360773       1.898258       6.276092
        0.332531      -0.064106       0.004312       0.166638       1.383644       1.921814       6.287497
        0.355807      -0.063932       0.011801       0.472414       1.406920       1.945999       6.294985
        0.379431      -0.063522       0.022990       0.475521       1.430548       1.970787       6.306171
        0.403348      -0.062817       0.036666       0.666915       1.454476       1.996157       6.319835
        0.427500      -0.061753       0.050887       0.512975       1.478651       2.022089       6.334029
        0.451828      -0.060344       0.065708       0.705224       1.503020       2.048563       6.348799
        0.476273      -0.058535       0.081972       0.626809       1.527533       2.075565       6.364975
        0.500777      -0.056268       0.105956       1.331532       1.552142       2.103084       6.388747
        0.525278      -0.053385       0.124714       0.199434       1.576812       2.131128       6.407259
        0.549719      -0.050164       0.143548       1.347266       1.601464       2.159653       6.425760
        0.574036      -0.046315       0.171311       0.935349       1.626085       2.188695       6.452849
        0.598172      -0.041993       0.183302       0.051415       1.650606       2.218227       6.464475
        0.622069      -0.037512       0.195444       0.975806       1.674919       2.248176       6.476197
        0.645668      -0.032678       0.212056       0.425563       1.699008       2.278577       6.492146
        0.668911      -0.027684       0.215408      -0.146252       1.722781       2.309376       6.495351
        0.691744      -0.022722       0.222901       0.821334       1.746148       2.340515       6.502501
        0.714111      -0.017600       0.231953      -0.029983       1.769094       2.372036       6.511108
        0.735960      -0.012591       0.224080      -0.708021       1.791510       2.403853       6.503624
        0.757243      -0.007935       0.215865      -0.046143       1.813296       2.435881       6.495789
        0.777906      -0.003533       0.207598      -0.777281       1.834423       2.468135       6.487876
        0.797904       0.000480       0.194683      -0.505863       1.854819       2.500562       6.475463
        0.817189       0.004063       0.172678      -1.827841       1.874434       2.533135       6.454177
        0.835719       0.006963       0.141155      -1.564667       1.893191       2.565776       6.423414
        0.853451       0.009162       0.103282      -2.764223       1.911060       2.598477       6.386102
        0.870344       0.010562       0.065783      -1.617119       1.928012       2.631230       6.348874
        0.886354       0.011352       0.029061      -3.051426       1.944043       2.664072       6.312239
        0.901444       0.011515      -0.002191      -0.958753       1.959134       2.697020       6.280995
        0.915573       0.011269      -0.042156      -4.975218       1.973266       2.730088       6.241054
        0.928711       0.010375      -0.086296      -1.468509       1.986435       2.763338       6.197102
        0.940820       0.009162      -0.119721      -4.289560       1.998606       2.796757       6.164031
        0.951872       0.007627      -0.152644      -1.375522       2.009764       2.830397       6.131710
        0.961835       0.005995      -0.180199      -4.485338       2.019861       2.864207       6.104900
        0.970688       0.004238      -0.214455      -3.045485       2.028886       2.898260       6.071930
        0.978406       0.002488      -0.239977      -3.620459       2.036800       2.932536       6.047662
        0.984969       0.000835      -0.263446      -3.447589       2.043569       2.967022       6.025592
        0.990362      -0.000634      -0.280724      -2.729904       2.049158       3.001692       6.009506
        0.994571      -0.001842      -0.294096      -3.792333       2.053537       3.036496       5.997154
        0.997584      -0.002748      -0.307822      -5.686652       2.056683       3.071417       5.984568
        0.999396      -0.003316      -0.321673     -11.588112       2.058582       3.106451       5.971966
        1.000000      -0.003514      -0.335800   10000.000000       2.059218       3.141593       5.959217

 MAPPING ITERATIONS FOR J=  7  Y=  0.286280

   ITS  IERR    SERR       R(C1ERR)    I(C1ERR)
     5    50  -0.0021321  -0.0006128   0.0004415
    10    88   0.0000411  -0.0000076   0.0000797
    15    88  -0.0000010  -0.0000206   0.0000743
    19    88  -0.0000000  -0.0000203   0.0000745

 CURVE FIT AND S-MU TABLE FOR J=   8  Y=  0.365020  EPS= -0.000296  TE ANG(DEG)=   -0.0532

          X              Z             DZ/DX         D2Z/DX2          S              SCOS           MU
        1.000000       0.003328      -0.317527   10000.000000       0.000000       0.000000       2.834134
        0.999396       0.003518      -0.312566      -4.007112       0.000633       0.035105       2.838648
        0.997587       0.004079      -0.307861      -1.899621       0.002527       0.070168       2.842940
        0.994575       0.004998      -0.303359      -1.222497       0.005676       0.105180       2.847057
        0.990370       0.006265      -0.299141      -0.842657       0.010068       0.140134       2.850924
        0.984979       0.007863      -0.293745      -1.081293       0.015691       0.175017       2.855884
        0.978418       0.009767      -0.286415      -1.126179       0.022523       0.209805       2.862645
        0.970700       0.011944      -0.277985      -1.056442       0.030541       0.244475       2.870454
        0.961846       0.014362      -0.267900      -1.194930       0.039720       0.279012       2.879839
        0.951875       0.016980      -0.257654      -0.888318       0.050029       0.313398       2.889423
        0.940813       0.019758      -0.243426      -1.609032       0.061435       0.347619       2.902811
        0.928685       0.022653      -0.238435       0.596769       0.073903       0.381662       2.907528
        0.915520       0.025761      -0.227938      -1.989561       0.087430       0.415593       2.917484
        0.901351       0.028868      -0.215588       0.101950       0.101936       0.449294       2.929254
        0.886210       0.032108      -0.210279      -0.749330       0.117420       0.482841       2.934333
        0.870135       0.035399      -0.199511      -0.598634       0.133828       0.516195       2.944668
        0.853163       0.038701      -0.189740      -0.554966       0.151118       0.549339       2.954082
        0.835337       0.041996      -0.180001      -0.538568       0.169247       0.582264       2.963499
        0.816698       0.045257      -0.169911      -0.544057       0.188169       0.614959       2.973289
        0.797292       0.048451      -0.159316      -0.548069       0.207836       0.647410       2.983604
        0.777166       0.051547      -0.148285      -0.548590       0.228199       0.679601       2.994380
        0.756369       0.054512      -0.136904      -0.546457       0.249207       0.711520       3.005534
        0.734950       0.057319      -0.125196      -0.547389       0.270808       0.743153       3.017044
        0.712964       0.059940      -0.113147      -0.549293       0.292951       0.774486       3.028925
        0.690462       0.062344      -0.100478      -0.576887       0.315581       0.805504       3.041451
        0.667500       0.064502      -0.087555      -0.549971       0.338644       0.836192       3.054260
        0.644135       0.066388      -0.073513      -0.651249       0.362085       0.866536       3.068212
        0.620422       0.067996      -0.064011      -0.157426       0.385852       0.896522       3.077669
        0.596417       0.069433      -0.053528      -0.710594       0.409900       0.926148       3.088116
        0.572182       0.070566      -0.041801      -0.261742       0.434162       0.955384       3.099816
        0.547772       0.071507      -0.035213      -0.278360       0.458590       0.984221       3.106395
        0.523245       0.072279      -0.027493      -0.351423       0.483129       1.012643       3.114107
        0.498663       0.072854      -0.019433      -0.304878       0.507719       1.040626       3.122162
        0.474084       0.073221      -0.009729      -0.485576       0.532301       1.068149       3.131864
        0.449569       0.073348      -0.002044      -0.140637       0.556816       1.095189       3.139549
        0.425175       0.073334       0.004203      -0.373376       0.581210       1.121726       3.145796
        0.400962       0.073126       0.012739      -0.331884       0.605424       1.147735       3.154331
        0.376989       0.072729       0.020312      -0.300065       0.629400       1.173192       3.161902
        0.353314       0.072163       0.027475      -0.305596       0.653082       1.198073       3.169061
        0.329993       0.071435       0.035228      -0.360627       0.676414       1.222351       3.176806
        0.307083       0.070550       0.041248      -0.161470       0.699341       1.246001       3.182817
        0.284639       0.069533       0.051700      -0.784266       0.721808       1.268995       3.193247
        0.262719       0.068262       0.061883      -0.129029       0.743765       1.291309       3.203397
        0.241371       0.066898       0.066496      -0.308405       0.765157       1.312911       3.207991
        0.220648       0.065411       0.079271      -0.945138       0.785933       1.333776       3.220698
        0.200603       0.063685       0.090199      -0.116837       0.806053       1.353880       3.231548
        0.181280       0.061872       0.099991      -0.928441       0.825460       1.373189       3.241253
        0.162729       0.059888       0.112211      -0.365215       0.844117       1.391681       3.253336
        0.144993       0.057799       0.125813      -1.208604       0.861977       1.409324       3.266748
        0.128116       0.055516       0.143892      -0.918950       0.879007       1.426102       3.284504
        0.112137       0.053128       0.153136      -0.196336       0.895163       1.441980       3.293548
        0.097092       0.050724       0.172223      -2.485598       0.910400       1.456924       3.312142
        0.083024       0.048090       0.199352      -1.284563       0.924713       1.470940       3.338365
        0.069962       0.045349       0.222826      -2.393548       0.938059       1.483991       3.360837
        0.057940       0.042474       0.257571      -3.473873       0.950421       1.496066       3.393684
        0.046986       0.039423       0.301806      -4.710941       0.961793       1.507164       3.434706
        0.037129       0.036179       0.360846      -7.556791       0.972171       1.517286       3.487897
        0.028391       0.032718       0.434051      -9.374675       0.981571       1.526449       3.551104
        0.020792       0.029070       0.538985     -19.655594       0.990002       1.534664       3.635940
        0.014355       0.025117       0.703882     -33.721855       0.997561       1.542028       3.754919
        0.009093       0.020853       0.939842     -60.940560       1.004339       1.548629       3.895989
        0.005018       0.016268       1.400343    -200.522717       1.010483       1.554612       4.092255
        0.002144       0.011177       2.274571    -504.272103       1.016340       1.560315       4.298181
        0.000472       0.005684       5.802026   -8052.006381       1.022096       1.565919       4.541712
        0.000000       0.000000   10000.000000   10000.000000       1.027807       1.571479       4.712389
        0.000723      -0.005666      -3.905024    1932.331321       1.033533       1.577055       4.963082
        0.002637      -0.011105      -2.143343     539.246390       1.039307       1.582676       5.148929
        0.005732      -0.016104      -1.271348     148.657924       1.045201       1.588415       5.378885
        0.010002      -0.020560      -0.877872      57.025688       1.051381       1.594433       5.562731
        0.015442      -0.024659      -0.652550      30.530557       1.058198       1.601073       5.705019
        0.022039      -0.028404      -0.495454      18.793331       1.065789       1.608468       5.823181
        0.029780      -0.031811      -0.398710       7.699875       1.074248       1.616711       5.903791
        0.038648      -0.035007      -0.318737       9.991583       1.083676       1.625902       5.974628
        0.048621      -0.037829      -0.259413       2.676734       1.094042       1.636013       6.029367
        0.059677      -0.040511      -0.224049       3.618905       1.105420       1.647118       6.062776
        0.071791      -0.043002      -0.190114       2.107166       1.117787       1.659200       6.095314
        0.084933      -0.045326      -0.164135       1.862037       1.131134       1.672253       6.120501
        0.099072      -0.047497      -0.145355       0.862073       1.145439       1.686263       6.138841
        0.114176      -0.049581      -0.129828       1.173941       1.160686       1.701221       6.154079
        0.130207      -0.051517      -0.111918       1.066312       1.176834       1.717095       6.171731
        0.147128      -0.053253      -0.093068       1.157379       1.193843       1.733856       6.190385
        0.164897      -0.054769      -0.079893       0.362703       1.211677       1.751479       6.203462
        0.183472      -0.056176      -0.070862       0.599939       1.230306       1.769948       6.212442
        0.202810      -0.057440      -0.060181       0.508664       1.249685       1.789235       6.223077
        0.222864      -0.058516      -0.045758       0.916478       1.269768       1.809309       6.237460
        0.243584      -0.059328      -0.035448       0.104307       1.290505       1.830142       6.247753
        0.264923      -0.060004      -0.025381       0.819951       1.311854       1.851711       6.257810
        0.286829      -0.060429      -0.016248       0.033714       1.333764       1.873986       6.266938
        0.309249      -0.060719      -0.006735       0.798929       1.356186       1.896944       6.276450
        0.332130      -0.060721       0.004062       0.157620       1.379067       1.920557       6.287247
        0.355416      -0.060557       0.011152       0.447072       1.402354       1.944800       6.294337
        0.379051      -0.060169       0.021746       0.450063       1.425992       1.969648       6.304928
        0.402980      -0.059502       0.034697       0.631277       1.449930       1.995078       6.317869
        0.427143      -0.058494       0.048165       0.485580       1.474114       2.021070       6.331313
        0.451483      -0.057160       0.062201       0.667548       1.498491       2.047604       6.345306
        0.475940      -0.055446       0.077604       0.593305       1.523009       2.074664       6.360634
        0.500457      -0.053299       0.100314       1.260086       1.547620       2.102239       6.383165
        0.524972      -0.050568       0.118074       0.188577       1.572287       2.130334       6.400715
        0.549427      -0.047517       0.135899       1.274346       1.596932       2.158905       6.418257
        0.573762      -0.043871       0.162168       0.883975       1.621539       2.187987       6.443954
        0.597917      -0.039776       0.173502       0.048006       1.646039       2.217551       6.454977
        0.621834      -0.035531       0.184973       0.921523       1.670330       2.247530       6.466091
        0.645455      -0.030952       0.200664       0.400992       1.694391       2.277954       6.481220
        0.668723      -0.026222       0.203813      -0.138979       1.718135       2.308774       6.484245
        0.691583      -0.021522       0.210874       0.774428       1.741473       2.339933       6.491015
        0.713978      -0.016670       0.219407      -0.029412       1.764388       2.371469       6.499170
        0.735856      -0.011926       0.211948      -0.668841       1.786774       2.403303       6.492042
        0.757167      -0.007516       0.204171      -0.044196       1.808537       2.435355       6.484588
        0.777859      -0.003348       0.196349      -0.733842       1.829644       2.467637       6.477067
        0.797883       0.000453       0.184138      -0.477593       1.850026       2.500100       6.465284
        0.817193       0.003847       0.163342      -1.725218       1.869632       2.532717       6.445097
        0.835744       0.006594       0.133551      -1.477372       1.888386       2.565414       6.415950
        0.853492       0.008676       0.097741      -2.611871       1.906257       2.598183       6.380617
        0.870397       0.010003       0.062276      -1.529015       1.923215       2.631011       6.345381
        0.886415       0.010751       0.027523      -2.887345       1.939251       2.663934       6.310702
        0.901508       0.010906      -0.002058      -0.907511       1.954346       2.696963       6.281127
        0.915638       0.010672      -0.039918      -4.713803       1.968478       2.730112       6.243289
        0.928773       0.009826      -0.081739      -1.392878       1.981641       2.763430       6.201628
        0.940877       0.008677      -0.113433      -4.069568       1.993800       2.796910       6.170235
        0.951921       0.007224      -0.144654      -1.306000       2.004940       2.830596       6.139528
        0.961877       0.005678      -0.170799      -4.259305       2.015016       2.864442       6.114019
        0.970722       0.004015      -0.203306      -2.893887       2.024016       2.898513       6.082613
        0.978432       0.002356      -0.227535      -3.441027       2.031902       2.932789       6.059459
        0.984988       0.000791      -0.249820      -3.277936       2.038643       2.967260       6.038376
        0.990375      -0.000600      -0.266229      -2.596117       2.044206       3.001901       6.022991
        0.994578      -0.001745      -0.278931      -3.606940       2.048562       3.036666       6.011168
        0.997588      -0.002603      -0.291969      -5.409422       2.051692       3.071540       5.999112
        0.999397      -0.003141      -0.305128     -11.024932       2.053579       3.106517       5.987030
        1.000000      -0.003328      -0.318550   10000.000000       2.054211       3.141593       5.974798

 MAPPING ITERATIONS FOR J=  8  Y=  0.365020

   ITS  IERR    SERR       R(C1ERR)    I(C1ERR)
     5    50  -0.0020436  -0.0005467   0.0005579
    10    79  -0.0000334   0.0000027   0.0000419
    15    88  -0.0000007  -0.0000078   0.0000377
    18    88   0.0000001  -0.0000075   0.0000378

 CURVE FIT AND S-MU TABLE FOR J=   9  Y=  0.451158  EPS= -0.000282  TE ANG(DEG)=   -0.0508

          X              Z             DZ/DX         D2Z/DX2          S              SCOS           MU
        1.000000       0.003195      -0.305133   10000.000000       0.000000       0.000000       2.845433
        0.999397       0.003377      -0.300360      -3.859475       0.000630       0.035055       2.849806
        0.997589       0.003915      -0.295834      -1.829305       0.002516       0.070070       2.853962
        0.994581       0.004798      -0.291504      -1.177027       0.005651       0.105036       2.857949
        0.990380       0.006014      -0.287448      -0.811089       0.010024       0.139946       2.861691
        0.984996       0.007548      -0.282260      -1.040826       0.015623       0.174788       2.866490
        0.978442       0.009375      -0.275212      -1.083943       0.022427       0.209536       2.873029
        0.970733       0.011465      -0.267108      -1.016656       0.030414       0.244171       2.880578
        0.961888       0.013785      -0.257414      -1.149927       0.039558       0.278677       2.889648
        0.951929       0.016297      -0.247567      -0.854501       0.049829       0.313036       2.898905
        0.940879       0.018965      -0.233891      -1.548574       0.061197       0.347236       2.911832
        0.928765       0.021743      -0.229105       0.576035       0.073625       0.381262       2.916375
        0.915616       0.024725      -0.219023      -1.914987       0.087109       0.415176       2.925975
        0.901463       0.027707      -0.207161       0.099575       0.101572       0.448866       2.937321
        0.886340       0.030817      -0.202074      -0.720325       0.117012       0.482404       2.942204
        0.870284       0.033976      -0.191738      -0.575178       0.133375       0.515750       2.952154
        0.853333       0.037145      -0.182362      -0.533109       0.150620       0.548889       2.961212
        0.835529       0.040309      -0.173018      -0.517336       0.168704       0.581811       2.970270
        0.816913       0.043440      -0.163338      -0.522669       0.187581       0.614506       2.979684
        0.797531       0.046507      -0.153171      -0.526599       0.207204       0.646959       2.989602
        0.777430       0.049480      -0.142585      -0.527180       0.227523       0.679156       2.999963
        0.756659       0.052328      -0.131661      -0.525217       0.248490       0.711083       3.010685
        0.735267       0.055024      -0.120420      -0.526214       0.270051       0.742726       3.021749
        0.713307       0.057542      -0.108850      -0.528151       0.292155       0.774072       3.033170
        0.690831       0.059852      -0.096681      -0.554842       0.314749       0.805106       3.045211
        0.667895       0.061926      -0.084266      -0.528996       0.337779       0.835813       3.057526
        0.644555       0.063740      -0.070770      -0.626651       0.361190       0.866179       3.070940
        0.620866       0.065286      -0.061643      -0.150953       0.384929       0.896190       3.080028
        0.596884       0.066669      -0.051570      -0.683923       0.408950       0.925840       3.090069
        0.572671       0.067760      -0.040297      -0.251595       0.433189       0.955104       3.101318
        0.548281       0.068667      -0.033968      -0.267652       0.457595       0.983970       3.107637
        0.523775       0.069412      -0.026549      -0.338065       0.482113       1.012420       3.115050
        0.499211       0.069967      -0.018802      -0.293274       0.506683       1.040432       3.122793
        0.474649       0.070323      -0.009472      -0.467283       0.531247       1.067985       3.132121
        0.450150       0.070447      -0.002083      -0.135181       0.555747       1.095056       3.139510
        0.425770       0.070436       0.003923      -0.359252       0.580127       1.121625       3.145515
        0.401570       0.070240       0.012131      -0.319294       0.604328       1.147666       3.153723
        0.377607       0.069861       0.019413      -0.288651       0.628294       1.173156       3.161004
        0.353941       0.069320       0.026301      -0.293949       0.651967       1.198069       3.167888
        0.330627       0.068622       0.033756      -0.346830       0.675291       1.222381       3.175335
        0.307721       0.067774       0.039544      -0.155282       0.698212       1.246064       3.181116
        0.285280       0.066799       0.049592      -0.753936       0.720675       1.269092       3.191144
        0.263359       0.065580       0.059380      -0.123958       0.742629       1.291441       3.200903
        0.242009       0.064271       0.063813      -0.296356       0.764020       1.313078       3.205319
        0.221281       0.062843       0.076086      -0.907586       0.784797       1.333978       3.217532
        0.201228       0.061185       0.086582      -0.112103       0.804918       1.354117       3.227960
        0.181896       0.059445       0.095983      -0.890723       0.824329       1.373461       3.237282
        0.163332       0.057539       0.107710      -0.350111       0.842991       1.391988       3.248889
        0.145580       0.055532       0.120758      -1.158133       0.860856       1.409666       3.261769
        0.128685       0.053339       0.138093      -0.879657       0.877893       1.426478       3.278818
        0.112686       0.051044       0.146950      -0.187758       0.894056       1.442389       3.287499
        0.097619       0.048733       0.165233      -2.376825       0.909298       1.457364       3.305346
        0.083526       0.046203       0.191205      -1.226441       0.923618       1.471409       3.330518
        0.070437       0.043568       0.213658      -2.283840       0.936969       1.484487       3.352085
        0.058385       0.040805       0.246868      -3.310097       0.949334       1.496585       3.383622
        0.047400       0.037873       0.289108      -4.481388       0.960705       1.507701       3.423027
        0.037507       0.034756       0.345415      -7.174522       0.971079       1.517835       3.474177
        0.028731       0.031430       0.415114      -8.872432       0.980465       1.527000       3.535060
        0.021093       0.027925       0.514903     -18.576885       0.988872       1.535205       3.617091
        0.014612       0.024126       0.670901     -31.516803       0.996388       1.542539       3.732521
        0.009303       0.020030       0.894930     -57.646187       1.003099       1.549086       3.871600
        0.005180       0.015625       1.320443    -178.950772       1.009142       1.554981       4.064218
        0.002252       0.010735       2.163761    -500.840341       1.014852       1.560551       4.279470
        0.000526       0.005458       5.065512   -5772.789651       1.020417       1.565978       4.517482
        0.000000       0.000000   10000.000000   10000.000000       1.025909       1.571334       4.712389
        0.000673      -0.005440      -4.021498    2566.052279       1.031405       1.576694       4.956109
        0.002541      -0.010663      -2.075039     515.920165       1.036961       1.582113       5.161467
        0.005597      -0.015462      -1.235510     150.539039       1.042664       1.587675       5.392825
        0.009836      -0.019740      -0.847174      55.322682       1.048694       1.593558       5.580334
        0.015248      -0.023674      -0.629144      29.807856       1.055391       1.600091       5.721611
        0.021823      -0.027269      -0.476914      18.199584       1.062889       1.607407       5.838177
        0.029544      -0.030539      -0.383510       7.452669       1.071276       1.615594       5.916975
        0.038396      -0.033606      -0.306389       9.640295       1.080646       1.624743       5.985877
        0.048355      -0.036315      -0.249251       2.581039       1.090969       1.634828       6.038911
        0.059401      -0.038889      -0.215212       3.484696       1.102311       1.645917       6.071207
        0.071506      -0.041279      -0.182570       2.027625       1.114650       1.657990       6.102604
        0.084641      -0.043510      -0.157594       1.790529       1.127973       1.671042       6.126877
        0.098775      -0.045594      -0.139545       0.828760       1.142261       1.685057       6.144536
        0.113875      -0.047594      -0.124627       1.127882       1.157493       1.700023       6.159198
        0.129904      -0.049452      -0.107426       1.024060       1.173629       1.715910       6.176170
        0.146824      -0.051118      -0.089326       1.111151       1.190631       1.732688       6.194096
        0.164593      -0.052573      -0.076679       0.348091       1.208460       1.750333       6.206656
        0.183171      -0.053924      -0.068011       0.575717       1.227086       1.768828       6.215279
        0.202511      -0.055137      -0.057761       0.488036       1.246465       1.788142       6.225488
        0.222568      -0.056170      -0.043920       0.879364       1.266548       1.808247       6.239294
        0.243293      -0.056950      -0.034027       0.099952       1.287288       1.829112       6.249171
        0.264637      -0.057599      -0.024367       0.786675       1.308642       1.850716       6.258823
        0.286548      -0.058007      -0.015605       0.032235       1.330557       1.873028       6.267582
        0.308974      -0.058285      -0.006476       0.766508       1.352985       1.896025       6.276709
        0.331861      -0.058288       0.003885       0.151173       1.375872       1.919677       6.287070
        0.355154      -0.058131       0.010688       0.428919       1.399165       1.943960       6.293873
        0.378796      -0.057758       0.020856       0.431818       1.422811       1.968849       6.304038
        0.402732      -0.057118       0.033286       0.605720       1.446755       1.994321       6.316459
        0.426903      -0.056151       0.046213       0.465928       1.470945       2.020355       6.329365
        0.451250      -0.054870       0.059684       0.640515       1.495327       2.046930       6.342799
        0.475716      -0.053226       0.074469       0.569264       1.519848       2.074031       6.357517
        0.500241      -0.051164       0.096264       1.208831       1.544460       2.101645       6.379154
        0.524766      -0.048543       0.113307       0.180803       1.569125       2.129774       6.396011
        0.549232      -0.045613       0.130408       1.222091       1.593766       2.158379       6.412861
        0.573578      -0.042113       0.155606       0.847238       1.618363       2.187488       6.437553
        0.597746      -0.038182       0.166470       0.045636       1.642848       2.217075       6.448142
        0.621677      -0.034107       0.177460       0.882787       1.667124       2.247075       6.458817
        0.645313      -0.029711       0.192496       0.383565       1.691166       2.277516       6.473355
        0.668598      -0.025171       0.195501      -0.133684       1.714890       2.308350       6.476251
        0.691476      -0.020659       0.202255       0.741102       1.738208       2.339524       6.482749
        0.713890      -0.016002       0.210421      -0.028868       1.761101       2.371071       6.490580
        0.735788      -0.011448       0.203259      -0.640856       1.783467       2.402917       6.483712
        0.757118      -0.007215       0.195797      -0.042730       1.805213       2.434986       6.476536
        0.777829      -0.003214       0.188294      -0.702873       1.826307       2.467288       6.469300
        0.797871       0.000434       0.176588      -0.457440       1.846679       2.499776       6.457971
        0.817197       0.003692       0.156655      -1.652138       1.866278       2.532424       6.438577
        0.835762       0.006328       0.128101      -1.415154       1.885030       2.565160       6.410592
        0.853522       0.008327       0.093768      -2.503091       1.902903       2.597974       6.376680
        0.870434       0.009600       0.059759      -1.465999       1.919864       2.630855       6.342873
        0.886457       0.010319       0.026418      -2.769755       1.935904       2.663834       6.309597
        0.901553       0.010467      -0.001965      -0.870751       1.951000       2.696919       6.281220
        0.915683       0.010243      -0.038311      -4.525809       1.965133       2.730124       6.244893
        0.928815       0.009431      -0.078464      -1.338320       1.978291       2.763491       6.204882
        0.940916       0.008329      -0.108911      -3.910796       1.990442       2.797013       6.174702
        0.951956       0.006934      -0.138904      -1.255707       2.001570       2.830731       6.145164
        0.961907       0.005450      -0.164031      -4.095763       2.011632       2.864603       6.120602
        0.970745       0.003854      -0.195275      -2.784004       2.020614       2.898685       6.090337
        0.978450       0.002262      -0.218570      -3.310897       2.028481       2.932962       6.068000
        0.985001       0.000759      -0.239997      -3.154777       2.035202       2.967423       6.047643
        0.990383      -0.000576      -0.255777      -2.498934       2.040748       3.002045       6.032777
        0.994583      -0.001675      -0.267993      -3.472240       2.045089       3.036784       6.021345
        0.997590      -0.002498      -0.280534      -5.207951       2.048207       3.071625       6.009681
        0.999397      -0.003015      -0.293192     -10.615543       2.050086       3.106563       5.997986
        1.000000      -0.003195      -0.306102   10000.000000       2.050715       3.141593       5.986139

 MAPPING ITERATIONS FOR J=  9  Y=  0.451158

   ITS  IERR    SERR       R(C1ERR)    I(C1ERR)
     5    51  -0.0019777  -0.0005050   0.0006512
    10    79  -0.0000293   0.0000068   0.0000107
    15    79   0.0000006  -0.0000023   0.0000071
    18    79  -0.0000001  -0.0000021   0.0000072

 CURVE FIT AND S-MU TABLE FOR J=  10  Y=  0.548911  EPS= -0.000272  TE ANG(DEG)=   -0.0489

          X              Z             DZ/DX         D2Z/DX2          S              SCOS           MU
        1.000000       0.003096      -0.295943   10000.000000       0.000000       0.000000       2.853862
        0.999397       0.003272      -0.291310      -3.749240       0.000628       0.035019       2.858127
        0.997591       0.003794      -0.286918      -1.776766       0.002508       0.070000       2.862181
        0.994586       0.004650      -0.282716      -1.143039       0.005633       0.104933       2.866068
        0.990388       0.005828      -0.278781      -0.787492       0.009993       0.139812       2.869715
        0.985008       0.007315      -0.273747      -1.010612       0.015574       0.174624       2.874392
        0.978459       0.009085      -0.266910      -1.052433       0.022359       0.209344       2.880763
        0.970756       0.011110      -0.259048      -0.987002       0.030323       0.243954       2.888116
        0.961919       0.013359      -0.249644      -1.116403       0.039442       0.278438       2.896949
        0.951968       0.015793      -0.240094      -0.829354       0.049687       0.312779       2.905959
        0.940926       0.018378      -0.226827      -1.503549       0.061026       0.346965       2.918540
        0.928822       0.021070      -0.222191       0.560398       0.073427       0.380980       2.922954
        0.915683       0.023960      -0.212416      -1.859442       0.086880       0.414881       2.932288
        0.901542       0.026850      -0.200914       0.097612       0.101313       0.448565       2.943318
        0.886432       0.029864      -0.195990      -0.698852       0.116721       0.482097       2.948056
        0.870389       0.032925      -0.185972      -0.557856       0.133053       0.515438       2.957721
        0.853452       0.035997      -0.176887      -0.516988       0.150266       0.548574       2.966517
        0.835663       0.039062      -0.167833      -0.501682       0.168318       0.581496       2.975309
        0.817063       0.042097      -0.158453      -0.506893       0.187164       0.614192       2.984446
        0.797698       0.045070      -0.148602      -0.510752       0.206756       0.646648       2.994071
        0.777614       0.047952      -0.138342      -0.511365       0.227046       0.678849       3.004124
        0.756860       0.050713      -0.127754      -0.509512       0.247983       0.710783       3.014527
        0.735486       0.053327      -0.116858      -0.510539       0.269516       0.742435       3.025262
        0.713543       0.055768      -0.105640      -0.512479       0.291594       0.773792       3.036343
        0.691086       0.058009      -0.093841      -0.538468       0.314164       0.804839       3.048026
        0.668167       0.060021      -0.081801      -0.513404       0.337171       0.835561       3.059974
        0.644843       0.061781      -0.068711      -0.608311       0.360561       0.865944       3.072990
        0.621170       0.063281      -0.059861      -0.146225       0.384282       0.895973       3.081803
        0.597204       0.064623      -0.050091      -0.663989       0.408285       0.925643       3.091543
        0.573005       0.065682      -0.039156      -0.244069       0.432508       0.954928       3.102457
        0.548629       0.066563      -0.033019      -0.259695       0.456899       0.983815       3.108585
        0.524136       0.067287      -0.025824      -0.328102       0.481403       1.012287       3.115775
        0.499585       0.067826      -0.018309      -0.284619       0.505960       1.040322       3.123286
        0.475034       0.068173      -0.009257      -0.453589       0.530513       1.067897       3.132336
        0.450545       0.068296      -0.002089      -0.131129       0.555003       1.094991       3.139504
        0.426174       0.068287       0.003737      -0.348682       0.579374       1.121583       3.145330
        0.401982       0.068098       0.011701      -0.309871       0.603567       1.147648       3.153293
        0.378026       0.067732       0.018766      -0.280109       0.627525       1.173162       3.160357
        0.354365       0.067209       0.025449      -0.285232       0.651193       1.198100       3.167036
        0.331055       0.066534       0.032680      -0.336505       0.674512       1.222437       3.174261
        0.308153       0.065713       0.038295      -0.150654       0.697429       1.246145       3.179869
        0.285713       0.064769       0.048041      -0.731263       0.719889       1.269197       3.189597
        0.263791       0.063587       0.057534      -0.120177       0.741843       1.291572       3.199063
        0.242439       0.062319       0.061833      -0.287363       0.763233       1.313235       3.203347
        0.221708       0.060935       0.073732      -0.879637       0.784010       1.334159       3.215191
        0.201649       0.059328       0.083907      -0.108590       0.804133       1.354324       3.225303
        0.182309       0.057641       0.093016      -0.862758       0.823546       1.373694       3.234342
        0.163737       0.055793       0.104379      -0.338948       0.842211       1.392246       3.245595
        0.145975       0.053847       0.117016      -1.120896       0.860079       1.409948       3.258079
        0.129067       0.051720       0.133801      -0.850792       0.877120       1.426784       3.274604
        0.113054       0.049495       0.142374      -0.181489       0.893287       1.442718       3.283016
        0.097973       0.047254       0.160064      -2.297236       0.908534       1.457715       3.300310
        0.083863       0.044800       0.185187      -1.184179       0.922856       1.471779       3.324705
        0.070756       0.042245       0.206892      -2.204231       0.936210       1.484875       3.345606
        0.058684       0.039566       0.238984      -3.191817       0.948576       1.496989       3.376176
        0.047677       0.036722       0.279772      -4.316550       0.959946       1.508117       3.414390
        0.037760       0.033699       0.334102      -6.901592       0.970314       1.518258       3.464035
        0.028959       0.030473       0.401279      -8.517708       0.979689       1.527423       3.523201
        0.021294       0.027074       0.497375     -17.815095       0.988076       1.535619       3.603138
        0.014784       0.023391       0.647114     -30.015280       0.995560       1.542931       3.715936
        0.009444       0.019419       0.862544     -55.257347       1.002220       1.549436       3.853324
        0.005288       0.015148       1.265031    -165.558201       1.008189       1.555266       4.043471
        0.002325       0.010407       2.082055    -490.976621       1.013791       1.560736       4.264629
        0.000562       0.005291       4.629324   -4618.739614       1.019214       1.566032       4.499644
        0.000000       0.000000   10000.000000   10000.000000       1.024545       1.571238       4.712389
        0.000639      -0.005273      -4.090388    3030.743986       1.029870       1.576437       4.952162
        0.002477      -0.010335      -2.022188     497.821137       1.035266       1.581706       5.171638
        0.005507      -0.014987      -1.207493     151.287052       1.040830       1.587140       5.404068
        0.009724      -0.019133      -0.823966      53.986450       1.046752       1.592924       5.594001
        0.015118      -0.022946      -0.611544      29.222426       1.053363       1.599382       5.734321
        0.021677      -0.026430      -0.463065      17.742830       1.060794       1.606642       5.849520
        0.029385      -0.029598      -0.372192       7.263209       1.069131       1.614788       5.926879
        0.038226      -0.032570      -0.297219       9.375345       1.078459       1.623908       5.994282
        0.048176      -0.035195      -0.241719       2.509022       1.088751       1.633975       6.046016
        0.059214      -0.037690      -0.208669       3.384370       1.100068       1.645052       6.077469
        0.071313      -0.040006      -0.176990       1.968338       1.112387       1.657120       6.108009
        0.084443      -0.042167      -0.152759       1.737388       1.125695       1.670171       6.131598
        0.098574      -0.044187      -0.135252       0.804031       1.139969       1.684189       6.148749
        0.113671      -0.046125      -0.120785       1.093782       1.155190       1.699161       6.162983
        0.129698      -0.047925      -0.104108       0.992830       1.171318       1.715057       6.179451
        0.146617      -0.049540      -0.086563       1.077022       1.188314       1.731849       6.196837
        0.164387      -0.050950      -0.074306       0.337327       1.206140       1.749510       6.209016
        0.182965      -0.052259      -0.065906       0.557870       1.224764       1.768022       6.217374
        0.202307      -0.053435      -0.055974       0.472850       1.244141       1.787356       6.227270
        0.222365      -0.054436      -0.042561       0.852012       1.264225       1.807483       6.240650
        0.243093      -0.055191      -0.032976       0.096770       1.284967       1.828371       6.250221
        0.264440      -0.055821      -0.023617       0.762150       1.306323       1.850000       6.259573
        0.286355      -0.056216      -0.015127       0.031168       1.328242       1.872338       6.268059
        0.308785      -0.056486      -0.006282       0.742601       1.350673       1.895362       6.276903
        0.331676      -0.056489       0.003757       0.146430       1.373564       1.919042       6.286942
        0.354973      -0.056337       0.010349       0.415531       1.396862       1.943354       6.293534
        0.378620      -0.055976       0.020201       0.418352       1.420512       1.968272       6.303384
        0.402560      -0.055356       0.032247       0.586844       1.444460       1.993774       6.315421
        0.426736      -0.054418       0.044773       0.451408       1.468654       2.019838       6.327928
        0.451089      -0.053177       0.057827       0.620536       1.493039       2.046443       6.340948
        0.475560      -0.051583       0.072154       0.551493       1.517563       2.073572       6.355214
        0.500092      -0.049585       0.093272       1.170951       1.542175       2.101214       6.376189
        0.524623      -0.047045       0.109784       0.175070       1.566839       2.129369       6.392531
        0.549096      -0.044206       0.126350       1.183509       1.591475       2.157998       6.408869
        0.573450      -0.040813       0.150757       0.820169       1.616065       2.187127       6.432815
        0.597627      -0.037004       0.161275       0.043947       1.640541       2.216731       6.443083
        0.621568      -0.033054       0.171912       0.854301       1.664806       2.246747       6.453434
        0.645216      -0.028794       0.186465       0.370829       1.688834       2.277200       6.467533
        0.668513      -0.024394       0.189367      -0.129703       1.712543       2.308044       6.470336
        0.691402      -0.020021       0.195898       0.716696       1.735847       2.339228       6.476633
        0.713830      -0.015508       0.203794      -0.028362       1.758724       2.370784       6.484226
        0.735742      -0.011095       0.196854      -0.620240       1.781076       2.402639       6.477554
        0.757085      -0.006992       0.189624      -0.041591       1.802810       2.434720       6.470585
        0.777809      -0.003115       0.182357      -0.680108       1.823894       2.467036       6.463560
        0.797864       0.000421       0.171024      -0.442627       1.844258       2.499542       6.452570
        0.817202       0.003577       0.151726      -1.598500       1.863852       2.532211       6.433762
        0.835777       0.006132       0.124082      -1.369465       1.882602       2.564975       6.406636
        0.853544       0.008069       0.090836      -2.423107       1.900476       2.597823       6.373773
        0.870462       0.009303       0.057900      -1.419606       1.917439       2.630742       6.341021
        0.886488       0.009999       0.025600      -2.683055       1.933482       2.663760       6.308780
        0.901585       0.010143      -0.001899      -0.843625       1.948580       2.696885       6.281287
        0.915716       0.009926      -0.037125      -4.386833       1.962713       2.730130       6.246077
        0.928846       0.009139      -0.076044      -1.297882       1.975867       2.763532       6.207287
        0.940944       0.008071      -0.105567      -3.793092       1.988013       2.797085       6.178008
        0.951980       0.006720      -0.134651      -1.218334       1.999132       2.830826       6.149339
        0.961928       0.005281      -0.159022      -3.974272       2.009183       2.864716       6.125484
        0.970763       0.003734      -0.189329      -2.702234       2.018152       2.898809       6.096071
        0.978463       0.002192      -0.211929      -3.214015       2.026006       2.933086       6.074346
        0.985011       0.000736      -0.232719      -3.062996       2.032714       2.967540       6.054536
        0.990389      -0.000558      -0.248032      -2.426444       2.038246       3.002148       6.040060
        0.994586      -0.001623      -0.259886      -3.371778       2.042576       3.036868       6.028924
        0.997592      -0.002421      -0.272057      -5.057709       2.045685       3.071686       6.017557
        0.999398      -0.002922      -0.284342     -10.310337       2.047559       3.106596       6.006155
        1.000000      -0.003096      -0.296872   10000.000000       2.048187       3.141593       5.994601

 MAPPING ITERATIONS FOR J= 10  Y=  0.548911

   ITS  IERR    SERR       R(C1ERR)    I(C1ERR)
     5    51  -0.0019288  -0.0004773   0.0007244
    10    79  -0.0000266   0.0000075  -0.0000023
    15    79   0.0000005  -0.0000006  -0.0000056
    18    79  -0.0000000  -0.0000005  -0.0000055

 CURVE FIT AND S-MU TABLE FOR J=  11  Y=  0.665642  EPS= -0.000263  TE ANG(DEG)=   -0.0474

          X              Z             DZ/DX         D2Z/DX2          S              SCOS           MU
        1.000000       0.003021      -0.288920   10000.000000       0.000000       0.000000       2.860331
        0.999398       0.003193      -0.284395      -3.664440       0.000626       0.034993       2.864513
        0.997593       0.003702      -0.280105      -1.736316       0.002502       0.069948       2.868487
        0.994589       0.004537      -0.276001      -1.116857       0.005620       0.104858       2.872296
        0.990393       0.005686      -0.272159      -0.769311       0.009970       0.139714       2.875869
        0.985017       0.007137      -0.267244      -0.987363       0.015539       0.174503       2.880451
        0.978471       0.008864      -0.260568      -1.028207       0.022308       0.209204       2.886692
        0.970773       0.010840      -0.252892      -0.964223       0.030256       0.243796       2.893894
        0.961941       0.013034      -0.243710      -1.090668       0.039357       0.278264       2.902542
        0.951995       0.015409      -0.234386      -0.810080       0.049582       0.312592       2.911363
        0.940960       0.017931      -0.221433      -1.469002       0.060901       0.346767       2.923676
        0.928863       0.020558      -0.216910       0.548269       0.073281       0.380775       2.927991
        0.915732       0.023377      -0.207369      -1.816823       0.086711       0.414668       2.937121
        0.901598       0.026197      -0.196143       0.095971       0.101123       0.448348       2.947909
        0.886497       0.029138      -0.191341      -0.682469       0.116508       0.481876       2.952537
        0.870463       0.032124      -0.181564      -0.544672       0.132818       0.515214       2.961985
        0.853537       0.035122      -0.172700      -0.504733       0.150008       0.548350       2.970580
        0.835758       0.038113      -0.163866      -0.489788       0.168037       0.581272       2.979170
        0.817169       0.041074      -0.154714      -0.494900       0.186860       0.613970       2.988096
        0.797815       0.043976      -0.145100      -0.498698       0.206430       0.646429       2.997498
        0.777743       0.046788      -0.135088      -0.499327       0.226698       0.678635       3.007318
        0.757001       0.049482      -0.124755      -0.497546       0.247615       0.710575       3.017479
        0.735639       0.052034      -0.114121      -0.498582       0.269128       0.742235       3.027963
        0.713709       0.054417      -0.103172      -0.500509       0.291188       0.773601       3.038785
        0.691263       0.056604      -0.091653      -0.525938       0.313740       0.804658       3.050195
        0.668356       0.058568      -0.079899      -0.501463       0.336731       0.835393       3.061863
        0.645044       0.060286      -0.067119      -0.594226       0.360107       0.865789       3.074574
        0.621381       0.061751      -0.058480      -0.142663       0.383815       0.895834       3.083179
        0.597426       0.063062      -0.048943      -0.648646       0.407806       0.925520       3.092689
        0.573236       0.064096      -0.038265      -0.238316       0.432018       0.954820       3.103346
        0.548870       0.064957      -0.032276      -0.253601       0.456399       0.983725       3.109328
        0.524386       0.065664      -0.025251      -0.320447       0.480894       1.012214       3.116347
        0.499842       0.066192      -0.017914      -0.277970       0.505443       1.040266       3.123681
        0.475300       0.066531      -0.009076      -0.443033       0.529988       1.067859       3.132517
        0.450817       0.066652      -0.002077      -0.128027       0.554472       1.094972       3.139516
        0.426452       0.066644       0.003611      -0.340534       0.578836       1.121582       3.145204
        0.402265       0.066461       0.011387      -0.302608       0.603024       1.147665       3.152979
        0.378314       0.066104       0.018285      -0.273526       0.626978       1.173198       3.159876
        0.354656       0.065594       0.024809      -0.278512       0.650641       1.198154       3.166397
        0.331348       0.064936       0.031869      -0.328547       0.673958       1.222509       3.173451
        0.308448       0.064135       0.037351      -0.147089       0.696873       1.246236       3.178926
        0.286009       0.063214       0.046865      -0.713806       0.719331       1.269308       3.188423
        0.264086       0.062062       0.056131      -0.117272       0.741284       1.291702       3.197665
        0.242732       0.060824       0.060326      -0.280448       0.762674       1.313383       3.201846
        0.221998       0.059474       0.071938      -0.858199       0.783451       1.334327       3.213407
        0.201936       0.057906       0.081866      -0.105903       0.803576       1.354511       3.223277
        0.182591       0.056259       0.090752      -0.841381       0.822990       1.373899       3.232097
        0.164012       0.054455       0.101836      -0.330440       0.841657       1.392469       3.243079
        0.146243       0.052556       0.114160      -1.092555       0.859527       1.410190       3.255261
        0.129327       0.050480       0.130526      -0.828909       0.876570       1.427042       3.271385
        0.113304       0.048308       0.138882      -0.176762       0.892739       1.442992       3.279592
        0.098213       0.046121       0.156122      -2.237112       0.907988       1.458005       3.296465
        0.084091       0.043726       0.180602      -1.152436       0.922312       1.472084       3.320269
        0.070972       0.041232       0.201743      -2.144540       0.935667       1.485192       3.340664
        0.058886       0.038616       0.232991      -3.103509       0.948033       1.497317       3.370500
        0.047864       0.035841       0.272690      -4.194097       0.959400       1.508452       3.407810
        0.037932       0.032890       0.325541      -6.699923       0.969762       1.518596       3.456314
        0.029113       0.029741       0.390841      -8.257898       0.979127       1.527760       3.514179
        0.021430       0.026423       0.484199     -17.258370       0.987498       1.535948       3.592520
        0.014900       0.022828       0.629363     -28.946991       0.994956       1.543241       3.703323
        0.009539       0.018951       0.838425     -53.496279       1.001577       1.549714       3.839328
        0.005361       0.014783       1.224917    -156.679226       1.007488       1.555492       4.027739
        0.002374       0.010156       2.020980    -481.055890       1.013007       1.560887       4.252902
        0.000586       0.005164       4.348736   -3959.223831       1.018322       1.566081       4.486366
        0.000000       0.000000   10000.000000   10000.000000       1.023530       1.571172       4.712389
        0.000616      -0.005146      -4.127376    3363.265134       1.028725       1.576249       4.950093
        0.002433      -0.010085      -1.980268     483.567489       1.033999       1.581404       5.180014
        0.005446      -0.014624      -1.185042     151.347862       1.039459       1.586742       5.413303
        0.009648      -0.018669      -0.805925      52.915057       1.045301       1.592452       5.604842
        0.015029      -0.022390      -0.597925      28.739498       1.051848       1.598853       5.744293
        0.021577      -0.025789      -0.452414      17.382349       1.059230       1.606072       5.858326
        0.029277      -0.028880      -0.363512       7.114158       1.067529       1.614190       5.934524
        0.038110      -0.031781      -0.290202       9.169803       1.076828       1.623288       6.000741
        0.048054      -0.034342      -0.235964       2.453270       1.087098       1.633343       6.051460
        0.059087      -0.036776      -0.203675       3.307155       1.098396       1.644411       6.082259
        0.071181      -0.039035      -0.172735       1.922828       1.110700       1.656475       6.112138
        0.084308      -0.041144      -0.149074       1.696703       1.123996       1.669526       6.135201
        0.098436      -0.043114      -0.131982       0.785120       1.138261       1.683546       6.151962
        0.113531      -0.045005      -0.117859       1.067761       1.153474       1.698523       6.165868
        0.129557      -0.046762      -0.101582       0.969034       1.169596       1.714427       6.181951
        0.146475      -0.048337      -0.084460       1.051042       1.186587       1.731228       6.198925
        0.164245      -0.049713      -0.072499       0.329151       1.204410       1.748900       6.210813
        0.182823      -0.050990      -0.064303       0.544309       1.223032       1.767426       6.218971
        0.202165      -0.052137      -0.054612       0.461318       1.242409       1.786774       6.228628
        0.222225      -0.053114      -0.041526       0.831221       1.262493       1.806917       6.241683
        0.242955      -0.053852      -0.032175       0.094372       1.283235       1.827823       6.251022
        0.264304      -0.054466      -0.023044       0.743507       1.304593       1.849470       6.260146
        0.286221      -0.054851      -0.014761       0.030375       1.326514       1.871827       6.268425
        0.308653      -0.055115      -0.006132       0.724418       1.348947       1.894871       6.277053
        0.331547      -0.055118       0.003662       0.142830       1.371841       1.918572       6.286848
        0.354846      -0.054969       0.010093       0.405347       1.395142       1.942905       6.293278
        0.378496      -0.054617       0.019705       0.408103       1.418794       1.967845       6.302888
        0.402440      -0.054012       0.031457       0.572467       1.442745       1.993368       6.314632
        0.426619      -0.053098       0.043678       0.440344       1.466942       2.019454       6.326836
        0.450975      -0.051887       0.056414       0.605310       1.491329       2.046081       6.339540
        0.475451      -0.050332       0.070391       0.537949       1.515854       2.073232       6.353460
        0.499986      -0.048382       0.090994       1.142087       1.540467       2.100895       6.373929
        0.524522      -0.045903       0.107101       0.170711       1.565128       2.129069       6.389879
        0.549000      -0.043133       0.123259       1.154139       1.589762       2.157716       6.405825
        0.573360      -0.039823       0.147063       0.799603       1.614347       2.186860       6.429202
        0.597544      -0.036105       0.157318       0.042705       1.638815       2.216476       6.439225
        0.621492      -0.032251       0.167688       0.832698       1.663071       2.246504       6.449328
        0.645148      -0.028095       0.181875       0.361228       1.687090       2.276966       6.463094
        0.668453      -0.023801       0.184700      -0.126622       1.710787       2.307818       6.465827
        0.691352      -0.019535       0.191062       0.698259       1.734080       2.339010       6.471972
        0.713789      -0.015131       0.198755      -0.027903       1.756945       2.370572       6.479384
        0.735711      -0.010825       0.191985      -0.604578       1.779286       2.402433       6.472862
        0.757064      -0.006823       0.184933      -0.040684       1.801011       2.434522       6.466053
        0.777797      -0.003040       0.177846      -0.662848       1.822087       2.466849       6.459191
        0.797861       0.000410       0.166795      -0.431397       1.842445       2.499367       6.448459
        0.817207       0.003490       0.147979      -1.557890       1.862035       2.532053       6.430099
        0.835788       0.005983       0.121026      -1.334857       1.880783       2.564837       6.403626
        0.853561       0.007873       0.088607      -2.362454       1.898657       2.597709       6.371561
        0.870482       0.009077       0.056485      -1.384384       1.915622       2.630655       6.339610
        0.886511       0.009756       0.024977      -2.617142       1.931666       2.663703       6.308157
        0.901609       0.009897      -0.001849      -0.822988       1.946765       2.696858       6.281337
        0.915740       0.009685      -0.036223      -4.280923       1.960898       2.730133       6.246979
        0.928869       0.008917      -0.074201      -1.266993       1.974050       2.763561       6.209120
        0.940965       0.007875      -0.103019      -3.703158       1.986191       2.797137       6.180529
        0.951999       0.006556      -0.131408      -1.189715       1.997304       2.830895       6.152526
        0.961943       0.005153      -0.155202      -3.881264       2.007347       2.864799       6.129212
        0.970775       0.003644      -0.184792      -2.639532       2.016307       2.898899       6.100455
        0.978473       0.002139      -0.206860      -3.139690       2.024151       2.933178       6.079203
        0.985018       0.000718      -0.227162      -2.992517       2.030848       2.967626       6.059814
        0.990394      -0.000545      -0.242115      -2.370726       2.036371       3.002224       6.045641
        0.994589      -0.001584      -0.253693      -3.294568       2.040693       3.036930       6.034734
        0.997593      -0.002362      -0.265579      -4.942260       2.043796       3.071731       6.023598
        0.999398      -0.002851      -0.277578     -10.075880       2.045666       3.106621       6.012424
        1.000000      -0.003021      -0.289817   10000.000000       2.046291       3.141593       6.001097

 MAPPING ITERATIONS FOR J= 11  Y=  0.665642

   ITS  IERR    SERR       R(C1ERR)    I(C1ERR)
     5    51  -0.0018918  -0.0004572   0.0007824
    10    79  -0.0000247   0.0000073  -0.0000046
    15    79   0.0000005  -0.0000002  -0.0000077
    17    79   0.0000001  -0.0000001  -0.0000076

 CURVE FIT AND S-MU TABLE FOR J=  12  Y=  0.814706  EPS= -0.000257  TE ANG(DEG)=   -0.0462

          X              Z             DZ/DX         D2Z/DX2          S              SCOS           MU
        1.000000       0.002962      -0.283404   10000.000000       0.000000       0.000000       2.865430
        0.999398       0.003131      -0.278964      -3.597242       0.000625       0.034973       2.869545
        0.997594       0.003630      -0.274754      -1.704251       0.002497       0.069910       2.873455
        0.994591       0.004448      -0.270728      -1.096099       0.005610       0.104802       2.877203
        0.990397       0.005575      -0.266959      -0.754898       0.009952       0.139641       2.880717
        0.985023       0.006998      -0.262138      -0.968949       0.015512       0.174415       2.885223
        0.978480       0.008691      -0.255589      -1.009035       0.022270       0.209100       2.891361
        0.970785       0.010629      -0.248059      -0.946212       0.030205       0.243679       2.898442
        0.961956       0.012780      -0.239052      -1.070332       0.039293       0.278136       2.906944
        0.952014       0.015109      -0.229906      -0.794874       0.049503       0.312455       2.915613
        0.940984       0.017581      -0.217199      -1.441717       0.060808       0.346623       2.927715
        0.928891       0.020157      -0.212766       0.538588       0.073172       0.380626       2.931953
        0.915765       0.022922      -0.203408      -1.783164       0.086586       0.414514       2.940922
        0.901637       0.025686      -0.192397       0.094575       0.100982       0.448192       2.951519
        0.886542       0.028570      -0.187691      -0.669601       0.116350       0.481717       2.956061
        0.870515       0.031498      -0.178102      -0.534340       0.132643       0.515056       2.965339
        0.853595       0.034437      -0.169409      -0.495140       0.149816       0.548191       2.973777
        0.835823       0.037370      -0.160747      -0.480481       0.167828       0.581115       2.982209
        0.817241       0.040274      -0.151772      -0.485515       0.186635       0.613816       2.990970
        0.797895       0.043119      -0.142344      -0.489260       0.206189       0.646278       3.000198
        0.777831       0.045877      -0.132525      -0.489895       0.226442       0.678489       3.009835
        0.757097       0.048519      -0.122391      -0.488165       0.247344       0.710435       3.019807
        0.735743       0.051022      -0.111961      -0.489198       0.268844       0.742102       3.030096
        0.713821       0.053358      -0.101222      -0.491106       0.290890       0.773476       3.040714
        0.691384       0.055504      -0.089924      -0.516080       0.313430       0.804543       3.051910
        0.668485       0.057430      -0.078394      -0.492063       0.336410       0.835287       3.063358
        0.645180       0.059115      -0.065858      -0.583113       0.359777       0.865696       3.075830
        0.621524       0.060552      -0.057384      -0.139901       0.383476       0.895753       3.084272
        0.597576       0.061838      -0.048028      -0.636521       0.407458       0.925451       3.093601
        0.573393       0.062853      -0.037554      -0.233798       0.431663       0.954766       3.104056
        0.549032       0.063697      -0.031680      -0.248807       0.456038       0.983684       3.109924
        0.524554       0.064392      -0.024789      -0.314408       0.480527       1.012187       3.116809
        0.500016       0.064910      -0.017592      -0.272724       0.505070       1.040253       3.124003
        0.475478       0.065243      -0.008922      -0.434685       0.529610       1.067860       3.132671
        0.450999       0.065362      -0.002056      -0.125589       0.554089       1.094987       3.139536
        0.426639       0.065354       0.003523      -0.334093       0.578450       1.121612       3.145116
        0.402455       0.065175       0.011150      -0.296867       0.602634       1.147710       3.152743
        0.378506       0.064826       0.017917      -0.268323       0.626586       1.173257       3.159507
        0.354851       0.064326       0.024316      -0.273202       0.650247       1.198228       3.165904
        0.331545       0.063681       0.031241      -0.322258       0.673562       1.222598       3.172823
        0.308645       0.062896       0.036617      -0.144272       0.696475       1.246340       3.178194
        0.286206       0.061993       0.045948      -0.700029       0.718932       1.269426       3.187508
        0.264283       0.060863       0.055035      -0.114985       0.740884       1.291834       3.196572
        0.242928       0.059650       0.059149      -0.274998       0.762274       1.313531       3.200673
        0.222192       0.058326       0.070534      -0.841346       0.783052       1.334488       3.212010
        0.202126       0.056788       0.080268      -0.103797       0.803176       1.354687       3.221689
        0.182779       0.055173       0.088980      -0.824632       0.822592       1.374089       3.230339
        0.164195       0.053404       0.099845      -0.323793       0.841259       1.392672       3.241107
        0.146421       0.051542       0.111923      -1.070444       0.859131       1.410406       3.253052
        0.129499       0.049506       0.127961      -0.811901       0.876175       1.427271       3.268862
        0.113470       0.047376       0.136148      -0.173105       0.892345       1.443233       3.276909
        0.098372       0.045231       0.153039      -2.190541       0.907594       1.458256       3.293453
        0.084243       0.042881       0.177019      -1.127983       0.921918       1.472345       3.316796
        0.071115       0.040436       0.197722      -2.098640       0.935273       1.485462       3.336797
        0.059020       0.037870       0.228318      -3.035893       0.947637       1.497593       3.366063
        0.047988       0.035148       0.267178      -4.100800       0.959000       1.508733       3.402673
        0.038045       0.032254       0.318894      -6.547115       0.969356       1.518879       3.450292
        0.029215       0.029166       0.382762      -8.062691       0.978712       1.528039       3.507151
        0.021520       0.025912       0.474036     -16.841502       0.987069       1.536220       3.584254
        0.014977       0.022387       0.615768     -28.166415       0.994505       1.543496       3.693526
        0.009602       0.018585       0.820010     -52.175960       1.001094       1.549942       3.828417
        0.005409       0.014497       1.195057    -150.606689       1.006958       1.555679       4.015620
        0.002407       0.009959       1.974546    -472.381161       1.012411       1.561013       4.243598
        0.000602       0.005064       4.161276   -3562.516534       1.017641       1.566128       4.476550
        0.000000       0.000000   10000.000000   10000.000000       1.022752       1.571127       4.712389
        0.000601      -0.005046      -4.139597    3584.642142       1.027845       1.576109       4.949417
        0.002404      -0.009889      -1.946183     472.327603       1.033026       1.581175       5.187036
        0.005405      -0.014340      -1.166484     150.898694       1.038406       1.586438       5.421093
        0.009597      -0.018307      -0.791503      52.034588       1.044186       1.592093       5.613647
        0.014971      -0.021955      -0.587085      28.328599       1.050686       1.598452       5.752316
        0.021512      -0.025288      -0.443991      17.089452       1.058031       1.605640       5.865340
        0.029205      -0.028319      -0.356667       6.993410       1.066302       1.613736       5.940583
        0.038033      -0.031162      -0.284683       9.005650       1.075578       1.622819       6.005839
        0.047974      -0.033674      -0.231446       2.408866       1.085832       1.632864       6.055744
        0.059003      -0.036060      -0.199758       3.246006       1.097117       1.643927       6.086023
        0.071094      -0.038275      -0.169401       1.886891       1.109410       1.655988       6.115378
        0.084219      -0.040343      -0.146188       1.664661       1.122697       1.669039       6.138025
        0.098345      -0.042275      -0.129422       0.770246       1.136955       1.683062       6.154479
        0.113439      -0.044129      -0.115569       1.047340       1.152162       1.698043       6.168127
        0.129463      -0.045851      -0.099606       0.950388       1.168279       1.713952       6.183907
        0.146381      -0.047396      -0.082814       1.030706       1.185267       1.730761       6.200559
        0.164150      -0.048745      -0.071085       0.322765       1.203088       1.748442       6.212219
        0.182729      -0.049997      -0.063049       0.533715       1.221708       1.766978       6.220220
        0.202071      -0.051122      -0.053546       0.452316       1.241084       1.786338       6.229690
        0.222132      -0.052080      -0.040715       0.814979       1.261168       1.806492       6.242493
        0.242863      -0.052803      -0.031547       0.092512       1.281911       1.827411       6.251649
        0.264213      -0.053405      -0.022594       0.728945       1.303269       1.849072       6.260595
        0.286131      -0.053783      -0.014474       0.029768       1.325191       1.871444       6.268713
        0.308565      -0.054042      -0.006013       0.710213       1.347626       1.894503       6.277172
        0.331460      -0.054044       0.003590       0.140023       1.370522       1.918220       6.286775
        0.354762      -0.053899       0.009895       0.397390       1.393824       1.942569       6.293080
        0.378414      -0.053554       0.019319       0.400093       1.417478       1.967525       6.302502
        0.402359      -0.052961       0.030841       0.561226       1.441431       1.993065       6.314017
        0.426540      -0.052064       0.042823       0.431694       1.465629       2.019168       6.325982
        0.450899      -0.050877       0.055310       0.593404       1.490017       2.045812       6.338439
        0.475377      -0.049352       0.069013       0.527358       1.514543       2.072979       6.352089
        0.499915      -0.047440       0.089212       1.119531       1.539156       2.100657       6.372162
        0.524455      -0.045009       0.105002       0.167311       1.563815       2.128846       6.387804
        0.548936      -0.042293       0.120842       1.131217       1.588447       2.157506       6.403444
        0.573300      -0.039047       0.144175       0.783587       1.613027       2.186662       6.426374
        0.597488      -0.035402       0.154226       0.041767       1.637488       2.216287       6.436206
        0.621441      -0.031623       0.164388       0.815906       1.661738       2.246323       6.446116
        0.645102      -0.027548       0.178291       0.353807       1.685747       2.276792       6.459622
        0.668413      -0.023338       0.181056      -0.124185       1.709436       2.307649       6.462301
        0.691318      -0.019155       0.187288       0.683981       1.732720       2.338846       6.468328
        0.713762      -0.014837       0.194824      -0.027494       1.755575       2.370412       6.475599
        0.735690      -0.010615       0.188186      -0.592387       1.777906       2.402277       6.469196
        0.757050      -0.006690       0.181274      -0.039949       1.799623       2.434372       6.462512
        0.777790      -0.002981       0.174327      -0.649434       1.820692       2.466706       6.455778
        0.797859       0.000402       0.163497      -0.422669       1.841045       2.499233       6.445248
        0.817211       0.003422       0.145057      -1.526361       1.860631       2.531929       6.427237
        0.835797       0.005866       0.118642      -1.307968       1.879378       2.564728       6.401275
        0.853573       0.007719       0.086865      -2.315257       1.897251       2.597618       6.369833
        0.870497       0.008900       0.055379      -1.356937       1.914217       2.630585       6.338507
        0.886528       0.009566       0.024489      -2.565691       1.930261       2.663655       6.307670
        0.901626       0.009704      -0.001811      -0.806866       1.945361       2.696832       6.281375
        0.915757       0.009496      -0.035517      -4.198004       1.959494       2.730130       6.247683
        0.928885       0.008743      -0.072760      -1.242741       1.972644       2.763577       6.210554
        0.940979       0.007721      -0.101023      -3.632518       1.984783       2.797171       6.182504
        0.952011       0.006428      -0.128867      -1.167180       1.995890       2.830943       6.155024
        0.961954       0.005053      -0.152207      -3.808029       2.005928       2.864859       6.132138
        0.970784       0.003573      -0.181234      -2.590064       2.014881       2.898964       6.103898
        0.978479       0.002097      -0.202883      -3.081014       2.022717       2.933244       6.083020
        0.985022       0.000704      -0.222800      -2.936813       2.029407       2.967690       6.063966
        0.990397      -0.000534      -0.237471      -2.326646       2.034922       3.002280       6.050033
        0.994591      -0.001553      -0.248830      -3.233479       2.039238       3.036976       6.039308
        0.997594      -0.002316      -0.260492      -4.850903       2.042336       3.071765       6.028356
        0.999398      -0.002796      -0.272265      -9.890346       2.044203       3.106639       6.017363
        1.000000      -0.002962      -0.284275   10000.000000       2.044828       3.141593       6.006217

 MAPPING ITERATIONS FOR J= 12  Y=  0.814706

   ITS  IERR    SERR       R(C1ERR)    I(C1ERR)
     5    51  -0.0018638  -0.0004417   0.0008283
    10    79  -0.0000233   0.0000070  -0.0000028
    15    79   0.0000004  -0.0000000  -0.0000058
    17    79   0.0000001   0.0000001  -0.0000057

 CURVE FIT AND S-MU TABLE FOR J=  13  Y=  1.006169  EPS= -0.000252  TE ANG(DEG)=   -0.0453

          X              Z             DZ/DX         D2Z/DX2          S              SCOS           MU
        1.000000       0.002918      -0.279246   10000.000000       0.000000       0.000000       2.869283
        0.999398       0.003084      -0.274871      -3.545749       0.000624       0.034960       2.873347
        0.997594       0.003576      -0.270722      -1.679693       0.002494       0.069885       2.877208
        0.994592       0.004382      -0.266755      -1.080210       0.005603       0.104766       2.880908
        0.990399       0.005492      -0.263042      -0.743876       0.009940       0.139594       2.884377
        0.985026       0.006894      -0.258292      -0.954874       0.015493       0.174357       2.888825
        0.978484       0.008562      -0.251839      -0.994392       0.022244       0.209034       2.894884
        0.970791       0.010471      -0.244420      -0.932470       0.030171       0.243605       2.901872
        0.961964       0.012590      -0.235546      -1.054826       0.039249       0.278055       2.910263
        0.952024       0.014884      -0.226534      -0.783301       0.049450       0.312368       2.918818
        0.940996       0.017320      -0.214014      -1.420934       0.060744       0.346532       2.930760
        0.928905       0.019857      -0.209647       0.531136       0.073098       0.380533       2.934938
        0.915782       0.022581      -0.200428      -1.757536       0.086501       0.414419       2.943786
        0.901657       0.025305      -0.189578       0.093437       0.100886       0.448097       2.954238
        0.886564       0.028145      -0.184943      -0.659857       0.116244       0.481623       2.958716
        0.870541       0.031030      -0.175497      -0.526537       0.132525       0.514961       2.967865
        0.853625       0.033925      -0.166933      -0.487905       0.149687       0.548099       2.976185
        0.835856       0.036815      -0.158398      -0.473465       0.167689       0.581025       2.984499
        0.817279       0.039676      -0.149556      -0.478440       0.186485       0.613729       2.993137
        0.797937       0.042479      -0.140268      -0.482145       0.206029       0.646195       3.002234
        0.777877       0.045196      -0.130594      -0.482783       0.226272       0.678411       3.011734
        0.757148       0.047799      -0.120609      -0.481090       0.247165       0.710362       3.021564
        0.735799       0.050265      -0.110332      -0.482120       0.268656       0.742036       3.031705
        0.713881       0.052567      -0.099750      -0.484009       0.290694       0.773417       3.042171
        0.691448       0.054681      -0.088618      -0.508634       0.313227       0.804492       3.053206
        0.668553       0.056579      -0.077256      -0.484964       0.336200       0.835245       3.064489
        0.645252       0.058239      -0.064903      -0.574711       0.359560       0.865663       3.076781
        0.621601       0.059655      -0.056553      -0.137843       0.383254       0.895730       3.085100
        0.597657       0.060922      -0.047334      -0.627348       0.407232       0.925438       3.094294
        0.573477       0.061922      -0.037013      -0.230399       0.431433       0.954763       3.104597
        0.549120       0.062754      -0.031224      -0.245197       0.455804       0.983692       3.110379
        0.524645       0.063438      -0.024434      -0.309853       0.480289       1.012206       3.117163
        0.500110       0.063949      -0.017342      -0.268768       0.504829       1.040282       3.124252
        0.475575       0.064278      -0.008799      -0.428380       0.529366       1.067901       3.132793
        0.451099       0.064395      -0.002034      -0.123756       0.553843       1.095039       3.139558
        0.426740       0.064388       0.003463      -0.329232       0.578201       1.121674       3.145056
        0.402559       0.064211       0.010979      -0.292538       0.602383       1.147783       3.152571
        0.378611       0.063867       0.017646      -0.264401       0.626333       1.173341       3.159237
        0.354957       0.063375       0.023952      -0.269201       0.649993       1.198323       3.165540
        0.331652       0.062740       0.030774      -0.317524       0.673306       1.222704       3.172357
        0.308753       0.061967       0.036072      -0.142153       0.696219       1.246456       3.177649
        0.286314       0.061077       0.045264      -0.689676       0.718675       1.269553       3.186826
        0.264391       0.059964       0.054217      -0.113270       0.740627       1.291972       3.195756
        0.243035       0.058769       0.058270      -0.270910       0.762016       1.313678       3.199797
        0.222299       0.057464       0.069486      -0.828741       0.782793       1.334646       3.210967
        0.202231       0.055949       0.079074      -0.102226       0.802918       1.354854       3.220503
        0.182881       0.054358       0.087655      -0.812153       0.822333       1.374265       3.229024
        0.164296       0.052615       0.098356      -0.318855       0.841000       1.392858       3.239633
        0.146519       0.050780       0.110252      -1.054048       0.858872       1.410600       3.251401
        0.129594       0.048775       0.126046      -0.799340       0.875915       1.427473       3.266978
        0.113561       0.046676       0.134108      -0.170414       0.892085       1.443443       3.274906
        0.098460       0.044563       0.150740      -2.156289       0.907334       1.458473       3.291206
        0.084326       0.042248       0.174350      -1.110105       0.921656       1.472568       3.314207
        0.071193       0.039838       0.194731      -2.065161       0.935009       1.485689       3.333917
        0.059093       0.037311       0.224849      -2.986823       0.947370       1.497824       3.362763
        0.048056       0.034629       0.263095      -4.033499       0.958729       1.508965       3.398857
        0.038107       0.031778       0.313984      -6.437646       0.969079       1.519110       3.445829
        0.029271       0.028735       0.376815      -7.924296       0.978426       1.528267       3.501954
        0.021569       0.025529       0.466589     -16.547479       0.986770       1.536439       3.578156
        0.015019       0.022056       0.605891     -27.632404       0.994188       1.543701       3.686332
        0.009637       0.018310       0.806692     -51.247834       1.000751       1.550125       3.820401
        0.005435       0.014282       1.174114    -146.799046       1.006579       1.555830       4.006905
        0.002424       0.009811       1.941317    -465.511793       1.011981       1.561116       4.236723
        0.000611       0.004989       4.046861   -3350.708263       1.017145       1.566170       4.470137
        0.000000       0.000000   10000.000000   10000.000000       1.022183       1.571101       4.712389
        0.000593      -0.004971      -4.128226    3690.783906       1.027202       1.576012       4.950046
        0.002389      -0.009743      -1.919472     464.143014       1.032312       1.581013       5.192677
        0.005384      -0.014128      -1.151513     149.986325       1.037635       1.586222       5.427481
        0.009571      -0.018035      -0.780385      51.334170       1.043371       1.591836       5.620519
        0.014940      -0.021629      -0.578770      27.984511       1.049837       1.598165       5.758523
        0.021478      -0.024912      -0.437587      16.858332       1.057156       1.605332       5.870702
        0.029168      -0.027898      -0.351484       6.898489       1.065408       1.613413       5.945189
        0.037993      -0.030700      -0.280518       8.878902       1.074669       1.622486       6.009696
        0.047932      -0.033174      -0.228043       2.374755       1.084912       1.632526       6.058976
        0.058960      -0.035525      -0.196813       3.199339       1.096188       1.643585       6.088856
        0.071050      -0.037707      -0.166897       1.859577       1.108474       1.655646       6.117813
        0.084174      -0.039744      -0.144024       1.640393       1.121755       1.668697       6.140145
        0.098299      -0.041647      -0.127503       0.759000       1.136008       1.682723       6.156367
        0.113392      -0.043474      -0.113854       1.031943       1.151211       1.697707       6.169820
        0.129416      -0.045170      -0.098125       0.936359       1.167326       1.713621       6.185373
        0.146334      -0.046692      -0.081583       1.015435       1.184311       1.730436       6.201783
        0.164103      -0.048021      -0.070027       0.317980       1.202131       1.748124       6.213272
        0.182682      -0.049254      -0.062110       0.525779       1.220750       1.766667       6.221155
        0.202025      -0.050363      -0.052749       0.445579       1.240125       1.786036       6.230485
        0.222086      -0.051306      -0.040109       0.802827       1.260209       1.806199       6.243098
        0.242818      -0.052019      -0.031077       0.091128       1.280952       1.827129       6.252119
        0.264168      -0.052612      -0.022257       0.718061       1.302311       1.848800       6.260932
        0.286088      -0.052984      -0.014258       0.029320       1.324234       1.871183       6.268928
        0.308522      -0.053239      -0.005923       0.699604       1.346670       1.894253       6.277262
        0.331419      -0.053242       0.003536       0.137930       1.369566       1.917981       6.286722
        0.354721      -0.053098       0.009748       0.391452       1.392869       1.942342       6.292933
        0.378374      -0.052758       0.019032       0.394115       1.416525       1.967310       6.302215
        0.402320      -0.052174       0.030382       0.552841       1.440479       1.992863       6.313558
        0.426503      -0.051290       0.042185       0.425243       1.464677       2.018977       6.325346
        0.450863      -0.050121       0.054486       0.584532       1.489065       2.045633       6.337618
        0.475342      -0.048619       0.067985       0.519470       1.513591       2.072812       6.351066
        0.499881      -0.046735       0.087882       1.102758       1.538203       2.100501       6.370842
        0.524422      -0.044341       0.103437       0.164790       1.562860       2.128700       6.386256
        0.548905      -0.041665       0.119039       1.114211       1.587489       2.157369       6.401667
        0.573271      -0.038467       0.142023       0.771743       1.612064       2.186532       6.424265
        0.597461      -0.034876       0.151922       0.041090       1.636520       2.216163       6.433954
        0.621416      -0.031154       0.161930       0.803515       1.660763       2.246204       6.443722
        0.645080      -0.027139       0.175622       0.348362       1.684765       2.276676       6.457034
        0.668394      -0.022991       0.178344      -0.122362       1.708445       2.307536       6.459674
        0.691301      -0.018870       0.184480       0.673490       1.731720       2.338735       6.465615
        0.713748      -0.014616       0.191901      -0.027159       1.754567       2.370302       6.472782
        0.735680      -0.010457       0.185362      -0.583392       1.776889       2.402168       6.466467
        0.757043      -0.006591       0.178553      -0.039388       1.798599       2.434265       6.459877
        0.777786      -0.002937       0.171710      -0.639544       1.819661       2.466602       6.453237
        0.797858       0.000396       0.161043      -0.416232       1.840009       2.499133       6.442858
        0.817212       0.003371       0.142882      -1.503101       1.859590       2.531836       6.425107
        0.835801       0.005779       0.116865      -1.288097       1.878335       2.564643       6.399523
        0.853579       0.007604       0.085567      -2.280276       1.896207       2.597545       6.368544
        0.870504       0.008767       0.054553      -1.336540       1.913173       2.630525       6.337684
        0.886535       0.009423       0.024125      -2.527342       1.929218       2.663610       6.307305
        0.901634       0.009559      -0.001783      -0.794834       1.944318       2.696804       6.281403
        0.915765       0.009355      -0.034989      -4.135870       1.958451       2.730117       6.248210
        0.928893       0.008613      -0.071680      -1.224484       1.971600       2.763579       6.211627
        0.940987       0.007606      -0.099528      -3.579275       1.983736       2.797186       6.183984
        0.952018       0.006333      -0.126962      -1.150134       1.994841       2.830968       6.156899
        0.961959       0.004977      -0.149959      -3.752581       2.004875       2.864893       6.134335
        0.970788       0.003520      -0.178560      -2.552487       2.013823       2.899003       6.106487
        0.978483       0.002066      -0.199893      -3.036385       2.021654       2.933285       6.085893
        0.985025       0.000694      -0.219519      -2.894357       2.028339       2.967729       6.067093
        0.990399      -0.000526      -0.233976      -2.293008       2.033850       3.002315       6.053344
        0.994592      -0.001530      -0.245169      -3.186825       2.038161       3.037006       6.042759
        0.997594      -0.002282      -0.256662      -4.781074       2.041256       3.071786       6.031947
        0.999398      -0.002754      -0.268263      -9.748406       2.043121       3.106651       6.021093
        1.000000      -0.002918      -0.280098   10000.000000       2.043745       3.141593       6.010085

 MAPPING ITERATIONS FOR J= 13  Y=  1.006169

   ITS  IERR    SERR       R(C1ERR)    I(C1ERR)
     5    51  -0.0018443  -0.0004305   0.0008628
    10    79  -0.0000223   0.0000067  -0.0000006
    15    79   0.0000004   0.0000001  -0.0000036
    17    79   0.0000001   0.0000002  -0.0000035

 CURVE FIT AND S-MU TABLE FOR J=  14  Y=  1.187185  EPS= -0.000249  TE ANG(DEG)=   -0.0448

          X              Z             DZ/DX         D2Z/DX2          S              SCOS           MU
        1.000000       0.002893      -0.276851   10000.000000       0.000000       0.000000       2.871506
        0.999398       0.003058      -0.272514      -3.514674       0.000624       0.034955       2.875540
        0.997594       0.003545      -0.268401      -1.665505       0.002493       0.069875       2.879372
        0.994592       0.004345      -0.264469      -1.070060       0.005600       0.104752       2.883043
        0.990399       0.005446      -0.260791      -0.736953       0.009935       0.139576       2.886484
        0.985025       0.006835      -0.256082      -0.946765       0.015485       0.174335       2.890898
        0.978484       0.008489      -0.249685      -0.985834       0.022232       0.209008       2.896911
        0.970790       0.010381      -0.242329      -0.924460       0.030155       0.243577       2.903846
        0.961963       0.012482      -0.233531      -1.045762       0.039229       0.278025       2.912173
        0.952024       0.014757      -0.224597      -0.776567       0.049426       0.312337       2.920662
        0.940995       0.017172      -0.212184      -1.408725       0.060715       0.346502       2.932510
        0.928905       0.019688      -0.207855       0.526580       0.073065       0.380503       2.936656
        0.915781       0.022388      -0.198716      -1.742295       0.086463       0.414389       2.945432
        0.901656       0.025088      -0.187961       0.092759       0.100844       0.448069       2.955799
        0.886564       0.027905      -0.183367      -0.654171       0.116197       0.481596       2.960240
        0.870541       0.030765      -0.174003      -0.521989       0.132473       0.514937       2.969315
        0.853625       0.033636      -0.165513      -0.483697       0.149631       0.548077       2.977567
        0.835857       0.036501      -0.157052      -0.469390       0.167628       0.581006       2.985813
        0.817281       0.039337      -0.148286      -0.474334       0.186420       0.613713       2.994379
        0.797939       0.042116      -0.139078      -0.478019       0.205960       0.646183       3.003401
        0.777880       0.044810      -0.129487      -0.478664       0.226199       0.678403       3.012822
        0.757152       0.047391      -0.119587      -0.476995       0.247088       0.710358       3.022571
        0.735803       0.049835      -0.109398      -0.478026       0.268576       0.742036       3.032627
        0.713887       0.052118      -0.098907      -0.479909       0.290611       0.773422       3.043006
        0.691455       0.054214      -0.087869      -0.504336       0.313141       0.804502       3.053949
        0.668561       0.056096      -0.076604      -0.480871       0.336112       0.835261       3.065138
        0.645262       0.057742      -0.064355      -0.569871       0.359470       0.865684       3.077326
        0.621612       0.059146      -0.056076      -0.136669       0.383162       0.895757       3.085575
        0.597668       0.060402      -0.046936      -0.622074       0.407138       0.925472       3.094692
        0.573490       0.061394      -0.036702      -0.228455       0.431337       0.954803       3.104907
        0.549134       0.062219      -0.030962      -0.243131       0.455707       0.983738       3.110640
        0.524660       0.062898      -0.024230      -0.307245       0.480190       1.012258       3.117368
        0.500126       0.063404      -0.017198      -0.266507       0.504729       1.040340       3.124396
        0.475592       0.063730      -0.008727      -0.424776       0.529265       1.067965       3.132866
        0.451117       0.063846      -0.002019      -0.122713       0.553741       1.095109       3.139573
        0.426760       0.063839       0.003432      -0.326459       0.578098       1.121750       3.145024
        0.402579       0.063664       0.010884      -0.290072       0.602280       1.147865       3.152476
        0.378633       0.063323       0.017495      -0.262170       0.626229       1.173429       3.159085
        0.354979       0.062835       0.023747      -0.266927       0.649888       1.198417       3.165335
        0.331674       0.062205       0.030512      -0.314838       0.673200       1.222803       3.172095
        0.308776       0.061439       0.035764      -0.140950       0.696112       1.246561       3.177341
        0.286338       0.060557       0.044879      -0.683821       0.718567       1.269662       3.186441
        0.264414       0.059453       0.053755      -0.112304       0.740519       1.292086       3.195296
        0.243059       0.058268       0.057773      -0.268604       0.761907       1.313798       3.199302
        0.222322       0.056975       0.068893      -0.821657       0.782684       1.334771       3.210377
        0.202255       0.055472       0.078400      -0.101347       0.802808       1.354983       3.219833
        0.182905       0.053895       0.086907      -0.805175       0.822222       1.374399       3.228282
        0.164319       0.052167       0.097516      -0.316104       0.840888       1.392996       3.238802
        0.146541       0.050348       0.109310      -1.044936       0.858758       1.410742       3.250470
        0.129616       0.048359       0.124968      -0.792394       0.875801       1.427618       3.265916
        0.113582       0.046278       0.132960      -0.168929       0.891969       1.443591       3.273777
        0.098480       0.044183       0.149447      -2.137460       0.907216       1.458624       3.289942
        0.084345       0.041888       0.172853      -1.100347       0.921537       1.472720       3.312754
        0.071211       0.039499       0.193056      -2.046958       0.934886       1.485843       3.332303
        0.059110       0.036993       0.222910      -2.960335       0.947244       1.497977       3.360917
        0.048071       0.034333       0.260821      -3.997489       0.958599       1.509118       3.396729
        0.038121       0.031507       0.311261      -6.379680       0.968944       1.519261       3.443348
        0.029284       0.028490       0.373535      -7.852194       0.978283       1.528413       3.499078
        0.021580       0.025311       0.462508     -16.395607       0.986619       1.536579       3.574799
        0.015028       0.021868       0.600546     -27.370361       0.994025       1.543832       3.682413
        0.009644       0.018154       0.799534     -50.772182       1.000570       1.550241       3.816049
        0.005441       0.014160       1.163394    -145.224065       1.006376       1.555925       4.002375
        0.002428       0.009728       1.923806    -461.439702       1.011748       1.561184       4.233025
        0.000613       0.004946       4.002192   -3292.494051       1.016874       1.566202       4.467539
        0.000000       0.000000   10000.000000   10000.000000       1.021871       1.571093       4.712389
        0.000592      -0.004929      -4.101885    3688.634494       1.026847       1.575964       4.951515
        0.002386      -0.009660      -1.903255     459.830492       1.031919       1.580929       5.196162
        0.005381      -0.014007      -1.141998     148.918274       1.037210       1.586109       5.431592
        0.009567      -0.017881      -0.773767      50.898443       1.042923       1.591702       5.624646
        0.014936      -0.021444      -0.573854      27.754204       1.049372       1.598017       5.762213
        0.021473      -0.024700      -0.433852      16.715724       1.056678       1.605173       5.873841
        0.029164      -0.027660      -0.348478       6.840179       1.064921       1.613247       5.947867
        0.037989      -0.030438      -0.278115       8.802943       1.074175       1.622316       6.011925
        0.047928      -0.032891      -0.226089       2.354511       1.084413       1.632354       6.060835
        0.058956      -0.035221      -0.195125       3.171873       1.095685       1.643412       6.090482
        0.071046      -0.037385      -0.165465       1.843607       1.107968       1.655474       6.119206
        0.084171      -0.039405      -0.142787       1.626279       1.121247       1.668526       6.141357
        0.098296      -0.041292      -0.126408       0.752480       1.135498       1.682554       6.157444
        0.113390      -0.043103      -0.112876       1.023050       1.150700       1.697542       6.170785
        0.129415      -0.044784      -0.097283       0.928283       1.166813       1.713459       6.186208
        0.146333      -0.046293      -0.080882       1.006674       1.183799       1.730277       6.202479
        0.164103      -0.047611      -0.069426       0.315242       1.201618       1.747971       6.213870
        0.182683      -0.048834      -0.061577       0.521245       1.220237       1.766519       6.221686
        0.202026      -0.049933      -0.052296       0.441737       1.239612       1.785892       6.230937
        0.222088      -0.050868      -0.039764       0.795909       1.259696       1.806062       6.243442
        0.242820      -0.051574      -0.030810       0.090344       1.280440       1.826997       6.252385
        0.264171      -0.052162      -0.022066       0.711884       1.301799       1.848674       6.261123
        0.286091      -0.052532      -0.014135       0.029068       1.323722       1.871063       6.269051
        0.308526      -0.052784      -0.005872       0.693596       1.346159       1.894139       6.277313
        0.331423      -0.052787       0.003506       0.136748       1.369056       1.917874       6.286692
        0.354726      -0.052645       0.009665       0.388097       1.392359       1.942242       6.292850
        0.378379      -0.052307       0.018869       0.390742       1.416015       1.967217       6.302052
        0.402325      -0.051728       0.030122       0.548117       1.439968       1.992776       6.313299
        0.426508      -0.050852       0.041825       0.421614       1.464167       2.018897       6.324986
        0.450868      -0.049693       0.054021       0.579551       1.488554       2.045559       6.337154
        0.475347      -0.048203       0.067405       0.515048       1.513079       2.072744       6.350488
        0.499886      -0.046336       0.087133       1.093393       1.537689       2.100439       6.370098
        0.524426      -0.043962       0.102555       0.163388       1.562345       2.128642       6.385383
        0.548908      -0.041309       0.118024       1.104764       1.586970       2.157316       6.400666
        0.573274      -0.038139       0.140813       0.765201       1.611541       2.186481       6.423078
        0.597463      -0.034578       0.150627       0.040723       1.635992       2.216114       6.432689
        0.621418      -0.030887       0.160550       0.796694       1.660229       2.246156       6.442377
        0.645081      -0.026907       0.174125       0.345384       1.684225       2.276628       6.455582
        0.668394      -0.022795       0.176824      -0.121353       1.707898       2.307487       6.458200
        0.691301      -0.018709       0.182907       0.667748       1.731167       2.338685       6.464092
        0.713748      -0.014492       0.190264      -0.026962       1.754006       2.370249       6.471202
        0.735679      -0.010368       0.183780      -0.578458       1.776322       2.402113       6.464937
        0.757042      -0.006535       0.177029      -0.039062       1.798025       2.434209       6.458399
        0.777784      -0.002912       0.170244      -0.634152       1.819082       2.466545       6.451812
        0.797857       0.000392       0.159667      -0.412692       1.839425       2.499076       6.441516
        0.817211       0.003342       0.141660      -1.490240       1.859003       2.531779       6.423909
        0.835800       0.005729       0.115866      -1.277080       1.877745       2.564589       6.398537
        0.853578       0.007539       0.084835      -2.260772       1.895616       2.597495       6.367818
        0.870503       0.008692       0.054087      -1.325109       1.912581       2.630481       6.337219
        0.886534       0.009343       0.023919      -2.505725       1.928626       2.663573       6.307099
        0.901633       0.009478      -0.001767      -0.788034       1.943726       2.696775       6.281418
        0.915764       0.009275      -0.034690      -4.100485       1.957858       2.730096       6.248509
        0.928892       0.008539      -0.071067      -1.214001       1.971007       2.763566       6.212237
        0.940986       0.007541      -0.098676      -3.548635       1.983143       2.797181       6.184827
        0.952017       0.006279      -0.125876      -1.140291       1.994246       2.830969       6.157968
        0.961959       0.004935      -0.148676      -3.720386       2.004279       2.864898       6.135590
        0.970787       0.003489      -0.177031      -2.530330       2.013225       2.899013       6.107970
        0.978482       0.002048      -0.198180      -3.010261       2.021054       2.933297       6.087541
        0.985024       0.000688      -0.217637      -2.869325       2.027736       2.967742       6.068890
        0.990398      -0.000522      -0.231969      -2.273160       2.033245       3.002327       6.055248
        0.994592      -0.001517      -0.243066      -3.159228       2.037554       3.037016       6.044744
        0.997594      -0.002262      -0.254459      -4.739688       2.040648       3.071794       6.034014
        0.999398      -0.002731      -0.265961      -9.664074       2.042512       3.106655       6.023242
        1.000000      -0.002893      -0.277693   10000.000000       2.043135       3.141593       6.012317

 MAPPING ITERATIONS FOR J= 14  Y=  1.187185

   ITS  IERR    SERR       R(C1ERR)    I(C1ERR)
     5    51  -0.0018347  -0.0004244   0.0008824
    10    79  -0.0000217   0.0000066   0.0000002
    15    79   0.0000004   0.0000001  -0.0000027
    17    79   0.0000001   0.0000002  -0.0000027

 CURVE FIT AND S-MU TABLE FOR J=  15  Y=  1.382994  EPS= -0.000248  TE ANG(DEG)=   -0.0446

          X              Z             DZ/DX         D2Z/DX2          S              SCOS           MU
        1.000000       0.002876      -0.275228   10000.000000       0.000000       0.000000       2.873015
        0.999398       0.003040      -0.270915      -3.495022       0.000624       0.034950       2.877028
        0.997594       0.003524      -0.266826      -1.655584       0.002492       0.069866       2.880841
        0.994592       0.004319      -0.262916      -1.064661       0.005597       0.104738       2.884495
        0.990400       0.005413      -0.259257      -0.733130       0.009930       0.139558       2.887921
        0.985026       0.006794      -0.254575      -0.941117       0.015478       0.174314       2.892312
        0.978485       0.008439      -0.248216      -0.980076       0.022223       0.208984       2.898293
        0.970792       0.010320      -0.240904      -0.919042       0.030142       0.243550       2.905193
        0.961966       0.012408      -0.232158      -1.039660       0.039213       0.277996       2.913475
        0.952027       0.014669      -0.223277      -0.772014       0.049406       0.312307       2.921919
        0.940999       0.017070      -0.210937      -1.400567       0.060692       0.346470       2.933704
        0.928909       0.019571      -0.206634       0.523671       0.073037       0.380471       2.937826
        0.915787       0.022255      -0.197548      -1.732393       0.086432       0.414356       2.946556
        0.901662       0.024939      -0.186855       0.092200       0.100809       0.448037       2.956868
        0.886571       0.027739      -0.182288      -0.650370       0.116158       0.481565       2.961285
        0.870549       0.030582      -0.172978      -0.518958       0.132431       0.514906       2.970310
        0.853633       0.033436      -0.164537      -0.480884       0.149585       0.548048       2.978516
        0.835867       0.036284      -0.156126      -0.466659       0.167579       0.580979       2.986716
        0.817291       0.039103      -0.147412      -0.471572       0.186367       0.613688       2.995235
        0.797950       0.041866      -0.138258      -0.475234       0.205904       0.646160       3.004206
        0.777892       0.044544      -0.128723      -0.475873       0.226140       0.678383       3.013574
        0.757164       0.047110      -0.118881      -0.474213       0.247026       0.710341       3.023267
        0.735817       0.049539      -0.108752      -0.475236       0.268512       0.742022       3.033266
        0.713901       0.051809      -0.098323      -0.477106       0.290545       0.773412       3.043585
        0.691470       0.053892      -0.087349      -0.501388       0.313073       0.804496       3.054464
        0.668577       0.055763      -0.076151      -0.478058       0.336042       0.835259       3.065588
        0.645278       0.057399      -0.063974      -0.566532       0.359398       0.865687       3.077706
        0.621629       0.058794      -0.055744      -0.135869       0.383089       0.895764       3.085907
        0.597686       0.060043      -0.046657      -0.618422       0.407064       0.925483       3.094969
        0.573508       0.061029      -0.036484      -0.227113       0.431262       0.954819       3.105125
        0.549153       0.061849      -0.030778      -0.241703       0.455631       0.983758       3.110824
        0.524680       0.062524      -0.024085      -0.305437       0.480114       1.012283       3.117512
        0.500147       0.063027      -0.017095      -0.264937       0.504652       1.040370       3.124499
        0.475614       0.063351      -0.008674      -0.422269       0.529187       1.067999       3.132918
        0.451139       0.063467      -0.002006      -0.121989       0.553662       1.095147       3.139586
        0.426782       0.063459       0.003412      -0.324528       0.578019       1.121793       3.145005
        0.402601       0.063286       0.010820      -0.288353       0.602201       1.147912       3.152412
        0.378655       0.062947       0.017392      -0.260614       0.626149       1.173480       3.158982
        0.355002       0.062462       0.023606      -0.265340       0.649808       1.198472       3.165195
        0.331698       0.061836       0.030331      -0.312962       0.673120       1.222863       3.171914
        0.308799       0.061074       0.035552      -0.140110       0.696031       1.246625       3.177130
        0.286361       0.060197       0.044612      -0.679731       0.718487       1.269730       3.186175
        0.264438       0.059099       0.053435      -0.111628       0.740437       1.292158       3.194977
        0.243082       0.057922       0.057430      -0.266991       0.761826       1.313874       3.198959
        0.222345       0.056636       0.068483      -0.816707       0.782602       1.334850       3.209969
        0.202278       0.055143       0.077933      -0.100732       0.802726       1.355066       3.219368
        0.182927       0.053575       0.086388      -0.800299       0.822140       1.374485       3.227767
        0.164340       0.051857       0.096933      -0.314182       0.840806       1.393085       3.238224
        0.146563       0.050048       0.108655      -1.038570       0.858675       1.410834       3.249823
        0.129636       0.048072       0.124219      -0.787543       0.875717       1.427713       3.265178
        0.113602       0.046003       0.132162      -0.167896       0.891884       1.443688       3.272994
        0.098499       0.043920       0.148549      -2.124303       0.907130       1.458723       3.289063
        0.084363       0.041639       0.171812      -1.093535       0.921450       1.472820       3.311743
        0.071228       0.039264       0.191892      -2.034236       0.934798       1.485944       3.331180
        0.059126       0.036773       0.221562      -2.941811       0.947154       1.498079       3.359633
        0.048086       0.034129       0.259239      -3.972275       0.958506       1.509220       3.395247
        0.038135       0.031319       0.309365      -6.339034       0.968848       1.519361       3.441619
        0.029295       0.028321       0.371249      -7.801461       0.978183       1.528511       3.497071
        0.021590       0.025161       0.459662     -16.288633       0.986513       1.536673       3.572452
        0.015037       0.021738       0.596809     -27.183175       0.993910       1.543919       3.679663
        0.009651       0.018046       0.794527     -50.437458       1.000445       1.550318       3.812987
        0.005446       0.014076       1.155796    -144.035951       1.006236       1.555989       3.999134
        0.002431       0.009670       1.911523    -458.703404       1.011586       1.561228       4.230399
        0.000614       0.004917       3.967612   -3240.919240       1.016687       1.566222       4.465491
        0.000000       0.000000   10000.000000   10000.000000       1.021654       1.571086       4.712389
        0.000590      -0.004900      -4.088091    3700.840007       1.026601       1.575929       4.952291
        0.002383      -0.009602      -1.892389     456.832924       1.031647       1.580870       5.198523
        0.005376      -0.013924      -1.135703     148.312011       1.036916       1.586029       5.434332
        0.009562      -0.017775      -0.769302      50.610558       1.042612       1.591607       5.627445
        0.014929      -0.021317      -0.570528      27.605284       1.049048       1.597910       5.764718
        0.021466      -0.024553      -0.431315      16.620915       1.056346       1.605059       5.875978
        0.029156      -0.027496      -0.346433       6.801395       1.064582       1.613128       5.949692
        0.037981      -0.030257      -0.276478       8.752141       1.073830       1.622193       6.013446
        0.047919      -0.032695      -0.224754       2.340873       1.084064       1.632229       6.062105
        0.058947      -0.035012      -0.193971       3.153375       1.095333       1.643287       6.091593
        0.071037      -0.037163      -0.164485       1.832819       1.107613       1.655348       6.120160
        0.084161      -0.039171      -0.141942       1.616732       1.120890       1.668401       6.142186
        0.098287      -0.041046      -0.125658       0.748060       1.135140       1.682430       6.158182
        0.113380      -0.042847      -0.112206       1.017022       1.150340       1.697419       6.171447
        0.129405      -0.044518      -0.096705       0.922804       1.166452       1.713338       6.186780
        0.146322      -0.046018      -0.080402       1.000722       1.183437       1.730159       6.202956
        0.164093      -0.047328      -0.069014       0.313379       1.201255       1.747855       6.214281
        0.182672      -0.048544      -0.061210       0.518159       1.219874       1.766406       6.222051
        0.202016      -0.049636      -0.051985       0.439120       1.239249       1.785782       6.231247
        0.222077      -0.050566      -0.039527       0.791188       1.259332       1.805955       6.243678
        0.242809      -0.051268      -0.030626       0.089810       1.280076       1.826893       6.252569
        0.264160      -0.051852      -0.021934       0.707656       1.301435       1.848574       6.261255
        0.286080      -0.052219      -0.014051       0.028897       1.323358       1.870968       6.269135
        0.308515      -0.052470      -0.005837       0.689472       1.345794       1.894048       6.277349
        0.331412      -0.052473       0.003486       0.135935       1.368691       1.917787       6.286671
        0.354715      -0.052332       0.009608       0.385788       1.391994       1.942159       6.292793
        0.378368      -0.051996       0.018757       0.388415       1.415650       1.967138       6.301940
        0.402314      -0.051421       0.029944       0.544849       1.439604       1.992701       6.313120
        0.426497      -0.050550       0.041577       0.419098       1.463802       2.018827       6.324738
        0.450857      -0.049397       0.053700       0.576088       1.488190       2.045493       6.336834
        0.475336      -0.047917       0.067004       0.511966       1.512714       2.072682       6.350089
        0.499875      -0.046061       0.086613       1.086835       1.537323       2.100381       6.369583
        0.524416      -0.043701       0.101943       0.162402       1.561978       2.128588       6.384778
        0.548899      -0.041063       0.117320       1.098113       1.586602       2.157265       6.399971
        0.573265      -0.037912       0.139971       0.760573       1.611172       2.186434       6.422253
        0.597455      -0.034373       0.149727       0.040469       1.635619       2.216068       6.431808
        0.621411      -0.030704       0.159590       0.791862       1.659854       2.246112       6.441441
        0.645074      -0.026747       0.173083       0.343277       1.683847       2.276585       6.454570
        0.668389      -0.022659       0.175765      -0.120621       1.707517       2.307445       6.457173
        0.691297      -0.018598       0.181811       0.663680       1.730782       2.338644       6.463032
        0.713745      -0.014406       0.189124      -0.026805       1.753618       2.370209       6.470102
        0.735677      -0.010306       0.182679      -0.574937       1.775930       2.402073       6.463872
        0.757040      -0.006496       0.175968      -0.038837       1.797631       2.434170       6.457371
        0.777784      -0.002894       0.169224      -0.630253       1.818685       2.466506       6.450822
        0.797858       0.000390       0.158712      -0.410184       1.839026       2.499039       6.440584
        0.817213       0.003322       0.140814      -1.481241       1.858602       2.531744       6.423079
        0.835802       0.005695       0.115175      -1.269377       1.877342       2.564557       6.397855
        0.853581       0.007494       0.084329      -2.247191       1.895213       2.597467       6.367316
        0.870506       0.008641       0.053765      -1.317177       1.912177       2.630458       6.336898
        0.886537       0.009287       0.023776      -2.490789       1.928222       2.663556       6.306957
        0.901636       0.009421      -0.001757      -0.783345       1.943322       2.696763       6.281429
        0.915767       0.009220      -0.034484      -4.076218       1.957455       2.730091       6.248715
        0.928895       0.008489      -0.070646      -1.206854       1.970604       2.763566       6.212656
        0.940988       0.007497      -0.098092      -3.527780       1.982739       2.797186       6.185406
        0.952019       0.006241      -0.125131      -1.133590       1.993841       2.830978       6.158701
        0.961961       0.004906      -0.147798      -3.698674       2.003872       2.864912       6.136450
        0.970789       0.003469      -0.175987      -2.515838       2.012817       2.899028       6.108982
        0.978484       0.002036      -0.197013      -2.992803       2.020644       2.933313       6.088664
        0.985025       0.000684      -0.216357      -2.852825       2.027324       2.967758       6.070113
        0.990399      -0.000519      -0.230605      -2.260088       2.032830       3.002342       6.056542
        0.994592      -0.001508      -0.241637      -3.141111       2.037138       3.037028       6.046093
        0.997594      -0.002249      -0.252965      -4.712553       2.040231       3.071803       6.035418
        0.999398      -0.002714      -0.264400      -9.608865       2.042094       3.106660       6.024701
        1.000000      -0.002876      -0.276065   10000.000000       2.042717       3.141593       6.013830

 MAPPING ITERATIONS FOR J= 15  Y=  1.382994

   ITS  IERR    SERR       R(C1ERR)    I(C1ERR)
     5    52  -0.0018281  -0.0004202   0.0008959
    10    79  -0.0000213   0.0000065   0.0000010
    15    79   0.0000004   0.0000002  -0.0000020
    17    79   0.0000001   0.0000003  -0.0000019

 CURVE FIT AND S-MU TABLE FOR J=  16  Y=  1.534795  EPS= -0.000247  TE ANG(DEG)=   -0.0444

          X              Z             DZ/DX         D2Z/DX2          S              SCOS           MU
        1.000000       0.002867      -0.274350   10000.000000       0.000000       0.000000       2.873830
        0.999398       0.003030      -0.270051      -3.483985       0.000624       0.034948       2.877833
        0.997594       0.003513      -0.265975      -1.650326       0.002491       0.069861       2.881636
        0.994592       0.004305      -0.262078      -1.061263       0.005596       0.104732       2.885279
        0.990400       0.005396      -0.258431      -0.730776       0.009928       0.139550       2.888695
        0.985027       0.006772      -0.253764      -0.938112       0.015474       0.174304       2.893074
        0.978486       0.008412      -0.247426      -0.976953       0.022218       0.208973       2.899038
        0.970793       0.010287      -0.240137      -0.916114       0.030136       0.243537       2.905918
        0.961966       0.012368      -0.231419      -1.036359       0.039204       0.277982       2.914177
        0.952028       0.014622      -0.222566      -0.769557       0.049396       0.312292       2.922596
        0.941000       0.017015      -0.210265      -1.396144       0.060680       0.346454       2.934347
        0.928911       0.019508      -0.205976       0.522060       0.073024       0.380455       2.938457
        0.915789       0.022184      -0.196919      -1.726939       0.086416       0.414341       2.947161
        0.901665       0.024859      -0.186260       0.091935       0.100791       0.448021       2.957442
        0.886574       0.027650      -0.181708      -0.648311       0.116138       0.481549       2.961846
        0.870552       0.030484      -0.172428      -0.517314       0.132409       0.514892       2.970844
        0.853637       0.033329      -0.164014      -0.479361       0.149561       0.548034       2.979026
        0.835871       0.036168      -0.155630      -0.465182       0.167553       0.580966       2.987201
        0.817295       0.038978      -0.146944      -0.470082       0.186340       0.613675       2.995693
        0.797955       0.041732      -0.137819      -0.473734       0.205875       0.646149       3.004637
        0.777898       0.044401      -0.128314      -0.474373       0.226109       0.678373       3.013976
        0.757170       0.046959      -0.118504      -0.472718       0.246994       0.710333       3.023639
        0.735823       0.049381      -0.108407      -0.473739       0.268478       0.742016       3.033607
        0.713908       0.051643      -0.098010      -0.475603       0.290509       0.773407       3.043894
        0.691478       0.053719      -0.087072      -0.499808       0.313036       0.804493       3.054740
        0.668585       0.055584      -0.075909      -0.476550       0.336004       0.835258       3.065829
        0.645287       0.057215      -0.063771      -0.564744       0.359360       0.865688       3.077908
        0.621638       0.058606      -0.055567      -0.135438       0.383050       0.895768       3.086083
        0.597696       0.059851      -0.046509      -0.616468       0.407024       0.925489       3.095117
        0.573518       0.060834      -0.036368      -0.226393       0.431222       0.954828       3.105241
        0.549163       0.061651      -0.030680      -0.240936       0.455591       0.983770       3.110922
        0.524690       0.062323      -0.024009      -0.304468       0.480073       1.012296       3.117588
        0.500158       0.062825      -0.017041      -0.264096       0.504611       1.040386       3.124553
        0.475624       0.063148      -0.008647      -0.420926       0.529146       1.068017       3.132946
        0.451150       0.063263      -0.002000      -0.121600       0.553621       1.095168       3.139592
        0.426793       0.063256       0.003401      -0.323494       0.577978       1.121817       3.144994
        0.402613       0.063083       0.010785      -0.287432       0.602159       1.147938       3.152378
        0.378667       0.062745       0.017336      -0.259781       0.626107       1.173509       3.158927
        0.355013       0.062262       0.023531      -0.264490       0.649766       1.198503       3.165119
        0.331709       0.061638       0.030234      -0.311958       0.673078       1.222896       3.171817
        0.308810       0.060878       0.035438      -0.139660       0.695990       1.246660       3.177016
        0.286372       0.060004       0.044469      -0.677543       0.718445       1.269768       3.186033
        0.264449       0.058910       0.053264      -0.111268       0.740396       1.292198       3.194806
        0.243093       0.057736       0.057245      -0.266130       0.761784       1.313916       3.198776
        0.222356       0.056454       0.068263      -0.814063       0.782560       1.334894       3.209750
        0.202288       0.054966       0.077682      -0.100404       0.802684       1.355112       3.219119
        0.182937       0.053403       0.086110      -0.797697       0.822098       1.374533       3.227491
        0.164350       0.051691       0.096621      -0.313157       0.840763       1.393135       3.237915
        0.146572       0.049888       0.108305      -1.035176       0.858633       1.410885       3.249477
        0.129645       0.047918       0.123818      -0.784960       0.875674       1.427765       3.264784
        0.113610       0.045856       0.131736      -0.167346       0.891841       1.443741       3.272574
        0.098507       0.043780       0.148069      -2.117304       0.907087       1.458777       3.288594
        0.084370       0.041505       0.171256      -1.089915       0.921405       1.472876       3.311203
        0.071235       0.039138       0.191270      -2.027483       0.934752       1.486000       3.330580
        0.059133       0.036655       0.220843      -2.931992       0.947107       1.498136       3.358947
        0.048092       0.034020       0.258395      -3.958933       0.958459       1.509276       3.394457
        0.038140       0.031219       0.308355      -6.317575       0.968798       1.519416       3.440697
        0.029300       0.028230       0.370033      -7.774768       0.978131       1.528565       3.496002
        0.021594       0.025080       0.458149     -16.232469       0.986457       1.536724       3.571203
        0.015040       0.021668       0.594829     -27.086004       0.993850       1.543967       3.678201
        0.009654       0.017988       0.791876     -50.262057       1.000378       1.550361       3.811361
        0.005448       0.014031       1.151816    -143.443648       1.006161       1.556024       3.997426
        0.002433       0.009639       1.905048    -457.227159       1.011501       1.561253       4.229004
        0.000615       0.004901       3.950602   -3217.873137       1.016587       1.566234       4.464470
        0.000000       0.000000   10000.000000   10000.000000       1.021539       1.571083       4.712389
        0.000589      -0.004884      -4.079158    3702.530442       1.026470       1.575911       4.952796
        0.002382      -0.009571      -1.886481     455.254354       1.031502       1.580838       5.199816
        0.005374      -0.013879      -1.132248     147.945088       1.036759       1.585987       5.435844
        0.009559      -0.017718      -0.766883      50.453414       1.042447       1.591557       5.628967
        0.014927      -0.021249      -0.568729      27.522765       1.048876       1.597855       5.766077
        0.021463      -0.024474      -0.429945      16.569302       1.056169       1.604999       5.877133
        0.029153      -0.027408      -0.345330       6.780256       1.064402       1.613066       5.950677
        0.037978      -0.030160      -0.275595       8.724578       1.073647       1.622129       6.014266
        0.047916      -0.032590      -0.224036       2.333486       1.083879       1.632164       6.062789
        0.058943      -0.034900      -0.193351       3.143369       1.095146       1.643222       6.092192
        0.071034      -0.037044      -0.163959       1.826990       1.107425       1.655282       6.120673
        0.084157      -0.039045      -0.141487       1.611577       1.120701       1.668336       6.142632
        0.098283      -0.040915      -0.125256       0.745674       1.134950       1.682365       6.158579
        0.113376      -0.042709      -0.111846       1.013770       1.150150       1.697355       6.171802
        0.129401      -0.044376      -0.096395       0.919849       1.166261       1.713275       6.187087
        0.146319      -0.045871      -0.080144       0.997513       1.183245       1.730097       6.203213
        0.164089      -0.047176      -0.068792       0.312374       1.201063       1.747794       6.214502
        0.182668      -0.048388      -0.061014       0.516496       1.219682       1.766347       6.222247
        0.202012      -0.049477      -0.051818       0.437710       1.239056       1.785726       6.231414
        0.222074      -0.050403      -0.039400       0.788646       1.259140       1.805900       6.243805
        0.242805      -0.051103      -0.030528       0.089521       1.279883       1.826841       6.252667
        0.264157      -0.051686      -0.021864       0.705381       1.301243       1.848524       6.261325
        0.286077      -0.052052      -0.014006       0.028804       1.323165       1.870919       6.269181
        0.308512      -0.052302      -0.005818       0.687256       1.345602       1.894001       6.277367
        0.331408      -0.052305       0.003475       0.135499       1.368499       1.917743       6.286660
        0.354711      -0.052164       0.009577       0.384548       1.391802       1.942117       6.292762
        0.378365      -0.051830       0.018697       0.387167       1.415458       1.967099       6.301880
        0.402311      -0.051256       0.029847       0.543098       1.439412       1.992664       6.313024
        0.426494      -0.050388       0.041443       0.417751       1.463610       2.018792       6.324605
        0.450854      -0.049239       0.053528       0.574237       1.487997       2.045461       6.336662
        0.475333      -0.047763       0.066789       0.510321       1.512521       2.072653       6.349875
        0.499873      -0.045913       0.086335       1.083341       1.537131       2.100354       6.369307
        0.524414      -0.043560       0.101616       0.161879       1.561784       2.128562       6.384454
        0.548896      -0.040931       0.116943       1.094579       1.586408       2.157241       6.399600
        0.573262      -0.037790       0.139522       0.758119       1.610976       2.186411       6.421812
        0.597453      -0.034263       0.149246       0.040333       1.635423       2.216046       6.431337
        0.621409      -0.030605       0.159077       0.789301       1.659656       2.246091       6.440940
        0.645072      -0.026661       0.172526       0.342158       1.683646       2.276565       6.454030
        0.668387      -0.022587       0.175199      -0.120240       1.707314       2.307425       6.456624
        0.691295      -0.018538       0.181226       0.661521       1.730578       2.338624       6.462466
        0.713743      -0.014359       0.188515      -0.026730       1.753411       2.370188       6.469513
        0.735676      -0.010273       0.182090      -0.573079       1.775721       2.402052       6.463302
        0.757040      -0.006475       0.175402      -0.038718       1.797420       2.434149       6.456821
        0.777784      -0.002885       0.168679      -0.628212       1.818473       2.466486       6.450291
        0.797858       0.000389       0.158200      -0.408855       1.838812       2.499019       6.440085
        0.817213       0.003311       0.140360      -1.476434       1.858387       2.531725       6.422635
        0.835802       0.005677       0.114804      -1.265263       1.877127       2.564539       6.397489
        0.853581       0.007470       0.084058      -2.239927       1.894996       2.597451       6.367046
        0.870507       0.008613       0.053592      -1.312930       1.911961       2.630445       6.336726
        0.886538       0.009258       0.023700      -2.482781       1.928006       2.663545       6.306881
        0.901637       0.009391      -0.001751      -0.780830       1.943106       2.696755       6.281434
        0.915768       0.009190      -0.034374      -4.063178       1.957239       2.730086       6.248825
        0.928896       0.008461      -0.070420      -1.203008       1.970387       2.763564       6.212882
        0.940989       0.007472      -0.097778      -3.516547       1.982522       2.797187       6.185717
        0.952020       0.006221      -0.124731      -1.129983       1.993624       2.830981       6.159095
        0.961961       0.004890      -0.147325      -3.686927       2.003654       2.864916       6.136912
        0.970790       0.003458      -0.175425      -2.507853       2.012598       2.899034       6.109527
        0.978484       0.002030      -0.196383      -2.983307       2.020424       2.933320       6.089270
        0.985026       0.000681      -0.215666      -2.843773       2.027103       2.967764       6.070773
        0.990399      -0.000517      -0.229869      -2.252908       2.032609       3.002348       6.057241
        0.994592      -0.001503      -0.240866      -3.131143       2.036916       3.037033       6.046822
        0.997594      -0.002242      -0.252157      -4.697618       2.040008       3.071807       6.036178
        0.999398      -0.002706      -0.263556      -9.578474       2.041870       3.106662       6.025490
        1.000000      -0.002867      -0.275183   10000.000000       2.042493       3.141593       6.014649

 MAPPING ITERATIONS FOR J= 16  Y=  1.534795

   ITS  IERR    SERR       R(C1ERR)    I(C1ERR)
     5    52  -0.0018246  -0.0004180   0.0009031
    10    79  -0.0000211   0.0000064   0.0000013
    15    79   0.0000004   0.0000002  -0.0000016
    17    79   0.0000001   0.0000003  -0.0000016

 CURVE FIT AND S-MU TABLE FOR J=  17  Y=  1.659587  EPS= -0.000246  TE ANG(DEG)=   -0.0443

          X              Z             DZ/DX         D2Z/DX2          S              SCOS           MU
        1.000000       0.002861      -0.273793   10000.000000       0.000000       0.000000       2.874348
        0.999398       0.003024      -0.269503      -3.476930       0.000623       0.034947       2.878344
        0.997594       0.003506      -0.265436      -1.646968       0.002491       0.069859       2.882140
        0.994592       0.004296      -0.261546      -1.059094       0.005595       0.104728       2.885777
        0.990400       0.005385      -0.257906      -0.729275       0.009926       0.139545       2.889187
        0.985027       0.006759      -0.253249      -0.936195       0.015472       0.174298       2.893558
        0.978486       0.008394      -0.246924      -0.974960       0.022215       0.208966       2.899511
        0.970793       0.010266      -0.239650      -0.914247       0.030132       0.243529       2.906378
        0.961967       0.012343      -0.230950      -1.034253       0.039200       0.277974       2.914622
        0.952028       0.014593      -0.222115      -0.767990       0.049390       0.312283       2.923026
        0.941001       0.016981      -0.209839      -1.393322       0.060673       0.346446       2.934755
        0.928911       0.019468      -0.205559       0.521029       0.073015       0.380447       2.938857
        0.915789       0.022138      -0.196520      -1.723460       0.086406       0.414332       2.947545
        0.901666       0.024809      -0.185883       0.091764       0.100780       0.448013       2.957807
        0.886575       0.027594      -0.181340      -0.646999       0.116126       0.481541       2.962202
        0.870553       0.030422      -0.172079      -0.516267       0.132396       0.514884       2.971183
        0.853638       0.033261      -0.163683      -0.478391       0.149547       0.548026       2.979349
        0.835872       0.036094      -0.155316      -0.464243       0.167538       0.580959       2.987508
        0.817297       0.038899      -0.146647      -0.469134       0.186323       0.613669       2.995984
        0.797957       0.041647      -0.137540      -0.472780       0.205857       0.646144       3.004910
        0.777900       0.044311      -0.128055      -0.473418       0.226091       0.678369       3.014231
        0.757173       0.046863      -0.118265      -0.471768       0.246975       0.710330       3.023875
        0.735826       0.049280      -0.108188      -0.472787       0.268458       0.742014       3.033824
        0.713911       0.051538      -0.097812      -0.474648       0.290489       0.773406       3.044090
        0.691481       0.053610      -0.086896      -0.498804       0.313015       0.804494       3.054914
        0.668589       0.055471      -0.075756      -0.475593       0.335982       0.835260       3.065981
        0.645290       0.057099      -0.063642      -0.563609       0.359338       0.865691       3.078036
        0.621642       0.058487      -0.055454      -0.135165       0.383027       0.895773       3.086195
        0.597700       0.059729      -0.046415      -0.615228       0.407001       0.925496       3.095211
        0.573522       0.060710      -0.036294      -0.225936       0.431199       0.954835       3.105314
        0.549168       0.061526      -0.030619      -0.240450       0.455567       0.983779       3.110984
        0.524695       0.062197      -0.023961      -0.303854       0.480049       1.012307       3.117637
        0.500162       0.062697      -0.017007      -0.263563       0.504587       1.040399       3.124588
        0.475629       0.063020      -0.008630      -0.420076       0.529122       1.068031       3.132963
        0.451155       0.063135      -0.001996      -0.121354       0.553597       1.095184       3.139596
        0.426798       0.063128       0.003394      -0.322839       0.577954       1.121834       3.144987
        0.402618       0.062955       0.010763      -0.286849       0.602135       1.147957       3.152355
        0.378672       0.062617       0.017300      -0.259254       0.626083       1.173529       3.158891
        0.355018       0.062135       0.023483      -0.263953       0.649742       1.198525       3.165071
        0.331714       0.061512       0.030172      -0.311323       0.673054       1.222919       3.171756
        0.308815       0.060754       0.035366      -0.139376       0.695965       1.246685       3.176944
        0.286377       0.059882       0.044379      -0.676161       0.718420       1.269794       3.185942
        0.264454       0.058790       0.053155      -0.111040       0.740371       1.292226       3.194698
        0.243098       0.057619       0.057129      -0.265586       0.761759       1.313944       3.198659
        0.222361       0.056340       0.068124      -0.812396       0.782536       1.334924       3.209612
        0.202293       0.054854       0.077524      -0.100198       0.802659       1.355143       3.218962
        0.182942       0.053294       0.085935      -0.796058       0.822073       1.374565       3.227317
        0.164355       0.051586       0.096424      -0.312513       0.840738       1.393168       3.237720
        0.146576       0.049787       0.108084      -1.033041       0.858608       1.410919       3.249259
        0.129649       0.047820       0.123565      -0.783336       0.875649       1.427800       3.264535
        0.113614       0.045762       0.131467      -0.167000       0.891815       1.443777       3.272310
        0.098510       0.043691       0.147766      -2.112910       0.907061       1.458813       3.288297
        0.084374       0.041421       0.170905      -1.087646       0.921379       1.472912       3.310862
        0.071238       0.039058       0.190878      -2.023252       0.934725       1.486037       3.330202
        0.059136       0.036581       0.220390      -2.925850       0.947079       1.498172       3.358515
        0.048095       0.033951       0.257864      -3.950604       0.958429       1.509312       3.393959
        0.038142       0.031156       0.307720      -6.304207       0.968768       1.519452       3.440117
        0.029303       0.028173       0.369269      -7.758195       0.978099       1.528600       3.495329
        0.021596       0.025029       0.457200     -16.197669       0.986423       1.536758       3.570418
        0.015042       0.021624       0.593589     -27.026490       0.993813       1.543997       3.677284
        0.009655       0.017951       0.790219     -50.153588       1.000337       1.550388       3.810341
        0.005449       0.014003       1.149353    -143.096269       1.006115       1.556047       3.996367
        0.002434       0.009619       1.901017    -456.287705       1.011447       1.561269       4.228132
        0.000615       0.004891       3.940776   -3206.091044       1.016525       1.566242       4.463877
        0.000000       0.000000   10000.000000   10000.000000       1.021467       1.571081       4.712389
        0.000589      -0.004874      -4.072547    3700.525316       1.026388       1.575901       4.953172
        0.002381      -0.009552      -1.882695     454.274314       1.031411       1.580819       5.200648
        0.005374      -0.013851      -1.130014     147.686665       1.036661       1.585960       5.436824
        0.009559      -0.017682      -0.765338      50.352259       1.042343       1.591526       5.629940
        0.014926      -0.021205      -0.567582      27.468915       1.048769       1.597820       5.766944
        0.021462      -0.024424      -0.429074      16.536108       1.056058       1.604962       5.877869
        0.029152      -0.027352      -0.344629       6.766676       1.064288       1.613027       5.951303
        0.037977      -0.030098      -0.275035       8.706952       1.073532       1.622089       6.014786
        0.047915      -0.032524      -0.223580       2.328772       1.083763       1.632124       6.063223
        0.058942      -0.034829      -0.192957       3.136993       1.095029       1.643181       6.092571
        0.071032      -0.036968      -0.163625       1.823280       1.107308       1.655242       6.120998
        0.084156      -0.038966      -0.141199       1.608299       1.120583       1.668296       6.142914
        0.098282      -0.040831      -0.125000       0.744158       1.134831       1.682326       6.158830
        0.113375      -0.042622      -0.111618       1.011705       1.150031       1.697316       6.172027
        0.129400      -0.044285      -0.096198       0.917974       1.166142       1.713237       6.187282
        0.146318      -0.045777      -0.079980       0.995478       1.183125       1.730060       6.203375
        0.164088      -0.047080      -0.068652       0.311737       1.200943       1.747758       6.214641
        0.182667      -0.048289      -0.060890       0.515442       1.219562       1.766311       6.222371
        0.202011      -0.049376      -0.051712       0.436816       1.238936       1.785691       6.231519
        0.222073      -0.050301      -0.039320       0.787036       1.259020       1.805867       6.243885
        0.242805      -0.050999      -0.030466       0.089338       1.279763       1.826809       6.252729
        0.264156      -0.051581      -0.021819       0.703942       1.301122       1.848493       6.261370
        0.286076      -0.051946      -0.013977       0.028745       1.323045       1.870890       6.269209
        0.308511      -0.052196      -0.005806       0.685854       1.345482       1.893973       6.277379
        0.331408      -0.052198       0.003468       0.135222       1.368379       1.917716       6.286653
        0.354711      -0.052058       0.009557       0.383764       1.391682       1.942092       6.292742
        0.378364      -0.051724       0.018659       0.386378       1.415338       1.967075       6.301842
        0.402311      -0.051152       0.029787       0.541992       1.439292       1.992642       6.312963
        0.426493      -0.050285       0.041359       0.416901       1.463490       2.018772       6.324521
        0.450854      -0.049138       0.053419       0.573068       1.487877       2.045442       6.336553
        0.475333      -0.047666       0.066653       0.509283       1.512401       2.072635       6.349740
        0.499872      -0.045819       0.086160       1.081138       1.537010       2.100337       6.369133
        0.524413      -0.043472       0.101409       0.161549       1.561663       2.128547       6.384249
        0.548896      -0.040848       0.116705       1.092352       1.586286       2.157227       6.399365
        0.573262      -0.037713       0.139238       0.756575       1.610854       2.186398       6.421534
        0.597452      -0.034193       0.148942       0.040248       1.635299       2.216034       6.431040
        0.621408      -0.030543       0.158753       0.787691       1.659531       2.246079       6.440624
        0.645072      -0.026607       0.172175       0.341456       1.683521       2.276552       6.453689
        0.668386      -0.022541       0.174842      -0.119999       1.707187       2.307412       6.456278
        0.691295      -0.018500       0.180857       0.660166       1.730449       2.338611       6.462108
        0.713743      -0.014330       0.188131      -0.026681       1.753281       2.370176       6.469142
        0.735676      -0.010252       0.181719      -0.571911       1.775590       2.402039       6.462943
        0.757040      -0.006462       0.175044      -0.038643       1.797287       2.434136       6.456473
        0.777784      -0.002879       0.168335      -0.626929       1.818339       2.466473       6.449957
        0.797858       0.000388       0.157878      -0.408020       1.838677       2.499006       6.439771
        0.817213       0.003304       0.140074      -1.473412       1.858251       2.531712       6.422354
        0.835802       0.005665       0.114570      -1.262674       1.876990       2.564527       6.397258
        0.853581       0.007455       0.083887      -2.235350       1.894860       2.597440       6.366876
        0.870507       0.008595       0.053483      -1.310251       1.911824       2.630435       6.336617
        0.886539       0.009239       0.023652      -2.477722       1.927869       2.663537       6.306833
        0.901638       0.009372      -0.001748      -0.779240       1.942969       2.696750       6.281438
        0.915768       0.009171      -0.034304      -4.054920       1.957102       2.730082       6.248895
        0.928896       0.008444      -0.070277      -1.200567       1.970250       2.763563       6.213024
        0.940989       0.007457      -0.097580      -3.509415       1.982385       2.797186       6.185914
        0.952020       0.006209      -0.124478      -1.127691       1.993486       2.830983       6.159345
        0.961961       0.004880      -0.147026      -3.679454       2.003516       2.864919       6.137205
        0.970790       0.003451      -0.175068      -2.502768       2.012460       2.899037       6.109873
        0.978484       0.002025      -0.195984      -2.977257       2.020285       2.933324       6.089654
        0.985026       0.000680      -0.215228      -2.838001       2.026964       2.967768       6.071192
        0.990399      -0.000516      -0.229402      -2.248329       2.032469       3.002351       6.057685
        0.994592      -0.001500      -0.240376      -3.124782       2.036775       3.037036       6.047285
        0.997594      -0.002237      -0.251644      -4.688082       2.039867       3.071809       6.036660
        0.999398      -0.002700      -0.263020      -9.559058       2.041729       3.106663       6.025991
        1.000000      -0.002861      -0.274624   10000.000000       2.042352       3.141593       6.015169

 MAPPING ITERATIONS FOR J= 17  Y=  1.659587

   ITS  IERR    SERR       R(C1ERR)    I(C1ERR)
     5    52  -0.0018225  -0.0004166   0.0009077
    10    79  -0.0000209   0.0000064   0.0000015
    15    79   0.0000004   0.0000002  -0.0000014
    17    79   0.0000001   0.0000003  -0.0000014

 CURVE FIT AND S-MU TABLE FOR J=  18  Y=  1.776740  EPS= -0.000245  TE ANG(DEG)=   -0.0442

          X              Z             DZ/DX         D2Z/DX2          S              SCOS           MU
        1.000000       0.002856      -0.273369   10000.000000       0.000000       0.000000       2.874744
        0.999398       0.003019      -0.269085      -3.471506       0.000623       0.034946       2.878734
        0.997594       0.003500      -0.265024      -1.644388       0.002491       0.069857       2.882525
        0.994592       0.004290      -0.261141      -1.057429       0.005594       0.104725       2.886156
        0.990400       0.005376      -0.257506      -0.728124       0.009925       0.139542       2.889562
        0.985027       0.006748      -0.252857      -0.934724       0.015471       0.174295       2.893927
        0.978486       0.008381      -0.246541      -0.973431       0.022213       0.208961       2.899872
        0.970793       0.010250      -0.239279      -0.912814       0.030129       0.243524       2.906730
        0.961967       0.012324      -0.230592      -1.032638       0.039196       0.277969       2.914962
        0.952028       0.014570      -0.221771      -0.766788       0.049385       0.312278       2.923354
        0.941001       0.016954      -0.209514      -1.391159       0.060668       0.346440       2.935066
        0.928911       0.019438      -0.205241       0.520237       0.073009       0.380441       2.939162
        0.915789       0.022104      -0.196217      -1.720792       0.086400       0.414327       2.947838
        0.901666       0.024770      -0.185596       0.091632       0.100773       0.448008       2.958085
        0.886575       0.027551      -0.181060      -0.645995       0.116118       0.481536       2.962473
        0.870553       0.030375      -0.171813      -0.515465       0.132386       0.514880       2.971441
        0.853639       0.033209      -0.163430      -0.477649       0.149537       0.548022       2.979595
        0.835872       0.036038      -0.155076      -0.463523       0.167527       0.580955       2.987742
        0.817297       0.038839      -0.146421      -0.468409       0.186312       0.613667       2.996205
        0.797958       0.041582      -0.137328      -0.472050       0.205845       0.646142       3.005118
        0.777900       0.044242      -0.127857      -0.472688       0.226078       0.678367       3.014425
        0.757174       0.046791      -0.118082      -0.471041       0.246961       0.710329       3.024055
        0.735827       0.049204      -0.108021      -0.472059       0.268444       0.742014       3.033988
        0.713912       0.051458      -0.097662      -0.473918       0.290474       0.773408       3.044240
        0.691482       0.053527      -0.086762      -0.498038       0.313000       0.804496       3.055047
        0.668590       0.055385      -0.075639      -0.474862       0.335967       0.835263       3.066097
        0.645292       0.057010      -0.063544      -0.562744       0.359322       0.865696       3.078134
        0.621643       0.058396      -0.055369      -0.134956       0.383011       0.895778       3.086280
        0.597702       0.059637      -0.046344      -0.614283       0.406985       0.925502       3.095282
        0.573524       0.060616      -0.036239      -0.225589       0.431183       0.954843       3.105370
        0.549170       0.061431      -0.030571      -0.240080       0.455551       0.983788       3.111031
        0.524697       0.062101      -0.023924      -0.303386       0.480033       1.012317       3.117673
        0.500164       0.062600      -0.016981      -0.263157       0.504571       1.040410       3.124614
        0.475631       0.062922      -0.008617      -0.419429       0.529106       1.068044       3.132976
        0.451157       0.063037      -0.001993      -0.121167       0.553580       1.095198       3.139599
        0.426800       0.063030       0.003389      -0.322341       0.577937       1.121849       3.144981
        0.402620       0.062857       0.010747      -0.286407       0.602118       1.147973       3.152339
        0.378674       0.062521       0.017273      -0.258853       0.626066       1.173546       3.158864
        0.355020       0.062039       0.023446      -0.263545       0.649725       1.198543       3.165035
        0.331716       0.061417       0.030125      -0.310842       0.673037       1.222938       3.171709
        0.308818       0.060660       0.035311      -0.139160       0.695949       1.246705       3.176889
        0.286380       0.059790       0.044310      -0.675114       0.718404       1.269816       3.185874
        0.264456       0.058699       0.053073      -0.110867       0.740354       1.292248       3.194616
        0.243100       0.057530       0.057040      -0.265174       0.761742       1.313967       3.198571
        0.222363       0.056252       0.068018      -0.811133       0.782519       1.334948       3.209507
        0.202295       0.054769       0.077404      -0.100042       0.802642       1.355168       3.218842
        0.182944       0.053212       0.085801      -0.794818       0.822055       1.374591       3.227184
        0.164356       0.051506       0.096275      -0.312025       0.840721       1.393194       3.237572
        0.146578       0.049710       0.107917      -1.031428       0.858590       1.410946       3.249093
        0.129651       0.047746       0.123373      -0.782111       0.875631       1.427828       3.264346
        0.113616       0.045692       0.131263      -0.166740       0.891797       1.443805       3.272109
        0.098512       0.043623       0.147537      -2.109597       0.907042       1.458842       3.288073
        0.084375       0.041357       0.170639      -1.085937       0.921360       1.472941       3.310604
        0.071240       0.038998       0.190581      -2.020070       0.934706       1.486066       3.329915
        0.059137       0.036524       0.220047      -2.921237       0.947059       1.498201       3.358187
        0.048096       0.033898       0.257462      -3.944360       0.958408       1.509341       3.393582
        0.038144       0.031107       0.307240      -6.294210       0.968746       1.519480       3.439678
        0.029303       0.028129       0.368692      -7.745849       0.978075       1.528627       3.494821
        0.021597       0.024991       0.456484     -16.171796       0.986398       1.536783       3.569825
        0.015043       0.021590       0.592656     -26.982809       0.993785       1.544021       3.676595
        0.009656       0.017923       0.788976     -50.073110       1.000307       1.550410       3.809575
        0.005450       0.013981       1.147526    -142.854037       1.006080       1.556064       3.995579
        0.002434       0.009604       1.898006    -455.568844       1.011407       1.561281       4.227478
        0.000616       0.004883       3.934057   -3199.371583       1.016478       1.566248       4.463470
        0.000000       0.000000   10000.000000   10000.000000       1.021412       1.571080       4.712389
        0.000589      -0.004866      -4.066744    3696.504568       1.026326       1.575892       4.953502
        0.002381      -0.009537      -1.879778     453.544098       1.031342       1.580805       5.201290
        0.005374      -0.013829      -1.128277     147.468833       1.036586       1.585941       5.437587
        0.009558      -0.017654      -0.764152      50.273923       1.042265       1.591503       5.630689
        0.014926      -0.021173      -0.566702      27.426630       1.048687       1.597794       5.767610
        0.021462      -0.024387      -0.428408      16.510426       1.055975       1.604934       5.878431
        0.029152      -0.027310      -0.344094       6.756183       1.064203       1.612999       5.951781
        0.037976      -0.030052      -0.274608       8.693396       1.073446       1.622060       6.015183
        0.047915      -0.032474      -0.223233       2.325155       1.083676       1.632094       6.063553
        0.058942      -0.034775      -0.192657       3.132107       1.094941       1.643151       6.092860
        0.071032      -0.036911      -0.163371       1.820441       1.107219       1.655212       6.121245
        0.084156      -0.038905      -0.140979       1.605794       1.120494       1.668266       6.143129
        0.098282      -0.040768      -0.124806       0.743000       1.134742       1.682296       6.159021
        0.113375      -0.042556      -0.111445       1.010129       1.149941       1.697287       6.172198
        0.129400      -0.044217      -0.096049       0.916544       1.166052       1.713209       6.187430
        0.146318      -0.045706      -0.079856       0.993928       1.183035       1.730032       6.203498
        0.164088      -0.047007      -0.068545       0.311252       1.200853       1.747731       6.214747
        0.182668      -0.048214      -0.060795       0.514639       1.219472       1.766286       6.222465
        0.202012      -0.049299      -0.051632       0.436136       1.238846       1.785666       6.231599
        0.222073      -0.050223      -0.039259       0.785812       1.258930       1.805842       6.243946
        0.242805      -0.050920      -0.030418       0.089199       1.279673       1.826785       6.252776
        0.264157      -0.051501      -0.021785       0.702848       1.301032       1.848471       6.261403
        0.286076      -0.051866      -0.013955       0.028700       1.322955       1.870869       6.269231
        0.308512      -0.052115      -0.005797       0.684789       1.345392       1.893953       6.277388
        0.331408      -0.052117       0.003463       0.135013       1.368289       1.917697       6.286648
        0.354712      -0.051977       0.009543       0.383169       1.391592       1.942074       6.292728
        0.378365      -0.051644       0.018630       0.385779       1.415248       1.967059       6.301813
        0.402312      -0.051072       0.029741       0.541153       1.439202       1.992627       6.312917
        0.426494      -0.050207       0.041295       0.416256       1.463400       2.018758       6.324457
        0.450854      -0.049062       0.053336       0.572182       1.487787       2.045429       6.336471
        0.475334      -0.047592       0.066550       0.508496       1.512311       2.072623       6.349637
        0.499873      -0.045748       0.086026       1.079471       1.536920       2.100326       6.369000
        0.524414      -0.043404       0.101252       0.161299       1.561572       2.128537       6.384094
        0.548896      -0.040785       0.116525       1.090669       1.586195       2.157218       6.399187
        0.573262      -0.037655       0.139023       0.755410       1.610762       2.186389       6.421322
        0.597453      -0.034140       0.148712       0.040184       1.635206       2.216025       6.430815
        0.621408      -0.030496       0.158508       0.786477       1.659438       2.246070       6.440385
        0.645072      -0.026566       0.171909       0.340927       1.683426       2.276544       6.453430
        0.668387      -0.022506       0.174572      -0.119817       1.707091       2.307404       6.456016
        0.691295      -0.018472       0.180577       0.659145       1.730352       2.338603       6.461837
        0.713743      -0.014308       0.187839      -0.026645       1.753183       2.370167       6.468861
        0.735676      -0.010236       0.181438      -0.571031       1.775490       2.402030       6.462671
        0.757040      -0.006452       0.174773      -0.038587       1.797187       2.434126       6.456210
        0.777784      -0.002875       0.168074      -0.625961       1.818237       2.466463       6.449703
        0.797857       0.000387       0.157633      -0.407390       1.838574       2.498996       6.439532
        0.817213       0.003299       0.139857      -1.471131       1.858148       2.531702       6.422141
        0.835802       0.005656       0.114392      -1.260718       1.876887       2.564518       6.397082
        0.853581       0.007443       0.083757      -2.231886       1.894756       2.597431       6.366747
        0.870507       0.008582       0.053400      -1.308220       1.911720       2.630428       6.336534
        0.886538       0.009224       0.023615      -2.473883       1.927765       2.663531       6.306796
        0.901638       0.009357      -0.001745      -0.778032       1.942865       2.696745       6.281441
        0.915768       0.009157      -0.034251      -4.048637       1.956998       2.730079       6.248948
        0.928896       0.008431      -0.070168      -1.198706       1.970146       2.763560       6.213132
        0.940989       0.007446      -0.097429      -3.503974       1.982280       2.797186       6.186063
        0.952020       0.006199      -0.124285      -1.125939       1.993382       2.830983       6.159535
        0.961961       0.004872      -0.146798      -3.673741       2.003411       2.864920       6.137429
        0.970790       0.003445      -0.174797      -2.498875       2.012355       2.899039       6.110137
        0.978484       0.002022      -0.195680      -2.972621       2.020179       2.933326       6.089947
        0.985026       0.000679      -0.214894      -2.833575       2.026858       2.967771       6.071511
        0.990399      -0.000515      -0.229046      -2.244815       2.032362       3.002353       6.058023
        0.994592      -0.001497      -0.240003      -3.119900       2.036669       3.037038       6.047637
        0.997594      -0.002234      -0.251254      -4.680759       2.039760       3.071810       6.037027
        0.999398      -0.002696      -0.262611      -9.544138       2.041622       3.106664       6.026373
        1.000000      -0.002856      -0.274198   10000.000000       2.042245       3.141593       6.015565

 MAPPING ITERATIONS FOR J= 18  Y=  1.776740

   ITS  IERR    SERR       R(C1ERR)    I(C1ERR)
     5    52  -0.0018210  -0.0004155   0.0009112
    10    79  -0.0000208   0.0000064   0.0000016
    15    79   0.0000004   0.0000002  -0.0000013
    17    79   0.0000001   0.0000003  -0.0000013

 CURVE FIT AND S-MU TABLE FOR J=  19  Y=  1.891726  EPS= -0.000245  TE ANG(DEG)=   -0.0441

          X              Z             DZ/DX         D2Z/DX2          S              SCOS           MU
        1.000000       0.002853      -0.273022   10000.000000       0.000000       0.000000       2.875066
        0.999398       0.003015      -0.268744      -3.467040       0.000623       0.034945       2.879052
        0.997594       0.003496      -0.264688      -1.642265       0.002490       0.069856       2.882839
        0.994592       0.004284      -0.260810      -1.056059       0.005594       0.104724       2.886466
        0.990400       0.005370      -0.257180      -0.727177       0.009925       0.139540       2.889868
        0.985027       0.006740      -0.252537      -0.933514       0.015470       0.174292       2.894228
        0.978486       0.008371      -0.246229      -0.972174       0.022211       0.208958       2.900166
        0.970793       0.010237      -0.238976      -0.911637       0.030127       0.243521       2.907016
        0.961966       0.012309      -0.230300      -1.031311       0.039193       0.277965       2.915239
        0.952028       0.014552      -0.221491      -0.765802       0.049382       0.312274       2.923621
        0.941000       0.016933      -0.209250      -1.389382       0.060664       0.346437       2.935319
        0.928911       0.019414      -0.204982       0.519586       0.073005       0.380438       2.939411
        0.915789       0.022076      -0.195969      -1.718603       0.086395       0.414323       2.948076
        0.901665       0.024739      -0.185362       0.091523       0.100767       0.448005       2.958311
        0.886574       0.027516      -0.180832      -0.645171       0.116111       0.481534       2.962694
        0.870552       0.030337      -0.171597      -0.514809       0.132380       0.514877       2.971651
        0.853638       0.033167      -0.163224      -0.477041       0.149529       0.548020       2.979795
        0.835872       0.035993      -0.154881      -0.462935       0.167519       0.580954       2.987933
        0.817297       0.038790      -0.146236      -0.467815       0.186303       0.613666       2.996386
        0.797957       0.041530      -0.137155      -0.471453       0.205836       0.646141       3.005288
        0.777900       0.044186      -0.127697      -0.472091       0.226069       0.678367       3.014584
        0.757173       0.046732      -0.117934      -0.470447       0.246951       0.710330       3.024201
        0.735827       0.049142      -0.107886      -0.471465       0.268434       0.742016       3.034123
        0.713912       0.051393      -0.097539      -0.473322       0.290464       0.773410       3.044361
        0.691482       0.053460      -0.086653      -0.497412       0.312989       0.804499       3.055155
        0.668590       0.055315      -0.075544      -0.474266       0.335956       0.835267       3.066192
        0.645291       0.056938      -0.063464      -0.562038       0.359311       0.865701       3.078213
        0.621643       0.058323      -0.055300      -0.134787       0.383000       0.895784       3.086349
        0.597701       0.059562      -0.046285      -0.613513       0.406974       0.925509       3.095340
        0.573524       0.060540      -0.036193      -0.225306       0.431171       0.954851       3.105415
        0.549170       0.061353      -0.030533      -0.239779       0.455539       0.983797       3.111069
        0.524697       0.062022      -0.023894      -0.303006       0.480021       1.012327       3.117703
        0.500164       0.062521      -0.016959      -0.262827       0.504559       1.040421       3.124635
        0.475631       0.062843      -0.008606      -0.418903       0.529094       1.068056       3.132987
        0.451157       0.062958      -0.001991      -0.121015       0.553569       1.095211       3.139602
        0.426800       0.062951       0.003384      -0.321937       0.577925       1.121862       3.144977
        0.402620       0.062778       0.010733      -0.286047       0.602106       1.147987       3.152325
        0.378674       0.062442       0.017252      -0.258529       0.626054       1.173562       3.158843
        0.355021       0.061961       0.023417      -0.263214       0.649713       1.198560       3.165005
        0.331717       0.061340       0.030087      -0.310451       0.673025       1.222956       3.171671
        0.308818       0.060584       0.035267      -0.138986       0.695936       1.246723       3.176845
        0.286380       0.059714       0.044254      -0.674265       0.718391       1.269834       3.185818
        0.264456       0.058626       0.053006      -0.110728       0.740342       1.292267       3.194549
        0.243100       0.057457       0.056969      -0.264841       0.761730       1.313988       3.198500
        0.222363       0.056182       0.067933      -0.810111       0.782506       1.334969       3.209421
        0.202295       0.054700       0.077306      -0.099916       0.802629       1.355190       3.218745
        0.182944       0.053145       0.085693      -0.793816       0.822043       1.374613       3.227077
        0.164357       0.051441       0.096154      -0.311631       0.840708       1.393217       3.237452
        0.146578       0.049647       0.107781      -1.030126       0.858577       1.410969       3.248959
        0.129651       0.047686       0.123218      -0.781123       0.875617       1.427851       3.264193
        0.113616       0.045634       0.131097      -0.166529       0.891783       1.443829       3.271947
        0.098512       0.043568       0.147351      -2.106931       0.907028       1.458866       3.287891
        0.084375       0.041305       0.170424      -1.084564       0.921345       1.472965       3.310395
        0.071240       0.038949       0.190341      -2.017516       0.934691       1.486090       3.329684
        0.059137       0.036478       0.219769      -2.917541       0.947043       1.498225       3.357923
        0.048096       0.033856       0.257137      -3.939369       0.958392       1.509365       3.393277
        0.038144       0.031068       0.306852      -6.286242       0.968728       1.519504       3.439324
        0.029303       0.028094       0.368227      -7.736051       0.978057       1.528650       3.494412
        0.021597       0.024959       0.455908     -16.151316       0.986378       1.536805       3.569349
        0.015043       0.021563       0.591909     -26.948771       0.993764       1.544042       3.676041
        0.009656       0.017901       0.787980     -50.009555       1.000282       1.550427       3.808961
        0.005450       0.013963       1.146083    -142.677597       1.006052       1.556079       3.994956
        0.002434       0.009592       1.895608    -454.980144       1.011374       1.561292       4.226957
        0.000616       0.004877       3.929300   -3196.002717       1.016440       1.566253       4.463181
        0.000000       0.000000   10000.000000   10000.000000       1.021368       1.571080       4.712389
        0.000589      -0.004860      -4.061299    3690.892402       1.026276       1.575886       4.953813
        0.002381      -0.009525      -1.877372     452.964451       1.031286       1.580793       5.201822
        0.005374      -0.013812      -1.126829     147.271710       1.036527       1.585925       5.438225
        0.009559      -0.017632      -0.763177      50.208906       1.042202       1.591484       5.631304
        0.014926      -0.021146      -0.565980      27.390998       1.048622       1.597774       5.768156
        0.021462      -0.024356      -0.427864      16.489133       1.055908       1.604913       5.878892
        0.029152      -0.027275      -0.343657       6.747496       1.064135       1.612976       5.952172
        0.037977      -0.030014      -0.274260       8.682233       1.073376       1.622036       6.015507
        0.047915      -0.032433      -0.222950       2.322184       1.083606       1.632071       6.063823
        0.058943      -0.034731      -0.192413       3.128101       1.094871       1.643128       6.093095
        0.071033      -0.036865      -0.163164       1.818118       1.107148       1.655189       6.121447
        0.084157      -0.038856      -0.140801       1.603746       1.120423       1.668243       6.143304
        0.098283      -0.040717      -0.124648       0.742054       1.134671       1.682274       6.159177
        0.113376      -0.042503      -0.111304       1.008842       1.149869       1.697265       6.172338
        0.129401      -0.044161      -0.095928       0.915377       1.165980       1.713187       6.187550
        0.146319      -0.045649      -0.079755       0.992664       1.182964       1.730011       6.203599
        0.164090      -0.046948      -0.068459       0.310857       1.200781       1.747710       6.214833
        0.182669      -0.048154      -0.060718       0.513986       1.219400       1.766266       6.222542
        0.202013      -0.049237      -0.051567       0.435583       1.238774       1.785647       6.231664
        0.222075      -0.050160      -0.039210       0.784816       1.258858       1.805824       6.243996
        0.242807      -0.050856      -0.030380       0.089086       1.279601       1.826768       6.252815
        0.264158      -0.051436      -0.021758       0.701959       1.300961       1.848454       6.261431
        0.286078      -0.051800      -0.013938       0.028664       1.322884       1.870853       6.269248
        0.308513      -0.052049      -0.005790       0.683925       1.345320       1.893938       6.277396
        0.331410      -0.052052       0.003458       0.134843       1.368217       1.917683       6.286643
        0.354713      -0.051912       0.009531       0.382686       1.391521       1.942061       6.292716
        0.378367      -0.051579       0.018607       0.385294       1.415176       1.967046       6.301790
        0.402313      -0.051008       0.029703       0.540473       1.439130       1.992616       6.312880
        0.426496      -0.050144       0.041243       0.415734       1.463328       2.018747       6.324405
        0.450856      -0.049001       0.053269       0.571465       1.487715       2.045419       6.336404
        0.475335      -0.047532       0.066466       0.507859       1.512239       2.072614       6.349554
        0.499874      -0.045691       0.085918       1.078123       1.536847       2.100318       6.368893
        0.524415      -0.043350       0.101125       0.161098       1.561500       2.128530       6.383968
        0.548898      -0.040734       0.116379       1.089311       1.586122       2.157211       6.399043
        0.573263      -0.037608       0.138848       0.754471       1.610688       2.186382       6.421151
        0.597454      -0.034097       0.148525       0.040133       1.635131       2.216019       6.430633
        0.621409      -0.030457       0.158309       0.785499       1.659362       2.246064       6.440191
        0.645073      -0.026532       0.171693       0.340502       1.683349       2.276538       6.453221
        0.668387      -0.022477       0.174353      -0.119671       1.707013       2.307397       6.455803
        0.691296      -0.018448       0.180351       0.658324       1.730273       2.338596       6.461618
        0.713743      -0.014290       0.187604      -0.026615       1.753103       2.370160       6.468634
        0.735676      -0.010224       0.181210      -0.570324       1.775409       2.402022       6.462450
        0.757040      -0.006444       0.174553      -0.038541       1.797105       2.434119       6.455998
        0.777783      -0.002871       0.167863      -0.625183       1.818154       2.466455       6.449498
        0.797857       0.000387       0.157435      -0.406884       1.838491       2.498988       6.439339
        0.817213       0.003295       0.139681      -1.469294       1.858064       2.531694       6.421969
        0.835802       0.005649       0.114248      -1.259140       1.876802       2.564510       6.396941
        0.853581       0.007434       0.083652      -2.229087       1.894671       2.597424       6.366643
        0.870507       0.008571       0.053333      -1.306577       1.911636       2.630421       6.336467
        0.886538       0.009213       0.023585      -2.470770       1.927681       2.663525       6.306766
        0.901637       0.009346      -0.001743      -0.777053       1.942781       2.696740       6.281443
        0.915768       0.009146      -0.034208      -4.043528       1.956913       2.730075       6.248991
        0.928895       0.008421      -0.070079      -1.197189       1.970062       2.763558       6.213220
        0.940989       0.007436      -0.097306      -3.499534       1.982196       2.797184       6.186185
        0.952020       0.006191      -0.124128      -1.124508       1.993297       2.830982       6.159689
        0.961961       0.004866      -0.146612      -3.669068       2.003326       2.864920       6.137610
        0.970789       0.003441      -0.174576      -2.495685       2.012269       2.899040       6.110351
        0.978484       0.002020      -0.195433      -2.968820       2.020094       2.933327       6.090185
        0.985025       0.000678      -0.214621      -2.829942       2.026772       2.967772       6.071771
        0.990399      -0.000515      -0.228756      -2.241930       2.032276       3.002355       6.058299
        0.994592      -0.001495      -0.239699      -3.115888       2.036582       3.037039       6.047925
        0.997594      -0.002231      -0.250935      -4.674738       2.039673       3.071811       6.037327
        0.999398      -0.002693      -0.262278      -9.531860       2.041535       3.106665       6.026684
        1.000000      -0.002853      -0.273850   10000.000000       2.042158       3.141593       6.015889

 MAPPING ITERATIONS FOR J= 19  Y=  1.891726

   ITS  IERR    SERR       R(C1ERR)    I(C1ERR)
     5    52  -0.0018198  -0.0004147   0.0009140
    10    79  -0.0000207   0.0000064   0.0000017
    15    79   0.0000004   0.0000002  -0.0000012
    17    79   0.0000001   0.0000003  -0.0000012

 CURVE FIT AND S-MU TABLE FOR J=  20  Y=  2.007017  EPS= -0.000245  TE ANG(DEG)=   -0.0441

          X              Z             DZ/DX         D2Z/DX2          S              SCOS           MU
        1.000000       0.002850      -0.272729   10000.000000       0.000000       0.000000       2.875339
        0.999398       0.003012      -0.268456      -3.463224       0.000623       0.034945       2.879321
        0.997594       0.003492      -0.264404      -1.640452       0.002490       0.069855       2.883104
        0.994592       0.004280      -0.260530      -1.054891       0.005594       0.104723       2.886728
        0.990400       0.005364      -0.256905      -0.726370       0.009924       0.139538       2.890126
        0.985026       0.006732      -0.252266      -0.932483       0.015469       0.174290       2.894482
        0.978486       0.008362      -0.245965      -0.971102       0.022210       0.208956       2.900415
        0.970793       0.010226      -0.238720      -0.910634       0.030125       0.243519       2.907258
        0.961966       0.012296      -0.230054      -1.030180       0.039191       0.277963       2.915473
        0.952027       0.014536      -0.221254      -0.764962       0.049380       0.312272       2.923846
        0.941000       0.016915      -0.209026      -1.387870       0.060661       0.346435       2.935533
        0.928910       0.019393      -0.204763       0.519030       0.073002       0.380436       2.939621
        0.915788       0.022053      -0.195760      -1.716741       0.086391       0.414322       2.948277
        0.901664       0.024713      -0.185164       0.091429       0.100763       0.448003       2.958502
        0.886573       0.027487      -0.180639      -0.644471       0.116107       0.481533       2.962881
        0.870551       0.030305      -0.171414      -0.514251       0.132375       0.514877       2.971828
        0.853637       0.033132      -0.163051      -0.476525       0.149524       0.548020       2.979964
        0.835871       0.035955      -0.154716      -0.462435       0.167513       0.580954       2.988093
        0.817295       0.038749      -0.146081      -0.467311       0.186297       0.613666       2.996538
        0.797956       0.041486      -0.137010      -0.470947       0.205830       0.646143       3.005431
        0.777898       0.044139      -0.127561      -0.471585       0.226062       0.678369       3.014717
        0.757172       0.046682      -0.117809      -0.469944       0.246944       0.710332       3.024324
        0.735825       0.049090      -0.107771      -0.470962       0.268426       0.742019       3.034236
        0.713910       0.051339      -0.097436      -0.472818       0.290456       0.773414       3.044463
        0.691480       0.053403      -0.086562      -0.496883       0.312981       0.804504       3.055246
        0.668588       0.055257      -0.075464      -0.473763       0.335948       0.835273       3.066271
        0.645290       0.056878      -0.063397      -0.561442       0.359303       0.865707       3.078280
        0.621641       0.058261      -0.055241      -0.134643       0.382992       0.895791       3.086408
        0.597700       0.059499      -0.046237      -0.612863       0.406965       0.925517       3.095389
        0.573523       0.060476      -0.036155      -0.225067       0.431163       0.954860       3.105453
        0.549168       0.061288      -0.030501      -0.239526       0.455531       0.983806       3.111101
        0.524695       0.061957      -0.023869      -0.302686       0.480013       1.012337       3.117729
        0.500163       0.062455      -0.016941      -0.262549       0.504550       1.040432       3.124653
        0.475630       0.062776      -0.008597      -0.418461       0.529085       1.068068       3.132996
        0.451155       0.062891      -0.001989      -0.120887       0.553560       1.095223       3.139604
        0.426799       0.062884       0.003381      -0.321597       0.577917       1.121875       3.144973
        0.402619       0.062712       0.010722      -0.285746       0.602098       1.148001       3.152314
        0.378673       0.062376       0.017233      -0.258256       0.626046       1.173576       3.158824
        0.355019       0.061896       0.023392      -0.262937       0.649704       1.198575       3.164980
        0.331715       0.061275       0.030056      -0.310124       0.673017       1.222972       3.171639
        0.308817       0.060520       0.035230      -0.138839       0.695928       1.246740       3.176808
        0.286379       0.059651       0.044207      -0.673554       0.718383       1.269852       3.185771
        0.264455       0.058564       0.052950      -0.110611       0.740333       1.292285       3.194493
        0.243099       0.057396       0.056908      -0.264561       0.761721       1.314006       3.198440
        0.222362       0.056122       0.067861      -0.809257       0.782497       1.334988       3.209350
        0.202294       0.054643       0.077224      -0.099810       0.802620       1.355209       3.218664
        0.182943       0.053089       0.085603      -0.792979       0.822033       1.374633       3.226987
        0.164356       0.051387       0.096052      -0.311303       0.840698       1.393237       3.237351
        0.146577       0.049595       0.107667      -1.029041       0.858567       1.410990       3.248846
        0.129650       0.047636       0.123088      -0.780301       0.875607       1.427872       3.264064
        0.113615       0.045586       0.130959      -0.166354       0.891773       1.443850       3.271810
        0.098511       0.043522       0.147195      -2.104716       0.907017       1.458887       3.287739
        0.084374       0.041261       0.170244      -1.083426       0.921334       1.472987       3.310220
        0.071239       0.038908       0.190140      -2.015400       0.934679       1.486111       3.329490
        0.059136       0.036439       0.219537      -2.914486       0.947031       1.498247       3.357702
        0.048095       0.033820       0.256866      -3.935254       0.958379       1.509386       3.393023
        0.038143       0.031035       0.306529      -6.279694       0.968715       1.519524       3.439029
        0.029303       0.028064       0.367840      -7.728045       0.978042       1.528669       3.494071
        0.021596       0.024933       0.455429     -16.134632       0.986362       1.536824       3.568952
        0.015042       0.021540       0.591290     -26.921594       0.993746       1.544059       3.675583
        0.009655       0.017882       0.787158     -49.957930       1.000262       1.550443       3.808454
        0.005449       0.013949       1.144912    -142.549566       1.006029       1.556092       3.994449
        0.002433       0.009582       1.893642    -454.480239       1.011348       1.561301       4.226528
        0.000615       0.004872       3.926002   -3195.262102       1.016408       1.566258       4.462980
        0.000000       0.000000   10000.000000   10000.000000       1.021332       1.571080       4.712389
        0.000589      -0.004855      -4.055988    3683.825039       1.026234       1.575881       4.954117
        0.002382      -0.009515      -1.875311     452.490444       1.031240       1.580784       5.202278
        0.005374      -0.013797      -1.125574     147.085731       1.036477       1.585913       5.438778
        0.009559      -0.017614      -0.762346      50.152842       1.042149       1.591469       5.631829
        0.014927      -0.021123      -0.565366      27.359750       1.048567       1.597757       5.768622
        0.021463      -0.024330      -0.427402      16.470797       1.055852       1.604895       5.879282
        0.029154      -0.027246      -0.343287       6.740028       1.064078       1.612958       5.952503
        0.037978      -0.029982      -0.273965       8.672694       1.073319       1.622018       6.015781
        0.047917      -0.032398      -0.222711       2.319653       1.083548       1.632052       6.064050
        0.058944      -0.034694      -0.192207       3.124696       1.094812       1.643109       6.093294
        0.071035      -0.036826      -0.162989       1.816146       1.107090       1.655170       6.121617
        0.084159      -0.038815      -0.140650       1.602011       1.120364       1.668225       6.143452
        0.098285      -0.040674      -0.124515       0.741253       1.134612       1.682255       6.159308
        0.113378      -0.042458      -0.111185       1.007754       1.149810       1.697247       6.172455
        0.129403      -0.044114      -0.095825       0.914392       1.165921       1.713169       6.187652
        0.146321      -0.045601      -0.079670       0.991598       1.182904       1.729994       6.203683
        0.164092      -0.046898      -0.068386       0.310524       1.200722       1.747694       6.214906
        0.182671      -0.048103      -0.060654       0.513435       1.219341       1.766250       6.222606
        0.202015      -0.049185      -0.051512       0.435117       1.238715       1.785632       6.231719
        0.222077      -0.050106      -0.039168       0.783978       1.258798       1.805810       6.244037
        0.242809      -0.050802      -0.030348       0.088991       1.279542       1.826754       6.252847
        0.264161      -0.051381      -0.021735       0.701212       1.300901       1.848441       6.261454
        0.286081      -0.051745      -0.013923       0.028634       1.322824       1.870840       6.269263
        0.308516      -0.051994      -0.005784       0.683199       1.345261       1.893927       6.277402
        0.331413      -0.051997       0.003454       0.134700       1.368158       1.917673       6.286640
        0.354716      -0.051857       0.009520       0.382281       1.391462       1.942051       6.292705
        0.378369      -0.051524       0.018587       0.384887       1.415117       1.967037       6.301770
        0.402316      -0.050954       0.029672       0.539903       1.439071       1.992607       6.312848
        0.426498      -0.050091       0.041199       0.415296       1.463269       2.018740       6.324361
        0.450858      -0.048949       0.053213       0.570865       1.487656       2.045412       6.336348
        0.475338      -0.047482       0.066396       0.507327       1.512179       2.072608       6.349484
        0.499877      -0.045642       0.085828       1.076998       1.536788       2.100313       6.368803
        0.524417      -0.043304       0.101019       0.160930       1.561440       2.128524       6.383862
        0.548900      -0.040690       0.116256       1.088179       1.586061       2.157206       6.398922
        0.573265      -0.037568       0.138702       0.753689       1.610627       2.186378       6.421008
        0.597455      -0.034061       0.148369       0.040090       1.635070       2.216014       6.430480
        0.621411      -0.030425       0.158142       0.784687       1.659299       2.246060       6.440029
        0.645074      -0.026504       0.171513       0.340149       1.683286       2.276533       6.453046
        0.668388      -0.022454       0.174170      -0.119550       1.706949       2.307393       6.455626
        0.691296      -0.018429       0.180161       0.657643       1.730208       2.338591       6.461434
        0.713744      -0.014275       0.187407      -0.026590       1.753037       2.370154       6.468443
        0.735676      -0.010213       0.181020      -0.569737       1.775342       2.402016       6.462266
        0.757040      -0.006437       0.174370      -0.038503       1.797037       2.434112       6.455820
        0.777783      -0.002868       0.167687      -0.624537       1.818085       2.466448       6.449326
        0.797857       0.000386       0.157270      -0.406463       1.838421       2.498981       6.439177
        0.817212       0.003292       0.139534      -1.467765       1.857993       2.531687       6.421824
        0.835802       0.005643       0.114128      -1.257826       1.876731       2.564503       6.396822
        0.853581       0.007426       0.083563      -2.226749       1.894600       2.597417       6.366555
        0.870506       0.008562       0.053276      -1.305202       1.911564       2.630415       6.336411
        0.886538       0.009203       0.023560      -2.468160       1.927609       2.663520       6.306741
        0.901637       0.009336      -0.001741      -0.776231       1.942709       2.696736       6.281445
        0.915767       0.009136      -0.034171      -4.039228       1.956842       2.730072       6.249027
        0.928895       0.008412      -0.070005      -1.195908       1.969990       2.763555       6.213295
        0.940989       0.007428      -0.097202      -3.495783       1.982124       2.797182       6.186288
        0.952019       0.006185      -0.123996      -1.123295       1.993225       2.830981       6.159819
        0.961961       0.004861      -0.146456      -3.665107       2.003255       2.864920       6.137763
        0.970789       0.003437      -0.174390      -2.492975       2.012197       2.899040       6.110532
        0.978483       0.002018      -0.195224      -2.965588       2.020022       2.933328       6.090386
        0.985025       0.000677      -0.214392      -2.826850       2.026699       2.967773       6.071990
        0.990399      -0.000514      -0.228511      -2.239472       2.032204       3.002356       6.058532
        0.994592      -0.001494      -0.239442      -3.112469       2.036510       3.037040       6.048168
        0.997594      -0.002228      -0.250666      -4.669601       2.039600       3.071812       6.037580
        0.999398      -0.002690      -0.261997      -9.521378       2.041462       3.106665       6.026948
        1.000000      -0.002850      -0.273556   10000.000000       2.042085       3.141593       6.016162

 MAPPING ITERATIONS FOR J= 20  Y=  2.007017

   ITS  IERR    SERR       R(C1ERR)    I(C1ERR)
     5    52  -0.0018188  -0.0004140   0.0009164
    10    79  -0.0000207   0.0000064   0.0000017
    15    79   0.0000004   0.0000002  -0.0000012
    17    79   0.0000001   0.0000003  -0.0000012

 CURVE FIT AND S-MU TABLE FOR J=  21  Y=  2.123979  EPS= -0.000245  TE ANG(DEG)=   -0.0440

          X              Z             DZ/DX         D2Z/DX2          S              SCOS           MU
        1.000000       0.002847      -0.272477   10000.000000       0.000000       0.000000       2.875574
        0.999398       0.003009      -0.268207      -3.459885       0.000623       0.034944       2.879553
        0.997594       0.003489      -0.264159      -1.638867       0.002490       0.069855       2.883333
        0.994592       0.004276      -0.260289      -1.053870       0.005593       0.104722       2.886954
        0.990399       0.005359      -0.256667      -0.725665       0.009924       0.139537       2.890349
        0.985026       0.006726      -0.252033      -0.931582       0.015468       0.174289       2.894702
        0.978485       0.008354      -0.245738      -0.970167       0.022209       0.208955       2.900629
        0.970792       0.010217      -0.238500      -0.909758       0.030124       0.243518       2.907466
        0.961965       0.012284      -0.229842      -1.029194       0.039190       0.277962       2.915674
        0.952026       0.014523      -0.221050      -0.764229       0.049378       0.312271       2.924041
        0.940999       0.016900      -0.208834      -1.386553       0.060659       0.346434       2.935718
        0.928909       0.019375      -0.204575       0.518546       0.072999       0.380436       2.939802
        0.915787       0.022033      -0.195580      -1.715119       0.086388       0.414321       2.948451
        0.901663       0.024690      -0.184994       0.091347       0.100760       0.448004       2.958666
        0.886572       0.027462      -0.180473      -0.643863       0.116103       0.481533       2.963041
        0.870550       0.030277      -0.171257      -0.513767       0.132371       0.514877       2.971981
        0.853635       0.033102      -0.162901      -0.476077       0.149520       0.548021       2.980110
        0.835869       0.035922      -0.154575      -0.462002       0.167509       0.580956       2.988232
        0.817293       0.038713      -0.145947      -0.466875       0.186293       0.613668       2.996668
        0.797954       0.041448      -0.136885      -0.470508       0.205825       0.646145       3.005554
        0.777896       0.044099      -0.127445      -0.471147       0.226057       0.678372       3.014831
        0.757169       0.046640      -0.117701      -0.469509       0.246939       0.710336       3.024430
        0.735823       0.049045      -0.107673      -0.470527       0.268421       0.742023       3.034333
        0.713908       0.051292      -0.097347      -0.472382       0.290451       0.773419       3.044551
        0.691477       0.053355      -0.086483      -0.496426       0.312976       0.804509       3.055324
        0.668585       0.055206      -0.075396      -0.473328       0.335943       0.835279       3.066339
        0.645287       0.056827      -0.063340      -0.560929       0.359297       0.865714       3.078338
        0.621639       0.058208      -0.055191      -0.134520       0.382986       0.895799       3.086458
        0.597697       0.059445      -0.046195      -0.612305       0.406960       0.925525       3.095431
        0.573520       0.060421      -0.036122      -0.224862       0.431157       0.954869       3.105486
        0.549165       0.061233      -0.030473      -0.239308       0.455525       0.983816       3.111129
        0.524692       0.061900      -0.023847      -0.302411       0.480007       1.012348       3.117750
        0.500160       0.062399      -0.016926      -0.262311       0.504545       1.040443       3.124668
        0.475627       0.062719      -0.008589      -0.418081       0.529080       1.068079       3.133004
        0.451153       0.062834      -0.001987      -0.120777       0.553554       1.095235       3.139605
        0.426796       0.062827       0.003378      -0.321306       0.577911       1.121889       3.144970
        0.402616       0.062655       0.010712      -0.285487       0.602092       1.148015       3.152304
        0.378670       0.062319       0.017218      -0.258022       0.626040       1.173590       3.158809
        0.355017       0.061839       0.023371      -0.262699       0.649698       1.198590       3.164959
        0.331713       0.061219       0.030028      -0.309844       0.673011       1.222987       3.171612
        0.308814       0.060465       0.035198      -0.138714       0.695922       1.246756       3.176776
        0.286376       0.059597       0.044167      -0.672946       0.718377       1.269868       3.185731
        0.264452       0.058510       0.052902      -0.110511       0.740327       1.292302       3.194446
        0.243097       0.057344       0.056857      -0.264323       0.761715       1.314023       3.198388
        0.222360       0.056071       0.067800      -0.808529       0.782491       1.335005       3.209289
        0.202291       0.054593       0.077155      -0.099721       0.802613       1.355227       3.218595
        0.182941       0.053041       0.085525      -0.792267       0.822027       1.374651       3.226911
        0.164353       0.051340       0.095965      -0.311024       0.840691       1.393256       3.237265
        0.146575       0.049550       0.107570      -1.028120       0.858560       1.411009       3.248750
        0.129648       0.047592       0.122977      -0.779603       0.875600       1.427891       3.263955
        0.113613       0.045544       0.130841      -0.166206       0.891765       1.443869       3.271694
        0.098509       0.043482       0.147063      -2.102841       0.907009       1.458907       3.287609
        0.084372       0.041224       0.170091      -1.082464       0.921325       1.473006       3.310071
        0.071237       0.038872       0.189969      -2.013616       0.934670       1.486131       3.329324
        0.059134       0.036406       0.219340      -2.911917       0.947022       1.498266       3.357513
        0.048094       0.033789       0.256636      -3.931806       0.958369       1.509405       3.392807
        0.038141       0.031007       0.306255      -6.274232       0.968704       1.519543       3.438778
        0.029301       0.028039       0.367511      -7.721413       0.978030       1.528687       3.493782
        0.021595       0.024910       0.455024     -16.120866       0.986349       1.536841       3.568617
        0.015041       0.021521       0.590769     -26.899763       0.993731       1.544074       3.675197
        0.009654       0.017866       0.786468     -49.915490       1.000246       1.550456       3.808028
        0.005449       0.013936       1.143950    -142.460773       1.006010       1.556103       3.994032
        0.002433       0.009574       1.892005    -454.045801       1.011325       1.561309       4.226171
        0.000615       0.004868       3.923901   -3196.805066       1.016382       1.566262       4.462852
        0.000000       0.000000   10000.000000   10000.000000       1.021301       1.571080       4.712389
        0.000589      -0.004851      -4.050669    3675.319656       1.026199       1.575877       4.954422
        0.002382      -0.009506      -1.873502     452.097230       1.031201       1.580776       5.202678
        0.005375      -0.013785      -1.124459     146.905017       1.036434       1.585902       5.439270
        0.009560      -0.017598      -0.761621      50.103253       1.042105       1.591457       5.632288
        0.014928      -0.021104      -0.564831      27.331579       1.048521       1.597743       5.769027
        0.021465      -0.024308      -0.427002      16.454603       1.055805       1.604880       5.879620
        0.029155      -0.027221      -0.342968       6.733446       1.064030       1.612942       5.952789
        0.037980      -0.029955      -0.273711       8.664345       1.073270       1.622002       6.016018
        0.047919      -0.032369      -0.222505       2.317447       1.083499       1.632036       6.064247
        0.058946      -0.034663      -0.192030       3.121733       1.094763       1.643093       6.093465
        0.071037      -0.036792      -0.162839       1.814435       1.107040       1.655155       6.121763
        0.084161      -0.038780      -0.140521       1.600507       1.120314       1.668210       6.143578
        0.098287      -0.040637      -0.124401       0.740560       1.134562       1.682241       6.159420
        0.113381      -0.042419      -0.111083       1.006814       1.149761       1.697233       6.172556
        0.129406      -0.044074      -0.095737       0.913541       1.165871       1.713156       6.187739
        0.146324      -0.045559      -0.079597       0.990678       1.182855       1.729981       6.203756
        0.164095      -0.046856      -0.068323       0.310237       1.200673       1.747681       6.214968
        0.182674      -0.048059      -0.060598       0.512961       1.219291       1.766238       6.222661
        0.202019      -0.049140      -0.051465       0.434716       1.238666       1.785620       6.231766
        0.222081      -0.050061      -0.039132       0.783258       1.258749       1.805799       6.244073
        0.242813      -0.050756      -0.030320       0.088910       1.279493       1.826744       6.252875
        0.264164      -0.051335      -0.021715       0.700570       1.300852       1.848431       6.261474
        0.286084      -0.051698      -0.013910       0.028607       1.322775       1.870831       6.269276
        0.308519      -0.051947      -0.005778       0.682576       1.345212       1.893918       6.277407
        0.331416      -0.051949       0.003451       0.134577       1.368109       1.917665       6.286637
        0.354719      -0.051809       0.009512       0.381934       1.391412       1.942044       6.292697
        0.378373      -0.051477       0.018570       0.384538       1.415068       1.967031       6.301753
        0.402319      -0.050908       0.029645       0.539416       1.439021       1.992601       6.312821
        0.426502      -0.050045       0.041162       0.414922       1.463219       2.018734       6.324324
        0.450862      -0.048904       0.053164       0.570353       1.487606       2.045408       6.336300
        0.475341      -0.047438       0.066336       0.506873       1.512129       2.072604       6.349424
        0.499880      -0.045601       0.085750       1.076040       1.536737       2.100309       6.368726
        0.524420      -0.043264       0.100928       0.160787       1.561389       2.128521       6.383772
        0.548902      -0.040653       0.116151       1.087218       1.586010       2.157203       6.398819
        0.573268      -0.037534       0.138578       0.753028       1.610575       2.186375       6.420886
        0.597457      -0.034030       0.148236       0.040054       1.635017       2.216011       6.430349
        0.621412      -0.030397       0.158001       0.783999       1.659246       2.246057       6.439890
        0.645076      -0.026480       0.171359       0.339851       1.683232       2.276530       6.452896
        0.668389      -0.022433       0.174014      -0.119447       1.706894       2.307389       6.455474
        0.691297      -0.018412       0.180000       0.657068       1.730152       2.338587       6.461278
        0.713745      -0.014262       0.187239      -0.026568       1.752980       2.370150       6.468281
        0.735677      -0.010203       0.180858      -0.569241       1.775284       2.402011       6.462109
        0.757040      -0.006431       0.174213      -0.038470       1.796978       2.434107       6.455668
        0.777783      -0.002865       0.167536      -0.623990       1.818026       2.466442       6.449180
        0.797857       0.000386       0.157128      -0.406107       1.838361       2.498975       6.439039
        0.817212       0.003289       0.139409      -1.466470       1.857933       2.531681       6.421701
        0.835801       0.005638       0.114025      -1.256710       1.876671       2.564497       6.396720
        0.853580       0.007419       0.083488      -2.224760       1.894539       2.597411       6.366480
        0.870505       0.008554       0.053228      -1.304029       1.911503       2.630409       6.336363
        0.886537       0.009195       0.023539      -2.465927       1.927548       2.663515       6.306720
        0.901636       0.009327      -0.001739      -0.775527       1.942648       2.696731       6.281446
        0.915766       0.009128      -0.034140      -4.035532       1.956781       2.730068       6.249058
        0.928894       0.008404      -0.069941      -1.194803       1.969929       2.763552       6.213358
        0.940988       0.007422      -0.097113      -3.492543       1.982063       2.797180       6.186376
        0.952019       0.006179      -0.123882      -1.122245       1.993164       2.830980       6.159931
        0.961960       0.004857      -0.146322      -3.661673       2.003193       2.864919       6.137895
        0.970789       0.003434      -0.174229      -2.490620       2.012136       2.899040       6.110688
        0.978483       0.002016      -0.195044      -2.962777       2.019960       2.933328       6.090560
        0.985025       0.000677      -0.214194      -2.824155       2.026637       2.967773       6.072180
        0.990399      -0.000514      -0.228300      -2.237329       2.032142       3.002356       6.058733
        0.994592      -0.001493      -0.239221      -3.109485       2.036447       3.037040       6.048377
        0.997594      -0.002226      -0.250434      -4.665114       2.039538       3.071812       6.037798
        0.999398      -0.002687      -0.261754      -9.512211       2.041400       3.106665       6.027175
        1.000000      -0.002847      -0.273302   10000.000000       2.042023       3.141593       6.016398

 MAPPING ITERATIONS FOR J= 21  Y=  2.123979

   ITS  IERR    SERR       R(C1ERR)    I(C1ERR)
     5    52  -0.0018180  -0.0004134   0.0009184
    10    79  -0.0000206   0.0000064   0.0000017
    15    79   0.0000004   0.0000003  -0.0000012
    17    79   0.0000001   0.0000003  -0.0000012

 CURVE FIT AND S-MU TABLE FOR J=  22  Y=  2.243284  EPS= -0.000244  TE ANG(DEG)=   -0.0440

          X              Z             DZ/DX         D2Z/DX2          S              SCOS           MU
        1.000000       0.002845      -0.272255   10000.000000       0.000000       0.000000       2.875780
        0.999398       0.003007      -0.267989      -3.456914       0.000623       0.034944       2.879756
        0.997594       0.003486      -0.263945      -1.637458       0.002490       0.069854       2.883533
        0.994592       0.004273      -0.260078      -1.052962       0.005593       0.104722       2.887151
        0.990399       0.005355      -0.256459      -0.725039       0.009923       0.139537       2.890544
        0.985026       0.006721      -0.251829      -0.930782       0.015468       0.174289       2.894894
        0.978485       0.008348      -0.245539      -0.969336       0.022208       0.208955       2.900817
        0.970791       0.010209      -0.238307      -0.908981       0.030123       0.243518       2.907649
        0.961965       0.012275      -0.229656      -1.028320       0.039189       0.277962       2.915851
        0.952025       0.014512      -0.220872      -0.763580       0.049377       0.312271       2.924211
        0.940998       0.016886      -0.208666      -1.385387       0.060657       0.346434       2.935879
        0.928908       0.019360      -0.204410       0.518118       0.072998       0.380436       2.939960
        0.915785       0.022015      -0.195423      -1.713686       0.086386       0.414322       2.948602
        0.901661       0.024671      -0.184846       0.091274       0.100758       0.448005       2.958810
        0.886570       0.027440      -0.180329      -0.643326       0.116101       0.481535       2.963181
        0.870548       0.030253      -0.171120      -0.513339       0.132368       0.514879       2.972115
        0.853633       0.033076      -0.162771      -0.475683       0.149517       0.548024       2.980237
        0.835866       0.035894      -0.154451      -0.461620       0.167506       0.580959       2.988352
        0.817291       0.038683      -0.145831      -0.466490       0.186290       0.613672       2.996783
        0.797951       0.041416      -0.136775      -0.470122       0.205822       0.646149       3.005661
        0.777893       0.044064      -0.127343      -0.470762       0.226054       0.678377       3.014931
        0.757166       0.046603      -0.117608      -0.469126       0.246936       0.710341       3.024523
        0.735819       0.049007      -0.107588      -0.470145       0.268418       0.742029       3.034417
        0.713904       0.051251      -0.097270      -0.472000       0.290447       0.773425       3.044628
        0.691474       0.053312      -0.086414      -0.496027       0.312972       0.804516       3.055393
        0.668582       0.055163      -0.075336      -0.472948       0.335939       0.835286       3.066399
        0.645283       0.056782      -0.063289      -0.560480       0.359294       0.865722       3.078388
        0.621635       0.058162      -0.055147      -0.134413       0.382983       0.895808       3.086501
        0.597693       0.059398      -0.046158      -0.611817       0.406957       0.925535       3.095467
        0.573516       0.060373      -0.036094      -0.224684       0.431154       0.954879       3.105515
        0.549161       0.061184      -0.030449      -0.239118       0.455522       0.983826       3.111153
        0.524688       0.061852      -0.023828      -0.302171       0.480004       1.012359       3.117769
        0.500156       0.062349      -0.016913      -0.262104       0.504541       1.040454       3.124681
        0.475623       0.062670      -0.008582      -0.417752       0.529076       1.068091       3.133011
        0.451148       0.062784      -0.001986      -0.120682       0.553551       1.095248       3.139607
        0.426792       0.062777       0.003375      -0.321053       0.577908       1.121902       3.144968
        0.402612       0.062605       0.010703      -0.285263       0.602089       1.148029       3.152296
        0.378666       0.062270       0.017204      -0.257820       0.626037       1.173605       3.158795
        0.355013       0.061791       0.023352      -0.262493       0.649695       1.198604       3.164941
        0.331709       0.061171       0.030005      -0.309601       0.673007       1.223002       3.171588
        0.308810       0.060417       0.035170      -0.138605       0.695918       1.246771       3.176748
        0.286372       0.059550       0.044133      -0.672422       0.718373       1.269884       3.185697
        0.264449       0.058464       0.052861      -0.110425       0.740323       1.292318       3.194404
        0.243093       0.057299       0.056812      -0.264118       0.761711       1.314040       3.198344
        0.222356       0.056027       0.067747      -0.807902       0.782487       1.335022       3.209236
        0.202288       0.054550       0.077094      -0.099644       0.802609       1.355244       3.218535
        0.182937       0.052999       0.085459      -0.791655       0.822022       1.374669       3.226844
        0.164350       0.051300       0.095890      -0.310784       0.840687       1.393274       3.237191
        0.146572       0.049511       0.107485      -1.027330       0.858555       1.411027       3.248667
        0.129645       0.047555       0.122881      -0.779006       0.875595       1.427909       3.263860
        0.113610       0.045508       0.130738      -0.166079       0.891760       1.443887       3.271594
        0.098506       0.043448       0.146948      -2.101241       0.907003       1.458925       3.287496
        0.084370       0.041191       0.169959      -1.081646       0.921319       1.473024       3.309943
        0.071234       0.038842       0.189821      -2.012100       0.934663       1.486148       3.329182
        0.059132       0.036378       0.219170      -2.909742       0.947014       1.498283       3.357351
        0.048091       0.033762       0.256437      -3.928900       0.958361       1.509422       3.392621
        0.038139       0.030983       0.306019      -6.269653       0.968695       1.519559       3.438562
        0.029300       0.028016       0.367230      -7.715905       0.978020       1.528703       3.493534
        0.021593       0.024890       0.454679     -16.109491       0.986338       1.536856       3.568331
        0.015039       0.021504       0.590327     -26.882380       0.993719       1.544088       3.674869
        0.009653       0.017852       0.785884     -49.880593       1.000232       1.550469       3.807667
        0.005448       0.013925       1.143160    -142.406066       1.005994       1.556113       3.993690
        0.002432       0.009566       1.890636    -453.662356       1.011306       1.561317       4.225872
        0.000615       0.004864       3.922853   -3200.470495       1.016359       1.566266       4.462788
        0.000000       0.000000   10000.000000   10000.000000       1.021274       1.571080       4.712389
        0.000590      -0.004847      -4.045239    3665.339333       1.026169       1.575874       4.954735
        0.002383      -0.009499      -1.871889     451.769797       1.031167       1.580770       5.203036
        0.005376      -0.013774      -1.123448     146.725532       1.036398       1.585894       5.439717
        0.009562      -0.017584      -0.760979      50.058586       1.042067       1.591447       5.632695
        0.014930      -0.021088      -0.564358      27.305661       1.048482       1.597732       5.769385
        0.021467      -0.024289      -0.426650      16.440044       1.055764       1.604868       5.879918
        0.029157      -0.027200      -0.342687       6.727543       1.063989       1.612930       5.953040
        0.037982      -0.029931      -0.273489       8.656918       1.073229       1.621990       6.016224
        0.047921      -0.032343      -0.222326       2.315493       1.083457       1.632024       6.064418
        0.058949      -0.034635      -0.191875       3.119116       1.094721       1.643081       6.093614
        0.071040      -0.036763      -0.162709       1.812928       1.106998       1.655143       6.121890
        0.084164      -0.038749      -0.140408       1.599186       1.120272       1.668198       6.143689
        0.098291      -0.040605      -0.124301       0.739952       1.134520       1.682229       6.159518
        0.113384      -0.042385      -0.110994       1.005990       1.149719       1.697222       6.172643
        0.129410      -0.044039      -0.095661       0.912797       1.165829       1.713145       6.187814
        0.146328      -0.045523      -0.079534       0.989875       1.182813       1.729970       6.203819
        0.164099      -0.046819      -0.068269       0.309986       1.200631       1.747671       6.215022
        0.182678      -0.048021      -0.060550       0.512548       1.219249       1.766228       6.222709
        0.202023      -0.049102      -0.051424       0.434366       1.238624       1.785611       6.231807
        0.222085      -0.050021      -0.039101       0.782631       1.258707       1.805790       6.244104
        0.242817      -0.050716      -0.030296       0.088839       1.279451       1.826736       6.252899
        0.264168      -0.051294      -0.021698       0.700013       1.300810       1.848424       6.261491
        0.286088      -0.051658      -0.013899       0.028585       1.322733       1.870825       6.269287
        0.308524      -0.051906      -0.005774       0.682036       1.345170       1.893912       6.277412
        0.331421      -0.051908       0.003449       0.134471       1.368067       1.917659       6.286634
        0.354724      -0.051769       0.009504       0.381633       1.391371       1.942039       6.292689
        0.378377      -0.051437       0.018556       0.384236       1.415026       1.967027       6.301739
        0.402324      -0.050867       0.029621       0.538994       1.438980       1.992598       6.312798
        0.426506      -0.050006       0.041130       0.414600       1.463178       2.018731       6.324292
        0.450866      -0.048866       0.053123       0.569912       1.487564       2.045405       6.336258
        0.475345      -0.047401       0.066284       0.506481       1.512087       2.072602       6.349372
        0.499884      -0.045565       0.085683       1.075217       1.536695       2.100307       6.368660
        0.524424      -0.043230       0.100849       0.160664       1.561346       2.128520       6.383694
        0.548906      -0.040621       0.116061       1.086394       1.585967       2.157202       6.398729
        0.573271      -0.037504       0.138470       0.752462       1.610531       2.186374       6.420780
        0.597460      -0.034003       0.148121       0.040023       1.634973       2.216010       6.430237
        0.621415      -0.030373       0.157878       0.783413       1.659201       2.246055       6.439771
        0.645078      -0.026459       0.171227       0.339598       1.683186       2.276528       6.452767
        0.668391      -0.022415       0.173879      -0.119360       1.706847       2.307387       6.455343
        0.691299      -0.018398       0.179860       0.656579       1.730104       2.338584       6.461143
        0.713746      -0.014250       0.187094      -0.026550       1.752931       2.370147       6.468141
        0.735677      -0.010195       0.180718      -0.568819       1.775235       2.402008       6.461973
        0.757040      -0.006426       0.174079      -0.038443       1.796928       2.434103       6.455537
        0.777784      -0.002863       0.167406      -0.623525       1.817975       2.466437       6.449054
        0.797857       0.000386       0.157006      -0.405803       1.838309       2.498969       6.438920
        0.817211       0.003286       0.139300      -1.465363       1.857880       2.531675       6.421595
        0.835800       0.005634       0.113936      -1.255754       1.876618       2.564491       6.396632
        0.853579       0.007414       0.083423      -2.223049       1.894486       2.597405       6.366415
        0.870504       0.008548       0.053186      -1.303017       1.911450       2.630404       6.336321
        0.886536       0.009187       0.023521      -2.463996       1.927494       2.663510       6.306702
        0.901635       0.009320      -0.001738      -0.774917       1.942594       2.696726       6.281447
        0.915765       0.009121      -0.034113      -4.032316       1.956727       2.730064       6.249086
        0.928893       0.008397      -0.069885      -1.193837       1.969875       2.763549       6.213413
        0.940987       0.007416      -0.097036      -3.489706       1.982009       2.797178       6.186452
        0.952018       0.006174      -0.123783      -1.121323       1.993110       2.830978       6.160029
        0.961960       0.004853      -0.146204      -3.658654       2.003140       2.864918       6.138010
        0.970788       0.003431      -0.174089      -2.488543       2.012082       2.899039       6.110824
        0.978483       0.002014      -0.194887      -2.960293       2.019906       2.933327       6.090711
        0.985025       0.000676      -0.214021      -2.821770       2.026584       2.967773       6.072345
        0.990399      -0.000513      -0.228115      -2.235430       2.032088       3.002356       6.058908
        0.994592      -0.001491      -0.239027      -3.106838       2.036393       3.037040       6.048560
        0.997594      -0.002225      -0.250231      -4.661131       2.039484       3.071813       6.037989
        0.999398      -0.002685      -0.261542      -9.504064       2.041346       3.106665       6.027373
        1.000000      -0.002845      -0.273080   10000.000000       2.041969       3.141593       6.016605

 MAPPING ITERATIONS FOR J= 22  Y=  2.243284

   ITS  IERR    SERR       R(C1ERR)    I(C1ERR)
     5    52  -0.0018174  -0.0004129   0.0009202
    10    79  -0.0000206   0.0000064   0.0000017
    15    79   0.0000004   0.0000003  -0.0000013
    17    79   0.0000001   0.0000004  -0.0000012

 CURVE FIT AND S-MU TABLE FOR J=  23  Y=  2.364800  EPS= -0.000244  TE ANG(DEG)=   -0.0440

          X              Z             DZ/DX         D2Z/DX2          S              SCOS           MU
        1.000000       0.002843      -0.272060   10000.000000       0.000000       0.000000       2.875961
        0.999398       0.003005      -0.267798      -3.454246       0.000623       0.034944       2.879935
        0.997594       0.003484      -0.263756      -1.636193       0.002490       0.069855       2.883709
        0.994592       0.004270      -0.259892      -1.052149       0.005593       0.104722       2.887325
        0.990399       0.005351      -0.256276      -0.724478       0.009923       0.139537       2.890716
        0.985025       0.006716      -0.251649      -0.930065       0.015468       0.174289       2.895062
        0.978484       0.008342      -0.245364      -0.968593       0.022208       0.208956       2.900982
        0.970791       0.010202      -0.238138      -0.908286       0.030123       0.243519       2.907809
        0.961964       0.012266      -0.229493      -1.027538       0.039188       0.277963       2.916006
        0.952024       0.014502      -0.220715      -0.763001       0.049376       0.312273       2.924360
        0.940996       0.016875      -0.208518      -1.384346       0.060656       0.346436       2.936020
        0.928906       0.019347      -0.204266       0.517735       0.072997       0.380438       2.940099
        0.915783       0.022000      -0.195285      -1.712408       0.086385       0.414324       2.948735
        0.901659       0.024654      -0.184716       0.091208       0.100757       0.448007       2.958936
        0.886567       0.027422      -0.180202      -0.642848       0.116100       0.481538       2.963304
        0.870545       0.030232      -0.170999      -0.512960       0.132367       0.514883       2.972231
        0.853630       0.033053      -0.162657      -0.475332       0.149516       0.548028       2.980348
        0.835863       0.035869      -0.154343      -0.461281       0.167504       0.580963       2.988458
        0.817287       0.038656      -0.145729      -0.466150       0.186288       0.613677       2.996883
        0.797947       0.041387      -0.136680      -0.469780       0.205820       0.646154       3.005755
        0.777889       0.044034      -0.127254      -0.470421       0.226052       0.678383       3.015019
        0.757162       0.046571      -0.117526      -0.468788       0.246934       0.710348       3.024604
        0.735815       0.048973      -0.107513      -0.469808       0.268416       0.742035       3.034491
        0.713900       0.051216      -0.097202      -0.471664       0.290446       0.773432       3.044695
        0.691469       0.053276      -0.086354      -0.495674       0.312971       0.804524       3.055452
        0.668577       0.055125      -0.075284      -0.472614       0.335938       0.835295       3.066451
        0.645278       0.056743      -0.063246      -0.560086       0.359293       0.865731       3.078431
        0.621629       0.058122      -0.055109      -0.134318       0.382982       0.895817       3.086539
        0.597688       0.059357      -0.046126      -0.611390       0.406955       0.925545       3.095499
        0.573510       0.060332      -0.036069      -0.224528       0.431153       0.954889       3.105540
        0.549156       0.061142      -0.030428      -0.238952       0.455521       0.983838       3.111174
        0.524683       0.061809      -0.023812      -0.301962       0.480003       1.012370       3.117785
        0.500150       0.062306      -0.016901      -0.261923       0.504540       1.040466       3.124693
        0.475617       0.062627      -0.008576      -0.417464       0.529075       1.068104       3.133016
        0.451143       0.062741      -0.001984      -0.120599       0.553550       1.095261       3.139608
        0.426786       0.062734       0.003373      -0.320833       0.577907       1.121915       3.144965
        0.402606       0.062562       0.010696      -0.285068       0.602088       1.148042       3.152288
        0.378660       0.062227       0.017192      -0.257644       0.626036       1.173619       3.158783
        0.355007       0.061748       0.023336      -0.262315       0.649694       1.198619       3.164925
        0.331703       0.061129       0.029984      -0.309391       0.673006       1.223017       3.171568
        0.308805       0.060376       0.035146      -0.138511       0.695917       1.246786       3.176724
        0.286367       0.059509       0.044102      -0.671968       0.718372       1.269899       3.185667
        0.264444       0.058424       0.052825      -0.110351       0.740322       1.292334       3.194368
        0.243088       0.057260       0.056773      -0.263940       0.761709       1.314056       3.198305
        0.222351       0.055988       0.067700      -0.807361       0.782485       1.335039       3.209190
        0.202283       0.054512       0.077042      -0.099577       0.802607       1.355261       3.218482
        0.182932       0.052962       0.085400      -0.791128       0.822020       1.374685       3.226786
        0.164346       0.051264       0.095825      -0.310578       0.840684       1.393290       3.237126
        0.146567       0.049477       0.107413      -1.026651       0.858552       1.411044       3.248595
        0.129641       0.047522       0.122797      -0.778495       0.875592       1.427926       3.263778
        0.113606       0.045477       0.130650      -0.165970       0.891756       1.443904       3.271507
        0.098503       0.043418       0.146849      -2.099874       0.907000       1.458942       3.287399
        0.084366       0.041163       0.169844      -1.080949       0.921315       1.473041       3.309831
        0.071231       0.038815       0.189694      -2.010814       0.934659       1.486165       3.329059
        0.059129       0.036353       0.219023      -2.907905       0.947009       1.498300       3.357211
        0.048088       0.033739       0.256267      -3.926459       0.958355       1.509438       3.392461
        0.038136       0.030961       0.305817      -6.265834       0.968688       1.519575       3.438377
        0.029297       0.027997       0.366989      -7.711369       0.978013       1.528718       3.493322
        0.021591       0.024873       0.454384     -16.100190       0.986330       1.536870       3.568086
        0.015038       0.021489       0.589953     -26.868906       0.993709       1.544101       3.674592
        0.009652       0.017839       0.785393     -49.852246       1.000220       1.550480       3.807363
        0.005446       0.013915       1.142520    -142.382430       1.005980       1.556123       3.993413
        0.002431       0.009559       1.889499    -453.320979       1.011289       1.561323       4.225623
        0.000614       0.004860       3.922776   -3206.176257       1.016339       1.566270       4.462784
        0.000000       0.000000   10000.000000   10000.000000       1.021251       1.571081       4.712389
        0.000590      -0.004844      -4.039630    3653.854405       1.026143       1.575872       4.955058
        0.002384      -0.009492      -1.870435     451.498967       1.031138       1.580765       5.203359
        0.005377      -0.013765      -1.122522     146.544726       1.036367       1.585887       5.440127
        0.009563      -0.017572      -0.760405      50.017889       1.042034       1.591438       5.633058
        0.014932      -0.021073      -0.563937      27.281483       1.048448       1.597723       5.769705
        0.021469      -0.024272      -0.426339      16.426809       1.055730       1.604859       5.880181
        0.029160      -0.027181      -0.342439       6.722191       1.063955       1.612920       5.953262
        0.037985      -0.029911      -0.273293       8.650248       1.073194       1.621980       6.016407
        0.047924      -0.032321      -0.222168       2.313748       1.083422       1.632014       6.064568
        0.058953      -0.034612      -0.191739       3.116786       1.094686       1.643071       6.093745
        0.071044      -0.036738      -0.162594       1.811590       1.106963       1.655133       6.122002
        0.084168      -0.038723      -0.140310       1.598016       1.120237       1.668188       6.143786
        0.098295      -0.040577      -0.124214       0.739414       1.134485       1.682220       6.159604
        0.113389      -0.042356      -0.110917       1.005263       1.149684       1.697213       6.172720
        0.129414      -0.044009      -0.095594       0.912141       1.165794       1.713137       6.187881
        0.146333      -0.045492      -0.079478       0.989169       1.182778       1.729962       6.203874
        0.164103      -0.046786      -0.068221       0.309766       1.200596       1.747664       6.215070
        0.182683      -0.047988      -0.060508       0.512185       1.219214       1.766221       6.222751
        0.202028      -0.049068      -0.051388       0.434060       1.238589       1.785605       6.231842
        0.222090      -0.049987      -0.039074       0.782082       1.258672       1.805784       6.244131
        0.242822      -0.050681      -0.030275       0.088777       1.279416       1.826731       6.252920
        0.264174      -0.051259      -0.021683       0.699526       1.300776       1.848419       6.261506
        0.286094      -0.051622      -0.013890       0.028565       1.322699       1.870820       6.269296
        0.308529      -0.051870      -0.005770       0.681565       1.345136       1.893909       6.277416
        0.331426      -0.051873       0.003446       0.134379       1.368033       1.917656       6.286632
        0.354729      -0.051733       0.009498       0.381372       1.391336       1.942037       6.292683
        0.378382      -0.051401       0.018543       0.383974       1.414992       1.967024       6.301726
        0.402329      -0.050832       0.029601       0.538629       1.438945       1.992596       6.312778
        0.426511      -0.049971       0.041102       0.414320       1.463143       2.018730       6.324264
        0.450871      -0.048832       0.053087       0.569530       1.487529       2.045404       6.336222
        0.475349      -0.047368       0.066239       0.506143       1.512052       2.072602       6.349327
        0.499888      -0.045534       0.085625       1.074508       1.536660       2.100307       6.368602
        0.524428      -0.043201       0.100781       0.160559       1.561310       2.128520       6.383627
        0.548910      -0.040593       0.115983       1.085687       1.585931       2.157202       6.398652
        0.573274      -0.037478       0.138377       0.751979       1.610494       2.186374       6.420689
        0.597463      -0.033980       0.148021       0.039996       1.634935       2.216010       6.430140
        0.621418      -0.030353       0.157772       0.782913       1.659163       2.246055       6.439668
        0.645080      -0.026441       0.171112       0.339382       1.683146       2.276528       6.452656
        0.668393      -0.022400       0.173763      -0.119286       1.706807       2.307386       6.455230
        0.691300      -0.018385       0.179740       0.656164       1.730063       2.338583       6.461026
        0.713747      -0.014241       0.186969      -0.026535       1.752889       2.370144       6.468020
        0.735678      -0.010188       0.180597      -0.568461       1.775192       2.402005       6.461856
        0.757041      -0.006421       0.173962      -0.038419       1.796884       2.434099       6.455424
        0.777784      -0.002861       0.167294      -0.623128       1.817930       2.466433       6.448944
        0.797856       0.000385       0.156901      -0.405545       1.838264       2.498965       6.438817
        0.817211       0.003284       0.139206      -1.464418       1.857834       2.531670       6.421503
        0.835800       0.005630       0.113859      -1.254935       1.876571       2.564485       6.396556
        0.853578       0.007408       0.083366      -2.221576       1.894439       2.597400       6.366359
        0.870503       0.008542       0.053150      -1.302142       1.911403       2.630399       6.336285
        0.886535       0.009181       0.023505      -2.462318       1.927447       2.663505       6.306686
        0.901634       0.009313      -0.001737      -0.774386       1.942547       2.696722       6.281449
        0.915764       0.009114      -0.034089      -4.029504       1.956680       2.730060       6.249109
        0.928892       0.008392      -0.069837      -1.192988       1.969828       2.763545       6.213462
        0.940986       0.007411      -0.096968      -3.487208       1.981962       2.797174       6.186519
        0.952017       0.006170      -0.123696      -1.120507       1.993063       2.830975       6.160114
        0.961959       0.004849      -0.146102      -3.655979       2.003093       2.864916       6.138110
        0.970788       0.003429      -0.173966      -2.486696       2.012035       2.899037       6.110943
        0.978482       0.002013      -0.194749      -2.958082       2.019859       2.933326       6.090844
        0.985024       0.000676      -0.213869      -2.819641       2.026537       2.967772       6.072490
        0.990398      -0.000513      -0.227953      -2.233733       2.032041       3.002355       6.059062
        0.994592      -0.001490      -0.238857      -3.104470       2.036346       3.037040       6.048721
        0.997594      -0.002223      -0.250053      -4.657562       2.039437       3.071812       6.038157
        0.999398      -0.002683      -0.261355      -9.496754       2.041299       3.106665       6.027548
        1.000000      -0.002843      -0.272885   10000.000000       2.041921       3.141593       6.016787

 MAPPING ITERATIONS FOR J= 23  Y=  2.364800

   ITS  IERR    SERR       R(C1ERR)    I(C1ERR)
     5    52  -0.0018170  -0.0004124   0.0009217
    10    79  -0.0000205   0.0000064   0.0000016
    15    79   0.0000004   0.0000003  -0.0000013
    17    79   0.0000001   0.0000004  -0.0000013

 CURVE FIT AND S-MU TABLE FOR J=  24  Y=  2.487045  EPS= -0.000244  TE ANG(DEG)=   -0.0440

          X              Z             DZ/DX         D2Z/DX2          S              SCOS           MU
        1.000000       0.002841      -0.271890   10000.000000       0.000000       0.000000       2.876121
        0.999398       0.003003      -0.267629      -3.451849       0.000623       0.034944       2.880092
        0.997594       0.003482      -0.263591      -1.635059       0.002490       0.069855       2.883864
        0.994592       0.004267      -0.259729      -1.051419       0.005593       0.104722       2.887478
        0.990399       0.005348      -0.256115      -0.723975       0.009923       0.139538       2.890867
        0.985025       0.006712      -0.251492      -0.929423       0.015467       0.174290       2.895211
        0.978483       0.008337      -0.245211      -0.967928       0.022208       0.208957       2.901126
        0.970790       0.010196      -0.237989      -0.907665       0.030123       0.243520       2.907950
        0.961963       0.012259      -0.229350      -1.026840       0.039188       0.277965       2.916141
        0.952023       0.014493      -0.220578      -0.762483       0.049376       0.312275       2.924491
        0.940995       0.016865      -0.208389      -1.383419       0.060656       0.346438       2.936144
        0.928904       0.019335      -0.204139       0.517393       0.072996       0.380441       2.940220
        0.915781       0.021987      -0.195164      -1.711270       0.086385       0.414328       2.948851
        0.901656       0.024639      -0.184602       0.091149       0.100756       0.448011       2.959046
        0.886565       0.027405      -0.180091      -0.642423       0.116099       0.481542       2.963412
        0.870542       0.030214      -0.170894      -0.512623       0.132367       0.514887       2.972334
        0.853626       0.033034      -0.162557      -0.475022       0.149516       0.548033       2.980445
        0.835859       0.035848      -0.154248      -0.460982       0.167504       0.580969       2.988551
        0.817283       0.038633      -0.145640      -0.465848       0.186288       0.613683       2.996970
        0.797943       0.041363      -0.136596      -0.469478       0.205820       0.646161       3.005837
        0.777884       0.044008      -0.127177      -0.470121       0.226052       0.678390       3.015095
        0.757157       0.046543      -0.117454      -0.468491       0.246934       0.710355       3.024674
        0.735810       0.048944      -0.107447      -0.469511       0.268416       0.742043       3.034556
        0.713894       0.051186      -0.097143      -0.471368       0.290446       0.773441       3.044753
        0.691463       0.053244      -0.086302      -0.495365       0.312971       0.804533       3.055504
        0.668571       0.055092      -0.075238      -0.472321       0.335938       0.835304       3.066496
        0.645272       0.056709      -0.063208      -0.559741       0.359293       0.865741       3.078469
        0.621623       0.058088      -0.055076      -0.134236       0.382982       0.895828       3.086572
        0.597681       0.059322      -0.046099      -0.611017       0.406956       0.925556       3.095527
        0.573504       0.060296      -0.036047      -0.224392       0.431153       0.954901       3.105561
        0.549149       0.061106      -0.030410      -0.238807       0.455522       0.983849       3.111192
        0.524676       0.061772      -0.023798      -0.301780       0.480004       1.012383       3.117800
        0.500144       0.062269      -0.016891      -0.261765       0.504541       1.040479       3.124703
        0.475611       0.062590      -0.008571      -0.417215       0.529076       1.068117       3.133021
        0.451136       0.062704      -0.001983      -0.120528       0.553551       1.095274       3.139610
        0.426780       0.062697       0.003371      -0.320643       0.577908       1.121929       3.144963
        0.402599       0.062525       0.010690      -0.284899       0.602089       1.148056       3.152282
        0.378654       0.062190       0.017182      -0.257492       0.626037       1.173633       3.158773
        0.355001       0.061711       0.023323      -0.262161       0.649695       1.198633       3.164911
        0.331697       0.061093       0.029966      -0.309210       0.673007       1.223032       3.171550
        0.308798       0.060340       0.035125      -0.138430       0.695918       1.246801       3.176703
        0.286361       0.059474       0.044076      -0.671577       0.718372       1.269915       3.185641
        0.264437       0.058389       0.052793      -0.110287       0.740322       1.292350       3.194337
        0.243082       0.057226       0.056740      -0.263787       0.761710       1.314072       3.198272
        0.222345       0.055955       0.067661      -0.806897       0.782485       1.335055       3.209150
        0.202277       0.054480       0.076996      -0.099520       0.802607       1.355277       3.218437
        0.182927       0.052931       0.085350      -0.790678       0.822020       1.374701       3.226737
        0.164340       0.051234       0.095769      -0.310402       0.840684       1.393307       3.237070
        0.146562       0.049447       0.107350      -1.026074       0.858551       1.411060       3.248533
        0.129636       0.047494       0.122726      -0.778061       0.875591       1.427942       3.263708
        0.113601       0.045450       0.130574      -0.165878       0.891755       1.443920       3.271432
        0.098498       0.043392       0.146764      -2.098720       0.906998       1.458958       3.287316
        0.084362       0.041138       0.169746      -1.080364       0.921313       1.473057       3.309736
        0.071227       0.038792       0.189585      -2.009737       0.934656       1.486181       3.328954
        0.059125       0.036331       0.218898      -2.906375       0.947006       1.498315       3.357092
        0.048085       0.033719       0.256121      -3.924441       0.958351       1.509453       3.392324
        0.038133       0.030943       0.305645      -6.262709       0.968684       1.519589       3.438220
        0.029294       0.027980       0.366785      -7.707721       0.978007       1.528731       3.493142
        0.021589       0.024859       0.454135     -16.092784       0.986323       1.536883       3.567880
        0.015035       0.021476       0.589641     -26.859018       0.993701       1.544113       3.674360
        0.009650       0.017829       0.784985     -49.829882       1.000211       1.550490       3.807111
        0.005445       0.013907       1.142017    -142.387578       1.005969       1.556131       3.993195
        0.002430       0.009554       1.888573    -453.017293       1.011276       1.561330       4.225421
        0.000614       0.004857       3.923601   -3213.804691       1.016323       1.566274       4.462834
        0.000000       0.000000   10000.000000   10000.000000       1.021232       1.571082       4.712389
        0.000591      -0.004841      -4.033841    3640.949452       1.026120       1.575870       4.955393
        0.002385      -0.009487      -1.869125     451.279497       1.031114       1.580761       5.203651
        0.005379      -0.013756      -1.121670     146.362145       1.036340       1.585881       5.440503
        0.009565      -0.017561      -0.759892      49.980739       1.042006       1.591432       5.633383
        0.014934      -0.021061      -0.563562      27.258843       1.048420       1.597716       5.769989
        0.021472      -0.024258      -0.426064      16.414758       1.055701       1.604851       5.880414
        0.029163      -0.027165      -0.342221       6.717334       1.063925       1.612912       5.953457
        0.037989      -0.029893      -0.273121       8.644258       1.073165       1.621972       6.016566
        0.047928      -0.032302      -0.222029       2.312191       1.083393       1.632006       6.064700
        0.058957      -0.034591      -0.191621       3.114714       1.094657       1.643064       6.093859
        0.071048      -0.036716      -0.162494       1.810406       1.106934       1.655126       6.122099
        0.084173      -0.038699      -0.140224       1.596983       1.120208       1.668182       6.143870
        0.098299      -0.040553      -0.124138       0.738941       1.134456       1.682214       6.159679
        0.113394      -0.042331      -0.110849       1.004623       1.149654       1.697207       6.172787
        0.129419      -0.043983      -0.095536       0.911565       1.165765       1.713131       6.187938
        0.146338      -0.045465      -0.079430       0.988551       1.182749       1.729957       6.203922
        0.164109      -0.046758      -0.068180       0.309574       1.200567       1.747659       6.215111
        0.182689      -0.047959      -0.060471       0.511869       1.219186       1.766217       6.222787
        0.202033      -0.049039      -0.051357       0.433793       1.238560       1.785601       6.231873
        0.222096      -0.049957      -0.039051       0.781605       1.258644       1.805781       6.244155
        0.242828      -0.050651      -0.030257       0.088723       1.279388       1.826728       6.252938
        0.264180      -0.051228      -0.021670       0.699104       1.300747       1.848417       6.261519
        0.286100      -0.051591      -0.013881       0.028548       1.322670       1.870818       6.269305
        0.308535      -0.051839      -0.005766       0.681158       1.345107       1.893907       6.277419
        0.331432      -0.051842       0.003444       0.134299       1.368004       1.917655       6.286630
        0.354735      -0.051702       0.009492       0.381146       1.391308       1.942036       6.292677
        0.378388      -0.051371       0.018532       0.383748       1.414963       1.967024       6.301715
        0.402335      -0.050802       0.029584       0.538314       1.438917       1.992596       6.312760
        0.426517      -0.049942       0.041077       0.414079       1.463114       2.018731       6.324239
        0.450877      -0.048803       0.053055       0.569202       1.487501       2.045405       6.336191
        0.475355      -0.047340       0.066200       0.505854       1.512023       2.072603       6.349289
        0.499893      -0.045506       0.085575       1.073903       1.536630       2.100309       6.368552
        0.524433      -0.043175       0.100722       0.160470       1.561281       2.128521       6.383569
        0.548914      -0.040569       0.115915       1.085086       1.585900       2.157204       6.398586
        0.573279      -0.037456       0.138297       0.751571       1.610463       2.186375       6.420610
        0.597467      -0.033959       0.147936       0.039974       1.634903       2.216011       6.430056
        0.621421      -0.030334       0.157681       0.782492       1.659130       2.246056       6.439579
        0.645083      -0.026425       0.171014       0.339202       1.683113       2.276528       6.452560
        0.668396      -0.022387       0.173663      -0.119223       1.706773       2.307386       6.455133
        0.691302      -0.018374       0.179637       0.655815       1.730028       2.338582       6.460927
        0.713748      -0.014232       0.186862      -0.026521       1.752853       2.370143       6.467917
        0.735679      -0.010182       0.180493      -0.568160       1.775155       2.402002       6.461756
        0.757041      -0.006418       0.173862      -0.038399       1.796846       2.434096       6.455327
        0.777784      -0.002859       0.167198      -0.622795       1.817891       2.466430       6.448851
        0.797856       0.000385       0.156810      -0.405327       1.838225       2.498960       6.438729
        0.817210       0.003282       0.139126      -1.463618       1.857794       2.531665       6.421424
        0.835799       0.005627       0.113793      -1.254239       1.876531       2.564480       6.396491
        0.853577       0.007404       0.083317      -2.220318       1.894398       2.597395       6.366310
        0.870502       0.008537       0.053119      -1.301391       1.911362       2.630393       6.336254
        0.886533       0.009176       0.023491      -2.460872       1.927407       2.663499       6.306672
        0.901632       0.009308      -0.001736      -0.773928       1.942506       2.696717       6.281450
        0.915763       0.009109      -0.034069      -4.027058       1.956639       2.730055       6.249130
        0.928891       0.008387      -0.069795      -1.192244       1.969788       2.763541       6.213504
        0.940985       0.007406      -0.096909      -3.485015       1.981922       2.797171       6.186578
        0.952016       0.006166      -0.123621      -1.119788       1.993023       2.830972       6.160188
        0.961958       0.004847      -0.146012      -3.653615       2.003052       2.864913       6.138198
        0.970787       0.003427      -0.173859      -2.485056       2.011995       2.899035       6.111047
        0.978482       0.002012      -0.194629      -2.956115       2.019819       2.933324       6.090960
        0.985024       0.000675      -0.213737      -2.817742       2.026496       2.967771       6.072617
        0.990398      -0.000513      -0.227811      -2.232218       2.032000       3.002354       6.059197
        0.994591      -0.001489      -0.238708      -3.102353       2.036306       3.037039       6.048862
        0.997594      -0.002222      -0.249896      -4.654366       2.039396       3.071812       6.038304
        0.999398      -0.002682      -0.261191      -9.490198       2.041258       3.106665       6.027702
        1.000000      -0.002841      -0.272713   10000.000000       2.041881       3.141593       6.016946

 MAPPING ITERATIONS FOR J= 24  Y=  2.487045

   ITS  IERR    SERR       R(C1ERR)    I(C1ERR)
     5    52  -0.0018166  -0.0004121   0.0009230
    10    79  -0.0000205   0.0000064   0.0000015
    15    79   0.0000004   0.0000003  -0.0000014
    17    79   0.0000001   0.0000004  -0.0000014

 CURVE FIT AND S-MU TABLE FOR J=  25  Y=  2.606322  EPS= -0.000244  TE ANG(DEG)=   -0.0439

          X              Z             DZ/DX         D2Z/DX2          S              SCOS           MU
        1.000000       0.002840      -0.271742   10000.000000       0.000000       0.000000       2.876257
        0.999398       0.003002      -0.267485      -3.449731       0.000623       0.034945       2.880227
        0.997594       0.003480      -0.263449      -1.634057       0.002490       0.069855       2.883997
        0.994592       0.004265      -0.259589      -1.050776       0.005593       0.104723       2.887609
        0.990398       0.005345      -0.255977      -0.723532       0.009923       0.139539       2.890996
        0.985024       0.006709      -0.251356      -0.928857       0.015467       0.174292       2.895338
        0.978483       0.008333      -0.245079      -0.967342       0.022208       0.208959       2.901251
        0.970789       0.010190      -0.237861      -0.907118       0.030123       0.243522       2.908071
        0.961961       0.012253      -0.229228      -1.026226       0.039188       0.277967       2.916258
        0.952021       0.014486      -0.220460      -0.762029       0.049376       0.312278       2.924603
        0.940993       0.016856      -0.208278      -1.382606       0.060656       0.346442       2.936251
        0.928902       0.019326      -0.204031       0.517094       0.072997       0.380445       2.940324
        0.915779       0.021976      -0.195061      -1.710275       0.086385       0.414332       2.948951
        0.901654       0.024627      -0.184504       0.091097       0.100757       0.448016       2.959140
        0.886561       0.027391      -0.179996      -0.642052       0.116100       0.481547       2.963504
        0.870538       0.030199      -0.170804      -0.512329       0.132367       0.514893       2.972421
        0.853622       0.033017      -0.162471      -0.474751       0.149516       0.548039       2.980529
        0.835855       0.035830      -0.154167      -0.460721       0.167505       0.580975       2.988630
        0.817278       0.038614      -0.145563      -0.465587       0.186289       0.613690       2.997044
        0.797938       0.041342      -0.136525      -0.469216       0.205821       0.646168       3.005907
        0.777879       0.043986      -0.127110      -0.469860       0.226054       0.678398       3.015160
        0.757151       0.046520      -0.117393      -0.468233       0.246936       0.710364       3.024734
        0.735804       0.048919      -0.107392      -0.469255       0.268418       0.742052       3.034611
        0.713888       0.051160      -0.097093      -0.471112       0.290448       0.773450       3.044803
        0.691457       0.053217      -0.086258      -0.495100       0.312973       0.804543       3.055548
        0.668564       0.055064      -0.075200      -0.472069       0.335941       0.835315       3.066534
        0.645265       0.056680      -0.063175      -0.559446       0.359295       0.865751       3.078501
        0.621616       0.058058      -0.055048      -0.134165       0.382985       0.895839       3.086600
        0.597674       0.059292      -0.046075      -0.610699       0.406959       0.925567       3.095550
        0.573496       0.060265      -0.036029      -0.224276       0.431156       0.954912       3.105579
        0.549142       0.061075      -0.030395      -0.238684       0.455524       0.983862       3.111207
        0.524669       0.061741      -0.023786      -0.301626       0.480006       1.012395       3.117812
        0.500136       0.062238      -0.016883      -0.261632       0.504544       1.040492       3.124712
        0.475603       0.062558      -0.008567      -0.417003       0.529079       1.068130       3.133026
        0.451129       0.062672      -0.001982      -0.120467       0.553554       1.095288       3.139611
        0.426772       0.062665       0.003369      -0.320481       0.577911       1.121942       3.144962
        0.402592       0.062494       0.010684      -0.284757       0.602091       1.148070       3.152276
        0.378646       0.062159       0.017174      -0.257364       0.626039       1.173647       3.158765
        0.354993       0.061680       0.023311      -0.262031       0.649697       1.198648       3.164899
        0.331689       0.061062       0.029951      -0.309058       0.673010       1.223046       3.171535
        0.308791       0.060309       0.035107      -0.138362       0.695920       1.246816       3.176686
        0.286353       0.059444       0.044054      -0.671249       0.718375       1.269930       3.185619
        0.264430       0.058360       0.052767      -0.110234       0.740325       1.292365       3.194311
        0.243075       0.057197       0.056712      -0.263659       0.761712       1.314087       3.198244
        0.222338       0.055927       0.067627      -0.806510       0.782487       1.335070       3.209117
        0.202271       0.054452       0.076958      -0.099473       0.802609       1.355292       3.218400
        0.182920       0.052904       0.085308      -0.790303       0.822021       1.374717       3.226695
        0.164334       0.051208       0.095722      -0.310257       0.840685       1.393322       3.237024
        0.146556       0.049422       0.107297      -1.025596       0.858552       1.411075       3.248481
        0.129630       0.047470       0.122666      -0.777703       0.875591       1.427958       3.263649
        0.113596       0.045427       0.130510      -0.165802       0.891755       1.443935       3.271369
        0.098493       0.043370       0.146692      -2.097773       0.906997       1.458973       3.287246
        0.084357       0.041118       0.169664      -1.079887       0.921312       1.473071       3.309656
        0.071222       0.038772       0.189493      -2.008861       0.934655       1.486195       3.328866
        0.059120       0.036313       0.218793      -2.905141       0.947004       1.498329       3.356992
        0.048080       0.033702       0.256000      -3.922831       0.958349       1.509466       3.392210
        0.038129       0.030927       0.305502      -6.260247       0.968681       1.519602       3.438089
        0.029290       0.027966       0.366617      -7.704916       0.978003       1.528744       3.492993
        0.021585       0.024846       0.453931     -16.087168       0.986318       1.536894       3.567711
        0.015032       0.021465       0.589388     -26.852454       0.993695       1.544123       3.674173
        0.009647       0.017820       0.784657     -49.813153       1.000203       1.550500       3.806908
        0.005443       0.013900       1.141643    -142.418119       1.005960       1.556139       3.993032
        0.002429       0.009549       1.887849    -452.751450       1.011265       1.561336       4.225262
        0.000613       0.004855       3.925213   -3223.024783       1.016309       1.566277       4.462932
        0.000000       0.000000   10000.000000   10000.000000       1.021216       1.571083       4.712389
        0.000591      -0.004838      -4.027987    3627.008414       1.026102       1.575869       4.955732
        0.002386      -0.009482      -1.867962     451.108570       1.031093       1.580758       5.203909
        0.005381      -0.013749      -1.120899     146.180918       1.036319       1.585877       5.440845
        0.009568      -0.017552      -0.759442      49.947302       1.041984       1.591427       5.633669
        0.014937      -0.021050      -0.563234      27.237919       1.048397       1.597710       5.770238
        0.021475      -0.024245      -0.425825      16.403943       1.055678       1.604845       5.880616
        0.029167      -0.027151      -0.342033       6.712991       1.063902       1.612906       5.953625
        0.037993      -0.029878      -0.272974       8.638965       1.073141       1.621966       6.016704
        0.047932      -0.032286      -0.221911       2.310824       1.083369       1.632001       6.064813
        0.058961      -0.034573      -0.191519       3.112903       1.094633       1.643058       6.093958
        0.071053      -0.036697      -0.162408       1.809375       1.106910       1.655121       6.122183
        0.084178      -0.038680      -0.140150       1.596087       1.120184       1.668177       6.143942
        0.098305      -0.040532      -0.124074       0.738531       1.134432       1.682209       6.159743
        0.113399      -0.042310      -0.110792       1.004071       1.149631       1.697203       6.172844
        0.129425      -0.043961      -0.095487       0.911070       1.165742       1.713127       6.187987
        0.146344      -0.045442      -0.079389       0.988020       1.182726       1.729954       6.203962
        0.164115      -0.046735      -0.068145       0.309410       1.200544       1.747656       6.215145
        0.182695      -0.047935      -0.060440       0.511598       1.219163       1.766215       6.222818
        0.202040      -0.049014      -0.051331       0.433565       1.238538       1.785599       6.231899
        0.222102      -0.049932      -0.039031       0.781198       1.258621       1.805780       6.244175
        0.242835      -0.050625      -0.030241       0.088677       1.279365       1.826727       6.252953
        0.264186      -0.051203      -0.021659       0.698745       1.300725       1.848416       6.261530
        0.286107      -0.051565      -0.013874       0.028533       1.322648       1.870818       6.269312
        0.308542      -0.051813      -0.005763       0.680813       1.345085       1.893907       6.277422
        0.331439      -0.051816       0.003442       0.134232       1.367982       1.917656       6.286628
        0.354742      -0.051676       0.009487       0.380955       1.391285       1.942037       6.292672
        0.378395      -0.051345       0.018522       0.383557       1.414941       1.967026       6.301706
        0.402341      -0.050776       0.029569       0.538049       1.438894       1.992598       6.312746
        0.426523      -0.049916       0.041057       0.413878       1.463091       2.018733       6.324219
        0.450883      -0.048778       0.053029       0.568928       1.487478       2.045408       6.336165
        0.475361      -0.047316       0.066167       0.505612       1.512000       2.072605       6.349256
        0.499899      -0.045483       0.085533       1.073399       1.536607       2.100312       6.368511
        0.524439      -0.043153       0.100672       0.160395       1.561257       2.128524       6.383520
        0.548920      -0.040549       0.115859       1.084590       1.585876       2.157206       6.398530
        0.573284      -0.037437       0.138230       0.751236       1.610438       2.186378       6.420544
        0.597472      -0.033942       0.147864       0.039955       1.634878       2.216013       6.429986
        0.621425      -0.030319       0.157605       0.782147       1.659103       2.246058       6.439505
        0.645086      -0.026412       0.170931       0.339054       1.683085       2.276529       6.452480
        0.668398      -0.022375       0.173579      -0.119173       1.706744       2.307386       6.455052
        0.691304      -0.018365       0.179551       0.655531       1.729999       2.338582       6.460843
        0.713750      -0.014225       0.186772      -0.026510       1.752823       2.370142       6.467830
        0.735680      -0.010177       0.180406      -0.567915       1.775124       2.402001       6.461672
        0.757042      -0.006414       0.173778      -0.038383       1.796814       2.434094       6.455245
        0.777784      -0.002858       0.167117      -0.622523       1.817859       2.466427       6.448772
        0.797856       0.000385       0.156734      -0.405149       1.838191       2.498957       6.438655
        0.817209       0.003280       0.139058      -1.462961       1.857761       2.531661       6.421357
        0.835798       0.005624       0.113737      -1.253664       1.876496       2.564475       6.396436
        0.853576       0.007400       0.083276      -2.219271       1.894364       2.597389       6.366270
        0.870501       0.008532       0.053092      -1.300762       1.911327       2.630388       6.336228
        0.886532       0.009171       0.023479      -2.459652       1.927372       2.663494       6.306660
        0.901631       0.009303      -0.001735      -0.773540       1.942471       2.696712       6.281450
        0.915761       0.009104      -0.034052      -4.024974       1.956604       2.730050       6.249147
        0.928889       0.008382      -0.069759      -1.191605       1.969753       2.763537       6.213539
        0.940984       0.007403      -0.096859      -3.483126       1.981887       2.797167       6.186627
        0.952015       0.006163      -0.123557      -1.119164       1.992988       2.830968       6.160252
        0.961957       0.004844      -0.145936      -3.651565       2.003017       2.864910       6.138273
        0.970786       0.003425      -0.173768      -2.483626       2.011960       2.899033       6.111136
        0.978481       0.002011      -0.194525      -2.954396       2.019784       2.933322       6.091059
        0.985024       0.000675      -0.213623      -2.816078       2.026462       2.967769       6.072726
        0.990398      -0.000512      -0.227689      -2.230887       2.031965       3.002353       6.059313
        0.994591      -0.001489      -0.238580      -3.100490       2.036271       3.037039       6.048984
        0.997594      -0.002221      -0.249762      -4.651550       2.039362       3.071811       6.038431
        0.999398      -0.002680      -0.261051      -9.484410       2.041223       3.106665       6.027833
        1.000000      -0.002840      -0.272566   10000.000000       2.041846       3.141593       6.017083

 MAPPING ITERATIONS FOR J= 25  Y=  2.606322

   ITS  IERR    SERR       R(C1ERR)    I(C1ERR)
     5    52  -0.0018164  -0.0004118   0.0009242
    10    79  -0.0000205   0.0000064   0.0000014
    15    79   0.0000004   0.0000003  -0.0000015
    17    79   0.0000001   0.0000004  -0.0000015

 CURVE FIT AND S-MU TABLE FOR J=  26  Y=  2.716454  EPS= -0.000244  TE ANG(DEG)=   -0.0439

          X              Z             DZ/DX         D2Z/DX2          S              SCOS           MU
        1.000000       0.002839      -0.271621   10000.000000       0.000000       0.000000       2.876371
        0.999398       0.003000      -0.267365      -3.447927       0.000623       0.034945       2.880338
        0.997594       0.003479      -0.263331      -1.633205       0.002490       0.069856       2.884107
        0.994591       0.004263      -0.259474      -1.050229       0.005593       0.104724       2.887718
        0.990398       0.005343      -0.255863      -0.723156       0.009923       0.139541       2.891103
        0.985024       0.006706      -0.251245      -0.928377       0.015468       0.174294       2.895443
        0.978482       0.008329      -0.244970      -0.966845       0.022208       0.208961       2.901353
        0.970788       0.010186      -0.237756      -0.906654       0.030123       0.243525       2.908170
        0.961960       0.012248      -0.229126      -1.025707       0.039188       0.277970       2.916354
        0.952020       0.014480      -0.220363      -0.761645       0.049376       0.312281       2.924696
        0.940991       0.016849      -0.208186      -1.381920       0.060657       0.346446       2.936338
        0.928900       0.019318      -0.203941       0.516842       0.072997       0.380449       2.940410
        0.915776       0.021967      -0.194975      -1.709436       0.086386       0.414337       2.949033
        0.901651       0.024617      -0.184424       0.091053       0.100758       0.448021       2.959218
        0.886558       0.027380      -0.179917      -0.641741       0.116101       0.481553       2.963580
        0.870534       0.030187      -0.170730      -0.512083       0.132369       0.514899       2.972493
        0.853618       0.033003      -0.162401      -0.474524       0.149518       0.548046       2.980597
        0.835850       0.035815      -0.154101      -0.460503       0.167507       0.580982       2.988694
        0.817273       0.038598      -0.145501      -0.465368       0.186291       0.613697       2.997106
        0.797932       0.041325      -0.136467      -0.468998       0.205824       0.646176       3.005964
        0.777873       0.043968      -0.127056      -0.469644       0.226056       0.678406       3.015214
        0.757145       0.046501      -0.117343      -0.468019       0.246938       0.710372       3.024784
        0.735797       0.048899      -0.107346      -0.469043       0.268421       0.742062       3.034656
        0.713881       0.051139      -0.097052      -0.470901       0.290451       0.773460       3.044844
        0.691450       0.053195      -0.086221      -0.494880       0.312977       0.804553       3.055584
        0.668557       0.055042      -0.075168      -0.471862       0.335944       0.835325       3.066566
        0.645258       0.056657      -0.063149      -0.559203       0.359299       0.865762       3.078528
        0.621609       0.058035      -0.055025      -0.134107       0.382988       0.895850       3.086623
        0.597666       0.059267      -0.046056      -0.610437       0.406962       0.925578       3.095569
        0.573489       0.060241      -0.036014      -0.224181       0.431160       0.954924       3.105594
        0.549134       0.061050      -0.030382      -0.238584       0.455528       0.983874       3.111220
        0.524661       0.061716      -0.023776      -0.301499       0.480011       1.012407       3.117821
        0.500128       0.062212      -0.016876      -0.261523       0.504548       1.040504       3.124719
        0.475595       0.062532      -0.008564      -0.416831       0.529083       1.068143       3.133029
        0.451120       0.062647      -0.001981      -0.120417       0.553558       1.095301       3.139611
        0.426764       0.062640       0.003368      -0.320350       0.577915       1.121956       3.144960
        0.402584       0.062468       0.010680      -0.284641       0.602096       1.148084       3.152272
        0.378638       0.062133       0.017167      -0.257260       0.626043       1.173661       3.158757
        0.354985       0.061655       0.023301      -0.261926       0.649701       1.198662       3.164890
        0.331681       0.061037       0.029939      -0.308934       0.673013       1.223060       3.171523
        0.308783       0.060285       0.035093      -0.138307       0.695924       1.246830       3.176671
        0.286346       0.059419       0.044037      -0.670985       0.718378       1.269944       3.185601
        0.264423       0.058336       0.052746      -0.110191       0.740328       1.292379       3.194290
        0.243067       0.057173       0.056689      -0.263557       0.761715       1.314101       3.198221
        0.222331       0.055904       0.067600      -0.806200       0.782490       1.335084       3.209090
        0.202264       0.054430       0.076927      -0.099435       0.802612       1.355306       3.218369
        0.182913       0.052882       0.085274      -0.790005       0.822024       1.374731       3.226661
        0.164327       0.051187       0.095684      -0.310141       0.840687       1.393336       3.236986
        0.146550       0.049402       0.107255      -1.025218       0.858554       1.411089       3.248439
        0.129623       0.047451       0.122617      -0.777421       0.875593       1.427971       3.263601
        0.113590       0.045409       0.130459      -0.165741       0.891756       1.443949       3.271319
        0.098487       0.043353       0.146635      -2.097032       0.906998       1.458986       3.287190
        0.084351       0.041101       0.169598      -1.079516       0.921313       1.473084       3.309592
        0.071217       0.038756       0.189420      -2.008184       0.934655       1.486208       3.328795
        0.059115       0.036298       0.218710      -2.904196       0.947004       1.498341       3.356912
        0.048076       0.033688       0.255903      -3.921614       0.958348       1.509478       3.392120
        0.038125       0.030915       0.305389      -6.258420       0.968679       1.519614       3.437986
        0.029287       0.027955       0.366484      -7.702902       0.978001       1.528755       3.492876
        0.021582       0.024836       0.453771     -16.083220       0.986315       1.536904       3.567578
        0.015030       0.021457       0.589194     -26.848814       0.993691       1.544133       3.674028
        0.009645       0.017812       0.784407     -49.801627       1.000198       1.550508       3.806753
        0.005441       0.013894       1.141389    -142.467410       1.005953       1.556146       3.992922
        0.002428       0.009545       1.887316    -452.527216       1.011256       1.561341       4.225145
        0.000613       0.004853       3.927377   -3233.102569       1.016299       1.566280       4.463064
        0.000000       0.000000   10000.000000   10000.000000       1.021203       1.571084       4.712389
        0.000592      -0.004836      -4.022347    3612.889129       1.026087       1.575869       4.956060
        0.002388      -0.009478      -1.866968     450.983404       1.031077       1.580756       5.204131
        0.005383      -0.013744      -1.120225     146.008947       1.036301       1.585874       5.441144
        0.009570      -0.017545      -0.759061      49.918300       1.041966       1.591423       5.633910
        0.014940      -0.021041      -0.562958      27.219291       1.048378       1.597706       5.770448
        0.021478      -0.024235      -0.425626      16.394592       1.055659       1.604841       5.880785
        0.029170      -0.027140      -0.341877       6.709249       1.063883       1.612903       5.953765
        0.037997      -0.029865      -0.272851       8.634459       1.073122       1.621962       6.016818
        0.047937      -0.032272      -0.221813       2.309670       1.083350       1.631997       6.064906
        0.058966      -0.034559      -0.191436       3.111379       1.094615       1.643055       6.094038
        0.071058      -0.036682      -0.162338       1.808513       1.106892       1.655118       6.122251
        0.084183      -0.038664      -0.140090       1.595340       1.120166       1.668174       6.144001
        0.098310      -0.040515      -0.124021       0.738191       1.134414       1.682207       6.159795
        0.113405      -0.042292      -0.110744       1.003614       1.149613       1.697201       6.172890
        0.129431      -0.043943      -0.095446       0.910660       1.165724       1.713126       6.188027
        0.146350      -0.045423      -0.079356       0.987582       1.182708       1.729953       6.203995
        0.164121      -0.046716      -0.068116       0.309274       1.200527       1.747656       6.215174
        0.182702      -0.047916      -0.060415       0.511375       1.219146       1.766214       6.222844
        0.202047      -0.048994      -0.051310       0.433377       1.238520       1.785599       6.231921
        0.222109      -0.049912      -0.039014       0.780865       1.258604       1.805780       6.244191
        0.242842      -0.050605      -0.030229       0.088640       1.279348       1.826727       6.252966
        0.264193      -0.051182      -0.021650       0.698452       1.300708       1.848417       6.261539
        0.286114      -0.051544      -0.013869       0.028521       1.322631       1.870820       6.269318
        0.308549      -0.051792      -0.005761       0.680532       1.345068       1.893909       6.277424
        0.331446      -0.051794       0.003441       0.134178       1.367965       1.917658       6.286626
        0.354749      -0.051655       0.009484       0.380800       1.391269       1.942039       6.292669
        0.378402      -0.051324       0.018515       0.383403       1.414924       1.967028       6.301698
        0.402348      -0.050756       0.029557       0.537836       1.438877       1.992601       6.312734
        0.426530      -0.049896       0.041040       0.413715       1.463074       2.018736       6.324202
        0.450890      -0.048758       0.053008       0.568708       1.487460       2.045411       6.336143
        0.475368      -0.047297       0.066140       0.505418       1.511982       2.072609       6.349230
        0.499905      -0.045465       0.085499       1.072999       1.536589       2.100315       6.368477
        0.524444      -0.043135       0.100633       0.160336       1.561238       2.128528       6.383480
        0.548925      -0.040532       0.115813       1.084198       1.585857       2.157210       6.398485
        0.573289      -0.037422       0.138176       0.750974       1.610419       2.186381       6.420492
        0.597476      -0.033928       0.147807       0.039941       1.634858       2.216016       6.429930
        0.621429      -0.030307       0.157544       0.781878       1.659083       2.246060       6.439445
        0.645090      -0.026401       0.170865       0.338940       1.683064       2.276531       6.452416
        0.668401      -0.022366       0.173512      -0.119134       1.706722       2.307388       6.454987
        0.691307      -0.018357       0.179482       0.655312       1.729976       2.338583       6.460776
        0.713752      -0.014219       0.186701      -0.026502       1.752799       2.370142       6.467761
        0.735681      -0.010173       0.180337      -0.567726       1.775099       2.402000       6.461605
        0.757042      -0.006412       0.173711      -0.038370       1.796788       2.434092       6.455180
        0.777784      -0.002857       0.167053      -0.622311       1.817832       2.466424       6.448709
        0.797855       0.000385       0.156674      -0.405010       1.838164       2.498954       6.438595
        0.817209       0.003279       0.139004      -1.462446       1.857733       2.531657       6.421304
        0.835797       0.005621       0.113692      -1.253211       1.876468       2.564471       6.396391
        0.853574       0.007397       0.083243      -2.218437       1.894335       2.597385       6.366237
        0.870499       0.008529       0.053071      -1.300258       1.911298       2.630383       6.336206
        0.886530       0.009167       0.023469      -2.458668       1.927343       2.663489       6.306650
        0.901629       0.009299      -0.001734      -0.773226       1.942443       2.696707       6.281451
        0.915760       0.009101      -0.034037      -4.023271       1.956575       2.730046       6.249161
        0.928888       0.008379      -0.069730      -1.191077       1.969724       2.763532       6.213568
        0.940982       0.007400      -0.096818      -3.481564       1.981858       2.797163       6.186668
        0.952014       0.006161      -0.123504      -1.118646       1.992959       2.830965       6.160303
        0.961956       0.004842      -0.145873      -3.649853       2.002989       2.864907       6.138334
        0.970785       0.003424      -0.173692      -2.482426       2.011932       2.899030       6.111209
        0.978480       0.002010      -0.194441      -2.952949       2.019756       2.933320       6.091141
        0.985023       0.000675      -0.213529      -2.814672       2.026433       2.967767       6.072816
        0.990398      -0.000512      -0.227589      -2.229761       2.031937       3.002352       6.059408
        0.994591      -0.001488      -0.238474      -3.098912       2.036243       3.037037       6.049083
        0.997594      -0.002220      -0.249651      -4.649160       2.039333       3.071811       6.038535
        0.999398      -0.002679      -0.260934      -9.479489       2.041195       3.106665       6.027942
        1.000000      -0.002839      -0.272444   10000.000000       2.041818       3.141593       6.017197

 MAPPING ITERATIONS FOR J= 26  Y=  2.716454

   ITS  IERR    SERR       R(C1ERR)    I(C1ERR)
     5    52  -0.0018163  -0.0004115   0.0009251
    10    79  -0.0000204   0.0000064   0.0000012
    15    79   0.0000004   0.0000004  -0.0000017
    17    79   0.0000001   0.0000004  -0.0000017

 CURVE FIT AND S-MU TABLE FOR J=  27  Y=  2.811129  EPS= -0.000244  TE ANG(DEG)=   -0.0439

          X              Z             DZ/DX         D2Z/DX2          S              SCOS           MU
        1.000000       0.002838      -0.271525   10000.000000       0.000000       0.000000       2.876460
        0.999398       0.002999      -0.267271      -3.446470       0.000623       0.034946       2.880426
        0.997594       0.003478      -0.263239      -1.632517       0.002490       0.069857       2.884193
        0.994591       0.004262      -0.259383      -1.049788       0.005593       0.104726       2.887803
        0.990398       0.005341      -0.255774      -0.722853       0.009923       0.139542       2.891187
        0.985023       0.006704      -0.251157      -0.927990       0.015468       0.174296       2.895525
        0.978481       0.008327      -0.244885      -0.966444       0.022208       0.208964       2.901434
        0.970787       0.010183      -0.237674      -0.906281       0.030123       0.243528       2.908248
        0.961959       0.012244      -0.229047      -1.025289       0.039189       0.277974       2.916429
        0.952018       0.014475      -0.220287      -0.761337       0.049377       0.312285       2.924768
        0.940989       0.016844      -0.208115      -1.381370       0.060658       0.346450       2.936407
        0.928898       0.019312      -0.203872       0.516640       0.072998       0.380454       2.940477
        0.915773       0.021960      -0.194909      -1.708766       0.086387       0.414342       2.949097
        0.901648       0.024609      -0.184361       0.091018       0.100759       0.448027       2.959279
        0.886555       0.027371      -0.179856      -0.641492       0.116103       0.481559       2.963639
        0.870531       0.030177      -0.170673      -0.511887       0.132370       0.514905       2.972549
        0.853614       0.032993      -0.162347      -0.474344       0.149520       0.548052       2.980650
        0.835846       0.035804      -0.154049      -0.460329       0.167509       0.580989       2.988745
        0.817269       0.038586      -0.145452      -0.465194       0.186293       0.613705       2.997153
        0.797927       0.041312      -0.136421      -0.468825       0.205826       0.646184       3.006009
        0.777868       0.043954      -0.127014      -0.469472       0.226059       0.678414       3.015255
        0.757139       0.046486      -0.117304      -0.467850       0.246941       0.710381       3.024822
        0.735791       0.048884      -0.107311      -0.468875       0.268424       0.742071       3.034691
        0.713875       0.051123      -0.097020      -0.470735       0.290454       0.773469       3.044875
        0.691443       0.053179      -0.086193      -0.494707       0.312980       0.804562       3.055612
        0.668550       0.055024      -0.075144      -0.471699       0.335948       0.835335       3.066590
        0.645251       0.056639      -0.063128      -0.559013       0.359303       0.865772       3.078548
        0.621602       0.058016      -0.055007      -0.134062       0.382993       0.895860       3.086641
        0.597659       0.059249      -0.046041      -0.610234       0.406967       0.925589       3.095584
        0.573481       0.060222      -0.036002      -0.224107       0.431164       0.954935       3.105606
        0.549126       0.061031      -0.030372      -0.238505       0.455533       0.983884       3.111230
        0.524653       0.061696      -0.023768      -0.301401       0.480015       1.012419       3.117829
        0.500120       0.062193      -0.016870      -0.261438       0.504553       1.040516       3.124724
        0.475587       0.062513      -0.008561      -0.416698       0.529088       1.068154       3.133032
        0.451113       0.062627      -0.001981      -0.120379       0.553563       1.095312       3.139612
        0.426756       0.062620       0.003366      -0.320250       0.577919       1.121967       3.144959
        0.402576       0.062448       0.010676      -0.284552       0.602100       1.148096       3.152269
        0.378631       0.062114       0.017161      -0.257181       0.626048       1.173673       3.158752
        0.354977       0.061635       0.023294      -0.261845       0.649706       1.198674       3.164883
        0.331674       0.061017       0.029930      -0.308840       0.673018       1.223072       3.171514
        0.308776       0.060266       0.035082      -0.138265       0.695929       1.246842       3.176661
        0.286338       0.059400       0.044023      -0.670784       0.718383       1.269956       3.185587
        0.264415       0.058318       0.052729      -0.110159       0.740332       1.292391       3.194273
        0.243060       0.057155       0.056671      -0.263479       0.761719       1.314113       3.198204
        0.222324       0.055886       0.067579      -0.805965       0.782494       1.335096       3.209069
        0.202257       0.054413       0.076904      -0.099407       0.802616       1.355318       3.218346
        0.182907       0.052866       0.085248      -0.789781       0.822027       1.374743       3.226635
        0.164321       0.051171       0.095655      -0.310054       0.840691       1.393348       3.236957
        0.146543       0.049386       0.107222      -1.024935       0.858557       1.411101       3.248407
        0.129618       0.047436       0.122581      -0.777211       0.875595       1.427983       3.263565
        0.113584       0.045394       0.130420      -0.165697       0.891758       1.443960       3.271280
        0.098481       0.043339       0.146591      -2.096484       0.907000       1.458997       3.287147
        0.084346       0.041088       0.169548      -1.079244       0.921314       1.473095       3.309544
        0.071212       0.038744       0.189365      -2.007691       0.934656       1.486219       3.328742
        0.059111       0.036286       0.218647      -2.903516       0.947004       1.498352       3.356852
        0.048072       0.033678       0.255831      -3.920751       0.958348       1.509488       3.392051
        0.038121       0.030905       0.305304      -6.257153       0.968679       1.519623       3.437908
        0.029283       0.027946       0.366385      -7.701569       0.978000       1.528764       3.492789
        0.021579       0.024828       0.453653     -16.080683       0.986313       1.536913       3.567480
        0.015027       0.021450       0.589053     -26.847399       0.993689       1.544140       3.673924
        0.009643       0.017807       0.784229     -49.794438       1.000194       1.550515       3.806643
        0.005439       0.013890       1.141233    -142.525504       1.005948       1.556151       3.992854
        0.002427       0.009542       1.886950    -452.347467       1.011250       1.561345       4.225065
        0.000612       0.004852       3.929748   -3243.000690       1.016291       1.566283       4.463208
        0.000000       0.000000   10000.000000   10000.000000       1.021193       1.571085       4.712389
        0.000593      -0.004835      -4.017278    3599.731226       1.026076       1.575868       4.956355
        0.002389      -0.009475      -1.866161     450.897966       1.031065       1.580755       5.204311
        0.005384      -0.013739      -1.119668     145.856187       1.036288       1.585872       5.441391
        0.009572      -0.017539      -0.758755      49.894442       1.041952       1.591421       5.634104
        0.014942      -0.021035      -0.562737      27.203605       1.048365       1.597704       5.770615
        0.021481      -0.024228      -0.425469      16.386922       1.055645       1.604839       5.880918
        0.029174      -0.027132      -0.341754       6.706191       1.063869       1.612900       5.953876
        0.038001      -0.029856      -0.272756       8.630819       1.073109       1.621960       6.016907
        0.047941      -0.032262      -0.221737       2.308745       1.083337       1.631995       6.064979
        0.058970      -0.034548      -0.191370       3.110163       1.094601       1.643053       6.094101
        0.071062      -0.036671      -0.162283       1.807827       1.106879       1.655117       6.122305
        0.084188      -0.038652      -0.140043       1.594749       1.120153       1.668173       6.144047
        0.098315      -0.040503      -0.123979       0.737922       1.134401       1.682206       6.159835
        0.113410      -0.042279      -0.110708       1.003253       1.149601       1.697200       6.172926
        0.129437      -0.043929      -0.095415       0.910338       1.165712       1.713126       6.188058
        0.146356      -0.045409      -0.079330       0.987240       1.182696       1.729953       6.204021
        0.164127      -0.046701      -0.068094       0.309168       1.200514       1.747656       6.215196
        0.182708      -0.047900      -0.060396       0.511202       1.219134       1.766215       6.222863
        0.202053      -0.048978      -0.051293       0.433232       1.238509       1.785600       6.231937
        0.222116      -0.049896      -0.039002       0.780607       1.258592       1.805781       6.244203
        0.242848      -0.050589      -0.030219       0.088611       1.279337       1.826729       6.252975
        0.264200      -0.051165      -0.021643       0.698226       1.300696       1.848419       6.261546
        0.286120      -0.051528      -0.013864       0.028512       1.322620       1.870822       6.269322
        0.308556      -0.051775      -0.005759       0.680316       1.345056       1.893912       6.277426
        0.331453      -0.051778       0.003440       0.134136       1.367953       1.917661       6.286625
        0.354756      -0.051639       0.009481       0.380682       1.391257       1.942043       6.292666
        0.378409      -0.051308       0.018509       0.383285       1.414912       1.967032       6.301692
        0.402355      -0.050740       0.029548       0.537672       1.438865       1.992605       6.312724
        0.426537      -0.049880       0.041027       0.413591       1.463063       2.018740       6.324190
        0.450896      -0.048743       0.052991       0.568541       1.487448       2.045415       6.336127
        0.475374      -0.047282       0.066120       0.505271       1.511970       2.072613       6.349209
        0.499911      -0.045450       0.085473       1.072698       1.536576       2.100319       6.368451
        0.524450      -0.043122       0.100602       0.160292       1.561225       2.128532       6.383450
        0.548930      -0.040519       0.115778       1.083905       1.585844       2.157214       6.398450
        0.573293      -0.037410       0.138135       0.750779       1.610405       2.186385       6.420451
        0.597480      -0.033918       0.147763       0.039930       1.634843       2.216020       6.429887
        0.621433      -0.030297       0.157498       0.781680       1.659068       2.246063       6.439400
        0.645093      -0.026393       0.170815       0.338856       1.683048       2.276534       6.452368
        0.668404      -0.022359       0.173462      -0.119105       1.706705       2.307389       6.454938
        0.691309      -0.018351       0.179429       0.655151       1.729958       2.338584       6.460725
        0.713753      -0.014215       0.186646      -0.026496       1.752781       2.370142       6.467709
        0.735682      -0.010170       0.180284      -0.567588       1.775080       2.402000       6.461554
        0.757043      -0.006410       0.173660      -0.038361       1.796769       2.434091       6.455131
        0.777784      -0.002856       0.167003      -0.622156       1.817812       2.466422       6.448662
        0.797855       0.000385       0.156627      -0.404908       1.838143       2.498951       6.438550
        0.817208       0.003278       0.138962      -1.462065       1.857711       2.531654       6.421263
        0.835795       0.005620       0.113658      -1.252872       1.876446       2.564467       6.396358
        0.853573       0.007395       0.083218      -2.217809       1.894313       2.597381       6.366212
        0.870498       0.008526       0.053054      -1.299875       1.911276       2.630379       6.336190
        0.886529       0.009164       0.023462      -2.457914       1.927320       2.663485       6.306643
        0.901628       0.009296      -0.001734      -0.772985       1.942420       2.696702       6.281452
        0.915758       0.009098      -0.034026      -4.021949       1.956553       2.730041       6.249172
        0.928886       0.008376      -0.069707      -1.190664       1.969702       2.763528       6.213591
        0.940981       0.007397      -0.096786      -3.480337       1.981836       2.797159       6.186700
        0.952012       0.006159      -0.123463      -1.118236       1.992937       2.830961       6.160344
        0.961955       0.004841      -0.145824      -3.648497       2.002967       2.864904       6.138382
        0.970784       0.003423      -0.173634      -2.481469       2.011910       2.899027       6.111266
        0.978480       0.002009      -0.194374      -2.951794       2.019734       2.933318       6.091205
        0.985023       0.000674      -0.213456      -2.813546       2.026412       2.967765       6.072886
        0.990397      -0.000512      -0.227510      -2.228857       2.031916       3.002350       6.059483
        0.994591      -0.001488      -0.238392      -3.097644       2.036221       3.037036       6.049162
        0.997594      -0.002219      -0.249564      -4.647235       2.039312       3.071810       6.038617
        0.999398      -0.002678      -0.260843      -9.475518       2.041174       3.106664       6.028028
        1.000000      -0.002838      -0.272349   10000.000000       2.041797       3.141593       6.017286

 MAPPING ITERATIONS FOR J= 27  Y=  2.811129

   ITS  IERR    SERR       R(C1ERR)    I(C1ERR)
     5    52  -0.0018163  -0.0004113   0.0009258
    10    79  -0.0000204   0.0000064   0.0000011
    15    79   0.0000004   0.0000004  -0.0000018
    17    79   0.0000001   0.0000005  -0.0000018

 CURVE FIT AND S-MU TABLE FOR J=  28  Y=  2.888250  EPS= -0.000244  TE ANG(DEG)=   -0.0439

          X              Z             DZ/DX         D2Z/DX2          S              SCOS           MU
        1.000000       0.002837      -0.271453   10000.000000       0.000000       0.000000       2.876527
        0.999398       0.002999      -0.267200      -3.445333       0.000623       0.034946       2.880492
        0.997594       0.003477      -0.263169      -1.631981       0.002490       0.069858       2.884259
        0.994591       0.004261      -0.259314      -1.049444       0.005593       0.104727       2.887867
        0.990397       0.005340      -0.255706      -0.722617       0.009924       0.139544       2.891251
        0.985023       0.006703      -0.251091      -0.927689       0.015468       0.174298       2.895588
        0.978481       0.008325      -0.244821      -0.966134       0.022208       0.208966       2.901495
        0.970786       0.010181      -0.237611      -0.905992       0.030124       0.243530       2.908308
        0.961958       0.012241      -0.228987      -1.024966       0.039189       0.277977       2.916486
        0.952017       0.014472      -0.220230      -0.761098       0.049377       0.312288       2.924823
        0.940987       0.016840      -0.208061      -1.380945       0.060658       0.346453       2.936458
        0.928896       0.019307      -0.203819       0.516484       0.072999       0.380458       2.940528
        0.915771       0.021955      -0.194859      -1.708248       0.086388       0.414346       2.949146
        0.901645       0.024603      -0.184314       0.090991       0.100760       0.448031       2.959324
        0.886552       0.027365      -0.179810      -0.641301       0.116104       0.481564       2.963683
        0.870528       0.030170      -0.170629      -0.511736       0.132372       0.514911       2.972591
        0.853611       0.032985      -0.162305      -0.474206       0.149522       0.548058       2.980690
        0.835842       0.035795      -0.154010      -0.460196       0.167511       0.580996       2.988783
        0.817265       0.038577      -0.145416      -0.465062       0.186296       0.613711       2.997189
        0.797923       0.041302      -0.136387      -0.468692       0.205829       0.646191       3.006042
        0.777863       0.043944      -0.126982      -0.469341       0.226061       0.678421       3.015286
        0.757134       0.046475      -0.117275      -0.467721       0.246944       0.710388       3.024851
        0.735786       0.048872      -0.107284      -0.468748       0.268427       0.742078       3.034717
        0.713869       0.051111      -0.096996      -0.470608       0.290458       0.773477       3.044899
        0.691438       0.053166      -0.086172      -0.494576       0.312984       0.804571       3.055633
        0.668544       0.055011      -0.075125      -0.471576       0.335951       0.835343       3.066608
        0.645245       0.056626      -0.063113      -0.558870       0.359307       0.865781       3.078563
        0.621595       0.058003      -0.054994      -0.134028       0.382997       0.895869       3.086654
        0.597653       0.059235      -0.046030      -0.610081       0.406971       0.925598       3.095595
        0.573475       0.060208      -0.035994      -0.224052       0.431169       0.954944       3.105614
        0.549120       0.061016      -0.030365      -0.238447       0.455537       0.983894       3.111237
        0.524646       0.061682      -0.023763      -0.301328       0.480020       1.012428       3.117835
        0.500113       0.062178      -0.016866      -0.261375       0.504557       1.040525       3.124728
        0.475580       0.062498      -0.008559      -0.416598       0.529093       1.068164       3.133034
        0.451106       0.062612      -0.001980      -0.120351       0.553567       1.095322       3.139612
        0.426749       0.062605       0.003366      -0.320175       0.577924       1.121977       3.144958
        0.402569       0.062434       0.010674      -0.284486       0.602105       1.148106       3.152266
        0.378624       0.062099       0.017157      -0.257122       0.626053       1.173683       3.158748
        0.354971       0.061621       0.023289      -0.261785       0.649711       1.198684       3.164877
        0.331667       0.061003       0.029923      -0.308771       0.673022       1.223082       3.171507
        0.308769       0.060251       0.035074      -0.138234       0.695933       1.246852       3.176652
        0.286332       0.059387       0.044013      -0.670635       0.718387       1.269966       3.185577
        0.264409       0.058304       0.052717      -0.110135       0.740336       1.292401       3.194261
        0.243054       0.057142       0.056658      -0.263421       0.761723       1.314123       3.198191
        0.222318       0.055873       0.067564      -0.805793       0.782498       1.335106       3.209054
        0.202251       0.054400       0.076886      -0.099386       0.802619       1.355328       3.218328
        0.182901       0.052853       0.085229      -0.789617       0.822031       1.374753       3.226616
        0.164315       0.051159       0.095633      -0.309990       0.840694       1.393358       3.236936
        0.146538       0.049375       0.107198      -1.024730       0.858560       1.411110       3.248383
        0.129612       0.047424       0.122553      -0.777060       0.875598       1.427992       3.263538
        0.113579       0.045384       0.130391      -0.165664       0.891761       1.443970       3.271252
        0.098477       0.043329       0.146559      -2.096092       0.907003       1.459006       3.287116
        0.084341       0.041078       0.169511      -1.079051       0.921316       1.473104       3.309508
        0.071208       0.038735       0.189324      -2.007345       0.934657       1.486227       3.328702
        0.059107       0.036278       0.218601      -2.903043       0.947006       1.498360       3.356808
        0.048068       0.033670       0.255778      -3.920163       0.958349       1.509496       3.392002
        0.038118       0.030898       0.305242      -6.256312       0.968679       1.519631       3.437852
        0.029280       0.027939       0.366314      -7.700734       0.978000       1.528771       3.492726
        0.021576       0.024822       0.453569     -16.079158       0.986312       1.536920       3.567411
        0.015024       0.021445       0.588954     -26.847357       0.993687       1.544146       3.673851
        0.009641       0.017803       0.784106     -49.790309       1.000192       1.550520       3.806567
        0.005438       0.013887       1.141145    -142.583505       1.005945       1.556156       3.992816
        0.002426       0.009540       1.886711    -452.208239       1.011245       1.561348       4.225013
        0.000611       0.004850       3.932029   -3251.942615       1.016285       1.566285       4.463347
        0.000000       0.000000   10000.000000   10000.000000       1.021186       1.571086       4.712389
        0.000593      -0.004834      -4.012973    3588.268726       1.026068       1.575869       4.956607
        0.002390      -0.009473      -1.865529     450.842135       1.031056       1.580754       5.204452
        0.005386      -0.013736      -1.119225     145.727563       1.036279       1.585871       5.441588
        0.009574      -0.017535      -0.758519      49.875552       1.041943       1.591419       5.634255
        0.014945      -0.021030      -0.562567      27.190937       1.048355       1.597702       5.770745
        0.021484      -0.024222      -0.425348      16.380866       1.055636       1.604837       5.881020
        0.029177      -0.027125      -0.341660       6.703783       1.063860       1.612899       5.953960
        0.038004      -0.029849      -0.272683       8.627983       1.073099       1.621959       6.016975
        0.047945      -0.032255      -0.221679       2.308028       1.083328       1.631994       6.065034
        0.058974      -0.034540      -0.191321       3.109225       1.094592       1.643053       6.094149
        0.071067      -0.036662      -0.162242       1.807301       1.106870       1.655116       6.122345
        0.084192      -0.038643      -0.140008       1.594296       1.120144       1.668173       6.144081
        0.098320      -0.040493      -0.123948       0.737717       1.134393       1.682206       6.159866
        0.113415      -0.042269      -0.110680       1.002979       1.149592       1.697201       6.172954
        0.129442      -0.043918      -0.095391       0.910094       1.165703       1.713126       6.188082
        0.146361      -0.045398      -0.079311       0.986981       1.182688       1.729954       6.204040
        0.164133      -0.046690      -0.068078       0.309088       1.200506       1.747657       6.215212
        0.182713      -0.047889      -0.060381       0.511071       1.219125       1.766217       6.222878
        0.202058      -0.048967      -0.051281       0.433122       1.238501       1.785602       6.231950
        0.222121      -0.049884      -0.038993       0.780413       1.258585       1.805783       6.244213
        0.242854      -0.050577      -0.030212       0.088589       1.279329       1.826731       6.252983
        0.264206      -0.051153      -0.021638       0.698056       1.300689       1.848422       6.261551
        0.286126      -0.051516      -0.013861       0.028505       1.322612       1.870825       6.269325
        0.308562      -0.051763      -0.005758       0.680155       1.345049       1.893915       6.277428
        0.331458      -0.051766       0.003439       0.134104       1.367946       1.917664       6.286624
        0.354761      -0.051626       0.009478       0.380594       1.391249       1.942046       6.292663
        0.378414      -0.051296       0.018505       0.383197       1.414905       1.967035       6.301688
        0.402361      -0.050728       0.029541       0.537552       1.438857       1.992608       6.312718
        0.426542      -0.049869       0.041018       0.413500       1.463055       2.018744       6.324180
        0.450901      -0.048731       0.052979       0.568418       1.487440       2.045419       6.336115
        0.475379      -0.047271       0.066105       0.505163       1.511962       2.072617       6.349194
        0.499916      -0.045440       0.085454       1.072479       1.536568       2.100323       6.368432
        0.524455      -0.043112       0.100580       0.160260       1.561216       2.128536       6.383428
        0.548935      -0.040510       0.115753       1.083694       1.585834       2.157218       6.398425
        0.573297      -0.037401       0.138104       0.750641       1.610395       2.186388       6.420422
        0.597484      -0.033910       0.147731       0.039922       1.634833       2.216023       6.429855
        0.621436      -0.030290       0.157463       0.781539       1.659057       2.246066       6.439366
        0.645096      -0.026386       0.170778       0.338798       1.683037       2.276536       6.452332
        0.668406      -0.022354       0.173424      -0.119085       1.706693       2.307391       6.454902
        0.691311      -0.018347       0.179391       0.655038       1.729945       2.338585       6.460688
        0.713755      -0.014211       0.186607      -0.026491       1.752767       2.370143       6.467670
        0.735683      -0.010167       0.180246      -0.567490       1.775066       2.401999       6.461516
        0.757043      -0.006408       0.173623      -0.038355       1.796754       2.434090       6.455095
        0.777784      -0.002855       0.166967      -0.622045       1.817797       2.466421       6.448627
        0.797855       0.000385       0.156593      -0.404836       1.838128       2.498949       6.438517
        0.817207       0.003277       0.138932      -1.461792       1.857695       2.531651       6.421234
        0.835795       0.005618       0.113633      -1.252628       1.876430       2.564464       6.396333
        0.853572       0.007393       0.083199      -2.217352       1.894296       2.597377       6.366193
        0.870496       0.008524       0.053042      -1.299594       1.911259       2.630375       6.336178
        0.886527       0.009162       0.023457      -2.457355       1.927303       2.663481       6.306638
        0.901626       0.009294      -0.001733      -0.772806       1.942403       2.696699       6.281452
        0.915757       0.009096      -0.034018      -4.020958       1.956536       2.730037       6.249180
        0.928885       0.008374      -0.069690      -1.190352       1.969685       2.763524       6.213608
        0.940980       0.007395      -0.096762      -3.479406       1.981819       2.797155       6.186723
        0.952011       0.006157      -0.123432      -1.117922       1.992921       2.830958       6.160374
        0.961954       0.004839      -0.145787      -3.647459       2.002950       2.864901       6.138418
        0.970784       0.003422      -0.173589      -2.480733       2.011893       2.899025       6.111309
        0.978479       0.002009      -0.194324      -2.950903       2.019718       2.933315       6.091253
        0.985022       0.000674      -0.213400      -2.812674       2.026395       2.967763       6.072939
        0.990397      -0.000512      -0.227451      -2.228157       2.031900       3.002348       6.059539
        0.994591      -0.001487      -0.238329      -3.096659       2.036205       3.037035       6.049221
        0.997594      -0.002219      -0.249498      -4.645739       2.039296       3.071809       6.038679
        0.999398      -0.002678      -0.260774      -9.472427       2.041158       3.106664       6.028093
        1.000000      -0.002837      -0.272276   10000.000000       2.041781       3.141593       6.017353

 MAPPING ITERATIONS FOR J= 28  Y=  2.888250

   ITS  IERR    SERR       R(C1ERR)    I(C1ERR)
     5    52  -0.0018163  -0.0004112   0.0009263
    10    79  -0.0000204   0.0000064   0.0000010
    15    79   0.0000004   0.0000004  -0.0000019
    17    79   0.0000001   0.0000005  -0.0000019

 CURVE FIT AND S-MU TABLE FOR J=  29  Y=  2.950887  EPS= -0.000244  TE ANG(DEG)=   -0.0439

          X              Z             DZ/DX         D2Z/DX2          S              SCOS           MU
        1.000000       0.002837      -0.271397   10000.000000       0.000000       0.000000       2.876579
        0.999398       0.002998      -0.267145      -3.444438       0.000623       0.034946       2.880543
        0.997594       0.003476      -0.263115      -1.631559       0.002490       0.069858       2.884309
        0.994591       0.004260      -0.259261      -1.049174       0.005593       0.104728       2.887917
        0.990397       0.005339      -0.255654      -0.722431       0.009924       0.139545       2.891300
        0.985023       0.006701      -0.251039      -0.927453       0.015468       0.174299       2.895636
        0.978480       0.008323      -0.244771      -0.965889       0.022209       0.208968       2.901541
        0.970785       0.010179      -0.237563      -0.905765       0.030124       0.243533       2.908353
        0.961957       0.012239      -0.228941      -1.024712       0.039190       0.277979       2.916530
        0.952016       0.014469      -0.220186      -0.760911       0.049378       0.312291       2.924865
        0.940986       0.016837      -0.208020      -1.380613       0.060659       0.346457       2.936498
        0.928894       0.019304      -0.203778       0.516362       0.073000       0.380462       2.940567
        0.915769       0.021951      -0.194820      -1.707844       0.086389       0.414350       2.949183
        0.901643       0.024599      -0.184278       0.090969       0.100762       0.448036       2.959359
        0.886550       0.027360      -0.179775      -0.641152       0.116106       0.481568       2.963718
        0.870525       0.030165      -0.170596      -0.511619       0.132374       0.514916       2.972624
        0.853608       0.032979      -0.162274      -0.474098       0.149524       0.548063       2.980721
        0.835839       0.035789      -0.153980      -0.460093       0.167513       0.581001       2.988812
        0.817261       0.038570      -0.145388      -0.464958       0.186298       0.613717       2.997217
        0.797919       0.041295      -0.136361      -0.468590       0.205831       0.646197       3.006068
        0.777859       0.043936      -0.126958      -0.469240       0.226064       0.678428       3.015310
        0.757130       0.046467      -0.117253      -0.467622       0.246947       0.710395       3.024873
        0.735781       0.048863      -0.107264      -0.468649       0.268430       0.742085       3.034737
        0.713865       0.051102      -0.096978      -0.470511       0.290461       0.773484       3.044917
        0.691433       0.053157      -0.086156      -0.494476       0.312987       0.804578       3.055649
        0.668539       0.055002      -0.075111      -0.471481       0.335955       0.835351       3.066622
        0.645239       0.056616      -0.063101      -0.558760       0.359311       0.865788       3.078575
        0.621590       0.057992      -0.054984      -0.134001       0.383000       0.895877       3.086664
        0.597647       0.059224      -0.046022      -0.609964       0.406975       0.925606       3.095603
        0.573469       0.060197      -0.035987      -0.224010       0.431173       0.954952       3.105621
        0.549114       0.061005      -0.030360      -0.238402       0.455541       0.983902       3.111242
        0.524640       0.061671      -0.023758      -0.301272       0.480024       1.012436       3.117839
        0.500107       0.062167      -0.016863      -0.261327       0.504562       1.040533       3.124731
        0.475574       0.062487      -0.008557      -0.416523       0.529097       1.068172       3.133036
        0.451100       0.062601      -0.001980      -0.120329       0.553572       1.095330       3.139613
        0.426743       0.062594       0.003365      -0.320118       0.577928       1.121986       3.144958
        0.402563       0.062422       0.010672      -0.284437       0.602109       1.148114       3.152264
        0.378618       0.062088       0.017154      -0.257077       0.626057       1.173691       3.158745
        0.354965       0.061610       0.023285      -0.261740       0.649715       1.198692       3.164873
        0.331661       0.060992       0.029918      -0.308718       0.673027       1.223091       3.171501
        0.308763       0.060241       0.035068      -0.138211       0.695937       1.246861       3.176646
        0.286326       0.059376       0.044005      -0.670524       0.718391       1.269975       3.185569
        0.264403       0.058293       0.052708      -0.110117       0.740340       1.292410       3.194252
        0.243048       0.057132       0.056649      -0.263379       0.761727       1.314132       3.198181
        0.222313       0.055863       0.067552      -0.805665       0.782502       1.335114       3.209042
        0.202246       0.054391       0.076873      -0.099370       0.802623       1.355337       3.218315
        0.182896       0.052844       0.085214      -0.789495       0.822034       1.374761       3.226602
        0.164310       0.051150       0.095617      -0.309944       0.840697       1.393366       3.236920
        0.146533       0.049366       0.107180      -1.024579       0.858563       1.411118       3.248365
        0.129608       0.047416       0.122533      -0.776949       0.875601       1.428000       3.263518
        0.113575       0.045375       0.130369      -0.165641       0.891763       1.443977       3.271231
        0.098472       0.043321       0.146535      -2.095807       0.907005       1.459014       3.287092
        0.084338       0.041071       0.169484      -1.078912       0.921318       1.473112       3.309481
        0.071204       0.038728       0.189294      -2.007097       0.934659       1.486234       3.328673
        0.059103       0.036271       0.218566      -2.902710       0.947007       1.498367       3.356775
        0.048065       0.033664       0.255738      -3.919756       0.958350       1.509503       3.391965
        0.038115       0.030892       0.305197      -6.255747       0.968680       1.519637       3.437810
        0.029277       0.027935       0.366262      -7.700213       0.978000       1.528777       3.492680
        0.021574       0.024818       0.453508     -16.078261       0.986312       1.536925       3.567360
        0.015022       0.021441       0.588885     -26.848036       0.993686       1.544151       3.673799
        0.009639       0.017799       0.784020     -49.788043       1.000190       1.550524       3.806513
        0.005436       0.013884       1.141100    -142.637730       1.005942       1.556159       3.992796
        0.002425       0.009538       1.886553    -452.099063       1.011242       1.561351       4.224978
        0.000611       0.004850       3.934117   -3259.812972       1.016281       1.566287       4.463474
        0.000000       0.000000   10000.000000   10000.000000       1.021181       1.571087       4.712389
        0.000594      -0.004833      -4.009346    3578.436216       1.026063       1.575869       4.956819
        0.002391      -0.009471      -1.865030     450.805265       1.031050       1.580754       5.204563
        0.005387      -0.013734      -1.118869     145.619856       1.036272       1.585870       5.441746
        0.009576      -0.017532      -0.758333      49.860472       1.041936       1.591419       5.634372
        0.014947      -0.021026      -0.562434      27.180664       1.048348       1.597701       5.770846
        0.021487      -0.024218      -0.425255      16.376043       1.055629       1.604837       5.881099
        0.029180      -0.027120      -0.341587       6.701870       1.063853       1.612898       5.954025
        0.038007      -0.029844      -0.272627       8.625749       1.073092       1.621959       6.017027
        0.047948      -0.032249      -0.221634       2.307467       1.083321       1.631994       6.065077
        0.058978      -0.034534      -0.191283       3.108493       1.094585       1.643053       6.094185
        0.071070      -0.036656      -0.162211       1.806892       1.106863       1.655116       6.122375
        0.084196      -0.038636      -0.139981       1.593946       1.120138       1.668173       6.144108
        0.098324      -0.040486      -0.123925       0.737558       1.134386       1.682207       6.159889
        0.113419      -0.042262      -0.110660       1.002767       1.149586       1.697202       6.172974
        0.129446      -0.043911      -0.095374       0.909906       1.165698       1.713127       6.188099
        0.146366      -0.045390      -0.079296       0.986782       1.182682       1.729955       6.204055
        0.164137      -0.046682      -0.068065       0.309027       1.200500       1.747659       6.215225
        0.182718      -0.047881      -0.060370       0.510971       1.219120       1.766218       6.222889
        0.202063      -0.048958      -0.051271       0.433038       1.238495       1.785604       6.231959
        0.222126      -0.049875      -0.038985       0.780265       1.258579       1.805785       6.244220
        0.242859      -0.050568      -0.030207       0.088572       1.279323       1.826734       6.252988
        0.264211      -0.051144      -0.021634       0.697928       1.300683       1.848424       6.261555
        0.286131      -0.051506      -0.013859       0.028500       1.322607       1.870828       6.269328
        0.308567      -0.051754      -0.005757       0.680033       1.345043       1.893918       6.277429
        0.331464      -0.051757       0.003439       0.134081       1.367940       1.917667       6.286624
        0.354767      -0.051617       0.009477       0.380527       1.391244       1.942049       6.292662
        0.378420      -0.051286       0.018502       0.383131       1.414899       1.967039       6.301685
        0.402366      -0.050719       0.029536       0.537461       1.438852       1.992612       6.312712
        0.426547      -0.049860       0.041011       0.413432       1.463049       2.018747       6.324173
        0.450906      -0.048723       0.052970       0.568326       1.487435       2.045423       6.336106
        0.475384      -0.047262       0.066094       0.505083       1.511956       2.072621       6.349183
        0.499921      -0.045432       0.085439       1.072316       1.536562       2.100327       6.368418
        0.524459      -0.043104       0.100563       0.160237       1.561210       2.128539       6.383411
        0.548939      -0.040503       0.115733       1.083539       1.585828       2.157221       6.398406
        0.573301      -0.037394       0.138082       0.750540       1.610388       2.186392       6.420399
        0.597487      -0.033904       0.147707       0.039916       1.634825       2.216026       6.429832
        0.621439      -0.030285       0.157438       0.781437       1.659049       2.246068       6.439341
        0.645098      -0.026382       0.170751       0.338755       1.683028       2.276538       6.452305
        0.668408      -0.022350       0.173397      -0.119071       1.706684       2.307393       6.454875
        0.691312      -0.018344       0.179362       0.654957       1.729936       2.338586       6.460660
        0.713756      -0.014209       0.186577      -0.026488       1.752757       2.370144       6.467641
        0.735684      -0.010166       0.180217      -0.567420       1.775055       2.402000       6.461488
        0.757044      -0.006407       0.173595      -0.038350       1.796743       2.434090       6.455068
        0.777784      -0.002855       0.166941      -0.621966       1.817785       2.466420       6.448600
        0.797854       0.000384       0.156568      -0.404784       1.838116       2.498948       6.438492
        0.817207       0.003276       0.138909      -1.461593       1.857683       2.531649       6.421211
        0.835794       0.005617       0.113614      -1.252449       1.876417       2.564462       6.396314
        0.853571       0.007392       0.083185      -2.217012       1.894284       2.597375       6.366179
        0.870495       0.008523       0.053033      -1.299384       1.911246       2.630372       6.336169
        0.886526       0.009161       0.023453      -2.456935       1.927290       2.663478       6.306634
        0.901625       0.009293      -0.001733      -0.772671       1.942390       2.696695       6.281452
        0.915756       0.009094      -0.034012      -4.020203       1.956523       2.730034       6.249186
        0.928884       0.008373      -0.069677      -1.190112       1.969672       2.763521       6.213620
        0.940979       0.007394      -0.096744      -3.478688       1.981806       2.797152       6.186741
        0.952010       0.006156      -0.123409      -1.117680       1.992908       2.830955       6.160397
        0.961953       0.004839      -0.145759      -3.646654       2.002938       2.864898       6.138445
        0.970783       0.003421      -0.173555      -2.480160       2.011881       2.899022       6.111342
        0.978479       0.002008      -0.194286      -2.950207       2.019705       2.933313       6.091290
        0.985022       0.000674      -0.213358      -2.811992       2.026383       2.967762       6.072979
        0.990397      -0.000512      -0.227405      -2.227608       2.031887       3.002347       6.059583
        0.994591      -0.001487      -0.238281      -3.095887       2.036193       3.037034       6.049266
        0.997593      -0.002218      -0.249448      -4.644564       2.039284       3.071808       6.038726
        0.999398      -0.002677      -0.260721      -9.469994       2.041146       3.106663       6.028142
        1.000000      -0.002837      -0.272220   10000.000000       2.041768       3.141593       6.017405

 MAPPING ITERATIONS FOR J= 29  Y=  2.950887

   ITS  IERR    SERR       R(C1ERR)    I(C1ERR)
     5    52  -0.0018163  -0.0004111   0.0009267
    10    79  -0.0000204   0.0000064   0.0000009
    15    79   0.0000004   0.0000004  -0.0000020
    17    79   0.0000001   0.0000005  -0.0000020

 CURVE FIT AND S-MU TABLE FOR J=  30  Y=  3.004306  EPS= -0.000244  TE ANG(DEG)=   -0.0439

          X              Z             DZ/DX         D2Z/DX2          S              SCOS           MU
        1.000000       0.002836      -0.271351   10000.000000       0.000000       0.000000       2.876622
        0.999398       0.002998      -0.267101      -3.443691       0.000623       0.034947       2.880585
        0.997593       0.003476      -0.263071      -1.631207       0.002490       0.069859       2.884350
        0.994591       0.004259      -0.259218      -1.048949       0.005593       0.104729       2.887958
        0.990397       0.005338      -0.255611      -0.722277       0.009924       0.139547       2.891340
        0.985022       0.006700      -0.250998      -0.927256       0.015468       0.174301       2.895675
        0.978480       0.008322      -0.244730      -0.965686       0.022209       0.208970       2.901580
        0.970785       0.010177      -0.237524      -0.905576       0.030124       0.243535       2.908390
        0.961956       0.012237      -0.228904      -1.024502       0.039190       0.277982       2.916566
        0.952015       0.014467      -0.220150      -0.760755       0.049379       0.312294       2.924900
        0.940985       0.016834      -0.207986      -1.380337       0.060660       0.346460       2.936530
        0.928893       0.019301      -0.203746       0.516260       0.073001       0.380465       2.940598
        0.915768       0.021948      -0.194789      -1.707509       0.086390       0.414354       2.949213
        0.901641       0.024595      -0.184248       0.090951       0.100763       0.448040       2.959388
        0.886547       0.027356      -0.179746      -0.641028       0.116107       0.481573       2.963745
        0.870522       0.030160      -0.170569      -0.511522       0.132375       0.514920       2.972650
        0.853605       0.032975      -0.162248      -0.474009       0.149525       0.548068       2.980746
        0.835836       0.035784      -0.153956      -0.460008       0.167515       0.581006       2.988836
        0.817258       0.038564      -0.145365      -0.464873       0.186300       0.613722       2.997239
        0.797916       0.041289      -0.136340      -0.468505       0.205833       0.646202       3.006089
        0.777856       0.043929      -0.126938      -0.469156       0.226067       0.678433       3.015330
        0.757126       0.046460      -0.117235      -0.467540       0.246950       0.710401       3.024890
        0.735777       0.048856      -0.107248      -0.468568       0.268433       0.742091       3.034753
        0.713860       0.051094      -0.096963      -0.470431       0.290464       0.773490       3.044931
        0.691428       0.053149      -0.086143      -0.494393       0.312990       0.804584       3.055662
        0.668534       0.054994      -0.075100      -0.471404       0.335958       0.835357       3.066633
        0.645235       0.056608      -0.063092      -0.558671       0.359314       0.865795       3.078584
        0.621585       0.057984      -0.054976      -0.133980       0.383004       0.895883       3.086672
        0.597642       0.059216      -0.046015      -0.609869       0.406979       0.925613       3.095610
        0.573464       0.060188      -0.035982      -0.223975       0.431176       0.954959       3.105626
        0.549109       0.060997      -0.030355      -0.238366       0.455545       0.983909       3.111247
        0.524635       0.061662      -0.023755      -0.301227       0.480028       1.012443       3.117842
        0.500102       0.062158      -0.016861      -0.261289       0.504566       1.040541       3.124733
        0.475569       0.062478      -0.008556      -0.416462       0.529101       1.068180       3.133037
        0.451094       0.062592      -0.001980      -0.120312       0.553576       1.095338       3.139613
        0.426738       0.062585       0.003365      -0.320072       0.577932       1.121993       3.144957
        0.402558       0.062413       0.010671      -0.284397       0.602113       1.148121       3.152263
        0.378612       0.062079       0.017152      -0.257041       0.626061       1.173699       3.158743
        0.354959       0.061601       0.023281      -0.261704       0.649719       1.198700       3.164870
        0.331656       0.060983       0.029914      -0.308676       0.673030       1.223098       3.171497
        0.308758       0.060232       0.035063      -0.138192       0.695941       1.246868       3.176641
        0.286321       0.059367       0.043999      -0.670436       0.718395       1.269982       3.185563
        0.264398       0.058285       0.052701      -0.110103       0.740344       1.292417       3.194245
        0.243043       0.057123       0.056641      -0.263344       0.761730       1.314139       3.198173
        0.222308       0.055855       0.067543      -0.805564       0.782505       1.335122       3.209033
        0.202241       0.054383       0.076863      -0.099358       0.802626       1.355344       3.218305
        0.182891       0.052836       0.085203      -0.789399       0.822037       1.374768       3.226590
        0.164306       0.051142       0.095604      -0.309907       0.840700       1.393373       3.236907
        0.146529       0.049359       0.107166      -1.024460       0.858566       1.411125       3.248351
        0.129604       0.047409       0.122517      -0.776862       0.875603       1.428007       3.263502
        0.113571       0.045369       0.130352      -0.165622       0.891766       1.443984       3.271214
        0.098469       0.043315       0.146516      -2.095586       0.907007       1.459020       3.287073
        0.084334       0.041065       0.169462      -1.078805       0.921320       1.473118       3.309460
        0.071201       0.038723       0.189270      -2.006908       0.934661       1.486240       3.328650
        0.059100       0.036266       0.218539      -2.902459       0.947008       1.498373       3.356749
        0.048062       0.033659       0.255707      -3.919457       0.958351       1.509508       3.391936
        0.038112       0.030888       0.305161      -6.255346       0.968680       1.519643       3.437778
        0.029275       0.027931       0.366221      -7.699876       0.978000       1.528782       3.492644
        0.021572       0.024814       0.453461     -16.077729       0.986312       1.536930       3.567321
        0.015020       0.021438       0.588832     -26.849111       0.993685       1.544155       3.673760
        0.009637       0.017797       0.783956     -49.786857       1.000189       1.550528       3.806474
        0.005435       0.013882       1.141079    -142.689096       1.005940       1.556162       3.992787
        0.002424       0.009537       1.886443    -452.008257       1.011239       1.561353       4.224954
        0.000610       0.004849       3.936068   -3266.975027       1.016278       1.566289       4.463592
        0.000000       0.000000   10000.000000   10000.000000       1.021177       1.571088       4.712389
        0.000594      -0.004832      -4.006151    3569.659872       1.026058       1.575869       4.957006
        0.002392      -0.009470      -1.864613     450.779520       1.031045       1.580754       5.204657
        0.005388      -0.013732      -1.118568     145.525417       1.036267       1.585870       5.441879
        0.009578      -0.017530      -0.758179      49.847744       1.041930       1.591418       5.634470
        0.014949      -0.021023      -0.562324      27.171880       1.048342       1.597701       5.770930
        0.021489      -0.024214      -0.425178      16.371980       1.055623       1.604836       5.881164
        0.029182      -0.027117      -0.341528       6.700262       1.063847       1.612898       5.954078
        0.038010      -0.029839      -0.272581       8.623885       1.073087       1.621959       6.017069
        0.047951      -0.032244      -0.221598       2.307002       1.083316       1.631994       6.065111
        0.058981      -0.034529      -0.191253       3.107887       1.094580       1.643053       6.094215
        0.071074      -0.036650      -0.162185       1.806555       1.106858       1.655117       6.122400
        0.084200      -0.038630      -0.139959       1.593657       1.120133       1.668174       6.144129
        0.098328      -0.040480      -0.123906       0.737428       1.134382       1.682208       6.159908
        0.113423      -0.042255      -0.110643       1.002593       1.149582       1.697203       6.172991
        0.129450      -0.043904      -0.095359       0.909752       1.165693       1.713129       6.188114
        0.146370      -0.045384      -0.079284       0.986619       1.182678       1.729957       6.204067
        0.164142      -0.046675      -0.068055       0.308977       1.200496       1.747660       6.215235
        0.182722      -0.047874      -0.060361       0.510889       1.219116       1.766220       6.222898
        0.202068      -0.048951      -0.051264       0.432970       1.238491       1.785606       6.231966
        0.222131      -0.049868      -0.038980       0.780145       1.258575       1.805788       6.244225
        0.242863      -0.050560      -0.030202       0.088559       1.279320       1.826736       6.252992
        0.264215      -0.051137      -0.021631       0.697824       1.300679       1.848427       6.261558
        0.286136      -0.051499      -0.013857       0.028496       1.322603       1.870830       6.269330
        0.308571      -0.051746      -0.005756       0.679934       1.345040       1.893921       6.277429
        0.331468      -0.051749       0.003438       0.134062       1.367937       1.917670       6.286623
        0.354771      -0.051610       0.009475       0.380473       1.391240       1.942052       6.292660
        0.378424      -0.051279       0.018499       0.383079       1.414895       1.967042       6.301682
        0.402370      -0.050711       0.029532       0.537389       1.438848       1.992615       6.312708
        0.426552      -0.049852       0.041005       0.413377       1.463045       2.018751       6.324168
        0.450910      -0.048716       0.052963       0.568253       1.487431       2.045426       6.336099
        0.475388      -0.047256       0.066085       0.505019       1.511952       2.072624       6.349174
        0.499925      -0.045425       0.085428       1.072188       1.536557       2.100330       6.368406
        0.524463      -0.043098       0.100549       0.160218       1.561206       2.128543       6.383398
        0.548942      -0.040497       0.115718       1.083418       1.585823       2.157224       6.398391
        0.573304      -0.037389       0.138064       0.750461       1.610383       2.186395       6.420382
        0.597490      -0.033899       0.147687       0.039912       1.634820       2.216028       6.429813
        0.621441      -0.030280       0.157418       0.781359       1.659043       2.246071       6.439322
        0.645100      -0.026378       0.170729       0.338723       1.683022       2.276540       6.452284
        0.668410      -0.022347       0.173374      -0.119060       1.706677       2.307394       6.454853
        0.691314      -0.018341       0.179339       0.654895       1.729929       2.338587       6.460638
        0.713757      -0.014207       0.186553      -0.026486       1.752749       2.370144       6.467619
        0.735685      -0.010164       0.180194      -0.567367       1.775047       2.402000       6.461466
        0.757044      -0.006406       0.173573      -0.038346       1.796734       2.434090       6.455046
        0.777784      -0.002854       0.166919      -0.621905       1.817776       2.466419       6.448580
        0.797854       0.000384       0.156548      -0.404744       1.838106       2.498946       6.438473
        0.817206       0.003276       0.138891      -1.461439       1.857673       2.531648       6.421193
        0.835793       0.005616       0.113599      -1.252309       1.876407       2.564460       6.396299
        0.853570       0.007391       0.083173      -2.216745       1.894273       2.597372       6.366168
        0.870494       0.008522       0.053026      -1.299217       1.911236       2.630369       6.336161
        0.886525       0.009159       0.023449      -2.456598       1.927280       2.663475       6.306630
        0.901624       0.009291      -0.001733      -0.772563       1.942380       2.696693       6.281453
        0.915755       0.009093      -0.034007      -4.019592       1.956513       2.730031       6.249191
        0.928883       0.008372      -0.069667      -1.189916       1.969661       2.763519       6.213631
        0.940978       0.007393      -0.096730      -3.478102       1.981796       2.797150       6.186756
        0.952010       0.006155      -0.123390      -1.117480       1.992898       2.830953       6.160416
        0.961953       0.004838      -0.145737      -3.645991       2.002928       2.864896       6.138468
        0.970783       0.003421      -0.173528      -2.479685       2.011871       2.899020       6.111368
        0.978478       0.002008      -0.194255      -2.949631       2.019695       2.933312       6.091320
        0.985022       0.000674      -0.213323      -2.811426       2.026373       2.967760       6.073012
        0.990397      -0.000512      -0.227368      -2.227151       2.031877       3.002346       6.059618
        0.994591      -0.001487      -0.238242      -3.095244       2.036183       3.037033       6.049303
        0.997593      -0.002218      -0.249407      -4.643584       2.039274       3.071808       6.038765
        0.999398      -0.002677      -0.260677      -9.467966       2.041136       3.106663       6.028183
        1.000000      -0.002836      -0.272174   10000.000000       2.041759       3.141593       6.017448

 MAPPING ITERATIONS FOR J= 30  Y=  3.004306

   ITS  IERR    SERR       R(C1ERR)    I(C1ERR)
     5    52  -0.0018164  -0.0004110   0.0009270
    10    79  -0.0000204   0.0000064   0.0000008
    15    79   0.0000004   0.0000004  -0.0000021
    17    79   0.0000001   0.0000005  -0.0000021

 * MAPWNG DONE *

 * GETYGR DONE *

 R DERIVATIVES (R<1,THETA=PI) FOR J=   3  Y=  0.000000  TWIST(DEG)=  6.901339  XTWIST=  0.000000  CHORD=  0.916177

     R         RBAR      DRBAR    D2RBAR      X         Z         XR        XRR       ZR        ZRR       XRT       ZRT
   0.050000  0.050313   1.00625   0.00000  -4.65381   1.30435  104.3115-4157.2304  -25.7577 1031.0420  -25.7364 -104.6355
   0.100000  0.100625   1.00625  -0.00340  -2.05195   0.66008   25.9536 -522.5973   -6.4468  128.7644   -6.4281  -26.2876
   0.150000  0.150925   1.00554  -0.02238  -1.18978   0.44507   11.4361 -154.8478   -2.8686   38.1756   -2.8516  -11.7693
   0.200000  0.201169   1.00415  -0.03233  -0.76316   0.33743    6.3555  -65.2985   -1.6160   16.1066   -1.6004   -6.6855
   0.250000  0.251334   1.00237  -0.03810  -0.51067   0.27274    4.0056  -33.4015   -1.0361    8.2478   -1.0221   -4.3314
   0.300000  0.301403   1.00040  -0.04002  -0.34518   0.22953    2.7306  -19.3016   -0.7210    4.7744   -0.7087   -3.0517
   0.350000  0.351374   0.99844  -0.03810  -0.22931   0.19860    1.9632  -12.1301   -0.5310    3.0083   -0.5206   -2.2794
   0.400000  0.401250   0.99666  -0.03233  -0.14441   0.17534    1.4663   -8.1044   -0.4075    2.0172   -0.3993   -1.7774
   0.450000  0.451046   0.99527  -0.02272  -0.08009   0.15720    1.1266   -5.6728   -0.3228    1.4191   -0.3170   -1.4326
   0.500000  0.500786   0.99445  -0.00927  -0.03014   0.14266    0.8845   -4.1185   -0.2621    1.0373   -0.2591   -1.1853
   0.550000  0.550504   0.99440   0.00804   0.00942   0.13074    0.7062   -3.0794   -0.2170    0.7827   -0.2173   -1.0017
   0.600000  0.600243   0.99532   0.02918   0.04121   0.12079    0.5713   -2.3588   -0.1825    0.6071   -0.1869   -0.8613
   0.650000  0.650055   0.99739   0.05270   0.06706   0.11237    0.4670   -1.8444   -0.1554    0.4830   -0.1647   -0.7512
   0.700000  0.700000   1.00000   0.02383   0.08827   0.10516    0.3844   -1.4863   -0.1335    0.4005   -0.1490   -0.6625
   0.750000  0.750000   1.00000   0.00000   0.10575   0.09896    0.3172   -1.2066   -0.1151    0.3377   -0.1383   -0.5877
   0.800000  0.800000   1.00000   0.00000   0.12019   0.09360    0.2626   -0.9842   -0.0994    0.2903   -0.1325   -0.5250
   0.850000  0.850000   1.00000   0.00000   0.13217   0.08898    0.2179   -0.8126   -0.0859    0.2548   -0.1315   -0.4719
   0.900000  0.900000   1.00000   0.00000   0.14211   0.08499    0.1809   -0.6730   -0.0737    0.2350   -0.1354   -0.4277
   0.950000  0.950000   1.00000   0.00000   0.15036   0.08159    0.1497   -0.5850   -0.0625    0.2063   -0.1406   -0.3984
   1.000000  1.000000   1.00000   0.00000   0.15715   0.07870    0.1220   -0.5232   -0.0532    0.1703   -0.0939   -0.4282

 R DERIVATIVES (R<1,THETA=PI) FOR J=   4  Y=  0.070799  TWIST(DEG)=  5.765539  XTWIST=  0.000000  CHORD=  0.911828

     R         RBAR      DRBAR    D2RBAR      X         Z         XR        XRR       ZR        ZRR       XRT       ZRT
   0.050000  0.049215   0.98429   0.00000  -4.63853   1.10965  104.3555-4158.5829  -21.9181  877.5167  -21.8972 -104.6917
   0.100000  0.098429   0.98429   0.00855  -2.03571   0.56137   25.9605 -522.5295   -5.4870  109.4931   -5.4677  -26.3051
   0.150000  0.147676   0.98607   0.05625  -1.17289   0.37824   11.4579 -154.6485   -2.4472   32.4202   -2.4289  -11.8026
   0.200000  0.197062   0.98957   0.08126  -0.74503   0.28627    6.3818  -65.2933   -1.3831   13.6899   -1.3657   -6.7253
   0.250000  0.246649   0.99403   0.09575  -0.49125   0.23082    4.0300  -33.4718   -0.8899    7.0212   -0.8735   -4.3718
   0.300000  0.296473   0.99898   0.10058  -0.32464   0.19364    2.7506  -19.4045   -0.6214    4.0739   -0.6062   -3.0904
   0.350000  0.346547   1.00393   0.09575  -0.20792   0.16694    1.9776  -12.2473   -0.4590    2.5754   -0.4451   -2.3152
   0.400000  0.396858   1.00840   0.08126  -0.12245   0.14681    1.4746   -8.2263   -0.3532    1.7347   -0.3407   -1.8096
   0.450000  0.447370   1.01190   0.05710  -0.05786   0.13108    1.1289   -5.7934   -0.2801    1.2273   -0.2695   -1.4606
   0.500000  0.498023   1.01395   0.02329  -0.00794   0.11846    0.8809   -4.2337   -0.2274    0.9036   -0.2190   -1.2085
   0.550000  0.548733   1.01406  -0.02019   0.03129   0.10812    0.6971   -3.1861   -0.1880    0.6879   -0.1822   -1.0195
   0.600000  0.599390   1.01177  -0.07333   0.06249   0.09952    0.5571   -2.4545   -0.1575    0.5390   -0.1550   -0.8731
   0.650000  0.649861   1.00657  -0.13245   0.08752   0.09227    0.4483   -1.9247   -0.1333    0.4329   -0.1348   -0.7563
   0.700000  0.700000   1.00000  -0.05988   0.10770   0.08611    0.3629   -1.4861   -0.1139    0.3415   -0.1203   -0.6620
   0.750000  0.750000   1.00000   0.00000   0.12414   0.08081    0.2971   -1.1804   -0.0986    0.2795   -0.1112   -0.5884
   0.800000  0.800000   1.00000   0.00000   0.13762   0.07621    0.2438   -0.9633   -0.0857    0.2404   -0.1062   -0.5263
   0.850000  0.850000   1.00000   0.00000   0.14868   0.07221    0.2001   -0.7893   -0.0745    0.2095   -0.1050   -0.4727
   0.900000  0.900000   1.00000   0.00000   0.15776   0.06874    0.1641   -0.6606   -0.0644    0.1948   -0.1066   -0.4249
   0.950000  0.950000   1.00000   0.00000   0.16519   0.06575    0.1344   -0.5170   -0.0555    0.1533   -0.1021   -0.3731
   1.000000  1.000000   1.00000   0.00000   0.17133   0.06311    0.1122   -0.3784   -0.0492    0.1006   -0.0198   -0.2186

 R DERIVATIVES (R<1,THETA=PI) FOR J=   5  Y=  0.140980  TWIST(DEG)=  4.997710  XTWIST=  0.000000  CHORD=  0.892088

     R         RBAR      DRBAR    D2RBAR      X         Z         XR        XRR       ZR        ZRR       XRT       ZRT
   0.050000  0.047543   0.95086   0.00000  -4.61680   0.97567  104.4714-4163.5662  -19.2857  772.1915  -19.2666 -104.8016
   0.100000  0.095086   0.95086   0.02676  -2.01095   0.49322   25.9920 -522.5811   -4.8284   96.2453   -4.8103  -26.3296
   0.150000  0.142730   0.95643   0.17595  -1.14618   0.33190   11.5088 -154.3813   -2.1604   28.4396   -2.1429  -11.8481
   0.200000  0.190809   0.96737   0.25416  -0.71557   0.25055    6.4380  -65.3148   -1.2265   12.0276   -1.2094   -6.7790
   0.250000  0.239517   0.98134   0.29949  -0.45908   0.20127    4.0818  -33.6070   -0.7927    6.1859   -0.7761   -4.4249
   0.300000  0.288968   0.99682   0.31461  -0.29007   0.16809    2.7943  -19.5870   -0.5558    3.6038   -0.5398   -3.1395
   0.350000  0.339199   1.01230   0.29949  -0.17140   0.14417    2.0116  -12.4473   -0.4118    2.2906   -0.3966   -2.3587
   0.400000  0.390172   1.02626   0.25416  -0.08447   0.12610    1.4986   -8.4274   -0.3173    1.5534   -0.3032   -1.8465
   0.450000  0.441775   1.03721   0.17861  -0.01894   0.11197    1.1430   -5.9858   -0.2516    1.1082   -0.2388   -1.4904
   0.500000  0.493818   1.04362   0.07283   0.03145   0.10064    0.8858   -4.4108   -0.2038    0.8240   -0.1928   -1.2306
   0.550000  0.546036   1.04399  -0.06316   0.07071   0.09139    0.6935   -3.3436   -0.1677    0.6344   -0.1588   -1.0333
   0.600000  0.598091   1.03680  -0.22938   0.10155   0.08374    0.5462   -2.5898   -0.1394    0.5037   -0.1333   -0.8780
   0.650000  0.649565   1.02055  -0.41430   0.12587   0.07736    0.4312   -2.0333   -0.1167    0.4098   -0.1140   -0.7516
   0.700000  0.700000   1.00000  -0.18729   0.14508   0.07200    0.3423   -1.4807   -0.0985    0.3019   -0.1000   -0.6494
   0.750000  0.750000   1.00000   0.00000   0.16054   0.06741    0.2786   -1.1420   -0.0855    0.2372   -0.0923   -0.5779
   0.800000  0.800000   1.00000   0.00000   0.17314   0.06342    0.2270   -0.9304   -0.0746    0.2037   -0.0885   -0.5173
   0.850000  0.850000   1.00000   0.00000   0.18340   0.05993    0.1848   -0.7645   -0.0650    0.1813   -0.0889   -0.4649
   0.900000  0.900000   1.00000   0.00000   0.19174   0.05691    0.1500   -0.6319   -0.0563    0.1667   -0.0946   -0.4191
   0.950000  0.950000   1.00000   0.00000   0.19850   0.05430    0.1211   -0.5288   -0.0480    0.1670   -0.1082   -0.3803
   1.000000  1.000000   1.00000   0.00000   0.20393   0.05210    0.0968   -0.4452   -0.0396    0.1678   -0.1353   -0.3519

 R DERIVATIVES (R<1,THETA=PI) FOR J=   6  Y=  0.212251  TWIST(DEG)=  4.462165  XTWIST=  0.000000  CHORD=  0.870355

     R         RBAR      DRBAR    D2RBAR      X         Z         XR        XRR       ZR        ZRR       XRT       ZRT
   0.050000  0.045950   0.91900   0.00000  -4.59266   0.88324  104.5942-4169.0235  -17.4683  699.4492  -17.4507 -104.9133
   0.100000  0.091900   0.91900   0.04410  -1.98351   0.44625   26.0270 -522.6431   -4.3735   87.0867   -4.3567  -26.3528
   0.150000  0.138016   0.92817   0.29003  -1.11662   0.29998   11.5634 -154.1146   -1.9631   25.6806   -1.9466  -11.8924
   0.200000  0.184849   0.94622   0.41896  -0.68309   0.22592    6.4975  -65.3480   -1.1193   10.8798   -1.1029   -6.8311
   0.250000  0.232720   0.96924   0.49368  -0.42373   0.18085    4.1363  -33.7586   -0.7264    5.6131   -0.7102   -4.4755
   0.300000  0.281815   0.99475   0.51859  -0.25221   0.15040    2.8398  -19.7854   -0.5110    3.2845   -0.4950   -3.1850
   0.350000  0.332196   1.02027   0.49368  -0.13152   0.12838    2.0468  -12.6591   -0.3795    2.0991   -0.3638   -2.3975
   0.400000  0.383800   1.04329   0.41896  -0.04310   0.11171    1.5232   -8.6344   -0.2926    1.4326   -0.2776   -1.8782
   0.450000  0.436442   1.06133   0.29442   0.02341   0.09869    1.1576   -6.1772   -0.2319    1.0293   -0.2178   -1.5147
   0.500000  0.489809   1.07190   0.12006   0.07430   0.08826    0.8913   -4.5807   -0.1873    0.7711   -0.1746   -1.2474
   0.550000  0.543466   1.07251  -0.10412   0.11364   0.07978    0.6912   -3.4887   -0.1533    0.5987   -0.1425   -1.0426
   0.600000  0.596853   1.06066  -0.37811   0.14419   0.07281    0.5373   -2.7090   -0.1266    0.4799   -0.1181   -0.8793
   0.650000  0.649283   1.03387  -0.68292   0.16793   0.06704    0.4170   -2.1247   -0.1048    0.3941   -0.0993   -0.7443
   0.700000  0.700000   1.00000  -0.30873   0.18632   0.06226    0.3251   -1.4723   -0.0875    0.2740   -0.0854   -0.6353
   0.750000  0.750000   1.00000   0.00000   0.20098   0.05818    0.2634   -1.1066   -0.0762    0.2058   -0.0783   -0.5664
   0.800000  0.800000   1.00000   0.00000   0.21286   0.05462    0.2134   -0.9009   -0.0667    0.1766   -0.0743   -0.5078
   0.850000  0.850000   1.00000   0.00000   0.22247   0.05149    0.1725   -0.7423   -0.0584    0.1540   -0.0734   -0.4569
   0.900000  0.900000   1.00000   0.00000   0.23023   0.04876    0.1388   -0.6075   -0.0510    0.1445   -0.0761   -0.4124
   0.950000  0.950000   1.00000   0.00000   0.23645   0.04638    0.1107   -0.5321   -0.0443    0.1209   -0.0792   -0.3818
   1.000000  1.000000   1.00000   0.00000   0.24135   0.04429    0.0852   -0.4867   -0.0391    0.0893   -0.0179   -0.4449

 R DERIVATIVES (R<1,THETA=PI) FOR J=   7  Y=  0.286280  TWIST(DEG)=  4.071464  XTWIST=  0.000000  CHORD=  0.846178

     R         RBAR      DRBAR    D2RBAR      X         Z         XR        XRR       ZR        ZRR       XRT       ZRT
   0.050000  0.044359   0.88718   0.00000  -4.56638   0.81777  104.7374-4175.4460  -16.1805  647.8931  -16.1642 -105.0417
   0.100000  0.088718   0.88718   0.06143  -1.95337   0.41300   26.0685 -522.7598   -4.0511   80.5798   -4.0354  -26.3791
   0.150000  0.133308   0.89996   0.40397  -1.08406   0.27736   11.6245 -153.8467   -1.8245   23.7106   -1.8089  -11.9395
   0.200000  0.178898   0.92509   0.58354  -0.64729   0.20839    6.5631  -65.4000   -1.0449   10.0661   -1.0292   -6.8854
   0.250000  0.225932   0.95716   0.68762  -0.38478   0.16624    4.1955  -33.9369   -0.6808    5.2124   -0.6650   -4.5269
   0.300000  0.274671   0.99269   0.72232  -0.21055   0.13766    2.8887  -20.0102   -0.4804    3.0651   -0.4644   -3.2297
   0.350000  0.325201   1.02823   0.68762  -0.08770   0.11694    2.0842  -12.8923   -0.3573    1.9702   -0.3414   -2.4342
   0.400000  0.377436   1.06030   0.58354   0.00230   0.10125    1.5492   -8.8555   -0.2755    1.3529   -0.2600   -1.9067
   0.450000  0.431116   1.08543   0.41008   0.06984   0.08899    1.1731   -6.3751   -0.2180    0.9780   -0.2032   -1.5351
   0.500000  0.485806   1.10015   0.16722   0.12127   0.07920    0.8976   -4.7499   -0.1755    0.7373   -0.1618   -1.2601
   0.550000  0.540899   1.10099  -0.14502   0.16072   0.07127    0.6898   -3.6275   -0.1430    0.5761   -0.1308   -1.0477
   0.600000  0.595616   1.08449  -0.52665   0.19104   0.06479    0.5297   -2.8182   -0.1171    0.4651   -0.1071   -0.8768
   0.650000  0.649002   1.04717  -0.95120   0.21427   0.05949    0.4046   -2.2045   -0.0959    0.3849   -0.0887   -0.7339
   0.700000  0.700000   1.00000  -0.43001   0.23196   0.05515    0.3102   -1.4602   -0.0791    0.2542   -0.0750   -0.6186
   0.750000  0.750000   1.00000   0.00000   0.24592   0.05145    0.2506   -1.0701   -0.0691    0.1836   -0.0686   -0.5519
   0.800000  0.800000   1.00000   0.00000   0.25720   0.04821    0.2023   -0.8713   -0.0606    0.1570   -0.0651   -0.4951
   0.850000  0.850000   1.00000   0.00000   0.26629   0.04537    0.1627   -0.7168   -0.0532    0.1386   -0.0646   -0.4455
   0.900000  0.900000   1.00000   0.00000   0.27359   0.04288    0.1302   -0.5872   -0.0466    0.1273   -0.0681   -0.4013
   0.950000  0.950000   1.00000   0.00000   0.27940   0.04071    0.1032   -0.5028   -0.0403    0.1249   -0.0782   -0.3659
   1.000000  1.000000   1.00000   0.00000   0.28396   0.03884    0.0795   -0.4440   -0.0341    0.1220   -0.0893   -0.3941

 R DERIVATIVES (R<1,THETA=PI) FOR J=   8  Y=  0.365020  TWIST(DEG)=  3.768788  XTWIST=  0.000000  CHORD=  0.819013

     R         RBAR      DRBAR    D2RBAR      X         Z         XR        XRR       ZR        ZRR       XRT       ZRT
   0.050000  0.042695   0.85389   0.00000  -4.53756   0.76925  104.9076-4183.0714  -15.2267  609.6991  -15.2116 -105.1941
   0.100000  0.085389   0.85389   0.07956  -1.91997   0.38834   26.1179 -522.9313   -3.8122   75.7387   -3.7976  -26.4102
   0.150000  0.128382   0.87044   0.52317  -1.04782   0.26056   11.6948 -153.5598   -1.7232   22.2329   -1.7086  -11.9930
   0.200000  0.172671   0.90298   0.75573  -0.60736   0.19527    6.6376  -65.4758   -0.9916    9.4631   -0.9766   -6.9457
   0.250000  0.218830   0.94451   0.89052  -0.34129   0.15519    4.2621  -34.1552   -0.6487    4.9221   -0.6333   -4.5825
   0.300000  0.267197   0.99054   0.93545  -0.16402   0.12791    2.9430  -20.2763   -0.4589    2.9111   -0.4432   -3.2765
   0.350000  0.317884   1.03656   0.89052  -0.03880   0.10811    2.1249  -13.1604   -0.3417    1.8830   -0.3258   -2.4710
   0.400000  0.370779   1.07809   0.75573   0.05291   0.09311    1.5770   -9.1019   -0.2634    1.3009   -0.2475   -1.9336
   0.450000  0.425544   1.11064   0.53107   0.12154   0.08140    1.1893   -6.5883   -0.2079    0.9456   -0.1925   -1.5529
   0.500000  0.481618   1.12970   0.21656   0.17353   0.07208    0.9041   -4.9256   -0.1667    0.7163   -0.1523   -1.2697
   0.550000  0.538214   1.13079  -0.18781   0.21311   0.06457    0.6885   -3.7659   -0.1350    0.5624   -0.1220   -1.0495
   0.600000  0.594323   1.10942  -0.68204   0.24320   0.05847    0.5223   -2.9225   -0.1097    0.4565   -0.0987   -0.8712
   0.650000  0.648707   1.06109  -1.23187   0.26594   0.05353    0.3927   -2.2773   -0.0888    0.3800   -0.0805   -0.7208
   0.700000  0.700000   1.00000  -0.55689   0.28296   0.04953    0.2962   -1.4446   -0.0724    0.2393   -0.0670   -0.5995
   0.750000  0.750000   1.00000   0.00000   0.29628   0.04615    0.2387   -1.0320   -0.0633    0.1659   -0.0611   -0.5352
   0.800000  0.800000   1.00000   0.00000   0.30701   0.04318    0.1921   -0.8406   -0.0556    0.1417   -0.0578   -0.4805
   0.850000  0.850000   1.00000   0.00000   0.31564   0.04057    0.1540   -0.6907   -0.0490    0.1254   -0.0574   -0.4326
   0.900000  0.900000   1.00000   0.00000   0.32253   0.03827    0.1226   -0.5671   -0.0430    0.1142   -0.0606   -0.3893
   0.950000  0.950000   1.00000   0.00000   0.32799   0.03627    0.0967   -0.4765   -0.0373    0.1162   -0.0708   -0.3513
   1.000000  1.000000   1.00000   0.00000   0.33226   0.03454    0.0746   -0.4072   -0.0314    0.1198   -0.0974   -0.3478

 R DERIVATIVES (R<1,THETA=PI) FOR J=   9  Y=  0.451158  TWIST(DEG)=  3.515041  XTWIST=  0.000000  CHORD=  0.787998

     R         RBAR      DRBAR    D2RBAR      X         Z         XR        XRR       ZR        ZRR       XRT       ZRT
   0.050000  0.040884   0.81767   0.00000  -4.50531   0.73122  105.1108-4192.1428  -14.4796  579.7773  -14.4656 -105.3766
   0.100000  0.081767   0.81767   0.09928  -1.88227   0.36901   26.1766 -523.1439   -3.6251   71.9210   -3.6114  -26.4479
   0.150000  0.123023   0.83832   0.65287  -1.00676   0.24732   11.7780 -153.2284   -1.6457   21.0539   -1.6319  -12.0565
   0.200000  0.165896   0.87893   0.94309  -0.56193   0.18482    6.7251  -65.5836   -0.9521    8.9914   -0.9378   -7.0162
   0.250000  0.211103   0.93076   1.11129  -0.29171   0.14626    4.3393  -34.4330   -0.6255    4.7034   -0.6106   -4.6458
   0.300000  0.259065   0.98819   1.16736  -0.11096   0.11992    3.0047  -20.6046   -0.4436    2.8012   -0.4281   -3.3278
   0.350000  0.309922   1.04563   1.11129   0.01694   0.10077    2.1702  -13.4812   -0.3304    1.8247   -0.3145   -2.5094
   0.400000  0.363534   1.09745   0.94309   0.11052   0.08627    1.6071   -9.3868   -0.2543    1.2683   -0.2382   -1.9599
   0.450000  0.419480   1.13807   0.66274   0.18032   0.07498    1.2063   -6.8256   -0.2001    0.9261   -0.1842   -1.5685
   0.500000  0.477060   1.16186   0.27025   0.23288   0.06603    0.9105   -5.1134   -0.1597    0.7040   -0.1446   -1.2760
   0.550000  0.535292   1.16322  -0.23437   0.27256   0.05886    0.6866   -3.9074   -0.1285    0.5544   -0.1147   -1.0478
   0.600000  0.592915   1.13655  -0.85113   0.30240   0.05308    0.5144   -3.0240   -0.1035    0.4517   -0.0917   -0.8621
   0.650000  0.648387   1.07624  -1.53727   0.32464   0.04844    0.3806   -2.3445   -0.0828    0.3778   -0.0736   -0.7043
   0.700000  0.700000   1.00000  -0.69496   0.34098   0.04475    0.2822   -1.4243   -0.0665    0.2273   -0.0602   -0.5774
   0.750000  0.750000   1.00000   0.00000   0.35366   0.04163    0.2271   -0.9905   -0.0583    0.1509   -0.0549   -0.5158
   0.800000  0.800000   1.00000   0.00000   0.36386   0.03890    0.1823   -0.8070   -0.0513    0.1288   -0.0518   -0.4633
   0.850000  0.850000   1.00000   0.00000   0.37203   0.03649    0.1457   -0.6627   -0.0453    0.1140   -0.0514   -0.4173
   0.900000  0.900000   1.00000   0.00000   0.37854   0.03436    0.1156   -0.5450   -0.0398    0.1036   -0.0542   -0.3756
   0.950000  0.950000   1.00000   0.00000   0.38368   0.03250    0.0908   -0.4523   -0.0347    0.1053   -0.0630   -0.3369
   1.000000  1.000000   1.00000   0.00000   0.38768   0.03089    0.0701   -0.3779   -0.0293    0.1087   -0.0881   -0.3139

 R DERIVATIVES (R<1,THETA=PI) FOR J=  10  Y=  0.548911  TWIST(DEG)=  3.279624  XTWIST=  0.000000  CHORD=  0.751606

     R         RBAR      DRBAR    D2RBAR      X         Z         XR        XRR       ZR        ZRR       XRT       ZRT
   0.050000  0.038828   0.77655   0.00000  -4.46809   0.69894  105.3576-4203.0987  -13.8461  554.3973  -13.8331 -105.5993
   0.100000  0.077655   0.77655   0.12167  -1.83845   0.35257   26.2473 -523.3760   -3.4663   68.6531   -3.4537  -26.4944
   0.150000  0.116939   0.80186   0.80009  -0.95883   0.23602   11.8804 -152.8121   -1.5820   20.0296   -1.5691  -12.1360
   0.200000  0.158205   0.85163   1.15575  -0.50863   0.17575    6.8324  -65.7400   -0.9211    8.5937   -0.9075   -7.1031
   0.250000  0.202332   0.91514   1.36189  -0.23336   0.13836    4.4324  -34.8061   -0.6080    4.5298   -0.5935   -4.7218
   0.300000  0.249834   0.98553   1.43060  -0.04846   0.11273    3.0772  -21.0313   -0.4321    2.7215   -0.4168   -3.3869
   0.350000  0.300884   1.05591   1.36189   0.08253   0.09408    2.2218  -13.8834   -0.3217    1.7869   -0.3057   -2.5510
   0.400000  0.355311   1.11943   1.15575   0.17822   0.07997    1.6400   -9.7300   -0.2469    1.2494   -0.2306   -1.9859
   0.450000  0.412598   1.16920   0.81219   0.24926   0.06904    1.2238   -7.0993   -0.1934    0.9155   -0.1771   -1.5816
   0.500000  0.471887   1.19836   0.33120   0.30239   0.06041    0.9160   -5.3197   -0.1535    0.6971   -0.1377   -1.2785
   0.550000  0.531976   1.20003  -0.28722   0.34211   0.05354    0.6833   -4.0547   -0.1225    0.5495   -0.1081   -1.0417
   0.600000  0.591317   1.16734  -1.04306   0.37162   0.04805    0.5050   -3.1231   -0.0977    0.4485   -0.0852   -0.8484
   0.650000  0.648023   1.09343  -1.88392   0.39328   0.04370    0.3672   -2.4054   -0.0771    0.3765   -0.0673   -0.6835
   0.700000  0.700000   1.00000  -0.85167   0.40888   0.04029    0.2673   -1.3970   -0.0610    0.2163   -0.0540   -0.5513
   0.750000  0.750000   1.00000   0.00000   0.42088   0.03743    0.2147   -0.9432   -0.0535    0.1369   -0.0492   -0.4927
   0.800000  0.800000   1.00000   0.00000   0.43052   0.03491    0.1721   -0.7686   -0.0472    0.1169   -0.0464   -0.4428
   0.850000  0.850000   1.00000   0.00000   0.43822   0.03269    0.1373   -0.6309   -0.0417    0.1034   -0.0460   -0.3990
   0.900000  0.900000   1.00000   0.00000   0.44434   0.03073    0.1086   -0.5195   -0.0368    0.0941   -0.0485   -0.3591
   0.950000  0.950000   1.00000   0.00000   0.44916   0.02901    0.0850   -0.4280   -0.0321    0.0945   -0.0559   -0.3212
   1.000000  1.000000   1.00000   0.00000   0.45291   0.02752    0.0655   -0.3527   -0.0274    0.0961   -0.0750   -0.2883

 R DERIVATIVES (R<1,THETA=PI) FOR J=  11  Y=  0.665642  TWIST(DEG)=  3.031035  XTWIST=  0.000000  CHORD=  0.706991

     R         RBAR      DRBAR    D2RBAR      X         Z         XR        XRR       ZR        ZRR       XRT       ZRT
   0.050000  0.036367   0.72735   0.00000  -4.42303   0.66829  105.6679-4216.7882  -13.2453  530.3181  -13.2333 -105.8811
   0.100000  0.072735   0.72735   0.14846  -1.78513   0.33696   26.3357 -523.5845   -3.3157   65.5177   -3.3041  -26.5540
   0.150000  0.109659   0.75823   0.97629  -0.90025   0.22522   12.0141 -152.2359   -1.5240   19.0307   -1.5120  -12.2425
   0.200000  0.149001   0.81896   1.41027  -0.44304   0.16694    6.9721  -65.9838   -0.8946    8.2224   -0.8817   -7.2182
   0.250000  0.191834   0.89646   1.66180  -0.16125   0.13052    4.5509  -35.3483   -0.5935    4.3819   -0.5796   -4.8191
   0.300000  0.238787   0.98234   1.74564   0.02886   0.10548    3.1666  -21.6274   -0.4225    2.6633   -0.4074   -3.4587
   0.350000  0.290068   1.06823   1.66180   0.16359   0.08725    2.2825  -14.4212   -0.3139    1.7648   -0.2979   -2.5978
   0.400000  0.345470   1.14573   1.41027   0.26168   0.07351    1.6763  -10.1664   -0.2399    1.2405   -0.2232   -2.0115
   0.450000  0.404362   1.20646   0.99104   0.33404   0.06292    1.2410   -7.4284   -0.1867    0.9104   -0.1698   -1.5905
   0.500000  0.465696   1.24204   0.40413   0.38766   0.05462    0.9192   -5.5527   -0.1470    0.6924   -0.1306   -1.2749
   0.550000  0.528006   1.24408  -0.35047   0.42728   0.04807    0.6769   -4.2092   -0.1163    0.5449   -0.1011   -1.0286
   0.600000  0.589405   1.20420  -1.27276   0.45630   0.04289    0.4924   -3.2179   -0.0917    0.4446   -0.0785   -0.8278
   0.650000  0.647588   1.11401  -2.29880   0.47724   0.03883    0.3510   -2.4566   -0.0713    0.3741   -0.0608   -0.6561
   0.700000  0.700000   1.00000  -1.03923   0.49198   0.03571    0.2501   -1.3585   -0.0554    0.2049   -0.0478   -0.5190
   0.750000  0.750000   1.00000   0.00000   0.50320   0.03312    0.2007   -0.8862   -0.0486    0.1228   -0.0434   -0.4640
   0.800000  0.800000   1.00000   0.00000   0.51220   0.03083    0.1607   -0.7223   -0.0430    0.1049   -0.0410   -0.4171
   0.850000  0.850000   1.00000   0.00000   0.51939   0.02881    0.1279   -0.5928   -0.0381    0.0927   -0.0407   -0.3760
   0.900000  0.900000   1.00000   0.00000   0.52509   0.02702    0.1010   -0.4885   -0.0336    0.0846   -0.0429   -0.3385
   0.950000  0.950000   1.00000   0.00000   0.52956   0.02544    0.0788   -0.4009   -0.0295    0.0838   -0.0491   -0.3025
   1.000000  1.000000   1.00000   0.00000   0.53303   0.02407    0.0606   -0.3277   -0.0253    0.0836   -0.0622   -0.2657

 R DERIVATIVES (R<1,THETA=PI) FOR J=  12  Y=  0.814706  TWIST(DEG)=  2.721836  XTWIST=  0.000000  CHORD=  0.648807

     R         RBAR      DRBAR    D2RBAR      X         Z         XR        XRR       ZR        ZRR       XRT       ZRT
   0.050000  0.033219   0.66438   0.00000  -4.36492   0.63416  106.0808-4234.8678  -12.5761  503.5002  -12.5654 -106.2593
   0.100000  0.066438   0.66438   0.18275  -1.71608   0.31958   26.4520 -523.6510   -3.1480   61.9859   -3.1375  -26.6354
   0.150000  0.100342   0.70239   1.20176  -0.82390   0.21313   12.2052 -151.3374   -1.4621   17.8915   -1.4511  -12.3999
   0.200000  0.137223   0.77715   1.73597  -0.35666   0.15691    7.1707  -66.4170   -0.8678    7.8229   -0.8558   -7.3859
   0.250000  0.178401   0.87254   2.04559  -0.06573   0.12147    4.7140  -36.2347   -0.5792    4.2423   -0.5658   -4.9547
   0.300000  0.224650   0.97826   2.14880   0.13138   0.09702    3.2834  -22.5503   -0.4123    2.6205   -0.3974   -3.5517
   0.350000  0.276227   1.08398   2.04559   0.27084   0.07927    2.3562  -15.2038   -0.3049    1.7544   -0.2888   -2.6515
   0.400000  0.332876   1.17938   1.73597   0.37171   0.06597    1.7155  -10.7587   -0.2312    1.2371   -0.2140   -2.0340
   0.450000  0.393822   1.25414   1.21992   0.44537   0.05581    1.2552   -7.8410   -0.1782    0.9056   -0.1606   -1.5905
   0.500000  0.457774   1.29794   0.49746   0.49925   0.04793    0.9166   -5.8189   -0.1388    0.6848   -0.1215   -1.2597
   0.550000  0.522927   1.30045  -0.43141   0.53846   0.04178    0.6639   -4.3658   -0.1085    0.5355   -0.0924   -1.0031
   0.600000  0.586959   1.25135  -1.56670   0.56667   0.03698    0.4736   -3.2979   -0.0844    0.4355   -0.0703   -0.7951
   0.650000  0.647030   1.14034  -2.82970   0.58658   0.03327    0.3295   -2.4865   -0.0644    0.3668   -0.0532   -0.6175
   0.700000  0.700000   1.00000  -1.27923   0.60023   0.03049    0.2286   -1.3000   -0.0489    0.1905   -0.0407   -0.4767
   0.750000  0.750000   1.00000   0.00000   0.61049   0.02820    0.1833   -0.8128   -0.0430    0.1067   -0.0370   -0.4262
   0.800000  0.800000   1.00000   0.00000   0.61870   0.02617    0.1466   -0.6625   -0.0381    0.0913   -0.0350   -0.3833
   0.850000  0.850000   1.00000   0.00000   0.62526   0.02438    0.1166   -0.5437   -0.0338    0.0808   -0.0348   -0.3457
   0.900000  0.900000   1.00000   0.00000   0.63045   0.02278    0.0918   -0.4483   -0.0300    0.0741   -0.0369   -0.3113
   0.950000  0.950000   1.00000   0.00000   0.63451   0.02138    0.0715   -0.3672   -0.0263    0.0726   -0.0420   -0.2781
   1.000000  1.000000   1.00000   0.00000   0.63766   0.02015    0.0549   -0.2988   -0.0227    0.0711   -0.0505   -0.2415

 R DERIVATIVES (R<1,THETA=PI) FOR J=  13  Y=  1.006169  TWIST(DEG)=  2.284220  XTWIST=  0.000000  CHORD=  0.572837

     R         RBAR      DRBAR    D2RBAR      X         Z         XR        XRR       ZR        ZRR       XRT       ZRT
   0.050000  0.029174   0.58348   0.00000  -4.28989   0.59003  106.6313-4258.7305  -11.7092  468.7622  -11.7000 -106.7689
   0.100000  0.058348   0.58348   0.22680  -1.62657   0.29715   26.6051 -523.2228   -2.9307   57.3818   -2.9217  -26.7472
   0.150000  0.088372   0.63065   1.49144  -0.72392   0.19750   12.4921 -149.8408   -1.3836   16.4071   -1.3739  -12.6467
   0.200000  0.122091   0.72343   2.15442  -0.24163   0.14389    7.4655  -67.2837   -0.8342    7.3361   -0.8231   -7.6429
   0.250000  0.161142   0.84182   2.53868   0.06254   0.10970    4.9430  -37.8105   -0.5600    4.0953   -0.5472   -5.1489
   0.300000  0.206486   0.97302   2.66676   0.26911   0.08608    3.4332  -24.0602   -0.3971    2.5851   -0.3824   -3.6699
   0.350000  0.258445   1.10423   2.53868   0.41431   0.06907    2.4386  -16.3703   -0.2906    1.7454   -0.2743   -2.7055
   0.400000  0.316696   1.22262   2.15442   0.51799   0.05648    1.7490  -11.5524   -0.2173    1.2265   -0.1996   -2.0420
   0.450000  0.380280   1.31540   1.51398   0.59247   0.04699    1.2570   -8.3283   -0.1650    0.8878   -0.1466   -1.5691
   0.500000  0.447595   1.36975   0.61738   0.64593   0.03975    0.8999   -6.0851   -0.1266    0.6618   -0.1083   -1.2211
   0.550000  0.516401   1.37287  -0.53540   0.68404   0.03417    0.6379   -4.4846   -0.0976    0.5109   -0.0803   -0.9554
   0.600000  0.583815   1.31194  -1.94436   0.71085   0.02989    0.4442   -3.3259   -0.0747    0.4122   -0.0595   -0.7429
   0.650000  0.646315   1.17416  -3.51179   0.72928   0.02664    0.2999   -2.4644   -0.0557    0.3472   -0.0437   -0.5627
   0.700000  0.700000   1.00000  -1.58759   0.74149   0.02427    0.2014   -1.2092   -0.0411    0.1704   -0.0324   -0.4212
   0.750000  0.750000   1.00000   0.00000   0.75052   0.02234    0.1614   -0.7176   -0.0364    0.0877   -0.0295   -0.3768
   0.800000  0.800000   1.00000   0.00000   0.75775   0.02062    0.1290   -0.5850   -0.0323    0.0753   -0.0279   -0.3389
   0.850000  0.850000   1.00000   0.00000   0.76352   0.01910    0.1025   -0.4801   -0.0288    0.0668   -0.0280   -0.3057
   0.900000  0.900000   1.00000   0.00000   0.76808   0.01774    0.0806   -0.3960   -0.0256    0.0616   -0.0300   -0.2754
   0.950000  0.950000   1.00000   0.00000   0.77165   0.01654    0.0627   -0.3241   -0.0225    0.0602   -0.0344   -0.2461
   1.000000  1.000000   1.00000   0.00000   0.77440   0.01549    0.0480   -0.2634   -0.0196    0.0585   -0.0399   -0.2127

 R DERIVATIVES (R<1,THETA=PI) FOR J=  14  Y=  1.187185  TWIST(DEG)=  1.776379  XTWIST=  0.000000  CHORD=  0.500241

     R         RBAR      DRBAR    D2RBAR      X         Z         XR        XRR       ZR        ZRR       XRT       ZRT
   0.050000  0.025359   0.50717   0.00000  -4.21910   0.54116  107.1708-4281.8594  -10.7455  430.1625  -10.7377 -107.2743
   0.100000  0.050717   0.50717   0.26835  -1.54170   0.27239   26.7529 -522.0101   -2.6893   52.2833   -2.6816  -26.8604
   0.150000  0.077082   0.56299   1.76467  -0.62762   0.18033   12.8222 -147.9749   -1.2948   14.7934   -1.2862  -12.9427
   0.200000  0.107818   0.67276   2.54910  -0.12810   0.12973    7.7964  -68.6482   -0.7933    6.8314   -0.7832   -7.9406
   0.250000  0.144863   0.81284   3.00376   0.19040   0.09715    5.1792  -39.9541   -0.5337    3.9488   -0.5215   -5.3532
   0.300000  0.189355   0.96808   3.15531   0.40616   0.07472    3.5673  -25.9001   -0.3750    2.5387   -0.3606   -3.7736
   0.350000  0.241672   1.12332   3.00376   0.55600   0.05876    2.4951  -17.6264   -0.2704    1.7137   -0.2538   -2.7329
   0.400000  0.301435   1.26341   2.54910   0.66117   0.04714    1.7563  -12.2888   -0.1987    1.1887   -0.1805   -2.0215
   0.450000  0.367507   1.37318   1.79134   0.73526   0.03853    1.2373   -8.6975   -0.1485    0.8442   -0.1293   -1.5226
   0.500000  0.437995   1.43749   0.73048   0.78738   0.03205    0.8679   -6.2246   -0.1124    0.6170   -0.0930   -1.1631
   0.550000  0.510246   1.44118  -0.63349   0.82378   0.02713    0.6025   -4.4927   -0.0855    0.4688   -0.0672   -0.8944
   0.600000  0.580850   1.36909  -2.30056   0.84884   0.02340    0.4103   -3.2667   -0.0646    0.3750   -0.0485   -0.6832
   0.650000  0.645639   1.20607  -4.15515   0.86566   0.02061    0.2698   -2.3788   -0.0473    0.3161   -0.0346   -0.5060
   0.700000  0.700000   1.00000  -1.87843   0.87647   0.01862    0.1758   -1.1073   -0.0341    0.1484   -0.0249   -0.3681
   0.750000  0.750000   1.00000   0.00000   0.88435   0.01702    0.1409   -0.6269   -0.0303    0.0706   -0.0226   -0.3293
   0.800000  0.800000   1.00000   0.00000   0.89067   0.01559    0.1126   -0.5111   -0.0270    0.0608   -0.0216   -0.2963
   0.850000  0.850000   1.00000   0.00000   0.89569   0.01431    0.0894   -0.4196   -0.0242    0.0542   -0.0219   -0.2673
   0.900000  0.900000   1.00000   0.00000   0.89967   0.01317    0.0703   -0.3461   -0.0216    0.0503   -0.0238   -0.2409
   0.950000  0.950000   1.00000   0.00000   0.90278   0.01215    0.0546   -0.2833   -0.0191    0.0495   -0.0278   -0.2153
   1.000000  1.000000   1.00000   0.00000   0.90518   0.01126    0.0418   -0.2302   -0.0166    0.0483   -0.0324   -0.1862

 R DERIVATIVES (R<1,THETA=PI) FOR J=  15  Y=  1.382994  TWIST(DEG)=  1.703900  XTWIST=  0.000000  CHORD=  0.478552

     R         RBAR      DRBAR    D2RBAR      X         Z         XR        XRR       ZR        ZRR       XRT       ZRT
   0.050000  0.024009   0.48019   0.00000  -4.14051   0.53738  108.2538-4325.6368  -10.6738  427.2641  -10.6666 -108.3472
   0.100000  0.048019   0.48019   0.28304  -1.43585   0.27041   27.0274 -525.6204   -2.6711   51.7748   -2.6640  -27.1247
   0.150000  0.073089   0.53905   1.86130  -0.50965   0.17873   13.0648 -148.4026   -1.2965   14.5902   -1.2886  -13.1751
   0.200000  0.102770   0.65484   2.68869   0.00106   0.12789    7.9943  -69.9033   -0.7990    6.8411   -0.7894   -8.1287
   0.250000  0.139106   0.80260   3.16824   0.32780   0.09507    5.3105  -41.2601   -0.5372    4.0110   -0.5255   -5.4750
   0.300000  0.183296   0.96634   3.32809   0.54861   0.07255    3.6406  -26.8845   -0.3755    2.5925   -0.3615   -3.8380
   0.350000  0.235740   1.13008   3.16824   0.70104   0.05662    2.5285  -18.2492   -0.2687    1.7455   -0.2525   -2.7577
   0.400000  0.296037   1.27783   2.68869   0.80723   0.04512    1.7658  -12.6364   -0.1959    1.2022   -0.1781   -2.0229
   0.450000  0.362990   1.39362   1.88943   0.88144   0.03666    1.2342   -8.8682   -0.1454    0.8463   -0.1264   -1.5117
   0.500000  0.434600   1.46145   0.77048   0.93323   0.03034    0.8591   -6.2920   -0.1093    0.6131   -0.0902   -1.1467
   0.550000  0.508069   1.46534  -0.66818   0.96914   0.02557    0.5919   -4.5042   -0.0827    0.4623   -0.0646   -0.8763
   0.600000  0.579801   1.38930  -2.42653   0.99367   0.02197    0.3999   -3.2505   -0.0621    0.3680   -0.0462   -0.6652
   0.650000  0.645401   1.21735  -4.38268   1.00999   0.01930    0.2605   -2.3516   -0.0452    0.3096   -0.0326   -0.4889
   0.700000  0.700000   1.00000  -1.98130   1.02037   0.01741    0.1680   -1.0760   -0.0323    0.1433   -0.0232   -0.3522
   0.750000  0.750000   1.00000   0.00000   1.02791   0.01589    0.1346   -0.5996   -0.0287    0.0664   -0.0212   -0.3151
   0.800000  0.800000   1.00000   0.00000   1.03393   0.01454    0.1075   -0.4888   -0.0256    0.0572   -0.0202   -0.2836
   0.850000  0.850000   1.00000   0.00000   1.03874   0.01332    0.0853   -0.4013   -0.0229    0.0511   -0.0205   -0.2559
   0.900000  0.900000   1.00000   0.00000   1.04253   0.01224    0.0671   -0.3311   -0.0204    0.0475   -0.0223   -0.2306
   0.950000  0.950000   1.00000   0.00000   1.04550   0.01128    0.0520   -0.2710   -0.0181    0.0466   -0.0261   -0.2061
   1.000000  1.000000   1.00000   0.00000   1.04778   0.01043    0.0398   -0.2202   -0.0158    0.0454   -0.0301   -0.1781

 R DERIVATIVES (R<1,THETA=PI) FOR J=  16  Y=  1.534795  TWIST(DEG)=  1.646357  XTWIST=  0.000000  CHORD=  0.461664

     R         RBAR      DRBAR    D2RBAR      X         Z         XR        XRR       ZR        ZRR       XRT       ZRT
   0.050000  0.022980   0.45961   0.00000  -4.07933   0.53471  109.0970-4359.7005  -10.6233  425.2246  -10.6166 -109.1829
   0.100000  0.045961   0.45961   0.29425  -1.35346   0.26902   27.2410 -528.3058   -2.6583   51.3963   -2.6517  -27.3308
   0.150000  0.070044   0.52080   1.93499  -0.41763   0.17756   13.2612 -148.6857   -1.2991   14.4370   -1.2916  -13.3641
   0.200000  0.098921   0.64117   2.79514   0.10216   0.12649    8.1541  -70.9738   -0.8041    6.8602   -0.7950   -8.2811
   0.250000  0.134716   0.79478   3.29368   0.43548   0.09346    5.4136  -42.3643   -0.5401    4.0682   -0.5288   -5.5709
   0.300000  0.178676   0.96500   3.45986   0.66017   0.07086    3.6954  -27.6907   -0.3757    2.6381   -0.3621   -3.8857
   0.350000  0.231216   1.13523   3.29368   0.81447   0.05497    2.5511  -18.7383   -0.2671    1.7707   -0.2513   -2.7735
   0.400000  0.291921   1.28883   2.79514   0.92128   0.04357    1.7701  -12.8950   -0.1936    1.2118   -0.1760   -2.0205
   0.450000  0.359545   1.40920   1.96424   0.99546   0.03524    1.2294   -8.9851   -0.1428    0.8467   -0.1240   -1.5005
   0.500000  0.432010   1.47972   0.80099   1.04691   0.02905    0.8507   -6.3302   -0.1068    0.6090   -0.0879   -1.1319
   0.550000  0.506409   1.48376  -0.69463   1.08236   0.02440    0.5827   -4.5020   -0.0804    0.4565   -0.0625   -0.8608
   0.600000  0.579002   1.40471  -2.52260   1.10644   0.02090    0.3913   -3.2299   -0.0602    0.3619   -0.0444   -0.6503
   0.650000  0.645218   1.22596  -4.55620   1.12237   0.01832    0.2532   -2.3251   -0.0436    0.3040   -0.0312   -0.4752
   0.700000  0.700000   1.00000  -2.05974   1.13241   0.01650    0.1620   -1.0505   -0.0309    0.1393   -0.0220   -0.3398
   0.750000  0.750000   1.00000   0.00000   1.13968   0.01505    0.1297   -0.5784   -0.0275    0.0633   -0.0201   -0.3041
   0.800000  0.800000   1.00000   0.00000   1.14549   0.01375    0.1036   -0.4715   -0.0245    0.0546   -0.0192   -0.2736
   0.850000  0.850000   1.00000   0.00000   1.15012   0.01259    0.0822   -0.3871   -0.0220    0.0487   -0.0195   -0.2469
   0.900000  0.900000   1.00000   0.00000   1.15377   0.01155    0.0646   -0.3194   -0.0196    0.0454   -0.0212   -0.2226
   0.950000  0.950000   1.00000   0.00000   1.15663   0.01063    0.0501   -0.2614   -0.0174    0.0445   -0.0248   -0.1989
   1.000000  1.000000   1.00000   0.00000   1.15883   0.00981    0.0383   -0.2124   -0.0152    0.0433   -0.0286   -0.1719

 R DERIVATIVES (R<1,THETA=PI) FOR J=  17  Y=  1.659587  TWIST(DEG)=  1.597226  XTWIST=  0.000000  CHORD=  0.447746

     R         RBAR      DRBAR    D2RBAR      X         Z         XR        XRR       ZR        ZRR       XRT       ZRT
   0.050000  0.022145   0.44291   0.00000  -4.02892   0.53249  109.7919-4387.7649  -10.5812  423.5234  -10.5749 -109.8720
   0.100000  0.044291   0.44291   0.30334  -1.28558   0.26786   27.4170 -530.4263   -2.6476   51.0753   -2.6414  -27.5008
   0.150000  0.067574   0.50600   1.99479  -0.34168   0.17658   13.4288 -148.8849   -1.3015   14.3083   -1.2944  -13.5257
   0.200000  0.095797   0.63009   2.88152   0.18588   0.12531    8.2899  -71.9276   -0.8086    6.8816   -0.7998   -8.4110
   0.250000  0.131153   0.78844   3.39546   0.52473   0.09210    5.4990  -43.3374   -0.5424    4.1199   -0.5314   -5.6504
   0.300000  0.174926   0.96392   3.56677   0.75257   0.06945    3.7388  -28.3816   -0.3757    2.6772   -0.3624   -3.9232
   0.350000  0.227545   1.13940   3.39546   0.90830   0.05360    2.5673  -19.1423   -0.2656    1.7910   -0.2501   -2.7840
   0.400000  0.288581   1.29776   2.88152   1.01551   0.04229    1.7715  -13.0986   -0.1914    1.2186   -0.1740   -2.0163
   0.450000  0.356750   1.42185   2.02494   1.08956   0.03407    1.2239   -9.0701   -0.1405    0.8459   -0.1219   -1.4894
   0.500000  0.429909   1.49454   0.82574   1.14066   0.02799    0.8427   -6.3518   -0.1047    0.6047   -0.0859   -1.1184
   0.550000  0.505062   1.49871  -0.71610   1.17570   0.02344    0.5745   -4.4928   -0.0786    0.4510   -0.0608   -0.8471
   0.600000  0.578353   1.41722  -2.60056   1.19940   0.02003    0.3839   -3.2077   -0.0586    0.3563   -0.0430   -0.6376
   0.650000  0.645071   1.23294  -4.69700   1.21499   0.01753    0.2470   -2.2998   -0.0422    0.2989   -0.0300   -0.4637
   0.700000  0.700000   1.00000  -2.12339   1.22475   0.01577    0.1570   -1.0286   -0.0298    0.1359   -0.0210   -0.3296
   0.750000  0.750000   1.00000   0.00000   1.23180   0.01437    0.1258   -0.5609   -0.0265    0.0609   -0.0192   -0.2949
   0.800000  0.800000   1.00000   0.00000   1.23743   0.01311    0.1004   -0.4573   -0.0237    0.0525   -0.0183   -0.2654
   0.850000  0.850000   1.00000   0.00000   1.24191   0.01199    0.0797   -0.3754   -0.0212    0.0468   -0.0186   -0.2395
   0.900000  0.900000   1.00000   0.00000   1.24546   0.01099    0.0626   -0.3097   -0.0189    0.0436   -0.0204   -0.2159
   0.950000  0.950000   1.00000   0.00000   1.24823   0.01010    0.0486   -0.2535   -0.0168    0.0429   -0.0239   -0.1930
   1.000000  1.000000   1.00000   0.00000   1.25036   0.00931    0.0371   -0.2060   -0.0147    0.0417   -0.0274   -0.1668

 R DERIVATIVES (R<1,THETA=PI) FOR J=  18  Y=  1.776740  TWIST(DEG)=  1.549092  XTWIST=  0.000000  CHORD=  0.434657

     R         RBAR      DRBAR    D2RBAR      X         Z         XR        XRR       ZR        ZRR       XRT       ZRT
   0.050000  0.021370   0.42741   0.00000  -3.98153   0.53029  110.4456-4414.1541  -10.5392  421.8280  -10.5332 -110.5204
   0.100000  0.042741   0.42741   0.31178  -1.22176   0.26671   27.5824 -532.3366   -2.6370   50.7558   -2.6311  -27.6608
   0.150000  0.065280   0.49225   2.05029  -0.27013   0.17560   13.5915 -149.0436   -1.3038   14.1827   -1.2971  -13.6830
   0.200000  0.092898   0.61979   2.96168   0.26495   0.12414    8.4212  -72.8915   -0.8128    6.9056   -0.8043   -8.5369
   0.250000  0.127847   0.78255   3.48993   0.60910   0.09078    5.5796  -44.3089   -0.5444    4.1717   -0.5337   -5.7255
   0.300000  0.171447   0.96292   3.66601   0.83987   0.06808    3.7778  -29.0531   -0.3754    2.7145   -0.3623   -3.9568
   0.350000  0.224138   1.14328   3.48993   0.99684   0.05229    2.5805  -19.5218   -0.2640    1.8092   -0.2487   -2.7917
   0.400000  0.285482   1.30604   2.96168   1.10433   0.04108    1.7710  -13.2809   -0.1892    1.2236   -0.1720   -2.0103
   0.450000  0.354156   1.43358   2.08128   1.17818   0.03297    1.2174   -9.1398   -0.1382    0.8440   -0.1198   -1.4774
   0.500000  0.427959   1.50830   0.84871   1.22889   0.02700    0.8343   -6.3637   -0.1026    0.5998   -0.0840   -1.1046
   0.550000  0.503812   1.51258  -0.73602   1.26351   0.02255    0.5663   -4.4779   -0.0767    0.4451   -0.0591   -0.8335
   0.600000  0.577750   1.42883  -2.67291   1.28682   0.01923    0.3768   -3.1825   -0.0571    0.3506   -0.0416   -0.6251
   0.650000  0.644934   1.23942  -4.82768   1.30208   0.01679    0.2412   -2.2731   -0.0410    0.2938   -0.0288   -0.4527
   0.700000  0.700000   1.00000  -2.18247   1.31159   0.01509    0.1524   -1.0075   -0.0288    0.1326   -0.0201   -0.3200
   0.750000  0.750000   1.00000   0.00000   1.31842   0.01373    0.1221   -0.5445   -0.0256    0.0585   -0.0183   -0.2863
   0.800000  0.800000   1.00000   0.00000   1.32389   0.01253    0.0975   -0.4440   -0.0229    0.0505   -0.0175   -0.2577
   0.850000  0.850000   1.00000   0.00000   1.32824   0.01144    0.0773   -0.3645   -0.0205    0.0451   -0.0179   -0.2325
   0.900000  0.900000   1.00000   0.00000   1.33168   0.01047    0.0607   -0.3007   -0.0183    0.0421   -0.0196   -0.2096
   0.950000  0.950000   1.00000   0.00000   1.33437   0.00961    0.0471   -0.2461   -0.0162    0.0413   -0.0230   -0.1874
   1.000000  1.000000   1.00000   0.00000   1.33643   0.00885    0.0360   -0.2000   -0.0142    0.0402   -0.0264   -0.1620

 R DERIVATIVES (R<1,THETA=PI) FOR J=  19  Y=  1.891726  TWIST(DEG)=  1.499563  XTWIST=  0.000000  CHORD=  0.421793

     R         RBAR      DRBAR    D2RBAR      X         Z         XR        XRR       ZR        ZRR       XRT       ZRT
   0.050000  0.020618   0.41236   0.00000  -3.93498   0.52794  111.0882-4440.0904  -10.4942  420.0163  -10.4886 -111.1580
   0.100000  0.041236   0.41236   0.31997  -1.15905   0.26549   27.7450 -534.1273   -2.6257   50.4182   -2.6201  -27.8183
   0.150000  0.063054   0.47891   2.10417  -0.19969   0.17458   13.7567 -149.1720   -1.3060   14.0530   -1.2996  -13.8430
   0.200000  0.090084   0.60980   3.03951   0.34303   0.12293    8.5538  -73.9101   -0.8168    6.9326   -0.8087   -8.6642
   0.250000  0.124637   0.77684   3.58164   0.69247   0.08941    5.6589  -45.3205   -0.5461    4.2253   -0.5357   -5.7995
   0.300000  0.168069   0.96194   3.76235   0.92607   0.06670    3.8145  -29.7333   -0.3748    2.7514   -0.3620   -3.9881
   0.350000  0.220831   1.14705   3.58164   1.08416   0.05097    2.5912  -19.8927   -0.2620    1.8259   -0.2470   -2.7970
   0.400000  0.282472   1.31408   3.03951   1.19182   0.03987    1.7687  -13.4504   -0.1868    1.2271   -0.1698   -2.0025
   0.450000  0.351637   1.44498   2.13597   1.26539   0.03189    1.2097   -9.1981   -0.1358    0.8408   -0.1176   -1.4641
   0.500000  0.426066   1.52166   0.87101   1.31567   0.02603    0.8252   -6.3670   -0.1004    0.5940   -0.0820   -1.0899
   0.550000  0.502598   1.52605  -0.75536   1.34985   0.02168    0.5577   -4.4572   -0.0749    0.4387   -0.0574   -0.8194
   0.600000  0.577166   1.44010  -2.74315   1.37275   0.01844    0.3695   -3.1537   -0.0555    0.3446   -0.0402   -0.6124
   0.650000  0.644800   1.24572  -4.95454   1.38769   0.01607    0.2354   -2.2442   -0.0397    0.2884   -0.0277   -0.4417
   0.700000  0.700000   1.00000  -2.23982   1.39694   0.01443    0.1479   -0.9861   -0.0278    0.1293   -0.0192   -0.3106
   0.750000  0.750000   1.00000   0.00000   1.40357   0.01312    0.1184   -0.5284   -0.0247    0.0563   -0.0175   -0.2779
   0.800000  0.800000   1.00000   0.00000   1.40887   0.01195    0.0945   -0.4308   -0.0221    0.0486   -0.0168   -0.2501
   0.850000  0.850000   1.00000   0.00000   1.41309   0.01091    0.0750   -0.3537   -0.0198    0.0434   -0.0171   -0.2257
   0.900000  0.900000   1.00000   0.00000   1.41643   0.00997    0.0589   -0.2918   -0.0177    0.0405   -0.0188   -0.2035
   0.950000  0.950000   1.00000   0.00000   1.41903   0.00914    0.0457   -0.2389   -0.0157    0.0398   -0.0221   -0.1819
   1.000000  1.000000   1.00000   0.00000   1.42104   0.00840    0.0349   -0.1941   -0.0137    0.0388   -0.0254   -0.1572

 R DERIVATIVES (R<1,THETA=PI) FOR J=  20  Y=  2.007017  TWIST(DEG)=  1.447258  XTWIST=  0.000000  CHORD=  0.408880

     R         RBAR      DRBAR    D2RBAR      X         Z         XR        XRR       ZR        ZRR       XRT       ZRT
   0.050000  0.019872   0.39744   0.00000  -3.88827   0.52534  111.7336-4466.1274  -10.4443  418.0056  -10.4389 -111.7986
   0.100000  0.039744   0.39744   0.32810  -1.09612   0.26414   27.9082 -535.8300   -2.6131   50.0496   -2.6078  -27.9766
   0.150000  0.060846   0.46568   2.15760  -0.12886   0.17347   13.9283 -149.2734   -1.3080   13.9153   -1.3019  -14.0096
   0.200000  0.087292   0.59989   3.11670   0.42179   0.12163    8.6907  -75.0121   -0.8207    6.9629   -0.8128   -8.7960
   0.250000  0.121453   0.77117   3.67259   0.77663   0.08798    5.7384  -46.3964   -0.5475    4.2815   -0.5374   -5.8738
   0.300000  0.164718   0.96098   3.85789   1.01301   0.06526    3.8492  -30.4358   -0.3738    2.7880   -0.3612   -4.0174
   0.350000  0.217551   1.15078   3.67259   1.17212   0.04962    2.5997  -20.2615   -0.2598    1.8410   -0.2449   -2.7999
   0.400000  0.279488   1.32206   3.11670   1.27983   0.03864    1.7644  -13.6096   -0.1842    1.2289   -0.1674   -1.9925
   0.450000  0.349139   1.45628   2.19022   1.35305   0.03079    1.2005   -9.2458   -0.1333    0.8363   -0.1153   -1.4493
   0.500000  0.424189   1.53490   0.89313   1.40284   0.02506    0.8152   -6.3619   -0.0981    0.5872   -0.0799   -1.0742
   0.550000  0.501394   1.53941  -0.77454   1.43653   0.02081    0.5485   -4.4305   -0.0730    0.4316   -0.0556   -0.8046
   0.600000  0.576586   1.45127  -2.81281   1.45902   0.01766    0.3619   -3.1207   -0.0540    0.3379   -0.0388   -0.5993
   0.650000  0.644668   1.25196  -5.08036   1.47362   0.01536    0.2294   -2.2126   -0.0385    0.2826   -0.0266   -0.4305
   0.700000  0.700000   1.00000  -2.29670   1.48261   0.01377    0.1433   -0.9641   -0.0268    0.1259   -0.0184   -0.3011
   0.750000  0.750000   1.00000   0.00000   1.48903   0.01251    0.1148   -0.5122   -0.0238    0.0541   -0.0167   -0.2694
   0.800000  0.800000   1.00000   0.00000   1.49417   0.01138    0.0916   -0.4176   -0.0213    0.0467   -0.0160   -0.2424
   0.850000  0.850000   1.00000   0.00000   1.49827   0.01037    0.0727   -0.3429   -0.0191    0.0417   -0.0164   -0.2188
   0.900000  0.900000   1.00000   0.00000   1.50150   0.00947    0.0571   -0.2829   -0.0171    0.0390   -0.0180   -0.1973
   0.950000  0.950000   1.00000   0.00000   1.50402   0.00866    0.0443   -0.2316   -0.0152    0.0384   -0.0212   -0.1764
   1.000000  1.000000   1.00000   0.00000   1.50597   0.00795    0.0338   -0.1882   -0.0133    0.0374   -0.0245   -0.1525

 R DERIVATIVES (R<1,THETA=PI) FOR J=  21  Y=  2.123979  TWIST(DEG)=  1.391105  XTWIST=  0.000000  CHORD=  0.395768

     R         RBAR      DRBAR    D2RBAR      X         Z         XR        XRR       ZR        ZRR       XRT       ZRT
   0.050000  0.019123   0.38246   0.00000  -3.84087   0.52239  112.3893-4492.5720  -10.3875  415.7213  -10.3825 -112.4496
   0.100000  0.038246   0.38246   0.33625  -1.03224   0.26262   28.0739 -537.4524   -2.5987   49.6389   -2.5938  -28.1375
   0.150000  0.058630   0.45240   2.21122  -0.05679   0.17222   14.1090 -149.3485   -1.3097   13.7662   -1.3039  -14.1854
   0.200000  0.084491   0.58995   3.19415   0.50220   0.12022    8.8337  -76.2227   -0.8244    6.9967   -0.8168   -8.9339
   0.250000  0.118259   0.76548   3.76386   0.86262   0.08644    5.8190  -47.5548   -0.5484    4.3404   -0.5386   -5.9491
   0.300000  0.161356   0.96001   3.95376   1.10175   0.06374    3.8822  -31.1684   -0.3723    2.8243   -0.3600   -4.0450
   0.350000  0.214259   1.15453   3.76386   1.26175   0.04820    2.6057  -20.6306   -0.2571    1.8543   -0.2425   -2.8002
   0.400000  0.276493   1.33006   3.19415   1.36942   0.03737    1.7580  -13.7588   -0.1812    1.2288   -0.1647   -1.9803
   0.450000  0.346632   1.46762   2.24464   1.44218   0.02967    1.1899   -9.2823   -0.1305    0.8302   -0.1127   -1.4326
   0.500000  0.422305   1.54820   0.91533   1.49142   0.02406    0.8042   -6.3476   -0.0957    0.5792   -0.0777   -1.0571
   0.550000  0.500186   1.55282  -0.79379   1.52459   0.01993    0.5388   -4.3970   -0.0710    0.4237   -0.0538   -0.7889
   0.600000  0.576004   1.46249  -2.88272   1.54663   0.01686    0.3539   -3.0831   -0.0523    0.3307   -0.0373   -0.5856
   0.650000  0.644536   1.25822  -5.20661   1.56088   0.01463    0.2233   -2.1778   -0.0372    0.2763   -0.0255   -0.4190
   0.700000  0.700000   1.00000  -2.35377   1.56960   0.01310    0.1387   -0.9411   -0.0257    0.1223   -0.0175   -0.2914
   0.750000  0.750000   1.00000   0.00000   1.57582   0.01189    0.1111   -0.4958   -0.0229    0.0518   -0.0159   -0.2608
   0.800000  0.800000   1.00000   0.00000   1.58080   0.01081    0.0887   -0.4043   -0.0205    0.0447   -0.0153   -0.2347
   0.850000  0.850000   1.00000   0.00000   1.58476   0.00983    0.0704   -0.3319   -0.0184    0.0400   -0.0156   -0.2118
   0.900000  0.900000   1.00000   0.00000   1.58789   0.00896    0.0553   -0.2738   -0.0165    0.0374   -0.0172   -0.1910
   0.950000  0.950000   1.00000   0.00000   1.59033   0.00819    0.0428   -0.2242   -0.0146    0.0369   -0.0204   -0.1708
   1.000000  1.000000   1.00000   0.00000   1.59221   0.00750    0.0327   -0.1822   -0.0128    0.0360   -0.0236   -0.1477

 R DERIVATIVES (R<1,THETA=PI) FOR J=  22  Y=  2.243284  TWIST(DEG)=  1.330190  XTWIST=  0.000000  CHORD=  0.382382

     R         RBAR      DRBAR    D2RBAR      X         Z         XR        XRR       ZR        ZRR       XRT       ZRT
   0.050000  0.018367   0.36734   0.00000  -3.79282   0.51904  113.0654-4519.8243  -10.3226  413.1125  -10.3179 -113.1210
   0.100000  0.036734   0.36734   0.34449  -0.96721   0.26090   28.2447 -539.0135   -2.5824   49.1782   -2.5777  -28.3035
   0.150000  0.056393   0.43899   2.26538   0.01686   0.17083   14.3017 -149.4037   -1.3111   13.6039   -1.3055  -14.3732
   0.200000  0.081662   0.57991   3.27239   0.58473   0.11866    8.9846  -77.5711   -0.8278    7.0347   -0.8205   -9.0797
   0.250000  0.115032   0.75974   3.85605   0.95095   0.08478    5.9012  -48.8142   -0.5490    4.4026   -0.5394   -6.0260
   0.300000  0.157961   0.95903   4.05060   1.19281   0.06212    3.9135  -31.9378   -0.3703    2.8602   -0.3583   -4.0706
   0.350000  0.210935   1.15831   3.85605   1.35360   0.04672    2.6092  -21.0010   -0.2540    1.8655   -0.2396   -2.7978
   0.400000  0.273468   1.33815   3.27239   1.46108   0.03606    1.7494  -13.8973   -0.1779    1.2264   -0.1616   -1.9655
   0.450000  0.344101   1.47907   2.29962   1.53330   0.02850    1.1775   -9.3070   -0.1275    0.8222   -0.1099   -1.4140
   0.500000  0.420402   1.56162   0.93775   1.58191   0.02304    0.7919   -6.3236   -0.0932    0.5699   -0.0753   -1.0386
   0.550000  0.498966   1.56636  -0.81323   1.61451   0.01902    0.5283   -4.3563   -0.0689    0.4148   -0.0519   -0.7721
   0.600000  0.575416   1.47381  -2.95332   1.63608   0.01605    0.3455   -3.0404   -0.0506    0.3228   -0.0358   -0.5712
   0.650000  0.644402   1.26454  -5.33413   1.64996   0.01390    0.2170   -2.1396   -0.0359    0.2695   -0.0243   -0.4070
   0.700000  0.700000   1.00000  -2.41142   1.65841   0.01243    0.1340   -0.9170   -0.0247    0.1186   -0.0166   -0.2816
   0.750000  0.750000   1.00000   0.00000   1.66442   0.01126    0.1073   -0.4791   -0.0220    0.0495   -0.0151   -0.2520
   0.800000  0.800000   1.00000   0.00000   1.66923   0.01022    0.0857   -0.3906   -0.0197    0.0428   -0.0145   -0.2268
   0.850000  0.850000   1.00000   0.00000   1.67305   0.00929    0.0680   -0.3207   -0.0177    0.0383   -0.0149   -0.2047
   0.900000  0.900000   1.00000   0.00000   1.67608   0.00845    0.0534   -0.2646   -0.0158    0.0359   -0.0165   -0.1845
   0.950000  0.950000   1.00000   0.00000   1.67844   0.00770    0.0414   -0.2167   -0.0141    0.0354   -0.0195   -0.1650
   1.000000  1.000000   1.00000   0.00000   1.68025   0.00704    0.0316   -0.1761   -0.0123    0.0346   -0.0227   -0.1427

 R DERIVATIVES (R<1,THETA=PI) FOR J=  23  Y=  2.364800  TWIST(DEG)=  1.263880  XTWIST=  0.000000  CHORD=  0.368739

     R         RBAR      DRBAR    D2RBAR      X         Z         XR        XRR       ZR        ZRR       XRT       ZRT
   0.050000  0.017601   0.35202   0.00000  -3.74536   0.51530  113.7847-4548.8063  -10.2500  410.1974  -10.2456 -113.8359
   0.100000  0.035202   0.35202   0.35283  -0.90169   0.25898   28.4262 -540.5932   -2.5642   48.6679   -2.5598  -28.4805
   0.150000  0.054126   0.42540   2.32024   0.09166   0.16929   14.5111 -149.4655   -1.3122   13.4290   -1.3069  -14.5779
   0.200000  0.078797   0.56973   3.35163   0.66912   0.11696    9.1463  -79.0991   -0.8311    7.0790   -0.8240   -9.2364
   0.250000  0.111763   0.75392   3.94943   1.04147   0.08300    5.9860  -50.1984   -0.5490    4.4689   -0.5397   -6.1055
   0.300000  0.154521   0.95803   4.14869   1.28608   0.06041    3.9433  -32.7522   -0.3678    2.8955   -0.3560   -4.0947
   0.350000  0.207567   1.16215   3.94943   1.44754   0.04517    2.6101  -21.3747   -0.2504    1.8743   -0.2363   -2.7927
   0.400000  0.270404   1.34634   3.35163   1.55473   0.03468    1.7385  -14.0255   -0.1742    1.2216   -0.1582   -1.9483
   0.450000  0.341536   1.49067   2.35531   1.62629   0.02731    1.1634   -9.3197   -0.1242    0.8124   -0.1069   -1.3933
   0.500000  0.418474   1.57522   0.96046   1.67421   0.02199    0.7786   -6.2898   -0.0904    0.5592   -0.0728   -1.0186
   0.550000  0.497730   1.58007  -0.83293   1.70619   0.01810    0.5171   -4.3085   -0.0667    0.4049   -0.0498   -0.7543
   0.600000  0.574821   1.48529  -3.02484   1.72726   0.01523    0.3367   -2.9928   -0.0489    0.3142   -0.0342   -0.5561
   0.650000  0.644266   1.27095  -5.46331   1.74076   0.01315    0.2104   -2.0981   -0.0345    0.2621   -0.0231   -0.3946
   0.700000  0.700000   1.00000  -2.46982   1.74893   0.01174    0.1293   -0.8919   -0.0237    0.1146   -0.0157   -0.2716
   0.750000  0.750000   1.00000   0.00000   1.75473   0.01062    0.1035   -0.4620   -0.0211    0.0472   -0.0143   -0.2430
   0.800000  0.800000   1.00000   0.00000   1.75936   0.00963    0.0826   -0.3767   -0.0189    0.0408   -0.0137   -0.2187
   0.850000  0.850000   1.00000   0.00000   1.76305   0.00873    0.0655   -0.3093   -0.0170    0.0366   -0.0141   -0.1974
   0.900000  0.900000   1.00000   0.00000   1.76597   0.00793    0.0515   -0.2552   -0.0152    0.0343   -0.0156   -0.1780
   0.950000  0.950000   1.00000   0.00000   1.76824   0.00721    0.0399   -0.2090   -0.0135    0.0339   -0.0186   -0.1592
   1.000000  1.000000   1.00000   0.00000   1.76999   0.00657    0.0305   -0.1699   -0.0118    0.0332   -0.0217   -0.1377

 R DERIVATIVES (R<1,THETA=PI) FOR J=  24  Y=  2.487045  TWIST(DEG)=  1.192263  XTWIST=  0.000000  CHORD=  0.355006

     R         RBAR      DRBAR    D2RBAR      X         Z         XR        XRR       ZR        ZRR       XRT       ZRT
   0.050000  0.016832   0.33663   0.00000  -3.70030   0.51124  114.5629-4580.1337  -10.1710  407.0218  -10.1668 -114.6097
   0.100000  0.033663   0.33663   0.36121  -0.83710   0.25690   28.6224 -542.2516   -2.5443   48.1133   -2.5402  -28.6723
   0.150000  0.051850   0.41176   2.37533   0.16635   0.16762   14.7397 -149.5609   -1.3133   13.2438   -1.3083  -14.8019
   0.200000  0.075919   0.55952   3.43121   0.75422   0.11514    9.3196  -80.8356   -0.8342    7.1311   -0.8274   -9.4048
   0.250000  0.108481   0.74808   4.04319   1.13304   0.08111    6.0736  -51.7164   -0.5485    4.5392   -0.5395   -6.1877
   0.300000  0.151067   0.95704   4.24719   1.38040   0.05861    3.9715  -33.6104   -0.3647    2.9300   -0.3532   -4.1171
   0.350000  0.204185   1.16600   4.04319   1.54243   0.04356    2.6085  -21.7491   -0.2463    1.8806   -0.2325   -2.7850
   0.400000  0.267327   1.35456   3.43121   1.64919   0.03328    1.7254  -14.1420   -0.1703    1.2143   -0.1545   -1.9287
   0.450000  0.338961   1.50232   2.41123   1.72002   0.02609    1.1478   -9.3203   -0.1207    0.8007   -0.1036   -1.3710
   0.500000  0.416539   1.58888   0.98326   1.76718   0.02094    0.7643   -6.2466   -0.0876    0.5472   -0.0701   -0.9974
   0.550000  0.496489   1.59384  -0.85270   1.79851   0.01717    0.5053   -4.2542   -0.0644    0.3942   -0.0477   -0.7357
   0.600000  0.574223   1.49681  -3.09665   1.81906   0.01440    0.3276   -2.9408   -0.0471    0.3049   -0.0325   -0.5405
   0.650000  0.644130   1.27738  -5.59302   1.83216   0.01241    0.2037   -2.0537   -0.0332    0.2543   -0.0219   -0.3820
   0.700000  0.700000   1.00000  -2.52846   1.84005   0.01105    0.1245   -0.8660   -0.0226    0.1106   -0.0147   -0.2615
   0.750000  0.750000   1.00000   0.00000   1.84563   0.00998    0.0997   -0.4449   -0.0202    0.0448   -0.0135   -0.2340
   0.800000  0.800000   1.00000   0.00000   1.85010   0.00903    0.0796   -0.3627   -0.0181    0.0388   -0.0130   -0.2106
   0.850000  0.850000   1.00000   0.00000   1.85365   0.00817    0.0631   -0.2978   -0.0163    0.0348   -0.0133   -0.1901
   0.900000  0.900000   1.00000   0.00000   1.85645   0.00740    0.0496   -0.2457   -0.0146    0.0327   -0.0148   -0.1714
   0.950000  0.950000   1.00000   0.00000   1.85865   0.00671    0.0384   -0.2012   -0.0130    0.0324   -0.0177   -0.1533
   1.000000  1.000000   1.00000   0.00000   1.86033   0.00611    0.0293   -0.1636   -0.0113    0.0318   -0.0208   -0.1327

 R DERIVATIVES (R<1,THETA=PI) FOR J=  25  Y=  2.606322  TWIST(DEG)=  1.117019  XTWIST=  0.000000  CHORD=  0.341599

     R         RBAR      DRBAR    D2RBAR      X         Z         XR        XRR       ZR        ZRR       XRT       ZRT
   0.050000  0.016081   0.32162   0.00000  -3.65979   0.50697  115.3919-4613.4820  -10.0877  403.6779  -10.0838 -115.4347
   0.100000  0.032162   0.32162   0.36938  -0.77579   0.25471   28.8312 -543.9845   -2.5234   47.5295   -2.5195  -28.8769
   0.150000  0.049629   0.39845   2.42907   0.23846   0.16587   14.9842 -149.7080   -1.3143   13.0543   -1.3096  -15.0420
   0.200000  0.073111   0.54955   3.50884   0.83736   0.11325    9.5012  -82.7641   -0.8370    7.1908   -0.8305   -9.5817
   0.250000  0.105279   0.74238   4.13468   1.22286   0.07916    6.1617  -53.3386   -0.5476    4.6118   -0.5388   -6.2706
   0.300000  0.147697   0.95607   4.34329   1.47291   0.05679    3.9974  -34.4898   -0.3610    2.9622   -0.3498   -4.1374
   0.350000  0.200886   1.16975   4.13468   1.63538   0.04194    2.6045  -22.1127   -0.2419    1.8837   -0.2283   -2.7749
   0.400000  0.264325   1.36258   3.50884   1.74162   0.03188    1.7106  -14.2428   -0.1661    1.2046   -0.1505   -1.9075
   0.450000  0.336449   1.51368   2.46579   1.81164   0.02489    1.1313   -9.3086   -0.1171    0.7874   -0.1003   -1.3477
   0.500000  0.414650   1.60221   1.00551   1.85801   0.01989    0.7495   -6.1953   -0.0846    0.5343   -0.0674   -0.9757
   0.550000  0.495278   1.60728  -0.87200   1.88866   0.01626    0.4933   -4.1951   -0.0620    0.3829   -0.0456   -0.7170
   0.600000  0.573640   1.50805  -3.16672   1.90868   0.01359    0.3185   -2.8862   -0.0453    0.2954   -0.0309   -0.5249
   0.650000  0.643998   1.28366  -5.71957   1.92139   0.01168    0.1971   -2.0080   -0.0318    0.2462   -0.0207   -0.3696
   0.700000  0.700000   1.00000  -2.58567   1.92901   0.01038    0.1198   -0.8403   -0.0216    0.1065   -0.0139   -0.2516
   0.750000  0.750000   1.00000   0.00000   1.93438   0.00936    0.0959   -0.4281   -0.0193    0.0426   -0.0127   -0.2252
   0.800000  0.800000   1.00000   0.00000   1.93867   0.00845    0.0766   -0.3491   -0.0173    0.0369   -0.0122   -0.2027
   0.850000  0.850000   1.00000   0.00000   1.94209   0.00763    0.0607   -0.2866   -0.0156    0.0331   -0.0126   -0.1829
   0.900000  0.900000   1.00000   0.00000   1.94479   0.00689    0.0477   -0.2365   -0.0140    0.0311   -0.0141   -0.1649
   0.950000  0.950000   1.00000   0.00000   1.94690   0.00623    0.0370   -0.1937   -0.0124    0.0309   -0.0169   -0.1475
   1.000000  1.000000   1.00000   0.00000   1.94852   0.00565    0.0282   -0.1575   -0.0109    0.0305   -0.0200   -0.1278

 R DERIVATIVES (R<1,THETA=PI) FOR J=  26  Y=  2.716454  TWIST(DEG)=  1.042240  XTWIST=  0.000000  CHORD=  0.329215

     R         RBAR      DRBAR    D2RBAR      X         Z         XR        XRR       ZR        ZRR       XRT       ZRT
   0.050000  0.015388   0.30776   0.00000  -3.62591   0.50271  116.2284-4647.1093  -10.0045  400.3395  -10.0008 -116.2677
   0.100000  0.030776   0.30776   0.37693  -0.72093   0.25254   29.0417 -545.7006   -2.5025   46.9473   -2.4989  -29.0837
   0.150000  0.047578   0.38616   2.47870   0.30424   0.16413   15.2317 -149.9059   -1.3151   12.8709   -1.3107  -15.2856
   0.200000  0.070519   0.54035   3.58054   0.91422   0.11138    9.6813  -84.7860   -0.8394    7.2545   -0.8331   -9.7575
   0.250000  0.102322   0.73712   4.21916   1.30623   0.07727    6.2455  -54.9744   -0.5461    4.6819   -0.5376   -6.3497
   0.300000  0.144585   0.95517   4.43203   1.55876   0.05504    4.0196  -35.3397   -0.3572    2.9900   -0.3462   -4.1544
   0.350000  0.197839   1.17322   4.21916   1.72153   0.04041    2.5985  -22.4453   -0.2374    1.8834   -0.2241   -2.7632
   0.400000  0.261553   1.36999   3.58054   1.82717   0.03056    1.6951  -14.3233   -0.1619    1.1930   -0.1466   -1.8859
   0.450000  0.334129   1.52418   2.51617   1.89637   0.02376    1.1147   -9.2864   -0.1137    0.7734   -0.0970   -1.3248
   0.500000  0.412906   1.61451   1.02605   1.94195   0.01893    0.7350   -6.1397   -0.0818    0.5213   -0.0648   -0.9548
   0.550000  0.494160   1.61969  -0.88981   1.97196   0.01542    0.4818   -4.1351   -0.0598    0.3718   -0.0436   -0.6991
   0.600000  0.573101   1.51843  -3.23142   1.99148   0.01285    0.3099   -2.8323   -0.0436    0.2861   -0.0294   -0.5102
   0.650000  0.643875   1.28945  -5.83643   2.00382   0.01101    0.1910   -1.9637   -0.0305    0.2384   -0.0195   -0.3579
   0.700000  0.700000   1.00000  -2.63850   2.01118   0.00976    0.1154   -0.8160   -0.0207    0.1026   -0.0130   -0.2425
   0.750000  0.750000   1.00000   0.00000   2.01636   0.00879    0.0924   -0.4126   -0.0185    0.0405   -0.0119   -0.2170
   0.800000  0.800000   1.00000   0.00000   2.02050   0.00791    0.0738   -0.3365   -0.0166    0.0351   -0.0115   -0.1953
   0.850000  0.850000   1.00000   0.00000   2.02379   0.00713    0.0585   -0.2762   -0.0149    0.0316   -0.0119   -0.1763
   0.900000  0.900000   1.00000   0.00000   2.02639   0.00642    0.0460   -0.2279   -0.0134    0.0297   -0.0133   -0.1590
   0.950000  0.950000   1.00000   0.00000   2.02843   0.00579    0.0356   -0.1867   -0.0119    0.0296   -0.0161   -0.1422
   1.000000  1.000000   1.00000   0.00000   2.02999   0.00523    0.0272   -0.1518   -0.0104    0.0292   -0.0192   -0.1232

 R DERIVATIVES (R<1,THETA=PI) FOR J=  27  Y=  2.811129  TWIST(DEG)=  0.973397  XTWIST=  0.000000  CHORD=  0.318566

     R         RBAR      DRBAR    D2RBAR      X         Z         XR        XRR       ZR        ZRR       XRT       ZRT
   0.050000  0.014793   0.29585   0.00000  -3.59969   0.49876  117.0062-4678.3575   -9.9270  397.2341   -9.9236 -117.0425
   0.100000  0.029585   0.29585   0.38341  -0.67522   0.25052   29.2373 -547.2592   -2.4830   46.4078   -2.4797  -29.2763
   0.150000  0.045816   0.37560   2.52134   0.36014   0.16253   15.4630 -150.1323   -1.3157   12.7060   -1.3114  -15.5136
   0.200000  0.068291   0.53244   3.64213   0.98040   0.10966    9.8462  -86.7357   -0.8411    7.3163   -0.8351   -9.9188
   0.250000  0.099782   0.73259   4.29174   1.37827   0.07556    6.3192  -56.4947   -0.5443    4.7440   -0.5360   -6.4194
   0.300000  0.141912   0.95440   4.50827   1.63293   0.05348    4.0370  -36.0983   -0.3533    3.0117   -0.3426   -4.1674
   0.350000  0.195222   1.17620   4.29174   1.79585   0.03905    2.5912  -22.7261   -0.2332    1.8804   -0.2201   -2.7511
   0.400000  0.259171   1.37635   3.64213   1.90089   0.02941    1.6801  -14.3810   -0.1581    1.1809   -0.1430   -1.8657
   0.450000  0.332135   1.53320   2.55945   1.96931   0.02278    1.0994   -9.2575   -0.1105    0.7599   -0.0940   -1.3040
   0.500000  0.411408   1.62508   1.04370   2.01419   0.01809    0.7220   -6.0852   -0.0793    0.5092   -0.0625   -0.9361
   0.550000  0.493200   1.63035  -0.90512   2.04361   0.01469    0.4716   -4.0791   -0.0579    0.3617   -0.0418   -0.6832
   0.600000  0.572639   1.52735  -3.28701   2.06268   0.01221    0.3023   -2.7833   -0.0421    0.2777   -0.0280   -0.4973
   0.650000  0.643770   1.29443  -5.93683   2.07471   0.01043    0.1856   -1.9240   -0.0294    0.2315   -0.0186   -0.3478
   0.700000  0.700000   1.00000  -2.68389   2.08184   0.00923    0.1117   -0.7947   -0.0198    0.0992   -0.0123   -0.2347
   0.750000  0.750000   1.00000   0.00000   2.08685   0.00830    0.0895   -0.3993   -0.0177    0.0387   -0.0113   -0.2100
   0.800000  0.800000   1.00000   0.00000   2.09086   0.00745    0.0714   -0.3256   -0.0159    0.0335   -0.0109   -0.1890
   0.850000  0.850000   1.00000   0.00000   2.09405   0.00670    0.0567   -0.2673   -0.0144    0.0302   -0.0113   -0.1706
   0.900000  0.900000   1.00000   0.00000   2.09657   0.00602    0.0445   -0.2206   -0.0129    0.0284   -0.0127   -0.1539
   0.950000  0.950000   1.00000   0.00000   2.09854   0.00541    0.0345   -0.1807   -0.0115    0.0284   -0.0154   -0.1376
   1.000000  1.000000   1.00000   0.00000   2.10005   0.00487    0.0263   -0.1470   -0.0101    0.0281   -0.0185   -0.1193

 R DERIVATIVES (R<1,THETA=PI) FOR J=  28  Y=  2.888250  TWIST(DEG)=  0.913874  XTWIST=  0.000000  CHORD=  0.309890

     R         RBAR      DRBAR    D2RBAR      X         Z         XR        XRR       ZR        ZRR       XRT       ZRT
   0.050000  0.014308   0.28617   0.00000  -3.58039   0.49529  117.6808-4705.4508   -9.8591  394.5080   -9.8558 -117.7148
   0.100000  0.028617   0.28617   0.38869  -0.63900   0.24876   29.4068 -548.5741   -2.4660   45.9368   -2.4628  -29.4434
   0.150000  0.044383   0.36701   2.55602   0.40524   0.16113   15.6649 -150.3598   -1.3160   12.5660   -1.3119  -15.7130
   0.200000  0.066480   0.52601   3.69223   1.03442   0.10819    9.9877  -88.4844   -0.8423    7.3713   -0.8364  -10.0574
   0.250000  0.097716   0.72891   4.35077   1.43725   0.07410    6.3801  -57.8149   -0.5424    4.7954   -0.5343   -6.4771
   0.300000  0.139737   0.95377   4.57028   1.69361   0.05216    4.0498  -36.7335   -0.3498    3.0273   -0.3392   -4.1766
   0.350000  0.193093   1.17863   4.35077   1.85658   0.03792    2.5838  -22.9495   -0.2295    1.8757   -0.2165   -2.7396
   0.400000  0.257234   1.38153   3.69223   1.96107   0.02846    1.6668  -14.4191   -0.1549    1.1693   -0.1399   -1.8480
   0.450000  0.330514   1.54053   2.59466   2.02881   0.02198    1.0862   -9.2267   -0.1079    0.7478   -0.0915   -1.2862
   0.500000  0.410190   1.63368   1.05806   2.07307   0.01740    0.7109   -6.0358   -0.0772    0.4987   -0.0605   -0.9203
   0.550000  0.492419   1.63902  -0.91757   2.10200   0.01410    0.4630   -4.0304   -0.0563    0.3530   -0.0403   -0.6700
   0.600000  0.572262   1.53460  -3.33222   2.12071   0.01168    0.2960   -2.7415   -0.0409    0.2707   -0.0269   -0.4866
   0.650000  0.643684   1.29848  -6.01849   2.13247   0.00996    0.1812   -1.8904   -0.0285    0.2256   -0.0178   -0.3395
   0.700000  0.700000   1.00000  -2.72080   2.13942   0.00880    0.1087   -0.7772   -0.0192    0.0964   -0.0117   -0.2283
   0.750000  0.750000   1.00000   0.00000   2.14429   0.00789    0.0870   -0.3885   -0.0172    0.0372   -0.0107   -0.2043
   0.800000  0.800000   1.00000   0.00000   2.14819   0.00708    0.0695   -0.3168   -0.0154    0.0323   -0.0104   -0.1839
   0.850000  0.850000   1.00000   0.00000   2.15130   0.00635    0.0551   -0.2601   -0.0139    0.0291   -0.0108   -0.1660
   0.900000  0.900000   1.00000   0.00000   2.15375   0.00569    0.0433   -0.2146   -0.0125    0.0274   -0.0122   -0.1497
   0.950000  0.950000   1.00000   0.00000   2.15566   0.00510    0.0336   -0.1758   -0.0111    0.0275   -0.0149   -0.1339
   1.000000  1.000000   1.00000   0.00000   2.15713   0.00457    0.0256   -0.1430   -0.0098    0.0273   -0.0179   -0.1161

 R DERIVATIVES (R<1,THETA=PI) FOR J=  29  Y=  2.950887  TWIST(DEG)=  0.863052  XTWIST=  0.000000  CHORD=  0.302842

     R         RBAR      DRBAR    D2RBAR      X         Z         XR        XRR       ZR        ZRR       XRT       ZRT
   0.050000  0.013916   0.27832   0.00000  -3.56605   0.49228  118.2558-4728.5370   -9.8000  392.1401   -9.7969 -118.2879
   0.100000  0.027832   0.27832   0.39296  -0.61026   0.24723   29.5513 -549.6617   -2.4512   45.5305   -2.4481  -29.5860
   0.150000  0.043222   0.36005   2.58413   0.44160   0.15992   15.8385 -150.5756   -1.3160   12.4481   -1.3120  -15.8845
   0.200000  0.065012   0.52080   3.73283   1.07839   0.10693   10.1074  -90.0202   -0.8430    7.4189   -0.8372  -10.1748
   0.250000  0.096041   0.72593   4.39861   1.48538   0.07287    6.4300  -58.9428   -0.5406    4.8371   -0.5326   -6.5244
   0.300000  0.137975   0.95326   4.62054   1.74309   0.05107    4.0592  -37.2595   -0.3466    3.0383   -0.3362   -4.1830
   0.350000  0.191367   1.18059   4.39861   1.90603   0.03699    2.5766  -23.1259   -0.2263    1.8701   -0.2134   -2.7292
   0.400000  0.255664   1.38573   3.73283   2.01002   0.02768    1.6552  -14.4432   -0.1521    1.1587   -0.1372   -1.8329
   0.450000  0.329200   1.54648   2.62319   2.07718   0.02132    1.0750   -9.1965   -0.1056    0.7372   -0.0894   -1.2712
   0.500000  0.409202   1.64065   1.06969   2.12093   0.01684    0.7016   -5.9923   -0.0755    0.4897   -0.0589   -0.9072
   0.550000  0.491785   1.64605  -0.92766   2.14945   0.01361    0.4559   -3.9887   -0.0549    0.3457   -0.0391   -0.6591
   0.600000  0.571957   1.54048  -3.36887   2.16785   0.01126    0.2908   -2.7062   -0.0399    0.2647   -0.0260   -0.4778
   0.650000  0.643614   1.30176  -6.08467   2.17939   0.00958    0.1776   -1.8624   -0.0278    0.2207   -0.0171   -0.3326
   0.700000  0.700000   1.00000  -2.75072   2.18619   0.00845    0.1062   -0.7628   -0.0187    0.0941   -0.0113   -0.2231
   0.750000  0.750000   1.00000   0.00000   2.19096   0.00757    0.0851   -0.3797   -0.0167    0.0360   -0.0103   -0.1997
   0.800000  0.800000   1.00000   0.00000   2.19477   0.00678    0.0679   -0.3096   -0.0150    0.0313   -0.0100   -0.1797
   0.850000  0.850000   1.00000   0.00000   2.19780   0.00606    0.0539   -0.2542   -0.0135    0.0282   -0.0104   -0.1622
   0.900000  0.900000   1.00000   0.00000   2.20020   0.00542    0.0423   -0.2097   -0.0122    0.0266   -0.0118   -0.1463
   0.950000  0.950000   1.00000   0.00000   2.20207   0.00485    0.0328   -0.1718   -0.0108    0.0267   -0.0144   -0.1309
   1.000000  1.000000   1.00000   0.00000   2.20350   0.00434    0.0250   -0.1398   -0.0095    0.0266   -0.0175   -0.1135

 R DERIVATIVES (R<1,THETA=PI) FOR J=  30  Y=  3.004306  TWIST(DEG)=  0.817821  XTWIST=  0.000000  CHORD=  0.296830

     R         RBAR      DRBAR    D2RBAR      X         Z         XR        XRR       ZR        ZRR       XRT       ZRT
   0.050000  0.013582   0.27164   0.00000  -3.55477   0.48955  118.7651-4748.9804   -9.7465  389.9954   -9.7435 -118.7957
   0.100000  0.027164   0.27164   0.39660  -0.58622   0.24584   29.6792 -550.5957   -2.4377   45.1649   -2.4348  -29.7123
   0.150000  0.042234   0.35413   2.60804   0.47243   0.15883   15.9935 -150.7831   -1.3158   12.3443   -1.3120  -16.0378
   0.200000  0.063762   0.51636   3.76737   1.11599   0.10580   10.2129  -91.4173   -0.8433    7.4616   -0.8377  -10.2784
   0.250000  0.094617   0.72340   4.43931   1.52659   0.07179    6.4726  -59.9448   -0.5387    4.8725   -0.5308   -6.5649
   0.300000  0.136476   0.95283   4.66330   1.78542   0.05011    4.0662  -37.7139   -0.3437    3.0462   -0.3334   -4.1876
   0.350000  0.189899   1.18226   4.43931   1.94831   0.03618    2.5695  -23.2719   -0.2234    1.8640   -0.2107   -2.7194
   0.400000  0.254328   1.38929   3.76737   2.05183   0.02700    1.6446  -14.4585   -0.1496    1.1488   -0.1349   -1.8193
   0.450000  0.328082   1.55153   2.64746   2.11847   0.02075    1.0650   -9.1669   -0.1037    0.7277   -0.0876   -1.2580
   0.500000  0.408362   1.64658   1.07959   2.16176   0.01636    0.6935   -5.9527   -0.0740    0.4817   -0.0575   -0.8957
   0.550000  0.491247   1.65203  -0.93624   2.18992   0.01320    0.4497   -3.9516   -0.0538    0.3392   -0.0380   -0.6496
   0.600000  0.571698   1.54548  -3.40004   2.20806   0.01090    0.2863   -2.6752   -0.0390    0.2595   -0.0252   -0.4702
   0.650000  0.643555   1.30456  -6.14098   2.21941   0.00925    0.1745   -1.8379   -0.0272    0.2165   -0.0165   -0.3268
   0.700000  0.700000   1.00000  -2.77618   2.22609   0.00815    0.1041   -0.7503   -0.0182    0.0921   -0.0109   -0.2187
   0.750000  0.750000   1.00000   0.00000   2.23076   0.00729    0.0834   -0.3722   -0.0163    0.0350   -0.0100   -0.1957
   0.800000  0.800000   1.00000   0.00000   2.23449   0.00652    0.0666   -0.3035   -0.0147    0.0304   -0.0097   -0.1762
   0.850000  0.850000   1.00000   0.00000   2.23747   0.00582    0.0528   -0.2492   -0.0132    0.0275   -0.0101   -0.1590
   0.900000  0.900000   1.00000   0.00000   2.23982   0.00519    0.0415   -0.2056   -0.0119    0.0259   -0.0115   -0.1434
   0.950000  0.950000   1.00000   0.00000   2.24165   0.00463    0.0321   -0.1685   -0.0106    0.0261   -0.0140   -0.1283
   1.000000  1.000000   1.00000   0.00000   2.24306   0.00413    0.0245   -0.1371   -0.0093    0.0260   -0.0171   -0.1113

 R DERIVATIVES (R<1,THETA=PI) FOR J=  31  Y=  3.053702  TWIST(DEG)=  0.796189  XTWIST=  0.000000  CHORD=  0.291279

     R         RBAR      DRBAR    D2RBAR      X         Z         XR        XRR       ZR        ZRR       XRT       ZRT
   0.050000  0.012171   0.24343   0.00000  -3.55806   0.08314  119.6276-4783.4652   -1.6625   66.4759   -1.6630 -119.6631
   0.100000  0.024343   0.24343   0.41196  -0.56799   0.04159   29.8936 -547.6510   -0.4154    7.6107   -0.4159  -29.9291
   0.150000  0.038059   0.32911   2.70907   0.50900   0.02662   16.5196 -150.1188   -0.2296    2.0862   -0.2302  -16.5675
   0.200000  0.058485   0.49763   3.91330   1.17568   0.01736   10.5568  -97.2296   -0.1467    1.3512   -0.1477  -10.6293
   0.250000  0.088598   0.71268   4.61128   1.59662   0.01151    6.5590  -63.8985   -0.0912    0.8880   -0.0926   -6.6628
   0.300000  0.130141   0.95100   4.84393   1.85593   0.00791    4.0192  -39.2651   -0.0559    0.5457   -0.0578   -4.1577
   0.350000  0.183698   1.18932   4.61128   2.01514   0.00569    2.4796  -23.6053   -0.0345    0.3280   -0.0369   -2.6528
   0.400000  0.248686   1.40437   3.91330   2.11399   0.00432    1.5512  -14.3467   -0.0216    0.1994   -0.0244   -1.7557
   0.450000  0.323360   1.57290   2.75001   2.17616   0.00346    0.9808   -8.9383   -0.0136    0.1242   -0.0168   -1.2098
   0.500000  0.404812   1.67162   1.12141   2.21554   0.00291    0.6210   -5.7166   -0.0086    0.0794   -0.0120   -0.8645
   0.550000  0.488971   1.67728  -0.97251   2.24036   0.00256    0.3887   -3.7295   -0.0054    0.0518   -0.0088   -0.6329
   0.600000  0.570601   1.56661  -3.53174   2.25572   0.00235    0.2363   -2.4565   -0.0033    0.0341   -0.0065   -0.4644
   0.650000  0.643306   1.31635  -6.37885   2.26485   0.00222    0.1358   -1.6058   -0.0019    0.0223   -0.0046   -0.3275
   0.700000  0.700000   1.00000  -2.88371   2.26989   0.00215    0.0758   -0.6431   -0.0011    0.0089   -0.0031   -0.2214
   0.750000  0.750000   1.00000   0.00000   2.27318   0.00211    0.0566   -0.3452   -0.0008    0.0048   -0.0028   -0.2023
   0.800000  0.800000   1.00000   0.00000   2.27561   0.00207    0.0410   -0.2844   -0.0006    0.0040   -0.0026   -0.1866
   0.850000  0.850000   1.00000   0.00000   2.27732   0.00205    0.0280   -0.2372   -0.0004    0.0033   -0.0024   -0.1736
   0.900000  0.900000   1.00000   0.00000   2.27844   0.00204    0.0171   -0.1996   -0.0002    0.0028   -0.0023   -0.1627
   0.950000  0.950000   1.00000   0.00000   2.27906   0.00203    0.0079   -0.1702   -0.0001    0.0024   -0.0021   -0.1535
   1.000000  1.000000   1.00000   0.00000   2.27925   0.00202    0.0000   -0.1446    0.0000    0.0020   -0.0020   -0.1456

 R DERIVATIVES (R<1,THETA=PI) FOR J=  32  Y=  3.104006  TWIST(DEG)=  0.795997  XTWIST=  0.000000  CHORD=  0.285790

     R         RBAR      DRBAR    D2RBAR      X         Z         XR        XRR       ZR        ZRR       XRT       ZRT
   0.050000  0.011892   0.23785   0.00000  -3.54879   0.08347  120.1294-4803.6015   -1.6690   66.7397   -1.6695 -120.1634
   0.100000  0.023785   0.23785   0.41500  -0.54614   0.04175   30.0196 -548.3664   -0.4171    7.6188   -0.4176  -30.0536
   0.150000  0.037233   0.32416   2.72906   0.53781   0.02669   16.6818 -150.4159   -0.2318    2.0898   -0.2324  -16.7281
   0.200000  0.057441   0.49392   3.94218   1.21138   0.01734   10.6592  -98.8264   -0.1481    1.3731   -0.1491  -10.7298
   0.250000  0.087407   0.71056   4.64530   1.63562   0.01144    6.5937  -64.9048   -0.0916    0.9018   -0.0930   -6.6952
   0.300000  0.128888   0.95064   4.87968   1.89570   0.00783    4.0203  -39.6553   -0.0559    0.5510   -0.0577   -4.1562
   0.350000  0.182471   1.19072   4.64530   2.05463   0.00562    2.4698  -23.6982   -0.0343    0.3293   -0.0367   -2.6399
   0.400000  0.247569   1.40736   3.94218   2.15293   0.00425    1.5399  -14.3318   -0.0214    0.1991   -0.0242   -1.7410
   0.450000  0.322425   1.57712   2.77031   2.21457   0.00340    0.9711   -8.8944   -0.0135    0.1236   -0.0166   -1.1965
   0.500000  0.404110   1.67658   1.12969   2.25352   0.00286    0.6137   -5.6715   -0.0085    0.0788   -0.0119   -0.8532
   0.550000  0.488520   1.68228  -0.97969   2.27803   0.00252    0.3834   -3.6915   -0.0053    0.0513   -0.0087   -0.6238
   0.600000  0.570384   1.57080  -3.55781   2.29317   0.00231    0.2327   -2.4270   -0.0032    0.0337   -0.0064   -0.4571
   0.650000  0.643256   1.31869  -6.42593   2.30216   0.00218    0.1335   -1.5840   -0.0019    0.0220   -0.0045   -0.3219
   0.700000  0.700000   1.00000  -2.90499   2.30711   0.00211    0.0744   -0.6326   -0.0010    0.0088   -0.0030   -0.2172
   0.750000  0.750000   1.00000   0.00000   2.31034   0.00207    0.0556   -0.3387   -0.0008    0.0047   -0.0028   -0.1984
   0.800000  0.800000   1.00000   0.00000   2.31272   0.00203    0.0402   -0.2790   -0.0006    0.0039   -0.0025   -0.1831
   0.850000  0.850000   1.00000   0.00000   2.31440   0.00201    0.0274   -0.2327   -0.0004    0.0032   -0.0024   -0.1703
   0.900000  0.900000   1.00000   0.00000   2.31550   0.00200    0.0168   -0.1959   -0.0002    0.0027   -0.0022   -0.1596
   0.950000  0.950000   1.00000   0.00000   2.31610   0.00199    0.0077   -0.1670   -0.0001    0.0023   -0.0021   -0.1506
   1.000000  1.000000   1.00000   0.00000   2.31629   0.00199    0.0000   -0.1419    0.0000    0.0020   -0.0020   -0.1429

 R DERIVATIVES (R<1,THETA=PI) FOR J=  33  Y=  3.160801  TWIST(DEG)=  0.795874  XTWIST=  0.000000  CHORD=  0.280125

     R         RBAR      DRBAR    D2RBAR      X         Z         XR        XRR       ZR        ZRR       XRT       ZRT
   0.050000  0.011601   0.23202   0.00000  -3.53916   0.08386  120.7035-4826.6324   -1.6768   67.0492   -1.6772 -120.7360
   0.100000  0.023202   0.23202   0.41817  -0.52214   0.04195   30.1637 -549.2487   -0.4190    7.6299   -0.4195  -30.1962
   0.150000  0.036372   0.31899   2.74990   0.56969   0.02678   16.8629 -150.8012   -0.2343    2.0949   -0.2349  -16.9076
   0.200000  0.056352   0.49006   3.97229   1.25090   0.01732   10.7720 -100.6173   -0.1496    1.3977   -0.1506  -10.8407
   0.250000  0.086164   0.70835   4.68079   1.67876   0.01137    6.6314  -66.0073   -0.0921    0.9169   -0.0935   -6.7306
   0.300000  0.127581   0.95026   4.91695   1.93967   0.00775    4.0216  -40.0743   -0.0559    0.5567   -0.0577   -4.1547
   0.350000  0.181191   1.19218   4.68079   2.09830   0.00554    2.4593  -23.7955   -0.0342    0.3306   -0.0365   -2.6263
   0.400000  0.246405   1.41047   3.97229   2.19601   0.00419    1.5280  -14.3146   -0.0212    0.1989   -0.0240   -1.7255
   0.450000  0.321451   1.58153   2.79147   2.25710   0.00334    0.9610   -8.8473   -0.0133    0.1229   -0.0164   -1.1825
   0.500000  0.403377   1.68175   1.13832   2.29560   0.00280    0.6060   -5.6238   -0.0084    0.0781   -0.0117   -0.8415
   0.550000  0.488051   1.68749  -0.98717   2.31979   0.00247    0.3779   -3.6515   -0.0052    0.0507   -0.0085   -0.6143
   0.600000  0.570158   1.57516  -3.58498   2.33470   0.00226    0.2290   -2.3960   -0.0032    0.0333   -0.0062   -0.4496
   0.650000  0.643205   1.32112  -6.47501   2.34353   0.00214    0.1311   -1.5612   -0.0018    0.0217   -0.0044   -0.3161
   0.700000  0.700000   1.00000  -2.92719   2.34839   0.00207    0.0729   -0.6216   -0.0010    0.0086   -0.0030   -0.2129
   0.750000  0.750000   1.00000   0.00000   2.35155   0.00203    0.0545   -0.3320   -0.0008    0.0046   -0.0027   -0.1945
   0.800000  0.800000   1.00000   0.00000   2.35389   0.00199    0.0394   -0.2735   -0.0005    0.0038   -0.0025   -0.1794
   0.850000  0.850000   1.00000   0.00000   2.35554   0.00197    0.0269   -0.2281   -0.0004    0.0032   -0.0023   -0.1669
   0.900000  0.900000   1.00000   0.00000   2.35661   0.00196    0.0164   -0.1920   -0.0002    0.0027   -0.0022   -0.1565
   0.950000  0.950000   1.00000   0.00000   2.35721   0.00195    0.0076   -0.1637   -0.0001    0.0023   -0.0021   -0.1476
   1.000000  1.000000   1.00000   0.00000   2.35739   0.00195    0.0000   -0.1391    0.0000    0.0019   -0.0019   -0.1400

 R DERIVATIVES (R<1,THETA=PI) FOR J=  34  Y=  3.232024  TWIST(DEG)=  0.795750  XTWIST=  0.000000  CHORD=  0.274238

     R         RBAR      DRBAR    D2RBAR      X         Z         XR        XRR       ZR        ZRR       XRT       ZRT
   0.050000  0.011290   0.22580   0.00000  -3.52829   0.08434  121.4253-4855.5718   -1.6865   67.4407   -1.6869 -121.4563
   0.100000  0.022580   0.22580   0.42156  -0.49319   0.04219   30.3447 -550.5640   -0.4215    7.6470   -0.4219  -30.3757
   0.150000  0.035451   0.31348   2.77219   0.60819   0.02689   17.0779 -151.3648   -0.2372    2.1024   -0.2378  -17.1209
   0.200000  0.055188   0.48592   4.00449   1.29841   0.01731   10.9040 -102.7255   -0.1514    1.4268   -0.1524  -10.9706
   0.250000  0.084837   0.70599   4.71873   1.73049   0.01130    6.6761  -67.2752   -0.0927    0.9344   -0.0941   -6.7728
   0.300000  0.126183   0.94986   4.95680   1.99242   0.00767    4.0245  -40.5518   -0.0559    0.5632   -0.0577   -4.1547
   0.350000  0.179823   1.19373   4.71873   2.15079   0.00547    2.4489  -23.9089   -0.0340    0.3321   -0.0363   -2.6126
   0.400000  0.245160   1.41380   4.00449   2.24791   0.00412    1.5156  -14.3000   -0.0211    0.1986   -0.0237   -1.7095
   0.450000  0.320409   1.58625   2.81409   2.30841   0.00328    0.9505   -8.7990   -0.0132    0.1222   -0.0162   -1.1680
   0.500000  0.402594   1.68727   1.14754   2.34645   0.00275    0.5980   -5.5741   -0.0083    0.0774   -0.0115   -0.8293
   0.550000  0.487549   1.69306  -0.99517   2.37030   0.00242    0.3722   -3.6098   -0.0052    0.0501   -0.0084   -0.6043
   0.600000  0.569916   1.57982  -3.61404   2.38497   0.00221    0.2251   -2.3637   -0.0031    0.0328   -0.0061   -0.4417
   0.650000  0.643150   1.32372  -6.52749   2.39365   0.00209    0.1286   -1.5375   -0.0018    0.0214   -0.0043   -0.3101
   0.700000  0.700000   1.00000  -2.95091   2.39841   0.00203    0.0714   -0.6103   -0.0010    0.0085   -0.0029   -0.2085
   0.750000  0.750000   1.00000   0.00000   2.40151   0.00198    0.0533   -0.3250   -0.0007    0.0045   -0.0026   -0.1904
   0.800000  0.800000   1.00000   0.00000   2.40380   0.00195    0.0386   -0.2678   -0.0005    0.0037   -0.0024   -0.1757
   0.850000  0.850000   1.00000   0.00000   2.40541   0.00193    0.0263   -0.2233   -0.0004    0.0031   -0.0023   -0.1634
   0.900000  0.900000   1.00000   0.00000   2.40646   0.00191    0.0161   -0.1880   -0.0002    0.0026   -0.0021   -0.1532
   0.950000  0.950000   1.00000   0.00000   2.40704   0.00191    0.0074   -0.1602   -0.0001    0.0022   -0.0020   -0.1445
   1.000000  1.000000   1.00000   0.00000   2.40722   0.00190    0.0000   -0.1362    0.0000    0.0019   -0.0019   -0.1371

 R DERIVATIVES (R<1,THETA=PI) FOR J=  35  Y=  3.330604  TWIST(DEG)=  0.795595  XTWIST=  0.000000  CHORD=  0.268898

     R         RBAR      DRBAR    D2RBAR      X         Z         XR        XRR       ZR        ZRR       XRT       ZRT
   0.050000  0.010981   0.21962   0.00000  -3.51531   0.08501  122.4100-4895.0237   -1.6999   67.9754   -1.7003 -122.4395
   0.100000  0.021962   0.21962   0.42492  -0.45557   0.04252   30.5914 -552.9484   -0.4248    7.6786   -0.4252  -30.6210
   0.150000  0.034537   0.30800   2.79431   0.65793   0.02706   17.3361 -152.2799   -0.2407    2.1147   -0.2413  -17.3775
   0.200000  0.054032   0.48182   4.03644   1.35886   0.01733   11.0610 -105.1633   -0.1536    1.4604   -0.1545  -11.1258
   0.250000  0.083519   0.70364   4.75637   1.79608   0.01125    6.7333  -68.7155   -0.0935    0.9542   -0.0948   -6.8279
   0.300000  0.124797   0.94946   4.99635   2.05950   0.00760    4.0340  -41.1080   -0.0560    0.5709   -0.0578   -4.1617
   0.350000  0.178465   1.19528   4.75637   2.21786   0.00540    2.4423  -24.0611   -0.0339    0.3341   -0.0361   -2.6029
   0.400000  0.243924   1.41710   4.03644   2.31453   0.00405    1.5057  -14.3070   -0.0209    0.1987   -0.0236   -1.6962
   0.450000  0.319375   1.59092   2.83654   2.37455   0.00322    0.9415   -8.7638   -0.0131    0.1217   -0.0160   -1.1554
   0.500000  0.401817   1.69275   1.15670   2.41219   0.00270    0.5909   -5.5330   -0.0082    0.0768   -0.0114   -0.8185
   0.550000  0.487050   1.69859  -1.00311   2.43573   0.00237    0.3671   -3.5738   -0.0051    0.0496   -0.0083   -0.5955
   0.600000  0.569676   1.58444  -3.64287   2.45020   0.00217    0.2217   -2.3352   -0.0031    0.0324   -0.0060   -0.4347
   0.650000  0.643095   1.32631  -6.57957   2.45873   0.00205    0.1264   -1.5164   -0.0018    0.0211   -0.0042   -0.3047
   0.700000  0.700000   1.00000  -2.97445   2.46340   0.00199    0.0700   -0.6000   -0.0010    0.0083   -0.0028   -0.2044
   0.750000  0.750000   1.00000   0.00000   2.46644   0.00194    0.0523   -0.3187   -0.0007    0.0044   -0.0026   -0.1867
   0.800000  0.800000   1.00000   0.00000   2.46869   0.00191    0.0378   -0.2626   -0.0005    0.0036   -0.0024   -0.1722
   0.850000  0.850000   1.00000   0.00000   2.47027   0.00189    0.0258   -0.2189   -0.0004    0.0030   -0.0022   -0.1603
   0.900000  0.900000   1.00000   0.00000   2.47130   0.00188    0.0158   -0.1843   -0.0002    0.0026   -0.0021   -0.1502
   0.950000  0.950000   1.00000   0.00000   2.47187   0.00187    0.0073   -0.1571   -0.0001    0.0022   -0.0020   -0.1417
   1.000000  1.000000   1.00000   0.00000   2.47205   0.00187    0.0000   -0.1335    0.0000    0.0019   -0.0019   -0.1344

 R DERIVATIVES (R<1,THETA=PI) FOR J=  36  Y=  3.478734  TWIST(DEG)=  0.795386  XTWIST=  0.000000  CHORD=  0.267348

     R         RBAR      DRBAR    D2RBAR      X         Z         XR        XRR       ZR        ZRR       XRT       ZRT
   0.050000  0.010793   0.21587   0.00000  -3.49981   0.08597  123.8214-4951.5093   -1.7190   68.7418   -1.7194 -123.8503
   0.100000  0.021587   0.21587   0.42697  -0.40478   0.04300   30.9445 -557.9862   -0.4296    7.7465   -0.4300  -30.9734
   0.150000  0.033981   0.30467   2.80775   0.72361   0.02733   17.6125 -153.8587   -0.2445    2.1360   -0.2451  -17.6532
   0.200000  0.053330   0.47933   4.05585   1.43585   0.01745   11.2312 -107.4137   -0.1559    1.4912   -0.1568  -11.2953
   0.250000  0.082718   0.70222   4.77925   1.87909   0.01129    6.8118  -70.0682   -0.0946    0.9728   -0.0959   -6.9057
   0.300000  0.123954   0.94922   5.02038   2.14510   0.00760    4.0653  -41.7159   -0.0564    0.5791   -0.0582   -4.1922
   0.350000  0.177640   1.19622   4.77925   2.30445   0.00539    2.4535  -24.3062   -0.0341    0.3374   -0.0363   -2.6133
   0.400000  0.243174   1.41910   4.05585   2.40145   0.00404    1.5090  -14.4004   -0.0209    0.1999   -0.0236   -1.6987
   0.450000  0.318747   1.59377   2.85019   2.46155   0.00321    0.9418   -8.7967   -0.0131    0.1221   -0.0160   -1.1549
   0.500000  0.401345   1.69609   1.16226   2.49918   0.00268    0.5904   -5.5422   -0.0082    0.0769   -0.0113   -0.8171
   0.550000  0.486748   1.70195  -1.00793   2.52269   0.00236    0.3663   -3.5741   -0.0051    0.0496   -0.0082   -0.5938
   0.600000  0.569530   1.58725  -3.66040   2.53711   0.00216    0.2210   -2.3325   -0.0031    0.0324   -0.0060   -0.4331
   0.650000  0.643062   1.32788  -6.61122   2.54561   0.00204    0.1259   -1.5130   -0.0017    0.0210   -0.0042   -0.3033
   0.700000  0.700000   1.00000  -2.98876   2.55026   0.00197    0.0696   -0.5976   -0.0010    0.0083   -0.0028   -0.2032
   0.750000  0.750000   1.00000   0.00000   2.55329   0.00193    0.0520   -0.3168   -0.0007    0.0044   -0.0026   -0.1856
   0.800000  0.800000   1.00000   0.00000   2.55551   0.00190    0.0376   -0.2610   -0.0005    0.0036   -0.0024   -0.1713
   0.850000  0.850000   1.00000   0.00000   2.55709   0.00188    0.0257   -0.2177   -0.0004    0.0030   -0.0022   -0.1593
   0.900000  0.900000   1.00000   0.00000   2.55811   0.00187    0.0157   -0.1832   -0.0002    0.0025   -0.0021   -0.1493
   0.950000  0.950000   1.00000   0.00000   2.55868   0.00186    0.0072   -0.1562   -0.0001    0.0022   -0.0020   -0.1409
   1.000000  1.000000   1.00000   0.00000   2.55886   0.00186    0.0000   -0.1328    0.0000    0.0018   -0.0019   -0.1337

 R DERIVATIVES (R<1,THETA=PI) FOR J=  37  Y=  3.717450  TWIST(DEG)=  0.795100  XTWIST=  0.000000  CHORD=  0.276927

     R         RBAR      DRBAR    D2RBAR      X         Z         XR        XRR       ZR        ZRR       XRT       ZRT
   0.050000  0.010999   0.21998   0.00000  -3.48302   0.08735  125.8581-5032.9024   -1.7467   69.8466   -1.7471 -125.8885
   0.100000  0.021998   0.21998   0.42473  -0.33709   0.04369   31.4531 -568.6521   -0.4365    7.8918   -0.4369  -31.4836
   0.150000  0.034590   0.30832   2.79302   0.80758   0.02781   17.8171 -156.5872   -0.2473    2.1731   -0.2479  -17.8598
   0.200000  0.054100   0.48206   4.03457   1.52793   0.01781   11.3684 -108.0263   -0.1578    1.4992   -0.1587  -11.4352
   0.250000  0.083596   0.70378   4.75417   1.97737   0.01157    6.9228  -70.5968   -0.0961    0.9797   -0.0974   -7.0203
   0.300000  0.124878   0.94948   4.99404   2.24825   0.00781    4.1491  -42.2526   -0.0576    0.5864   -0.0594   -4.2806
   0.350000  0.178544   1.19519   4.75417   2.41115   0.00555    2.5127  -24.7418   -0.0349    0.3434   -0.0372   -2.6782
   0.400000  0.243997   1.41691   4.03457   2.51062   0.00417    1.5495  -14.7168   -0.0215    0.2042   -0.0242   -1.7456
   0.450000  0.319435   1.59065   2.83523   2.57240   0.00331    0.9690   -9.0172   -0.0134    0.1251   -0.0165   -1.1892
   0.500000  0.401862   1.69243   1.15616   2.61114   0.00278    0.6083   -5.6941   -0.0084    0.0790   -0.0117   -0.8426
   0.550000  0.487080   1.69827  -1.00265   2.63538   0.00244    0.3780   -3.6785   -0.0052    0.0510   -0.0085   -0.6131
   0.600000  0.569690   1.58417  -3.64119   2.65027   0.00223    0.2282   -2.4039   -0.0032    0.0334   -0.0062   -0.4476
   0.650000  0.643098   1.32616  -6.57652   2.65905   0.00211    0.1302   -1.5611   -0.0018    0.0217   -0.0044   -0.3138
   0.700000  0.700000   1.00000  -2.97308   2.66387   0.00204    0.0721   -0.6179   -0.0010    0.0086   -0.0029   -0.2105
   0.750000  0.750000   1.00000   0.00000   2.66700   0.00200    0.0538   -0.3282   -0.0007    0.0046   -0.0027   -0.1923
   0.800000  0.800000   1.00000   0.00000   2.66930   0.00197    0.0389   -0.2704   -0.0005    0.0038   -0.0025   -0.1774
   0.850000  0.850000   1.00000   0.00000   2.67093   0.00195    0.0266   -0.2255   -0.0004    0.0031   -0.0023   -0.1650
   0.900000  0.900000   1.00000   0.00000   2.67200   0.00193    0.0162   -0.1898   -0.0002    0.0026   -0.0021   -0.1547
   0.950000  0.950000   1.00000   0.00000   2.67258   0.00192    0.0075   -0.1618   -0.0001    0.0022   -0.0020   -0.1459
   1.000000  1.000000   1.00000   0.00000   2.67277   0.00192    0.0000   -0.1375    0.0000    0.0019   -0.0019   -0.1385

 R DERIVATIVES (R<1,THETA=PI) FOR J=  38  Y=  4.160459  TWIST(DEG)=  0.794694  XTWIST=  0.000000  CHORD=  0.293936

     R         RBAR      DRBAR    D2RBAR      X         Z         XR        XRR       ZR        ZRR       XRT       ZRT
   0.050000  0.011401   0.22801   0.00000  -3.46875   0.08941  128.8819-5153.7165   -1.7877   71.4867   -1.7882 -128.9154
   0.100000  0.022801   0.22801   0.42035  -0.24728   0.04472   32.2079 -585.1303   -0.4468    8.1163   -0.4472  -32.2414
   0.150000  0.035778   0.31544   2.76426   0.92057   0.02852   18.0829 -160.7848   -0.2508    2.2302   -0.2515  -18.1292
   0.200000  0.055602   0.48740   3.99303   1.65129   0.01839   11.5480 -108.4530   -0.1602    1.5043   -0.1612  -11.6196
   0.250000  0.085309   0.70683   4.70522   2.10928   0.01203    7.0844  -71.0739   -0.0983    0.9859   -0.0997   -7.1882
   0.300000  0.126681   0.95000   4.94262   2.38751   0.00817    4.2799  -42.9534   -0.0594    0.5958   -0.0613   -4.4195
   0.350000  0.180310   1.19318   4.70522   2.55607   0.00584    2.6089  -25.3896   -0.0362    0.3522   -0.0386   -2.7843
   0.400000  0.245603   1.41261   3.99303   2.65960   0.00440    1.6169  -15.2171   -0.0224    0.2111   -0.0253   -1.8245
   0.450000  0.320780   1.58457   2.80604   2.72419   0.00350    1.0151   -9.3782   -0.0141    0.1301   -0.0173   -1.2479
   0.500000  0.402873   1.68530   1.14426   2.76483   0.00294    0.6391   -5.9482   -0.0089    0.0825   -0.0123   -0.8868
   0.550000  0.487727   1.69108  -0.99232   2.79032   0.00259    0.3981   -3.8557   -0.0055    0.0535   -0.0090   -0.6466
   0.600000  0.570002   1.57816  -3.60370   2.80602   0.00237    0.2409   -2.5266   -0.0033    0.0350   -0.0066   -0.4729
   0.650000  0.643169   1.32280  -6.50881   2.81531   0.00224    0.1378   -1.6444   -0.0019    0.0228   -0.0046   -0.3322
   0.700000  0.700000   1.00000  -2.94247   2.82041   0.00217    0.0765   -0.6535   -0.0011    0.0091   -0.0031   -0.2234
   0.750000  0.750000   1.00000   0.00000   2.82373   0.00212    0.0571   -0.3483   -0.0008    0.0048   -0.0028   -0.2041
   0.800000  0.800000   1.00000   0.00000   2.82618   0.00209    0.0413   -0.2870   -0.0006    0.0040   -0.0026   -0.1883
   0.850000  0.850000   1.00000   0.00000   2.82791   0.00207    0.0282   -0.2393   -0.0004    0.0033   -0.0024   -0.1752
   0.900000  0.900000   1.00000   0.00000   2.82904   0.00205    0.0172   -0.2015   -0.0002    0.0028   -0.0023   -0.1642
   0.950000  0.950000   1.00000   0.00000   2.82966   0.00204    0.0079   -0.1717   -0.0001    0.0024   -0.0021   -0.1549
   1.000000  1.000000   1.00000   0.00000   2.82986   0.00204    0.0000   -0.1460    0.0000    0.0020   -0.0020   -0.1470

 * CONSTY DONE *

 * CNSTHM DONE *

 * TIDYUP DONE *

 * RUN COMPLETE *
