2 0.000000 100.000000 5791.461216
1646 1426 
1 -51.980419 0.000000 -52.508739 99.877571 -0.031184 4.884924 0.000061 
2 61.980419 0.000000 -52.508739 99.878150 -0.217969 4.861383 0.000067 
3 61.980419 0.000000 53.378214 99.885067 0.245475 4.856673 -0.000067 
4 -51.980419 0.000000 53.378214 99.883793 0.035973 4.885155 -0.000064 
5 5.000000 0.000000 0.434738 65.039280 0.839376 0.154782 0.576916 
6 -51.980419 0.000000 0.434738 99.880261 0.002633 4.888041 0.000004 
7 5.000000 0.000000 -52.508739 99.871278 -0.109578 4.872892 0.000197 
8 61.980419 0.000000 0.434738 100.013052 -1.947513 2.155063 -0.001105 
9 5.000000 0.000000 53.378214 99.891609 0.118754 4.872184 -0.000209 
10 33.490210 0.000000 26.906476 99.898051 0.501402 4.775475 -0.000268 
11 5.000000 0.000000 26.906476 99.930062 0.226276 4.838438 -0.000948 
12 33.490210 0.000000 0.434738 100.064944 -5.675842 0.962983 -0.004614 
13 61.980419 0.000000 26.906476 99.889166 0.496193 4.761989 -0.000077 
14 33.490210 0.000000 53.378214 99.888758 0.181931 4.860927 -0.000143 
15 -23.490210 0.000000 26.906476 99.892390 0.070576 4.886321 -0.000237 
16 -51.980419 0.000000 26.906476 99.883389 0.025461 4.886935 -0.000057 
17 -23.490210 0.000000 0.434738 99.876579 0.005848 4.897433 0.000068 
18 -23.490210 0.000000 53.378214 99.887696 0.068767 4.882378 -0.000139 
19 33.490210 0.000000 -26.037001 99.870100 -0.454476 4.790514 0.000281 
20 5.000000 0.000000 -26.037001 99.838976 -0.211271 4.839426 0.000871 
21 33.490210 0.000000 -52.508739 99.874304 -0.166695 4.863615 0.000144 
22 61.980419 0.000000 -26.037001 99.881062 -0.416711 4.795436 0.000060 
23 19.245105 0.000000 13.670607 99.969577 0.793237 4.473547 -0.001456 
24 5.000000 0.000000 13.670607 100.091308 0.191993 4.737324 -0.004075 
25 19.245105 0.000000 0.434738 99.152524 17.971085 18.490488 -0.049608 
26 33.490210 0.000000 13.670607 99.914530 0.963897 4.447482 -0.000362 
27 19.245105 0.000000 26.906476 99.919745 0.358452 4.790323 -0.000703 
28 -23.490210 0.000000 -26.037001 99.868644 -0.060974 4.883951 0.000240 
29 -51.980419 0.000000 -26.037001 99.877588 -0.020002 4.886529 0.000059 
30 -23.490210 0.000000 -52.508739 99.874179 -0.061993 4.882033 0.000131 
31 -9.245105 0.000000 13.670607 99.924013 0.114608 4.901345 -0.000884 
32 -23.490210 0.000000 13.670607 99.888971 0.048691 4.891988 -0.000174 
33 -9.245105 0.000000 0.434738 99.828747 -0.003589 4.919622 0.001002 
34 -9.245105 0.000000 26.906476 99.907813 0.130323 4.876639 -0.000537 
35 19.245105 0.000000 -12.801131 99.808956 -0.768306 4.506346 0.001727 
36 5.000000 0.000000 -12.801131 99.822497 -0.349434 4.743178 0.001285 
37 19.245105 0.000000 -26.037001 99.849982 -0.334268 4.800019 0.000683 
38 33.490210 0.000000 -12.801131 99.876034 -0.872501 4.529793 0.000350 
39 12.122552 0.000000 7.052672 99.956797 0.772532 3.912733 -0.000727 
40 5.000000 0.000000 7.052672 100.191076 0.050450 4.539760 -0.005886 
41 12.122552 0.000000 0.434738 99.038904 14.123076 0.354017 -0.000829 
42 19.245105 0.000000 7.052672 99.977700 1.366553 3.643782 -0.001069 
43 12.122552 0.000000 13.670607 100.034501 0.615907 4.553852 -0.002802 
44 -9.245105 0.000000 -12.801131 99.828901 -0.102182 4.881509 0.001035 
45 -23.490210 0.000000 -12.801131 99.867557 -0.037303 4.889940 0.000256 
46 -9.245105 0.000000 -26.037001 99.856149 -0.117546 4.872447 0.000499 
47 -2.122552 0.000000 7.052672 99.903170 -0.089232 4.924093 -0.000490 
48 -9.245105 0.000000 7.052672 99.907807 -0.026324 4.947205 -0.000605 
49 -2.122552 0.000000 0.434738 98.975030 0.107186 4.672762 0.018210 
50 -2.122552 0.000000 13.670607 99.988514 0.040473 4.873663 -0.002146 
51 12.122552 0.000000 -6.183197 99.791868 -0.762336 4.089841 0.002428 
52 5.000000 0.000000 -6.183197 99.812241 -0.091942 4.538122 0.001691 
53 12.122552 0.000000 -12.801131 99.749198 -0.533093 4.585879 0.002878 
54 19.245105 0.000000 -6.183197 99.836332 -1.383431 3.750345 0.001673 
55 8.561276 0.000000 3.743705 101.215046 1.433874 2.854349 -0.025469 
56 5.000000 0.000000 3.743705 101.013007 1.098466 4.450105 -0.022464 
57 8.561276 0.000000 0.434738 74.182821 2.376511 -17.594872 0.418168 
58 12.122552 0.000000 3.743705 99.809885 0.979158 2.686864 0.002981 
59 8.561276 0.000000 7.052672 100.095513 0.304268 4.124421 -0.003622 
60 -2.122552 0.000000 -6.183197 99.865808 0.039154 4.628910 0.000539 
61 -9.245105 0.000000 -6.183197 99.817667 0.016528 4.889377 0.001253 
62 -2.122552 0.000000 -12.801131 99.799083 0.014057 4.831412 0.001680 
63 1.438724 0.000000 3.743705 99.919576 0.083219 5.489396 -0.001406 
64 -2.122552 0.000000 3.743705 99.630625 -0.272016 5.090314 0.004775 
65 1.438724 0.000000 0.434738 55.008116 0.178428 8.379278 0.690386 
66 1.438724 0.000000 7.052672 99.974372 -0.275546 4.824756 -0.001823 
67 8.561276 0.000000 -2.874230 98.785067 -1.735680 4.376597 0.021934 
68 5.000000 0.000000 -2.874230 99.974129 -1.750015 5.007089 -0.002296 
69 8.561276 0.000000 -6.183197 99.786076 -0.377464 4.354086 0.002364 
70 12.122552 0.000000 -2.874230 99.577172 -1.271069 3.089299 0.007323 
71 6.780638 0.000000 2.089221 103.945357 1.186452 4.271445 -0.082429 
72 5.000000 0.000000 2.089221 101.973480 2.634700 5.301847 -0.043364 
73 6.780638 0.000000 0.434738 69.778028 -0.099469 1.828437 0.512767 
74 8.561276 0.000000 2.089221 101.031795 0.979794 -0.028769 -0.020838 
75 6.780638 0.000000 3.743705 101.668384 1.691655 3.892134 -0.035447 
76 47.735315 0.000000 -12.801131 99.889736 -0.936263 4.567479 0.000030 
77 47.735315 0.000000 -26.037001 99.877828 -0.484542 4.791488 0.000123 
78 61.980419 0.000000 -12.801131 99.891893 -0.912721 4.594076 -0.000033 
79 47.735315 0.000000 0.434738 100.031091 -1.816438 1.760848 -0.001262 
80 26.367657 0.000000 -6.183197 99.894963 -1.459276 3.801496 0.000442 
81 26.367657 0.000000 -12.801131 99.858873 -0.848098 4.517393 0.000708 
82 33.490210 0.000000 -6.183197 99.912727 -1.452510 3.882438 0.000026 
83 26.367657 0.000000 0.434738 99.701876 -14.581275 8.182041 -0.022002 
84 15.683829 0.000000 -2.874230 99.826964 -1.567593 2.785940 0.002436 
85 15.683829 0.000000 -6.183197 99.849610 -1.255449 3.919375 0.001312 
86 19.245105 0.000000 -2.874230 99.921454 -1.775036 2.755094 0.000496 
87 15.683829 0.000000 0.434738 99.749971 15.151948 4.046916 -0.019602 
88 10.341914 0.000000 -1.219746 98.016821 -1.897819 2.720765 0.038170 
89 8.561276 0.000000 -1.219746 98.392425 -0.976666 6.362124 0.027750 
90 10.341914 0.000000 -2.874230 99.011066 -2.087216 3.658053 0.017907 
91 12.122552 0.000000 -1.219746 99.351742 -1.652874 1.724152 0.012353 
92 10.341914 0.000000 0.434738 95.720998 25.663447 -6.491082 0.013674 
93 1.438724 0.000000 -2.874230 100.176737 0.163302 4.082484 -0.005207 
94 -2.122552 0.000000 -2.874230 99.701816 0.157456 4.470494 0.003954 
95 1.438724 0.000000 -6.183197 99.904209 0.025064 4.574991 -0.000178 
96 6.780638 0.000000 -1.219746 98.293020 -0.708998 4.295891 0.031952 
97 5.000000 0.000000 -1.219746 98.524812 -0.748091 4.544712 0.027165 
98 6.780638 0.000000 -2.874230 98.895021 -1.551757 4.754891 0.019476 
99 47.735315 0.000000 13.670607 99.906354 1.152414 4.413385 -0.000209 
100 61.980419 0.000000 13.670607 99.907175 1.222884 4.363126 -0.000198 
101 47.735315 0.000000 26.906476 99.891530 0.556009 4.767983 -0.000136 
102 26.367657 0.000000 7.052672 99.955901 1.495729 3.580025 -0.000624 
103 33.490210 0.000000 7.052672 99.952224 1.553428 3.498023 -0.000510 
104 26.367657 0.000000 13.670607 99.926093 0.902159 4.464931 -0.000597 
105 15.683829 0.000000 3.743705 99.925212 1.390843 2.495175 0.000679 
106 19.245105 0.000000 3.743705 99.969966 1.454998 2.348858 -0.000163 
107 15.683829 0.000000 7.052672 99.921099 1.155049 3.812333 -0.000009 
108 10.341914 0.000000 2.089221 99.802984 -0.011157 0.244054 0.003930 
109 12.122552 0.000000 2.089221 99.709433 0.795791 0.749393 0.005683 
110 10.341914 0.000000 3.743705 100.206382 1.014208 2.303277 -0.004765 
111 9.451595 0.000000 -0.392504 91.018631 -0.005617 19.844324 0.132181 
112 8.561276 0.000000 -0.392504 77.782666 -0.059544 12.446853 0.379493 
113 9.451595 0.000000 -1.219746 96.871138 -1.829042 4.927331 0.058836 
114 10.341914 0.000000 -0.392504 98.164678 -4.438222 -1.575614 0.034152 
115 9.451595 0.000000 0.434738 81.945540 27.688668 -7.479527 0.246232 
116 13.903191 0.000000 -1.219746 99.718568 -1.888317 1.886171 0.004908 
117 13.903191 0.000000 -2.874230 99.712463 -1.463797 2.813464 0.004737 
118 15.683829 0.000000 -1.219746 99.853780 -1.965336 1.829343 0.002201 
119 13.903191 0.000000 0.434738 99.526503 13.991514 1.749106 -0.010435 
120 11.232233 0.000000 -0.392504 98.962081 -6.256631 0.064449 0.016736 
121 11.232233 0.000000 -1.219746 98.920761 -2.437067 2.360451 0.020317 
122 12.122552 0.000000 -0.392504 99.391046 -7.471018 0.654614 0.006518 
123 11.232233 0.000000 0.434738 98.402308 16.655661 -1.409978 0.003759 
124 9.451595 0.000000 1.261980 100.487750 -0.083246 -4.634240 -0.011927 
125 8.561276 0.000000 1.261980 101.331332 0.899416 -5.164648 -0.029552 
126 10.341914 0.000000 1.261980 99.104232 0.545984 -2.762306 0.017042 
127 9.451595 0.000000 2.089221 100.304502 0.796413 -0.325285 -0.006173 
128 9.896755 0.000000 0.021117 119.055858 -16.563623 -16.908231 -0.473454 
129 9.451595 0.000000 0.021117 100.088846 4.203823 -9.594624 -0.012751 
130 9.896755 0.000000 -0.392504 110.748820 6.823024 46.980268 -0.451900 
131 10.341914 0.000000 0.021117 101.017493 -23.998847 -5.215982 -0.080769 
132 9.896755 0.000000 0.434738 131.672968 -45.006193 -93.769676 -1.815608 
133 7.670957 0.000000 -0.392504 73.707114 0.081683 3.060016 0.455789 
134 6.780638 0.000000 -0.392504 70.466508 0.473771 1.525942 0.503192 
135 7.670957 0.000000 -1.219746 98.974990 -0.862335 4.419631 0.018367 
136 7.670957 0.000000 0.434738 68.971333 0.066045 -3.161613 0.523296 
137 9.006436 0.000000 0.021117 84.760545 4.789220 1.201396 0.279127 
138 8.561276 0.000000 0.021117 77.252433 1.324778 3.541860 0.401776 
139 9.006436 0.000000 -0.392504 84.391040 -0.037400 18.534137 0.253464 
140 9.006436 0.000000 0.434738 80.532680 9.840388 -13.900473 0.322443 
141 13.903191 0.000000 2.089221 99.882998 0.934742 0.709296 0.002201 
142 15.683829 0.000000 2.089221 99.962324 0.958312 0.563680 0.000630 
143 13.903191 0.000000 3.743705 99.928331 1.294447 2.468702 0.000656 
144 11.232233 0.000000 1.261980 99.329526 0.423894 -1.314307 0.013174 
145 12.122552 0.000000 1.261980 99.686585 0.789820 -1.375098 0.006007 
146 11.232233 0.000000 2.089221 99.596117 0.615575 0.898032 0.007943 
147 9.896755 0.000000 0.848359 97.773044 3.227410 -6.597777 0.038648 
148 9.451595 0.000000 0.848359 99.867488 1.567400 -9.217586 -0.006094 
149 10.341914 0.000000 0.848359 98.271554 2.898242 -4.972865 0.030957 
150 9.896755 0.000000 1.261980 99.368848 0.519332 -3.654724 0.011221 
151 9.674175 0.000000 0.227927 99.580691 5.684119 -13.170033 -0.012207 
152 9.451595 0.000000 0.227927 85.900466 7.528735 -7.967892 0.250094 
153 9.674175 0.000000 0.021117 103.412355 1.825593 -10.653322 -0.081094 
154 9.896755 0.000000 0.227927 119.055858 -16.563623 -16.908231 -0.473454 
155 9.674175 0.000000 0.434738 98.564957 14.455728 -26.700877 -0.063696 
156 7.670957 0.000000 1.261980 68.612483 0.344349 -1.893115 0.528862 
157 6.780638 0.000000 1.261980 70.850008 0.093444 3.819688 0.496568 
158 7.670957 0.000000 2.089221 103.285594 1.670432 0.289393 -0.067079 
159 9.006436 0.000000 0.848359 80.184842 4.371828 -15.457593 0.331234 
160 8.561276 0.000000 0.848359 72.460591 1.019795 -9.103759 0.466554 
161 9.006436 0.000000 1.261980 101.584869 0.429305 -4.099059 -0.033647 
162 9.229016 0.000000 0.227927 82.118350 18.129126 -4.846579 0.290442 
163 9.006436 0.000000 0.227927 84.990329 12.338524 -16.244867 0.236051 
164 9.229016 0.000000 0.021117 92.752811 12.984912 -7.295086 0.117509 
165 9.229016 0.000000 0.434738 76.630846 16.401621 -21.287319 0.340555 
166 19.245105 0.000000 -39.272870 99.866905 -0.231533 4.851531 0.000301 
167 5.000000 0.000000 -39.272870 99.864425 -0.167398 4.863769 0.000341 
168 19.245105 0.000000 -52.508739 99.872172 -0.140598 4.867444 0.000184 
169 33.490210 0.000000 -39.272870 99.872063 -0.279872 4.844666 0.000202 
170 12.122552 0.000000 -19.419066 99.811361 -0.389706 4.755647 0.001492 
171 5.000000 0.000000 -19.419066 99.797187 -0.264761 4.806993 0.001734 
172 12.122552 0.000000 -26.037001 99.841416 -0.276409 4.816887 0.000841 
173 19.245105 0.000000 -19.419066 99.835505 -0.489611 4.724354 0.001031 
174 8.561276 0.000000 -9.492164 99.895532 0.084932 4.589210 -0.000019 
175 5.000000 0.000000 -9.492164 99.949409 0.167432 4.663943 -0.001166 
176 8.561276 0.000000 -12.801131 99.789479 -0.592150 4.678393 0.001982 
177 12.122552 0.000000 -9.492164 99.871467 -0.649657 4.497827 0.000504 
178 10.341914 0.000000 -4.528713 99.499369 -1.028064 3.708915 0.008506 
179 8.561276 0.000000 -4.528713 99.364356 -0.818325 3.958673 0.011038 
180 10.341914 0.000000 -6.183197 99.740096 -0.570462 4.207744 0.003388 
181 12.122552 0.000000 -4.528713 99.714658 -1.072917 3.689002 0.004223 
182 9.451595 0.000000 -2.046988 98.414830 -1.403993 4.100719 0.029573 
183 8.561276 0.000000 -2.046988 98.695179 -1.272138 4.670378 0.023583 
184 9.451595 0.000000 -2.874230 98.753873 -1.801448 4.016071 0.022830 
185 10.341914 0.000000 -2.046988 98.625250 -2.055573 3.362050 0.025753 
186 9.896755 0.000000 -0.806125 95.402735 -1.992403 2.286190 0.088912 
187 9.451595 0.000000 -0.806125 94.565277 -1.832732 6.455102 0.101238 
188 9.896755 0.000000 -1.219746 97.234477 -1.777851 3.466004 0.053028 
189 10.341914 0.000000 -0.806125 97.466592 -2.462592 1.305280 0.049250 
190 9.674175 0.000000 -0.185694 104.301644 -6.737138 -5.161392 -0.095086 
191 9.451595 0.000000 -0.185694 97.249376 9.910429 11.015671 0.032300 
192 9.674175 0.000000 -0.392504 103.670063 5.110682 39.584641 -0.234054 
193 9.896755 0.000000 -0.185694 119.055858 -16.563623 -16.908231 -0.473454 
194 9.562885 0.000000 0.124522 94.525407 1.142719 -4.707098 0.104148 
195 9.451595 0.000000 0.124522 92.066493 3.991499 -4.210283 0.149010 
196 9.562885 0.000000 0.021117 100.435501 2.243929 -10.235516 -0.019709 
197 9.674175 0.000000 0.124522 99.638693 3.505315 -9.316295 -0.002695 
198 9.562885 0.000000 0.227927 92.654838 3.428143 -3.366545 0.139200 
199 9.006436 0.000000 -0.806125 79.548817 -0.120085 16.065065 0.341389 
200 8.561276 0.000000 -0.806125 76.194202 -0.020053 11.182161 0.406940 
201 9.006436 0.000000 -1.219746 97.573525 -1.448625 6.148285 0.043951 
202 9.229016 0.000000 -0.185694 88.017924 5.657832 3.067306 0.221143 
203 9.006436 0.000000 -0.185694 84.646787 -0.027009 15.511406 0.259432 
204 9.229016 0.000000 -0.392504 86.938410 -0.049962 18.682267 0.209268 
205 9.340305 0.000000 0.124522 85.333482 18.444484 -4.079858 0.236135 
206 9.229016 0.000000 0.124522 84.842678 13.697636 -10.077455 0.251254 
207 9.340305 0.000000 0.021117 95.461977 15.121170 -9.391346 0.057016 
208 9.340305 0.000000 0.227927 82.645292 20.358365 -2.778611 0.274757 
209 9.674175 0.000000 0.641548 96.481676 5.659239 -11.579434 0.052518 
210 9.451595 0.000000 0.641548 97.459125 29.913498 -28.011834 -0.117776 
211 9.896755 0.000000 0.641548 96.283738 7.965315 -8.645697 0.059125 
212 9.674175 0.000000 0.848359 98.296120 2.307831 -8.112503 0.026673 
213 9.562885 0.000000 0.331332 91.282995 8.340297 -22.206212 0.110474 
214 9.451595 0.000000 0.331332 83.334083 19.846789 -8.471732 0.258977 
215 9.674175 0.000000 0.331332 101.997402 10.079732 -13.764832 -0.069454 
216 9.562885 0.000000 0.434738 88.526671 24.448109 -11.788171 0.142636 
217 9.507240 0.000000 0.176225 92.066493 3.991499 -4.210283 0.149010 
218 9.451595 0.000000 0.176225 88.441335 6.988615 -10.012008 0.202905 
219 9.507240 0.000000 0.124522 93.063681 2.991202 -4.110672 0.131331 
220 9.562885 0.000000 0.176225 92.919175 2.713820 -3.875047 0.134365 
221 9.507240 0.000000 0.227927 91.389765 4.799683 -3.719784 0.161104 
222 9.229016 0.000000 0.641548 94.375505 25.128364 -25.150938 -0.017074 
223 9.006436 0.000000 0.641548 76.867213 4.648078 -9.541606 0.397878 
224 9.229016 0.000000 0.848359 101.996708 1.752527 -8.803548 -0.048390 
225 9.340305 0.000000 0.331332 80.087527 24.743972 -7.155994 0.292252 
226 9.229016 0.000000 0.331332 79.463560 22.111232 -8.911253 0.311723 
227 9.340305 0.000000 0.434738 79.115403 25.659494 -7.843513 0.302082 
228 9.395950 0.000000 0.176225 83.966767 10.725683 -3.780836 0.282025 
229 9.340305 0.000000 0.176225 83.444139 19.226475 -3.370502 0.265606 
230 9.395950 0.000000 0.124522 87.137452 11.469678 -9.031404 0.219394 
231 9.395950 0.000000 0.227927 81.710859 15.504978 -4.418385 0.306341 
232 9.507240 0.000000 0.279630 87.226863 5.909593 -14.201301 0.215487 
233 9.451595 0.000000 0.279630 83.716468 10.168878 -6.787907 0.284207 
234 9.562885 0.000000 0.279630 92.385352 3.878195 -6.302929 0.141018 
235 9.507240 0.000000 0.331332 86.073173 13.084035 -14.417945 0.221234 
236 9.479418 0.000000 0.202076 89.080900 -1.535464 -4.600955 0.204107 
237 9.451595 0.000000 0.202076 86.211061 5.155261 -11.359231 0.241204 
238 9.479418 0.000000 0.176225 91.389765 4.799683 -3.719784 0.161104 
239 9.507240 0.000000 0.202076 91.389765 4.799683 -3.719784 0.161104 
240 9.479418 0.000000 0.227927 87.610957 5.283523 -10.982067 0.217580 
241 9.562885 0.000000 -0.082288 103.208804 1.280055 -10.349201 -0.076080 
242 9.451595 0.000000 -0.082288 103.297058 1.490286 -10.462972 -0.078198 
243 9.562885 0.000000 -0.185694 103.108616 -3.009274 -7.728354 -0.070017 
244 9.674175 0.000000 -0.082288 102.880492 -1.158188 -9.354238 -0.067324 
245 9.507240 0.000000 0.072819 94.998518 0.685676 -4.922509 0.095058 
246 9.451595 0.000000 0.072819 94.372370 1.891112 -5.413117 0.106098 
247 9.507240 0.000000 0.021117 99.756172 3.091966 -9.692530 -0.005480 
248 9.562885 0.000000 0.072819 95.798029 -0.497768 -5.578434 0.079137 
249 9.479418 0.000000 0.150373 91.693760 4.057624 -4.236580 0.155784 
250 9.451595 0.000000 0.150373 91.480271 5.015599 -4.078003 0.158957 
251 9.479418 0.000000 0.124522 92.696695 3.713915 -4.325746 0.137482 
252 9.507240 0.000000 0.150373 92.434938 3.772981 -3.635182 0.142833 
253 10.787074 0.000000 0.021117 100.732030 -31.669038 3.087954 -0.115941 
254 10.787074 0.000000 -0.392504 98.619205 -5.418904 -0.421107 0.024471 
255 11.232233 0.000000 0.021117 101.599141 -35.531475 15.064437 -0.181181 
256 10.787074 0.000000 0.434738 97.251484 20.013664 -3.447791 0.012971 
257 10.119335 0.000000 0.227927 118.583433 -20.868520 -36.956144 -0.586328 
258 10.119335 0.000000 0.021117 119.055858 -16.563623 -16.908231 -0.473454 
259 10.341914 0.000000 0.227927 131.969836 155.787059 398.126320 -19.019021 
260 10.119335 0.000000 0.434738 94.387256 28.883770 -9.577484 0.016505 
261 9.785465 0.000000 0.124522 107.294670 -1.638006 -19.197739 -0.188338 
262 9.785465 0.000000 0.021117 103.108616 -3.009274 -7.728354 -0.070017 
263 9.896755 0.000000 0.124522 119.055858 -16.563623 -16.908231 -0.473454 
264 9.785465 0.000000 0.227927 107.960124 0.195109 -19.106450 -0.202048 
265 9.618530 0.000000 0.176225 94.844867 0.985587 -4.728003 0.098113 
266 9.618530 0.000000 0.124522 95.493858 -0.042782 -5.337729 0.085243 
267 9.674175 0.000000 0.176225 96.858972 2.370869 -11.797417 0.047354 
268 9.618530 0.000000 0.227927 94.497262 1.882727 -6.699317 0.102184 
269 9.535063 0.000000 0.202076 92.434938 3.772981 -3.635182 0.142833 
270 9.535063 0.000000 0.176225 92.800842 3.693129 -3.605581 0.136136 
271 9.562885 0.000000 0.202076 92.919175 2.713820 -3.875047 0.134365 
272 9.535063 0.000000 0.227927 91.412308 4.137175 -3.550849 0.161407 
273 9.493329 0.000000 0.189150 91.414007 4.852488 -3.678271 0.160640 
274 9.479418 0.000000 0.189150 90.726477 1.970350 -3.107853 0.175517 
275 9.493329 0.000000 0.176225 91.389765 4.799683 -3.719784 0.161104 
276 9.507240 0.000000 0.189150 91.389765 4.799683 -3.719784 0.161104 
277 9.493329 0.000000 0.202076 91.258599 5.111361 -3.592609 0.163284 
278 9.395950 0.000000 0.279630 81.564529 19.703682 -3.897787 0.294380 
279 9.340305 0.000000 0.279630 81.549222 22.666026 -3.788986 0.282162 
280 9.395950 0.000000 0.331332 81.340238 23.845145 -5.717504 0.278248 
281 9.423773 0.000000 0.202076 84.920488 9.484710 -5.272618 0.267075 
282 9.395950 0.000000 0.202076 83.347143 11.883683 -3.944871 0.289647 
283 9.423773 0.000000 0.176225 85.651518 8.079687 -6.788092 0.255246 
284 9.423773 0.000000 0.227927 84.153551 10.247178 -4.220216 0.279536 
285 9.465507 0.000000 0.189150 87.694699 -1.835555 -7.675769 0.224735 
286 9.451595 0.000000 0.189150 86.690151 4.997631 -11.469974 0.232828 
287 9.465507 0.000000 0.176225 91.301814 5.343667 -3.605668 0.162242 
288 9.465507 0.000000 0.202076 86.056478 -2.216862 -10.507450 0.247896 
289 9.479418 0.000000 0.253779 86.629410 5.663235 -10.566601 0.235162 
290 9.451595 0.000000 0.253779 85.106990 9.080438 -5.510610 0.264398 
291 9.507240 0.000000 0.253779 88.268903 4.667016 -10.752916 0.207119 
292 9.479418 0.000000 0.279630 85.073230 8.586892 -9.079468 0.260637 
293 9.465507 0.000000 0.215002 87.149146 5.608694 -11.283026 0.224626 
294 9.451595 0.000000 0.215002 86.352688 6.530490 -9.510185 0.241012 
295 9.479418 0.000000 0.215002 87.645960 5.091183 -10.439939 0.218327 
296 9.465507 0.000000 0.227927 86.840469 5.469655 -11.330537 0.230043 
297 9.472462 0.000000 0.195613 88.165555 -1.672626 -6.474130 0.218212 
298 9.465507 0.000000 0.195613 85.961080 -5.441359 -8.425893 0.251009 
299 9.472462 0.000000 0.189150 89.790006 -1.353993 -2.939890 0.192728 
300 9.479418 0.000000 0.195613 90.067721 -1.195071 -2.830063 0.187837 
301 9.472462 0.000000 0.202076 87.454923 -0.082727 -8.129996 0.228553 
302 9.423773 0.000000 0.253779 83.443304 12.013625 -2.525141 0.288651 
303 9.395950 0.000000 0.253779 80.405390 16.721422 -2.956890 0.324662 
304 9.423773 0.000000 0.279630 81.985615 15.847757 -7.375845 0.297280 
305 9.437684 0.000000 0.215002 85.374009 8.596829 -6.416596 0.259620 
306 9.423773 0.000000 0.215002 84.198089 9.802535 -4.820201 0.279136 
307 9.437684 0.000000 0.202076 85.789522 7.716045 -7.879480 0.251853 
308 9.437684 0.000000 0.227927 84.729091 9.010307 -5.591454 0.270853 
309 3.219362 0.000000 2.089221 101.194485 0.684266 6.001015 -0.027680 
310 1.438724 0.000000 2.089221 100.214565 0.243702 6.416208 -0.008419 
311 3.219362 0.000000 0.434738 56.247162 0.122536 3.997749 0.682026 
312 3.219362 0.000000 3.743705 100.371908 0.479119 5.271811 -0.010254 
313 5.890319 0.000000 1.261980 100.860256 1.355691 5.989196 -0.021050 
314 5.000000 0.000000 1.261980 103.204791 1.838201 3.870628 -0.066959 
315 5.890319 0.000000 0.434738 70.229545 0.618111 -1.384284 0.506551 
316 5.890319 0.000000 2.089221 101.882236 2.698913 4.642016 -0.040882 
317 8.116117 0.000000 0.848359 67.591366 0.357987 -3.567732 0.541855 
318 7.670957 0.000000 0.848359 66.638862 0.064544 -1.602908 0.555669 
319 8.116117 0.000000 0.434738 67.484349 0.758376 -11.147568 0.532102 
320 8.116117 0.000000 1.261980 66.966287 0.668248 -2.112221 0.551061 
321 7.225798 0.000000 0.848359 65.620703 -0.147938 -0.222592 0.569385 
322 6.780638 0.000000 0.848359 67.706344 -0.151346 1.090842 0.541464 
323 7.225798 0.000000 0.434738 66.309255 -0.126856 -0.531499 0.560278 
324 7.225798 0.000000 1.261980 69.344925 0.029730 0.324160 0.519118 
325 8.116117 0.000000 0.021117 74.221160 0.293009 3.679047 0.447760 
326 7.670957 0.000000 0.021117 72.711639 0.049664 3.374058 0.470163 
327 8.116117 0.000000 -0.392504 75.256536 0.095144 7.175858 0.428495 
328 7.893537 0.000000 0.641548 69.525471 0.326090 -2.612954 0.515927 
329 7.670957 0.000000 0.641548 68.234791 0.015345 -2.598830 0.533726 
330 7.893537 0.000000 0.434738 65.965472 0.546854 -3.697712 0.563458 
331 8.116117 0.000000 0.641548 68.454838 -0.059649 -18.616162 0.496737 
332 7.893537 0.000000 0.848359 67.629502 0.271284 -2.945918 0.541750 
333 3.219362 0.000000 -1.219746 100.922505 -0.246298 2.561398 -0.019197 
334 1.438724 0.000000 -1.219746 99.188475 -0.159692 0.639587 0.016121 
335 3.219362 0.000000 -2.874230 100.396741 -0.936210 4.408180 -0.009981 
336 5.890319 0.000000 -0.392504 68.676963 0.458578 1.585983 0.528075 
337 5.000000 0.000000 -0.392504 61.603964 1.784701 0.639516 0.620136 
338 5.890319 0.000000 -1.219746 97.937400 -0.403764 4.342724 0.038924 
339 7.225798 0.000000 0.021117 69.222105 -0.246480 -0.694065 0.520776 
340 6.780638 0.000000 0.021117 40.632344 -0.199409 -1.062733 0.834784 
341 7.225798 0.000000 -0.392504 72.060132 0.067719 1.125025 0.480607 
342 7.893537 0.000000 0.227927 74.301094 0.436726 -5.023129 0.445392 
343 7.670957 0.000000 0.227927 70.947986 0.097167 -2.773817 0.495868 
344 7.893537 0.000000 0.021117 72.711639 0.049664 3.374058 0.470163 
345 8.116117 0.000000 0.227927 69.988945 -1.429224 -31.776252 0.408977 
346 8.338696 0.000000 0.641548 68.390525 -2.089940 -44.090160 0.337443 
347 8.338696 0.000000 0.434738 71.678133 1.333415 -29.059740 0.401600 
348 8.561276 0.000000 0.641548 73.480139 1.972953 -19.328968 0.422317 
349 8.338696 0.000000 0.848359 72.460591 1.019795 -9.103759 0.466554 
350 8.004827 0.000000 0.538143 64.611005 0.587571 -7.499524 0.576883 
351 7.893537 0.000000 0.538143 67.138623 0.461321 -2.414335 0.548636 
352 8.004827 0.000000 0.434738 65.754877 0.653368 -7.408990 0.562098 
353 8.116117 0.000000 0.538143 64.604422 0.501334 -11.871501 0.568508 
354 8.004827 0.000000 0.641548 68.475933 0.171218 -7.528406 0.525434 
355 6.335479 0.000000 0.848359 67.044493 0.719720 -1.472142 0.550235 
356 5.890319 0.000000 0.848359 70.447057 0.830927 -1.313444 0.503480 
357 6.335479 0.000000 0.434738 70.337965 -0.049687 1.001723 0.505156 
358 6.335479 0.000000 1.261980 68.390302 -0.170514 -4.564633 0.530190 
359 6.335479 0.000000 0.021117 64.999985 0.608784 -1.324257 0.577288 
360 5.890319 0.000000 0.021117 37.160367 0.836033 3.884795 0.860332 
361 6.335479 0.000000 -0.392504 69.262642 0.365274 1.646877 0.519984 
362 6.558058 0.000000 0.641548 70.258568 0.067908 2.734052 0.505625 
363 6.335479 0.000000 0.641548 69.946205 -0.109888 2.452498 0.510150 
364 6.558058 0.000000 0.434738 70.574430 0.078092 2.452045 0.501323 
365 6.780638 0.000000 0.641548 68.921906 -0.099188 1.531762 0.524741 
366 6.558058 0.000000 0.848359 69.003946 -0.129149 2.225508 0.523349 
367 4.109681 0.000000 1.261980 103.274977 0.718314 4.758900 -0.068888 
368 3.219362 0.000000 1.261980 102.332945 -0.492560 6.374715 -0.051291 
369 4.109681 0.000000 0.434738 56.727714 0.925615 1.424264 0.677908 
370 4.109681 0.000000 2.089221 101.440222 2.259437 5.454020 -0.032497 
371 5.445160 0.000000 0.848359 68.283744 1.078087 -0.674621 0.533571 
372 5.000000 0.000000 0.848359 63.238070 0.970987 -0.231293 0.599995 
373 5.445160 0.000000 0.434738 70.453229 0.614749 -0.639866 0.503556 
374 5.445160 0.000000 1.261980 102.160304 2.164790 3.792790 -0.045580 
375 6.112899 0.000000 0.641548 69.405191 0.548186 -1.564138 0.518017 
376 5.890319 0.000000 0.641548 70.229545 0.618111 -1.384284 0.506551 
377 6.112899 0.000000 0.434738 69.405191 0.548186 -1.564138 0.518017 
378 6.112899 0.000000 0.848359 67.118028 1.013125 -1.336772 0.549236 
379 6.558058 0.000000 0.227927 70.184461 0.066566 2.841741 0.506606 
380 6.335479 0.000000 0.227927 67.718166 0.528986 -1.586388 0.541145 
381 6.558058 0.000000 0.021117 40.700051 0.159995 -1.648053 0.834076 
382 6.780638 0.000000 0.227927 72.058447 -0.256226 3.426000 0.479578 
383 6.446768 0.000000 0.538143 58.321420 -0.143795 5.147699 0.657209 
384 6.335479 0.000000 0.538143 70.053207 -0.093728 2.269273 0.508739 
385 6.446768 0.000000 0.434738 70.126038 -0.060407 2.301723 0.507704 
386 6.558058 0.000000 0.538143 60.882264 0.012247 5.346513 0.626476 
387 6.446768 0.000000 0.641548 68.596071 -0.041136 3.432840 0.528279 
388 9.785465 0.000000 0.331332 110.700482 -2.127233 -19.095773 -0.262377 
389 9.896755 0.000000 0.331332 119.055858 -16.563623 -16.908231 -0.473454 
390 9.785465 0.000000 0.434738 126.182901 -34.809531 -87.896910 -1.485969 
391 9.618530 0.000000 0.279630 94.300788 2.139555 -8.053792 0.103792 
392 9.674175 0.000000 0.279630 100.298720 8.857688 -14.140667 -0.033825 
393 9.618530 0.000000 0.331332 95.716244 8.959879 -22.713371 0.024222 
394 9.535063 0.000000 0.253779 91.230175 4.788755 -4.845283 0.163065 
395 9.562885 0.000000 0.253779 92.324234 3.773191 -5.628284 0.143032 
396 9.535063 0.000000 0.279630 87.988240 4.196957 -13.953219 0.204576 
397 9.521151 0.000000 0.215002 91.288862 4.553271 -3.262894 0.163496 
398 9.507240 0.000000 0.215002 91.389765 4.799683 -3.719784 0.161104 
399 9.521151 0.000000 0.202076 91.412308 4.137175 -3.550849 0.161407 
400 9.535063 0.000000 0.215002 92.434938 3.772981 -3.635182 0.142833 
401 9.521151 0.000000 0.227927 91.340294 4.678459 -3.490266 0.162288 
402 9.590708 0.000000 0.202076 93.939860 1.879904 -4.270562 0.115353 
403 9.590708 0.000000 0.176225 94.290716 1.750269 -4.269327 0.108797 
404 9.618530 0.000000 0.202076 94.525407 1.142719 -4.707098 0.104148 
405 9.590708 0.000000 0.227927 93.320116 2.730233 -5.586316 0.125269 
406 9.590708 0.000000 0.253779 93.073415 2.963854 -6.558224 0.128554 
407 9.618530 0.000000 0.253779 94.257137 2.092610 -7.588827 0.105362 
408 9.590708 0.000000 0.279630 93.124555 3.060182 -7.346582 0.126448 
409 9.576796 0.000000 0.215002 92.919175 2.713820 -3.875047 0.134365 
410 9.562885 0.000000 0.215002 92.833601 3.092952 -3.596142 0.135942 
411 9.576796 0.000000 0.202076 92.919175 2.713820 -3.875047 0.134365 
412 9.590708 0.000000 0.215002 93.777181 2.192034 -4.052625 0.118461 
413 9.576796 0.000000 0.227927 92.913988 2.784209 -4.765786 0.133653 
414 9.729820 0.000000 0.279630 103.417564 6.877025 -15.334903 -0.097765 
415 9.729820 0.000000 0.227927 103.404721 6.791379 -15.476377 -0.097818 
416 9.785465 0.000000 0.279630 108.205550 -0.148237 -18.405363 -0.204722 
417 9.729820 0.000000 0.331332 104.187087 5.823942 -15.679507 -0.113471 
418 9.729820 0.000000 0.176225 103.634392 5.783903 -15.596557 -0.101679 
419 9.729820 0.000000 0.124522 102.805708 4.216119 -13.012209 -0.075611 
420 9.785465 0.000000 0.176225 107.790198 -0.387343 -19.402885 -0.199535 
421 9.701998 0.000000 0.253779 102.131484 8.053899 -15.083529 -0.072322 
422 9.674175 0.000000 0.253779 100.499264 7.940287 -12.748349 -0.032567 
423 9.701998 0.000000 0.227927 101.566653 7.334550 -15.554710 -0.061153 
424 9.729820 0.000000 0.253779 103.051348 7.081942 -15.128146 -0.089859 
425 9.701998 0.000000 0.279630 102.449566 8.897574 -14.633741 -0.078923 
426 10.787074 0.000000 0.848359 98.749860 2.940730 -3.899624 0.022461 
427 11.232233 0.000000 0.848359 99.104069 2.692865 -2.769750 0.016346 
428 10.787074 0.000000 1.261980 99.175130 0.301252 -2.054815 0.015998 
429 10.119335 0.000000 0.641548 96.963131 8.590081 -7.190064 0.047266 
430 10.341914 0.000000 0.641548 97.297792 7.853934 -5.469223 0.044154 
431 10.119335 0.000000 0.848359 97.912855 2.997174 -5.580878 0.037294 
432 10.008045 0.000000 0.331332 118.629355 -31.453311 -61.152419 -0.880185 
433 10.008045 0.000000 0.227927 119.055858 -16.563623 -16.908231 -0.473454 
434 10.119335 0.000000 0.331332 129.070591 -30.121647 -69.733161 -1.242924 
435 10.008045 0.000000 0.434738 130.870661 -25.778385 -65.028673 -1.202038 
436 9.841110 0.000000 0.279630 117.669272 -13.149552 -17.669345 -0.433117 
437 9.841110 0.000000 0.227927 117.108886 -12.282087 -17.924150 -0.418662 
438 9.896755 0.000000 0.279630 119.055858 -16.563623 -16.908231 -0.473454 
439 9.841110 0.000000 0.331332 118.666847 -15.303098 -17.148355 -0.461007 
440 10.119335 0.000000 -0.185694 119.055858 -16.563623 -16.908231 -0.473454 
441 10.119335 0.000000 -0.392504 97.572818 -4.086150 -3.106201 0.045320 
442 10.341914 0.000000 -0.185694 99.363357 -8.430352 -3.614431 0.004279 
443 10.008045 0.000000 0.124522 119.055858 -16.563623 -16.908231 -0.473454 
444 10.008045 0.000000 0.021117 119.055858 -16.563623 -16.908231 -0.473454 
445 10.119335 0.000000 0.124522 119.055858 -16.563623 -16.908231 -0.473454 
446 9.841110 0.000000 0.176225 117.108886 -12.282087 -17.924150 -0.418662 
447 9.841110 0.000000 0.124522 117.669272 -13.149552 -17.669345 -0.433117 
448 9.896755 0.000000 0.176225 119.055858 -16.563623 -16.908231 -0.473454 
449 9.952400 0.000000 0.279630 119.055858 -16.563623 -16.908231 -0.473454 
450 9.952400 0.000000 0.227927 119.055858 -16.563623 -16.908231 -0.473454 
451 10.008045 0.000000 0.279630 119.055858 -16.563623 -16.908231 -0.473454 
452 9.952400 0.000000 0.331332 118.429150 -21.869625 -31.762598 -0.551261 
453 9.868932 0.000000 0.253779 119.055858 -16.563623 -16.908231 -0.473454 
454 9.841110 0.000000 0.253779 117.108886 -12.282087 -17.924150 -0.418662 
455 9.868932 0.000000 0.227927 119.055858 -16.563623 -16.908231 -0.473454 
456 9.896755 0.000000 0.253779 119.055858 -16.563623 -16.908231 -0.473454 
457 9.868932 0.000000 0.279630 119.055858 -16.563623 -16.908231 -0.473454 
458 10.564494 0.000000 0.227927 100.847179 103.661846 90.831486 -1.916629 
459 10.564494 0.000000 0.021117 100.580702 -28.378775 -1.805513 -0.092509 
460 10.787074 0.000000 0.227927 98.559654 67.216476 49.981357 -0.673020 
461 10.564494 0.000000 0.434738 96.532046 22.233562 -4.805693 0.016414 
462 10.230624 0.000000 0.331332 92.482236 62.557939 -6.920680 -0.251436 
463 10.230624 0.000000 0.227927 192.677715 -654.583117 342.512413 -57.291851 
464 10.341914 0.000000 0.331332 94.048449 54.617981 -2.815917 -0.183616 
465 10.230624 0.000000 0.434738 95.154576 27.262109 -7.741828 0.014245 
466 10.063690 0.000000 0.279630 118.598425 -21.290247 -40.345651 -0.614663 
467 10.063690 0.000000 0.227927 119.055858 -16.563623 -16.908231 -0.473454 
468 10.119335 0.000000 0.279630 123.716620 -40.743549 -85.414393 -1.426146 
469 10.063690 0.000000 0.331332 123.716620 -40.743549 -85.414393 -1.426146 
470 10.230624 0.000000 0.124522 104.128002 -49.845934 -6.437974 -0.336871 
471 10.230624 0.000000 0.021117 116.964770 -43.431443 -79.122610 -1.182744 
472 10.341914 0.000000 0.124522 103.958398 -56.703539 -0.705240 -0.402314 
473 10.174979 0.000000 0.279630 131.212212 -22.756003 -62.181192 -1.160098 
474 10.174979 0.000000 0.227927 129.736335 -46.632170 -99.050587 -1.881709 
475 10.230624 0.000000 0.279630 87.158215 137.180151 2.399201 -1.642070 
476 10.174979 0.000000 0.331332 91.447509 66.812096 -10.363804 -0.293391 
477 10.174979 0.000000 0.176225 118.629355 -31.453311 -61.152419 -0.880185 
478 10.119335 0.000000 0.176225 119.055858 -16.563623 -16.908231 -0.473454 
479 10.174979 0.000000 0.124522 119.055858 -16.563623 -16.908231 -0.473454 
480 10.230624 0.000000 0.176225 108.573832 -99.601836 -2.128607 -1.171333 
481 10.564494 0.000000 0.641548 97.734455 7.164348 -4.220348 0.037884 
482 10.787074 0.000000 0.641548 98.112972 6.952458 -2.513485 0.031919 
483 10.564494 0.000000 0.848359 98.426385 3.002489 -4.228433 0.028535 
484 10.453204 0.000000 0.331332 95.026274 47.502878 -0.831340 -0.128721 
485 10.453204 0.000000 0.227927 106.764044 140.883216 157.966261 -4.619998 
486 10.564494 0.000000 0.331332 95.665730 42.104777 0.513858 -0.092501 
487 10.453204 0.000000 0.434738 96.170664 23.678753 -5.707113 0.015795 
488 10.286269 0.000000 0.279630 90.193786 118.549973 10.590891 -1.230118 
489 10.286269 0.000000 0.227927 183.351181 -100.417346 679.845195 -49.589079 
490 10.341914 0.000000 0.279630 92.267616 103.063355 14.078021 -0.933356 
491 10.286269 0.000000 0.331332 93.342739 58.482635 -4.499477 -0.215333 
492 10.202802 0.000000 0.253779 66.097858 386.183514 24.537807 -14.410874 
493 10.174979 0.000000 0.253779 129.455837 -33.552732 -75.411296 -1.357146 
494 10.202802 0.000000 0.227927 132.126698 -22.049234 -61.620697 -1.174074 
495 10.230624 0.000000 0.253779 77.271586 317.123635 56.156743 -9.969188 
496 10.202802 0.000000 0.279630 85.153831 147.422784 -4.583303 -1.900566 
497 10.147157 0.000000 0.253779 125.544015 -42.328528 -90.700396 -1.577957 
498 10.119335 0.000000 0.253779 118.878431 -34.938142 -67.040218 -0.984715 
499 10.147157 0.000000 0.227927 119.867033 -36.384897 -70.584559 -1.067415 
500 10.147157 0.000000 0.279630 131.672968 -45.006193 -93.769676 -1.815608 
501 11.232233 0.000000 -2.046988 98.993117 -1.756102 2.951492 0.018857 
502 11.232233 0.000000 -2.874230 99.359899 -1.097752 3.019218 0.011729 
503 12.122552 0.000000 -2.046988 99.379050 -1.343831 2.418199 0.011615 
504 10.787074 0.000000 -0.806125 98.506675 -2.708306 1.528013 0.028677 
505 10.787074 0.000000 -1.219746 98.525296 -2.028801 2.403901 0.028287 
506 11.232233 0.000000 -0.806125 98.848384 -3.078600 1.514075 0.021723 
507 10.564494 0.000000 -0.185694 98.912931 -9.824788 -2.647269 0.011270 
508 10.564494 0.000000 -0.392504 98.413676 -5.078337 -0.818444 0.028829 
509 10.787074 0.000000 -0.185694 98.900041 -10.664374 -1.892560 0.010147 
510 10.453204 0.000000 0.124522 104.702933 -63.415989 7.857547 -0.504603 
511 10.453204 0.000000 0.021117 100.609275 -26.348507 -3.791884 -0.083085 
512 10.564494 0.000000 0.124522 105.888766 -68.046677 20.274965 -0.625386 
513 10.286269 0.000000 0.176225 109.732448 -109.200921 9.175154 -1.405023 
514 10.286269 0.000000 0.124522 103.907642 -53.306006 -3.853242 -0.365318 
515 10.341914 0.000000 0.176225 111.582173 -118.196155 24.763010 -1.703412 
516 10.202802 0.000000 0.202076 129.070591 -30.121647 -69.733161 -1.242924 
517 10.174979 0.000000 0.202076 122.262010 -39.254822 -79.464623 -1.280357 
518 10.202802 0.000000 0.176225 129.736335 -46.632170 -99.050587 -1.881709 
519 10.230624 0.000000 0.202076 116.899888 -179.647592 12.298749 -3.609010 
520 10.188891 0.000000 0.240853 130.357464 -31.572428 -70.594113 -1.297342 
521 10.174979 0.000000 0.240853 131.672968 -45.006193 -93.769676 -1.815608 
522 10.188891 0.000000 0.227927 129.455837 -33.552732 -75.411296 -1.357146 
523 10.202802 0.000000 0.240853 15.471721 1747.728464 832.876445 -373.847733 
524 10.188891 0.000000 0.253779 131.212212 -22.756003 -62.181192 -1.160098 
525 10.063690 0.000000 0.176225 119.055858 -16.563623 -16.908231 -0.473454 
526 10.008045 0.000000 0.176225 119.055858 -16.563623 -16.908231 -0.473454 
527 10.063690 0.000000 0.124522 119.055858 -16.563623 -16.908231 -0.473454 
528 10.147157 0.000000 0.202076 118.651210 -21.782278 -44.077275 -0.649538 
529 10.119335 0.000000 0.202076 119.055858 -16.563623 -16.908231 -0.473454 
530 10.147157 0.000000 0.176225 119.055858 -16.563623 -16.908231 -0.473454 
531 10.161068 0.000000 0.240853 127.635687 -44.261099 -94.957278 -1.726680 
532 10.147157 0.000000 0.240853 122.262010 -39.254822 -79.464623 -1.280357 
533 10.161068 0.000000 0.227927 123.716620 -40.743549 -85.414393 -1.426146 
534 10.161068 0.000000 0.253779 131.092255 -47.024246 -98.820434 -1.916194 
535 10.188891 0.000000 0.215002 131.672968 -45.006193 -93.769676 -1.815608 
536 10.174979 0.000000 0.215002 125.544015 -42.328528 -90.700396 -1.577957 
537 10.188891 0.000000 0.202076 129.736335 -46.632170 -99.050587 -1.881709 
538 10.202802 0.000000 0.215002 131.039124 -30.435532 -69.247590 -1.289280 
539 10.181935 0.000000 0.234390 131.187655 -40.713059 -86.210305 -1.629997 
540 10.174979 0.000000 0.234390 131.092255 -47.024246 -98.820434 -1.916194 
541 10.181935 0.000000 0.227927 131.672968 -45.006193 -93.769676 -1.815608 
542 10.188891 0.000000 0.234390 129.070591 -30.121647 -69.733161 -1.242924 
543 10.181935 0.000000 0.240853 129.455837 -33.552732 -75.411296 -1.357146 
544 13.012871 0.000000 -0.392504 99.669851 -7.109903 1.060058 0.001425 
545 13.012871 0.000000 -1.219746 99.577190 -1.809541 1.948498 0.007731 
546 13.903191 0.000000 -0.392504 99.813655 -7.240360 1.388338 -0.001712 
547 13.012871 0.000000 0.434738 99.281130 14.414121 1.176797 -0.006589 
548 11.677393 0.000000 0.021117 102.040229 -32.878389 28.770920 -0.232096 
549 11.677393 0.000000 -0.392504 99.228500 -7.017701 0.455235 0.010425 
550 12.122552 0.000000 0.021117 100.969513 -25.811788 34.799183 -0.207207 
551 11.677393 0.000000 0.434738 98.830566 15.038518 -0.471535 0.000614 
552 11.009654 0.000000 0.227927 99.056814 51.556798 34.589106 -0.366676 
553 11.009654 0.000000 0.021117 101.100689 -34.237132 8.734766 -0.146983 
554 11.232233 0.000000 0.227927 99.289258 42.679572 25.614667 -0.233601 
555 11.009654 0.000000 0.434738 97.900166 18.035793 -2.417846 0.008442 
556 10.675784 0.000000 0.331332 96.183463 37.870093 1.564604 -0.068785 
557 10.675784 0.000000 0.227927 99.009539 81.024544 63.790091 -1.043704 
558 10.787074 0.000000 0.331332 96.691530 34.620295 2.160288 -0.055248 
559 10.675784 0.000000 0.434738 96.874193 21.108004 -3.980802 0.015400 
560 10.508849 0.000000 0.279630 95.023803 72.211516 14.816267 -0.446355 
561 10.453204 0.000000 0.279630 94.473507 80.255599 15.132629 -0.559520 
562 10.508849 0.000000 0.227927 102.886399 120.210160 115.809065 -2.844783 
563 10.564494 0.000000 0.279630 95.420224 65.632581 14.442527 -0.362124 
564 10.508849 0.000000 0.331332 95.376164 44.658025 -0.117613 -0.109097 
565 13.012871 0.000000 1.261980 99.771421 1.580384 -1.399985 0.004121 
566 13.903191 0.000000 1.261980 99.892332 1.729137 -1.461527 0.001640 
567 13.012871 0.000000 2.089221 99.790442 0.805383 0.810590 0.004056 
568 11.677393 0.000000 0.848359 99.340349 3.036688 -2.512870 0.011596 
569 12.122552 0.000000 0.848359 99.523468 3.082027 -2.251120 0.008051 
570 11.677393 0.000000 1.261980 99.534763 0.751978 -1.380081 0.009036 
571 11.009654 0.000000 0.641548 98.601956 6.275100 -1.957601 0.023445 
572 11.232233 0.000000 0.641548 98.903689 5.898399 -1.587114 0.018075 
573 11.009654 0.000000 0.848359 98.855955 2.691767 -3.306849 0.020932 
574 10.898364 0.000000 0.331332 97.183079 32.007614 2.410163 -0.047485 
575 10.898364 0.000000 0.227927 98.684033 58.078193 41.122035 -0.480264 
576 11.009654 0.000000 0.331332 97.610490 29.746943 2.576001 -0.041932 
577 10.898364 0.000000 0.434738 97.619398 19.122514 -3.018640 0.009567 
578 10.898364 0.000000 0.538143 98.074890 12.975228 -3.362779 0.020165 
579 10.787074 0.000000 0.538143 97.670338 13.292130 -3.670946 0.027035 
580 11.009654 0.000000 0.538143 98.331172 12.290781 -2.718547 0.017253 
581 10.898364 0.000000 0.641548 98.438733 6.782873 -2.163398 0.025913 
582 10.842719 0.000000 0.383035 97.185519 25.035340 -1.655449 -0.007453 
583 10.787074 0.000000 0.383035 96.968782 25.761352 -1.841343 -0.006998 
584 10.842719 0.000000 0.331332 96.945918 33.283240 2.249877 -0.051135 
585 10.898364 0.000000 0.383035 97.382729 24.292765 -1.401838 -0.007550 
586 10.842719 0.000000 0.434738 97.442917 19.566278 -3.243308 0.011152 
587 11.454813 0.000000 0.227927 99.166068 36.874633 20.160795 -0.160011 
588 11.454813 0.000000 0.021117 101.986889 -35.299213 22.006837 -0.213166 
589 11.677393 0.000000 0.227927 99.050266 32.849533 17.026263 -0.117994 
590 11.454813 0.000000 0.434738 98.646207 15.734851 -0.870475 0.002058 
591 11.120943 0.000000 0.331332 97.990957 27.640602 3.224447 -0.037663 
592 11.120943 0.000000 0.227927 99.338341 46.521349 29.944162 -0.292899 
593 11.232233 0.000000 0.331332 98.231190 26.056694 3.012227 -0.033739 
594 11.120943 0.000000 0.434738 98.160690 17.278798 -1.654733 0.006318 
595 11.454813 0.000000 0.641548 99.037397 5.813492 -1.584903 0.015529 
596 11.677393 0.000000 0.641548 99.186747 5.725670 -1.522671 0.012689 
597 11.454813 0.000000 0.848359 99.200036 2.873681 -2.599990 0.014433 
598 11.343523 0.000000 0.331332 98.394037 24.828381 2.948269 -0.030653 
599 11.343523 0.000000 0.227927 99.213268 39.589099 22.531189 -0.191822 
600 11.454813 0.000000 0.331332 98.516903 23.620978 2.964675 -0.027232 
601 11.343523 0.000000 0.434738 98.540171 16.229995 -1.208765 0.002496 
602 12.567712 0.000000 0.021117 100.574647 -19.064347 35.070308 -0.170864 
603 12.567712 0.000000 -0.392504 99.570432 -6.932368 0.360695 0.003754 
604 13.012871 0.000000 0.021117 100.186787 -14.719114 34.112534 -0.141771 
605 12.567712 0.000000 0.434738 99.215570 14.593798 0.492870 -0.005695 
606 11.899973 0.000000 0.227927 98.845496 29.864863 15.330667 -0.089737 
607 11.899973 0.000000 0.021117 101.400827 -29.391861 32.946041 -0.223145 
608 12.122552 0.000000 0.227927 98.804584 27.713234 14.750642 -0.074795 
609 11.899973 0.000000 0.434738 98.977286 14.498400 -0.087586 -0.000671 
610 11.566103 0.000000 0.331332 98.613880 22.671558 2.956495 -0.024744 
611 11.566103 0.000000 0.227927 99.107023 34.674615 18.351547 -0.136131 
612 11.677393 0.000000 0.331332 98.686752 21.856902 2.972568 -0.022564 
613 11.566103 0.000000 0.434738 98.748662 15.360705 -0.675531 0.001229 
614 11.343523 0.000000 0.538143 98.824234 11.192619 -1.205246 0.010704 
615 11.232233 0.000000 0.538143 98.739900 11.463179 -1.422484 0.011700 
616 11.454813 0.000000 0.538143 98.908309 10.917991 -0.785146 0.009733 
617 11.343523 0.000000 0.641548 98.969731 5.864366 -1.706263 0.016769 
618 11.399168 0.000000 0.383035 98.501688 19.399214 0.219983 -0.007896 
619 11.343523 0.000000 0.383035 98.435223 19.850608 0.132600 -0.008356 
620 11.399168 0.000000 0.331332 98.461125 24.159307 2.935355 -0.028688 
621 11.454813 0.000000 0.383035 98.552162 19.075033 0.367182 -0.007652 
622 11.399168 0.000000 0.434738 98.599373 15.929803 -1.055018 0.002329 
623 12.567712 0.000000 0.848359 99.671968 3.960462 -2.474054 0.004369 
624 13.012871 0.000000 0.848359 99.712599 4.117138 -2.188812 0.003566 
625 12.567712 0.000000 1.261980 99.723216 1.559049 -1.527913 0.005052 
626 11.899973 0.000000 0.641548 99.336646 5.588011 -1.428080 0.009897 
627 12.122552 0.000000 0.641548 99.375614 5.528041 -1.166927 0.009257 
628 11.899973 0.000000 0.848359 99.467085 3.061417 -2.379610 0.009126 
629 11.788683 0.000000 0.331332 98.768951 21.169530 3.124760 -0.021322 
630 11.788683 0.000000 0.227927 98.943404 31.255154 16.037562 -0.102389 
631 11.899973 0.000000 0.331332 98.803717 20.543148 3.135819 -0.019403 
632 11.788683 0.000000 0.434738 98.927012 14.770987 -0.181228 -0.000477 
633 12.345132 0.000000 0.227927 98.906937 26.898536 14.035218 -0.070310 
634 12.345132 0.000000 0.021117 100.747168 -21.796689 35.132227 -0.185936 
635 12.567712 0.000000 0.227927 98.954141 25.373945 14.017381 -0.063225 
636 12.345132 0.000000 0.434738 99.169119 14.806859 0.212702 -0.005380 
637 12.011263 0.000000 0.331332 98.833266 20.054450 3.271884 -0.018090 
638 12.011263 0.000000 0.227927 98.804978 28.714073 14.975884 -0.081120 
639 12.122552 0.000000 0.331332 98.863795 19.605634 3.512119 -0.017077 
640 12.011263 0.000000 0.434738 99.008853 14.311068 0.117328 -0.000757 
641 12.345132 0.000000 0.641548 99.524623 6.256687 -1.561885 0.005326 
642 12.567712 0.000000 0.641548 99.577467 6.100409 -1.512508 0.004483 
643 12.345132 0.000000 0.848359 99.640986 3.928547 -2.630649 0.004932 
644 12.233842 0.000000 0.331332 98.865751 19.379422 3.866660 -0.016495 
645 12.233842 0.000000 0.227927 98.798589 26.814067 14.779746 -0.069860 
646 12.345132 0.000000 0.331332 99.001815 19.818331 3.372875 -0.020550 
647 12.233842 0.000000 0.434738 99.090133 14.118206 0.367847 -0.001831 
648 22.806381 0.000000 -2.874230 99.934660 -1.816192 2.667485 0.000265 
649 22.806381 0.000000 -6.183197 99.869092 -1.446037 3.747281 0.001003 
650 26.367657 0.000000 -2.874230 99.953117 -1.830927 2.756204 -0.000157 
651 22.806381 0.000000 0.434738 98.694801 -8.883781 28.507889 -0.063229 
652 17.464467 0.000000 -1.219746 99.925509 -1.992975 1.845312 0.000752 
653 17.464467 0.000000 -2.874230 99.890779 -1.702886 2.766104 0.001128 
654 19.245105 0.000000 -1.219746 99.961448 -1.992895 1.874706 0.000022 
655 17.464467 0.000000 0.434738 99.572738 17.665284 9.107818 -0.030974 
656 14.793510 0.000000 -0.392504 99.839354 -6.865378 1.477625 -0.001721 
657 14.793510 0.000000 -1.219746 99.799284 -1.956249 1.870788 0.003278 
658 15.683829 0.000000 -0.392504 99.880087 -6.186556 1.268608 -0.001591 
659 14.793510 0.000000 0.434738 99.725825 14.074002 2.468643 -0.014941 
660 13.458031 0.000000 0.021117 99.854966 -12.434302 32.271308 -0.116706 
661 13.458031 0.000000 -0.392504 99.739627 -7.272935 1.225204 -0.000239 
662 13.903191 0.000000 0.021117 99.828506 -11.092686 30.431063 -0.101483 
663 13.458031 0.000000 0.434738 99.402781 14.132854 1.512736 -0.008294 
664 12.790292 0.000000 0.227927 99.010103 24.243633 13.989604 -0.058646 
665 12.790292 0.000000 0.021117 100.387143 -16.611648 34.797272 -0.156438 
666 13.012871 0.000000 0.227927 99.055310 23.108688 14.106601 -0.054496 
667 12.790292 0.000000 0.434738 99.247184 14.517030 0.988760 -0.006173 
668 12.456422 0.000000 0.331332 99.031223 19.434894 3.594323 -0.019782 
669 12.456422 0.000000 0.227927 98.927574 26.054351 14.034403 -0.066246 
670 12.567712 0.000000 0.331332 99.061505 19.167304 3.760924 -0.019471 
671 12.456422 0.000000 0.434738 99.189685 14.649323 0.427676 -0.005338 
672 22.806381 0.000000 3.743705 100.018151 1.467953 2.099091 -0.001019 
673 26.367657 0.000000 3.743705 100.019766 1.440912 1.997021 -0.001002 
674 22.806381 0.000000 7.052672 99.967990 1.446895 3.600729 -0.000866 
675 17.464467 0.000000 2.089221 100.019317 1.021178 0.346731 -0.000503 
676 19.245105 0.000000 2.089221 100.059812 1.037456 0.123299 -0.001306 
677 17.464467 0.000000 3.743705 99.942836 1.400822 2.446210 0.000348 
678 14.793510 0.000000 1.261980 99.989159 1.994308 -1.545046 -0.000420 
679 15.683829 0.000000 1.261980 100.048988 2.163909 -1.692058 -0.001735 
680 14.793510 0.000000 2.089221 99.920570 0.953314 0.676656 0.001451 
681 13.458031 0.000000 0.848359 99.790154 4.111168 -2.035386 0.002088 
682 13.903191 0.000000 0.848359 99.864442 4.246573 -1.939109 0.000530 
683 13.458031 0.000000 1.261980 99.840026 1.633192 -1.458024 0.002718 
684 13.235451 0.000000 0.227927 99.113222 22.137997 14.201437 -0.051520 
685 13.235451 0.000000 0.021117 100.001159 -13.357323 33.228443 -0.128278 
686 13.458031 0.000000 0.227927 99.162779 21.348626 14.385244 -0.049596 
687 13.235451 0.000000 0.434738 99.341366 14.267188 1.406683 -0.007424 
688 12.790292 0.000000 0.641548 99.597985 6.072197 -1.113228 0.004213 
689 13.012871 0.000000 0.641548 99.622688 5.946771 -1.046410 0.003886 
690 12.790292 0.000000 0.848359 99.700161 4.094805 -2.253732 0.003803 
691 12.901582 0.000000 0.331332 99.145373 18.456336 4.447210 -0.019022 
692 12.790292 0.000000 0.331332 99.112845 18.703138 4.248031 -0.019121 
693 12.901582 0.000000 0.227927 99.044050 23.591559 14.153088 -0.056660 
694 13.012871 0.000000 0.331332 99.161218 18.271537 4.524672 -0.018727 
695 12.901582 0.000000 0.434738 99.271329 14.459779 1.133508 -0.006517 
696 13.235451 0.000000 0.641548 99.676398 5.763095 -0.947224 0.003051 
697 13.458031 0.000000 0.641548 99.727047 5.622530 -0.913686 0.002207 
698 13.235451 0.000000 0.848359 99.753485 4.088508 -2.097874 0.002813 
699 13.124161 0.000000 0.538143 99.392258 11.115599 4.290995 -0.002079 
700 13.012871 0.000000 0.538143 99.399991 10.767059 3.599784 -0.000925 
701 13.124161 0.000000 0.434738 99.309955 14.379069 1.343535 -0.007103 
702 13.235451 0.000000 0.538143 99.378306 11.599951 4.906745 -0.003468 
703 13.124161 0.000000 0.641548 99.645679 5.849584 -0.932114 0.003565 
704 14.348350 0.000000 0.848359 99.960464 4.431156 -2.034029 -0.001587 
705 14.348350 0.000000 0.434738 99.627514 13.937395 1.932616 -0.012363 
706 14.793510 0.000000 0.848359 99.987218 4.567409 -1.867446 -0.002179 
707 14.348350 0.000000 1.261980 99.974982 1.914214 -1.640287 -0.000135 
708 13.680611 0.000000 0.641548 99.782294 5.512669 -0.928538 0.001224 
709 13.680611 0.000000 0.434738 99.467354 14.077847 1.627730 -0.009459 
710 13.903191 0.000000 0.641548 99.837616 5.405333 -1.001371 0.000223 
711 13.680611 0.000000 0.848359 99.827665 4.183003 -1.978365 0.001303 
712 13.346741 0.000000 0.538143 99.349758 12.427418 5.476796 -0.005481 
713 13.346741 0.000000 0.434738 99.372182 14.173999 1.462414 -0.007787 
714 13.458031 0.000000 0.538143 99.306031 13.723346 5.795439 -0.008361 
715 13.346741 0.000000 0.641548 99.699480 5.678984 -0.901767 0.002695 
716 14.348350 0.000000 0.021117 99.573099 -10.354854 28.598631 -0.083991 
717 14.348350 0.000000 -0.392504 99.845624 -7.101161 1.387168 -0.002150 
718 14.793510 0.000000 0.021117 98.693088 -11.754429 25.988021 -0.055387 
719 13.680611 0.000000 0.227927 99.240486 20.711302 14.589330 -0.049048 
720 13.680611 0.000000 0.021117 99.846523 -11.728010 31.305632 -0.108692 
721 13.903191 0.000000 0.227927 99.302290 20.126445 14.774384 -0.048430 
722 13.569321 0.000000 0.538143 99.258731 15.383803 5.529051 -0.011953 
723 13.569321 0.000000 0.434738 99.435745 14.109256 1.553928 -0.008895 
724 13.680611 0.000000 0.538143 99.237388 16.918907 4.393725 -0.015361 
725 13.569321 0.000000 0.641548 99.755041 5.585721 -0.929270 0.001687 
726 14.125770 0.000000 0.641548 99.905423 5.297689 -1.184259 -0.001056 
727 14.125770 0.000000 0.434738 99.576262 13.931518 1.874736 -0.011303 
728 14.348350 0.000000 0.641548 100.003543 5.280858 -1.666323 -0.003137 
729 14.125770 0.000000 0.848359 99.904874 4.318180 -1.932399 -0.000336 
730 14.125770 0.000000 0.227927 99.321017 19.624630 15.015658 -0.047526 
731 14.125770 0.000000 0.021117 99.729845 -10.635892 29.553870 -0.093260 
732 14.348350 0.000000 0.227927 99.302854 19.221028 15.273305 -0.046378 
733 14.014480 0.000000 0.538143 99.431441 16.589633 -0.549291 -0.016213 
734 13.903191 0.000000 0.538143 99.345161 17.463501 0.737651 -0.017498 
735 14.014480 0.000000 0.434738 99.552610 13.953862 1.808667 -0.010870 
736 14.125770 0.000000 0.538143 99.516881 15.555421 -1.248286 -0.014714 
737 14.014480 0.000000 0.641548 99.870372 5.344709 -1.076015 -0.000381 
738 13.791901 0.000000 0.538143 99.269709 17.703891 2.559190 -0.017445 
739 13.791901 0.000000 0.434738 99.497977 14.032553 1.691695 -0.009962 
740 13.791901 0.000000 0.641548 99.808298 5.466977 -0.951840 0.000751 
741 19.245105 0.000000 40.142345 99.897616 0.250502 4.848099 -0.000310 
742 5.000000 0.000000 40.142345 99.899965 0.181156 4.862802 -0.000368 
743 33.490210 0.000000 40.142345 99.892359 0.306816 4.839126 -0.000199 
744 19.245105 0.000000 53.378214 99.890877 0.152313 4.865726 -0.000189 
745 12.122552 0.000000 20.288541 99.963329 0.407048 4.744616 -0.001534 
746 5.000000 0.000000 20.288541 99.971559 0.286335 4.807335 -0.001751 
747 19.245105 0.000000 20.288541 99.935407 0.514510 4.708488 -0.000952 
748 12.122552 0.000000 26.906476 99.927470 0.294423 4.811393 -0.000874 
749 15.683829 0.000000 10.361640 99.972583 0.920028 4.286602 -0.001374 
750 12.122552 0.000000 10.361640 99.944595 0.669679 4.395801 -0.000869 
751 19.245105 0.000000 10.361640 99.971910 1.038939 4.215883 -0.001324 
752 15.683829 0.000000 13.670607 99.978381 0.707629 4.517397 -0.001658 
753 13.903191 0.000000 5.398189 99.926254 1.115158 3.364429 0.000218 
754 12.122552 0.000000 5.398189 99.957680 0.940202 3.394521 -0.000394 
755 15.683829 0.000000 5.398189 99.916235 1.381333 3.325417 0.000378 
756 13.903191 0.000000 7.052672 99.926647 1.006041 3.856518 -0.000122 
757 14.793510 0.000000 2.916463 99.889982 1.147829 1.928462 0.001696 
758 13.903191 0.000000 2.916463 99.845594 1.241964 1.898454 0.002571 
759 15.683829 0.000000 2.916463 99.935055 1.202851 1.804581 0.000828 
760 14.793510 0.000000 3.743705 99.906540 1.265828 2.539332 0.001063 
761 14.348350 0.000000 1.675600 99.950005 1.044509 -0.393888 0.000875 
762 13.903191 0.000000 1.675600 99.881465 0.921124 -0.247014 0.002278 
763 14.793510 0.000000 1.675600 99.942032 1.079843 -0.284691 0.001034 
764 14.348350 0.000000 2.089221 99.860506 1.046956 0.788763 0.002616 
765 14.125770 0.000000 1.055169 99.933350 2.877437 -2.012158 0.000100 
766 13.903191 0.000000 1.055169 99.890303 2.752234 -1.953242 0.001054 
767 14.348350 0.000000 1.055169 99.965941 2.945746 -1.996014 -0.000585 
768 14.125770 0.000000 1.261980 99.937453 1.865300 -1.548939 0.000663 
769 14.014480 0.000000 0.744953 99.862885 5.125989 -1.601775 -0.000144 
770 13.903191 0.000000 0.744953 99.840890 5.106905 -1.617807 0.000310 
771 14.125770 0.000000 0.744953 99.885522 5.157939 -1.601241 -0.000629 
772 14.014480 0.000000 0.848359 99.883272 4.276238 -1.923616 0.000135 
773 13.958835 0.000000 0.589846 99.996487 1.943719 -0.551363 -0.000338 
774 13.903191 0.000000 0.589846 99.953012 2.338163 -0.104084 0.000392 
775 13.958835 0.000000 0.538143 99.391727 17.077427 0.020069 -0.017035 
776 14.014480 0.000000 0.589846 100.054330 1.566084 -1.149808 -0.001464 
777 13.958835 0.000000 0.641548 99.853481 5.375575 -1.035222 -0.000069 
778 16.574148 0.000000 1.261980 100.093277 2.402206 -1.831332 -0.002779 
779 16.574148 0.000000 0.434738 99.689585 16.444639 6.155166 -0.024633 
780 17.464467 0.000000 1.261980 100.120839 2.625799 -1.925887 -0.003479 
781 16.574148 0.000000 2.089221 99.999791 1.029858 0.433256 -0.000121 
782 15.238669 0.000000 0.848359 100.019556 4.685687 -1.874697 -0.002938 
783 15.238669 0.000000 0.434738 99.760810 14.554549 3.196156 -0.017427 
784 15.683829 0.000000 0.848359 100.044859 4.860056 -1.826822 -0.003593 
785 15.238669 0.000000 1.261980 100.022638 2.074364 -1.629726 -0.001149 
786 14.570930 0.000000 0.641548 100.125959 5.440826 -2.223015 -0.005975 
787 14.570930 0.000000 0.434738 99.666767 13.945445 2.175398 -0.013267 
788 14.793510 0.000000 0.641548 100.044215 5.870024 -2.936998 -0.005193 
789 14.570930 0.000000 0.848359 99.987992 4.484025 -1.939252 -0.002147 
790 14.237060 0.000000 0.538143 99.600878 14.668319 -1.588292 -0.013802 
791 14.237060 0.000000 0.434738 99.604490 13.960368 1.890473 -0.011952 
792 14.348350 0.000000 0.538143 99.659288 13.906545 -1.640937 -0.012806 
793 14.237060 0.000000 0.641548 99.951310 5.309511 -1.392099 -0.002039 
794 16.574148 0.000000 -0.392504 99.929223 -5.571258 1.105873 -0.001811 
795 16.574148 0.000000 -1.219746 99.892692 -1.998848 1.808282 0.001418 
796 17.464467 0.000000 -0.392504 99.962912 -5.051012 1.044578 -0.001919 
797 15.238669 0.000000 0.021117 98.799820 -13.973746 22.852286 -0.047890 
798 15.238669 0.000000 -0.392504 99.848808 -6.518398 1.360180 -0.001412 
799 15.683829 0.000000 0.021117 98.979489 -15.269864 19.727743 -0.041929 
800 14.570930 0.000000 0.227927 99.149789 18.825552 15.968179 -0.044006 
801 14.570930 0.000000 0.021117 99.062282 -10.531858 27.458335 -0.067822 
802 14.793510 0.000000 0.227927 99.036393 18.444307 17.161190 -0.044291 
803 14.459640 0.000000 0.538143 99.699483 13.273539 -1.560167 -0.011861 
804 14.459640 0.000000 0.434738 99.646262 13.923420 2.001232 -0.012724 
805 14.570930 0.000000 0.538143 99.742101 12.760165 -1.335547 -0.011309 
806 14.459640 0.000000 0.641548 100.065047 5.300440 -1.896036 -0.004470 
807 21.025743 0.000000 2.089221 100.107302 1.080153 -0.249977 -0.002270 
808 21.025743 0.000000 0.434738 98.614303 8.723293 29.884019 -0.069393 
809 22.806381 0.000000 2.089221 100.127834 1.127202 -0.486780 -0.002709 
810 21.025743 0.000000 3.743705 100.010323 1.477711 2.171976 -0.000897 
811 18.354786 0.000000 1.261980 100.144029 2.847129 -2.001610 -0.004094 
812 18.354786 0.000000 0.434738 99.397520 18.413698 13.158832 -0.039209 
813 19.245105 0.000000 1.261980 100.162191 3.114187 -2.074809 -0.004647 
814 18.354786 0.000000 2.089221 100.041237 1.012700 0.240984 -0.000933 
815 21.025743 0.000000 -1.219746 99.972590 -1.960956 1.785781 -0.000155 
816 21.025743 0.000000 -2.874230 99.915677 -1.788978 2.623623 0.000677 
817 22.806381 0.000000 -1.219746 99.986589 -1.949531 1.852879 -0.000455 
818 20.135424 0.000000 1.261980 100.188088 3.413615 -2.238404 -0.005432 
819 20.135424 0.000000 0.434738 98.867122 15.113741 24.560773 -0.060636 
820 21.025743 0.000000 1.261980 100.195396 3.700805 -2.256458 -0.005790 
821 20.135424 0.000000 2.089221 100.095463 1.069481 -0.118172 -0.002026 
822 40.612762 0.000000 7.052672 99.953481 1.547864 3.413579 -0.000475 
823 40.612762 0.000000 0.434738 100.045379 -0.895568 1.437796 -0.001195 
824 47.735315 0.000000 7.052672 99.959938 1.911001 3.270043 -0.000633 
825 40.612762 0.000000 13.670607 99.907233 0.976288 4.438532 -0.000211 
826 29.928934 0.000000 3.743705 100.026988 1.398622 1.850486 -0.001078 
827 29.928934 0.000000 0.434738 100.006040 -9.027959 2.096827 -0.008711 
828 33.490210 0.000000 3.743705 100.035862 1.345307 1.675783 -0.001179 
829 29.928934 0.000000 7.052672 99.952442 1.528472 3.543195 -0.000538 
830 24.587019 0.000000 2.089221 100.143294 1.203389 -0.727544 -0.003066 
831 24.587019 0.000000 0.434738 99.285380 -15.949501 16.589954 -0.038720 
832 26.367657 0.000000 2.089221 100.157796 1.321371 -0.974178 -0.003428 
833 24.587019 0.000000 3.743705 100.018311 1.453871 2.051738 -0.000999 
834 21.916062 0.000000 1.261980 100.200159 4.008024 -2.221860 -0.006107 
835 21.916062 0.000000 0.434738 98.537956 -0.375566 31.602574 -0.070859 
836 22.806381 0.000000 1.261980 100.201696 4.334539 -2.159193 -0.006383 
837 21.916062 0.000000 2.089221 100.116692 1.103091 -0.353804 -0.002469 
838 40.612762 0.000000 -6.183197 99.917687 -1.338776 3.964365 -0.000105 
839 40.612762 0.000000 -12.801131 99.886406 -0.834906 4.554463 0.000127 
840 47.735315 0.000000 -6.183197 99.918221 -1.506909 4.019486 -0.000208 
841 29.928934 0.000000 -2.874230 99.961399 -1.833438 2.847171 -0.000375 
842 29.928934 0.000000 -6.183197 99.906891 -1.459945 3.844678 0.000170 
843 33.490210 0.000000 -2.874230 99.963790 -1.828442 2.923087 -0.000465 
844 24.587019 0.000000 -1.219746 99.993751 -1.941608 1.900090 -0.000613 
845 24.587019 0.000000 -2.874230 99.945663 -1.828878 2.709535 0.000018 
846 26.367657 0.000000 -1.219746 99.998401 -1.927597 1.964525 -0.000726 
847 23.696700 0.000000 1.261980 100.201424 4.677235 -2.082092 -0.006654 
848 23.696700 0.000000 0.434738 98.987872 -14.086569 22.597772 -0.050769 
849 24.587019 0.000000 1.261980 100.198861 5.015210 -1.976734 -0.006887 
850 23.696700 0.000000 2.089221 100.136147 1.163829 -0.611606 -0.002898 
851 28.148295 0.000000 2.089221 100.171597 1.486436 -1.224934 -0.003806 
852 28.148295 0.000000 0.434738 99.909739 -11.614676 4.009213 -0.013293 
853 29.928934 0.000000 2.089221 100.185337 1.713100 -1.478537 -0.004222 
854 28.148295 0.000000 3.743705 100.024092 1.420970 1.921054 -0.001053 
855 25.477338 0.000000 1.261980 100.197519 5.327104 -1.904984 -0.007155 
856 25.477338 0.000000 0.434738 99.525981 -15.741367 11.728791 -0.029078 
857 26.367657 0.000000 1.261980 100.202667 5.542197 -1.975238 -0.007519 
858 25.477338 0.000000 2.089221 100.150812 1.258379 -0.851425 -0.003249 
859 28.148295 0.000000 -1.219746 100.001146 -1.919260 2.027682 -0.000802 
860 28.148295 0.000000 -2.874230 99.958308 -1.833298 2.804110 -0.000289 
861 29.928934 0.000000 -1.219746 100.002480 -1.913203 2.083999 -0.000850 
862 37.051486 0.000000 3.743705 100.045545 1.284056 1.477199 -0.001294 
863 37.051486 0.000000 0.434738 100.067854 -3.945075 0.949595 -0.003004 
864 40.612762 0.000000 3.743705 100.053862 1.286915 1.313180 -0.001416 
865 37.051486 0.000000 7.052672 99.952103 1.574021 3.453660 -0.000483 
866 31.709572 0.000000 2.089221 100.198397 2.014784 -1.723809 -0.004675 
867 31.709572 0.000000 0.434738 100.048388 -7.081905 1.270886 -0.006145 
868 33.490210 0.000000 2.089221 100.209891 2.400525 -1.941822 -0.005156 
869 31.709572 0.000000 3.743705 100.031270 1.373124 1.766399 -0.001126 
870 29.038614 0.000000 1.261980 100.237171 11.811932 -2.604371 -0.019380 
871 28.148295 0.000000 1.261980 100.352019 7.781672 -4.974416 -0.015583 
872 29.038614 0.000000 0.434738 99.967270 -10.241460 2.863553 -0.010654 
873 29.928934 0.000000 1.261980 100.128233 12.361547 -0.356635 -0.017860 
874 29.038614 0.000000 2.089221 100.178400 1.591273 -1.351191 -0.004007 
875 37.051486 0.000000 -2.874230 99.964358 -1.819416 2.999853 -0.000518 
876 37.051486 0.000000 -6.183197 99.916551 -1.440974 3.921797 -0.000077 
877 40.612762 0.000000 -2.874230 99.962024 -1.615948 3.096539 -0.000461 
878 31.709572 0.000000 -1.219746 100.002793 -1.908498 2.134230 -0.000876 
879 31.709572 0.000000 -2.874230 99.962976 -1.831484 2.885628 -0.000428 
880 33.490210 0.000000 -1.219746 100.002551 -1.905170 2.182408 -0.000890 
881 30.819253 0.000000 1.261980 100.064456 12.987110 0.963889 -0.018249 
882 30.819253 0.000000 0.434738 100.031725 -7.978566 1.593012 -0.007254 
883 31.709572 0.000000 1.261980 100.001333 13.930638 2.268972 -0.019948 
884 30.819253 0.000000 2.089221 100.192015 1.853840 -1.603506 -0.004445 
885 35.270848 0.000000 2.089221 100.218855 2.869352 -2.111602 -0.005651 
886 35.270848 0.000000 0.434738 100.069262 -4.668791 0.898610 -0.003646 
887 37.051486 0.000000 2.089221 100.223488 3.408099 -2.197065 -0.006119 
888 35.270848 0.000000 3.743705 100.040785 1.315520 1.578131 -0.001238 
889 32.599891 0.000000 1.261980 99.923113 15.100893 3.880974 -0.022773 
890 32.599891 0.000000 0.434738 100.058818 -6.320516 1.073935 -0.005287 
891 33.490210 0.000000 1.261980 99.818340 16.392595 6.034399 -0.026883 
892 32.599891 0.000000 2.089221 100.204391 2.196889 -1.837368 -0.004912 
893 35.270848 0.000000 -1.219746 100.001923 -1.902809 2.228928 -0.000897 
894 35.270848 0.000000 -2.874230 99.964068 -1.824492 2.959660 -0.000490 
895 37.051486 0.000000 -1.219746 100.001189 -1.900842 2.278572 -0.000904 
896 34.380529 0.000000 1.261980 99.674126 17.620480 8.992992 -0.032629 
897 34.380529 0.000000 0.434738 100.068113 -5.130442 0.910851 -0.004078 
898 35.270848 0.000000 1.261980 99.476106 18.397463 13.050646 -0.040428 
899 34.380529 0.000000 2.089221 100.214766 2.625170 -2.034369 -0.005403 
900 54.857867 0.000000 7.052672 99.966351 1.955101 3.134341 -0.000692 
901 54.857867 0.000000 0.434738 100.021125 -1.883941 1.980693 -0.001170 
902 61.980419 0.000000 7.052672 99.973685 1.993375 2.982318 -0.000761 
903 54.857867 0.000000 13.670607 99.906475 1.188383 4.389397 -0.000198 
904 44.174038 0.000000 3.743705 100.067213 1.258219 1.045587 -0.001612 
905 44.174038 0.000000 0.434738 100.036824 -0.953858 1.630782 -0.001094 
906 47.735315 0.000000 3.743705 100.099621 2.125481 0.386963 -0.002460 
907 44.174038 0.000000 7.052672 99.955927 1.562698 3.356686 -0.000490 
908 38.832124 0.000000 2.089221 100.222471 4.010294 -2.166803 -0.006532 
909 38.832124 0.000000 0.434738 100.064042 -3.421077 1.044379 -0.002561 
910 40.612762 0.000000 2.089221 100.118682 12.153593 -0.036728 -0.017146 
911 38.832124 0.000000 3.743705 100.051229 1.251773 1.363857 -0.001368 
912 54.857867 0.000000 -6.183197 99.917219 -1.471825 4.073978 -0.000221 
913 54.857867 0.000000 -12.801131 99.891231 -0.925646 4.581207 -0.000010 
914 61.980419 0.000000 -6.183197 99.915737 -1.436230 4.123804 -0.000222 
915 44.174038 0.000000 -2.874230 99.960360 -1.612951 3.160081 -0.000466 
916 44.174038 0.000000 -6.183197 99.918075 -1.326404 3.994831 -0.000134 
917 47.735315 0.000000 -2.874230 99.958870 -1.924723 3.211559 -0.000579 
918 38.832124 0.000000 -1.219746 100.000141 -1.899717 2.324306 -0.000904 
919 38.832124 0.000000 -2.874230 99.963981 -1.814437 3.035268 -0.000530 
920 40.612762 0.000000 -1.219746 99.995347 -1.503343 2.437335 -0.000727 
921 37.941805 0.000000 1.261980 98.650757 8.687597 29.948497 -0.070436 
922 37.051486 0.000000 1.261980 98.912164 15.082293 24.597031 -0.061611 
923 37.941805 0.000000 0.434738 100.066128 -3.662380 0.993497 -0.002763 
924 38.832124 0.000000 1.261980 98.567784 -0.408679 31.651345 -0.071758 
925 37.941805 0.000000 2.089221 100.223767 3.700643 -2.198172 -0.006333 
926 42.393400 0.000000 2.089221 99.949123 19.259088 3.436556 -0.037255 
927 42.393400 0.000000 0.434738 100.040811 -0.920825 1.541050 -0.001139 
928 44.174038 0.000000 2.089221 98.877803 35.514219 25.346671 -0.168053 
929 42.393400 0.000000 3.743705 100.060291 1.270516 1.184614 -0.001508 
930 39.722443 0.000000 1.261980 100.138891 -3.675388 -0.466837 -0.004152 
931 39.722443 0.000000 0.434738 100.047920 -0.887164 1.380146 -0.001228 
932 40.612762 0.000000 1.261980 100.136366 -3.214726 -0.410501 -0.003779 
933 39.722443 0.000000 2.089221 100.151783 10.127325 -0.717197 -0.013346 
934 42.393400 0.000000 -1.219746 99.994160 -1.521534 2.474750 -0.000727 
935 42.393400 0.000000 -2.874230 99.961247 -1.614802 3.128577 -0.000465 
936 44.174038 0.000000 -1.219746 99.992876 -1.537994 2.511895 -0.000725 
937 41.503081 0.000000 1.261980 100.132779 -2.812234 -0.332896 -0.003459 
938 41.503081 0.000000 0.434738 100.043015 -0.906987 1.491296 -0.001165 
939 42.393400 0.000000 1.261980 100.128299 -2.461970 -0.237420 -0.003179 
940 41.503081 0.000000 2.089221 100.061228 15.001270 1.141356 -0.023859 
941 51.296591 0.000000 3.743705 100.121854 2.217667 -0.064461 -0.002931 
942 51.296591 0.000000 0.434738 100.025748 -1.848998 1.879311 -0.001210 
943 54.857867 0.000000 3.743705 100.148189 2.381904 -0.600412 -0.003569 
944 51.296591 0.000000 7.052672 99.963029 1.933746 3.204103 -0.000661 
945 45.954676 0.000000 2.089221 98.258269 -36.035230 38.018535 -0.239863 
946 45.954676 0.000000 0.434738 100.034156 -1.803126 1.692378 -0.001295 
947 47.735315 0.000000 2.089221 99.873627 -21.061809 4.994019 -0.044328 
948 45.954676 0.000000 3.743705 100.089856 2.096929 0.584697 -0.002272 
949 43.283719 0.000000 1.261980 100.123115 -2.159517 -0.127883 -0.002932 
950 43.283719 0.000000 0.434738 100.038752 -0.936586 1.587432 -0.001115 
951 44.174038 0.000000 1.261980 100.117429 -1.901054 -0.008366 -0.002711 
952 43.283719 0.000000 2.089221 99.685412 26.031674 8.831333 -0.069282 
953 51.296591 0.000000 -2.874230 99.956671 -1.907192 3.271319 -0.000568 
954 51.296591 0.000000 -6.183197 99.917812 -1.489506 4.047351 -0.000217 
955 54.857867 0.000000 -2.874230 99.954389 -1.888455 3.328959 -0.000553 
956 49.515953 0.000000 2.089221 100.072234 -13.058399 0.936530 -0.018585 
957 49.515953 0.000000 0.434738 100.028308 -1.832073 1.822720 -0.001234 
958 51.296591 0.000000 2.089221 100.120325 -9.325990 -0.043872 -0.011106 
959 49.515953 0.000000 3.743705 100.110261 2.164709 0.171088 -0.002678 
960 47.735315 0.000000 40.142345 99.888437 0.345122 4.834795 -0.000119 
961 61.980419 0.000000 40.142345 99.886272 0.320288 4.832773 -0.000073 
962 47.735315 0.000000 53.378214 99.886620 0.209799 4.858271 -0.000098 
963 40.612762 0.000000 20.288541 99.897571 0.735407 4.681391 -0.000198 
964 33.490210 0.000000 20.288541 99.902275 0.617818 4.689378 -0.000284 
965 47.735315 0.000000 20.288541 99.895210 0.764175 4.674702 -0.000149 
966 40.612762 0.000000 26.906476 99.894004 0.532402 4.771301 -0.000186 
967 44.174038 0.000000 10.361640 99.921016 1.261567 4.103409 -0.000264 
968 40.612762 0.000000 10.361640 99.920740 1.240894 4.126327 -0.000272 
969 47.735315 0.000000 10.361640 99.921997 1.482187 4.071142 -0.000318 
970 44.174038 0.000000 13.670607 99.906655 1.133250 4.424534 -0.000220 
971 45.954676 0.000000 5.398189 99.996731 2.049448 2.504382 -0.000982 
972 44.174038 0.000000 5.398189 99.991048 1.572341 2.620961 -0.000755 
973 47.735315 0.000000 5.398189 99.999510 2.053147 2.447529 -0.001011 
974 45.954676 0.000000 7.052672 99.958485 1.899102 3.301641 -0.000621 
975 46.844996 0.000000 2.916463 100.230373 3.582646 -2.294727 -0.006423 
976 45.954676 0.000000 2.916463 100.221658 3.367741 -2.118039 -0.006021 
977 46.844996 0.000000 2.089221 99.505005 -28.918506 12.529179 -0.089451 
978 47.735315 0.000000 2.916463 100.238720 3.832994 -2.463996 -0.006856 
979 46.844996 0.000000 3.743705 100.094634 2.110034 0.488002 -0.002363 
980 54.857867 0.000000 20.288541 99.894032 0.788025 4.667671 -0.000123 
981 61.980419 0.000000 20.288541 99.893492 0.809156 4.660147 -0.000108 
982 54.857867 0.000000 26.906476 99.890034 0.574896 4.764905 -0.000105 
983 51.296591 0.000000 10.361640 99.922873 1.505854 4.045151 -0.000321 
984 54.857867 0.000000 10.361640 99.923929 1.529158 4.017803 -0.000327 
985 51.296591 0.000000 13.670607 99.906320 1.170686 4.401673 -0.000202 
986 49.515953 0.000000 5.398189 100.002414 2.056052 2.388224 -0.001041 
987 51.296591 0.000000 5.398189 100.005450 2.058180 2.326253 -0.001074 
988 49.515953 0.000000 7.052672 99.961454 1.922547 3.237538 -0.000647 
989 48.625634 0.000000 2.916463 100.246453 4.124709 -2.620811 -0.007323 
990 48.625634 0.000000 2.089221 100.010638 -16.195432 2.194364 -0.026923 
991 49.515953 0.000000 2.916463 100.253270 4.464706 -2.758987 -0.007826 
992 48.625634 0.000000 3.743705 100.104827 2.143587 0.281389 -0.002565 
993 58.419143 0.000000 3.743705 100.179025 2.670047 -1.228924 -0.004448 
994 58.419143 0.000000 0.434738 100.016952 -1.917440 2.071256 -0.001136 
995 61.980419 0.000000 3.743705 100.213637 3.184613 -1.935011 -0.005666 
996 58.419143 0.000000 7.052672 99.969902 1.975015 3.060514 -0.000725 
997 53.077229 0.000000 2.089221 100.135224 -7.174760 -0.346005 -0.007866 
998 53.077229 0.000000 0.434738 100.023366 -1.866468 1.931683 -0.001189 
999 54.857867 0.000000 2.089221 100.138967 -5.738728 -0.420349 -0.006092 
1000 53.077229 0.000000 3.743705 100.134474 2.288307 -0.321179 -0.003225 
1001 50.406272 0.000000 2.916463 100.258811 4.861223 -2.871143 -0.008370 
1002 50.406272 0.000000 2.089221 100.103395 -10.898797 0.300895 -0.013956 
1003 51.296591 0.000000 2.916463 100.262654 5.324442 -2.948666 -0.008964 
1004 50.406272 0.000000 3.743705 100.115934 2.189250 0.055868 -0.002800 
1005 53.077229 0.000000 5.398189 100.008630 2.059551 2.261366 -0.001108 
1006 54.857867 0.000000 5.398189 100.011968 2.060196 2.193274 -0.001145 
1007 53.077229 0.000000 7.052672 99.964662 1.944599 3.169713 -0.000676 
1008 52.186910 0.000000 2.916463 100.264313 5.867550 -2.981608 -0.009625 
1009 52.186910 0.000000 2.089221 100.129866 -8.126196 -0.237666 -0.009208 
1010 53.077229 0.000000 2.916463 100.263220 6.508577 -2.958329 -0.010383 
1011 52.186910 0.000000 3.743705 100.128032 2.250485 -0.190084 -0.003072 
1012 58.419143 0.000000 -2.874230 99.952079 -1.868760 3.384498 -0.000537 
1013 58.419143 0.000000 -6.183197 99.916512 -1.454028 4.099440 -0.000223 
1014 61.980419 0.000000 -2.874230 99.949778 -1.848316 3.437958 -0.000519 
1015 56.638505 0.000000 2.089221 100.136985 -4.681193 -0.377902 -0.004947 
1016 56.638505 0.000000 0.434738 100.018995 -1.901026 2.027032 -0.001152 
1017 58.419143 0.000000 2.089221 100.130799 -3.864151 -0.249717 -0.004117 
1018 56.638505 0.000000 3.743705 100.163042 2.505730 -0.903061 -0.003973 
1019 53.967548 0.000000 2.916463 100.258674 7.273475 -2.864514 -0.011291 
1020 53.967548 0.000000 2.089221 100.137989 -6.395147 -0.401412 -0.006868 
1021 54.857867 0.000000 2.916463 100.249729 8.201334 -2.680803 -0.012446 
1022 53.967548 0.000000 3.743705 100.141191 2.331838 -0.457909 -0.003391 
1023 60.199781 0.000000 2.089221 100.121425 -3.232444 -0.056556 -0.003475 
1024 60.199781 0.000000 0.434738 100.014976 -1.932982 2.113814 -0.001120 
1025 61.980419 0.000000 2.089221 100.110192 -2.758278 0.174462 -0.002969 
1026 60.199781 0.000000 3.743705 100.196010 2.889464 -1.575370 -0.005007 
1027 58.419143 0.000000 10.361640 99.925128 1.552273 3.989060 -0.000335 
1028 61.980419 0.000000 10.361640 99.926451 1.575319 3.958874 -0.000345 
1029 58.419143 0.000000 13.670607 99.906770 1.205729 4.376551 -0.000197 
1030 56.638505 0.000000 5.398189 100.015481 2.060161 2.121640 -0.001184 
1031 58.419143 0.000000 5.398189 100.019185 2.059512 2.046077 -0.001227 
1032 56.638505 0.000000 7.052672 99.968098 1.965244 3.097953 -0.000708 
1033 57.528824 0.000000 2.916463 100.174957 12.801850 -1.149808 -0.020023 
1034 56.638505 0.000000 2.916463 100.211709 10.829923 -1.901946 -0.016329 
1035 57.528824 0.000000 2.089221 100.134360 -4.247174 -0.323345 -0.004503 
1036 58.419143 0.000000 2.916463 100.113112 15.578499 0.115339 -0.026534 
1037 57.528824 0.000000 3.743705 100.170896 2.582034 -1.063177 -0.004201 
1038 60.199781 0.000000 5.398189 100.023104 2.058341 1.966138 -0.001272 
1039 61.980419 0.000000 5.398189 100.027262 2.056776 1.881310 -0.001322 
1040 60.199781 0.000000 7.052672 99.971764 1.984398 3.021984 -0.000742 
1041 59.309462 0.000000 2.916463 99.995870 19.751285 2.513131 -0.039560 
1042 59.309462 0.000000 2.089221 100.126434 -3.527092 -0.159703 -0.003777 
1043 60.199781 0.000000 2.916463 99.726167 26.428811 8.028175 -0.070824 
1044 59.309462 0.000000 3.743705 100.187408 2.771740 -1.399889 -0.004716 
1045 61.090100 0.000000 2.916463 98.910717 35.797863 24.701799 -0.167500 
1046 61.090100 0.000000 2.089221 100.115951 -2.977183 0.056075 -0.003207 
1047 61.980419 0.000000 2.916463 96.794152 14.065327 67.978624 -0.418803 
1048 61.090100 0.000000 3.743705 100.204780 3.025997 -1.754277 -0.005323 
1049 -9.245105 0.000000 40.142345 99.895973 0.118549 4.876322 -0.000300 
1050 -23.490210 0.000000 40.142345 99.890117 0.075624 4.883063 -0.000189 
1051 -9.245105 0.000000 53.378214 99.890197 0.087176 4.878289 -0.000186 
1052 47.735315 0.000000 -39.272870 99.876218 -0.308038 4.842652 0.000119 
1053 47.735315 0.000000 -52.508739 99.876476 -0.204912 4.861957 0.000101 
1054 61.980419 0.000000 -39.272870 99.878654 -0.279646 4.843254 0.000072 
1055 26.367657 0.000000 20.288541 99.916091 0.588173 4.692344 -0.000559 
1056 26.367657 0.000000 26.906476 99.904502 0.408284 4.782406 -0.000395 
1057 -9.245105 0.000000 -39.272870 99.867131 -0.107985 4.875522 0.000277 
1058 -23.490210 0.000000 -39.272870 99.871750 -0.067280 4.882083 0.000179 
1059 -9.245105 0.000000 -52.508739 99.872218 -0.079768 4.878233 0.000174 
1060 -2.122552 0.000000 20.288541 99.948790 0.188070 4.861234 -0.001343 
1061 -9.245105 0.000000 20.288541 99.920989 0.118527 4.885276 -0.000808 
1062 -2.122552 0.000000 26.906476 99.922910 0.165087 4.863267 -0.000827 
1063 26.367657 0.000000 -19.419066 99.855858 -0.550684 4.714208 0.000628 
1064 26.367657 0.000000 -26.037001 99.863222 -0.377534 4.794038 0.000421 
1065 33.490210 0.000000 -19.419066 99.871292 -0.557863 4.719447 0.000314 
1066 8.561276 0.000000 10.361640 99.962193 0.235215 4.507147 -0.001281 
1067 5.000000 0.000000 10.361640 100.021350 0.107090 4.634869 -0.002576 
1068 8.561276 0.000000 13.670607 100.100859 0.380439 4.623379 -0.004170 
1069 -2.122552 0.000000 -19.419066 99.819147 -0.172061 4.852861 0.001256 
1070 -9.245105 0.000000 -19.419066 99.841959 -0.105409 4.875910 0.000780 
1071 -2.122552 0.000000 -26.037001 99.843963 -0.151975 4.860377 0.000754 
1072 1.438724 0.000000 10.361640 100.052836 0.076544 4.839225 -0.003399 
1073 -2.122552 0.000000 10.361640 99.974315 -0.175553 4.893637 -0.001884 
1074 1.438724 0.000000 13.670607 100.049961 0.060432 4.828458 -0.003331 
1075 15.683829 0.000000 -9.492164 99.819718 -0.904805 4.367084 0.001613 
1076 15.683829 0.000000 -12.801131 99.790796 -0.647931 4.543843 0.002073 
1077 19.245105 0.000000 -9.492164 99.830946 -1.013292 4.291631 0.001434 
1078 10.341914 0.000000 5.398189 99.939669 0.895446 3.543459 -0.000130 
1079 8.561276 0.000000 5.398189 100.359696 0.664167 3.539675 -0.008504 
1080 10.341914 0.000000 7.052672 100.042429 0.530642 3.983286 -0.002464 
1081 6.780638 0.000000 5.398189 100.604287 0.674378 3.961942 -0.013737 
1082 5.000000 0.000000 5.398189 100.729544 0.199881 4.453754 -0.016632 
1083 6.780638 0.000000 7.052672 100.141458 0.005799 4.312389 -0.004691 
1084 1.438724 0.000000 -9.492164 99.924540 0.178988 4.687787 -0.000692 
1085 -2.122552 0.000000 -9.492164 99.849131 0.173059 4.772957 0.000734 
1086 1.438724 0.000000 -12.801131 99.771454 -0.133576 4.793690 0.002266 
1087 3.219362 0.000000 5.398189 100.437473 0.234993 4.796183 -0.011074 
1088 1.438724 0.000000 5.398189 100.093428 -0.047129 4.970263 -0.004340 
1089 3.219362 0.000000 7.052672 100.107354 -0.137502 4.720636 -0.004379 
1090 6.780638 0.000000 -4.528713 99.416804 -0.918726 4.336110 0.009665 
1091 5.000000 0.000000 -4.528713 99.713990 -0.674497 4.518522 0.003625 
1092 6.780638 0.000000 -6.183197 99.620667 -0.242233 4.393073 0.005636 
1093 40.612762 0.000000 -19.419066 99.877620 -0.642913 4.722013 0.000175 
1094 40.612762 0.000000 -26.037001 99.874762 -0.473599 4.790297 0.000186 
1095 47.735315 0.000000 -19.419066 99.881130 -0.649203 4.726497 0.000100 
1096 54.857867 0.000000 -19.419066 99.883160 -0.649884 4.731282 0.000055 
1097 54.857867 0.000000 -26.037001 99.879819 -0.490244 4.793286 0.000081 
1098 61.980419 0.000000 -19.419066 99.884356 -0.647326 4.736021 0.000027 
1099 22.806381 0.000000 -9.492164 99.842395 -1.073624 4.257935 0.001221 
1100 22.806381 0.000000 -12.801131 99.840694 -0.818264 4.511349 0.001081 
1101 26.367657 0.000000 -9.492164 99.869235 -1.099679 4.285714 0.000656 
1102 29.928934 0.000000 -9.492164 99.881363 -1.109826 4.303425 0.000396 
1103 29.928934 0.000000 -12.801131 99.869770 -0.863735 4.524013 0.000482 
1104 33.490210 0.000000 -9.492164 99.888611 -1.111537 4.320613 0.000236 
1105 13.903191 0.000000 -4.528713 99.771789 -1.158636 3.529454 0.003179 
1106 13.903191 0.000000 -6.183197 99.823028 -0.954545 3.992727 0.001851 
1107 15.683829 0.000000 -4.528713 99.830989 -1.394941 3.443755 0.001997 
1108 17.464467 0.000000 -4.528713 99.873687 -1.501257 3.414374 0.001133 
1109 17.464467 0.000000 -6.183197 99.855122 -1.313995 3.852275 0.001239 
1110 19.245105 0.000000 -4.528713 99.863291 -1.621565 3.295562 0.001383 
1111 3.219362 0.000000 -4.528713 99.965958 -0.583815 4.464428 -0.001346 
1112 1.438724 0.000000 -4.528713 100.040561 -0.392519 4.423438 -0.002783 
1113 3.219362 0.000000 -6.183197 99.960722 -0.179812 4.563997 -0.001301 
1114 7.670957 0.000000 -2.046988 98.724453 -1.068970 4.884359 0.022848 
1115 6.780638 0.000000 -2.046988 98.288535 -0.762316 4.589731 0.031772 
1116 7.670957 0.000000 -2.874230 98.842935 -1.369060 4.566759 0.020734 
1117 22.806381 0.000000 10.361640 99.954104 1.111710 4.189239 -0.000961 
1118 26.367657 0.000000 10.361640 99.934955 1.163112 4.188258 -0.000589 
1119 22.806381 0.000000 13.670607 99.940928 0.856354 4.470093 -0.000890 
1120 17.464467 0.000000 5.398189 99.921004 1.385051 3.289565 0.000305 
1121 19.245105 0.000000 5.398189 99.981095 1.557561 3.132344 -0.000846 
1122 17.464467 0.000000 7.052672 99.933280 1.307085 3.761678 -0.000252 
1123 13.012871 0.000000 -2.046988 99.637161 -1.454036 2.612784 0.006350 
1124 13.012871 0.000000 -2.874230 99.679076 -1.337229 2.987607 0.005337 
1125 13.903191 0.000000 -2.046988 99.720875 -1.526285 2.474490 0.004729 
1126 14.793510 0.000000 -2.046988 99.775424 -1.551366 2.400577 0.003670 
1127 14.793510 0.000000 -2.874230 99.786919 -1.468896 2.831505 0.003240 
1128 15.683829 0.000000 -2.046988 99.831229 -1.642088 2.379212 0.002537 
1129 11.677393 0.000000 -0.806125 99.108865 -3.394413 1.565681 0.016346 
1130 11.677393 0.000000 -1.219746 99.189638 -2.642962 2.312403 0.014908 
1131 12.122552 0.000000 -0.806125 99.246305 -3.300113 1.399914 0.013732 
1132 8.116117 0.000000 -0.806125 74.467762 0.003126 7.552216 0.439752 
1133 7.670957 0.000000 -0.806125 74.068694 0.138525 3.757695 0.449969 
1134 8.116117 0.000000 -1.219746 99.061941 -0.684938 5.937033 0.015101 
1135 13.012871 0.000000 2.916463 99.814968 0.893050 1.968020 0.003230 
1136 12.122552 0.000000 2.916463 99.858731 0.938025 1.912023 0.002370 
1137 13.012871 0.000000 3.743705 99.905200 1.121993 2.548108 0.001120 
1138 8.783856 0.000000 0.641548 75.362640 3.904405 -11.051857 0.418308 
1139 8.783856 0.000000 0.434738 76.065047 3.176049 -9.323890 0.411709 
1140 8.783856 0.000000 0.848359 80.184842 4.371828 -15.457593 0.331234 
1141 9.785465 0.000000 -0.082288 108.340744 -10.249317 -3.490559 -0.185495 
1142 9.785465 0.000000 -0.185694 110.020816 -11.097321 -4.341633 -0.224658 
1143 9.896755 0.000000 -0.082288 119.055858 -16.563623 -16.908231 -0.473454 
1144 9.618530 0.000000 0.072819 96.492680 -1.634132 -6.164189 0.064850 
1145 9.618530 0.000000 0.021117 102.544546 2.677382 -12.191244 -0.067118 
1146 9.674175 0.000000 0.072819 101.548894 3.863372 -11.389550 -0.045683 
1147 9.340305 0.000000 -0.082288 92.901778 12.885700 -6.083164 0.116621 
1148 9.229016 0.000000 -0.082288 89.067828 8.658998 -0.367496 0.199181 
1149 9.340305 0.000000 -0.185694 89.998710 8.889636 -1.815767 0.181791 
1150 9.395950 0.000000 0.072819 92.896214 12.342891 -10.290507 0.111205 
1151 9.340305 0.000000 0.072819 88.724608 17.137324 -7.528658 0.177758 
1152 9.395950 0.000000 0.021117 101.096154 5.826858 -12.504717 -0.041075 
1153 9.535063 0.000000 0.150373 93.063681 2.991202 -4.110672 0.131331 
1154 9.535063 0.000000 0.124522 93.939860 1.879904 -4.270562 0.115353 
1155 9.562885 0.000000 0.150373 93.939860 1.879904 -4.270562 0.115353 
1156 9.423773 0.000000 0.150373 87.603685 6.117068 -9.767707 0.219277 
1157 9.395950 0.000000 0.150373 84.621465 10.376402 -5.268665 0.270378 
1158 9.423773 0.000000 0.124522 90.115473 4.717413 -10.327296 0.175029 
1159 9.493329 0.000000 0.215002 91.248822 5.233051 -3.425005 0.163454 
1160 9.493329 0.000000 0.227927 87.730326 4.952755 -9.979794 0.217926 
1161 11.009654 0.000000 -0.185694 99.155928 -11.828011 -0.864193 0.002745 
1162 11.009654 0.000000 -0.392504 98.858609 -5.898849 -0.048509 0.019218 
1163 11.232233 0.000000 -0.185694 99.278739 -12.715023 -0.274650 -0.001802 
1164 9.729820 0.000000 0.072819 103.140411 1.056453 -10.232737 -0.074377 
1165 9.729820 0.000000 0.021117 102.926601 -0.660568 -9.505338 -0.068467 
1166 9.785465 0.000000 0.072819 105.995385 -2.093884 -17.519720 -0.154635 
1167 9.841110 0.000000 0.072819 119.055858 -16.563623 -16.908231 -0.473454 
1168 9.841110 0.000000 0.021117 119.055858 -16.563623 -16.908231 -0.473454 
1169 9.896755 0.000000 0.072819 119.055858 -16.563623 -16.908231 -0.473454 
1170 9.590708 0.000000 0.150373 94.773081 0.919299 -5.002983 0.099219 
1171 9.590708 0.000000 0.124522 94.998518 0.685676 -4.922509 0.095058 
1172 9.618530 0.000000 0.150373 94.998518 0.685676 -4.922509 0.095058 
1173 9.521151 0.000000 0.189150 92.434938 3.772981 -3.635182 0.142833 
1174 9.521151 0.000000 0.176225 92.434938 3.772981 -3.635182 0.142833 
1175 9.535063 0.000000 0.189150 92.434938 3.772981 -3.635182 0.142833 
1176 9.548974 0.000000 0.215002 92.434938 3.772981 -3.635182 0.142833 
1177 9.548974 0.000000 0.202076 92.434938 3.772981 -3.635182 0.142833 
1178 9.548974 0.000000 0.227927 92.434938 3.772981 -3.635182 0.142833 
1179 9.437684 0.000000 0.189150 86.400341 6.434160 -9.556606 0.240225 
1180 9.423773 0.000000 0.189150 85.106990 9.080438 -5.510610 0.264398 
1181 9.437684 0.000000 0.176225 87.100088 5.771855 -10.692560 0.226593 
1182 8.338696 0.000000 0.227927 71.769845 -1.033116 -28.669231 0.402610 
1183 8.338696 0.000000 0.021117 75.457870 0.145905 4.557792 0.428532 
1184 8.561276 0.000000 0.227927 74.996240 2.309081 -12.945398 0.420265 
1185 4.109681 0.000000 -0.392504 54.867206 1.044920 0.254864 0.698843 
1186 3.219362 0.000000 -0.392504 55.541887 -0.034695 -1.109331 0.691387 
1187 4.109681 0.000000 -1.219746 99.851258 -1.806318 3.815030 0.001191 
1188 5.445160 0.000000 0.021117 31.072879 3.301339 0.349662 0.902346 
1189 5.000000 0.000000 0.021117 18.140620 4.911508 -0.847133 0.964608 
1190 5.445160 0.000000 -0.392504 66.386902 1.290109 1.139233 0.558982 
1191 6.112899 0.000000 0.227927 68.299170 0.777383 -1.482586 0.533242 
1192 5.890319 0.000000 0.227927 70.209404 0.579566 -1.389785 0.506837 
1193 6.112899 0.000000 0.021117 39.518280 0.892173 0.639552 0.843710 
1194 9.646353 0.000000 0.253779 95.382956 1.693860 -9.785758 0.080346 
1195 9.646353 0.000000 0.227927 95.252707 1.088241 -8.029655 0.086126 
1196 9.646353 0.000000 0.279630 98.414639 7.003933 -12.472050 0.010995 
1197 10.008045 0.000000 -0.082288 119.055858 -16.563623 -16.908231 -0.473454 
1198 10.008045 0.000000 -0.185694 119.055858 -16.563623 -16.908231 -0.473454 
1199 10.119335 0.000000 -0.082288 119.055858 -16.563623 -16.908231 -0.473454 
1200 9.952400 0.000000 0.176225 119.055858 -16.563623 -16.908231 -0.473454 
1201 9.952400 0.000000 0.124522 119.055858 -16.563623 -16.908231 -0.473454 
1202 10.675784 0.000000 0.124522 106.635039 -68.457578 35.241967 -0.729947 
1203 10.675784 0.000000 0.021117 100.660004 -30.223515 0.608768 -0.104627 
1204 10.787074 0.000000 0.124522 106.724546 -63.717099 49.576558 -0.790783 
1205 10.675784 0.000000 0.538143 97.297172 13.541252 -3.921117 0.033452 
1206 10.564494 0.000000 0.538143 97.041493 13.532840 -4.443792 0.038006 
1207 10.675784 0.000000 0.641548 97.855882 7.133705 -3.222391 0.036295 
1208 10.397559 0.000000 0.279630 93.623325 90.389980 15.279005 -0.716912 
1209 10.397559 0.000000 0.227927 114.200824 163.016994 235.939610 -8.528387 
1210 10.397559 0.000000 0.331332 94.590153 50.847051 -1.523920 -0.153504 
1211 10.397559 0.000000 0.176225 114.070718 -124.879575 45.855337 -2.070975 
1212 10.397559 0.000000 0.124522 104.234068 -60.255462 3.124724 -0.450523 
1213 10.453204 0.000000 0.176225 116.804405 -125.102013 72.491309 -2.454877 
1214 10.161068 0.000000 0.215002 120.996706 -37.797134 -74.561931 -1.162831 
1215 10.147157 0.000000 0.215002 118.629355 -31.453311 -61.152419 -0.880185 
1216 10.161068 0.000000 0.202076 118.878431 -34.938142 -67.040218 -0.984715 
1217 12.567712 0.000000 -0.806125 99.470686 -2.657872 1.086594 0.009734 
1218 12.567712 0.000000 -1.219746 99.430856 -1.780568 1.700667 0.010744 
1219 13.012871 0.000000 -0.806125 99.584297 -2.740918 1.387616 0.007353 
1220 13.458031 0.000000 -0.806125 99.657616 -2.862090 1.345700 0.005836 
1221 13.458031 0.000000 -1.219746 99.659407 -1.872392 1.936541 0.006075 
1222 13.903191 0.000000 -0.806125 99.731916 -2.888104 1.346060 0.004339 
1223 11.454813 0.000000 -0.185694 99.430788 -13.656887 0.445487 -0.007319 
1224 11.454813 0.000000 -0.392504 99.074452 -6.679245 0.140122 0.013962 
1225 11.677393 0.000000 -0.185694 99.598353 -14.369886 1.428345 -0.012837 
1226 11.899973 0.000000 -0.185694 99.659526 -14.922157 2.070615 -0.015898 
1227 11.899973 0.000000 -0.392504 99.305066 -7.303799 0.474666 0.008493 
1228 12.122552 0.000000 -0.185694 99.712042 -15.188738 2.759212 -0.018080 
1229 10.898364 0.000000 0.124522 106.547966 -55.141701 61.048338 -0.811998 
1230 10.898364 0.000000 0.021117 100.818484 -32.863665 5.541669 -0.127510 
1231 11.009654 0.000000 0.124522 106.718638 -44.096144 69.921518 -0.822236 
1232 11.120943 0.000000 0.124522 106.787557 -30.879423 76.037270 -0.813879 
1233 11.120943 0.000000 0.021117 101.372463 -35.057375 11.857693 -0.164600 
1234 11.232233 0.000000 0.124522 106.049186 -17.312836 77.447500 -0.754428 
1235 13.458031 0.000000 1.675600 99.832001 0.862845 -0.202263 0.003279 
1236 13.012871 0.000000 1.675600 99.775170 0.876563 -0.133622 0.004413 
1237 13.458031 0.000000 2.089221 99.820445 0.784664 0.795187 0.003463 
1238 12.567712 0.000000 1.675600 99.718228 0.949130 -0.066453 0.005537 
1239 12.122552 0.000000 1.675600 99.732154 0.824812 -0.352898 0.005269 
1240 12.567712 0.000000 2.089221 99.814709 0.814366 0.755176 0.003579 
1241 11.120943 0.000000 0.538143 98.462110 11.727061 -1.849278 0.016427 
1242 11.120943 0.000000 0.641548 98.655031 5.910451 -1.600180 0.022969 
1243 11.343523 0.000000 0.124522 105.104593 -5.577227 75.440223 -0.676931 
1244 11.343523 0.000000 0.021117 101.814897 -35.651122 18.530484 -0.198065 
1245 11.454813 0.000000 0.124522 104.164458 3.565010 71.235725 -0.593747 
1246 11.566103 0.000000 0.124522 103.252139 10.375967 66.136039 -0.514264 
1247 11.566103 0.000000 0.021117 102.069466 -34.341312 25.504080 -0.224796 
1248 11.677393 0.000000 0.124522 102.326582 15.074255 61.042514 -0.442415 
1249 11.566103 0.000000 0.538143 98.998055 10.663954 -0.522837 0.008539 
1250 11.677393 0.000000 0.538143 99.069980 10.428825 -0.256642 0.007631 
1251 11.566103 0.000000 0.641548 99.119329 5.769144 -1.563906 0.013963 
1252 12.345132 0.000000 -0.185694 99.844005 -14.497922 3.025034 -0.018817 
1253 12.345132 0.000000 -0.392504 99.538893 -6.817370 0.414364 0.004536 
1254 12.567712 0.000000 -0.185694 99.874022 -14.566987 3.433471 -0.019881 
1255 12.790292 0.000000 -0.185694 99.903288 -14.530827 4.354403 -0.021077 
1256 12.790292 0.000000 -0.392504 99.620156 -7.028221 0.839757 0.002572 
1257 13.012871 0.000000 -0.185694 99.894525 -14.433914 4.789738 -0.021020 
1258 11.788683 0.000000 0.124522 101.305134 17.723795 56.386263 -0.375627 
1259 11.788683 0.000000 0.021117 101.759786 -31.167823 31.281874 -0.230504 
1260 11.899973 0.000000 0.124522 100.503992 18.745798 52.567356 -0.321578 
1261 12.011263 0.000000 0.124522 100.083362 19.021119 49.601380 -0.283878 
1262 12.011263 0.000000 0.021117 101.153158 -27.589953 34.149844 -0.215938 
1263 12.122552 0.000000 0.124522 99.843426 19.013044 46.997177 -0.253894 
1264 11.788683 0.000000 0.538143 99.151654 10.260878 0.085736 0.006366 
1265 11.899973 0.000000 0.538143 99.206234 9.997953 0.221126 0.005812 
1266 11.788683 0.000000 0.641548 99.271321 5.729848 -1.383077 0.011046 
1267 12.011263 0.000000 0.538143 99.191981 9.920394 0.619827 0.006215 
1268 12.122552 0.000000 0.538143 99.248517 9.715519 0.822098 0.005466 
1269 12.011263 0.000000 0.641548 99.352870 5.496313 -1.297130 0.009712 
1270 12.233842 0.000000 0.124522 99.659740 18.814701 45.045152 -0.231512 
1271 12.233842 0.000000 0.021117 100.809453 -24.170719 35.476056 -0.200532 
1272 12.345132 0.000000 0.124522 99.617488 19.282325 42.555435 -0.210642 
1273 12.456422 0.000000 0.124522 99.546031 18.743704 40.983403 -0.194038 
1274 12.456422 0.000000 0.021117 100.653549 -20.426311 35.167098 -0.178510 
1275 12.567712 0.000000 0.124522 99.502073 18.271135 39.516849 -0.179608 
1276 12.233842 0.000000 0.538143 99.307183 9.790780 0.904239 0.004141 
1277 12.345132 0.000000 0.538143 99.372962 10.454782 0.907502 0.001489 
1278 12.233842 0.000000 0.641548 99.457289 5.575058 -1.336103 0.007538 
1279 12.456422 0.000000 0.538143 99.385965 10.351366 1.268186 0.001367 
1280 12.567712 0.000000 0.538143 99.401236 10.342949 1.586394 0.000990 
1281 12.456422 0.000000 0.641548 99.544749 6.157771 -1.459462 0.005079 
1282 21.025743 0.000000 -4.528713 99.881845 -1.631678 3.287913 0.001014 
1283 21.025743 0.000000 -6.183197 99.863880 -1.418987 3.767555 0.001100 
1284 22.806381 0.000000 -4.528713 99.894441 -1.655714 3.291637 0.000752 
1285 24.587019 0.000000 -4.528713 99.908817 -1.664963 3.330486 0.000436 
1286 24.587019 0.000000 -6.183197 99.882637 -1.453973 3.769788 0.000713 
1287 26.367657 0.000000 -4.528713 99.919392 -1.666878 3.372588 0.000196 
1288 16.574148 0.000000 -2.046988 99.871322 -1.729974 2.353725 0.001719 
1289 16.574148 0.000000 -2.874230 99.858894 -1.695249 2.754365 0.001774 
1290 17.464467 0.000000 -2.046988 99.902653 -1.760098 2.365073 0.001077 
1291 18.354786 0.000000 -0.392504 99.988182 -4.613836 1.024602 -0.001997 
1292 18.354786 0.000000 -1.219746 99.946765 -1.983514 1.861936 0.000324 
1293 19.245105 0.000000 -0.392504 100.004578 -4.244169 1.036718 -0.002000 
1294 14.348350 0.000000 -0.806125 99.785650 -2.898715 1.336907 0.003263 
1295 14.348350 0.000000 -1.219746 99.754572 -1.940299 1.764167 0.004215 
1296 14.793510 0.000000 -0.806125 99.823515 -2.889444 1.336934 0.002513 
1297 15.238669 0.000000 -0.806125 99.846684 -2.822845 1.350014 0.002085 
1298 15.238669 0.000000 -1.219746 99.824337 -1.950543 1.819560 0.002799 
1299 15.683829 0.000000 -0.806125 99.876012 -2.777585 1.377204 0.001517 
1300 13.235451 0.000000 -0.185694 99.894238 -14.332894 5.132991 -0.021064 
1301 13.235451 0.000000 -0.392504 99.703240 -7.226760 1.119123 0.000579 
1302 13.458031 0.000000 -0.185694 99.895319 -14.180627 5.404431 -0.020937 
1303 13.680611 0.000000 -0.185694 99.917638 -13.945956 5.604972 -0.020944 
1304 13.680611 0.000000 -0.392504 99.780322 -7.256194 1.307528 -0.001047 
1305 13.903191 0.000000 -0.185694 99.935718 -13.727991 5.781503 -0.020903 
1306 12.679002 0.000000 0.331332 99.095830 18.893533 3.848808 -0.019176 
1307 12.679002 0.000000 0.227927 98.989347 24.756873 13.831424 -0.060310 
1308 12.679002 0.000000 0.434738 99.237393 14.543605 0.662425 -0.006002 
1309 21.025743 0.000000 5.398189 99.983652 1.561352 3.081226 -0.000866 
1310 22.806381 0.000000 5.398189 99.984941 1.579939 3.042224 -0.000874 
1311 21.025743 0.000000 7.052672 99.966255 1.420495 3.637846 -0.000850 
1312 16.574148 0.000000 2.916463 99.951782 1.260341 1.764113 0.000494 
1313 17.464467 0.000000 2.916463 99.963454 1.246033 1.725606 0.000278 
1314 16.574148 0.000000 3.743705 99.926303 1.447677 2.482601 0.000647 
1315 15.238669 0.000000 1.675600 99.980412 1.099177 -0.425778 0.000253 
1316 15.683829 0.000000 1.675600 100.001906 1.116942 -0.487554 -0.000187 
1317 15.238669 0.000000 2.089221 99.946759 0.959291 0.602359 0.000936 
1318 13.680611 0.000000 1.055169 99.859271 2.678755 -1.956246 0.001712 
1319 13.458031 0.000000 1.055169 99.828776 2.599042 -1.975549 0.002356 
1320 13.680611 0.000000 1.261980 99.864281 1.674772 -1.445366 0.002223 
1321 13.235451 0.000000 1.055169 99.793657 2.543665 -1.977408 0.003085 
1322 13.012871 0.000000 1.055169 99.760163 2.593027 -2.003862 0.003717 
1323 13.235451 0.000000 1.261980 99.805225 1.576190 -1.416465 0.003443 
1324 13.124161 0.000000 0.331332 99.196114 18.094660 4.754349 -0.018989 
1325 13.124161 0.000000 0.227927 99.085173 22.656377 14.211655 -0.053315 
1326 13.235451 0.000000 0.331332 99.233068 17.830701 4.833935 -0.018850 
1327 12.679002 0.000000 0.538143 99.400277 10.374138 2.069314 0.000768 
1328 12.790292 0.000000 0.538143 99.409267 10.459921 2.621966 0.000151 
1329 12.679002 0.000000 0.641548 99.559517 6.094850 -1.156084 0.004942 
1330 12.901582 0.000000 0.538143 99.413718 10.567171 3.137913 -0.000460 
1331 12.901582 0.000000 0.641548 99.615378 6.016310 -1.029651 0.003952 
1332 14.570930 0.000000 1.055169 99.995510 3.010928 -2.048657 -0.001236 
1333 14.793510 0.000000 1.055169 99.999278 3.076142 -1.978691 -0.001323 
1334 14.570930 0.000000 1.261980 99.988598 1.937736 -1.603528 -0.000405 
1335 13.791901 0.000000 0.744953 99.819390 5.089479 -1.638179 0.000750 
1336 13.680611 0.000000 0.744953 99.799920 5.058080 -1.670743 0.001160 
1337 13.791901 0.000000 0.848359 99.845679 4.217857 -1.956889 0.000922 
1338 13.569321 0.000000 0.744953 99.778676 5.056259 -1.715323 0.001571 
1339 13.458031 0.000000 0.744953 99.756046 5.018285 -1.734144 0.002054 
1340 13.569321 0.000000 0.848359 99.810041 4.159603 -2.024763 0.001655 
1341 14.125770 0.000000 -0.185694 99.930842 -13.469644 5.897174 -0.020238 
1342 14.125770 0.000000 -0.392504 99.838652 -7.200524 1.452800 -0.002171 
1343 14.348350 0.000000 -0.185694 99.891837 -13.153815 5.853329 -0.018566 
1344 14.570930 0.000000 -0.185694 99.785067 -12.848021 5.747147 -0.015516 
1345 14.570930 0.000000 -0.392504 99.851398 -7.019625 1.502305 -0.002183 
1346 14.793510 0.000000 -0.185694 99.681840 -12.511605 5.407145 -0.012225 
1347 14.237060 0.000000 0.744953 99.918278 5.237580 -1.645839 -0.001380 
1348 14.348350 0.000000 0.744953 99.950978 5.253486 -1.731401 -0.002079 
1349 14.237060 0.000000 0.848359 99.930432 4.401248 -1.923895 -0.000916 
1350 14.459640 0.000000 0.744953 99.976695 5.271321 -1.705128 -0.002603 
1351 14.570930 0.000000 0.744953 99.994932 5.298294 -1.681583 -0.002989 
1352 14.459640 0.000000 0.848359 99.977119 4.456617 -1.993142 -0.001926 
1353 20.135424 0.000000 -0.392504 100.014419 -3.908085 0.930670 -0.001902 
1354 20.135424 0.000000 -1.219746 99.964583 -1.970856 1.771534 0.000006 
1355 21.025743 0.000000 -0.392504 100.021414 -3.626608 0.940665 -0.001832 
1356 37.051486 0.000000 10.361640 99.920948 1.255596 4.143369 -0.000294 
1357 33.490210 0.000000 10.361640 99.924563 1.229780 4.156591 -0.000371 
1358 37.051486 0.000000 13.670607 99.908538 0.956849 4.448395 -0.000242 
1359 37.051486 0.000000 -9.492164 99.894891 -1.108777 4.343287 0.000092 
1360 37.051486 0.000000 -12.801131 99.883614 -0.834626 4.547075 0.000189 
1361 40.612762 0.000000 -9.492164 99.896824 -1.046618 4.361303 0.000051 
1362 44.174038 0.000000 -9.492164 99.898444 -1.179496 4.373149 -0.000021 
1363 44.174038 0.000000 -12.801131 99.888440 -0.940038 4.560309 0.000062 
1364 47.735315 0.000000 -9.492164 99.899302 -1.170144 4.386904 -0.000048 
1365 28.148295 0.000000 -4.528713 99.925573 -1.666547 3.405507 0.000051 
1366 28.148295 0.000000 -6.183197 99.902154 -1.460840 3.824350 0.000280 
1367 29.928934 0.000000 -4.528713 99.929450 -1.664100 3.435260 -0.000047 
1368 31.709572 0.000000 -4.528713 99.932049 -1.659638 3.463492 -0.000116 
1369 31.709572 0.000000 -6.183197 99.910273 -1.456826 3.863855 0.000089 
1370 33.490210 0.000000 -4.528713 99.933780 -1.654087 3.490829 -0.000168 
1371 27.257976 0.000000 1.261980 100.238329 5.659339 -2.675621 -0.008691 
1372 27.257976 0.000000 0.434738 99.825002 -13.104095 5.708397 -0.016933 
1373 27.257976 0.000000 2.089221 100.164374 1.397123 -1.095161 -0.003605 
1374 35.270848 0.000000 -4.528713 99.934891 -1.647688 3.517349 -0.000207 
1375 35.270848 0.000000 -6.183197 99.914510 -1.447277 3.900457 -0.000022 
1376 37.051486 0.000000 -4.528713 99.936122 -1.640321 3.547076 -0.000250 
1377 38.832124 0.000000 -4.528713 99.935889 -1.507577 3.587718 -0.000233 
1378 38.832124 0.000000 -6.183197 99.917219 -1.344472 3.948574 -0.000085 
1379 40.612762 0.000000 -4.528713 99.935859 -1.501920 3.611138 -0.000247 
1380 36.161167 0.000000 1.261980 99.215694 17.959139 18.382623 -0.050421 
1381 36.161167 0.000000 0.434738 100.069078 -4.277520 0.910633 -0.003295 
1382 36.161167 0.000000 2.089221 100.222113 3.130981 -2.171565 -0.005899 
1383 42.393400 0.000000 5.398189 99.988675 1.578053 2.669807 -0.000735 
1384 40.612762 0.000000 5.398189 99.986396 1.582486 2.716958 -0.000717 
1385 42.393400 0.000000 7.052672 99.954664 1.555562 3.385541 -0.000482 
1386 51.296591 0.000000 -9.492164 99.899781 -1.159954 4.400117 -0.000067 
1387 51.296591 0.000000 -12.801131 99.890626 -0.931352 4.574450 0.000007 
1388 54.857867 0.000000 -9.492164 99.900004 -1.149228 4.412809 -0.000080 
1389 58.419143 0.000000 -9.492164 99.900053 -1.138167 4.425006 -0.000090 
1390 58.419143 0.000000 -12.801131 99.891635 -0.919379 4.587748 -0.000023 
1391 61.980419 0.000000 -9.492164 99.899982 -1.126913 4.436736 -0.000096 
1392 42.393400 0.000000 -4.528713 99.935657 -1.495851 3.634021 -0.000258 
1393 42.393400 0.000000 -6.183197 99.917957 -1.332730 3.979780 -0.000121 
1394 44.174038 0.000000 -4.528713 99.935326 -1.489437 3.656382 -0.000266 
1395 45.954676 0.000000 -1.219746 99.992357 -2.022099 2.531934 -0.000897 
1396 45.954676 0.000000 -2.874230 99.959912 -1.932941 3.180881 -0.000584 
1397 47.735315 0.000000 -1.219746 99.990917 -2.024703 2.569035 -0.000888 
1398 49.515953 0.000000 -1.219746 99.989432 -2.026279 2.605912 -0.000878 
1399 49.515953 0.000000 -2.874230 99.957786 -1.916127 3.241705 -0.000574 
1400 51.296591 0.000000 -1.219746 99.987912 -2.026883 2.642560 -0.000867 
1401 55.748186 0.000000 2.916463 100.234928 9.353457 -2.377418 -0.014018 
1402 55.748186 0.000000 2.089221 100.138563 -5.174131 -0.411098 -0.005467 
1403 55.748186 0.000000 3.743705 100.155471 2.439481 -0.748785 -0.003763 
1404 5.890319 0.000000 -2.046988 98.790890 -0.887301 5.007386 0.021450 
1405 5.000000 0.000000 -2.046988 98.764946 -1.294769 5.111664 0.021768 
1406 5.890319 0.000000 -2.874230 99.588311 -1.129113 5.429378 0.005142 
1407 29.928934 0.000000 10.361640 99.928022 1.200046 4.173810 -0.000447 
1408 29.928934 0.000000 13.670607 99.918309 0.936071 4.457387 -0.000441 
1409 11.232233 0.000000 2.916463 99.903548 1.048056 1.579796 0.001569 
1410 10.341914 0.000000 2.916463 100.218063 0.906453 1.728220 -0.004747 
1411 11.232233 0.000000 3.743705 99.879722 0.930427 2.505475 0.001690 
1412 9.451595 0.000000 2.916463 100.731420 0.746354 1.656460 -0.015012 
1413 8.561276 0.000000 2.916463 101.422052 1.419487 1.696764 -0.029133 
1414 9.451595 0.000000 3.743705 100.705198 1.188257 2.649304 -0.014997 
1415 7.225798 0.000000 -0.806125 72.008992 -0.020653 0.595500 0.481435 
1416 6.780638 0.000000 -0.806125 69.821333 0.572877 1.348575 0.512283 
1417 7.225798 0.000000 -1.219746 98.873572 -1.068442 4.620243 0.020153 
1418 8.783856 0.000000 0.227927 76.975024 2.289436 -5.345936 0.404103 
1419 8.783856 0.000000 0.021117 78.269353 1.305756 2.711751 0.386485 
1420 11.677393 0.000000 1.675600 99.574048 0.484948 -0.035616 0.008477 
1421 11.232233 0.000000 1.675600 99.494262 0.236381 0.005405 0.010084 
1422 11.677393 0.000000 2.089221 99.761596 0.295142 0.858970 0.004680 
1423 10.787074 0.000000 1.675600 99.430390 -0.237131 -0.539076 0.011325 
1424 10.341914 0.000000 1.675600 99.599934 0.031554 -1.036023 0.007878 
1425 10.787074 0.000000 2.089221 99.751723 0.215620 0.491880 0.004931 
1426 9.646353 0.000000 0.202076 95.230865 0.725420 -7.261497 0.087783 
1427 9.646353 0.000000 0.176225 95.311553 0.527076 -4.940713 0.089102 
1428 9.674175 0.000000 0.202076 97.140916 2.471231 -13.098006 0.038598 
1429 9.548974 0.000000 0.189150 92.978275 3.363821 -3.833793 0.132903 
1430 9.548974 0.000000 0.176225 93.063681 2.991202 -4.110672 0.131331 
1431 9.562885 0.000000 0.189150 92.919175 2.713820 -3.875047 0.134365 
1432 4.109681 0.000000 -2.046988 99.758351 -1.821843 4.372708 0.002583 
1433 3.219362 0.000000 -2.046988 100.198511 -0.363792 4.038592 -0.005618 
1434 4.109681 0.000000 -2.874230 100.378682 -1.901074 4.791431 -0.010245 
1435 6.335479 0.000000 -0.806125 68.345900 0.154176 1.590558 0.532628 
1436 5.890319 0.000000 -0.806125 67.761520 0.464304 1.319414 0.540642 
1437 6.335479 0.000000 -1.219746 98.019990 -0.804016 4.341663 0.037259 
1438 9.576796 0.000000 0.189150 93.777181 2.192034 -4.052625 0.118461 
1439 9.576796 0.000000 0.176225 93.939860 1.879904 -4.270562 0.115353 
1440 9.590708 0.000000 0.189150 93.939860 1.879904 -4.270562 0.115353 
1441 9.701998 0.000000 0.202076 101.326225 7.186249 -15.075246 -0.054591 
1442 9.701998 0.000000 0.176225 101.437419 6.239394 -14.484925 -0.053829 
1443 9.729820 0.000000 0.202076 103.247483 6.400352 -15.351642 -0.093668 
1444 10.230624 0.000000 -0.082288 119.169975 2.481900 54.026942 -0.712655 
1445 10.230624 0.000000 -0.185694 100.015371 -7.673225 -4.486245 -0.008208 
1446 10.341914 0.000000 -0.082288 100.076540 -13.326200 -4.649461 -0.021452 
1447 9.952400 0.000000 0.072819 119.055858 -16.563623 -16.908231 -0.473454 
1448 9.952400 0.000000 0.021117 119.055858 -16.563623 -16.908231 -0.473454 
1449 10.008045 0.000000 0.072819 119.055858 -16.563623 -16.908231 -0.473454 
1450 10.063690 0.000000 0.072819 119.055858 -16.563623 -16.908231 -0.473454 
1451 10.063690 0.000000 0.021117 119.055858 -16.563623 -16.908231 -0.473454 
1452 10.119335 0.000000 0.072819 119.055858 -16.563623 -16.908231 -0.473454 
1453 10.174979 0.000000 0.072819 119.055858 -16.563623 -16.908231 -0.473454 
1454 10.174979 0.000000 0.021117 119.055858 -16.563623 -16.908231 -0.473454 
1455 10.230624 0.000000 0.072819 129.736335 -46.632170 -99.050587 -1.881709 
1456 10.286269 0.000000 0.072819 102.219575 -33.148236 -5.725144 -0.158042 
1457 10.286269 0.000000 0.021117 101.443605 -22.801225 -5.841133 -0.084482 
1458 10.341914 0.000000 0.072819 101.917831 -34.986443 -4.534979 -0.163186 
1459 10.453204 0.000000 0.538143 96.809744 13.737184 -5.107805 0.041307 
1460 10.341914 0.000000 0.538143 96.513005 14.110540 -5.601698 0.045475 
1461 10.453204 0.000000 0.641548 97.565050 7.446964 -5.022809 0.040038 
1462 10.453204 0.000000 -0.082288 99.584949 -14.482131 -3.977340 -0.014271 
1463 10.453204 0.000000 -0.185694 99.049696 -9.142274 -3.019215 0.009646 
1464 10.564494 0.000000 -0.082288 99.403532 -15.493547 -3.313719 -0.013209 
1465 10.397559 0.000000 0.072819 101.788114 -36.927586 -3.170327 -0.173452 
1466 10.397559 0.000000 0.021117 100.754111 -25.253696 -4.563009 -0.080996 
1467 10.453204 0.000000 0.072819 101.794415 -38.653220 -1.527106 -0.185851 
1468 10.508849 0.000000 0.176225 118.852387 -114.680736 101.524365 -2.758476 
1469 10.508849 0.000000 0.124522 105.302596 -66.107799 13.589366 -0.564355 
1470 10.564494 0.000000 0.176225 119.150417 -92.564872 125.800596 -2.859087 
1471 12.790292 0.000000 1.055169 99.760410 2.567184 -2.075347 0.003696 
1472 12.567712 0.000000 1.055169 99.695792 2.417508 -2.135102 0.005035 
1473 12.790292 0.000000 1.261980 99.783589 1.634883 -1.477259 0.003838 
1474 12.345132 0.000000 1.055169 99.696420 2.363570 -2.243961 0.005000 
1475 12.122552 0.000000 1.055169 99.641318 1.660889 -2.032767 0.006472 
1476 12.345132 0.000000 1.261980 99.719284 1.483725 -1.621053 0.005124 
1477 18.354786 0.000000 -2.046988 99.923734 -1.774675 2.367345 0.000649 
1478 18.354786 0.000000 -2.874230 99.908127 -1.717157 2.756519 0.000782 
1479 19.245105 0.000000 -2.046988 99.938278 -1.821887 2.369203 0.000341 
1480 12.679002 0.000000 0.124522 99.470725 17.865875 38.001706 -0.165774 
1481 12.679002 0.000000 0.021117 100.483392 -17.778826 34.743222 -0.162009 
1482 12.790292 0.000000 0.124522 99.435182 17.462627 37.055343 -0.156540 
1483 12.901582 0.000000 0.124522 99.407262 16.897898 36.156535 -0.147464 
1484 12.901582 0.000000 0.021117 100.281915 -15.595119 34.420330 -0.148443 
1485 13.012871 0.000000 0.124522 99.367912 16.467940 35.260439 -0.138847 
1486 24.587019 0.000000 5.398189 99.981429 1.594730 3.020458 -0.000795 
1487 26.367657 0.000000 5.398189 99.977831 1.606555 3.001407 -0.000716 
1488 24.587019 0.000000 7.052672 99.962483 1.474688 3.586913 -0.000754 
1489 18.354786 0.000000 2.916463 99.978548 1.206327 1.676149 0.000003 
1490 19.245105 0.000000 2.916463 99.993101 1.240689 1.611824 -0.000276 
1491 18.354786 0.000000 3.743705 99.947711 1.404237 2.430452 0.000258 
1492 13.124161 0.000000 0.124522 99.336523 16.018061 34.507150 -0.131507 
1493 13.124161 0.000000 0.021117 100.092096 -13.928293 33.724941 -0.134980 
1494 13.235451 0.000000 0.124522 99.307152 15.459093 33.765557 -0.124101 
1495 13.346741 0.000000 0.331332 99.263479 17.673918 4.994015 -0.019055 
1496 13.346741 0.000000 0.227927 99.137441 21.748370 14.282304 -0.050521 
1497 13.458031 0.000000 0.331332 99.296501 17.510503 5.131907 -0.019275 
1498 13.346741 0.000000 0.744953 99.733270 5.002522 -1.748623 0.002519 
1499 13.235451 0.000000 0.744953 99.714971 5.019627 -1.813695 0.002844 
1500 13.346741 0.000000 0.848359 99.769238 4.082281 -2.042263 0.002526 
1501 13.124161 0.000000 0.744953 99.687548 5.038958 -1.813314 0.003371 
1502 13.012871 0.000000 0.744953 99.669889 5.073315 -1.937161 0.003642 
1503 13.124161 0.000000 0.848359 99.727346 4.097520 -2.088312 0.003331 
1504 13.569321 0.000000 0.331332 99.332023 17.400476 5.247888 -0.019717 
1505 13.569321 0.000000 0.227927 99.198799 21.017497 14.466471 -0.049142 
1506 13.680611 0.000000 0.331332 99.367298 17.294153 5.396643 -0.020207 
1507 20.135424 0.000000 2.916463 100.030822 1.245751 1.432328 -0.000977 
1508 21.025743 0.000000 2.916463 100.036592 1.234281 1.369262 -0.001072 
1509 20.135424 0.000000 3.743705 99.997354 1.465574 2.246117 -0.000666 
1510 20.135424 0.000000 -2.046988 99.934739 -1.833225 2.253743 0.000461 
1511 20.135424 0.000000 -2.874230 99.911105 -1.787963 2.642205 0.000759 
1512 21.025743 0.000000 -2.046988 99.942261 -1.829933 2.253031 0.000312 
1513 21.916062 0.000000 -0.392504 100.027679 -3.394923 0.996356 -0.001805 
1514 21.916062 0.000000 -1.219746 99.980794 -1.961109 1.817735 -0.000331 
1515 22.806381 0.000000 -0.392504 100.031420 -3.190910 1.052043 -0.001757 
1516 28.148295 0.000000 5.398189 99.977397 1.615014 2.970901 -0.000691 
1517 29.928934 0.000000 5.398189 99.978192 1.620559 2.936082 -0.000689 
1518 28.148295 0.000000 7.052672 99.953541 1.513472 3.563213 -0.000570 
1519 23.696700 0.000000 -0.392504 100.033615 -3.019669 1.088762 -0.001703 
1520 23.696700 0.000000 -1.219746 99.989926 -1.945644 1.862933 -0.000524 
1521 24.587019 0.000000 -0.392504 100.035144 -2.872746 1.153593 -0.001661 
1522 38.832124 0.000000 5.398189 99.984213 1.585647 2.762491 -0.000699 
1523 37.051486 0.000000 5.398189 99.983616 1.624134 2.779695 -0.000709 
1524 38.832124 0.000000 7.052672 99.952389 1.539568 3.440798 -0.000469 
1525 35.270848 0.000000 5.398189 99.982457 1.625727 2.818461 -0.000708 
1526 33.490210 0.000000 5.398189 99.980797 1.625667 2.859447 -0.000698 
1527 35.270848 0.000000 7.052672 99.953182 1.564467 3.471402 -0.000514 
1528 45.954676 0.000000 -4.528713 99.935241 -1.726792 3.671717 -0.000352 
1529 45.954676 0.000000 -6.183197 99.918324 -1.515434 4.005064 -0.000201 
1530 47.735315 0.000000 -4.528713 99.934726 -1.716929 3.693202 -0.000354 
1531 49.515953 0.000000 -4.528713 99.934154 -1.706911 3.714208 -0.000354 
1532 49.515953 0.000000 -6.183197 99.918045 -1.498256 4.033578 -0.000213 
1533 51.296591 0.000000 -4.528713 99.933539 -1.696771 3.734747 -0.000354 
1534 53.077229 0.000000 -1.219746 99.986366 -2.026569 2.678969 -0.000856 
1535 53.077229 0.000000 -2.874230 99.955536 -1.897957 3.300403 -0.000560 
1536 54.857867 0.000000 -1.219746 99.984802 -2.025389 2.715127 -0.000843 
1537 56.638505 0.000000 -1.219746 99.983224 -2.023395 2.751017 -0.000831 
1538 56.638505 0.000000 -2.874230 99.953234 -1.878713 3.356990 -0.000545 
1539 58.419143 0.000000 -1.219746 99.981638 -2.020633 2.786620 -0.000818 
1540 7.670957 0.000000 2.916463 101.867232 1.714058 2.513858 -0.038619 
1541 6.780638 0.000000 2.916463 102.113993 2.245527 3.682716 -0.044587 
1542 7.670957 0.000000 3.743705 101.596102 1.718181 3.239888 -0.033522 
1543 5.890319 0.000000 2.916463 101.830614 2.339066 4.758110 -0.039758 
1544 5.000000 0.000000 2.916463 100.427565 1.080746 5.102429 -0.011290 
1545 5.890319 0.000000 3.743705 101.447748 1.223923 3.980620 -0.030899 
1546 9.896755 0.000000 1.675600 100.131097 0.459497 -1.556491 -0.002887 
1547 9.451595 0.000000 1.675600 100.858176 0.854433 -1.975967 -0.017701 
1548 9.896755 0.000000 2.089221 100.057392 0.267072 0.012443 -0.001155 
1549 9.006436 0.000000 1.675600 101.371645 0.726308 -1.782638 -0.027992 
1550 8.561276 0.000000 1.675600 101.413880 0.274321 -2.145764 -0.028945 
1551 9.006436 0.000000 2.089221 100.923322 0.912844 -0.365377 -0.018648 
1552 8.783856 0.000000 -0.185694 78.910043 0.140346 8.801741 0.369571 
1553 8.561276 0.000000 -0.185694 77.857918 -0.046990 11.824505 0.379832 
1554 8.783856 0.000000 -0.392504 78.247288 -0.123079 12.898675 0.371097 
1555 8.116117 0.000000 1.675600 103.379485 0.723224 -3.884486 -0.070293 
1556 7.670957 0.000000 1.675600 67.982111 0.867637 -6.186649 0.533941 
1557 8.116117 0.000000 2.089221 102.459436 1.236951 -0.199865 -0.049951 
1558 7.225798 0.000000 1.675600 68.308319 0.087406 0.322173 0.533386 
1559 6.780638 0.000000 1.675600 105.314741 1.252169 7.527570 -0.114943 
1560 7.225798 0.000000 2.089221 103.995736 1.374783 2.371277 -0.082263 
1561 9.646353 0.000000 0.150373 95.798029 -0.497768 -5.578434 0.079137 
1562 9.646353 0.000000 0.124522 96.169294 -0.936411 -5.787293 0.071710 
1563 9.674175 0.000000 0.150373 96.928652 1.815567 -9.509604 0.051111 
1564 4.109681 0.000000 2.916463 100.177712 0.695671 5.262805 -0.006375 
1565 3.219362 0.000000 2.916463 100.244745 0.760555 5.592451 -0.008086 
1566 4.109681 0.000000 3.743705 100.537145 0.825030 5.000765 -0.013341 
1567 6.335479 0.000000 1.675600 102.999194 1.681855 6.992574 -0.066056 
1568 5.890319 0.000000 1.675600 102.756607 1.837335 5.764959 -0.059553 
1569 6.335479 0.000000 2.089221 102.421758 1.972468 6.213983 -0.053272 
1570 5.445160 0.000000 1.675600 102.226489 2.202052 4.813477 -0.047827 
1571 5.000000 0.000000 1.675600 102.698102 2.720211 5.137324 -0.058069 
1572 5.445160 0.000000 2.089221 102.024575 2.450026 5.051175 -0.044053 
1573 8.338696 0.000000 -0.185694 76.593542 0.057105 9.871741 0.403597 
1574 8.116117 0.000000 -0.185694 75.329602 0.077711 7.657352 0.426681 
1575 8.338696 0.000000 -0.392504 76.901747 0.031734 10.781435 0.396988 
1576 5.445160 0.000000 -0.806125 65.520482 1.415759 0.881089 0.570429 
1577 5.000000 0.000000 -0.806125 60.618594 2.039655 0.422450 0.632105 
1578 5.445160 0.000000 -1.219746 97.957213 -1.366014 4.713748 0.038030 
1579 9.701998 0.000000 0.150373 101.439748 5.346459 -13.594109 -0.050341 
1580 9.701998 0.000000 0.124522 101.516357 4.838975 -10.388276 -0.043690 
1581 9.729820 0.000000 0.150373 103.199092 5.327924 -14.711691 -0.089487 
1582 10.230624 0.000000 0.538143 96.263221 14.716546 -6.604208 0.047320 
1583 10.119335 0.000000 0.538143 95.963782 15.006993 -8.028969 0.050128 
1584 10.230624 0.000000 0.641548 97.121462 8.383568 -6.251434 0.045806 
1585 10.675784 0.000000 -0.082288 99.397700 -16.458101 -2.351635 -0.015630 
1586 10.675784 0.000000 -0.185694 98.937463 -10.216687 -2.056083 0.010277 
1587 10.787074 0.000000 -0.082288 99.375796 -17.203371 -1.732187 -0.017451 
1588 10.508849 0.000000 0.072819 101.907543 -40.289722 0.451289 -0.200861 
1589 10.508849 0.000000 0.021117 100.570208 -27.370330 -2.848260 -0.087161 
1590 10.564494 0.000000 0.072819 102.060624 -41.828958 2.706445 -0.217336 
1591 11.899973 0.000000 1.055169 99.513571 1.440779 -1.919039 0.009129 
1592 11.677393 0.000000 1.055169 99.442024 1.546246 -2.051600 0.010468 
1593 11.899973 0.000000 1.261980 99.483914 0.681012 -1.125496 0.010122 
1594 11.454813 0.000000 1.055169 99.323803 1.399292 -2.071935 0.012853 
1595 11.232233 0.000000 1.055169 99.243448 1.167987 -2.139047 0.014480 
1596 11.454813 0.000000 1.261980 99.412717 0.619439 -1.366602 0.011486 
1597 13.346741 0.000000 0.124522 99.279534 14.981154 33.193103 -0.118264 
1598 13.346741 0.000000 0.021117 99.918213 -12.833840 32.756992 -0.122138 
1599 13.458031 0.000000 0.124522 99.263565 14.454439 32.708908 -0.113206 
1600 12.901582 0.000000 0.744953 99.686841 5.166297 -2.064126 0.003158 
1601 12.790292 0.000000 0.744953 99.651601 5.071572 -2.007014 0.003981 
1602 12.901582 0.000000 0.848359 99.734016 4.190878 -2.308808 0.003023 
1603 12.679002 0.000000 0.744953 99.617275 5.039330 -2.063423 0.004675 
1604 12.567712 0.000000 0.744953 99.633583 4.974982 -2.373348 0.004277 
1605 12.679002 0.000000 0.848359 99.665336 4.048906 -2.286741 0.004520 
1606 13.569321 0.000000 0.124522 99.281516 13.970636 32.252332 -0.109221 
1607 13.569321 0.000000 0.021117 99.833572 -12.075233 31.757502 -0.112109 
1608 13.680611 0.000000 0.124522 99.325938 13.530612 31.867512 -0.106426 
1609 13.791901 0.000000 0.331332 99.400103 17.186841 5.532794 -0.020638 
1610 13.791901 0.000000 0.227927 99.277403 20.407119 14.680659 -0.048798 
1611 13.903191 0.000000 0.331332 99.428370 17.089561 5.660436 -0.021009 
1612 14.014480 0.000000 0.331332 99.451900 17.004556 5.790616 -0.021337 
1613 14.014480 0.000000 0.227927 99.315912 19.862528 14.882534 -0.047966 
1614 14.125770 0.000000 0.331332 99.470677 16.943208 5.930314 -0.021666 
1615 21.916062 0.000000 2.916463 100.040104 1.223661 1.331824 -0.001129 
1616 22.806381 0.000000 2.916463 100.050830 1.209613 1.240581 -0.001317 
1617 21.916062 0.000000 3.743705 100.006123 1.471134 2.174928 -0.000812 
1618 21.916062 0.000000 -2.046988 99.952873 -1.849730 2.284149 0.000078 
1619 21.916062 0.000000 -2.874230 99.932775 -1.807177 2.682739 0.000298 
1620 22.806381 0.000000 -2.046988 99.959417 -1.851617 2.306050 -0.000063 
1621 31.709572 0.000000 5.398189 99.979351 1.624000 2.898689 -0.000691 
1622 31.709572 0.000000 7.052672 99.952128 1.541588 3.521195 -0.000520 
1623 23.696700 0.000000 2.916463 100.054909 1.194855 1.179719 -0.001380 
1624 24.587019 0.000000 2.916463 100.058434 1.181585 1.120573 -0.001434 
1625 23.696700 0.000000 3.743705 100.017141 1.459956 2.080816 -0.000989 
1626 23.696700 0.000000 -2.046988 99.963519 -1.864305 2.311740 -0.000152 
1627 23.696700 0.000000 -2.874230 99.940679 -1.825902 2.686161 0.000131 
1628 24.587019 0.000000 -2.046988 99.967860 -1.867358 2.337802 -0.000253 
1629 25.477338 0.000000 -0.392504 100.035768 -2.741186 1.212142 -0.001614 
1630 25.477338 0.000000 -1.219746 99.996295 -1.933292 1.931063 -0.000673 
1631 26.367657 0.000000 -0.392504 100.035929 -2.629426 1.272503 -0.001572 
1632 27.257976 0.000000 -0.392504 100.035762 -2.533200 1.334302 -0.001535 
1633 27.257976 0.000000 -1.219746 100.000165 -1.923338 2.000531 -0.000773 
1634 28.148295 0.000000 -0.392504 100.035226 -2.449639 1.385848 -0.001497 
1635 53.077229 0.000000 -4.528713 99.932893 -1.686535 3.754832 -0.000353 
1636 53.077229 0.000000 -6.183197 99.917533 -1.480689 4.060815 -0.000220 
1637 54.857867 0.000000 -4.528713 99.932223 -1.676226 3.774474 -0.000351 
1638 56.638505 0.000000 -4.528713 99.931537 -1.665864 3.793684 -0.000348 
1639 56.638505 0.000000 -6.183197 99.916877 -1.462932 4.086850 -0.000222 
1640 58.419143 0.000000 -4.528713 99.930840 -1.655466 3.812472 -0.000345 
1641 60.199781 0.000000 -1.219746 99.980049 -2.017152 2.821918 -0.000804 
1642 60.199781 0.000000 -2.874230 99.950926 -1.858621 3.411486 -0.000528 
1643 61.980419 0.000000 -1.219746 99.978459 -2.012997 2.856891 -0.000791 
1644 10.898364 0.000000 -0.082288 99.413509 -18.022602 -1.017544 -0.020890 
1645 10.898364 0.000000 -0.185694 99.039348 -11.245794 -1.348485 0.006292 
1646 11.009654 0.000000 -0.082288 99.645335 -19.077484 0.315413 -0.029324 
1 6 17 15 16 
2 16 15 18 4 
3 1 30 28 29 
4 29 28 17 6 
5 17 33 31 32 
6 32 31 34 15 
7 28 46 44 45 
8 45 44 33 17 
9 33 49 47 48 
10 48 47 50 31 
11 44 62 60 61 
12 61 60 49 33 
13 49 65 63 64 
14 64 63 66 47 
15 60 95 93 94 
16 94 93 65 49 
17 147 149 126 150 
18 148 147 150 124 
19 159 148 124 161 
20 160 159 161 125 
21 137 164 162 163 
22 163 162 165 140 
23 7 168 166 167 
24 168 21 169 166 
25 166 169 19 37 
26 167 166 37 20 
27 20 172 170 171 
28 172 37 173 170 
29 170 173 35 53 
30 171 170 53 36 
31 36 176 174 175 
32 176 53 177 174 
33 174 177 51 69 
34 175 174 69 52 
35 69 180 178 179 
36 180 51 181 178 
37 178 181 70 90 
38 179 178 90 67 
39 67 184 182 183 
40 184 90 185 182 
41 182 185 88 113 
42 183 182 113 89 
43 113 188 186 187 
44 188 88 189 186 
45 186 189 114 130 
46 187 186 130 111 
47 111 192 190 191 
48 192 130 193 190 
49 89 201 199 200 
50 201 113 187 199 
51 199 187 111 139 
52 200 199 139 112 
53 139 204 202 203 
54 204 111 191 202 
55 203 202 164 137 
56 164 207 205 206 
57 206 205 208 162 
58 115 155 209 210 
59 155 132 211 209 
60 209 211 147 212 
61 210 209 212 148 
62 213 215 155 216 
63 214 213 216 115 
64 140 165 222 223 
65 165 115 210 222 
66 222 210 148 224 
67 223 222 224 159 
68 162 208 225 226 
69 225 214 115 227 
70 226 225 227 165 
71 205 230 228 229 
72 229 228 231 208 
73 232 234 213 235 
74 233 232 235 214 
75 191 243 241 242 
76 243 190 244 241 
77 241 244 153 196 
78 242 241 196 129 
79 129 247 245 246 
80 247 196 248 245 
81 245 248 194 219 
82 246 245 219 195 
83 195 251 249 250 
84 251 219 252 249 
85 249 252 217 238 
86 250 249 238 218 
87 238 275 273 274 
88 275 217 276 273 
89 273 276 239 277 
90 274 273 277 236 
91 208 231 278 279 
92 278 233 214 280 
93 279 278 280 225 
94 228 283 281 282 
95 282 281 284 231 
96 218 287 285 286 
97 287 238 274 285 
98 286 285 288 237 
99 152 240 289 290 
100 240 221 291 289 
101 289 291 232 292 
102 290 289 292 233 
103 237 288 293 294 
104 288 236 295 293 
105 293 295 240 296 
106 294 293 296 152 
107 285 299 297 298 
108 299 274 300 297 
109 297 300 236 301 
110 298 297 301 288 
111 231 284 302 303 
112 284 152 290 302 
113 302 290 233 304 
114 303 302 304 278 
115 281 307 305 306 
116 307 237 294 305 
117 305 294 152 308 
118 306 305 308 284 
119 65 311 309 310 
120 310 309 312 63 
121 317 160 125 320 
122 318 317 320 156 
123 73 323 321 322 
124 323 136 318 321 
125 321 318 156 324 
126 322 321 324 157 
127 133 327 325 326 
128 136 330 328 329 
129 328 331 317 332 
130 329 328 332 318 
131 93 335 333 334 
132 334 333 311 65 
133 134 341 339 340 
134 341 133 326 339 
135 339 326 136 323 
136 340 339 323 73 
137 326 344 342 343 
138 344 325 345 342 
139 342 345 319 330 
140 343 342 330 136 
141 319 347 346 331 
142 347 57 348 346 
143 346 348 160 349 
144 331 346 349 317 
145 330 352 350 351 
146 352 319 353 350 
147 350 353 331 354 
148 351 350 354 328 
149 355 322 157 358 
150 356 355 358 313 
151 336 361 359 360 
152 361 134 340 359 
153 364 73 365 362 
154 362 365 322 366 
155 363 362 366 355 
156 311 369 367 368 
157 369 5 314 367 
158 367 314 72 370 
159 368 367 370 309 
160 5 373 371 372 
161 373 315 356 371 
162 371 356 313 374 
163 372 371 374 314 
164 315 377 375 376 
165 377 357 363 375 
166 375 363 355 378 
167 376 375 378 356 
168 359 381 379 380 
169 381 340 382 379 
170 379 382 73 364 
171 380 379 364 357 
172 357 385 383 384 
173 385 364 386 383 
174 383 386 362 387 
175 384 383 387 363 
176 388 389 132 390 
177 215 388 390 155 
178 391 392 215 393 
179 234 391 393 213 
180 221 272 394 291 
181 272 198 395 394 
182 394 395 234 396 
183 291 394 396 232 
184 239 399 397 398 
185 399 269 400 397 
186 397 400 272 401 
187 398 397 401 221 
188 403 265 404 402 
189 402 404 268 405 
190 198 405 406 395 
191 405 268 407 406 
192 406 407 391 408 
193 395 406 408 234 
194 271 411 409 410 
195 411 402 412 409 
196 409 412 405 413 
197 410 409 413 198 
198 415 264 416 414 
199 414 416 388 417 
200 392 414 417 215 
201 419 261 420 418 
202 418 420 264 415 
203 151 423 421 422 
204 423 415 424 421 
205 421 424 414 425 
206 422 421 425 392 
207 426 427 144 428 
208 149 426 428 126 
209 132 260 429 211 
210 429 430 149 431 
211 211 429 431 147 
212 432 434 260 435 
213 389 432 435 132 
214 264 437 436 416 
215 436 438 389 439 
216 416 436 439 388 
217 130 441 440 193 
218 441 114 442 440 
219 261 447 446 420 
220 447 263 448 446 
221 446 448 154 437 
222 420 446 437 264 
223 154 450 449 438 
224 450 433 451 449 
225 449 451 432 452 
226 438 449 452 389 
227 437 455 453 454 
228 455 154 456 453 
229 453 456 438 457 
230 454 453 457 436 
231 462 464 92 465 
232 434 462 465 260 
233 433 467 466 451 
234 467 257 468 466 
235 466 468 434 469 
236 451 466 469 432 
237 473 475 462 476 
238 468 473 476 434 
239 445 479 477 478 
240 479 470 480 477 
241 481 482 426 483 
242 430 481 483 149 
243 484 486 461 487 
244 464 484 487 92 
245 463 489 488 475 
246 489 259 490 488 
247 488 490 464 491 
248 475 488 491 462 
249 494 463 495 492 
250 492 495 475 496 
251 493 492 496 473 
252 257 499 497 498 
253 497 493 473 500 
254 498 497 500 468 
255 90 502 501 185 
256 502 70 503 501 
257 501 503 91 121 
258 185 501 121 88 
259 88 505 504 189 
260 505 121 506 504 
261 504 506 120 254 
262 189 504 254 114 
263 114 508 507 442 
264 508 254 509 507 
265 470 514 513 480 
266 514 472 515 513 
267 513 515 259 489 
268 480 513 489 463 
269 477 518 516 517 
270 518 480 519 516 
271 516 519 463 494 
272 522 494 523 520 
273 520 523 492 524 
274 521 520 524 493 
275 443 527 525 526 
276 527 445 478 525 
277 525 478 257 467 
278 526 525 467 433 
279 478 530 528 529 
280 530 477 517 528 
281 529 528 499 257 
282 499 533 531 532 
283 533 474 521 531 
284 531 521 493 534 
285 532 531 534 497 
286 517 537 535 536 
287 537 516 538 535 
288 535 538 494 522 
289 536 535 522 474 
290 474 541 539 540 
291 541 522 542 539 
292 539 542 520 543 
293 540 539 543 521 
294 458 557 556 486 
295 557 460 558 556 
296 556 558 256 559 
297 486 556 559 461 
298 485 562 560 561 
299 562 458 563 560 
300 560 563 486 564 
301 561 560 564 484 
302 571 572 427 573 
303 482 571 573 426 
304 460 575 574 558 
305 575 552 576 574 
306 574 576 555 577 
307 256 577 578 579 
308 577 555 580 578 
309 578 580 571 581 
310 579 578 581 482 
311 558 584 582 583 
312 584 574 585 582 
313 582 585 577 586 
314 583 582 586 256 
315 552 592 591 576 
316 592 554 593 591 
317 591 593 123 594 
318 576 591 594 555 
319 595 596 568 597 
320 572 595 597 427 
321 554 599 598 593 
322 599 587 600 598 
323 593 598 601 123 
324 587 611 610 600 
325 611 589 612 610 
326 610 612 551 613 
327 600 610 613 590 
328 123 601 614 615 
329 601 590 616 614 
330 614 616 595 617 
331 615 614 617 572 
332 598 620 618 619 
333 620 600 621 618 
334 618 621 590 622 
335 619 618 622 601 
336 626 627 569 628 
337 596 626 628 568 
338 589 630 629 612 
339 630 606 631 629 
340 629 631 609 632 
341 612 629 632 551 
342 606 638 637 631 
343 638 608 639 637 
344 637 639 41 640 
345 631 637 640 609 
346 641 642 623 643 
347 627 641 643 569 
348 608 645 644 639 
349 645 633 646 644 
350 644 646 636 647 
351 639 644 647 41 
352 633 669 668 646 
353 669 635 670 668 
354 668 670 605 671 
355 646 668 671 636 
356 664 693 691 692 
357 693 666 694 691 
358 691 694 547 695 
359 692 691 695 667 
360 547 701 699 700 
361 701 687 702 699 
362 699 702 696 703 
363 700 699 703 689 
364 687 713 712 702 
365 713 663 714 712 
366 712 714 697 715 
367 702 712 715 696 
368 720 662 721 719 
369 663 723 722 714 
370 723 709 724 722 
371 722 724 708 725 
372 714 722 725 697 
373 662 731 730 721 
374 731 716 732 730 
375 730 732 705 727 
376 119 735 733 734 
377 735 727 736 733 
378 733 736 726 737 
379 709 739 738 724 
380 739 119 734 738 
381 738 734 710 740 
382 724 738 740 708 
383 11 27 741 742 
384 27 10 743 741 
385 741 743 14 744 
386 742 741 744 9 
387 24 43 745 746 
388 43 23 747 745 
389 745 747 27 748 
390 746 745 748 11 
391 39 107 749 750 
392 107 42 751 749 
393 749 751 23 752 
394 750 749 752 43 
395 58 143 753 754 
396 143 105 755 753 
397 753 755 107 756 
398 754 753 756 39 
399 141 680 757 758 
400 680 142 759 757 
401 757 759 105 760 
402 758 757 760 143 
403 566 707 761 762 
404 707 678 763 761 
405 761 763 680 764 
406 762 761 764 141 
407 682 729 765 766 
408 729 704 767 765 
409 765 767 707 768 
410 766 765 768 566 
411 710 737 769 770 
412 737 726 771 769 
413 769 771 729 772 
414 770 769 772 682 
415 734 775 773 774 
416 775 733 776 773 
417 773 776 737 777 
418 774 773 777 710 
419 87 779 778 679 
420 779 655 780 778 
421 778 780 675 781 
422 679 778 781 142 
423 659 783 782 706 
424 783 87 784 782 
425 782 784 679 785 
426 706 782 785 678 
427 787 659 788 786 
428 786 788 706 789 
429 727 791 790 736 
430 791 705 792 790 
431 790 792 728 793 
432 736 790 793 726 
433 118 795 794 658 
434 795 652 796 794 
435 794 796 655 779 
436 658 794 779 87 
437 656 798 797 718 
438 798 658 799 797 
439 797 799 87 783 
440 718 797 783 659 
441 716 801 800 732 
442 801 718 802 800 
443 800 802 659 787 
444 732 800 787 705 
445 705 804 803 792 
446 804 787 805 803 
447 803 805 786 806 
448 792 803 806 728 
449 655 812 811 780 
450 812 25 813 811 
451 811 813 676 814 
452 780 811 814 675 
453 25 819 818 813 
454 819 808 820 818 
455 818 820 807 821 
456 813 818 821 676 
457 830 832 673 833 
458 808 835 834 820 
459 835 651 836 834 
460 834 836 809 837 
461 820 834 837 807 
462 845 650 846 844 
463 651 848 847 836 
464 848 831 849 847 
465 847 849 830 850 
466 836 847 850 809 
467 851 853 826 854 
468 832 851 854 673 
469 831 856 855 849 
470 856 83 857 855 
471 855 857 832 858 
472 849 855 858 830 
473 650 860 859 846 
474 860 841 861 859 
475 859 861 827 852 
476 866 868 828 869 
477 853 866 869 826 
478 852 872 870 871 
479 872 827 873 870 
480 870 873 853 874 
481 871 870 874 851 
482 841 879 878 861 
483 879 843 880 878 
484 878 880 12 867 
485 861 878 867 827 
486 827 882 881 873 
487 882 867 883 881 
488 881 883 866 884 
489 873 881 884 853 
490 885 887 862 888 
491 868 885 888 828 
492 867 890 889 883 
493 890 12 891 889 
494 889 891 868 892 
495 883 889 892 866 
496 843 894 893 880 
497 894 875 895 893 
498 893 895 863 886 
499 880 893 886 12 
500 12 897 896 891 
501 897 886 898 896 
502 896 898 885 899 
503 891 896 899 868 
504 908 910 864 911 
505 887 908 911 862 
506 875 919 918 895 
507 919 877 920 918 
508 918 920 823 909 
509 895 918 909 863 
510 863 923 921 922 
511 923 909 924 921 
512 921 924 908 925 
513 922 921 925 887 
514 926 928 904 929 
515 910 926 929 864 
516 909 931 930 924 
517 931 823 932 930 
518 930 932 910 933 
519 924 930 933 908 
520 877 935 934 920 
521 935 915 936 934 
522 934 936 905 927 
523 920 934 927 823 
524 823 938 937 932 
525 938 927 939 937 
526 937 939 926 940 
527 932 937 940 910 
528 905 946 945 928 
529 946 79 947 945 
530 928 945 948 904 
531 927 950 949 939 
532 950 905 951 949 
533 949 951 928 952 
534 939 949 952 926 
535 79 957 956 947 
536 957 942 958 956 
537 10 101 960 743 
538 101 13 961 960 
539 960 961 3 962 
540 743 960 962 14 
541 26 825 963 964 
542 825 99 965 963 
543 963 965 101 966 
544 964 963 966 10 
545 822 907 967 968 
546 907 824 969 967 
547 967 969 99 970 
548 968 967 970 825 
549 904 948 971 972 
550 948 906 973 971 
551 971 973 824 974 
552 972 971 974 907 
553 945 977 975 976 
554 977 947 978 975 
555 975 978 906 979 
556 976 975 979 948 
557 99 903 980 965 
558 903 100 981 980 
559 980 981 13 982 
560 965 980 982 101 
561 824 944 983 969 
562 944 900 984 983 
563 983 984 903 985 
564 969 983 985 99 
565 906 959 986 973 
566 959 941 987 986 
567 986 987 944 988 
568 973 986 988 824 
569 947 990 989 978 
570 990 956 991 989 
571 989 991 959 992 
572 978 989 992 906 
573 942 998 997 958 
574 998 901 999 997 
575 956 1002 1001 991 
576 1002 958 1003 1001 
577 1001 1003 941 1004 
578 991 1001 1004 959 
579 941 1000 1005 987 
580 1000 943 1006 1005 
581 1005 1006 900 1007 
582 987 1005 1007 944 
583 958 1009 1008 1003 
584 1009 997 1010 1008 
585 1008 1010 1000 1011 
586 1003 1008 1011 941 
587 1013 914 1014 1012 
588 901 1016 1015 999 
589 1016 994 1017 1015 
590 997 1020 1019 1010 
591 1020 999 1021 1019 
592 1019 1021 943 1022 
593 1010 1019 1022 1000 
594 994 1024 1023 1017 
595 1024 8 1025 1023 
596 900 996 1027 984 
597 996 902 1028 1027 
598 1027 1028 100 1029 
599 984 1027 1029 903 
600 943 1018 1030 1006 
601 1018 993 1031 1030 
602 1030 1031 996 1032 
603 1006 1030 1032 900 
604 1015 1035 1033 1034 
605 1035 1017 1036 1033 
606 1033 1036 993 1037 
607 1034 1033 1037 1018 
608 993 1026 1038 1031 
609 1026 995 1039 1038 
610 1038 1039 902 1040 
611 1031 1038 1040 996 
612 1017 1042 1041 1036 
613 1042 1023 1043 1041 
614 1041 1043 1026 1044 
615 1036 1041 1044 993 
616 1023 1046 1045 1043 
617 1046 1025 1047 1045 
618 1045 1047 995 1048 
619 1043 1045 1048 1026 
620 15 34 1049 1050 
621 34 11 742 1049 
622 1049 742 9 1051 
623 1050 1049 1051 18 
624 21 1053 1052 169 
625 1053 2 1054 1052 
626 1052 1054 22 77 
627 169 1052 77 19 
628 23 104 1055 747 
629 104 26 964 1055 
630 1055 964 10 1056 
631 747 1055 1056 27 
632 30 1059 1057 1058 
633 1059 7 167 1057 
634 1057 167 20 46 
635 1058 1057 46 28 
636 31 50 1060 1061 
637 50 24 746 1060 
638 1060 746 11 1062 
639 1061 1060 1062 34 
640 37 1064 1063 173 
641 1064 19 1065 1063 
642 1063 1065 38 81 
643 173 1063 81 35 
644 40 59 1066 1067 
645 59 39 750 1066 
646 1066 750 43 1068 
647 1067 1066 1068 24 
648 46 1071 1069 1070 
649 1071 20 171 1069 
650 1069 171 36 62 
651 1070 1069 62 44 
652 47 66 1072 1073 
653 66 40 1067 1072 
654 1072 1067 24 1074 
655 1073 1072 1074 50 
656 53 1076 1075 177 
657 1076 35 1077 1075 
658 1075 1077 54 85 
659 177 1075 85 51 
660 55 110 1078 1079 
661 110 58 754 1078 
662 1078 754 39 1080 
663 1079 1078 1080 59 
664 56 75 1081 1082 
665 75 55 1079 1081 
666 1081 1079 59 1083 
667 1082 1081 1083 40 
668 62 1086 1084 1085 
669 1086 36 175 1084 
670 1084 175 52 95 
671 1085 1084 95 60 
672 63 312 1087 1088 
673 312 56 1082 1087 
674 1087 1082 40 1089 
675 1088 1087 1089 66 
676 52 1092 1090 1091 
677 1092 69 179 1090 
678 1090 179 67 98 
679 1091 1090 98 68 
680 19 1094 1093 1065 
681 1094 77 1095 1093 
682 1093 1095 76 839 
683 1065 1093 839 38 
684 77 1097 1096 1095 
685 1097 22 1098 1096 
686 1096 1098 78 913 
687 1095 1096 913 76 
688 35 1100 1099 1077 
689 1100 81 1101 1099 
690 1099 1101 80 649 
691 1077 1099 649 54 
692 81 1103 1102 1101 
693 1103 38 1104 1102 
694 1102 1104 82 842 
695 1101 1102 842 80 
696 51 1106 1105 181 
697 1106 85 1107 1105 
698 1105 1107 84 117 
699 181 1105 117 70 
700 85 1109 1108 1107 
701 1109 54 1110 1108 
702 1108 1110 86 653 
703 1107 1108 653 84 
704 95 1113 1111 1112 
705 1113 52 1091 1111 
706 1111 1091 68 335 
707 1112 1111 335 93 
708 98 1116 1114 1115 
709 1116 67 183 1114 
710 1114 183 89 135 
711 1115 1114 135 96 
712 42 674 1117 751 
713 674 102 1118 1117 
714 1117 1118 104 1119 
715 751 1117 1119 23 
716 105 677 1120 755 
717 677 106 1121 1120 
718 1120 1121 42 1122 
719 755 1120 1122 107 
720 70 1124 1123 503 
721 1124 117 1125 1123 
722 1123 1125 116 545 
723 503 1123 545 91 
724 117 1127 1126 1125 
725 1127 84 1128 1126 
726 1126 1128 118 657 
727 1125 1126 657 116 
728 121 1130 1129 506 
729 1130 91 1131 1129 
730 1129 1131 122 549 
731 506 1129 549 120 
732 135 1134 1132 1133 
733 1134 89 200 1132 
734 1132 200 112 327 
735 1133 1132 327 133 
736 109 567 1135 1136 
737 567 141 758 1135 
738 1135 758 143 1137 
739 1136 1135 1137 58 
740 57 1139 1138 348 
741 1139 140 223 1138 
742 1138 223 159 1140 
743 348 1138 1140 160 
744 190 1142 1141 244 
745 1142 193 1143 1141 
746 1141 1143 128 262 
747 244 1141 262 153 
748 196 1145 1144 248 
749 1145 153 1146 1144 
750 1144 1146 197 266 
751 248 1144 266 194 
752 202 1149 1147 1148 
753 1149 191 242 1147 
754 1147 242 129 207 
755 1148 1147 207 164 
756 207 1152 1150 1151 
757 1152 129 246 1150 
758 1150 246 195 230 
759 1151 1150 230 205 
760 219 1154 1153 252 
761 1154 194 1155 1153 
762 1153 1155 220 270 
763 252 1153 270 217 
764 230 1158 1156 1157 
765 1158 195 250 1156 
766 1156 250 218 283 
767 1157 1156 283 228 
768 236 277 1159 295 
769 277 239 398 1159 
770 1159 398 221 1160 
771 295 1159 1160 240 
772 254 1162 1161 509 
773 1162 120 1163 1161 
774 1161 1163 255 553 
775 153 1165 1164 1146 
776 1165 262 1166 1164 
777 1164 1166 261 419 
778 1146 1164 419 197 
779 262 1168 1167 1166 
780 1168 128 1169 1167 
781 1167 1169 263 447 
782 1166 1167 447 261 
783 194 1171 1170 1155 
784 1171 266 1172 1170 
785 1170 1172 265 403 
786 1155 1170 403 220 
787 217 1174 1173 276 
788 1174 270 1175 1173 
789 1173 1175 269 399 
790 276 1173 399 239 
791 269 1177 1176 400 
792 1177 271 410 1176 
793 1176 410 198 1178 
794 400 1176 1178 272 
795 283 1181 1179 1180 
796 1181 218 286 1179 
797 1179 286 237 307 
798 1180 1179 307 281 
799 325 1183 1182 345 
800 1183 138 1184 1182 
801 1182 1184 57 347 
802 345 1182 347 319 
803 333 1187 1185 1186 
804 1187 97 337 1185 
805 1185 337 5 369 
806 1186 1185 369 311 
807 337 1190 1188 1189 
808 1190 336 360 1188 
809 1188 360 315 373 
810 1189 1188 373 5 
811 360 1193 1191 1192 
812 1193 359 380 1191 
813 1191 380 357 377 
814 1192 1191 377 315 
815 268 1195 1194 407 
816 1195 151 422 1194 
817 1194 422 392 1196 
818 407 1194 1196 391 
819 193 1198 1197 1143 
820 1198 440 1199 1197 
821 1197 1199 258 444 
822 1143 1197 444 128 
823 263 1201 1200 448 
824 1201 443 526 1200 
825 1200 526 433 450 
826 448 1200 450 154 
827 459 1203 1202 512 
828 1203 253 1204 1202 
829 1202 1204 460 557 
830 512 1202 557 458 
831 461 559 1205 1206 
832 559 256 579 1205 
833 1205 579 482 1207 
834 1206 1205 1207 481 
835 259 1209 1208 490 
836 1209 485 561 1208 
837 1208 561 484 1210 
838 490 1208 1210 464 
839 472 1212 1211 515 
840 1212 510 1213 1211 
841 1211 1213 485 1209 
842 515 1211 1209 259 
843 528 1216 1214 1215 
844 1216 517 536 1214 
845 1214 536 474 533 
846 1215 1214 533 499 
847 91 1218 1217 1131 
848 1218 545 1219 1217 
849 1217 1219 544 603 
850 1131 1217 603 122 
851 545 1221 1220 1219 
852 1221 116 1222 1220 
853 1220 1222 546 661 
854 1219 1220 661 544 
855 120 1224 1223 1163 
856 1224 549 1225 1223 
857 1223 1225 548 588 
858 1163 1223 588 255 
859 549 1227 1226 1225 
860 1227 122 1228 1226 
861 1226 1228 550 607 
862 1225 1226 607 548 
863 253 1230 1229 1204 
864 1230 553 1231 1229 
865 1229 1231 552 575 
866 1204 1229 575 460 
867 553 1233 1232 1231 
868 1233 255 1234 1232 
869 1232 1234 554 592 
870 1231 1232 592 552 
871 565 683 1235 1236 
872 683 566 762 1235 
873 1235 762 141 1237 
874 1236 1235 1237 567 
875 145 625 1238 1239 
876 625 565 1236 1238 
877 1238 1236 567 1240 
878 1239 1238 1240 109 
879 555 594 1241 580 
880 594 123 615 1241 
881 1241 615 572 1242 
882 580 1241 1242 571 
883 255 1244 1243 1234 
884 1244 588 1245 1243 
885 1243 1245 587 599 
886 1234 1243 599 554 
887 588 1247 1246 1245 
888 1247 548 1248 1246 
889 1246 1248 589 611 
890 1245 1246 611 587 
891 590 613 1249 616 
892 613 551 1250 1249 
893 1249 1250 596 1251 
894 616 1249 1251 595 
895 122 1253 1252 1228 
896 1253 603 1254 1252 
897 1252 1254 602 634 
898 1228 1252 634 550 
899 603 1256 1255 1254 
900 1256 544 1257 1255 
901 1255 1257 604 665 
902 1254 1255 665 602 
903 548 1259 1258 1248 
904 1259 607 1260 1258 
905 1258 1260 606 630 
906 1248 1258 630 589 
907 607 1262 1261 1260 
908 1262 550 1263 1261 
909 1261 1263 608 638 
910 1260 1261 638 606 
911 551 632 1264 1250 
912 632 609 1265 1264 
913 1264 1265 626 1266 
914 1250 1264 1266 596 
915 609 640 1267 1265 
916 640 41 1268 1267 
917 1267 1268 627 1269 
918 1265 1267 1269 626 
919 550 1271 1270 1263 
920 1271 634 1272 1270 
921 1270 1272 633 645 
922 1263 1270 645 608 
923 634 1274 1273 1272 
924 1274 602 1275 1273 
925 1273 1275 635 669 
926 1272 1273 669 633 
927 41 647 1276 1268 
928 647 636 1277 1276 
929 1276 1277 641 1278 
930 1268 1276 1278 627 
931 636 671 1279 1277 
932 671 605 1280 1279 
933 1279 1280 642 1281 
934 1277 1279 1281 641 
935 54 1283 1282 1110 
936 1283 649 1284 1282 
937 1282 1284 648 816 
938 1110 1282 816 86 
939 649 1286 1285 1284 
940 1286 80 1287 1285 
941 1285 1287 650 845 
942 1284 1285 845 648 
943 84 1289 1288 1128 
944 1289 653 1290 1288 
945 1288 1290 652 795 
946 1128 1288 795 118 
947 652 1292 1291 796 
948 1292 654 1293 1291 
949 1291 1293 25 812 
950 796 1291 812 655 
951 116 1295 1294 1222 
952 1295 657 1296 1294 
953 1294 1296 656 717 
954 1222 1294 717 546 
955 657 1298 1297 1296 
956 1298 118 1299 1297 
957 1297 1299 658 798 
958 1296 1297 798 656 
959 544 1301 1300 1257 
960 1301 661 1302 1300 
961 1300 1302 660 685 
962 1257 1300 685 604 
963 661 1304 1303 1302 
964 1304 546 1305 1303 
965 1303 1305 662 720 
966 1302 1303 720 660 
967 635 1307 1306 670 
968 1307 664 692 1306 
969 1306 692 667 1308 
970 670 1306 1308 605 
971 106 810 1309 1121 
972 810 672 1310 1309 
973 1309 1310 674 1311 
974 1121 1309 1311 42 
975 142 781 1312 759 
976 781 675 1313 1312 
977 1312 1313 677 1314 
978 759 1312 1314 105 
979 678 785 1315 763 
980 785 679 1316 1315 
981 1315 1316 142 1317 
982 763 1315 1317 680 
983 681 711 1318 1319 
984 711 682 766 1318 
985 1318 766 566 1320 
986 1319 1318 1320 683 
987 624 698 1321 1322 
988 698 681 1319 1321 
989 1321 1319 683 1323 
990 1322 1321 1323 565 
991 666 1325 1324 694 
992 1325 684 1326 1324 
993 1324 1326 687 701 
994 694 1324 701 547 
995 605 1308 1327 1280 
996 1308 667 1328 1327 
997 1327 1328 688 1329 
998 1280 1327 1329 642 
999 667 695 1330 1328 
1000 695 547 700 1330 
1001 1330 700 689 1331 
1002 1328 1330 1331 688 
1003 704 789 1332 767 
1004 789 706 1333 1332 
1005 1332 1333 678 1334 
1006 767 1332 1334 707 
1007 708 740 1335 1336 
1008 740 710 770 1335 
1009 1335 770 682 1337 
1010 1336 1335 1337 711 
1011 697 725 1338 1339 
1012 725 708 1336 1338 
1013 1338 1336 711 1340 
1014 1339 1338 1340 681 
1015 546 1342 1341 1305 
1016 1342 717 1343 1341 
1017 1341 1343 716 731 
1018 1305 1341 731 662 
1019 717 1345 1344 1343 
1020 1345 656 1346 1344 
1021 1344 1346 718 801 
1022 1343 1344 801 716 
1023 726 793 1347 771 
1024 793 728 1348 1347 
1025 1347 1348 704 1349 
1026 771 1347 1349 729 
1027 728 806 1350 1348 
1028 806 786 1351 1350 
1029 1350 1351 789 1352 
1030 1348 1350 1352 704 
1031 654 1354 1353 1293 
1032 1354 815 1355 1353 
1033 1353 1355 808 819 
1034 1293 1353 819 25 
1035 103 865 1356 1357 
1036 865 822 968 1356 
1037 1356 968 825 1358 
1038 1357 1356 1358 26 
1039 38 1360 1359 1104 
1040 1360 839 1361 1359 
1041 1359 1361 838 876 
1042 1104 1359 876 82 
1043 839 1363 1362 1361 
1044 1363 76 1364 1362 
1045 1362 1364 840 916 
1046 1361 1362 916 838 
1047 80 1366 1365 1287 
1048 1366 842 1367 1365 
1049 1365 1367 841 860 
1050 1287 1365 860 650 
1051 842 1369 1368 1367 
1052 1369 82 1370 1368 
1053 1368 1370 843 879 
1054 1367 1368 879 841 
1055 83 1372 1371 857 
1056 1372 852 871 1371 
1057 1371 871 851 1373 
1058 857 1371 1373 832 
1059 82 1375 1374 1370 
1060 1375 876 1376 1374 
1061 1374 1376 875 894 
1062 1370 1374 894 843 
1063 876 1378 1377 1376 
1064 1378 838 1379 1377 
1065 1377 1379 877 919 
1066 1376 1377 919 875 
1067 886 1381 1380 898 
1068 1381 863 922 1380 
1069 1380 922 887 1382 
1070 898 1380 1382 885 
1071 864 929 1383 1384 
1072 929 904 972 1383 
1073 1383 972 907 1385 
1074 1384 1383 1385 822 
1075 76 1387 1386 1364 
1076 1387 913 1388 1386 
1077 1386 1388 912 954 
1078 1364 1386 954 840 
1079 913 1390 1389 1388 
1080 1390 78 1391 1389 
1081 1389 1391 914 1013 
1082 1388 1389 1013 912 
1083 838 1393 1392 1379 
1084 1393 916 1394 1392 
1085 1392 1394 915 935 
1086 1379 1392 935 877 
1087 915 1396 1395 936 
1088 1396 917 1397 1395 
1089 1395 1397 79 946 
1090 936 1395 946 905 
1091 917 1399 1398 1397 
1092 1399 953 1400 1398 
1093 1398 1400 942 957 
1094 1397 1398 957 79 
1095 999 1402 1401 1021 
1096 1402 1015 1034 1401 
1097 1401 1034 1018 1403 
1098 1021 1401 1403 943 
1099 68 1406 1404 1405 
1100 1406 98 1115 1404 
1101 1404 1115 96 338 
1102 1405 1404 338 97 
1103 102 829 1407 1118 
1104 829 103 1357 1407 
1105 1407 1357 26 1408 
1106 1118 1407 1408 104 
1107 108 146 1409 1410 
1108 146 109 1136 1409 
1109 1409 1136 58 1411 
1110 1410 1409 1411 110 
1111 74 127 1412 1413 
1112 127 108 1410 1412 
1113 1412 1410 110 1414 
1114 1413 1412 1414 55 
1115 96 1417 1415 1416 
1116 1417 135 1133 1415 
1117 1415 1133 133 341 
1118 1416 1415 341 134 
1119 138 1419 1418 1184 
1120 1419 137 163 1418 
1121 1418 163 140 1139 
1122 1184 1418 1139 57 
1123 144 570 1420 1421 
1124 570 145 1239 1420 
1125 1420 1239 109 1422 
1126 1421 1420 1422 146 
1127 126 428 1423 1424 
1128 428 144 1421 1423 
1129 1423 1421 146 1425 
1130 1424 1423 1425 108 
1131 265 1427 1426 404 
1132 1427 267 1428 1426 
1133 1426 1428 151 1195 
1134 404 1426 1195 268 
1135 270 1430 1429 1175 
1136 1430 220 1431 1429 
1137 1429 1431 271 1177 
1138 1175 1429 1177 269 
1139 335 1434 1432 1433 
1140 1434 68 1405 1432 
1141 1432 1405 97 1187 
1142 1433 1432 1187 333 
1143 338 1437 1435 1436 
1144 1437 96 1416 1435 
1145 1435 1416 134 361 
1146 1436 1435 361 336 
1147 220 1439 1438 1431 
1148 1439 403 1440 1438 
1149 1438 1440 402 411 
1150 1431 1438 411 271 
1151 267 1442 1441 1428 
1152 1442 418 1443 1441 
1153 1441 1443 415 423 
1154 1428 1441 423 151 
1155 440 1445 1444 1199 
1156 1445 442 1446 1444 
1157 1444 1446 131 471 
1158 1199 1444 471 258 
1159 128 1448 1447 1169 
1160 1448 444 1449 1447 
1161 1447 1449 443 1201 
1162 1169 1447 1201 263 
1163 444 1451 1450 1449 
1164 1451 258 1452 1450 
1165 1450 1452 445 527 
1166 1449 1450 527 443 
1167 258 1454 1453 1452 
1168 1454 471 1455 1453 
1169 1453 1455 470 479 
1170 1452 1453 479 445 
1171 471 1457 1456 1455 
1172 1457 131 1458 1456 
1173 1456 1458 472 514 
1174 1455 1456 514 470 
1175 92 487 1459 1460 
1176 487 461 1206 1459 
1177 1459 1206 481 1461 
1178 1460 1459 1461 430 
1179 442 1463 1462 1446 
1180 1463 507 1464 1462 
1181 1462 1464 459 511 
1182 1446 1462 511 131 
1183 131 1466 1465 1458 
1184 1466 511 1467 1465 
1185 1465 1467 510 1212 
1186 1458 1465 1212 472 
1187 510 1469 1468 1213 
1188 1469 512 1470 1468 
1189 1468 1470 458 562 
1190 1213 1468 562 485 
1191 623 690 1471 1472 
1192 690 624 1322 1471 
1193 1471 1322 565 1473 
1194 1472 1471 1473 625 
1195 569 643 1474 1475 
1196 643 623 1472 1474 
1197 1474 1472 625 1476 
1198 1475 1474 1476 145 
1199 653 1478 1477 1290 
1200 1478 86 1479 1477 
1201 1477 1479 654 1292 
1202 1290 1477 1292 652 
1203 602 1481 1480 1275 
1204 1481 665 1482 1480 
1205 1480 1482 664 1307 
1206 1275 1480 1307 635 
1207 665 1484 1483 1482 
1208 1484 604 1485 1483 
1209 1483 1485 666 693 
1210 1482 1483 693 664 
1211 672 833 1486 1310 
1212 833 673 1487 1486 
1213 1486 1487 102 1488 
1214 1310 1486 1488 674 
1215 675 814 1489 1313 
1216 814 676 1490 1489 
1217 1489 1490 106 1491 
1218 1313 1489 1491 677 
1219 604 1493 1492 1485 
1220 1493 685 1494 1492 
1221 1492 1494 684 1325 
1222 1485 1492 1325 666 
1223 684 1496 1495 1326 
1224 1496 686 1497 1495 
1225 1495 1497 663 713 
1226 1326 1495 713 687 
1227 696 715 1498 1499 
1228 715 697 1339 1498 
1229 1498 1339 681 1500 
1230 1499 1498 1500 698 
1231 689 703 1501 1502 
1232 703 696 1499 1501 
1233 1501 1499 698 1503 
1234 1502 1501 1503 624 
1235 686 1505 1504 1497 
1236 1505 719 1506 1504 
1237 1504 1506 709 723 
1238 1497 1504 723 663 
1239 676 821 1507 1490 
1240 821 807 1508 1507 
1241 1507 1508 810 1509 
1242 1490 1507 1509 106 
1243 86 1511 1510 1479 
1244 1511 816 1512 1510 
1245 1510 1512 815 1354 
1246 1479 1510 1354 654 
1247 815 1514 1513 1355 
1248 1514 817 1515 1513 
1249 1513 1515 651 835 
1250 1355 1513 835 808 
1251 673 854 1516 1487 
1252 854 826 1517 1516 
1253 1516 1517 829 1518 
1254 1487 1516 1518 102 
1255 817 1520 1519 1515 
1256 1520 844 1521 1519 
1257 1519 1521 831 848 
1258 1515 1519 848 651 
1259 862 911 1522 1523 
1260 911 864 1384 1522 
1261 1522 1384 822 1524 
1262 1523 1522 1524 865 
1263 828 888 1525 1526 
1264 888 862 1523 1525 
1265 1525 1523 865 1527 
1266 1526 1525 1527 103 
1267 916 1529 1528 1394 
1268 1529 840 1530 1528 
1269 1528 1530 917 1396 
1270 1394 1528 1396 915 
1271 840 1532 1531 1530 
1272 1532 954 1533 1531 
1273 1531 1533 953 1399 
1274 1530 1531 1399 917 
1275 953 1535 1534 1400 
1276 1535 955 1536 1534 
1277 1534 1536 901 998 
1278 1400 1534 998 942 
1279 955 1538 1537 1536 
1280 1538 1012 1539 1537 
1281 1537 1539 994 1016 
1282 1536 1537 1016 901 
1283 71 158 1540 1541 
1284 158 74 1413 1540 
1285 1540 1413 55 1542 
1286 1541 1540 1542 75 
1287 72 316 1543 1544 
1288 316 71 1541 1543 
1289 1543 1541 75 1545 
1290 1544 1543 1545 56 
1291 124 150 1546 1547 
1292 150 126 1424 1546 
1293 1546 1424 108 1548 
1294 1547 1546 1548 127 
1295 125 161 1549 1550 
1296 161 124 1547 1549 
1297 1549 1547 127 1551 
1298 1550 1549 1551 74 
1299 112 1554 1552 1553 
1300 1554 139 203 1552 
1301 1552 203 137 1419 
1302 1553 1552 1419 138 
1303 156 320 1555 1556 
1304 320 125 1550 1555 
1305 1555 1550 74 1557 
1306 1556 1555 1557 158 
1307 157 324 1558 1559 
1308 324 156 1556 1558 
1309 1558 1556 158 1560 
1310 1559 1558 1560 71 
1311 266 1562 1561 1172 
1312 1562 197 1563 1561 
1313 1561 1563 267 1427 
1314 1172 1561 1427 265 
1315 309 370 1564 1565 
1316 370 72 1544 1564 
1317 1564 1544 56 1566 
1318 1565 1564 1566 312 
1319 313 358 1567 1568 
1320 358 157 1559 1567 
1321 1567 1559 71 1569 
1322 1568 1567 1569 316 
1323 314 374 1570 1571 
1324 374 313 1568 1570 
1325 1570 1568 316 1572 
1326 1571 1570 1572 72 
1327 327 1575 1573 1574 
1328 1575 112 1553 1573 
1329 1573 1553 138 1183 
1330 1574 1573 1183 325 
1331 97 1578 1576 1577 
1332 1578 338 1436 1576 
1333 1576 1436 336 1190 
1334 1577 1576 1190 337 
1335 197 1580 1579 1563 
1336 1580 419 1581 1579 
1337 1579 1581 418 1442 
1338 1563 1579 1442 267 
1339 260 465 1582 1583 
1340 465 92 1460 1582 
1341 1582 1460 430 1584 
1342 1583 1582 1584 429 
1343 507 1586 1585 1464 
1344 1586 509 1587 1585 
1345 1585 1587 253 1203 
1346 1464 1585 1203 459 
1347 511 1589 1588 1467 
1348 1589 459 1590 1588 
1349 1588 1590 512 1469 
1350 1467 1588 1469 510 
1351 568 628 1591 1592 
1352 628 569 1475 1591 
1353 1591 1475 145 1593 
1354 1592 1591 1593 570 
1355 427 597 1594 1595 
1356 597 568 1592 1594 
1357 1594 1592 570 1596 
1358 1595 1594 1596 144 
1359 685 1598 1597 1494 
1360 1598 660 1599 1597 
1361 1597 1599 686 1496 
1362 1494 1597 1496 684 
1363 688 1331 1600 1601 
1364 1331 689 1502 1600 
1365 1600 1502 624 1602 
1366 1601 1600 1602 690 
1367 642 1329 1603 1604 
1368 1329 688 1601 1603 
1369 1603 1601 690 1605 
1370 1604 1603 1605 623 
1371 660 1607 1606 1599 
1372 1607 720 1608 1606 
1373 1606 1608 719 1505 
1374 1599 1606 1505 686 
1375 719 1610 1609 1506 
1376 1610 721 1611 1609 
1377 1609 1611 119 739 
1378 1506 1609 739 709 
1379 721 1613 1612 1611 
1380 1613 730 1614 1612 
1381 1612 1614 727 735 
1382 1611 1612 735 119 
1383 807 837 1615 1508 
1384 837 809 1616 1615 
1385 1615 1616 672 1617 
1386 1508 1615 1617 810 
1387 816 1619 1618 1512 
1388 1619 648 1620 1618 
1389 1618 1620 817 1514 
1390 1512 1618 1514 815 
1391 826 869 1621 1517 
1392 869 828 1526 1621 
1393 1621 1526 103 1622 
1394 1517 1621 1622 829 
1395 809 850 1623 1616 
1396 850 830 1624 1623 
1397 1623 1624 833 1625 
1398 1616 1623 1625 672 
1399 648 1627 1626 1620 
1400 1627 845 1628 1626 
1401 1626 1628 844 1520 
1402 1620 1626 1520 817 
1403 844 1630 1629 1521 
1404 1630 846 1631 1629 
1405 1629 1631 83 856 
1406 1521 1629 856 831 
1407 846 1633 1632 1631 
1408 1633 859 1634 1632 
1409 1632 1634 852 1372 
1410 1631 1632 1372 83 
1411 954 1636 1635 1533 
1412 1636 912 1637 1635 
1413 1635 1637 955 1535 
1414 1533 1635 1535 953 
1415 912 1639 1638 1637 
1416 1639 1013 1640 1638 
1417 1638 1640 1012 1538 
1418 1637 1638 1538 955 
1419 1012 1642 1641 1539 
1420 1642 1014 1643 1641 
1421 1641 1643 8 1024 
1422 1539 1641 1024 994 
1423 509 1645 1644 1587 
1424 1645 1161 1646 1644 
1425 1644 1646 553 1230 
1426 1587 1644 1230 253 
