2 0.000000 100.000000 5791.461216
1345 1147 
1 -51.980419 0.000000 -52.508739 99.981566 -0.004292 1.747542 0.000063 
2 61.980419 0.000000 -52.508739 99.981367 -0.030990 1.735624 0.000071 
3 61.980419 0.000000 53.378214 99.988206 0.032429 1.735140 -0.000065 
4 -51.980419 0.000000 53.378214 99.987835 0.004380 1.747843 -0.000062 
5 5.000000 0.000000 0.434738 63.760840 0.373827 0.094170 0.593441 
6 -51.980419 0.000000 0.434738 99.984222 -0.000128 1.751891 0.000009 
7 5.000000 0.000000 -52.508739 99.974763 -0.005098 1.741356 0.000201 
8 61.980419 0.000000 0.434738 99.984622 -1.152031 1.710408 -0.000118 
9 5.000000 0.000000 53.378214 99.995352 0.005178 1.741404 -0.000210 
10 33.490210 0.000000 26.906476 99.998511 0.098229 1.702338 -0.000261 
11 5.000000 0.000000 26.906476 100.029799 0.018276 1.731414 -0.000896 
12 33.490210 0.000000 0.434738 99.461552 2.724691 31.392766 -0.088553 
13 61.980419 0.000000 26.906476 99.988283 0.023981 1.707304 -0.000057 
14 33.490210 0.000000 53.378214 99.992184 0.008727 1.735217 -0.000145 
15 -23.490210 0.000000 26.906476 99.996065 0.012062 1.755262 -0.000229 
16 -51.980419 0.000000 26.906476 99.987379 0.002863 1.750465 -0.000054 
17 -23.490210 0.000000 0.434738 99.980158 -0.000212 1.770079 0.000083 
18 -23.490210 0.000000 53.378214 99.991633 0.008448 1.747387 -0.000138 
19 33.490210 0.000000 -26.037001 99.970465 -0.093114 1.703957 0.000299 
20 5.000000 0.000000 -26.037001 99.943689 -0.017644 1.730715 0.000826 
21 33.490210 0.000000 -52.508739 99.977560 -0.008368 1.735745 0.000147 
22 61.980419 0.000000 -26.037001 99.981627 -0.022694 1.709039 0.000075 
23 19.245105 0.000000 13.670607 100.058379 0.092365 1.566090 -0.001414 
24 5.000000 0.000000 13.670607 100.175434 -0.152981 1.706938 -0.003805 
25 19.245105 0.000000 0.434738 99.832059 15.040300 7.172968 -0.024410 
26 33.490210 0.000000 13.670607 99.999951 0.126584 1.605466 -0.000258 
27 19.245105 0.000000 26.906476 100.018460 0.035133 1.704117 -0.000660 
28 -23.490210 0.000000 -26.037001 99.972297 -0.011807 1.752773 0.000247 
29 -51.980419 0.000000 -26.037001 99.981556 -0.002862 1.750021 0.000063 
30 -23.490210 0.000000 -52.508739 99.978003 -0.008303 1.746837 0.000135 
31 -9.245105 0.000000 13.670607 100.024130 0.011147 1.789307 -0.000803 
32 -23.490210 0.000000 13.670607 99.992434 0.007287 1.763550 -0.000160 
33 -9.245105 0.000000 0.434738 99.933012 -0.011863 1.820965 0.001008 
34 -9.245105 0.000000 26.906476 100.010918 0.020510 1.753664 -0.000526 
35 19.245105 0.000000 -12.801131 99.902228 -0.102744 1.572302 0.001706 
36 5.000000 0.000000 -12.801131 99.930489 -0.018054 1.713819 0.001096 
37 19.245105 0.000000 -26.037001 99.952892 -0.032844 1.707575 0.000650 
38 33.490210 0.000000 -12.801131 99.967773 -0.135572 1.601955 0.000386 
39 12.122552 0.000000 7.052672 100.088259 -0.172680 1.340828 -0.001949 
40 5.000000 0.000000 7.052672 100.321125 -0.366462 1.704689 -0.006737 
41 12.122552 0.000000 0.434738 98.280676 13.826294 2.327308 0.014433 
42 19.245105 0.000000 7.052672 100.034774 0.150860 1.317385 -0.000871 
43 12.122552 0.000000 13.670607 100.124900 0.065122 1.592254 -0.002754 
44 -9.245105 0.000000 -12.801131 99.935534 -0.013529 1.768924 0.000976 
45 -23.490210 0.000000 -12.801131 99.971275 -0.007032 1.761480 0.000264 
46 -9.245105 0.000000 -26.037001 99.959359 -0.020126 1.749120 0.000507 
47 -2.122552 0.000000 7.052672 100.008937 -0.206628 1.889852 -0.000540 
48 -9.245105 0.000000 7.052672 100.006928 -0.096361 1.840734 -0.000478 
49 -2.122552 0.000000 0.434738 99.159535 0.081408 1.683717 0.016455 
50 -2.122552 0.000000 13.670607 100.085595 -0.143166 1.789676 -0.002035 
51 12.122552 0.000000 -6.183197 99.803963 0.161060 1.536129 0.003678 
52 5.000000 0.000000 -6.183197 99.866659 0.292784 1.727989 0.002358 
53 12.122552 0.000000 -12.801131 99.849969 0.000080 1.619569 0.002736 
54 19.245105 0.000000 -6.183197 99.902137 -0.221232 1.344016 0.001771 
55 8.561276 0.000000 3.743705 100.415118 0.480367 1.011305 -0.008445 
56 5.000000 0.000000 3.743705 101.049257 0.636021 1.934902 -0.021510 
57 8.561276 0.000000 0.434738 72.906927 1.519115 -18.273754 0.434834 
58 12.122552 0.000000 3.743705 99.918722 -0.228647 0.927046 0.001534 
59 8.561276 0.000000 7.052672 100.251554 -0.381414 1.422117 -0.005254 
60 -2.122552 0.000000 -6.183197 99.961504 0.133095 1.607635 0.000510 
61 -9.245105 0.000000 -6.183197 99.924244 0.067526 1.784962 0.001195 
62 -2.122552 0.000000 -12.801131 99.902922 0.177591 1.749518 0.001631 
63 1.438724 0.000000 3.743705 100.046106 -0.009584 2.573460 -0.001585 
64 -2.122552 0.000000 3.743705 99.776566 -0.301425 2.078871 0.004022 
65 1.438724 0.000000 0.434738 58.308881 0.169172 8.367702 0.653003 
66 1.438724 0.000000 7.052672 100.079462 -0.489878 1.865373 -0.001962 
67 8.561276 0.000000 -2.874230 97.825975 -0.791453 2.765815 0.042180 
68 5.000000 0.000000 -2.874230 100.171510 -1.379710 2.577477 -0.004288 
69 8.561276 0.000000 -6.183197 99.785128 0.290111 1.684053 0.004001 
70 12.122552 0.000000 -2.874230 99.544615 -0.117807 1.530348 0.008851 
71 6.780638 0.000000 2.089221 102.743637 -0.014935 2.908940 -0.056472 
72 5.000000 0.000000 2.089221 101.036297 1.576060 3.281791 -0.022159 
73 6.780638 0.000000 0.434738 69.577389 0.184679 2.081359 0.515462 
74 8.561276 0.000000 2.089221 99.846153 -0.033864 -0.935617 0.002987 
75 6.780638 0.000000 3.743705 100.906929 0.698518 1.792333 -0.018591 
76 47.735315 0.000000 -12.801131 99.980931 -0.208567 1.619697 0.000115 
77 47.735315 0.000000 -26.037001 99.978261 -0.101575 1.706191 0.000143 
78 61.980419 0.000000 -12.801131 99.984108 -0.208194 1.627822 0.000049 
79 47.735315 0.000000 0.434738 99.991790 -2.406583 1.244718 -0.000570 
80 26.367657 0.000000 -6.183197 99.956289 -0.265583 1.358336 0.000682 
81 26.367657 0.000000 -12.801131 99.951248 -0.128048 1.592477 0.000720 
82 33.490210 0.000000 -6.183197 99.976144 -0.269114 1.391682 0.000276 
83 26.367657 0.000000 0.434738 99.688582 17.017661 17.931831 -0.054896 
84 15.683829 0.000000 -2.874230 99.813061 -0.265631 1.376005 0.003539 
85 15.683829 0.000000 -6.183197 99.879686 -0.182291 1.434912 0.002196 
86 19.245105 0.000000 -2.874230 99.917938 -0.402409 1.359552 0.001440 
87 15.683829 0.000000 0.434738 99.783688 13.278658 4.400414 -0.015247 
88 10.341914 0.000000 -1.219746 96.905484 -0.319455 2.601613 0.060246 
89 8.561276 0.000000 -1.219746 97.039933 0.037984 5.699822 0.055076 
90 10.341914 0.000000 -2.874230 98.163766 -0.695005 2.235648 0.035839 
91 12.122552 0.000000 -1.219746 99.322328 -0.447009 1.470440 0.013271 
92 10.341914 0.000000 0.434738 94.722314 25.111038 -2.645669 0.039012 
93 1.438724 0.000000 -2.874230 100.184690 0.132727 1.178966 -0.003838 
94 -2.122552 0.000000 -2.874230 99.764394 0.115840 1.513962 0.004476 
95 1.438724 0.000000 -6.183197 99.992405 0.213535 1.632575 -0.000119 
96 6.780638 0.000000 -1.219746 97.029469 -0.508525 3.491561 0.057283 
97 5.000000 0.000000 -1.219746 98.327426 -1.231144 3.064341 0.032081 
98 6.780638 0.000000 -2.874230 98.132000 -1.125991 2.896501 0.036045 
99 47.735315 0.000000 13.670607 99.990337 0.229621 1.617090 -0.000074 
100 61.980419 0.000000 13.670607 99.988374 0.236831 1.618355 -0.000035 
101 47.735315 0.000000 26.906476 99.991196 0.108542 1.704979 -0.000116 
102 26.367657 0.000000 7.052672 100.005353 0.189215 1.375242 -0.000300 
103 33.490210 0.000000 7.052672 99.995672 0.197303 1.400633 -0.000114 
104 26.367657 0.000000 13.670607 100.012683 0.117089 1.594660 -0.000509 
105 15.683829 0.000000 3.743705 99.967560 0.028745 1.000549 0.000549 
106 19.245105 0.000000 3.743705 99.981638 0.056594 1.046795 0.000257 
107 15.683829 0.000000 7.052672 100.018720 0.047942 1.358430 -0.000559 
108 10.341914 0.000000 2.089221 98.791705 -0.708892 -0.526124 0.023942 
109 12.122552 0.000000 2.089221 99.779654 -0.338723 -0.134554 0.004389 
110 10.341914 0.000000 3.743705 100.339761 -0.062345 0.398611 -0.006823 
111 9.451595 0.000000 -0.392504 88.676307 0.124128 20.098818 0.173253 
112 8.561276 0.000000 -0.392504 77.007389 0.329401 12.418200 0.391554 
113 9.451595 0.000000 -1.219746 95.698061 -0.513105 4.553297 0.082089 
114 10.341914 0.000000 -0.392504 96.924653 -2.767025 -0.123395 0.059794 
115 9.451595 0.000000 0.434738 78.771846 25.288531 -6.455950 0.311381 
116 13.903191 0.000000 -1.219746 99.661379 -0.599633 1.744945 0.006421 
117 13.903191 0.000000 -2.874230 99.697104 -0.208965 1.367763 0.005857 
118 15.683829 0.000000 -1.219746 99.801365 -0.673580 1.712428 0.003630 
119 13.903191 0.000000 0.434738 99.552712 12.903527 3.472530 -0.008930 
120 11.232233 0.000000 -0.392504 97.915043 -4.090147 1.353027 0.039408 
121 11.232233 0.000000 -1.219746 97.953110 -0.654106 2.334275 0.039931 
122 12.122552 0.000000 -0.392504 98.539765 -4.994955 1.960608 0.026112 
123 11.232233 0.000000 0.434738 97.529764 16.518718 1.057483 0.021396 
124 9.451595 0.000000 1.261980 99.251428 -0.671606 -4.876954 0.012492 
125 8.561276 0.000000 1.261980 100.163664 -0.191845 -5.322077 -0.006112 
126 10.341914 0.000000 1.261980 97.945553 0.110622 -2.918151 0.039814 
127 9.451595 0.000000 2.089221 99.149907 -0.080065 -1.162922 0.016794 
128 9.896755 0.000000 0.021117 110.983002 -22.985157 -18.505051 -0.318798 
129 9.451595 0.000000 0.021117 96.113008 1.356538 -8.844663 0.068222 
130 9.896755 0.000000 -0.392504 103.325526 -8.821357 30.389720 -0.167752 
131 10.341914 0.000000 0.021117 99.253569 -20.006213 -1.090650 -0.025271 
132 9.896755 0.000000 0.434738 123.644650 -41.851088 -82.873403 -1.390751 
133 7.670957 0.000000 -0.392504 73.499278 0.326500 3.138249 0.458790 
134 6.780638 0.000000 -0.392504 70.685040 0.408757 1.651719 0.500073 
135 7.670957 0.000000 -1.219746 97.557111 -0.231328 3.681663 0.046900 
136 7.670957 0.000000 0.434738 68.563264 0.032114 -2.843809 0.529099 
137 9.006436 0.000000 0.021117 82.569554 4.668472 1.874798 0.315696 
138 8.561276 0.000000 0.021117 76.006679 1.370343 3.133107 0.421129 
139 9.006436 0.000000 -0.392504 82.834919 0.296013 18.549883 0.279419 
140 9.006436 0.000000 0.434738 78.316096 8.839186 -14.268905 0.358486 
141 13.903191 0.000000 2.089221 99.894151 -0.235307 0.011272 0.002110 
142 15.683829 0.000000 2.089221 99.921020 -0.218969 0.082592 0.001574 
143 13.903191 0.000000 3.743705 99.993152 -0.016482 0.866315 0.000062 
144 11.232233 0.000000 1.261980 98.375600 0.070698 -1.401684 0.032027 
145 12.122552 0.000000 1.261980 98.906971 0.483782 -1.417608 0.021517 
146 11.232233 0.000000 2.089221 98.756599 -0.013857 0.195333 0.024710 
147 9.896755 0.000000 0.848359 96.481230 2.901495 -6.452843 0.064131 
148 9.451595 0.000000 0.848359 98.644920 1.061079 -9.082415 0.018556 
149 10.341914 0.000000 0.848359 97.007827 2.775038 -4.594563 0.056067 
150 9.896755 0.000000 1.261980 98.152450 -0.074361 -3.879996 0.035104 
151 9.674175 0.000000 0.227927 95.699210 2.279459 -12.358482 0.068373 
152 9.451595 0.000000 0.227927 84.482514 2.408301 -6.764840 0.281114 
153 9.674175 0.000000 0.021117 98.395377 -1.114387 -10.741852 0.020172 
154 9.896755 0.000000 0.227927 110.983002 -22.985157 -18.505051 -0.318798 
155 9.674175 0.000000 0.434738 94.311032 12.512322 -23.813868 0.038177 
156 7.670957 0.000000 1.261980 68.062613 0.179791 -1.563826 0.536500 
157 6.780638 0.000000 1.261980 69.964808 0.019063 3.964404 0.508921 
158 7.670957 0.000000 2.089221 102.048513 0.445796 -0.776352 -0.041470 
159 9.006436 0.000000 0.848359 79.183093 3.339435 -14.411271 0.351120 
160 8.561276 0.000000 0.848359 72.440952 0.446064 -8.626658 0.467769 
161 9.006436 0.000000 1.261980 100.385802 -0.487117 -4.351816 -0.009648 
162 9.229016 0.000000 0.227927 79.307524 16.560790 -4.061040 0.341956 
163 9.006436 0.000000 0.227927 82.258038 11.596383 -16.311410 0.283308 
164 9.229016 0.000000 0.021117 89.695462 12.271108 -6.912007 0.175637 
165 9.229016 0.000000 0.434738 74.161740 14.840471 -20.281596 0.386845 
166 19.245105 0.000000 -39.272870 99.969508 -0.045885 1.730836 0.000310 
167 5.000000 0.000000 -39.272870 99.967377 -0.032485 1.738355 0.000350 
168 19.245105 0.000000 -52.508739 99.975508 -0.006787 1.737957 0.000188 
169 33.490210 0.000000 -39.272870 99.974545 -0.056710 1.727194 0.000210 
170 12.122552 0.000000 -19.419066 99.913120 -0.043415 1.689087 0.001451 
171 5.000000 0.000000 -19.419066 99.901042 -0.018495 1.720320 0.001682 
172 12.122552 0.000000 -26.037001 99.945302 -0.025096 1.717180 0.000799 
173 19.245105 0.000000 -19.419066 99.936768 -0.064850 1.673239 0.000984 
174 8.561276 0.000000 -9.492164 99.935982 0.590724 1.681326 0.000962 
175 5.000000 0.000000 -9.492164 100.004622 0.503746 1.704454 -0.000408 
176 8.561276 0.000000 -12.801131 99.892410 -0.148832 1.681991 0.001866 
177 12.122552 0.000000 -9.492164 99.915060 0.021545 1.633229 0.001431 
178 10.341914 0.000000 -4.528713 99.476960 -0.084055 1.407693 0.010235 
179 8.561276 0.000000 -4.528713 99.359920 -0.052812 1.564170 0.012516 
180 10.341914 0.000000 -6.183197 99.740375 0.237832 1.598722 0.004925 
181 12.122552 0.000000 -4.528713 99.710548 -0.000725 1.482384 0.005561 
182 9.451595 0.000000 -2.046988 97.296708 -0.134645 3.081063 0.052384 
183 8.561276 0.000000 -2.046988 97.508679 -0.311263 3.513720 0.047961 
184 9.451595 0.000000 -2.874230 97.826131 -0.623877 2.509942 0.042336 
185 10.341914 0.000000 -2.046988 97.622808 -0.531628 2.468503 0.046341 
186 9.896755 0.000000 -0.806125 94.359793 -0.538561 2.652689 0.108890 
187 9.451595 0.000000 -0.806125 93.512037 -0.535006 6.434718 0.121381 
188 9.896755 0.000000 -1.219746 96.099356 -0.335633 3.251830 0.075423 
189 10.341914 0.000000 -0.806125 96.336126 -0.852813 1.793605 0.071541 
190 9.674175 0.000000 -0.185694 98.984568 -9.937668 -5.509317 0.007295 
191 9.451595 0.000000 -0.185694 92.917103 4.510402 7.217328 0.129398 
192 9.674175 0.000000 -0.392504 98.112240 -5.086832 30.201632 -0.056403 
193 9.896755 0.000000 -0.185694 110.983002 -22.985157 -18.505051 -0.318798 
194 9.562885 0.000000 0.124522 92.055145 -5.382819 -4.619053 0.147554 
195 9.451595 0.000000 0.124522 89.565950 -2.192453 -4.193917 0.195554 
196 9.562885 0.000000 0.021117 96.773368 -0.615777 -9.646953 0.054147 
197 9.674175 0.000000 0.124522 95.958355 0.622576 -8.655443 0.071669 
198 9.562885 0.000000 0.227927 90.191561 -2.929216 -3.238445 0.184641 
199 9.006436 0.000000 -0.806125 78.514609 0.496195 15.678440 0.358940 
200 8.561276 0.000000 -0.806125 75.636826 0.511868 11.038610 0.415696 
201 9.006436 0.000000 -1.219746 96.309624 -0.285117 5.605658 0.069295 
202 9.229016 0.000000 -0.185694 85.606059 5.471567 3.786564 0.262733 
203 9.006436 0.000000 -0.185694 82.969714 0.229483 16.132680 0.285571 
204 9.229016 0.000000 -0.392504 85.067020 0.210331 18.726751 0.241287 
205 9.340305 0.000000 0.124522 82.897479 16.744432 -2.468235 0.284154 
206 9.229016 0.000000 0.124522 82.077526 12.705968 -9.509782 0.301140 
207 9.340305 0.000000 0.021117 92.074222 14.253686 -9.073160 0.123685 
208 9.340305 0.000000 0.227927 80.284703 18.513242 -1.335329 0.320984 
209 9.674175 0.000000 0.641548 95.255685 5.717116 -11.022454 0.077217 
210 9.451595 0.000000 0.641548 93.430844 27.774178 -27.155948 -0.023817 
211 9.896755 0.000000 0.641548 94.830233 8.059777 -7.964189 0.087884 
212 9.674175 0.000000 0.848359 97.037265 1.936904 -7.992508 0.051614 
213 9.562885 0.000000 0.331332 88.973667 6.898364 -17.868682 0.171681 
214 9.451595 0.000000 0.331332 81.233835 17.641262 -6.947977 0.304158 
215 9.674175 0.000000 0.331332 96.650429 6.240047 -13.571685 0.043557 
216 9.562885 0.000000 0.434738 84.904524 22.068117 -10.141743 0.220137 
217 9.507240 0.000000 0.176225 89.565950 -2.192453 -4.193917 0.195554 
218 9.451595 0.000000 0.176225 86.583172 0.912868 -7.729485 0.244278 
219 9.507240 0.000000 0.124522 90.570108 -3.330083 -4.058052 0.176950 
220 9.562885 0.000000 0.176225 90.465185 -3.669388 -3.748849 0.178853 
221 9.507240 0.000000 0.227927 88.902596 -1.345269 -3.695691 0.208086 
222 9.229016 0.000000 0.641548 90.901224 23.138984 -24.503645 0.060113 
223 9.006436 0.000000 0.641548 74.321667 3.772049 -14.992919 0.423727 
224 9.229016 0.000000 0.848359 100.759120 1.062417 -8.664234 -0.022860 
225 9.340305 0.000000 0.331332 77.648962 22.530316 -5.358989 0.343430 
226 9.229016 0.000000 0.331332 76.638537 20.137242 -7.972792 0.365746 
227 9.340305 0.000000 0.434738 76.211776 23.345228 -6.816613 0.360030 
228 9.395950 0.000000 0.176225 82.746022 5.357435 -3.103154 0.311476 
229 9.340305 0.000000 0.176225 81.089132 17.452883 -1.812541 0.311666 
230 9.395950 0.000000 0.124522 85.952608 8.668246 -7.052889 0.248727 
231 9.395950 0.000000 0.227927 80.765514 12.490920 -2.788400 0.331313 
232 9.507240 0.000000 0.279630 85.568733 0.798367 -11.368994 0.254810 
233 9.451595 0.000000 0.279630 82.564565 4.369614 -5.871756 0.312952 
234 9.562885 0.000000 0.279630 89.922598 -3.161537 -6.132706 0.186632 
235 9.507240 0.000000 0.331332 85.092219 9.778749 -11.926550 0.252145 
236 9.479418 0.000000 0.202076 86.515055 -5.461169 -4.544194 0.246467 
237 9.451595 0.000000 0.202076 84.762374 0.142995 -8.615361 0.274110 
238 9.479418 0.000000 0.176225 88.902596 -1.345269 -3.695691 0.208086 
239 9.507240 0.000000 0.202076 88.902596 -1.345269 -3.695691 0.208086 
240 9.479418 0.000000 0.227927 85.905180 0.731313 -8.405786 0.254911 
241 9.562885 0.000000 -0.082288 98.189807 -1.689963 -10.389109 0.024797 
242 9.451595 0.000000 -0.082288 98.283894 -1.454108 -10.543422 0.022700 
243 9.562885 0.000000 -0.185694 97.977363 -6.020702 -7.918826 0.030148 
244 9.674175 0.000000 -0.082288 97.810101 -4.153858 -9.434668 0.032692 
245 9.507240 0.000000 0.072819 92.523937 -5.884046 -4.848969 0.138119 
246 9.451595 0.000000 0.072819 91.834596 -4.479002 -5.459536 0.151654 
247 9.507240 0.000000 0.021117 96.089945 0.217199 -9.051164 0.068475 
248 9.562885 0.000000 0.072819 93.347514 -7.176532 -5.548716 0.120395 
249 9.479418 0.000000 0.150373 89.210626 -2.102249 -4.209028 0.201933 
250 9.451595 0.000000 0.150373 88.970601 -1.075790 -4.083919 0.206640 
251 9.479418 0.000000 0.124522 90.175944 -2.513235 -4.326462 0.184326 
252 9.507240 0.000000 0.150373 89.948133 -2.498193 -3.568263 0.189036 
253 10.787074 0.000000 0.021117 98.907211 -24.258182 4.614448 -0.039239 
254 10.787074 0.000000 -0.392504 97.459734 -3.497221 0.909356 0.048854 
255 11.232233 0.000000 0.021117 99.737937 -26.462368 12.042380 -0.079293 
256 10.787074 0.000000 0.434738 96.276862 19.826817 -0.347433 0.033754 
257 10.119335 0.000000 0.227927 108.481736 -30.413604 -41.788009 -0.443951 
258 10.119335 0.000000 0.021117 110.983002 -22.985157 -18.505051 -0.318798 
259 10.341914 0.000000 0.227927 113.234651 -30.677543 165.490705 -3.115037 
260 10.119335 0.000000 0.434738 93.175460 28.428675 -5.115469 0.048398 
261 9.785465 0.000000 0.124522 101.247743 -5.766308 -19.466783 -0.066331 
262 9.785465 0.000000 0.021117 97.977363 -6.020702 -7.918826 0.030148 
263 9.896755 0.000000 0.124522 110.983002 -22.985157 -18.505051 -0.318798 
264 9.785465 0.000000 0.227927 101.816576 -4.391956 -19.389790 -0.076187 
265 9.618530 0.000000 0.176225 92.366959 -5.566314 -4.650589 0.141573 
266 9.618530 0.000000 0.124522 93.031218 -6.675292 -5.288162 0.127267 
267 9.674175 0.000000 0.176225 94.473942 -1.976792 -10.521708 0.096006 
268 9.618530 0.000000 0.227927 92.000249 -5.170366 -6.569944 0.146606 
269 9.535063 0.000000 0.202076 89.948133 -2.498193 -3.568263 0.189036 
270 9.535063 0.000000 0.176225 90.298594 -2.603405 -3.550164 0.182678 
271 9.562885 0.000000 0.202076 90.465185 -3.669388 -3.748849 0.178853 
272 9.535063 0.000000 0.227927 88.964124 -2.067956 -3.459538 0.206914 
273 9.493329 0.000000 0.189150 88.917654 -1.283382 -3.643580 0.207873 
274 9.479418 0.000000 0.189150 87.960231 -3.783382 -3.736797 0.223472 
275 9.493329 0.000000 0.176225 88.902596 -1.345269 -3.695691 0.208086 
276 9.507240 0.000000 0.189150 88.902596 -1.345269 -3.695691 0.208086 
277 9.493329 0.000000 0.202076 88.769052 -1.003174 -3.530173 0.210659 
278 9.395950 0.000000 0.279630 79.759257 17.589487 -2.756877 0.332147 
279 9.340305 0.000000 0.279630 79.158252 20.632513 -2.145682 0.330367 
280 9.395950 0.000000 0.331332 78.996932 21.662114 -3.945833 0.327467 
281 9.423773 0.000000 0.202076 83.607765 4.138894 -4.428713 0.297300 
282 9.395950 0.000000 0.202076 82.290776 6.986169 -3.024426 0.317027 
283 9.423773 0.000000 0.176225 84.314614 2.817343 -5.728960 0.285029 
284 9.423773 0.000000 0.227927 82.917608 4.882021 -3.479559 0.308873 
285 9.465507 0.000000 0.189150 85.528356 -6.419346 -6.595279 0.260019 
286 9.451595 0.000000 0.189150 85.222848 0.000412 -8.715274 0.266111 
287 9.465507 0.000000 0.176225 88.800802 -0.771020 -3.599259 0.210087 
288 9.465507 0.000000 0.202076 83.980207 -6.291335 -9.327328 0.282074 
289 9.479418 0.000000 0.253779 85.008092 0.943133 -8.338023 0.270321 
290 9.451595 0.000000 0.253779 83.818491 3.721006 -4.565181 0.293977 
291 9.507240 0.000000 0.253779 86.536849 0.243138 -8.473242 0.243952 
292 9.479418 0.000000 0.279630 83.834373 2.865046 -7.882945 0.290145 
293 9.465507 0.000000 0.215002 85.419591 1.073431 -8.774900 0.262534 
294 9.451595 0.000000 0.215002 84.829202 1.606896 -7.913262 0.273880 
295 9.479418 0.000000 0.215002 85.928057 0.682179 -8.178887 0.254901 
296 9.465507 0.000000 0.227927 85.136287 0.904259 -8.830705 0.267301 
297 9.472462 0.000000 0.195613 85.817128 -5.348863 -5.402749 0.257762 
298 9.465507 0.000000 0.195613 83.440375 -10.598532 -8.500351 0.285312 
299 9.472462 0.000000 0.189150 86.785611 -6.711767 -4.217732 0.240542 
300 9.479418 0.000000 0.195613 87.046825 -6.564084 -4.101751 0.236294 
301 9.472462 0.000000 0.202076 84.966233 -5.373018 -7.558125 0.269474 
302 9.423773 0.000000 0.253779 82.242357 6.602803 -1.917337 0.318892 
303 9.395950 0.000000 0.253779 79.668652 13.691432 -1.361607 0.346360 
304 9.423773 0.000000 0.279630 81.074216 12.750673 -5.573237 0.323333 
305 9.437684 0.000000 0.215002 84.028298 3.343381 -5.365724 0.289928 
306 9.423773 0.000000 0.215002 82.917566 4.467478 -4.020738 0.308855 
307 9.437684 0.000000 0.202076 84.364032 2.608968 -6.670236 0.283141 
308 9.437684 0.000000 0.227927 83.456723 3.677520 -4.634913 0.299997 
309 3.219362 0.000000 2.089221 101.161527 0.607361 3.367871 -0.024537 
310 1.438724 0.000000 2.089221 100.139892 0.124063 3.600459 -0.004098 
311 3.219362 0.000000 0.434738 57.847281 -0.010864 3.579770 0.664088 
312 3.219362 0.000000 3.743705 100.449437 0.297653 2.486990 -0.009636 
313 5.890319 0.000000 1.261980 99.768725 0.273102 4.677910 0.002424 
314 5.000000 0.000000 1.261980 102.106195 0.836751 2.404893 -0.043216 
315 5.890319 0.000000 0.434738 69.413071 0.827701 -1.425615 0.517911 
316 5.890319 0.000000 2.089221 100.814565 1.407812 3.030981 -0.017475 
317 8.116117 0.000000 0.848359 66.994590 0.248876 -3.142364 0.550179 
318 7.670957 0.000000 0.848359 66.145781 0.101067 -1.157122 0.562339 
319 8.116117 0.000000 0.434738 66.597257 0.007138 -12.995738 0.539592 
320 8.116117 0.000000 1.261980 66.522730 0.350757 -1.881455 0.557106 
321 7.225798 0.000000 0.848359 65.275246 0.002411 0.263349 0.573907 
322 6.780638 0.000000 0.848359 67.178183 0.034104 1.535594 0.548473 
323 7.225798 0.000000 0.434738 66.093169 0.022570 -0.094136 0.563168 
324 7.225798 0.000000 1.261980 68.714740 -0.109188 0.754846 0.527770 
325 8.116117 0.000000 0.021117 73.932466 0.455295 3.787194 0.451944 
326 7.670957 0.000000 0.021117 72.576921 0.390913 3.342281 0.472127 
327 8.116117 0.000000 -0.392504 74.860769 0.427077 7.217584 0.434359 
328 7.893537 0.000000 0.641548 68.897590 0.042604 -2.351909 0.524759 
329 7.670957 0.000000 0.641548 67.767420 -0.006860 -2.140448 0.540300 
330 7.893537 0.000000 0.434738 65.486725 -0.290978 -3.381415 0.569997 
331 8.116117 0.000000 0.641548 67.772109 -0.556947 -18.670974 0.505803 
332 7.893537 0.000000 0.848359 66.992788 0.197056 -2.539203 0.550548 
333 3.219362 0.000000 -1.219746 100.858212 0.080077 -0.079608 -0.017239 
334 1.438724 0.000000 -1.219746 99.439385 -0.111321 -1.881612 0.010826 
335 3.219362 0.000000 -2.874230 100.509193 -0.773969 1.622673 -0.010533 
336 5.890319 0.000000 -0.392504 69.125684 0.237286 1.473920 0.521941 
337 5.000000 0.000000 -0.392504 61.584508 0.966126 0.587623 0.620607 
338 5.890319 0.000000 -1.219746 97.093499 -0.975147 3.240696 0.056140 
339 7.225798 0.000000 0.021117 69.110128 0.034942 -0.690213 0.522331 
340 6.780638 0.000000 0.021117 42.576038 0.255455 -1.296561 0.818553 
341 7.225798 0.000000 -0.392504 72.062313 0.133562 1.255576 0.480543 
342 7.893537 0.000000 0.227927 73.855228 0.137564 -4.884210 0.452153 
343 7.670957 0.000000 0.227927 70.543594 0.124941 -2.671898 0.501645 
344 7.893537 0.000000 0.021117 72.576921 0.390913 3.342281 0.472127 
345 8.116117 0.000000 0.227927 69.101576 -2.341840 -32.759101 0.414633 
346 8.338696 0.000000 0.641548 67.579761 -3.407069 -45.873725 0.331697 
347 8.338696 0.000000 0.434738 70.847041 0.469958 -30.335305 0.406025 
348 8.561276 0.000000 0.641548 72.142859 0.686927 -21.015755 0.435327 
349 8.338696 0.000000 0.848359 72.440952 0.446064 -8.626658 0.467769 
350 8.004827 0.000000 0.538143 64.114402 -0.234508 -7.561510 0.583211 
351 7.893537 0.000000 0.538143 66.604750 -0.254082 -1.907855 0.556010 
352 8.004827 0.000000 0.434738 65.274254 -0.187143 -7.510101 0.568284 
353 8.116117 0.000000 0.538143 63.794919 -0.132004 -13.376670 0.575126 
354 8.004827 0.000000 0.641548 67.720282 -0.508288 -7.163236 0.536239 
355 6.335479 0.000000 0.848359 66.978399 0.536280 -1.511190 0.551132 
356 5.890319 0.000000 0.848359 69.385338 1.519183 -1.286729 0.518171 
357 6.335479 0.000000 0.434738 70.104456 -0.025086 0.881136 0.508459 
358 6.335479 0.000000 1.261980 67.416297 0.247744 -4.262905 0.543681 
359 6.335479 0.000000 0.021117 65.088933 0.930188 -1.307887 0.576085 
360 5.890319 0.000000 0.021117 37.808320 3.504014 5.047083 0.853278 
361 6.335479 0.000000 -0.392504 69.695311 0.148998 1.634108 0.513987 
362 6.558058 0.000000 0.641548 69.890499 0.212329 3.043090 0.510601 
363 6.335479 0.000000 0.641548 69.663407 0.060064 2.426922 0.514112 
364 6.558058 0.000000 0.434738 70.392730 0.311162 2.662515 0.503768 
365 6.780638 0.000000 0.641548 68.585840 0.075447 1.941313 0.529221 
366 6.558058 0.000000 0.848359 68.308961 0.095459 2.596368 0.532714 
367 4.109681 0.000000 1.261980 103.038627 0.456185 2.831918 -0.062519 
368 3.219362 0.000000 1.261980 102.192554 -0.531397 4.126625 -0.046063 
369 4.109681 0.000000 0.434738 56.864339 0.487043 1.162070 0.676486 
370 4.109681 0.000000 2.089221 101.380472 1.938112 3.032950 -0.029096 
371 5.445160 0.000000 0.848359 66.929044 1.391563 -0.650998 0.551814 
372 5.000000 0.000000 0.848359 62.058973 0.512701 -0.222387 0.614837 
373 5.445160 0.000000 0.434738 69.006481 0.738134 -0.678184 0.523710 
374 5.445160 0.000000 1.261980 101.135736 1.190197 2.392676 -0.023558 
375 6.112899 0.000000 0.641548 68.874471 0.639115 -1.629541 0.525324 
376 5.890319 0.000000 0.641548 69.413071 0.827701 -1.425615 0.517911 
377 6.112899 0.000000 0.434738 68.874471 0.639115 -1.629541 0.525324 
378 6.112899 0.000000 0.848359 66.862574 1.240890 -1.335626 0.552607 
379 6.558058 0.000000 0.227927 70.015997 0.445796 2.842450 0.508948 
380 6.335479 0.000000 0.227927 67.623182 0.271967 -1.666786 0.542425 
381 6.558058 0.000000 0.021117 42.688457 0.809527 -1.871969 0.817354 
382 6.780638 0.000000 0.227927 71.831867 0.186959 3.499033 0.482790 
383 6.446768 0.000000 0.538143 58.040549 0.067631 7.871753 0.656933 
384 6.335479 0.000000 0.538143 69.787652 0.059751 2.222519 0.512474 
385 6.446768 0.000000 0.434738 69.871046 0.144508 2.361581 0.511244 
386 6.558058 0.000000 0.538143 60.586874 0.198996 5.596434 0.629787 
387 6.446768 0.000000 0.641548 68.164197 0.100230 3.695176 0.533998 
388 9.785465 0.000000 0.331332 104.094974 -7.271099 -19.650971 -0.127479 
389 9.896755 0.000000 0.331332 110.983002 -22.985157 -18.505051 -0.318798 
390 9.785465 0.000000 0.434738 118.119002 -31.088215 -74.426754 -1.045792 
391 9.618530 0.000000 0.279630 91.812898 -5.299860 -7.946283 0.147916 
392 9.674175 0.000000 0.279630 95.698120 5.281120 -12.838108 0.064916 
393 9.618530 0.000000 0.331332 92.147320 8.405921 -18.204656 0.110680 
394 9.535063 0.000000 0.253779 88.772797 -1.768577 -4.729476 0.209389 
395 9.562885 0.000000 0.253779 89.865342 -3.076336 -5.451499 0.188504 
396 9.535063 0.000000 0.279630 86.351760 -0.690577 -11.403269 0.241286 
397 9.521151 0.000000 0.215002 88.836825 -1.646384 -3.174536 0.209523 
398 9.507240 0.000000 0.215002 88.902596 -1.345269 -3.695691 0.208086 
399 9.521151 0.000000 0.202076 88.964124 -2.067956 -3.459538 0.206914 
400 9.535063 0.000000 0.215002 89.948133 -2.498193 -3.568263 0.189036 
401 9.521151 0.000000 0.227927 88.869474 -1.493563 -3.437846 0.208817 
402 9.729820 0.000000 0.279630 97.911777 2.861456 -15.146875 0.017567 
403 9.729820 0.000000 0.227927 98.012475 3.014188 -15.247949 0.015197 
404 9.785465 0.000000 0.279630 101.955021 -4.982226 -18.715344 -0.076991 
405 9.729820 0.000000 0.331332 98.484280 1.437271 -15.485155 0.005899 
406 9.646353 0.000000 0.253779 92.997441 -5.292662 -9.323487 0.123654 
407 9.618530 0.000000 0.253779 91.766849 -5.185460 -7.462328 0.149627 
408 9.646353 0.000000 0.227927 92.755183 -6.256715 -7.925977 0.129451 
409 9.674175 0.000000 0.253779 96.106780 4.472471 -11.506872 0.061108 
410 9.646353 0.000000 0.279630 94.554954 3.542324 -11.652462 0.091103 
411 9.729820 0.000000 0.176225 98.278104 2.107722 -15.379087 0.010046 
412 9.729820 0.000000 0.124522 97.695655 0.878380 -12.822932 0.029036 
413 9.785465 0.000000 0.176225 101.690683 -4.728244 -19.682082 -0.075074 
414 9.701998 0.000000 0.253779 97.131033 4.414061 -14.295033 0.034173 
415 9.701998 0.000000 0.227927 96.916722 3.786931 -14.248306 0.038979 
416 9.729820 0.000000 0.253779 97.630678 3.217407 -14.896567 0.023599 
417 9.701998 0.000000 0.279630 97.108765 5.165002 -14.428689 0.033502 
418 10.787074 0.000000 0.848359 97.652141 2.864137 -3.428009 0.044410 
419 11.232233 0.000000 0.848359 98.147606 2.598647 -2.331668 0.035486 
420 10.787074 0.000000 1.261980 98.124622 -0.079212 -2.170964 0.036684 
421 10.119335 0.000000 0.641548 95.530977 8.594944 -6.260173 0.076077 
422 10.341914 0.000000 0.641548 96.027683 7.989995 -4.611527 0.069358 
423 10.119335 0.000000 0.848359 96.604308 2.822338 -5.300979 0.063154 
424 10.008045 0.000000 0.331332 111.027314 -29.028901 -53.215324 -0.600161 
425 10.008045 0.000000 0.227927 110.983002 -22.985157 -18.505051 -0.318798 
426 10.119335 0.000000 0.331332 122.211943 -30.021687 -64.077031 -0.994293 
427 10.008045 0.000000 0.434738 123.454581 -25.257522 -60.494109 -0.953851 
428 9.841110 0.000000 0.279630 109.861404 -19.285205 -19.122895 -0.280713 
429 9.841110 0.000000 0.227927 109.394312 -18.316001 -19.313379 -0.267560 
430 9.896755 0.000000 0.279630 110.983002 -22.985157 -18.505051 -0.318798 
431 9.841110 0.000000 0.331332 110.679122 -21.632901 -18.706878 -0.306780 
432 10.119335 0.000000 -0.185694 110.983002 -22.985157 -18.505051 -0.318798 
433 10.119335 0.000000 -0.392504 96.419985 -2.385928 -1.555644 0.069507 
434 10.341914 0.000000 -0.185694 97.948204 -6.508794 -1.400913 0.036182 
435 10.008045 0.000000 0.124522 110.983002 -22.985157 -18.505051 -0.318798 
436 10.008045 0.000000 0.021117 110.983002 -22.985157 -18.505051 -0.318798 
437 10.119335 0.000000 0.124522 110.983002 -22.985157 -18.505051 -0.318798 
438 9.841110 0.000000 0.176225 109.394312 -18.316001 -19.313379 -0.267560 
439 9.841110 0.000000 0.124522 109.861404 -19.285205 -19.122895 -0.280713 
440 9.896755 0.000000 0.176225 110.983002 -22.985157 -18.505051 -0.318798 
441 9.952400 0.000000 0.279630 110.983002 -22.985157 -18.505051 -0.318798 
442 9.952400 0.000000 0.227927 110.983002 -22.985157 -18.505051 -0.318798 
443 10.008045 0.000000 0.279630 110.983002 -22.985157 -18.505051 -0.318798 
444 9.952400 0.000000 0.331332 108.979690 -28.279312 -35.742066 -0.395379 
445 9.868932 0.000000 0.253779 110.983002 -22.985157 -18.505051 -0.318798 
446 9.841110 0.000000 0.253779 109.394312 -18.316001 -19.313379 -0.267560 
447 9.868932 0.000000 0.227927 110.983002 -22.985157 -18.505051 -0.318798 
448 9.896755 0.000000 0.253779 110.983002 -22.985157 -18.505051 -0.318798 
449 9.868932 0.000000 0.279630 110.983002 -22.985157 -18.505051 -0.318798 
450 10.564494 0.000000 0.227927 104.059859 34.442193 105.358980 -1.311523 
451 10.564494 0.000000 0.021117 98.804411 -22.583925 1.369338 -0.027422 
452 10.787074 0.000000 0.227927 99.709368 38.893419 68.107412 -0.609328 
453 10.564494 0.000000 0.434738 95.573618 21.909537 -1.399484 0.038370 
454 10.230624 0.000000 0.331332 92.491229 60.318213 8.649078 -0.226772 
455 10.230624 0.000000 0.227927 117.850622 -105.365515 167.707588 -4.311650 
456 10.341914 0.000000 0.331332 93.917218 52.720573 9.877630 -0.169747 
457 10.230624 0.000000 0.434738 94.079066 26.693615 -3.602514 0.042360 
458 10.230624 0.000000 0.124522 101.895297 -41.076711 3.365491 -0.208127 
459 10.230624 0.000000 0.021117 109.583562 -36.737699 -64.906597 -0.757108 
460 10.341914 0.000000 0.124522 101.392536 -43.788072 7.608333 -0.225573 
461 10.174979 0.000000 0.279630 123.647555 -22.044399 -58.049421 -0.914441 
462 10.119335 0.000000 0.279630 115.949212 -35.478158 -70.660359 -0.969581 
463 10.174979 0.000000 0.227927 120.828329 -41.195758 -81.369757 -1.291761 
464 10.230624 0.000000 0.279630 92.585924 111.717211 63.855719 -1.513044 
465 10.174979 0.000000 0.331332 91.494818 64.727788 6.978793 -0.260969 
466 10.564494 0.000000 0.641548 96.577987 7.447281 -3.627994 0.060407 
467 10.787074 0.000000 0.641548 97.001022 7.429241 -2.426643 0.052972 
468 10.564494 0.000000 0.848359 97.247752 2.906964 -3.809928 0.051991 
469 10.453204 0.000000 0.331332 94.740369 46.223079 9.744505 -0.120727 
470 10.453204 0.000000 0.227927 108.385449 15.083459 136.172950 -2.051799 
471 10.564494 0.000000 0.331332 95.223103 41.224058 9.537844 -0.085783 
472 10.453204 0.000000 0.434738 95.203903 23.325741 -2.097540 0.038773 
473 10.286269 0.000000 0.279630 94.249297 96.700340 57.957200 -1.159292 
474 10.286269 0.000000 0.227927 115.660775 -65.355253 171.987000 -3.722825 
475 10.341914 0.000000 0.279630 95.269264 85.333025 51.902329 -0.905181 
476 10.286269 0.000000 0.331332 93.287740 56.359811 9.522980 -0.196972 
477 11.232233 0.000000 -2.046988 98.136388 -0.122173 2.147406 0.036462 
478 11.232233 0.000000 -2.874230 99.328200 -0.013325 1.400579 0.013195 
479 12.122552 0.000000 -2.046988 99.350026 -0.173253 1.405436 0.012757 
480 10.787074 0.000000 -0.806125 97.405589 -0.969408 2.030169 0.050709 
481 10.787074 0.000000 -1.219746 97.473357 -0.338804 2.333878 0.049338 
482 11.232233 0.000000 -0.806125 97.841732 -1.228221 2.051371 0.042128 
483 10.564494 0.000000 -0.185694 97.597032 -7.576817 -0.582767 0.041707 
484 10.564494 0.000000 -0.392504 97.193871 -3.286607 0.540359 0.054226 
485 10.787074 0.000000 -0.185694 97.653643 -8.095973 -0.011179 0.039822 
486 10.453204 0.000000 0.124522 101.496663 -45.837209 12.834304 -0.256734 
487 10.453204 0.000000 0.021117 98.861178 -21.452526 -0.047722 -0.023375 
488 10.564494 0.000000 0.124522 101.862219 -46.598314 19.282547 -0.291913 
489 13.012871 0.000000 -0.392504 99.586887 -5.226584 2.007642 0.005110 
490 13.012871 0.000000 -1.219746 99.532450 -0.547053 1.761356 0.008989 
491 13.903191 0.000000 -0.392504 99.684926 -5.483897 2.266268 0.002771 
492 13.012871 0.000000 0.434738 99.375865 13.307168 2.856460 -0.006080 
493 11.677393 0.000000 0.021117 100.309882 -25.439451 20.797882 -0.114179 
494 11.677393 0.000000 -0.392504 98.295773 -4.670028 1.750556 0.031307 
495 12.122552 0.000000 0.021117 99.676508 -21.646495 25.104332 -0.103420 
496 11.677393 0.000000 0.434738 98.015216 14.819468 1.610807 0.017081 
497 11.009654 0.000000 0.227927 99.572471 36.019941 49.834882 -0.369563 
498 11.009654 0.000000 0.021117 99.263526 -25.705591 8.204991 -0.058135 
499 11.232233 0.000000 0.227927 99.533075 34.007761 37.758508 -0.248907 
500 11.009654 0.000000 0.434738 96.951252 17.901682 0.369263 0.027985 
501 10.675784 0.000000 0.331332 95.597675 37.177309 9.477144 -0.061088 
502 10.675784 0.000000 0.227927 101.118512 39.159105 82.821813 -0.861784 
503 10.787074 0.000000 0.331332 96.013993 34.089665 9.308038 -0.046743 
504 10.675784 0.000000 0.434738 95.912449 20.876625 -0.752678 0.036440 
505 10.508849 0.000000 0.279630 96.225535 63.242268 37.413604 -0.465872 
506 10.453204 0.000000 0.279630 96.126332 69.104596 41.432587 -0.573238 
507 10.508849 0.000000 0.227927 106.080285 27.374293 120.008407 -1.640440 
508 10.564494 0.000000 0.279630 96.241898 58.246625 34.159914 -0.382207 
509 10.508849 0.000000 0.331332 95.011844 43.614010 9.619699 -0.102197 
510 13.012871 0.000000 1.261980 99.786236 0.733054 -1.641651 0.003947 
511 13.903191 0.000000 1.261980 99.850641 0.866933 -1.587765 0.002658 
512 13.012871 0.000000 2.089221 99.836772 -0.340459 0.005630 0.003250 
513 11.677393 0.000000 0.848359 98.471620 2.933719 -2.088482 0.029037 
514 12.122552 0.000000 0.848359 98.734954 2.961525 -1.837565 0.023926 
515 11.677393 0.000000 1.261980 98.665842 0.415425 -1.438672 0.026281 
516 11.009654 0.000000 0.641548 97.483521 7.083289 -1.563819 0.044434 
517 11.232233 0.000000 0.641548 97.963463 6.624544 -0.848734 0.035855 
518 11.009654 0.000000 0.848359 97.848402 2.594902 -2.852965 0.041082 
519 10.898364 0.000000 0.331332 96.477341 31.584895 8.977083 -0.038607 
520 10.898364 0.000000 0.227927 99.309351 37.370929 57.794039 -0.459908 
521 11.009654 0.000000 0.331332 96.932307 29.413347 8.621158 -0.033534 
522 10.898364 0.000000 0.434738 96.642810 18.960914 -0.065711 0.030065 
523 10.898364 0.000000 0.538143 96.951496 12.278170 -1.975665 0.044575 
524 10.787074 0.000000 0.538143 96.630276 12.543835 -2.198949 0.050041 
525 11.009654 0.000000 0.538143 97.215437 11.728694 -1.548136 0.040920 
526 10.898364 0.000000 0.641548 97.258450 7.408525 -2.052330 0.048170 
527 10.842719 0.000000 0.383035 96.300381 24.956781 2.667701 0.009628 
528 10.787074 0.000000 0.383035 96.087828 25.667565 2.622017 0.010143 
529 10.842719 0.000000 0.331332 96.245405 32.808132 9.092749 -0.042223 
530 10.898364 0.000000 0.383035 96.501558 24.232523 2.795841 0.009242 
531 10.842719 0.000000 0.434738 96.463938 19.388170 -0.211849 0.031876 
532 11.454813 0.000000 0.227927 99.078601 31.491265 29.852150 -0.169942 
533 11.454813 0.000000 0.021117 100.141338 -26.566736 16.366183 -0.100193 
534 11.677393 0.000000 0.227927 98.707756 29.111880 24.985438 -0.121499 
535 11.454813 0.000000 0.434738 97.814062 15.556175 1.370173 0.018854 
536 11.120943 0.000000 0.331332 97.342004 27.393928 8.728471 -0.030208 
537 11.120943 0.000000 0.227927 99.774586 34.982659 43.603671 -0.308003 
538 11.232233 0.000000 0.331332 97.582780 25.869474 8.052872 -0.025648 
539 11.120943 0.000000 0.434738 97.254624 17.145135 0.956848 0.024667 
540 11.454813 0.000000 0.641548 98.143687 6.394598 -0.742386 0.032637 
541 11.677393 0.000000 0.641548 98.327727 6.219775 -0.621475 0.029259 
542 11.454813 0.000000 0.848359 98.290218 2.767112 -2.174079 0.032665 
543 11.343523 0.000000 0.331332 97.734107 24.665869 7.599943 -0.021812 
544 11.343523 0.000000 0.227927 99.272729 32.853790 33.346555 -0.204644 
545 11.454813 0.000000 0.331332 97.841861 23.472778 7.300995 -0.017731 
546 11.343523 0.000000 0.434738 97.692610 16.075801 1.142590 0.019642 
547 12.567712 0.000000 0.021117 100.340156 -18.226635 25.778864 -0.106491 
548 12.567712 0.000000 -0.392504 99.516856 -5.066066 1.341415 0.006893 
549 13.012871 0.000000 0.021117 100.132097 -15.422297 26.403978 -0.096145 
550 12.567712 0.000000 0.434738 99.325864 13.570388 2.128167 -0.005431 
551 11.899973 0.000000 0.227927 98.248124 26.794815 22.328224 -0.086921 
552 11.899973 0.000000 0.021117 99.950101 -23.656793 23.652194 -0.110909 
553 12.122552 0.000000 0.227927 98.196838 24.878333 21.227779 -0.071217 
554 11.899973 0.000000 0.434738 98.177083 14.242469 1.920420 0.015472 
555 11.566103 0.000000 0.331332 97.921794 22.531519 7.035805 -0.014585 
556 11.566103 0.000000 0.227927 98.895427 30.259081 27.096091 -0.143012 
557 11.677393 0.000000 0.331332 97.972509 21.710313 6.839373 -0.011673 
558 11.566103 0.000000 0.434738 97.926002 15.165579 1.483020 0.017830 
559 11.343523 0.000000 0.538143 97.882114 10.858097 -0.451807 0.030099 
560 11.232233 0.000000 0.538143 97.760493 11.073164 -0.578127 0.031994 
561 11.454813 0.000000 0.538143 97.990907 10.635802 -0.127212 0.028465 
562 11.343523 0.000000 0.641548 98.055698 6.509800 -0.897399 0.034190 
563 11.399168 0.000000 0.383035 97.724667 19.359495 3.373824 0.006372 
564 11.343523 0.000000 0.383035 97.655625 19.819111 3.371941 0.005921 
565 11.399168 0.000000 0.331332 97.793708 24.004886 7.422201 -0.019493 
566 11.454813 0.000000 0.383035 97.777499 19.027240 3.440623 0.006569 
567 11.399168 0.000000 0.434738 97.760300 15.760676 1.236601 0.019300 
568 12.567712 0.000000 0.848359 99.706507 3.224452 -2.314072 0.004286 
569 13.012871 0.000000 0.848359 99.722625 3.352395 -2.010233 0.004012 
570 12.567712 0.000000 1.261980 99.761033 0.692183 -1.812931 0.004397 
571 11.899973 0.000000 0.641548 98.501419 6.033971 -0.466678 0.026084 
572 12.122552 0.000000 0.641548 98.576425 5.939638 -0.161585 0.024738 
573 11.899973 0.000000 0.848359 98.632766 2.948833 -1.949223 0.025908 
574 11.788683 0.000000 0.331332 98.027235 21.014637 6.846911 -0.009783 
575 11.788683 0.000000 0.227927 98.455336 27.954086 23.418183 -0.102330 
576 11.899973 0.000000 0.331332 98.045336 20.373646 6.773988 -0.007386 
577 11.788683 0.000000 0.434738 98.116687 14.533645 1.852312 0.015846 
578 12.345132 0.000000 0.227927 99.165199 23.666588 19.764794 -0.078449 
579 12.345132 0.000000 0.021117 100.406369 -19.762089 25.291962 -0.111166 
580 12.567712 0.000000 0.227927 99.209449 22.372566 19.325907 -0.071654 
581 12.345132 0.000000 0.434738 99.276250 13.833294 1.859274 -0.005059 
582 12.011263 0.000000 0.331332 98.079906 19.861534 6.862343 -0.006124 
583 12.011263 0.000000 0.227927 98.175715 25.764446 21.699087 -0.077313 
584 12.122552 0.000000 0.331332 98.135605 19.405201 7.044304 -0.005678 
585 12.011263 0.000000 0.434738 98.225365 14.030954 2.113378 0.015044 
586 12.345132 0.000000 0.641548 99.571661 6.041457 -0.804314 0.004834 
587 12.567712 0.000000 0.641548 99.608138 5.889382 -0.686623 0.004306 
588 12.345132 0.000000 0.848359 99.688434 3.200135 -2.483161 0.004581 
589 12.233842 0.000000 0.331332 98.176641 19.144560 7.279664 -0.005816 
590 12.233842 0.000000 0.227927 98.228895 24.075102 20.966427 -0.066812 
591 12.345132 0.000000 0.331332 99.141846 18.971975 6.493794 -0.023121 
592 12.233842 0.000000 0.434738 98.362300 13.778014 2.302912 0.012972 
593 22.806381 0.000000 -2.874230 99.944320 -0.414359 1.281051 0.000932 
594 22.806381 0.000000 -6.183197 99.930314 -0.259352 1.323604 0.001211 
595 26.367657 0.000000 -2.874230 99.964729 -0.420035 1.305555 0.000517 
596 22.806381 0.000000 0.434738 99.791432 16.739961 11.382771 -0.036812 
597 17.464467 0.000000 -1.219746 99.877135 -0.717275 1.716054 0.002110 
598 17.464467 0.000000 -2.874230 99.883797 -0.360967 1.376348 0.002120 
599 19.245105 0.000000 -1.219746 99.916098 -0.724232 1.714970 0.001331 
600 17.464467 0.000000 0.434738 99.824520 14.146395 5.626930 -0.019672 
601 14.793510 0.000000 -0.392504 99.747052 -5.443930 2.372643 0.001526 
602 14.793510 0.000000 -1.219746 99.741926 -0.657962 1.744890 0.004807 
603 15.683829 0.000000 -0.392504 99.799311 -5.217014 2.306383 0.000756 
604 14.793510 0.000000 0.434738 99.714225 12.930147 3.859822 -0.012501 
605 13.458031 0.000000 0.021117 99.944850 -13.622331 26.311983 -0.086686 
606 13.458031 0.000000 -0.392504 99.631155 -5.422947 2.143715 0.003963 
607 13.903191 0.000000 0.021117 99.901277 -12.326165 26.043645 -0.081047 
608 13.458031 0.000000 0.434738 99.470220 13.008581 3.242030 -0.007406 
609 12.790292 0.000000 0.227927 99.252679 21.445129 18.912975 -0.066869 
610 12.790292 0.000000 0.021117 100.246787 -16.691609 26.253693 -0.101728 
611 13.012871 0.000000 0.227927 99.286489 20.495174 18.671937 -0.062650 
612 12.790292 0.000000 0.434738 99.351079 13.443331 2.637574 -0.005832 
613 12.456422 0.000000 0.331332 99.171055 18.590637 6.673656 -0.022505 
614 12.456422 0.000000 0.227927 99.183844 22.943767 19.570957 -0.074687 
615 12.567712 0.000000 0.331332 99.201006 18.321194 6.762564 -0.022224 
616 12.456422 0.000000 0.434738 99.298276 13.653064 2.081522 -0.005089 
617 22.806381 0.000000 3.743705 100.004456 0.072340 1.002364 -0.000190 
618 26.367657 0.000000 3.743705 99.998116 0.069239 1.046595 -0.000072 
619 22.806381 0.000000 7.052672 100.020453 0.176943 1.339999 -0.000592 
620 17.464467 0.000000 2.089221 99.950537 -0.162557 0.079603 0.000986 
621 19.245105 0.000000 2.089221 99.973355 -0.159507 0.061180 0.000530 
622 17.464467 0.000000 3.743705 99.965842 0.019919 1.056600 0.000571 
623 14.793510 0.000000 1.261980 99.892737 1.081670 -1.529153 0.001793 
624 15.683829 0.000000 1.261980 99.919820 1.142508 -1.541606 0.001235 
625 14.793510 0.000000 2.089221 99.903870 -0.218389 0.083010 0.001916 
626 13.458031 0.000000 0.848359 99.768548 3.316478 -1.829782 0.003189 
627 13.903191 0.000000 0.848359 99.806029 3.396419 -1.701781 0.002432 
628 13.458031 0.000000 1.261980 99.826426 0.787333 -1.640553 0.003137 
629 13.235451 0.000000 0.227927 99.345141 19.700653 18.419563 -0.059685 
630 13.235451 0.000000 0.021117 100.028197 -14.418503 26.389325 -0.090993 
631 13.458031 0.000000 0.227927 99.390054 19.087586 18.241664 -0.057548 
632 13.235451 0.000000 0.434738 99.424719 13.142246 3.114652 -0.006769 
633 12.790292 0.000000 0.641548 99.618446 5.854607 -0.257193 0.004182 
634 13.012871 0.000000 0.641548 99.628770 5.740734 -0.126247 0.004114 
635 12.790292 0.000000 0.848359 99.724335 3.337293 -2.092827 0.003954 
636 12.901582 0.000000 0.331332 99.271319 17.607261 7.294458 -0.021802 
637 12.790292 0.000000 0.331332 99.243659 17.851204 7.146074 -0.021904 
638 12.901582 0.000000 0.227927 99.279592 20.891830 18.895936 -0.064996 
639 13.012871 0.000000 0.331332 99.283465 17.417735 7.317666 -0.021413 
640 12.901582 0.000000 0.434738 99.370746 13.370655 2.794776 -0.006113 
641 13.235451 0.000000 0.641548 99.664241 5.567787 0.046190 0.003604 
642 13.458031 0.000000 0.641548 99.695131 5.426197 0.170964 0.003141 
643 13.235451 0.000000 0.848359 99.747947 3.315038 -1.904339 0.003573 
644 13.124161 0.000000 0.331332 99.315532 17.235099 7.486486 -0.021667 
645 13.124161 0.000000 0.227927 99.315507 20.124980 18.598759 -0.061450 
646 13.235451 0.000000 0.331332 99.349711 16.976988 7.511584 -0.021501 
647 13.124161 0.000000 0.434738 99.399638 13.256724 3.035069 -0.006524 
648 14.348350 0.000000 0.848359 99.858141 3.513551 -1.746374 0.001296 
649 14.348350 0.000000 0.434738 99.630071 12.880298 3.568848 -0.010479 
650 14.793510 0.000000 0.848359 99.858862 3.576109 -1.516557 0.001312 
651 14.348350 0.000000 1.261980 99.902134 1.029499 -1.689125 0.001565 
652 13.680611 0.000000 0.641548 99.727683 5.309250 0.274856 0.002613 
653 13.680611 0.000000 0.434738 99.514117 12.965967 3.363636 -0.008249 
654 13.903191 0.000000 0.641548 99.755954 5.188285 0.351965 0.002171 
655 13.680611 0.000000 0.848359 99.788003 3.361028 -1.756179 0.002797 
656 14.348350 0.000000 0.021117 99.790507 -11.372978 25.606032 -0.074316 
657 14.348350 0.000000 -0.392504 99.721674 -5.481510 2.244754 0.002050 
658 14.793510 0.000000 0.021117 99.383073 -11.482531 24.737351 -0.062078 
659 13.680611 0.000000 0.227927 99.441393 18.616263 18.106884 -0.056302 
660 13.680611 0.000000 0.021117 99.921824 -12.929550 26.180648 -0.083697 
661 13.903191 0.000000 0.227927 99.481526 18.185001 17.988223 -0.055084 
662 13.569321 0.000000 0.538143 99.543102 10.173390 2.964904 -0.002112 
663 13.458031 0.000000 0.538143 99.533693 9.998096 2.820411 -0.001487 
664 13.569321 0.000000 0.434738 99.493349 12.989977 3.289727 -0.007849 
665 13.680611 0.000000 0.538143 99.551017 10.352334 3.114743 -0.002728 
666 13.569321 0.000000 0.641548 99.712180 5.386501 0.212163 0.002842 
667 14.125770 0.000000 0.641548 99.784522 5.057445 0.386923 0.001732 
668 14.125770 0.000000 0.434738 99.586981 12.866930 3.565877 -0.009584 
669 14.348350 0.000000 0.641548 99.827764 4.963713 0.244115 0.000972 
670 14.125770 0.000000 0.848359 99.825786 3.437198 -1.675563 0.002019 
671 14.125770 0.000000 0.227927 99.500861 17.820366 17.922037 -0.053919 
672 14.125770 0.000000 0.021117 99.856098 -11.812919 25.867288 -0.077990 
673 14.348350 0.000000 0.227927 99.511562 17.530284 17.834490 -0.052793 
674 14.014480 0.000000 0.538143 99.568768 11.109211 3.293662 -0.004820 
675 13.903191 0.000000 0.538143 99.562260 10.840249 3.286889 -0.004096 
676 14.014480 0.000000 0.434738 99.570688 12.875500 3.514148 -0.009245 
677 14.125770 0.000000 0.538143 99.575135 11.402821 3.254127 -0.005582 
678 14.014480 0.000000 0.641548 99.770794 5.115579 0.369879 0.001948 
679 16.574148 0.000000 1.261980 99.947754 1.238386 -1.568661 0.000645 
680 16.574148 0.000000 0.434738 99.811966 13.704118 4.964759 -0.017488 
681 17.464467 0.000000 1.261980 99.964906 1.309232 -1.568699 0.000284 
682 16.574148 0.000000 2.089221 99.942894 -0.155732 0.059236 0.001139 
683 15.238669 0.000000 0.848359 99.883400 3.604913 -1.493834 0.000808 
684 15.238669 0.000000 0.434738 99.762308 13.080869 4.117006 -0.014058 
685 15.683829 0.000000 0.848359 99.900956 3.671555 -1.427176 0.000428 
686 15.238669 0.000000 1.261980 99.907209 1.112976 -1.545155 0.001492 
687 14.570930 0.000000 0.641548 99.849346 4.824373 0.279277 0.000676 
688 14.570930 0.000000 0.434738 99.669963 12.875867 3.729083 -0.011380 
689 14.793510 0.000000 0.641548 99.813384 4.747221 0.306764 0.001466 
690 14.570930 0.000000 0.848359 99.864824 3.530388 -1.614353 0.001195 
691 14.237060 0.000000 0.538143 99.591954 11.727580 3.087103 -0.006562 
692 14.237060 0.000000 0.434738 99.609244 12.900599 3.559042 -0.010109 
693 14.348350 0.000000 0.538143 99.606638 11.966990 2.892490 -0.007306 
694 14.237060 0.000000 0.641548 99.807119 5.040701 0.332087 0.001302 
695 16.574148 0.000000 -0.392504 99.843366 -4.982670 2.214921 0.000157 
696 16.574148 0.000000 -1.219746 99.842567 -0.716775 1.687360 0.002810 
697 17.464467 0.000000 -0.392504 99.874028 -4.756803 2.168477 -0.000215 
698 15.238669 0.000000 0.021117 99.406234 -12.213902 23.705740 -0.059274 
699 15.238669 0.000000 -0.392504 99.768537 -5.327355 2.329911 0.001243 
700 15.683829 0.000000 0.021117 99.452928 -12.801824 22.668047 -0.056861 
701 14.570930 0.000000 0.227927 99.465110 17.243707 18.053631 -0.051659 
702 14.570930 0.000000 0.021117 99.556907 -11.174325 25.224972 -0.067274 
703 14.793510 0.000000 0.227927 99.456157 17.023674 18.483624 -0.052298 
704 14.459640 0.000000 0.538143 99.622969 12.167465 2.666488 -0.007989 
705 14.459640 0.000000 0.434738 99.650285 12.863292 3.598002 -0.010859 
706 14.570930 0.000000 0.538143 99.641469 12.326254 2.491100 -0.008656 
707 14.459640 0.000000 0.641548 99.841555 4.886248 0.262062 0.000772 
708 21.025743 0.000000 2.089221 99.998646 -0.137920 -0.053909 0.000025 
709 21.025743 0.000000 0.434738 99.821823 15.965410 8.978337 -0.029990 
710 22.806381 0.000000 2.089221 100.006762 -0.130188 -0.085421 -0.000138 
711 21.025743 0.000000 3.743705 100.002535 0.077223 0.994828 -0.000150 
712 18.354786 0.000000 1.261980 99.980211 1.357744 -1.567855 -0.000034 
713 18.354786 0.000000 0.434738 99.832188 14.579415 6.361464 -0.021949 
714 19.245105 0.000000 1.261980 99.993466 1.437113 -1.595615 -0.000330 
715 18.354786 0.000000 2.089221 99.962316 -0.175457 0.081311 0.000750 
716 21.025743 0.000000 -1.219746 99.933708 -0.691548 1.636257 0.001010 
717 21.025743 0.000000 -2.874230 99.923809 -0.397575 1.258862 0.001349 
718 22.806381 0.000000 -1.219746 99.949474 -0.680019 1.653999 0.000690 
719 20.135424 0.000000 1.261980 100.011206 1.535429 -1.682826 -0.000743 
720 20.135424 0.000000 0.434738 99.831110 15.519408 8.009751 -0.027126 
721 21.025743 0.000000 1.261980 100.017675 1.609911 -1.714640 -0.000907 
722 20.135424 0.000000 2.089221 99.993347 -0.136749 -0.022847 0.000131 
723 40.612762 0.000000 7.052672 99.992438 0.160767 1.414383 -0.000051 
724 40.612762 0.000000 0.434738 99.997902 -2.724764 0.825540 -0.000769 
725 47.735315 0.000000 7.052672 99.991852 0.419801 1.396676 -0.000050 
726 40.612762 0.000000 13.670607 99.992741 0.105311 1.617141 -0.000117 
727 29.928934 0.000000 3.743705 99.996618 0.063136 1.058124 -0.000045 
728 29.928934 0.000000 0.434738 99.549192 13.065791 26.210368 -0.076774 
729 33.490210 0.000000 3.743705 99.996554 0.055103 1.055771 -0.000043 
730 29.928934 0.000000 7.052672 99.998474 0.194608 1.393226 -0.000167 
731 24.587019 0.000000 2.089221 100.010037 -0.119620 -0.116703 -0.000204 
732 24.587019 0.000000 0.434738 99.746948 17.187993 14.340342 -0.045053 
733 26.367657 0.000000 2.089221 100.012126 -0.103243 -0.148698 -0.000246 
734 24.587019 0.000000 3.743705 100.000690 0.068579 1.027306 -0.000120 
735 21.916062 0.000000 1.261980 100.023528 1.689312 -1.728497 -0.001055 
736 21.916062 0.000000 0.434738 99.808751 16.376932 10.113977 -0.033228 
737 22.806381 0.000000 1.261980 100.027668 1.772248 -1.741443 -0.001171 
738 21.916062 0.000000 2.089221 100.002086 -0.131880 -0.058176 -0.000044 
739 40.612762 0.000000 -6.183197 99.983248 -0.172910 1.418221 0.000131 
740 40.612762 0.000000 -12.801131 99.977160 -0.098435 1.615571 0.000195 
741 47.735315 0.000000 -6.183197 99.986146 -0.382991 1.424438 0.000059 
742 29.928934 0.000000 -2.874230 99.975914 -0.421404 1.329303 0.000287 
743 29.928934 0.000000 -6.183197 99.969469 -0.268895 1.379500 0.000413 
744 33.490210 0.000000 -2.874230 99.981160 -0.419913 1.334738 0.000181 
745 24.587019 0.000000 -1.219746 99.958479 -0.668592 1.648400 0.000514 
746 24.587019 0.000000 -2.874230 99.956155 -0.421187 1.291860 0.000692 
747 26.367657 0.000000 -1.219746 99.965115 -0.648742 1.660179 0.000380 
748 23.696700 0.000000 1.261980 100.031493 1.859579 -1.765887 -0.001288 
749 23.696700 0.000000 0.434738 99.771346 17.020681 12.771513 -0.040714 
750 24.587019 0.000000 1.261980 100.033476 1.944761 -1.769440 -0.001361 
751 23.696700 0.000000 2.089221 100.009016 -0.122740 -0.106125 -0.000183 
752 28.148295 0.000000 2.089221 100.013463 -0.086697 -0.183290 -0.000273 
753 28.148295 0.000000 0.434738 99.620038 15.796528 22.027204 -0.065888 
754 29.928934 0.000000 2.089221 100.014802 -0.068140 -0.224365 -0.000302 
755 28.148295 0.000000 3.743705 99.998255 0.066054 1.047611 -0.000075 
756 25.477338 0.000000 1.261980 100.035304 2.037166 -1.776247 -0.001437 
757 25.477338 0.000000 0.434738 99.719330 17.206125 16.059831 -0.049791 
758 26.367657 0.000000 1.261980 100.036569 2.128568 -1.778159 -0.001501 
759 25.477338 0.000000 2.089221 100.011335 -0.110331 -0.133474 -0.000230 
760 28.148295 0.000000 -1.219746 99.969917 -0.632804 1.671210 0.000282 
761 28.148295 0.000000 -2.874230 99.971206 -0.421077 1.319458 0.000384 
762 29.928934 0.000000 -1.219746 99.973436 -0.618078 1.677417 0.000212 
763 37.051486 0.000000 3.743705 99.996417 0.046118 1.050299 -0.000039 
764 37.051486 0.000000 0.434738 99.522562 -8.633322 27.994514 -0.076297 
765 40.612762 0.000000 3.743705 99.996299 0.024975 1.057398 -0.000038 
766 37.051486 0.000000 7.052672 99.993366 0.199306 1.407517 -0.000069 
767 31.709572 0.000000 2.089221 100.016441 -0.046950 -0.274280 -0.000337 
768 31.709572 0.000000 0.434738 99.490429 8.586357 29.668804 -0.085231 
769 33.490210 0.000000 2.089221 100.017956 -0.022793 -0.327207 -0.000370 
770 31.709572 0.000000 3.743705 99.996555 0.059262 1.057736 -0.000043 
771 29.038614 0.000000 1.261980 100.038906 2.411436 -1.767314 -0.001672 
772 28.148295 0.000000 1.261980 100.038353 2.315871 -1.774707 -0.001618 
773 29.038614 0.000000 0.434738 99.584128 14.644539 24.150821 -0.071472 
774 29.928934 0.000000 1.261980 100.039492 2.508136 -1.759707 -0.001729 
775 29.038614 0.000000 2.089221 100.013982 -0.077628 -0.201472 -0.000284 
776 37.051486 0.000000 -2.874230 99.984519 -0.417777 1.339112 0.000113 
777 37.051486 0.000000 -6.183197 99.980576 -0.268481 1.402860 0.000184 
778 40.612762 0.000000 -2.874230 99.986142 -0.176933 1.366831 0.000087 
779 31.709572 0.000000 -1.219746 99.975831 -0.604110 1.676344 0.000166 
780 31.709572 0.000000 -2.874230 99.978893 -0.420732 1.332532 0.000227 
781 33.490210 0.000000 -1.219746 99.977674 -0.591332 1.673811 0.000131 
782 30.819253 0.000000 1.261980 100.039931 2.606315 -1.748345 -0.001784 
783 30.819253 0.000000 0.434738 99.517181 11.040008 28.093523 -0.081480 
784 31.709572 0.000000 1.261980 100.040197 2.705997 -1.731918 -0.001836 
785 30.819253 0.000000 2.089221 100.015639 -0.057910 -0.248915 -0.000319 
786 35.270848 0.000000 2.089221 100.019387 0.004640 -0.382740 -0.000402 
787 35.270848 0.000000 0.434738 99.473708 -3.437570 30.750418 -0.085242 
788 37.051486 0.000000 2.089221 100.020630 0.035742 -0.438604 -0.000432 
789 35.270848 0.000000 3.743705 99.996588 0.050702 1.052567 -0.000043 
790 32.599891 0.000000 1.261980 100.040296 2.807310 -1.709903 -0.001887 
791 32.599891 0.000000 0.434738 99.471256 5.774358 30.804431 -0.087679 
792 33.490210 0.000000 1.261980 100.040230 2.910522 -1.681868 -0.001935 
793 32.599891 0.000000 2.089221 100.017210 -0.035269 -0.300383 -0.000353 
794 35.270848 0.000000 -1.219746 99.979135 -0.579646 1.670181 0.000105 
795 35.270848 0.000000 -2.874230 99.982935 -0.418982 1.336210 0.000145 
796 37.051486 0.000000 -1.219746 99.980390 -0.568807 1.667691 0.000082 
797 34.380529 0.000000 1.261980 100.040001 3.015885 -1.647356 -0.001981 
798 34.380529 0.000000 0.434738 99.462381 -0.403573 31.373961 -0.087725 
799 35.270848 0.000000 1.261980 100.039610 3.123715 -1.606045 -0.002026 
800 34.380529 0.000000 2.089221 100.018679 -0.009507 -0.354664 -0.000386 
801 54.857867 0.000000 7.052672 99.991514 0.426069 1.392184 -0.000042 
802 54.857867 0.000000 0.434738 99.987850 -1.642847 1.505597 -0.000254 
803 61.980419 0.000000 7.052672 99.991399 0.432024 1.386102 -0.000039 
804 54.857867 0.000000 13.670607 99.989079 0.233531 1.618245 -0.000049 
805 44.174038 0.000000 3.743705 99.996618 0.017309 1.043483 -0.000041 
806 44.174038 0.000000 0.434738 99.995892 -2.061238 0.981290 -0.000439 
807 47.735315 0.000000 3.743705 99.998899 0.545464 0.915931 -0.000092 
808 44.174038 0.000000 7.052672 99.991911 0.161387 1.414394 -0.000041 
809 38.832124 0.000000 2.089221 100.021962 0.070794 -0.498019 -0.000465 
810 38.832124 0.000000 0.434738 99.592004 -12.138412 24.051371 -0.064438 
811 40.612762 0.000000 2.089221 100.023112 0.506329 -0.548942 -0.000518 
812 38.832124 0.000000 3.743705 99.996475 0.041532 1.045720 -0.000039 
813 54.857867 0.000000 -6.183197 99.987516 -0.378739 1.433787 0.000030 
814 54.857867 0.000000 -12.801131 99.982939 -0.208713 1.624181 0.000073 
815 61.980419 0.000000 -6.183197 99.988244 -0.374186 1.441884 0.000013 
816 44.174038 0.000000 -2.874230 99.987465 -0.180478 1.365059 0.000061 
817 44.174038 0.000000 -6.183197 99.984897 -0.172523 1.424334 0.000096 
818 47.735315 0.000000 -2.874230 99.988623 -0.560138 1.350761 0.000014 
819 38.832124 0.000000 -1.219746 99.981431 -0.559182 1.664426 0.000063 
820 38.832124 0.000000 -2.874230 99.985692 -0.417035 1.340148 0.000089 
821 40.612762 0.000000 -1.219746 99.980600 0.106204 1.748865 0.000081 
822 37.941805 0.000000 1.261980 100.037370 3.465020 -1.436002 -0.002154 
823 37.051486 0.000000 1.261980 100.038269 3.348086 -1.499981 -0.002111 
824 37.941805 0.000000 0.434738 99.555861 -10.611619 26.104972 -0.070545 
825 38.832124 0.000000 1.261980 100.036326 3.585512 -1.364426 -0.002198 
826 37.941805 0.000000 2.089221 100.021250 0.052717 -0.467435 -0.000447 
827 42.393400 0.000000 2.089221 100.024486 0.580524 -0.615347 -0.000561 
828 42.393400 0.000000 0.434738 99.996929 -2.377209 0.903523 -0.000585 
829 44.174038 0.000000 2.089221 100.025856 0.662606 -0.683625 -0.000608 
830 42.393400 0.000000 3.743705 99.996455 0.021177 1.050744 -0.000040 
831 39.722443 0.000000 1.261980 100.050066 10.107541 -2.138189 -0.011675 
832 39.722443 0.000000 0.434738 99.998359 -2.911180 0.786467 -0.000877 
833 40.612762 0.000000 1.261980 100.050529 10.895611 -2.154742 -0.013347 
834 39.722443 0.000000 2.089221 100.022421 0.471968 -0.516482 -0.000497 
835 42.393400 0.000000 -1.219746 99.981313 0.096180 1.739801 0.000070 
836 42.393400 0.000000 -2.874230 99.986864 -0.178758 1.366010 0.000073 
837 44.174038 0.000000 -1.219746 99.981932 0.086324 1.730505 0.000061 
838 41.503081 0.000000 1.261980 100.051159 11.793722 -2.181720 -0.015409 
839 41.503081 0.000000 0.434738 99.997424 -2.546888 0.864553 -0.000672 
840 42.393400 0.000000 1.261980 100.052041 12.826684 -2.224040 -0.017988 
841 41.503081 0.000000 2.089221 100.023800 0.542486 -0.581903 -0.000539 
842 51.296591 0.000000 3.743705 99.999378 0.547683 0.891389 -0.000097 
843 51.296591 0.000000 0.434738 99.989770 -1.984821 1.380705 -0.000380 
844 54.857867 0.000000 3.743705 99.999892 0.550086 0.864253 -0.000103 
845 51.296591 0.000000 7.052672 99.991644 0.422989 1.394680 -0.000045 
846 45.954676 0.000000 2.089221 100.038711 1.497024 -1.411492 -0.001198 
847 45.954676 0.000000 0.434738 99.992804 -2.651047 1.173782 -0.000697 
848 47.735315 0.000000 2.089221 100.040575 1.588582 -1.510986 -0.001292 
849 45.954676 0.000000 3.743705 99.998672 0.544396 0.927238 -0.000089 
850 43.283719 0.000000 1.261980 100.053298 14.027384 -2.288568 -0.021267 
851 43.283719 0.000000 0.434738 99.996417 -2.215419 0.942442 -0.000508 
852 44.174038 0.000000 1.261980 100.055104 15.440432 -2.385197 -0.025512 
853 43.283719 0.000000 2.089221 100.025171 0.620533 -0.649260 -0.000584 
854 51.296591 0.000000 -2.874230 99.989297 -0.557821 1.348681 0.000001 
855 51.296591 0.000000 -6.183197 99.986942 -0.380921 1.429313 0.000042 
856 54.857867 0.000000 -2.874230 99.989802 -0.555293 1.346630 -0.000008 
857 45.954676 0.000000 -1.219746 99.982756 -0.524907 1.705670 0.000026 
858 45.954676 0.000000 -2.874230 99.988198 -0.561203 1.351770 0.000022 
859 47.735315 0.000000 -1.219746 99.983244 -0.528303 1.695948 0.000020 
860 49.515953 0.000000 2.089221 100.042457 1.689530 -1.612607 -0.001395 
861 49.515953 0.000000 0.434738 99.990774 -2.184997 1.313855 -0.000466 
862 51.296591 0.000000 2.089221 100.044354 1.800959 -1.715942 -0.001506 
863 49.515953 0.000000 3.743705 99.999134 0.546556 0.903981 -0.000094 
864 46.844996 0.000000 1.261980 100.076289 22.431826 -3.581547 -0.053128 
865 45.954676 0.000000 1.261980 100.070910 19.905164 -3.278635 -0.042115 
866 46.844996 0.000000 0.434738 99.992299 -2.525862 1.209446 -0.000630 
867 47.735315 0.000000 1.261980 100.084690 25.658039 -4.057965 -0.069175 
868 46.844996 0.000000 2.089221 100.039640 1.541693 -1.460951 -0.001244 
869 49.515953 0.000000 -1.219746 99.983685 -0.531606 1.686174 0.000014 
870 49.515953 0.000000 -2.874230 99.988985 -0.559008 1.349725 0.000007 
871 51.296591 0.000000 -1.219746 99.984085 -0.534811 1.676382 0.000009 
872 48.625634 0.000000 1.261980 100.098291 29.921861 -4.832736 -0.093834 
873 48.625634 0.000000 0.434738 99.991282 -2.293023 1.279541 -0.000515 
874 49.515953 0.000000 1.261980 100.121597 35.815647 -6.163820 -0.134509 
875 48.625634 0.000000 2.089221 100.041514 1.637817 -1.561555 -0.001343 
876 58.419143 0.000000 3.743705 100.000446 0.552766 0.834426 -0.000109 
877 58.419143 0.000000 0.434738 99.986117 -1.369003 1.616121 -0.000171 
878 61.980419 0.000000 3.743705 100.001044 0.555826 0.801753 -0.000116 
879 58.419143 0.000000 7.052672 99.991438 0.429073 1.389299 -0.000040 
880 53.077229 0.000000 2.089221 100.046260 1.924092 -1.820481 -0.001627 
881 53.077229 0.000000 0.434738 99.988791 -1.804592 1.444770 -0.000310 
882 54.857867 0.000000 2.089221 100.048165 2.060292 -1.925597 -0.001759 
883 53.077229 0.000000 3.743705 99.999630 0.548856 0.878149 -0.000100 
884 50.406272 0.000000 1.261980 100.165163 44.470900 -8.655911 -0.208565 
885 50.406272 0.000000 0.434738 99.990269 -2.082324 1.347597 -0.000421 
886 51.296591 0.000000 1.261980 100.258577 58.301848 -14.004044 -0.364700 
887 50.406272 0.000000 2.089221 100.043404 1.743861 -1.664090 -0.001449 
888 58.419143 0.000000 -2.874230 99.990188 -0.552588 1.344701 -0.000015 
889 58.419143 0.000000 -6.183197 99.987935 -0.376486 1.437955 0.000020 
890 61.980419 0.000000 -2.874230 99.990489 -0.549733 1.342952 -0.000020 
891 53.077229 0.000000 -1.219746 99.984453 -0.537913 1.666603 0.000004 
892 53.077229 0.000000 -2.874230 99.989567 -0.556581 1.347645 -0.000004 
893 54.857867 0.000000 -1.219746 99.984793 -0.540909 1.656861 0.000000 
894 52.186910 0.000000 1.261980 100.510630 83.119997 -28.440892 -0.782021 
895 52.186910 0.000000 0.434738 99.989276 -1.892304 1.413115 -0.000343 
896 53.077229 0.000000 1.261980 101.530409 129.541746 -86.860908 -2.463431 
897 52.186910 0.000000 2.089221 100.045306 1.860981 -1.768098 -0.001565 
898 56.638505 0.000000 2.089221 100.050057 2.211078 -2.030535 -0.001903 
899 56.638505 0.000000 0.434738 99.986956 -1.498129 1.562809 -0.000208 
900 58.419143 0.000000 2.089221 100.051924 2.378139 -2.134400 -0.002060 
901 56.638505 0.000000 3.743705 100.000164 0.551385 0.849684 -0.000106 
902 56.638505 0.000000 -1.219746 99.985109 -0.543795 1.647176 -0.000003 
903 56.638505 0.000000 -2.874230 99.990007 -0.553961 1.345646 -0.000012 
904 58.419143 0.000000 -1.219746 99.985406 -0.546569 1.637569 -0.000006 
905 55.748186 0.000000 1.261980 100.486308 -81.833635 -27.036533 -0.752522 
906 54.857867 0.000000 1.261980 101.438297 -127.418181 -81.578426 -2.318016 
907 55.748186 0.000000 0.434738 99.987397 -1.568450 1.534675 -0.000229 
908 56.638505 0.000000 1.261980 100.243610 -57.705065 -13.130076 -0.355105 
909 55.748186 0.000000 2.089221 100.049113 2.133760 -1.978140 -0.001829 
910 60.199781 0.000000 2.089221 100.053748 2.563357 -2.236154 -0.002232 
911 60.199781 0.000000 0.434738 99.985338 -1.254080 1.665350 -0.000141 
912 61.980419 0.000000 2.089221 100.055508 2.768833 -2.334613 -0.002422 
913 60.199781 0.000000 3.743705 100.000739 0.554241 0.818457 -0.000112 
914 57.528824 0.000000 1.261980 100.150677 -44.184765 -7.803797 -0.204335 
915 57.528824 0.000000 0.434738 99.986529 -1.431705 1.589966 -0.000188 
916 58.419143 0.000000 1.261980 100.105499 -35.688238 -5.213533 -0.132194 
917 57.528824 0.000000 2.089221 100.050995 2.292461 -2.082663 -0.001979 
918 60.199781 0.000000 -1.219746 99.985684 -0.549227 1.628053 -0.000009 
919 60.199781 0.000000 -2.874230 99.990347 -0.551178 1.343802 -0.000018 
920 61.980419 0.000000 -1.219746 99.985948 -0.551769 1.618643 -0.000011 
921 59.309462 0.000000 1.261980 100.079932 -29.885744 -3.746879 -0.092319 
922 59.309462 0.000000 0.434738 99.985720 -1.309851 1.641254 -0.000155 
923 60.199781 0.000000 1.261980 100.063846 -25.679526 -2.823529 -0.068018 
924 59.309462 0.000000 2.089221 100.052843 2.468353 -2.185612 -0.002144 
925 61.090100 0.000000 1.261980 100.052897 -22.492433 -2.194591 -0.052131 
926 61.090100 0.000000 0.434738 99.984972 -1.201526 1.688403 -0.000129 
927 61.980419 0.000000 1.261980 100.044976 -19.993974 -1.739258 -0.041178 
928 61.090100 0.000000 2.089221 100.054637 2.663422 -2.285875 -0.002325 
929 47.735315 0.000000 -39.272870 99.978685 -0.063500 1.726739 0.000128 
930 47.735315 0.000000 -52.508739 99.979701 -0.028780 1.735614 0.000105 
931 61.980419 0.000000 -39.272870 99.981144 -0.018054 1.728794 0.000078 
932 -9.245105 0.000000 -39.272870 99.970540 -0.020834 1.745352 0.000284 
933 -23.490210 0.000000 -39.272870 99.975468 -0.013131 1.748447 0.000185 
934 -9.245105 0.000000 -52.508739 99.975887 -0.003647 1.744616 0.000178 
935 26.367657 0.000000 -19.419066 99.955548 -0.078171 1.670430 0.000609 
936 26.367657 0.000000 -26.037001 99.963643 -0.040704 1.704921 0.000436 
937 33.490210 0.000000 -19.419066 99.968882 -0.062490 1.675664 0.000341 
938 -2.122552 0.000000 -19.419066 99.924023 -0.014082 1.747178 0.001214 
939 -9.245105 0.000000 -19.419066 99.947481 -0.007389 1.756629 0.000742 
940 -2.122552 0.000000 -26.037001 99.949030 -0.012058 1.742913 0.000715 
941 15.683829 0.000000 -9.492164 99.911147 -0.091466 1.575318 0.001527 
942 15.683829 0.000000 -12.801131 99.883681 -0.038596 1.595088 0.002070 
943 19.245105 0.000000 -9.492164 99.911856 -0.140871 1.506864 0.001533 
944 1.438724 0.000000 -9.492164 99.992264 0.379601 1.680211 -0.000142 
945 -2.122552 0.000000 -9.492164 99.948567 0.294348 1.711222 0.000727 
946 1.438724 0.000000 -12.801131 99.884386 0.100697 1.732147 0.002010 
947 6.780638 0.000000 -4.528713 99.462255 -0.363701 1.815899 0.010383 
948 5.000000 0.000000 -4.528713 99.799213 -0.298527 1.850903 0.003660 
949 6.780638 0.000000 -6.183197 99.645569 0.289422 1.657801 0.006793 
950 40.612762 0.000000 -19.419066 99.975269 -0.135787 1.678073 0.000211 
951 40.612762 0.000000 -26.037001 99.975152 -0.098264 1.704847 0.000205 
952 47.735315 0.000000 -19.419066 99.978916 -0.138707 1.680976 0.000137 
953 54.857867 0.000000 -19.419066 99.981101 -0.140282 1.683421 0.000093 
954 54.857867 0.000000 -26.037001 99.980308 -0.103693 1.707548 0.000101 
955 61.980419 0.000000 -19.419066 99.982460 -0.141067 1.685440 0.000065 
956 22.806381 0.000000 -9.492164 99.925106 -0.165817 1.482237 0.001275 
957 22.806381 0.000000 -12.801131 99.932682 -0.118262 1.583317 0.001094 
958 26.367657 0.000000 -9.492164 99.951874 -0.176582 1.508275 0.000732 
959 29.928934 0.000000 -9.492164 99.963883 -0.180978 1.519172 0.000488 
960 29.928934 0.000000 -12.801131 99.961490 -0.132393 1.598108 0.000513 
961 33.490210 0.000000 -9.492164 99.971093 -0.182976 1.527576 0.000341 
962 13.903191 0.000000 -4.528713 99.771987 -0.006902 1.381658 0.004364 
963 13.903191 0.000000 -6.183197 99.843085 0.054091 1.477464 0.002917 
964 15.683829 0.000000 -4.528713 99.842750 -0.177229 1.337528 0.002960 
965 17.464467 0.000000 -4.528713 99.893596 -0.242104 1.329483 0.001944 
966 17.464467 0.000000 -6.183197 99.892782 -0.197230 1.386789 0.001947 
967 19.245105 0.000000 -4.528713 99.907002 -0.318123 1.271504 0.001687 
968 3.219362 0.000000 -4.528713 100.052762 -0.346839 1.653781 -0.001341 
969 1.438724 0.000000 -4.528713 100.082907 -0.252658 1.506718 -0.001892 
970 3.219362 0.000000 -6.183197 100.032966 0.102453 1.683610 -0.000944 
971 7.670957 0.000000 -2.046988 97.578918 -0.426170 3.611431 0.046513 
972 6.780638 0.000000 -2.046988 97.341487 -0.470550 3.170195 0.051436 
973 7.670957 0.000000 -2.874230 97.941935 -0.713605 2.843000 0.039879 
974 13.012871 0.000000 -2.046988 99.600435 -0.228768 1.651627 0.007697 
975 13.012871 0.000000 -2.874230 99.653266 -0.128423 1.487962 0.006700 
976 13.903191 0.000000 -2.046988 99.686095 -0.260209 1.568077 0.006016 
977 14.793510 0.000000 -2.046988 99.743923 -0.259148 1.524308 0.004876 
978 14.793510 0.000000 -2.874230 99.771177 -0.191020 1.405666 0.004370 
979 15.683829 0.000000 -2.046988 99.802540 -0.328265 1.521386 0.003703 
980 11.677393 0.000000 -0.806125 98.199474 -1.477653 2.134702 0.035012 
981 11.677393 0.000000 -1.219746 98.302478 -0.794760 2.308405 0.033066 
982 12.122552 0.000000 -0.806125 98.417830 -1.407251 1.997519 0.030796 
983 8.116117 0.000000 -0.806125 74.135788 0.450687 7.501668 0.444741 
984 7.670957 0.000000 -0.806125 73.834887 0.520808 3.740978 0.453414 
985 8.116117 0.000000 -1.219746 97.660581 0.172376 5.228181 0.043505 
986 8.783856 0.000000 0.641548 73.398543 3.113123 -15.363871 0.436691 
987 8.783856 0.000000 0.434738 74.460012 2.804849 -10.170202 0.434441 
988 8.783856 0.000000 0.848359 79.183093 3.339435 -14.411271 0.351120 
989 9.785465 0.000000 -0.082288 102.433916 -14.186646 -4.340841 -0.071281 
990 9.785465 0.000000 -0.185694 103.820072 -15.363913 -5.389325 -0.104370 
991 9.896755 0.000000 -0.082288 110.983002 -22.985157 -18.505051 -0.318798 
992 9.618530 0.000000 0.072819 94.079116 -8.437098 -6.193897 0.103957 
993 9.618530 0.000000 0.021117 98.174819 -0.174772 -11.251528 0.023508 
994 9.674175 0.000000 0.072819 97.237170 0.967017 -10.360023 0.043667 
995 9.340305 0.000000 -0.082288 89.869029 12.160570 -5.110447 0.174956 
996 9.229016 0.000000 -0.082288 86.542219 8.259604 0.466079 0.244201 
997 9.340305 0.000000 -0.185694 87.288540 8.482872 -0.949982 0.230785 
998 9.395950 0.000000 0.072819 90.258651 8.842589 -8.621323 0.170086 
999 9.340305 0.000000 0.072819 86.072428 15.668505 -5.651394 0.231410 
1000 9.395950 0.000000 0.021117 98.151211 5.538506 -9.294532 0.024928 
1001 9.535063 0.000000 0.150373 90.570108 -3.330083 -4.058052 0.176950 
1002 9.535063 0.000000 0.124522 91.468311 -4.585381 -4.166746 0.159516 
1003 9.562885 0.000000 0.150373 91.468311 -4.585381 -4.166746 0.159516 
1004 9.423773 0.000000 0.150373 86.049473 1.127726 -8.175490 0.252738 
1005 9.395950 0.000000 0.150373 83.498189 5.480403 -4.165078 0.298067 
1006 9.423773 0.000000 0.124522 88.235305 -1.062454 -7.774183 0.215296 
1007 9.493329 0.000000 0.215002 88.759405 -0.908297 -3.403921 0.210936 
1008 9.493329 0.000000 0.227927 85.977638 0.596748 -7.829579 0.254619 
1009 11.009654 0.000000 -0.185694 97.978760 -8.937566 0.870206 0.031953 
1010 11.009654 0.000000 -0.392504 97.753323 -3.846635 1.253404 0.042792 
1011 11.232233 0.000000 -0.185694 98.163130 -9.531514 1.313351 0.027143 
1012 9.729820 0.000000 0.072819 98.113026 -1.939084 -10.234008 0.026534 
1013 9.729820 0.000000 0.021117 97.863583 -3.658630 -9.581321 0.031753 
1014 9.785465 0.000000 0.072819 100.166796 -5.958224 -17.656649 -0.038064 
1015 9.841110 0.000000 0.072819 110.983002 -22.985157 -18.505051 -0.318798 
1016 9.841110 0.000000 0.021117 110.983002 -22.985157 -18.505051 -0.318798 
1017 9.896755 0.000000 0.072819 110.983002 -22.985157 -18.505051 -0.318798 
1018 9.521151 0.000000 0.189150 89.948133 -2.498193 -3.568263 0.189036 
1019 9.521151 0.000000 0.176225 89.948133 -2.498193 -3.568263 0.189036 
1020 9.535063 0.000000 0.189150 89.948133 -2.498193 -3.568263 0.189036 
1021 9.437684 0.000000 0.189150 84.880190 1.504242 -7.962465 0.272969 
1022 9.423773 0.000000 0.189150 83.818491 3.721006 -4.565181 0.293977 
1023 9.437684 0.000000 0.176225 85.442936 1.053683 -8.497575 0.262619 
1024 8.338696 0.000000 0.227927 70.817384 -1.845805 -29.111582 0.413401 
1025 8.338696 0.000000 0.021117 74.871216 0.182424 5.176563 0.436747 
1026 8.561276 0.000000 0.227927 73.537884 1.711856 -13.029981 0.441947 
1027 4.109681 0.000000 -0.392504 55.729009 0.229346 -0.061173 0.689422 
1028 3.219362 0.000000 -0.392504 57.647905 -0.123175 -1.559284 0.667427 
1029 4.109681 0.000000 -1.219746 100.588980 -1.417205 1.308745 -0.012186 
1030 5.445160 0.000000 0.021117 30.159314 4.592656 -1.062107 0.906820 
1031 5.000000 0.000000 0.021117 17.457663 4.309011 -1.737158 0.967364 
1032 5.445160 0.000000 -0.392504 66.505572 0.762648 1.076545 0.557527 
1033 6.112899 0.000000 0.227927 67.937857 0.873266 -1.533077 0.538133 
1034 5.890319 0.000000 0.227927 69.320222 0.967457 -1.392653 0.519183 
1035 6.112899 0.000000 0.021117 40.939242 2.889630 2.023652 0.831153 
1036 9.590708 0.000000 0.253779 90.603209 -4.050062 -6.394882 0.173376 
1037 9.590708 0.000000 0.227927 90.847597 -4.072119 -5.439694 0.170054 
1038 9.590708 0.000000 0.279630 90.656185 -4.204451 -7.206497 0.171185 
1039 10.063690 0.000000 0.279630 108.851837 -29.111886 -43.776413 -0.461260 
1040 10.063690 0.000000 0.227927 110.983002 -22.985157 -18.505051 -0.318798 
1041 10.063690 0.000000 0.331332 115.949212 -35.478158 -70.660359 -0.969581 
1042 10.008045 0.000000 -0.082288 110.983002 -22.985157 -18.505051 -0.318798 
1043 10.008045 0.000000 -0.185694 110.983002 -22.985157 -18.505051 -0.318798 
1044 10.119335 0.000000 -0.082288 110.983002 -22.985157 -18.505051 -0.318798 
1045 9.952400 0.000000 0.176225 110.983002 -22.985157 -18.505051 -0.318798 
1046 9.952400 0.000000 0.124522 110.983002 -22.985157 -18.505051 -0.318798 
1047 10.008045 0.000000 0.176225 110.983002 -22.985157 -18.505051 -0.318798 
1048 10.675784 0.000000 0.124522 102.021506 -45.822894 26.163370 -0.319265 
1049 10.675784 0.000000 0.021117 98.852611 -23.564126 3.031383 -0.033630 
1050 10.787074 0.000000 0.124522 101.936948 -43.503826 32.319624 -0.332828 
1051 10.675784 0.000000 0.538143 96.314007 12.852520 -2.524064 0.055205 
1052 10.564494 0.000000 0.538143 96.046367 12.958000 -3.103087 0.059756 
1053 10.675784 0.000000 0.641548 96.751953 7.539524 -2.890230 0.057386 
1054 10.397559 0.000000 0.279630 95.850234 76.353429 46.433021 -0.717314 
1055 10.397559 0.000000 0.227927 110.800761 -3.891107 152.302482 -2.548800 
1056 10.397559 0.000000 0.331332 94.382747 49.297568 10.019839 -0.143875 
1057 12.567712 0.000000 -0.806125 99.434592 -1.336756 1.419109 0.010896 
1058 12.567712 0.000000 -1.219746 99.395330 -0.536236 1.483586 0.011808 
1059 13.012871 0.000000 -0.806125 99.530406 -1.404292 1.746918 0.008867 
1060 13.458031 0.000000 -0.806125 99.589244 -1.512833 1.725574 0.007672 
1061 13.458031 0.000000 -1.219746 99.606934 -0.592954 1.775092 0.007496 
1062 13.903191 0.000000 -0.806125 99.651527 -1.547372 1.727363 0.006420 
1063 11.454813 0.000000 -0.185694 98.380505 -10.222121 1.896499 0.021319 
1064 11.454813 0.000000 -0.392504 98.088194 -4.413283 1.441050 0.035715 
1065 11.677393 0.000000 -0.185694 98.605052 -10.723191 2.722738 0.015464 
1066 11.899973 0.000000 -0.185694 98.715761 -11.110985 3.234031 0.012129 
1067 11.899973 0.000000 -0.392504 98.419065 -4.888346 1.780744 0.028662 
1068 12.122552 0.000000 -0.185694 98.792635 -11.267254 3.782227 0.009876 
1069 10.898364 0.000000 0.124522 101.900709 -40.332385 37.394533 -0.340881 
1070 10.898364 0.000000 0.021117 98.989488 -24.841168 6.084858 -0.045303 
1071 11.009654 0.000000 0.124522 102.273142 -36.606615 42.312718 -0.359021 
1072 11.120943 0.000000 0.124522 102.797206 -31.772175 47.361090 -0.381981 
1073 11.120943 0.000000 0.021117 99.519059 -26.170194 10.119527 -0.069133 
1074 11.232233 0.000000 0.124522 102.850157 -25.851319 50.935392 -0.384086 
1075 11.120943 0.000000 0.538143 97.422303 11.278634 -0.865349 0.038094 
1076 11.120943 0.000000 0.641548 97.651962 6.739854 -0.960967 0.041775 
1077 11.343523 0.000000 0.124522 102.711492 -19.563972 53.281588 -0.377133 
1078 11.343523 0.000000 0.021117 99.955419 -26.630070 14.189038 -0.090158 
1079 11.454813 0.000000 0.124522 102.448394 -13.469342 54.172753 -0.361178 
1080 11.566103 0.000000 0.124522 102.052270 -7.748819 53.883537 -0.337815 
1081 11.566103 0.000000 0.021117 100.259723 -26.149767 18.619233 -0.108250 
1082 11.677393 0.000000 0.124522 101.477025 -2.830521 52.737981 -0.308689 
1083 11.566103 0.000000 0.538143 98.098850 10.443918 0.063201 0.026754 
1084 11.677393 0.000000 0.538143 98.188147 10.265753 0.258019 0.025364 
1085 11.566103 0.000000 0.641548 98.243048 6.306940 -0.684716 0.030806 
1086 12.345132 0.000000 -0.185694 99.737817 -11.207416 3.599394 -0.008619 
1087 12.345132 0.000000 -0.392504 99.503481 -4.976862 1.421283 0.007227 
1088 12.567712 0.000000 -0.185694 99.750645 -11.283883 3.865325 -0.009246 
1089 12.790292 0.000000 -0.185694 99.769272 -11.304541 4.655231 -0.010337 
1090 12.790292 0.000000 -0.392504 99.551281 -5.143879 1.805718 0.005982 
1091 13.012871 0.000000 -0.185694 99.756207 -11.295421 5.000744 -0.010389 
1092 11.788683 0.000000 0.124522 100.633278 0.721090 50.891622 -0.271753 
1093 11.788683 0.000000 0.021117 100.166157 -24.593488 22.488262 -0.114382 
1094 11.899973 0.000000 0.124522 99.883691 2.772769 48.819480 -0.236778 
1095 12.011263 0.000000 0.124522 99.492569 3.986279 46.970253 -0.212087 
1096 12.011263 0.000000 0.021117 99.796116 -22.650654 24.578632 -0.107643 
1097 12.122552 0.000000 0.124522 99.300512 4.871942 45.201012 -0.192746 
1098 11.788683 0.000000 0.538143 98.286302 10.155614 0.545030 0.023637 
1099 11.899973 0.000000 0.538143 98.360319 9.943833 0.631502 0.022597 
1100 11.788683 0.000000 0.641548 98.424527 6.192084 -0.454217 0.027406 
1101 12.011263 0.000000 0.538143 98.371469 9.896181 0.959064 0.022420 
1102 12.122552 0.000000 0.538143 98.447476 9.728245 1.096661 0.021225 
1103 12.011263 0.000000 0.641548 98.534766 5.929636 -0.311104 0.025564 
1104 12.233842 0.000000 0.124522 99.167709 5.488014 43.872006 -0.178911 
1105 12.233842 0.000000 0.021117 99.587108 -20.805331 25.742596 -0.101314 
1106 12.345132 0.000000 0.124522 99.968331 6.147834 41.687532 -0.176931 
1107 12.456422 0.000000 0.124522 99.914103 6.378089 40.561738 -0.166876 
1108 12.456422 0.000000 0.021117 100.366058 -19.027945 25.575187 -0.108950 
1109 12.567712 0.000000 0.124522 99.885694 6.658490 39.429686 -0.157619 
1110 12.233842 0.000000 0.538143 98.533105 9.805278 1.072553 0.019393 
1111 12.345132 0.000000 0.538143 99.433106 9.887685 0.689763 0.001482 
1112 12.233842 0.000000 0.641548 98.679644 5.966651 -0.321718 0.022662 
1113 12.456422 0.000000 0.538143 99.448642 9.792187 0.931288 0.001321 
1114 12.567712 0.000000 0.538143 99.467832 9.769031 1.072690 0.000957 
1115 12.456422 0.000000 0.641548 99.583951 5.940156 -0.666990 0.004731 
1116 21.025743 0.000000 -4.528713 99.920783 -0.316907 1.239025 0.001420 
1117 21.025743 0.000000 -6.183197 99.923563 -0.243434 1.345224 0.001341 
1118 22.806381 0.000000 -4.528713 99.935485 -0.331344 1.235380 0.001126 
1119 24.587019 0.000000 -4.528713 99.950147 -0.336815 1.256210 0.000828 
1120 24.587019 0.000000 -6.183197 99.943919 -0.262138 1.337461 0.000936 
1121 26.367657 0.000000 -4.528713 99.961279 -0.337873 1.278646 0.000599 
1122 16.574148 0.000000 -2.046988 99.844386 -0.401600 1.503178 0.002868 
1123 16.574148 0.000000 -2.874230 99.848890 -0.370008 1.358199 0.002822 
1124 17.464467 0.000000 -2.046988 99.878108 -0.416573 1.518709 0.002188 
1125 18.354786 0.000000 -0.392504 99.898468 -4.545749 2.129197 -0.000490 
1126 18.354786 0.000000 -1.219746 99.900467 -0.712537 1.723184 0.001642 
1127 19.245105 0.000000 -0.392504 99.915139 -4.345697 2.090528 -0.000629 
1128 14.348350 0.000000 -0.806125 99.702543 -1.570096 1.718390 0.005398 
1129 14.348350 0.000000 -1.219746 99.696463 -0.644173 1.640149 0.005751 
1130 14.793510 0.000000 -0.806125 99.744772 -1.587885 1.716943 0.004551 
1131 15.238669 0.000000 -0.806125 99.772478 -1.561723 1.720189 0.004005 
1132 15.238669 0.000000 -1.219746 99.770077 -0.654442 1.700713 0.004261 
1133 15.683829 0.000000 -0.806125 99.804699 -1.557383 1.743328 0.003356 
1134 13.235451 0.000000 -0.185694 99.753215 -11.312070 5.288093 -0.010663 
1135 13.235451 0.000000 -0.392504 99.607605 -5.351906 2.055691 0.004546 
1136 13.458031 0.000000 -0.185694 99.751557 -11.303778 5.535939 -0.010880 
1137 13.680611 0.000000 -0.185694 99.764719 -11.235131 5.738336 -0.011216 
1138 13.680611 0.000000 -0.392504 99.660417 -5.446680 2.210781 0.003325 
1139 13.903191 0.000000 -0.185694 99.778455 -11.196137 5.918751 -0.011613 
1140 12.679002 0.000000 0.331332 99.230892 18.044050 6.801805 -0.021862 
1141 12.679002 0.000000 0.227927 99.238795 21.857430 18.949642 -0.068517 
1142 12.679002 0.000000 0.434738 99.344300 13.498092 2.310394 -0.005683 
1143 12.679002 0.000000 0.538143 99.469169 9.766284 1.361577 0.000865 
1144 12.790292 0.000000 0.538143 99.482515 9.781942 1.668131 0.000476 
1145 12.679002 0.000000 0.641548 99.585888 5.879936 -0.322619 0.004797 
1146 12.901582 0.000000 0.538143 99.493377 9.783215 1.899523 0.000175 
1147 13.012871 0.000000 0.538143 99.491119 9.798929 2.027171 0.000139 
1148 12.901582 0.000000 0.641548 99.629035 5.807661 -0.144908 0.004031 
1149 13.124161 0.000000 0.538143 99.501759 9.840655 2.315588 -0.000280 
1150 13.235451 0.000000 0.538143 99.514203 9.833926 2.495355 -0.000601 
1151 13.124161 0.000000 0.641548 99.643318 5.649638 0.017934 0.003929 
1152 13.346741 0.000000 0.538143 99.524270 9.874131 2.667601 -0.000969 
1153 13.346741 0.000000 0.434738 99.448148 13.048422 3.184370 -0.007034 
1154 13.346741 0.000000 0.641548 99.677866 5.483627 0.133346 0.003424 
1155 13.791901 0.000000 0.538143 99.556196 10.589423 3.225469 -0.003398 
1156 13.791901 0.000000 0.434738 99.533932 12.931646 3.424050 -0.008596 
1157 13.791901 0.000000 0.641548 99.741359 5.256674 0.321341 0.002393 
1158 14.125770 0.000000 -0.185694 99.785747 -11.128283 6.064247 -0.011781 
1159 14.125770 0.000000 -0.392504 99.708306 -5.502400 2.315563 0.002262 
1160 14.348350 0.000000 -0.185694 99.779748 -11.022495 6.091609 -0.011460 
1161 14.570930 0.000000 -0.185694 99.742713 -10.939352 6.143113 -0.010602 
1162 14.570930 0.000000 -0.392504 99.742371 -5.491942 2.370044 0.001568 
1163 14.793510 0.000000 -0.185694 99.700469 -10.822032 6.072886 -0.009418 
1164 20.135424 0.000000 -0.392504 99.928153 -4.130696 1.987971 -0.000665 
1165 20.135424 0.000000 -1.219746 99.925169 -0.699960 1.646920 0.001176 
1166 21.025743 0.000000 -0.392504 99.936527 -3.936462 1.915084 -0.000647 
1167 37.051486 0.000000 -9.492164 99.976924 -0.184437 1.538348 0.000221 
1168 37.051486 0.000000 -12.801131 99.974140 -0.097588 1.612009 0.000256 
1169 40.612762 0.000000 -9.492164 99.979468 -0.127666 1.545334 0.000170 
1170 44.174038 0.000000 -9.492164 99.981536 -0.272919 1.547002 0.000122 
1171 44.174038 0.000000 -12.801131 99.979381 -0.208082 1.617011 0.000147 
1172 47.735315 0.000000 -9.492164 99.982929 -0.272571 1.550856 0.000093 
1173 28.148295 0.000000 -4.528713 99.968533 -0.339053 1.292741 0.000451 
1174 28.148295 0.000000 -6.183197 99.964243 -0.267764 1.371308 0.000520 
1175 29.928934 0.000000 -4.528713 99.973319 -0.339398 1.301412 0.000353 
1176 31.709572 0.000000 -4.528713 99.976744 -0.338977 1.308075 0.000282 
1177 31.709572 0.000000 -6.183197 99.973237 -0.269129 1.385986 0.000336 
1178 33.490210 0.000000 -4.528713 99.979357 -0.338356 1.313787 0.000229 
1179 27.257976 0.000000 1.261980 100.037356 2.221582 -1.774090 -0.001556 
1180 27.257976 0.000000 0.434738 99.655153 16.567990 19.937482 -0.060315 
1181 27.257976 0.000000 2.089221 100.012482 -0.095128 -0.161645 -0.000253 
1182 35.270848 0.000000 -4.528713 99.981403 -0.337588 1.318779 0.000187 
1183 35.270848 0.000000 -6.183197 99.978441 -0.268914 1.396754 0.000229 
1184 37.051486 0.000000 -4.528713 99.983250 -0.336623 1.324781 0.000148 
1185 38.832124 0.000000 -4.528713 99.984500 -0.197035 1.341914 0.000126 
1186 38.832124 0.000000 -6.183197 99.982143 -0.173026 1.414796 0.000154 
1187 40.612762 0.000000 -4.528713 99.985475 -0.197036 1.345031 0.000106 
1188 36.161167 0.000000 1.261980 100.039126 3.234337 -1.559295 -0.002072 
1189 36.161167 0.000000 0.434738 99.494441 -6.220055 29.584738 -0.081309 
1190 36.161167 0.000000 2.089221 100.020190 0.019725 -0.413027 -0.000421 
1191 51.296591 0.000000 -9.492164 99.983937 -0.271970 1.554272 0.000072 
1192 51.296591 0.000000 -12.801131 99.982077 -0.208750 1.622067 0.000091 
1193 54.857867 0.000000 -9.492164 99.984680 -0.271194 1.557349 0.000056 
1194 58.419143 0.000000 -9.492164 99.985237 -0.270291 1.560159 0.000045 
1195 58.419143 0.000000 -12.801131 99.983598 -0.208514 1.626086 0.000059 
1196 61.980419 0.000000 -9.492164 99.985661 -0.269297 1.562755 0.000035 
1197 42.393400 0.000000 -4.528713 99.986269 -0.196981 1.347885 0.000089 
1198 42.393400 0.000000 -6.183197 99.984152 -0.172739 1.421386 0.000112 
1199 44.174038 0.000000 -4.528713 99.986922 -0.196880 1.350526 0.000075 
1200 45.954676 0.000000 -4.528713 99.987618 -0.469390 1.345124 0.000045 
1201 45.954676 0.000000 -6.183197 99.985632 -0.383968 1.421810 0.000070 
1202 47.735315 0.000000 -4.528713 99.988065 -0.467923 1.347491 0.000035 
1203 45.064357 0.000000 1.261980 100.057719 17.127956 -2.528735 -0.031131 
1204 45.064357 0.000000 0.434738 99.995356 -1.914406 1.020027 -0.000378 
1205 45.064357 0.000000 2.089221 100.026542 0.706841 -0.718426 -0.000632 
1206 49.515953 0.000000 -4.528713 99.988439 -0.466423 1.349739 0.000027 
1207 49.515953 0.000000 -6.183197 99.986578 -0.381973 1.426933 0.000050 
1208 51.296591 0.000000 -4.528713 99.988754 -0.464895 1.351888 0.000021 
1209 53.077229 0.000000 -4.528713 99.989021 -0.463346 1.353955 0.000015 
1210 53.077229 0.000000 -6.183197 99.987252 -0.379841 1.431593 0.000036 
1211 54.857867 0.000000 -4.528713 99.989248 -0.461778 1.355953 0.000010 
1212 53.967548 0.000000 1.261980 104.944638 -9.559778 -282.459147 -8.088794 
1213 53.967548 0.000000 0.434738 99.988315 -1.721501 1.475614 -0.000280 
1214 53.967548 0.000000 2.089221 100.047213 1.990467 -1.873011 -0.001691 
1215 56.638505 0.000000 -4.528713 99.989441 -0.460197 1.357893 0.000006 
1216 56.638505 0.000000 -6.183197 99.987741 -0.377620 1.435905 0.000025 
1217 58.419143 0.000000 -4.528713 99.989605 -0.458605 1.359784 0.000002 
1218 60.199781 0.000000 -4.528713 99.989746 -0.457004 1.361633 -0.000001 
1219 60.199781 0.000000 -6.183197 99.988101 -0.375341 1.439946 0.000017 
1220 61.980419 0.000000 -4.528713 99.989867 -0.455397 1.363447 -0.000004 
1221 5.890319 0.000000 -2.046988 98.150652 -0.842005 3.367544 0.035440 
1222 5.000000 0.000000 -2.046988 98.423316 -1.318582 3.082891 0.030161 
1223 5.890319 0.000000 -2.874230 98.987166 -0.952415 3.358725 0.018935 
1224 7.225798 0.000000 -0.806125 71.970913 0.173427 0.649532 0.481974 
1225 6.780638 0.000000 -0.806125 70.112133 0.529820 1.460951 0.508187 
1226 7.225798 0.000000 -1.219746 97.488400 -0.560467 3.926343 0.048028 
1227 8.783856 0.000000 0.227927 75.364253 2.161900 -5.229882 0.428820 
1228 8.783856 0.000000 0.021117 76.709142 1.432806 2.823820 0.410568 
1229 9.590708 0.000000 0.202076 91.468311 -4.585381 -4.166746 0.159516 
1230 9.590708 0.000000 0.176225 91.808197 -4.741635 -4.175825 0.153133 
1231 9.618530 0.000000 0.202076 92.055145 -5.382819 -4.619053 0.147554 
1232 4.109681 0.000000 -2.046988 100.072024 -1.498095 1.800992 -0.001990 
1233 3.219362 0.000000 -2.046988 100.349001 -0.212620 1.266604 -0.007157 
1234 4.109681 0.000000 -2.874230 100.541769 -1.600790 2.141795 -0.011580 
1235 6.335479 0.000000 -0.806125 68.916914 -0.306578 1.544906 0.524798 
1236 5.890319 0.000000 -0.806125 68.199847 0.166864 1.272691 0.534713 
1237 6.335479 0.000000 -1.219746 96.931000 -0.848024 3.460332 0.059169 
1238 10.230624 0.000000 -0.082288 111.800216 -14.261733 43.544049 -0.459877 
1239 10.230624 0.000000 -0.185694 98.560383 -5.823096 -2.145189 0.024734 
1240 10.341914 0.000000 -0.082288 98.526713 -10.922020 -1.800170 0.016996 
1241 9.952400 0.000000 0.072819 110.983002 -22.985157 -18.505051 -0.318798 
1242 9.952400 0.000000 0.021117 110.983002 -22.985157 -18.505051 -0.318798 
1243 10.008045 0.000000 0.072819 110.983002 -22.985157 -18.505051 -0.318798 
1244 10.063690 0.000000 0.176225 110.983002 -22.985157 -18.505051 -0.318798 
1245 10.063690 0.000000 0.124522 110.983002 -22.985157 -18.505051 -0.318798 
1246 10.119335 0.000000 0.176225 110.983002 -22.985157 -18.505051 -0.318798 
1247 10.174979 0.000000 0.176225 111.027314 -29.028901 -53.215324 -0.600161 
1248 10.174979 0.000000 0.124522 110.983002 -22.985157 -18.505051 -0.318798 
1249 10.230624 0.000000 0.176225 105.245489 -72.417853 20.915152 -0.675840 
1250 10.453204 0.000000 0.538143 95.764334 13.386754 -3.746823 0.063595 
1251 10.341914 0.000000 0.538143 95.387222 13.893915 -4.152470 0.069099 
1252 10.453204 0.000000 0.641548 96.351992 7.692304 -4.252916 0.063903 
1253 10.453204 0.000000 -0.082288 98.100112 -11.764591 -1.281286 0.023632 
1254 10.453204 0.000000 -0.185694 97.682548 -7.080632 -0.902989 0.040717 
1255 10.564494 0.000000 -0.082288 97.962678 -12.435005 -0.776030 0.024808 
1256 18.354786 0.000000 -2.046988 99.901508 -0.421139 1.520906 0.001720 
1257 18.354786 0.000000 -2.874230 99.904009 -0.362075 1.369831 0.001718 
1258 19.245105 0.000000 -2.046988 99.916663 -0.453759 1.510386 0.001417 
1259 12.679002 0.000000 0.124522 99.854826 6.946866 38.183652 -0.147724 
1260 12.679002 0.000000 0.021117 100.297599 -17.447728 25.809722 -0.103017 
1261 12.790292 0.000000 0.124522 99.813068 7.206451 37.452983 -0.141731 
1262 12.901582 0.000000 0.124522 99.779755 7.254796 36.729309 -0.135767 
1263 12.901582 0.000000 0.021117 100.184413 -16.020645 26.289028 -0.098469 
1264 13.012871 0.000000 0.124522 99.738872 7.390020 35.960431 -0.129561 
1265 13.124161 0.000000 0.124522 99.710782 7.471388 35.296128 -0.124388 
1266 13.124161 0.000000 0.021117 100.078890 -14.845341 26.444462 -0.093548 
1267 13.235451 0.000000 0.124522 99.689289 7.433233 34.622784 -0.119194 
1268 13.346741 0.000000 0.331332 99.376632 16.817426 7.603735 -0.021636 
1269 13.346741 0.000000 0.227927 99.369450 19.397859 18.320114 -0.058619 
1270 13.458031 0.000000 0.331332 99.403740 16.653245 7.671384 -0.021728 
1271 13.569321 0.000000 0.331332 99.430785 16.540445 7.719826 -0.021966 
1272 13.569321 0.000000 0.227927 99.414586 18.841862 18.150361 -0.056771 
1273 13.680611 0.000000 0.331332 99.456143 16.430078 7.798549 -0.022229 
1274 20.135424 0.000000 -2.046988 99.922238 -0.453751 1.439313 0.001327 
1275 20.135424 0.000000 -2.874230 99.920217 -0.401099 1.294935 0.001411 
1276 21.025743 0.000000 -2.046988 99.930097 -0.444451 1.423632 0.001175 
1277 21.916062 0.000000 -0.392504 99.944954 -3.761626 1.893487 -0.000673 
1278 21.916062 0.000000 -1.219746 99.942596 -0.692067 1.641765 0.000830 
1279 22.806381 0.000000 -0.392504 99.951239 -3.589901 1.876249 -0.000666 
1280 23.696700 0.000000 -0.392504 99.956034 -3.431553 1.838106 -0.000636 
1281 23.696700 0.000000 -1.219746 99.953738 -0.674848 1.637857 0.000611 
1282 24.587019 0.000000 -0.392504 99.960165 -3.281619 1.830327 -0.000615 
1283 8.783856 0.000000 -0.185694 77.803994 0.455704 9.880733 0.384870 
1284 8.561276 0.000000 -0.185694 77.061254 0.264742 12.031990 0.391672 
1285 8.783856 0.000000 -0.392504 77.365461 0.262670 13.064079 0.384385 
1286 9.590708 0.000000 0.150373 92.224719 -5.639466 -4.987020 0.143793 
1287 9.590708 0.000000 0.124522 92.523937 -5.884046 -4.848969 0.138119 
1288 9.618530 0.000000 0.150373 92.523937 -5.884046 -4.848969 0.138119 
1289 9.646353 0.000000 0.202076 92.744544 -6.375872 -7.153431 0.130663 
1290 9.646353 0.000000 0.176225 92.830014 -6.070073 -4.878370 0.132194 
1291 9.674175 0.000000 0.202076 94.749613 -2.051314 -11.776874 0.087961 
1292 8.338696 0.000000 -0.185694 75.994535 0.332622 10.200755 0.412066 
1293 8.116117 0.000000 -0.185694 74.911506 0.358020 7.857048 0.432640 
1294 8.338696 0.000000 -0.392504 76.265934 0.379244 10.889697 0.406478 
1295 5.445160 0.000000 -0.806125 65.593871 0.792152 0.876865 0.569605 
1296 5.000000 0.000000 -0.806125 60.544977 1.212345 0.429546 0.633265 
1297 5.445160 0.000000 -1.219746 97.429357 -1.949002 3.402984 0.049214 
1298 9.701998 0.000000 0.202076 96.720263 3.702570 -13.769269 0.044189 
1299 9.701998 0.000000 0.176225 96.905544 2.903302 -13.209516 0.042640 
1300 9.729820 0.000000 0.202076 97.902661 2.694474 -15.108498 0.017954 
1301 10.230624 0.000000 0.538143 95.019170 14.550986 -5.008369 0.073454 
1302 10.119335 0.000000 0.538143 94.568495 14.991053 -6.269990 0.079276 
1303 10.230624 0.000000 0.641548 95.779058 8.369846 -5.341939 0.072778 
1304 10.063690 0.000000 0.072819 110.983002 -22.985157 -18.505051 -0.318798 
1305 10.063690 0.000000 0.021117 110.983002 -22.985157 -18.505051 -0.318798 
1306 10.119335 0.000000 0.072819 110.983002 -22.985157 -18.505051 -0.318798 
1307 10.174979 0.000000 0.072819 110.983002 -22.985157 -18.505051 -0.318798 
1308 10.174979 0.000000 0.021117 110.983002 -22.985157 -18.505051 -0.318798 
1309 10.230624 0.000000 0.072819 120.828329 -41.195758 -81.369757 -1.291761 
1310 10.286269 0.000000 0.176225 105.273967 -73.017767 27.726855 -0.718298 
1311 10.286269 0.000000 0.124522 101.543494 -42.548914 5.381085 -0.215045 
1312 10.341914 0.000000 0.176225 105.529757 -72.698476 35.134187 -0.765601 
1313 10.675784 0.000000 -0.082288 97.987486 -13.060484 -0.028071 0.022788 
1314 10.675784 0.000000 -0.185694 97.646107 -7.829746 -0.127652 0.040392 
1315 10.787074 0.000000 -0.082288 97.999376 -13.479749 0.387709 0.021427 
1316 10.397559 0.000000 0.176225 105.918971 -71.366779 43.062407 -0.816642 
1317 10.397559 0.000000 0.124522 101.387731 -44.998599 10.062597 -0.240560 
1318 10.453204 0.000000 0.176225 106.335362 -68.381811 51.234289 -0.860823 
1319 13.346741 0.000000 0.124522 99.668620 7.454737 34.082967 -0.115106 
1320 13.346741 0.000000 0.021117 99.982439 -13.985846 26.358763 -0.088688 
1321 13.458031 0.000000 0.124522 99.650206 7.417608 33.606973 -0.111461 
1322 13.569321 0.000000 0.124522 99.648361 7.398056 33.151064 -0.108352 
1323 13.569321 0.000000 0.021117 99.925212 -13.268603 26.229063 -0.084907 
1324 13.680611 0.000000 0.124522 99.661378 7.382435 32.769725 -0.106075 
1325 13.791901 0.000000 0.331332 99.479308 16.318792 7.866383 -0.022432 
1326 13.791901 0.000000 0.227927 99.464844 18.390605 18.044157 -0.055706 
1327 13.903191 0.000000 0.331332 99.499756 16.216920 7.924673 -0.022599 
1328 14.014480 0.000000 0.331332 99.517887 16.121302 7.979476 -0.022738 
1329 14.014480 0.000000 0.227927 99.492832 17.988916 17.941603 -0.054433 
1330 14.125770 0.000000 0.331332 99.533557 16.051004 8.048149 -0.022934 
1331 21.916062 0.000000 -2.046988 99.940754 -0.458765 1.435980 0.000957 
1332 21.916062 0.000000 -2.874230 99.941223 -0.410063 1.305146 0.000988 
1333 22.806381 0.000000 -2.046988 99.948133 -0.456093 1.442524 0.000808 
1334 23.696700 0.000000 -2.046988 99.952757 -0.464678 1.428870 0.000719 
1335 23.696700 0.000000 -2.874230 99.950696 -0.420646 1.284310 0.000803 
1336 24.587019 0.000000 -2.046988 99.957710 -0.464431 1.435104 0.000618 
1337 25.477338 0.000000 -0.392504 99.963388 -3.134861 1.819979 -0.000582 
1338 25.477338 0.000000 -1.219746 99.962022 -0.657607 1.653258 0.000443 
1339 26.367657 0.000000 -0.392504 99.966078 -2.998120 1.814475 -0.000550 
1340 27.257976 0.000000 -0.392504 99.968366 -2.869264 1.814154 -0.000520 
1341 27.257976 0.000000 -1.219746 99.967893 -0.640870 1.669860 0.000322 
1342 28.148295 0.000000 -0.392504 99.970198 -2.747152 1.807570 -0.000485 
1343 10.898364 0.000000 -0.082288 98.070624 -13.989168 0.885973 0.018567 
1344 10.898364 0.000000 -0.185694 97.828517 -8.513468 0.462268 0.035689 
1345 11.009654 0.000000 -0.082288 98.330485 -14.754568 1.973978 0.010952 
1 10 13 3 14 
2 11 10 14 9 
3 6 17 15 16 
4 15 11 9 18 
5 16 15 18 4 
6 23 26 10 27 
7 24 23 27 11 
8 1 30 28 29 
9 29 28 17 6 
10 17 33 31 32 
11 31 24 11 34 
12 32 31 34 15 
13 39 42 23 43 
14 40 39 43 24 
15 28 46 44 45 
16 45 44 33 17 
17 33 49 47 48 
18 47 40 24 50 
19 48 47 50 31 
20 55 58 39 59 
21 56 55 59 40 
22 44 62 60 61 
23 61 60 49 33 
24 49 65 63 64 
25 63 56 40 66 
26 64 63 66 47 
27 71 74 55 75 
28 72 71 75 56 
29 60 95 93 94 
30 94 93 65 49 
31 99 100 13 101 
32 26 99 101 10 
33 102 103 26 104 
34 42 102 104 23 
35 105 106 42 107 
36 58 105 107 39 
37 108 109 58 110 
38 74 108 110 55 
39 124 126 108 127 
40 125 124 127 74 
41 141 142 105 143 
42 109 141 143 58 
43 144 145 109 146 
44 126 144 146 108 
45 147 149 126 150 
46 148 147 150 124 
47 156 125 74 158 
48 157 156 158 71 
49 159 148 124 161 
50 160 159 161 125 
51 137 164 162 163 
52 163 162 165 140 
53 7 168 166 167 
54 168 21 169 166 
55 166 169 19 37 
56 167 166 37 20 
57 20 172 170 171 
58 172 37 173 170 
59 170 173 35 53 
60 171 170 53 36 
61 36 176 174 175 
62 176 53 177 174 
63 174 177 51 69 
64 175 174 69 52 
65 69 180 178 179 
66 180 51 181 178 
67 178 181 70 90 
68 179 178 90 67 
69 67 184 182 183 
70 184 90 185 182 
71 182 185 88 113 
72 183 182 113 89 
73 113 188 186 187 
74 188 88 189 186 
75 186 189 114 130 
76 187 186 130 111 
77 111 192 190 191 
78 192 130 193 190 
79 89 201 199 200 
80 201 113 187 199 
81 199 187 111 139 
82 200 199 139 112 
83 139 204 202 203 
84 204 111 191 202 
85 203 202 164 137 
86 164 207 205 206 
87 206 205 208 162 
88 115 155 209 210 
89 155 132 211 209 
90 209 211 147 212 
91 210 209 212 148 
92 213 215 155 216 
93 214 213 216 115 
94 140 165 222 223 
95 165 115 210 222 
96 222 210 148 224 
97 223 222 224 159 
98 162 208 225 226 
99 225 214 115 227 
100 226 225 227 165 
101 205 230 228 229 
102 229 228 231 208 
103 232 234 213 235 
104 233 232 235 214 
105 191 243 241 242 
106 243 190 244 241 
107 241 244 153 196 
108 242 241 196 129 
109 129 247 245 246 
110 247 196 248 245 
111 245 248 194 219 
112 246 245 219 195 
113 195 251 249 250 
114 251 219 252 249 
115 249 252 217 238 
116 250 249 238 218 
117 266 197 267 265 
118 270 220 271 269 
119 269 271 198 272 
120 238 275 273 274 
121 275 217 276 273 
122 273 276 239 277 
123 274 273 277 236 
124 208 231 278 279 
125 278 233 214 280 
126 279 278 280 225 
127 228 283 281 282 
128 282 281 284 231 
129 218 287 285 286 
130 287 238 274 285 
131 286 285 288 237 
132 152 240 289 290 
133 240 221 291 289 
134 289 291 232 292 
135 290 289 292 233 
136 237 288 293 294 
137 288 236 295 293 
138 293 295 240 296 
139 294 293 296 152 
140 285 299 297 298 
141 299 274 300 297 
142 297 300 236 301 
143 298 297 301 288 
144 231 284 302 303 
145 284 152 290 302 
146 302 290 233 304 
147 303 302 304 278 
148 281 307 305 306 
149 307 237 294 305 
150 305 294 152 308 
151 306 305 308 284 
152 65 311 309 310 
153 309 72 56 312 
154 310 309 312 63 
155 313 157 71 316 
156 314 313 316 72 
157 317 160 125 320 
158 318 317 320 156 
159 73 323 321 322 
160 323 136 318 321 
161 321 318 156 324 
162 322 321 324 157 
163 133 327 325 326 
164 136 330 328 329 
165 328 331 317 332 
166 329 328 332 318 
167 93 335 333 334 
168 334 333 311 65 
169 134 341 339 340 
170 341 133 326 339 
171 339 326 136 323 
172 340 339 323 73 
173 326 344 342 343 
174 344 325 345 342 
175 342 345 319 330 
176 343 342 330 136 
177 319 347 346 331 
178 347 57 348 346 
179 346 348 160 349 
180 331 346 349 317 
181 330 352 350 351 
182 352 319 353 350 
183 350 353 331 354 
184 351 350 354 328 
185 355 322 157 358 
186 356 355 358 313 
187 336 361 359 360 
188 361 134 340 359 
189 364 73 365 362 
190 362 365 322 366 
191 363 362 366 355 
192 311 369 367 368 
193 369 5 314 367 
194 367 314 72 370 
195 368 367 370 309 
196 5 373 371 372 
197 373 315 356 371 
198 371 356 313 374 
199 372 371 374 314 
200 315 377 375 376 
201 377 357 363 375 
202 375 363 355 378 
203 376 375 378 356 
204 359 381 379 380 
205 381 340 382 379 
206 379 382 73 364 
207 380 379 364 357 
208 357 385 383 384 
209 385 364 386 383 
210 383 386 362 387 
211 384 383 387 363 
212 388 389 132 390 
213 215 388 390 155 
214 391 392 215 393 
215 234 391 393 213 
216 221 272 394 291 
217 272 198 395 394 
218 394 395 234 396 
219 291 394 396 232 
220 239 399 397 398 
221 399 269 400 397 
222 397 400 272 401 
223 398 397 401 221 
224 403 264 404 402 
225 402 404 388 405 
226 392 402 405 215 
227 268 408 406 407 
228 408 151 409 406 
229 406 409 392 410 
230 407 406 410 391 
231 197 412 411 267 
232 412 261 413 411 
233 411 413 264 403 
234 151 415 414 409 
235 415 403 416 414 
236 414 416 402 417 
237 409 414 417 392 
238 418 419 144 420 
239 149 418 420 126 
240 132 260 421 211 
241 421 422 149 423 
242 211 421 423 147 
243 424 426 260 427 
244 389 424 427 132 
245 264 429 428 404 
246 428 430 389 431 
247 404 428 431 388 
248 130 433 432 193 
249 433 114 434 432 
250 261 439 438 413 
251 439 263 440 438 
252 438 440 154 429 
253 413 438 429 264 
254 154 442 441 430 
255 442 425 443 441 
256 441 443 424 444 
257 430 441 444 389 
258 429 447 445 446 
259 447 154 448 445 
260 445 448 430 449 
261 446 445 449 428 
262 454 456 92 457 
263 426 454 457 260 
264 459 131 460 458 
265 257 463 461 462 
266 463 455 464 461 
267 461 464 454 465 
268 462 461 465 426 
269 466 467 418 468 
270 422 466 468 149 
271 469 471 453 472 
272 456 469 472 92 
273 455 474 473 464 
274 474 259 475 473 
275 473 475 456 476 
276 464 473 476 454 
277 90 478 477 185 
278 478 70 479 477 
279 477 479 91 121 
280 185 477 121 88 
281 88 481 480 189 
282 481 121 482 480 
283 480 482 120 254 
284 189 480 254 114 
285 114 484 483 434 
286 484 254 485 483 
287 131 487 486 460 
288 487 451 488 486 
289 486 488 450 470 
290 450 502 501 471 
291 502 452 503 501 
292 501 503 256 504 
293 471 501 504 453 
294 470 507 505 506 
295 507 450 508 505 
296 505 508 471 509 
297 506 505 509 469 
298 510 511 141 512 
299 145 510 512 109 
300 513 514 145 515 
301 419 513 515 144 
302 516 517 419 518 
303 467 516 518 418 
304 452 520 519 503 
305 520 497 521 519 
306 519 521 500 522 
307 256 522 523 524 
308 522 500 525 523 
309 523 525 516 526 
310 524 523 526 467 
311 503 529 527 528 
312 529 519 530 527 
313 527 530 522 531 
314 528 527 531 256 
315 497 537 536 521 
316 537 499 538 536 
317 536 538 123 539 
318 521 536 539 500 
319 540 541 513 542 
320 517 540 542 419 
321 499 544 543 538 
322 544 532 545 543 
323 538 543 546 123 
324 532 556 555 545 
325 556 534 557 555 
326 555 557 496 558 
327 545 555 558 535 
328 123 546 559 560 
329 546 535 561 559 
330 559 561 540 562 
331 560 559 562 517 
332 543 565 563 564 
333 565 545 566 563 
334 563 566 535 567 
335 564 563 567 546 
336 568 569 510 570 
337 514 568 570 145 
338 571 572 514 573 
339 541 571 573 513 
340 534 575 574 557 
341 575 551 576 574 
342 574 576 554 577 
343 557 574 577 496 
344 551 583 582 576 
345 583 553 584 582 
346 582 584 41 585 
347 576 582 585 554 
348 586 587 568 588 
349 572 586 588 514 
350 553 590 589 584 
351 590 578 591 589 
352 589 591 581 592 
353 584 589 592 41 
354 578 614 613 591 
355 614 580 615 613 
356 613 615 550 616 
357 591 613 616 581 
358 617 618 102 619 
359 106 617 619 42 
360 620 621 106 622 
361 142 620 622 105 
362 623 624 142 625 
363 511 623 625 141 
364 626 627 511 628 
365 569 626 628 510 
366 633 634 569 635 
367 587 633 635 568 
368 609 638 636 637 
369 638 611 639 636 
370 636 639 492 640 
371 637 636 640 612 
372 641 642 626 643 
373 634 641 643 569 
374 611 645 644 639 
375 645 629 646 644 
376 644 646 632 647 
377 639 644 647 492 
378 648 650 623 651 
379 627 648 651 511 
380 652 654 627 655 
381 642 652 655 626 
382 660 607 661 659 
383 608 664 662 663 
384 664 653 665 662 
385 662 665 652 666 
386 663 662 666 642 
387 667 669 648 670 
388 654 667 670 627 
389 607 672 671 661 
390 672 656 673 671 
391 671 673 649 668 
392 119 676 674 675 
393 676 668 677 674 
394 674 677 667 678 
395 675 674 678 654 
396 87 680 679 624 
397 680 600 681 679 
398 679 681 620 682 
399 624 679 682 142 
400 604 684 683 650 
401 684 87 685 683 
402 683 685 624 686 
403 650 683 686 623 
404 688 604 689 687 
405 687 689 650 690 
406 669 687 690 648 
407 668 692 691 677 
408 692 649 693 691 
409 691 693 669 694 
410 677 691 694 667 
411 118 696 695 603 
412 696 597 697 695 
413 695 697 600 680 
414 603 695 680 87 
415 601 699 698 658 
416 699 603 700 698 
417 698 700 87 684 
418 658 698 684 604 
419 656 702 701 673 
420 702 658 703 701 
421 701 703 604 688 
422 673 701 688 649 
423 649 705 704 693 
424 705 688 706 704 
425 704 706 687 707 
426 693 704 707 669 
427 708 710 617 711 
428 621 708 711 106 
429 600 713 712 681 
430 713 25 714 712 
431 712 714 621 715 
432 681 712 715 620 
433 25 720 719 714 
434 720 709 721 719 
435 719 721 708 722 
436 714 719 722 621 
437 723 725 99 726 
438 103 723 726 26 
439 727 729 103 730 
440 618 727 730 102 
441 731 733 618 734 
442 710 731 734 617 
443 709 736 735 721 
444 736 596 737 735 
445 735 737 710 738 
446 721 735 738 708 
447 746 595 747 745 
448 596 749 748 737 
449 749 732 750 748 
450 748 750 731 751 
451 737 748 751 710 
452 752 754 727 755 
453 733 752 755 618 
454 732 757 756 750 
455 757 83 758 756 
456 756 758 733 759 
457 750 756 759 731 
458 595 761 760 747 
459 761 742 762 760 
460 760 762 728 753 
461 763 765 723 766 
462 729 763 766 103 
463 767 769 729 770 
464 754 767 770 727 
465 753 773 771 772 
466 773 728 774 771 
467 771 774 754 775 
468 772 771 775 752 
469 742 780 779 762 
470 780 744 781 779 
471 779 781 12 768 
472 762 779 768 728 
473 728 783 782 774 
474 783 768 784 782 
475 782 784 767 785 
476 774 782 785 754 
477 786 788 763 789 
478 769 786 789 729 
479 768 791 790 784 
480 791 12 792 790 
481 790 792 769 793 
482 784 790 793 767 
483 744 795 794 781 
484 795 776 796 794 
485 794 796 764 787 
486 781 794 787 12 
487 12 798 797 792 
488 798 787 799 797 
489 797 799 786 800 
490 792 797 800 769 
491 801 803 100 804 
492 725 801 804 99 
493 805 807 725 808 
494 765 805 808 723 
495 809 811 765 812 
496 788 809 812 763 
497 776 820 819 796 
498 820 778 821 819 
499 819 821 724 810 
500 796 819 810 764 
501 764 824 822 823 
502 824 810 825 822 
503 822 825 809 826 
504 823 822 826 788 
505 827 829 805 830 
506 811 827 830 765 
507 810 832 831 825 
508 832 724 833 831 
509 831 833 811 834 
510 825 831 834 809 
511 778 836 835 821 
512 836 816 837 835 
513 835 837 806 828 
514 821 835 828 724 
515 724 839 838 833 
516 839 828 840 838 
517 838 840 827 841 
518 833 838 841 811 
519 842 844 801 845 
520 807 842 845 725 
521 846 848 807 849 
522 829 846 849 805 
523 828 851 850 840 
524 851 806 852 850 
525 850 852 829 853 
526 840 850 853 827 
527 816 858 857 837 
528 858 818 859 857 
529 857 859 79 847 
530 837 857 847 806 
531 860 862 842 863 
532 848 860 863 807 
533 847 866 864 865 
534 866 79 867 864 
535 864 867 848 868 
536 865 864 868 846 
537 818 870 869 859 
538 870 854 871 869 
539 869 871 843 861 
540 859 869 861 79 
541 79 873 872 867 
542 873 861 874 872 
543 872 874 860 875 
544 867 872 875 848 
545 876 878 803 879 
546 844 876 879 801 
547 880 882 844 883 
548 862 880 883 842 
549 861 885 884 874 
550 885 843 886 884 
551 884 886 862 887 
552 874 884 887 860 
553 854 892 891 871 
554 892 856 893 891 
555 891 893 802 881 
556 871 891 881 843 
557 843 895 894 886 
558 895 881 896 894 
559 894 896 880 897 
560 886 894 897 862 
561 898 900 876 901 
562 882 898 901 844 
563 856 903 902 893 
564 903 888 904 902 
565 902 904 877 899 
566 893 902 899 802 
567 802 907 905 906 
568 907 899 908 905 
569 905 908 898 909 
570 906 905 909 882 
571 910 912 878 913 
572 900 910 913 876 
573 899 915 914 908 
574 915 877 916 914 
575 914 916 900 917 
576 908 914 917 898 
577 888 919 918 904 
578 919 890 920 918 
579 918 920 8 911 
580 904 918 911 877 
581 877 922 921 916 
582 922 911 923 921 
583 921 923 910 924 
584 916 921 924 900 
585 911 926 925 923 
586 926 8 927 925 
587 925 927 912 928 
588 923 925 928 910 
589 21 930 929 169 
590 930 2 931 929 
591 929 931 22 77 
592 169 929 77 19 
593 30 934 932 933 
594 934 7 167 932 
595 932 167 20 46 
596 933 932 46 28 
597 37 936 935 173 
598 936 19 937 935 
599 935 937 38 81 
600 173 935 81 35 
601 46 940 938 939 
602 940 20 171 938 
603 938 171 36 62 
604 939 938 62 44 
605 53 942 941 177 
606 942 35 943 941 
607 941 943 54 85 
608 177 941 85 51 
609 62 946 944 945 
610 946 36 175 944 
611 944 175 52 95 
612 945 944 95 60 
613 52 949 947 948 
614 949 69 179 947 
615 947 179 67 98 
616 948 947 98 68 
617 19 951 950 937 
618 951 77 952 950 
619 950 952 76 740 
620 937 950 740 38 
621 77 954 953 952 
622 954 22 955 953 
623 953 955 78 814 
624 952 953 814 76 
625 35 957 956 943 
626 957 81 958 956 
627 956 958 80 594 
628 943 956 594 54 
629 81 960 959 958 
630 960 38 961 959 
631 959 961 82 743 
632 958 959 743 80 
633 51 963 962 181 
634 963 85 964 962 
635 962 964 84 117 
636 181 962 117 70 
637 85 966 965 964 
638 966 54 967 965 
639 965 967 86 598 
640 964 965 598 84 
641 95 970 968 969 
642 970 52 948 968 
643 968 948 68 335 
644 969 968 335 93 
645 98 973 971 972 
646 973 67 183 971 
647 971 183 89 135 
648 972 971 135 96 
649 70 975 974 479 
650 975 117 976 974 
651 974 976 116 490 
652 479 974 490 91 
653 117 978 977 976 
654 978 84 979 977 
655 977 979 118 602 
656 976 977 602 116 
657 121 981 980 482 
658 981 91 982 980 
659 980 982 122 494 
660 482 980 494 120 
661 135 985 983 984 
662 985 89 200 983 
663 983 200 112 327 
664 984 983 327 133 
665 57 987 986 348 
666 987 140 223 986 
667 986 223 159 988 
668 348 986 988 160 
669 190 990 989 244 
670 990 193 991 989 
671 989 991 128 262 
672 244 989 262 153 
673 196 993 992 248 
674 993 153 994 992 
675 992 994 197 266 
676 248 992 266 194 
677 202 997 995 996 
678 997 191 242 995 
679 995 242 129 207 
680 996 995 207 164 
681 207 1000 998 999 
682 1000 129 246 998 
683 998 246 195 230 
684 999 998 230 205 
685 219 1002 1001 252 
686 1002 194 1003 1001 
687 1001 1003 220 270 
688 252 1001 270 217 
689 230 1006 1004 1005 
690 1006 195 250 1004 
691 1004 250 218 283 
692 1005 1004 283 228 
693 236 277 1007 295 
694 277 239 398 1007 
695 1007 398 221 1008 
696 295 1007 1008 240 
697 254 1010 1009 485 
698 1010 120 1011 1009 
699 1009 1011 255 498 
700 153 1013 1012 994 
701 1013 262 1014 1012 
702 1012 1014 261 412 
703 994 1012 412 197 
704 262 1016 1015 1014 
705 1016 128 1017 1015 
706 1015 1017 263 439 
707 1014 1015 439 261 
708 217 1019 1018 276 
709 1019 270 1020 1018 
710 1018 1020 269 399 
711 276 1018 399 239 
712 283 1023 1021 1022 
713 1023 218 286 1021 
714 1021 286 237 307 
715 1022 1021 307 281 
716 325 1025 1024 345 
717 1025 138 1026 1024 
718 1024 1026 57 347 
719 345 1024 347 319 
720 333 1029 1027 1028 
721 1029 97 337 1027 
722 1027 337 5 369 
723 1028 1027 369 311 
724 337 1032 1030 1031 
725 1032 336 360 1030 
726 1030 360 315 373 
727 1031 1030 373 5 
728 360 1035 1033 1034 
729 1035 359 380 1033 
730 1033 380 357 377 
731 1034 1033 377 315 
732 198 1037 1036 395 
733 1037 268 407 1036 
734 1036 407 391 1038 
735 395 1036 1038 234 
736 425 1040 1039 443 
737 1040 257 462 1039 
738 1039 462 426 1041 
739 443 1039 1041 424 
740 193 1043 1042 991 
741 1043 432 1044 1042 
742 1042 1044 258 436 
743 991 1042 436 128 
744 263 1046 1045 440 
745 1046 435 1047 1045 
746 1045 1047 425 442 
747 440 1045 442 154 
748 451 1049 1048 488 
749 1049 253 1050 1048 
750 1048 1050 452 502 
751 488 1048 502 450 
752 453 504 1051 1052 
753 504 256 524 1051 
754 1051 524 467 1053 
755 1052 1051 1053 466 
756 259 1055 1054 475 
757 1055 470 506 1054 
758 1054 506 469 1056 
759 475 1054 1056 456 
760 91 1058 1057 982 
761 1058 490 1059 1057 
762 1057 1059 489 548 
763 982 1057 548 122 
764 490 1061 1060 1059 
765 1061 116 1062 1060 
766 1060 1062 491 606 
767 1059 1060 606 489 
768 120 1064 1063 1011 
769 1064 494 1065 1063 
770 1063 1065 493 533 
771 1011 1063 533 255 
772 494 1067 1066 1065 
773 1067 122 1068 1066 
774 1066 1068 495 552 
775 1065 1066 552 493 
776 253 1070 1069 1050 
777 1070 498 1071 1069 
778 1069 1071 497 520 
779 1050 1069 520 452 
780 498 1073 1072 1071 
781 1073 255 1074 1072 
782 1072 1074 499 537 
783 1071 1072 537 497 
784 500 539 1075 525 
785 539 123 560 1075 
786 1075 560 517 1076 
787 525 1075 1076 516 
788 255 1078 1077 1074 
789 1078 533 1079 1077 
790 1077 1079 532 544 
791 1074 1077 544 499 
792 533 1081 1080 1079 
793 1081 493 1082 1080 
794 1080 1082 534 556 
795 1079 1080 556 532 
796 535 558 1083 561 
797 558 496 1084 1083 
798 1083 1084 541 1085 
799 561 1083 1085 540 
800 122 1087 1086 1068 
801 1087 548 1088 1086 
802 1086 1088 547 579 
803 1068 1086 579 495 
804 548 1090 1089 1088 
805 1090 489 1091 1089 
806 1089 1091 549 610 
807 1088 1089 610 547 
808 493 1093 1092 1082 
809 1093 552 1094 1092 
810 1092 1094 551 575 
811 1082 1092 575 534 
812 552 1096 1095 1094 
813 1096 495 1097 1095 
814 1095 1097 553 583 
815 1094 1095 583 551 
816 496 577 1098 1084 
817 577 554 1099 1098 
818 1098 1099 571 1100 
819 1084 1098 1100 541 
820 554 585 1101 1099 
821 585 41 1102 1101 
822 1101 1102 572 1103 
823 1099 1101 1103 571 
824 495 1105 1104 1097 
825 1105 579 1106 1104 
826 1104 1106 578 590 
827 1097 1104 590 553 
828 579 1108 1107 1106 
829 1108 547 1109 1107 
830 1107 1109 580 614 
831 1106 1107 614 578 
832 41 592 1110 1102 
833 592 581 1111 1110 
834 1110 1111 586 1112 
835 1102 1110 1112 572 
836 581 616 1113 1111 
837 616 550 1114 1113 
838 1113 1114 587 1115 
839 1111 1113 1115 586 
840 54 1117 1116 967 
841 1117 594 1118 1116 
842 1116 1118 593 717 
843 967 1116 717 86 
844 594 1120 1119 1118 
845 1120 80 1121 1119 
846 1119 1121 595 746 
847 1118 1119 746 593 
848 84 1123 1122 979 
849 1123 598 1124 1122 
850 1122 1124 597 696 
851 979 1122 696 118 
852 597 1126 1125 697 
853 1126 599 1127 1125 
854 1125 1127 25 713 
855 697 1125 713 600 
856 116 1129 1128 1062 
857 1129 602 1130 1128 
858 1128 1130 601 657 
859 1062 1128 657 491 
860 602 1132 1131 1130 
861 1132 118 1133 1131 
862 1131 1133 603 699 
863 1130 1131 699 601 
864 489 1135 1134 1091 
865 1135 606 1136 1134 
866 1134 1136 605 630 
867 1091 1134 630 549 
868 606 1138 1137 1136 
869 1138 491 1139 1137 
870 1137 1139 607 660 
871 1136 1137 660 605 
872 580 1141 1140 615 
873 1141 609 637 1140 
874 1140 637 612 1142 
875 615 1140 1142 550 
876 550 1142 1143 1114 
877 1142 612 1144 1143 
878 1143 1144 633 1145 
879 1114 1143 1145 587 
880 612 640 1146 1144 
881 640 492 1147 1146 
882 1146 1147 634 1148 
883 1144 1146 1148 633 
884 492 647 1149 1147 
885 647 632 1150 1149 
886 1149 1150 641 1151 
887 1147 1149 1151 634 
888 632 1153 1152 1150 
889 1153 608 663 1152 
890 1152 663 642 1154 
891 1150 1152 1154 641 
892 653 1156 1155 665 
893 1156 119 675 1155 
894 1155 675 654 1157 
895 665 1155 1157 652 
896 491 1159 1158 1139 
897 1159 657 1160 1158 
898 1158 1160 656 672 
899 1139 1158 672 607 
900 657 1162 1161 1160 
901 1162 601 1163 1161 
902 1161 1163 658 702 
903 1160 1161 702 656 
904 599 1165 1164 1127 
905 1165 716 1166 1164 
906 1164 1166 709 720 
907 1127 1164 720 25 
908 38 1168 1167 961 
909 1168 740 1169 1167 
910 1167 1169 739 777 
911 961 1167 777 82 
912 740 1171 1170 1169 
913 1171 76 1172 1170 
914 1170 1172 741 817 
915 1169 1170 817 739 
916 80 1174 1173 1121 
917 1174 743 1175 1173 
918 1173 1175 742 761 
919 1121 1173 761 595 
920 743 1177 1176 1175 
921 1177 82 1178 1176 
922 1176 1178 744 780 
923 1175 1176 780 742 
924 83 1180 1179 758 
925 1180 753 772 1179 
926 1179 772 752 1181 
927 758 1179 1181 733 
928 82 1183 1182 1178 
929 1183 777 1184 1182 
930 1182 1184 776 795 
931 1178 1182 795 744 
932 777 1186 1185 1184 
933 1186 739 1187 1185 
934 1185 1187 778 820 
935 1184 1185 820 776 
936 787 1189 1188 799 
937 1189 764 823 1188 
938 1188 823 788 1190 
939 799 1188 1190 786 
940 76 1192 1191 1172 
941 1192 814 1193 1191 
942 1191 1193 813 855 
943 1172 1191 855 741 
944 814 1195 1194 1193 
945 1195 78 1196 1194 
946 1194 1196 815 889 
947 1193 1194 889 813 
948 739 1198 1197 1187 
949 1198 817 1199 1197 
950 1197 1199 816 836 
951 1187 1197 836 778 
952 817 1201 1200 1199 
953 1201 741 1202 1200 
954 1200 1202 818 858 
955 1199 1200 858 816 
956 806 1204 1203 852 
957 1204 847 865 1203 
958 1203 865 846 1205 
959 852 1203 1205 829 
960 741 1207 1206 1202 
961 1207 855 1208 1206 
962 1206 1208 854 870 
963 1202 1206 870 818 
964 855 1210 1209 1208 
965 1210 813 1211 1209 
966 1209 1211 856 892 
967 1208 1209 892 854 
968 881 1213 1212 896 
969 1213 802 906 1212 
970 1212 906 882 1214 
971 896 1212 1214 880 
972 813 1216 1215 1211 
973 1216 889 1217 1215 
974 1215 1217 888 903 
975 1211 1215 903 856 
976 889 1219 1218 1217 
977 1219 815 1220 1218 
978 1218 1220 890 919 
979 1217 1218 919 888 
980 68 1223 1221 1222 
981 1223 98 972 1221 
982 1221 972 96 338 
983 1222 1221 338 97 
984 96 1226 1224 1225 
985 1226 135 984 1224 
986 1224 984 133 341 
987 1225 1224 341 134 
988 138 1228 1227 1026 
989 1228 137 163 1227 
990 1227 163 140 987 
991 1026 1227 987 57 
992 220 1230 1229 271 
993 1230 265 1231 1229 
994 1229 1231 268 1037 
995 271 1229 1037 198 
996 335 1234 1232 1233 
997 1234 68 1222 1232 
998 1232 1222 97 1029 
999 1233 1232 1029 333 
1000 338 1237 1235 1236 
1001 1237 96 1225 1235 
1002 1235 1225 134 361 
1003 1236 1235 361 336 
1004 432 1239 1238 1044 
1005 1239 434 1240 1238 
1006 1238 1240 131 459 
1007 1044 1238 459 258 
1008 128 1242 1241 1017 
1009 1242 436 1243 1241 
1010 1241 1243 435 1046 
1011 1017 1241 1046 263 
1012 435 1245 1244 1047 
1013 1245 437 1246 1244 
1014 1244 1246 257 1040 
1015 1047 1244 1040 425 
1016 437 1248 1247 1246 
1017 1248 458 1249 1247 
1018 1247 1249 455 463 
1019 1246 1247 463 257 
1020 92 472 1250 1251 
1021 472 453 1052 1250 
1022 1250 1052 466 1252 
1023 1251 1250 1252 422 
1024 434 1254 1253 1240 
1025 1254 483 1255 1253 
1026 1253 1255 451 487 
1027 1240 1253 487 131 
1028 598 1257 1256 1124 
1029 1257 86 1258 1256 
1030 1256 1258 599 1126 
1031 1124 1256 1126 597 
1032 547 1260 1259 1109 
1033 1260 610 1261 1259 
1034 1259 1261 609 1141 
1035 1109 1259 1141 580 
1036 610 1263 1262 1261 
1037 1263 549 1264 1262 
1038 1262 1264 611 638 
1039 1261 1262 638 609 
1040 549 1266 1265 1264 
1041 1266 630 1267 1265 
1042 1265 1267 629 645 
1043 1264 1265 645 611 
1044 629 1269 1268 646 
1045 1269 631 1270 1268 
1046 1268 1270 608 1153 
1047 646 1268 1153 632 
1048 631 1272 1271 1270 
1049 1272 659 1273 1271 
1050 1271 1273 653 664 
1051 1270 1271 664 608 
1052 86 1275 1274 1258 
1053 1275 717 1276 1274 
1054 1274 1276 716 1165 
1055 1258 1274 1165 599 
1056 716 1278 1277 1166 
1057 1278 718 1279 1277 
1058 1277 1279 596 736 
1059 1166 1277 736 709 
1060 718 1281 1280 1279 
1061 1281 745 1282 1280 
1062 1280 1282 732 749 
1063 1279 1280 749 596 
1064 112 1285 1283 1284 
1065 1285 139 203 1283 
1066 1283 203 137 1228 
1067 1284 1283 1228 138 
1068 194 1287 1286 1003 
1069 1287 266 1288 1286 
1070 1286 1288 265 1230 
1071 1003 1286 1230 220 
1072 265 1290 1289 1231 
1073 1290 267 1291 1289 
1074 1289 1291 151 408 
1075 1231 1289 408 268 
1076 327 1294 1292 1293 
1077 1294 112 1284 1292 
1078 1292 1284 138 1025 
1079 1293 1292 1025 325 
1080 97 1297 1295 1296 
1081 1297 338 1236 1295 
1082 1295 1236 336 1032 
1083 1296 1295 1032 337 
1084 267 1299 1298 1291 
1085 1299 411 1300 1298 
1086 1298 1300 403 415 
1087 1291 1298 415 151 
1088 260 457 1301 1302 
1089 457 92 1251 1301 
1090 1301 1251 422 1303 
1091 1302 1301 1303 421 
1092 436 1305 1304 1243 
1093 1305 258 1306 1304 
1094 1304 1306 437 1245 
1095 1243 1304 1245 435 
1096 258 1308 1307 1306 
1097 1308 459 1309 1307 
1098 1307 1309 458 1248 
1099 1306 1307 1248 437 
1100 458 1311 1310 1249 
1101 1311 460 1312 1310 
1102 1310 1312 259 474 
1103 1249 1310 474 455 
1104 483 1314 1313 1255 
1105 1314 485 1315 1313 
1106 1313 1315 253 1049 
1107 1255 1313 1049 451 
1108 460 1317 1316 1312 
1109 1317 486 1318 1316 
1110 1316 1318 470 1055 
1111 1312 1316 1055 259 
1112 630 1320 1319 1267 
1113 1320 605 1321 1319 
1114 1319 1321 631 1269 
1115 1267 1319 1269 629 
1116 605 1323 1322 1321 
1117 1323 660 1324 1322 
1118 1322 1324 659 1272 
1119 1321 1322 1272 631 
1120 659 1326 1325 1273 
1121 1326 661 1327 1325 
1122 1325 1327 119 1156 
1123 1273 1325 1156 653 
1124 661 1329 1328 1327 
1125 1329 671 1330 1328 
1126 1328 1330 668 676 
1127 1327 1328 676 119 
1128 717 1332 1331 1276 
1129 1332 593 1333 1331 
1130 1331 1333 718 1278 
1131 1276 1331 1278 716 
1132 593 1335 1334 1333 
1133 1335 746 1336 1334 
1134 1334 1336 745 1281 
1135 1333 1334 1281 718 
1136 745 1338 1337 1282 
1137 1338 747 1339 1337 
1138 1337 1339 83 757 
1139 1282 1337 757 732 
1140 747 1341 1340 1339 
1141 1341 760 1342 1340 
1142 1340 1342 753 1180 
1143 1339 1340 1180 83 
1144 485 1344 1343 1315 
1145 1344 1009 1345 1343 
1146 1343 1345 498 1070 
1147 1315 1343 1070 253 
