2 0.000000 100.000000 5791.461216
1624 1414 
1 -51.980419 0.000000 -52.508739 99.372199 -0.009575 11.148821 0.000087 
2 61.980419 0.000000 -52.508739 99.373459 -0.071282 11.124408 0.000116 
3 61.980419 0.000000 53.378214 99.385017 0.096156 11.112832 -0.000089 
4 -51.980419 0.000000 53.378214 99.381925 0.013443 11.148838 -0.000106 
5 5.000000 0.000000 0.434738 68.792246 0.649374 0.243386 0.526715 
6 -51.980419 0.000000 0.434738 99.376835 0.001577 11.154620 -0.000018 
7 5.000000 0.000000 -52.508739 99.362380 -0.027799 11.135522 0.000312 
8 61.980419 0.000000 0.434738 99.534357 -0.821609 9.722757 -0.000230 
9 5.000000 0.000000 53.378214 99.394196 0.034478 11.133359 -0.000316 
10 33.490210 0.000000 26.906476 99.409013 0.207962 11.015609 -0.000354 
11 5.000000 0.000000 26.906476 99.450920 0.073229 11.096491 -0.001362 
12 33.490210 0.000000 0.434738 99.700350 -1.067862 8.151558 -0.000775 
13 61.980419 0.000000 26.906476 99.398838 0.165878 10.980846 -0.000074 
14 33.490210 0.000000 53.378214 99.390259 0.054749 11.118932 -0.000206 
15 -23.490210 0.000000 26.906476 99.396260 0.027087 11.154828 -0.000405 
16 -51.980419 0.000000 26.906476 99.381524 0.009791 11.152230 -0.000106 
17 -23.490210 0.000000 0.434738 99.374588 0.004347 11.177395 -0.000024 
18 -23.490210 0.000000 53.378214 99.388033 0.025148 11.146016 -0.000222 
19 33.490210 0.000000 -26.037001 99.362705 -0.158393 11.055979 0.000479 
20 5.000000 0.000000 -26.037001 99.314712 -0.058996 11.102605 0.001332 
21 33.490210 0.000000 -52.508739 99.367433 -0.043408 11.125243 0.000234 
22 61.980419 0.000000 -26.037001 99.378656 -0.105587 11.072396 0.000127 
23 19.245105 0.000000 13.670607 99.520900 0.294552 10.654992 -0.001803 
24 5.000000 0.000000 13.670607 99.677636 -0.050552 10.979043 -0.005617 
25 19.245105 0.000000 0.434738 99.772900 -6.638387 6.973544 -0.004733 
26 33.490210 0.000000 13.670607 99.456273 0.394130 10.573994 -0.000351 
27 19.245105 0.000000 26.906476 99.435900 0.124276 11.036920 -0.000933 
28 -23.490210 0.000000 -26.037001 99.358699 -0.019035 11.153498 0.000345 
29 -51.980419 0.000000 -26.037001 99.372433 -0.005537 11.152030 0.000075 
30 -23.490210 0.000000 -52.508739 99.366907 -0.019460 11.146230 0.000198 
31 -9.245105 0.000000 13.670607 99.450681 0.038058 11.186074 -0.001557 
32 -23.490210 0.000000 13.670607 99.392963 0.018868 11.166534 -0.000365 
33 -9.245105 0.000000 0.434738 99.336185 -0.005072 11.255450 0.000564 
34 -9.245105 0.000000 26.906476 99.420807 0.047055 11.144924 -0.000871 
35 19.245105 0.000000 -12.801131 99.290130 -0.249728 10.767334 0.002547 
36 5.000000 0.000000 -12.801131 99.231152 -0.086534 10.998203 0.003221 
37 19.245105 0.000000 -26.037001 99.333790 -0.100021 11.058982 0.001049 
38 33.490210 0.000000 -12.801131 99.378686 -0.287039 10.842522 0.000623 
39 12.122552 0.000000 7.052672 99.645604 0.141083 9.891455 -0.002711 
40 5.000000 0.000000 7.052672 99.964912 -0.186941 10.705161 -0.010762 
41 12.122552 0.000000 0.434738 97.677978 26.444602 6.154538 -0.027818 
42 19.245105 0.000000 7.052672 99.604417 0.519395 9.560486 -0.001271 
43 12.122552 0.000000 13.670607 99.611301 0.214016 10.752174 -0.003807 
44 -9.245105 0.000000 -12.801131 99.301877 -0.028147 11.170777 0.001435 
45 -23.490210 0.000000 -12.801131 99.358434 -0.009727 11.165955 0.000322 
46 -9.245105 0.000000 -26.037001 99.337880 -0.035585 11.143202 0.000781 
47 -2.122552 0.000000 7.052672 99.531764 -0.149149 11.261889 -0.003342 
48 -9.245105 0.000000 7.052672 99.436897 -0.069970 11.255365 -0.001438 
49 -2.122552 0.000000 0.434738 98.632953 0.090616 11.206321 0.014595 
50 -2.122552 0.000000 13.670607 99.548846 -0.084944 11.154865 -0.003441 
51 12.122552 0.000000 -6.183197 99.220701 -0.109145 10.219743 0.005080 
52 5.000000 0.000000 -6.183197 99.026980 0.146191 10.702307 0.007910 
53 12.122552 0.000000 -12.801131 99.192662 -0.124154 10.819201 0.004375 
54 19.245105 0.000000 -6.183197 99.356638 -0.496538 10.087723 0.002625 
55 8.561276 0.000000 3.743705 100.636012 1.074261 8.375336 -0.019891 
56 5.000000 0.000000 3.743705 101.117704 0.714329 10.349414 -0.033241 
57 8.561276 0.000000 0.434738 74.006132 1.905466 -18.321382 0.418379 
58 12.122552 0.000000 3.743705 99.618896 0.203153 8.077767 0.001078 
59 8.561276 0.000000 7.052672 99.857213 -0.117992 10.159446 -0.007469 
60 -2.122552 0.000000 -6.183197 99.255350 0.106155 10.990141 0.002758 
61 -9.245105 0.000000 -6.183197 99.293155 0.055765 11.206798 0.001527 
62 -2.122552 0.000000 -12.801131 99.233072 0.133819 11.125633 0.002900 
63 1.438724 0.000000 3.743705 99.869357 0.112458 11.734940 -0.011161 
64 -2.122552 0.000000 3.743705 99.334278 -0.213340 11.486267 0.000072 
65 1.438724 0.000000 0.434738 60.516450 0.093240 10.483669 0.622784 
66 1.438724 0.000000 7.052672 99.671589 -0.383074 11.105197 -0.005790 
67 8.561276 0.000000 -2.874230 97.484666 -1.330428 9.870218 0.039755 
68 5.000000 0.000000 -2.874230 98.760835 -1.360175 10.642083 0.013119 
69 8.561276 0.000000 -6.183197 99.082736 0.066970 10.414024 0.007415 
70 12.122552 0.000000 -2.874230 99.102105 -0.549752 8.986788 0.009771 
71 6.780638 0.000000 2.089221 103.607027 0.617846 8.743459 -0.081125 
72 5.000000 0.000000 2.089221 102.067821 1.960758 10.390234 -0.052964 
73 6.780638 0.000000 0.434738 70.248665 0.152965 2.363550 0.505952 
74 8.561276 0.000000 2.089221 100.500541 0.710202 4.710205 -0.012305 
75 6.780638 0.000000 3.743705 101.252767 1.274261 9.537772 -0.034472 
76 47.735315 0.000000 -12.801131 99.393274 -0.314547 10.906064 0.000194 
77 47.735315 0.000000 -26.037001 99.374143 -0.167070 11.063769 0.000234 
78 61.980419 0.000000 -12.801131 99.394281 -0.294722 10.946022 0.000087 
79 47.735315 0.000000 0.434738 99.599445 -0.962717 9.123765 -0.000422 
80 26.367657 0.000000 -6.183197 99.421666 -0.520150 10.240540 0.001019 
81 26.367657 0.000000 -12.801131 99.356086 -0.282410 10.807962 0.001148 
82 33.490210 0.000000 -6.183197 99.436590 -0.496929 10.384322 0.000428 
83 26.367657 0.000000 0.434738 99.774601 -1.535982 7.358980 -0.001148 
84 15.683829 0.000000 -2.874230 99.409827 -0.687264 8.980400 0.003657 
85 15.683829 0.000000 -6.183197 99.339962 -0.449005 10.156407 0.002822 
86 19.245105 0.000000 -2.874230 99.504673 -0.794368 9.113464 0.001513 
87 15.683829 0.000000 0.434738 96.710690 -9.166515 33.222758 -0.054073 
88 10.341914 0.000000 -1.219746 96.822872 -1.324224 7.916346 0.056091 
89 8.561276 0.000000 -1.219746 97.151020 -0.772156 10.728086 0.044599 
90 10.341914 0.000000 -2.874230 97.938481 -1.423852 9.368026 0.031827 
91 12.122552 0.000000 -1.219746 99.006720 -0.952773 7.299173 0.014348 
92 10.341914 0.000000 0.434738 96.512645 28.739139 -1.911526 -0.014428 
93 1.438724 0.000000 -2.874230 99.096111 0.038082 10.350378 0.007283 
94 -2.122552 0.000000 -2.874230 99.034360 0.039937 10.978398 0.007167 
95 1.438724 0.000000 -6.183197 99.190307 0.138670 10.891840 0.004263 
96 6.780638 0.000000 -1.219746 96.972503 -0.592872 8.000760 0.053197 
97 5.000000 0.000000 -1.219746 96.402700 -1.137496 8.490391 0.063314 
98 6.780638 0.000000 -2.874230 97.417061 -1.408779 10.173252 0.040444 
99 47.735315 0.000000 13.670607 99.460887 0.553845 10.427065 -0.000150 
100 61.980419 0.000000 13.670607 99.486551 0.640078 10.178074 -0.000158 
101 47.735315 0.000000 26.906476 99.400602 0.239831 10.999954 -0.000154 
102 26.367657 0.000000 7.052672 99.595848 0.587333 9.313494 -0.000642 
103 33.490210 0.000000 7.052672 99.629057 0.594493 8.928463 -0.000602 
104 26.367657 0.000000 13.670607 99.467932 0.355171 10.625234 -0.000689 
105 15.683829 0.000000 3.743705 99.710623 0.390186 7.711639 -0.000183 
106 19.245105 0.000000 3.743705 99.802126 0.339091 7.145688 -0.001164 
107 15.683829 0.000000 7.052672 99.562936 0.386411 9.771060 -0.000840 
108 10.341914 0.000000 2.089221 99.407269 -0.111404 4.316368 0.009955 
109 12.122552 0.000000 2.089221 99.760642 0.173159 4.547220 0.002711 
110 10.341914 0.000000 3.743705 100.089387 0.344038 7.728556 -0.007773 
111 9.451595 0.000000 -0.392504 89.801416 0.038195 21.760033 0.146221 
112 8.561276 0.000000 -0.392504 78.298894 0.196125 13.491317 0.368723 
113 9.451595 0.000000 -1.219746 95.835548 -1.609457 9.804216 0.071683 
114 10.341914 0.000000 -0.392504 96.871503 -3.060132 3.835830 0.059183 
115 9.451595 0.000000 0.434738 72.839458 20.620721 -0.577503 0.426887 
116 13.903191 0.000000 -1.219746 99.405593 -1.006266 7.784309 0.005692 
117 13.903191 0.000000 -2.874230 99.293254 -0.635211 8.902307 0.006120 
118 15.683829 0.000000 -1.219746 99.530467 -1.024489 7.921356 0.002989 
119 13.903191 0.000000 0.434738 98.016960 22.681599 22.358586 -0.062169 
120 11.232233 0.000000 -0.392504 97.986461 -3.831812 4.811147 0.036082 
121 11.232233 0.000000 -1.219746 97.885335 -1.547157 7.668462 0.035726 
122 12.122552 0.000000 -0.392504 98.700207 -4.025490 5.615984 0.021053 
123 11.232233 0.000000 0.434738 97.141393 28.632151 1.801402 -0.025950 
124 9.451595 0.000000 1.261980 100.172759 -0.024063 -1.530681 -0.003693 
125 8.561276 0.000000 1.261980 101.226213 0.795101 -1.156277 -0.024872 
126 10.341914 0.000000 1.261980 98.897027 0.894328 0.098102 0.021857 
127 9.451595 0.000000 2.089221 99.901527 0.607861 4.008147 0.000325 
128 9.896755 0.000000 0.021117 100.208129 -12.768791 -1.290637 -0.020638 
129 9.451595 0.000000 0.021117 92.228558 3.933893 -3.973271 0.146263 
130 9.896755 0.000000 -0.392504 97.521191 -14.716756 24.427398 -0.032366 
131 10.341914 0.000000 0.021117 97.735716 -15.915819 -1.748494 0.019136 
132 9.896755 0.000000 0.434738 105.529774 -9.033066 -33.990993 -0.237352 
133 7.670957 0.000000 -0.392504 74.340279 0.166909 3.929278 0.445806 
134 6.780638 0.000000 -0.392504 71.167065 0.496132 2.147675 0.493039 
135 7.670957 0.000000 -1.219746 97.610721 -0.662158 8.430988 0.040063 
136 7.670957 0.000000 0.434738 69.356511 0.118940 -3.071544 0.518023 
137 9.006436 0.000000 0.021117 83.434202 4.372276 2.407723 0.301382 
138 8.561276 0.000000 0.021117 77.055809 1.419276 3.921557 0.404501 
139 9.006436 0.000000 -0.392504 84.126462 0.351073 19.796450 0.253072 
140 9.006436 0.000000 0.434738 79.537168 8.435936 -14.020992 0.340609 
141 13.903191 0.000000 2.089221 99.952502 0.290990 4.108738 -0.000747 
142 15.683829 0.000000 2.089221 100.112370 0.471699 3.453986 -0.003464 
143 13.903191 0.000000 3.743705 99.698646 0.379226 7.816633 -0.000106 
144 11.232233 0.000000 1.261980 99.115524 0.673662 1.273925 0.017404 
145 12.122552 0.000000 1.261980 99.423268 1.157355 1.400829 0.011171 
146 11.232233 0.000000 2.089221 99.228280 0.462595 4.782395 0.013066 
147 9.896755 0.000000 0.848359 97.913678 2.978628 -3.008176 0.039499 
148 9.451595 0.000000 0.848359 99.310740 1.377040 -5.498882 0.010524 
149 10.341914 0.000000 0.848359 98.320746 3.036941 -2.093659 0.031942 
150 9.896755 0.000000 1.261980 99.068879 0.219021 -0.631608 0.018491 
151 9.674175 0.000000 0.227927 90.226883 4.778555 -6.595761 0.179277 
152 9.451595 0.000000 0.227927 86.418169 -121.284062 14.951174 -1.240146 
153 9.674175 0.000000 0.021117 94.958165 2.235698 -4.606704 0.095673 
154 9.896755 0.000000 0.227927 100.208129 -12.768791 -1.290637 -0.020638 
155 9.674175 0.000000 0.434738 89.308859 10.702415 -14.954093 0.168576 
156 7.670957 0.000000 1.261980 68.221502 0.408136 -1.426733 0.534362 
157 6.780638 0.000000 1.261980 70.409409 0.311979 4.313506 0.502381 
158 7.670957 0.000000 2.089221 102.499251 1.277514 4.803298 -0.053080 
159 9.006436 0.000000 0.848359 80.519213 3.563215 -15.800208 0.325431 
160 8.561276 0.000000 0.848359 75.164285 0.977582 -9.153744 0.426558 
161 9.006436 0.000000 1.261980 101.548790 0.427559 -0.835580 -0.031304 
162 9.229016 0.000000 0.227927 75.412675 13.706186 -0.718042 0.412455 
163 9.006436 0.000000 0.227927 82.754437 10.772470 -16.738693 0.275547 
164 9.229016 0.000000 0.021117 90.595180 11.318787 -7.763865 0.160412 
165 9.229016 0.000000 0.434738 70.698888 13.078493 -19.582336 0.444715 
166 19.245105 0.000000 -39.272870 99.355946 -0.080025 11.112715 0.000490 
167 5.000000 0.000000 -39.272870 99.351533 -0.056703 11.126801 0.000546 
168 19.245105 0.000000 -52.508739 99.363955 -0.036235 11.129172 0.000294 
169 33.490210 0.000000 -39.272870 99.364349 -0.097636 11.106553 0.000336 
170 12.122552 0.000000 -19.419066 99.277664 -0.117148 11.009314 0.002273 
171 5.000000 0.000000 -19.419066 99.256990 -0.069395 11.069409 0.002551 
172 12.122552 0.000000 -26.037001 99.319782 -0.080203 11.076211 0.001289 
173 19.245105 0.000000 -19.419066 99.315957 -0.156771 10.981377 0.001573 
174 8.561276 0.000000 -9.492164 99.265603 0.431055 10.782469 0.002989 
175 5.000000 0.000000 -9.492164 99.295373 0.389394 10.899557 0.002148 
176 8.561276 0.000000 -12.801131 99.207895 -0.240130 10.913497 0.003863 
177 12.122552 0.000000 -9.492164 99.294021 -0.140937 10.695217 0.002629 
178 10.341914 0.000000 -4.528713 98.884212 -0.379265 9.663858 0.012838 
179 8.561276 0.000000 -4.528713 98.643436 -0.286695 9.854068 0.017229 
180 10.341914 0.000000 -6.183197 99.112171 -0.022551 10.289051 0.007091 
181 12.122552 0.000000 -4.528713 99.186691 -0.336358 9.752083 0.006678 
182 9.451595 0.000000 -2.046988 97.114914 -0.975613 9.422158 0.047896 
183 8.561276 0.000000 -2.046988 97.283440 -0.951197 9.819630 0.043860 
184 9.451595 0.000000 -2.874230 97.578273 -1.312687 9.621042 0.038419 
185 10.341914 0.000000 -2.046988 97.443172 -1.398552 8.826696 0.042496 
186 9.896755 0.000000 -0.806125 94.664441 -1.396160 7.402000 0.098190 
187 9.451595 0.000000 -0.806125 94.034334 -1.393322 10.876836 0.103730 
188 9.896755 0.000000 -1.219746 96.156294 -1.444684 8.590954 0.067808 
189 10.341914 0.000000 -0.806125 96.342797 -1.804118 6.496432 0.067261 
190 9.674175 0.000000 -0.185694 93.991998 -4.894865 3.569648 0.112880 
191 9.451595 0.000000 -0.185694 92.257992 1.972769 5.733904 0.145169 
192 9.674175 0.000000 -0.392504 95.535967 -9.218515 27.998836 0.000396 
193 9.896755 0.000000 -0.185694 100.208129 -12.768791 -1.290637 -0.020638 
194 9.562885 0.000000 0.124522 94.488110 -128.479923 17.111232 -1.572789 
195 9.451595 0.000000 0.124522 90.748217 -114.532198 15.993267 -1.160865 
196 9.562885 0.000000 0.021117 93.387291 2.625348 -5.983585 0.123612 
197 9.674175 0.000000 0.124522 92.043702 3.314324 -4.137502 0.149985 
198 9.562885 0.000000 0.227927 91.682014 -119.462241 17.706255 -1.299033 
199 9.006436 0.000000 -0.806125 80.109740 0.530679 16.036109 0.332499 
200 8.561276 0.000000 -0.806125 77.016817 0.153879 11.282729 0.394109 
201 9.006436 0.000000 -1.219746 96.478943 -1.302003 10.717642 0.057525 
202 9.229016 0.000000 -0.185694 86.742622 5.098695 4.266677 0.243152 
203 9.006436 0.000000 -0.185694 83.971242 0.284831 17.534157 0.264130 
204 9.229016 0.000000 -0.392504 86.313686 0.190584 20.101209 0.214585 
205 9.340305 0.000000 0.124522 79.064479 14.364923 0.003133 0.354246 
206 9.229016 0.000000 0.124522 80.351147 11.398273 -9.135840 0.333031 
207 9.340305 0.000000 0.021117 93.105201 13.241881 -9.794900 0.106013 
208 9.340305 0.000000 0.227927 76.112156 15.819072 1.022680 0.395565 
209 9.674175 0.000000 0.641548 96.771013 5.803854 -4.733196 0.057928 
210 9.451595 0.000000 0.641548 96.559096 25.384391 -30.914583 -0.092374 
211 9.896755 0.000000 0.641548 97.272337 7.655274 -3.283770 0.046871 
212 9.674175 0.000000 0.848359 98.118840 2.120288 -4.172739 0.035079 
213 9.562885 0.000000 0.331332 88.822420 -2.406463 11.498740 0.197257 
214 9.451595 0.000000 0.331332 75.966544 15.457674 -4.911454 0.396602 
215 9.674175 0.000000 0.331332 90.291719 7.515466 -3.289318 0.178010 
216 9.562885 0.000000 0.434738 79.062334 18.258283 -2.593404 0.340906 
217 9.507240 0.000000 0.176225 90.748217 -114.532198 15.993267 -1.160865 
218 9.451595 0.000000 0.176225 87.968544 -118.701400 14.421870 -1.203648 
219 9.507240 0.000000 0.124522 92.167588 -119.746940 16.784342 -1.311591 
220 9.562885 0.000000 0.176225 92.121692 -121.552134 17.390905 -1.356377 
221 9.507240 0.000000 0.227927 89.857547 -111.800176 16.202234 -1.083617 
222 9.229016 0.000000 0.641548 93.649593 21.312413 -27.906709 -0.000325 
223 9.006436 0.000000 0.641548 75.530704 4.024678 -12.729149 0.411688 
224 9.229016 0.000000 0.848359 101.432399 1.450523 -5.697375 -0.032310 
225 9.340305 0.000000 0.331332 73.000137 19.142407 -1.988688 0.430059 
226 9.229016 0.000000 0.331332 71.760884 16.638115 -4.205978 0.455586 
227 9.340305 0.000000 0.434738 70.327741 18.914736 -1.577207 0.469375 
228 9.395950 0.000000 0.176225 85.624065 -122.297654 15.837057 -1.253901 
229 9.340305 0.000000 0.176225 77.072951 14.904651 0.622857 0.383722 
230 9.395950 0.000000 0.124522 87.594799 -31.542547 12.572340 0.117416 
231 9.395950 0.000000 0.227927 81.955860 -25.994883 15.263094 0.237454 
232 9.507240 0.000000 0.279630 87.354989 -135.022803 14.207936 -1.606392 
233 9.451595 0.000000 0.279630 85.492277 -132.937748 14.580543 -1.519397 
234 9.562885 0.000000 0.279630 91.322957 -131.478537 16.816611 -1.590929 
235 9.507240 0.000000 0.331332 86.464636 -36.615153 10.686284 0.106900 
236 9.479418 0.000000 0.202076 64.185352 -101.104714 -13.195610 -0.451605 
237 9.451595 0.000000 0.202076 86.472366 -136.673867 14.306236 -1.636188 
238 9.479418 0.000000 0.176225 89.857547 -111.800176 16.202234 -1.083617 
239 9.507240 0.000000 0.202076 89.857547 -111.800176 16.202234 -1.083617 
240 9.479418 0.000000 0.227927 87.592386 -121.895311 14.838758 -1.275108 
241 9.562885 0.000000 -0.082288 94.666253 1.776166 -4.035474 0.101886 
242 9.451595 0.000000 -0.082288 94.795563 1.948484 -4.327183 0.099128 
243 9.562885 0.000000 -0.185694 93.885291 -1.855661 -0.270986 0.118204 
244 9.674175 0.000000 -0.082288 93.985354 -0.297526 -2.267585 0.116152 
245 9.507240 0.000000 0.072819 95.179800 -130.565534 17.037532 -1.639683 
246 9.451595 0.000000 0.072819 94.008126 -123.656740 15.567090 -1.437085 
247 9.507240 0.000000 0.021117 92.337590 3.092642 -4.798210 0.144118 
248 9.562885 0.000000 0.072819 96.671787 -135.945704 16.567339 -1.810115 
249 9.479418 0.000000 0.150373 90.306287 -113.773052 15.878754 -1.135167 
250 9.451595 0.000000 0.150373 89.886952 -110.243958 15.556534 -1.047540 
251 9.479418 0.000000 0.124522 91.531330 -116.174612 16.056860 -1.213235 
252 9.507240 0.000000 0.150373 91.285427 -116.901139 16.988683 -1.228752 
253 10.787074 0.000000 0.021117 98.020449 -18.467999 -0.825031 0.005024 
254 10.787074 0.000000 -0.392504 97.440506 -3.569853 4.491422 0.047243 
255 11.232233 0.000000 0.021117 98.861960 -19.913803 1.574521 -0.017273 
256 10.787074 0.000000 0.434738 96.676907 29.155170 0.586817 -0.019679 
257 10.119335 0.000000 0.227927 96.348742 -11.756684 -18.044133 0.025311 
258 10.119335 0.000000 0.021117 100.208129 -12.768791 -1.290637 -0.020638 
259 10.341914 0.000000 0.227927 96.301868 -143.175679 -66.420596 -2.418502 
260 10.119335 0.000000 0.434738 96.416740 30.441507 -4.130822 -0.023994 
261 9.785465 0.000000 0.124522 95.654960 -0.507097 -10.285127 0.074409 
262 9.785465 0.000000 0.021117 93.885291 -1.855661 -0.270986 0.118204 
263 9.896755 0.000000 0.124522 100.208129 -12.768791 -1.290637 -0.020638 
264 9.785465 0.000000 0.227927 95.776374 0.578758 -9.095815 0.074382 
265 9.618530 0.000000 0.176225 94.939260 -129.464782 17.152960 -1.606882 
266 9.618530 0.000000 0.124522 96.055704 -133.770813 16.758919 -1.740219 
267 9.674175 0.000000 0.176225 96.026733 -40.548649 12.769489 -0.102839 
268 9.618530 0.000000 0.227927 94.297020 -136.769108 16.699263 -1.787658 
269 9.535063 0.000000 0.202076 91.285427 -116.901139 16.988683 -1.228752 
270 9.535063 0.000000 0.176225 91.732832 -117.705735 17.103332 -1.256208 
271 9.562885 0.000000 0.202076 92.121692 -121.552134 17.390905 -1.356377 
272 9.535063 0.000000 0.227927 90.042085 -114.447239 16.793784 -1.148778 
273 9.493329 0.000000 0.189150 89.830305 -111.435284 16.245224 -1.075121 
274 9.479418 0.000000 0.189150 77.327841 -105.419369 1.898727 -0.709644 
275 9.493329 0.000000 0.176225 89.857547 -111.800176 16.202234 -1.083617 
276 9.507240 0.000000 0.189150 89.857547 -111.800176 16.202234 -1.083617 
277 9.493329 0.000000 0.202076 89.646920 -110.257319 16.326256 -1.045979 
278 9.395950 0.000000 0.279630 77.912163 14.977952 7.580688 0.364789 
279 9.340305 0.000000 0.279630 74.815762 17.613448 0.320762 0.409227 
280 9.395950 0.000000 0.331332 74.008727 18.511904 -1.326590 0.417826 
281 9.423773 0.000000 0.202076 86.212892 -122.114590 14.582825 -1.255729 
282 9.395950 0.000000 0.202076 84.854036 -103.930530 15.876601 -0.825383 
283 9.423773 0.000000 0.176225 86.822605 -123.830438 14.388297 -1.307917 
284 9.423773 0.000000 0.227927 85.754235 -122.719572 15.523645 -1.265487 
285 9.465507 0.000000 0.189150 63.140931 -120.737941 -14.923383 -0.878713 
286 9.451595 0.000000 0.189150 87.020335 -137.227873 14.242879 -1.660689 
287 9.465507 0.000000 0.176225 89.659981 -110.004655 16.073254 -1.039829 
288 9.465507 0.000000 0.202076 60.824340 -124.972966 -17.451175 -0.962239 
289 9.479418 0.000000 0.253779 86.638028 -121.804468 14.714237 -1.255899 
290 9.451595 0.000000 0.253779 86.544968 -123.680646 14.570005 -1.299922 
291 9.507240 0.000000 0.253779 88.290947 -122.240033 14.486393 -1.294777 
292 9.479418 0.000000 0.279630 86.459007 -134.470260 13.866451 -1.574969 
293 9.465507 0.000000 0.215002 86.924765 -119.232196 14.086719 -1.197067 
294 9.451595 0.000000 0.215002 86.427461 -120.524630 14.804027 -1.221505 
295 9.479418 0.000000 0.215002 87.529362 -120.257297 14.518281 -1.233399 
296 9.465507 0.000000 0.227927 86.678481 -120.159625 14.060083 -1.214918 
297 9.472462 0.000000 0.195613 63.268257 -102.534908 -13.702349 -0.470403 
298 9.465507 0.000000 0.195613 48.831110 -135.882159 -31.568406 -1.184500 
299 9.472462 0.000000 0.189150 64.824197 -100.199550 -12.640285 -0.440190 
300 9.479418 0.000000 0.195613 65.127687 -100.094924 -12.446737 -0.441553 
301 9.472462 0.000000 0.202076 61.853763 -106.121873 -16.099423 -0.534693 
302 9.423773 0.000000 0.253779 85.049416 -120.396829 16.846918 -1.201262 
303 9.395950 0.000000 0.253779 81.252461 -26.289053 16.685410 0.242852 
304 9.423773 0.000000 0.279630 82.205602 -27.946666 13.726491 0.227281 
305 9.437684 0.000000 0.215002 86.417691 -122.113813 14.617992 -1.259349 
306 9.423773 0.000000 0.215002 85.442912 -121.463264 15.014376 -1.227925 
307 9.437684 0.000000 0.202076 86.202300 -120.307993 15.008123 -1.213009 
308 9.437684 0.000000 0.227927 86.112470 -122.868963 14.390378 -1.271922 
309 3.219362 0.000000 2.089221 101.546747 0.596002 11.719583 -0.044945 
310 1.438724 0.000000 2.089221 100.192515 0.127882 12.593454 -0.019715 
311 3.219362 0.000000 0.434738 59.184580 0.112053 5.008702 0.647209 
312 3.219362 0.000000 3.743705 100.436245 0.355124 11.366412 -0.021676 
313 5.890319 0.000000 1.261980 100.474174 0.846269 9.612557 -0.018818 
314 5.000000 0.000000 1.261980 103.451766 1.856512 7.848254 -0.076731 
315 5.890319 0.000000 0.434738 72.802005 0.842320 -1.308217 0.469745 
316 5.890319 0.000000 2.089221 101.793413 2.052071 9.566493 -0.045763 
317 8.116117 0.000000 0.848359 67.407419 0.349826 -3.529669 0.544366 
318 7.670957 0.000000 0.848359 66.570150 0.143468 -1.529934 0.556605 
319 8.116117 0.000000 0.434738 68.242403 0.595819 -12.640313 0.518284 
320 8.116117 0.000000 1.261980 66.497163 0.644206 -1.353681 0.557588 
321 7.225798 0.000000 0.848359 65.866798 0.016378 -0.130393 0.566155 
322 6.780638 0.000000 0.848359 67.692508 0.041966 1.483277 0.541552 
323 7.225798 0.000000 0.434738 66.806036 0.045799 -0.412484 0.553678 
324 7.225798 0.000000 1.261980 69.162168 0.097698 0.635920 0.521618 
325 8.116117 0.000000 0.021117 75.701103 0.283056 3.782818 0.425495 
326 7.670957 0.000000 0.021117 73.496597 0.135645 3.434477 0.458644 
327 8.116117 0.000000 -0.392504 75.951436 0.110142 8.178301 0.416448 
328 7.893537 0.000000 0.641548 69.963824 0.294152 -2.652971 0.509794 
329 7.670957 0.000000 0.641548 68.381872 0.048411 -2.560697 0.531736 
330 7.893537 0.000000 0.434738 67.072714 0.310728 -3.919905 0.548579 
331 8.116117 0.000000 0.641548 68.680305 -0.165947 -19.834698 0.488957 
332 7.893537 0.000000 0.848359 67.254493 0.267122 -2.891649 0.546840 
333 3.219362 0.000000 -1.219746 99.351056 -0.178039 7.324933 0.007568 
334 1.438724 0.000000 -1.219746 97.827630 -0.074436 6.432105 0.038838 
335 3.219362 0.000000 -2.874230 99.214022 -0.730823 10.426777 0.004733 
336 5.890319 0.000000 -0.392504 69.558621 0.405503 1.998452 0.515744 
337 5.000000 0.000000 -0.392504 63.108120 1.170520 1.032157 0.601493 
338 5.890319 0.000000 -1.219746 96.424683 -0.491216 7.819823 0.064089 
339 7.225798 0.000000 0.021117 69.958630 0.020325 -0.604632 0.510542 
340 6.780638 0.000000 0.021117 43.982076 0.167843 -1.190737 0.806413 
341 7.225798 0.000000 -0.392504 72.634778 0.124309 1.931485 0.472044 
342 7.893537 0.000000 0.227927 75.179254 0.394635 -4.837186 0.432453 
343 7.670957 0.000000 0.227927 71.313285 0.208736 -2.570130 0.490777 
344 7.893537 0.000000 0.021117 73.496597 0.135645 3.434477 0.458644 
345 8.116117 0.000000 0.227927 69.989800 -1.749092 -33.711349 0.396191 
346 8.338696 0.000000 0.641548 69.087230 -2.642813 -48.083767 0.290792 
347 8.338696 0.000000 0.434738 72.192730 1.200668 -30.626147 0.384881 
348 8.561276 0.000000 0.641548 73.932184 1.299135 -20.966732 0.409274 
349 8.338696 0.000000 0.848359 75.164285 0.977582 -9.153744 0.426558 
350 8.004827 0.000000 0.538143 65.621036 0.361578 -8.007676 0.562963 
351 7.893537 0.000000 0.538143 68.000615 0.261419 -2.423422 0.536998 
352 8.004827 0.000000 0.434738 66.834200 0.439935 -7.919244 0.547028 
353 8.116117 0.000000 0.538143 65.415358 0.400290 -13.106813 0.554888 
354 8.004827 0.000000 0.641548 68.950245 -0.054937 -8.085871 0.518048 
355 6.335479 0.000000 0.848359 69.166516 0.681964 -1.353852 0.521370 
356 5.890319 0.000000 0.848359 73.229053 1.286688 -1.337037 0.463406 
357 6.335479 0.000000 0.434738 71.791922 0.074183 1.372457 0.484403 
358 6.335479 0.000000 1.261980 67.209418 0.407452 -4.171985 0.546532 
359 6.335479 0.000000 0.021117 67.555292 0.643253 -1.324315 0.543411 
360 5.890319 0.000000 0.021117 42.178299 2.020507 4.685383 0.819496 
361 6.335479 0.000000 -0.392504 69.831969 0.429030 2.089920 0.511894 
362 6.558058 0.000000 0.641548 70.694093 0.209830 3.374654 0.499091 
363 6.335479 0.000000 0.641548 71.129616 0.111632 2.787066 0.493280 
364 6.558058 0.000000 0.434738 71.320313 0.306037 3.028473 0.490415 
365 6.780638 0.000000 0.641548 69.186852 0.060973 1.994755 0.520920 
366 6.558058 0.000000 0.848359 68.872458 0.100383 2.875306 0.524831 
367 4.109681 0.000000 1.261980 104.149473 0.554608 9.102620 -0.093028 
368 3.219362 0.000000 1.261980 102.855773 -0.148668 11.266395 -0.070626 
369 4.109681 0.000000 0.434738 60.108297 0.272125 2.040624 0.638275 
370 4.109681 0.000000 2.089221 101.963776 1.912638 10.894126 -0.051895 
371 5.445160 0.000000 0.848359 71.652502 1.244389 -0.776817 0.486377 
372 5.000000 0.000000 0.848359 67.064251 0.673932 -0.293103 0.550185 
373 5.445160 0.000000 0.434738 73.650293 0.772032 -0.565523 0.457472 
374 5.445160 0.000000 1.261980 102.099848 1.855282 7.541486 -0.048470 
375 6.112899 0.000000 0.641548 71.658019 0.676908 -1.344754 0.486286 
376 5.890319 0.000000 0.641548 72.802005 0.842320 -1.308217 0.469745 
377 6.112899 0.000000 0.434738 71.658019 0.676908 -1.344754 0.486286 
378 6.112899 0.000000 0.848359 69.481984 1.218534 -1.312249 0.516905 
379 6.558058 0.000000 0.227927 71.357225 0.403619 3.015638 0.489889 
380 6.335479 0.000000 0.227927 69.736994 0.450001 -1.358613 0.513470 
381 6.558058 0.000000 0.021117 44.290475 0.688742 -2.258035 0.803278 
382 6.780638 0.000000 0.227927 72.621215 0.155557 3.871599 0.471115 
383 6.446768 0.000000 0.538143 59.216996 0.126407 6.103669 0.645608 
384 6.335479 0.000000 0.538143 71.295414 0.116881 2.576373 0.491031 
385 6.446768 0.000000 0.434738 71.088034 0.180633 2.759509 0.493884 
386 6.558058 0.000000 0.538143 61.457489 0.224577 6.127001 0.618539 
387 6.446768 0.000000 0.641548 69.204235 0.115608 4.077628 0.519413 
388 9.493329 0.000000 0.215002 89.638761 -110.781178 16.398533 -1.057649 
389 9.507240 0.000000 0.215002 89.857547 -111.800176 16.202234 -1.083617 
390 9.493329 0.000000 0.227927 87.490502 -118.729876 14.480178 -1.196105 
391 9.785465 0.000000 0.331332 97.038514 -1.413387 -7.571553 0.052420 
392 9.896755 0.000000 0.331332 100.208129 -12.768791 -1.290637 -0.020638 
393 9.785465 0.000000 0.434738 103.618646 -4.281257 -33.941639 -0.190719 
394 9.618530 0.000000 0.279630 94.055622 -143.876767 16.468747 -1.981820 
395 9.674175 0.000000 0.279630 90.110898 7.072621 -4.358334 0.181101 
396 9.618530 0.000000 0.331332 85.928006 11.665909 -8.696997 0.240465 
397 9.535063 0.000000 0.253779 89.744630 -119.600134 16.468629 -1.262951 
398 9.562885 0.000000 0.253779 91.255295 -127.913239 16.934314 -1.497610 
399 9.535063 0.000000 0.279630 88.252069 -137.182271 13.984955 -1.680298 
400 9.521151 0.000000 0.240853 89.857547 -111.800176 16.202234 -1.083617 
401 9.507240 0.000000 0.240853 88.230329 -119.889480 14.481202 -1.236778 
402 9.521151 0.000000 0.227927 89.845510 -112.601990 16.590158 -1.102666 
403 9.535063 0.000000 0.240853 89.833761 -113.415754 16.982106 -1.122163 
404 9.521151 0.000000 0.253779 88.278920 -125.767672 13.567186 -1.379474 
405 9.590708 0.000000 0.253779 92.284363 -133.092856 16.632439 -1.650675 
406 9.590708 0.000000 0.227927 92.636044 -129.563479 16.964396 -1.565592 
407 9.618530 0.000000 0.253779 93.972450 -140.696167 16.469267 -1.889747 
408 9.590708 0.000000 0.279630 92.373104 -137.937504 16.566440 -1.783399 
409 9.548974 0.000000 0.240853 91.259511 -121.056276 16.647864 -1.326007 
410 9.548974 0.000000 0.227927 91.285427 -116.901139 16.988683 -1.228752 
411 9.562885 0.000000 0.240853 91.215434 -125.362268 17.086552 -1.432790 
412 9.548974 0.000000 0.253779 91.299030 -125.083720 16.349478 -1.424876 
413 9.729820 0.000000 0.279630 91.882906 5.167844 -4.940865 0.150641 
414 9.729820 0.000000 0.227927 92.758852 5.393600 -6.036014 0.133027 
415 9.785465 0.000000 0.279630 95.386756 0.009373 -7.256788 0.084871 
416 9.729820 0.000000 0.331332 91.962607 4.273072 -4.271207 0.150638 
417 10.787074 0.000000 0.848359 98.609189 3.474861 -1.344068 0.026235 
418 11.232233 0.000000 0.848359 98.834628 3.225517 -0.311038 0.022122 
419 10.787074 0.000000 1.261980 98.992311 0.582552 0.617986 0.019980 
420 10.119335 0.000000 0.641548 97.776393 8.005461 -3.099188 0.036608 
421 10.341914 0.000000 0.641548 97.827154 7.488646 -2.230889 0.036879 
422 10.119335 0.000000 0.848359 98.068737 2.952153 -2.388926 0.036810 
423 10.008045 0.000000 0.331332 97.559018 -7.795802 -23.672056 -0.013890 
424 10.008045 0.000000 0.227927 100.208129 -12.768791 -1.290637 -0.020638 
425 10.119335 0.000000 0.331332 112.217683 -22.024205 -50.095031 -0.558739 
426 10.008045 0.000000 0.434738 113.198807 -17.489002 -44.242493 -0.507723 
427 9.841110 0.000000 0.279630 100.063617 -9.952934 -3.343635 -0.012297 
428 9.841110 0.000000 0.227927 99.887138 -9.248779 -3.934803 -0.007846 
429 9.896755 0.000000 0.279630 100.208129 -12.768791 -1.290637 -0.020638 
430 9.841110 0.000000 0.331332 100.245153 -11.724983 -2.039283 -0.019072 
431 9.785465 0.000000 0.538143 97.008131 12.907679 -3.408058 0.041120 
432 9.674175 0.000000 0.538143 96.559096 25.384391 -30.914583 -0.092374 
433 9.896755 0.000000 0.538143 97.124621 14.136734 -3.107596 0.035730 
434 9.785465 0.000000 0.641548 97.130869 6.829152 -3.791508 0.050458 
435 9.729820 0.000000 0.383035 90.398672 9.613078 -15.377099 0.149921 
436 9.674175 0.000000 0.383035 86.993581 12.214830 -11.414219 0.215263 
437 9.785465 0.000000 0.383035 96.643146 0.840813 -22.961257 0.013218 
438 9.729820 0.000000 0.434738 93.310690 9.812063 -19.462622 0.081804 
439 9.757642 0.000000 0.305481 93.801782 2.383961 -5.775438 0.116219 
440 9.729820 0.000000 0.305481 92.099396 5.183370 -4.905907 0.146677 
441 9.757642 0.000000 0.279630 93.690251 2.986495 -6.309872 0.117340 
442 9.785465 0.000000 0.305481 95.681283 -0.341784 -6.830335 0.079832 
443 9.757642 0.000000 0.331332 93.888682 1.660550 -5.204516 0.115507 
444 10.119335 0.000000 -0.185694 100.208129 -12.768791 -1.290637 -0.020638 
445 10.119335 0.000000 -0.392504 96.523125 -2.497355 2.574318 0.067042 
446 10.341914 0.000000 -0.185694 97.533914 -5.821724 1.764460 0.045013 
447 10.008045 0.000000 0.124522 100.208129 -12.768791 -1.290637 -0.020638 
448 10.008045 0.000000 0.021117 100.208129 -12.768791 -1.290637 -0.020638 
449 10.119335 0.000000 0.124522 100.208129 -12.768791 -1.290637 -0.020638 
450 9.952400 0.000000 0.279630 100.208129 -12.768791 -1.290637 -0.020638 
451 9.952400 0.000000 0.227927 100.208129 -12.768791 -1.290637 -0.020638 
452 10.008045 0.000000 0.279630 100.208129 -12.768791 -1.290637 -0.020638 
453 9.952400 0.000000 0.331332 97.320387 -9.991606 -13.289114 0.025231 
454 10.564494 0.000000 0.227927 97.994934 -225.477063 -98.962681 -6.023653 
455 10.564494 0.000000 0.021117 97.662510 -17.544972 -1.508746 0.015193 
456 10.787074 0.000000 0.227927 109.248486 -399.596552 -83.276104 -16.854755 
457 10.564494 0.000000 0.434738 96.595832 28.422457 -0.311991 -0.013869 
458 10.230624 0.000000 0.331332 94.351235 76.600806 -19.653356 -0.515609 
459 10.230624 0.000000 0.227927 96.406753 -117.857531 -53.400923 -1.603632 
460 10.341914 0.000000 0.331332 95.092295 71.021760 -14.909900 -0.430894 
461 10.230624 0.000000 0.434738 96.431547 29.561325 -2.953110 -0.018164 
462 10.230624 0.000000 0.124522 97.827121 -31.022151 -5.794158 -0.056609 
463 10.230624 0.000000 0.021117 94.313913 -6.846777 -25.406172 0.041253 
464 10.341914 0.000000 0.124522 97.734582 -33.652293 -5.928142 -0.071967 
465 10.174979 0.000000 0.279630 113.067718 -14.160604 -40.901703 -0.465778 
466 10.119335 0.000000 0.279630 100.802033 -8.612883 -30.686656 -0.117690 
467 10.174979 0.000000 0.227927 103.662763 -10.264264 -34.356682 -0.203171 
468 10.230624 0.000000 0.279630 81.908443 175.732931 -176.284898 -5.866742 
469 10.174979 0.000000 0.331332 94.124111 79.843414 -23.068910 -0.576649 
470 10.564494 0.000000 0.641548 98.033241 6.853825 -1.844017 0.033911 
471 10.787074 0.000000 0.641548 98.173359 6.945333 -1.217942 0.031227 
472 10.564494 0.000000 0.848359 98.420704 3.494776 -1.619931 0.029853 
473 10.453204 0.000000 0.331332 95.317788 67.011640 -11.637751 -0.371148 
474 10.453204 0.000000 0.227927 97.526662 -175.091231 -81.296087 -3.677744 
475 10.564494 0.000000 0.331332 95.619793 63.802075 -8.626940 -0.328827 
476 10.453204 0.000000 0.434738 96.558225 28.630861 -1.133074 -0.014450 
477 10.286269 0.000000 0.279630 85.266320 183.443855 -137.451090 -4.981480 
478 10.286269 0.000000 0.227927 96.342083 -130.127673 -59.410743 -1.974464 
479 10.341914 0.000000 0.279630 88.386956 180.574123 -109.390931 -4.238564 
480 10.286269 0.000000 0.331332 94.743448 73.787470 -16.930037 -0.470754 
481 13.012871 0.000000 -0.392504 99.474394 -3.394838 6.150618 0.005549 
482 13.012871 0.000000 -1.219746 99.266487 -0.992551 7.698400 0.008591 
483 13.903191 0.000000 -0.392504 99.572632 -3.166497 6.488072 0.003317 
484 13.012871 0.000000 0.434738 98.261363 25.644033 13.258369 -0.048870 
485 11.677393 0.000000 0.021117 99.380433 -20.136625 4.684263 -0.030390 
486 11.677393 0.000000 -0.392504 98.434418 -4.042914 5.326959 0.026594 
487 12.122552 0.000000 0.021117 99.454162 -18.622187 6.807014 -0.028425 
488 11.677393 0.000000 0.434738 97.483847 27.391548 3.432494 -0.026518 
489 11.009654 0.000000 0.227927 121.449274 -431.201792 288.429034 -27.387622 
490 11.009654 0.000000 0.021117 98.511657 -19.405365 0.496019 -0.008136 
491 11.232233 0.000000 0.227927 108.014497 -71.788253 340.262983 -12.259958 
492 11.009654 0.000000 0.434738 96.819241 29.140706 1.145230 -0.022446 
493 10.675784 0.000000 0.331332 95.782515 61.291207 -6.333799 -0.297102 
494 10.675784 0.000000 0.227927 100.830860 -298.541533 -115.726487 -10.268653 
495 10.787074 0.000000 0.331332 95.731954 59.682575 -4.064539 -0.274314 
496 10.675784 0.000000 0.434738 96.651509 28.999880 0.244868 -0.018257 
497 11.232233 0.000000 -2.046988 98.019256 -1.000974 8.596404 0.031733 
498 11.232233 0.000000 -2.874230 98.853084 -0.438030 8.834126 0.014983 
499 12.122552 0.000000 -2.046988 98.958235 -0.669222 8.182424 0.013987 
500 10.787074 0.000000 -0.806125 97.348292 -1.800936 6.615260 0.047630 
501 10.787074 0.000000 -1.219746 97.363233 -1.266730 7.616819 0.046078 
502 11.232233 0.000000 -0.806125 97.830313 -1.947426 6.645885 0.038127 
503 10.564494 0.000000 -0.185694 97.360705 -6.511862 2.127018 0.047396 
504 10.564494 0.000000 -0.392504 97.092020 -3.516479 4.202248 0.054312 
505 10.787074 0.000000 -0.185694 97.552556 -6.722878 2.304524 0.043299 
506 10.675784 0.000000 0.124522 98.347250 -39.334625 -4.266794 -0.123760 
507 10.564494 0.000000 0.124522 98.046912 -37.658555 -5.078222 -0.105715 
508 10.675784 0.000000 0.021117 97.821897 -18.095791 -1.187906 0.010201 
509 10.787074 0.000000 0.124522 98.750150 -40.544021 -3.065128 -0.140480 
510 10.620139 0.000000 0.279630 92.929304 148.002816 -32.237983 -2.157998 
511 10.564494 0.000000 0.279630 92.208481 154.976277 -41.528207 -2.424464 
512 10.620139 0.000000 0.227927 99.382714 -259.040066 -109.392679 -7.894544 
513 10.675784 0.000000 0.279630 93.242598 142.684962 -24.795347 -1.966799 
514 10.620139 0.000000 0.331332 95.744030 62.259561 -7.489729 -0.309927 
515 13.012871 0.000000 1.261980 99.956740 1.813148 1.553467 0.000295 
516 13.903191 0.000000 1.261980 100.075830 2.190057 1.662075 -0.002273 
517 13.012871 0.000000 2.089221 99.833891 0.174570 4.424515 0.001359 
518 11.677393 0.000000 0.848359 98.962147 3.586651 0.252002 0.019357 
519 12.122552 0.000000 0.848359 99.129734 3.669696 0.837255 0.015913 
520 11.677393 0.000000 1.261980 99.278458 1.065767 1.284206 0.014100 
521 11.009654 0.000000 0.641548 98.280291 6.274889 -0.603214 0.030125 
522 11.232233 0.000000 0.641548 98.470013 5.741836 0.188699 0.027065 
523 11.009654 0.000000 0.848359 98.654655 3.264418 -0.827864 0.025592 
524 10.898364 0.000000 0.331332 95.741234 58.330724 -1.710603 -0.257178 
525 10.898364 0.000000 0.227927 116.531898 -482.680374 60.644355 -24.023776 
526 11.009654 0.000000 0.331332 95.848244 56.680398 0.726062 -0.240008 
527 10.898364 0.000000 0.434738 96.736852 29.345964 0.799643 -0.021984 
528 11.009654 0.000000 -0.185694 97.988592 -7.171348 2.941748 0.033815 
529 11.009654 0.000000 -0.392504 97.776090 -3.762333 4.722234 0.040338 
530 11.232233 0.000000 -0.185694 98.209422 -7.323228 3.128549 0.029149 
531 10.898364 0.000000 0.124522 99.108554 -41.538871 -1.563192 -0.155043 
532 10.898364 0.000000 0.021117 98.218465 -18.799279 -0.458419 -0.000049 
533 11.009654 0.000000 0.124522 99.447065 -42.633326 0.482503 -0.170755 
534 10.842719 0.000000 0.279630 93.128433 132.440631 -4.950626 -1.623793 
535 10.787074 0.000000 0.279630 93.117378 135.375176 -11.301124 -1.712500 
536 10.842719 0.000000 0.227927 112.498214 -448.869163 -26.264589 -20.482920 
537 10.898364 0.000000 0.279630 93.162689 129.122008 1.302041 -1.535347 
538 10.842719 0.000000 0.331332 95.726915 59.046419 -2.960240 -0.265888 
539 9.646353 0.000000 0.253779 95.383121 -127.788453 15.463164 -1.566694 
540 9.646353 0.000000 0.227927 95.474687 -144.639682 16.268593 -2.030072 
541 9.674175 0.000000 0.253779 90.420838 6.423445 -4.209799 0.176509 
542 9.646353 0.000000 0.279630 88.604239 5.654272 -5.546956 0.208655 
543 9.729820 0.000000 0.176225 93.402209 4.724020 -6.669714 0.120923 
544 9.729820 0.000000 0.124522 93.535360 3.623958 -5.098016 0.121201 
545 9.785465 0.000000 0.176225 95.922560 0.303193 -10.029435 0.069818 
546 9.701998 0.000000 0.253779 91.836168 6.432897 -5.410327 0.149546 
547 9.701998 0.000000 0.227927 91.936216 6.135811 -6.227986 0.147130 
548 9.729820 0.000000 0.253779 91.883798 5.419749 -5.102905 0.150195 
549 9.701998 0.000000 0.279630 91.308406 6.841035 -4.655394 0.159430 
550 11.454813 0.000000 0.227927 100.778682 5.673809 212.058316 -4.515726 
551 11.454813 0.000000 0.021117 99.157640 -20.276603 3.018420 -0.025249 
552 11.677393 0.000000 0.227927 98.062115 12.523092 148.000280 -2.167709 
553 11.454813 0.000000 0.434738 97.319293 28.030097 2.524879 -0.026311 
554 11.120943 0.000000 0.331332 96.042202 54.670673 3.518527 -0.222537 
555 11.120943 0.000000 0.227927 116.712361 -220.575195 397.519899 -21.029726 
556 11.232233 0.000000 0.331332 96.165754 52.858879 5.445989 -0.207157 
557 11.120943 0.000000 0.434738 96.970349 28.918836 1.664793 -0.024232 
558 11.120943 0.000000 0.124522 99.837009 -43.597012 2.974367 -0.187697 
559 11.120943 0.000000 0.021117 98.713062 -19.716776 1.064456 -0.013415 
560 11.232233 0.000000 0.124522 100.056353 -44.173256 5.052331 -0.198808 
561 11.065299 0.000000 0.279630 93.897030 115.412585 17.068277 -1.242804 
562 11.009654 0.000000 0.279630 93.615187 120.529441 12.359290 -1.344390 
563 11.065299 0.000000 0.227927 120.430960 -333.355925 371.709257 -25.379756 
564 11.120943 0.000000 0.279630 94.181766 110.290505 21.193988 -1.148339 
565 11.065299 0.000000 0.331332 95.913239 55.671385 2.046658 -0.230284 
566 11.454813 0.000000 0.641548 98.521703 5.410929 0.628320 0.026380 
567 11.677393 0.000000 0.641548 98.633440 4.982028 1.069078 0.024548 
568 11.454813 0.000000 0.848359 98.864387 3.392329 -0.014212 0.021432 
569 11.343523 0.000000 0.331332 96.260821 51.273896 7.502415 -0.195144 
570 11.343523 0.000000 0.227927 103.176356 -14.205909 266.263048 -7.174318 
571 11.454813 0.000000 0.331332 96.350888 49.583936 9.552861 -0.183332 
572 11.343523 0.000000 0.434738 97.234220 28.424245 2.062379 -0.026668 
573 12.567712 0.000000 0.021117 99.971075 -16.166237 7.911671 -0.031816 
574 12.567712 0.000000 -0.392504 99.387734 -3.526481 5.440685 0.008004 
575 13.012871 0.000000 0.021117 99.816409 -14.181061 8.709676 -0.024028 
576 12.567712 0.000000 0.434738 98.289226 26.295726 9.141097 -0.043580 
577 11.899973 0.000000 0.227927 96.113577 1.721742 113.645742 -1.215614 
578 11.899973 0.000000 0.021117 99.445212 -19.628854 5.860727 -0.030899 
579 12.122552 0.000000 0.227927 96.530030 -7.957581 91.086191 -0.767806 
580 11.899973 0.000000 0.434738 97.611711 26.845203 4.633041 -0.027018 
581 11.566103 0.000000 0.331332 96.431240 48.069650 11.476034 -0.174137 
582 11.566103 0.000000 0.227927 99.438078 12.025364 174.529523 -3.049310 
583 11.677393 0.000000 0.331332 96.460173 46.652961 13.345083 -0.165915 
584 11.566103 0.000000 0.434738 97.409245 27.713085 2.952013 -0.026529 
585 12.567712 0.000000 0.848359 99.718232 4.159033 1.038165 0.003790 
586 13.012871 0.000000 0.848359 99.749598 4.276211 1.599478 0.002917 
587 12.567712 0.000000 1.261980 99.920678 1.648520 1.345526 0.001133 
588 11.899973 0.000000 0.641548 98.771270 4.268660 1.468510 0.022386 
589 12.122552 0.000000 0.641548 98.844201 3.136249 1.835536 0.021662 
590 11.899973 0.000000 0.848359 99.066396 3.622810 0.564846 0.017241 
591 11.788683 0.000000 0.538143 96.130346 32.600205 26.812015 -0.102270 
592 11.677393 0.000000 0.538143 96.440053 19.085684 29.973545 -0.056336 
593 11.788683 0.000000 0.434738 97.569038 27.122708 4.092126 -0.027210 
594 11.899973 0.000000 0.538143 96.717815 37.090518 14.410076 -0.093769 
595 11.788683 0.000000 0.641548 98.707824 4.735090 1.373333 0.023246 
596 12.345132 0.000000 0.641548 99.559484 1.682509 1.092957 0.008388 
597 12.345132 0.000000 0.434738 98.274065 26.650201 7.363954 -0.042225 
598 12.567712 0.000000 0.641548 99.826292 -1.584363 -0.765594 0.003162 
599 12.345132 0.000000 0.848359 99.704376 4.114291 0.690216 0.004163 
600 12.011263 0.000000 0.538143 97.416869 33.472622 6.759035 -0.065615 
601 12.011263 0.000000 0.434738 97.644287 26.639321 5.354710 -0.027273 
602 12.122552 0.000000 0.538143 97.853352 29.465670 3.868510 -0.045847 
603 12.011263 0.000000 0.641548 98.802381 3.718770 1.677640 0.022145 
604 12.345132 0.000000 0.227927 97.613717 -12.668719 74.562587 -0.524851 
605 12.345132 0.000000 0.021117 100.011991 -17.179946 7.292667 -0.035073 
606 12.567712 0.000000 0.227927 97.941573 -15.021178 62.647050 -0.374284 
607 12.233842 0.000000 0.538143 98.090280 26.791234 2.831806 -0.034749 
608 12.233842 0.000000 0.434738 97.730255 26.399475 6.774298 -0.029403 
609 12.345132 0.000000 0.538143 98.738240 25.275085 2.433729 -0.039399 
610 12.233842 0.000000 0.641548 98.960270 2.351831 1.599160 0.019878 
611 22.806381 0.000000 3.743705 99.920238 0.273293 6.268087 -0.002342 
612 22.806381 0.000000 0.434738 99.827028 -2.562217 6.746043 -0.001751 
613 26.367657 0.000000 3.743705 100.043750 0.248793 5.152295 -0.003536 
614 22.806381 0.000000 7.052672 99.596888 0.563179 9.441465 -0.000900 
615 17.464467 0.000000 2.089221 100.234503 0.827943 2.773035 -0.005533 
616 17.464467 0.000000 0.434738 99.271029 -12.266330 11.073523 -0.012782 
617 19.245105 0.000000 2.089221 100.326251 1.322991 2.215423 -0.007202 
618 17.464467 0.000000 3.743705 99.743394 0.343219 7.493616 -0.000502 
619 14.793510 0.000000 1.261980 100.185948 2.719140 1.821496 -0.004794 
620 14.793510 0.000000 0.434738 96.638342 13.079444 33.459330 -0.062957 
621 15.683829 0.000000 1.261980 100.244891 3.165939 1.959345 -0.006290 
622 14.793510 0.000000 2.089221 100.038321 0.372397 3.815189 -0.002236 
623 13.458031 0.000000 0.848359 99.820232 4.133834 1.959008 0.001500 
624 13.458031 0.000000 0.434738 98.188535 24.492960 17.586019 -0.055016 
625 13.903191 0.000000 0.848359 99.913977 3.899562 2.036486 -0.000216 
626 13.458031 0.000000 1.261980 100.021781 1.977439 1.573321 -0.001074 
627 12.790292 0.000000 0.641548 100.624645 -5.613729 -8.817366 -0.023458 
628 12.790292 0.000000 0.434738 98.285694 26.003252 11.293905 -0.046380 
629 13.012871 0.000000 0.641548 101.599255 9.829639 -23.217108 -0.095806 
630 12.790292 0.000000 0.848359 99.744879 4.258100 1.391293 0.003089 
631 22.806381 0.000000 -2.874230 99.518673 -0.786223 9.196943 0.001083 
632 22.806381 0.000000 -6.183197 99.394545 -0.524977 10.141617 0.001760 
633 26.367657 0.000000 -2.874230 99.527621 -0.764369 9.389224 0.000551 
634 17.464467 0.000000 -1.219746 99.591984 -1.033739 8.067689 0.001528 
635 17.464467 0.000000 -2.874230 99.479239 -0.764778 9.066203 0.002110 
636 19.245105 0.000000 -1.219746 99.619303 -1.019654 8.207023 0.000760 
637 14.793510 0.000000 -0.392504 99.622655 -2.763314 6.723761 0.002248 
638 14.793510 0.000000 -1.219746 99.478771 -1.032120 7.865941 0.004104 
639 15.683829 0.000000 -0.392504 99.653227 -2.339234 6.884495 0.001637 
640 13.458031 0.000000 0.021117 99.730104 -12.547838 8.800180 -0.018099 
641 13.458031 0.000000 -0.392504 99.524865 -3.335351 6.320524 0.004373 
642 13.903191 0.000000 0.021117 99.695053 -11.055003 8.645724 -0.013607 
643 12.790292 0.000000 0.227927 98.126491 -16.183062 53.588046 -0.276238 
644 12.790292 0.000000 0.021117 99.890370 -15.118083 8.465422 -0.027831 
645 13.012871 0.000000 0.227927 98.257668 -16.864568 46.681548 -0.211815 
646 12.679002 0.000000 0.538143 98.894017 22.125460 3.649869 -0.028288 
647 12.567712 0.000000 0.538143 98.868445 22.859162 3.080185 -0.030700 
648 12.679002 0.000000 0.434738 98.294913 26.153535 10.133687 -0.044859 
649 12.790292 0.000000 0.538143 98.919871 21.577369 4.282038 -0.026906 
650 12.679002 0.000000 0.641548 100.083601 -3.834536 -3.196410 -0.004165 
651 13.235451 0.000000 0.641548 100.312542 22.474134 -9.190358 -0.065216 
652 13.235451 0.000000 0.434738 98.236384 25.137282 15.412462 -0.051981 
653 13.458031 0.000000 0.641548 99.745483 20.859590 -1.287113 -0.038594 
654 13.235451 0.000000 0.848359 99.784760 4.208325 1.812131 0.002201 
655 19.245105 0.000000 40.142345 99.404291 0.099276 11.104650 -0.000454 
656 5.000000 0.000000 40.142345 99.407415 0.070214 11.123350 -0.000557 
657 33.490210 0.000000 40.142345 99.396835 0.124691 11.093059 -0.000280 
658 19.245105 0.000000 53.378214 99.393151 0.071458 11.125143 -0.000277 
659 12.122552 0.000000 20.288541 99.500405 0.140167 10.983429 -0.002099 
660 5.000000 0.000000 20.288541 99.511424 0.092207 11.061418 -0.002489 
661 19.245105 0.000000 20.288541 99.463545 0.189110 10.938344 -0.001268 
662 12.122552 0.000000 26.906476 99.447694 0.098462 11.062653 -0.001224 
663 15.683829 0.000000 10.361640 99.572087 0.326876 10.401466 -0.002290 
664 12.122552 0.000000 10.361640 99.563920 0.180781 10.531502 -0.002392 
665 19.245105 0.000000 10.361640 99.548391 0.395036 10.324917 -0.001664 
666 15.683829 0.000000 13.670607 99.544856 0.250048 10.702510 -0.002378 
667 13.903191 0.000000 5.398189 99.624249 0.305173 9.153917 -0.000888 
668 12.122552 0.000000 5.398189 99.684924 0.211733 9.203631 -0.002184 
669 15.683829 0.000000 5.398189 99.605485 0.496210 9.082447 -0.000399 
670 13.903191 0.000000 7.052672 99.589012 0.291528 9.825218 -0.001459 
671 13.012871 0.000000 2.916463 99.679702 0.062547 6.781861 0.001796 
672 12.122552 0.000000 2.916463 99.739136 0.162578 6.809881 0.000570 
673 13.903191 0.000000 2.916463 99.718822 0.308502 6.611713 0.001235 
674 13.012871 0.000000 3.743705 99.687983 0.266041 7.920026 -0.000049 
675 13.458031 0.000000 1.675600 99.996188 0.641900 2.695092 -0.000691 
676 13.012871 0.000000 1.675600 99.930301 0.603469 2.834756 0.000553 
677 13.903191 0.000000 1.675600 100.064162 0.756488 2.581899 -0.002008 
678 13.458031 0.000000 2.089221 99.873631 0.152904 4.303942 0.000671 
679 13.235451 0.000000 1.055169 99.925288 2.975445 1.424772 0.000405 
680 13.012871 0.000000 1.055169 99.899107 2.961541 1.301378 0.000970 
681 13.458031 0.000000 1.055169 99.954887 3.069095 1.522010 -0.000272 
682 13.235451 0.000000 1.261980 99.988812 1.864179 1.571561 -0.000371 
683 13.124161 0.000000 0.744953 99.723619 3.775589 1.640913 0.003825 
684 13.012871 0.000000 0.744953 99.687700 4.055237 1.628504 0.004327 
685 13.124161 0.000000 0.641548 100.939154 20.065730 -16.753412 -0.087202 
686 13.235451 0.000000 0.744953 99.779270 3.436351 1.438263 0.003022 
687 13.124161 0.000000 0.848359 99.760711 4.249842 1.764873 0.002662 
688 14.348350 0.000000 0.848359 100.117934 3.427131 1.174171 -0.003672 
689 14.348350 0.000000 0.434738 97.695637 19.453511 27.357044 -0.067128 
690 14.793510 0.000000 0.848359 100.595823 3.509927 -2.331344 -0.013727 
691 14.348350 0.000000 1.261980 100.159577 2.497089 1.615110 -0.004078 
692 13.680611 0.000000 0.641548 99.559945 19.132829 2.021281 -0.028233 
693 13.680611 0.000000 0.434738 98.118019 23.734816 19.915380 -0.058711 
694 13.903191 0.000000 0.641548 99.476316 18.119693 3.905394 -0.023911 
695 13.680611 0.000000 0.848359 99.861305 4.055440 2.057611 0.000704 
696 13.346741 0.000000 0.744953 99.839857 3.037013 1.161946 0.002143 
697 13.346741 0.000000 0.641548 99.944604 21.917452 -4.258319 -0.048743 
698 13.458031 0.000000 0.744953 99.924169 2.615461 0.638555 0.000791 
699 13.346741 0.000000 0.848359 99.799714 4.159656 1.912617 0.001906 
700 13.680611 0.000000 1.055169 99.978733 3.183716 1.651325 -0.000861 
701 13.903191 0.000000 1.055169 100.004950 3.289514 1.763690 -0.001492 
702 13.680611 0.000000 1.261980 100.044701 2.081169 1.636360 -0.001595 
703 13.569321 0.000000 0.744953 100.037285 2.203504 -0.181235 -0.001235 
704 13.569321 0.000000 0.641548 99.630837 19.914624 0.639743 -0.032331 
705 13.680611 0.000000 0.744953 100.190470 1.861929 -1.420387 -0.004361 
706 13.569321 0.000000 0.848359 99.840894 4.113834 2.000318 0.001087 
707 14.348350 0.000000 0.021117 99.659955 -9.694471 8.329805 -0.009548 
708 14.348350 0.000000 -0.392504 99.599927 -2.959113 6.519264 0.002860 
709 14.793510 0.000000 0.021117 99.553189 -8.433645 7.801522 -0.004283 
710 14.125770 0.000000 0.641548 99.423548 17.581329 5.276362 -0.022199 
711 14.125770 0.000000 0.434738 97.881642 21.278048 24.884609 -0.065281 
712 14.348350 0.000000 0.641548 99.394104 17.396010 6.338883 -0.022199 
713 14.125770 0.000000 0.848359 99.990342 3.671866 1.815047 -0.001485 
714 14.793510 0.000000 2.916463 99.776929 0.186175 6.505421 0.000221 
715 15.683829 0.000000 2.916463 99.841560 0.206022 6.220940 -0.000708 
716 14.793510 0.000000 3.743705 99.682430 0.315773 7.825917 0.000207 
717 14.348350 0.000000 1.675600 100.149453 0.948393 2.391695 -0.003653 
718 14.793510 0.000000 1.675600 100.160479 1.090220 2.438675 -0.003926 
719 14.348350 0.000000 2.089221 99.958620 0.415820 4.057948 -0.000837 
720 14.125770 0.000000 1.055169 100.044297 3.439143 1.823538 -0.002401 
721 14.348350 0.000000 1.055169 100.076598 3.533032 1.949215 -0.003161 
722 14.125770 0.000000 1.261980 100.119274 2.381914 1.645841 -0.003225 
723 14.014480 0.000000 0.744953 100.843457 5.468099 -7.819856 -0.026045 
724 13.903191 0.000000 0.744953 100.636373 2.936811 -5.617795 -0.016786 
725 14.014480 0.000000 0.641548 99.448906 17.792860 4.619041 -0.022801 
726 14.125770 0.000000 0.744953 100.888777 9.301585 -8.536855 -0.033794 
727 14.014480 0.000000 0.848359 99.948674 3.784292 1.956793 -0.000789 
728 16.574148 0.000000 1.261980 100.259674 3.641859 2.181064 -0.007002 
729 16.574148 0.000000 0.434738 98.385466 -15.259470 18.697516 -0.026215 
730 17.464467 0.000000 1.261980 100.272246 3.833096 2.286410 -0.007444 
731 16.574148 0.000000 2.089221 100.184543 0.663508 3.077269 -0.004685 
732 15.238669 0.000000 0.848359 100.988406 13.183913 -5.165805 -0.039916 
733 15.238669 0.000000 0.434738 96.232477 1.775085 37.162336 -0.064488 
734 15.683829 0.000000 0.848359 100.180854 16.624385 2.383816 -0.031826 
735 15.238669 0.000000 1.261980 100.225399 2.938397 1.869156 -0.005726 
736 14.570930 0.000000 0.641548 99.358450 17.418498 7.636766 -0.023383 
737 14.570930 0.000000 0.434738 97.213528 16.942782 30.144703 -0.064623 
738 14.793510 0.000000 0.641548 99.297649 17.755516 9.062323 -0.025741 
739 14.570930 0.000000 0.848359 100.287495 3.213125 0.113392 -0.006792 
740 14.237060 0.000000 0.744953 100.754032 12.958464 -7.271995 -0.037218 
741 14.237060 0.000000 0.641548 99.409145 17.481681 5.829896 -0.022177 
742 14.348350 0.000000 0.744953 100.534051 15.227974 -4.952596 -0.036351 
743 14.237060 0.000000 0.848359 100.045440 3.573963 1.604714 -0.002444 
744 14.570930 0.000000 1.055169 100.107349 3.618871 2.013403 -0.003863 
745 14.793510 0.000000 1.055169 100.116699 3.719104 2.182567 -0.004195 
746 14.570930 0.000000 1.261980 100.178226 2.583489 1.711765 -0.004528 
747 14.459640 0.000000 0.744953 100.325293 16.256200 -2.497477 -0.033567 
748 14.459640 0.000000 0.641548 99.373833 17.371711 6.967946 -0.022549 
749 14.570930 0.000000 0.744953 100.199874 16.576104 -0.442902 -0.031498 
750 14.459640 0.000000 0.848359 100.194712 3.295714 0.740143 -0.005039 
751 21.025743 0.000000 2.089221 100.390624 2.083501 1.808591 -0.008589 
752 21.025743 0.000000 0.434738 99.842056 -3.872295 6.469670 -0.002529 
753 22.806381 0.000000 2.089221 100.394749 3.025084 1.853574 -0.009169 
754 21.025743 0.000000 3.743705 99.870263 0.318564 6.700412 -0.001907 
755 18.354786 0.000000 1.261980 100.623844 3.034268 -0.667585 -0.013481 
756 18.354786 0.000000 0.434738 99.631248 -9.016970 8.084864 -0.007306 
757 19.245105 0.000000 1.261980 100.477473 16.506384 0.764999 -0.036877 
758 18.354786 0.000000 2.089221 100.281968 1.035507 2.492503 -0.006376 
759 21.025743 0.000000 -1.219746 99.622573 -0.981601 8.227125 0.000669 
760 21.025743 0.000000 -2.874230 99.502037 -0.782407 9.081197 0.001626 
761 22.806381 0.000000 -1.219746 99.627508 -0.966121 8.377239 0.000325 
762 20.135424 0.000000 1.261980 99.701905 17.155353 7.776023 -0.029524 
763 20.135424 0.000000 0.434738 99.829345 -4.987963 6.534898 -0.003348 
764 21.025743 0.000000 1.261980 98.899395 19.450652 14.985759 -0.038399 
765 20.135424 0.000000 2.089221 100.371325 1.682050 1.941012 -0.008100 
766 40.612762 0.000000 7.052672 99.686346 0.497562 8.391243 -0.000803 
767 40.612762 0.000000 0.434738 99.640377 -0.667228 8.737496 -0.000499 
768 47.735315 0.000000 7.052672 99.798241 0.790002 7.387587 -0.001489 
769 40.612762 0.000000 13.670607 99.453825 0.394086 10.516630 -0.000182 
770 29.928934 0.000000 3.743705 100.207387 0.463589 3.696723 -0.005540 
771 29.928934 0.000000 0.434738 99.732774 -1.202667 7.817861 -0.000919 
772 33.490210 0.000000 3.743705 100.356069 1.176096 2.378025 -0.007838 
773 29.928934 0.000000 7.052672 99.608107 0.596922 9.142211 -0.000571 
774 24.587019 0.000000 2.089221 100.352373 3.822361 2.273689 -0.009038 
775 24.587019 0.000000 0.434738 99.800445 -1.900312 7.063351 -0.001363 
776 26.367657 0.000000 2.089221 101.054598 14.532406 -3.954575 -0.043886 
777 24.587019 0.000000 3.743705 99.975922 0.242189 5.760734 -0.002843 
778 21.916062 0.000000 1.261980 97.347360 16.865034 28.883118 -0.059517 
779 21.916062 0.000000 0.434738 99.838305 -3.104271 6.578084 -0.002059 
780 22.806381 0.000000 1.261980 96.526986 -3.524915 36.247050 -0.064373 
781 21.916062 0.000000 2.089221 100.399026 2.546045 1.779970 -0.008962 
782 40.612762 0.000000 -6.183197 99.436181 -0.412219 10.502141 0.000198 
783 40.612762 0.000000 -12.801131 99.389936 -0.253173 10.881043 0.000318 
784 47.735315 0.000000 -6.183197 99.431880 -0.502444 10.584917 0.000101 
785 29.928934 0.000000 -2.874230 99.526000 -0.737774 9.562492 0.000259 
786 29.928934 0.000000 -6.183197 99.432963 -0.510269 10.319546 0.000633 
787 33.490210 0.000000 -2.874230 99.518780 -0.709001 9.703984 0.000134 
788 24.587019 0.000000 -1.219746 99.625724 -0.952120 8.499886 0.000156 
789 24.587019 0.000000 -2.874230 99.525076 -0.779146 9.294070 0.000777 
790 26.367657 0.000000 -1.219746 99.621511 -0.930354 8.632220 0.000017 
791 23.696700 0.000000 1.261980 98.102556 -15.271940 22.232243 -0.035162 
792 23.696700 0.000000 0.434738 99.814313 -2.178265 6.894793 -0.001518 
793 24.587019 0.000000 1.261980 99.194605 -13.331249 12.529354 -0.017428 
794 23.696700 0.000000 2.089221 100.373511 3.497965 2.064540 -0.009134 
795 28.148295 0.000000 2.089221 99.210995 18.806465 12.505686 -0.035290 
796 28.148295 0.000000 0.434738 99.752136 -1.328231 7.608653 -0.001014 
797 29.928934 0.000000 2.089221 96.454399 3.355408 37.100056 -0.069112 
798 28.148295 0.000000 3.743705 100.124108 0.310851 4.440391 -0.004465 
799 37.051486 0.000000 3.743705 100.409608 2.754000 1.906297 -0.009331 
800 37.051486 0.000000 0.434738 99.672740 -0.997196 8.428970 -0.000670 
801 40.612762 0.000000 3.743705 96.976387 24.326865 32.519581 -0.105374 
802 37.051486 0.000000 7.052672 99.655520 0.578668 8.673448 -0.000679 
803 31.709572 0.000000 2.089221 98.983285 -14.293463 14.568882 -0.021425 
804 31.709572 0.000000 0.434738 99.715752 -1.122359 7.994705 -0.000841 
805 33.490210 0.000000 2.089221 99.783532 -7.893021 7.445980 -0.007450 
806 31.709572 0.000000 3.743705 100.288668 0.737514 2.975624 -0.006722 
807 26.367657 0.000000 20.288541 99.437914 0.224333 10.915864 -0.000711 
808 33.490210 0.000000 20.288541 99.421090 0.231291 10.905469 -0.000354 
809 26.367657 0.000000 26.906476 99.417971 0.146200 11.025193 -0.000551 
810 29.928934 0.000000 10.361640 99.499684 0.492236 10.190027 -0.000427 
811 26.367657 0.000000 10.361640 99.503403 0.467676 10.245664 -0.000612 
812 33.490210 0.000000 10.361640 99.501645 0.513521 10.122315 -0.000330 
813 29.928934 0.000000 13.670607 99.459538 0.375716 10.602235 -0.000475 
814 28.148295 0.000000 5.398189 99.725273 0.504887 8.059891 -0.001035 
815 26.367657 0.000000 5.398189 99.707033 0.528114 8.243065 -0.000972 
816 29.928934 0.000000 5.398189 99.748153 0.474196 7.844276 -0.001145 
817 28.148295 0.000000 7.052672 99.600362 0.593796 9.233802 -0.000585 
818 29.038614 0.000000 2.916463 100.409414 2.410558 1.862813 -0.009133 
819 28.148295 0.000000 2.916463 100.402254 1.961701 1.922095 -0.008816 
820 29.038614 0.000000 2.089221 97.883155 18.999237 24.353910 -0.053520 
821 29.928934 0.000000 2.916463 100.405857 2.890276 1.899771 -0.009330 
822 29.038614 0.000000 3.743705 100.164889 0.374382 4.073907 -0.004974 
823 31.709572 0.000000 5.398189 99.775731 0.436424 7.591767 -0.001302 
824 33.490210 0.000000 5.398189 99.808599 0.392400 7.294290 -0.001512 
825 31.709572 0.000000 7.052672 99.617773 0.597191 9.040452 -0.000579 
826 30.819253 0.000000 2.916463 100.387054 3.368425 2.072070 -0.009320 
827 30.819253 0.000000 2.089221 97.639841 -14.171393 26.539191 -0.043870 
828 31.709572 0.000000 2.916463 100.360690 3.771754 2.311348 -0.009184 
829 30.819253 0.000000 3.743705 100.249113 0.583143 3.326517 -0.006129 
830 37.051486 0.000000 -2.874230 99.510477 -0.680502 9.832317 0.000053 
831 37.051486 0.000000 -6.183197 99.437756 -0.482533 10.444324 0.000282 
832 40.612762 0.000000 -2.874230 99.499997 -0.556507 9.958940 0.000026 
833 35.270848 0.000000 2.089221 99.882408 -4.473335 6.573795 -0.003972 
834 35.270848 0.000000 0.434738 99.686129 -1.028249 8.293897 -0.000717 
835 37.051486 0.000000 2.089221 99.863508 -2.858974 6.751429 -0.002648 
836 35.270848 0.000000 3.743705 100.399857 1.846368 1.990664 -0.008750 
837 32.599891 0.000000 2.916463 100.403416 3.591781 1.934276 -0.009749 
838 32.599891 0.000000 2.089221 99.561205 -10.793349 9.422649 -0.011772 
839 33.490210 0.000000 2.916463 101.305273 7.702323 -6.102443 -0.035932 
840 32.599891 0.000000 3.743705 100.324736 0.932502 2.655747 -0.007298 
841 47.735315 0.000000 40.142345 99.391330 0.143747 11.086687 -0.000157 
842 61.980419 0.000000 40.142345 99.388471 0.106670 11.081849 -0.000089 
843 47.735315 0.000000 53.378214 99.387219 0.067143 11.115208 -0.000137 
844 40.612762 0.000000 20.288541 99.415704 0.320584 10.887467 -0.000212 
845 47.735315 0.000000 20.288541 99.414138 0.342250 10.866548 -0.000137 
846 40.612762 0.000000 26.906476 99.403598 0.225188 11.007842 -0.000230 
847 37.051486 0.000000 10.361640 99.505298 0.533363 10.048629 -0.000256 
848 40.612762 0.000000 10.361640 99.512928 0.508857 9.965817 -0.000240 
849 37.051486 0.000000 13.670607 99.452324 0.379476 10.552929 -0.000227 
850 35.270848 0.000000 5.398189 99.847973 0.344297 6.940259 -0.001790 
851 37.051486 0.000000 5.398189 99.894830 0.296860 6.518827 -0.002156 
852 35.270848 0.000000 7.052672 99.642284 0.588660 8.803695 -0.000644 
853 34.380529 0.000000 2.916463 100.091263 16.561810 4.723906 -0.031487 
854 34.380529 0.000000 2.089221 99.862538 -5.860974 6.746512 -0.005239 
855 35.270848 0.000000 2.916463 99.448440 18.093849 10.457749 -0.032674 
856 34.380529 0.000000 3.743705 100.381484 1.478002 2.152994 -0.008326 
857 54.857867 0.000000 7.052672 100.010386 0.810921 5.494339 -0.003292 
858 54.857867 0.000000 0.434738 99.564118 -0.892224 9.450361 -0.000312 
859 61.980419 0.000000 7.052672 100.354681 1.860689 2.424401 -0.008040 
860 54.857867 0.000000 13.670607 99.471789 0.595547 10.316747 -0.000143 
861 44.174038 0.000000 3.743705 100.030778 -4.558369 5.293171 -0.005495 
862 44.174038 0.000000 0.434738 99.619369 -0.674996 8.937080 -0.000435 
863 47.735315 0.000000 3.743705 99.920031 -1.916467 6.283819 -0.002717 
864 44.174038 0.000000 7.052672 99.730382 0.445727 7.994833 -0.001027 
865 38.832124 0.000000 2.089221 99.828893 -2.053476 7.067253 -0.001997 
866 38.832124 0.000000 0.434738 99.660069 -0.971348 8.554485 -0.000625 
867 40.612762 0.000000 2.089221 99.764289 -0.467404 7.648742 -0.001164 
868 38.832124 0.000000 3.743705 100.368221 3.679639 2.278166 -0.009251 
869 36.161167 0.000000 2.916463 98.355984 19.761057 20.199674 -0.047243 
870 36.161167 0.000000 2.089221 99.877948 -3.521248 6.616959 -0.003179 
871 37.051486 0.000000 2.916463 96.669359 9.957616 35.239645 -0.068595 
872 36.161167 0.000000 3.743705 100.410219 2.279529 1.899809 -0.009102 
873 54.857867 0.000000 -6.183197 99.426887 -0.473846 10.652970 0.000058 
874 54.857867 0.000000 -12.801131 99.394288 -0.304792 10.927518 0.000127 
875 61.980419 0.000000 -6.183197 99.422098 -0.447673 10.709521 0.000035 
876 44.174038 0.000000 -2.874230 99.491447 -0.537971 10.054960 0.000006 
877 44.174038 0.000000 -6.183197 99.434160 -0.400844 10.545852 0.000147 
878 47.735315 0.000000 -2.874230 99.483455 -0.683778 10.140580 -0.000026 
879 42.393400 0.000000 2.089221 99.743588 -0.496787 7.837733 -0.001046 
880 42.393400 0.000000 0.434738 99.629724 -0.672746 8.839138 -0.000466 
881 44.174038 0.000000 2.089221 99.725933 -0.531947 7.998918 -0.000953 
882 42.393400 0.000000 3.743705 99.820957 -11.364322 7.161838 -0.014466 
883 38.832124 0.000000 5.398189 99.941410 0.259592 6.102073 -0.002559 
884 40.612762 0.000000 5.398189 100.007515 0.272222 5.512447 -0.003196 
885 38.832124 0.000000 7.052672 99.668132 0.515773 8.556482 -0.000722 
886 39.722443 0.000000 2.916463 99.959237 -1.489120 5.916966 -0.002908 
887 38.832124 0.000000 2.916463 98.700223 -15.060617 17.139138 -0.026231 
888 39.722443 0.000000 2.089221 99.776235 -0.458714 7.539736 -0.001236 
889 40.612762 0.000000 2.916463 99.928342 -1.102303 6.194244 -0.002526 
890 39.722443 0.000000 3.743705 99.790791 14.608914 7.427428 -0.022679 
891 44.174038 0.000000 10.361640 99.523513 0.523949 9.860905 -0.000244 
892 47.735315 0.000000 10.361640 99.537072 0.740238 9.732850 -0.000290 
893 44.174038 0.000000 13.670607 99.456887 0.533771 10.473451 -0.000165 
894 42.393400 0.000000 5.398189 100.083322 0.347811 4.836556 -0.004018 
895 44.174038 0.000000 5.398189 100.164936 0.524676 4.109047 -0.005017 
896 42.393400 0.000000 7.052672 99.706926 0.474338 8.205600 -0.000903 
897 41.503081 0.000000 4.570947 100.340914 1.926140 2.532708 -0.007842 
898 40.612762 0.000000 4.570947 100.318335 1.498453 2.733479 -0.007349 
899 41.503081 0.000000 3.743705 98.477494 -22.137203 19.138027 -0.055414 
900 42.393400 0.000000 4.570947 100.355107 2.485025 2.406686 -0.008312 
901 41.503081 0.000000 5.398189 100.044356 0.299947 5.183955 -0.003584 
902 51.296591 0.000000 3.743705 99.825254 -1.223638 7.131411 -0.001744 
903 51.296591 0.000000 0.434738 99.581092 -0.928025 9.293988 -0.000363 
904 54.857867 0.000000 3.743705 99.767722 -1.079578 7.646479 -0.001323 
905 51.296591 0.000000 7.052672 99.885113 0.765998 6.611862 -0.002134 
906 45.954676 0.000000 5.398189 100.294788 1.504770 2.951581 -0.007002 
907 45.954676 0.000000 3.743705 99.976934 -2.896325 5.774974 -0.003713 
908 47.735315 0.000000 5.398189 100.376348 2.036315 2.224740 -0.008451 
909 45.954676 0.000000 7.052672 99.764974 0.805031 7.685111 -0.001276 
910 43.283719 0.000000 4.570947 100.358561 3.222522 2.376408 -0.008787 
911 43.283719 0.000000 3.743705 100.000847 -6.846333 5.559069 -0.007794 
912 44.174038 0.000000 4.570947 100.346793 4.211672 2.481817 -0.009338 
913 43.283719 0.000000 5.398189 100.123809 0.420880 4.475638 -0.004499 
914 45.954676 0.000000 2.089221 99.708374 -1.054874 8.158846 -0.000944 
915 45.954676 0.000000 0.434738 99.609114 -0.979132 9.033474 -0.000454 
916 47.735315 0.000000 2.089221 99.694609 -1.053856 8.284389 -0.000876 
917 45.064357 0.000000 4.570947 100.308208 5.613498 2.826297 -0.010124 
918 45.064357 0.000000 3.743705 100.021831 -3.175629 5.373819 -0.004333 
919 45.954676 0.000000 4.570947 100.280754 8.484110 3.071545 -0.013764 
920 45.064357 0.000000 5.398189 100.205566 0.665327 3.746916 -0.005564 
921 54.857867 0.000000 20.288541 99.414752 0.363133 10.841490 -0.000096 
922 61.980419 0.000000 20.288541 99.416804 0.384343 10.811662 -0.000074 
923 54.857867 0.000000 26.906476 99.399178 0.253048 10.991163 -0.000107 
924 51.296591 0.000000 10.361640 99.552126 0.765448 9.593891 -0.000325 
925 54.857867 0.000000 10.361640 99.569677 0.789163 9.434127 -0.000375 
926 51.296591 0.000000 13.670607 99.465868 0.574385 10.375043 -0.000143 
927 49.515953 0.000000 5.398189 100.434856 2.907396 1.703444 -0.009852 
928 49.515953 0.000000 3.743705 99.867171 -1.444143 6.756467 -0.002119 
929 51.296591 0.000000 5.398189 100.439238 4.462287 1.664728 -0.011072 
930 49.515953 0.000000 7.052672 99.837739 0.775208 7.034743 -0.001766 
931 51.296591 0.000000 -2.874230 99.475956 -0.658067 10.217736 -0.000030 
932 51.296591 0.000000 -6.183197 99.429387 -0.487846 10.620570 0.000076 
933 54.857867 0.000000 -2.874230 99.469043 -0.633773 10.287129 -0.000032 
934 49.515953 0.000000 2.089221 99.681687 -1.050958 8.402052 -0.000814 
935 49.515953 0.000000 0.434738 99.590100 -0.945604 9.210609 -0.000392 
936 51.296591 0.000000 2.089221 99.669380 -1.045608 8.513937 -0.000757 
937 48.625634 0.000000 4.570947 96.975240 -23.099557 32.542201 -0.099678 
938 47.735315 0.000000 4.570947 98.563349 23.590372 18.383461 -0.060919 
939 48.625634 0.000000 3.743705 99.892364 -1.636553 6.531188 -0.002382 
940 49.515953 0.000000 4.570947 99.681025 -13.569133 8.420002 -0.019132 
941 48.625634 0.000000 5.398189 100.409848 2.413882 1.926231 -0.009167 
942 58.419143 0.000000 3.743705 99.729395 -1.057434 7.989955 -0.001091 
943 58.419143 0.000000 0.434738 99.548549 -0.856498 9.593105 -0.000267 
944 61.980419 0.000000 3.743705 99.699597 -1.055618 8.257107 -0.000930 
945 58.419143 0.000000 7.052672 100.178328 1.089651 3.996753 -0.005286 
946 53.077229 0.000000 5.398189 100.319343 7.702084 2.733968 -0.013077 
947 53.077229 0.000000 3.743705 99.793040 -1.123187 7.419733 -0.001496 
948 54.857867 0.000000 5.398189 99.323524 19.755054 11.612254 -0.039027 
949 53.077229 0.000000 7.052672 99.942166 0.772318 6.102827 -0.002628 
950 50.406272 0.000000 4.570947 99.965576 -8.021834 5.883584 -0.009208 
951 50.406272 0.000000 3.743705 99.844834 -1.312814 6.956240 -0.001910 
952 51.296591 0.000000 4.570947 100.010803 -5.475923 5.480760 -0.006219 
953 50.406272 0.000000 5.398189 100.446811 3.565505 1.597038 -0.010483 
954 53.077229 0.000000 2.089221 99.657551 -1.037731 8.621307 -0.000703 
955 53.077229 0.000000 0.434738 99.572430 -0.910178 9.373900 -0.000337 
956 54.857867 0.000000 2.089221 99.646124 -1.027509 8.724879 -0.000653 
957 52.186910 0.000000 4.570947 100.005644 -4.031808 5.527138 -0.004793 
958 52.186910 0.000000 3.743705 99.808114 -1.163443 7.284800 -0.001608 
959 53.077229 0.000000 4.570947 99.984641 -3.101652 5.714746 -0.003921 
960 52.186910 0.000000 5.398189 100.402856 5.734487 1.989251 -0.011758 
961 58.419143 0.000000 10.361640 99.590143 0.810260 9.249344 -0.000440 
962 61.980419 0.000000 10.361640 99.614155 0.827082 9.033611 -0.000527 
963 58.419143 0.000000 13.670607 99.478664 0.617430 10.251403 -0.000148 
964 56.638505 0.000000 5.398189 99.430389 -16.383993 10.659887 -0.026847 
965 56.638505 0.000000 3.743705 99.747026 -1.062636 7.831923 -0.001194 
966 58.419143 0.000000 5.398189 100.006220 -6.042930 5.526591 -0.006830 
967 56.638505 0.000000 7.052672 100.089951 0.906550 4.784791 -0.004171 
968 53.967548 0.000000 4.570947 99.957524 -2.463190 5.956851 -0.003306 
969 53.967548 0.000000 3.743705 99.779680 -1.096662 7.539373 -0.001403 
970 54.857867 0.000000 4.570947 99.928565 -2.016750 6.215370 -0.002842 
971 53.967548 0.000000 5.398189 100.121886 11.294319 4.494517 -0.017215 
972 56.638505 0.000000 8.707156 99.704418 0.831093 8.226836 -0.000934 
973 54.857867 0.000000 8.707156 99.683443 0.836165 8.414582 -0.000829 
974 58.419143 0.000000 8.707156 99.728240 0.822468 8.013843 -0.001062 
975 56.638505 0.000000 10.361640 99.579512 0.800129 9.345183 -0.000405 
976 55.748186 0.000000 6.225430 100.401051 2.296918 2.008732 -0.008968 
977 54.857867 0.000000 6.225430 100.365728 1.945567 2.323610 -0.008246 
978 55.748186 0.000000 5.398189 94.986709 -7.291032 50.276010 -0.160331 
979 56.638505 0.000000 6.225430 100.428867 2.753309 1.760787 -0.009664 
980 55.748186 0.000000 7.052672 100.048829 0.849779 5.151498 -0.003703 
981 60.199781 0.000000 5.398189 99.991644 -3.329663 5.656878 -0.004142 
982 60.199781 0.000000 3.743705 99.713807 -1.056380 8.129707 -0.001005 
983 61.980419 0.000000 5.398189 99.936955 -2.127729 6.144777 -0.002968 
984 60.199781 0.000000 7.052672 100.269472 1.392304 3.184104 -0.006604 
985 60.199781 0.000000 8.707156 99.755631 0.810376 7.769143 -0.001220 
986 61.980419 0.000000 8.707156 99.787552 0.795571 7.484144 -0.001420 
987 60.199781 0.000000 10.361640 99.601655 0.819334 9.145812 -0.000481 
988 59.309462 0.000000 6.225430 100.416884 5.322697 1.867779 -0.011537 
989 58.419143 0.000000 6.225430 100.443861 4.177728 1.627213 -0.010907 
990 59.309462 0.000000 5.398189 100.009609 -4.374039 5.496553 -0.005127 
991 60.199781 0.000000 6.225430 100.349886 7.039408 2.465145 -0.012573 
992 59.309462 0.000000 7.052672 100.224053 1.223883 3.589055 -0.005924 
993 61.090100 0.000000 6.225430 100.199489 9.999348 3.806030 -0.015441 
994 61.090100 0.000000 5.398189 99.965711 -2.621760 5.888244 -0.003469 
995 61.980419 0.000000 6.225430 99.711289 16.483453 8.158509 -0.028061 
996 61.090100 0.000000 7.052672 100.313437 1.601136 2.792114 -0.007315 
997 -9.245105 0.000000 40.142345 99.401178 0.045547 11.140359 -0.000470 
998 -23.490210 0.000000 40.142345 99.392107 0.029285 11.148301 -0.000308 
999 -9.245105 0.000000 53.378214 99.391953 0.025089 11.141079 -0.000288 
1000 47.735315 0.000000 -39.272870 99.370817 -0.107243 11.106530 0.000207 
1001 47.735315 0.000000 -52.508739 99.370893 -0.067277 11.124148 0.000167 
1002 61.980419 0.000000 -39.272870 99.374524 -0.075361 11.108845 0.000129 
1003 -9.245105 0.000000 -39.272870 99.355722 -0.035843 11.140940 0.000432 
1004 -23.490210 0.000000 -39.272870 99.363128 -0.022001 11.148082 0.000269 
1005 -9.245105 0.000000 -52.508739 99.363785 -0.019920 11.141927 0.000270 
1006 -2.122552 0.000000 20.288541 99.479175 0.059825 11.128863 -0.001996 
1007 -9.245105 0.000000 20.288541 99.439396 0.036113 11.158265 -0.001270 
1008 -2.122552 0.000000 26.906476 99.440523 0.052382 11.127567 -0.001224 
1009 26.367657 0.000000 -19.419066 99.345819 -0.180032 10.980010 0.000982 
1010 26.367657 0.000000 -26.037001 99.352124 -0.115763 11.055516 0.000692 
1011 33.490210 0.000000 -19.419066 99.366247 -0.171725 10.993948 0.000545 
1012 8.561276 0.000000 10.361640 99.611545 -0.127542 10.674409 -0.003642 
1013 5.000000 0.000000 10.361640 99.665434 -0.146914 10.858765 -0.005113 
1014 8.561276 0.000000 13.670607 99.670178 0.057513 10.846463 -0.005179 
1015 -2.122552 0.000000 -19.419066 99.284743 -0.044742 11.126247 0.001874 
1016 -9.245105 0.000000 -19.419066 99.319292 -0.026225 11.152475 0.001130 
1017 -2.122552 0.000000 -26.037001 99.321712 -0.041098 11.128199 0.001136 
1018 1.438724 0.000000 10.361640 99.650229 -0.096510 11.096437 -0.005331 
1019 -2.122552 0.000000 10.361640 99.557506 -0.270012 11.188191 -0.003695 
1020 1.438724 0.000000 13.670607 99.625291 -0.116661 11.093738 -0.004828 
1021 15.683829 0.000000 -9.492164 99.295018 -0.275664 10.611353 0.002782 
1022 15.683829 0.000000 -12.801131 99.248623 -0.176416 10.781686 0.003343 
1023 19.245105 0.000000 -9.492164 99.316859 -0.338299 10.561820 0.002449 
1024 10.341914 0.000000 5.398189 99.734674 0.259412 9.362476 -0.003473 
1025 8.561276 0.000000 5.398189 100.210182 0.148367 9.416691 -0.013078 
1026 10.341914 0.000000 7.052672 99.754860 -0.000388 9.986533 -0.005076 
1027 6.780638 0.000000 5.398189 100.483226 0.262005 9.926621 -0.019549 
1028 5.000000 0.000000 5.398189 100.620083 -0.037543 10.547640 -0.023566 
1029 6.780638 0.000000 7.052672 99.925418 -0.308087 10.405554 -0.009346 
1030 1.438724 0.000000 -9.492164 99.281170 0.320181 10.981286 0.002256 
1031 -2.122552 0.000000 -9.492164 99.257039 0.247917 11.090374 0.002498 
1032 1.438724 0.000000 -12.801131 99.193170 0.047343 11.071241 0.003814 
1033 3.219362 0.000000 5.398189 100.268619 0.043258 11.010701 -0.017503 
1034 1.438724 0.000000 5.398189 99.853869 -0.145880 11.259220 -0.009759 
1035 3.219362 0.000000 7.052672 99.848352 -0.303536 10.951736 -0.008973 
1036 6.780638 0.000000 -4.528713 98.577424 -0.474344 10.241941 0.017737 
1037 5.000000 0.000000 -4.528713 98.783209 -0.384514 10.569583 0.013001 
1038 6.780638 0.000000 -6.183197 98.864921 0.104549 10.485283 0.011578 
1039 40.612762 0.000000 -19.419066 99.375124 -0.222099 11.004337 0.000344 
1040 40.612762 0.000000 -26.037001 99.369691 -0.164428 11.059387 0.000333 
1041 47.735315 0.000000 -19.419066 99.379840 -0.221633 11.014493 0.000228 
1042 54.857867 0.000000 -19.419066 99.382384 -0.218993 11.023744 0.000157 
1043 54.857867 0.000000 -26.037001 99.376938 -0.167585 11.068265 0.000169 
1044 61.980419 0.000000 -19.419066 99.383735 -0.215219 11.032025 0.000112 
1045 22.806381 0.000000 -9.492164 99.343906 -0.365427 10.566798 0.001900 
1046 22.806381 0.000000 -12.801131 99.331210 -0.270996 10.787362 0.001687 
1047 26.367657 0.000000 -9.492164 99.376227 -0.373418 10.619024 0.001146 
1048 29.928934 0.000000 -9.492164 99.390666 -0.373065 10.656018 0.000781 
1049 29.928934 0.000000 -12.801131 99.370234 -0.286153 10.826234 0.000827 
1050 33.490210 0.000000 -9.492164 99.398590 -0.368832 10.688594 0.000554 
1051 13.903191 0.000000 -4.528713 99.270737 -0.350885 9.678771 0.005152 
1052 13.903191 0.000000 -6.183197 99.287008 -0.224555 10.173629 0.003854 
1053 15.683829 0.000000 -4.528713 99.354898 -0.512692 9.682253 0.003460 
1054 17.464467 0.000000 -4.528713 99.411277 -0.568543 9.726117 0.002248 
1055 17.464467 0.000000 -6.183197 99.360758 -0.467041 10.136625 0.002447 
1056 19.245105 0.000000 -4.528713 99.414145 -0.638686 9.687146 0.002258 
1057 3.219362 0.000000 -4.528713 99.060231 -0.386943 10.679528 0.007287 
1058 1.438724 0.000000 -4.528713 99.174950 -0.338766 10.742758 0.004881 
1059 3.219362 0.000000 -6.183197 99.189914 0.001641 10.818035 0.004433 
1060 7.670957 0.000000 -2.046988 97.269788 -0.874609 9.850693 0.044079 
1061 6.780638 0.000000 -2.046988 96.701649 -0.623983 9.414789 0.055976 
1062 7.670957 0.000000 -2.874230 97.457448 -1.111196 9.987343 0.040106 
1063 22.806381 0.000000 10.361640 99.523310 0.435556 10.278597 -0.001073 
1064 22.806381 0.000000 13.670607 99.486447 0.328595 10.642010 -0.001091 
1065 17.464467 0.000000 5.398189 99.604019 0.458262 9.004021 -0.000224 
1066 19.245105 0.000000 5.398189 99.664885 0.579578 8.788047 -0.001065 
1067 17.464467 0.000000 7.052672 99.577540 0.481256 9.680161 -0.000962 
1068 11.232233 0.000000 2.916463 99.828459 0.325926 6.515106 -0.000827 
1069 10.341914 0.000000 2.916463 99.672649 0.627002 6.704195 0.002002 
1070 11.232233 0.000000 3.743705 99.724825 0.217819 7.919823 -0.000781 
1071 9.451595 0.000000 2.916463 100.151794 0.530436 6.749980 -0.007623 
1072 8.561276 0.000000 2.916463 100.842338 1.083859 6.897403 -0.021793 
1073 9.451595 0.000000 3.743705 100.111864 0.834404 8.118256 -0.008899 
1074 13.012871 0.000000 -2.046988 99.243786 -0.712145 8.487228 0.007813 
1075 13.012871 0.000000 -2.874230 99.233684 -0.551000 8.979242 0.007175 
1076 13.903191 0.000000 -2.046988 99.342421 -0.737035 8.459961 0.005897 
1077 14.793510 0.000000 -2.046988 99.402420 -0.734306 8.467304 0.004692 
1078 14.793510 0.000000 -2.874230 99.368715 -0.616938 8.970385 0.004501 
1079 15.683829 0.000000 -2.046988 99.458441 -0.797168 8.517761 0.003483 
1080 11.677393 0.000000 -0.806125 98.237248 -2.108086 6.837601 0.029825 
1081 11.677393 0.000000 -1.219746 98.241308 -1.618186 7.689340 0.028690 
1082 12.122552 0.000000 -0.806125 98.497054 -1.995664 6.889927 0.024688 
1083 8.116117 0.000000 -0.806125 75.307368 0.035946 7.767386 0.426847 
1084 7.670957 0.000000 -0.806125 74.759577 0.257342 4.126547 0.439391 
1085 8.116117 0.000000 -1.219746 97.724129 -0.397824 10.079523 0.034824 
1086 8.783856 0.000000 0.641548 75.181509 3.361488 -12.784757 0.417299 
1087 8.783856 0.000000 0.434738 75.396203 2.906626 -9.114593 0.422389 
1088 8.783856 0.000000 0.848359 80.519213 3.563215 -15.800208 0.325431 
1089 9.785465 0.000000 -0.082288 96.162331 -7.876693 6.966186 0.064224 
1090 9.785465 0.000000 -0.185694 96.959339 -8.522414 6.711306 0.048121 
1091 9.896755 0.000000 -0.082288 100.208129 -12.768791 -1.290637 -0.020638 
1092 9.618530 0.000000 0.072819 98.087690 -141.602040 16.081388 -1.993094 
1093 9.618530 0.000000 0.021117 95.366113 3.314601 -6.357686 0.085390 
1094 9.674175 0.000000 0.072819 94.228468 3.912993 -4.704146 0.108356 
1095 9.340305 0.000000 -0.082288 91.061781 11.236301 -5.820735 0.154762 
1096 9.229016 0.000000 -0.082288 87.802047 7.662812 0.673124 0.223163 
1097 9.340305 0.000000 -0.185694 88.515959 7.835279 -0.978939 0.210258 
1098 9.395950 0.000000 0.072819 86.356319 6.600636 -6.583874 0.245567 
1099 9.340305 0.000000 0.072819 83.768381 13.714508 -2.930888 0.278618 
1100 9.395950 0.000000 0.021117 97.224855 4.901316 -9.481108 0.043341 
1101 9.562885 0.000000 0.538143 79.332229 21.210179 -2.681907 0.324933 
1102 9.451595 0.000000 0.538143 72.689900 19.773141 -1.209528 0.432374 
1103 9.562885 0.000000 0.641548 98.911240 28.038997 -32.084577 -0.159904 
1104 9.618530 0.000000 0.383035 86.231802 14.443675 -9.105256 0.227255 
1105 9.562885 0.000000 0.383035 82.698372 13.847625 -8.773796 0.289224 
1106 9.618530 0.000000 0.434738 84.696617 15.327043 -7.354766 0.253747 
1107 9.507240 0.000000 0.383035 77.903382 17.944664 -3.591198 0.359616 
1108 9.451595 0.000000 0.383035 73.761641 19.417084 -1.901841 0.417858 
1109 9.507240 0.000000 0.434738 74.853819 20.538270 0.266825 0.397501 
1110 9.535063 0.000000 0.150373 92.167588 -119.746940 16.784342 -1.311591 
1111 9.535063 0.000000 0.124522 93.573193 -125.394761 17.322744 -1.477987 
1112 9.562885 0.000000 0.150373 93.573193 -125.394761 17.322744 -1.477987 
1113 9.340305 0.000000 0.538143 66.982163 17.543451 -16.166577 0.494426 
1114 9.229016 0.000000 0.538143 83.963064 17.369040 -28.021109 0.186334 
1115 9.340305 0.000000 0.641548 96.559096 25.384391 -30.914583 -0.092374 
1116 9.395950 0.000000 0.383035 72.636572 19.611690 -1.882790 0.433577 
1117 9.340305 0.000000 0.383035 71.529103 20.027153 -0.374814 0.448236 
1118 9.395950 0.000000 0.434738 70.412805 19.884273 -0.384082 0.464651 
1119 9.423773 0.000000 0.150373 87.976198 -124.220254 15.000311 -1.339549 
1120 9.395950 0.000000 0.150373 86.152918 -106.701713 15.111386 -0.903593 
1121 9.423773 0.000000 0.124522 90.010037 -124.377191 14.938943 -1.379466 
1122 9.729820 0.000000 0.072819 94.552049 1.590933 -3.740760 0.104339 
1123 9.729820 0.000000 0.021117 94.119797 0.121509 -2.485412 0.113527 
1124 9.785465 0.000000 0.072819 94.884398 -0.910167 -8.820248 0.091833 
1125 9.841110 0.000000 0.176225 99.887138 -9.248779 -3.934803 -0.007846 
1126 9.841110 0.000000 0.124522 100.063617 -9.952934 -3.343635 -0.012297 
1127 9.896755 0.000000 0.176225 100.208129 -12.768791 -1.290637 -0.020638 
1128 9.590708 0.000000 0.202076 93.573193 -125.394761 17.322744 -1.477987 
1129 9.590708 0.000000 0.176225 94.037993 -126.326408 17.403769 -1.510440 
1130 9.618530 0.000000 0.202076 94.488110 -128.479923 17.111232 -1.572789 
1131 9.521151 0.000000 0.215002 89.833761 -113.415754 16.982106 -1.122163 
1132 9.521151 0.000000 0.202076 90.042085 -114.447239 16.793784 -1.148778 
1133 9.535063 0.000000 0.215002 91.285427 -116.901139 16.988683 -1.228752 
1134 9.437684 0.000000 0.189150 86.522231 -121.010038 14.775812 -1.234785 
1135 9.423773 0.000000 0.189150 86.544968 -123.680646 14.570005 -1.299922 
1136 9.437684 0.000000 0.176225 87.122321 -121.699377 14.527832 -1.261210 
1137 9.493329 0.000000 0.240853 87.565649 -121.070737 14.693066 -1.254175 
1138 9.479418 0.000000 0.240853 87.082159 -121.106266 14.374011 -1.245664 
1139 9.493329 0.000000 0.253779 87.592386 -121.895311 14.838758 -1.275108 
1140 8.338696 0.000000 0.227927 71.654966 -1.317446 -29.611381 0.398700 
1141 8.338696 0.000000 0.021117 75.713414 0.140462 6.666009 0.422302 
1142 8.561276 0.000000 0.227927 74.163938 1.983840 -12.578348 0.433756 
1143 4.109681 0.000000 -0.392504 56.264155 0.302733 0.775627 0.683365 
1144 3.219362 0.000000 -0.392504 57.342679 -0.228933 -0.049877 0.671176 
1145 4.109681 0.000000 -1.219746 98.248894 -1.279737 8.113888 0.027968 
1146 5.445160 0.000000 0.021117 37.942285 3.515394 -0.196545 0.854799 
1147 5.000000 0.000000 0.021117 25.305795 3.897603 -0.854460 0.934370 
1148 5.445160 0.000000 -0.392504 67.744558 0.909706 1.494881 0.540761 
1149 6.112899 0.000000 0.227927 70.542408 0.917533 -1.328223 0.502116 
1150 5.890319 0.000000 0.227927 72.896949 0.863935 -1.360442 0.468344 
1151 6.112899 0.000000 0.021117 43.663028 1.779966 1.105539 0.808915 
1152 9.841110 0.000000 0.383035 98.128104 -7.455487 -24.416148 -0.028086 
1153 9.896755 0.000000 0.383035 98.621431 -7.678902 -26.284067 -0.047600 
1154 9.841110 0.000000 0.434738 104.615348 -10.076362 -34.527946 -0.223808 
1155 9.757642 0.000000 0.253779 93.615678 3.475616 -6.790936 0.117791 
1156 9.757642 0.000000 0.227927 93.314637 3.502835 -6.686051 0.123541 
1157 9.785465 0.000000 0.253779 95.569675 0.689051 -8.425107 0.079498 
1158 9.701998 0.000000 0.305481 90.725148 6.205873 -4.073252 0.171384 
1159 9.674175 0.000000 0.305481 90.030480 7.162565 -4.287516 0.182483 
1160 9.701998 0.000000 0.331332 90.590125 5.998177 -3.811788 0.174292 
1161 10.008045 0.000000 0.538143 97.221328 14.417313 -2.903585 0.033172 
1162 10.119335 0.000000 0.538143 97.359469 14.194131 -2.699939 0.031237 
1163 10.008045 0.000000 0.641548 97.494820 7.960602 -3.103903 0.042175 
1164 10.230624 0.000000 0.538143 97.387827 13.715670 -1.789500 0.032429 
1165 10.341914 0.000000 0.538143 97.420234 13.037664 -0.948405 0.033842 
1166 10.230624 0.000000 0.641548 97.798573 7.351079 -2.660400 0.037432 
1167 10.063690 0.000000 0.279630 96.307139 -10.788094 -19.779329 0.021733 
1168 10.063690 0.000000 0.227927 100.208129 -12.768791 -1.290637 -0.020638 
1169 10.063690 0.000000 0.331332 100.802033 -8.612883 -30.686656 -0.117690 
1170 9.952400 0.000000 0.383035 99.930693 -8.111566 -29.807596 -0.094043 
1171 10.008045 0.000000 0.383035 103.662763 -10.264264 -34.356682 -0.203171 
1172 9.952400 0.000000 0.434738 110.269826 -17.809700 -45.116344 -0.451210 
1173 10.008045 0.000000 -0.082288 100.208129 -12.768791 -1.290637 -0.020638 
1174 10.008045 0.000000 -0.185694 100.208129 -12.768791 -1.290637 -0.020638 
1175 10.119335 0.000000 -0.082288 100.208129 -12.768791 -1.290637 -0.020638 
1176 9.952400 0.000000 0.176225 100.208129 -12.768791 -1.290637 -0.020638 
1177 9.952400 0.000000 0.124522 100.208129 -12.768791 -1.290637 -0.020638 
1178 10.008045 0.000000 0.176225 100.208129 -12.768791 -1.290637 -0.020638 
1179 10.453204 0.000000 0.124522 97.841074 -35.768093 -5.735028 -0.088512 
1180 10.453204 0.000000 0.021117 97.596912 -16.830385 -1.751940 0.018851 
1181 10.453204 0.000000 0.538143 97.534590 12.503910 -0.413005 0.033049 
1182 10.564494 0.000000 0.538143 97.584694 11.743575 0.521425 0.033904 
1183 10.453204 0.000000 0.641548 97.969372 7.294315 -2.177263 0.034405 
1184 10.675784 0.000000 0.538143 97.648594 11.694552 1.470693 0.032583 
1185 10.787074 0.000000 0.538143 97.685348 11.028781 2.489467 0.032974 
1186 10.675784 0.000000 0.641548 98.096606 7.208297 -1.464148 0.032295 
1187 12.567712 0.000000 -0.806125 99.223488 -1.508464 6.704302 0.010748 
1188 12.567712 0.000000 -1.219746 99.112135 -1.015177 7.368033 0.012147 
1189 13.012871 0.000000 -0.806125 99.336434 -1.491319 7.110401 0.007949 
1190 13.458031 0.000000 -0.806125 99.401100 -1.528743 7.161520 0.006580 
1191 13.458031 0.000000 -1.219746 99.349299 -1.017188 7.764410 0.006840 
1192 13.903191 0.000000 -0.806125 99.461333 -1.504737 7.234886 0.005284 
1193 11.454813 0.000000 -0.185694 98.443179 -7.567595 3.528013 0.023923 
1194 11.454813 0.000000 -0.392504 98.201837 -3.973758 4.972120 0.031589 
1195 11.677393 0.000000 -0.185694 98.676936 -7.632863 4.108542 0.018772 
1196 11.899973 0.000000 -0.185694 98.817530 -7.655728 4.394809 0.015717 
1197 11.899973 0.000000 -0.392504 98.570763 -4.081309 5.394967 0.023804 
1198 12.122552 0.000000 -0.185694 98.924677 -7.521062 4.761694 0.013467 
1199 10.731429 0.000000 0.279630 93.179206 138.707862 -17.899143 -1.824261 
1200 10.731429 0.000000 0.227927 104.985154 -345.680770 -108.462345 -13.228116 
1201 10.731429 0.000000 0.331332 95.766378 60.498270 -5.284015 -0.285916 
1202 12.567712 0.000000 1.675600 99.872806 0.597310 2.969446 0.001625 
1203 12.122552 0.000000 1.675600 99.906774 0.462196 2.728373 0.001098 
1204 12.567712 0.000000 2.089221 99.852776 0.186289 4.483753 0.000928 
1205 10.898364 0.000000 0.538143 97.710351 10.405837 3.723787 0.033054 
1206 11.009654 0.000000 0.538143 97.707470 9.506062 5.418086 0.033353 
1207 10.898364 0.000000 0.641548 98.245472 6.724460 -0.972741 0.030166 
1208 11.120943 0.000000 0.538143 97.693198 8.536182 7.580460 0.032571 
1209 11.232233 0.000000 0.538143 97.793693 7.829108 9.885612 0.027737 
1210 11.120943 0.000000 0.641548 98.269583 5.873317 -0.016521 0.030859 
1211 10.954009 0.000000 0.279630 93.355254 125.233246 7.157535 -1.444980 
1212 10.954009 0.000000 0.227927 118.973025 -480.025182 169.544218 -26.332400 
1213 10.954009 0.000000 0.331332 95.785384 57.552712 -0.478664 -0.248738 
1214 11.343523 0.000000 0.124522 100.277002 -44.327261 7.586996 -0.207795 
1215 11.343523 0.000000 0.021117 99.019785 -20.126826 2.286454 -0.021523 
1216 11.454813 0.000000 0.124522 100.434074 -44.147297 10.176129 -0.213954 
1217 11.566103 0.000000 0.124522 100.507608 -43.427779 12.741296 -0.215009 
1218 11.566103 0.000000 0.021117 99.259654 -20.266871 3.831566 -0.027791 
1219 11.677393 0.000000 0.124522 100.510295 -42.226403 15.127257 -0.211422 
1220 11.343523 0.000000 0.538143 97.642805 7.382940 13.019400 0.024187 
1221 11.454813 0.000000 0.538143 97.426493 7.724215 17.742111 0.013363 
1222 11.343523 0.000000 0.641548 98.488149 5.601124 0.310002 0.026862 
1223 11.566103 0.000000 0.538143 97.040446 10.503431 24.051588 -0.010565 
1224 11.566103 0.000000 0.641548 98.579035 5.225030 0.859548 0.025413 
1225 12.345132 0.000000 -0.185694 99.569734 -6.944565 4.807147 0.001453 
1226 12.345132 0.000000 -0.392504 99.362107 -3.573985 5.479694 0.008437 
1227 12.567712 0.000000 -0.185694 99.594903 -6.788671 4.985605 0.000991 
1228 12.790292 0.000000 -0.185694 99.616859 -6.606582 5.623486 0.000121 
1229 12.790292 0.000000 -0.392504 99.431293 -3.457633 5.923661 0.006637 
1230 13.012871 0.000000 -0.185694 99.613806 -6.393868 5.833724 0.000218 
1231 11.788683 0.000000 0.331332 96.442335 45.442124 15.462731 -0.160521 
1232 11.788683 0.000000 0.227927 96.623167 8.377554 128.664467 -1.596076 
1233 11.899973 0.000000 0.331332 96.373107 44.328680 17.631007 -0.156366 
1234 12.790292 0.000000 1.055169 99.907765 2.865224 1.135471 0.000894 
1235 12.567712 0.000000 1.055169 99.848614 2.674460 0.979244 0.002214 
1236 12.790292 0.000000 1.261980 99.976187 1.769307 1.436926 -0.000043 
1237 12.345132 0.000000 1.055169 99.859260 2.577846 0.763418 0.002090 
1238 12.122552 0.000000 1.055169 99.329998 2.180211 0.876874 0.012803 
1239 12.345132 0.000000 1.261980 99.924373 1.522239 1.208286 0.001134 
1240 12.456422 0.000000 0.538143 98.812248 23.858055 2.716260 -0.034045 
1241 12.456422 0.000000 0.434738 98.276307 26.436987 8.323680 -0.042643 
1242 12.456422 0.000000 0.641548 99.655396 0.253061 0.569718 0.006841 
1243 24.587019 0.000000 5.398189 99.694439 0.544548 8.394177 -0.000974 
1244 22.806381 0.000000 5.398189 99.684711 0.555112 8.528235 -0.001008 
1245 24.587019 0.000000 7.052672 99.595965 0.578162 9.377999 -0.000764 
1246 21.025743 0.000000 5.398189 99.676242 0.561869 8.652067 -0.001053 
1247 21.025743 0.000000 7.052672 99.594156 0.552712 9.516620 -0.000987 
1248 16.574148 0.000000 2.916463 99.884502 0.234752 5.980162 -0.001273 
1249 17.464467 0.000000 2.916463 99.922318 0.214821 5.721715 -0.001725 
1250 16.574148 0.000000 3.743705 99.719866 0.415143 7.618995 -0.000227 
1251 15.238669 0.000000 1.675600 100.209539 1.219347 2.263219 -0.004856 
1252 15.683829 0.000000 1.675600 100.239301 1.358165 2.171348 -0.005448 
1253 15.238669 0.000000 2.089221 100.080173 0.423583 3.617899 -0.002931 
1254 21.025743 0.000000 -4.528713 99.426677 -0.633599 9.703700 0.001977 
1255 21.025743 0.000000 -6.183197 99.383415 -0.513392 10.124163 0.002017 
1256 22.806381 0.000000 -4.528713 99.442426 -0.639738 9.760145 0.001553 
1257 24.587019 0.000000 -4.528713 99.455583 -0.636171 9.833840 0.001148 
1258 24.587019 0.000000 -6.183197 99.409344 -0.522814 10.188585 0.001370 
1259 26.367657 0.000000 -4.528713 99.464250 -0.627823 9.905956 0.000834 
1260 16.574148 0.000000 -0.392504 99.680666 -2.017397 7.013748 0.001050 
1261 16.574148 0.000000 -1.219746 99.563367 -1.049307 7.968055 0.002254 
1262 17.464467 0.000000 -0.392504 99.696519 -1.779838 7.177916 0.000591 
1263 14.348350 0.000000 -0.806125 99.505925 -1.469066 7.297498 0.004316 
1264 14.348350 0.000000 -1.219746 99.438812 -1.032119 7.727418 0.005114 
1265 14.793510 0.000000 -0.806125 99.538088 -1.442456 7.351048 0.003605 
1266 15.238669 0.000000 0.021117 99.591545 -7.287654 7.230360 -0.002386 
1267 15.238669 0.000000 -0.392504 99.632792 -2.529958 6.794220 0.002074 
1268 15.683829 0.000000 0.021117 99.659281 -6.288505 6.876371 -0.001880 
1269 13.235451 0.000000 0.227927 98.358123 -17.235977 41.010090 -0.165323 
1270 13.235451 0.000000 0.021117 99.767791 -13.339647 8.791471 -0.020885 
1271 13.458031 0.000000 0.227927 98.456416 -17.352563 36.286875 -0.131151 
1272 13.791901 0.000000 0.744953 100.393766 1.937227 -3.255712 -0.009326 
1273 13.791901 0.000000 0.641548 99.511180 18.559001 3.064264 -0.025630 
1274 13.791901 0.000000 0.848359 99.885542 3.989666 2.064051 0.000270 
1275 37.051486 0.000000 -9.492164 99.404712 -0.363178 10.723558 0.000358 
1276 37.051486 0.000000 -12.801131 99.386686 -0.255460 10.866846 0.000413 
1277 40.612762 0.000000 -9.492164 99.406009 -0.317081 10.751241 0.000276 
1278 44.174038 0.000000 -9.492164 99.406867 -0.398092 10.773686 0.000204 
1279 44.174038 0.000000 -12.801131 99.392055 -0.319028 10.894009 0.000244 
1280 47.735315 0.000000 -9.492164 99.406940 -0.389714 10.794294 0.000159 
1281 28.148295 0.000000 -1.219746 99.615552 -0.911864 8.757877 -0.000079 
1282 28.148295 0.000000 -2.874230 99.527733 -0.751443 9.479912 0.000380 
1283 29.928934 0.000000 -1.219746 99.608506 -0.893689 8.873800 -0.000140 
1284 37.941805 0.000000 2.916463 97.139330 -11.452919 31.052305 -0.053146 
1285 37.941805 0.000000 2.089221 99.846311 -2.390535 6.908488 -0.002273 
1286 37.941805 0.000000 3.743705 100.395132 3.234944 2.036713 -0.009380 
1287 51.296591 0.000000 -9.492164 99.406596 -0.381323 10.813144 0.000126 
1288 51.296591 0.000000 -12.801131 99.393961 -0.309753 10.917202 0.000156 
1289 54.857867 0.000000 -9.492164 99.405996 -0.373032 10.830451 0.000101 
1290 58.419143 0.000000 -2.874230 99.462699 -0.610860 10.349660 -0.000032 
1291 58.419143 0.000000 -6.183197 99.424446 -0.460457 10.682510 0.000045 
1292 61.980419 0.000000 -2.874230 99.456892 -0.589267 10.406120 -0.000031 
1293 41.503081 0.000000 2.916463 99.899087 -0.843929 6.456769 -0.002223 
1294 41.503081 0.000000 2.089221 99.753477 -0.480744 7.747445 -0.001101 
1295 42.393400 0.000000 2.916463 99.872617 -0.676046 6.694341 -0.001981 
1296 39.722443 0.000000 4.570947 100.289111 1.168117 2.993481 -0.006823 
1297 38.832124 0.000000 4.570947 100.277324 0.691425 3.098034 -0.006562 
1298 39.722443 0.000000 5.398189 99.973152 0.260084 5.818911 -0.002856 
1299 46.844996 0.000000 4.570947 100.010747 12.941316 5.479175 -0.019965 
1300 46.844996 0.000000 3.743705 99.948974 -2.319713 6.025037 -0.003148 
1301 46.844996 0.000000 5.398189 100.337347 1.740804 2.572297 -0.007723 
1302 53.077229 0.000000 8.707156 99.664777 0.837920 8.581907 -0.000742 
1303 51.296591 0.000000 8.707156 99.648018 0.836730 8.732429 -0.000668 
1304 53.077229 0.000000 10.361640 99.560568 0.777552 9.516842 -0.000348 
1305 56.638505 0.000000 2.089221 99.635062 -1.015248 8.825018 -0.000606 
1306 56.638505 0.000000 0.434738 99.556159 -0.874296 9.523410 -0.000289 
1307 58.419143 0.000000 2.089221 99.624349 -1.001292 8.921880 -0.000561 
1308 60.199781 0.000000 2.089221 99.613984 -0.985983 9.015499 -0.000520 
1309 60.199781 0.000000 0.434738 99.541284 -0.838914 9.659524 -0.000248 
1310 61.980419 0.000000 2.089221 99.603973 -0.969638 9.105853 -0.000481 
1311 53.967548 0.000000 6.225430 100.325535 1.668833 2.681917 -0.007519 
1312 53.077229 0.000000 6.225430 100.282217 1.446882 3.068089 -0.006803 
1313 53.967548 0.000000 7.052672 99.974822 0.786222 5.811529 -0.002936 
1314 52.186910 0.000000 6.225430 100.237106 1.267728 3.470269 -0.006113 
1315 51.296591 0.000000 6.225430 100.191374 1.124258 3.877998 -0.005461 
1316 52.186910 0.000000 7.052672 99.912320 0.766354 6.369089 -0.002362 
1317 55.748186 0.000000 4.570947 99.900356 -1.705987 6.467184 -0.002482 
1318 55.748186 0.000000 3.743705 99.756908 -1.068941 7.743363 -0.001254 
1319 56.638505 0.000000 4.570947 99.874378 -1.491824 6.699096 -0.002199 
1320 57.528824 0.000000 6.225430 100.445103 3.358642 1.616087 -0.010311 
1321 57.528824 0.000000 5.398189 99.928373 -9.137316 6.220436 -0.010786 
1322 57.528824 0.000000 7.052672 100.133336 0.985188 4.397931 -0.004700 
1323 7.670957 0.000000 2.916463 101.325388 1.296605 7.749568 -0.032857 
1324 6.780638 0.000000 2.916463 101.729933 1.780378 8.992907 -0.043302 
1325 7.670957 0.000000 3.743705 101.082929 1.324279 8.812296 -0.029717 
1326 5.890319 0.000000 2.916463 101.596165 1.853729 10.205092 -0.042936 
1327 5.000000 0.000000 2.916463 100.789965 0.729484 10.716488 -0.027399 
1328 5.890319 0.000000 3.743705 101.536478 0.804411 9.754456 -0.040545 
1329 5.890319 0.000000 -2.046988 97.110138 -0.815894 9.889212 0.047116 
1330 5.000000 0.000000 -2.046988 96.947846 -1.105735 10.206446 0.049572 
1331 5.890319 0.000000 -2.874230 98.007922 -1.058343 10.890573 0.027472 
1332 7.225798 0.000000 -0.806125 72.612075 0.057751 0.756940 0.472691 
1333 6.780638 0.000000 -0.806125 70.554680 0.689319 1.467043 0.501941 
1334 7.225798 0.000000 -1.219746 97.500675 -0.893724 8.472192 0.042104 
1335 8.783856 0.000000 0.227927 75.979139 2.265895 -4.093765 0.420528 
1336 8.783856 0.000000 0.021117 77.350783 1.525592 4.167062 0.399716 
1337 11.677393 0.000000 1.675600 99.301901 0.515555 3.058914 0.012951 
1338 11.232233 0.000000 1.675600 99.206995 0.239263 3.162130 0.014792 
1339 11.677393 0.000000 2.089221 99.337301 0.077829 4.728836 0.010973 
1340 10.787074 0.000000 1.675600 99.146718 -0.222790 2.734030 0.016240 
1341 10.341914 0.000000 1.675600 99.302761 0.167718 2.372923 0.013330 
1342 10.787074 0.000000 2.089221 99.336899 0.103669 4.488248 0.011203 
1343 9.841110 0.000000 0.072819 100.208129 -12.768791 -1.290637 -0.020638 
1344 9.841110 0.000000 0.021117 100.208129 -12.768791 -1.290637 -0.020638 
1345 9.896755 0.000000 0.072819 100.208129 -12.768791 -1.290637 -0.020638 
1346 9.590708 0.000000 0.150373 96.868597 -128.096790 24.527276 -1.639390 
1347 9.590708 0.000000 0.124522 95.179800 -130.565534 17.037532 -1.639683 
1348 9.618530 0.000000 0.150373 95.179800 -130.565534 17.037532 -1.639683 
1349 9.646353 0.000000 0.202076 95.494366 -140.638460 16.336524 -1.916523 
1350 9.646353 0.000000 0.176225 95.628037 -131.572651 17.079801 -1.674780 
1351 9.674175 0.000000 0.202076 96.317577 -42.167832 12.371996 -0.120827 
1352 9.521151 0.000000 0.189150 91.285427 -116.901139 16.988683 -1.228752 
1353 9.521151 0.000000 0.176225 91.285427 -116.901139 16.988683 -1.228752 
1354 9.535063 0.000000 0.189150 91.285427 -116.901139 16.988683 -1.228752 
1355 9.548974 0.000000 0.215002 91.285427 -116.901139 16.988683 -1.228752 
1356 9.548974 0.000000 0.202076 91.285427 -116.901139 16.988683 -1.228752 
1357 9.562885 0.000000 0.215002 91.931466 -120.491770 17.578956 -1.327868 
1358 9.465507 0.000000 0.240853 86.644836 -121.502148 14.745713 -1.248754 
1359 9.451595 0.000000 0.240853 86.540770 -122.612954 14.587158 -1.273603 
1360 9.465507 0.000000 0.253779 86.418169 -121.284062 14.951174 -1.240146 
1361 9.437684 0.000000 0.240853 86.018268 -123.684109 14.759620 -1.291475 
1362 9.423773 0.000000 0.240853 85.347272 -121.938391 16.415213 -1.242259 
1363 9.437684 0.000000 0.253779 85.867778 -124.290195 15.341136 -1.305668 
1364 4.109681 0.000000 2.916463 100.505665 0.495048 11.068977 -0.022416 
1365 3.219362 0.000000 2.916463 100.463840 0.647685 11.569578 -0.022726 
1366 4.109681 0.000000 3.743705 100.650502 0.541572 10.969846 -0.025115 
1367 4.109681 0.000000 -2.046988 98.386607 -1.382169 9.852850 0.022109 
1368 3.219362 0.000000 -2.046988 98.899447 -0.201546 9.797932 0.012286 
1369 4.109681 0.000000 -2.874230 99.136052 -1.559048 10.620123 0.005683 
1370 6.335479 0.000000 -0.806125 68.894893 0.180797 1.800716 0.525022 
1371 5.890319 0.000000 -0.806125 68.779907 0.385350 1.457286 0.526705 
1372 6.335479 0.000000 -1.219746 96.705843 -0.814521 7.991245 0.058346 
1373 9.646353 0.000000 0.305481 89.163745 6.880385 -3.757598 0.198837 
1374 9.618530 0.000000 0.305481 90.367261 5.361572 4.365643 0.178595 
1375 9.646353 0.000000 0.331332 86.557377 10.202532 -9.466451 0.231412 
1376 9.590708 0.000000 0.305481 89.539764 -38.753632 10.069551 0.037939 
1377 9.562885 0.000000 0.305481 89.904689 -151.902407 14.426886 -2.136533 
1378 9.590708 0.000000 0.331332 83.619817 11.038117 -10.165197 0.278255 
1379 10.063690 0.000000 0.383035 112.217683 -22.024205 -50.095031 -0.558739 
1380 10.119335 0.000000 0.383035 95.785103 46.651829 -9.046073 -0.143301 
1381 10.063690 0.000000 0.434738 96.500585 30.690518 -4.555005 -0.027502 
1382 10.230624 0.000000 -0.082288 106.704754 -20.739394 43.091613 -0.367291 
1383 10.230624 0.000000 -0.185694 98.116550 -5.381659 1.345830 0.034237 
1384 10.341914 0.000000 -0.082288 97.730955 -9.121899 0.376984 0.036531 
1385 9.952400 0.000000 0.072819 100.208129 -12.768791 -1.290637 -0.020638 
1386 9.952400 0.000000 0.021117 100.208129 -12.768791 -1.290637 -0.020638 
1387 10.008045 0.000000 0.072819 100.208129 -12.768791 -1.290637 -0.020638 
1388 10.063690 0.000000 0.176225 100.208129 -12.768791 -1.290637 -0.020638 
1389 10.063690 0.000000 0.124522 100.208129 -12.768791 -1.290637 -0.020638 
1390 10.119335 0.000000 0.176225 100.208129 -12.768791 -1.290637 -0.020638 
1391 10.174979 0.000000 0.383035 95.792197 45.509833 -8.229859 -0.131502 
1392 10.230624 0.000000 0.383035 95.823658 44.370465 -7.236168 -0.120327 
1393 10.174979 0.000000 0.434738 96.451652 29.925014 -3.659501 -0.021182 
1394 10.174979 0.000000 0.176225 97.559018 -7.795802 -23.672056 -0.013890 
1395 10.174979 0.000000 0.124522 100.208129 -12.768791 -1.290637 -0.020638 
1396 10.230624 0.000000 0.176225 97.694686 -52.430725 -12.407536 -0.244718 
1397 10.453204 0.000000 -0.082288 97.486628 -9.648385 0.434864 0.040308 
1398 10.453204 0.000000 -0.185694 97.351433 -6.211975 2.005971 0.048009 
1399 10.564494 0.000000 -0.082288 97.478002 -10.035433 0.529792 0.039705 
1400 11.899973 0.000000 1.055169 99.220623 1.968414 0.843907 0.015068 
1401 11.677393 0.000000 1.055169 99.157380 2.009380 0.606753 0.016341 
1402 11.899973 0.000000 1.261980 99.268664 1.094130 1.523904 0.014221 
1403 11.454813 0.000000 1.055169 99.069959 1.821004 0.467470 0.018161 
1404 11.232233 0.000000 1.055169 99.026688 1.539716 0.331712 0.019123 
1405 11.454813 0.000000 1.261980 99.180394 0.907395 1.249613 0.016086 
1406 9.701998 0.000000 0.202076 91.846366 6.008938 -5.859093 0.149381 
1407 9.701998 0.000000 0.176225 92.575158 5.415897 -5.864892 0.136611 
1408 9.729820 0.000000 0.202076 92.830058 5.123519 -6.132810 0.131872 
1409 11.788683 0.000000 0.124522 100.359648 -40.561767 16.892663 -0.200268 
1410 11.788683 0.000000 0.021117 99.429590 -19.951186 5.332028 -0.031272 
1411 11.899973 0.000000 0.124522 100.164335 -38.543888 17.978145 -0.184174 
1412 12.011263 0.000000 0.331332 96.346068 43.248417 20.027336 -0.155408 
1413 12.011263 0.000000 0.227927 96.311121 -3.956815 101.355137 -0.956435 
1414 12.122552 0.000000 0.331332 96.347272 42.057803 22.497982 -0.155781 
1415 12.233842 0.000000 0.331332 96.332282 40.837330 24.968060 -0.157100 
1416 12.233842 0.000000 0.227927 96.753775 -11.041470 82.527359 -0.629397 
1417 12.345132 0.000000 0.331332 96.905251 39.737231 26.770011 -0.168631 
1418 18.354786 0.000000 2.916463 99.965492 0.182851 5.431336 -0.002263 
1419 19.245105 0.000000 2.916463 100.018590 0.229634 5.069154 -0.002947 
1420 18.354786 0.000000 3.743705 99.760210 0.321020 7.370670 -0.000653 
1421 16.574148 0.000000 -2.046988 99.495839 -0.863221 8.550374 0.002672 
1422 16.574148 0.000000 -2.874230 99.445484 -0.781729 9.005498 0.002889 
1423 17.464467 0.000000 -2.046988 99.526592 -0.867042 8.620158 0.001940 
1424 18.354786 0.000000 -0.392504 99.706810 -1.607352 7.334810 0.000217 
1425 18.354786 0.000000 -1.219746 99.609530 -1.016484 8.148294 0.001051 
1426 19.245105 0.000000 -0.392504 99.710352 -1.481871 7.468944 -0.000014 
1427 15.238669 0.000000 -0.806125 99.557522 -1.379475 7.416502 0.003139 
1428 15.238669 0.000000 -1.219746 99.503327 -1.016293 7.869396 0.003613 
1429 15.683829 0.000000 -0.806125 99.582559 -1.347241 7.495235 0.002532 
1430 13.235451 0.000000 -0.185694 99.625563 -6.210217 6.006463 0.000010 
1431 13.235451 0.000000 -0.392504 99.499390 -3.388796 6.212524 0.004979 
1432 13.458031 0.000000 -0.185694 99.634562 -6.010363 6.160688 -0.000112 
1433 13.680611 0.000000 0.227927 98.563761 -17.218593 32.286472 -0.105371 
1434 13.680611 0.000000 0.021117 99.709916 -11.764335 8.747875 -0.015699 
1435 13.903191 0.000000 0.227927 98.657969 -16.950626 28.842546 -0.085261 
1436 14.125770 0.000000 0.227927 98.742615 -16.530472 25.847635 -0.069146 
1437 14.125770 0.000000 0.021117 99.682607 -10.372091 8.520362 -0.011680 
1438 14.348350 0.000000 0.227927 98.783677 -15.947199 23.127415 -0.054741 
1439 20.135424 0.000000 2.916463 100.084679 0.270571 4.633532 -0.003849 
1440 21.025743 0.000000 2.916463 100.128810 0.319581 4.258297 -0.004401 
1441 20.135424 0.000000 3.743705 99.838927 0.328051 6.930875 -0.001596 
1442 20.135424 0.000000 -0.392504 99.710482 -1.365144 7.494343 -0.000021 
1443 20.135424 0.000000 -1.219746 99.619350 -0.992961 8.167984 0.000828 
1444 21.025743 0.000000 -0.392504 99.707570 -1.282125 7.563870 -0.000046 
1445 28.148295 0.000000 -4.528713 99.468475 -0.619223 9.966825 0.000630 
1446 28.148295 0.000000 -6.183197 99.428919 -0.515753 10.282897 0.000789 
1447 29.928934 0.000000 -4.528713 99.470121 -0.609778 10.020543 0.000491 
1448 31.709572 0.000000 -1.219746 99.600650 -0.875398 8.978842 -0.000168 
1449 31.709572 0.000000 -2.874230 99.522683 -0.723358 9.635531 0.000187 
1450 33.490210 0.000000 -1.219746 99.592542 -0.857332 9.078224 -0.000182 
1451 35.270848 0.000000 -1.219746 99.584376 -0.839445 9.172439 -0.000189 
1452 35.270848 0.000000 -2.874230 99.514551 -0.694785 9.768290 0.000095 
1453 37.051486 0.000000 -1.219746 99.576414 -0.821562 9.265400 -0.000198 
1454 58.419143 0.000000 -9.492164 99.405243 -0.364908 10.846396 0.000082 
1455 58.419143 0.000000 -12.801131 99.394369 -0.299760 10.937100 0.000105 
1456 61.980419 0.000000 -9.492164 99.404404 -0.356993 10.861129 0.000067 
1457 43.283719 0.000000 2.916463 99.849236 -0.570705 6.904267 -0.001786 
1458 43.283719 0.000000 2.089221 99.734453 -0.514171 7.921142 -0.000997 
1459 44.174038 0.000000 2.916463 99.828783 -0.508016 7.087990 -0.001628 
1460 37.941805 0.000000 4.570947 100.236713 0.547751 3.459244 -0.005966 
1461 37.051486 0.000000 4.570947 100.194886 0.437247 3.832253 -0.005389 
1462 37.941805 0.000000 5.398189 99.921620 0.276582 6.278276 -0.002382 
1463 45.064357 0.000000 2.916463 99.810904 -0.474180 7.248674 -0.001498 
1464 45.064357 0.000000 2.089221 99.717918 -0.549460 8.072068 -0.000912 
1465 45.954676 0.000000 2.916463 99.788453 -1.113922 7.450116 -0.001448 
1466 49.515953 0.000000 8.707156 99.632867 0.833002 8.868879 -0.000606 
1467 47.735315 0.000000 8.707156 99.619096 0.827130 8.993342 -0.000553 
1468 49.515953 0.000000 10.361640 99.544307 0.752977 9.665755 -0.000306 
1469 50.406272 0.000000 6.225430 100.146096 1.011719 4.281698 -0.004860 
1470 49.515953 0.000000 6.225430 100.102201 0.926111 4.673093 -0.004315 
1471 50.406272 0.000000 7.052672 99.860329 0.769417 6.833061 -0.001937 
1472 48.625634 0.000000 6.225430 100.060410 0.863495 5.045759 -0.003829 
1473 47.735315 0.000000 6.225430 100.021206 0.819896 5.395384 -0.003402 
1474 48.625634 0.000000 7.052672 99.817115 0.782324 7.218942 -0.001618 
1475 57.528824 0.000000 4.570947 99.851213 -1.345396 6.905923 -0.001977 
1476 57.528824 0.000000 3.743705 99.737902 -1.059159 7.913704 -0.001140 
1477 58.419143 0.000000 4.570947 99.830865 -1.245828 7.087628 -0.001799 
1478 59.309462 0.000000 4.570947 99.813057 -1.178490 7.246671 -0.001655 
1479 59.309462 0.000000 3.743705 99.721394 -1.056691 8.061685 -0.001046 
1480 60.199781 0.000000 4.570947 99.797423 -1.133316 7.386325 -0.001537 
1481 61.090100 0.000000 4.570947 99.783599 -1.103404 7.509837 -0.001438 
1482 61.090100 0.000000 3.743705 99.706561 -1.056113 8.194673 -0.000967 
1483 61.980419 0.000000 4.570947 99.771261 -1.083996 7.620090 -0.001355 
1484 9.896755 0.000000 1.675600 99.754066 0.556507 1.998871 0.004482 
1485 9.451595 0.000000 1.675600 100.496854 0.893737 1.727860 -0.010340 
1486 9.896755 0.000000 2.089221 99.660494 0.155875 4.207596 0.005006 
1487 9.006436 0.000000 1.675600 101.058146 0.656781 2.218322 -0.021810 
1488 8.561276 0.000000 1.675600 101.013611 0.004726 2.249300 -0.020881 
1489 9.006436 0.000000 2.089221 100.553938 0.703885 4.184434 -0.012910 
1490 8.783856 0.000000 -0.185694 78.671307 0.561891 10.849261 0.369280 
1491 8.561276 0.000000 -0.185694 78.253257 0.189412 13.400845 0.369681 
1492 8.783856 0.000000 -0.392504 78.606313 0.248536 14.090087 0.362246 
1493 8.116117 0.000000 1.675600 102.392680 0.282740 0.444897 -0.048454 
1494 7.670957 0.000000 1.675600 67.478715 0.825964 -5.988409 0.541008 
1495 8.116117 0.000000 2.089221 101.738301 0.986807 4.497260 -0.037188 
1496 7.225798 0.000000 1.675600 67.999653 0.309164 0.553585 0.537565 
1497 6.780638 0.000000 1.675600 105.183240 0.736568 10.959066 -0.118416 
1498 7.225798 0.000000 2.089221 103.433084 0.842061 6.743932 -0.074459 
1499 9.535063 0.000000 0.305481 88.346032 -147.094949 14.416789 -1.964979 
1500 9.507240 0.000000 0.305481 87.319398 -143.412935 14.815745 -1.841145 
1501 9.535063 0.000000 0.331332 87.022794 -36.670624 12.069790 0.093662 
1502 9.479418 0.000000 0.305481 85.912869 -121.827946 13.572501 -1.240728 
1503 9.451595 0.000000 0.305481 83.391496 -31.916956 13.108147 0.185534 
1504 9.479418 0.000000 0.331332 80.954687 13.300885 3.480988 0.325731 
1505 9.646353 0.000000 0.150373 96.671787 -135.945704 16.567339 -1.810115 
1506 9.646353 0.000000 0.124522 97.303471 -138.178724 16.449928 -1.883193 
1507 9.674175 0.000000 0.150373 96.332764 -38.604348 13.530207 -0.095336 
1508 9.548974 0.000000 0.189150 91.979466 -118.711267 16.973842 -1.284070 
1509 9.548974 0.000000 0.176225 92.167588 -119.746940 16.784342 -1.311591 
1510 9.562885 0.000000 0.189150 92.121692 -121.552134 17.390905 -1.356377 
1511 9.423773 0.000000 0.305481 77.143301 15.811738 6.956382 0.375051 
1512 9.395950 0.000000 0.305481 74.553802 16.599117 -2.292147 0.416095 
1513 9.423773 0.000000 0.331332 73.778054 18.505130 -1.052522 0.421325 
1514 6.335479 0.000000 1.675600 102.886912 1.189761 11.219559 -0.071301 
1515 5.890319 0.000000 1.675600 102.586254 1.412060 10.239639 -0.063078 
1516 6.335479 0.000000 2.089221 102.230570 1.409077 10.856657 -0.057094 
1517 5.445160 0.000000 1.675600 102.230950 1.722162 9.346417 -0.054149 
1518 5.000000 0.000000 1.675600 102.857641 2.350239 9.827675 -0.068180 
1519 5.445160 0.000000 2.089221 102.003924 1.932207 10.044536 -0.050943 
1520 8.338696 0.000000 -0.185694 77.169397 0.112415 11.611681 0.391004 
1521 8.116117 0.000000 -0.185694 75.997667 0.045290 9.002548 0.414331 
1522 8.338696 0.000000 -0.392504 77.529529 0.140375 12.075534 0.384333 
1523 5.445160 0.000000 -0.806125 67.008240 0.975616 1.001987 0.550794 
1524 5.000000 0.000000 -0.806125 62.317601 1.391843 0.494272 0.611434 
1525 5.445160 0.000000 -1.219746 96.093698 -1.580448 8.260911 0.069526 
1526 11.009654 0.000000 1.055169 98.920314 1.469762 -0.155703 0.021259 
1527 10.787074 0.000000 1.055169 98.867957 1.561349 -0.464315 0.022247 
1528 11.009654 0.000000 1.261980 99.008973 0.499846 0.904609 0.019616 
1529 10.564494 0.000000 1.055169 98.714457 1.685928 -0.677821 0.025215 
1530 10.341914 0.000000 1.055169 98.619298 1.688805 -1.023817 0.027033 
1531 10.564494 0.000000 1.261980 99.020556 0.732972 0.283002 0.019431 
1532 10.063690 0.000000 0.072819 100.208129 -12.768791 -1.290637 -0.020638 
1533 10.063690 0.000000 0.021117 100.208129 -12.768791 -1.290637 -0.020638 
1534 10.119335 0.000000 0.072819 100.208129 -12.768791 -1.290637 -0.020638 
1535 10.286269 0.000000 0.383035 95.932055 43.470042 -6.440138 -0.113408 
1536 10.341914 0.000000 0.383035 96.048961 42.354736 -5.819450 -0.105319 
1537 10.286269 0.000000 0.434738 96.466166 28.889880 -2.401141 -0.014611 
1538 10.174979 0.000000 0.072819 100.208129 -12.768791 -1.290637 -0.020638 
1539 10.174979 0.000000 0.021117 100.208129 -12.768791 -1.290637 -0.020638 
1540 10.230624 0.000000 0.072819 103.662763 -10.264264 -34.356682 -0.203171 
1541 10.286269 0.000000 0.176225 97.710548 -55.160546 -12.547223 -0.274747 
1542 10.286269 0.000000 0.124522 97.759271 -32.343547 -5.886039 -0.063763 
1543 10.341914 0.000000 0.176225 97.762627 -57.957652 -12.681159 -0.307743 
1544 10.675784 0.000000 -0.082288 97.595137 -10.365087 0.770328 0.036716 
1545 10.675784 0.000000 -0.185694 97.457577 -6.641781 2.293670 0.045265 
1546 10.787074 0.000000 -0.082288 97.715439 -10.493816 0.842020 0.034086 
1547 10.898364 0.000000 -0.082288 97.877834 -10.698591 1.043949 0.030438 
1548 10.898364 0.000000 -0.185694 97.793021 -6.951521 2.663651 0.038111 
1549 11.009654 0.000000 -0.082288 98.182476 -11.144627 1.749031 0.023294 
1550 9.701998 0.000000 0.150373 93.223642 4.853193 -5.666569 0.125369 
1551 9.701998 0.000000 0.124522 93.630510 4.350236 -3.250479 0.120384 
1552 9.729820 0.000000 0.150373 93.445211 4.450335 -6.279125 0.120876 
1553 9.757642 0.000000 0.202076 93.533095 3.762867 -7.378499 0.118296 
1554 9.757642 0.000000 0.176225 93.656402 3.127214 -7.127554 0.116790 
1555 9.785465 0.000000 0.202076 95.466859 0.754897 -9.118294 0.080237 
1556 12.011263 0.000000 0.124522 100.012684 -36.366174 18.723694 -0.167561 
1557 12.011263 0.000000 0.021117 99.459022 -19.157812 6.451199 -0.030074 
1558 12.122552 0.000000 0.124522 99.872757 -34.215708 19.047902 -0.150810 
1559 12.233842 0.000000 0.124522 99.763577 -32.260762 19.357769 -0.136825 
1560 12.233842 0.000000 0.021117 99.458634 -18.173707 7.371875 -0.027665 
1561 12.345132 0.000000 0.124522 100.248609 -29.936144 18.863920 -0.130180 
1562 12.456422 0.000000 0.331332 96.907652 37.947955 29.040233 -0.167448 
1563 12.456422 0.000000 0.227927 97.824870 -14.096653 68.213601 -0.442152 
1564 12.567712 0.000000 0.331332 96.921373 36.067495 31.083857 -0.166082 
1565 18.354786 0.000000 -2.046988 99.546746 -0.865048 8.676794 0.001441 
1566 18.354786 0.000000 -2.874230 99.497656 -0.761878 9.103238 0.001677 
1567 19.245105 0.000000 -2.046988 99.554802 -0.889010 8.696790 0.001242 
1568 13.680611 0.000000 -0.185694 99.648567 -5.756048 6.288764 -0.000252 
1569 13.680611 0.000000 -0.392504 99.553133 -3.239786 6.414184 0.003754 
1570 13.903191 0.000000 -0.185694 99.659451 -5.536166 6.393917 -0.000354 
1571 12.679002 0.000000 0.331332 96.948251 34.018858 32.945125 -0.164163 
1572 12.679002 0.000000 0.227927 98.039871 -15.740853 57.641324 -0.318211 
1573 12.790292 0.000000 0.331332 96.965248 31.932196 34.957775 -0.164397 
1574 14.125770 0.000000 -0.185694 99.666775 -5.299952 6.477265 -0.000351 
1575 14.125770 0.000000 -0.392504 99.591186 -3.075955 6.564504 0.002904 
1576 14.348350 0.000000 -0.185694 99.668678 -5.041350 6.461895 -0.000102 
1577 14.570930 0.000000 0.227927 98.600360 -15.372482 20.695784 -0.038666 
1578 14.570930 0.000000 0.021117 99.606176 -9.063587 8.062285 -0.006854 
1579 14.793510 0.000000 0.227927 98.471840 -15.007954 17.960634 -0.024453 
1580 21.916062 0.000000 2.916463 100.170851 0.390906 3.906379 -0.004961 
1581 22.806381 0.000000 2.916463 100.218765 0.488088 3.511389 -0.005637 
1582 21.916062 0.000000 3.743705 99.887020 0.292503 6.528235 -0.002012 
1583 20.135424 0.000000 -2.046988 99.554074 -0.885552 8.662437 0.001316 
1584 20.135424 0.000000 -2.874230 99.500201 -0.790632 9.071536 0.001679 
1585 21.025743 0.000000 -2.046988 99.558465 -0.869696 8.702374 0.001162 
1586 21.916062 0.000000 -0.392504 99.705462 -1.224735 7.669573 -0.000150 
1587 21.916062 0.000000 -1.219746 99.625519 -0.979274 8.292492 0.000503 
1588 22.806381 0.000000 -0.392504 99.702277 -1.174298 7.781528 -0.000248 
1589 23.696700 0.000000 2.916463 100.260418 0.615597 3.150807 -0.006246 
1590 24.587019 0.000000 2.916463 100.298948 0.782021 2.816046 -0.006842 
1591 23.696700 0.000000 3.743705 99.945813 0.253222 6.030694 -0.002560 
1592 31.709572 0.000000 -4.528713 99.470215 -0.599641 10.069722 0.000392 
1593 31.709572 0.000000 -6.183197 99.435305 -0.503751 10.353036 0.000518 
1594 33.490210 0.000000 -4.528713 99.469433 -0.589407 10.115627 0.000316 
1595 23.696700 0.000000 -0.392504 99.698042 -1.137518 7.857855 -0.000274 
1596 23.696700 0.000000 -1.219746 99.626438 -0.959564 8.427085 0.000264 
1597 24.587019 0.000000 -0.392504 99.693597 -1.107491 7.953553 -0.000330 
1598 35.270848 0.000000 -4.528713 99.468077 -0.579171 10.158611 0.000257 
1599 35.270848 0.000000 -6.183197 99.437132 -0.489926 10.413639 0.000357 
1600 37.051486 0.000000 -4.528713 99.466803 -0.568765 10.202190 0.000195 
1601 38.832124 0.000000 -1.219746 99.568550 -0.804289 9.352669 -0.000202 
1602 38.832124 0.000000 -2.874230 99.506116 -0.667151 9.890502 0.000027 
1603 40.612762 0.000000 -1.219746 99.557646 -0.640210 9.459616 -0.000162 
1604 36.161167 0.000000 4.570947 100.152840 0.356499 4.208322 -0.004843 
1605 35.270848 0.000000 4.570947 100.110488 0.300819 4.585294 -0.004323 
1606 36.161167 0.000000 5.398189 99.870825 0.320204 6.736246 -0.001966 
1607 42.393400 0.000000 -1.219746 99.550372 -0.631620 9.533272 -0.000156 
1608 42.393400 0.000000 -2.874230 99.495671 -0.547211 10.008283 0.000015 
1609 44.174038 0.000000 -1.219746 99.543341 -0.622520 9.603344 -0.000149 
1610 45.954676 0.000000 8.707156 99.606532 0.819471 9.107433 -0.000508 
1611 44.174038 0.000000 8.707156 99.593292 0.556695 9.228215 -0.000429 
1612 45.954676 0.000000 10.361640 99.530392 0.727306 9.795538 -0.000278 
1613 46.844996 0.000000 6.225430 99.984848 0.791481 5.719668 -0.003031 
1614 45.954676 0.000000 6.225430 99.951409 0.774762 6.017977 -0.002710 
1615 46.844996 0.000000 7.052672 99.780920 0.797696 7.542447 -0.001376 
1616 45.064357 0.000000 6.225430 99.903996 0.271902 6.440952 -0.002237 
1617 44.174038 0.000000 6.225430 99.877961 0.286872 6.673358 -0.002022 
1618 45.064357 0.000000 7.052672 99.743398 0.429370 7.878127 -0.001099 
1619 46.844996 0.000000 2.916463 99.775554 -1.090448 7.566239 -0.001360 
1620 46.844996 0.000000 2.089221 99.701367 -1.054535 8.222777 -0.000909 
1621 47.735315 0.000000 2.916463 99.763977 -1.075457 7.670506 -0.001284 
1622 48.625634 0.000000 2.916463 99.753478 -1.066238 7.765107 -0.001219 
1623 48.625634 0.000000 2.089221 99.688059 -1.052693 8.344050 -0.000844 
1624 49.515953 0.000000 2.916463 99.743854 -1.060873 7.851837 -0.001161 
1 6 17 15 16 
2 16 15 18 4 
3 1 30 28 29 
4 29 28 17 6 
5 17 33 31 32 
6 32 31 34 15 
7 28 46 44 45 
8 45 44 33 17 
9 33 49 47 48 
10 48 47 50 31 
11 44 62 60 61 
12 61 60 49 33 
13 49 65 63 64 
14 64 63 66 47 
15 60 95 93 94 
16 94 93 65 49 
17 147 149 126 150 
18 148 147 150 124 
19 159 148 124 161 
20 160 159 161 125 
21 137 164 162 163 
22 163 162 165 140 
23 7 168 166 167 
24 168 21 169 166 
25 166 169 19 37 
26 167 166 37 20 
27 20 172 170 171 
28 172 37 173 170 
29 170 173 35 53 
30 171 170 53 36 
31 36 176 174 175 
32 176 53 177 174 
33 174 177 51 69 
34 175 174 69 52 
35 69 180 178 179 
36 180 51 181 178 
37 178 181 70 90 
38 179 178 90 67 
39 67 184 182 183 
40 184 90 185 182 
41 182 185 88 113 
42 183 182 113 89 
43 113 188 186 187 
44 188 88 189 186 
45 186 189 114 130 
46 187 186 130 111 
47 111 192 190 191 
48 192 130 193 190 
49 89 201 199 200 
50 201 113 187 199 
51 199 187 111 139 
52 200 199 139 112 
53 139 204 202 203 
54 204 111 191 202 
55 203 202 164 137 
56 164 207 205 206 
57 206 205 208 162 
58 209 211 147 212 
59 210 209 212 148 
60 140 165 222 223 
61 222 210 148 224 
62 223 222 224 159 
63 162 208 225 226 
64 226 225 227 165 
65 205 230 228 229 
66 229 228 231 208 
67 191 243 241 242 
68 243 190 244 241 
69 241 244 153 196 
70 242 241 196 129 
71 129 247 245 246 
72 247 196 248 245 
73 245 248 194 219 
74 246 245 219 195 
75 195 251 249 250 
76 251 219 252 249 
77 249 252 217 238 
78 250 249 238 218 
79 238 275 273 274 
80 275 217 276 273 
81 273 276 239 277 
82 274 273 277 236 
83 208 231 278 279 
84 279 278 280 225 
85 228 283 281 282 
86 282 281 284 231 
87 218 287 285 286 
88 287 238 274 285 
89 286 285 288 237 
90 289 291 232 292 
91 290 289 292 233 
92 237 288 293 294 
93 288 236 295 293 
94 293 295 240 296 
95 294 293 296 152 
96 285 299 297 298 
97 299 274 300 297 
98 297 300 236 301 
99 298 297 301 288 
100 231 284 302 303 
101 302 290 233 304 
102 303 302 304 278 
103 281 307 305 306 
104 307 237 294 305 
105 305 294 152 308 
106 306 305 308 284 
107 65 311 309 310 
108 310 309 312 63 
109 317 160 125 320 
110 318 317 320 156 
111 73 323 321 322 
112 323 136 318 321 
113 321 318 156 324 
114 322 321 324 157 
115 133 327 325 326 
116 136 330 328 329 
117 328 331 317 332 
118 329 328 332 318 
119 93 335 333 334 
120 334 333 311 65 
121 134 341 339 340 
122 341 133 326 339 
123 339 326 136 323 
124 340 339 323 73 
125 326 344 342 343 
126 344 325 345 342 
127 342 345 319 330 
128 343 342 330 136 
129 319 347 346 331 
130 347 57 348 346 
131 346 348 160 349 
132 331 346 349 317 
133 330 352 350 351 
134 352 319 353 350 
135 350 353 331 354 
136 351 350 354 328 
137 355 322 157 358 
138 356 355 358 313 
139 336 361 359 360 
140 361 134 340 359 
141 364 73 365 362 
142 362 365 322 366 
143 363 362 366 355 
144 311 369 367 368 
145 369 5 314 367 
146 367 314 72 370 
147 368 367 370 309 
148 5 373 371 372 
149 373 315 356 371 
150 371 356 313 374 
151 372 371 374 314 
152 315 377 375 376 
153 377 357 363 375 
154 375 363 355 378 
155 376 375 378 356 
156 359 381 379 380 
157 381 340 382 379 
158 379 382 73 364 
159 380 379 364 357 
160 357 385 383 384 
161 385 364 386 383 
162 383 386 362 387 
163 384 383 387 363 
164 236 277 388 295 
165 277 239 389 388 
166 388 389 221 390 
167 295 388 390 240 
168 397 398 234 399 
169 291 397 399 232 
170 221 402 400 401 
171 402 272 403 400 
172 400 403 397 404 
173 401 400 404 291 
174 198 406 405 398 
175 406 268 407 405 
176 405 407 394 408 
177 398 405 408 234 
178 272 410 409 403 
179 410 198 411 409 
180 409 411 398 412 
181 403 409 412 397 
182 420 421 149 422 
183 211 420 422 147 
184 264 428 427 415 
185 428 154 429 427 
186 427 429 392 430 
187 415 427 430 391 
188 155 393 431 432 
189 393 132 433 431 
190 431 433 211 434 
191 432 431 434 209 
192 215 416 435 436 
193 416 391 437 435 
194 435 437 393 438 
195 436 435 438 155 
196 413 441 439 440 
197 441 415 442 439 
198 439 442 391 443 
199 440 439 443 416 
200 130 445 444 193 
201 445 114 446 444 
202 154 451 450 429 
203 451 424 452 450 
204 450 452 423 453 
205 429 450 453 392 
206 463 131 464 462 
207 257 467 465 466 
208 467 459 468 465 
209 465 468 458 469 
210 466 465 469 425 
211 470 471 417 472 
212 421 470 472 149 
213 259 474 473 460 
214 474 454 475 473 
215 473 475 457 476 
216 460 473 476 92 
217 459 478 477 468 
218 478 259 479 477 
219 477 479 460 480 
220 468 477 480 458 
221 493 495 256 496 
222 475 493 496 457 
223 90 498 497 185 
224 498 70 499 497 
225 497 499 91 121 
226 185 497 121 88 
227 88 501 500 189 
228 501 121 502 500 
229 500 502 120 254 
230 189 500 254 114 
231 114 504 503 446 
232 504 254 505 503 
233 455 508 506 507 
234 508 253 509 506 
235 506 509 456 494 
236 507 506 494 454 
237 454 512 510 511 
238 512 494 513 510 
239 510 513 493 514 
240 511 510 514 475 
241 521 522 418 523 
242 471 521 523 417 
243 524 526 492 527 
244 495 524 527 256 
245 254 529 528 505 
246 529 120 530 528 
247 528 530 255 490 
248 253 532 531 509 
249 532 490 533 531 
250 531 533 489 525 
251 509 531 525 456 
252 456 536 534 535 
253 536 525 537 534 
254 534 537 524 538 
255 535 534 538 495 
256 268 540 539 407 
257 540 151 541 539 
258 539 541 395 542 
259 407 539 542 394 
260 544 261 545 543 
261 151 547 546 541 
262 547 414 548 546 
263 546 548 413 549 
264 541 546 549 395 
265 555 491 556 554 
266 554 556 123 557 
267 526 554 557 492 
268 490 559 558 533 
269 559 255 560 558 
270 558 560 491 555 
271 533 558 555 489 
272 489 563 561 562 
273 563 555 564 561 
274 561 564 554 565 
275 562 561 565 526 
276 566 567 518 568 
277 522 566 568 418 
278 491 570 569 556 
279 570 550 571 569 
280 569 571 553 572 
281 556 569 572 123 
282 550 582 581 571 
283 582 552 583 581 
284 581 583 488 584 
285 571 581 584 553 
286 588 589 519 590 
287 567 588 590 518 
288 488 593 591 592 
289 593 580 594 591 
290 591 594 588 595 
291 592 591 595 567 
292 596 598 585 599 
293 589 596 599 519 
294 580 601 600 594 
295 601 41 602 600 
296 600 602 589 603 
297 594 600 603 588 
298 605 573 606 604 
299 41 608 607 602 
300 608 597 609 607 
301 607 609 596 610 
302 602 607 610 589 
303 628 484 629 627 
304 627 629 586 630 
305 598 627 630 585 
306 573 644 643 606 
307 644 575 645 643 
308 643 645 484 628 
309 576 648 646 647 
310 648 628 649 646 
311 646 649 627 650 
312 647 646 650 598 
313 484 652 651 629 
314 652 624 653 651 
315 11 27 655 656 
316 27 10 657 655 
317 655 657 14 658 
318 656 655 658 9 
319 24 43 659 660 
320 43 23 661 659 
321 659 661 27 662 
322 660 659 662 11 
323 39 107 663 664 
324 107 42 665 663 
325 663 665 23 666 
326 664 663 666 43 
327 58 143 667 668 
328 143 105 669 667 
329 667 669 107 670 
330 668 667 670 39 
331 109 517 671 672 
332 517 141 673 671 
333 671 673 143 674 
334 672 671 674 58 
335 515 626 675 676 
336 626 516 677 675 
337 675 677 141 678 
338 676 675 678 517 
339 586 654 679 680 
340 654 623 681 679 
341 679 681 626 682 
342 680 679 682 515 
343 629 685 683 684 
344 685 651 686 683 
345 683 686 654 687 
346 684 683 687 586 
347 624 693 692 653 
348 693 119 694 692 
349 651 697 696 686 
350 697 653 698 696 
351 696 698 623 699 
352 686 696 699 654 
353 623 695 700 681 
354 695 625 701 700 
355 700 701 516 702 
356 681 700 702 626 
357 653 704 703 698 
358 704 692 705 703 
359 703 705 695 706 
360 698 703 706 623 
361 708 637 709 707 
362 119 711 710 694 
363 711 689 712 710 
364 141 622 714 673 
365 622 142 715 714 
366 714 715 105 716 
367 673 714 716 143 
368 516 691 717 677 
369 691 619 718 717 
370 717 718 622 719 
371 677 717 719 141 
372 625 713 720 701 
373 713 688 721 720 
374 720 721 691 722 
375 701 720 722 516 
376 694 725 723 724 
377 725 710 726 723 
378 723 726 713 727 
379 724 723 727 625 
380 87 729 728 621 
381 729 616 730 728 
382 728 730 615 731 
383 621 728 731 142 
384 620 733 732 690 
385 733 87 734 732 
386 732 734 621 735 
387 690 732 735 619 
388 689 737 736 712 
389 737 620 738 736 
390 736 738 690 739 
391 710 741 740 726 
392 741 712 742 740 
393 740 742 688 743 
394 726 740 743 713 
395 688 739 744 721 
396 739 690 745 744 
397 744 745 619 746 
398 721 744 746 691 
399 712 748 747 742 
400 748 736 749 747 
401 747 749 739 750 
402 742 747 750 688 
403 616 756 755 730 
404 756 25 757 755 
405 755 757 617 758 
406 730 755 758 615 
407 760 631 761 759 
408 25 763 762 757 
409 763 752 764 762 
410 762 764 751 765 
411 757 762 765 617 
412 775 83 776 774 
413 774 776 613 777 
414 752 779 778 764 
415 779 612 780 778 
416 778 780 753 781 
417 764 778 781 751 
418 631 789 788 761 
419 789 633 790 788 
420 788 790 83 775 
421 612 792 791 780 
422 792 775 793 791 
423 791 793 774 794 
424 780 791 794 753 
425 83 796 795 776 
426 796 771 797 795 
427 776 795 798 613 
428 771 804 803 797 
429 804 12 805 803 
430 23 104 807 661 
431 104 26 808 807 
432 807 808 10 809 
433 661 807 809 27 
434 102 773 810 811 
435 773 103 812 810 
436 810 812 26 813 
437 811 810 813 104 
438 613 798 814 815 
439 798 770 816 814 
440 814 816 773 817 
441 815 814 817 102 
442 795 820 818 819 
443 820 797 821 818 
444 818 821 770 822 
445 819 818 822 798 
446 770 806 823 816 
447 806 772 824 823 
448 823 824 103 825 
449 816 823 825 773 
450 797 827 826 821 
451 827 803 828 826 
452 826 828 806 829 
453 821 826 829 770 
454 831 782 832 830 
455 12 834 833 805 
456 834 800 835 833 
457 803 838 837 828 
458 838 805 839 837 
459 837 839 772 840 
460 828 837 840 806 
461 10 101 841 657 
462 101 13 842 841 
463 841 842 3 843 
464 657 841 843 14 
465 26 769 844 808 
466 769 99 845 844 
467 844 845 101 846 
468 808 844 846 10 
469 103 802 847 812 
470 802 766 848 847 
471 847 848 769 849 
472 812 847 849 26 
473 772 836 850 824 
474 850 851 802 852 
475 824 850 852 103 
476 805 854 853 839 
477 854 833 855 853 
478 853 855 836 856 
479 839 853 856 772 
480 800 866 865 835 
481 866 767 867 865 
482 833 870 869 855 
483 870 835 871 869 
484 869 871 799 872 
485 855 869 872 836 
486 782 877 876 832 
487 877 784 878 876 
488 876 878 79 862 
489 767 880 879 867 
490 880 862 881 879 
491 883 884 766 885 
492 851 883 885 802 
493 865 888 886 887 
494 888 867 889 886 
495 886 889 801 890 
496 887 886 890 868 
497 766 864 891 848 
498 891 892 99 893 
499 848 891 893 769 
500 894 895 864 896 
501 884 894 896 766 
502 801 899 897 898 
503 899 882 900 897 
504 897 900 894 901 
505 898 897 901 884 
506 882 911 910 900 
507 911 861 912 910 
508 910 912 895 913 
509 900 910 913 894 
510 862 915 914 881 
511 915 79 916 914 
512 861 918 917 912 
513 918 907 919 917 
514 917 919 906 920 
515 912 917 920 895 
516 99 860 921 845 
517 860 100 922 921 
518 921 922 13 923 
519 845 921 923 101 
520 924 925 860 926 
521 892 924 926 99 
522 784 932 931 878 
523 932 873 933 931 
524 931 933 858 903 
525 878 931 903 79 
526 79 935 934 916 
527 935 903 936 934 
528 934 936 902 928 
529 863 939 937 938 
530 939 928 940 937 
531 937 940 927 941 
532 938 937 941 908 
533 928 951 950 940 
534 951 902 952 950 
535 950 952 929 953 
536 940 950 953 927 
537 903 955 954 936 
538 955 858 956 954 
539 954 956 904 947 
540 936 954 947 902 
541 902 958 957 952 
542 958 947 959 957 
543 957 959 946 960 
544 952 957 960 929 
545 961 962 100 963 
546 925 961 963 860 
547 947 969 968 959 
548 969 904 970 968 
549 968 970 948 971 
550 959 968 971 946 
551 857 967 972 973 
552 967 945 974 972 
553 972 974 961 975 
554 973 972 975 925 
555 948 978 976 977 
556 978 964 979 976 
557 976 979 967 980 
558 977 976 980 857 
559 945 984 985 974 
560 984 859 986 985 
561 985 986 962 987 
562 974 985 987 961 
563 966 990 988 989 
564 990 981 991 988 
565 988 991 984 992 
566 989 988 992 945 
567 981 994 993 991 
568 994 983 995 993 
569 993 995 859 996 
570 991 993 996 984 
571 15 34 997 998 
572 34 11 656 997 
573 997 656 9 999 
574 998 997 999 18 
575 21 1001 1000 169 
576 1001 2 1002 1000 
577 1000 1002 22 77 
578 169 1000 77 19 
579 30 1005 1003 1004 
580 1005 7 167 1003 
581 1003 167 20 46 
582 1004 1003 46 28 
583 31 50 1006 1007 
584 50 24 660 1006 
585 1006 660 11 1008 
586 1007 1006 1008 34 
587 37 1010 1009 173 
588 1010 19 1011 1009 
589 1009 1011 38 81 
590 173 1009 81 35 
591 40 59 1012 1013 
592 59 39 664 1012 
593 1012 664 43 1014 
594 1013 1012 1014 24 
595 46 1017 1015 1016 
596 1017 20 171 1015 
597 1015 171 36 62 
598 1016 1015 62 44 
599 47 66 1018 1019 
600 66 40 1013 1018 
601 1018 1013 24 1020 
602 1019 1018 1020 50 
603 53 1022 1021 177 
604 1022 35 1023 1021 
605 1021 1023 54 85 
606 177 1021 85 51 
607 55 110 1024 1025 
608 110 58 668 1024 
609 1024 668 39 1026 
610 1025 1024 1026 59 
611 56 75 1027 1028 
612 75 55 1025 1027 
613 1027 1025 59 1029 
614 1028 1027 1029 40 
615 62 1032 1030 1031 
616 1032 36 175 1030 
617 1030 175 52 95 
618 1031 1030 95 60 
619 63 312 1033 1034 
620 312 56 1028 1033 
621 1033 1028 40 1035 
622 1034 1033 1035 66 
623 52 1038 1036 1037 
624 1038 69 179 1036 
625 1036 179 67 98 
626 1037 1036 98 68 
627 19 1040 1039 1011 
628 1040 77 1041 1039 
629 1039 1041 76 783 
630 1011 1039 783 38 
631 77 1043 1042 1041 
632 1043 22 1044 1042 
633 1042 1044 78 874 
634 1041 1042 874 76 
635 35 1046 1045 1023 
636 1046 81 1047 1045 
637 1045 1047 80 632 
638 1023 1045 632 54 
639 81 1049 1048 1047 
640 1049 38 1050 1048 
641 1048 1050 82 786 
642 1047 1048 786 80 
643 51 1052 1051 181 
644 1052 85 1053 1051 
645 1051 1053 84 117 
646 181 1051 117 70 
647 85 1055 1054 1053 
648 1055 54 1056 1054 
649 1054 1056 86 635 
650 1053 1054 635 84 
651 95 1059 1057 1058 
652 1059 52 1037 1057 
653 1057 1037 68 335 
654 1058 1057 335 93 
655 98 1062 1060 1061 
656 1062 67 183 1060 
657 1060 183 89 135 
658 1061 1060 135 96 
659 42 614 1063 665 
660 614 102 811 1063 
661 1063 811 104 1064 
662 665 1063 1064 23 
663 105 618 1065 669 
664 618 106 1066 1065 
665 1065 1066 42 1067 
666 669 1065 1067 107 
667 108 146 1068 1069 
668 146 109 672 1068 
669 1068 672 58 1070 
670 1069 1068 1070 110 
671 74 127 1071 1072 
672 127 108 1069 1071 
673 1071 1069 110 1073 
674 1072 1071 1073 55 
675 70 1075 1074 499 
676 1075 117 1076 1074 
677 1074 1076 116 482 
678 499 1074 482 91 
679 117 1078 1077 1076 
680 1078 84 1079 1077 
681 1077 1079 118 638 
682 1076 1077 638 116 
683 121 1081 1080 502 
684 1081 91 1082 1080 
685 1080 1082 122 486 
686 502 1080 486 120 
687 135 1085 1083 1084 
688 1085 89 200 1083 
689 1083 200 112 327 
690 1084 1083 327 133 
691 57 1087 1086 348 
692 1087 140 223 1086 
693 1086 223 159 1088 
694 348 1086 1088 160 
695 190 1090 1089 244 
696 1090 193 1091 1089 
697 1089 1091 128 262 
698 244 1089 262 153 
699 196 1093 1092 248 
700 1093 153 1094 1092 
701 1092 1094 197 266 
702 248 1092 266 194 
703 202 1097 1095 1096 
704 1097 191 242 1095 
705 1095 242 129 207 
706 1096 1095 207 164 
707 207 1100 1098 1099 
708 1100 129 246 1098 
709 1098 246 195 230 
710 1099 1098 230 205 
711 115 216 1101 1102 
712 216 155 432 1101 
713 1101 432 209 1103 
714 1102 1101 1103 210 
715 213 396 1104 1105 
716 396 215 436 1104 
717 1104 436 155 1106 
718 1105 1104 1106 216 
719 214 235 1107 1108 
720 235 213 1105 1107 
721 1107 1105 216 1109 
722 1108 1107 1109 115 
723 219 1111 1110 252 
724 1111 194 1112 1110 
725 1110 1112 220 270 
726 252 1110 270 217 
727 165 227 1113 1114 
728 227 115 1102 1113 
729 1113 1102 210 1115 
730 1114 1113 1115 222 
731 225 280 1116 1117 
732 280 214 1108 1116 
733 1116 1108 115 1118 
734 1117 1116 1118 227 
735 230 1121 1119 1120 
736 1121 195 250 1119 
737 1119 250 218 283 
738 1120 1119 283 228 
739 153 1123 1122 1094 
740 1123 262 1124 1122 
741 1122 1124 261 544 
742 1094 1122 544 197 
743 261 1126 1125 545 
744 1126 263 1127 1125 
745 1125 1127 154 428 
746 545 1125 428 264 
747 220 1129 1128 271 
748 1129 265 1130 1128 
749 1128 1130 268 406 
750 271 1128 406 198 
751 239 1132 1131 389 
752 1132 269 1133 1131 
753 1131 1133 272 402 
754 389 1131 402 221 
755 283 1136 1134 1135 
756 1136 218 286 1134 
757 1134 286 237 307 
758 1135 1134 307 281 
759 240 390 1137 1138 
760 390 221 401 1137 
761 1137 401 291 1139 
762 1138 1137 1139 289 
763 325 1141 1140 345 
764 1141 138 1142 1140 
765 1140 1142 57 347 
766 345 1140 347 319 
767 333 1145 1143 1144 
768 1145 97 337 1143 
769 1143 337 5 369 
770 1144 1143 369 311 
771 337 1148 1146 1147 
772 1148 336 360 1146 
773 1146 360 315 373 
774 1147 1146 373 5 
775 360 1151 1149 1150 
776 1151 359 380 1149 
777 1149 380 357 377 
778 1150 1149 377 315 
779 391 430 1152 437 
780 430 392 1153 1152 
781 1152 1153 132 1154 
782 437 1152 1154 393 
783 414 1156 1155 548 
784 1156 264 1157 1155 
785 1155 1157 415 441 
786 548 1155 441 413 
787 395 549 1158 1159 
788 549 413 440 1158 
789 1158 440 416 1160 
790 1159 1158 1160 215 
791 132 426 1161 433 
792 426 260 1162 1161 
793 1161 1162 420 1163 
794 433 1161 1163 211 
795 260 461 1164 1162 
796 461 92 1165 1164 
797 1164 1165 421 1166 
798 1162 1164 1166 420 
799 424 1168 1167 452 
800 1168 257 466 1167 
801 1167 466 425 1169 
802 452 1167 1169 423 
803 392 453 1170 1153 
804 453 423 1171 1170 
805 1170 1171 426 1172 
806 1153 1170 1172 132 
807 193 1174 1173 1091 
808 1174 444 1175 1173 
809 1173 1175 258 448 
810 1091 1173 448 128 
811 263 1177 1176 1127 
812 1177 447 1178 1176 
813 1176 1178 424 451 
814 1127 1176 451 154 
815 131 1180 1179 464 
816 1180 455 507 1179 
817 1179 507 454 474 
818 464 1179 474 259 
819 92 476 1181 1165 
820 476 457 1182 1181 
821 1181 1182 470 1183 
822 1165 1181 1183 421 
823 457 496 1184 1182 
824 496 256 1185 1184 
825 1184 1185 471 1186 
826 1182 1184 1186 470 
827 91 1188 1187 1082 
828 1188 482 1189 1187 
829 1187 1189 481 574 
830 1082 1187 574 122 
831 482 1191 1190 1189 
832 1191 116 1192 1190 
833 1190 1192 483 641 
834 1189 1190 641 481 
835 120 1194 1193 530 
836 1194 486 1195 1193 
837 1193 1195 485 551 
838 530 1193 551 255 
839 486 1197 1196 1195 
840 1197 122 1198 1196 
841 1196 1198 487 578 
842 1195 1196 578 485 
843 494 1200 1199 513 
844 1200 456 535 1199 
845 1199 535 495 1201 
846 513 1199 1201 493 
847 145 587 1202 1203 
848 587 515 676 1202 
849 1202 676 517 1204 
850 1203 1202 1204 109 
851 256 527 1205 1185 
852 527 492 1206 1205 
853 1205 1206 521 1207 
854 1185 1205 1207 471 
855 492 557 1208 1206 
856 557 123 1209 1208 
857 1208 1209 522 1210 
858 1206 1208 1210 521 
859 525 1212 1211 537 
860 1212 489 562 1211 
861 1211 562 526 1213 
862 537 1211 1213 524 
863 255 1215 1214 560 
864 1215 551 1216 1214 
865 1214 1216 550 570 
866 560 1214 570 491 
867 551 1218 1217 1216 
868 1218 485 1219 1217 
869 1217 1219 552 582 
870 1216 1217 582 550 
871 123 572 1220 1209 
872 572 553 1221 1220 
873 1220 1221 566 1222 
874 1209 1220 1222 522 
875 553 584 1223 1221 
876 584 488 592 1223 
877 1223 592 567 1224 
878 1221 1223 1224 566 
879 122 1226 1225 1198 
880 1226 574 1227 1225 
881 1225 1227 573 605 
882 1198 1225 605 487 
883 574 1229 1228 1227 
884 1229 481 1230 1228 
885 1228 1230 575 644 
886 1227 1228 644 573 
887 552 1232 1231 583 
888 1232 577 1233 1231 
889 1231 1233 580 593 
890 583 1231 593 488 
891 585 630 1234 1235 
892 630 586 680 1234 
893 1234 680 515 1236 
894 1235 1234 1236 587 
895 519 599 1237 1238 
896 599 585 1235 1237 
897 1237 1235 587 1239 
898 1238 1237 1239 145 
899 597 1241 1240 609 
900 1241 576 647 1240 
901 1240 647 598 1242 
902 609 1240 1242 596 
903 611 777 1243 1244 
904 777 613 815 1243 
905 1243 815 102 1245 
906 1244 1243 1245 614 
907 106 754 1246 1066 
908 754 611 1244 1246 
909 1246 1244 614 1247 
910 1066 1246 1247 42 
911 142 731 1248 715 
912 731 615 1249 1248 
913 1248 1249 618 1250 
914 715 1248 1250 105 
915 619 735 1251 718 
916 735 621 1252 1251 
917 1251 1252 142 1253 
918 718 1251 1253 622 
919 54 1255 1254 1056 
920 1255 632 1256 1254 
921 1254 1256 631 760 
922 1056 1254 760 86 
923 632 1258 1257 1256 
924 1258 80 1259 1257 
925 1257 1259 633 789 
926 1256 1257 789 631 
927 118 1261 1260 639 
928 1261 634 1262 1260 
929 1260 1262 616 729 
930 639 1260 729 87 
931 116 1264 1263 1192 
932 1264 638 1265 1263 
933 1263 1265 637 708 
934 1192 1263 708 483 
935 637 1267 1266 709 
936 1267 639 1268 1266 
937 1266 1268 87 733 
938 709 1266 733 620 
939 575 1270 1269 645 
940 1270 640 1271 1269 
941 1269 1271 624 652 
942 645 1269 652 484 
943 692 1273 1272 705 
944 1273 694 724 1272 
945 1272 724 625 1274 
946 705 1272 1274 695 
947 38 1276 1275 1050 
948 1276 783 1277 1275 
949 1275 1277 782 831 
950 1050 1275 831 82 
951 783 1279 1278 1277 
952 1279 76 1280 1278 
953 1278 1280 784 877 
954 1277 1278 877 782 
955 633 1282 1281 790 
956 1282 785 1283 1281 
957 1281 1283 771 796 
958 790 1281 796 83 
959 835 1285 1284 871 
960 1285 865 887 1284 
961 1284 887 868 1286 
962 871 1284 1286 799 
963 76 1288 1287 1280 
964 1288 874 1289 1287 
965 1287 1289 873 932 
966 1280 1287 932 784 
967 873 1291 1290 933 
968 1291 875 1292 1290 
969 1290 1292 8 943 
970 933 1290 943 858 
971 867 1294 1293 889 
972 1294 879 1295 1293 
973 1293 1295 882 899 
974 889 1293 899 801 
975 868 890 1296 1297 
976 890 801 898 1296 
977 1296 898 884 1298 
978 1297 1296 1298 883 
979 907 1300 1299 919 
980 1300 863 938 1299 
981 1299 938 908 1301 
982 919 1299 1301 906 
983 905 949 1302 1303 
984 949 857 973 1302 
985 1302 973 925 1304 
986 1303 1302 1304 924 
987 858 1306 1305 956 
988 1306 943 1307 1305 
989 1305 1307 942 965 
990 956 1305 965 904 
991 943 1309 1308 1307 
992 1309 8 1310 1308 
993 1308 1310 944 982 
994 1307 1308 982 942 
995 946 971 1311 1312 
996 971 948 977 1311 
997 1311 977 857 1313 
998 1312 1311 1313 949 
999 929 960 1314 1315 
1000 960 946 1312 1314 
1001 1314 1312 949 1316 
1002 1315 1314 1316 905 
1003 904 1318 1317 970 
1004 1318 965 1319 1317 
1005 1317 1319 964 978 
1006 970 1317 978 948 
1007 964 1321 1320 979 
1008 1321 966 989 1320 
1009 1320 989 945 1322 
1010 979 1320 1322 967 
1011 71 158 1323 1324 
1012 158 74 1072 1323 
1013 1323 1072 55 1325 
1014 1324 1323 1325 75 
1015 72 316 1326 1327 
1016 316 71 1324 1326 
1017 1326 1324 75 1328 
1018 1327 1326 1328 56 
1019 68 1331 1329 1330 
1020 1331 98 1061 1329 
1021 1329 1061 96 338 
1022 1330 1329 338 97 
1023 96 1334 1332 1333 
1024 1334 135 1084 1332 
1025 1332 1084 133 341 
1026 1333 1332 341 134 
1027 138 1336 1335 1142 
1028 1336 137 163 1335 
1029 1335 163 140 1087 
1030 1142 1335 1087 57 
1031 144 520 1337 1338 
1032 520 145 1203 1337 
1033 1337 1203 109 1339 
1034 1338 1337 1339 146 
1035 126 419 1340 1341 
1036 419 144 1338 1340 
1037 1340 1338 146 1342 
1038 1341 1340 1342 108 
1039 262 1344 1343 1124 
1040 1344 128 1345 1343 
1041 1343 1345 263 1126 
1042 1124 1343 1126 261 
1043 194 1347 1346 1112 
1044 1347 266 1348 1346 
1045 1346 1348 265 1129 
1046 1112 1346 1129 220 
1047 265 1350 1349 1130 
1048 1350 267 1351 1349 
1049 1349 1351 151 540 
1050 1130 1349 540 268 
1051 217 1353 1352 276 
1052 1353 270 1354 1352 
1053 1352 1354 269 1132 
1054 276 1352 1132 239 
1055 269 1356 1355 1133 
1056 1356 271 1357 1355 
1057 1355 1357 198 410 
1058 1133 1355 410 272 
1059 152 296 1358 1359 
1060 296 240 1138 1358 
1061 1358 1138 289 1360 
1062 1359 1358 1360 290 
1063 284 308 1361 1362 
1064 308 152 1359 1361 
1065 1361 1359 290 1363 
1066 1362 1361 1363 302 
1067 309 370 1364 1365 
1068 370 72 1327 1364 
1069 1364 1327 56 1366 
1070 1365 1364 1366 312 
1071 335 1369 1367 1368 
1072 1369 68 1330 1367 
1073 1367 1330 97 1145 
1074 1368 1367 1145 333 
1075 338 1372 1370 1371 
1076 1372 96 1333 1370 
1077 1370 1333 134 361 
1078 1371 1370 361 336 
1079 394 542 1373 1374 
1080 542 395 1159 1373 
1081 1373 1159 215 1375 
1082 1374 1373 1375 396 
1083 234 408 1376 1377 
1084 408 394 1374 1376 
1085 1376 1374 396 1378 
1086 1377 1376 1378 213 
1087 423 1169 1379 1171 
1088 1169 425 1380 1379 
1089 1379 1380 260 1381 
1090 1171 1379 1381 426 
1091 444 1383 1382 1175 
1092 1383 446 1384 1382 
1093 1382 1384 131 463 
1094 1175 1382 463 258 
1095 128 1386 1385 1345 
1096 1386 448 1387 1385 
1097 1385 1387 447 1177 
1098 1345 1385 1177 263 
1099 447 1389 1388 1178 
1100 1389 449 1390 1388 
1101 1388 1390 257 1168 
1102 1178 1388 1168 424 
1103 425 469 1391 1380 
1104 469 458 1392 1391 
1105 1391 1392 461 1393 
1106 1380 1391 1393 260 
1107 449 1395 1394 1390 
1108 1395 462 1396 1394 
1109 1394 1396 459 467 
1110 1390 1394 467 257 
1111 446 1398 1397 1384 
1112 1398 503 1399 1397 
1113 1397 1399 455 1180 
1114 1384 1397 1180 131 
1115 518 590 1400 1401 
1116 590 519 1238 1400 
1117 1400 1238 145 1402 
1118 1401 1400 1402 520 
1119 418 568 1403 1404 
1120 568 518 1401 1403 
1121 1403 1401 520 1405 
1122 1404 1403 1405 144 
1123 267 1407 1406 1351 
1124 1407 543 1408 1406 
1125 1406 1408 414 547 
1126 1351 1406 547 151 
1127 485 1410 1409 1219 
1128 1410 578 1411 1409 
1129 1409 1411 577 1232 
1130 1219 1409 1232 552 
1131 577 1413 1412 1233 
1132 1413 579 1414 1412 
1133 1412 1414 41 601 
1134 1233 1412 601 580 
1135 579 1416 1415 1414 
1136 1416 604 1417 1415 
1137 1415 1417 597 608 
1138 1414 1415 608 41 
1139 615 758 1418 1249 
1140 758 617 1419 1418 
1141 1418 1419 106 1420 
1142 1249 1418 1420 618 
1143 84 1422 1421 1079 
1144 1422 635 1423 1421 
1145 1421 1423 634 1261 
1146 1079 1421 1261 118 
1147 634 1425 1424 1262 
1148 1425 636 1426 1424 
1149 1424 1426 25 756 
1150 1262 1424 756 616 
1151 638 1428 1427 1265 
1152 1428 118 1429 1427 
1153 1427 1429 639 1267 
1154 1265 1427 1267 637 
1155 481 1431 1430 1230 
1156 1431 641 1432 1430 
1157 1430 1432 640 1270 
1158 1230 1430 1270 575 
1159 640 1434 1433 1271 
1160 1434 642 1435 1433 
1161 1433 1435 119 693 
1162 1271 1433 693 624 
1163 642 1437 1436 1435 
1164 1437 707 1438 1436 
1165 1436 1438 689 711 
1166 1435 1436 711 119 
1167 617 765 1439 1419 
1168 765 751 1440 1439 
1169 1439 1440 754 1441 
1170 1419 1439 1441 106 
1171 636 1443 1442 1426 
1172 1443 759 1444 1442 
1173 1442 1444 752 763 
1174 1426 1442 763 25 
1175 80 1446 1445 1259 
1176 1446 786 1447 1445 
1177 1445 1447 785 1282 
1178 1259 1445 1282 633 
1179 785 1449 1448 1283 
1180 1449 787 1450 1448 
1181 1448 1450 12 804 
1182 1283 1448 804 771 
1183 787 1452 1451 1450 
1184 1452 830 1453 1451 
1185 1451 1453 800 834 
1186 1450 1451 834 12 
1187 874 1455 1454 1289 
1188 1455 78 1456 1454 
1189 1454 1456 875 1291 
1190 1289 1454 1291 873 
1191 879 1458 1457 1295 
1192 1458 881 1459 1457 
1193 1457 1459 861 911 
1194 1295 1457 911 882 
1195 799 1286 1460 1461 
1196 1286 868 1297 1460 
1197 1460 1297 883 1462 
1198 1461 1460 1462 851 
1199 881 1464 1463 1459 
1200 1464 914 1465 1463 
1201 1463 1465 907 918 
1202 1459 1463 918 861 
1203 768 930 1466 1467 
1204 930 905 1303 1466 
1205 1466 1303 924 1468 
1206 1467 1466 1468 892 
1207 927 953 1469 1470 
1208 953 929 1315 1469 
1209 1469 1315 905 1471 
1210 1470 1469 1471 930 
1211 908 941 1472 1473 
1212 941 927 1470 1472 
1213 1472 1470 930 1474 
1214 1473 1472 1474 768 
1215 965 1476 1475 1319 
1216 1476 942 1477 1475 
1217 1475 1477 966 1321 
1218 1319 1475 1321 964 
1219 942 1479 1478 1477 
1220 1479 982 1480 1478 
1221 1478 1480 981 990 
1222 1477 1478 990 966 
1223 982 1482 1481 1480 
1224 1482 944 1483 1481 
1225 1481 1483 983 994 
1226 1480 1481 994 981 
1227 124 150 1484 1485 
1228 150 126 1341 1484 
1229 1484 1341 108 1486 
1230 1485 1484 1486 127 
1231 125 161 1487 1488 
1232 161 124 1485 1487 
1233 1487 1485 127 1489 
1234 1488 1487 1489 74 
1235 112 1492 1490 1491 
1236 1492 139 203 1490 
1237 1490 203 137 1336 
1238 1491 1490 1336 138 
1239 156 320 1493 1494 
1240 320 125 1488 1493 
1241 1493 1488 74 1495 
1242 1494 1493 1495 158 
1243 157 324 1496 1497 
1244 324 156 1494 1496 
1245 1496 1494 158 1498 
1246 1497 1496 1498 71 
1247 232 399 1499 1500 
1248 399 234 1377 1499 
1249 1499 1377 213 1501 
1250 1500 1499 1501 235 
1251 233 292 1502 1503 
1252 292 232 1500 1502 
1253 1502 1500 235 1504 
1254 1503 1502 1504 214 
1255 266 1506 1505 1348 
1256 1506 197 1507 1505 
1257 1505 1507 267 1350 
1258 1348 1505 1350 265 
1259 270 1509 1508 1354 
1260 1509 220 1510 1508 
1261 1508 1510 271 1356 
1262 1354 1508 1356 269 
1263 278 304 1511 1512 
1264 304 233 1503 1511 
1265 1511 1503 214 1513 
1266 1512 1511 1513 280 
1267 313 358 1514 1515 
1268 358 157 1497 1514 
1269 1514 1497 71 1516 
1270 1515 1514 1516 316 
1271 314 374 1517 1518 
1272 374 313 1515 1517 
1273 1517 1515 316 1519 
1274 1518 1517 1519 72 
1275 327 1522 1520 1521 
1276 1522 112 1491 1520 
1277 1520 1491 138 1141 
1278 1521 1520 1141 325 
1279 97 1525 1523 1524 
1280 1525 338 1371 1523 
1281 1523 1371 336 1148 
1282 1524 1523 1148 337 
1283 417 523 1526 1527 
1284 523 418 1404 1526 
1285 1526 1404 144 1528 
1286 1527 1526 1528 419 
1287 149 472 1529 1530 
1288 472 417 1527 1529 
1289 1529 1527 419 1531 
1290 1530 1529 1531 126 
1291 448 1533 1532 1387 
1292 1533 258 1534 1532 
1293 1532 1534 449 1389 
1294 1387 1532 1389 447 
1295 458 480 1535 1392 
1296 480 460 1536 1535 
1297 1535 1536 92 1537 
1298 1392 1535 1537 461 
1299 258 1539 1538 1534 
1300 1539 463 1540 1538 
1301 1538 1540 462 1395 
1302 1534 1538 1395 449 
1303 462 1542 1541 1396 
1304 1542 464 1543 1541 
1305 1541 1543 259 478 
1306 1396 1541 478 459 
1307 503 1545 1544 1399 
1308 1545 505 1546 1544 
1309 1544 1546 253 508 
1310 1399 1544 508 455 
1311 505 1548 1547 1546 
1312 1548 528 1549 1547 
1313 1547 1549 490 532 
1314 1546 1547 532 253 
1315 197 1551 1550 1507 
1316 1551 544 1552 1550 
1317 1550 1552 543 1407 
1318 1507 1550 1407 267 
1319 543 1554 1553 1408 
1320 1554 545 1555 1553 
1321 1553 1555 264 1156 
1322 1408 1553 1156 414 
1323 578 1557 1556 1411 
1324 1557 487 1558 1556 
1325 1556 1558 579 1413 
1326 1411 1556 1413 577 
1327 487 1560 1559 1558 
1328 1560 605 1561 1559 
1329 1559 1561 604 1416 
1330 1558 1559 1416 579 
1331 604 1563 1562 1417 
1332 1563 606 1564 1562 
1333 1562 1564 576 1241 
1334 1417 1562 1241 597 
1335 635 1566 1565 1423 
1336 1566 86 1567 1565 
1337 1565 1567 636 1425 
1338 1423 1565 1425 634 
1339 641 1569 1568 1432 
1340 1569 483 1570 1568 
1341 1568 1570 642 1434 
1342 1432 1568 1434 640 
1343 606 1572 1571 1564 
1344 1572 643 1573 1571 
1345 1571 1573 628 648 
1346 1564 1571 648 576 
1347 483 1575 1574 1570 
1348 1575 708 1576 1574 
1349 1574 1576 707 1437 
1350 1570 1574 1437 642 
1351 707 1578 1577 1438 
1352 1578 709 1579 1577 
1353 1577 1579 620 737 
1354 1438 1577 737 689 
1355 751 781 1580 1440 
1356 781 753 1581 1580 
1357 1580 1581 611 1582 
1358 1440 1580 1582 754 
1359 86 1584 1583 1567 
1360 1584 760 1585 1583 
1361 1583 1585 759 1443 
1362 1567 1583 1443 636 
1363 759 1587 1586 1444 
1364 1587 761 1588 1586 
1365 1586 1588 612 779 
1366 1444 1586 779 752 
1367 753 794 1589 1581 
1368 794 774 1590 1589 
1369 1589 1590 777 1591 
1370 1581 1589 1591 611 
1371 786 1593 1592 1447 
1372 1593 82 1594 1592 
1373 1592 1594 787 1449 
1374 1447 1592 1449 785 
1375 761 1596 1595 1588 
1376 1596 788 1597 1595 
1377 1595 1597 775 792 
1378 1588 1595 792 612 
1379 82 1599 1598 1594 
1380 1599 831 1600 1598 
1381 1598 1600 830 1452 
1382 1594 1598 1452 787 
1383 830 1602 1601 1453 
1384 1602 832 1603 1601 
1385 1601 1603 767 866 
1386 1453 1601 866 800 
1387 836 872 1604 1605 
1388 872 799 1461 1604 
1389 1604 1461 851 1606 
1390 1605 1604 1606 850 
1391 832 1608 1607 1603 
1392 1608 876 1609 1607 
1393 1607 1609 862 880 
1394 1603 1607 880 767 
1395 864 909 1610 1611 
1396 909 768 1467 1610 
1397 1610 1467 892 1612 
1398 1611 1610 1612 891 
1399 906 1301 1613 1614 
1400 1301 908 1473 1613 
1401 1613 1473 768 1615 
1402 1614 1613 1615 909 
1403 895 920 1616 1617 
1404 920 906 1614 1616 
1405 1616 1614 909 1618 
1406 1617 1616 1618 864 
1407 914 1620 1619 1465 
1408 1620 916 1621 1619 
1409 1619 1621 863 1300 
1410 1465 1619 1300 907 
1411 916 1623 1622 1621 
1412 1623 934 1624 1622 
1413 1622 1624 928 939 
1414 1621 1622 939 863 
