2 0.000000 100.000000 5791.461216
1598 1390 
1 -51.980419 0.000000 -52.508739 98.476772 -0.026591 17.364222 0.000081 
2 61.980419 0.000000 -52.508739 98.480473 -0.197497 17.331467 0.000118 
3 61.980419 0.000000 53.378214 98.496982 0.319710 17.295515 -0.000089 
4 -51.980419 0.000000 53.378214 98.486680 0.045495 17.363757 -0.000113 
5 5.000000 0.000000 0.434738 71.283269 0.591507 0.238620 0.491829 
6 -51.980419 0.000000 0.434738 98.481843 0.010114 17.368559 -0.000034 
7 5.000000 0.000000 -52.508739 98.468416 -0.102442 17.345315 0.000310 
8 61.980419 0.000000 0.434738 98.716728 -1.554352 16.008923 -0.000369 
9 5.000000 0.000000 53.378214 98.501205 0.143499 17.338766 -0.000314 
10 33.490210 0.000000 26.906476 98.541436 0.642971 17.109068 -0.000355 
11 5.000000 0.000000 26.906476 98.568735 0.277314 17.268806 -0.001408 
12 33.490210 0.000000 0.434738 99.196085 -2.164798 13.207860 -0.001900 
13 61.980419 0.000000 26.906476 98.557472 0.746063 16.944866 -0.000126 
14 33.490210 0.000000 53.378214 98.499486 0.224431 17.314482 -0.000199 
15 -23.490210 0.000000 26.906476 98.503188 0.089568 17.362063 -0.000433 
16 -51.980419 0.000000 26.906476 98.486525 0.034986 17.366270 -0.000118 
17 -23.490210 0.000000 0.434738 98.482254 0.022346 17.381806 -0.000088 
18 -23.490210 0.000000 53.378214 98.493566 0.084246 17.357766 -0.000228 
19 33.490210 0.000000 -26.037001 98.478684 -0.414050 17.231896 0.000484 
20 5.000000 0.000000 -26.037001 98.423149 -0.200003 17.288655 0.001395 
21 33.490210 0.000000 -52.508739 98.474295 -0.155054 17.332659 0.000237 
22 61.980419 0.000000 -26.037001 98.492204 -0.352093 17.259474 0.000127 
23 19.245105 0.000000 13.670607 98.717367 1.017262 16.472257 -0.001749 
24 5.000000 0.000000 13.670607 98.826160 0.302709 17.047637 -0.005732 
25 19.245105 0.000000 0.434738 99.941310 -3.722878 8.670529 -0.007730 
26 33.490210 0.000000 13.670607 98.730006 1.367586 16.020904 -0.000615 
27 19.245105 0.000000 26.906476 98.561784 0.444582 17.171650 -0.000949 
28 -23.490210 0.000000 -26.037001 98.464609 -0.051316 17.362322 0.000327 
29 -51.980419 0.000000 -26.037001 98.477240 -0.013790 17.366429 0.000064 
30 -23.490210 0.000000 -52.508739 98.471997 -0.056293 17.359371 0.000191 
31 -9.245105 0.000000 13.670607 98.567804 0.149191 17.368938 -0.001731 
32 -23.490210 0.000000 13.670607 98.500858 0.067671 17.371220 -0.000418 
33 -9.245105 0.000000 0.434738 98.452604 0.027128 17.432157 0.000320 
34 -9.245105 0.000000 26.906476 98.530806 0.160405 17.341167 -0.000906 
35 19.245105 0.000000 -12.801131 98.440788 -0.728372 16.813686 0.002618 
36 5.000000 0.000000 -12.801131 98.354002 -0.339821 17.096507 0.003408 
37 19.245105 0.000000 -26.037001 98.446927 -0.315934 17.233420 0.001111 
38 33.490210 0.000000 -12.801131 98.520450 -0.766998 16.927625 0.000659 
39 12.122552 0.000000 7.052672 98.901812 1.097794 15.195730 -0.001368 
40 5.000000 0.000000 7.052672 99.101338 0.290725 16.501655 -0.009346 
41 12.122552 0.000000 0.434738 98.494837 24.193611 10.392919 -0.039458 
42 19.245105 0.000000 7.052672 99.094398 1.757325 14.077469 -0.002096 
43 12.122552 0.000000 13.670607 98.779468 0.764236 16.704662 -0.003701 
44 -9.245105 0.000000 -12.801131 98.410081 -0.083505 17.357573 0.001416 
45 -23.490210 0.000000 -12.801131 98.464923 -0.024352 17.371903 0.000288 
46 -9.245105 0.000000 -26.037001 98.445162 -0.105414 17.343788 0.000773 
47 -2.122552 0.000000 7.052672 98.681470 0.035446 17.361194 -0.003944 
48 -9.245105 0.000000 7.052672 98.555096 0.014591 17.429110 -0.001688 
49 -2.122552 0.000000 0.434738 97.795329 0.141086 17.337609 0.013546 
50 -2.122552 0.000000 13.670607 98.674610 0.111055 17.300049 -0.003598 
51 12.122552 0.000000 -6.183197 98.545957 -0.826109 15.858226 0.003653 
52 5.000000 0.000000 -6.183197 98.228774 -0.191841 16.507001 0.007859 
53 12.122552 0.000000 -12.801131 98.333111 -0.522489 16.868508 0.004578 
54 19.245105 0.000000 -6.183197 98.608784 -1.340111 15.752658 0.002637 
55 8.561276 0.000000 3.743705 100.588714 1.689138 11.776161 -0.025962 
56 5.000000 0.000000 3.743705 100.407467 1.182167 15.669187 -0.032858 
57 8.561276 0.000000 0.434738 75.665979 3.473156 -15.355079 0.402682 
58 12.122552 0.000000 3.743705 99.214280 1.390372 11.917507 0.001257 
59 8.561276 0.000000 7.052672 99.015349 0.608231 15.743571 -0.005227 
60 -2.122552 0.000000 -6.183197 98.370044 0.021941 17.081246 0.003157 
61 -9.245105 0.000000 -6.183197 98.403945 0.030520 17.384327 0.001445 
62 -2.122552 0.000000 -12.801131 98.345044 0.009352 17.280980 0.002962 
63 1.438724 0.000000 3.743705 99.109712 0.314608 17.563455 -0.013131 
64 -2.122552 0.000000 3.743705 98.498156 -0.092750 17.549306 -0.000987 
65 1.438724 0.000000 0.434738 60.931619 0.084825 11.727368 0.614980 
66 1.438724 0.000000 7.052672 98.819066 -0.091216 17.078172 -0.005688 
67 8.561276 0.000000 -2.874230 97.521630 -1.818724 12.988275 0.031753 
68 5.000000 0.000000 -2.874230 97.787303 -1.583561 15.754719 0.018692 
69 8.561276 0.000000 -6.183197 98.392725 -0.479152 16.095478 0.005958 
70 12.122552 0.000000 -2.874230 98.678609 -1.558202 13.539351 0.007679 
71 6.780638 0.000000 2.089221 103.861226 1.548572 11.092409 -0.091259 
72 5.000000 0.000000 2.089221 102.091572 2.512116 13.929252 -0.062302 
73 6.780638 0.000000 0.434738 70.094000 -0.086814 1.884209 0.508327 
74 8.561276 0.000000 2.089221 100.749462 1.355636 6.130921 -0.018988 
75 6.780638 0.000000 3.743705 101.099438 1.871805 13.428613 -0.040493 
76 47.735315 0.000000 -12.801131 98.527199 -0.758188 17.033989 0.000166 
77 47.735315 0.000000 -26.037001 98.489048 -0.425583 17.244847 0.000234 
78 61.980419 0.000000 -12.801131 98.521233 -0.691290 17.102072 0.000061 
79 47.735315 0.000000 0.434738 98.871196 -1.914411 15.116501 -0.000769 
80 26.367657 0.000000 -6.183197 98.646007 -1.320965 16.057788 0.000937 
81 26.367657 0.000000 -12.801131 98.502090 -0.773966 16.869656 0.001215 
82 33.490210 0.000000 -6.183197 98.634833 -1.232950 16.315289 0.000346 
83 26.367657 0.000000 0.434738 99.476513 -2.354098 11.509132 -0.003358 
84 15.683829 0.000000 -2.874230 98.939170 -1.782591 13.713629 0.001980 
85 15.683829 0.000000 -6.183197 98.645039 -1.252761 15.820537 0.001730 
86 19.245105 0.000000 -2.874230 98.962695 -1.901677 14.103815 0.000385 
87 15.683829 0.000000 0.434738 99.544189 -14.164465 10.263407 -0.021502 
88 10.341914 0.000000 -1.219746 97.404583 -2.385826 9.122795 0.042343 
89 8.561276 0.000000 -1.219746 97.683608 -1.272798 11.856968 0.031571 
90 10.341914 0.000000 -2.874230 97.965868 -2.256472 12.545203 0.024021 
91 12.122552 0.000000 -1.219746 98.829051 -2.064615 10.365259 0.012112 
92 10.341914 0.000000 0.434738 96.204575 29.505510 -2.035007 -0.013004 
93 1.438724 0.000000 -2.874230 98.107997 0.012643 16.160959 0.011364 
94 -2.122552 0.000000 -2.874230 98.129365 0.032374 17.060119 0.007958 
95 1.438724 0.000000 -6.183197 98.316700 -0.032747 16.868844 0.004927 
96 6.780638 0.000000 -1.219746 97.325655 -0.786004 9.541874 0.043605 
97 5.000000 0.000000 -1.219746 95.567409 -0.377783 11.043561 0.074477 
98 6.780638 0.000000 -2.874230 97.215648 -1.522849 13.641810 0.036070 
99 47.735315 0.000000 13.670607 98.871226 1.861914 15.160149 -0.000882 
100 61.980419 0.000000 13.670607 99.204666 2.228522 13.260350 -0.002237 
101 47.735315 0.000000 26.906476 98.544212 0.764316 17.039758 -0.000190 
102 26.367657 0.000000 7.052672 99.287803 1.915092 12.817743 -0.002603 
103 33.490210 0.000000 7.052672 99.655198 1.804454 10.698913 -0.004888 
104 26.367657 0.000000 13.670607 98.700301 1.207037 16.279805 -0.000824 
105 15.683829 0.000000 3.743705 99.608662 1.635105 10.451114 -0.003378 
106 19.245105 0.000000 3.743705 100.023783 1.510594 8.371354 -0.007712 
107 15.683829 0.000000 7.052672 98.929930 1.501578 14.727831 -0.000629 
108 10.341914 0.000000 2.089221 99.731690 0.403679 5.536667 0.002277 
109 12.122552 0.000000 2.089221 99.848382 1.330887 6.545305 -0.001431 
110 10.341914 0.000000 3.743705 99.532507 1.439030 11.996961 -0.005272 
111 9.451595 0.000000 -0.392504 91.087456 -0.244246 20.816733 0.126968 
112 8.561276 0.000000 -0.392504 78.640875 -0.426359 13.286544 0.363890 
113 9.451595 0.000000 -1.219746 96.279344 -2.260329 10.853683 0.060738 
114 10.341914 0.000000 -0.392504 97.799489 -4.671451 3.199424 0.040320 
115 9.451595 0.000000 0.434738 81.066819 27.073840 -6.232485 0.265633 
116 13.903191 0.000000 -1.219746 99.233900 -2.124628 11.034909 0.002635 
117 13.903191 0.000000 -2.874230 98.844100 -1.703749 13.511192 0.004439 
118 15.683829 0.000000 -1.219746 99.322565 -2.171492 11.450515 -0.000080 
119 13.903191 0.000000 0.434738 96.599393 -7.788903 45.254721 -0.144010 
120 11.232233 0.000000 -0.392504 98.700144 -5.645166 5.274671 0.019859 
121 11.232233 0.000000 -1.219746 98.356493 -2.852342 9.208406 0.023307 
122 12.122552 0.000000 -0.392504 99.177978 -5.547030 6.263754 0.009372 
123 11.232233 0.000000 0.434738 98.431561 22.909337 4.272229 -0.023186 
124 9.451595 0.000000 1.261980 100.881165 0.462202 -1.846538 -0.018063 
125 8.561276 0.000000 1.261980 101.629402 1.497289 -1.047671 -0.033187 
126 10.341914 0.000000 1.261980 99.452084 1.072628 -0.029882 0.010813 
127 9.451595 0.000000 2.089221 100.143210 1.160284 5.271337 -0.005780 
128 9.896755 0.000000 0.021117 118.022909 -44.592619 -30.708164 -0.686090 
129 9.451595 0.000000 0.021117 99.772361 -5.149897 -12.736105 -0.014325 
130 9.896755 0.000000 -0.392504 107.371621 -28.505549 36.628372 -0.368287 
131 10.341914 0.000000 0.021117 100.623904 -20.109901 -0.849996 -0.053030 
132 9.896755 0.000000 0.434738 134.414211 -67.723901 -115.215434 -2.592830 
133 7.670957 0.000000 -0.392504 74.165474 -0.218205 3.837278 0.448471 
134 6.780638 0.000000 -0.392504 70.510267 0.547210 2.204220 0.502314 
135 7.670957 0.000000 -1.219746 98.106341 -1.091132 9.690501 0.028005 
136 7.670957 0.000000 0.434738 69.482577 0.233808 -3.868934 0.515715 
137 9.006436 0.000000 0.021117 84.681761 4.585607 1.877639 0.280445 
138 8.561276 0.000000 0.021117 77.935815 1.284750 3.687199 0.391076 
139 9.006436 0.000000 -0.392504 84.946644 -0.463343 19.241466 0.241362 
140 9.006436 0.000000 0.434738 80.749169 10.132867 -13.671689 0.318998 
141 13.903191 0.000000 2.089221 100.370393 1.493532 5.075835 -0.010221 
142 15.683829 0.000000 2.089221 100.782841 1.819945 3.472338 -0.017255 
143 13.903191 0.000000 3.743705 99.455972 1.619591 11.129837 -0.001799 
144 11.232233 0.000000 1.261980 99.908373 1.173223 1.278420 0.001531 
145 12.122552 0.000000 1.261980 100.403299 1.885187 1.212043 -0.008585 
146 11.232233 0.000000 2.089221 99.675438 1.053534 5.889653 0.002901 
147 9.896755 0.000000 0.848359 98.077554 3.684670 -4.803770 0.034414 
148 9.451595 0.000000 0.848359 100.398837 2.076794 -7.482995 -0.014023 
149 10.341914 0.000000 0.848359 98.722539 3.685666 -2.920169 0.023175 
150 9.896755 0.000000 1.261980 99.639582 1.025410 -0.949778 0.007000 
151 9.674175 0.000000 0.227927 99.442823 -4.645506 -16.377717 -0.017869 
152 9.451595 0.000000 0.227927 86.641659 3.578655 -9.943489 0.238154 
153 9.674175 0.000000 0.021117 102.743283 -9.279711 -15.703190 -0.088889 
154 9.896755 0.000000 0.227927 118.022909 -44.592619 -30.708164 -0.686090 
155 9.674175 0.000000 0.434738 97.443564 12.103965 -24.195804 -0.022719 
156 7.670957 0.000000 1.261980 68.125467 0.616479 -2.127802 0.535401 
157 6.780638 0.000000 1.261980 71.098911 0.413768 3.941508 0.492924 
158 7.670957 0.000000 2.089221 102.771789 2.176742 6.686223 -0.061148 
159 9.006436 0.000000 0.848359 81.751521 5.190247 -15.872425 0.303782 
160 8.561276 0.000000 0.848359 75.463452 1.639130 -9.358695 0.421500 
161 9.006436 0.000000 1.261980 102.235506 1.010691 -0.886671 -0.045391 
162 9.229016 0.000000 0.227927 81.511803 17.839232 -3.983152 0.302172 
163 9.006436 0.000000 0.227927 84.605776 12.252720 -16.312933 0.242562 
164 9.229016 0.000000 0.021117 92.295320 12.569848 -7.334854 0.126977 
165 9.229016 0.000000 0.434738 76.098757 16.451777 -20.843914 0.350385 
166 19.245105 0.000000 -39.272870 98.464739 -0.216696 17.312755 0.000492 
167 5.000000 0.000000 -39.272870 98.459106 -0.156436 17.330319 0.000544 
168 19.245105 0.000000 -52.508739 98.470504 -0.131656 17.337420 0.000296 
169 33.490210 0.000000 -39.272870 98.473655 -0.258727 17.305410 0.000340 
170 12.122552 0.000000 -19.419066 98.397255 -0.372828 17.155789 0.002352 
171 5.000000 0.000000 -19.419066 98.372352 -0.254225 17.231893 0.002588 
172 12.122552 0.000000 -26.037001 98.430753 -0.262639 17.254901 0.001359 
173 19.245105 0.000000 -19.419066 98.437684 -0.462669 17.120281 0.001670 
174 8.561276 0.000000 -9.492164 98.486702 0.019111 16.752062 0.001974 
175 5.000000 0.000000 -9.492164 98.478106 0.100182 16.908587 0.001615 
176 8.561276 0.000000 -12.801131 98.345147 -0.572438 16.984017 0.003945 
177 12.122552 0.000000 -9.492164 98.523299 -0.646878 16.647768 0.001559 
178 10.341914 0.000000 -4.528713 98.323587 -1.182792 14.977095 0.010676 
179 8.561276 0.000000 -4.528713 98.019815 -0.940105 15.186092 0.016061 
180 10.341914 0.000000 -6.183197 98.444038 -0.665886 15.945086 0.005408 
181 12.122552 0.000000 -4.528713 98.600000 -1.200062 15.030084 0.005070 
182 9.451595 0.000000 -2.046988 97.482057 -1.694541 11.609720 0.035959 
183 8.561276 0.000000 -2.046988 97.624552 -1.444202 11.997338 0.032343 
184 9.451595 0.000000 -2.874230 97.621161 -1.946686 12.721573 0.030448 
185 10.341914 0.000000 -2.046988 97.769099 -2.325282 11.151749 0.031143 
186 9.896755 0.000000 -0.806125 95.029026 -2.571639 7.678888 0.090391 
187 9.451595 0.000000 -0.806125 94.306915 -2.466404 11.361012 0.097105 
188 9.896755 0.000000 -1.219746 96.641330 -2.266767 9.654632 0.056210 
189 10.341914 0.000000 -0.806125 97.004698 -2.967443 6.912970 0.053349 
190 9.674175 0.000000 -0.185694 103.653130 -20.786313 -11.557591 -0.130962 
191 9.451595 0.000000 -0.185694 95.977257 -1.194529 8.752857 0.071033 
192 9.674175 0.000000 -0.392504 101.679514 -17.231850 33.954685 -0.178858 
193 9.896755 0.000000 -0.185694 118.022909 -44.592619 -30.708164 -0.686090 
194 9.562885 0.000000 0.124522 95.007725 -8.332311 -8.823674 0.082625 
195 9.451595 0.000000 0.124522 92.370143 -4.651469 -7.938116 0.138311 
196 9.562885 0.000000 0.021117 100.445778 -7.509980 -13.533738 -0.032892 
197 9.674175 0.000000 0.124522 99.609088 -5.848610 -12.266076 -0.010663 
198 9.562885 0.000000 0.227927 93.034448 -5.544610 -7.129566 0.126302 
199 9.006436 0.000000 -0.806125 80.657572 -0.564141 15.735099 0.324644 
200 8.561276 0.000000 -0.806125 77.238733 -0.342971 11.286498 0.390668 
201 9.006436 0.000000 -1.219746 96.932540 -1.880707 11.814454 0.046096 
202 9.229016 0.000000 -0.185694 87.912593 5.249229 3.829853 0.222915 
203 9.006436 0.000000 -0.185694 84.955772 -0.212500 16.534327 0.250909 
204 9.229016 0.000000 -0.392504 87.322766 -0.391847 19.447828 0.199636 
205 9.340305 0.000000 0.124522 84.877227 17.610675 -2.621609 0.247885 
206 9.229016 0.000000 0.124522 84.277861 13.486090 -9.807813 0.261917 
207 9.340305 0.000000 0.021117 94.773976 14.653494 -9.536336 0.071223 
208 9.340305 0.000000 0.227927 82.200806 19.584616 -1.458526 0.285734 
209 9.674175 0.000000 0.641548 96.921354 6.692931 -9.949001 0.046247 
210 9.451595 0.000000 0.641548 96.702423 28.813408 -28.125899 -0.097264 
211 9.896755 0.000000 0.641548 96.433743 9.052196 -6.877961 0.057128 
212 9.674175 0.000000 0.848359 98.648720 2.775539 -6.363623 0.022023 
213 9.562885 0.000000 0.331332 92.255109 4.190762 -23.083002 0.093861 
214 9.451595 0.000000 0.331332 83.178904 18.661528 -6.726558 0.268777 
215 9.674175 0.000000 0.331332 101.065869 -1.184786 -18.287312 -0.055014 
216 9.562885 0.000000 0.434738 87.606841 23.182833 -9.994909 0.168770 
217 9.507240 0.000000 0.176225 92.370143 -4.651469 -7.938116 0.138311 
218 9.451595 0.000000 0.176225 89.044365 -0.608297 -12.646020 0.191081 
219 9.507240 0.000000 0.124522 93.426740 -5.969353 -7.974063 0.117223 
220 9.562885 0.000000 0.176225 93.324746 -6.354883 -7.705795 0.119073 
221 9.507240 0.000000 0.227927 91.674990 -3.700127 -7.355916 0.152790 
222 9.229016 0.000000 0.641548 93.943605 24.295771 -26.072757 -0.009547 
223 9.006436 0.000000 0.641548 77.140807 5.283180 -11.887966 0.388006 
224 9.229016 0.000000 0.848359 102.747612 2.218249 -6.990227 -0.061086 
225 9.340305 0.000000 0.331332 79.571205 23.940019 -5.383602 0.306632 
226 9.229016 0.000000 0.331332 78.782192 21.835025 -8.006332 0.325250 
227 9.340305 0.000000 0.434738 78.390583 25.199199 -6.658501 0.317558 
228 9.395950 0.000000 0.176225 84.345321 8.149437 -4.036217 0.280316 
229 9.340305 0.000000 0.176225 83.024132 18.445586 -1.950063 0.276295 
230 9.395950 0.000000 0.124522 88.038837 9.592502 -6.654034 0.211287 
231 9.395950 0.000000 0.227927 82.681123 14.139060 -2.382655 0.295824 
232 9.507240 0.000000 0.279630 88.101153 1.302245 -16.986801 0.194794 
233 9.451595 0.000000 0.279630 84.085624 7.463890 -6.890632 0.282642 
234 9.562885 0.000000 0.279630 92.774739 -5.956715 -10.506506 0.124698 
235 9.507240 0.000000 0.331332 87.102026 10.919186 -11.681844 0.215754 
236 9.479418 0.000000 0.202076 89.084760 -8.740318 -8.103045 0.192185 
237 9.451595 0.000000 0.202076 87.250004 0.943459 -13.492655 0.220450 
238 9.479418 0.000000 0.176225 91.674990 -3.700127 -7.355916 0.152790 
239 9.507240 0.000000 0.202076 91.674990 -3.700127 -7.355916 0.152790 
240 9.479418 0.000000 0.227927 88.428540 1.095954 -13.440445 0.199855 
241 9.562885 0.000000 -0.082288 102.534020 -10.046180 -15.473537 -0.085358 
242 9.451595 0.000000 -0.082288 102.633287 -9.714869 -15.562754 -0.087017 
243 9.562885 0.000000 -0.185694 102.448794 -15.485428 -13.354021 -0.091388 
244 9.674175 0.000000 -0.082288 102.251034 -13.141504 -14.607607 -0.084136 
245 9.507240 0.000000 0.072819 95.500675 -8.912268 -9.127553 0.071688 
246 9.451595 0.000000 0.072819 94.765663 -7.287702 -9.520509 0.087572 
247 9.507240 0.000000 0.021117 99.744901 -6.393466 -12.755123 -0.015261 
248 9.562885 0.000000 0.072819 96.370208 -10.410166 -10.040472 0.050360 
249 9.479418 0.000000 0.150373 91.997948 -4.527700 -7.929868 0.145299 
250 9.451595 0.000000 0.150373 91.737240 -3.388670 -7.721108 0.151318 
251 9.479418 0.000000 0.124522 93.009064 -5.037185 -8.122858 0.125796 
252 9.507240 0.000000 0.150373 92.770691 -5.035254 -7.393918 0.131358 
253 10.787074 0.000000 0.021117 99.565887 -23.366206 3.486797 -0.047150 
254 10.787074 0.000000 -0.392504 98.335415 -5.331581 4.588067 0.028067 
255 11.232233 0.000000 0.021117 99.553726 -23.598857 6.725094 -0.051308 
256 10.787074 0.000000 0.434738 97.532126 24.848489 1.425697 -0.013200 
257 10.119335 0.000000 0.227927 118.098210 -38.093000 -54.723932 -0.839297 
258 10.119335 0.000000 0.021117 118.022909 -44.592619 -30.708164 -0.686090 
259 10.341914 0.000000 0.227927 118.311240 -138.111205 140.456831 -4.280038 
260 10.119335 0.000000 0.434738 94.215760 32.652173 -5.519300 0.002676 
261 9.785465 0.000000 0.124522 106.437289 -17.906823 -26.692191 -0.236202 
262 9.785465 0.000000 0.021117 102.448794 -15.485428 -13.354021 -0.091388 
263 9.896755 0.000000 0.124522 118.022909 -44.592619 -30.708164 -0.686090 
264 9.785465 0.000000 0.227927 107.133542 -16.875319 -26.812743 -0.248130 
265 9.618530 0.000000 0.176225 95.337429 -8.555228 -8.889976 0.075855 
266 9.618530 0.000000 0.124522 96.034500 -9.824969 -9.690366 0.058694 
267 9.674175 0.000000 0.176225 97.999508 -7.512425 -14.003561 0.014356 
268 9.618530 0.000000 0.227927 94.958885 -8.215554 -11.090495 0.079232 
269 9.535063 0.000000 0.202076 92.770691 -5.035254 -7.393918 0.131358 
270 9.535063 0.000000 0.176225 93.138796 -5.174028 -7.401684 0.124361 
271 9.562885 0.000000 0.202076 93.324746 -6.354883 -7.705795 0.119073 
272 9.535063 0.000000 0.227927 91.740672 -4.502583 -7.207302 0.151143 
273 9.493329 0.000000 0.189150 91.687832 -3.623591 -7.291111 0.152705 
274 9.479418 0.000000 0.189150 90.784428 -6.121839 -6.914488 0.167290 
275 9.493329 0.000000 0.176225 91.674990 -3.700127 -7.355916 0.152790 
276 9.507240 0.000000 0.189150 91.674990 -3.700127 -7.355916 0.152790 
277 9.493329 0.000000 0.202076 91.528625 -3.300935 -7.140663 0.156063 
278 9.395950 0.000000 0.279630 81.607496 18.695487 -2.378809 0.298504 
279 9.340305 0.000000 0.279630 81.045465 21.889875 -2.318170 0.294709 
280 9.395950 0.000000 0.331332 80.814325 22.953047 -4.195179 0.292460 
281 9.423773 0.000000 0.202076 85.237791 6.944681 -5.350644 0.265766 
282 9.395950 0.000000 0.202076 83.934853 9.464628 -3.596836 0.285242 
283 9.423773 0.000000 0.176225 86.131004 5.029862 -7.495498 0.249997 
284 9.423773 0.000000 0.227927 84.526023 7.680698 -4.409454 0.277691 
285 9.465507 0.000000 0.189150 88.055029 -8.786208 -10.424922 0.206044 
286 9.451595 0.000000 0.189150 87.722324 0.763752 -13.621470 0.211867 
287 9.465507 0.000000 0.176225 91.561750 -3.069965 -7.220286 0.155489 
288 9.465507 0.000000 0.202076 86.607600 -5.716533 -13.193307 0.229238 
289 9.479418 0.000000 0.253779 87.469875 1.434470 -13.082395 0.217581 
290 9.451595 0.000000 0.253779 85.450157 6.493542 -5.563602 0.262515 
291 9.507240 0.000000 0.253779 89.081880 0.500316 -13.352762 0.188587 
292 9.479418 0.000000 0.279630 85.576745 5.315292 -9.837371 0.255159 
293 9.465507 0.000000 0.215002 87.931078 1.497902 -13.723257 0.207755 
294 9.451595 0.000000 0.215002 87.206381 2.205741 -12.070648 0.224448 
295 9.479418 0.000000 0.215002 88.448706 0.974870 -12.988439 0.200718 
296 9.465507 0.000000 0.227927 87.637842 1.349683 -13.804419 0.212722 
297 9.472462 0.000000 0.195613 88.320627 -8.446770 -9.334100 0.204099 
298 9.465507 0.000000 0.195613 86.032670 -10.589420 -12.073102 0.234048 
299 9.472462 0.000000 0.189150 89.649094 -9.067856 -6.961917 0.183235 
300 9.479418 0.000000 0.195613 89.919598 -8.923222 -6.842216 0.178803 
301 9.472462 0.000000 0.202076 87.557655 -7.468199 -11.292789 0.215036 
302 9.423773 0.000000 0.253779 83.819528 9.432865 -2.808753 0.287742 
303 9.395950 0.000000 0.253779 81.497964 15.433403 -0.903647 0.311908 
304 9.423773 0.000000 0.279630 82.948707 14.069076 -5.182729 0.289471 
305 9.437684 0.000000 0.215002 85.844194 5.562617 -7.105169 0.254935 
306 9.423773 0.000000 0.215002 84.529178 7.289730 -4.902914 0.277764 
307 9.437684 0.000000 0.202076 86.524850 3.786622 -9.823524 0.240261 
308 9.437684 0.000000 0.227927 85.078919 6.451937 -5.628581 0.268827 
309 3.219362 0.000000 2.089221 100.997615 0.724469 16.949976 -0.048834 
310 1.438724 0.000000 2.089221 99.588616 0.273366 18.223648 -0.025007 
311 3.219362 0.000000 0.434738 59.247873 0.265783 5.853069 0.645536 
312 3.219362 0.000000 3.743705 99.717670 0.560882 17.003044 -0.023303 
313 5.890319 0.000000 1.261980 100.659479 1.509237 11.896832 -0.027614 
314 5.000000 0.000000 1.261980 103.682826 2.520461 10.393687 -0.086451 
315 5.890319 0.000000 0.434738 73.977618 -0.189659 -1.103951 0.452606 
316 5.890319 0.000000 2.089221 101.985688 3.041933 12.444075 -0.056519 
317 8.116117 0.000000 0.848359 67.373462 0.570467 -4.546479 0.543982 
318 7.670957 0.000000 0.848359 66.594772 0.216422 -2.576048 0.555845 
319 8.116117 0.000000 0.434738 69.447601 0.937863 -6.114484 0.513876 
320 8.116117 0.000000 1.261980 66.048961 0.971429 -1.860508 0.563313 
321 7.225798 0.000000 0.848359 65.974984 -0.026815 -1.153853 0.564597 
322 6.780638 0.000000 0.848359 68.022576 -0.078511 0.569025 0.537260 
323 7.225798 0.000000 0.434738 66.780961 -0.023559 -1.436948 0.553824 
324 7.225798 0.000000 1.261980 69.449002 0.269751 -0.275788 0.517669 
325 8.116117 0.000000 0.021117 75.883204 0.283501 3.782616 0.422735 
326 7.670957 0.000000 0.021117 73.352173 -0.240183 3.416122 0.460773 
327 8.116117 0.000000 -0.392504 76.020504 -0.216693 8.116665 0.415496 
328 7.893537 0.000000 0.641548 70.276046 0.569870 -3.429004 0.504919 
329 7.670957 0.000000 0.641548 68.490445 0.173656 -3.675858 0.529552 
330 7.893537 0.000000 0.434738 67.407451 1.214459 -3.196496 0.544454 
331 8.116117 0.000000 0.641548 70.197719 0.794039 -12.783655 0.490823 
332 7.893537 0.000000 0.848359 67.197809 0.453085 -3.959806 0.546857 
333 3.219362 0.000000 -1.219746 98.329521 -0.314062 11.952650 0.018834 
334 1.438724 0.000000 -1.219746 96.521852 -0.035453 11.585083 0.054932 
335 3.219362 0.000000 -2.874230 98.199745 -0.774648 15.987151 0.010062 
336 5.890319 0.000000 -0.392504 68.805786 0.565090 2.260911 0.526033 
337 5.000000 0.000000 -0.392504 63.487158 2.223251 1.134808 0.596315 
338 5.890319 0.000000 -1.219746 96.371176 0.418232 9.920451 0.061401 
339 7.225798 0.000000 0.021117 69.813921 -0.177426 -0.659046 0.512555 
340 6.780638 0.000000 0.021117 41.904703 -0.554701 -0.443534 0.824349 
341 7.225798 0.000000 -0.392504 72.188250 -0.056268 1.919044 0.478517 
342 7.893537 0.000000 0.227927 75.471233 0.809564 -5.062689 0.427781 
343 7.670957 0.000000 0.227927 71.417407 0.290611 -2.804926 0.489160 
344 7.893537 0.000000 0.021117 73.352173 -0.240183 3.416122 0.460773 
345 8.116117 0.000000 0.227927 73.476212 0.406246 -15.329248 0.436610 
346 8.338696 0.000000 0.641548 73.782203 0.503160 -20.995595 0.411512 
347 8.338696 0.000000 0.434738 74.904750 1.660676 -17.325449 0.408635 
348 8.561276 0.000000 0.641548 75.425352 3.494003 -18.706411 0.394888 
349 8.338696 0.000000 0.848359 75.463452 1.639130 -9.358695 0.421500 
350 8.004827 0.000000 0.538143 66.270626 1.302928 -4.802089 0.558345 
351 7.893537 0.000000 0.538143 68.236899 1.038985 -2.633225 0.533571 
352 8.004827 0.000000 0.434738 67.507283 1.374424 -4.496761 0.542066 
353 8.116117 0.000000 0.538143 66.525376 0.886281 -6.992167 0.552470 
354 8.004827 0.000000 0.641548 69.844398 0.847098 -6.252921 0.508194 
355 6.335479 0.000000 0.848359 69.078988 0.163195 -1.257166 0.522649 
356 5.890319 0.000000 0.848359 74.881352 -0.555814 -1.281489 0.439083 
357 6.335479 0.000000 0.434738 71.754696 -0.242041 1.620004 0.484858 
358 6.335479 0.000000 1.261980 68.290484 -0.053338 -4.184715 0.531890 
359 6.335479 0.000000 0.021117 67.436290 -0.730309 -1.320306 0.545007 
360 5.890319 0.000000 0.021117 42.451347 -2.345913 1.953845 0.818856 
361 6.335479 0.000000 -0.392504 68.947080 0.657530 2.328536 0.524045 
362 6.558058 0.000000 0.641548 70.742202 -0.030039 2.766861 0.498788 
363 6.335479 0.000000 0.641548 71.154364 -0.250698 2.836345 0.492895 
364 6.558058 0.000000 0.434738 71.125329 -0.039099 2.671960 0.493405 
365 6.780638 0.000000 0.641548 69.220332 -0.071916 1.140385 0.520724 
366 6.558058 0.000000 0.848359 69.430971 -0.167641 2.180419 0.517456 
367 4.109681 0.000000 1.261980 103.872508 0.844150 13.111643 -0.096213 
368 3.219362 0.000000 1.261980 102.435936 0.069526 15.672709 -0.073876 
369 4.109681 0.000000 0.434738 61.268903 0.571717 2.505409 0.623952 
370 4.109681 0.000000 2.089221 101.450134 2.171535 15.827098 -0.054734 
371 5.445160 0.000000 0.848359 74.068421 -0.093961 -0.845986 0.451314 
372 5.000000 0.000000 0.848359 69.479212 0.611104 -0.332892 0.517215 
373 5.445160 0.000000 0.434738 76.060067 -0.157299 -0.486449 0.421460 
374 5.445160 0.000000 1.261980 102.177735 2.262508 9.956392 -0.054454 
375 6.112899 0.000000 0.641548 72.299250 -0.169109 -1.144717 0.477148 
376 5.890319 0.000000 0.641548 73.977618 -0.189659 -1.103951 0.452606 
377 6.112899 0.000000 0.434738 72.299250 -0.169109 -1.144717 0.477148 
378 6.112899 0.000000 0.848359 69.814762 -0.026233 -1.288601 0.512424 
379 6.558058 0.000000 0.227927 71.245816 -0.250154 2.991037 0.491502 
380 6.335479 0.000000 0.227927 69.644739 0.115157 -1.171769 0.514822 
381 6.558058 0.000000 0.021117 42.133446 -0.418207 -1.382949 0.822269 
382 6.780638 0.000000 0.227927 72.458431 -0.278156 3.713443 0.473591 
383 6.446768 0.000000 0.538143 59.178858 -0.231144 4.538281 0.647721 
384 6.335479 0.000000 0.538143 71.300548 -0.250946 2.662589 0.490908 
385 6.446768 0.000000 0.434738 71.042045 -0.161209 2.659117 0.494593 
386 6.558058 0.000000 0.538143 61.328654 -0.084002 5.764312 0.620556 
387 6.446768 0.000000 0.641548 69.399987 -0.121021 3.565167 0.517092 
388 9.785465 0.000000 0.331332 109.845528 -21.759580 -28.143402 -0.333157 
389 9.896755 0.000000 0.331332 118.022909 -44.592619 -30.708164 -0.686090 
390 9.785465 0.000000 0.434738 127.961907 -52.193273 -104.698788 -2.006022 
391 9.618530 0.000000 0.279630 94.790878 -8.481952 -12.769558 0.077968 
392 9.674175 0.000000 0.279630 99.651593 -1.874638 -17.282687 -0.023265 
393 9.618530 0.000000 0.331332 95.704910 4.903798 -24.200097 0.023088 
394 9.535063 0.000000 0.253779 91.539984 -4.250814 -8.676651 0.152708 
395 9.562885 0.000000 0.253779 92.702021 -5.801202 -9.669952 0.127917 
396 9.535063 0.000000 0.279630 88.904008 -0.392774 -16.882263 0.181091 
397 9.521151 0.000000 0.215002 91.605916 -4.043472 -6.890702 0.154452 
398 9.507240 0.000000 0.215002 91.674990 -3.700127 -7.355916 0.152790 
399 9.521151 0.000000 0.202076 91.740672 -4.502583 -7.207302 0.151143 
400 9.535063 0.000000 0.215002 92.770691 -5.035254 -7.393918 0.131358 
401 9.521151 0.000000 0.227927 91.640505 -3.869607 -7.125047 0.153628 
402 9.590708 0.000000 0.253779 93.487474 -6.924999 -10.800298 0.109549 
403 9.590708 0.000000 0.227927 93.729177 -6.902310 -9.688766 0.107333 
404 9.618530 0.000000 0.253779 94.729688 -8.294387 -12.159212 0.080964 
405 9.590708 0.000000 0.279630 93.560004 -7.185548 -11.817189 0.105525 
406 9.729820 0.000000 0.279630 102.611466 -6.024705 -20.677549 -0.099297 
407 9.729820 0.000000 0.227927 102.612105 -5.450653 -20.598305 -0.098324 
408 9.785465 0.000000 0.279630 107.397237 -18.027313 -26.415455 -0.255693 
409 9.729820 0.000000 0.331332 103.377428 -8.510276 -21.630952 -0.122722 
410 10.787074 0.000000 0.848359 99.284833 3.987858 -1.635063 0.012395 
411 11.232233 0.000000 0.848359 99.693473 3.983133 -0.303657 0.004525 
412 10.787074 0.000000 1.261980 99.658396 0.922875 0.613321 0.006698 
413 10.119335 0.000000 0.641548 97.223837 9.603755 -5.034284 0.042995 
414 10.341914 0.000000 0.641548 97.807323 9.007063 -3.225525 0.034220 
415 10.119335 0.000000 0.848359 98.273166 3.639328 -3.644781 0.031586 
416 10.008045 0.000000 0.331332 119.668931 -45.473139 -75.695347 -1.211824 
417 10.008045 0.000000 0.227927 118.022909 -44.592619 -30.708164 -0.686090 
418 10.119335 0.000000 0.331332 126.271706 -36.661852 -65.931273 -1.163557 
419 10.008045 0.000000 0.434738 127.869669 -34.173589 -61.592201 -1.131209 
420 9.841110 0.000000 0.279630 116.641170 -39.323049 -30.581670 -0.608670 
421 9.841110 0.000000 0.227927 116.089343 -37.885290 -30.540893 -0.584478 
422 9.896755 0.000000 0.279630 118.022909 -44.592619 -30.708164 -0.686090 
423 9.841110 0.000000 0.331332 117.626180 -42.681202 -30.650716 -0.659707 
424 9.785465 0.000000 0.538143 95.178920 14.328590 -10.704000 0.062109 
425 9.674175 0.000000 0.538143 96.702423 28.813408 -28.125899 -0.097264 
426 9.896755 0.000000 0.538143 95.010159 16.162336 -8.409574 0.064113 
427 9.785465 0.000000 0.641548 96.578482 7.993451 -8.337940 0.053918 
428 9.841110 0.000000 0.383035 120.280201 -48.324408 -80.655854 -1.330794 
429 9.785465 0.000000 0.383035 113.251017 -27.702874 -64.343911 -0.773338 
430 9.896755 0.000000 0.383035 121.299067 -50.246204 -84.866647 -1.444049 
431 9.841110 0.000000 0.434738 133.369895 -67.308028 -118.481279 -2.635571 
432 9.813287 0.000000 0.305481 114.250111 -32.637840 -30.243214 -0.503297 
433 9.785465 0.000000 0.305481 107.997361 -18.980504 -26.662167 -0.273456 
434 9.813287 0.000000 0.279630 113.751691 -31.695251 -30.114008 -0.485089 
435 9.841110 0.000000 0.305481 117.159874 -40.925981 -30.618793 -0.633888 
436 9.813287 0.000000 0.331332 114.847518 -33.659806 -30.323571 -0.524245 
437 10.119335 0.000000 -0.185694 118.022909 -44.592619 -30.708164 -0.686090 
438 10.119335 0.000000 -0.392504 97.095260 -4.241997 1.656578 0.055177 
439 10.341914 0.000000 -0.185694 99.047086 -7.922539 0.776140 0.012631 
440 10.008045 0.000000 0.124522 118.022909 -44.592619 -30.708164 -0.686090 
441 10.008045 0.000000 0.021117 118.022909 -44.592619 -30.708164 -0.686090 
442 10.119335 0.000000 0.124522 118.022909 -44.592619 -30.708164 -0.686090 
443 9.952400 0.000000 0.279630 118.022909 -44.592619 -30.708164 -0.686090 
444 9.952400 0.000000 0.227927 118.022909 -44.592619 -30.708164 -0.686090 
445 10.008045 0.000000 0.279630 118.022909 -44.592619 -30.708164 -0.686090 
446 9.952400 0.000000 0.331332 117.921562 -38.252505 -48.537585 -0.772465 
447 10.564494 0.000000 0.227927 109.393336 -23.992630 161.921453 -2.876111 
448 10.564494 0.000000 0.021117 99.752075 -22.282438 1.244414 -0.044853 
449 10.787074 0.000000 0.227927 101.448960 13.721859 120.633132 -1.503253 
450 10.564494 0.000000 0.434738 97.008154 26.601774 -0.216162 -0.011828 
451 10.230624 0.000000 0.331332 92.669155 77.220507 7.525518 -0.460721 
452 10.230624 0.000000 0.227927 117.990588 -169.045578 76.043628 -3.828082 
453 10.341914 0.000000 0.331332 94.767945 67.444661 10.798301 -0.364635 
454 10.230624 0.000000 0.434738 95.394553 31.033545 -3.340018 -0.007436 
455 10.063690 0.000000 0.279630 118.274633 -38.319460 -58.186712 -0.884296 
456 10.063690 0.000000 0.227927 118.022909 -44.592619 -30.708164 -0.686090 
457 10.119335 0.000000 0.279630 125.420370 -56.515358 -101.090873 -1.914362 
458 10.063690 0.000000 0.331332 125.420370 -56.515358 -101.090873 -1.914362 
459 10.230624 0.000000 0.124522 103.543530 -39.117268 -0.223207 -0.225147 
460 10.230624 0.000000 0.021117 120.021062 -58.445863 -99.790490 -1.777912 
461 10.341914 0.000000 0.124522 102.322014 -42.190520 2.953255 -0.225856 
462 10.564494 0.000000 0.641548 98.343543 8.436144 -2.201432 0.025253 
463 10.787074 0.000000 0.641548 98.663506 8.168640 -0.995556 0.019779 
464 10.564494 0.000000 0.848359 98.927160 3.893922 -2.065495 0.019399 
465 10.453204 0.000000 0.331332 95.685393 59.458339 12.068951 -0.283665 
466 10.453204 0.000000 0.227927 114.747022 -76.136237 170.891078 -3.816737 
467 10.564494 0.000000 0.331332 96.147983 53.577953 12.987710 -0.228371 
468 10.453204 0.000000 0.434738 96.694878 27.828620 -1.194915 -0.012576 
469 10.286269 0.000000 0.279630 94.450565 157.484078 93.305066 -3.242798 
470 10.230624 0.000000 0.279630 91.067849 194.703581 105.459036 -4.732445 
471 10.286269 0.000000 0.227927 118.293408 -159.331821 109.821818 -4.144079 
472 10.341914 0.000000 0.279630 95.844930 132.490767 82.160128 -2.349034 
473 10.286269 0.000000 0.331332 93.972000 72.097652 9.582907 -0.412064 
474 11.232233 0.000000 -2.046988 98.182373 -2.095645 11.095156 0.023273 
475 11.232233 0.000000 -2.874230 98.412189 -1.407300 13.356716 0.013466 
476 12.122552 0.000000 -2.046988 98.636800 -1.735115 12.097828 0.012141 
477 10.787074 0.000000 -0.806125 98.055580 -3.158190 7.372678 0.032077 
478 10.787074 0.000000 -1.219746 97.914881 -2.489745 8.993952 0.032559 
479 11.232233 0.000000 -0.806125 98.428911 -3.409374 7.608410 0.024224 
480 10.564494 0.000000 -0.185694 98.660268 -8.901852 1.879227 0.018338 
481 10.564494 0.000000 -0.392504 98.102766 -5.152702 4.060757 0.033281 
482 10.787074 0.000000 -0.185694 98.634137 -9.178959 2.561360 0.018049 
483 10.453204 0.000000 0.124522 101.855724 -44.572193 6.511272 -0.240367 
484 10.453204 0.000000 0.021117 100.001798 -21.406112 0.113939 -0.045859 
485 10.564494 0.000000 0.124522 101.715822 -46.000711 10.644577 -0.257548 
486 13.012871 0.000000 -0.392504 99.468500 -4.032247 7.980843 0.002606 
487 13.012871 0.000000 -1.219746 99.093554 -2.102941 10.840153 0.005854 
488 13.903191 0.000000 -0.392504 99.625187 -3.672574 8.481445 -0.001060 
489 13.012871 0.000000 0.434738 95.532531 21.774066 40.164226 -0.121374 
490 11.677393 0.000000 0.021117 99.607796 -22.013284 8.500121 -0.047855 
491 11.677393 0.000000 -0.392504 99.001325 -5.758284 5.906698 0.013069 
492 12.122552 0.000000 0.021117 99.412831 -19.287939 8.485306 -0.032694 
493 11.677393 0.000000 0.434738 98.771781 22.959149 6.775940 -0.032890 
494 11.009654 0.000000 0.227927 99.144193 16.786804 97.153449 -0.955016 
495 11.009654 0.000000 0.021117 99.559619 -23.928495 5.495291 -0.051489 
496 11.232233 0.000000 0.227927 98.232787 14.096881 85.084377 -0.708775 
497 11.009654 0.000000 0.434738 98.004184 23.550182 2.817570 -0.016737 
498 10.675784 0.000000 0.331332 96.439944 49.009713 13.949077 -0.189719 
499 10.675784 0.000000 0.227927 104.508556 3.268381 139.680536 -2.044337 
500 10.787074 0.000000 0.331332 96.741332 45.640960 14.783231 -0.166053 
501 10.675784 0.000000 0.434738 97.259301 25.669075 0.737316 -0.011882 
502 10.508849 0.000000 0.279630 96.936465 91.424524 59.962048 -1.135057 
503 10.453204 0.000000 0.279630 96.853657 101.461424 65.628683 -1.398218 
504 10.508849 0.000000 0.227927 112.020540 -46.971638 169.743557 -3.356781 
505 10.564494 0.000000 0.279630 96.908393 83.337448 55.577771 -0.942526 
506 10.508849 0.000000 0.331332 95.957603 56.357646 12.539595 -0.254129 
507 13.012871 0.000000 1.261980 100.521830 3.216753 2.414701 -0.012082 
508 13.903191 0.000000 1.261980 100.727593 3.976306 2.465854 -0.016794 
509 13.012871 0.000000 2.089221 100.091732 1.324613 5.930442 -0.005528 
510 11.677393 0.000000 0.848359 99.948166 4.570090 0.313979 -0.001062 
511 12.122552 0.000000 0.848359 100.129588 5.070360 0.975473 -0.005259 
512 11.677393 0.000000 1.261980 100.179706 1.628223 1.222064 -0.004012 
513 11.009654 0.000000 0.641548 98.941924 7.660721 0.078089 0.015180 
514 11.232233 0.000000 0.641548 99.246230 7.363767 1.396199 0.009401 
515 11.009654 0.000000 0.848359 99.420570 3.883986 -0.930554 0.009960 
516 10.898364 0.000000 0.331332 97.047176 43.126426 15.515823 -0.151878 
517 10.898364 0.000000 0.227927 99.838798 16.660422 106.856097 -1.166358 
518 11.009654 0.000000 0.331332 97.322547 41.094441 16.366647 -0.142830 
519 10.898364 0.000000 0.434738 97.799227 24.274492 2.028251 -0.015805 
520 10.898364 0.000000 0.538143 98.251490 15.512662 1.144318 0.010469 
521 10.787074 0.000000 0.538143 98.043055 15.367461 0.696450 0.015092 
522 11.009654 0.000000 0.538143 98.395364 15.430913 1.692265 0.007738 
523 10.898364 0.000000 0.641548 98.837847 8.045061 -0.546631 0.016606 
524 10.842719 0.000000 0.383035 97.317731 32.241203 5.348940 -0.053885 
525 10.787074 0.000000 0.383035 97.159275 32.807390 5.041950 -0.054167 
526 10.842719 0.000000 0.331332 96.900033 44.337306 15.076686 -0.158272 
527 10.898364 0.000000 0.383035 97.456669 31.668145 5.778874 -0.053407 
528 10.842719 0.000000 0.434738 97.669698 24.552330 1.729051 -0.014518 
529 11.454813 0.000000 0.227927 97.691622 9.053489 77.358472 -0.560995 
530 11.454813 0.000000 0.021117 99.577913 -23.021613 7.664295 -0.050450 
531 11.677393 0.000000 0.227927 97.243701 3.292895 71.677119 -0.460479 
532 11.454813 0.000000 0.434738 98.640735 22.797945 5.476907 -0.027974 
533 11.120943 0.000000 0.331332 97.578697 39.286303 17.817801 -0.138249 
534 11.120943 0.000000 0.227927 98.730736 15.789330 90.671178 -0.821832 
535 11.232233 0.000000 0.331332 97.715190 38.045192 18.579810 -0.134090 
536 11.120943 0.000000 0.434738 98.218184 23.146904 3.764346 -0.019676 
537 11.454813 0.000000 0.641548 99.371322 7.278321 2.437627 0.006642 
538 11.677393 0.000000 0.641548 99.459810 7.177787 4.036224 0.003993 
539 11.454813 0.000000 0.848359 99.803091 4.255993 0.023281 0.002123 
540 11.343523 0.000000 0.538143 98.889735 15.947786 2.556288 -0.004005 
541 11.232233 0.000000 0.538143 98.786467 15.721178 2.547038 -0.001241 
542 11.343523 0.000000 0.434738 98.551798 22.895313 4.783684 -0.025954 
543 11.454813 0.000000 0.538143 98.992965 16.097542 2.792715 -0.006654 
544 11.343523 0.000000 0.641548 99.312080 7.344121 1.771388 0.008004 
545 12.567712 0.000000 0.848359 100.188496 6.646598 2.507711 -0.008820 
546 12.567712 0.000000 0.434738 95.906126 27.586456 22.161519 -0.045013 
547 13.012871 0.000000 0.848359 100.243495 7.427406 3.181843 -0.011405 
548 12.567712 0.000000 1.261980 100.413758 2.942250 2.342187 -0.009707 
549 11.899973 0.000000 0.641548 99.411666 7.748907 6.600904 0.001370 
550 11.899973 0.000000 0.434738 98.798076 23.382693 8.326904 -0.037715 
551 12.122552 0.000000 0.641548 98.940303 12.213653 9.414027 -0.002698 
552 11.899973 0.000000 0.848359 100.068775 4.793807 0.650010 -0.003716 
553 11.566103 0.000000 0.538143 99.094788 16.246234 2.951920 -0.009243 
554 11.566103 0.000000 0.434738 98.719338 22.846636 6.110885 -0.030482 
555 11.677393 0.000000 0.538143 99.178930 16.392403 3.134191 -0.011499 
556 11.566103 0.000000 0.641548 99.430637 7.227725 3.144914 0.005142 
557 12.567712 0.000000 0.021117 99.291482 -14.847671 7.861605 -0.014106 
558 12.567712 0.000000 -0.392504 99.344159 -4.389113 7.335977 0.005766 
559 13.012871 0.000000 0.021117 99.685204 -11.969193 7.076437 -0.013048 
560 11.899973 0.000000 0.227927 96.552037 -3.899012 66.281892 -0.373079 
561 11.899973 0.000000 0.021117 99.541449 -20.857452 8.643411 -0.041824 
562 12.122552 0.000000 0.227927 95.965263 -11.093057 60.190218 -0.295525 
563 11.566103 0.000000 0.331332 97.840290 35.505113 22.157144 -0.132427 
564 11.454813 0.000000 0.331332 97.833000 36.222879 20.831245 -0.131733 
565 11.566103 0.000000 0.227927 97.489674 6.253907 74.359477 -0.507268 
566 11.677393 0.000000 0.331332 97.792107 34.850261 23.606832 -0.133512 
567 11.788683 0.000000 0.538143 99.279927 16.592505 3.465449 -0.014382 
568 11.788683 0.000000 0.434738 98.821659 23.154261 7.605727 -0.035969 
569 11.899973 0.000000 0.538143 99.336730 16.694938 3.675616 -0.016002 
570 11.788683 0.000000 0.641548 99.466305 7.298006 5.310318 0.002499 
571 11.621748 0.000000 0.486440 98.996334 18.878352 3.912373 -0.017197 
572 11.566103 0.000000 0.486440 98.957944 18.824840 3.703891 -0.016077 
573 11.621748 0.000000 0.434738 98.749691 22.883313 6.427847 -0.031646 
574 11.677393 0.000000 0.486440 99.028597 18.965797 4.146620 -0.018356 
575 11.621748 0.000000 0.538143 99.139226 16.306527 3.030718 -0.010367 
576 12.345132 0.000000 0.641548 99.062874 18.401701 7.541035 -0.020894 
577 12.345132 0.000000 0.434738 97.398473 26.569997 14.680696 -0.040795 
578 12.567712 0.000000 0.641548 99.190894 18.535300 4.926853 -0.020666 
579 12.345132 0.000000 0.848359 100.184558 6.252764 2.078996 -0.008037 
580 12.011263 0.000000 0.538143 99.267155 16.999988 4.209385 -0.016069 
581 12.011263 0.000000 0.434738 98.702109 23.742938 9.272574 -0.039181 
582 12.122552 0.000000 0.538143 99.214845 17.224514 4.574771 -0.016120 
583 12.011263 0.000000 0.641548 99.210417 9.124600 8.240869 0.000612 
584 12.345132 0.000000 0.227927 93.094697 -19.070180 51.011817 -0.163250 
585 12.345132 0.000000 0.021117 99.247388 -16.692764 8.801404 -0.020616 
586 12.567712 0.000000 0.227927 94.507238 -27.157791 34.973562 -0.089231 
587 12.233842 0.000000 0.538143 99.106565 17.851707 4.889777 -0.016470 
588 12.233842 0.000000 0.434738 98.095593 24.979906 11.590643 -0.038108 
589 12.345132 0.000000 0.538143 98.888996 19.234885 6.656264 -0.019332 
590 12.233842 0.000000 0.641548 99.025294 15.662759 8.247681 -0.011936 
591 22.806381 0.000000 3.743705 100.602804 1.511315 5.226362 -0.015052 
592 22.806381 0.000000 0.434738 99.672278 -2.582902 10.283142 -0.004698 
593 26.367657 0.000000 3.743705 101.102770 2.406965 2.411813 -0.023338 
594 22.806381 0.000000 7.052672 99.176654 1.866389 13.510510 -0.002203 
595 17.464467 0.000000 2.089221 101.018422 2.697324 2.428472 -0.021789 
596 17.464467 0.000000 0.434738 100.087600 -6.094364 7.594841 -0.011235 
597 19.245105 0.000000 2.089221 101.042603 4.676541 2.471350 -0.023759 
598 17.464467 0.000000 3.743705 99.789906 1.552222 9.556731 -0.005177 
599 14.793510 0.000000 1.261980 100.820779 5.169049 2.770351 -0.019922 
600 14.793510 0.000000 0.434738 97.331564 -19.764951 23.315889 -0.040772 
601 15.683829 0.000000 1.261980 100.809908 6.611637 3.194794 -0.021656 
602 14.793510 0.000000 2.089221 100.597623 1.622768 4.266319 -0.014072 
603 13.458031 0.000000 0.848359 100.445884 7.477140 3.157796 -0.015525 
604 13.458031 0.000000 0.434738 96.003551 6.987031 48.287436 -0.159718 
605 13.903191 0.000000 0.848359 100.977708 11.982113 0.184476 -0.034010 
606 13.458031 0.000000 1.261980 100.639258 3.556935 2.383943 -0.014660 
607 12.790292 0.000000 0.641548 99.353951 17.933302 5.963344 -0.022837 
608 12.790292 0.000000 0.434738 95.415514 26.279742 31.900102 -0.081236 
609 13.012871 0.000000 0.641548 99.391882 18.247845 7.500148 -0.026798 
610 12.790292 0.000000 0.848359 100.217893 7.119833 2.915549 -0.010282 
611 19.245105 0.000000 40.142345 98.515883 0.304545 17.289966 -0.000441 
612 5.000000 0.000000 40.142345 98.516570 0.218438 17.319644 -0.000553 
613 33.490210 0.000000 40.142345 98.511252 0.382075 17.265940 -0.000273 
614 19.245105 0.000000 53.378214 98.501189 0.218074 17.325853 -0.000272 
615 12.122552 0.000000 20.288541 98.633303 0.504445 17.086290 -0.002072 
616 5.000000 0.000000 20.288541 98.636220 0.355186 17.203432 -0.002519 
617 19.245105 0.000000 20.288541 98.607235 0.645935 16.995941 -0.001267 
618 12.122552 0.000000 26.906476 98.569026 0.361522 17.217259 -0.001242 
619 15.683829 0.000000 10.361640 98.807586 1.174074 16.023092 -0.002106 
620 12.122552 0.000000 10.361640 98.726537 0.880451 16.310809 -0.001375 
621 19.245105 0.000000 10.361640 98.828152 1.345837 15.783899 -0.001795 
622 15.683829 0.000000 13.670607 98.728338 0.895668 16.587454 -0.002323 
623 13.903191 0.000000 5.398189 99.091854 1.490836 13.648620 -0.000770 
624 12.122552 0.000000 5.398189 99.055391 1.330367 13.991320 -0.000950 
625 15.683829 0.000000 5.398189 99.151484 1.736095 13.275151 -0.001026 
626 13.903191 0.000000 7.052672 98.900745 1.341118 14.961956 -0.000702 
627 13.012871 0.000000 2.916463 99.582177 1.262889 9.508073 -0.000861 
628 12.122552 0.000000 2.916463 99.526910 1.359392 9.893665 -0.000534 
629 13.903191 0.000000 2.916463 99.728078 1.532361 8.947446 -0.002809 
630 13.012871 0.000000 3.743705 99.367380 1.498998 11.505696 -0.000850 
631 12.567712 0.000000 1.675600 100.237542 1.748972 4.157590 -0.006791 
632 12.122552 0.000000 1.675600 100.188231 1.567562 4.128209 -0.005718 
633 13.012871 0.000000 1.675600 100.386527 1.748376 3.777898 -0.009478 
634 12.567712 0.000000 2.089221 100.026620 1.324463 6.250274 -0.004614 
635 12.790292 0.000000 1.055169 100.437727 4.678831 2.252200 -0.011470 
636 12.567712 0.000000 1.055169 100.354693 4.310421 2.121856 -0.009415 
637 13.012871 0.000000 1.055169 100.451476 4.937166 2.421370 -0.012074 
638 12.790292 0.000000 1.261980 100.506455 3.135469 2.355352 -0.011693 
639 12.679002 0.000000 0.744953 100.063926 7.265049 3.410632 -0.007720 
640 12.567712 0.000000 0.744953 100.058382 7.366454 3.196608 -0.007616 
641 12.679002 0.000000 0.641548 99.272470 18.057077 5.368881 -0.020991 
642 12.790292 0.000000 0.744953 100.171171 6.903820 3.086722 -0.009145 
643 12.679002 0.000000 0.848359 100.179795 6.902488 2.786328 -0.009140 
644 12.345132 0.000000 1.055169 100.356845 4.052042 1.870096 -0.009141 
645 12.122552 0.000000 1.055169 100.350782 3.109552 0.723957 -0.008047 
646 12.345132 0.000000 1.261980 100.394656 2.747480 2.221313 -0.009157 
647 12.456422 0.000000 0.744953 100.029664 7.338031 3.280491 -0.007054 
648 12.345132 0.000000 0.744953 100.029984 7.266304 2.965013 -0.006759 
649 12.456422 0.000000 0.641548 99.053226 19.022333 5.846344 -0.020757 
650 12.456422 0.000000 0.848359 100.166408 6.424305 2.508344 -0.008087 
651 22.806381 0.000000 -2.874230 98.911610 -1.867224 14.404952 0.000550 
652 22.806381 0.000000 -6.183197 98.634607 -1.353814 15.890037 0.001689 
653 26.367657 0.000000 -2.874230 98.874384 -1.798412 14.818075 0.000105 
654 17.464467 0.000000 -1.219746 99.323831 -2.201723 11.898946 -0.001166 
655 17.464467 0.000000 -2.874230 98.973917 -1.871497 13.933728 0.000651 
656 19.245105 0.000000 -1.219746 99.291237 -2.202019 12.316043 -0.001528 
657 14.793510 0.000000 -0.392504 99.680726 -3.306930 8.974908 -0.002773 
658 14.793510 0.000000 -1.219746 99.294990 -2.166090 11.242160 0.000943 
659 15.683829 0.000000 -0.392504 99.672427 -2.964403 9.466114 -0.003299 
660 13.458031 0.000000 0.021117 99.887519 -10.294280 7.043094 -0.013309 
661 13.458031 0.000000 -0.392504 99.556821 -3.867779 8.205339 0.000615 
662 13.903191 0.000000 0.021117 99.969017 -8.975694 7.245048 -0.012686 
663 12.790292 0.000000 0.227927 97.208426 -26.698169 24.801574 -0.077739 
664 12.790292 0.000000 0.021117 99.505885 -13.183550 7.337592 -0.012907 
665 13.012871 0.000000 0.227927 98.522832 -24.632150 19.733008 -0.070288 
666 12.679002 0.000000 0.538143 98.342641 21.567825 10.811379 -0.025333 
667 12.567712 0.000000 0.538143 98.463033 20.736500 9.137719 -0.020847 
668 12.679002 0.000000 0.434738 95.557845 27.328671 26.954453 -0.060470 
669 12.790292 0.000000 0.538143 98.291321 22.345843 12.630030 -0.032004 
670 12.623357 0.000000 0.693251 101.234881 -7.363769 -0.959686 -0.030365 
671 12.567712 0.000000 0.693251 100.396562 -1.041978 4.621117 -0.010191 
672 12.623357 0.000000 0.641548 99.247486 18.244664 5.016588 -0.020810 
673 12.679002 0.000000 0.693251 103.482034 -2.623974 -23.533228 -0.126923 
674 12.623357 0.000000 0.744953 100.048030 7.326129 3.350589 -0.007451 
675 13.235451 0.000000 0.641548 99.404783 18.803728 9.201374 -0.031956 
676 13.235451 0.000000 0.434738 95.786669 14.957038 45.768510 -0.149356 
677 13.458031 0.000000 0.641548 99.352944 19.491796 10.999987 -0.037194 
678 13.235451 0.000000 0.848359 100.319488 7.535782 3.372537 -0.013216 
679 12.901582 0.000000 0.744953 100.393677 6.393669 1.808668 -0.012304 
680 12.901582 0.000000 0.641548 99.384860 18.035432 6.755920 -0.024827 
681 13.012871 0.000000 0.744953 100.789491 6.625111 -1.222660 -0.020391 
682 12.901582 0.000000 0.848359 100.258698 7.380097 2.950187 -0.011498 
683 13.458031 0.000000 1.675600 100.530069 1.836173 3.424940 -0.012140 
684 13.903191 0.000000 1.675600 100.664866 2.007274 3.122683 -0.014720 
685 13.458031 0.000000 2.089221 100.212327 1.323989 5.543677 -0.007500 
686 13.235451 0.000000 1.055169 100.500048 5.116217 2.559956 -0.013299 
687 13.458031 0.000000 1.055169 100.548153 5.397126 2.681052 -0.014625 
688 13.235451 0.000000 1.261980 100.580606 3.352299 2.405382 -0.013348 
689 13.124161 0.000000 0.744953 101.079410 11.795079 -3.760268 -0.037031 
690 13.124161 0.000000 0.641548 99.402006 18.500598 8.397344 -0.029355 
691 13.235451 0.000000 0.744953 100.643426 16.124297 -0.334125 -0.038920 
692 13.124161 0.000000 0.848359 100.272506 7.496671 3.352070 -0.012201 
693 14.348350 0.000000 0.848359 100.247577 14.869465 5.520166 -0.030115 
694 14.348350 0.000000 0.434738 97.195120 -16.622660 35.566656 -0.098819 
695 14.793510 0.000000 0.848359 99.715492 16.447073 9.010442 -0.029487 
696 14.348350 0.000000 1.261980 100.819829 4.562825 2.455106 -0.019148 
697 13.680611 0.000000 0.641548 99.237552 20.208597 13.030795 -0.042628 
698 13.680611 0.000000 0.434738 96.305186 -0.919294 47.960190 -0.157571 
699 13.903191 0.000000 0.641548 99.029420 20.870047 15.395338 -0.047940 
700 13.680611 0.000000 0.848359 100.757640 7.707491 1.592588 -0.021404 
701 13.346741 0.000000 0.744953 100.298236 16.580893 2.824219 -0.034264 
702 13.346741 0.000000 0.641548 99.385135 19.129466 10.099853 -0.034535 
703 13.458031 0.000000 0.744953 100.141696 16.379660 4.524387 -0.031712 
704 13.346741 0.000000 0.848359 100.368915 7.520519 3.369186 -0.014183 
705 13.680611 0.000000 1.055169 100.585162 5.693192 2.839398 -0.015785 
706 13.903191 0.000000 1.055169 100.617854 5.985014 2.982616 -0.016867 
707 13.680611 0.000000 1.261980 100.682770 3.755241 2.436226 -0.015706 
708 14.793510 0.000000 2.916463 99.901777 1.388779 8.398132 -0.005282 
709 15.683829 0.000000 2.916463 100.076033 1.406197 7.637348 -0.007552 
710 14.793510 0.000000 3.743705 99.512881 1.560226 10.859581 -0.002318 
711 14.348350 0.000000 1.675600 100.804664 2.281948 2.767051 -0.017444 
712 14.793510 0.000000 1.675600 100.858414 2.510647 2.694543 -0.018598 
713 14.348350 0.000000 2.089221 100.449703 1.646105 4.750788 -0.011542 
714 14.125770 0.000000 1.055169 100.656000 6.319682 3.070304 -0.018100 
715 14.125770 0.000000 0.848359 100.510220 14.460062 3.539843 -0.032393 
716 14.348350 0.000000 1.055169 100.681593 6.610232 3.204919 -0.019075 
717 14.125770 0.000000 1.261980 100.779978 4.296892 2.458385 -0.018111 
718 13.791901 0.000000 0.951764 100.529845 6.991548 3.326119 -0.016619 
719 13.680611 0.000000 0.951764 100.505708 6.886357 3.276794 -0.015956 
720 13.791901 0.000000 0.848359 100.980847 9.186894 0.183252 -0.028156 
721 13.903191 0.000000 0.951764 100.558486 7.070895 3.334757 -0.017313 
722 13.791901 0.000000 1.055169 100.602012 5.842225 2.911099 -0.016337 
723 14.348350 0.000000 0.021117 99.983779 -7.799954 7.423562 -0.011270 
724 14.348350 0.000000 -0.392504 99.659458 -3.475438 8.636533 -0.001868 
725 14.793510 0.000000 0.021117 99.956861 -6.692748 7.555846 -0.009326 
726 14.125770 0.000000 0.641548 98.699352 21.348091 18.260381 -0.053074 
727 14.125770 0.000000 0.434738 96.905674 -13.149406 40.884178 -0.123513 
728 14.348350 0.000000 0.641548 98.183292 21.510938 21.668304 -0.057219 
729 16.574148 0.000000 1.261980 100.705346 13.686269 3.995975 -0.034485 
730 16.574148 0.000000 0.434738 100.046195 -8.948864 7.650898 -0.014786 
731 17.464467 0.000000 1.261980 99.244224 18.301531 12.427976 -0.033882 
732 16.574148 0.000000 2.089221 100.930414 2.202072 2.817010 -0.019973 
733 15.238669 0.000000 0.848359 98.816375 19.134294 14.285151 -0.033486 
734 15.238669 0.000000 0.434738 98.775831 -17.652172 14.472537 -0.027772 
735 15.683829 0.000000 0.848359 97.091948 20.472033 24.220102 -0.043256 
736 15.238669 0.000000 1.261980 100.818289 5.884898 3.000750 -0.020796 
737 14.570930 0.000000 1.055169 100.712690 6.904947 3.196614 -0.020094 
738 14.570930 0.000000 0.848359 100.013825 15.445876 7.166256 -0.029270 
739 14.793510 0.000000 1.055169 100.786746 7.177954 2.910930 -0.021796 
740 14.570930 0.000000 1.261980 100.826969 4.842458 2.600310 -0.019629 
741 14.237060 0.000000 0.951764 100.739639 7.397863 2.673390 -0.021035 
742 14.125770 0.000000 0.951764 100.654211 7.205727 3.058173 -0.019255 
743 14.237060 0.000000 0.848359 100.359120 14.702458 4.730190 -0.031049 
744 14.348350 0.000000 0.951764 100.869745 7.836075 1.889734 -0.023968 
745 14.237060 0.000000 1.055169 100.665821 6.475290 3.165344 -0.018556 
746 14.570930 0.000000 0.641548 96.994791 20.751054 26.553069 -0.054366 
747 14.570930 0.000000 0.434738 96.989752 -18.672540 29.771114 -0.064200 
748 14.793510 0.000000 0.641548 95.458392 17.386827 33.508688 -0.053744 
749 14.459640 0.000000 0.951764 100.986576 8.978127 1.181432 -0.028029 
750 14.459640 0.000000 0.848359 100.132544 15.106010 6.333730 -0.029483 
751 14.570930 0.000000 0.951764 101.025674 10.858819 1.177823 -0.032549 
752 14.459640 0.000000 1.055169 100.697741 6.763661 3.202923 -0.019604 
753 21.025743 0.000000 2.089221 101.331118 10.802485 0.912532 -0.038552 
754 21.025743 0.000000 0.434738 99.796833 -2.901717 9.467698 -0.005747 
755 22.806381 0.000000 2.089221 96.828227 19.956145 26.516493 -0.047708 
756 21.025743 0.000000 3.743705 100.311197 1.475717 6.857788 -0.011154 
757 21.025743 0.000000 -1.219746 99.234675 -2.170065 12.529466 -0.000922 
758 21.025743 0.000000 -2.874230 98.921549 -1.881885 14.162920 0.001040 
759 22.806381 0.000000 -1.219746 99.190781 -2.146886 12.920310 -0.001035 
760 20.135424 0.000000 1.261980 99.389478 -16.124590 11.813265 -0.027782 
761 19.245105 0.000000 1.261980 96.100345 -18.557932 30.470262 -0.050811 
762 20.135424 0.000000 0.434738 99.868755 -3.206284 9.045584 -0.006587 
763 21.025743 0.000000 1.261980 100.125675 -10.153190 7.675006 -0.018714 
764 20.135424 0.000000 2.089221 100.988802 6.205404 2.828317 -0.024524 
765 40.612762 0.000000 7.052672 100.424122 1.503443 6.331425 -0.012735 
766 40.612762 0.000000 0.434738 99.000296 -1.807661 14.365908 -0.001071 
767 47.735315 0.000000 7.052672 100.989810 11.120943 3.124139 -0.033238 
768 40.612762 0.000000 13.670607 98.782158 1.472402 15.678281 -0.000589 
769 29.928934 0.000000 3.743705 101.029104 6.834582 2.847013 -0.026170 
770 29.928934 0.000000 0.434738 99.322231 -2.252334 12.453898 -0.002508 
771 33.490210 0.000000 3.743705 97.131961 -19.994077 24.962063 -0.045749 
772 29.928934 0.000000 7.052672 99.442659 1.900226 11.914371 -0.003441 
773 24.587019 0.000000 2.089221 98.929519 -18.070643 14.640678 -0.032795 
774 24.587019 0.000000 0.434738 99.567861 -2.438722 10.937280 -0.003933 
775 26.367657 0.000000 2.089221 100.236380 -7.494838 7.261880 -0.015624 
776 24.587019 0.000000 3.743705 100.891497 1.755319 3.598423 -0.019512 
777 26.367657 0.000000 20.288541 98.591213 0.760144 16.925214 -0.000727 
778 33.490210 0.000000 20.288541 98.584018 0.827416 16.861872 -0.000382 
779 26.367657 0.000000 26.906476 98.545487 0.515604 17.141039 -0.000529 
780 22.806381 0.000000 10.361640 98.835494 1.474143 15.573757 -0.001317 
781 26.367657 0.000000 10.361640 98.857008 1.582467 15.342210 -0.001060 
782 22.806381 0.000000 13.670607 98.700486 1.118103 16.381915 -0.001140 
783 21.025743 0.000000 5.398189 99.482179 1.857039 11.711207 -0.003730 
784 19.245105 0.000000 5.398189 99.387438 1.883759 12.251679 -0.003151 
785 22.806381 0.000000 5.398189 99.579128 1.825404 11.138630 -0.004340 
786 21.025743 0.000000 7.052672 99.128437 1.826646 13.817579 -0.002071 
787 21.916062 0.000000 2.916463 101.104836 2.547049 2.302167 -0.023398 
788 21.025743 0.000000 2.916463 101.023941 2.095727 2.732291 -0.021769 
789 21.916062 0.000000 2.089221 99.838675 16.724777 9.413661 -0.033610 
790 22.806381 0.000000 2.916463 101.145182 3.254564 2.092107 -0.024532 
791 21.916062 0.000000 3.743705 100.445904 1.472132 6.098659 -0.012874 
792 24.587019 0.000000 5.398189 99.695623 1.767008 10.461972 -0.005179 
793 26.367657 0.000000 5.398189 99.838362 1.684373 9.641745 -0.006350 
794 24.587019 0.000000 7.052672 99.228507 1.899035 13.182348 -0.002368 
795 23.696700 0.000000 2.916463 101.123098 4.325078 2.230268 -0.024956 
796 23.696700 0.000000 2.089221 94.810803 -12.572911 37.977449 -0.058945 
797 24.587019 0.000000 2.916463 101.045679 5.771642 2.681886 -0.025073 
798 23.696700 0.000000 3.743705 100.750289 1.598431 4.393437 -0.017248 
799 40.612762 0.000000 -6.183197 98.615186 -1.084198 16.516024 0.000109 
800 40.612762 0.000000 -12.801131 98.528180 -0.708182 16.990615 0.000302 
801 47.735315 0.000000 -6.183197 98.596147 -1.129578 16.656359 0.000009 
802 29.928934 0.000000 -2.874230 98.833550 -1.719952 15.161541 -0.000090 
803 29.928934 0.000000 -6.183197 98.643061 -1.279020 16.197149 0.000556 
804 33.490210 0.000000 -2.874230 98.794784 -1.639530 15.440886 -0.000152 
805 28.148295 0.000000 2.089221 100.080445 -4.165367 8.171310 -0.010022 
806 28.148295 0.000000 0.434738 99.395306 -2.298369 12.010096 -0.002895 
807 29.928934 0.000000 2.089221 99.891761 -3.090701 9.260165 -0.007367 
808 28.148295 0.000000 3.743705 101.143395 3.998263 2.190576 -0.025077 
809 25.477338 0.000000 2.916463 101.176425 7.445648 1.951884 -0.029592 
810 25.477338 0.000000 2.089221 100.066776 -11.500791 8.207918 -0.021300 
811 26.367657 0.000000 2.916463 100.228536 15.366731 7.338146 -0.033574 
812 25.477338 0.000000 3.743705 101.013382 2.009099 2.913341 -0.021623 
813 29.928934 0.000000 10.361640 98.899316 1.679297 15.052943 -0.001049 
814 33.490210 0.000000 10.361640 98.956974 1.767502 14.699108 -0.001167 
815 29.928934 0.000000 13.670607 98.710902 1.288340 16.161322 -0.000669 
816 28.148295 0.000000 5.398189 100.019153 1.586570 8.612599 -0.008052 
817 29.928934 0.000000 5.398189 100.247174 1.502554 7.317771 -0.010530 
818 28.148295 0.000000 7.052672 99.359283 1.916576 12.396615 -0.002962 
819 27.257976 0.000000 2.916463 98.032656 20.426077 19.801268 -0.041972 
820 27.257976 0.000000 2.089221 100.180292 -5.342551 7.594354 -0.012231 
821 28.148295 0.000000 2.916463 94.083566 -1.651204 42.205241 -0.063573 
822 27.257976 0.000000 3.743705 101.150135 3.034480 2.148122 -0.024517 
823 37.051486 0.000000 3.743705 100.145680 -4.723087 7.882112 -0.011359 
824 37.051486 0.000000 0.434738 99.091581 -2.072645 13.830661 -0.001472 
825 40.612762 0.000000 3.743705 99.736299 -1.743488 10.212028 -0.005465 
826 37.051486 0.000000 7.052672 99.964076 1.621880 8.941135 -0.007539 
827 31.709572 0.000000 5.398189 100.524736 1.497390 5.743812 -0.014046 
828 31.709572 0.000000 3.743705 98.911797 19.348076 14.861993 -0.037877 
829 33.490210 0.000000 5.398189 100.821572 1.670261 4.061177 -0.018427 
830 31.709572 0.000000 7.052672 99.540078 1.863639 11.355822 -0.004065 
831 31.709572 0.000000 2.089221 99.742958 -2.677083 10.118497 -0.005821 
832 31.709572 0.000000 0.434738 99.256145 -2.208773 12.850233 -0.002179 
833 33.490210 0.000000 2.089221 99.622802 -2.491127 10.811563 -0.004780 
834 47.735315 0.000000 40.142345 98.508779 0.446097 17.245719 -0.000159 
835 61.980419 0.000000 40.142345 98.509763 0.433269 17.221979 -0.000096 
836 47.735315 0.000000 53.378214 98.497869 0.263478 17.304093 -0.000133 
837 40.612762 0.000000 20.288541 98.592387 1.021489 16.776437 -0.000295 
838 47.735315 0.000000 20.288541 98.607603 1.121138 16.670818 -0.000263 
839 40.612762 0.000000 26.906476 98.541301 0.705113 17.076434 -0.000249 
840 37.051486 0.000000 10.361640 99.028348 1.845359 14.272484 -0.001372 
841 40.612762 0.000000 10.361640 99.118844 1.834964 13.752754 -0.001705 
842 37.051486 0.000000 13.670607 98.749988 1.396103 15.872423 -0.000544 
843 35.270848 0.000000 5.398189 101.063744 2.172980 2.688902 -0.022583 
844 35.270848 0.000000 3.743705 100.210041 -9.357400 7.510650 -0.018602 
845 37.051486 0.000000 5.398189 101.157718 3.430904 2.157428 -0.024931 
846 35.270848 0.000000 7.052672 99.794597 1.722358 9.906515 -0.006007 
847 32.599891 0.000000 4.570947 101.153544 3.700055 2.164916 -0.025042 
848 31.709572 0.000000 4.570947 101.145728 2.838066 2.207498 -0.024339 
849 32.599891 0.000000 3.743705 94.550181 10.104791 39.601124 -0.061009 
850 33.490210 0.000000 4.570947 101.104105 4.956097 2.446972 -0.025259 
851 32.599891 0.000000 5.398189 100.674534 1.554638 4.894618 -0.016174 
852 37.051486 0.000000 -2.874230 98.760823 -1.560907 15.679763 -0.000199 
853 37.051486 0.000000 -6.183197 98.626023 -1.186009 16.422545 0.000180 
854 40.612762 0.000000 -2.874230 98.729135 -1.400155 15.885226 -0.000174 
855 35.270848 0.000000 2.089221 99.521388 -2.392781 11.396175 -0.004010 
856 35.270848 0.000000 0.434738 99.141423 -2.119475 13.531448 -0.001661 
857 37.051486 0.000000 2.089221 99.432658 -2.329572 11.910920 -0.003415 
858 34.380529 0.000000 4.570947 101.016697 6.474637 2.944304 -0.025496 
859 34.380529 0.000000 3.743705 99.690359 -14.809524 10.455393 -0.026680 
860 35.270848 0.000000 4.570947 101.016500 13.205944 2.946974 -0.038741 
861 34.380529 0.000000 5.398189 100.955121 1.863988 3.304328 -0.020633 
862 54.857867 0.000000 7.052672 100.165139 -2.976990 7.802617 -0.010280 
863 54.857867 0.000000 0.434738 98.780832 -1.722301 15.639135 -0.000520 
864 61.980419 0.000000 7.052672 99.578573 -2.497612 11.130657 -0.004602 
865 54.857867 0.000000 13.670607 99.003165 2.058483 14.405997 -0.001340 
866 44.174038 0.000000 3.743705 99.526263 -1.864521 11.408578 -0.003911 
867 44.174038 0.000000 0.434738 98.929624 -1.735489 14.777254 -0.000845 
868 47.735315 0.000000 3.743705 99.363292 -2.437566 12.337085 -0.003121 
869 44.174038 0.000000 7.052672 100.966391 2.355987 3.256329 -0.021037 
870 38.832124 0.000000 5.398189 100.341945 15.618887 6.785900 -0.035850 
871 38.832124 0.000000 3.743705 99.946724 -3.290952 9.015110 -0.008145 
872 40.612762 0.000000 5.398189 100.005338 -17.372370 8.696449 -0.037849 
873 38.832124 0.000000 7.052672 100.163109 1.492915 7.811828 -0.009590 
874 36.161167 0.000000 4.570947 99.534194 17.806777 11.354650 -0.035307 
875 36.161167 0.000000 3.743705 100.234155 -6.344769 7.375487 -0.014154 
876 37.051486 0.000000 4.570947 95.848690 17.636827 32.258989 -0.053867 
877 36.161167 0.000000 5.398189 101.136192 2.663635 2.278651 -0.024082 
878 38.832124 0.000000 2.089221 99.354185 -2.279688 12.363434 -0.002931 
879 38.832124 0.000000 0.434738 99.046264 -2.024895 14.098858 -0.001304 
880 40.612762 0.000000 2.089221 99.272340 -1.930947 12.833064 -0.002341 
881 37.941805 0.000000 4.570947 95.779731 -17.385719 32.652256 -0.054219 
882 37.941805 0.000000 3.743705 100.042609 -3.818877 8.469003 -0.009483 
883 38.832124 0.000000 4.570947 99.321545 -16.721579 12.566755 -0.030230 
884 37.941805 0.000000 5.398189 101.123049 4.579161 2.355191 -0.025239 
885 44.174038 0.000000 10.361640 99.235545 1.864742 13.086693 -0.002243 
886 47.735315 0.000000 10.361640 99.391574 2.284953 12.199162 -0.003273 
887 44.174038 0.000000 13.670607 98.822710 1.764821 15.440387 -0.000745 
888 42.393400 0.000000 5.398189 100.603866 -5.467262 5.303469 -0.017916 
889 42.393400 0.000000 3.743705 99.623398 -1.808462 10.855192 -0.004593 
890 44.174038 0.000000 5.398189 100.376354 -2.656537 6.595087 -0.012596 
891 42.393400 0.000000 7.052672 100.714104 1.718303 4.686924 -0.016825 
892 42.393400 0.000000 8.707156 99.611149 1.752679 10.950448 -0.004537 
893 40.612762 0.000000 8.707156 99.501556 1.806058 11.573188 -0.003776 
894 44.174038 0.000000 8.707156 99.741890 1.679419 10.208106 -0.005547 
895 42.393400 0.000000 10.361640 99.173824 1.854154 13.438575 -0.001948 
896 41.503081 0.000000 6.225430 101.072809 4.546876 2.647936 -0.024340 
897 40.612762 0.000000 6.225430 101.061116 3.247567 2.713880 -0.023126 
898 41.503081 0.000000 5.398189 100.590277 -8.750510 5.379827 -0.022392 
899 42.393400 0.000000 6.225430 100.988276 6.997035 3.127722 -0.025737 
900 41.503081 0.000000 7.052672 100.568525 1.575363 5.512490 -0.014690 
901 54.857867 0.000000 -6.183197 98.579900 -1.048797 16.765858 -0.000019 
902 54.857867 0.000000 -12.801131 98.524441 -0.724258 17.070860 0.000100 
903 61.980419 0.000000 -6.183197 98.566488 -0.977169 16.852299 -0.000031 
904 51.296591 0.000000 3.743705 99.230219 -2.363396 13.095030 -0.002370 
905 51.296591 0.000000 0.434738 98.822036 -1.815522 15.401036 -0.000628 
906 54.857867 0.000000 3.743705 99.119928 -2.269421 13.723124 -0.001823 
907 51.296591 0.000000 7.052672 100.612292 -7.687432 5.265907 -0.020966 
908 45.954676 0.000000 5.398189 100.101777 -2.839785 8.153573 -0.009491 
909 45.954676 0.000000 3.743705 99.440151 -2.464363 11.899257 -0.003601 
910 47.735315 0.000000 5.398189 99.912360 -2.601038 9.228941 -0.007442 
911 45.954676 0.000000 7.052672 101.283056 5.115437 1.460715 -0.028656 
912 43.283719 0.000000 6.225430 100.623047 12.633404 5.199417 -0.031163 
913 43.283719 0.000000 5.398189 100.510524 -3.688322 5.833516 -0.015000 
914 44.174038 0.000000 6.225430 96.222480 30.999691 30.156650 -0.112917 
915 43.283719 0.000000 7.052672 100.850750 1.961284 3.912053 -0.019002 
916 54.857867 0.000000 20.288541 98.629678 1.228916 16.535116 -0.000273 
917 61.980419 0.000000 20.288541 98.660053 1.349559 16.356873 -0.000317 
918 54.857867 0.000000 26.906476 98.549646 0.823999 16.996680 -0.000160 
919 51.296591 0.000000 10.361640 99.592292 2.285859 11.059297 -0.004616 
920 54.857867 0.000000 10.361640 99.879313 2.245002 9.430594 -0.006985 
921 51.296591 0.000000 13.670607 98.930488 1.960700 14.820581 -0.001074 
922 45.954676 0.000000 8.707156 99.928217 2.238068 9.150725 -0.007439 
923 47.735315 0.000000 8.707156 100.139673 2.239430 7.951091 -0.009619 
924 45.954676 0.000000 10.361640 99.311094 2.267014 12.656693 -0.002802 
925 45.064357 0.000000 6.225430 99.286866 -22.559209 12.778029 -0.053008 
926 45.064357 0.000000 5.398189 100.238202 -2.106149 7.379212 -0.010659 
927 45.954676 0.000000 6.225430 100.554902 -10.738614 5.587043 -0.025782 
928 45.064357 0.000000 7.052672 101.047705 3.005934 2.795307 -0.022749 
929 49.515953 0.000000 5.398189 99.768849 -2.530980 10.043872 -0.006111 
930 49.515953 0.000000 3.743705 99.293605 -2.403592 12.734018 -0.002715 
931 51.296591 0.000000 5.398189 99.652098 -2.506803 10.706953 -0.005146 
932 49.515953 0.000000 7.052672 97.432690 -29.677889 23.297934 -0.091670 
933 46.844996 0.000000 6.225430 100.604192 -6.945214 5.307874 -0.019761 
934 46.844996 0.000000 5.398189 99.999696 -2.684074 8.733079 -0.008341 
935 47.735315 0.000000 6.225430 100.521366 -5.038206 5.777968 -0.016331 
936 46.844996 0.000000 7.052672 101.250343 7.020779 1.646406 -0.030363 
937 49.515953 0.000000 8.707156 100.405546 2.323041 6.442987 -0.012818 
938 51.296591 0.000000 8.707156 100.717874 2.589050 4.671529 -0.017262 
939 49.515953 0.000000 10.361640 99.484150 2.291656 11.673272 -0.003861 
940 58.419143 0.000000 10.361640 100.328543 2.288262 6.882350 -0.011842 
941 58.419143 0.000000 7.052672 99.805238 -2.544420 9.844471 -0.006447 
942 61.980419 0.000000 10.361640 100.949956 2.969977 3.357850 -0.021099 
943 58.419143 0.000000 13.670607 99.092872 2.150398 13.895560 -0.001711 
944 53.077229 0.000000 8.707156 101.029677 3.168295 2.903129 -0.022546 
945 53.077229 0.000000 7.052672 100.430946 -4.154730 6.294764 -0.014326 
946 54.857867 0.000000 8.707156 101.257152 4.473939 1.613035 -0.027563 
947 53.077229 0.000000 10.361640 99.721313 2.268272 10.327064 -0.005613 
948 58.419143 0.000000 3.743705 99.028473 -2.165183 14.243907 -0.001422 
949 58.419143 0.000000 0.434738 98.746124 -1.635231 15.839442 -0.000436 
950 61.980419 0.000000 3.743705 98.952664 -2.057852 14.675580 -0.001124 
951 53.077229 0.000000 5.398189 99.552146 -2.491755 11.274685 -0.004396 
952 53.077229 0.000000 3.743705 99.172498 -2.318247 13.423750 -0.002076 
953 54.857867 0.000000 5.398189 99.463935 -2.473660 11.775763 -0.003786 
954 52.186910 0.000000 7.879914 101.101517 9.618015 2.493664 -0.032024 
955 51.296591 0.000000 7.879914 101.273403 6.380199 1.518776 -0.029932 
956 52.186910 0.000000 7.052672 100.550277 -5.456632 5.617808 -0.017169 
957 53.077229 0.000000 7.879914 100.159799 18.940743 7.834492 -0.045212 
958 52.186910 0.000000 8.707156 100.878233 2.827774 3.762041 -0.019857 
959 56.638505 0.000000 8.707156 101.176143 8.467241 2.072489 -0.031260 
960 56.638505 0.000000 7.052672 99.958843 -2.641055 8.972965 -0.007926 
961 58.419143 0.000000 8.707156 92.129790 23.698520 53.376969 -0.189862 
962 56.638505 0.000000 10.361640 100.077726 2.235568 8.305032 -0.008952 
963 53.967548 0.000000 7.879914 92.243175 -24.519120 52.731984 -0.189065 
964 53.967548 0.000000 7.052672 100.293925 -3.393019 7.072045 -0.012040 
965 54.857867 0.000000 7.879914 100.291774 -15.138031 7.086209 -0.033781 
966 53.967548 0.000000 8.707156 101.161441 3.672113 2.155840 -0.025177 
967 56.638505 0.000000 5.398189 99.384766 -2.448756 12.225497 -0.003279 
968 56.638505 0.000000 3.743705 99.072057 -2.218072 13.995726 -0.001607 
969 58.419143 0.000000 5.398189 99.313094 -2.416538 12.632652 -0.002851 
970 55.748186 0.000000 7.879914 100.609003 -8.592958 5.287216 -0.022397 
971 55.748186 0.000000 7.052672 100.053725 -2.757307 8.434668 -0.008949 
972 56.638505 0.000000 7.879914 100.575091 -5.937055 5.479645 -0.018062 
973 55.748186 0.000000 8.707156 101.284929 5.845924 1.455515 -0.029493 
974 60.199781 0.000000 8.707156 100.588028 -9.730991 5.408008 -0.024189 
975 60.199781 0.000000 7.052672 99.682478 -2.513330 10.541034 -0.005403 
976 61.980419 0.000000 8.707156 100.500157 -4.775016 5.906458 -0.015797 
977 60.199781 0.000000 10.361640 100.631221 2.493471 5.165603 -0.015954 
978 57.528824 0.000000 7.879914 100.466564 -4.443433 6.095239 -0.015043 
979 57.528824 0.000000 7.052672 99.877073 -2.578603 9.436893 -0.007113 
980 58.419143 0.000000 7.879914 100.331098 -3.557298 6.863611 -0.012609 
981 57.528824 0.000000 8.707156 100.624862 15.105493 5.198992 -0.038057 
982 58.419143 0.000000 16.979574 98.769771 1.661938 15.732866 -0.000575 
983 54.857867 0.000000 16.979574 98.737320 1.577755 15.919554 -0.000498 
984 61.980419 0.000000 16.979574 98.808644 1.750898 15.510445 -0.000679 
985 58.419143 0.000000 20.288541 98.643684 1.287366 16.452294 -0.000291 
986 60.199781 0.000000 12.016123 99.561205 2.290433 11.236456 -0.004394 
987 58.419143 0.000000 12.016123 99.457607 2.293258 11.824408 -0.003689 
988 61.980419 0.000000 12.016123 99.683999 2.275368 10.539716 -0.005316 
989 60.199781 0.000000 13.670607 99.145611 2.191824 13.595816 -0.001950 
990 59.309462 0.000000 9.534398 101.236444 4.216725 1.731962 -0.026960 
991 58.419143 0.000000 9.534398 101.128747 3.514498 2.342770 -0.024486 
992 59.309462 0.000000 8.707156 99.910095 -18.920982 9.252711 -0.042564 
993 60.199781 0.000000 9.534398 101.287078 5.394854 1.444788 -0.029026 
994 59.309462 0.000000 10.361640 100.474590 2.364769 6.053981 -0.013739 
995 -9.245105 0.000000 40.142345 98.508500 0.143916 17.345038 -0.000480 
996 -23.490210 0.000000 40.142345 98.498183 0.093391 17.358252 -0.000321 
997 -9.245105 0.000000 53.378214 98.498108 0.105657 17.350309 -0.000292 
998 47.735315 0.000000 -39.272870 98.480077 -0.278970 17.306006 0.000210 
999 47.735315 0.000000 -52.508739 98.477950 -0.188711 17.330859 0.000170 
1000 61.980419 0.000000 -39.272870 98.483624 -0.267886 17.309059 0.000130 
1001 -9.245105 0.000000 -39.272870 98.461988 -0.099073 17.348917 0.000424 
1002 -23.490210 0.000000 -39.272870 98.468553 -0.059681 17.359585 0.000259 
1003 -9.245105 0.000000 -52.508739 98.469268 -0.073741 17.353598 0.000265 
1004 -2.122552 0.000000 20.288541 98.599316 0.234844 17.301257 -0.002121 
1005 -9.245105 0.000000 20.288541 98.553876 0.150061 17.349430 -0.001389 
1006 -2.122552 0.000000 26.906476 98.555044 0.203457 17.314367 -0.001293 
1007 26.367657 0.000000 -19.419066 98.469102 -0.510418 17.120580 0.001046 
1008 26.367657 0.000000 -26.037001 98.468145 -0.352123 17.230327 0.000702 
1009 33.490210 0.000000 -19.419066 98.490486 -0.504520 17.142101 0.000552 
1010 8.561276 0.000000 10.361640 98.737695 0.428441 16.564728 -0.002371 
1011 5.000000 0.000000 10.361640 98.782197 0.273157 16.837950 -0.004151 
1012 8.561276 0.000000 13.670607 98.822103 0.516829 16.861891 -0.005040 
1013 -2.122552 0.000000 -19.419066 98.393475 -0.160042 17.307456 0.001915 
1014 -9.245105 0.000000 -19.419066 98.425019 -0.093899 17.348439 0.001154 
1015 -2.122552 0.000000 -26.037001 98.428244 -0.141883 17.322666 0.001179 
1016 1.438724 0.000000 10.361640 98.811420 0.201622 17.167966 -0.005848 
1017 -2.122552 0.000000 10.361640 98.701152 -0.062276 17.318793 -0.004186 
1018 1.438724 0.000000 13.670607 98.759972 0.149442 17.206557 -0.004962 
1019 15.683829 0.000000 -9.492164 98.481969 -0.868985 16.528836 0.002734 
1020 15.683829 0.000000 -12.801131 98.393037 -0.623864 16.821831 0.003545 
1021 19.245105 0.000000 -9.492164 98.498335 -0.961773 16.489709 0.002524 
1022 10.341914 0.000000 5.398189 99.004458 1.269800 14.405322 -0.001101 
1023 8.561276 0.000000 5.398189 99.417192 1.011481 14.676257 -0.010019 
1024 10.341914 0.000000 7.052672 98.958713 0.848020 15.441394 -0.003198 
1025 6.780638 0.000000 5.398189 99.656623 0.918903 15.380129 -0.016884 
1026 5.000000 0.000000 5.398189 99.775330 0.477930 16.176678 -0.021703 
1027 6.780638 0.000000 7.052672 99.064885 0.293697 16.100276 -0.007316 
1028 1.438724 0.000000 -9.492164 98.430515 0.136592 17.048481 0.002076 
1029 -2.122552 0.000000 -9.492164 98.366175 0.125073 17.225522 0.002736 
1030 1.438724 0.000000 -12.801131 98.303523 -0.130507 17.202309 0.004048 
1031 3.219362 0.000000 5.398189 99.447774 0.420357 16.792233 -0.017202 
1032 1.438724 0.000000 5.398189 99.035940 0.130342 17.170918 -0.010297 
1033 3.219362 0.000000 7.052672 98.991509 0.068587 16.842865 -0.008301 
1034 6.780638 0.000000 -4.528713 97.848221 -0.905766 15.672038 0.017929 
1035 5.000000 0.000000 -4.528713 97.949916 -0.655827 16.159626 0.014425 
1036 6.780638 0.000000 -6.183197 98.141239 -0.346332 16.219547 0.010510 
1037 40.612762 0.000000 -19.419066 98.497928 -0.562172 17.159282 0.000340 
1038 40.612762 0.000000 -26.037001 98.485210 -0.423908 17.237623 0.000335 
1039 47.735315 0.000000 -19.419066 98.501058 -0.553280 17.176415 0.000221 
1040 54.857867 0.000000 -19.419066 98.502084 -0.539953 17.192194 0.000148 
1041 54.857867 0.000000 -26.037001 98.491176 -0.422327 17.252327 0.000167 
1042 61.980419 0.000000 -19.419066 98.502037 -0.524652 17.206365 0.000101 
1043 22.806381 0.000000 -9.492164 98.522813 -0.995905 16.520999 0.001932 
1044 22.806381 0.000000 -12.801131 98.479933 -0.760889 16.839785 0.001755 
1045 26.367657 0.000000 -9.492164 98.547991 -0.994039 16.596261 0.001187 
1046 29.928934 0.000000 -9.492164 98.557473 -0.979130 16.659790 0.000792 
1047 29.928934 0.000000 -12.801131 98.514501 -0.773701 16.900049 0.000868 
1048 33.490210 0.000000 -9.492164 98.560457 -0.957349 16.716810 0.000547 
1049 13.903191 0.000000 -4.528713 98.678844 -1.269002 14.978712 0.003651 
1050 13.903191 0.000000 -6.183197 98.605745 -1.000972 15.821349 0.002559 
1051 15.683829 0.000000 -4.528713 98.741487 -1.463151 15.026843 0.002217 
1052 17.464467 0.000000 -4.528713 98.775679 -1.532325 15.127226 0.001218 
1053 17.464467 0.000000 -6.183197 98.652634 -1.290948 15.827966 0.001547 
1054 19.245105 0.000000 -4.528713 98.741977 -1.613419 15.104051 0.001929 
1055 3.219362 0.000000 -4.528713 98.176328 -0.591754 16.442531 0.009070 
1056 1.438724 0.000000 -4.528713 98.267127 -0.451717 16.656355 0.006593 
1057 3.219362 0.000000 -6.183197 98.342202 -0.242100 16.709843 0.004953 
1058 7.670957 0.000000 -2.046988 97.442907 -1.272046 12.227567 0.035375 
1059 6.780638 0.000000 -2.046988 96.627681 -0.738660 12.029995 0.051782 
1060 7.670957 0.000000 -2.874230 97.414021 -1.382452 13.227661 0.033363 
1061 17.464467 0.000000 5.398189 99.230046 1.734831 12.867555 -0.001519 
1062 17.464467 0.000000 7.052672 99.000843 1.666592 14.435970 -0.001234 
1063 11.232233 0.000000 2.916463 99.498791 1.507212 9.898203 -0.000026 
1064 10.341914 0.000000 2.916463 99.868869 1.273236 8.973459 -0.005594 
1065 11.232233 0.000000 3.743705 99.201769 1.386156 12.028732 0.001240 
1066 9.451595 0.000000 2.916463 100.315161 1.147109 9.139014 -0.014797 
1067 8.561276 0.000000 2.916463 100.966451 1.734408 9.466586 -0.028685 
1068 9.451595 0.000000 3.743705 100.096541 1.450144 11.353667 -0.015033 
1069 13.012871 0.000000 -2.046988 98.926435 -1.810267 12.470771 0.005476 
1070 13.012871 0.000000 -2.874230 98.803289 -1.595896 13.558118 0.005154 
1071 13.903191 0.000000 -2.046988 99.015921 -1.862887 12.510732 0.003586 
1072 14.793510 0.000000 -2.046988 99.058704 -1.869902 12.592383 0.002531 
1073 14.793510 0.000000 -2.874230 98.911540 -1.701958 13.637900 0.002762 
1074 15.683829 0.000000 -2.046988 99.097602 -1.948442 12.744074 0.001346 
1075 11.677393 0.000000 -0.806125 98.730114 -3.583695 7.958592 0.017618 
1076 11.677393 0.000000 -1.219746 98.652158 -3.023755 9.404901 0.017016 
1077 12.122552 0.000000 -0.806125 98.891106 -3.389851 8.094781 0.014353 
1078 8.116117 0.000000 -0.806125 75.345706 -0.315313 7.816143 0.426183 
1079 7.670957 0.000000 -0.806125 74.655055 -0.247434 4.113545 0.440964 
1080 8.116117 0.000000 -1.219746 98.269960 -0.886663 11.279372 0.021500 
1081 11.677393 0.000000 1.675600 100.011807 1.076927 3.431116 -0.001529 
1082 11.232233 0.000000 1.675600 99.839051 0.747509 3.644797 0.001832 
1083 11.677393 0.000000 2.089221 99.907127 0.733151 5.676762 -0.001420 
1084 10.787074 0.000000 1.675600 99.665490 0.267845 3.301497 0.005582 
1085 10.341914 0.000000 1.675600 99.753548 0.483418 2.945466 0.004032 
1086 10.787074 0.000000 2.089221 99.744304 0.640971 5.645335 0.001879 
1087 8.783856 0.000000 0.641548 76.403898 4.559936 -12.301500 0.399032 
1088 8.783856 0.000000 0.434738 76.738675 3.527835 -9.438677 0.400964 
1089 8.783856 0.000000 0.848359 81.751521 5.190247 -15.872425 0.303782 
1090 9.785465 0.000000 -0.082288 107.707211 -27.712051 -11.697408 -0.250563 
1091 9.785465 0.000000 -0.185694 109.376595 -30.039762 -13.310087 -0.304279 
1092 9.896755 0.000000 -0.082288 118.022909 -44.592619 -30.708164 -0.686090 
1093 9.618530 0.000000 0.072819 97.130483 -11.878917 -10.918465 0.030535 
1094 9.618530 0.000000 0.021117 102.070920 -7.851302 -15.890966 -0.073264 
1095 9.674175 0.000000 0.072819 101.093461 -6.282749 -14.738754 -0.047659 
1096 9.340305 0.000000 -0.082288 92.459946 12.423048 -5.564837 0.126586 
1097 9.229016 0.000000 -0.082288 88.942282 8.209492 0.478251 0.202165 
1098 9.340305 0.000000 -0.185694 89.811800 8.468132 -1.039061 0.186105 
1099 9.395950 0.000000 0.072819 92.494106 6.350952 -8.624415 0.133013 
1100 9.340305 0.000000 0.072819 88.286877 16.220909 -5.686210 0.190998 
1101 9.395950 0.000000 0.021117 100.264646 -2.020798 -10.931451 -0.017658 
1102 9.562885 0.000000 0.538143 85.981774 28.154612 -10.439283 0.170547 
1103 9.451595 0.000000 0.538143 80.953767 26.475696 -8.963128 0.266519 
1104 9.562885 0.000000 0.641548 98.911340 31.549690 -29.219196 -0.163260 
1105 9.535063 0.000000 0.150373 93.426740 -5.969353 -7.974063 0.117223 
1106 9.535063 0.000000 0.124522 94.386726 -7.417893 -8.260461 0.096789 
1107 9.562885 0.000000 0.150373 94.386726 -7.417893 -8.260461 0.096789 
1108 9.340305 0.000000 0.538143 74.178915 21.944443 -18.623479 0.366910 
1109 9.229016 0.000000 0.538143 86.121942 20.306530 -26.377138 0.147490 
1110 9.340305 0.000000 0.641548 96.702423 28.813408 -28.125899 -0.097264 
1111 9.423773 0.000000 0.150373 88.468245 1.665946 -12.452775 0.201552 
1112 9.395950 0.000000 0.150373 85.209490 7.920150 -4.775518 0.265381 
1113 9.423773 0.000000 0.124522 90.757318 -3.396723 -12.981291 0.158306 
1114 9.493329 0.000000 0.215002 91.523813 -3.227910 -7.034682 0.156349 
1115 9.493329 0.000000 0.227927 88.520198 0.869873 -12.504084 0.200707 
1116 11.009654 0.000000 -0.185694 98.873855 -9.665211 3.467340 0.011852 
1117 11.009654 0.000000 -0.392504 98.589775 -5.569904 5.074849 0.022328 
1118 11.232233 0.000000 -0.185694 98.959449 -9.738962 3.815638 0.009762 
1119 9.729820 0.000000 0.176225 102.836767 -6.416090 -20.795162 -0.104901 
1120 9.729820 0.000000 0.124522 102.062165 -7.224964 -17.881632 -0.078864 
1121 9.785465 0.000000 0.176225 106.931727 -16.927591 -26.939242 -0.244666 
1122 9.590708 0.000000 0.202076 94.386726 -7.417893 -8.260461 0.096789 
1123 9.590708 0.000000 0.176225 94.745251 -7.611075 -8.300854 0.089650 
1124 9.618530 0.000000 0.202076 95.007725 -8.332311 -8.823674 0.082625 
1125 9.521151 0.000000 0.189150 92.770691 -5.035254 -7.393918 0.131358 
1126 9.521151 0.000000 0.176225 92.770691 -5.035254 -7.393918 0.131358 
1127 9.535063 0.000000 0.189150 92.770691 -5.035254 -7.393918 0.131358 
1128 9.437684 0.000000 0.189150 87.256911 2.098320 -12.134948 0.223457 
1129 9.423773 0.000000 0.189150 85.450157 6.493542 -5.563602 0.262515 
1130 9.437684 0.000000 0.176225 87.920078 1.530821 -13.250668 0.209214 
1131 8.338696 0.000000 0.227927 75.007561 0.650523 -13.582393 0.418896 
1132 8.338696 0.000000 0.021117 76.097044 0.188532 5.988582 0.417334 
1133 8.561276 0.000000 0.227927 75.639541 3.090533 -12.139070 0.412175 
1134 4.109681 0.000000 -0.392504 56.190825 0.757393 0.941494 0.684113 
1135 3.219362 0.000000 -0.392504 56.595501 -0.204278 0.681694 0.679644 
1136 4.109681 0.000000 -1.219746 96.694159 -1.251185 12.566663 0.049075 
1137 5.445160 0.000000 0.021117 41.538163 1.019780 2.408463 0.826774 
1138 5.000000 0.000000 0.021117 28.952190 4.106516 0.579864 0.914457 
1139 5.445160 0.000000 -0.392504 67.673124 1.566842 1.610461 0.541530 
1140 6.112899 0.000000 0.227927 70.958773 -0.024774 -1.191122 0.496343 
1141 5.890319 0.000000 0.227927 74.236489 -0.459235 -1.198845 0.448730 
1142 6.112899 0.000000 0.021117 42.463384 -1.550155 -1.702711 0.819156 
1143 9.729820 0.000000 0.383035 102.764720 -4.620005 -43.912289 -0.251022 
1144 9.674175 0.000000 0.383035 98.713958 3.300187 -35.488054 -0.101474 
1145 9.729820 0.000000 0.434738 107.304587 -9.920114 -55.381692 -0.467981 
1146 10.008045 0.000000 0.538143 95.415675 16.827496 -6.551930 0.056976 
1147 10.119335 0.000000 0.538143 96.074360 16.829216 -5.215688 0.045929 
1148 10.008045 0.000000 0.641548 96.708225 9.525786 -5.786310 0.052330 
1149 10.230624 0.000000 0.538143 96.621155 16.502505 -3.589769 0.037913 
1150 10.341914 0.000000 0.538143 97.052806 15.967257 -2.438895 0.031985 
1151 10.230624 0.000000 0.641548 97.524741 9.368756 -4.019507 0.038499 
1152 9.952400 0.000000 0.383035 123.844501 -54.261328 -95.011063 -1.730885 
1153 10.008045 0.000000 0.383035 131.717423 -65.275994 -117.283709 -2.536590 
1154 9.952400 0.000000 0.434738 128.314440 -44.807571 -79.013436 -1.471544 
1155 10.008045 0.000000 -0.082288 118.022909 -44.592619 -30.708164 -0.686090 
1156 10.008045 0.000000 -0.185694 118.022909 -44.592619 -30.708164 -0.686090 
1157 10.119335 0.000000 -0.082288 118.022909 -44.592619 -30.708164 -0.686090 
1158 10.675784 0.000000 0.124522 101.553785 -46.543288 14.885128 -0.270102 
1159 10.675784 0.000000 0.021117 99.647126 -22.999798 2.470957 -0.046465 
1160 10.787074 0.000000 0.124522 101.226436 -46.083804 18.515455 -0.271333 
1161 10.174979 0.000000 0.279630 128.125878 -32.281926 -59.178947 -1.096051 
1162 10.174979 0.000000 0.227927 131.717423 -65.275994 -117.283709 -2.536590 
1163 10.174979 0.000000 0.331332 90.610816 82.787199 3.542224 -0.507659 
1164 10.453204 0.000000 0.538143 97.430714 15.581017 -1.754523 0.026141 
1165 10.564494 0.000000 0.538143 97.662490 15.335387 -0.806926 0.022621 
1166 10.453204 0.000000 0.641548 98.135759 8.703844 -2.842395 0.028554 
1167 10.675784 0.000000 0.538143 97.834201 15.366892 0.094891 0.019232 
1168 10.675784 0.000000 0.641548 98.469384 8.384726 -1.460138 0.023134 
1169 10.397559 0.000000 0.279630 96.544827 114.681178 73.081020 -1.781351 
1170 10.397559 0.000000 0.227927 117.144434 -108.381221 161.761338 -4.163604 
1171 10.397559 0.000000 0.331332 95.296286 63.195832 11.693490 -0.321183 
1172 12.567712 0.000000 -0.806125 99.127660 -2.589870 9.282277 0.008084 
1173 12.567712 0.000000 -1.219746 98.938943 -2.130198 10.487076 0.009657 
1174 13.012871 0.000000 -0.806125 99.249404 -2.524677 9.704827 0.004900 
1175 13.458031 0.000000 -0.806125 99.323645 -2.539314 9.816535 0.003200 
1176 13.458031 0.000000 -1.219746 99.179049 -2.129890 10.957695 0.003891 
1177 13.903191 0.000000 -0.806125 99.389268 -2.508654 9.970562 0.001607 
1178 11.454813 0.000000 -0.185694 99.078970 -9.837231 4.228842 0.006870 
1179 11.454813 0.000000 -0.392504 98.832957 -5.754001 5.495105 0.016874 
1180 11.677393 0.000000 -0.185694 99.229826 -9.705875 4.789471 0.003630 
1181 11.899973 0.000000 -0.185694 99.301582 -9.498991 5.003490 0.002393 
1182 11.899973 0.000000 -0.392504 99.087406 -5.711677 6.009624 0.011295 
1183 12.122552 0.000000 -0.185694 99.350019 -9.087403 5.266197 0.001926 
1184 10.898364 0.000000 0.124522 100.864142 -45.032185 21.189717 -0.265048 
1185 10.898364 0.000000 0.021117 99.493489 -23.537848 4.261723 -0.047115 
1186 11.009654 0.000000 0.124522 100.603248 -43.843323 23.473536 -0.259426 
1187 11.120943 0.000000 0.124522 100.453635 -42.482049 25.393430 -0.254048 
1188 11.120943 0.000000 0.021117 99.571609 -23.842095 6.246212 -0.052197 
1189 11.232233 0.000000 0.124522 100.188383 -40.871599 26.112120 -0.239004 
1190 11.899973 0.000000 1.055169 100.198439 2.724519 0.766309 -0.004774 
1191 11.677393 0.000000 1.055169 100.111782 2.680996 0.528977 -0.002984 
1192 11.899973 0.000000 1.261980 100.178985 1.673815 1.457879 -0.004076 
1193 11.454813 0.000000 1.055169 99.976150 2.424514 0.397954 -0.000127 
1194 11.232233 0.000000 1.055169 99.868330 2.107882 0.261388 0.002181 
1195 11.454813 0.000000 1.261980 100.028243 1.426889 1.229897 -0.000920 
1196 11.120943 0.000000 0.538143 98.495884 15.449043 2.374442 0.005425 
1197 11.120943 0.000000 0.641548 98.983125 7.357170 0.942458 0.014732 
1198 11.343523 0.000000 0.331332 97.790842 37.147452 19.597365 -0.132704 
1199 11.343523 0.000000 0.227927 97.901875 11.797843 80.862280 -0.626267 
1200 12.345132 0.000000 -0.185694 99.434772 -7.778719 6.377779 0.001154 
1201 12.345132 0.000000 -0.392504 99.302914 -4.596676 7.360854 0.006362 
1202 12.567712 0.000000 -0.185694 99.477527 -7.253298 6.362554 0.001113 
1203 12.790292 0.000000 -0.185694 99.553696 -6.752527 6.799299 -0.000277 
1204 12.790292 0.000000 -0.392504 99.403645 -4.187057 7.763425 0.004111 
1205 13.012871 0.000000 -0.185694 99.612279 -6.328535 6.901890 -0.001029 
1206 11.788683 0.000000 0.331332 97.696347 34.235540 25.394794 -0.136154 
1207 11.788683 0.000000 0.227927 96.880309 -0.093255 69.057951 -0.415480 
1208 11.899973 0.000000 0.331332 97.498173 33.557046 27.289251 -0.137667 
1209 12.456422 0.000000 0.538143 98.648076 19.913898 7.764578 -0.018829 
1210 12.456422 0.000000 0.434738 96.558468 27.207508 17.968494 -0.038665 
1211 12.233842 0.000000 0.744953 100.025668 6.449850 1.707940 -0.004965 
1212 12.122552 0.000000 0.744953 99.896500 6.180806 1.833518 -0.002087 
1213 12.233842 0.000000 0.848359 100.184323 6.059928 1.874353 -0.007713 
1214 18.354786 0.000000 1.261980 95.329568 16.027539 34.756378 -0.055261 
1215 18.354786 0.000000 0.434738 100.024245 -4.578336 8.097565 -0.009138 
1216 18.354786 0.000000 2.089221 101.058184 3.480825 2.311783 -0.023022 
1217 16.574148 0.000000 2.916463 100.232417 1.441285 6.880040 -0.009595 
1218 17.464467 0.000000 2.916463 100.389224 1.441614 6.069670 -0.011692 
1219 16.574148 0.000000 3.743705 99.688724 1.641943 10.038714 -0.004131 
1220 15.238669 0.000000 1.675600 100.929034 2.798130 2.461887 -0.020056 
1221 15.683829 0.000000 1.675600 100.964019 3.159304 2.384807 -0.020940 
1222 15.238669 0.000000 2.089221 100.700800 1.714197 3.834096 -0.015829 
1223 12.901582 0.000000 0.538143 98.265831 22.994493 14.475639 -0.039446 
1224 12.901582 0.000000 0.434738 95.437224 24.381899 36.369603 -0.102549 
1225 13.012871 0.000000 0.538143 98.236674 23.504826 16.268149 -0.046757 
1226 21.025743 0.000000 -4.528713 98.737655 -1.599700 15.185983 0.001770 
1227 21.025743 0.000000 -6.183197 98.630226 -1.349919 15.832345 0.001959 
1228 22.806381 0.000000 -4.528713 98.739915 -1.591280 15.312902 0.001341 
1229 24.587019 0.000000 -1.219746 99.144800 -2.118016 13.261138 -0.001004 
1230 24.587019 0.000000 -2.874230 98.894168 -1.837673 14.619983 0.000282 
1231 26.367657 0.000000 -1.219746 99.100377 -2.076459 13.585189 -0.000975 
1232 16.574148 0.000000 -0.392504 99.646416 -2.732733 9.862655 -0.003415 
1233 16.574148 0.000000 -1.219746 99.326518 -2.205950 11.651241 -0.000637 
1234 17.464467 0.000000 -0.392504 99.612559 -2.586373 10.254594 -0.003451 
1235 14.348350 0.000000 -0.806125 99.431909 -2.479281 10.114618 0.000484 
1236 14.348350 0.000000 -1.219746 99.262083 -2.157580 11.038336 0.002054 
1237 14.793510 0.000000 -0.806125 99.456122 -2.464293 10.249454 -0.000264 
1238 15.238669 0.000000 0.021117 99.948146 -5.712814 7.745799 -0.008227 
1239 15.238669 0.000000 -0.392504 99.677009 -3.112593 9.219976 -0.003020 
1240 15.683829 0.000000 0.021117 99.938445 -4.935188 7.985039 -0.007581 
1241 13.235451 0.000000 0.227927 99.152632 -22.592434 16.757009 -0.062246 
1242 13.235451 0.000000 0.021117 99.811128 -11.060281 6.998849 -0.013358 
1243 13.458031 0.000000 0.227927 99.466732 -20.736940 14.777940 -0.054204 
1244 13.124161 0.000000 0.538143 98.209497 23.877711 18.270609 -0.054907 
1245 13.124161 0.000000 0.434738 95.663856 18.616941 43.384541 -0.138038 
1246 13.235451 0.000000 0.538143 98.161624 24.006516 20.216163 -0.062071 
1247 13.346741 0.000000 0.538143 98.082933 23.980576 22.229254 -0.068947 
1248 13.346741 0.000000 0.434738 95.895915 11.028283 47.399517 -0.156436 
1249 13.458031 0.000000 0.538143 97.974309 23.805318 24.320975 -0.075717 
1250 14.014480 0.000000 0.951764 100.596545 7.129639 3.267685 -0.018117 
1251 14.014480 0.000000 0.848359 100.734334 13.844831 1.889664 -0.034266 
1252 14.014480 0.000000 1.055169 100.633059 6.124204 3.048163 -0.017381 
1253 21.916062 0.000000 1.261980 100.206635 -6.763111 7.257435 -0.013978 
1254 21.916062 0.000000 0.434738 99.731961 -2.710952 9.887273 -0.005157 
1255 22.806381 0.000000 1.261980 100.133961 -4.942898 7.714057 -0.011075 
1256 20.135424 0.000000 2.916463 100.902750 1.808793 3.404611 -0.019623 
1257 19.245105 0.000000 2.916463 100.727132 1.610790 4.313922 -0.016716 
1258 20.135424 0.000000 3.743705 100.169730 1.487086 7.634719 -0.009448 
1259 23.696700 0.000000 1.261980 100.036001 -3.935167 8.293790 -0.009147 
1260 23.696700 0.000000 0.434738 99.618400 -2.497714 10.613447 -0.004271 
1261 24.587019 0.000000 1.261980 99.941379 -3.356376 8.859957 -0.007804 
1262 25.477338 0.000000 1.261980 99.857122 -3.001939 9.360150 -0.006807 
1263 25.477338 0.000000 0.434738 99.520785 -2.390267 11.231800 -0.003625 
1264 26.367657 0.000000 1.261980 99.782289 -2.780152 9.805674 -0.006039 
1265 37.051486 0.000000 -9.492164 98.562478 -0.932548 16.775809 0.000314 
1266 37.051486 0.000000 -12.801131 98.527345 -0.721103 16.965982 0.000400 
1267 40.612762 0.000000 -9.492164 98.559211 -0.864591 16.821969 0.000236 
1268 44.174038 0.000000 -2.874230 98.703083 -1.337417 16.048093 -0.000163 
1269 44.174038 0.000000 -6.183197 98.605214 -1.044195 16.591166 0.000065 
1270 47.735315 0.000000 -2.874230 98.680798 -1.445745 16.185639 -0.000197 
1271 28.148295 0.000000 -1.219746 99.058097 -2.034437 13.879099 -0.000927 
1272 28.148295 0.000000 -2.874230 98.853982 -1.759777 14.998838 -0.000017 
1273 29.928934 0.000000 -1.219746 99.018335 -1.990229 14.143561 -0.000863 
1274 27.257976 0.000000 1.261980 99.715430 -2.634936 10.203928 -0.005423 
1275 27.257976 0.000000 0.434738 99.434729 -2.324354 11.769739 -0.003119 
1276 28.148295 0.000000 1.261980 99.655326 -2.536350 10.558587 -0.004910 
1277 38.832124 0.000000 8.707156 99.407764 1.839888 12.106785 -0.003186 
1278 37.051486 0.000000 8.707156 99.331217 1.933907 12.542841 -0.002775 
1279 38.832124 0.000000 10.361640 99.069743 1.809042 14.034271 -0.001505 
1280 42.393400 0.000000 2.089221 99.210870 -1.924486 13.185984 -0.002037 
1281 42.393400 0.000000 0.434738 98.963337 -1.772432 14.581220 -0.000950 
1282 44.174038 0.000000 2.089221 99.154890 -1.908681 13.507144 -0.001778 
1283 45.954676 0.000000 2.089221 99.104395 -2.250725 13.796864 -0.001710 
1284 45.954676 0.000000 0.434738 98.899299 -1.965639 14.953587 -0.000854 
1285 47.735315 0.000000 2.089221 99.057968 -2.199181 14.062910 -0.001508 
1286 51.296591 0.000000 -2.874230 98.661224 -1.380092 16.304655 -0.000178 
1287 51.296591 0.000000 -6.183197 98.587644 -1.087995 16.714451 -0.000008 
1288 54.857867 0.000000 -2.874230 98.644205 -1.319109 16.407257 -0.000162 
1289 49.515953 0.000000 2.089221 99.015686 -2.146306 14.305103 -0.001335 
1290 49.515953 0.000000 0.434738 98.845519 -1.864313 15.265187 -0.000694 
1291 51.296591 0.000000 2.089221 98.977180 -2.092864 14.525588 -0.001186 
1292 53.077229 0.000000 2.089221 98.942107 -2.039463 14.726363 -0.001057 
1293 53.077229 0.000000 0.434738 98.800538 -1.768159 15.525307 -0.000571 
1294 54.857867 0.000000 2.089221 98.910146 -1.986571 14.909278 -0.000945 
1295 51.296591 0.000000 16.979574 98.710136 1.498345 16.077329 -0.000442 
1296 47.735315 0.000000 16.979574 98.687345 1.423381 16.211561 -0.000403 
1297 51.296591 0.000000 20.288541 98.617725 1.173693 16.607397 -0.000264 
1298 56.638505 0.000000 12.016123 99.368469 2.283903 12.330442 -0.003135 
1299 54.857867 0.000000 12.016123 99.290681 2.263896 12.772227 -0.002689 
1300 56.638505 0.000000 13.670607 99.045617 2.105587 14.164327 -0.001510 
1301 58.419143 0.000000 -2.874230 98.629354 -1.262493 16.496203 -0.000147 
1302 58.419143 0.000000 -6.183197 98.572868 -1.011895 16.811541 -0.000026 
1303 61.980419 0.000000 -2.874230 98.616344 -1.209919 16.573722 -0.000134 
1304 56.638505 0.000000 2.089221 98.881002 -1.934545 15.076039 -0.000848 
1305 56.638505 0.000000 0.434738 98.762745 -1.677987 15.743541 -0.000475 
1306 58.419143 0.000000 2.089221 98.854404 -1.883648 15.228208 -0.000764 
1307 60.199781 0.000000 5.398189 99.247948 -2.377788 13.002750 -0.002488 
1308 60.199781 0.000000 3.743705 98.988794 -2.111561 14.469848 -0.001262 
1309 61.980419 0.000000 5.398189 99.188639 -2.333733 13.339692 -0.002178 
1310 57.528824 0.000000 9.534398 100.990432 3.064186 3.127226 -0.021824 
1311 56.638505 0.000000 9.534398 100.835609 2.755144 4.005322 -0.019145 
1312 57.528824 0.000000 10.361640 100.196063 2.249490 7.633784 -0.010259 
1313 55.748186 0.000000 9.534398 100.674473 2.538715 4.919229 -0.016599 
1314 54.857867 0.000000 9.534398 100.515893 2.393387 5.818659 -0.014303 
1315 55.748186 0.000000 10.361640 99.972651 2.236439 8.901086 -0.007876 
1316 59.309462 0.000000 7.879914 100.198534 -3.065032 7.615533 -0.010714 
1317 59.309462 0.000000 7.052672 99.740943 -2.525101 10.209289 -0.005886 
1318 60.199781 0.000000 7.879914 100.082273 -2.803907 8.274990 -0.009280 
1319 7.670957 0.000000 2.916463 101.407444 2.052556 10.622896 -0.040053 
1320 6.780638 0.000000 2.916463 101.746907 2.505937 12.250098 -0.050878 
1321 7.670957 0.000000 3.743705 100.981174 1.939693 12.427705 -0.035541 
1322 5.890319 0.000000 2.916463 101.526570 2.505783 13.872905 -0.050638 
1323 5.000000 0.000000 2.916463 100.155454 1.154957 15.758696 -0.028079 
1324 5.890319 0.000000 3.743705 100.813508 1.417808 14.909555 -0.038767 
1325 5.890319 0.000000 -2.046988 96.698646 -0.682263 12.892730 0.048268 
1326 5.000000 0.000000 -2.046988 96.321534 -0.836065 13.771377 0.053181 
1327 5.890319 0.000000 -2.874230 97.616375 -0.991029 14.690833 0.025424 
1328 9.896755 0.000000 1.675600 100.230728 0.857369 2.524429 -0.005331 
1329 9.451595 0.000000 1.675600 100.991806 1.284971 2.292157 -0.020625 
1330 9.896755 0.000000 2.089221 99.949377 0.685360 5.439708 -0.001994 
1331 9.006436 0.000000 1.675600 101.541322 1.181909 2.885279 -0.032036 
1332 8.561276 0.000000 1.675600 101.312662 0.825283 2.986059 -0.027385 
1333 9.006436 0.000000 2.089221 100.793788 1.330846 5.502681 -0.019144 
1334 7.225798 0.000000 -0.806125 72.211249 -0.256546 0.795152 0.478484 
1335 6.780638 0.000000 -0.806125 69.828407 0.661355 1.550761 0.512115 
1336 7.225798 0.000000 -1.219746 97.926813 -1.377867 9.743836 0.031350 
1337 8.783856 0.000000 0.227927 77.320059 2.684451 -4.997075 0.398943 
1338 8.783856 0.000000 0.021117 78.505768 1.368044 3.273516 0.382426 
1339 8.116117 0.000000 1.675600 102.666107 1.333764 1.308831 -0.054382 
1340 7.670957 0.000000 1.675600 67.394149 1.447599 -5.971880 0.542027 
1341 8.116117 0.000000 2.089221 102.029214 1.673421 6.142766 -0.045049 
1342 7.225798 0.000000 1.675600 68.338643 0.386033 0.367875 0.532955 
1343 6.780638 0.000000 1.675600 105.571002 2.104809 12.504669 -0.130603 
1344 7.225798 0.000000 2.089221 103.659319 1.828350 8.827469 -0.082652 
1345 9.618530 0.000000 0.383035 97.398065 8.080907 -30.496317 -0.048171 
1346 9.562885 0.000000 0.383035 90.162245 15.926008 -14.560290 0.140513 
1347 9.618530 0.000000 0.434738 93.425950 18.684836 -15.759273 0.067411 
1348 9.507240 0.000000 0.383035 85.350427 21.185259 -8.746226 0.218999 
1349 9.451595 0.000000 0.383035 80.787856 24.240522 -5.883819 0.285110 
1350 9.507240 0.000000 0.434738 82.997916 27.011594 -5.989250 0.234585 
1351 9.395950 0.000000 0.383035 79.617569 24.607790 -5.777150 0.302212 
1352 9.340305 0.000000 0.383035 79.084433 26.103697 -5.151437 0.303771 
1353 9.395950 0.000000 0.434738 78.697726 26.333864 -5.686986 0.308085 
1354 9.729820 0.000000 0.072819 102.453198 -10.392755 -15.383139 -0.084131 
1355 9.729820 0.000000 0.021117 102.295162 -12.534457 -14.703481 -0.083761 
1356 9.785465 0.000000 0.072819 105.162750 -17.463409 -24.556714 -0.196721 
1357 9.841110 0.000000 0.176225 116.089343 -37.885290 -30.540893 -0.584478 
1358 9.841110 0.000000 0.124522 116.641170 -39.323049 -30.581670 -0.608670 
1359 9.896755 0.000000 0.176225 118.022909 -44.592619 -30.708164 -0.686090 
1360 9.590708 0.000000 0.150373 95.206109 -8.527343 -9.133921 0.077965 
1361 9.590708 0.000000 0.124522 95.500675 -8.912268 -9.127553 0.071688 
1362 9.618530 0.000000 0.150373 95.500675 -8.912268 -9.127553 0.071688 
1363 4.109681 0.000000 2.916463 99.881979 0.774845 16.353510 -0.024445 
1364 3.219362 0.000000 2.916463 99.831739 0.827545 17.055548 -0.025795 
1365 4.109681 0.000000 3.743705 99.949188 0.863501 16.445495 -0.026104 
1366 6.335479 0.000000 1.675600 103.270040 2.503842 13.206456 -0.084538 
1367 5.890319 0.000000 1.675600 102.877908 2.603576 12.633865 -0.075026 
1368 6.335479 0.000000 2.089221 102.482772 2.233868 13.505756 -0.069011 
1369 5.445160 0.000000 1.675600 102.451224 2.747229 12.023667 -0.064837 
1370 5.000000 0.000000 1.675600 103.063014 3.199739 12.892700 -0.079844 
1371 5.445160 0.000000 2.089221 102.149213 2.610253 13.295605 -0.061805 
1372 4.109681 0.000000 -2.046988 97.242437 -1.449460 14.920609 0.031918 
1373 3.219362 0.000000 -2.046988 97.814326 -0.224307 15.149880 0.020279 
1374 4.109681 0.000000 -2.874230 98.115268 -1.681000 15.970932 0.011550 
1375 6.335479 0.000000 -0.806125 67.894087 0.784591 1.877234 0.538625 
1376 5.890319 0.000000 -0.806125 68.111856 0.740387 1.534245 0.535787 
1377 6.335479 0.000000 -1.219746 96.913894 -0.703077 9.689385 0.051332 
1378 11.009654 0.000000 1.055169 99.692045 1.951550 -0.273935 0.005761 
1379 10.787074 0.000000 1.055169 99.586475 1.881511 -0.688350 0.007852 
1380 11.009654 0.000000 1.261980 99.723683 0.965430 0.939873 0.005337 
1381 10.564494 0.000000 1.055169 99.318302 1.945446 -0.963957 0.013116 
1382 10.341914 0.000000 1.055169 99.119086 1.888054 -1.474705 0.016967 
1383 10.564494 0.000000 1.261980 99.658134 1.032801 0.201533 0.006715 
1384 10.063690 0.000000 0.383035 126.271706 -36.661852 -65.931273 -1.163557 
1385 10.119335 0.000000 0.383035 92.494859 49.037304 -5.305844 -0.098811 
1386 10.063690 0.000000 0.434738 93.625277 33.109798 -6.861584 0.009097 
1387 10.230624 0.000000 -0.082288 115.344873 -49.795283 46.183920 -0.791696 
1388 10.230624 0.000000 -0.185694 99.571315 -7.215315 -0.181486 0.003346 
1389 10.341914 0.000000 -0.082288 99.794692 -11.857970 -0.334998 -0.009970 
1390 9.952400 0.000000 0.176225 118.022909 -44.592619 -30.708164 -0.686090 
1391 9.952400 0.000000 0.124522 118.022909 -44.592619 -30.708164 -0.686090 
1392 10.008045 0.000000 0.176225 118.022909 -44.592619 -30.708164 -0.686090 
1393 10.174979 0.000000 0.383035 93.554152 47.315053 -3.086301 -0.100062 
1394 10.230624 0.000000 0.383035 94.437417 45.427669 -1.348373 -0.098392 
1395 10.174979 0.000000 0.434738 94.879773 31.815061 -4.411527 -0.003383 
1396 10.453204 0.000000 -0.082288 99.286075 -12.612313 0.336583 -0.001691 
1397 10.453204 0.000000 -0.185694 98.779570 -8.447695 1.446345 0.016914 
1398 10.564494 0.000000 -0.082288 99.058631 -13.148765 0.878170 0.001373 
1399 11.343523 0.000000 0.124522 100.006378 -39.230853 26.574831 -0.224656 
1400 11.343523 0.000000 0.021117 99.564622 -23.344305 7.237373 -0.051045 
1401 11.454813 0.000000 0.124522 99.854988 -37.697796 26.672701 -0.210358 
1402 11.566103 0.000000 0.124522 99.699722 -36.119801 26.525961 -0.194830 
1403 11.566103 0.000000 0.021117 99.576089 -22.559566 8.104690 -0.049002 
1404 11.677393 0.000000 0.124522 99.564031 -34.588613 26.147184 -0.179304 
1405 12.011263 0.000000 0.744953 99.918551 6.062322 1.438182 -0.002254 
1406 11.899973 0.000000 0.744953 99.920788 6.016720 1.103293 -0.002158 
1407 12.011263 0.000000 0.848359 100.080316 4.818877 0.890061 -0.004008 
1408 11.788683 0.000000 0.744953 99.874241 6.015253 0.973847 -0.001200 
1409 11.677393 0.000000 0.744953 99.799832 5.875037 0.669010 0.000503 
1410 11.788683 0.000000 0.848359 100.020627 4.715767 0.576164 -0.002670 
1411 11.788683 0.000000 0.124522 99.377105 -33.174344 25.333911 -0.161815 
1412 11.788683 0.000000 0.021117 99.583994 -21.473531 8.644849 -0.045282 
1413 11.899973 0.000000 0.124522 99.196588 -31.824312 24.195057 -0.143815 
1414 12.011263 0.000000 0.331332 97.223429 32.859290 29.566116 -0.140628 
1415 12.011263 0.000000 0.227927 96.334506 -7.655270 63.398576 -0.335832 
1416 12.122552 0.000000 0.331332 96.725879 32.035442 32.195318 -0.141870 
1417 12.233842 0.000000 0.331332 95.444837 31.030684 35.605734 -0.134039 
1418 12.233842 0.000000 0.227927 94.667179 -14.734426 56.404815 -0.236048 
1419 12.345132 0.000000 0.331332 93.191670 28.954719 41.324701 -0.123079 
1420 18.354786 0.000000 2.916463 100.555048 1.464334 5.215250 -0.014066 
1421 18.354786 0.000000 3.743705 99.890555 1.512167 9.037459 -0.006209 
1422 24.587019 0.000000 -4.528713 98.739604 -1.569101 15.449983 0.000933 
1423 24.587019 0.000000 -6.183197 98.641651 -1.338762 15.973331 0.001289 
1424 26.367657 0.000000 -4.528713 98.735161 -1.540173 15.577960 0.000632 
1425 16.574148 0.000000 -2.046988 99.114446 -2.020214 12.880705 0.000633 
1426 16.574148 0.000000 -2.874230 98.958065 -1.883798 13.805752 0.001315 
1427 17.464467 0.000000 -2.046988 99.121968 -2.030321 13.051248 0.000038 
1428 18.354786 0.000000 -0.392504 99.577873 -2.495314 10.607207 -0.003449 
1429 18.354786 0.000000 -1.219746 99.310297 -2.193556 12.116052 -0.001415 
1430 19.245105 0.000000 -0.392504 99.540630 -2.436802 10.927695 -0.003369 
1431 15.238669 0.000000 -0.806125 99.464665 -2.408828 10.419564 -0.000759 
1432 15.238669 0.000000 -1.219746 99.308004 -2.153890 11.321848 0.000510 
1433 15.683829 0.000000 -0.806125 99.473950 -2.392134 10.597922 -0.001310 
1434 13.235451 0.000000 -0.185694 99.676321 -6.028708 7.045008 -0.002135 
1435 13.235451 0.000000 -0.392504 99.514353 -3.964349 8.062558 0.001617 
1436 13.458031 0.000000 -0.185694 99.724388 -5.761835 7.221076 -0.003030 
1437 13.680611 0.000000 0.227927 99.654729 -19.033031 13.327876 -0.047095 
1438 13.680611 0.000000 0.021117 99.939730 -9.589968 7.138531 -0.013088 
1439 13.903191 0.000000 0.227927 99.762585 -17.502256 12.198616 -0.040771 
1440 14.125770 0.000000 0.227927 99.820548 -16.054606 11.278324 -0.034909 
1441 14.125770 0.000000 0.021117 99.982169 -8.388611 7.361279 -0.012099 
1442 14.348350 0.000000 0.227927 99.837367 -14.635068 10.401306 -0.028987 
1443 20.135424 0.000000 -0.392504 99.501424 -2.377066 11.067747 -0.002868 
1444 20.135424 0.000000 -1.219746 99.257686 -2.181938 12.342079 -0.000918 
1445 21.025743 0.000000 -0.392504 99.463040 -2.337771 11.293871 -0.002591 
1446 44.174038 0.000000 -9.492164 98.556064 -0.940498 16.861048 0.000152 
1447 44.174038 0.000000 -12.801131 98.528100 -0.774954 17.013078 0.000217 
1448 47.735315 0.000000 -9.492164 98.552441 -0.913177 16.896576 0.000109 
1449 28.148295 0.000000 -4.528713 98.727258 -1.510353 15.689700 0.000448 
1450 28.148295 0.000000 -6.183197 98.645504 -1.300622 16.130370 0.000718 
1451 29.928934 0.000000 -4.528713 98.718020 -1.479582 15.791635 0.000319 
1452 31.709572 0.000000 -1.219746 98.981364 -1.944573 14.381231 -0.000791 
1453 31.709572 0.000000 -2.874230 98.813669 -1.679607 15.307651 -0.000129 
1454 33.490210 0.000000 -1.219746 98.947206 -1.898276 14.596885 -0.000722 
1455 44.174038 0.000000 16.979574 98.668307 1.352298 16.326499 -0.000382 
1456 40.612762 0.000000 16.979574 98.652290 1.144140 16.427650 -0.000345 
1457 44.174038 0.000000 20.288541 98.599174 1.070636 16.726770 -0.000273 
1458 35.270848 0.000000 8.707156 99.262292 1.934705 12.943963 -0.002429 
1459 33.490210 0.000000 8.707156 99.198420 1.922543 13.310670 -0.002120 
1460 35.270848 0.000000 10.361640 98.989799 1.807087 14.498797 -0.001246 
1461 35.270848 0.000000 -1.219746 98.915736 -1.851859 14.792749 -0.000658 
1462 35.270848 0.000000 -2.874230 98.776976 -1.600037 15.562563 -0.000164 
1463 37.051486 0.000000 -1.219746 98.887038 -1.805462 14.976795 -0.000621 
1464 51.296591 0.000000 -9.492164 98.548773 -0.886599 16.928584 0.000078 
1465 51.296591 0.000000 -12.801131 98.525924 -0.741189 17.053202 0.000128 
1466 54.857867 0.000000 -9.492164 98.545184 -0.860951 16.957495 0.000055 
1467 58.419143 0.000000 -9.492164 98.541741 -0.836323 16.983679 0.000038 
1468 58.419143 0.000000 -12.801131 98.522855 -0.707586 17.087105 0.000078 
1469 61.980419 0.000000 -9.492164 98.538475 -0.812746 17.007460 0.000025 
1470 53.077229 0.000000 12.016123 99.222124 2.235153 13.161794 -0.002326 
1471 51.296591 0.000000 12.016123 99.161292 2.199540 13.507726 -0.002026 
1472 53.077229 0.000000 13.670607 98.964950 2.009961 14.623824 -0.001196 
1473 49.515953 0.000000 12.016123 99.107058 2.158709 13.816450 -0.001776 
1474 47.735315 0.000000 12.016123 99.058543 2.114056 14.093001 -0.001568 
1475 49.515953 0.000000 13.670607 98.899365 1.911222 14.998662 -0.000970 
1476 53.967548 0.000000 9.534398 100.366587 2.304191 6.665512 -0.012319 
1477 53.077229 0.000000 9.534398 100.230321 2.256540 7.438435 -0.010654 
1478 53.967548 0.000000 10.361640 99.796050 2.256584 9.902991 -0.006241 
1479 52.186910 0.000000 9.534398 100.108226 2.236956 8.131006 -0.009277 
1480 51.296591 0.000000 9.534398 99.999724 2.234564 8.746516 -0.008144 
1481 52.186910 0.000000 10.361640 99.653763 2.278347 10.710400 -0.005078 
1482 60.199781 0.000000 2.089221 98.830104 -1.834068 15.367207 -0.000690 
1483 60.199781 0.000000 0.434738 98.730826 -1.594026 15.927657 -0.000401 
1484 61.980419 0.000000 2.089221 98.807879 -1.785932 15.494324 -0.000626 
1485 8.783856 0.000000 -0.185694 79.421580 0.107471 9.769244 0.359676 
1486 8.561276 0.000000 -0.185694 78.622982 -0.392365 12.969410 0.365007 
1487 8.783856 0.000000 -0.392504 79.025430 -0.516047 13.644670 0.356854 
1488 10.119335 0.000000 1.055169 99.008060 1.723683 -2.096641 0.019004 
1489 9.896755 0.000000 1.055169 99.092947 1.700200 -2.879512 0.016941 
1490 10.119335 0.000000 1.261980 99.473232 1.082627 -0.473013 0.010368 
1491 9.674175 0.000000 1.055169 99.469386 1.226577 -3.883115 0.008926 
1492 9.451595 0.000000 1.055169 100.460956 1.572410 -4.350416 -0.011380 
1493 9.674175 0.000000 1.261980 100.168460 1.026418 -1.571654 -0.003724 
1494 9.229016 0.000000 1.055169 101.798402 0.660096 -4.103686 -0.038019 
1495 9.006436 0.000000 1.055169 102.856114 0.958064 -3.219363 -0.059066 
1496 9.229016 0.000000 1.261980 101.666585 0.437470 -1.528370 -0.033862 
1497 8.783856 0.000000 1.055169 103.503271 1.131095 -2.446005 -0.072019 
1498 8.561276 0.000000 1.055169 101.746121 1.348830 -2.220897 -0.035902 
1499 8.783856 0.000000 1.261980 102.344731 1.331898 -0.360259 -0.047635 
1500 9.841110 0.000000 0.072819 118.022909 -44.592619 -30.708164 -0.686090 
1501 9.841110 0.000000 0.021117 118.022909 -44.592619 -30.708164 -0.686090 
1502 9.896755 0.000000 0.072819 118.022909 -44.592619 -30.708164 -0.686090 
1503 8.338696 0.000000 1.055169 97.170248 1.151489 -0.755981 0.055605 
1504 8.116117 0.000000 1.055169 66.334672 0.424880 1.406455 0.559755 
1505 8.338696 0.000000 1.261980 98.146877 1.279863 -1.935829 0.036180 
1506 7.893537 0.000000 1.055169 70.213341 0.592863 -5.001404 0.504472 
1507 7.670957 0.000000 1.055169 66.158430 0.197174 -1.143327 0.562172 
1508 7.893537 0.000000 1.261980 70.648216 0.809797 -3.648124 0.499487 
1509 8.338696 0.000000 -0.185694 77.441205 -0.154112 11.148758 0.387854 
1510 8.116117 0.000000 -0.185694 76.110783 -0.182477 8.767450 0.413025 
1511 8.338696 0.000000 -0.392504 77.817133 -0.248493 11.768334 0.380594 
1512 5.445160 0.000000 -0.806125 67.050617 1.830725 0.992662 0.549988 
1513 5.000000 0.000000 -0.806125 62.825931 2.428384 0.465434 0.604679 
1514 5.445160 0.000000 -1.219746 95.663646 -0.511703 10.529391 0.073734 
1515 9.952400 0.000000 0.072819 118.022909 -44.592619 -30.708164 -0.686090 
1516 9.952400 0.000000 0.021117 118.022909 -44.592619 -30.708164 -0.686090 
1517 10.008045 0.000000 0.072819 118.022909 -44.592619 -30.708164 -0.686090 
1518 10.063690 0.000000 0.176225 118.022909 -44.592619 -30.708164 -0.686090 
1519 10.063690 0.000000 0.124522 118.022909 -44.592619 -30.708164 -0.686090 
1520 10.119335 0.000000 0.176225 118.022909 -44.592619 -30.708164 -0.686090 
1521 10.286269 0.000000 0.383035 95.119730 43.697305 -0.206163 -0.095726 
1522 10.341914 0.000000 0.383035 95.610599 42.035363 0.611912 -0.090873 
1523 10.286269 0.000000 0.434738 95.845766 30.235986 -2.613511 -0.010746 
1524 10.174979 0.000000 0.176225 119.668931 -45.473139 -75.695347 -1.211824 
1525 10.174979 0.000000 0.124522 118.022909 -44.592619 -30.708164 -0.686090 
1526 10.230624 0.000000 0.176225 106.014355 -68.062142 6.857969 -0.591853 
1527 10.397559 0.000000 0.383035 95.946365 40.346850 1.381035 -0.083548 
1528 10.453204 0.000000 0.383035 96.225302 38.810103 1.788912 -0.076873 
1529 10.397559 0.000000 0.434738 96.480361 28.537699 -1.575565 -0.012534 
1530 10.675784 0.000000 -0.082288 99.010878 -13.608164 1.613687 0.000906 
1531 10.675784 0.000000 -0.185694 98.672057 -9.028594 2.412180 0.017649 
1532 10.787074 0.000000 -0.082288 98.950919 -13.788708 1.935844 0.001484 
1533 11.566103 0.000000 0.744953 99.735231 5.758800 0.455852 0.001951 
1534 11.454813 0.000000 0.744953 99.652960 5.647771 0.240501 0.003733 
1535 11.566103 0.000000 0.848359 99.881400 4.392352 0.176225 0.000438 
1536 11.343523 0.000000 0.744953 99.583036 5.565562 -0.047231 0.005224 
1537 11.232233 0.000000 0.744953 99.520146 5.435007 -0.164238 0.006617 
1538 11.343523 0.000000 0.848359 99.728976 4.127346 -0.167202 0.003707 
1539 12.011263 0.000000 0.124522 99.043038 -30.439373 23.030852 -0.126650 
1540 12.011263 0.000000 0.021117 99.497157 -20.113015 8.709492 -0.038007 
1541 12.122552 0.000000 0.124522 98.815951 -29.009623 21.601304 -0.107277 
1542 12.233842 0.000000 0.124522 98.415133 -27.569444 20.125668 -0.085066 
1543 12.233842 0.000000 0.021117 99.306958 -18.468072 8.462653 -0.027456 
1544 12.345132 0.000000 0.124522 98.071740 -25.240269 18.504117 -0.059754 
1545 12.456422 0.000000 0.331332 90.860637 22.163632 48.222009 -0.107224 
1546 12.456422 0.000000 0.227927 93.043307 -24.494082 42.842131 -0.109247 
1547 12.567712 0.000000 0.331332 90.276962 11.776644 53.742141 -0.117684 
1548 18.354786 0.000000 -2.046988 99.118954 -2.029111 13.204977 -0.000306 
1549 18.354786 0.000000 -2.874230 98.974580 -1.869115 14.037736 0.000348 
1550 19.245105 0.000000 -2.046988 99.103312 -2.053476 13.309683 -0.000283 
1551 13.680611 0.000000 -0.185694 99.765708 -5.486715 7.405846 -0.003815 
1552 13.680611 0.000000 -0.392504 99.597748 -3.755953 8.348028 -0.000351 
1553 13.903191 0.000000 -0.185694 99.794223 -5.267350 7.590705 -0.004425 
1554 12.679002 0.000000 0.331332 91.340350 1.125017 55.220351 -0.139361 
1555 12.679002 0.000000 0.227927 96.079115 -27.485796 28.870619 -0.082018 
1556 12.790292 0.000000 0.331332 92.848814 -7.467775 53.681857 -0.155841 
1557 14.125770 0.000000 -0.185694 99.812221 -5.047469 7.763161 -0.004822 
1558 14.125770 0.000000 -0.392504 99.648030 -3.587153 8.618318 -0.001687 
1559 14.348350 0.000000 -0.185694 99.823365 -4.810160 7.846451 -0.004941 
1560 14.570930 0.000000 0.227927 99.791710 -13.284041 9.683015 -0.022861 
1561 14.570930 0.000000 0.021117 99.974795 -7.252573 7.451375 -0.010308 
1562 14.793510 0.000000 0.227927 99.784393 -11.955799 8.897956 -0.017904 
1563 20.135424 0.000000 -2.046988 99.075138 -2.050377 13.324512 0.000237 
1564 20.135424 0.000000 -2.874230 98.935017 -1.899455 14.092752 0.000965 
1565 21.025743 0.000000 -2.046988 99.059999 -2.027749 13.456871 0.000192 
1566 21.916062 0.000000 -0.392504 99.427569 -2.313428 11.553456 -0.002468 
1567 21.916062 0.000000 -1.219746 99.212349 -2.164605 12.714626 -0.000944 
1568 22.806381 0.000000 -0.392504 99.393003 -2.288215 11.818090 -0.002387 
1569 31.709572 0.000000 -4.528713 98.708234 -1.448205 15.884502 0.000227 
1570 31.709572 0.000000 -6.183197 98.639281 -1.256158 16.258440 0.000438 
1571 33.490210 0.000000 -4.528713 98.698366 -1.416927 15.969849 0.000159 
1572 31.709572 0.000000 8.707156 99.142678 1.900756 13.634984 -0.001880 
1573 29.928934 0.000000 8.707156 99.093597 1.870875 13.924613 -0.001694 
1574 31.709572 0.000000 10.361640 98.926230 1.724473 14.884962 -0.001093 
1575 37.051486 0.000000 16.979574 98.639743 1.086668 16.513293 -0.000367 
1576 33.490210 0.000000 16.979574 98.629700 1.029691 16.589180 -0.000408 
1577 37.051486 0.000000 20.288541 98.587221 0.870938 16.821829 -0.000317 
1578 35.270848 0.000000 -4.528713 98.688631 -1.386025 16.048396 0.000108 
1579 35.270848 0.000000 -6.183197 98.629984 -1.209701 16.368053 0.000275 
1580 37.051486 0.000000 -4.528713 98.679994 -1.355198 16.126426 0.000036 
1581 38.832124 0.000000 -1.219746 98.860542 -1.760179 15.141123 -0.000576 
1582 38.832124 0.000000 -2.874230 98.745301 -1.523581 15.782881 -0.000206 
1583 40.612762 0.000000 -1.219746 98.833541 -1.600382 15.302062 -0.000478 
1584 45.954676 0.000000 12.016123 99.015039 2.066716 14.341461 -0.001393 
1585 44.174038 0.000000 12.016123 98.975961 2.017591 14.565234 -0.001246 
1586 45.954676 0.000000 13.670607 98.845762 1.813053 15.306859 -0.000807 
1587 42.393400 0.000000 12.016123 98.939089 1.706778 14.777236 -0.001022 
1588 40.612762 0.000000 12.016123 98.907692 1.668465 14.958677 -0.000928 
1589 42.393400 0.000000 13.670607 98.800925 1.510945 15.567613 -0.000626 
1590 10.898364 0.000000 -0.082288 98.950472 -14.003895 2.316207 0.000733 
1591 10.898364 0.000000 -0.185694 98.768538 -9.448074 3.060875 0.014614 
1592 11.009654 0.000000 -0.082288 99.128185 -14.426520 3.222696 -0.004491 
1593 23.696700 0.000000 -0.392504 99.358912 -2.268772 12.038902 -0.002228 
1594 23.696700 0.000000 -1.219746 99.167158 -2.133366 13.083559 -0.000986 
1595 24.587019 0.000000 -0.392504 99.326047 -2.250905 12.269626 -0.002127 
1596 42.393400 0.000000 -1.219746 98.811350 -1.563342 15.434931 -0.000436 
1597 42.393400 0.000000 -2.874230 98.715638 -1.368378 15.969979 -0.000169 
1598 44.174038 0.000000 -1.219746 98.790960 -1.526770 15.556489 -0.000399 
1 6 17 15 16 
2 16 15 18 4 
3 1 30 28 29 
4 29 28 17 6 
5 17 33 31 32 
6 32 31 34 15 
7 28 46 44 45 
8 45 44 33 17 
9 33 49 47 48 
10 48 47 50 31 
11 44 62 60 61 
12 61 60 49 33 
13 49 65 63 64 
14 64 63 66 47 
15 60 95 93 94 
16 94 93 65 49 
17 137 164 162 163 
18 163 162 165 140 
19 7 168 166 167 
20 168 21 169 166 
21 166 169 19 37 
22 167 166 37 20 
23 20 172 170 171 
24 172 37 173 170 
25 170 173 35 53 
26 171 170 53 36 
27 36 176 174 175 
28 176 53 177 174 
29 174 177 51 69 
30 175 174 69 52 
31 69 180 178 179 
32 180 51 181 178 
33 178 181 70 90 
34 179 178 90 67 
35 67 184 182 183 
36 184 90 185 182 
37 182 185 88 113 
38 183 182 113 89 
39 113 188 186 187 
40 188 88 189 186 
41 186 189 114 130 
42 187 186 130 111 
43 111 192 190 191 
44 192 130 193 190 
45 89 201 199 200 
46 201 113 187 199 
47 199 187 111 139 
48 200 199 139 112 
49 139 204 202 203 
50 204 111 191 202 
51 203 202 164 137 
52 164 207 205 206 
53 206 205 208 162 
54 209 211 147 212 
55 210 209 212 148 
56 140 165 222 223 
57 222 210 148 224 
58 223 222 224 159 
59 162 208 225 226 
60 226 225 227 165 
61 205 230 228 229 
62 229 228 231 208 
63 232 234 213 235 
64 233 232 235 214 
65 191 243 241 242 
66 243 190 244 241 
67 241 244 153 196 
68 242 241 196 129 
69 129 247 245 246 
70 247 196 248 245 
71 245 248 194 219 
72 246 245 219 195 
73 195 251 249 250 
74 251 219 252 249 
75 249 252 217 238 
76 250 249 238 218 
77 266 197 267 265 
78 265 267 151 268 
79 270 220 271 269 
80 269 271 198 272 
81 238 275 273 274 
82 275 217 276 273 
83 273 276 239 277 
84 274 273 277 236 
85 208 231 278 279 
86 278 233 214 280 
87 279 278 280 225 
88 228 283 281 282 
89 282 281 284 231 
90 218 287 285 286 
91 287 238 274 285 
92 286 285 288 237 
93 152 240 289 290 
94 240 221 291 289 
95 289 291 232 292 
96 290 289 292 233 
97 237 288 293 294 
98 288 236 295 293 
99 293 295 240 296 
100 294 293 296 152 
101 285 299 297 298 
102 299 274 300 297 
103 297 300 236 301 
104 298 297 301 288 
105 231 284 302 303 
106 284 152 290 302 
107 302 290 233 304 
108 303 302 304 278 
109 281 307 305 306 
110 307 237 294 305 
111 305 294 152 308 
112 306 305 308 284 
113 65 311 309 310 
114 310 309 312 63 
115 73 323 321 322 
116 323 136 318 321 
117 321 318 156 324 
118 322 321 324 157 
119 133 327 325 326 
120 136 330 328 329 
121 328 331 317 332 
122 329 328 332 318 
123 93 335 333 334 
124 334 333 311 65 
125 134 341 339 340 
126 341 133 326 339 
127 339 326 136 323 
128 340 339 323 73 
129 326 344 342 343 
130 344 325 345 342 
131 342 345 319 330 
132 343 342 330 136 
133 319 347 346 331 
134 347 57 348 346 
135 346 348 160 349 
136 331 346 349 317 
137 330 352 350 351 
138 352 319 353 350 
139 350 353 331 354 
140 351 350 354 328 
141 355 322 157 358 
142 356 355 358 313 
143 336 361 359 360 
144 361 134 340 359 
145 364 73 365 362 
146 362 365 322 366 
147 363 362 366 355 
148 311 369 367 368 
149 369 5 314 367 
150 367 314 72 370 
151 368 367 370 309 
152 5 373 371 372 
153 373 315 356 371 
154 371 356 313 374 
155 372 371 374 314 
156 315 377 375 376 
157 377 357 363 375 
158 375 363 355 378 
159 376 375 378 356 
160 359 381 379 380 
161 381 340 382 379 
162 379 382 73 364 
163 380 379 364 357 
164 357 385 383 384 
165 385 364 386 383 
166 383 386 362 387 
167 384 383 387 363 
168 268 151 392 391 
169 391 392 215 393 
170 234 391 393 213 
171 221 272 394 291 
172 272 198 395 394 
173 394 395 234 396 
174 291 394 396 232 
175 239 399 397 398 
176 399 269 400 397 
177 397 400 272 401 
178 398 397 401 221 
179 198 403 402 395 
180 403 268 404 402 
181 402 404 391 405 
182 395 402 405 234 
183 151 407 406 392 
184 407 264 408 406 
185 406 408 388 409 
186 392 406 409 215 
187 413 414 149 415 
188 211 413 415 147 
189 264 421 420 408 
190 421 154 422 420 
191 420 422 389 423 
192 155 390 424 425 
193 390 132 426 424 
194 424 426 211 427 
195 425 424 427 209 
196 388 423 428 429 
197 423 389 430 428 
198 428 430 132 431 
199 429 428 431 390 
200 408 434 432 433 
201 434 420 435 432 
202 432 435 423 436 
203 433 432 436 388 
204 130 438 437 193 
205 438 114 439 437 
206 441 258 442 440 
207 154 444 443 422 
208 444 417 445 443 
209 443 445 416 446 
210 422 443 446 389 
211 417 456 455 445 
212 456 257 457 455 
213 455 457 418 458 
214 445 455 458 416 
215 258 460 459 442 
216 460 131 461 459 
217 459 461 259 452 
218 462 463 410 464 
219 414 462 464 149 
220 465 467 450 468 
221 452 471 469 470 
222 471 259 472 469 
223 469 472 453 473 
224 470 469 473 451 
225 90 475 474 185 
226 475 70 476 474 
227 474 476 91 121 
228 185 474 121 88 
229 88 478 477 189 
230 478 121 479 477 
231 477 479 120 254 
232 189 477 254 114 
233 114 481 480 439 
234 481 254 482 480 
235 131 484 483 461 
236 484 448 485 483 
237 483 485 447 466 
238 461 483 466 259 
239 447 499 498 467 
240 499 449 500 498 
241 498 500 256 501 
242 467 498 501 450 
243 466 504 502 503 
244 504 447 505 502 
245 502 505 467 506 
246 503 502 506 465 
247 513 514 411 515 
248 463 513 515 410 
249 449 517 516 500 
250 517 494 518 516 
251 516 518 497 519 
252 256 519 520 521 
253 519 497 522 520 
254 520 522 513 523 
255 521 520 523 463 
256 500 526 524 525 
257 526 516 527 524 
258 524 527 519 528 
259 525 524 528 256 
260 494 534 533 518 
261 534 496 535 533 
262 533 535 123 536 
263 518 533 536 497 
264 123 542 540 541 
265 542 532 543 540 
266 540 543 537 544 
267 541 540 544 514 
268 532 554 553 543 
269 553 555 538 556 
270 543 553 556 537 
271 529 565 563 564 
272 565 531 566 563 
273 563 566 493 554 
274 564 563 554 532 
275 493 568 567 555 
276 568 550 569 567 
277 567 569 549 570 
278 555 567 570 538 
279 554 573 571 572 
280 573 493 574 571 
281 571 574 555 575 
282 572 571 575 553 
283 550 581 580 569 
284 581 41 582 580 
285 580 582 551 583 
286 569 580 583 549 
287 585 557 586 584 
288 41 588 587 582 
289 588 577 589 587 
290 587 589 576 590 
291 582 587 590 551 
292 11 27 611 612 
293 27 10 613 611 
294 611 613 14 614 
295 612 611 614 9 
296 24 43 615 616 
297 43 23 617 615 
298 615 617 27 618 
299 616 615 618 11 
300 39 107 619 620 
301 107 42 621 619 
302 619 621 23 622 
303 620 619 622 43 
304 58 143 623 624 
305 143 105 625 623 
306 623 625 107 626 
307 624 623 626 39 
308 109 509 627 628 
309 509 141 629 627 
310 627 629 143 630 
311 628 627 630 58 
312 145 548 631 632 
313 548 507 633 631 
314 631 633 509 634 
315 632 631 634 109 
316 545 610 635 636 
317 610 547 637 635 
318 635 637 507 638 
319 636 635 638 548 
320 641 607 642 639 
321 639 642 610 643 
322 640 639 643 545 
323 511 579 644 645 
324 579 545 636 644 
325 644 636 548 646 
326 645 644 646 145 
327 576 649 647 648 
328 649 578 640 647 
329 647 640 545 650 
330 648 647 650 579 
331 557 664 663 586 
332 664 559 665 663 
333 663 665 489 608 
334 546 668 666 667 
335 668 608 669 666 
336 666 669 607 641 
337 667 666 641 578 
338 578 672 670 671 
339 672 641 673 670 
340 670 673 639 674 
341 671 670 674 640 
342 607 680 679 642 
343 680 609 681 679 
344 679 681 547 682 
345 642 679 682 610 
346 507 606 683 633 
347 606 508 684 683 
348 683 684 141 685 
349 633 683 685 509 
350 547 678 686 637 
351 678 603 687 686 
352 686 687 606 688 
353 637 686 688 507 
354 609 690 689 681 
355 690 675 691 689 
356 689 691 678 692 
357 681 689 692 547 
358 604 698 697 677 
359 698 119 699 697 
360 697 699 605 700 
361 677 697 700 603 
362 675 702 701 691 
363 702 677 703 701 
364 701 703 603 704 
365 691 701 704 678 
366 603 700 705 687 
367 705 706 508 707 
368 687 705 707 606 
369 141 602 708 629 
370 602 142 709 708 
371 708 709 105 710 
372 629 708 710 143 
373 508 696 711 684 
374 696 599 712 711 
375 711 712 602 713 
376 684 711 713 141 
377 714 716 696 717 
378 706 714 717 508 
379 700 720 718 719 
380 720 605 721 718 
381 718 721 706 722 
382 719 718 722 705 
383 724 657 725 723 
384 119 727 726 699 
385 727 694 728 726 
386 726 728 693 715 
387 699 726 715 605 
388 87 730 729 601 
389 730 596 731 729 
390 729 731 595 732 
391 601 729 732 142 
392 600 734 733 695 
393 734 87 735 733 
394 733 735 601 736 
395 695 733 736 599 
396 738 695 739 737 
397 737 739 599 740 
398 716 737 740 696 
399 715 743 741 742 
400 743 693 744 741 
401 741 744 716 745 
402 742 741 745 714 
403 694 747 746 728 
404 747 600 748 746 
405 746 748 695 738 
406 728 746 738 693 
407 693 750 749 744 
408 750 738 751 749 
409 749 751 737 752 
410 744 749 752 716 
411 758 651 759 757 
412 25 762 760 761 
413 762 754 763 760 
414 760 763 753 764 
415 761 760 764 597 
416 23 104 777 617 
417 104 26 778 777 
418 777 778 10 779 
419 617 777 779 27 
420 42 594 780 621 
421 594 102 781 780 
422 780 781 104 782 
423 621 780 782 23 
424 106 756 783 784 
425 756 591 785 783 
426 783 785 594 786 
427 784 783 786 42 
428 753 789 787 788 
429 789 755 790 787 
430 787 790 591 791 
431 788 787 791 756 
432 591 776 792 785 
433 776 593 793 792 
434 792 793 102 794 
435 785 792 794 594 
436 755 796 795 790 
437 796 773 797 795 
438 795 797 776 798 
439 790 795 798 591 
440 806 770 807 805 
441 805 807 769 808 
442 773 810 809 797 
443 810 775 811 809 
444 809 811 593 812 
445 797 809 812 776 
446 102 772 813 781 
447 813 814 26 815 
448 781 813 815 104 
449 593 808 816 793 
450 808 769 817 816 
451 816 817 772 818 
452 793 816 818 102 
453 775 820 819 811 
454 820 805 821 819 
455 819 821 808 822 
456 811 819 822 593 
457 769 828 827 817 
458 827 829 103 830 
459 817 827 830 772 
460 770 832 831 807 
461 832 12 833 831 
462 831 833 771 828 
463 807 831 828 769 
464 10 101 834 613 
465 101 13 835 834 
466 834 835 3 836 
467 613 834 836 14 
468 837 838 101 839 
469 778 837 839 10 
470 840 841 768 842 
471 814 840 842 26 
472 843 845 826 846 
473 829 843 846 103 
474 828 849 847 848 
475 849 771 850 847 
476 847 850 829 851 
477 848 847 851 827 
478 853 799 854 852 
479 12 856 855 833 
480 856 824 857 855 
481 855 857 823 844 
482 833 855 844 771 
483 771 859 858 850 
484 859 844 860 858 
485 858 860 843 861 
486 850 858 861 829 
487 871 825 872 870 
488 870 872 765 873 
489 845 870 873 826 
490 844 875 874 860 
491 875 823 876 874 
492 874 876 845 877 
493 860 874 877 843 
494 824 879 878 857 
495 879 766 880 878 
496 878 880 825 871 
497 857 878 871 823 
498 823 882 881 876 
499 882 871 883 881 
500 881 883 870 884 
501 876 881 884 845 
502 825 889 888 872 
503 889 866 890 888 
504 765 891 892 893 
505 891 869 894 892 
506 892 894 885 895 
507 893 892 895 841 
508 872 898 896 897 
509 898 888 899 896 
510 896 899 891 900 
511 897 896 900 765 
512 866 909 908 890 
513 909 868 910 908 
514 888 913 912 899 
515 913 890 914 912 
516 912 914 869 915 
517 899 912 915 891 
518 916 917 13 918 
519 838 916 918 101 
520 869 911 922 894 
521 911 767 923 922 
522 922 923 886 924 
523 894 922 924 885 
524 890 926 925 914 
525 926 908 927 925 
526 925 927 911 928 
527 914 925 928 869 
528 868 930 929 910 
529 930 904 931 929 
530 929 931 907 932 
531 910 929 932 767 
532 908 934 933 927 
533 934 910 935 933 
534 933 935 767 936 
535 927 933 936 911 
536 767 932 937 923 
537 932 907 938 937 
538 937 938 919 939 
539 923 937 939 886 
540 904 952 951 931 
541 952 906 953 951 
542 951 953 862 945 
543 931 951 945 907 
544 907 956 954 955 
545 956 945 957 954 
546 954 957 944 958 
547 955 954 958 938 
548 945 964 963 957 
549 964 862 965 963 
550 963 965 946 966 
551 957 963 966 944 
552 906 968 967 953 
553 968 948 969 967 
554 967 969 941 960 
555 953 967 960 862 
556 862 971 970 965 
557 971 960 972 970 
558 970 972 959 973 
559 965 970 973 946 
560 975 864 976 974 
561 974 976 942 977 
562 960 979 978 972 
563 979 941 980 978 
564 978 980 961 981 
565 972 978 981 959 
566 865 943 982 983 
567 943 100 984 982 
568 982 984 917 985 
569 983 982 985 916 
570 940 977 986 987 
571 977 942 988 986 
572 986 988 100 989 
573 987 986 989 943 
574 961 992 990 991 
575 992 974 993 990 
576 990 993 977 994 
577 991 990 994 940 
578 15 34 995 996 
579 34 11 612 995 
580 995 612 9 997 
581 996 995 997 18 
582 21 999 998 169 
583 999 2 1000 998 
584 998 1000 22 77 
585 169 998 77 19 
586 30 1003 1001 1002 
587 1003 7 167 1001 
588 1001 167 20 46 
589 1002 1001 46 28 
590 31 50 1004 1005 
591 50 24 616 1004 
592 1004 616 11 1006 
593 1005 1004 1006 34 
594 37 1008 1007 173 
595 1008 19 1009 1007 
596 1007 1009 38 81 
597 173 1007 81 35 
598 40 59 1010 1011 
599 59 39 620 1010 
600 1010 620 43 1012 
601 1011 1010 1012 24 
602 46 1015 1013 1014 
603 1015 20 171 1013 
604 1013 171 36 62 
605 1014 1013 62 44 
606 47 66 1016 1017 
607 66 40 1011 1016 
608 1016 1011 24 1018 
609 1017 1016 1018 50 
610 53 1020 1019 177 
611 1020 35 1021 1019 
612 1019 1021 54 85 
613 177 1019 85 51 
614 55 110 1022 1023 
615 110 58 624 1022 
616 1022 624 39 1024 
617 1023 1022 1024 59 
618 56 75 1025 1026 
619 75 55 1023 1025 
620 1025 1023 59 1027 
621 1026 1025 1027 40 
622 62 1030 1028 1029 
623 1030 36 175 1028 
624 1028 175 52 95 
625 1029 1028 95 60 
626 63 312 1031 1032 
627 312 56 1026 1031 
628 1031 1026 40 1033 
629 1032 1031 1033 66 
630 52 1036 1034 1035 
631 1036 69 179 1034 
632 1034 179 67 98 
633 1035 1034 98 68 
634 19 1038 1037 1009 
635 1038 77 1039 1037 
636 1037 1039 76 800 
637 1009 1037 800 38 
638 77 1041 1040 1039 
639 1041 22 1042 1040 
640 1040 1042 78 902 
641 1039 1040 902 76 
642 35 1044 1043 1021 
643 1044 81 1045 1043 
644 1043 1045 80 652 
645 1021 1043 652 54 
646 81 1047 1046 1045 
647 1047 38 1048 1046 
648 1046 1048 82 803 
649 1045 1046 803 80 
650 51 1050 1049 181 
651 1050 85 1051 1049 
652 1049 1051 84 117 
653 181 1049 117 70 
654 85 1053 1052 1051 
655 1053 54 1054 1052 
656 1052 1054 86 655 
657 1051 1052 655 84 
658 95 1057 1055 1056 
659 1057 52 1035 1055 
660 1055 1035 68 335 
661 1056 1055 335 93 
662 98 1060 1058 1059 
663 1060 67 183 1058 
664 1058 183 89 135 
665 1059 1058 135 96 
666 105 598 1061 625 
667 598 106 784 1061 
668 1061 784 42 1062 
669 625 1061 1062 107 
670 108 146 1063 1064 
671 146 109 628 1063 
672 1063 628 58 1065 
673 1064 1063 1065 110 
674 74 127 1066 1067 
675 127 108 1064 1066 
676 1066 1064 110 1068 
677 1067 1066 1068 55 
678 70 1070 1069 476 
679 1070 117 1071 1069 
680 1069 1071 116 487 
681 476 1069 487 91 
682 117 1073 1072 1071 
683 1073 84 1074 1072 
684 1072 1074 118 658 
685 1071 1072 658 116 
686 121 1076 1075 479 
687 1076 91 1077 1075 
688 1075 1077 122 491 
689 479 1075 491 120 
690 135 1080 1078 1079 
691 1080 89 200 1078 
692 1078 200 112 327 
693 1079 1078 327 133 
694 144 512 1081 1082 
695 512 145 632 1081 
696 1081 632 109 1083 
697 1082 1081 1083 146 
698 126 412 1084 1085 
699 412 144 1082 1084 
700 1084 1082 146 1086 
701 1085 1084 1086 108 
702 57 1088 1087 348 
703 1088 140 223 1087 
704 1087 223 159 1089 
705 348 1087 1089 160 
706 190 1091 1090 244 
707 1091 193 1092 1090 
708 1090 1092 128 262 
709 244 1090 262 153 
710 196 1094 1093 248 
711 1094 153 1095 1093 
712 1093 1095 197 266 
713 248 1093 266 194 
714 202 1098 1096 1097 
715 1098 191 242 1096 
716 1096 242 129 207 
717 1097 1096 207 164 
718 207 1101 1099 1100 
719 1101 129 246 1099 
720 1099 246 195 230 
721 1100 1099 230 205 
722 115 216 1102 1103 
723 216 155 425 1102 
724 1102 425 209 1104 
725 1103 1102 1104 210 
726 219 1106 1105 252 
727 1106 194 1107 1105 
728 1105 1107 220 270 
729 252 1105 270 217 
730 165 227 1108 1109 
731 227 115 1103 1108 
732 1108 1103 210 1110 
733 1109 1108 1110 222 
734 230 1113 1111 1112 
735 1113 195 250 1111 
736 1111 250 218 283 
737 1112 1111 283 228 
738 236 277 1114 295 
739 277 239 398 1114 
740 1114 398 221 1115 
741 295 1114 1115 240 
742 254 1117 1116 482 
743 1117 120 1118 1116 
744 1116 1118 255 495 
745 197 1120 1119 267 
746 1120 261 1121 1119 
747 1119 1121 264 407 
748 267 1119 407 151 
749 220 1123 1122 271 
750 1123 265 1124 1122 
751 1122 1124 268 403 
752 271 1122 403 198 
753 217 1126 1125 276 
754 1126 270 1127 1125 
755 1125 1127 269 399 
756 276 1125 399 239 
757 283 1130 1128 1129 
758 1130 218 286 1128 
759 1128 286 237 307 
760 1129 1128 307 281 
761 325 1132 1131 345 
762 1132 138 1133 1131 
763 1131 1133 57 347 
764 345 1131 347 319 
765 333 1136 1134 1135 
766 1136 97 337 1134 
767 1134 337 5 369 
768 1135 1134 369 311 
769 337 1139 1137 1138 
770 1139 336 360 1137 
771 1137 360 315 373 
772 1138 1137 373 5 
773 360 1142 1140 1141 
774 1142 359 380 1140 
775 1140 380 357 377 
776 1141 1140 377 315 
777 215 409 1143 1144 
778 409 388 429 1143 
779 1143 429 390 1145 
780 1144 1143 1145 155 
781 132 419 1146 426 
782 419 260 1147 1146 
783 1146 1147 413 1148 
784 426 1146 1148 211 
785 260 454 1149 1147 
786 454 92 1150 1149 
787 1149 1150 414 1151 
788 1147 1149 1151 413 
789 389 446 1152 430 
790 446 416 1153 1152 
791 1152 1153 419 1154 
792 430 1152 1154 132 
793 193 1156 1155 1092 
794 1156 437 1157 1155 
795 1155 1157 258 441 
796 1092 1155 441 128 
797 448 1159 1158 485 
798 1159 253 1160 1158 
799 1158 1160 449 499 
800 485 1158 499 447 
801 257 1162 1161 457 
802 1162 452 470 1161 
803 1161 470 451 1163 
804 457 1161 1163 418 
805 92 468 1164 1150 
806 468 450 1165 1164 
807 1164 1165 462 1166 
808 1150 1164 1166 414 
809 450 501 1167 1165 
810 501 256 521 1167 
811 1167 521 463 1168 
812 1165 1167 1168 462 
813 259 1170 1169 472 
814 1170 466 503 1169 
815 1169 503 465 1171 
816 472 1169 1171 453 
817 91 1173 1172 1077 
818 1173 487 1174 1172 
819 1172 1174 486 558 
820 1077 1172 558 122 
821 487 1176 1175 1174 
822 1176 116 1177 1175 
823 1175 1177 488 661 
824 1174 1175 661 486 
825 120 1179 1178 1118 
826 1179 491 1180 1178 
827 1178 1180 490 530 
828 1118 1178 530 255 
829 491 1182 1181 1180 
830 1182 122 1183 1181 
831 1181 1183 492 561 
832 1180 1181 561 490 
833 253 1185 1184 1160 
834 1185 495 1186 1184 
835 1184 1186 494 517 
836 1160 1184 517 449 
837 495 1188 1187 1186 
838 1188 255 1189 1187 
839 1187 1189 496 534 
840 1186 1187 534 494 
841 510 552 1190 1191 
842 552 511 645 1190 
843 1190 645 145 1192 
844 1191 1190 1192 512 
845 411 539 1193 1194 
846 539 510 1191 1193 
847 1193 1191 512 1195 
848 1194 1193 1195 144 
849 497 536 1196 522 
850 536 123 541 1196 
851 1196 541 514 1197 
852 522 1196 1197 513 
853 496 1199 1198 535 
854 1199 529 564 1198 
855 1198 564 532 542 
856 535 1198 542 123 
857 122 1201 1200 1183 
858 1201 558 1202 1200 
859 1200 1202 557 585 
860 1183 1200 585 492 
861 558 1204 1203 1202 
862 1204 486 1205 1203 
863 1203 1205 559 664 
864 1202 1203 664 557 
865 531 1207 1206 566 
866 1207 560 1208 1206 
867 1206 1208 550 568 
868 566 1206 568 493 
869 577 1210 1209 589 
870 1210 546 667 1209 
871 1209 667 578 649 
872 589 1209 649 576 
873 551 590 1211 1212 
874 590 576 648 1211 
875 1211 648 579 1213 
876 1212 1211 1213 511 
877 596 1215 1214 731 
878 1215 25 761 1214 
879 1214 761 597 1216 
880 731 1214 1216 595 
881 142 732 1217 709 
882 732 595 1218 1217 
883 1217 1218 598 1219 
884 709 1217 1219 105 
885 599 736 1220 712 
886 736 601 1221 1220 
887 1220 1221 142 1222 
888 712 1220 1222 602 
889 608 1224 1223 669 
890 1224 489 1225 1223 
891 1223 1225 609 680 
892 669 1223 680 607 
893 54 1227 1226 1054 
894 1227 652 1228 1226 
895 1226 1228 651 758 
896 1054 1226 758 86 
897 651 1230 1229 759 
898 1230 653 1231 1229 
899 1229 1231 83 774 
900 118 1233 1232 659 
901 1233 654 1234 1232 
902 1232 1234 596 730 
903 659 1232 730 87 
904 116 1236 1235 1177 
905 1236 658 1237 1235 
906 1235 1237 657 724 
907 1177 1235 724 488 
908 657 1239 1238 725 
909 1239 659 1240 1238 
910 1238 1240 87 734 
911 725 1238 734 600 
912 559 1242 1241 665 
913 1242 660 1243 1241 
914 1241 1243 604 676 
915 665 1241 676 489 
916 489 1245 1244 1225 
917 1245 676 1246 1244 
918 1244 1246 675 690 
919 1225 1244 690 609 
920 676 1248 1247 1246 
921 1248 604 1249 1247 
922 1247 1249 677 702 
923 1246 1247 702 675 
924 605 1251 1250 721 
925 1251 715 742 1250 
926 1250 742 714 1252 
927 721 1250 1252 706 
928 754 1254 1253 763 
929 1254 592 1255 1253 
930 1253 1255 755 789 
931 763 1253 789 753 
932 597 764 1256 1257 
933 764 753 788 1256 
934 1256 788 756 1258 
935 1257 1256 1258 106 
936 592 1260 1259 1255 
937 1260 774 1261 1259 
938 1259 1261 773 796 
939 1255 1259 796 755 
940 774 1263 1262 1261 
941 1263 83 1264 1262 
942 1262 1264 775 810 
943 1261 1262 810 773 
944 38 1266 1265 1048 
945 1266 800 1267 1265 
946 1265 1267 799 853 
947 1048 1265 853 82 
948 799 1269 1268 854 
949 1269 801 1270 1268 
950 1268 1270 79 867 
951 653 1272 1271 1231 
952 1272 802 1273 1271 
953 1271 1273 770 806 
954 1231 1271 806 83 
955 83 1275 1274 1264 
956 1275 806 1276 1274 
957 1274 1276 805 820 
958 1264 1274 820 775 
959 826 873 1277 1278 
960 873 765 893 1277 
961 1277 893 841 1279 
962 1278 1277 1279 840 
963 766 1281 1280 880 
964 1281 867 1282 1280 
965 1280 1282 866 889 
966 880 1280 889 825 
967 867 1284 1283 1282 
968 1284 79 1285 1283 
969 1283 1285 868 909 
970 1282 1283 909 866 
971 801 1287 1286 1270 
972 1287 901 1288 1286 
973 1286 1288 863 905 
974 1270 1286 905 79 
975 79 1290 1289 1285 
976 1290 905 1291 1289 
977 1289 1291 904 930 
978 1285 1289 930 868 
979 905 1293 1292 1291 
980 1293 863 1294 1292 
981 1292 1294 906 952 
982 1291 1292 952 904 
983 99 921 1295 1296 
984 921 865 983 1295 
985 1295 983 916 1297 
986 1296 1295 1297 838 
987 920 962 1298 1299 
988 962 940 987 1298 
989 1298 987 943 1300 
990 1299 1298 1300 865 
991 901 1302 1301 1288 
992 1302 903 1303 1301 
993 1301 1303 8 949 
994 1288 1301 949 863 
995 863 1305 1304 1294 
996 1305 949 1306 1304 
997 1304 1306 948 968 
998 1294 1304 968 906 
999 948 1308 1307 969 
1000 1308 950 1309 1307 
1001 1307 1309 864 975 
1002 969 1307 975 941 
1003 959 981 1310 1311 
1004 981 961 991 1310 
1005 1310 991 940 1312 
1006 1311 1310 1312 962 
1007 946 973 1313 1314 
1008 973 959 1311 1313 
1009 1313 1311 962 1315 
1010 1314 1313 1315 920 
1011 941 1317 1316 980 
1012 1317 975 1318 1316 
1013 1316 1318 974 992 
1014 980 1316 992 961 
1015 71 158 1319 1320 
1016 158 74 1067 1319 
1017 1319 1067 55 1321 
1018 1320 1319 1321 75 
1019 72 316 1322 1323 
1020 316 71 1320 1322 
1021 1322 1320 75 1324 
1022 1323 1322 1324 56 
1023 68 1327 1325 1326 
1024 1327 98 1059 1325 
1025 1325 1059 96 338 
1026 1326 1325 338 97 
1027 124 150 1328 1329 
1028 150 126 1085 1328 
1029 1328 1085 108 1330 
1030 1329 1328 1330 127 
1031 125 161 1331 1332 
1032 161 124 1329 1331 
1033 1331 1329 127 1333 
1034 1332 1331 1333 74 
1035 96 1336 1334 1335 
1036 1336 135 1079 1334 
1037 1334 1079 133 341 
1038 1335 1334 341 134 
1039 138 1338 1337 1133 
1040 1338 137 163 1337 
1041 1337 163 140 1088 
1042 1133 1337 1088 57 
1043 156 320 1339 1340 
1044 320 125 1332 1339 
1045 1339 1332 74 1341 
1046 1340 1339 1341 158 
1047 157 324 1342 1343 
1048 324 156 1340 1342 
1049 1342 1340 158 1344 
1050 1343 1342 1344 71 
1051 213 393 1345 1346 
1052 393 215 1144 1345 
1053 1345 1144 155 1347 
1054 1346 1345 1347 216 
1055 214 235 1348 1349 
1056 235 213 1346 1348 
1057 1348 1346 216 1350 
1058 1349 1348 1350 115 
1059 225 280 1351 1352 
1060 280 214 1349 1351 
1061 1351 1349 115 1353 
1062 1352 1351 1353 227 
1063 153 1355 1354 1095 
1064 1355 262 1356 1354 
1065 1354 1356 261 1120 
1066 1095 1354 1120 197 
1067 261 1358 1357 1121 
1068 1358 263 1359 1357 
1069 1357 1359 154 421 
1070 1121 1357 421 264 
1071 194 1361 1360 1107 
1072 1361 266 1362 1360 
1073 1360 1362 265 1123 
1074 1107 1360 1123 220 
1075 309 370 1363 1364 
1076 370 72 1323 1363 
1077 1363 1323 56 1365 
1078 1364 1363 1365 312 
1079 313 358 1366 1367 
1080 358 157 1343 1366 
1081 1366 1343 71 1368 
1082 1367 1366 1368 316 
1083 314 374 1369 1370 
1084 374 313 1367 1369 
1085 1369 1367 316 1371 
1086 1370 1369 1371 72 
1087 335 1374 1372 1373 
1088 1374 68 1326 1372 
1089 1372 1326 97 1136 
1090 1373 1372 1136 333 
1091 338 1377 1375 1376 
1092 1377 96 1335 1375 
1093 1375 1335 134 361 
1094 1376 1375 361 336 
1095 410 515 1378 1379 
1096 515 411 1194 1378 
1097 1378 1194 144 1380 
1098 1379 1378 1380 412 
1099 149 464 1381 1382 
1100 464 410 1379 1381 
1101 1381 1379 412 1383 
1102 1382 1381 1383 126 
1103 416 458 1384 1153 
1104 458 418 1385 1384 
1105 1384 1385 260 1386 
1106 1153 1384 1386 419 
1107 437 1388 1387 1157 
1108 1388 439 1389 1387 
1109 1387 1389 131 460 
1110 1157 1387 460 258 
1111 263 1391 1390 1359 
1112 1391 440 1392 1390 
1113 1390 1392 417 444 
1114 1359 1390 444 154 
1115 418 1163 1393 1385 
1116 1163 451 1394 1393 
1117 1393 1394 454 1395 
1118 1385 1393 1395 260 
1119 439 1397 1396 1389 
1120 1397 480 1398 1396 
1121 1396 1398 448 484 
1122 1389 1396 484 131 
1123 255 1400 1399 1189 
1124 1400 530 1401 1399 
1125 1399 1401 529 1199 
1126 1189 1399 1199 496 
1127 530 1403 1402 1401 
1128 1403 490 1404 1402 
1129 1402 1404 531 565 
1130 1401 1402 565 529 
1131 549 583 1405 1406 
1132 583 551 1212 1405 
1133 1405 1212 511 1407 
1134 1406 1405 1407 552 
1135 538 570 1408 1409 
1136 570 549 1406 1408 
1137 1408 1406 552 1410 
1138 1409 1408 1410 510 
1139 490 1412 1411 1404 
1140 1412 561 1413 1411 
1141 1411 1413 560 1207 
1142 1404 1411 1207 531 
1143 560 1415 1414 1208 
1144 1415 562 1416 1414 
1145 1414 1416 41 581 
1146 1208 1414 581 550 
1147 562 1418 1417 1416 
1148 1418 584 1419 1417 
1149 1417 1419 577 588 
1150 1416 1417 588 41 
1151 595 1216 1420 1218 
1152 1216 597 1257 1420 
1153 1420 1257 106 1421 
1154 1218 1420 1421 598 
1155 652 1423 1422 1228 
1156 1423 80 1424 1422 
1157 1422 1424 653 1230 
1158 1228 1422 1230 651 
1159 84 1426 1425 1074 
1160 1426 655 1427 1425 
1161 1425 1427 654 1233 
1162 1074 1425 1233 118 
1163 654 1429 1428 1234 
1164 1429 656 1430 1428 
1165 1428 1430 25 1215 
1166 1234 1428 1215 596 
1167 658 1432 1431 1237 
1168 1432 118 1433 1431 
1169 1431 1433 659 1239 
1170 1237 1431 1239 657 
1171 486 1435 1434 1205 
1172 1435 661 1436 1434 
1173 1434 1436 660 1242 
1174 1205 1434 1242 559 
1175 660 1438 1437 1243 
1176 1438 662 1439 1437 
1177 1437 1439 119 698 
1178 1243 1437 698 604 
1179 662 1441 1440 1439 
1180 1441 723 1442 1440 
1181 1440 1442 694 727 
1182 1439 1440 727 119 
1183 656 1444 1443 1430 
1184 1444 757 1445 1443 
1185 1443 1445 754 762 
1186 1430 1443 762 25 
1187 800 1447 1446 1267 
1188 1447 76 1448 1446 
1189 1446 1448 801 1269 
1190 1267 1446 1269 799 
1191 80 1450 1449 1424 
1192 1450 803 1451 1449 
1193 1449 1451 802 1272 
1194 1424 1449 1272 653 
1195 802 1453 1452 1273 
1196 1453 804 1454 1452 
1197 1452 1454 12 832 
1198 1273 1452 832 770 
1199 768 887 1455 1456 
1200 887 99 1296 1455 
1201 1455 1296 838 1457 
1202 1456 1455 1457 837 
1203 103 846 1458 1459 
1204 846 826 1278 1458 
1205 1458 1278 840 1460 
1206 1459 1458 1460 814 
1207 804 1462 1461 1454 
1208 1462 852 1463 1461 
1209 1461 1463 824 856 
1210 1454 1461 856 12 
1211 76 1465 1464 1448 
1212 1465 902 1466 1464 
1213 1464 1466 901 1287 
1214 1448 1464 1287 801 
1215 902 1468 1467 1466 
1216 1468 78 1469 1467 
1217 1467 1469 903 1302 
1218 1466 1467 1302 901 
1219 919 947 1470 1471 
1220 947 920 1299 1470 
1221 1470 1299 865 1472 
1222 1471 1470 1472 921 
1223 886 939 1473 1474 
1224 939 919 1471 1473 
1225 1473 1471 921 1475 
1226 1474 1473 1475 99 
1227 944 966 1476 1477 
1228 966 946 1314 1476 
1229 1476 1314 920 1478 
1230 1477 1476 1478 947 
1231 938 958 1479 1480 
1232 958 944 1477 1479 
1233 1479 1477 947 1481 
1234 1480 1479 1481 919 
1235 949 1483 1482 1306 
1236 1483 8 1484 1482 
1237 1482 1484 950 1308 
1238 1306 1482 1308 948 
1239 112 1487 1485 1486 
1240 1487 139 203 1485 
1241 1485 203 137 1338 
1242 1486 1485 1338 138 
1243 147 415 1488 1489 
1244 415 149 1382 1488 
1245 1488 1382 126 1490 
1246 1489 1488 1490 150 
1247 148 212 1491 1492 
1248 212 147 1489 1491 
1249 1491 1489 150 1493 
1250 1492 1491 1493 124 
1251 159 224 1494 1495 
1252 224 148 1492 1494 
1253 1494 1492 124 1496 
1254 1495 1494 1496 161 
1255 160 1089 1497 1498 
1256 1089 159 1495 1497 
1257 1497 1495 161 1499 
1258 1498 1497 1499 125 
1259 262 1501 1500 1356 
1260 1501 128 1502 1500 
1261 1500 1502 263 1358 
1262 1356 1500 1358 261 
1263 317 349 1503 1504 
1264 349 160 1498 1503 
1265 1503 1498 125 1505 
1266 1504 1503 1505 320 
1267 318 332 1506 1507 
1268 332 317 1504 1506 
1269 1506 1504 320 1508 
1270 1507 1506 1508 156 
1271 327 1511 1509 1510 
1272 1511 112 1486 1509 
1273 1509 1486 138 1132 
1274 1510 1509 1132 325 
1275 97 1514 1512 1513 
1276 1514 338 1376 1512 
1277 1512 1376 336 1139 
1278 1513 1512 1139 337 
1279 128 1516 1515 1502 
1280 1516 441 1517 1515 
1281 1515 1517 440 1391 
1282 1502 1515 1391 263 
1283 440 1519 1518 1392 
1284 1519 442 1520 1518 
1285 1518 1520 257 456 
1286 1392 1518 456 417 
1287 451 473 1521 1394 
1288 473 453 1522 1521 
1289 1521 1522 92 1523 
1290 1394 1521 1523 454 
1291 442 1525 1524 1520 
1292 1525 459 1526 1524 
1293 1524 1526 452 1162 
1294 1520 1524 1162 257 
1295 453 1171 1527 1522 
1296 1171 465 1528 1527 
1297 1527 1528 468 1529 
1298 1522 1527 1529 92 
1299 480 1531 1530 1398 
1300 1531 482 1532 1530 
1301 1530 1532 253 1159 
1302 1398 1530 1159 448 
1303 537 556 1533 1534 
1304 556 538 1409 1533 
1305 1533 1409 510 1535 
1306 1534 1533 1535 539 
1307 514 544 1536 1537 
1308 544 537 1534 1536 
1309 1536 1534 539 1538 
1310 1537 1536 1538 411 
1311 561 1540 1539 1413 
1312 1540 492 1541 1539 
1313 1539 1541 562 1415 
1314 1413 1539 1415 560 
1315 492 1543 1542 1541 
1316 1543 585 1544 1542 
1317 1542 1544 584 1418 
1318 1541 1542 1418 562 
1319 584 1546 1545 1419 
1320 1546 586 1547 1545 
1321 1545 1547 546 1210 
1322 1419 1545 1210 577 
1323 655 1549 1548 1427 
1324 1549 86 1550 1548 
1325 1548 1550 656 1429 
1326 1427 1548 1429 654 
1327 661 1552 1551 1436 
1328 1552 488 1553 1551 
1329 1551 1553 662 1438 
1330 1436 1551 1438 660 
1331 586 1555 1554 1547 
1332 1555 663 1556 1554 
1333 1554 1556 608 668 
1334 1547 1554 668 546 
1335 488 1558 1557 1553 
1336 1558 724 1559 1557 
1337 1557 1559 723 1441 
1338 1553 1557 1441 662 
1339 723 1561 1560 1442 
1340 1561 725 1562 1560 
1341 1560 1562 600 747 
1342 1442 1560 747 694 
1343 86 1564 1563 1550 
1344 1564 758 1565 1563 
1345 1563 1565 757 1444 
1346 1550 1563 1444 656 
1347 757 1567 1566 1445 
1348 1567 759 1568 1566 
1349 1566 1568 592 1254 
1350 1445 1566 1254 754 
1351 803 1570 1569 1451 
1352 1570 82 1571 1569 
1353 1569 1571 804 1453 
1354 1451 1569 1453 802 
1355 772 830 1572 1573 
1356 830 103 1459 1572 
1357 1572 1459 814 1574 
1358 1573 1572 1574 813 
1359 26 842 1575 1576 
1360 842 768 1456 1575 
1361 1575 1456 837 1577 
1362 1576 1575 1577 778 
1363 82 1579 1578 1571 
1364 1579 853 1580 1578 
1365 1578 1580 852 1462 
1366 1571 1578 1462 804 
1367 852 1582 1581 1463 
1368 1582 854 1583 1581 
1369 1581 1583 766 879 
1370 1463 1581 879 824 
1371 885 924 1584 1585 
1372 924 886 1474 1584 
1373 1584 1474 99 1586 
1374 1585 1584 1586 887 
1375 841 895 1587 1588 
1376 895 885 1585 1587 
1377 1587 1585 887 1589 
1378 1588 1587 1589 768 
1379 482 1591 1590 1532 
1380 1591 1116 1592 1590 
1381 1590 1592 495 1185 
1382 1532 1590 1185 253 
1383 759 1594 1593 1568 
1384 1594 1229 1595 1593 
1385 1593 1595 774 1260 
1386 1568 1593 1260 592 
1387 854 1597 1596 1583 
1388 1597 1268 1598 1596 
1389 1596 1598 867 1281 
1390 1583 1596 1281 766 
