2 0.000000 100.000000 5791.461216
1521 1318 
1 -51.980419 0.000000 -52.508739 99.675580 -0.048587 8.015194 0.000053 
2 61.980419 0.000000 -52.508739 99.678268 -0.345488 7.971652 0.000058 
3 61.980419 0.000000 53.378214 99.685914 0.420177 7.953340 -0.000071 
4 -51.980419 0.000000 53.378214 99.681193 0.061366 8.015147 -0.000059 
5 5.000000 0.000000 0.434738 69.874921 1.804747 0.263535 0.511417 
6 -51.980419 0.000000 0.434738 99.678195 0.007325 8.015286 0.000001 
7 5.000000 0.000000 -52.508739 99.670974 -0.185260 7.992352 0.000179 
8 61.980419 0.000000 0.434738 100.051326 -2.185782 3.360085 -0.002634 
9 5.000000 0.000000 53.378214 99.689656 0.211984 7.989268 -0.000190 
10 33.490210 0.000000 26.906476 99.708435 0.821673 7.771267 -0.000284 
11 5.000000 0.000000 26.906476 99.734011 0.391463 7.910817 -0.000961 
12 33.490210 0.000000 0.434738 100.223577 -1.451071 1.098055 -0.004808 
13 61.980419 0.000000 26.906476 99.705577 0.911823 7.701221 -0.000134 
14 33.490210 0.000000 53.378214 99.688339 0.326948 7.967056 -0.000135 
15 -23.490210 0.000000 26.906476 99.689984 0.116826 8.003352 -0.000216 
16 -51.980419 0.000000 26.906476 99.680946 0.044279 8.015094 -0.000053 
17 -23.490210 0.000000 0.434738 99.676179 0.014676 8.005089 0.000058 
18 -23.490210 0.000000 53.378214 99.685141 0.115950 8.007908 -0.000127 
19 33.490210 0.000000 -26.037001 99.678016 -0.702609 7.827297 0.000253 
20 5.000000 0.000000 -26.037001 99.639954 -0.348615 7.917390 0.000907 
21 33.490210 0.000000 -52.508739 99.674389 -0.282598 7.976457 0.000131 
22 61.980419 0.000000 -26.037001 99.688543 -0.687713 7.837535 0.000029 
23 19.245105 0.000000 13.670607 99.808716 1.301749 7.165179 -0.001481 
24 5.000000 0.000000 13.670607 99.893903 0.428706 7.680761 -0.003797 
25 19.245105 0.000000 0.434738 99.345658 -15.238019 10.987069 -0.022247 
26 33.490210 0.000000 13.670607 99.775973 1.600970 6.953987 -0.000617 
27 19.245105 0.000000 26.906476 99.730461 0.621187 7.819377 -0.000769 
28 -23.490210 0.000000 -26.037001 99.668605 -0.092298 8.001803 0.000213 
29 -51.980419 0.000000 -26.037001 99.675737 -0.029879 8.014892 0.000051 
30 -23.490210 0.000000 -52.508739 99.672926 -0.097735 8.008320 0.000117 
31 -9.245105 0.000000 13.670607 99.725697 0.193533 7.980286 -0.000894 
32 -23.490210 0.000000 13.670607 99.687084 0.082161 8.002748 -0.000157 
33 -9.245105 0.000000 0.434738 99.635506 0.012682 7.971403 0.000922 
34 -9.245105 0.000000 26.906476 99.705201 0.213815 7.978220 -0.000482 
35 19.245105 0.000000 -12.801131 99.638617 -1.206432 7.271846 0.001781 
36 5.000000 0.000000 -12.801131 99.630284 -0.524985 7.691936 0.001436 
37 19.245105 0.000000 -26.037001 99.653414 -0.553114 7.847495 0.000731 
38 33.490210 0.000000 -12.801131 99.709164 -1.356385 7.293686 0.000304 
39 12.122552 0.000000 7.052672 99.734791 1.221514 6.111718 0.001413 
40 5.000000 0.000000 7.052672 99.887884 0.279027 7.198574 -0.002949 
41 12.122552 0.000000 0.434738 100.176186 16.026686 1.699003 -0.029501 
42 19.245105 0.000000 7.052672 99.912756 1.960872 5.317725 -0.001468 
43 12.122552 0.000000 13.670607 99.848472 0.984886 7.372687 -0.002504 
44 -9.245105 0.000000 -12.801131 99.632537 -0.153731 7.962215 0.000994 
45 -23.490210 0.000000 -12.801131 99.667951 -0.053957 8.001426 0.000227 
46 -9.245105 0.000000 -26.037001 99.658825 -0.180718 7.975994 0.000447 
47 -2.122552 0.000000 7.052672 99.684759 0.023166 7.858266 0.000120 
48 -9.245105 0.000000 7.052672 99.706834 0.029240 8.002449 -0.000549 
49 -2.122552 0.000000 0.434738 98.866973 0.123388 7.594171 0.016764 
50 -2.122552 0.000000 13.670607 99.779118 0.179361 7.900635 -0.001832 
51 12.122552 0.000000 -6.183197 99.739975 -1.135491 6.304409 0.001090 
52 5.000000 0.000000 -6.183197 99.760957 -0.254299 7.185440 -0.000394 
53 12.122552 0.000000 -12.801131 99.573805 -0.861545 7.422326 0.002922 
54 19.245105 0.000000 -6.183197 99.738446 -1.924817 5.686616 0.001620 
55 8.561276 0.000000 3.743705 102.185733 0.946241 4.689270 -0.046481 
56 5.000000 0.000000 3.743705 100.696893 1.082836 6.712096 -0.018609 
57 8.561276 0.000000 0.434738 77.047150 0.864586 -22.740952 0.354584 
58 12.122552 0.000000 3.743705 99.648827 1.068535 3.806337 0.005448 
59 8.561276 0.000000 7.052672 99.809411 0.640262 6.581575 -0.000565 
60 -2.122552 0.000000 -6.183197 99.713897 -0.024321 7.556637 0.000004 
61 -9.245105 0.000000 -6.183197 99.626843 -0.011343 7.948302 0.001132 
62 -2.122552 0.000000 -12.801131 99.614394 -0.092573 7.864988 0.001511 
63 1.438724 0.000000 3.743705 99.752519 0.197307 8.113614 -0.001643 
64 -2.122552 0.000000 3.743705 99.465897 -0.166969 7.976012 0.004289 
65 1.438724 0.000000 0.434738 58.077893 0.147723 9.423413 0.653814 
66 1.438724 0.000000 7.052672 99.723895 -0.104888 7.639581 -0.000323 
67 8.561276 0.000000 -2.874230 100.289800 -1.202846 6.230413 -0.009831 
68 5.000000 0.000000 -2.874230 99.932495 -1.609046 7.179460 -0.004064 
69 8.561276 0.000000 -6.183197 99.775760 -0.630350 6.810562 -0.000198 
70 12.122552 0.000000 -2.874230 99.573648 -1.171264 4.339107 0.006489 
71 6.780638 0.000000 2.089221 105.243187 1.000453 5.914462 -0.111211 
72 5.000000 0.000000 2.089221 102.816724 2.907132 7.209178 -0.063170 
73 6.780638 0.000000 0.434738 72.962754 -0.316384 2.455753 0.467031 
74 8.561276 0.000000 2.089221 102.562273 0.098406 1.354407 -0.052086 
75 6.780638 0.000000 3.743705 102.489657 1.550726 6.025494 -0.054284 
76 47.735315 0.000000 -12.801131 99.722182 -1.375849 7.382320 -0.000091 
77 47.735315 0.000000 -26.037001 99.685758 -0.743383 7.828440 0.000091 
78 61.980419 0.000000 -12.801131 99.720129 -1.320708 7.454880 -0.000142 
79 47.735315 0.000000 0.434738 100.132409 -1.756092 2.330722 -0.003502 
80 26.367657 0.000000 -6.183197 99.806805 -2.053441 5.818230 0.000053 
81 26.367657 0.000000 -12.801131 99.690623 -1.323914 7.268002 0.000720 
82 33.490210 0.000000 -6.183197 99.817225 -2.056604 6.021261 -0.000396 
83 26.367657 0.000000 0.434738 100.280983 -2.711610 0.187915 -0.006366 
84 15.683829 0.000000 -2.874230 99.836338 -1.538801 3.683532 0.001677 
85 15.683829 0.000000 -6.183197 99.787430 -1.700861 5.977174 0.000385 
86 19.245105 0.000000 -2.874230 99.957271 -1.858461 3.588238 -0.000779 
87 15.683829 0.000000 0.434738 98.777847 19.923588 15.757666 -0.040232 
88 10.341914 0.000000 -1.219746 99.758224 -1.721344 3.768583 0.003113 
89 8.561276 0.000000 -1.219746 100.766073 -0.310710 7.700388 -0.021319 
90 10.341914 0.000000 -2.874230 100.238221 -1.962084 5.193403 -0.007852 
91 12.122552 0.000000 -1.219746 99.331930 -0.917775 2.378984 0.012667 
92 10.341914 0.000000 0.434738 98.762571 27.782946 -3.051251 -0.053525 
93 1.438724 0.000000 -2.874230 99.923180 0.084399 6.739446 -0.003007 
94 -2.122552 0.000000 -2.874230 99.501843 0.073176 7.405570 0.004454 
95 1.438724 0.000000 -6.183197 99.771561 -0.083725 7.398967 -0.000912 
96 6.780638 0.000000 -1.219746 100.431687 0.412500 5.672892 -0.011888 
97 5.000000 0.000000 -1.219746 99.363581 0.047672 6.026169 0.009056 
98 6.780638 0.000000 -2.874230 100.232511 -0.681191 6.809936 -0.009340 
99 47.735315 0.000000 13.670607 99.782047 1.848328 6.747229 -0.000540 
100 61.980419 0.000000 13.670607 99.802336 1.995962 6.480247 -0.000648 
101 47.735315 0.000000 26.906476 99.705235 0.924270 7.734529 -0.000181 
102 26.367657 0.000000 7.052672 99.933857 2.117606 4.911371 -0.001538 
103 33.490210 0.000000 7.052672 99.963183 2.143536 4.494460 -0.001743 
104 26.367657 0.000000 13.670607 99.779263 1.485322 7.057211 -0.000791 
105 15.683829 0.000000 3.743705 99.909474 1.479678 3.086529 0.000638 
106 19.245105 0.000000 3.743705 100.047899 1.485413 2.510086 -0.001809 
107 15.683829 0.000000 7.052672 99.773989 1.685548 5.754280 0.000920 
108 10.341914 0.000000 2.089221 101.286415 -1.144667 0.917990 -0.026109 
109 12.122552 0.000000 2.089221 99.650364 0.372531 0.913754 0.006883 
110 10.341914 0.000000 3.743705 99.958952 1.011056 3.749117 -0.000687 
111 9.451595 0.000000 -0.392504 96.351274 0.387807 21.394161 0.025857 
112 8.561276 0.000000 -0.392504 81.837844 0.344103 13.434762 0.312196 
113 9.451595 0.000000 -1.219746 99.040031 -1.424264 6.213317 0.015044 
114 10.341914 0.000000 -0.392504 100.164277 -3.408273 -0.282338 -0.004458 
115 9.451595 0.000000 0.434738 82.478747 22.906572 -8.191274 0.260545 
116 13.903191 0.000000 -1.219746 99.720229 -1.068496 2.277660 0.004955 
117 13.903191 0.000000 -2.874230 99.691889 -1.382362 3.823850 0.004499 
118 15.683829 0.000000 -1.219746 99.910826 -1.157808 2.073752 0.001219 
119 13.903191 0.000000 0.434738 99.317241 18.028554 5.178023 -0.021576 
120 11.232233 0.000000 -0.392504 100.460686 -4.685816 0.936710 -0.011518 
121 11.232233 0.000000 -1.219746 100.319508 -2.276923 3.169185 -0.007923 
122 12.122552 0.000000 -0.392504 100.518613 -5.274499 1.016687 -0.013285 
123 11.232233 0.000000 0.434738 99.939080 18.894244 0.439523 -0.034501 
124 9.451595 0.000000 1.261980 102.328801 -1.165585 -3.901731 -0.048777 
125 8.561276 0.000000 1.261980 103.260544 -0.178622 -3.790788 -0.067714 
126 10.341914 0.000000 1.261980 100.829241 -0.768118 -2.324470 -0.017253 
127 9.451595 0.000000 2.089221 101.864160 -0.326720 0.702244 -0.037691 
128 9.896755 0.000000 0.021117 135.473118 -69.447423 -46.036030 -1.529523 
129 9.451595 0.000000 0.021117 108.835959 -13.056961 -18.388486 -0.235389 
130 9.896755 0.000000 -0.392504 120.634082 -41.818919 59.979207 -0.989891 
131 10.341914 0.000000 0.021117 102.579972 -15.673901 -3.319558 -0.077934 
132 9.896755 0.000000 0.434738 155.602189 -102.701246 -166.074195 -5.234023 
133 7.670957 0.000000 -0.392504 78.061528 0.600231 3.547486 0.389345 
134 6.780638 0.000000 -0.392504 74.855445 1.117420 1.756463 0.439233 
135 7.670957 0.000000 -1.219746 101.307655 0.164356 5.712937 -0.029591 
136 7.670957 0.000000 0.434738 71.451363 -0.201534 -3.464423 0.488266 
137 9.006436 0.000000 0.021117 88.984254 4.155567 2.078577 0.206021 
138 8.561276 0.000000 0.021117 81.000505 0.985711 4.061549 0.342145 
139 9.006436 0.000000 -0.392504 88.897031 0.213168 19.996028 0.169743 
140 9.006436 0.000000 0.434738 83.920943 7.170744 -13.977759 0.271048 
141 13.903191 0.000000 2.089221 99.904074 0.516032 0.476638 0.001868 
142 15.683829 0.000000 2.089221 100.086917 0.543675 -0.015131 -0.001769 
143 13.903191 0.000000 3.743705 99.839747 1.397013 3.308204 0.001913 
144 11.232233 0.000000 1.261980 100.807151 -0.999204 -1.331425 -0.016485 
145 12.122552 0.000000 1.261980 100.881340 -0.685127 -1.638751 -0.018020 
146 11.232233 0.000000 2.089221 100.886796 -0.627605 1.249100 -0.018010 
147 9.896755 0.000000 0.848359 99.661867 1.860192 -5.242606 0.003657 
148 9.451595 0.000000 0.848359 101.541568 0.182735 -8.155164 -0.037723 
149 10.341914 0.000000 0.848359 100.233536 1.548521 -3.976171 -0.006497 
150 9.896755 0.000000 1.261980 101.140466 -0.725694 -3.022510 -0.023906 
151 9.674175 0.000000 0.227927 108.495362 -13.537836 -23.379955 -0.250114 
152 9.451595 0.000000 0.227927 92.193450 -4.026940 -18.822945 0.112985 
153 9.674175 0.000000 0.021117 112.712245 -19.559707 -21.921595 -0.356719 
154 9.896755 0.000000 0.227927 135.473118 -69.447423 -46.036030 -1.529523 
155 9.674175 0.000000 0.434738 100.279413 9.075792 -25.160766 -0.077139 
156 7.670957 0.000000 1.261980 69.838218 0.062917 -1.650729 0.511989 
157 6.780638 0.000000 1.261980 72.257926 -0.102861 4.246592 0.476075 
158 7.670957 0.000000 2.089221 104.623946 1.108533 1.780716 -0.095057 
159 9.006436 0.000000 0.848359 83.785771 1.767133 -15.352065 0.274114 
160 8.561276 0.000000 0.848359 77.352643 0.369148 -9.475461 0.392665 
161 9.006436 0.000000 1.261980 103.653262 -0.753079 -3.213539 -0.075489 
162 9.229016 0.000000 0.227927 84.136005 14.867222 -5.113693 0.267395 
163 9.006436 0.000000 0.227927 88.340787 10.390915 -16.860658 0.180365 
164 9.229016 0.000000 0.021117 97.146654 11.415910 -7.637656 0.037387 
165 9.229016 0.000000 0.434738 79.003629 12.734342 -21.830138 0.311971 
166 19.245105 0.000000 -39.272870 99.668820 -0.361084 7.950896 0.000278 
167 5.000000 0.000000 -39.272870 99.665800 -0.260285 7.971877 0.000311 
168 19.245105 0.000000 -52.508739 99.672139 -0.238286 7.983187 0.000168 
169 33.490210 0.000000 -39.272870 99.674200 -0.436139 7.938162 0.000185 
170 12.122552 0.000000 -19.419066 99.618460 -0.628307 7.758429 0.001557 
171 5.000000 0.000000 -19.419066 99.606081 -0.434080 7.847414 0.001686 
172 12.122552 0.000000 -26.037001 99.643442 -0.457052 7.878274 0.000891 
173 19.245105 0.000000 -19.419066 99.644288 -0.787023 7.697588 0.001114 
174 8.561276 0.000000 -9.492164 99.824536 -0.209447 7.350794 -0.001902 
175 5.000000 0.000000 -9.492164 99.848831 -0.044031 7.504910 -0.002611 
176 8.561276 0.000000 -12.801131 99.600208 -0.832630 7.566838 0.002185 
177 12.122552 0.000000 -9.492164 99.782958 -1.008250 7.166461 -0.000901 
178 10.341914 0.000000 -4.528713 99.540341 -1.221756 5.741102 0.005727 
179 8.561276 0.000000 -4.528713 99.437418 -0.929924 6.153146 0.007347 
180 10.341914 0.000000 -6.183197 99.714364 -0.881550 6.543782 0.001345 
181 12.122552 0.000000 -4.528713 99.684271 -1.295025 5.502194 0.003109 
182 9.451595 0.000000 -2.046988 100.172112 -1.074625 5.569561 -0.006663 
183 8.561276 0.000000 -2.046988 100.591138 -0.653019 6.306279 -0.015877 
184 9.451595 0.000000 -2.874230 100.154717 -1.473941 5.727420 -0.006594 
185 10.341914 0.000000 -2.046988 100.120376 -1.899254 4.625156 -0.004909 
186 9.896755 0.000000 -0.806125 97.489993 -1.619085 3.524888 0.048066 
187 9.451595 0.000000 -0.806125 96.968207 -1.420960 7.764313 0.053486 
188 9.896755 0.000000 -1.219746 99.175610 -1.502730 4.654799 0.014027 
189 10.341914 0.000000 -0.806125 99.339692 -2.116762 2.361958 0.012157 
190 9.674175 0.000000 -0.185694 114.951858 -33.098365 -19.043689 -0.467209 
191 9.451595 0.000000 -0.185694 103.447838 -5.578720 14.287503 -0.093671 
192 9.674175 0.000000 -0.392504 111.537782 -24.750008 46.052395 -0.517406 
193 9.896755 0.000000 -0.185694 135.473118 -69.447423 -46.036030 -1.529523 
194 9.562885 0.000000 0.124522 103.321767 -19.174791 -18.111239 -0.137108 
195 9.451595 0.000000 0.124522 100.021178 -14.970777 -16.562655 -0.050268 
196 9.562885 0.000000 0.021117 110.209930 -15.326379 -19.771717 -0.277205 
197 9.674175 0.000000 0.124522 108.715438 -13.538681 -18.335599 -0.233854 
198 9.562885 0.000000 0.227927 100.896488 -16.106290 -16.063298 -0.069754 
199 9.006436 0.000000 -0.806125 83.613185 0.251254 16.763081 0.272777 
200 8.561276 0.000000 -0.806125 80.415204 0.596539 11.799032 0.339382 
201 9.006436 0.000000 -1.219746 99.866257 -0.938824 7.455733 -0.002974 
202 9.229016 0.000000 -0.185694 92.653670 5.078390 3.927414 0.137408 
203 9.006436 0.000000 -0.185694 89.147917 0.297096 16.961051 0.176488 
204 9.229016 0.000000 -0.392504 91.789685 0.341169 20.046204 0.117269 
205 9.340305 0.000000 0.124522 88.577132 15.715452 -3.840812 0.189236 
206 9.229016 0.000000 0.124522 88.234964 11.494173 -10.464149 0.197298 
207 9.340305 0.000000 0.021117 99.944353 13.330179 -10.309975 -0.027286 
208 9.340305 0.000000 0.227927 85.627289 17.195724 -2.787988 0.236450 
209 9.674175 0.000000 0.641548 97.850452 4.594393 -8.746806 0.032767 
210 9.451595 0.000000 0.641548 101.998266 26.121498 -28.609259 -0.190447 
211 9.896755 0.000000 0.641548 98.244362 6.875455 -5.778037 0.026739 
212 9.674175 0.000000 0.848359 99.975450 1.040668 -6.776111 -0.004209 
213 9.562885 0.000000 0.331332 99.440264 -3.969586 -35.753687 -0.118245 
214 9.451595 0.000000 0.331332 86.989680 16.517757 -9.220940 0.207493 
215 9.674175 0.000000 0.331332 108.858025 -12.972768 -25.387529 -0.266289 
216 9.562885 0.000000 0.434738 89.278839 19.306871 -11.718541 0.151921 
217 9.507240 0.000000 0.176225 100.021178 -14.970777 -16.562655 -0.050268 
218 9.451595 0.000000 0.176225 95.502631 -12.371274 -25.088137 0.009678 
219 9.507240 0.000000 0.124522 101.316696 -16.484361 -16.850650 -0.082075 
220 9.562885 0.000000 0.176225 101.273358 -16.968174 -16.706222 -0.082331 
221 9.507240 0.000000 0.227927 99.203393 -13.962786 -15.875498 -0.028830 
222 9.229016 0.000000 0.641548 98.609946 21.478320 -25.927203 -0.085746 
223 9.006436 0.000000 0.641548 79.893324 2.539203 -10.941060 0.349090 
224 9.229016 0.000000 0.848359 103.891751 0.298393 -7.975719 -0.085720 
225 9.340305 0.000000 0.331332 82.247308 20.738553 -7.282786 0.275225 
226 9.229016 0.000000 0.331332 80.768505 17.942558 -9.470567 0.306482 
227 9.340305 0.000000 0.434738 79.738111 20.898328 -8.321016 0.313585 
228 9.395950 0.000000 0.176225 88.801777 2.696094 -9.617173 0.201449 
229 9.340305 0.000000 0.176225 86.572852 16.262139 -3.218592 0.223032 
230 9.395950 0.000000 0.124522 92.633373 7.046395 -9.118849 0.128625 
231 9.395950 0.000000 0.227927 86.710779 10.994693 -4.977977 0.233558 
232 9.507240 0.000000 0.279630 94.752839 -9.412520 -31.617813 -0.006638 
233 9.451595 0.000000 0.279630 88.581105 1.815283 -12.922619 0.198310 
234 9.562885 0.000000 0.279630 100.874569 -17.714280 -20.472314 -0.090859 
235 9.507240 0.000000 0.331332 91.645841 7.745274 -14.781998 0.132254 
236 9.479418 0.000000 0.202076 95.169811 -20.917685 -19.372962 0.012985 
237 9.451595 0.000000 0.202076 93.529926 -9.044183 -26.552388 0.046533 
238 9.479418 0.000000 0.176225 99.203393 -13.962786 -15.875498 -0.028830 
239 9.507240 0.000000 0.202076 99.203393 -13.962786 -15.875498 -0.028830 
240 9.479418 0.000000 0.227927 94.955825 -8.519919 -26.443606 0.021154 
241 9.562885 0.000000 -0.082288 112.593277 -20.463801 -21.715281 -0.356757 
242 9.451595 0.000000 -0.082288 112.640651 -20.061442 -21.813470 -0.356621 
243 9.562885 0.000000 -0.185694 113.029782 -26.594328 -20.022801 -0.388390 
244 9.674175 0.000000 -0.082288 112.587679 -23.971163 -21.143249 -0.369764 
245 9.507240 0.000000 0.072819 103.931927 -19.829145 -18.506183 -0.153752 
246 9.451595 0.000000 0.072819 102.884484 -17.889125 -18.516289 -0.124809 
247 9.507240 0.000000 0.021117 109.057211 -14.128812 -18.866039 -0.244903 
248 9.562885 0.000000 0.072819 105.150757 -21.537715 -19.631482 -0.190595 
249 9.479418 0.000000 0.150373 99.603702 -14.824323 -16.509715 -0.041323 
250 9.451595 0.000000 0.150373 99.207366 -13.566324 -16.142659 -0.028673 
251 9.479418 0.000000 0.124522 100.742549 -15.408060 -16.824070 -0.066952 
252 9.507240 0.000000 0.150373 100.526899 -15.473065 -16.160744 -0.060624 
253 10.787074 0.000000 0.021117 101.277876 -19.716065 -0.829376 -0.064662 
254 10.787074 0.000000 -0.392504 100.364125 -4.180840 0.716710 -0.009095 
255 11.232233 0.000000 0.021117 101.404761 -22.572605 2.725963 -0.079988 
256 10.787074 0.000000 0.434738 99.324065 22.396540 -1.079548 -0.036804 
257 10.119335 0.000000 0.227927 138.942939 -46.837033 -73.362425 -1.688089 
258 10.119335 0.000000 0.021117 135.473118 -69.447423 -46.036030 -1.529523 
259 10.341914 0.000000 0.227927 110.817595 -128.497569 42.512204 -2.059945 
260 10.119335 0.000000 0.434738 97.690083 30.810659 -4.504712 -0.051294 
261 9.785465 0.000000 0.124522 118.625810 -32.899924 -35.843351 -0.643923 
262 9.785465 0.000000 0.021117 113.029782 -26.594328 -20.022801 -0.388390 
263 9.896755 0.000000 0.124522 135.473118 -69.447423 -46.036030 -1.529523 
264 9.785465 0.000000 0.227927 119.000685 -32.960623 -36.518036 -0.658113 
265 9.618530 0.000000 0.176225 103.714144 -19.435627 -18.227751 -0.146662 
266 9.618530 0.000000 0.124522 104.666669 -20.863092 -19.195740 -0.175886 
267 9.674175 0.000000 0.176225 107.005223 -16.881546 -21.100497 -0.218034 
268 9.618530 0.000000 0.227927 103.423726 -19.947438 -21.197088 -0.154368 
269 9.535063 0.000000 0.202076 100.526899 -15.473065 -16.160744 -0.060624 
270 9.535063 0.000000 0.176225 100.943996 -15.639297 -16.213957 -0.069717 
271 9.562885 0.000000 0.202076 101.273358 -16.968174 -16.706222 -0.082331 
272 9.535063 0.000000 0.227927 99.367644 -14.867716 -15.850067 -0.034620 
273 9.493329 0.000000 0.189150 99.156406 -13.878159 -15.786668 -0.027382 
274 9.479418 0.000000 0.189150 97.898746 -16.132048 -15.781612 -0.009347 
275 9.493329 0.000000 0.176225 99.203393 -13.962786 -15.875498 -0.028830 
276 9.507240 0.000000 0.189150 99.203393 -13.962786 -15.875498 -0.028830 
277 9.493329 0.000000 0.202076 98.889569 -13.528335 -15.567948 -0.020452 
278 9.395950 0.000000 0.279630 85.478084 16.452712 -4.741702 0.240032 
279 9.340305 0.000000 0.279630 84.208596 19.078142 -3.838467 0.253020 
280 9.395950 0.000000 0.331332 84.049897 20.120266 -5.855202 0.249651 
281 9.423773 0.000000 0.202076 89.748524 1.821932 -10.791045 0.182544 
282 9.395950 0.000000 0.202076 88.255982 4.454926 -8.499729 0.211879 
283 9.423773 0.000000 0.176225 91.122013 -0.968595 -14.201889 0.149415 
284 9.423773 0.000000 0.227927 89.020783 2.311660 -9.965015 0.197065 
285 9.465507 0.000000 0.189150 93.886379 -21.722048 -23.029639 0.018314 
286 9.451595 0.000000 0.189150 94.078988 -9.196653 -26.673515 0.035309 
287 9.465507 0.000000 0.176225 99.022581 -13.277463 -15.664223 -0.022713 
288 9.465507 0.000000 0.202076 92.316724 -15.120487 -26.702029 0.053600 
289 9.479418 0.000000 0.253779 93.757083 -7.935072 -25.418203 0.050056 
290 9.451595 0.000000 0.253779 90.089701 1.310529 -11.122819 0.175841 
291 9.507240 0.000000 0.253779 95.734163 -9.115668 -25.708875 0.009093 
292 9.479418 0.000000 0.279630 90.578390 -1.229132 -17.242483 0.149674 
293 9.465507 0.000000 0.215002 94.295215 -8.036358 -26.530946 0.033994 
294 9.451595 0.000000 0.215002 93.140422 -6.481852 -22.770937 0.076433 
295 9.479418 0.000000 0.215002 95.025089 -8.604243 -25.210115 0.026065 
296 9.465507 0.000000 0.227927 94.031643 -8.251248 -26.736556 0.037512 
297 9.472462 0.000000 0.195613 94.165647 -21.152875 -21.562224 0.022046 
298 9.465507 0.000000 0.195613 91.536068 -20.860383 -26.075330 0.050607 
299 9.472462 0.000000 0.189150 96.444828 -18.834861 -16.198408 0.008125 
300 9.479418 0.000000 0.195613 96.684474 -18.694256 -16.077301 0.004416 
301 9.472462 0.000000 0.202076 93.331575 -19.488730 -23.760596 0.034484 
302 9.423773 0.000000 0.253779 88.189969 3.891287 -8.388407 0.213702 
303 9.395950 0.000000 0.253779 85.434247 12.230581 -3.596021 0.253847 
304 9.423773 0.000000 0.279630 87.031513 10.647730 -8.011362 0.224796 
305 9.437684 0.000000 0.215002 90.780839 -0.446132 -13.771476 0.156899 
306 9.423773 0.000000 0.215002 88.961124 2.093474 -10.337157 0.197468 
307 9.437684 0.000000 0.202076 92.010527 -3.804545 -18.653098 0.117165 
308 9.437684 0.000000 0.227927 89.693658 1.260982 -11.156874 0.182898 
309 3.219362 0.000000 2.089221 101.051722 0.719069 8.125271 -0.027799 
310 1.438724 0.000000 2.089221 100.086171 0.266255 8.919054 -0.009686 
311 3.219362 0.000000 0.434738 58.217130 0.193708 4.311440 0.659214 
312 3.219362 0.000000 3.743705 100.168449 0.564309 7.736831 -0.009390 
313 5.890319 0.000000 1.261980 101.963631 1.358043 7.433382 -0.045368 
314 5.000000 0.000000 1.261980 104.232913 2.392910 5.282996 -0.089814 
315 5.890319 0.000000 0.434738 74.851958 1.188708 -1.308818 0.439406 
316 5.890319 0.000000 2.089221 102.932843 2.848227 6.464509 -0.064507 
317 8.116117 0.000000 0.848359 68.512904 0.091490 -3.826300 0.529133 
318 7.670957 0.000000 0.848359 68.188794 -0.153607 -1.716784 0.534732 
319 8.116117 0.000000 0.434738 68.883689 0.716702 -18.317351 0.491900 
320 8.116117 0.000000 1.261980 67.806903 0.299006 -1.741939 0.539910 
321 7.225798 0.000000 0.848359 68.038440 -0.362087 -0.207752 0.537060 
322 6.780638 0.000000 0.848359 70.038690 -0.349116 1.502710 0.509220 
323 7.225798 0.000000 0.434738 69.196055 -0.214080 -0.575953 0.521153 
324 7.225798 0.000000 1.261980 71.005223 -0.113476 0.485135 0.495801 
325 8.116117 0.000000 0.021117 78.697684 0.561645 3.979442 0.379052 
326 7.670957 0.000000 0.021117 77.122555 0.771985 3.600021 0.403856 
327 8.116117 0.000000 -0.392504 79.509306 0.650333 7.922588 0.361508 
328 7.893537 0.000000 0.641548 71.398092 0.017555 -2.896163 0.489392 
329 7.670957 0.000000 0.641548 70.264128 -0.183213 -2.858769 0.505475 
330 7.893537 0.000000 0.434738 68.116222 -0.010122 -5.821321 0.532629 
331 8.116117 0.000000 0.641548 69.498423 -0.459535 -26.083504 0.448941 
332 7.893537 0.000000 0.848359 68.335085 0.049239 -3.185032 0.532017 
333 3.219362 0.000000 -1.219746 101.066264 -0.537807 4.838915 -0.023809 
334 1.438724 0.000000 -1.219746 98.840898 -0.137692 3.009684 0.022140 
335 3.219362 0.000000 -2.874230 100.237750 -0.880745 6.875564 -0.009566 
336 5.890319 0.000000 -0.392504 73.658952 1.322145 1.698499 0.456973 
337 5.000000 0.000000 -0.392504 66.649929 2.619707 0.665656 0.555048 
338 5.890319 0.000000 -1.219746 99.558014 0.791531 5.647692 0.005568 
339 7.225798 0.000000 0.021117 72.598656 -0.521086 -0.697389 0.472868 
340 6.780638 0.000000 0.021117 47.477787 0.023864 -0.706587 0.774536 
341 7.225798 0.000000 -0.392504 76.310764 0.617804 1.442925 0.417420 
342 7.893537 0.000000 0.227927 77.302025 0.100950 -5.238182 0.399695 
343 7.670957 0.000000 0.227927 73.483700 -0.174758 -2.866571 0.459190 
344 7.893537 0.000000 0.021117 77.122555 0.771985 3.600021 0.403856 
345 8.116117 0.000000 0.227927 71.669937 -1.943867 -44.638388 0.286706 
346 8.338696 0.000000 0.641548 70.000864 -2.915696 -63.077945 0.111255 
347 8.338696 0.000000 0.434738 73.617773 1.237777 -44.817481 0.257028 
348 8.561276 0.000000 0.641548 76.135203 0.087141 -27.865600 0.342693 
349 8.338696 0.000000 0.848359 77.352643 0.369148 -9.475461 0.392665 
350 8.004827 0.000000 0.538143 66.656360 0.064516 -10.993300 0.543607 
351 7.893537 0.000000 0.538143 69.055706 -0.068590 -3.916378 0.521597 
352 8.004827 0.000000 0.434738 67.991140 0.128534 -11.081838 0.525438 
353 8.116117 0.000000 0.538143 65.859568 0.453705 -18.369792 0.532486 
354 8.004827 0.000000 0.641548 69.715364 -0.371880 -10.903269 0.502075 
355 6.335479 0.000000 0.848359 71.376597 1.064366 -1.479240 0.490206 
356 5.890319 0.000000 0.848359 75.363463 1.743411 -1.252863 0.431574 
357 6.335479 0.000000 0.434738 74.314788 -0.027033 1.282386 0.447567 
358 6.335479 0.000000 1.261980 69.667432 -0.460647 -4.054906 0.512979 
359 6.335479 0.000000 0.021117 69.588924 1.108256 -1.381504 0.515424 
360 5.890319 0.000000 0.021117 45.949674 2.406534 5.574989 0.785176 
361 6.335479 0.000000 -0.392504 73.803726 1.120042 1.812298 0.454847 
362 6.558058 0.000000 0.641548 73.284523 -0.026439 3.521281 0.461698 
363 6.335479 0.000000 0.641548 73.659730 -0.210633 2.873171 0.456594 
364 6.558058 0.000000 0.434738 74.033832 -0.011241 3.212162 0.450867 
365 6.780638 0.000000 0.641548 71.755219 -0.288688 2.009711 0.484707 
366 6.558058 0.000000 0.848359 71.288738 -0.307523 3.014094 0.490874 
367 4.109681 0.000000 1.261980 103.164544 0.842070 6.219020 -0.068231 
368 3.219362 0.000000 1.261980 102.250085 -0.337508 8.045602 -0.051993 
369 4.109681 0.000000 0.434738 60.158669 1.379737 1.691140 0.637617 
370 4.109681 0.000000 2.089221 101.224716 2.129673 7.367141 -0.030525 
371 5.445160 0.000000 0.848359 73.390267 2.155698 -0.650676 0.460880 
372 5.000000 0.000000 0.848359 68.186758 1.949790 -0.205783 0.534672 
373 5.445160 0.000000 0.434738 75.366325 1.444514 -0.480881 0.431760 
374 5.445160 0.000000 1.261980 103.216168 2.458889 5.262885 -0.068732 
375 6.112899 0.000000 0.641548 73.889566 1.046979 -1.478807 0.453705 
376 5.890319 0.000000 0.641548 74.851958 1.188708 -1.308818 0.439406 
377 6.112899 0.000000 0.434738 73.889566 1.046979 -1.478807 0.453705 
378 6.112899 0.000000 0.848359 71.654112 1.697220 -1.362556 0.486095 
379 6.558058 0.000000 0.227927 74.008837 0.042904 3.217742 0.451234 
380 6.335479 0.000000 0.227927 71.971491 0.798069 -1.550876 0.481706 
381 6.558058 0.000000 0.021117 47.986213 0.639382 -1.910011 0.769327 
382 6.780638 0.000000 0.227927 75.502540 -0.439009 4.077678 0.428255 
383 6.446768 0.000000 0.538143 61.187720 -0.178379 5.674572 0.622383 
384 6.335479 0.000000 0.538143 73.828158 -0.172000 2.646723 0.454237 
385 6.446768 0.000000 0.434738 73.698684 -0.169137 2.857333 0.456031 
386 6.558058 0.000000 0.538143 63.612449 -0.023615 6.480774 0.591146 
387 6.446768 0.000000 0.641548 71.646060 -0.185012 4.267841 0.484859 
388 9.785465 0.000000 0.331332 122.771984 -40.088016 -39.132908 -0.821139 
389 9.896755 0.000000 0.331332 135.473118 -69.447423 -46.036030 -1.529523 
390 9.785465 0.000000 0.434738 147.918104 -85.633496 -157.274601 -4.394816 
391 9.618530 0.000000 0.279630 103.361683 -20.914987 -23.381846 -0.166778 
392 9.674175 0.000000 0.279630 108.074232 -11.843415 -24.013934 -0.239698 
393 9.618530 0.000000 0.331332 103.083463 -3.209464 -34.849347 -0.185098 
394 9.535063 0.000000 0.253779 99.262236 -15.203721 -17.862893 -0.040323 
395 9.562885 0.000000 0.253779 100.726253 -17.219237 -19.375359 -0.081768 
396 9.535063 0.000000 0.279630 95.850872 -11.126802 -30.511052 -0.024212 
397 9.521151 0.000000 0.215002 99.192098 -14.394043 -15.504497 -0.028665 
398 9.507240 0.000000 0.215002 99.203393 -13.962786 -15.875498 -0.028830 
399 9.521151 0.000000 0.202076 99.367644 -14.867716 -15.850067 -0.034620 
400 9.535063 0.000000 0.215002 100.526899 -15.473065 -16.160744 -0.060624 
401 9.521151 0.000000 0.227927 99.197900 -14.175785 -15.691114 -0.028739 
402 9.590708 0.000000 0.202076 102.536360 -18.158678 -17.424420 -0.114705 
403 9.590708 0.000000 0.176225 102.953139 -18.387415 -17.515073 -0.124422 
404 9.618530 0.000000 0.202076 103.321767 -19.174791 -18.111239 -0.137108 
405 9.590708 0.000000 0.227927 101.900466 -18.207579 -19.372739 -0.109052 
406 9.548974 0.000000 0.215002 100.526899 -15.473065 -16.160744 -0.060624 
407 9.548974 0.000000 0.202076 100.526899 -15.473065 -16.160744 -0.060624 
408 9.562885 0.000000 0.215002 101.126350 -16.515718 -16.360857 -0.076699 
409 9.548974 0.000000 0.227927 100.526899 -15.473065 -16.160744 -0.060624 
410 9.729820 0.000000 0.279630 111.438381 -19.043037 -28.287992 -0.358136 
411 9.729820 0.000000 0.227927 111.478464 -17.729071 -27.761193 -0.351245 
412 9.785465 0.000000 0.279630 119.282259 -34.933746 -36.512587 -0.678179 
413 9.729820 0.000000 0.331332 112.730140 -22.736995 -29.862308 -0.411681 
414 9.646353 0.000000 0.253779 104.981413 -21.201874 -24.053599 -0.204919 
415 9.618530 0.000000 0.253779 103.241014 -20.440047 -22.557508 -0.158534 
416 9.646353 0.000000 0.227927 104.526471 -21.772094 -23.319520 -0.194361 
417 9.674175 0.000000 0.253779 108.635667 -11.939447 -22.344570 -0.244354 
418 9.646353 0.000000 0.279630 106.949784 -11.984723 -22.462735 -0.208646 
419 10.787074 0.000000 0.848359 100.494658 1.532815 -3.276701 -0.011226 
420 11.232233 0.000000 0.848359 100.645903 1.218299 -2.432851 -0.013700 
421 10.787074 0.000000 1.261980 100.791887 -1.077895 -1.856965 -0.016361 
422 10.119335 0.000000 0.641548 99.213063 7.341003 -4.637887 0.008137 
423 10.341914 0.000000 0.641548 99.593824 6.670699 -3.557517 0.002392 
424 10.119335 0.000000 0.848359 99.882686 1.629895 -4.332711 0.000202 
425 10.008045 0.000000 0.331332 138.499359 -72.295342 -112.943221 -2.716486 
426 10.008045 0.000000 0.227927 135.473118 -69.447423 -46.036030 -1.529523 
427 10.119335 0.000000 0.331332 135.382341 -36.400671 -65.609910 -1.395805 
428 10.008045 0.000000 0.434738 136.987367 -35.410212 -61.027837 -1.374382 
429 9.841110 0.000000 0.279630 133.239982 -62.633696 -44.878594 -1.368996 
430 9.841110 0.000000 0.227927 132.430997 -60.711769 -44.525887 -1.320644 
431 9.896755 0.000000 0.279630 135.473118 -69.447423 -46.036030 -1.529523 
432 9.841110 0.000000 0.331332 134.789898 -67.003695 -45.596751 -1.473688 
433 10.119335 0.000000 -0.185694 135.473118 -69.447423 -46.036030 -1.529523 
434 10.119335 0.000000 -0.392504 99.535508 -2.962103 -1.790959 0.008070 
435 10.341914 0.000000 -0.185694 101.421285 -5.999174 -1.966134 -0.032613 
436 10.008045 0.000000 0.124522 135.473118 -69.447423 -46.036030 -1.529523 
437 10.008045 0.000000 0.021117 135.473118 -69.447423 -46.036030 -1.529523 
438 10.119335 0.000000 0.124522 135.473118 -69.447423 -46.036030 -1.529523 
439 9.952400 0.000000 0.279630 135.473118 -69.447423 -46.036030 -1.529523 
440 9.952400 0.000000 0.227927 135.473118 -69.447423 -46.036030 -1.529523 
441 10.008045 0.000000 0.279630 135.473118 -69.447423 -46.036030 -1.529523 
442 9.952400 0.000000 0.331332 138.209885 -47.440642 -65.481239 -1.564038 
443 10.008045 0.000000 0.538143 97.896992 14.506786 -4.904842 0.018167 
444 9.896755 0.000000 0.538143 97.204983 13.867279 -5.957117 0.032340 
445 10.119335 0.000000 0.538143 98.549500 14.551665 -4.344296 0.005737 
446 10.008045 0.000000 0.641548 98.697476 7.281104 -5.048145 0.018031 
447 9.952400 0.000000 0.383035 144.045736 -87.275385 -143.090955 -3.884119 
448 9.896755 0.000000 0.383035 140.686076 -80.599427 -127.004860 -3.241907 
449 10.008045 0.000000 0.383035 154.551880 -104.969784 -182.341334 -5.815330 
450 9.952400 0.000000 0.434738 140.693408 -54.057401 -91.493605 -2.108792 
451 9.924577 0.000000 0.305481 135.473118 -69.447423 -46.036030 -1.529523 
452 9.896755 0.000000 0.305481 135.473118 -69.447423 -46.036030 -1.529523 
453 9.924577 0.000000 0.279630 135.473118 -69.447423 -46.036030 -1.529523 
454 9.952400 0.000000 0.305481 135.473118 -69.447423 -46.036030 -1.529523 
455 9.924577 0.000000 0.331332 135.473118 -69.447423 -46.036030 -1.529523 
456 10.564494 0.000000 0.227927 116.140065 -103.703994 135.752362 -3.267174 
457 10.564494 0.000000 0.021117 101.490254 -18.028523 -2.326446 -0.063071 
458 10.787074 0.000000 0.227927 109.417002 -6.975781 143.014812 -2.247398 
459 10.564494 0.000000 0.434738 99.072487 24.606658 -2.119556 -0.042534 
460 10.230624 0.000000 0.331332 96.689431 84.774551 4.445263 -0.655533 
461 10.230624 0.000000 0.227927 109.034469 -115.443000 15.157498 -1.544535 
462 10.341914 0.000000 0.331332 97.778856 73.394831 7.372121 -0.500185 
463 10.230624 0.000000 0.434738 98.392861 29.314889 -3.606349 -0.055352 
464 10.063690 0.000000 0.279630 138.582506 -50.629843 -80.161769 -1.819440 
465 10.063690 0.000000 0.227927 135.473118 -69.447423 -46.036030 -1.529523 
466 10.119335 0.000000 0.279630 146.036808 -90.746874 -154.393542 -4.339911 
467 10.063690 0.000000 0.331332 146.036808 -90.746874 -154.393542 -4.339911 
468 10.230624 0.000000 0.124522 104.483536 -29.700948 -3.292040 -0.180979 
469 10.230624 0.000000 0.021117 143.354346 -99.289621 -158.892681 -4.565578 
470 10.341914 0.000000 0.124522 103.291323 -32.696474 -2.298237 -0.174344 
471 10.174979 0.000000 0.279630 137.379064 -34.758639 -58.962638 -1.355776 
472 10.174979 0.000000 0.227927 154.551880 -104.969784 -182.341334 -5.815330 
473 10.230624 0.000000 0.279630 101.633395 341.723790 278.340257 -19.457779 
474 10.174979 0.000000 0.331332 95.811016 90.781668 1.475131 -0.742324 
475 10.564494 0.000000 0.641548 99.890097 6.133787 -3.028192 -0.002482 
476 10.787074 0.000000 0.641548 100.034402 5.959942 -2.254259 -0.004748 
477 10.564494 0.000000 0.848359 100.301531 1.612259 -3.468185 -0.007502 
478 10.453204 0.000000 0.331332 98.354541 63.518987 8.116703 -0.377416 
479 10.453204 0.000000 0.227927 113.879879 -131.364348 86.334456 -2.767886 
480 10.564494 0.000000 0.331332 98.541215 55.950664 8.376555 -0.291101 
481 10.453204 0.000000 0.434738 98.963720 26.035005 -2.711229 -0.047899 
482 10.286269 0.000000 0.279630 102.485689 247.507714 194.991956 -9.978525 
483 10.286269 0.000000 0.227927 109.681629 -122.325553 26.977793 -1.772140 
484 10.341914 0.000000 0.279630 102.384378 194.249474 144.145265 -5.899328 
485 10.286269 0.000000 0.331332 97.309612 78.953020 6.293980 -0.574235 
486 11.232233 0.000000 -2.046988 100.176957 -1.682250 3.982232 -0.005411 
487 11.232233 0.000000 -2.874230 99.375350 -0.999876 4.399101 0.010419 
488 12.122552 0.000000 -2.046988 99.369119 -0.988530 3.328324 0.011372 
489 10.787074 0.000000 -0.806125 100.163885 -2.367712 2.448131 -0.004440 
490 10.787074 0.000000 -1.219746 100.076808 -1.911173 3.306974 -0.002996 
491 11.232233 0.000000 -0.806125 100.316759 -2.688264 2.309417 -0.007601 
492 10.564494 0.000000 -0.185694 100.755082 -7.021597 -1.170004 -0.020226 
493 10.564494 0.000000 -0.392504 100.286080 -3.962678 0.408406 -0.007317 
494 10.787074 0.000000 -0.185694 100.568812 -7.461129 -0.772362 -0.017035 
495 10.453204 0.000000 0.124522 102.790327 -35.416810 -0.710207 -0.182071 
496 10.453204 0.000000 0.021117 101.815881 -17.008600 -2.944455 -0.066444 
497 10.564494 0.000000 0.124522 102.734212 -37.805692 1.683369 -0.198642 
498 13.012871 0.000000 -0.392504 99.598643 -3.807999 0.975023 0.006466 
499 13.012871 0.000000 -1.219746 99.567786 -1.028678 2.468544 0.007910 
500 13.903191 0.000000 -0.392504 99.773821 -3.651377 0.865280 0.003110 
501 13.012871 0.000000 0.434738 99.102079 17.446486 3.115444 -0.013531 
502 11.677393 0.000000 0.021117 101.492716 -24.258107 7.001239 -0.093824 
503 11.677393 0.000000 -0.392504 100.525304 -5.092077 1.086754 -0.013245 
504 12.122552 0.000000 0.021117 101.249000 -24.119573 9.990580 -0.093293 
505 11.677393 0.000000 0.434738 100.144189 17.016688 1.075858 -0.031958 
506 11.009654 0.000000 0.227927 105.565294 27.254731 104.071726 -1.271778 
507 11.009654 0.000000 0.021117 101.328076 -21.349056 0.990520 -0.072414 
508 11.232233 0.000000 0.227927 103.630200 38.125198 74.326661 -0.771720 
509 11.009654 0.000000 0.434738 99.630819 20.399719 -0.290216 -0.034253 
510 10.675784 0.000000 0.331332 98.625467 49.923259 8.752791 -0.229593 
511 10.675784 0.000000 0.227927 113.762265 -49.477697 155.543637 -2.958372 
512 10.787074 0.000000 0.331332 98.848738 45.315329 8.991083 -0.190539 
513 10.675784 0.000000 0.434738 99.173204 23.492179 -1.514975 -0.038950 
514 10.508849 0.000000 0.279630 101.135203 118.066654 74.287284 -1.968666 
515 10.453204 0.000000 0.279630 101.746325 135.677161 89.601622 -2.678906 
516 10.508849 0.000000 0.227927 115.363642 -122.320972 112.302044 -3.088294 
517 10.564494 0.000000 0.279630 100.573412 104.309431 63.407591 -1.501599 
518 10.508849 0.000000 0.331332 98.487317 59.548298 8.250428 -0.331382 
519 13.012871 0.000000 1.261980 99.802324 0.974648 -1.721099 0.003558 
520 13.903191 0.000000 1.261980 99.972814 1.199900 -1.937862 0.000024 
521 13.012871 0.000000 2.089221 99.764827 0.374102 0.780890 0.004623 
522 11.677393 0.000000 0.848359 100.675557 1.464389 -2.256404 -0.014280 
523 12.122552 0.000000 0.848359 100.705059 1.530182 -2.038483 -0.014801 
524 11.677393 0.000000 1.261980 100.857217 -0.741743 -1.525230 -0.017505 
525 11.009654 0.000000 0.641548 100.178365 5.501479 -1.680747 -0.006880 
526 11.232233 0.000000 0.641548 100.369719 5.269569 -0.948848 -0.010275 
527 11.009654 0.000000 0.848359 100.506525 1.268103 -2.852425 -0.011131 
528 10.898364 0.000000 0.331332 99.141883 41.666752 8.968113 -0.164566 
529 10.898364 0.000000 0.227927 106.513177 15.250145 122.686421 -1.662958 
530 11.009654 0.000000 0.331332 99.436419 38.563591 8.818534 -0.145252 
531 10.898364 0.000000 0.434738 99.497698 21.469763 -0.748539 -0.036130 
532 11.009654 0.000000 -0.185694 100.664574 -8.129202 -0.183515 -0.019947 
533 11.009654 0.000000 -0.392504 100.473598 -4.495486 0.959968 -0.011607 
534 11.232233 0.000000 -0.185694 100.632517 -8.527545 -0.049310 -0.019962 
535 10.898364 0.000000 0.124522 102.886219 -42.364746 11.550435 -0.251376 
536 10.787074 0.000000 0.124522 102.868895 -41.354614 8.164241 -0.235887 
537 10.898364 0.000000 0.021117 101.228080 -20.401254 -0.203796 -0.066338 
538 11.009654 0.000000 0.124522 103.077859 -43.177508 15.418408 -0.272707 
539 10.842719 0.000000 0.279630 99.666578 66.165423 39.212885 -0.584894 
540 10.787074 0.000000 0.279630 99.614406 71.051929 42.182414 -0.675076 
541 10.842719 0.000000 0.227927 107.626637 6.240216 132.767595 -1.924967 
542 10.898364 0.000000 0.279630 99.780083 62.000381 36.809822 -0.515508 
543 10.842719 0.000000 0.331332 98.995420 43.420121 8.945697 -0.176543 
544 11.454813 0.000000 0.227927 102.164197 38.407333 56.014905 -0.505032 
545 11.454813 0.000000 0.021117 101.472307 -23.671940 4.741382 -0.087947 
546 11.677393 0.000000 0.227927 101.320408 36.238555 45.229022 -0.362472 
547 11.454813 0.000000 0.434738 100.057832 17.833147 0.802283 -0.033023 
548 11.120943 0.000000 0.331332 99.714587 35.694130 9.025416 -0.129853 
549 11.120943 0.000000 0.227927 104.803087 34.682906 88.080210 -0.994471 
550 11.232233 0.000000 0.331332 99.852181 33.428153 8.459688 -0.115947 
551 11.120943 0.000000 0.434738 99.784068 19.585805 0.303460 -0.034056 
552 11.454813 0.000000 0.641548 100.405137 5.243650 -0.710977 -0.010919 
553 11.677393 0.000000 0.641548 100.459183 5.193258 -0.460935 -0.011923 
554 11.454813 0.000000 0.848359 100.638580 1.348404 -2.336947 -0.013540 
555 11.343523 0.000000 0.331332 99.930610 31.622779 8.105826 -0.105183 
556 11.343523 0.000000 0.227927 102.758406 38.940835 63.968052 -0.616759 
557 11.454813 0.000000 0.331332 99.985314 29.965172 7.883778 -0.095713 
558 11.343523 0.000000 0.434738 100.007364 18.393106 0.567442 -0.034010 
559 11.677393 0.000000 -0.806125 100.411847 -2.924936 2.256698 -0.009619 
560 11.677393 0.000000 -1.219746 100.447845 -2.530862 3.036582 -0.010540 
561 12.122552 0.000000 -0.806125 100.377610 -2.723080 1.944691 -0.008686 
562 11.454813 0.000000 -0.185694 100.638332 -9.022756 0.156311 -0.020951 
563 11.454813 0.000000 -0.392504 100.469058 -4.922995 0.914364 -0.011910 
564 11.677393 0.000000 -0.185694 100.680901 -9.366725 0.553714 -0.022469 
565 11.343523 0.000000 0.124522 103.599906 -42.239540 28.842589 -0.334901 
566 11.232233 0.000000 0.124522 103.532879 -43.271358 24.365826 -0.318516 
567 11.343523 0.000000 0.021117 101.442662 -23.167107 3.719312 -0.084116 
568 11.454813 0.000000 0.124522 103.600324 -40.572781 33.043204 -0.347103 
569 12.567712 0.000000 0.021117 100.051977 -20.904880 11.701916 -0.058435 
570 12.567712 0.000000 -0.392504 99.503867 -3.837678 0.539259 0.008396 
571 13.012871 0.000000 0.021117 99.611977 -18.836370 11.576788 -0.041138 
572 12.567712 0.000000 0.434738 99.064534 17.291314 1.976708 -0.011668 
573 11.899973 0.000000 0.227927 100.583706 33.414552 39.135093 -0.276517 
574 11.899973 0.000000 0.021117 101.360609 -24.467656 8.680060 -0.094798 
575 12.122552 0.000000 0.227927 100.225871 30.774638 35.934796 -0.228361 
576 11.899973 0.000000 0.434738 100.206434 16.426006 1.358195 -0.031299 
577 11.566103 0.000000 0.331332 100.024756 28.628311 7.697532 -0.088378 
578 11.566103 0.000000 0.227927 101.705451 37.421326 49.903752 -0.423474 
579 11.677393 0.000000 0.331332 100.046551 27.491542 7.530568 -0.082181 
580 11.566103 0.000000 0.434738 100.107047 17.394683 0.953066 -0.032490 
581 11.399168 0.000000 0.279630 100.353982 40.715635 22.137203 -0.221874 
582 11.343523 0.000000 0.279630 100.372550 42.243587 23.149495 -0.239507 
583 11.399168 0.000000 0.227927 102.431123 38.749159 59.734472 -0.556184 
584 11.454813 0.000000 0.279630 100.339862 39.364979 21.246891 -0.206912 
585 11.399168 0.000000 0.331332 99.961426 30.726906 7.969172 -0.099994 
586 12.567712 0.000000 0.848359 99.646922 3.250781 -2.133812 0.005537 
587 13.012871 0.000000 0.848359 99.720703 3.418926 -1.866069 0.004061 
588 12.567712 0.000000 1.261980 99.730776 0.943111 -1.755617 0.004980 
589 11.899973 0.000000 0.641548 100.514130 5.148764 -0.206938 -0.012964 
590 12.122552 0.000000 0.641548 100.461200 5.246114 0.196514 -0.012001 
591 11.899973 0.000000 0.848359 100.713192 1.499862 -2.128397 -0.014993 
592 11.788683 0.000000 0.331332 100.076273 26.555752 7.557725 -0.077759 
593 11.788683 0.000000 0.227927 100.918114 34.879192 41.718159 -0.314143 
594 11.899973 0.000000 0.331332 100.058621 25.732607 7.479766 -0.072984 
595 11.788683 0.000000 0.434738 100.197786 16.717298 1.313723 -0.032079 
596 12.345132 0.000000 0.227927 98.846508 29.849066 33.408167 -0.177770 
597 12.345132 0.000000 0.021117 100.168397 -21.903712 10.797352 -0.063006 
598 12.567712 0.000000 0.227927 98.556285 27.084979 32.245984 -0.148674 
599 12.345132 0.000000 0.434738 99.050143 17.464146 1.563348 -0.011837 
600 12.011263 0.000000 0.331332 100.036376 25.094478 7.538932 -0.069384 
601 12.011263 0.000000 0.227927 100.375839 32.052839 37.329834 -0.249621 
602 12.122552 0.000000 0.331332 100.001140 24.495817 7.730083 -0.066003 
603 12.011263 0.000000 0.434738 100.196356 16.238361 1.503490 -0.030525 
604 12.345132 0.000000 0.641548 99.386016 6.921707 0.004203 0.007451 
605 12.567712 0.000000 0.641548 99.426866 7.012818 0.373411 0.006498 
606 12.345132 0.000000 0.848359 99.613767 3.171573 -2.360318 0.006147 
607 12.233842 0.000000 0.331332 99.915499 24.156849 8.092879 -0.063215 
608 12.233842 0.000000 0.227927 100.057608 29.524018 34.993344 -0.210773 
609 12.345132 0.000000 0.331332 98.815315 25.196095 7.649399 -0.045782 
610 12.233842 0.000000 0.434738 100.180189 16.020043 1.645949 -0.029542 
611 22.806381 0.000000 -2.874230 99.965530 -2.008568 3.536926 -0.000965 
612 22.806381 0.000000 -6.183197 99.780979 -2.022078 5.714774 0.000701 
613 26.367657 0.000000 -2.874230 99.979431 -2.103461 3.758606 -0.001444 
614 22.806381 0.000000 0.434738 100.252412 -6.000562 0.278993 -0.008663 
615 17.464467 0.000000 -1.219746 100.018341 -1.264371 2.015799 -0.000933 
616 17.464467 0.000000 -2.874230 99.921046 -1.722430 3.618046 -0.000027 
617 19.245105 0.000000 -1.219746 100.071487 -1.352500 2.027475 -0.002024 
618 17.464467 0.000000 0.434738 97.622181 -2.537207 31.620257 -0.053637 
619 14.793510 0.000000 -0.392504 99.899035 -3.279889 0.834230 0.000873 
620 14.793510 0.000000 -1.219746 99.826629 -1.131056 2.181787 0.002860 
621 15.683829 0.000000 -0.392504 99.991055 -2.774433 0.804605 -0.000656 
622 14.793510 0.000000 0.434738 99.251568 18.824943 8.033680 -0.026979 
623 13.458031 0.000000 0.021117 99.553596 -17.207443 10.217010 -0.031140 
624 13.458031 0.000000 -0.392504 99.678942 -3.791389 0.901030 0.004892 
625 13.903191 0.000000 0.021117 99.769220 -15.750758 9.145543 -0.028562 
626 13.458031 0.000000 0.434738 99.191786 17.713859 4.175889 -0.017023 
627 12.790292 0.000000 0.227927 98.219610 24.415228 32.202229 -0.128018 
628 12.790292 0.000000 0.021117 99.773749 -19.810645 11.980152 -0.049079 
629 13.012871 0.000000 0.227927 98.094754 21.502839 32.984918 -0.117296 
630 12.790292 0.000000 0.434738 99.081111 17.317870 2.659285 -0.012405 
631 12.456422 0.000000 0.331332 98.790251 24.682476 7.975386 -0.043235 
632 12.456422 0.000000 0.227927 98.711142 28.411453 32.698755 -0.162031 
633 12.567712 0.000000 0.331332 98.773022 24.314037 8.339181 -0.041682 
634 12.456422 0.000000 0.434738 99.052304 17.317656 1.813865 -0.011455 
635 22.806381 0.000000 3.743705 100.161911 1.382536 1.835035 -0.003769 
636 26.367657 0.000000 3.743705 100.204897 1.208597 1.347555 -0.004430 
637 22.806381 0.000000 7.052672 99.927223 2.068563 5.097857 -0.001572 
638 17.464467 0.000000 2.089221 100.226322 0.614387 -0.590365 -0.004604 
639 19.245105 0.000000 2.089221 100.326425 0.681541 -1.154355 -0.006719 
640 17.464467 0.000000 3.743705 99.977548 1.468117 2.823216 -0.000564 
641 14.793510 0.000000 1.261980 100.121132 1.568516 -2.100740 -0.003111 
642 15.683829 0.000000 1.261980 100.245739 1.885659 -2.315945 -0.005813 
643 14.793510 0.000000 2.089221 99.986717 0.530860 0.286560 0.000229 
644 13.458031 0.000000 0.848359 99.817376 3.465320 -1.689700 0.002163 
645 13.903191 0.000000 0.848359 99.902431 3.612509 -1.518249 0.000415 
646 13.458031 0.000000 1.261980 99.893705 1.066465 -1.854294 0.001667 
647 12.790292 0.000000 0.641548 99.445482 7.197995 1.031215 0.005772 
648 13.012871 0.000000 0.641548 99.454413 7.432093 1.458131 0.005146 
649 12.790292 0.000000 0.848359 99.695038 3.361185 -1.933506 0.004586 
650 12.679002 0.000000 0.331332 98.761289 23.967663 8.640019 -0.040289 
651 12.679002 0.000000 0.227927 98.384688 25.738529 31.889477 -0.135896 
652 12.790292 0.000000 0.331332 98.733366 23.754585 9.362400 -0.040021 
653 12.679002 0.000000 0.434738 99.078008 17.289426 2.227515 -0.012034 
654 13.235451 0.000000 0.227927 98.056280 18.549618 33.790449 -0.110092 
655 13.235451 0.000000 0.021117 99.547060 -17.986433 10.928483 -0.035256 
656 13.458031 0.000000 0.227927 98.081019 15.497342 34.553538 -0.105400 
657 13.235451 0.000000 0.434738 99.146426 17.563497 3.676933 -0.015201 
658 13.235451 0.000000 0.641548 99.478955 7.696170 1.997043 0.004072 
659 13.458031 0.000000 0.641548 99.487753 8.129739 2.552226 0.002958 
660 13.235451 0.000000 0.848359 99.772367 3.419499 -1.768039 0.003066 
661 13.124161 0.000000 0.331332 98.725568 23.234509 11.068603 -0.040909 
662 13.012871 0.000000 0.331332 98.717388 23.383039 10.408376 -0.040022 
663 13.124161 0.000000 0.227927 98.074977 20.090237 33.444561 -0.114086 
664 13.235451 0.000000 0.331332 98.735234 22.993741 11.618778 -0.041235 
665 13.124161 0.000000 0.434738 99.123611 17.538948 3.438327 -0.014493 
666 14.348350 0.000000 0.021117 99.781723 -14.390396 8.293344 -0.023226 
667 14.348350 0.000000 -0.392504 99.844109 -3.473082 0.740041 0.001854 
668 14.793510 0.000000 0.021117 99.481632 -13.093763 6.668510 -0.011251 
669 14.348350 0.000000 0.434738 99.378287 18.279014 6.099925 -0.024738 
670 13.680611 0.000000 0.227927 98.385656 12.622582 34.906847 -0.105755 
671 13.680611 0.000000 0.021117 99.666456 -16.446784 9.583498 -0.029574 
672 13.903191 0.000000 0.227927 98.661683 10.399230 34.636413 -0.104195 
673 13.680611 0.000000 0.434738 99.255281 17.913356 4.696257 -0.019455 
674 13.346741 0.000000 0.331332 98.741427 22.837296 12.268458 -0.042193 
675 13.346741 0.000000 0.227927 98.051023 17.058802 34.190100 -0.107397 
676 13.458031 0.000000 0.331332 98.759237 22.648280 12.919621 -0.043325 
677 13.346741 0.000000 0.434738 99.168367 17.614366 3.923233 -0.016002 
678 14.348350 0.000000 0.848359 100.007631 3.738024 -1.486760 -0.001771 
679 14.793510 0.000000 0.848359 100.007097 3.747126 -1.007399 -0.001648 
680 14.348350 0.000000 1.261980 100.080739 1.439128 -2.173469 -0.002295 
681 13.680611 0.000000 0.641548 99.489846 8.760017 3.126036 0.001526 
682 13.903191 0.000000 0.641548 99.486127 9.583761 3.639647 -0.000259 
683 13.680611 0.000000 0.848359 99.860320 3.552303 -1.600171 0.001274 
684 14.125770 0.000000 0.641548 99.484781 10.596444 3.970520 -0.002527 
685 14.125770 0.000000 0.434738 99.355752 18.126524 5.656463 -0.023213 
686 14.348350 0.000000 0.641548 99.510906 11.777548 3.857013 -0.005601 
687 14.125770 0.000000 0.848359 99.948030 3.660683 -1.455392 -0.000513 
688 13.791901 0.000000 0.538143 99.426262 14.269905 2.349985 -0.009473 
689 13.680611 0.000000 0.538143 99.400868 14.083575 2.317092 -0.008425 
690 13.791901 0.000000 0.434738 99.288715 17.975742 4.943958 -0.020582 
691 13.903191 0.000000 0.538143 99.452865 14.423223 2.369241 -0.010451 
692 13.791901 0.000000 0.641548 99.487517 9.154086 3.400482 0.000687 
693 14.125770 0.000000 0.227927 98.704799 8.366598 34.151506 -0.097896 
694 14.125770 0.000000 0.021117 99.801054 -15.079164 8.762931 -0.026442 
695 14.348350 0.000000 0.227927 98.660210 6.386332 33.483494 -0.089577 
696 16.574148 0.000000 1.261980 100.326808 2.285197 -2.478729 -0.007683 
697 16.574148 0.000000 0.434738 97.914805 14.345481 27.388747 -0.054325 
698 17.464467 0.000000 1.261980 100.372141 2.688816 -2.495333 -0.008802 
699 16.574148 0.000000 2.089221 100.170945 0.613772 -0.334553 -0.003471 
700 15.238669 0.000000 0.848359 100.018521 3.764086 -0.344045 -0.001799 
701 15.238669 0.000000 0.434738 99.075892 19.670853 11.281661 -0.033025 
702 15.683829 0.000000 0.848359 99.971271 3.915643 0.974208 -0.001054 
703 15.238669 0.000000 1.261980 100.192175 1.716738 -2.222610 -0.004636 
704 14.570930 0.000000 0.641548 99.540357 12.869160 3.614946 -0.008697 
705 14.570930 0.000000 0.434738 99.328550 18.473482 6.873721 -0.025468 
706 14.793510 0.000000 0.641548 99.641570 13.606682 2.960680 -0.012235 
707 14.570930 0.000000 0.848359 100.029824 3.744434 -1.286982 -0.002164 
708 14.237060 0.000000 0.538143 99.534785 14.873858 2.372927 -0.013404 
709 14.125770 0.000000 0.538143 99.502649 14.696856 2.408970 -0.012258 
710 14.237060 0.000000 0.434738 99.372727 18.230738 5.858026 -0.024162 
711 14.348350 0.000000 0.538143 99.560169 14.981606 2.382717 -0.014235 
712 14.237060 0.000000 0.641548 99.496744 11.214449 3.970217 -0.004113 
713 16.574148 0.000000 -0.392504 100.056898 -2.379497 0.780611 -0.001765 
714 16.574148 0.000000 -1.219746 99.968468 -1.230166 2.000560 0.000079 
715 17.464467 0.000000 -0.392504 100.101307 -2.088666 0.840704 -0.002534 
716 15.238669 0.000000 0.021117 99.616929 -11.762044 4.701548 -0.008398 
717 15.238669 0.000000 -0.392504 99.940379 -3.013815 0.809766 0.000218 
718 15.683829 0.000000 0.021117 99.784510 -10.396805 3.282935 -0.007582 
719 14.570930 0.000000 0.227927 98.046304 4.040980 32.959905 -0.071576 
720 14.570930 0.000000 0.021117 99.627940 -13.722042 7.624586 -0.017216 
721 14.793510 0.000000 0.227927 97.410718 -0.312432 32.422703 -0.054018 
722 14.459640 0.000000 0.538143 99.581834 15.103808 2.430589 -0.015057 
723 14.459640 0.000000 0.434738 99.365086 18.349084 6.399899 -0.025107 
724 14.570930 0.000000 0.538143 99.599788 15.250384 2.585137 -0.015937 
725 14.459640 0.000000 0.641548 99.524934 12.331706 3.770123 -0.007150 
726 21.025743 0.000000 2.089221 100.424200 0.829944 -1.856617 -0.008916 
727 21.025743 0.000000 0.434738 100.074884 -9.882366 2.222779 -0.011758 
728 22.806381 0.000000 2.089221 100.478018 1.080084 -2.323845 -0.010240 
729 21.025743 0.000000 3.743705 100.132432 1.453916 2.088098 -0.003298 
730 18.354786 0.000000 1.261980 100.395926 3.091588 -2.372549 -0.009453 
731 18.354786 0.000000 0.434738 98.491588 -14.370185 21.284408 -0.036012 
732 19.245105 0.000000 1.261980 100.394367 3.488050 -2.045254 -0.009538 
733 18.354786 0.000000 2.089221 100.278517 0.626733 -0.860426 -0.005691 
734 21.025743 0.000000 -1.219746 100.084382 -1.419389 1.903139 -0.002252 
735 21.025743 0.000000 -2.874230 99.944502 -1.932822 3.436549 -0.000445 
736 22.806381 0.000000 -1.219746 100.100148 -1.497956 2.012457 -0.002633 
737 20.135424 0.000000 1.261980 100.361975 3.763771 -1.358839 -0.008854 
738 20.135424 0.000000 0.434738 99.834087 -12.627768 5.050902 -0.015182 
739 21.025743 0.000000 1.261980 100.153248 4.162046 1.373520 -0.004988 
740 20.135424 0.000000 2.089221 100.393615 0.756397 -1.594729 -0.008199 
741 40.612762 0.000000 7.052672 99.998222 2.059315 4.030860 -0.002013 
742 40.612762 0.000000 0.434738 100.170947 -0.957472 1.824887 -0.003847 
743 47.735315 0.000000 7.052672 100.045853 2.279124 3.439169 -0.002619 
744 40.612762 0.000000 13.670607 99.774282 1.656063 6.863850 -0.000476 
745 29.928934 0.000000 3.743705 100.255608 1.007587 0.760776 -0.005278 
746 29.928934 0.000000 0.434738 100.251454 -1.729031 0.683769 -0.005381 
747 33.490210 0.000000 3.743705 100.313448 0.813884 0.062751 -0.006345 
748 29.928934 0.000000 7.052672 99.947591 2.139958 4.709564 -0.001628 
749 24.587019 0.000000 2.089221 100.516503 1.491423 -2.701182 -0.011309 
750 24.587019 0.000000 0.434738 100.286059 -3.869404 0.015440 -0.007227 
751 26.367657 0.000000 2.089221 100.540333 2.098857 -2.928004 -0.012134 
752 24.587019 0.000000 3.743705 100.182480 1.298809 1.602076 -0.004078 
753 21.916062 0.000000 1.261980 99.889246 10.591486 4.788333 -0.011297 
754 21.916062 0.000000 0.434738 100.195373 -7.669853 0.869730 -0.009870 
755 22.806381 0.000000 1.261980 100.150355 13.965984 1.641793 -0.022784 
756 21.916062 0.000000 2.089221 100.453001 0.939306 -2.097721 -0.009609 
757 40.612762 0.000000 -6.183197 99.813393 -1.956820 6.219902 -0.000523 
758 40.612762 0.000000 -12.801131 99.720855 -1.318853 7.344865 0.000006 
759 47.735315 0.000000 -6.183197 99.804163 -2.042690 6.381959 -0.000577 
760 29.928934 0.000000 -2.874230 99.976899 -2.168950 3.985189 -0.001597 
761 29.928934 0.000000 -6.183197 99.815208 -2.062472 5.920856 -0.000239 
762 33.490210 0.000000 -2.874230 99.967944 -2.213800 4.202374 -0.001615 
763 24.587019 0.000000 -1.219746 100.105878 -1.572979 2.124567 -0.002817 
764 24.587019 0.000000 -2.874230 99.975343 -2.063408 3.643797 -0.001260 
765 26.367657 0.000000 -1.219746 100.106636 -1.638016 2.257878 -0.002912 
766 23.696700 0.000000 1.261980 100.125962 15.279766 2.016083 -0.026274 
767 23.696700 0.000000 0.434738 100.277904 -4.770515 0.040436 -0.007842 
768 24.587019 0.000000 1.261980 99.916891 17.364179 4.676155 -0.030677 
769 23.696700 0.000000 2.089221 100.499042 1.266092 -2.530111 -0.010806 
770 28.148295 0.000000 2.089221 100.538534 2.879975 -2.858165 -0.012446 
771 28.148295 0.000000 0.434738 100.266747 -2.077880 0.439730 -0.005793 
772 29.928934 0.000000 2.089221 100.476649 3.635290 -2.051394 -0.011298 
773 28.148295 0.000000 3.743705 100.230219 1.109187 1.060716 -0.004845 
774 25.477338 0.000000 1.261980 99.474078 19.553678 10.228884 -0.038207 
775 25.477338 0.000000 0.434738 100.285717 -3.202429 0.078319 -0.006749 
776 26.367657 0.000000 1.261980 98.671584 18.747258 20.243756 -0.049735 
777 25.477338 0.000000 2.089221 100.530942 1.771468 -2.841728 -0.011768 
778 28.148295 0.000000 -1.219746 100.103843 -1.702955 2.391099 -0.002940 
779 28.148295 0.000000 -2.874230 99.979584 -2.139070 3.872896 -0.001549 
780 29.928934 0.000000 -1.219746 100.098682 -1.764938 2.523328 -0.002923 
781 37.051486 0.000000 3.743705 100.379599 0.692598 -0.750112 -0.007711 
782 37.051486 0.000000 0.434738 100.199251 -1.422293 1.447942 -0.004401 
783 40.612762 0.000000 3.743705 100.461630 1.144288 -1.758335 -0.009694 
784 37.051486 0.000000 7.052672 99.978705 2.131359 4.273951 -0.001855 
785 31.709572 0.000000 2.089221 100.007326 5.789813 3.806996 -0.004948 
786 31.709572 0.000000 0.434738 100.236963 -1.542126 0.902519 -0.005064 
787 33.490210 0.000000 2.089221 100.197629 14.461660 1.461063 -0.025084 
788 31.709572 0.000000 3.743705 100.283389 0.906707 0.427103 -0.005776 
789 29.038614 0.000000 1.261980 99.045696 -15.647506 15.679416 -0.030074 
790 28.148295 0.000000 1.261980 98.093388 -9.619335 27.491530 -0.047063 
791 29.038614 0.000000 0.434738 100.258995 -1.877300 0.565623 -0.005571 
792 29.928934 0.000000 1.261980 99.697858 -14.219503 7.595829 -0.019955 
793 29.038614 0.000000 2.089221 100.519976 3.292020 -2.609319 -0.012191 
794 37.051486 0.000000 -2.874230 99.957014 -2.243143 4.419843 -0.001597 
795 37.051486 0.000000 -6.183197 99.817254 -2.041675 6.125799 -0.000518 
796 40.612762 0.000000 -2.874230 99.943368 -2.137709 4.626480 -0.001465 
797 31.709572 0.000000 -1.219746 100.092220 -1.823342 2.654276 -0.002882 
798 31.709572 0.000000 -2.874230 99.972937 -2.193449 4.094726 -0.001617 
799 33.490210 0.000000 -1.219746 100.084779 -1.878271 2.784881 -0.002825 
800 30.819253 0.000000 1.261980 100.033402 -11.373670 3.442608 -0.014789 
801 30.819253 0.000000 0.434738 100.244070 -1.620375 0.796287 -0.005213 
802 31.709572 0.000000 1.261980 100.196376 -8.842047 1.431891 -0.011955 
803 30.819253 0.000000 2.089221 100.361189 3.811652 -0.602858 -0.008726 
804 35.270848 0.000000 2.089221 99.775936 18.427398 6.717267 -0.033993 
805 35.270848 0.000000 0.434738 100.211130 -1.418535 1.275258 -0.004591 
806 37.051486 0.000000 2.089221 98.243896 15.369129 25.772179 -0.055228 
807 35.270848 0.000000 3.743705 100.345911 0.738364 -0.333273 -0.006996 
808 32.599891 0.000000 1.261980 100.272390 -6.881485 0.500093 -0.010216 
809 32.599891 0.000000 0.434738 100.230139 -1.487424 1.002911 -0.004930 
810 33.490210 0.000000 1.261980 100.304508 -5.422691 0.112248 -0.009041 
811 32.599891 0.000000 2.089221 100.076386 13.050250 2.958938 -0.019435 
812 47.735315 0.000000 40.142345 99.691937 0.574433 7.903765 -0.000128 
813 33.490210 0.000000 40.142345 99.694480 0.506279 7.918623 -0.000195 
814 61.980419 0.000000 40.142345 99.690803 0.569298 7.892346 -0.000087 
815 47.735315 0.000000 53.378214 99.686907 0.368867 7.959304 -0.000097 
816 40.612762 0.000000 20.288541 99.723747 1.204246 7.521599 -0.000285 
817 33.490210 0.000000 20.288541 99.725059 1.069109 7.560377 -0.000339 
818 47.735315 0.000000 20.288541 99.724387 1.263295 7.484786 -0.000257 
819 40.612762 0.000000 26.906476 99.706176 0.878495 7.751954 -0.000219 
820 37.051486 0.000000 10.361640 99.834152 1.995667 6.104084 -0.000810 
821 33.490210 0.000000 10.361640 99.831559 1.952548 6.195610 -0.000854 
822 40.612762 0.000000 10.361640 99.842268 1.995429 5.996188 -0.000841 
823 37.051486 0.000000 13.670607 99.771463 1.615654 6.916687 -0.000480 
824 35.270848 0.000000 5.398189 100.101093 1.768874 2.742541 -0.003088 
825 33.490210 0.000000 5.398189 100.086954 1.824046 2.918094 -0.002924 
826 37.051486 0.000000 5.398189 100.114483 1.706140 2.567162 -0.003241 
827 35.270848 0.000000 7.052672 99.972829 2.140097 4.376975 -0.001830 
828 34.380529 0.000000 2.916463 100.528274 1.365425 -2.621925 -0.011467 
829 33.490210 0.000000 2.916463 100.512744 1.164208 -2.434842 -0.011010 
830 34.380529 0.000000 2.089221 100.080161 16.129779 2.929023 -0.028479 
831 35.270848 0.000000 2.916463 100.541475 1.614529 -2.780695 -0.011893 
832 34.380529 0.000000 3.743705 100.329379 0.773258 -0.131343 -0.006660 
833 54.857867 0.000000 7.052672 100.099050 2.151985 2.779019 -0.003217 
834 54.857867 0.000000 0.434738 100.091650 -2.006430 2.851046 -0.003049 
835 61.980419 0.000000 7.052672 100.163842 1.951214 1.974721 -0.004050 
836 54.857867 0.000000 13.670607 99.791368 1.923345 6.621685 -0.000586 
837 44.174038 0.000000 3.743705 100.546147 2.104343 -2.800914 -0.012180 
838 44.174038 0.000000 0.434738 100.151096 -1.168177 2.087432 -0.003596 
839 47.735315 0.000000 3.743705 100.696769 5.473810 -4.667313 -0.019159 
840 44.174038 0.000000 7.052672 100.019560 2.016757 3.765661 -0.002216 
841 38.832124 0.000000 2.089221 98.541492 -13.865321 22.083653 -0.039036 
842 38.832124 0.000000 0.434738 100.187987 -1.449330 1.603325 -0.004230 
843 40.612762 0.000000 2.089221 100.423708 -1.020383 -1.301990 -0.008766 
844 38.832124 0.000000 3.743705 100.416206 0.694396 -1.198938 -0.008533 
845 38.832124 0.000000 5.398189 100.129676 1.607035 2.380070 -0.003420 
846 40.612762 0.000000 5.398189 100.146311 1.534667 2.175679 -0.003637 
847 38.832124 0.000000 7.052672 99.988117 2.074635 4.156712 -0.001921 
848 37.941805 0.000000 2.916463 100.553880 2.652562 -2.923134 -0.012666 
849 37.051486 0.000000 2.916463 100.555606 2.262118 -2.948689 -0.012524 
850 37.941805 0.000000 2.089221 97.779565 -0.837199 31.548637 -0.055686 
851 38.832124 0.000000 2.916463 100.542207 3.067184 -2.773963 -0.012584 
852 37.941805 0.000000 3.743705 100.397665 0.686329 -0.971786 -0.008111 
853 54.857867 0.000000 -6.183197 99.794278 -1.986095 6.529056 -0.000547 
854 54.857867 0.000000 -12.801131 99.721551 -1.349872 7.419712 -0.000126 
855 61.980419 0.000000 -6.183197 99.784906 -1.927075 6.659346 -0.000509 
856 44.174038 0.000000 -2.874230 99.930249 -2.154421 4.812280 -0.001385 
857 44.174038 0.000000 -6.183197 99.808796 -1.936632 6.304819 -0.000530 
858 47.735315 0.000000 -2.874230 99.917902 -2.359014 4.981577 -0.001397 
859 42.393400 0.000000 2.089221 100.376730 -0.454951 -0.711603 -0.007620 
860 42.393400 0.000000 0.434738 100.161036 -1.065502 1.956732 -0.003720 
861 44.174038 0.000000 2.089221 100.336846 -0.197081 -0.210497 -0.006757 
862 42.393400 0.000000 3.743705 100.503445 1.496800 -2.273767 -0.010835 
863 39.722443 0.000000 2.916463 100.804561 9.725849 -6.031169 -0.029253 
864 39.722443 0.000000 2.089221 100.448666 -1.462519 -1.615941 -0.009468 
865 40.612762 0.000000 2.916463 101.057405 13.800643 -9.170632 -0.048716 
866 39.722443 0.000000 3.743705 100.441188 1.033650 -1.506697 -0.009177 
867 44.174038 0.000000 10.361640 99.851008 2.028424 5.880783 -0.000892 
868 47.735315 0.000000 10.361640 99.861331 2.233324 5.748024 -0.001031 
869 44.174038 0.000000 13.670607 99.778042 1.809123 6.805083 -0.000524 
870 42.393400 0.000000 5.398189 100.163904 1.456198 1.959069 -0.003877 
871 44.174038 0.000000 5.398189 100.182634 1.372212 1.728076 -0.004143 
872 42.393400 0.000000 7.052672 100.008698 2.040082 3.900594 -0.002112 
873 41.503081 0.000000 2.916463 101.961664 18.856126 -20.406692 -0.116817 
874 41.503081 0.000000 2.089221 100.399548 -0.690336 -0.998302 -0.008154 
875 42.393400 0.000000 2.916463 103.482329 -4.383730 -39.304202 -0.227263 
876 41.503081 0.000000 3.743705 100.482406 1.295408 -2.014326 -0.010245 
877 51.296591 0.000000 3.743705 101.344299 16.721689 -12.711159 -0.071186 
878 51.296591 0.000000 0.434738 100.112067 -1.890309 2.591442 -0.003271 
879 54.857867 0.000000 3.743705 100.792521 -10.089841 -5.850027 -0.029516 
880 51.296591 0.000000 7.052672 100.071299 2.224403 3.123397 -0.002897 
881 45.954676 0.000000 2.089221 100.303456 -0.883290 0.209063 -0.006161 
882 45.954676 0.000000 0.434738 100.142507 -1.682333 2.200203 -0.003619 
883 47.735315 0.000000 2.089221 100.279745 -0.868150 0.507582 -0.005704 
884 45.954676 0.000000 3.743705 100.646613 3.751345 -4.046542 -0.016019 
885 43.283719 0.000000 2.916463 101.613624 -17.097265 -16.076045 -0.087608 
886 43.283719 0.000000 2.089221 100.355747 -0.296234 -0.447995 -0.007156 
887 44.174038 0.000000 2.916463 100.927788 -11.724988 -7.549758 -0.038089 
888 43.283719 0.000000 3.743705 100.524694 1.761015 -2.535997 -0.011475 
889 45.954676 0.000000 5.398189 100.213231 1.786059 1.349334 -0.004770 
890 47.735315 0.000000 5.398189 100.236416 1.721422 1.062570 -0.005143 
891 45.954676 0.000000 7.052672 100.033882 2.300298 3.587744 -0.002494 
892 45.064357 0.000000 2.916463 100.710836 -8.108240 -4.851329 -0.023195 
893 45.064357 0.000000 2.089221 100.320029 -0.142773 0.000874 -0.006413 
894 45.954676 0.000000 2.916463 100.596814 -6.319604 -3.432330 -0.017144 
895 45.064357 0.000000 3.743705 100.567901 2.548343 -3.069710 -0.012982 
896 51.296591 0.000000 -2.874230 99.905456 -2.350910 5.147511 -0.001312 
897 51.296591 0.000000 -6.183197 99.799188 -2.014883 6.457722 -0.000564 
898 54.857867 0.000000 -2.874230 99.893577 -2.337253 5.303430 -0.001232 
899 49.515953 0.000000 2.089221 100.260515 -0.903996 0.749852 -0.005355 
900 49.515953 0.000000 0.434738 100.122258 -1.825450 2.461148 -0.003386 
901 51.296591 0.000000 2.089221 100.244347 -0.967543 0.953602 -0.005077 
902 49.515953 0.000000 3.743705 100.787573 8.774731 -5.793664 -0.026870 
903 54.857867 0.000000 20.288541 99.726159 1.315750 7.446767 -0.000249 
904 61.980419 0.000000 20.288541 99.728661 1.365121 7.406347 -0.000252 
905 54.857867 0.000000 26.906476 99.705140 0.963206 7.717725 -0.000161 
906 51.296591 0.000000 10.361640 99.871770 2.266630 5.615412 -0.001104 
907 54.857867 0.000000 10.361640 99.883056 2.296754 5.473205 -0.001186 
908 51.296591 0.000000 13.670607 99.786500 1.886258 6.686238 -0.000561 
909 49.515953 0.000000 5.398189 100.261757 1.659127 0.748840 -0.005573 
910 51.296591 0.000000 5.398189 100.289607 1.603475 0.403791 -0.006074 
911 49.515953 0.000000 7.052672 100.058313 2.253889 3.284549 -0.002753 
912 48.625634 0.000000 2.916463 100.477690 -3.150340 -1.947109 -0.010948 
913 47.735315 0.000000 2.916463 100.505640 -3.920350 -2.295921 -0.012202 
914 48.625634 0.000000 2.089221 100.269669 -0.881485 0.634516 -0.005519 
915 49.515953 0.000000 2.916463 100.453122 -2.540153 -1.640440 -0.009997 
916 48.625634 0.000000 3.743705 100.730077 6.824093 -5.080134 -0.021892 
917 58.419143 0.000000 3.743705 100.493769 -3.550576 -2.134404 -0.011616 
918 58.419143 0.000000 0.434738 100.071340 -2.104673 3.107911 -0.002836 
919 61.980419 0.000000 3.743705 100.397759 -1.541219 -0.939156 -0.008297 
920 58.419143 0.000000 7.052672 100.129626 2.060844 2.399510 -0.003595 
921 53.077229 0.000000 2.089221 100.230229 -1.046007 1.131502 -0.004847 
922 53.077229 0.000000 0.434738 100.101857 -1.950633 2.721471 -0.003159 
923 54.857867 0.000000 2.089221 100.217467 -1.132079 1.292216 -0.004649 
924 53.077229 0.000000 3.743705 102.597129 -16.508103 -28.280675 -0.159848 
925 50.406272 0.000000 2.916463 100.429676 -2.055371 -1.347793 -0.009216 
926 50.406272 0.000000 2.089221 100.252120 -0.933277 0.855641 -0.005209 
927 51.296591 0.000000 2.916463 100.406765 -1.678439 -1.061896 -0.008546 
928 50.406272 0.000000 3.743705 100.921919 11.818175 -7.462414 -0.038059 
929 53.077229 0.000000 5.398189 100.320310 1.560630 0.023159 -0.006660 
930 54.857867 0.000000 5.398189 100.354156 1.539163 -0.396641 -0.007348 
931 53.077229 0.000000 7.052672 100.084859 2.190487 2.955126 -0.003051 
932 52.186910 0.000000 2.916463 100.384694 -1.395455 -0.786512 -0.007965 
933 52.186910 0.000000 2.089221 100.237081 -1.005458 1.045163 -0.004958 
934 53.077229 0.000000 2.916463 100.363999 -1.191459 -0.528298 -0.007463 
935 52.186910 0.000000 3.743705 102.914584 15.942533 -32.227091 -0.188416 
936 58.419143 0.000000 10.361640 99.895237 2.323386 5.320478 -0.001276 
937 61.980419 0.000000 10.361640 99.908374 2.346029 5.156277 -0.001377 
938 58.419143 0.000000 13.670607 99.796645 1.959860 6.553159 -0.000616 
939 56.638505 0.000000 5.398189 100.391328 1.550720 -0.857865 -0.008156 
940 56.638505 0.000000 3.743705 100.570294 -5.627546 -3.086692 -0.015558 
941 58.419143 0.000000 5.398189 100.431874 1.611263 -1.361099 -0.009101 
942 56.638505 0.000000 7.052672 100.113942 2.108784 2.594184 -0.003398 
943 58.419143 0.000000 -2.874230 99.882313 -2.319071 5.449670 -0.001155 
944 58.419143 0.000000 -6.183197 99.789504 -1.956728 6.596183 -0.000528 
945 61.980419 0.000000 -2.874230 99.871678 -2.297230 5.586654 -0.001084 
946 56.638505 0.000000 2.089221 100.205596 -1.221397 1.441607 -0.004473 
947 56.638505 0.000000 0.434738 100.081469 -2.057750 2.979941 -0.002941 
948 58.419143 0.000000 2.089221 100.194298 -1.311248 1.583647 -0.004312 
949 60.199781 0.000000 5.398189 100.475721 1.744213 -1.905428 -0.010204 
950 60.199781 0.000000 3.743705 100.443700 -2.308248 -1.511073 -0.009655 
951 61.980419 0.000000 5.398189 100.522654 1.988272 -2.488171 -0.011495 
952 60.199781 0.000000 7.052672 100.146212 2.008238 2.193604 -0.003811 
953 57.528824 0.000000 4.570947 100.683504 4.898021 -4.491032 -0.018133 
954 56.638505 0.000000 4.570947 100.658975 4.059425 -4.186645 -0.016624 
955 57.528824 0.000000 3.743705 100.525535 -4.436028 -2.529793 -0.013146 
956 58.419143 0.000000 4.570947 100.711527 6.028079 -4.838866 -0.020256 
957 57.528824 0.000000 5.398189 100.411182 1.573640 -1.104257 -0.008610 
958 60.199781 0.000000 2.089221 100.183360 -1.399889 1.721027 -0.004163 
959 60.199781 0.000000 0.434738 100.061284 -2.147307 3.234707 -0.002733 
960 61.980419 0.000000 2.089221 100.172638 -1.486170 1.855557 -0.004021 
961 59.309462 0.000000 4.570947 100.752445 7.609499 -5.347002 -0.023755 
962 59.309462 0.000000 3.743705 100.467681 -2.858942 -1.809634 -0.010520 
963 60.199781 0.000000 4.570947 100.833764 9.969437 -6.357297 -0.030725 
964 59.309462 0.000000 5.398189 100.453394 1.666766 -1.628235 -0.009631 
965 61.090100 0.000000 4.570947 101.050558 13.776513 -9.051406 -0.048294 
966 61.090100 0.000000 3.743705 100.420423 -1.873951 -1.221290 -0.008926 
967 61.980419 0.000000 4.570947 101.830933 18.966718 -18.750191 -0.108085 
968 61.090100 0.000000 5.398189 100.498826 1.848971 -2.192298 -0.010824 
969 19.245105 0.000000 40.142345 99.697916 0.410757 7.939909 -0.000289 
970 5.000000 0.000000 40.142345 99.698494 0.296367 7.967342 -0.000336 
971 19.245105 0.000000 53.378214 99.689592 0.296577 7.977279 -0.000174 
972 -9.245105 0.000000 40.142345 99.693647 0.194524 7.991325 -0.000272 
973 -23.490210 0.000000 40.142345 99.687622 0.124967 8.005173 -0.000172 
974 -9.245105 0.000000 53.378214 99.687815 0.155737 8.000164 -0.000169 
975 47.735315 0.000000 -39.272870 99.678424 -0.478102 7.933809 0.000104 
976 47.735315 0.000000 -52.508739 99.676611 -0.325949 7.972959 0.000090 
977 61.980419 0.000000 -39.272870 99.680827 -0.455534 7.934199 0.000057 
978 26.367657 0.000000 20.288541 99.737975 0.997243 7.594461 -0.000633 
979 19.245105 0.000000 20.288541 99.753680 0.867291 7.649816 -0.001007 
980 26.367657 0.000000 26.906476 99.712543 0.708241 7.795127 -0.000386 
981 12.122552 0.000000 20.288541 99.775109 0.686921 7.732513 -0.001534 
982 5.000000 0.000000 20.288541 99.777082 0.485792 7.840822 -0.001718 
983 12.122552 0.000000 26.906476 99.734005 0.508924 7.862777 -0.000895 
984 -9.245105 0.000000 -39.272870 99.667457 -0.167030 7.992189 0.000250 
985 -23.490210 0.000000 -39.272870 99.671003 -0.103399 8.005022 0.000160 
986 -9.245105 0.000000 -52.508739 99.671461 -0.134342 8.001435 0.000156 
987 -2.122552 0.000000 20.288541 99.751924 0.320296 7.930759 -0.001345 
988 -9.245105 0.000000 20.288541 99.722293 0.206510 7.978466 -0.000823 
989 -2.122552 0.000000 26.906476 99.724792 0.286671 7.953346 -0.000837 
990 26.367657 0.000000 -19.419066 99.667811 -0.883053 7.673978 0.000666 
991 26.367657 0.000000 -26.037001 99.670940 -0.622137 7.834941 0.000393 
992 33.490210 0.000000 -19.419066 99.687044 -0.908796 7.679400 0.000269 
993 -2.122552 0.000000 -19.419066 99.622010 -0.277263 7.925741 0.001256 
994 -9.245105 0.000000 -19.419066 99.642284 -0.171053 7.971386 0.000784 
995 -2.122552 0.000000 -26.037001 99.644112 -0.250061 7.953758 0.000773 
996 15.683829 0.000000 -9.492164 99.655307 -1.376702 6.895478 0.001938 
997 15.683829 0.000000 -12.801131 99.608846 -1.037301 7.328558 0.002329 
998 19.245105 0.000000 -9.492164 99.680452 -1.532562 6.789891 0.001536 
999 1.438724 0.000000 -9.492164 99.817431 0.049851 7.597895 -0.002125 
1000 -2.122552 0.000000 -9.492164 99.684753 0.081139 7.765314 0.000264 
1001 1.438724 0.000000 -12.801131 99.587285 -0.263150 7.791182 0.002160 
1002 6.780638 0.000000 -4.528713 99.463656 -0.939601 6.672069 0.006158 
1003 5.000000 0.000000 -4.528713 99.688683 -0.727347 7.006223 0.001255 
1004 6.780638 0.000000 -6.183197 99.619048 -0.439063 6.956870 0.002745 
1005 40.612762 0.000000 -19.419066 99.693265 -0.978618 7.685330 0.000123 
1006 40.612762 0.000000 -26.037001 99.682772 -0.729692 7.826167 0.000156 
1007 47.735315 0.000000 -19.419066 99.696343 -0.982501 7.695919 0.000045 
1008 54.857867 0.000000 -19.419066 99.697753 -0.977426 7.708001 -0.000001 
1009 54.857867 0.000000 -26.037001 99.687552 -0.748556 7.832461 0.000048 
1010 61.980419 0.000000 -19.419066 99.698252 -0.967347 7.720425 -0.000028 
1011 22.806381 0.000000 -9.492164 99.699883 -1.625370 6.755596 0.001165 
1012 22.806381 0.000000 -12.801131 99.671699 -1.279890 7.263021 0.001116 
1013 26.367657 0.000000 -9.492164 99.727350 -1.662183 6.792142 0.000556 
1014 29.928934 0.000000 -9.492164 99.739326 -1.675922 6.831176 0.000259 
1015 29.928934 0.000000 -12.801131 99.703211 -1.345861 7.280513 0.000445 
1016 33.490210 0.000000 -9.492164 99.746100 -1.675429 6.873326 0.000067 
1017 13.903191 0.000000 -4.528713 99.738119 -1.443485 5.196123 0.002322 
1018 13.903191 0.000000 -6.183197 99.763482 -1.374960 6.117601 0.000793 
1019 15.683829 0.000000 -4.528713 99.797248 -1.721205 5.011344 0.001243 
1020 17.464467 0.000000 -4.528713 99.848364 -1.866671 4.941524 0.000240 
1021 17.464467 0.000000 -6.183197 99.786449 -1.805199 5.862717 0.000503 
1022 19.245105 0.000000 -4.528713 99.811156 -2.042810 4.724777 0.001124 
1023 3.219362 0.000000 -4.528713 99.860869 -0.616345 7.107078 -0.002308 
1024 1.438724 0.000000 -4.528713 99.866963 -0.462987 7.173548 -0.002508 
1025 3.219362 0.000000 -6.183197 99.860891 -0.302071 7.302966 -0.002562 
1026 7.670957 0.000000 -2.046988 100.605723 -0.225459 6.614702 -0.016532 
1027 6.780638 0.000000 -2.046988 99.961063 0.127447 6.379685 -0.003293 
1028 7.670957 0.000000 -2.874230 100.333205 -0.616588 6.537921 -0.010988 
1029 29.928934 0.000000 10.361640 99.827809 1.901681 6.292010 -0.000880 
1030 26.367657 0.000000 10.361640 99.827591 1.839134 6.384883 -0.000970 
1031 29.928934 0.000000 13.670607 99.775170 1.547714 7.007163 -0.000658 
1032 22.806381 0.000000 10.361640 99.834841 1.756166 6.471286 -0.001196 
1033 19.245105 0.000000 10.361640 99.845587 1.634576 6.581936 -0.001514 
1034 22.806381 0.000000 13.670607 99.787978 1.405137 7.108155 -0.001014 
1035 13.012871 0.000000 -2.046988 99.625408 -1.085667 3.396802 0.006206 
1036 13.012871 0.000000 -2.874230 99.666920 -1.240538 4.112344 0.004805 
1037 13.903191 0.000000 -2.046988 99.717306 -1.162359 3.146024 0.004521 
1038 14.793510 0.000000 -2.046988 99.791173 -1.196946 3.004878 0.003126 
1039 14.793510 0.000000 -2.874230 99.791256 -1.410916 3.791005 0.002534 
1040 15.683829 0.000000 -2.046988 99.867842 -1.310811 2.920810 0.001616 
1041 8.116117 0.000000 -0.806125 78.786106 0.706811 8.062865 0.372724 
1042 7.670957 0.000000 -0.806125 78.442491 0.847592 4.095010 0.382929 
1043 8.116117 0.000000 -1.219746 101.467524 0.222314 7.288633 -0.034883 
1044 8.783856 0.000000 0.641548 78.674636 2.075541 -12.852420 0.364081 
1045 8.783856 0.000000 0.434738 79.444804 1.903775 -9.491818 0.359480 
1046 8.783856 0.000000 0.848359 83.785771 1.767133 -15.352065 0.274114 
1047 9.785465 0.000000 -0.082288 120.525843 -42.910213 -20.969742 -0.680750 
1048 9.785465 0.000000 -0.185694 122.840815 -46.500506 -23.392579 -0.779938 
1049 9.896755 0.000000 -0.082288 135.473118 -69.447423 -46.036030 -1.529523 
1050 9.618530 0.000000 0.072819 106.328676 -23.246248 -20.749532 -0.227672 
1051 9.618530 0.000000 0.021117 112.249748 -16.618436 -22.012440 -0.336073 
1052 9.674175 0.000000 0.072819 110.602731 -14.959147 -20.643196 -0.288288 
1053 9.340305 0.000000 -0.082288 97.712080 11.395465 -5.896908 0.028772 
1054 9.229016 0.000000 -0.082288 93.721008 7.707052 0.403183 0.115681 
1055 9.340305 0.000000 -0.185694 94.785230 7.907807 -1.109340 0.095200 
1056 9.395950 0.000000 0.072819 97.388268 2.576299 -10.542423 0.039775 
1057 9.340305 0.000000 0.072819 92.137333 14.852384 -6.968288 0.124156 
1058 9.395950 0.000000 0.021117 107.094856 -9.509258 -12.192276 -0.170839 
1059 9.785465 0.000000 0.538143 96.645460 12.089821 -7.671984 0.045463 
1060 9.674175 0.000000 0.538143 101.998266 26.121498 -28.609259 -0.190447 
1061 9.785465 0.000000 0.641548 97.970600 5.843501 -7.007195 0.031851 
1062 9.535063 0.000000 0.150373 101.316696 -16.484361 -16.850650 -0.082075 
1063 9.535063 0.000000 0.124522 102.536360 -18.158678 -17.424420 -0.114705 
1064 9.562885 0.000000 0.150373 102.536360 -18.158678 -17.424420 -0.114705 
1065 9.423773 0.000000 0.150373 94.572094 -7.088228 -23.397786 0.045842 
1066 9.395950 0.000000 0.150373 89.732999 3.069939 -9.705516 0.184437 
1067 9.423773 0.000000 0.124522 97.380137 -16.691681 -26.139777 -0.044479 
1068 9.493329 0.000000 0.215002 99.013088 -13.477789 -15.526562 -0.022632 
1069 9.493329 0.000000 0.227927 95.149449 -8.607222 -24.283329 0.028282 
1070 9.729820 0.000000 0.176225 111.984565 -18.543467 -27.886516 -0.366206 
1071 9.729820 0.000000 0.124522 111.306977 -18.367127 -24.508495 -0.332726 
1072 9.785465 0.000000 0.176225 118.884503 -32.404743 -36.301612 -0.650140 
1073 9.590708 0.000000 0.150373 103.547467 -19.482714 -18.348370 -0.143832 
1074 9.590708 0.000000 0.124522 103.931927 -19.829145 -18.506183 -0.153752 
1075 9.618530 0.000000 0.150373 103.931927 -19.829145 -18.506183 -0.153752 
1076 9.646353 0.000000 0.202076 104.429435 -21.395454 -22.041889 -0.184912 
1077 9.646353 0.000000 0.176225 104.320733 -20.095401 -18.621735 -0.163341 
1078 9.674175 0.000000 0.202076 107.485259 -17.575657 -22.834004 -0.238338 
1079 9.521151 0.000000 0.189150 100.526899 -15.473065 -16.160744 -0.060624 
1080 9.521151 0.000000 0.176225 100.526899 -15.473065 -16.160744 -0.060624 
1081 9.535063 0.000000 0.189150 100.526899 -15.473065 -16.160744 -0.060624 
1082 9.548974 0.000000 0.189150 101.171265 -16.040638 -16.508720 -0.076546 
1083 9.548974 0.000000 0.176225 101.316696 -16.484361 -16.850650 -0.082075 
1084 9.562885 0.000000 0.189150 101.273358 -16.968174 -16.706222 -0.082331 
1085 9.437684 0.000000 0.189150 93.226681 -6.599816 -22.867062 0.074233 
1086 9.423773 0.000000 0.189150 90.089701 1.310529 -11.122819 0.175841 
1087 9.437684 0.000000 0.176225 94.219279 -7.815147 -25.578442 0.040739 
1088 8.338696 0.000000 0.227927 73.975121 -1.554441 -39.866324 0.293594 
1089 8.338696 0.000000 0.021117 79.479487 0.327252 5.634145 0.365116 
1090 8.561276 0.000000 0.227927 77.882194 1.101072 -16.143857 0.367253 
1091 4.109681 0.000000 -0.392504 58.051461 1.816859 0.219584 0.662668 
1092 3.219362 0.000000 -0.392504 57.140148 0.038995 -0.760212 0.673442 
1093 4.109681 0.000000 -1.219746 99.186244 -2.215464 6.006493 0.012110 
1094 5.445160 0.000000 0.021117 41.453718 5.223070 -0.522381 0.825404 
1095 5.000000 0.000000 0.021117 27.707741 6.703277 -0.876164 0.918658 
1096 5.445160 0.000000 -0.392504 71.770433 2.171846 1.191440 0.484287 
1097 6.112899 0.000000 0.227927 72.747715 1.348721 -1.455596 0.470383 
1098 5.890319 0.000000 0.227927 74.951906 1.229227 -1.302391 0.437900 
1099 6.112899 0.000000 0.021117 47.454457 1.904929 2.012918 0.774039 
1100 9.841110 0.000000 0.383035 139.267935 -77.329678 -120.850336 -2.998024 
1101 9.785465 0.000000 0.383035 127.870681 -49.887687 -93.887542 -1.765456 
1102 9.841110 0.000000 0.434738 156.000519 -106.333403 -180.516143 -5.822903 
1103 9.729820 0.000000 0.383035 111.434718 -19.931939 -62.695403 -0.674569 
1104 9.674175 0.000000 0.383035 105.350116 -9.001369 -51.596698 -0.384189 
1105 9.729820 0.000000 0.434738 116.422477 -26.617045 -76.619426 -1.013320 
1106 9.590708 0.000000 0.253779 101.709187 -18.622275 -20.783047 -0.112348 
1107 9.590708 0.000000 0.279630 101.872176 -19.331076 -22.128804 -0.124131 
1108 10.230624 0.000000 0.538143 98.942187 14.230776 -3.489716 -0.000425 
1109 10.341914 0.000000 0.538143 99.167810 13.622855 -2.941413 -0.002849 
1110 10.230624 0.000000 0.641548 99.436954 7.058363 -4.032497 0.004621 
1111 10.063690 0.000000 0.383035 135.382341 -36.400671 -65.609910 -1.395805 
1112 10.119335 0.000000 0.383035 96.923492 48.511280 -4.543609 -0.176815 
1113 10.063690 0.000000 0.434738 97.226754 31.208026 -5.016232 -0.045215 
1114 10.008045 0.000000 -0.082288 135.473118 -69.447423 -46.036030 -1.529523 
1115 10.008045 0.000000 -0.185694 135.473118 -69.447423 -46.036030 -1.529523 
1116 10.119335 0.000000 -0.082288 135.473118 -69.447423 -46.036030 -1.529523 
1117 10.675784 0.000000 0.124522 102.834958 -39.886634 4.763716 -0.218867 
1118 10.675784 0.000000 0.021117 101.354275 -18.970318 -1.551983 -0.063497 
1119 10.174979 0.000000 0.383035 97.536586 46.902093 -3.522361 -0.172560 
1120 10.230624 0.000000 0.383035 97.922127 45.093148 -2.616376 -0.162898 
1121 10.174979 0.000000 0.434738 98.132047 30.055715 -4.091353 -0.054998 
1122 10.453204 0.000000 0.538143 99.375895 13.199215 -2.759839 -0.005740 
1123 10.564494 0.000000 0.538143 99.483746 12.772866 -2.244545 -0.006520 
1124 10.453204 0.000000 0.641548 99.790561 6.399423 -3.423879 -0.001083 
1125 10.675784 0.000000 0.538143 99.572193 12.621588 -1.754015 -0.007700 
1126 10.787074 0.000000 0.538143 99.701730 12.297627 -1.440139 -0.009374 
1127 10.675784 0.000000 0.641548 99.929186 6.139256 -2.522206 -0.002989 
1128 10.397559 0.000000 0.279630 102.177939 159.762896 111.678517 -3.843661 
1129 10.397559 0.000000 0.227927 112.301760 -132.467877 62.438253 -2.405796 
1130 10.397559 0.000000 0.331332 98.112177 68.182897 8.049044 -0.433969 
1131 12.567712 0.000000 -0.806125 99.462825 -1.424824 1.666520 0.010234 
1132 12.567712 0.000000 -1.219746 99.425174 -1.030672 2.323322 0.010817 
1133 13.012871 0.000000 -0.806125 99.571831 -1.443555 1.854344 0.007993 
1134 13.458031 0.000000 -0.806125 99.649862 -1.498586 1.731729 0.006466 
1135 13.458031 0.000000 -1.219746 99.655056 -1.065022 2.390736 0.006202 
1136 13.903191 0.000000 -0.806125 99.729839 -1.484746 1.645816 0.004905 
1137 11.899973 0.000000 -0.185694 100.663071 -9.665455 0.648473 -0.022690 
1138 11.899973 0.000000 -0.392504 100.511186 -5.225325 0.969629 -0.013074 
1139 12.122552 0.000000 -0.185694 100.655752 -9.804973 0.839665 -0.022842 
1140 11.120943 0.000000 0.124522 103.423287 -43.583148 20.058626 -0.299822 
1141 11.120943 0.000000 0.021117 101.384338 -22.002774 1.903011 -0.076653 
1142 10.898364 0.000000 0.538143 99.837222 12.019494 -1.205142 -0.011339 
1143 11.009654 0.000000 0.538143 99.917687 11.533722 -0.815691 -0.011724 
1144 10.898364 0.000000 0.641548 100.128110 5.832428 -2.013893 -0.006371 
1145 11.120943 0.000000 0.538143 99.955543 11.172833 -0.229925 -0.011600 
1146 11.232233 0.000000 0.538143 100.171681 11.004119 -0.043243 -0.015546 
1147 11.120943 0.000000 0.641548 100.166710 5.279853 -1.114798 -0.006249 
1148 11.566103 0.000000 0.124522 103.498607 -38.209868 36.853501 -0.353014 
1149 11.566103 0.000000 0.021117 101.474156 -24.032615 5.856645 -0.090887 
1150 11.677393 0.000000 0.124522 103.293177 -35.405823 40.052916 -0.352729 
1151 11.343523 0.000000 0.538143 100.199581 10.888235 0.005507 -0.015851 
1152 11.454813 0.000000 0.538143 100.235902 10.723436 0.240771 -0.016229 
1153 11.343523 0.000000 0.641548 100.383682 5.286367 -0.918917 -0.010567 
1154 11.566103 0.000000 0.538143 100.274161 10.590248 0.384372 -0.016721 
1155 11.677393 0.000000 0.538143 100.303017 10.483350 0.504398 -0.017085 
1156 11.566103 0.000000 0.641548 100.435351 5.215077 -0.571358 -0.011478 
1157 12.345132 0.000000 -0.185694 99.605848 -8.335954 0.718062 0.000867 
1158 12.345132 0.000000 -0.392504 99.469666 -3.811380 0.679244 0.009080 
1159 12.567712 0.000000 -0.185694 99.644350 -8.340372 0.839917 0.000074 
1160 12.790292 0.000000 -0.185694 99.657238 -8.272701 1.353616 -0.000184 
1161 12.790292 0.000000 -0.392504 99.550868 -3.826448 0.889900 0.007419 
1162 13.012871 0.000000 -0.185694 99.649188 -8.120526 1.395362 0.000215 
1163 11.788683 0.000000 0.124522 102.900258 -32.509531 42.240452 -0.342959 
1164 11.788683 0.000000 0.021117 101.440564 -24.433961 7.919249 -0.094992 
1165 11.899973 0.000000 0.124522 102.456111 -29.809123 43.417296 -0.327090 
1166 12.011263 0.000000 0.124522 102.102662 -27.342756 44.011416 -0.310958 
1167 12.011263 0.000000 0.021117 101.297538 -24.334898 9.469620 -0.094305 
1168 12.122552 0.000000 0.124522 101.838696 -25.155969 44.034844 -0.294301 
1169 11.788683 0.000000 0.538143 100.343231 10.456674 0.730781 -0.017864 
1170 11.899973 0.000000 0.538143 100.361136 10.331636 0.743127 -0.017965 
1171 11.788683 0.000000 0.641548 100.495402 5.236498 -0.235906 -0.012680 
1172 12.011263 0.000000 0.538143 100.300109 10.416940 1.031624 -0.016969 
1173 12.122552 0.000000 0.538143 100.318083 10.309109 1.068820 -0.017114 
1174 12.011263 0.000000 0.641548 100.482419 5.136982 -0.004459 -0.012311 
1175 12.233842 0.000000 0.124522 101.674097 -23.112453 43.988374 -0.280678 
1176 12.233842 0.000000 0.021117 101.245120 -23.842637 10.791927 -0.093551 
1177 12.345132 0.000000 0.124522 100.462164 -19.578196 42.808266 -0.230850 
1178 12.456422 0.000000 0.124522 100.232635 -17.852735 42.012265 -0.213033 
1179 12.456422 0.000000 0.021117 100.142856 -21.476210 11.290408 -0.061729 
1180 12.567712 0.000000 0.124522 99.883780 -16.412784 40.958388 -0.192374 
1181 12.233842 0.000000 0.538143 100.340777 10.515110 0.947043 -0.017974 
1182 12.345132 0.000000 0.538143 99.211568 12.078172 0.855282 0.001045 
1183 12.233842 0.000000 0.641548 100.510215 5.368958 0.062793 -0.013113 
1184 12.456422 0.000000 0.538143 99.220559 12.109844 1.033968 0.000756 
1185 12.567712 0.000000 0.538143 99.233273 12.239036 1.186529 0.000156 
1186 12.456422 0.000000 0.641548 99.404085 6.929019 0.219265 0.007077 
1187 21.025743 0.000000 -4.528713 99.840471 -2.080100 4.761105 0.000489 
1188 21.025743 0.000000 -6.183197 99.770775 -1.976119 5.710921 0.000927 
1189 22.806381 0.000000 -4.528713 99.855606 -2.133827 4.800883 0.000126 
1190 24.587019 0.000000 -4.528713 99.869941 -2.163451 4.882634 -0.000253 
1191 24.587019 0.000000 -6.183197 99.795586 -2.041205 5.761815 0.000348 
1192 26.367657 0.000000 -4.528713 99.878188 -2.181860 4.967759 -0.000509 
1193 16.574148 0.000000 -2.046988 99.919204 -1.432329 2.847813 0.000599 
1194 16.574148 0.000000 -2.874230 99.878604 -1.688485 3.619592 0.000831 
1195 17.464467 0.000000 -2.046988 99.964824 -1.490241 2.845312 -0.000328 
1196 18.354786 0.000000 -0.392504 100.133532 -1.877074 0.911433 -0.003108 
1197 18.354786 0.000000 -1.219746 100.050401 -1.297176 2.023679 -0.001586 
1198 19.245105 0.000000 -0.392504 100.153125 -1.728048 0.982283 -0.003460 
1199 14.348350 0.000000 -0.806125 99.798779 -1.461952 1.580836 0.003557 
1200 14.348350 0.000000 -1.219746 99.766546 -1.110727 2.100819 0.004099 
1201 14.793510 0.000000 -0.806125 99.854775 -1.459082 1.545943 0.002450 
1202 15.238669 0.000000 -0.806125 99.900647 -1.403853 1.530644 0.001555 
1203 15.238669 0.000000 -1.219746 99.869956 -1.127782 2.098044 0.002032 
1204 15.683829 0.000000 -0.806125 99.944288 -1.384053 1.529040 0.000689 
1205 13.235451 0.000000 -0.185694 99.670816 -7.971854 1.387111 0.000025 
1206 13.235451 0.000000 -0.392504 99.634931 -3.829161 0.909345 0.005739 
1207 13.458031 0.000000 -0.185694 99.707299 -7.784227 1.372455 -0.000402 
1208 13.680611 0.000000 -0.185694 99.763851 -7.539856 1.352061 -0.001150 
1209 13.680611 0.000000 -0.392504 99.729694 -3.706429 0.883839 0.003947 
1210 13.903191 0.000000 -0.185694 99.818897 -7.343315 1.351121 -0.001956 
1211 12.679002 0.000000 0.124522 99.485591 -15.510615 39.387271 -0.168932 
1212 12.679002 0.000000 0.021117 99.909800 -20.375386 11.693729 -0.053387 
1213 12.790292 0.000000 0.124522 99.148543 -15.081107 38.124195 -0.151133 
1214 12.901582 0.000000 0.331332 98.729515 23.540582 9.934149 -0.040036 
1215 12.901582 0.000000 0.227927 98.140941 22.905053 32.680365 -0.122429 
1216 12.901582 0.000000 0.434738 99.098959 17.371667 2.926649 -0.013094 
1217 12.679002 0.000000 0.538143 99.237098 12.382810 1.416403 -0.000334 
1218 12.790292 0.000000 0.538143 99.252895 12.550418 1.666322 -0.001143 
1219 12.679002 0.000000 0.641548 99.412571 7.100407 0.831652 0.006603 
1220 12.901582 0.000000 0.538143 99.267791 12.735545 1.820525 -0.001960 
1221 13.012871 0.000000 0.538143 99.270656 12.934921 1.861272 -0.002544 
1222 12.901582 0.000000 0.641548 99.456191 7.314726 1.283019 0.005331 
1223 13.124161 0.000000 0.538143 99.287374 13.153413 2.054226 -0.003521 
1224 13.235451 0.000000 0.538143 99.308630 13.296897 2.125371 -0.004353 
1225 13.124161 0.000000 0.641548 99.465548 7.540924 1.774310 0.004659 
1226 13.346741 0.000000 0.538143 99.329203 13.464536 2.184921 -0.005236 
1227 13.458031 0.000000 0.538143 99.350845 13.679289 2.228635 -0.006268 
1228 13.346741 0.000000 0.641548 99.482869 7.880926 2.290160 0.003580 
1229 14.125770 0.000000 -0.185694 99.859652 -7.130959 1.352333 -0.002463 
1230 14.125770 0.000000 -0.392504 99.815659 -3.577917 0.865620 0.002328 
1231 14.348350 0.000000 -0.185694 99.883538 -6.879305 1.256097 -0.002562 
1232 14.570930 0.000000 -0.185694 99.888956 -6.626649 1.215489 -0.002319 
1233 14.570930 0.000000 -0.392504 99.881216 -3.398865 0.825227 0.001151 
1234 14.793510 0.000000 -0.185694 99.880883 -6.311870 1.136332 -0.001732 
1235 13.569321 0.000000 0.538143 99.374428 13.903380 2.268229 -0.007373 
1236 13.569321 0.000000 0.434738 99.221925 17.823941 4.425947 -0.018227 
1237 13.569321 0.000000 0.641548 99.489698 8.439712 2.829970 0.002256 
1238 14.014480 0.000000 0.538143 99.479268 14.554544 2.376142 -0.011361 
1239 14.014480 0.000000 0.434738 99.339984 18.067152 5.401817 -0.022403 
1240 14.014480 0.000000 0.641548 99.485725 10.056501 3.824891 -0.001317 
1241 20.135424 0.000000 -0.392504 100.162734 -1.605185 0.842427 -0.003586 
1242 20.135424 0.000000 -1.219746 100.074105 -1.384101 1.868191 -0.002023 
1243 21.025743 0.000000 -0.392504 100.170544 -1.516208 0.923777 -0.003729 
1244 31.709572 0.000000 5.398189 100.073432 1.872164 3.086499 -0.002772 
1245 29.928934 0.000000 5.398189 100.060497 1.913256 3.248495 -0.002632 
1246 31.709572 0.000000 7.052672 99.955107 2.143738 4.603711 -0.001681 
1247 28.148295 0.000000 5.398189 100.047263 1.946762 3.405038 -0.002484 
1248 26.367657 0.000000 5.398189 100.035555 1.972789 3.555128 -0.002364 
1249 28.148295 0.000000 7.052672 99.940916 2.131741 4.811708 -0.001588 
1250 37.051486 0.000000 -9.492164 99.752210 -1.666315 6.925936 -0.000125 
1251 37.051486 0.000000 -12.801131 99.718878 -1.322645 7.325899 0.000073 
1252 40.612762 0.000000 -9.492164 99.752054 -1.608809 6.966487 -0.000159 
1253 44.174038 0.000000 -9.492164 99.751520 -1.689619 7.003888 -0.000228 
1254 44.174038 0.000000 -12.801131 99.721915 -1.386518 7.363041 -0.000060 
1255 47.735315 0.000000 -9.492164 99.750212 -1.670260 7.041798 -0.000248 
1256 28.148295 0.000000 -4.528713 99.881567 -2.195198 5.047869 -0.000663 
1257 28.148295 0.000000 -6.183197 99.812818 -2.060114 5.870088 -0.000130 
1258 29.928934 0.000000 -4.528713 99.881717 -2.203848 5.125944 -0.000749 
1259 31.709572 0.000000 -4.528713 99.880911 -2.208144 5.203039 -0.000814 
1260 31.709572 0.000000 -6.183197 99.816835 -2.060808 5.971452 -0.000331 
1261 33.490210 0.000000 -4.528713 99.878958 -2.209424 5.278467 -0.000855 
1262 27.257976 0.000000 1.261980 97.817447 7.539251 30.893513 -0.057950 
1263 27.257976 0.000000 0.434738 100.274217 -2.348012 0.314070 -0.006053 
1264 27.257976 0.000000 2.089221 100.543560 2.472393 -2.942834 -0.012378 
1265 32.599891 0.000000 2.916463 100.495608 1.006333 -2.228555 -0.010535 
1266 31.709572 0.000000 2.916463 100.477393 0.886368 -2.009731 -0.010053 
1267 32.599891 0.000000 3.743705 100.298120 0.858781 0.248885 -0.006051 
1268 30.819253 0.000000 2.916463 100.458484 0.798832 -1.783311 -0.009573 
1269 29.928934 0.000000 2.916463 100.439173 0.738709 -1.553105 -0.009099 
1270 30.819253 0.000000 3.743705 100.269227 0.956595 0.597633 -0.005519 
1271 35.270848 0.000000 -1.219746 100.076680 -1.929535 2.914893 -0.002756 
1272 35.270848 0.000000 -2.874230 99.962288 -2.230462 4.307866 -0.001599 
1273 37.051486 0.000000 -1.219746 100.068480 -1.976582 3.052983 -0.002693 
1274 34.380529 0.000000 1.261980 100.314410 -4.349797 -0.000840 -0.008190 
1275 34.380529 0.000000 0.434738 100.217251 -1.429121 1.188628 -0.004695 
1276 35.270848 0.000000 1.261980 100.313210 -3.561584 0.022914 -0.007543 
1277 36.161167 0.000000 2.916463 100.551775 1.914086 -2.903146 -0.012275 
1278 36.161167 0.000000 2.089221 99.179149 19.915627 14.140183 -0.043308 
1279 36.161167 0.000000 3.743705 100.363576 0.711159 -0.547280 -0.007365 
1280 51.296591 0.000000 -9.492164 99.748559 -1.649575 7.078157 -0.000260 
1281 51.296591 0.000000 -12.801131 99.722011 -1.363442 7.401259 -0.000112 
1282 54.857867 0.000000 -9.492164 99.746713 -1.628094 7.112907 -0.000265 
1283 58.419143 0.000000 -9.492164 99.744770 -1.606176 7.146055 -0.000267 
1284 58.419143 0.000000 -12.801131 99.720902 -1.335533 7.437599 -0.000136 
1285 61.980419 0.000000 -9.492164 99.742791 -1.584071 7.177636 -0.000265 
1286 46.844996 0.000000 2.916463 100.541935 -4.924998 -2.748580 -0.014049 
1287 46.844996 0.000000 2.089221 100.290936 -0.867263 0.366658 -0.005916 
1288 46.844996 0.000000 3.743705 100.670896 4.489359 -4.346997 -0.017368 
1289 15.683829 0.000000 10.361640 99.826626 1.439622 6.764083 -0.001318 
1290 12.122552 0.000000 10.361640 99.711656 1.089382 7.036519 0.000689 
1291 15.683829 0.000000 13.670607 99.815956 1.159687 7.261857 -0.001730 
1292 8.561276 0.000000 10.361640 99.694067 0.555246 7.261400 0.000806 
1293 5.000000 0.000000 10.361640 99.745868 0.341496 7.479489 -0.000530 
1294 8.561276 0.000000 13.670607 99.907914 0.709815 7.507229 -0.003845 
1295 1.438724 0.000000 10.361640 99.875692 0.270427 7.783767 -0.003581 
1296 -2.122552 0.000000 10.361640 99.775894 -0.037235 7.895101 -0.001756 
1297 1.438724 0.000000 13.670607 99.840281 0.240374 7.818343 -0.002927 
1298 5.890319 0.000000 -2.046988 100.133075 -0.050019 6.842642 -0.007346 
1299 5.000000 0.000000 -2.046988 99.692836 -0.421022 7.140706 0.001017 
1300 5.890319 0.000000 -2.874230 100.704996 -0.195715 7.599539 -0.019929 
1301 7.225798 0.000000 -0.806125 76.315038 0.646136 0.658560 0.417516 
1302 6.780638 0.000000 -0.806125 74.259720 1.424419 1.363743 0.448161 
1303 7.225798 0.000000 -1.219746 101.089542 0.028988 5.977523 -0.025483 
1304 8.783856 0.000000 0.227927 80.366860 1.458148 -4.934905 0.351469 
1305 8.783856 0.000000 0.021117 81.751460 0.936679 3.506337 0.330353 
1306 9.562885 0.000000 0.538143 86.312225 23.861663 -11.895195 0.183933 
1307 9.451595 0.000000 0.538143 81.383099 22.259420 -10.518252 0.277068 
1308 9.562885 0.000000 0.641548 104.410329 28.756819 -29.034812 -0.257149 
1309 9.618530 0.000000 0.383035 103.121357 -2.528488 -44.219929 -0.259581 
1310 9.562885 0.000000 0.383035 93.843162 13.994293 -16.310448 0.073159 
1311 9.618530 0.000000 0.434738 95.516371 15.080668 -17.326197 0.034900 
1312 9.507240 0.000000 0.383035 88.524513 18.465172 -10.683307 0.170831 
1313 9.451595 0.000000 0.383035 83.548963 21.374060 -7.936951 0.249973 
1314 9.507240 0.000000 0.434738 84.358143 22.973676 -8.021048 0.229158 
1315 9.340305 0.000000 0.538143 76.821067 18.239605 -19.938585 0.336829 
1316 9.229016 0.000000 0.538143 90.455774 17.263216 -27.434764 0.076707 
1317 9.340305 0.000000 0.641548 101.998266 26.121498 -28.609259 -0.190447 
1318 9.395950 0.000000 0.383035 82.231773 21.538451 -7.762551 0.271377 
1319 9.340305 0.000000 0.383035 80.715714 21.857224 -6.885184 0.295983 
1320 9.395950 0.000000 0.434738 80.083062 22.082198 -7.460708 0.304342 
1321 9.729820 0.000000 0.072819 112.566657 -20.881960 -21.617387 -0.357462 
1322 9.729820 0.000000 0.021117 112.580568 -23.292791 -21.187517 -0.366585 
1323 9.785465 0.000000 0.072819 116.967338 -31.577859 -33.124978 -0.577578 
1324 9.841110 0.000000 0.176225 132.430997 -60.711769 -44.525887 -1.320644 
1325 9.841110 0.000000 0.124522 133.239982 -62.633696 -44.878594 -1.368996 
1326 9.896755 0.000000 0.176225 135.473118 -69.447423 -46.036030 -1.529523 
1327 9.646353 0.000000 0.150373 105.150757 -21.537715 -19.631482 -0.190595 
1328 9.646353 0.000000 0.124522 105.693298 -22.203235 -20.042622 -0.206576 
1329 9.674175 0.000000 0.150373 106.940598 -16.288773 -18.168057 -0.203169 
1330 4.109681 0.000000 -2.046988 99.593409 -1.765364 6.560171 0.003500 
1331 3.219362 0.000000 -2.046988 100.050104 -0.430410 6.442472 -0.005171 
1332 4.109681 0.000000 -2.874230 100.244572 -1.796228 7.107625 -0.010272 
1333 6.335479 0.000000 -0.806125 72.874915 1.011244 1.710593 0.468530 
1334 5.890319 0.000000 -0.806125 72.819051 1.403291 1.381335 0.469351 
1335 6.335479 0.000000 -1.219746 99.964131 0.338682 5.635974 -0.002471 
1336 10.230624 0.000000 -0.082288 129.948708 -76.383340 66.062858 -1.708538 
1337 10.230624 0.000000 -0.185694 102.122549 -5.274702 -2.868017 -0.046506 
1338 10.341914 0.000000 -0.082288 102.075384 -9.140268 -2.723813 -0.051035 
1339 9.952400 0.000000 0.176225 135.473118 -69.447423 -46.036030 -1.529523 
1340 9.952400 0.000000 0.124522 135.473118 -69.447423 -46.036030 -1.529523 
1341 10.008045 0.000000 0.176225 135.473118 -69.447423 -46.036030 -1.529523 
1342 10.286269 0.000000 0.383035 98.203512 43.380428 -1.972623 -0.152968 
1343 10.341914 0.000000 0.383035 98.416895 41.633459 -1.490968 -0.142145 
1344 10.286269 0.000000 0.434738 98.601741 28.516607 -3.299736 -0.054639 
1345 10.397559 0.000000 0.383035 98.553523 39.813346 -0.992467 -0.129888 
1346 10.453204 0.000000 0.383035 98.679167 38.127103 -0.843944 -0.119197 
1347 10.397559 0.000000 0.434738 98.875759 26.777092 -2.844835 -0.050152 
1348 10.453204 0.000000 -0.082288 101.388298 -9.939948 -2.324989 -0.038380 
1349 10.453204 0.000000 -0.185694 100.996425 -6.571578 -1.436716 -0.024553 
1350 10.564494 0.000000 -0.082288 101.047044 -10.521580 -2.028611 -0.032532 
1351 18.354786 0.000000 -2.046988 99.993986 -1.541593 2.840709 -0.000924 
1352 18.354786 0.000000 -2.874230 99.943978 -1.768729 3.603479 -0.000491 
1353 19.245105 0.000000 -2.046988 100.011195 -1.626112 2.827706 -0.001288 
1354 12.901582 0.000000 0.124522 98.970758 -15.098441 36.712274 -0.137096 
1355 12.901582 0.000000 0.021117 99.668591 -19.303209 11.760878 -0.044476 
1356 13.012871 0.000000 0.124522 98.884942 -15.109446 35.200398 -0.124560 
1357 24.587019 0.000000 5.398189 100.025999 1.991047 3.694585 -0.002281 
1358 22.806381 0.000000 5.398189 100.016275 2.000331 3.833493 -0.002195 
1359 24.587019 0.000000 7.052672 99.930887 2.098413 5.002398 -0.001561 
1360 21.025743 0.000000 5.398189 100.004076 1.993246 3.980432 -0.002063 
1361 19.245105 0.000000 5.398189 99.985634 1.996384 4.152415 -0.001836 
1362 21.025743 0.000000 7.052672 99.919302 2.030561 5.210011 -0.001513 
1363 13.124161 0.000000 0.124522 98.831472 -15.190479 33.765227 -0.113850 
1364 13.124161 0.000000 0.021117 99.573250 -18.351397 11.307390 -0.037946 
1365 13.235451 0.000000 0.124522 98.795778 -15.426699 32.275763 -0.104031 
1366 13.346741 0.000000 0.124522 98.792158 -15.613096 30.882862 -0.095741 
1367 13.346741 0.000000 0.021117 99.538714 -17.576989 10.574088 -0.032872 
1368 13.458031 0.000000 0.124522 98.835313 -15.835396 29.542915 -0.089196 
1369 13.569321 0.000000 0.331332 98.800374 22.476921 13.547482 -0.045026 
1370 13.569321 0.000000 0.227927 98.194444 13.993182 34.792041 -0.104844 
1371 13.680611 0.000000 0.331332 98.863069 22.274869 14.160339 -0.047059 
1372 20.135424 0.000000 -2.046988 100.004212 -1.677264 2.673858 -0.001081 
1373 20.135424 0.000000 -2.874230 99.936473 -1.904449 3.421355 -0.000263 
1374 21.025743 0.000000 -2.046988 100.013681 -1.706894 2.699174 -0.001294 
1375 21.916062 0.000000 -0.392504 100.176557 -1.462421 1.001614 -0.003848 
1376 21.916062 0.000000 -1.219746 100.093262 -1.464310 1.941963 -0.002458 
1377 22.806381 0.000000 -0.392504 100.179874 -1.423116 1.096078 -0.003923 
1378 23.696700 0.000000 -0.392504 100.180969 -1.401274 1.163747 -0.003954 
1379 23.696700 0.000000 -1.219746 100.103241 -1.535946 2.055845 -0.002724 
1380 24.587019 0.000000 -0.392504 100.181023 -1.392085 1.252877 -0.003975 
1381 29.038614 0.000000 2.916463 100.419214 0.701329 -1.321591 -0.008626 
1382 28.148295 0.000000 2.916463 100.399894 0.683071 -1.093920 -0.008180 
1383 29.038614 0.000000 3.743705 100.242561 1.058967 0.916329 -0.005053 
1384 27.257976 0.000000 2.916463 100.380304 0.680553 -0.867090 -0.007742 
1385 26.367657 0.000000 2.916463 100.361455 0.690722 -0.649456 -0.007332 
1386 27.257976 0.000000 3.743705 100.216956 1.159657 1.209637 -0.004625 
1387 35.270848 0.000000 -4.528713 99.876237 -2.208198 5.352038 -0.000878 
1388 35.270848 0.000000 -6.183197 99.816750 -2.050384 6.070062 -0.000443 
1389 37.051486 0.000000 -4.528713 99.874201 -2.204159 5.431956 -0.000922 
1390 38.832124 0.000000 -1.219746 100.059686 -2.020518 3.182240 -0.002615 
1391 38.832124 0.000000 -2.874230 99.950633 -2.253975 4.520284 -0.001564 
1392 40.612762 0.000000 -1.219746 100.048959 -1.851771 3.327081 -0.002429 
1393 36.161167 0.000000 1.261980 100.306855 -2.980714 0.107412 -0.007036 
1394 36.161167 0.000000 0.434738 100.205247 -1.416987 1.353805 -0.004493 
1395 37.051486 0.000000 1.261980 100.297392 -2.550871 0.238782 -0.006613 
1396 37.941805 0.000000 1.261980 100.287655 -2.231821 0.366426 -0.006273 
1397 37.941805 0.000000 0.434738 100.193569 -1.433629 1.526386 -0.004314 
1398 38.832124 0.000000 1.261980 100.277847 -1.994496 0.494680 -0.005987 
1399 39.722443 0.000000 1.261980 100.251798 -0.240636 0.822859 -0.005116 
1400 39.722443 0.000000 0.434738 100.175904 -0.901569 1.758250 -0.003912 
1401 40.612762 0.000000 1.261980 100.243794 -0.291919 0.926752 -0.004976 
1402 42.393400 0.000000 -1.219746 100.039956 -1.899197 3.449655 -0.002350 
1403 42.393400 0.000000 -2.874230 99.936796 -2.147308 4.720632 -0.001426 
1404 44.174038 0.000000 -1.219746 100.030924 -1.941911 3.570713 -0.002271 
1405 41.503081 0.000000 1.261980 100.236367 -0.346882 1.023040 -0.004850 
1406 41.503081 0.000000 0.434738 100.165993 -1.012136 1.891003 -0.003783 
1407 42.393400 0.000000 1.261980 100.229410 -0.404309 1.113119 -0.004734 
1408 43.283719 0.000000 1.261980 100.222834 -0.463290 1.198136 -0.004627 
1409 43.283719 0.000000 0.434738 100.156071 -1.117527 2.022181 -0.003658 
1410 44.174038 0.000000 1.261980 100.216566 -0.523131 1.279035 -0.004527 
1411 45.954676 0.000000 -1.219746 100.022772 -2.253404 3.679454 -0.002317 
1412 45.954676 0.000000 -2.874230 99.924309 -2.360610 4.894788 -0.001440 
1413 47.735315 0.000000 -1.219746 100.013790 -2.279464 3.797216 -0.002237 
1414 45.064357 0.000000 1.261980 100.210547 -0.583304 1.356593 -0.004433 
1415 45.064357 0.000000 0.434738 100.146107 -1.217428 2.152548 -0.003536 
1416 45.954676 0.000000 1.261980 100.206164 -1.197001 1.413625 -0.004471 
1417 46.844996 0.000000 1.261980 100.200539 -1.242102 1.485842 -0.004390 
1418 46.844996 0.000000 0.434738 100.137466 -1.719754 2.265476 -0.003560 
1419 47.735315 0.000000 1.261980 100.195027 -1.287178 1.556474 -0.004312 
1420 49.515953 0.000000 -1.219746 100.004909 -2.301996 3.912796 -0.002159 
1421 49.515953 0.000000 -2.874230 99.911613 -2.355727 5.065812 -0.001354 
1422 51.296591 0.000000 -1.219746 99.996154 -2.321208 4.026041 -0.002083 
1423 48.625634 0.000000 1.261980 100.189602 -1.332019 1.625847 -0.004237 
1424 48.625634 0.000000 0.434738 100.127340 -1.791328 2.395947 -0.003443 
1425 49.515953 0.000000 1.261980 100.184246 -1.376453 1.694229 -0.004165 
1426 50.406272 0.000000 1.261980 100.178941 -1.420341 1.761840 -0.004094 
1427 50.406272 0.000000 0.434738 100.117166 -1.858445 2.526318 -0.003328 
1428 51.296591 0.000000 1.261980 100.173673 -1.463567 1.828857 -0.004025 
1429 53.077229 0.000000 -1.219746 99.987547 -2.337300 4.136826 -0.002009 
1430 53.077229 0.000000 -2.874230 99.899441 -2.344707 5.226703 -0.001271 
1431 54.857867 0.000000 -1.219746 99.979104 -2.350471 4.245048 -0.001937 
1432 52.186910 0.000000 1.261980 100.168433 -1.506039 1.895426 -0.003958 
1433 52.186910 0.000000 0.434738 100.106963 -1.921039 2.656500 -0.003215 
1434 53.077229 0.000000 1.261980 100.163212 -1.547677 1.961661 -0.003891 
1435 56.638505 0.000000 -1.219746 99.970840 -2.360915 4.350632 -0.001867 
1436 56.638505 0.000000 -2.874230 99.887866 -2.328670 5.377735 -0.001193 
1437 58.419143 0.000000 -1.219746 99.962763 -2.368818 4.453519 -0.001800 
1438 17.464467 0.000000 5.398189 99.862998 1.821429 4.532354 0.000352 
1439 15.683829 0.000000 5.398189 99.820052 1.792783 4.725028 0.001042 
1440 17.464467 0.000000 7.052672 99.824449 1.876915 5.576334 0.000046 
1441 13.903191 0.000000 5.398189 99.775866 1.515758 4.945233 0.001802 
1442 12.122552 0.000000 5.398189 99.749054 1.317333 5.163570 0.002173 
1443 13.903191 0.000000 7.052672 99.745302 1.494802 5.920968 0.001358 
1444 8.783856 0.000000 -0.185694 82.722094 0.272713 10.058978 0.305580 
1445 8.561276 0.000000 -0.185694 81.872078 0.236892 12.914462 0.313012 
1446 8.783856 0.000000 -0.392504 82.240770 0.187231 13.890308 0.304348 
1447 9.841110 0.000000 0.072819 135.473118 -69.447423 -46.036030 -1.529523 
1448 9.841110 0.000000 0.021117 135.473118 -69.447423 -46.036030 -1.529523 
1449 9.896755 0.000000 0.072819 135.473118 -69.447423 -46.036030 -1.529523 
1450 8.338696 0.000000 -0.185694 80.733680 0.386601 10.969235 0.336160 
1451 8.116117 0.000000 -0.185694 79.550296 0.557999 8.526826 0.359873 
1452 8.338696 0.000000 -0.392504 81.041609 0.407906 11.758385 0.329383 
1453 5.445160 0.000000 -0.806125 70.988353 2.340619 0.890446 0.495438 
1454 5.000000 0.000000 -0.806125 65.793048 2.995270 0.381100 0.566216 
1455 5.445160 0.000000 -1.219746 99.171162 -0.421890 6.039685 0.012842 
1456 9.952400 0.000000 0.072819 135.473118 -69.447423 -46.036030 -1.529523 
1457 9.952400 0.000000 0.021117 135.473118 -69.447423 -46.036030 -1.529523 
1458 10.008045 0.000000 0.072819 135.473118 -69.447423 -46.036030 -1.529523 
1459 10.063690 0.000000 0.176225 135.473118 -69.447423 -46.036030 -1.529523 
1460 10.063690 0.000000 0.124522 135.473118 -69.447423 -46.036030 -1.529523 
1461 10.119335 0.000000 0.176225 135.473118 -69.447423 -46.036030 -1.529523 
1462 10.174979 0.000000 0.176225 138.499359 -72.295342 -112.943221 -2.716486 
1463 10.174979 0.000000 0.124522 135.473118 -69.447423 -46.036030 -1.529523 
1464 10.230624 0.000000 0.176225 105.190761 -50.226295 -1.181773 -0.358917 
1465 10.508849 0.000000 0.383035 98.757720 36.692160 -0.485252 -0.109964 
1466 10.564494 0.000000 0.383035 98.800608 35.213086 -0.101073 -0.100153 
1467 10.508849 0.000000 0.434738 99.029306 25.376087 -2.431471 -0.045666 
1468 10.675784 0.000000 -0.082288 100.911715 -11.065923 -1.558366 -0.030806 
1469 10.675784 0.000000 -0.185694 100.674811 -7.252697 -0.797397 -0.018866 
1470 10.787074 0.000000 -0.082288 100.796681 -11.396802 -1.407263 -0.029184 
1471 10.898364 0.000000 -0.082288 100.747578 -11.795766 -1.188558 -0.029063 
1472 10.898364 0.000000 -0.185694 100.627681 -7.801568 -0.440468 -0.018699 
1473 11.009654 0.000000 -0.082288 100.871308 -12.425406 -0.465524 -0.032963 
1474 13.569321 0.000000 0.124522 98.955311 -15.971057 28.259554 -0.084583 
1475 13.569321 0.000000 0.021117 99.599301 -16.824479 9.858082 -0.030027 
1476 13.680611 0.000000 0.124522 99.131509 -15.984013 27.163921 -0.082042 
1477 13.791901 0.000000 0.331332 98.926015 22.046622 14.695221 -0.048836 
1478 13.791901 0.000000 0.227927 98.564451 11.444724 34.823486 -0.105861 
1479 13.903191 0.000000 0.331332 98.967065 21.802005 15.177073 -0.050015 
1480 14.014480 0.000000 0.331332 98.985757 21.532311 15.636025 -0.050631 
1481 14.014480 0.000000 0.227927 98.694576 9.371709 34.394882 -0.101146 
1482 14.125770 0.000000 0.331332 98.989761 21.269464 16.125437 -0.051139 
1483 21.916062 0.000000 -2.046988 100.023677 -1.758512 2.740527 -0.001534 
1484 21.916062 0.000000 -2.874230 99.962385 -1.975086 3.517943 -0.000876 
1485 22.806381 0.000000 -2.046988 100.031559 -1.793117 2.802058 -0.001738 
1486 25.477338 0.000000 2.916463 100.342852 0.711614 -0.438200 -0.006939 
1487 24.587019 0.000000 2.916463 100.323797 0.737844 -0.229880 -0.006546 
1488 25.477338 0.000000 3.743705 100.194286 1.255999 1.473593 -0.004264 
1489 23.696700 0.000000 2.916463 100.305168 0.772305 -0.030133 -0.006172 
1490 22.806381 0.000000 2.916463 100.286216 0.811013 0.166412 -0.005801 
1491 23.696700 0.000000 3.743705 100.171105 1.341534 1.725150 -0.003903 
1492 23.696700 0.000000 -2.046988 100.035425 -1.834438 2.844486 -0.001854 
1493 23.696700 0.000000 -2.874230 99.971347 -2.039812 3.587755 -0.001130 
1494 24.587019 0.000000 -2.046988 100.038553 -1.865951 2.905930 -0.001964 
1495 25.477338 0.000000 -0.392504 100.179873 -1.387601 1.334369 -0.003971 
1496 25.477338 0.000000 -1.219746 100.106683 -1.604974 2.189061 -0.002872 
1497 26.367657 0.000000 -0.392504 100.178022 -1.392530 1.417369 -0.003958 
1498 27.257976 0.000000 -0.392504 100.175547 -1.403754 1.497867 -0.003935 
1499 27.257976 0.000000 -1.219746 100.105669 -1.670940 2.326581 -0.002935 
1500 28.148295 0.000000 -0.392504 100.172590 -1.419550 1.572191 -0.003903 
1501 38.832124 0.000000 -4.528713 99.870207 -2.110446 5.506927 -0.000884 
1502 38.832124 0.000000 -6.183197 99.815460 -1.965640 6.175703 -0.000513 
1503 40.612762 0.000000 -4.528713 99.866243 -2.106155 5.573321 -0.000876 
1504 42.393400 0.000000 -4.528713 99.862180 -2.100456 5.637812 -0.000865 
1505 42.393400 0.000000 -6.183197 99.811152 -1.947097 6.262947 -0.000528 
1506 44.174038 0.000000 -4.528713 99.858074 -2.093538 5.700395 -0.000851 
1507 45.954676 0.000000 -4.528713 99.854335 -2.244238 5.756647 -0.000906 
1508 45.954676 0.000000 -6.183197 99.806637 -2.056058 6.342357 -0.000582 
1509 47.735315 0.000000 -4.528713 99.850242 -2.232625 5.815594 -0.000888 
1510 49.515953 0.000000 -4.528713 99.846198 -2.220284 5.872700 -0.000868 
1511 49.515953 0.000000 -6.183197 99.801674 -2.028939 6.420407 -0.000571 
1512 51.296591 0.000000 -4.528713 99.842218 -2.207316 5.928006 -0.000848 
1513 53.077229 0.000000 -4.528713 99.838313 -2.193808 5.981555 -0.000828 
1514 53.077229 0.000000 -6.183197 99.796720 -2.000584 6.493929 -0.000556 
1515 54.857867 0.000000 -4.528713 99.834491 -2.179837 6.033395 -0.000808 
1516 56.638505 0.000000 -4.528713 99.830756 -2.165470 6.083574 -0.000788 
1517 56.638505 0.000000 -6.183197 99.791871 -1.971464 6.563130 -0.000538 
1518 58.419143 0.000000 -4.528713 99.827113 -2.150768 6.132143 -0.000768 
1519 60.199781 0.000000 -1.219746 99.954881 -2.374363 4.553673 -0.001735 
1520 60.199781 0.000000 -2.874230 99.876917 -2.308559 5.519290 -0.001119 
1521 61.980419 0.000000 -1.219746 99.947201 -2.377720 4.651074 -0.001673 
1 6 17 15 16 
2 16 15 18 4 
3 1 30 28 29 
4 29 28 17 6 
5 17 33 31 32 
6 32 31 34 15 
7 28 46 44 45 
8 45 44 33 17 
9 33 49 47 48 
10 48 47 50 31 
11 55 58 39 59 
12 56 55 59 40 
13 44 62 60 61 
14 61 60 49 33 
15 49 65 63 64 
16 63 56 40 66 
17 64 63 66 47 
18 71 74 55 75 
19 72 71 75 56 
20 60 95 93 94 
21 94 93 65 49 
22 108 109 58 110 
23 74 108 110 55 
24 124 126 108 127 
25 125 124 127 74 
26 141 142 105 143 
27 109 141 143 58 
28 144 145 109 146 
29 126 144 146 108 
30 147 149 126 150 
31 148 147 150 124 
32 156 125 74 158 
33 157 156 158 71 
34 159 148 124 161 
35 160 159 161 125 
36 137 164 162 163 
37 163 162 165 140 
38 7 168 166 167 
39 168 21 169 166 
40 166 169 19 37 
41 167 166 37 20 
42 20 172 170 171 
43 172 37 173 170 
44 170 173 35 53 
45 171 170 53 36 
46 36 176 174 175 
47 176 53 177 174 
48 174 177 51 69 
49 175 174 69 52 
50 69 180 178 179 
51 180 51 181 178 
52 178 181 70 90 
53 179 178 90 67 
54 67 184 182 183 
55 184 90 185 182 
56 182 185 88 113 
57 183 182 113 89 
58 113 188 186 187 
59 188 88 189 186 
60 186 189 114 130 
61 187 186 130 111 
62 111 192 190 191 
63 192 130 193 190 
64 89 201 199 200 
65 201 113 187 199 
66 199 187 111 139 
67 200 199 139 112 
68 139 204 202 203 
69 204 111 191 202 
70 203 202 164 137 
71 164 207 205 206 
72 206 205 208 162 
73 209 211 147 212 
74 210 209 212 148 
75 140 165 222 223 
76 222 210 148 224 
77 223 222 224 159 
78 162 208 225 226 
79 226 225 227 165 
80 205 230 228 229 
81 229 228 231 208 
82 232 234 213 235 
83 233 232 235 214 
84 191 243 241 242 
85 243 190 244 241 
86 241 244 153 196 
87 242 241 196 129 
88 129 247 245 246 
89 247 196 248 245 
90 245 248 194 219 
91 246 245 219 195 
92 195 251 249 250 
93 251 219 252 249 
94 249 252 217 238 
95 250 249 238 218 
96 238 275 273 274 
97 275 217 276 273 
98 273 276 239 277 
99 274 273 277 236 
100 208 231 278 279 
101 278 233 214 280 
102 279 278 280 225 
103 228 283 281 282 
104 282 281 284 231 
105 218 287 285 286 
106 287 238 274 285 
107 286 285 288 237 
108 152 240 289 290 
109 240 221 291 289 
110 289 291 232 292 
111 290 289 292 233 
112 237 288 293 294 
113 288 236 295 293 
114 293 295 240 296 
115 294 293 296 152 
116 285 299 297 298 
117 299 274 300 297 
118 297 300 236 301 
119 298 297 301 288 
120 231 284 302 303 
121 284 152 290 302 
122 302 290 233 304 
123 303 302 304 278 
124 281 307 305 306 
125 307 237 294 305 
126 305 294 152 308 
127 306 305 308 284 
128 65 311 309 310 
129 309 72 56 312 
130 310 309 312 63 
131 313 157 71 316 
132 314 313 316 72 
133 317 160 125 320 
134 318 317 320 156 
135 73 323 321 322 
136 323 136 318 321 
137 321 318 156 324 
138 322 321 324 157 
139 133 327 325 326 
140 136 330 328 329 
141 328 331 317 332 
142 329 328 332 318 
143 93 335 333 334 
144 334 333 311 65 
145 134 341 339 340 
146 341 133 326 339 
147 339 326 136 323 
148 340 339 323 73 
149 326 344 342 343 
150 344 325 345 342 
151 342 345 319 330 
152 343 342 330 136 
153 319 347 346 331 
154 347 57 348 346 
155 346 348 160 349 
156 331 346 349 317 
157 330 352 350 351 
158 352 319 353 350 
159 350 353 331 354 
160 351 350 354 328 
161 355 322 157 358 
162 356 355 358 313 
163 336 361 359 360 
164 361 134 340 359 
165 364 73 365 362 
166 362 365 322 366 
167 363 362 366 355 
168 311 369 367 368 
169 369 5 314 367 
170 367 314 72 370 
171 368 367 370 309 
172 5 373 371 372 
173 373 315 356 371 
174 371 356 313 374 
175 372 371 374 314 
176 315 377 375 376 
177 377 357 363 375 
178 375 363 355 378 
179 376 375 378 356 
180 359 381 379 380 
181 381 340 382 379 
182 379 382 73 364 
183 380 379 364 357 
184 357 385 383 384 
185 385 364 386 383 
186 383 386 362 387 
187 384 383 387 363 
188 391 392 215 393 
189 234 391 393 213 
190 221 272 394 291 
191 272 198 395 394 
192 394 395 234 396 
193 291 394 396 232 
194 239 399 397 398 
195 399 269 400 397 
196 397 400 272 401 
197 398 397 401 221 
198 220 403 402 271 
199 403 265 404 402 
200 402 404 268 405 
201 271 402 405 198 
202 269 407 406 400 
203 407 271 408 406 
204 406 408 198 409 
205 400 406 409 272 
206 151 411 410 392 
207 411 264 412 410 
208 410 412 388 413 
209 392 410 413 215 
210 268 416 414 415 
211 416 151 417 414 
212 414 417 392 418 
213 415 414 418 391 
214 419 420 144 421 
215 149 419 421 126 
216 422 423 149 424 
217 211 422 424 147 
218 264 430 429 412 
219 430 154 431 429 
220 429 431 389 432 
221 412 429 432 388 
222 130 434 433 193 
223 434 114 435 433 
224 437 258 438 436 
225 154 440 439 431 
226 440 426 441 439 
227 439 441 425 442 
228 132 428 443 444 
229 428 260 445 443 
230 443 445 422 446 
231 444 443 446 211 
232 389 442 447 448 
233 442 425 449 447 
234 447 449 428 450 
235 448 447 450 132 
236 431 453 451 452 
237 453 439 454 451 
238 451 454 442 455 
239 452 451 455 389 
240 426 465 464 441 
241 465 257 466 464 
242 464 466 427 467 
243 441 464 467 425 
244 258 469 468 438 
245 469 131 470 468 
246 468 470 259 461 
247 257 472 471 466 
248 472 461 473 471 
249 471 473 460 474 
250 466 471 474 427 
251 475 476 419 477 
252 423 475 477 149 
253 461 483 482 473 
254 483 259 484 482 
255 482 484 462 485 
256 473 482 485 460 
257 90 487 486 185 
258 487 70 488 486 
259 486 488 91 121 
260 185 486 121 88 
261 88 490 489 189 
262 490 121 491 489 
263 489 491 120 254 
264 189 489 254 114 
265 114 493 492 435 
266 493 254 494 492 
267 131 496 495 470 
268 496 457 497 495 
269 495 497 456 479 
270 470 495 479 259 
271 456 511 510 480 
272 511 458 512 510 
273 510 512 256 513 
274 480 510 513 459 
275 479 516 514 515 
276 516 456 517 514 
277 514 517 480 518 
278 515 514 518 478 
279 519 520 141 521 
280 145 519 521 109 
281 522 523 145 524 
282 420 522 524 144 
283 525 526 420 527 
284 476 525 527 419 
285 529 506 530 528 
286 528 530 509 531 
287 512 528 531 256 
288 254 533 532 494 
289 533 120 534 532 
290 532 534 255 507 
291 253 537 535 536 
292 537 507 538 535 
293 535 538 506 529 
294 536 535 529 458 
295 458 541 539 540 
296 541 529 542 539 
297 539 542 528 543 
298 540 539 543 512 
299 506 549 548 530 
300 549 508 550 548 
301 548 550 123 551 
302 530 548 551 509 
303 552 553 522 554 
304 526 552 554 420 
305 508 556 555 550 
306 555 557 547 558 
307 550 555 558 123 
308 121 560 559 491 
309 560 91 561 559 
310 559 561 122 503 
311 491 559 503 120 
312 120 563 562 534 
313 563 503 564 562 
314 562 564 502 545 
315 534 562 545 255 
316 255 567 565 566 
317 567 545 568 565 
318 565 568 544 556 
319 566 565 556 508 
320 544 578 577 557 
321 578 546 579 577 
322 577 579 505 580 
323 557 577 580 547 
324 556 583 581 582 
325 583 544 584 581 
326 581 584 557 585 
327 582 581 585 555 
328 586 587 519 588 
329 523 586 588 145 
330 589 590 523 591 
331 553 589 591 522 
332 546 593 592 579 
333 593 573 594 592 
334 592 594 576 595 
335 579 592 595 505 
336 573 601 600 594 
337 601 575 602 600 
338 600 602 41 603 
339 594 600 603 576 
340 604 605 586 606 
341 590 604 606 523 
342 575 608 607 602 
343 608 596 609 607 
344 607 609 599 610 
345 602 607 610 41 
346 596 632 631 609 
347 632 598 633 631 
348 631 633 572 634 
349 609 631 634 599 
350 638 639 106 640 
351 142 638 640 105 
352 641 642 142 643 
353 520 641 643 141 
354 644 645 520 646 
355 587 644 646 519 
356 647 648 587 649 
357 605 647 649 586 
358 598 651 650 633 
359 651 627 652 650 
360 650 652 630 653 
361 633 650 653 572 
362 658 659 644 660 
363 648 658 660 587 
364 629 663 661 662 
365 663 654 664 661 
366 661 664 657 665 
367 662 661 665 501 
368 671 625 672 670 
369 654 675 674 664 
370 675 656 676 674 
371 674 676 626 677 
372 664 674 677 657 
373 678 679 641 680 
374 645 678 680 520 
375 681 682 645 683 
376 659 681 683 644 
377 684 686 678 687 
378 682 684 687 645 
379 673 690 688 689 
380 690 119 691 688 
381 688 691 682 692 
382 689 688 692 681 
383 625 694 693 672 
384 694 666 695 693 
385 693 695 669 685 
386 87 697 696 642 
387 697 618 698 696 
388 696 698 638 699 
389 642 696 699 142 
390 622 701 700 679 
391 701 87 702 700 
392 700 702 642 703 
393 679 700 703 641 
394 705 622 706 704 
395 704 706 679 707 
396 686 704 707 678 
397 685 710 708 709 
398 710 669 711 708 
399 708 711 686 712 
400 709 708 712 684 
401 118 714 713 621 
402 714 615 715 713 
403 713 715 618 697 
404 621 713 697 87 
405 619 717 716 668 
406 717 621 718 716 
407 716 718 87 701 
408 668 716 701 622 
409 666 720 719 695 
410 720 668 721 719 
411 719 721 622 705 
412 695 719 705 669 
413 669 723 722 711 
414 723 705 724 722 
415 722 724 704 725 
416 711 722 725 686 
417 726 728 635 729 
418 639 726 729 106 
419 618 731 730 698 
420 731 25 732 730 
421 730 732 639 733 
422 698 730 733 638 
423 25 738 737 732 
424 738 727 739 737 
425 737 739 726 740 
426 732 737 740 639 
427 727 754 753 739 
428 754 614 755 753 
429 753 755 728 756 
430 739 753 756 726 
431 764 613 765 763 
432 614 767 766 755 
433 767 750 768 766 
434 766 768 749 769 
435 755 766 769 728 
436 750 775 774 768 
437 775 83 776 774 
438 774 776 751 777 
439 768 774 777 749 
440 613 779 778 765 
441 779 760 780 778 
442 778 780 746 771 
443 771 791 789 790 
444 791 746 792 789 
445 789 792 772 793 
446 790 789 793 770 
447 760 798 797 780 
448 798 762 799 797 
449 797 799 12 786 
450 780 797 786 746 
451 746 801 800 792 
452 801 786 802 800 
453 800 802 785 803 
454 792 800 803 772 
455 786 809 808 802 
456 809 12 810 808 
457 808 810 787 811 
458 802 808 811 785 
459 10 101 812 813 
460 101 13 814 812 
461 812 814 3 815 
462 813 812 815 14 
463 26 744 816 817 
464 744 99 818 816 
465 816 818 101 819 
466 817 816 819 10 
467 103 784 820 821 
468 784 741 822 820 
469 820 822 744 823 
470 821 820 823 26 
471 747 807 824 825 
472 807 781 826 824 
473 824 826 784 827 
474 825 824 827 103 
475 787 830 828 829 
476 830 804 831 828 
477 828 831 807 832 
478 829 828 832 747 
479 781 844 845 826 
480 844 783 846 845 
481 845 846 741 847 
482 826 845 847 784 
483 806 850 848 849 
484 850 841 851 848 
485 848 851 844 852 
486 849 848 852 781 
487 841 864 863 851 
488 864 843 865 863 
489 863 865 783 866 
490 851 863 866 844 
491 741 840 867 822 
492 840 743 868 867 
493 867 868 99 869 
494 822 867 869 744 
495 783 862 870 846 
496 862 837 871 870 
497 870 871 840 872 
498 846 870 872 741 
499 843 874 873 865 
500 874 859 875 873 
501 873 875 862 876 
502 865 873 876 783 
503 859 886 885 875 
504 886 861 887 885 
505 885 887 837 888 
506 875 885 888 862 
507 837 884 889 871 
508 884 839 890 889 
509 889 890 743 891 
510 871 889 891 840 
511 861 893 892 887 
512 893 881 894 892 
513 892 894 884 895 
514 887 892 895 837 
515 99 836 903 818 
516 836 100 904 903 
517 903 904 13 905 
518 818 903 905 101 
519 743 880 906 868 
520 880 833 907 906 
521 906 907 836 908 
522 868 906 908 99 
523 839 902 909 890 
524 902 877 910 909 
525 909 910 880 911 
526 890 909 911 743 
527 883 914 912 913 
528 914 899 915 912 
529 912 915 902 916 
530 913 912 916 839 
531 922 834 923 921 
532 921 923 879 924 
533 899 926 925 915 
534 926 901 927 925 
535 925 927 877 928 
536 915 925 928 902 
537 877 924 929 910 
538 924 879 930 929 
539 929 930 833 931 
540 910 929 931 880 
541 901 933 932 927 
542 933 921 934 932 
543 932 934 924 935 
544 927 932 935 877 
545 833 920 936 907 
546 920 835 937 936 
547 936 937 100 938 
548 907 936 938 836 
549 879 940 939 930 
550 939 941 920 942 
551 930 939 942 833 
552 944 855 945 943 
553 834 947 946 923 
554 947 918 948 946 
555 946 948 917 940 
556 923 946 940 879 
557 949 951 835 952 
558 941 949 952 920 
559 940 955 953 954 
560 955 917 956 953 
561 953 956 941 957 
562 954 953 957 939 
563 918 959 958 948 
564 959 8 960 958 
565 958 960 919 950 
566 948 958 950 917 
567 917 962 961 956 
568 962 950 963 961 
569 961 963 949 964 
570 956 961 964 941 
571 950 966 965 963 
572 966 919 967 965 
573 965 967 951 968 
574 963 965 968 949 
575 11 27 969 970 
576 27 10 813 969 
577 969 813 14 971 
578 970 969 971 9 
579 15 34 972 973 
580 34 11 970 972 
581 972 970 9 974 
582 973 972 974 18 
583 21 976 975 169 
584 976 2 977 975 
585 975 977 22 77 
586 169 975 77 19 
587 23 104 978 979 
588 104 26 817 978 
589 978 817 10 980 
590 979 978 980 27 
591 24 43 981 982 
592 43 23 979 981 
593 981 979 27 983 
594 982 981 983 11 
595 30 986 984 985 
596 986 7 167 984 
597 984 167 20 46 
598 985 984 46 28 
599 31 50 987 988 
600 50 24 982 987 
601 987 982 11 989 
602 988 987 989 34 
603 37 991 990 173 
604 991 19 992 990 
605 990 992 38 81 
606 173 990 81 35 
607 46 995 993 994 
608 995 20 171 993 
609 993 171 36 62 
610 994 993 62 44 
611 53 997 996 177 
612 997 35 998 996 
613 996 998 54 85 
614 177 996 85 51 
615 62 1001 999 1000 
616 1001 36 175 999 
617 999 175 52 95 
618 1000 999 95 60 
619 52 1004 1002 1003 
620 1004 69 179 1002 
621 1002 179 67 98 
622 1003 1002 98 68 
623 19 1006 1005 992 
624 1006 77 1007 1005 
625 1005 1007 76 758 
626 992 1005 758 38 
627 77 1009 1008 1007 
628 1009 22 1010 1008 
629 1008 1010 78 854 
630 1007 1008 854 76 
631 35 1012 1011 998 
632 1012 81 1013 1011 
633 1011 1013 80 612 
634 998 1011 612 54 
635 81 1015 1014 1013 
636 1015 38 1016 1014 
637 1014 1016 82 761 
638 1013 1014 761 80 
639 51 1018 1017 181 
640 1018 85 1019 1017 
641 1017 1019 84 117 
642 181 1017 117 70 
643 85 1021 1020 1019 
644 1021 54 1022 1020 
645 1020 1022 86 616 
646 1019 1020 616 84 
647 95 1025 1023 1024 
648 1025 52 1003 1023 
649 1023 1003 68 335 
650 1024 1023 335 93 
651 98 1028 1026 1027 
652 1028 67 183 1026 
653 1026 183 89 135 
654 1027 1026 135 96 
655 102 748 1029 1030 
656 748 103 821 1029 
657 1029 821 26 1031 
658 1030 1029 1031 104 
659 42 637 1032 1033 
660 637 102 1030 1032 
661 1032 1030 104 1034 
662 1033 1032 1034 23 
663 70 1036 1035 488 
664 1036 117 1037 1035 
665 1035 1037 116 499 
666 488 1035 499 91 
667 117 1039 1038 1037 
668 1039 84 1040 1038 
669 1038 1040 118 620 
670 1037 1038 620 116 
671 135 1043 1041 1042 
672 1043 89 200 1041 
673 1041 200 112 327 
674 1042 1041 327 133 
675 57 1045 1044 348 
676 1045 140 223 1044 
677 1044 223 159 1046 
678 348 1044 1046 160 
679 190 1048 1047 244 
680 1048 193 1049 1047 
681 1047 1049 128 262 
682 244 1047 262 153 
683 196 1051 1050 248 
684 1051 153 1052 1050 
685 1050 1052 197 266 
686 248 1050 266 194 
687 202 1055 1053 1054 
688 1055 191 242 1053 
689 1053 242 129 207 
690 1054 1053 207 164 
691 207 1058 1056 1057 
692 1058 129 246 1056 
693 1056 246 195 230 
694 1057 1056 230 205 
695 155 390 1059 1060 
696 390 132 444 1059 
697 1059 444 211 1061 
698 1060 1059 1061 209 
699 219 1063 1062 252 
700 1063 194 1064 1062 
701 1062 1064 220 270 
702 252 1062 270 217 
703 230 1067 1065 1066 
704 1067 195 250 1065 
705 1065 250 218 283 
706 1066 1065 283 228 
707 236 277 1068 295 
708 277 239 398 1068 
709 1068 398 221 1069 
710 295 1068 1069 240 
711 197 1071 1070 267 
712 1071 261 1072 1070 
713 1070 1072 264 411 
714 267 1070 411 151 
715 194 1074 1073 1064 
716 1074 266 1075 1073 
717 1073 1075 265 403 
718 1064 1073 403 220 
719 265 1077 1076 404 
720 1077 267 1078 1076 
721 1076 1078 151 416 
722 404 1076 416 268 
723 217 1080 1079 276 
724 1080 270 1081 1079 
725 1079 1081 269 399 
726 276 1079 399 239 
727 270 1083 1082 1081 
728 1083 220 1084 1082 
729 1082 1084 271 407 
730 1081 1082 407 269 
731 283 1087 1085 1086 
732 1087 218 286 1085 
733 1085 286 237 307 
734 1086 1085 307 281 
735 325 1089 1088 345 
736 1089 138 1090 1088 
737 1088 1090 57 347 
738 345 1088 347 319 
739 333 1093 1091 1092 
740 1093 97 337 1091 
741 1091 337 5 369 
742 1092 1091 369 311 
743 337 1096 1094 1095 
744 1096 336 360 1094 
745 1094 360 315 373 
746 1095 1094 373 5 
747 360 1099 1097 1098 
748 1099 359 380 1097 
749 1097 380 357 377 
750 1098 1097 377 315 
751 388 432 1100 1101 
752 432 389 448 1100 
753 1100 448 132 1102 
754 1101 1100 1102 390 
755 215 413 1103 1104 
756 413 388 1101 1103 
757 1103 1101 390 1105 
758 1104 1103 1105 155 
759 198 405 1106 395 
760 405 268 415 1106 
761 1106 415 391 1107 
762 395 1106 1107 234 
763 260 463 1108 445 
764 463 92 1109 1108 
765 1108 1109 423 1110 
766 445 1108 1110 422 
767 425 467 1111 449 
768 467 427 1112 1111 
769 1111 1112 260 1113 
770 449 1111 1113 428 
771 193 1115 1114 1049 
772 1115 433 1116 1114 
773 1114 1116 258 437 
774 1049 1114 437 128 
775 457 1118 1117 497 
776 1118 253 536 1117 
777 1117 536 458 511 
778 497 1117 511 456 
779 427 474 1119 1112 
780 474 460 1120 1119 
781 1119 1120 463 1121 
782 1112 1119 1121 260 
783 92 481 1122 1109 
784 481 459 1123 1122 
785 1122 1123 475 1124 
786 1109 1122 1124 423 
787 459 513 1125 1123 
788 513 256 1126 1125 
789 1125 1126 476 1127 
790 1123 1125 1127 475 
791 259 1129 1128 484 
792 1129 479 515 1128 
793 1128 515 478 1130 
794 484 1128 1130 462 
795 91 1132 1131 561 
796 1132 499 1133 1131 
797 1131 1133 498 570 
798 561 1131 570 122 
799 499 1135 1134 1133 
800 1135 116 1136 1134 
801 1134 1136 500 624 
802 1133 1134 624 498 
803 503 1138 1137 564 
804 1138 122 1139 1137 
805 1137 1139 504 574 
806 564 1137 574 502 
807 507 1141 1140 538 
808 1141 255 566 1140 
809 1140 566 508 549 
810 538 1140 549 506 
811 256 531 1142 1126 
812 531 509 1143 1142 
813 1142 1143 525 1144 
814 1126 1142 1144 476 
815 509 551 1145 1143 
816 551 123 1146 1145 
817 1145 1146 526 1147 
818 1143 1145 1147 525 
819 545 1149 1148 568 
820 1149 502 1150 1148 
821 1148 1150 546 578 
822 568 1148 578 544 
823 123 558 1151 1146 
824 558 547 1152 1151 
825 1151 1152 552 1153 
826 1146 1151 1153 526 
827 547 580 1154 1152 
828 580 505 1155 1154 
829 1154 1155 553 1156 
830 1152 1154 1156 552 
831 122 1158 1157 1139 
832 1158 570 1159 1157 
833 1157 1159 569 597 
834 1139 1157 597 504 
835 570 1161 1160 1159 
836 1161 498 1162 1160 
837 1160 1162 571 628 
838 1159 1160 628 569 
839 502 1164 1163 1150 
840 1164 574 1165 1163 
841 1163 1165 573 593 
842 1150 1163 593 546 
843 574 1167 1166 1165 
844 1167 504 1168 1166 
845 1166 1168 575 601 
846 1165 1166 601 573 
847 505 595 1169 1155 
848 595 576 1170 1169 
849 1169 1170 589 1171 
850 1155 1169 1171 553 
851 576 603 1172 1170 
852 603 41 1173 1172 
853 1172 1173 590 1174 
854 1170 1172 1174 589 
855 504 1176 1175 1168 
856 1176 597 1177 1175 
857 1175 1177 596 608 
858 1168 1175 608 575 
859 597 1179 1178 1177 
860 1179 569 1180 1178 
861 1178 1180 598 632 
862 1177 1178 632 596 
863 41 610 1181 1173 
864 610 599 1182 1181 
865 1181 1182 604 1183 
866 1173 1181 1183 590 
867 599 634 1184 1182 
868 634 572 1185 1184 
869 1184 1185 605 1186 
870 1182 1184 1186 604 
871 54 1188 1187 1022 
872 1188 612 1189 1187 
873 1187 1189 611 735 
874 1022 1187 735 86 
875 612 1191 1190 1189 
876 1191 80 1192 1190 
877 1190 1192 613 764 
878 1189 1190 764 611 
879 84 1194 1193 1040 
880 1194 616 1195 1193 
881 1193 1195 615 714 
882 1040 1193 714 118 
883 615 1197 1196 715 
884 1197 617 1198 1196 
885 1196 1198 25 731 
886 715 1196 731 618 
887 116 1200 1199 1136 
888 1200 620 1201 1199 
889 1199 1201 619 667 
890 1136 1199 667 500 
891 620 1203 1202 1201 
892 1203 118 1204 1202 
893 1202 1204 621 717 
894 1201 1202 717 619 
895 498 1206 1205 1162 
896 1206 624 1207 1205 
897 1205 1207 623 655 
898 1162 1205 655 571 
899 624 1209 1208 1207 
900 1209 500 1210 1208 
901 1208 1210 625 671 
902 1207 1208 671 623 
903 569 1212 1211 1180 
904 1212 628 1213 1211 
905 1211 1213 627 651 
906 1180 1211 651 598 
907 627 1215 1214 652 
908 1215 629 662 1214 
909 1214 662 501 1216 
910 652 1214 1216 630 
911 572 653 1217 1185 
912 653 630 1218 1217 
913 1217 1218 647 1219 
914 1185 1217 1219 605 
915 630 1216 1220 1218 
916 1216 501 1221 1220 
917 1220 1221 648 1222 
918 1218 1220 1222 647 
919 501 665 1223 1221 
920 665 657 1224 1223 
921 1223 1224 658 1225 
922 1221 1223 1225 648 
923 657 677 1226 1224 
924 677 626 1227 1226 
925 1226 1227 659 1228 
926 1224 1226 1228 658 
927 500 1230 1229 1210 
928 1230 667 1231 1229 
929 1229 1231 666 694 
930 1210 1229 694 625 
931 667 1233 1232 1231 
932 1233 619 1234 1232 
933 1232 1234 668 720 
934 1231 1232 720 666 
935 626 1236 1235 1227 
936 1236 673 689 1235 
937 1235 689 681 1237 
938 1227 1235 1237 659 
939 119 1239 1238 691 
940 1239 685 709 1238 
941 1238 709 684 1240 
942 691 1238 1240 682 
943 617 1242 1241 1198 
944 1242 734 1243 1241 
945 1241 1243 727 738 
946 1198 1241 738 25 
947 745 788 1244 1245 
948 788 747 825 1244 
949 1244 825 103 1246 
950 1245 1244 1246 748 
951 636 773 1247 1248 
952 773 745 1245 1247 
953 1247 1245 748 1249 
954 1248 1247 1249 102 
955 38 1251 1250 1016 
956 1251 758 1252 1250 
957 1250 1252 757 795 
958 1016 1250 795 82 
959 758 1254 1253 1252 
960 1254 76 1255 1253 
961 1253 1255 759 857 
962 1252 1253 857 757 
963 80 1257 1256 1192 
964 1257 761 1258 1256 
965 1256 1258 760 779 
966 1192 1256 779 613 
967 761 1260 1259 1258 
968 1260 82 1261 1259 
969 1259 1261 762 798 
970 1258 1259 798 760 
971 83 1263 1262 776 
972 1263 771 790 1262 
973 1262 790 770 1264 
974 776 1262 1264 751 
975 785 811 1265 1266 
976 811 787 829 1265 
977 1265 829 747 1267 
978 1266 1265 1267 788 
979 772 803 1268 1269 
980 803 785 1266 1268 
981 1268 1266 788 1270 
982 1269 1268 1270 745 
983 762 1272 1271 799 
984 1272 794 1273 1271 
985 1271 1273 782 805 
986 799 1271 805 12 
987 12 1275 1274 810 
988 1275 805 1276 1274 
989 1274 1276 804 830 
990 810 1274 830 787 
991 804 1278 1277 831 
992 1278 806 849 1277 
993 1277 849 781 1279 
994 831 1277 1279 807 
995 76 1281 1280 1255 
996 1281 854 1282 1280 
997 1280 1282 853 897 
998 1255 1280 897 759 
999 854 1284 1283 1282 
1000 1284 78 1285 1283 
1001 1283 1285 855 944 
1002 1282 1283 944 853 
1003 881 1287 1286 894 
1004 1287 883 913 1286 
1005 1286 913 839 1288 
1006 894 1286 1288 884 
1007 39 107 1289 1290 
1008 107 42 1033 1289 
1009 1289 1033 23 1291 
1010 1290 1289 1291 43 
1011 40 59 1292 1293 
1012 59 39 1290 1292 
1013 1292 1290 43 1294 
1014 1293 1292 1294 24 
1015 47 66 1295 1296 
1016 66 40 1293 1295 
1017 1295 1293 24 1297 
1018 1296 1295 1297 50 
1019 68 1300 1298 1299 
1020 1300 98 1027 1298 
1021 1298 1027 96 338 
1022 1299 1298 338 97 
1023 96 1303 1301 1302 
1024 1303 135 1042 1301 
1025 1301 1042 133 341 
1026 1302 1301 341 134 
1027 138 1305 1304 1090 
1028 1305 137 163 1304 
1029 1304 163 140 1045 
1030 1090 1304 1045 57 
1031 115 216 1306 1307 
1032 216 155 1060 1306 
1033 1306 1060 209 1308 
1034 1307 1306 1308 210 
1035 213 393 1309 1310 
1036 393 215 1104 1309 
1037 1309 1104 155 1311 
1038 1310 1309 1311 216 
1039 214 235 1312 1313 
1040 235 213 1310 1312 
1041 1312 1310 216 1314 
1042 1313 1312 1314 115 
1043 165 227 1315 1316 
1044 227 115 1307 1315 
1045 1315 1307 210 1317 
1046 1316 1315 1317 222 
1047 225 280 1318 1319 
1048 280 214 1313 1318 
1049 1318 1313 115 1320 
1050 1319 1318 1320 227 
1051 153 1322 1321 1052 
1052 1322 262 1323 1321 
1053 1321 1323 261 1071 
1054 1052 1321 1071 197 
1055 261 1325 1324 1072 
1056 1325 263 1326 1324 
1057 1324 1326 154 430 
1058 1072 1324 430 264 
1059 266 1328 1327 1075 
1060 1328 197 1329 1327 
1061 1327 1329 267 1077 
1062 1075 1327 1077 265 
1063 335 1332 1330 1331 
1064 1332 68 1299 1330 
1065 1330 1299 97 1093 
1066 1331 1330 1093 333 
1067 338 1335 1333 1334 
1068 1335 96 1302 1333 
1069 1333 1302 134 361 
1070 1334 1333 361 336 
1071 433 1337 1336 1116 
1072 1337 435 1338 1336 
1073 1336 1338 131 469 
1074 1116 1336 469 258 
1075 263 1340 1339 1326 
1076 1340 436 1341 1339 
1077 1339 1341 426 440 
1078 1326 1339 440 154 
1079 460 485 1342 1120 
1080 485 462 1343 1342 
1081 1342 1343 92 1344 
1082 1120 1342 1344 463 
1083 462 1130 1345 1343 
1084 1130 478 1346 1345 
1085 1345 1346 481 1347 
1086 1343 1345 1347 92 
1087 435 1349 1348 1338 
1088 1349 492 1350 1348 
1089 1348 1350 457 496 
1090 1338 1348 496 131 
1091 616 1352 1351 1195 
1092 1352 86 1353 1351 
1093 1351 1353 617 1197 
1094 1195 1351 1197 615 
1095 628 1355 1354 1213 
1096 1355 571 1356 1354 
1097 1354 1356 629 1215 
1098 1213 1354 1215 627 
1099 635 752 1357 1358 
1100 752 636 1248 1357 
1101 1357 1248 102 1359 
1102 1358 1357 1359 637 
1103 106 729 1360 1361 
1104 729 635 1358 1360 
1105 1360 1358 637 1362 
1106 1361 1360 1362 42 
1107 571 1364 1363 1356 
1108 1364 655 1365 1363 
1109 1363 1365 654 663 
1110 1356 1363 663 629 
1111 655 1367 1366 1365 
1112 1367 623 1368 1366 
1113 1366 1368 656 675 
1114 1365 1366 675 654 
1115 656 1370 1369 676 
1116 1370 670 1371 1369 
1117 1369 1371 673 1236 
1118 676 1369 1236 626 
1119 86 1373 1372 1353 
1120 1373 735 1374 1372 
1121 1372 1374 734 1242 
1122 1353 1372 1242 617 
1123 734 1376 1375 1243 
1124 1376 736 1377 1375 
1125 1375 1377 614 754 
1126 1243 1375 754 727 
1127 736 1379 1378 1377 
1128 1379 763 1380 1378 
1129 1378 1380 750 767 
1130 1377 1378 767 614 
1131 770 793 1381 1382 
1132 793 772 1269 1381 
1133 1381 1269 745 1383 
1134 1382 1381 1383 773 
1135 751 1264 1384 1385 
1136 1264 770 1382 1384 
1137 1384 1382 773 1386 
1138 1385 1384 1386 636 
1139 82 1388 1387 1261 
1140 1388 795 1389 1387 
1141 1387 1389 794 1272 
1142 1261 1387 1272 762 
1143 794 1391 1390 1273 
1144 1391 796 1392 1390 
1145 1390 1392 742 842 
1146 1273 1390 842 782 
1147 805 1394 1393 1276 
1148 1394 782 1395 1393 
1149 1393 1395 806 1278 
1150 1276 1393 1278 804 
1151 782 1397 1396 1395 
1152 1397 842 1398 1396 
1153 1396 1398 841 850 
1154 1395 1396 850 806 
1155 842 1400 1399 1398 
1156 1400 742 1401 1399 
1157 1399 1401 843 864 
1158 1398 1399 864 841 
1159 796 1403 1402 1392 
1160 1403 856 1404 1402 
1161 1402 1404 838 860 
1162 1392 1402 860 742 
1163 742 1406 1405 1401 
1164 1406 860 1407 1405 
1165 1405 1407 859 874 
1166 1401 1405 874 843 
1167 860 1409 1408 1407 
1168 1409 838 1410 1408 
1169 1408 1410 861 886 
1170 1407 1408 886 859 
1171 856 1412 1411 1404 
1172 1412 858 1413 1411 
1173 1411 1413 79 882 
1174 1404 1411 882 838 
1175 838 1415 1414 1410 
1176 1415 882 1416 1414 
1177 1414 1416 881 893 
1178 1410 1414 893 861 
1179 882 1418 1417 1416 
1180 1418 79 1419 1417 
1181 1417 1419 883 1287 
1182 1416 1417 1287 881 
1183 858 1421 1420 1413 
1184 1421 896 1422 1420 
1185 1420 1422 878 900 
1186 1413 1420 900 79 
1187 79 1424 1423 1419 
1188 1424 900 1425 1423 
1189 1423 1425 899 914 
1190 1419 1423 914 883 
1191 900 1427 1426 1425 
1192 1427 878 1428 1426 
1193 1426 1428 901 926 
1194 1425 1426 926 899 
1195 896 1430 1429 1422 
1196 1430 898 1431 1429 
1197 1429 1431 834 922 
1198 1422 1429 922 878 
1199 878 1433 1432 1428 
1200 1433 922 1434 1432 
1201 1432 1434 921 933 
1202 1428 1432 933 901 
1203 898 1436 1435 1431 
1204 1436 943 1437 1435 
1205 1435 1437 918 947 
1206 1431 1435 947 834 
1207 105 640 1438 1439 
1208 640 106 1361 1438 
1209 1438 1361 42 1440 
1210 1439 1438 1440 107 
1211 58 143 1441 1442 
1212 143 105 1439 1441 
1213 1441 1439 107 1443 
1214 1442 1441 1443 39 
1215 112 1446 1444 1445 
1216 1446 139 203 1444 
1217 1444 203 137 1305 
1218 1445 1444 1305 138 
1219 262 1448 1447 1323 
1220 1448 128 1449 1447 
1221 1447 1449 263 1325 
1222 1323 1447 1325 261 
1223 327 1452 1450 1451 
1224 1452 112 1445 1450 
1225 1450 1445 138 1089 
1226 1451 1450 1089 325 
1227 97 1455 1453 1454 
1228 1455 338 1334 1453 
1229 1453 1334 336 1096 
1230 1454 1453 1096 337 
1231 128 1457 1456 1449 
1232 1457 437 1458 1456 
1233 1456 1458 436 1340 
1234 1449 1456 1340 263 
1235 436 1460 1459 1341 
1236 1460 438 1461 1459 
1237 1459 1461 257 465 
1238 1341 1459 465 426 
1239 438 1463 1462 1461 
1240 1463 468 1464 1462 
1241 1462 1464 461 472 
1242 1461 1462 472 257 
1243 478 518 1465 1346 
1244 518 480 1466 1465 
1245 1465 1466 459 1467 
1246 1346 1465 1467 481 
1247 492 1469 1468 1350 
1248 1469 494 1470 1468 
1249 1468 1470 253 1118 
1250 1350 1468 1118 457 
1251 494 1472 1471 1470 
1252 1472 532 1473 1471 
1253 1471 1473 507 537 
1254 1470 1471 537 253 
1255 623 1475 1474 1368 
1256 1475 671 1476 1474 
1257 1474 1476 670 1370 
1258 1368 1474 1370 656 
1259 670 1478 1477 1371 
1260 1478 672 1479 1477 
1261 1477 1479 119 690 
1262 1371 1477 690 673 
1263 672 1481 1480 1479 
1264 1481 693 1482 1480 
1265 1480 1482 685 1239 
1266 1479 1480 1239 119 
1267 735 1484 1483 1374 
1268 1484 611 1485 1483 
1269 1483 1485 736 1376 
1270 1374 1483 1376 734 
1271 749 777 1486 1487 
1272 777 751 1385 1486 
1273 1486 1385 636 1488 
1274 1487 1486 1488 752 
1275 728 769 1489 1490 
1276 769 749 1487 1489 
1277 1489 1487 752 1491 
1278 1490 1489 1491 635 
1279 611 1493 1492 1485 
1280 1493 764 1494 1492 
1281 1492 1494 763 1379 
1282 1485 1492 1379 736 
1283 763 1496 1495 1380 
1284 1496 765 1497 1495 
1285 1495 1497 83 775 
1286 1380 1495 775 750 
1287 765 1499 1498 1497 
1288 1499 778 1500 1498 
1289 1498 1500 771 1263 
1290 1497 1498 1263 83 
1291 795 1502 1501 1389 
1292 1502 757 1503 1501 
1293 1501 1503 796 1391 
1294 1389 1501 1391 794 
1295 757 1505 1504 1503 
1296 1505 857 1506 1504 
1297 1504 1506 856 1403 
1298 1503 1504 1403 796 
1299 857 1508 1507 1506 
1300 1508 759 1509 1507 
1301 1507 1509 858 1412 
1302 1506 1507 1412 856 
1303 759 1511 1510 1509 
1304 1511 897 1512 1510 
1305 1510 1512 896 1421 
1306 1509 1510 1421 858 
1307 897 1514 1513 1512 
1308 1514 853 1515 1513 
1309 1513 1515 898 1430 
1310 1512 1513 1430 896 
1311 853 1517 1516 1515 
1312 1517 944 1518 1516 
1313 1516 1518 943 1436 
1314 1515 1516 1436 898 
1315 943 1520 1519 1437 
1316 1520 945 1521 1519 
1317 1519 1521 8 959 
1318 1437 1519 959 918 
