solid
 facet normal  -5.1037029051e-01 7.7797323892e-01 -3.6644209105e-01
   outer loop
     vertex 0.0000000000e+00 0.0000000000e+00 0.0000000000e+00
     vertex 3.5387510262e-01 2.3215109453e-01 0.0000000000e+00
     vertex 3.6251589195e-01 2.1161188549e-01 -5.5640325271e-02
   endloop
 endfacet
 facet normal  -4.2771315660e-01 5.4264368193e-01 -7.2291029189e-01
   outer loop
     vertex 0.0000000000e+00 0.0000000000e+00 0.0000000000e+00
     vertex 3.6251589195e-01 2.1161188549e-01 -5.5640325271e-02
     vertex 3.8163149665e-01 1.6414320903e-01 -1.0258193528e-01
   endloop
 endfacet
 facet normal  -3.1315939154e-01 1.4116726357e-01 -9.3915014731e-01
   outer loop
     vertex -7.4014868308e-17 -3.7007434154e-17 0.0000000000e+00
     vertex 3.8163149665e-01 1.6414320903e-01 -1.0258193528e-01
     vertex 4.0089243372e-01 8.5616850622e-02 -1.2080808849e-01
   endloop
 endfacet
 facet normal  -2.9448439084e-01 3.1149228743e-02 -9.5514850631e-01
   outer loop
     vertex 0.0000000000e+00 -1.8503717077e-17 0.0000000000e+00
     vertex 4.0089243372e-01 8.5616850622e-02 -1.2080808849e-01
     vertex 4.0969531870e-01 -3.8584757374e-17 -1.2631425957e-01
   endloop
 endfacet
 facet normal  -2.9448439084e-01 -3.1149228743e-02 -9.5514850631e-01
   outer loop
     vertex 4.0969531870e-01 -3.8584757374e-17 -1.2631425957e-01
     vertex 4.0089243372e-01 -8.5616850622e-02 -1.2080808849e-01
     vertex -7.4014868308e-17 1.8503717077e-17 0.0000000000e+00
   endloop
 endfacet
 facet normal  -3.1315939154e-01 -1.4116726357e-01 -9.3915014731e-01
   outer loop
     vertex 4.0089243372e-01 -8.5616850622e-02 -1.2080808849e-01
     vertex 3.8163149665e-01 -1.6414320903e-01 -1.0258193528e-01
     vertex 0.0000000000e+00 0.0000000000e+00 0.0000000000e+00
   endloop
 endfacet
 facet normal  -4.2771315660e-01 -5.4264368193e-01 -7.2291029189e-01
   outer loop
     vertex 3.8163149665e-01 -1.6414320903e-01 -1.0258193528e-01
     vertex 3.6251589195e-01 -2.1161188549e-01 -5.5640325271e-02
     vertex 0.0000000000e+00 0.0000000000e+00 0.0000000000e+00
   endloop
 endfacet
 facet normal  -5.1037029051e-01 -7.7797323892e-01 -3.6644209105e-01
   outer loop
     vertex 3.6251589195e-01 -2.1161188549e-01 -5.5640325271e-02
     vertex 3.5387510262e-01 -2.3215109453e-01 -2.1304182930e-17
     vertex 0.0000000000e+00 0.0000000000e+00 0.0000000000e+00
   endloop
 endfacet
 facet normal  -5.1645083393e-01 -7.8724199956e-01 3.3694000989e-01
   outer loop
     vertex 0.0000000000e+00 0.0000000000e+00 0.0000000000e+00
     vertex 3.5387510262e-01 -2.3215109453e-01 -2.1304182930e-17
     vertex 3.6251589195e-01 -2.1617136992e-01 5.0580081641e-02
   endloop
 endfacet
 facet normal  -4.0109275207e-01 -4.9179946727e-01 7.7282461673e-01
   outer loop
     vertex 0.0000000000e+00 0.0000000000e+00 0.0000000000e+00
     vertex 3.6251589195e-01 -2.1617136992e-01 5.0580081641e-02
     vertex 3.8163149665e-01 -1.6707334899e-01 9.1745321909e-02
   endloop
 endfacet
 facet normal  -3.3016429115e-01 -2.5511860369e-01 9.0879372736e-01
   outer loop
     vertex -7.4014868308e-17 0.0000000000e+00 -1.8503717077e-17
     vertex 3.8163149665e-01 -1.6707334899e-01 9.1745321909e-02
     vertex 4.0089243372e-01 -9.1203742373e-02 1.2004109570e-01
   endloop
 endfacet
 facet normal  -2.9442270896e-01 -3.7265782520e-02 9.5494844358e-01
   outer loop
     vertex 0.0000000000e+00 0.0000000000e+00 0.0000000000e+00
     vertex 4.0089243372e-01 -9.1203742373e-02 1.2004109570e-01
     vertex 4.0969531870e-01 3.5961382218e-18 1.2631425957e-01
   endloop
 endfacet
 facet normal  -2.9442270896e-01 3.7265782520e-02 9.5494844358e-01
   outer loop
     vertex 4.0969531870e-01 3.5961382218e-18 1.2631425957e-01
     vertex 4.0089243372e-01 9.1203742373e-02 1.2004109570e-01
     vertex -7.4014868308e-17 0.0000000000e+00 0.0000000000e+00
   endloop
 endfacet
 facet normal  -3.3016429115e-01 2.5511860369e-01 9.0879372736e-01
   outer loop
     vertex 4.0089243372e-01 9.1203742373e-02 1.2004109570e-01
     vertex 3.8163149665e-01 1.6707334899e-01 9.1745321909e-02
     vertex 0.0000000000e+00 -3.7007434154e-17 -1.8503717077e-17
   endloop
 endfacet
 facet normal  -4.0109275207e-01 4.9179946727e-01 7.7282461673e-01
   outer loop
     vertex 3.8163149665e-01 1.6707334899e-01 9.1745321909e-02
     vertex 3.6251589195e-01 2.1617136992e-01 5.0580081641e-02
     vertex 0.0000000000e+00 0.0000000000e+00 -1.8503717077e-17
   endloop
 endfacet
 facet normal  -5.1645083393e-01 7.8724199956e-01 3.3694000989e-01
   outer loop
     vertex 3.6251589195e-01 2.1617136992e-01 5.0580081641e-02
     vertex 3.5387510262e-01 2.3215109453e-01 0.0000000000e+00
     vertex 0.0000000000e+00 0.0000000000e+00 0.0000000000e+00
   endloop
 endfacet
 facet normal  -3.0138347750e-01 9.0379437376e-01 -3.0384820132e-01
   outer loop
     vertex 3.5387510262e-01 2.3215109453e-01 0.0000000000e+00
     vertex 8.3554200563e-01 3.9276998134e-01 0.0000000000e+00
     vertex 8.4529110193e-01 3.5757510601e-01 -1.1435692791e-01
   endloop
 endfacet
 facet normal  -3.0980071283e-01 8.7533354962e-01 -3.7123401681e-01
   outer loop
     vertex 3.5387510262e-01 2.3215109453e-01 0.0000000000e+00
     vertex 8.4529110193e-01 3.5757510601e-01 -1.1435692791e-01
     vertex 3.6251589195e-01 2.1161188549e-01 -5.5640325271e-02
   endloop
 endfacet
 facet normal  -2.9608719464e-01 7.3292084694e-01 -6.1250257575e-01
   outer loop
     vertex 3.6251589195e-01 2.1161188549e-01 -5.5640325271e-02
     vertex 8.4529110193e-01 3.5757510601e-01 -1.1435692791e-01
     vertex 8.6705671835e-01 2.8674294740e-01 -2.0963634109e-01
   endloop
 endfacet
 facet normal  -3.1387244633e-01 6.0071342726e-01 -7.3527373524e-01
   outer loop
     vertex 3.6251589195e-01 2.1161188549e-01 -5.5640325271e-02
     vertex 8.6705671835e-01 2.8674294740e-01 -2.0963634109e-01
     vertex 3.8163149665e-01 1.6414320903e-01 -1.0258193528e-01
   endloop
 endfacet
 facet normal  -2.3479208043e-01 8.4027636827e-02 -9.6840695744e-01
   outer loop
     vertex 3.8163149665e-01 1.6414320903e-01 -1.0258193528e-01
     vertex 8.6705671835e-01 2.8674294740e-01 -2.0963634109e-01
     vertex 8.8925833185e-01 1.4671680733e-01 -2.2716908240e-01
   endloop
 endfacet
 facet normal  -2.2965298338e-01 1.6624959271e-01 -9.5896849800e-01
   outer loop
     vertex 3.8163149665e-01 1.6414320903e-01 -1.0258193528e-01
     vertex 8.8925833185e-01 1.4671680733e-01 -2.2716908240e-01
     vertex 4.0089243372e-01 8.5616850622e-02 -1.2080808849e-01
   endloop
 endfacet
 facet normal  -2.1270709112e-01 -7.8734029502e-04 -9.7711569094e-01
   outer loop
     vertex 4.0089243372e-01 8.5616850622e-02 -1.2080808849e-01
     vertex 8.8925833185e-01 1.4671680733e-01 -2.2716908240e-01
     vertex 8.9949371512e-01 -4.9140890645e-17 -2.2927898869e-01
   endloop
 endfacet
 facet normal  -2.0554275669e-01 4.1747968348e-02 -9.7775727167e-01
   outer loop
     vertex 4.0089243372e-01 8.5616850622e-02 -1.2080808849e-01
     vertex 8.9949371512e-01 -4.9140890645e-17 -2.2927898869e-01
     vertex 4.0969531870e-01 -3.8584757374e-17 -1.2631425957e-01
   endloop
 endfacet
 facet normal  -2.0554275669e-01 -4.1747968348e-02 -9.7775727167e-01
   outer loop
     vertex 4.0969531870e-01 -3.8584757374e-17 -1.2631425957e-01
     vertex 8.9949371512e-01 -4.9140890645e-17 -2.2927898869e-01
     vertex 4.0089243372e-01 -8.5616850622e-02 -1.2080808849e-01
   endloop
 endfacet
 facet normal  -2.1270709112e-01 7.8734029502e-04 -9.7711569094e-01
   outer loop
     vertex 8.9949371512e-01 -4.9140890645e-17 -2.2927898869e-01
     vertex 8.8925833185e-01 -1.4671680733e-01 -2.2716908240e-01
     vertex 4.0089243372e-01 -8.5616850622e-02 -1.2080808849e-01
   endloop
 endfacet
 facet normal  -2.2965298338e-01 -1.6624959271e-01 -9.5896849800e-01
   outer loop
     vertex 4.0089243372e-01 -8.5616850622e-02 -1.2080808849e-01
     vertex 8.8925833185e-01 -1.4671680733e-01 -2.2716908240e-01
     vertex 3.8163149665e-01 -1.6414320903e-01 -1.0258193528e-01
   endloop
 endfacet
 facet normal  -2.3479208043e-01 -8.4027636827e-02 -9.6840695744e-01
   outer loop
     vertex 8.8925833185e-01 -1.4671680733e-01 -2.2716908240e-01
     vertex 8.6705671835e-01 -2.8674294740e-01 -2.0963634109e-01
     vertex 3.8163149665e-01 -1.6414320903e-01 -1.0258193528e-01
   endloop
 endfacet
 facet normal  -3.1387244633e-01 -6.0071342726e-01 -7.3527373524e-01
   outer loop
     vertex 3.8163149665e-01 -1.6414320903e-01 -1.0258193528e-01
     vertex 8.6705671835e-01 -2.8674294740e-01 -2.0963634109e-01
     vertex 3.6251589195e-01 -2.1161188549e-01 -5.5640325271e-02
   endloop
 endfacet
 facet normal  -2.9608719464e-01 -7.3292084694e-01 -6.1250257575e-01
   outer loop
     vertex 8.6705671835e-01 -2.8674294740e-01 -2.0963634109e-01
     vertex 8.4529110193e-01 -3.5757510601e-01 -1.1435692791e-01
     vertex 3.6251589195e-01 -2.1161188549e-01 -5.5640325271e-02
   endloop
 endfacet
 facet normal  -3.0980071283e-01 -8.7533354962e-01 -3.7123401681e-01
   outer loop
     vertex 3.6251589195e-01 -2.1161188549e-01 -5.5640325271e-02
     vertex 8.4529110193e-01 -3.5757510601e-01 -1.1435692791e-01
     vertex 3.5387510262e-01 -2.3215109453e-01 -2.1304182930e-17
   endloop
 endfacet
 facet normal  -3.0138347750e-01 -9.0379437376e-01 -3.0384820132e-01
   outer loop
     vertex 8.4529110193e-01 -3.5757510601e-01 -1.1435692791e-01
     vertex 8.3554200563e-01 -3.9276998134e-01 -2.3944519902e-17
     vertex 3.5387510262e-01 -2.3215109453e-01 -2.1304182930e-17
   endloop
 endfacet
 facet normal  -3.0865472681e-01 -9.2559953134e-01 2.1908392731e-01
   outer loop
     vertex 3.5387510262e-01 -2.3215109453e-01 -2.1304182930e-17
     vertex 8.3554200563e-01 -3.9276998134e-01 -2.3944519902e-17
     vertex 8.4529110193e-01 -3.7300720715e-01 9.7229949471e-02
   endloop
 endfacet
 facet normal  -3.2024756112e-01 -8.8623862367e-01 3.3469777637e-01
   outer loop
     vertex 3.5387510262e-01 -2.3215109453e-01 -2.1304182930e-17
     vertex 8.4529110193e-01 -3.7300720715e-01 9.7229949471e-02
     vertex 3.6251589195e-01 -2.1617136992e-01 5.0580081641e-02
   endloop
 endfacet
 facet normal  -2.7623490749e-01 -6.3598285818e-01 7.2056927494e-01
   outer loop
     vertex 3.6251589195e-01 -2.1617136992e-01 5.0580081641e-02
     vertex 8.4529110193e-01 -3.7300720715e-01 9.7229949471e-02
     vertex 8.6705671835e-01 -2.9666034419e-01 1.7295857274e-01
   endloop
 endfacet
 facet normal  -2.7869217579e-01 -5.5099923321e-01 7.8659425128e-01
   outer loop
     vertex 3.6251589195e-01 -2.1617136992e-01 5.0580081641e-02
     vertex 8.6705671835e-01 -2.9666034419e-01 1.7295857274e-01
     vertex 3.8163149665e-01 -1.6707334899e-01 9.1745321909e-02
   endloop
 endfacet
 facet normal  -2.3892692874e-01 -3.2056691813e-01 9.1659738911e-01
   outer loop
     vertex 3.8163149665e-01 -1.6707334899e-01 9.1745321909e-02
     vertex 8.6705671835e-01 -2.9666034419e-01 1.7295857274e-01
     vertex 8.8925833185e-01 -1.6562628710e-01 2.2457310682e-01
   endloop
 endfacet
 facet normal  -2.4191790007e-01 -2.8454873690e-01 9.2763556743e-01
   outer loop
     vertex 3.8163149665e-01 -1.6707334899e-01 9.1745321909e-02
     vertex 8.8925833185e-01 -1.6562628710e-01 2.2457310682e-01
     vertex 4.0089243372e-01 -9.1203742373e-02 1.2004109570e-01
   endloop
 endfacet
 facet normal  -2.1142266095e-01 -1.4701723135e-02 9.7728415406e-01
   outer loop
     vertex 4.0089243372e-01 -9.1203742373e-02 1.2004109570e-01
     vertex 8.8925833185e-01 -1.6562628710e-01 2.2457310682e-01
     vertex 8.9949371512e-01 7.4577455916e-18 2.2927898869e-01
   endloop
 endfacet
 facet normal  -2.0549086449e-01 -4.7401241521e-02 9.7751042292e-01
   outer loop
     vertex 4.0089243372e-01 -9.1203742373e-02 1.2004109570e-01
     vertex 8.9949371512e-01 7.4577455916e-18 2.2927898869e-01
     vertex 4.0969531870e-01 3.5961382218e-18 1.2631425957e-01
   endloop
 endfacet
 facet normal  -2.0549086449e-01 4.7401241521e-02 9.7751042292e-01
   outer loop
     vertex 4.0969531870e-01 3.5961382218e-18 1.2631425957e-01
     vertex 8.9949371512e-01 7.4577455916e-18 2.2927898869e-01
     vertex 4.0089243372e-01 9.1203742373e-02 1.2004109570e-01
   endloop
 endfacet
 facet normal  -2.1142266095e-01 1.4701723135e-02 9.7728415406e-01
   outer loop
     vertex 8.9949371512e-01 7.4577455916e-18 2.2927898869e-01
     vertex 8.8925833185e-01 1.6562628710e-01 2.2457310682e-01
     vertex 4.0089243372e-01 9.1203742373e-02 1.2004109570e-01
   endloop
 endfacet
 facet normal  -2.4191790007e-01 2.8454873690e-01 9.2763556743e-01
   outer loop
     vertex 4.0089243372e-01 9.1203742373e-02 1.2004109570e-01
     vertex 8.8925833185e-01 1.6562628710e-01 2.2457310682e-01
     vertex 3.8163149665e-01 1.6707334899e-01 9.1745321909e-02
   endloop
 endfacet
 facet normal  -2.3892692874e-01 3.2056691813e-01 9.1659738911e-01
   outer loop
     vertex 8.8925833185e-01 1.6562628710e-01 2.2457310682e-01
     vertex 8.6705671835e-01 2.9666034419e-01 1.7295857274e-01
     vertex 3.8163149665e-01 1.6707334899e-01 9.1745321909e-02
   endloop
 endfacet
 facet normal  -2.7869217579e-01 5.5099923321e-01 7.8659425128e-01
   outer loop
     vertex 3.8163149665e-01 1.6707334899e-01 9.1745321909e-02
     vertex 8.6705671835e-01 2.9666034419e-01 1.7295857274e-01
     vertex 3.6251589195e-01 2.1617136992e-01 5.0580081641e-02
   endloop
 endfacet
 facet normal  -2.7623490749e-01 6.3598285818e-01 7.2056927494e-01
   outer loop
     vertex 8.6705671835e-01 2.9666034419e-01 1.7295857274e-01
     vertex 8.4529110193e-01 3.7300720715e-01 9.7229949471e-02
     vertex 3.6251589195e-01 2.1617136992e-01 5.0580081641e-02
   endloop
 endfacet
 facet normal  -3.2024756112e-01 8.8623862367e-01 3.3469777637e-01
   outer loop
     vertex 3.6251589195e-01 2.1617136992e-01 5.0580081641e-02
     vertex 8.4529110193e-01 3.7300720715e-01 9.7229949471e-02
     vertex 3.5387510262e-01 2.3215109453e-01 0.0000000000e+00
   endloop
 endfacet
 facet normal  -3.0865472681e-01 9.2559953134e-01 2.1908392731e-01
   outer loop
     vertex 8.4529110193e-01 3.7300720715e-01 9.7229949471e-02
     vertex 8.3554200563e-01 3.9276998134e-01 0.0000000000e+00
     vertex 3.5387510262e-01 2.3215109453e-01 0.0000000000e+00
   endloop
 endfacet
 facet normal  -1.7249454722e-01 9.5170688357e-01 -2.5396779116e-01
   outer loop
     vertex 8.3554200563e-01 3.9276998134e-01 0.0000000000e+00
     vertex 1.3902713573e+00 4.9331332090e-01 0.0000000000e+00
     vertex 1.3968083659e+00 4.4973230379e-01 -1.6775336792e-01
   endloop
 endfacet
 facet normal  -1.8554994070e-01 9.3460471280e-01 -3.0345551620e-01
   outer loop
     vertex 8.3554200563e-01 3.9276998134e-01 0.0000000000e+00
     vertex 1.3968083659e+00 4.4973230379e-01 -1.6775336792e-01
     vertex 8.4529110193e-01 3.5757510601e-01 -1.1435692791e-01
   endloop
 endfacet
 facet normal  -1.8960652028e-01 8.5456141331e-01 -4.8350197347e-01
   outer loop
     vertex 8.4529110193e-01 3.5757510601e-01 -1.1435692791e-01
     vertex 1.3968083659e+00 4.4973230379e-01 -1.6775336792e-01
     vertex 1.4116661917e+00 3.7351005774e-01 -3.0829825643e-01
   endloop
 endfacet
 facet normal  -2.3145238102e-01 7.5467922298e-01 -6.1391291380e-01
   outer loop
     vertex 8.4529110193e-01 3.5757510601e-01 -1.1435692791e-01
     vertex 1.4116661917e+00 3.7351005774e-01 -3.0829825643e-01
     vertex 8.6705671835e-01 2.8674294740e-01 -2.0963634109e-01
   endloop
 endfacet
 facet normal  -1.8382218643e-01 3.6867344998e-02 -9.8226788742e-01
   outer loop
     vertex 8.6705671835e-01 2.8674294740e-01 -2.0963634109e-01
     vertex 1.4116661917e+00 3.7351005774e-01 -3.0829825643e-01
     vertex 1.4271780131e+00 1.8900825872e-01 -3.1812603206e-01
   endloop
 endfacet
 facet normal  -1.7324265284e-01 9.5270681872e-02 -9.8026041459e-01
   outer loop
     vertex 8.6705671835e-01 2.8674294740e-01 -2.0963634109e-01
     vertex 1.4271780131e+00 1.8900825872e-01 -3.1812603206e-01
     vertex 8.8925833185e-01 1.4671680733e-01 -2.2716908240e-01
   endloop
 endfacet
 facet normal  -1.6456635152e-01 -2.7399036651e-02 -9.8598539986e-01
   outer loop
     vertex 8.8925833185e-01 1.4671680733e-01 -2.2716908240e-01
     vertex 1.4271780131e+00 1.8900825872e-01 -3.1812603206e-01
     vertex 1.4344444522e+00 -4.0404645229e-17 -3.1408658802e-01
   endloop
 endfacet
 facet normal  -1.5657721540e-01 3.2800796786e-03 -9.8766027393e-01
   outer loop
     vertex 8.8925833185e-01 1.4671680733e-01 -2.2716908240e-01
     vertex 1.4344444522e+00 -4.0404645229e-17 -3.1408658802e-01
     vertex 8.9949371512e-01 -4.9140890645e-17 -2.2927898869e-01
   endloop
 endfacet
 facet normal  -1.5657721540e-01 -3.2800796786e-03 -9.8766027393e-01
   outer loop
     vertex 8.9949371512e-01 -4.9140890645e-17 -2.2927898869e-01
     vertex 1.4344444522e+00 -4.0404645229e-17 -3.1408658802e-01
     vertex 8.8925833185e-01 -1.4671680733e-01 -2.2716908240e-01
   endloop
 endfacet
 facet normal  -1.6456635152e-01 2.7399036651e-02 -9.8598539986e-01
   outer loop
     vertex 1.4344444522e+00 -4.0404645229e-17 -3.1408658802e-01
     vertex 1.4271780131e+00 -1.8900825872e-01 -3.1812603206e-01
     vertex 8.8925833185e-01 -1.4671680733e-01 -2.2716908240e-01
   endloop
 endfacet
 facet normal  -1.7324265284e-01 -9.5270681872e-02 -9.8026041459e-01
   outer loop
     vertex 8.8925833185e-01 -1.4671680733e-01 -2.2716908240e-01
     vertex 1.4271780131e+00 -1.8900825872e-01 -3.1812603206e-01
     vertex 8.6705671835e-01 -2.8674294740e-01 -2.0963634109e-01
   endloop
 endfacet
 facet normal  -1.8382218643e-01 -3.6867344998e-02 -9.8226788742e-01
   outer loop
     vertex 1.4271780131e+00 -1.8900825872e-01 -3.1812603206e-01
     vertex 1.4116661917e+00 -3.7351005774e-01 -3.0829825643e-01
     vertex 8.6705671835e-01 -2.8674294740e-01 -2.0963634109e-01
   endloop
 endfacet
 facet normal  -2.3145238102e-01 -7.5467922298e-01 -6.1391291380e-01
   outer loop
     vertex 8.6705671835e-01 -2.8674294740e-01 -2.0963634109e-01
     vertex 1.4116661917e+00 -3.7351005774e-01 -3.0829825643e-01
     vertex 8.4529110193e-01 -3.5757510601e-01 -1.1435692791e-01
   endloop
 endfacet
 facet normal  -1.8960652028e-01 -8.5456141331e-01 -4.8350197347e-01
   outer loop
     vertex 1.4116661917e+00 -3.7351005774e-01 -3.0829825643e-01
     vertex 1.3968083659e+00 -4.4973230379e-01 -1.6775336792e-01
     vertex 8.4529110193e-01 -3.5757510601e-01 -1.1435692791e-01
   endloop
 endfacet
 facet normal  -1.8554994070e-01 -9.3460471280e-01 -3.0345551620e-01
   outer loop
     vertex 8.4529110193e-01 -3.5757510601e-01 -1.1435692791e-01
     vertex 1.3968083659e+00 -4.4973230379e-01 -1.6775336792e-01
     vertex 8.3554200563e-01 -3.9276998134e-01 -2.3944519902e-17
   endloop
 endfacet
 facet normal  -1.7249454722e-01 -9.5170688357e-01 -2.5396779116e-01
   outer loop
     vertex 1.3968083659e+00 -4.4973230379e-01 -1.6775336792e-01
     vertex 1.3902713573e+00 -4.9331332090e-01 -1.5932765410e-17
     vertex 8.3554200563e-01 -3.9276998134e-01 -2.3944519902e-17
   endloop
 endfacet
 facet normal  -1.7711006402e-01 -9.7717214715e-01 1.1733124078e-01
   outer loop
     vertex 8.3554200563e-01 -3.9276998134e-01 -2.3944519902e-17
     vertex 1.3902713573e+00 -4.9331332090e-01 -1.5932765410e-17
     vertex 1.3968083659e+00 -4.7814139907e-01 1.3622415761e-01
   endloop
 endfacet
 facet normal  -1.9750256531e-01 -9.5660520551e-01 2.1424102663e-01
   outer loop
     vertex 8.3554200563e-01 -3.9276998134e-01 -2.3944519902e-17
     vertex 1.3968083659e+00 -4.7814139907e-01 1.3622415761e-01
     vertex 8.4529110193e-01 -3.7300720715e-01 9.7229949471e-02
   endloop
 endfacet
 facet normal  -1.8718778160e-01 -7.4409405795e-01 6.4131487379e-01
   outer loop
     vertex 8.4529110193e-01 -3.7300720715e-01 9.7229949471e-02
     vertex 1.3968083659e+00 -4.7814139907e-01 1.3622415761e-01
     vertex 1.4116661917e+00 -3.9176708365e-01 2.4077781924e-01
   endloop
 endfacet
 facet normal  -2.0520100141e-01 -6.5913133351e-01 7.2349045205e-01
   outer loop
     vertex 8.4529110193e-01 -3.7300720715e-01 9.7229949471e-02
     vertex 1.4116661917e+00 -3.9176708365e-01 2.4077781924e-01
     vertex 8.6705671835e-01 -2.9666034419e-01 1.7295857274e-01
   endloop
 endfacet
 facet normal  -1.7891503460e-01 -3.7627733456e-01 9.0906808210e-01
   outer loop
     vertex 8.6705671835e-01 -2.9666034419e-01 1.7295857274e-01
     vertex 1.4116661917e+00 -3.9176708365e-01 2.4077781924e-01
     vertex 1.4271780131e+00 -2.2381889193e-01 3.1334707702e-01
   endloop
 endfacet
 facet normal  -1.8845481324e-01 -3.3212073735e-01 9.2421891302e-01
   outer loop
     vertex 8.6705671835e-01 -2.9666034419e-01 1.7295857274e-01
     vertex 1.4271780131e+00 -2.2381889193e-01 3.1334707702e-01
     vertex 8.8925833185e-01 -1.6562628710e-01 2.2457310682e-01
   endloop
 endfacet
 facet normal  -1.6261653307e-01 2.0193873110e-03 9.8668727835e-01
   outer loop
     vertex 8.8925833185e-01 -1.6562628710e-01 2.2457310682e-01
     vertex 1.4271780131e+00 -2.2381889193e-01 3.1334707702e-01
     vertex 1.4344444522e+00 9.5212838504e-18 3.1408658802e-01
   endloop
 endfacet
 facet normal  -1.5655159927e-01 -1.8382870412e-02 9.8749869207e-01
   outer loop
     vertex 8.8925833185e-01 -1.6562628710e-01 2.2457310682e-01
     vertex 1.4344444522e+00 9.5212838504e-18 3.1408658802e-01
     vertex 8.9949371512e-01 7.4577455916e-18 2.2927898869e-01
   endloop
 endfacet
 facet normal  -1.5655159927e-01 1.8382870412e-02 9.8749869207e-01
   outer loop
     vertex 8.9949371512e-01 7.4577455916e-18 2.2927898869e-01
     vertex 1.4344444522e+00 9.5212838504e-18 3.1408658802e-01
     vertex 8.8925833185e-01 1.6562628710e-01 2.2457310682e-01
   endloop
 endfacet
 facet normal  -1.6261653307e-01 -2.0193873110e-03 9.8668727835e-01
   outer loop
     vertex 1.4344444522e+00 9.5212838504e-18 3.1408658802e-01
     vertex 1.4271780131e+00 2.2381889193e-01 3.1334707702e-01
     vertex 8.8925833185e-01 1.6562628710e-01 2.2457310682e-01
   endloop
 endfacet
 facet normal  -1.8845481324e-01 3.3212073735e-01 9.2421891302e-01
   outer loop
     vertex 8.8925833185e-01 1.6562628710e-01 2.2457310682e-01
     vertex 1.4271780131e+00 2.2381889193e-01 3.1334707702e-01
     vertex 8.6705671835e-01 2.9666034419e-01 1.7295857274e-01
   endloop
 endfacet
 facet normal  -1.7891503460e-01 3.7627733456e-01 9.0906808210e-01
   outer loop
     vertex 1.4271780131e+00 2.2381889193e-01 3.1334707702e-01
     vertex 1.4116661917e+00 3.9176708365e-01 2.4077781924e-01
     vertex 8.6705671835e-01 2.9666034419e-01 1.7295857274e-01
   endloop
 endfacet
 facet normal  -2.0520100141e-01 6.5913133351e-01 7.2349045205e-01
   outer loop
     vertex 8.6705671835e-01 2.9666034419e-01 1.7295857274e-01
     vertex 1.4116661917e+00 3.9176708365e-01 2.4077781924e-01
     vertex 8.4529110193e-01 3.7300720715e-01 9.7229949471e-02
   endloop
 endfacet
 facet normal  -1.8718778160e-01 7.4409405795e-01 6.4131487379e-01
   outer loop
     vertex 1.4116661917e+00 3.9176708365e-01 2.4077781924e-01
     vertex 1.3968083659e+00 4.7814139907e-01 1.3622415761e-01
     vertex 8.4529110193e-01 3.7300720715e-01 9.7229949471e-02
   endloop
 endfacet
 facet normal  -1.9750256531e-01 9.5660520551e-01 2.1424102663e-01
   outer loop
     vertex 8.4529110193e-01 3.7300720715e-01 9.7229949471e-02
     vertex 1.3968083659e+00 4.7814139907e-01 1.3622415761e-01
     vertex 8.3554200563e-01 3.9276998134e-01 0.0000000000e+00
   endloop
 endfacet
 facet normal  -1.7711006402e-01 9.7717214715e-01 1.1733124078e-01
   outer loop
     vertex 1.3968083659e+00 4.7814139907e-01 1.3622415761e-01
     vertex 1.3902713573e+00 4.9331332090e-01 0.0000000000e+00
     vertex 8.3554200563e-01 3.9276998134e-01 0.0000000000e+00
   endloop
 endfacet
 facet normal  -8.8158887444e-02 9.7296254944e-01 -2.1347573151e-01
   outer loop
     vertex 1.3902713573e+00 4.9331332090e-01 0.0000000000e+00
     vertex 1.9633338060e+00 5.4523777363e-01 0.0000000000e+00
     vertex 1.9655504200e+00 4.9992612105e-01 -2.0743320528e-01
   endloop
 endfacet
 facet normal  -1.0259276324e-01 9.6178421422e-01 -2.5386187231e-01
   outer loop
     vertex 1.3902713573e+00 4.9331332090e-01 0.0000000000e+00
     vertex 1.9655504200e+00 4.9992612105e-01 -2.0743320528e-01
     vertex 1.3968083659e+00 4.4973230379e-01 -1.6775336792e-01
   endloop
 endfacet
 facet normal  -1.0708934806e-01 9.2477980997e-01 -3.6512213656e-01
   outer loop
     vertex 1.3968083659e+00 4.4973230379e-01 -1.6775336792e-01
     vertex 1.9655504200e+00 4.9992612105e-01 -2.0743320528e-01
     vertex 1.9708504434e+00 4.3015538268e-01 -3.8570272035e-01
   endloop
 endfacet
 facet normal  -1.5421988715e-01 8.6160608892e-01 -4.8358161043e-01
   outer loop
     vertex 1.3968083659e+00 4.4973230379e-01 -1.6775336792e-01
     vertex 1.9708504434e+00 4.3015538268e-01 -3.8570272035e-01
     vertex 1.4116661917e+00 3.7351005774e-01 -3.0829825643e-01
   endloop
 endfacet
 facet normal  -1.3993058731e-01 2.8894073354e-02 -9.8973964418e-01
   outer loop
     vertex 1.4116661917e+00 3.7351005774e-01 -3.0829825643e-01
     vertex 1.9708504434e+00 4.3015538268e-01 -3.8570272035e-01
     vertex 1.9767317963e+00 2.1819959341e-01 -3.9272198781e-01
   endloop
 endfacet
 facet normal  -1.3654197708e-01 4.1242285599e-02 -9.8977541007e-01
   outer loop
     vertex 1.4116661917e+00 3.7351005774e-01 -3.0829825643e-01
     vertex 1.9767317963e+00 2.1819959341e-01 -3.9272198781e-01
     vertex 1.4271780131e+00 1.8900825872e-01 -3.1812603206e-01
   endloop
 endfacet
 facet normal  -1.3273473146e-01 -3.2580596056e-02 -9.9061596788e-01
   outer loop
     vertex 1.4271780131e+00 1.8900825872e-01 -3.1812603206e-01
     vertex 1.9767317963e+00 2.1819959341e-01 -3.9272198781e-01
     vertex 1.9795967928e+00 -2.1112266542e-17 -3.8592945823e-01
   endloop
 endfacet
 facet normal  -1.3061040395e-01 -2.6202637311e-02 -9.9108745536e-01
   outer loop
     vertex 1.4271780131e+00 1.8900825872e-01 -3.1812603206e-01
     vertex 1.9795967928e+00 -2.1112266542e-17 -3.8592945823e-01
     vertex 1.4344444522e+00 -4.0404645229e-17 -3.1408658802e-01
   endloop
 endfacet
 facet normal  -1.3061040395e-01 2.6202637311e-02 -9.9108745536e-01
   outer loop
     vertex 1.4344444522e+00 -4.0404645229e-17 -3.1408658802e-01
     vertex 1.9795967928e+00 -2.1112266542e-17 -3.8592945823e-01
     vertex 1.4271780131e+00 -1.8900825872e-01 -3.1812603206e-01
   endloop
 endfacet
 facet normal  -1.3273473146e-01 3.2580596056e-02 -9.9061596788e-01
   outer loop
     vertex 1.9795967928e+00 -2.1112266542e-17 -3.8592945823e-01
     vertex 1.9767317963e+00 -2.1819959341e-01 -3.9272198781e-01
     vertex 1.4271780131e+00 -1.8900825872e-01 -3.1812603206e-01
   endloop
 endfacet
 facet normal  -1.3654197708e-01 -4.1242285599e-02 -9.8977541007e-01
   outer loop
     vertex 1.4271780131e+00 -1.8900825872e-01 -3.1812603206e-01
     vertex 1.9767317963e+00 -2.1819959341e-01 -3.9272198781e-01
     vertex 1.4116661917e+00 -3.7351005774e-01 -3.0829825643e-01
   endloop
 endfacet
 facet normal  -1.3993058731e-01 -2.8894073354e-02 -9.8973964418e-01
   outer loop
     vertex 1.9767317963e+00 -2.1819959341e-01 -3.9272198781e-01
     vertex 1.9708504434e+00 -4.3015538268e-01 -3.8570272035e-01
     vertex 1.4116661917e+00 -3.7351005774e-01 -3.0829825643e-01
   endloop
 endfacet
 facet normal  -1.5421988715e-01 -8.6160608892e-01 -4.8358161043e-01
   outer loop
     vertex 1.4116661917e+00 -3.7351005774e-01 -3.0829825643e-01
     vertex 1.9708504434e+00 -4.3015538268e-01 -3.8570272035e-01
     vertex 1.3968083659e+00 -4.4973230379e-01 -1.6775336792e-01
   endloop
 endfacet
 facet normal  -1.0708934806e-01 -9.2477980997e-01 -3.6512213656e-01
   outer loop
     vertex 1.9708504434e+00 -4.3015538268e-01 -3.8570272035e-01
     vertex 1.9655504200e+00 -4.9992612105e-01 -2.0743320528e-01
     vertex 1.3968083659e+00 -4.4973230379e-01 -1.6775336792e-01
   endloop
 endfacet
 facet normal  -1.0259276324e-01 -9.6178421422e-01 -2.5386187231e-01
   outer loop
     vertex 1.3968083659e+00 -4.4973230379e-01 -1.6775336792e-01
     vertex 1.9655504200e+00 -4.9992612105e-01 -2.0743320528e-01
     vertex 1.3902713573e+00 -4.9331332090e-01 -1.5932765410e-17
   endloop
 endfacet
 facet normal  -8.8158887444e-02 -9.7296254944e-01 -2.1347573151e-01
   outer loop
     vertex 1.9655504200e+00 -4.9992612105e-01 -2.0743320528e-01
     vertex 1.9633338060e+00 -5.4523777363e-01 -5.2806739450e-18
     vertex 1.3902713573e+00 -4.9331332090e-01 -1.5932765410e-17
   endloop
 endfacet
 facet normal  -9.0174389082e-02 -9.9520656441e-01 3.7848034445e-02
   outer loop
     vertex 1.3902713573e+00 -4.9331332090e-01 -1.5932765410e-17
     vertex 1.9633338060e+00 -5.4523777363e-01 -5.2806739450e-18
     vertex 1.9655504200e+00 -5.3920783304e-01 1.6383726016e-01
   endloop
 endfacet
 facet normal  -1.1157743871e-01 -9.8704587891e-01 1.1528620079e-01
   outer loop
     vertex 1.3902713573e+00 -4.9331332090e-01 -1.5932765410e-17
     vertex 1.9655504200e+00 -5.3920783304e-01 1.6383726016e-01
     vertex 1.3968083659e+00 -4.7814139907e-01 1.3622415761e-01
   endloop
 endfacet
 facet normal  -1.1560339425e-01 -8.2980259116e-01 5.4595193465e-01
   outer loop
     vertex 1.3968083659e+00 -4.7814139907e-01 1.3622415761e-01
     vertex 1.9655504200e+00 -5.3920783304e-01 1.6383726016e-01
     vertex 1.9708504434e+00 -4.5539966541e-01 2.9234112819e-01
   endloop
 endfacet
 facet normal  -1.4487397371e-01 -7.5260723074e-01 6.4233471647e-01
   outer loop
     vertex 1.3968083659e+00 -4.7814139907e-01 1.3622415761e-01
     vertex 1.9708504434e+00 -4.5539966541e-01 2.9234112819e-01
     vertex 1.4116661917e+00 -3.9176708365e-01 2.4077781924e-01
   endloop
 endfacet
 facet normal  -1.3178530757e-01 -4.3715999035e-01 8.8967621950e-01
   outer loop
     vertex 1.4116661917e+00 -3.9176708365e-01 2.4077781924e-01
     vertex 1.9708504434e+00 -4.5539966541e-01 2.9234112819e-01
     vertex 1.9767317963e+00 -2.6633281464e-01 3.8611404998e-01
   endloop
 endfacet
 facet normal  -1.5025801414e-01 -3.8041841658e-01 9.1252635990e-01
   outer loop
     vertex 1.4116661917e+00 -3.9176708365e-01 2.4077781924e-01
     vertex 1.9767317963e+00 -2.6633281464e-01 3.8611404998e-01
     vertex 1.4271780131e+00 -2.2381889193e-01 3.1334707702e-01
   endloop
 endfacet
 facet normal  -1.3110554314e-01 2.0974319343e-03 9.9136619739e-01
   outer loop
     vertex 1.4271780131e+00 -2.2381889193e-01 3.1334707702e-01
     vertex 1.9767317963e+00 -2.6633281464e-01 3.8611404998e-01
     vertex 1.9795967928e+00 7.7232147395e-18 3.8592945823e-01
   endloop
 endfacet
 facet normal  -1.3065520321e-01 9.6607843308e-04 9.9142739753e-01
   outer loop
     vertex 1.4271780131e+00 -2.2381889193e-01 3.1334707702e-01
     vertex 1.9795967928e+00 7.7232147395e-18 3.8592945823e-01
     vertex 1.4344444522e+00 9.5212838504e-18 3.1408658802e-01
   endloop
 endfacet
 facet normal  -1.3065520321e-01 -9.6607843308e-04 9.9142739753e-01
   outer loop
     vertex 1.4344444522e+00 9.5212838504e-18 3.1408658802e-01
     vertex 1.9795967928e+00 7.7232147395e-18 3.8592945823e-01
     vertex 1.4271780131e+00 2.2381889193e-01 3.1334707702e-01
   endloop
 endfacet
 facet normal  -1.3110554314e-01 -2.0974319343e-03 9.9136619739e-01
   outer loop
     vertex 1.9795967928e+00 7.7232147395e-18 3.8592945823e-01
     vertex 1.9767317963e+00 2.6633281464e-01 3.8611404998e-01
     vertex 1.4271780131e+00 2.2381889193e-01 3.1334707702e-01
   endloop
 endfacet
 facet normal  -1.5025801414e-01 3.8041841658e-01 9.1252635990e-01
   outer loop
     vertex 1.4271780131e+00 2.2381889193e-01 3.1334707702e-01
     vertex 1.9767317963e+00 2.6633281464e-01 3.8611404998e-01
     vertex 1.4116661917e+00 3.9176708365e-01 2.4077781924e-01
   endloop
 endfacet
 facet normal  -1.3178530757e-01 4.3715999035e-01 8.8967621950e-01
   outer loop
     vertex 1.9767317963e+00 2.6633281464e-01 3.8611404998e-01
     vertex 1.9708504434e+00 4.5539966541e-01 2.9234112819e-01
     vertex 1.4116661917e+00 3.9176708365e-01 2.4077781924e-01
   endloop
 endfacet
 facet normal  -1.4487397371e-01 7.5260723074e-01 6.4233471647e-01
   outer loop
     vertex 1.4116661917e+00 3.9176708365e-01 2.4077781924e-01
     vertex 1.9708504434e+00 4.5539966541e-01 2.9234112819e-01
     vertex 1.3968083659e+00 4.7814139907e-01 1.3622415761e-01
   endloop
 endfacet
 facet normal  -1.1560339425e-01 8.2980259116e-01 5.4595193465e-01
   outer loop
     vertex 1.9708504434e+00 4.5539966541e-01 2.9234112819e-01
     vertex 1.9655504200e+00 5.3920783304e-01 1.6383726016e-01
     vertex 1.3968083659e+00 4.7814139907e-01 1.3622415761e-01
   endloop
 endfacet
 facet normal  -1.1157743871e-01 9.8704587891e-01 1.1528620079e-01
   outer loop
     vertex 1.3968083659e+00 4.7814139907e-01 1.3622415761e-01
     vertex 1.9655504200e+00 5.3920783304e-01 1.6383726016e-01
     vertex 1.3902713573e+00 4.9331332090e-01 0.0000000000e+00
   endloop
 endfacet
 facet normal  -9.0174389082e-02 9.9520656441e-01 3.7848034445e-02
   outer loop
     vertex 1.9655504200e+00 5.3920783304e-01 1.6383726016e-01
     vertex 1.9633338060e+00 5.4523777363e-01 0.0000000000e+00
     vertex 1.3902713573e+00 4.9331332090e-01 0.0000000000e+00
   endloop
 endfacet
 facet normal  -2.7072691680e-02 9.8420103058e-01 -1.7497257148e-01
   outer loop
     vertex 1.9633338060e+00 5.4523777363e-01 0.0000000000e+00
     vertex 2.5000000000e+00 5.6000000000e-01 0.0000000000e+00
     vertex 2.5000000000e+00 5.1999920000e-01 -2.2500000000e-01
   endloop
 endfacet
 facet normal  -4.3676946577e-02 9.7593353547e-01 -2.1364938257e-01
   outer loop
     vertex 1.9633338060e+00 5.4523777363e-01 0.0000000000e+00
     vertex 2.5000000000e+00 5.1999920000e-01 -2.2500000000e-01
     vertex 1.9655504200e+00 4.9992612105e-01 -2.0743320528e-01
   endloop
 endfacet
 facet normal  -4.5032288061e-02 9.6138056318e-01 -2.7151336204e-01
   outer loop
     vertex 1.9655504200e+00 4.9992612105e-01 -2.0743320528e-01
     vertex 2.5000000000e+00 5.1999920000e-01 -2.2500000000e-01
     vertex 2.5000000000e+00 4.6238976485e-01 -4.2898477186e-01
   endloop
 endfacet
 facet normal  -8.6344068740e-02 9.2686789683e-01 -3.6532260211e-01
   outer loop
     vertex 1.9655504200e+00 4.9992612105e-01 -2.0743320528e-01
     vertex 2.5000000000e+00 4.6238976485e-01 -4.2898477186e-01
     vertex 1.9708504434e+00 4.3015538268e-01 -3.8570272035e-01
   endloop
 endfacet
 facet normal  -8.6834454815e-02 9.3722477662e-02 -9.9180435300e-01
   outer loop
     vertex 1.9708504434e+00 4.3015538268e-01 -3.8570272035e-01
     vertex 2.5000000000e+00 4.6238976485e-01 -4.2898477186e-01
     vertex 2.5000000000e+00 2.3999920000e-01 -4.5000000000e-01
   endloop
 endfacet
 facet normal  -1.0999232991e-01 2.9848805818e-02 -9.9348413986e-01
   outer loop
     vertex 1.9708504434e+00 4.3015538268e-01 -3.8570272035e-01
     vertex 2.5000000000e+00 2.3999920000e-01 -4.5000000000e-01
     vertex 1.9767317963e+00 2.1819959341e-01 -3.9272198781e-01
   endloop
 endfacet
 facet normal  -1.0881210464e-01 -1.7276315309e-16 -9.9406233501e-01
   outer loop
     vertex 1.9767317963e+00 2.1819959341e-01 -3.9272198781e-01
     vertex 2.5000000000e+00 2.3999920000e-01 -4.5000000000e-01
     vertex 2.5000000000e+00 -4.1086505480e-33 -4.5000000000e-01
   endloop
 endfacet
 facet normal  -1.2213001020e-01 -3.2483890820e-02 -9.9198238767e-01
   outer loop
     vertex 1.9767317963e+00 2.1819959341e-01 -3.9272198781e-01
     vertex 2.5000000000e+00 -4.1086505480e-33 -4.5000000000e-01
     vertex 1.9795967928e+00 -2.1112266542e-17 -3.8592945823e-01
   endloop
 endfacet
 facet normal  -1.2213001020e-01 3.2483890820e-02 -9.9198238767e-01
   outer loop
     vertex 1.9795967928e+00 -2.1112266542e-17 -3.8592945823e-01
     vertex 2.5000000000e+00 -4.1086505480e-33 -4.5000000000e-01
     vertex 1.9767317963e+00 -2.1819959341e-01 -3.9272198781e-01
   endloop
 endfacet
 facet normal  -1.0881210464e-01 2.0134351103e-16 -9.9406233501e-01
   outer loop
     vertex 2.5000000000e+00 -4.1086505480e-33 -4.5000000000e-01
     vertex 2.5000000000e+00 -2.3999920000e-01 -4.5000000000e-01
     vertex 1.9767317963e+00 -2.1819959341e-01 -3.9272198781e-01
   endloop
 endfacet
 facet normal  -1.0999232991e-01 -2.9848805818e-02 -9.9348413986e-01
   outer loop
     vertex 1.9767317963e+00 -2.1819959341e-01 -3.9272198781e-01
     vertex 2.5000000000e+00 -2.3999920000e-01 -4.5000000000e-01
     vertex 1.9708504434e+00 -4.3015538268e-01 -3.8570272035e-01
   endloop
 endfacet
 facet normal  -8.6834454815e-02 -9.3722477662e-02 -9.9180435300e-01
   outer loop
     vertex 2.5000000000e+00 -2.3999920000e-01 -4.5000000000e-01
     vertex 2.5000000000e+00 -4.6238976485e-01 -4.2898477186e-01
     vertex 1.9708504434e+00 -4.3015538268e-01 -3.8570272035e-01
   endloop
 endfacet
 facet normal  -8.6344068740e-02 -9.2686789683e-01 -3.6532260211e-01
   outer loop
     vertex 1.9708504434e+00 -4.3015538268e-01 -3.8570272035e-01
     vertex 2.5000000000e+00 -4.6238976485e-01 -4.2898477186e-01
     vertex 1.9655504200e+00 -4.9992612105e-01 -2.0743320528e-01
   endloop
 endfacet
 facet normal  -4.5032288061e-02 -9.6138056318e-01 -2.7151336204e-01
   outer loop
     vertex 2.5000000000e+00 -4.6238976485e-01 -4.2898477186e-01
     vertex 2.5000000000e+00 -5.1999920000e-01 -2.2500000000e-01
     vertex 1.9655504200e+00 -4.9992612105e-01 -2.0743320528e-01
   endloop
 endfacet
 facet normal  -4.3676946577e-02 -9.7593353547e-01 -2.1364938257e-01
   outer loop
     vertex 1.9655504200e+00 -4.9992612105e-01 -2.0743320528e-01
     vertex 2.5000000000e+00 -5.1999920000e-01 -2.2500000000e-01
     vertex 1.9633338060e+00 -5.4523777363e-01 -5.2806739450e-18
   endloop
 endfacet
 facet normal  -2.7072691680e-02 -9.8420103058e-01 -1.7497257148e-01
   outer loop
     vertex 2.5000000000e+00 -5.1999920000e-01 -2.2500000000e-01
     vertex 2.5000000000e+00 -5.6000000000e-01 1.6049416203e-35
     vertex 1.9633338060e+00 -5.4523777363e-01 -5.2806739450e-18
   endloop
 endfacet
 facet normal  -2.7490364218e-02 -9.9938510415e-01 -2.1764500563e-02
   outer loop
     vertex 1.9633338060e+00 -5.4523777363e-01 -5.2806739450e-18
     vertex 2.5000000000e+00 -5.6000000000e-01 1.6049416203e-35
     vertex 2.5000000000e+00 -5.6384039642e-01 1.7634381125e-01
   endloop
 endfacet
 facet normal  -4.6881229243e-02 -9.9820110461e-01 3.7372517935e-02
   outer loop
     vertex 1.9633338060e+00 -5.4523777363e-01 -5.2806739450e-18
     vertex 2.5000000000e+00 -5.6384039642e-01 1.7634381125e-01
     vertex 1.9655504200e+00 -5.3920783304e-01 1.6383726016e-01
   endloop
 endfacet
 facet normal  -5.1617740764e-02 -8.9550394768e-01 4.4205009731e-01
   outer loop
     vertex 1.9655504200e+00 -5.3920783304e-01 1.6383726016e-01
     vertex 2.5000000000e+00 -5.6384039642e-01 1.7634381125e-01
     vertex 2.5000000000e+00 -4.9056418754e-01 3.2478656633e-01
   endloop
 endfacet
 facet normal  -8.8851565974e-02 -8.3261314575e-01 5.4668157894e-01
   outer loop
     vertex 1.9655504200e+00 -5.3920783304e-01 1.6383726016e-01
     vertex 2.5000000000e+00 -4.9056418754e-01 3.2478656633e-01
     vertex 1.9708504434e+00 -4.5539966541e-01 2.9234112819e-01
   endloop
 endfacet
 facet normal  -8.6418831218e-02 -5.1171364051e-01 8.5479876914e-01
   outer loop
     vertex 1.9708504434e+00 -4.5539966541e-01 2.9234112819e-01
     vertex 2.5000000000e+00 -4.9056418754e-01 3.2478656633e-01
     vertex 2.5000000000e+00 -2.9371931299e-01 4.4262506939e-01
   endloop
 endfacet
 facet normal  -1.1915302584e-01 -4.3818578931e-01 8.9095217070e-01
   outer loop
     vertex 1.9708504434e+00 -4.5539966541e-01 2.9234112819e-01
     vertex 2.5000000000e+00 -2.9371931299e-01 4.4262506939e-01
     vertex 1.9767317963e+00 -2.6633281464e-01 3.8611404998e-01
   endloop
 endfacet
 facet normal  -1.0862930720e-01 -2.4952319954e-02 9.9376911571e-01
   outer loop
     vertex 1.9767317963e+00 -2.6633281464e-01 3.8611404998e-01
     vertex 2.5000000000e+00 -2.9371931299e-01 4.4262506939e-01
     vertex 2.5000000000e+00 0.0000000000e+00 4.5000000000e-01
   endloop
 endfacet
 facet normal  -1.2219425226e-01 2.0023600789e-03 9.9250418401e-01
   outer loop
     vertex 1.9767317963e+00 -2.6633281464e-01 3.8611404998e-01
     vertex 2.5000000000e+00 0.0000000000e+00 4.5000000000e-01
     vertex 1.9795967928e+00 7.7232147395e-18 3.8592945823e-01
   endloop
 endfacet
 facet normal  -1.2219425226e-01 -2.0023600789e-03 9.9250418401e-01
   outer loop
     vertex 1.9795967928e+00 7.7232147395e-18 3.8592945823e-01
     vertex 2.5000000000e+00 0.0000000000e+00 4.5000000000e-01
     vertex 1.9767317963e+00 2.6633281464e-01 3.8611404998e-01
   endloop
 endfacet
 facet normal  -1.0862930720e-01 2.4952319954e-02 9.9376911571e-01
   outer loop
     vertex 2.5000000000e+00 0.0000000000e+00 4.5000000000e-01
     vertex 2.5000000000e+00 2.9371931299e-01 4.4262506939e-01
     vertex 1.9767317963e+00 2.6633281464e-01 3.8611404998e-01
   endloop
 endfacet
 facet normal  -1.1915302584e-01 4.3818578931e-01 8.9095217070e-01
   outer loop
     vertex 1.9767317963e+00 2.6633281464e-01 3.8611404998e-01
     vertex 2.5000000000e+00 2.9371931299e-01 4.4262506939e-01
     vertex 1.9708504434e+00 4.5539966541e-01 2.9234112819e-01
   endloop
 endfacet
 facet normal  -8.6418831218e-02 5.1171364051e-01 8.5479876914e-01
   outer loop
     vertex 2.5000000000e+00 2.9371931299e-01 4.4262506939e-01
     vertex 2.5000000000e+00 4.9056418754e-01 3.2478656633e-01
     vertex 1.9708504434e+00 4.5539966541e-01 2.9234112819e-01
   endloop
 endfacet
 facet normal  -8.8851565974e-02 8.3261314575e-01 5.4668157894e-01
   outer loop
     vertex 1.9708504434e+00 4.5539966541e-01 2.9234112819e-01
     vertex 2.5000000000e+00 4.9056418754e-01 3.2478656633e-01
     vertex 1.9655504200e+00 5.3920783304e-01 1.6383726016e-01
   endloop
 endfacet
 facet normal  -5.1617740764e-02 8.9550394768e-01 4.4205009731e-01
   outer loop
     vertex 2.5000000000e+00 4.9056418754e-01 3.2478656633e-01
     vertex 2.5000000000e+00 5.6384039642e-01 1.7634381125e-01
     vertex 1.9655504200e+00 5.3920783304e-01 1.6383726016e-01
   endloop
 endfacet
 facet normal  -4.6881229243e-02 9.9820110461e-01 3.7372517935e-02
   outer loop
     vertex 1.9655504200e+00 5.3920783304e-01 1.6383726016e-01
     vertex 2.5000000000e+00 5.6384039642e-01 1.7634381125e-01
     vertex 1.9633338060e+00 5.4523777363e-01 0.0000000000e+00
   endloop
 endfacet
 facet normal  -2.7490364218e-02 9.9938510415e-01 -2.1764500563e-02
   outer loop
     vertex 2.5000000000e+00 5.6384039642e-01 1.7634381125e-01
     vertex 2.5000000000e+00 5.6000000000e-01 0.0000000000e+00
     vertex 1.9633338060e+00 5.4523777363e-01 0.0000000000e+00
   endloop
 endfacet
 facet normal  -1.3354062151e-02 9.8799540493e-01 -1.5390499946e-01
   outer loop
     vertex 2.5000000000e+00 5.6000000000e-01 0.0000000000e+00
     vertex 3.0001361280e+00 5.6676000000e-01 0.0000000000e+00
     vertex 3.0000759503e+00 5.3083420051e-01 -2.3062097607e-01
   endloop
 endfacet
 facet normal  -2.3293350934e-02 9.8429476637e-01 -1.7498923596e-01
   outer loop
     vertex 2.5000000000e+00 5.6000000000e-01 0.0000000000e+00
     vertex 3.0000759503e+00 5.3083420051e-01 -2.3062097607e-01
     vertex 2.5000000000e+00 5.1999920000e-01 -2.2500000000e-01
   endloop
 endfacet
 facet normal  -2.3807523278e-02 9.6678224059e-01 -2.5449027704e-01
   outer loop
     vertex 2.5000000000e+00 5.1999920000e-01 -2.2500000000e-01
     vertex 3.0000759503e+00 5.3083420051e-01 -2.3062097607e-01
     vertex 2.9995200865e+00 4.7459906458e-01 -4.4420044014e-01
   endloop
 endfacet
 facet normal  -3.1784766866e-02 9.6187059982e-01 -2.7165175832e-01
   outer loop
     vertex 2.5000000000e+00 5.1999920000e-01 -2.2500000000e-01
     vertex 2.9995200865e+00 4.7459906458e-01 -4.4420044014e-01
     vertex 2.5000000000e+00 4.6238976485e-01 -4.2898477186e-01
   endloop
 endfacet
 facet normal  -3.4651027386e-02 1.9650601510e-01 -9.7989014299e-01
   outer loop
     vertex 2.5000000000e+00 4.6238976485e-01 -4.2898477186e-01
     vertex 2.9995200865e+00 4.7459906458e-01 -4.4420044014e-01
     vertex 2.9983828934e+00 2.5370627524e-01 -4.8845780633e-01
   endloop
 endfacet
 facet normal  -7.9161170755e-02 9.3782600503e-02 -9.9244059414e-01
   outer loop
     vertex 2.5000000000e+00 4.6238976485e-01 -4.2898477186e-01
     vertex 2.9983828934e+00 2.5370627524e-01 -4.8845780633e-01
     vertex 2.5000000000e+00 2.3999920000e-01 -4.5000000000e-01
   endloop
 endfacet
 facet normal  -7.7856925211e-02 3.5435476533e-02 -9.9633459550e-01
   outer loop
     vertex 2.5000000000e+00 2.3999920000e-01 -4.5000000000e-01
     vertex 2.9983828934e+00 2.5370627524e-01 -4.8845780633e-01
     vertex 2.9976743330e+00 1.2230482345e-17 -4.9742571377e-01
   endloop
 endfacet
 facet normal  -9.4864910684e-02 -1.1566505670e-16 -9.9549015501e-01
   outer loop
     vertex 2.5000000000e+00 2.3999920000e-01 -4.5000000000e-01
     vertex 2.9976743330e+00 1.2230482345e-17 -4.9742571377e-01
     vertex 2.5000000000e+00 -4.1086505480e-33 -4.5000000000e-01
   endloop
 endfacet
 facet normal  -9.4864910684e-02 1.7349758505e-16 -9.9549015501e-01
   outer loop
     vertex 2.5000000000e+00 -4.1086505480e-33 -4.5000000000e-01
     vertex 2.9976743330e+00 1.2230482345e-17 -4.9742571377e-01
     vertex 2.5000000000e+00 -2.3999920000e-01 -4.5000000000e-01
   endloop
 endfacet
 facet normal  -7.7856925211e-02 -3.5435476533e-02 -9.9633459550e-01
   outer loop
     vertex 2.9976743330e+00 1.2230482345e-17 -4.9742571377e-01
     vertex 2.9983828934e+00 -2.5370627524e-01 -4.8845780633e-01
     vertex 2.5000000000e+00 -2.3999920000e-01 -4.5000000000e-01
   endloop
 endfacet
 facet normal  -7.9161170755e-02 -9.3782600503e-02 -9.9244059414e-01
   outer loop
     vertex 2.5000000000e+00 -2.3999920000e-01 -4.5000000000e-01
     vertex 2.9983828934e+00 -2.5370627524e-01 -4.8845780633e-01
     vertex 2.5000000000e+00 -4.6238976485e-01 -4.2898477186e-01
   endloop
 endfacet
 facet normal  -3.4651027386e-02 -1.9650601510e-01 -9.7989014299e-01
   outer loop
     vertex 2.9983828934e+00 -2.5370627524e-01 -4.8845780633e-01
     vertex 2.9995200865e+00 -4.7459906458e-01 -4.4420044014e-01
     vertex 2.5000000000e+00 -4.6238976485e-01 -4.2898477186e-01
   endloop
 endfacet
 facet normal  -3.1784766866e-02 -9.6187059982e-01 -2.7165175832e-01
   outer loop
     vertex 2.5000000000e+00 -4.6238976485e-01 -4.2898477186e-01
     vertex 2.9995200865e+00 -4.7459906458e-01 -4.4420044014e-01
     vertex 2.5000000000e+00 -5.1999920000e-01 -2.2500000000e-01
   endloop
 endfacet
 facet normal  -2.3807523278e-02 -9.6678224059e-01 -2.5449027704e-01
   outer loop
     vertex 2.9995200865e+00 -4.7459906458e-01 -4.4420044014e-01
     vertex 3.0000759503e+00 -5.3083420051e-01 -2.3062097607e-01
     vertex 2.5000000000e+00 -5.1999920000e-01 -2.2500000000e-01
   endloop
 endfacet
 facet normal  -2.3293350934e-02 -9.8429476637e-01 -1.7498923596e-01
   outer loop
     vertex 2.5000000000e+00 -5.1999920000e-01 -2.2500000000e-01
     vertex 3.0000759503e+00 -5.3083420051e-01 -2.3062097607e-01
     vertex 2.5000000000e+00 -5.6000000000e-01 1.6049416203e-35
   endloop
 endfacet
 facet normal  -1.3354062151e-02 -9.8799540493e-01 -1.5390499946e-01
   outer loop
     vertex 3.0000759503e+00 -5.3083420051e-01 -2.3062097607e-01
     vertex 3.0001361280e+00 -5.6676000000e-01 -4.8396573203e-20
     vertex 2.5000000000e+00 -5.6000000000e-01 1.6049416203e-35
   endloop
 endfacet
 facet normal  -1.3490919635e-02 -9.9812075583e-01 -5.9774173984e-02
   outer loop
     vertex 2.5000000000e+00 -5.6000000000e-01 1.6049416203e-35
     vertex 3.0001361280e+00 -5.6676000000e-01 -4.8396573203e-20
     vertex 3.0000759503e+00 -5.7767213321e-01 1.8222649982e-01
   endloop
 endfacet
 facet normal  -2.7386314132e-02 -9.9938795951e-01 -2.1764562747e-02
   outer loop
     vertex 2.5000000000e+00 -5.6000000000e-01 1.6049416203e-35
     vertex 3.0000759503e+00 -5.7767213321e-01 1.8222649982e-01
     vertex 2.5000000000e+00 -5.6384039642e-01 1.7634381125e-01
   endloop
 endfacet
 facet normal  -3.0037773252e-02 -9.2717493343e-01 3.7342251539e-01
   outer loop
     vertex 2.5000000000e+00 -5.6384039642e-01 1.7634381125e-01
     vertex 3.0000759503e+00 -5.7767213321e-01 1.8222649982e-01
     vertex 2.9995200865e+00 -5.1209831464e-01 3.4499575302e-01
   endloop
 endfacet
 facet normal  -5.6474089195e-02 -8.9526824960e-01 4.4193374901e-01
   outer loop
     vertex 2.5000000000e+00 -5.6384039642e-01 1.7634381125e-01
     vertex 2.9995200865e+00 -5.1209831464e-01 3.4499575302e-01
     vertex 2.5000000000e+00 -4.9056418754e-01 3.2478656633e-01
   endloop
 endfacet
 facet normal  -5.7598038456e-02 -5.6122968482e-01 8.2565350290e-01
   outer loop
     vertex 2.5000000000e+00 -4.9056418754e-01 3.2478656633e-01
     vertex 2.9995200865e+00 -5.1209831464e-01 3.4499575302e-01
     vertex 2.9983828934e+00 -3.1135351903e-01 4.8137068255e-01
   endloop
 endfacet
 facet normal  -8.4573657357e-02 -5.1179496707e-01 8.5493462216e-01
   outer loop
     vertex 2.5000000000e+00 -4.9056418754e-01 3.2478656633e-01
     vertex 2.9983828934e+00 -3.1135351903e-01 4.8137068255e-01
     vertex 2.5000000000e+00 -2.9371931299e-01 4.4262506939e-01
   endloop
 endfacet
 facet normal  -7.9217535867e-02 -5.1514823690e-02 9.9552539141e-01
   outer loop
     vertex 2.5000000000e+00 -2.9371931299e-01 4.4262506939e-01
     vertex 2.9983828934e+00 -3.1135351903e-01 4.8137068255e-01
     vertex 2.9976743330e+00 -7.2791255296e-18 4.9742571377e-01
   endloop
 endfacet
 facet normal  -9.4835289871e-02 -2.4987728478e-02 9.9517932114e-01
   outer loop
     vertex 2.5000000000e+00 -2.9371931299e-01 4.4262506939e-01
     vertex 2.9976743330e+00 -7.2791255296e-18 4.9742571377e-01
     vertex 2.5000000000e+00 0.0000000000e+00 4.5000000000e-01
   endloop
 endfacet
 facet normal  -9.4835289871e-02 2.4987728478e-02 9.9517932114e-01
   outer loop
     vertex 2.5000000000e+00 0.0000000000e+00 4.5000000000e-01
     vertex 2.9976743330e+00 -7.2791255296e-18 4.9742571377e-01
     vertex 2.5000000000e+00 2.9371931299e-01 4.4262506939e-01
   endloop
 endfacet
 facet normal  -7.9217535867e-02 5.1514823690e-02 9.9552539141e-01
   outer loop
     vertex 2.9976743330e+00 -7.2791255296e-18 4.9742571377e-01
     vertex 2.9983828934e+00 3.1135351903e-01 4.8137068255e-01
     vertex 2.5000000000e+00 2.9371931299e-01 4.4262506939e-01
   endloop
 endfacet
 facet normal  -8.4573657357e-02 5.1179496707e-01 8.5493462216e-01
   outer loop
     vertex 2.5000000000e+00 2.9371931299e-01 4.4262506939e-01
     vertex 2.9983828934e+00 3.1135351903e-01 4.8137068255e-01
     vertex 2.5000000000e+00 4.9056418754e-01 3.2478656633e-01
   endloop
 endfacet
 facet normal  -5.7598038456e-02 5.6122968482e-01 8.2565350290e-01
   outer loop
     vertex 2.9983828934e+00 3.1135351903e-01 4.8137068255e-01
     vertex 2.9995200865e+00 5.1209831464e-01 3.4499575302e-01
     vertex 2.5000000000e+00 4.9056418754e-01 3.2478656633e-01
   endloop
 endfacet
 facet normal  -5.6474089195e-02 8.9526824960e-01 4.4193374901e-01
   outer loop
     vertex 2.5000000000e+00 4.9056418754e-01 3.2478656633e-01
     vertex 2.9995200865e+00 5.1209831464e-01 3.4499575302e-01
     vertex 2.5000000000e+00 5.6384039642e-01 1.7634381125e-01
   endloop
 endfacet
 facet normal  -3.0037773252e-02 9.2717493343e-01 3.7342251539e-01
   outer loop
     vertex 2.9995200865e+00 5.1209831464e-01 3.4499575302e-01
     vertex 3.0000759503e+00 5.7767213321e-01 1.8222649982e-01
     vertex 2.5000000000e+00 5.6384039642e-01 1.7634381125e-01
   endloop
 endfacet
 facet normal  -2.7386314132e-02 9.9938795951e-01 -2.1764562747e-02
   outer loop
     vertex 2.5000000000e+00 5.6384039642e-01 1.7634381125e-01
     vertex 3.0000759503e+00 5.7767213321e-01 1.8222649982e-01
     vertex 2.5000000000e+00 5.6000000000e-01 0.0000000000e+00
   endloop
 endfacet
 facet normal  -1.3490919635e-02 9.9812075583e-01 -5.9774173984e-02
   outer loop
     vertex 3.0000759503e+00 5.7767213321e-01 1.8222649982e-01
     vertex 3.0001361280e+00 5.6676000000e-01 0.0000000000e+00
     vertex 2.5000000000e+00 5.6000000000e-01 0.0000000000e+00
   endloop
 endfacet
 facet normal  -3.1798235777e-02 9.8630220570e-01 -1.6185435189e-01
   outer loop
     vertex 3.0001361280e+00 5.6676000000e-01 0.0000000000e+00
     vertex 3.5001384447e+00 5.8288000000e-01 0.0000000000e+00
     vertex 3.5000707448e+00 5.4371359900e-01 -2.3865749983e-01
   endloop
 endfacet
 facet normal  -2.7915148636e-02 9.8769903001e-01 -1.5385503107e-01
   outer loop
     vertex 3.0001361280e+00 5.6676000000e-01 0.0000000000e+00
     vertex 3.5000707448e+00 5.4371359900e-01 -2.3865749983e-01
     vertex 3.0000759503e+00 5.3083420051e-01 -2.3062097607e-01
   endloop
 endfacet
 facet normal  -2.9556775323e-02 9.4599985457e-01 -3.2281677805e-01
   outer loop
     vertex 3.0000759503e+00 5.3083420051e-01 -2.3062097607e-01
     vertex 3.5000707448e+00 5.4371359900e-01 -2.3865749983e-01
     vertex 3.4994453981e+00 4.7199574317e-01 -4.4876615142e-01
   endloop
 endfacet
 facet normal  2.7103167330e-03 9.6703579426e-01 -2.5462605287e-01
   outer loop
     vertex 3.0000759503e+00 5.3083420051e-01 -2.3062097607e-01
     vertex 3.4994453981e+00 4.7199574317e-01 -4.4876615142e-01
     vertex 2.9995200865e+00 4.7459906458e-01 -4.4420044014e-01
   endloop
 endfacet
 facet normal  -7.3420792356e-03 2.7580384555e-01 -9.6118589911e-01
   outer loop
     vertex 2.9995200865e+00 4.7459906458e-01 -4.4420044014e-01
     vertex 3.4994453981e+00 4.7199574317e-01 -4.4876615142e-01
     vertex 3.4981660558e+00 2.5745984479e-01 -5.1031556949e-01
   endloop
 endfacet
 facet normal  -4.4313839835e-02 1.9647883089e-01 -9.7950617794e-01
   outer loop
     vertex 2.9995200865e+00 4.7459906458e-01 -4.4420044014e-01
     vertex 3.4981660558e+00 2.5745984479e-01 -5.1031556949e-01
     vertex 2.9983828934e+00 2.5370627524e-01 -4.8845780633e-01
   endloop
 endfacet
 facet normal  -4.3966045138e-02 4.1477957138e-02 -9.9817161147e-01
   outer loop
     vertex 2.9983828934e+00 2.5370627524e-01 -4.8845780633e-01
     vertex 3.4981660558e+00 2.5745984479e-01 -5.1031556949e-01
     vertex 3.4973689254e+00 1.3759292638e-17 -5.2097892799e-01
   endloop
 endfacet
 facet normal  -4.7053405668e-02 3.5417656919e-02 -9.9826427693e-01
   outer loop
     vertex 2.9983828934e+00 2.5370627524e-01 -4.8845780633e-01
     vertex 3.4973689254e+00 1.3759292638e-17 -5.2097892799e-01
     vertex 2.9976743330e+00 1.2230482345e-17 -4.9742571377e-01
   endloop
 endfacet
 facet normal  -4.7053405668e-02 -3.5417656919e-02 -9.9826427693e-01
   outer loop
     vertex 2.9976743330e+00 1.2230482345e-17 -4.9742571377e-01
     vertex 3.4973689254e+00 1.3759292638e-17 -5.2097892799e-01
     vertex 2.9983828934e+00 -2.5370627524e-01 -4.8845780633e-01
   endloop
 endfacet
 facet normal  -4.3966045138e-02 -4.1477957138e-02 -9.9817161147e-01
   outer loop
     vertex 3.4973689254e+00 1.3759292638e-17 -5.2097892799e-01
     vertex 3.4981660558e+00 -2.5745984479e-01 -5.1031556949e-01
     vertex 2.9983828934e+00 -2.5370627524e-01 -4.8845780633e-01
   endloop
 endfacet
 facet normal  -4.4313839835e-02 -1.9647883089e-01 -9.7950617794e-01
   outer loop
     vertex 2.9983828934e+00 -2.5370627524e-01 -4.8845780633e-01
     vertex 3.4981660558e+00 -2.5745984479e-01 -5.1031556949e-01
     vertex 2.9995200865e+00 -4.7459906458e-01 -4.4420044014e-01
   endloop
 endfacet
 facet normal  -7.3420792356e-03 -2.7580384555e-01 -9.6118589911e-01
   outer loop
     vertex 3.4981660558e+00 -2.5745984479e-01 -5.1031556949e-01
     vertex 3.4994453981e+00 -4.7199574317e-01 -4.4876615142e-01
     vertex 2.9995200865e+00 -4.7459906458e-01 -4.4420044014e-01
   endloop
 endfacet
 facet normal  2.7103167330e-03 -9.6703579426e-01 -2.5462605287e-01
   outer loop
     vertex 2.9995200865e+00 -4.7459906458e-01 -4.4420044014e-01
     vertex 3.4994453981e+00 -4.7199574317e-01 -4.4876615142e-01
     vertex 3.0000759503e+00 -5.3083420051e-01 -2.3062097607e-01
   endloop
 endfacet
 facet normal  -2.9556775323e-02 -9.4599985457e-01 -3.2281677805e-01
   outer loop
     vertex 3.4994453981e+00 -4.7199574317e-01 -4.4876615142e-01
     vertex 3.5000707448e+00 -5.4371359900e-01 -2.3865749983e-01
     vertex 3.0000759503e+00 -5.3083420051e-01 -2.3062097607e-01
   endloop
 endfacet
 facet normal  -2.7915148636e-02 -9.8769903001e-01 -1.5385503107e-01
   outer loop
     vertex 3.0000759503e+00 -5.3083420051e-01 -2.3062097607e-01
     vertex 3.5000707448e+00 -5.4371359900e-01 -2.3865749983e-01
     vertex 3.0001361280e+00 -5.6676000000e-01 -4.8396573203e-20
   endloop
 endfacet
 facet normal  -3.1798235777e-02 -9.8630220570e-01 -1.6185435189e-01
   outer loop
     vertex 3.5000707448e+00 -5.4371359900e-01 -2.3865749983e-01
     vertex 3.5001384447e+00 -5.8288000000e-01 -5.4446144854e-20
     vertex 3.0001361280e+00 -5.6676000000e-01 -4.8396573203e-20
   endloop
 endfacet
 facet normal  -3.2126534398e-02 -9.9648521262e-01 -7.7363472160e-02
   outer loop
     vertex 3.0001361280e+00 -5.6676000000e-01 -4.8396573203e-20
     vertex 3.5001384447e+00 -5.8288000000e-01 -5.4446144854e-20
     vertex 3.5000707448e+00 -5.9769759514e-01 1.9088710726e-01
   endloop
 endfacet
 facet normal  -3.8914582956e-02 -9.9745499384e-01 -5.9742702461e-02
   outer loop
     vertex 3.0001361280e+00 -5.6676000000e-01 -4.8396573203e-20
     vertex 3.5000707448e+00 -5.9769759514e-01 1.9088710726e-01
     vertex 3.0000759503e+00 -5.7767213321e-01 1.8222649982e-01
   endloop
 endfacet
 facet normal  -4.3561312822e-02 -9.3185653033e-01 3.6020246932e-01
   outer loop
     vertex 3.0000759503e+00 -5.7767213321e-01 1.8222649982e-01
     vertex 3.5000707448e+00 -5.9769759514e-01 1.9088710726e-01
     vertex 3.4994453981e+00 -5.3173112006e-01 3.6146908515e-01
   endloop
 endfacet
 facet normal  -4.8679664033e-02 -9.2651586661e-01 3.7309333849e-01
   outer loop
     vertex 3.0000759503e+00 -5.7767213321e-01 1.8222649982e-01
     vertex 3.4994453981e+00 -5.3173112006e-01 3.6146908515e-01
     vertex 2.9995200865e+00 -5.1209831464e-01 3.4499575302e-01
   endloop
 endfacet
 facet normal  -4.9343149958e-02 -5.6592387693e-01 8.2297959821e-01
   outer loop
     vertex 2.9995200865e+00 -5.1209831464e-01 3.4499575302e-01
     vertex 3.4994453981e+00 -5.3173112006e-01 3.6146908515e-01
     vertex 3.4981660558e+00 -3.2447178510e-01 5.0391475434e-01
   endloop
 endfacet
 facet normal  -5.1990560803e-02 -5.6138087453e-01 8.2592281437e-01
   outer loop
     vertex 2.9995200865e+00 -5.1209831464e-01 3.4499575302e-01
     vertex 3.4981660558e+00 -3.2447178510e-01 5.0391475434e-01
     vertex 2.9983828934e+00 -3.1135351903e-01 4.8137068255e-01
   endloop
 endfacet
 facet normal  -4.6376706449e-02 -5.2575158504e-02 9.9753949987e-01
   outer loop
     vertex 2.9983828934e+00 -3.1135351903e-01 4.8137068255e-01
     vertex 3.4981660558e+00 -3.2447178510e-01 5.0391475434e-01
     vertex 3.4973689254e+00 -8.1890162208e-18 5.2097892799e-01
   endloop
 endfacet
 facet normal  -4.7020353024e-02 -5.1546623463e-02 9.9756304663e-01
   outer loop
     vertex 2.9983828934e+00 -3.1135351903e-01 4.8137068255e-01
     vertex 3.4973689254e+00 -8.1890162208e-18 5.2097892799e-01
     vertex 2.9976743330e+00 -7.2791255296e-18 4.9742571377e-01
   endloop
 endfacet
 facet normal  -4.7020353024e-02 5.1546623463e-02 9.9756304663e-01
   outer loop
     vertex 2.9976743330e+00 -7.2791255296e-18 4.9742571377e-01
     vertex 3.4973689254e+00 -8.1890162208e-18 5.2097892799e-01
     vertex 2.9983828934e+00 3.1135351903e-01 4.8137068255e-01
   endloop
 endfacet
 facet normal  -4.6376706449e-02 5.2575158504e-02 9.9753949987e-01
   outer loop
     vertex 3.4973689254e+00 -8.1890162208e-18 5.2097892799e-01
     vertex 3.4981660558e+00 3.2447178510e-01 5.0391475434e-01
     vertex 2.9983828934e+00 3.1135351903e-01 4.8137068255e-01
   endloop
 endfacet
 facet normal  -5.1990560803e-02 5.6138087453e-01 8.2592281437e-01
   outer loop
     vertex 2.9983828934e+00 3.1135351903e-01 4.8137068255e-01
     vertex 3.4981660558e+00 3.2447178510e-01 5.0391475434e-01
     vertex 2.9995200865e+00 5.1209831464e-01 3.4499575302e-01
   endloop
 endfacet
 facet normal  -4.9343149958e-02 5.6592387693e-01 8.2297959821e-01
   outer loop
     vertex 3.4981660558e+00 3.2447178510e-01 5.0391475434e-01
     vertex 3.4994453981e+00 5.3173112006e-01 3.6146908515e-01
     vertex 2.9995200865e+00 5.1209831464e-01 3.4499575302e-01
   endloop
 endfacet
 facet normal  -4.8679664033e-02 9.2651586661e-01 3.7309333849e-01
   outer loop
     vertex 2.9995200865e+00 5.1209831464e-01 3.4499575302e-01
     vertex 3.4994453981e+00 5.3173112006e-01 3.6146908515e-01
     vertex 3.0000759503e+00 5.7767213321e-01 1.8222649982e-01
   endloop
 endfacet
 facet normal  -4.3561312822e-02 9.3185653033e-01 3.6020246932e-01
   outer loop
     vertex 3.4994453981e+00 5.3173112006e-01 3.6146908515e-01
     vertex 3.5000707448e+00 5.9769759514e-01 1.9088710726e-01
     vertex 3.0000759503e+00 5.7767213321e-01 1.8222649982e-01
   endloop
 endfacet
 facet normal  -3.8914582956e-02 9.9745499384e-01 -5.9742702461e-02
   outer loop
     vertex 3.0000759503e+00 5.7767213321e-01 1.8222649982e-01
     vertex 3.5000707448e+00 5.9769759514e-01 1.9088710726e-01
     vertex 3.0001361280e+00 5.6676000000e-01 0.0000000000e+00
   endloop
 endfacet
 facet normal  -3.2126534398e-02 9.9648521262e-01 -7.7363472160e-02
   outer loop
     vertex 3.5000707448e+00 5.9769759514e-01 1.9088710726e-01
     vertex 3.5001384447e+00 5.8288000000e-01 0.0000000000e+00
     vertex 3.0001361280e+00 5.6676000000e-01 0.0000000000e+00
   endloop
 endfacet
 facet normal  -3.7806450305e-02 9.8236691691e-01 -1.8310082705e-01
   outer loop
     vertex 3.5001384447e+00 5.8288000000e-01 0.0000000000e+00
     vertex 4.0000726974e+00 6.0212000000e-01 0.0000000000e+00
     vertex 4.0000275642e+00 5.5607976252e-01 -2.4700434482e-01
   endloop
 endfacet
 facet normal  -2.7101603275e-02 9.8643854206e-01 -1.6187805853e-01
   outer loop
     vertex 3.5001384447e+00 5.8288000000e-01 0.0000000000e+00
     vertex 4.0000275642e+00 5.5607976252e-01 -2.4700434482e-01
     vertex 3.5000707448e+00 5.4371359900e-01 -2.3865749983e-01
   endloop
 endfacet
 facet normal  -2.9485176557e-02 9.0357512333e-01 -4.2741387537e-01
   outer loop
     vertex 3.5000707448e+00 5.4371359900e-01 -2.3865749983e-01
     vertex 4.0000275642e+00 5.5607976252e-01 -2.4700434482e-01
     vertex 3.9996106663e+00 4.6153054473e-01 -4.4685754037e-01
   endloop
 endfacet
 facet normal  2.1029555795e-02 9.4615801146e-01 -3.2302132303e-01
   outer loop
     vertex 3.5000707448e+00 5.4371359900e-01 -2.3865749983e-01
     vertex 3.9996106663e+00 4.6153054473e-01 -4.4685754037e-01
     vertex 3.4994453981e+00 4.7199574317e-01 -4.4876615142e-01
   endloop
 endfacet
 facet normal  1.0602906312e-02 3.3491314090e-01 -9.4218934744e-01
   outer loop
     vertex 3.4994453981e+00 4.7199574317e-01 -4.4876615142e-01
     vertex 3.9996106663e+00 4.6153054473e-01 -4.4685754037e-01
     vertex 3.9987577715e+00 2.5522804060e-01 -5.2019997731e-01
   endloop
 endfacet
 facet normal  -1.7746523928e-02 2.7582517477e-01 -9.6104398123e-01
   outer loop
     vertex 3.4994453981e+00 4.7199574317e-01 -4.4876615142e-01
     vertex 3.9987577715e+00 2.5522804060e-01 -5.2019997731e-01
     vertex 3.4981660558e+00 2.5745984479e-01 -5.1031556949e-01
   endloop
 endfacet
 facet normal  -1.9589740715e-02 3.1830535956e-02 -9.9930128542e-01
   outer loop
     vertex 3.4981660558e+00 2.5745984479e-01 -5.1031556949e-01
     vertex 3.9987577715e+00 2.5522804060e-01 -5.2019997731e-01
     vertex 3.9982263512e+00 9.1728617586e-18 -5.2831928533e-01
   endloop
 endfacet
 facet normal  -1.4641431382e-02 4.1422899594e-02 -9.9903441977e-01
   outer loop
     vertex 3.4981660558e+00 2.5745984479e-01 -5.1031556949e-01
     vertex 3.9982263512e+00 9.1728617586e-18 -5.2831928533e-01
     vertex 3.4973689254e+00 1.3759292638e-17 -5.2097892799e-01
   endloop
 endfacet
 facet normal  -1.4641431382e-02 -4.1422899594e-02 -9.9903441977e-01
   outer loop
     vertex 3.4973689254e+00 1.3759292638e-17 -5.2097892799e-01
     vertex 3.9982263512e+00 9.1728617586e-18 -5.2831928533e-01
     vertex 3.4981660558e+00 -2.5745984479e-01 -5.1031556949e-01
   endloop
 endfacet
 facet normal  -1.9589740715e-02 -3.1830535956e-02 -9.9930128542e-01
   outer loop
     vertex 3.9982263512e+00 9.1728617586e-18 -5.2831928533e-01
     vertex 3.9987577715e+00 -2.5522804060e-01 -5.2019997731e-01
     vertex 3.4981660558e+00 -2.5745984479e-01 -5.1031556949e-01
   endloop
 endfacet
 facet normal  -1.7746523928e-02 -2.7582517477e-01 -9.6104398123e-01
   outer loop
     vertex 3.4981660558e+00 -2.5745984479e-01 -5.1031556949e-01
     vertex 3.9987577715e+00 -2.5522804060e-01 -5.2019997731e-01
     vertex 3.4994453981e+00 -4.7199574317e-01 -4.4876615142e-01
   endloop
 endfacet
 facet normal  1.0602906312e-02 -3.3491314090e-01 -9.4218934744e-01
   outer loop
     vertex 3.9987577715e+00 -2.5522804060e-01 -5.2019997731e-01
     vertex 3.9996106663e+00 -4.6153054473e-01 -4.4685754037e-01
     vertex 3.4994453981e+00 -4.7199574317e-01 -4.4876615142e-01
   endloop
 endfacet
 facet normal  2.1029555795e-02 -9.4615801146e-01 -3.2302132303e-01
   outer loop
     vertex 3.4994453981e+00 -4.7199574317e-01 -4.4876615142e-01
     vertex 3.9996106663e+00 -4.6153054473e-01 -4.4685754037e-01
     vertex 3.5000707448e+00 -5.4371359900e-01 -2.3865749983e-01
   endloop
 endfacet
 facet normal  -2.9485176557e-02 -9.0357512333e-01 -4.2741387537e-01
   outer loop
     vertex 3.9996106663e+00 -4.6153054473e-01 -4.4685754037e-01
     vertex 4.0000275642e+00 -5.5607976252e-01 -2.4700434482e-01
     vertex 3.5000707448e+00 -5.4371359900e-01 -2.3865749983e-01
   endloop
 endfacet
 facet normal  -2.7101603275e-02 -9.8643854206e-01 -1.6187805853e-01
   outer loop
     vertex 3.5000707448e+00 -5.4371359900e-01 -2.3865749983e-01
     vertex 4.0000275642e+00 -5.5607976252e-01 -2.4700434482e-01
     vertex 3.5001384447e+00 -5.8288000000e-01 -5.4446144854e-20
   endloop
 endfacet
 facet normal  -3.7806450305e-02 -9.8236691691e-01 -1.8310082705e-01
   outer loop
     vertex 4.0000275642e+00 -5.5607976252e-01 -2.4700434482e-01
     vertex 4.0000726974e+00 -6.0212000000e-01 -3.6297429902e-20
     vertex 3.5001384447e+00 -5.8288000000e-01 -5.4446144854e-20
   endloop
 endfacet
 facet normal  -3.8326944973e-02 -9.9589150696e-01 -8.2043596065e-02
   outer loop
     vertex 3.5001384447e+00 -5.8288000000e-01 -5.4446144854e-20
     vertex 4.0000726974e+00 -6.0212000000e-01 -3.6297429902e-20
     vertex 4.0000275642e+00 -6.1859293115e-01 1.9997882631e-01
   endloop
 endfacet
 facet normal  -4.0228657690e-02 -9.9619256081e-01 -7.7343628584e-02
   outer loop
     vertex 3.5001384447e+00 -5.8288000000e-01 -5.4446144854e-20
     vertex 4.0000275642e+00 -6.1859293115e-01 1.9997882631e-01
     vertex 3.5000707448e+00 -5.9769759514e-01 1.9088710726e-01
   endloop
 endfacet
 facet normal  -4.5519077269e-02 -9.2520374694e-01 3.7673072646e-01
   outer loop
     vertex 3.5000707448e+00 -5.9769759514e-01 1.9088710726e-01
     vertex 4.0000275642e+00 -6.1859293115e-01 1.9997882631e-01
     vertex 3.9996106663e+00 -5.4780581492e-01 3.7377279576e-01
   endloop
 endfacet
 facet normal  -3.8817226504e-02 -9.3203308949e-01 3.6028813889e-01
   outer loop
     vertex 3.5000707448e+00 -5.9769759514e-01 1.9088710726e-01
     vertex 3.9996106663e+00 -5.4780581492e-01 3.7377279576e-01
     vertex 3.4994453981e+00 -5.3173112006e-01 3.6146908515e-01
   endloop
 endfacet
 facet normal  -3.8179827955e-02 -5.4877898292e-01 8.3509516143e-01
   outer loop
     vertex 3.4994453981e+00 -5.3173112006e-01 3.6146908515e-01
     vertex 3.9996106663e+00 -5.4780581492e-01 3.7377279576e-01
     vertex 3.9987577715e+00 -3.3341719934e-01 5.1461830470e-01
   endloop
 endfacet
 facet normal  -2.7732498191e-02 -5.6630538695e-01 8.2372878865e-01
   outer loop
     vertex 3.4994453981e+00 -5.3173112006e-01 3.6146908515e-01
     vertex 3.9987577715e+00 -3.3341719934e-01 5.1461830470e-01
     vertex 3.4981660558e+00 -3.2447178510e-01 5.0391475434e-01
   endloop
 endfacet
 facet normal  -2.2092663398e-02 -4.1083084500e-02 9.9891145473e-01
   outer loop
     vertex 3.4981660558e+00 -3.2447178510e-01 5.0391475434e-01
     vertex 3.9987577715e+00 -3.3341719934e-01 5.1461830470e-01
     vertex 3.9982263512e+00 -5.4593441472e-18 5.2831928533e-01
   endloop
 endfacet
 facet normal  -1.4633762669e-02 -5.2548275643e-02 9.9851115753e-01
   outer loop
     vertex 3.4981660558e+00 -3.2447178510e-01 5.0391475434e-01
     vertex 3.9982263512e+00 -5.4593441472e-18 5.2831928533e-01
     vertex 3.4973689254e+00 -8.1890162208e-18 5.2097892799e-01
   endloop
 endfacet
 facet normal  -1.4633762669e-02 5.2548275643e-02 9.9851115753e-01
   outer loop
     vertex 3.4973689254e+00 -8.1890162208e-18 5.2097892799e-01
     vertex 3.9982263512e+00 -5.4593441472e-18 5.2831928533e-01
     vertex 3.4981660558e+00 3.2447178510e-01 5.0391475434e-01
   endloop
 endfacet
 facet normal  -2.2092663398e-02 4.1083084500e-02 9.9891145473e-01
   outer loop
     vertex 3.9982263512e+00 -5.4593441472e-18 5.2831928533e-01
     vertex 3.9987577715e+00 3.3341719934e-01 5.1461830470e-01
     vertex 3.4981660558e+00 3.2447178510e-01 5.0391475434e-01
   endloop
 endfacet
 facet normal  -2.7732498191e-02 5.6630538695e-01 8.2372878865e-01
   outer loop
     vertex 3.4981660558e+00 3.2447178510e-01 5.0391475434e-01
     vertex 3.9987577715e+00 3.3341719934e-01 5.1461830470e-01
     vertex 3.4994453981e+00 5.3173112006e-01 3.6146908515e-01
   endloop
 endfacet
 facet normal  -3.8179827955e-02 5.4877898292e-01 8.3509516143e-01
   outer loop
     vertex 3.9987577715e+00 3.3341719934e-01 5.1461830470e-01
     vertex 3.9996106663e+00 5.4780581492e-01 3.7377279576e-01
     vertex 3.4994453981e+00 5.3173112006e-01 3.6146908515e-01
   endloop
 endfacet
 facet normal  -3.8817226504e-02 9.3203308949e-01 3.6028813889e-01
   outer loop
     vertex 3.4994453981e+00 5.3173112006e-01 3.6146908515e-01
     vertex 3.9996106663e+00 5.4780581492e-01 3.7377279576e-01
     vertex 3.5000707448e+00 5.9769759514e-01 1.9088710726e-01
   endloop
 endfacet
 facet normal  -4.5519077269e-02 9.2520374694e-01 3.7673072646e-01
   outer loop
     vertex 3.9996106663e+00 5.4780581492e-01 3.7377279576e-01
     vertex 4.0000275642e+00 6.1859293115e-01 1.9997882631e-01
     vertex 3.5000707448e+00 5.9769759514e-01 1.9088710726e-01
   endloop
 endfacet
 facet normal  -4.0228657690e-02 9.9619256081e-01 -7.7343628584e-02
   outer loop
     vertex 3.5000707448e+00 5.9769759514e-01 1.9088710726e-01
     vertex 4.0000275642e+00 6.1859293115e-01 1.9997882631e-01
     vertex 3.5001384447e+00 5.8288000000e-01 0.0000000000e+00
   endloop
 endfacet
 facet normal  -3.8326944973e-02 9.9589150696e-01 -8.2043596065e-02
   outer loop
     vertex 4.0000275642e+00 6.1859293115e-01 1.9997882631e-01
     vertex 4.0000726974e+00 6.0212000000e-01 0.0000000000e+00
     vertex 3.5001384447e+00 5.8288000000e-01 0.0000000000e+00
   endloop
 endfacet
 facet normal  -3.1549911381e-02 9.7846205195e-01 -2.0400150976e-01
   outer loop
     vertex 4.0000726974e+00 6.0212000000e-01 0.0000000000e+00
     vertex 4.5000046334e+00 6.1824000000e-01 0.0000000000e+00
     vertex 4.4999895890e+00 5.6537505812e-01 -2.5355628456e-01
   endloop
 endfacet
 facet normal  -2.0674075342e-02 9.8285905501e-01 -1.8319568933e-01
   outer loop
     vertex 4.0000726974e+00 6.0212000000e-01 0.0000000000e+00
     vertex 4.4999895890e+00 5.6537505812e-01 -2.5355628456e-01
     vertex 4.0000275642e+00 5.5607976252e-01 -2.4700434482e-01
   endloop
 endfacet
 facet normal  -2.2689942956e-02 8.5374498070e-01 -5.2019676510e-01
   outer loop
     vertex 4.0000275642e+00 5.5607976252e-01 -2.4700434482e-01
     vertex 4.4999895890e+00 5.6537505812e-01 -2.5355628456e-01
     vertex 4.4998506231e+00 4.5015421333e-01 -4.4265024165e-01
   endloop
 endfacet
 facet normal  2.4146913182e-02 9.0366132270e-01 -4.2756653335e-01
   outer loop
     vertex 4.0000275642e+00 5.5607976252e-01 -2.4700434482e-01
     vertex 4.4998506231e+00 4.5015421333e-01 -4.4265024165e-01
     vertex 3.9996106663e+00 4.6153054473e-01 -4.4685754037e-01
   endloop
 endfacet
 facet normal  1.6284988571e-02 3.7299670416e-01 -9.2768974223e-01
   outer loop
     vertex 3.9996106663e+00 4.6153054473e-01 -4.4685754037e-01
     vertex 4.4998506231e+00 4.5015421333e-01 -4.4265024165e-01
     vertex 4.4995663248e+00 2.5097899464e-01 -5.2273771760e-01
   endloop
 endfacet
 facet normal  -1.9324473009e-03 3.3497735395e-01 -9.4222419730e-01
   outer loop
     vertex 3.9996106663e+00 4.6153054473e-01 -4.4685754037e-01
     vertex 4.4995663248e+00 2.5097899464e-01 -5.2273771760e-01
     vertex 3.9987577715e+00 2.5522804060e-01 -5.2019997731e-01
   endloop
 endfacet
 facet normal  -4.9187671136e-03 1.7407302793e-02 -9.9983638238e-01
   outer loop
     vertex 3.9987577715e+00 2.5522804060e-01 -5.2019997731e-01
     vertex 4.4995663248e+00 2.5097899464e-01 -5.2273771760e-01
     vertex 4.4993891847e+00 3.0576205862e-18 -5.2710642844e-01
   endloop
 endfacet
 facet normal  2.4188551304e-03 3.1790765885e-02 -9.9949161895e-01
   outer loop
     vertex 3.9987577715e+00 2.5522804060e-01 -5.2019997731e-01
     vertex 4.4993891847e+00 3.0576205862e-18 -5.2710642844e-01
     vertex 3.9982263512e+00 9.1728617586e-18 -5.2831928533e-01
   endloop
 endfacet
 facet normal  2.4188551304e-03 -3.1790765885e-02 -9.9949161895e-01
   outer loop
     vertex 3.9982263512e+00 9.1728617586e-18 -5.2831928533e-01
     vertex 4.4993891847e+00 3.0576205862e-18 -5.2710642844e-01
     vertex 3.9987577715e+00 -2.5522804060e-01 -5.2019997731e-01
   endloop
 endfacet
 facet normal  -4.9187671136e-03 -1.7407302793e-02 -9.9983638238e-01
   outer loop
     vertex 4.4993891847e+00 3.0576205862e-18 -5.2710642844e-01
     vertex 4.4995663248e+00 -2.5097899464e-01 -5.2273771760e-01
     vertex 3.9987577715e+00 -2.5522804060e-01 -5.2019997731e-01
   endloop
 endfacet
 facet normal  -1.9324473009e-03 -3.3497735395e-01 -9.4222419730e-01
   outer loop
     vertex 3.9987577715e+00 -2.5522804060e-01 -5.2019997731e-01
     vertex 4.4995663248e+00 -2.5097899464e-01 -5.2273771760e-01
     vertex 3.9996106663e+00 -4.6153054473e-01 -4.4685754037e-01
   endloop
 endfacet
 facet normal  1.6284988571e-02 -3.7299670416e-01 -9.2768974223e-01
   outer loop
     vertex 4.4995663248e+00 -2.5097899464e-01 -5.2273771760e-01
     vertex 4.4998506231e+00 -4.5015421333e-01 -4.4265024165e-01
     vertex 3.9996106663e+00 -4.6153054473e-01 -4.4685754037e-01
   endloop
 endfacet
 facet normal  2.4146913182e-02 -9.0366132270e-01 -4.2756653335e-01
   outer loop
     vertex 3.9996106663e+00 -4.6153054473e-01 -4.4685754037e-01
     vertex 4.4998506231e+00 -4.5015421333e-01 -4.4265024165e-01
     vertex 4.0000275642e+00 -5.5607976252e-01 -2.4700434482e-01
   endloop
 endfacet
 facet normal  -2.2689942956e-02 -8.5374498070e-01 -5.2019676510e-01
   outer loop
     vertex 4.4998506231e+00 -4.5015421333e-01 -4.4265024165e-01
     vertex 4.4999895890e+00 -5.6537505812e-01 -2.5355628456e-01
     vertex 4.0000275642e+00 -5.5607976252e-01 -2.4700434482e-01
   endloop
 endfacet
 facet normal  -2.0674075342e-02 -9.8285905501e-01 -1.8319568933e-01
   outer loop
     vertex 4.0000275642e+00 -5.5607976252e-01 -2.4700434482e-01
     vertex 4.4999895890e+00 -5.6537505812e-01 -2.5355628456e-01
     vertex 4.0000726974e+00 -6.0212000000e-01 -3.6297429902e-20
   endloop
 endfacet
 facet normal  -3.1549911381e-02 -9.7846205195e-01 -2.0400150976e-01
   outer loop
     vertex 4.4999895890e+00 -5.6537505812e-01 -2.5355628456e-01
     vertex 4.5000046334e+00 -6.1824000000e-01 -1.2099143301e-20
     vertex 4.0000726974e+00 -6.0212000000e-01 -3.6297429902e-20
   endloop
 endfacet
 facet normal  -3.2122353570e-02 -9.9621528593e-01 -8.0766691631e-02
   outer loop
     vertex 4.0000726974e+00 -6.0212000000e-01 -3.6297429902e-20
     vertex 4.5000046334e+00 -6.1824000000e-01 -1.2099143301e-20
     vertex 4.4999895890e+00 -6.3503429019e-01 2.0715484972e-01
   endloop
 endfacet
 facet normal  -3.1580005705e-02 -9.9612680954e-01 -8.2061456014e-02
   outer loop
     vertex 4.0000726974e+00 -6.0212000000e-01 -3.6297429902e-20
     vertex 4.4999895890e+00 -6.3503429019e-01 2.0715484972e-01
     vertex 4.0000275642e+00 -6.1859293115e-01 1.9997882631e-01
   endloop
 endfacet
 facet normal  -3.5857945044e-02 -9.1537715737e-01 4.0099734108e-01
   outer loop
     vertex 4.0000275642e+00 -6.1859293115e-01 1.9997882631e-01
     vertex 4.4999895890e+00 -6.3503429019e-01 2.0715484972e-01
     vertex 4.4998506231e+00 -5.5866561034e-01 3.8147311789e-01
   endloop
 endfacet
 facet normal  -2.5902949008e-02 -9.2583651872e-01 3.7703551270e-01
   outer loop
     vertex 4.0000275642e+00 -6.1859293115e-01 1.9997882631e-01
     vertex 4.4998506231e+00 -5.5866561034e-01 3.8147311789e-01
     vertex 3.9996106663e+00 -5.4780581492e-01 3.7377279576e-01
   endloop
 endfacet
 facet normal  -2.4511267606e-02 -5.2648886459e-01 8.4982861403e-01
   outer loop
     vertex 3.9996106663e+00 -5.4780581492e-01 3.7377279576e-01
     vertex 4.4998506231e+00 -5.5866561034e-01 3.8147311789e-01
     vertex 4.4995663248e+00 -3.3853284991e-01 5.1784235361e-01
   endloop
 endfacet
 facet normal  -1.0988636337e-02 -5.4907061201e-01 8.3570372316e-01
   outer loop
     vertex 3.9996106663e+00 -5.4780581492e-01 3.7377279576e-01
     vertex 4.4995663248e+00 -3.3853284991e-01 5.1784235361e-01
     vertex 3.9987577715e+00 -3.3341719934e-01 5.1461830470e-01
   endloop
 endfacet
 facet normal  -6.7145887945e-03 -2.7358017943e-02 9.9960314783e-01
   outer loop
     vertex 3.9987577715e+00 -3.3341719934e-01 5.1461830470e-01
     vertex 4.4995663248e+00 -3.3853284991e-01 5.1784235361e-01
     vertex 4.4993891847e+00 -1.8197813824e-18 5.2710642844e-01
   endloop
 endfacet
 facet normal  2.4180380730e-03 -4.1053984854e-02 9.9915400386e-01
   outer loop
     vertex 3.9987577715e+00 -3.3341719934e-01 5.1461830470e-01
     vertex 4.4993891847e+00 -1.8197813824e-18 5.2710642844e-01
     vertex 3.9982263512e+00 -5.4593441472e-18 5.2831928533e-01
   endloop
 endfacet
 facet normal  2.4180380730e-03 4.1053984854e-02 9.9915400386e-01
   outer loop
     vertex 3.9982263512e+00 -5.4593441472e-18 5.2831928533e-01
     vertex 4.4993891847e+00 -1.8197813824e-18 5.2710642844e-01
     vertex 3.9987577715e+00 3.3341719934e-01 5.1461830470e-01
   endloop
 endfacet
 facet normal  -6.7145887945e-03 2.7358017943e-02 9.9960314783e-01
   outer loop
     vertex 4.4993891847e+00 -1.8197813824e-18 5.2710642844e-01
     vertex 4.4995663248e+00 3.3853284991e-01 5.1784235361e-01
     vertex 3.9987577715e+00 3.3341719934e-01 5.1461830470e-01
   endloop
 endfacet
 facet normal  -1.0988636337e-02 5.4907061201e-01 8.3570372316e-01
   outer loop
     vertex 3.9987577715e+00 3.3341719934e-01 5.1461830470e-01
     vertex 4.4995663248e+00 3.3853284991e-01 5.1784235361e-01
     vertex 3.9996106663e+00 5.4780581492e-01 3.7377279576e-01
   endloop
 endfacet
 facet normal  -2.4511267606e-02 5.2648886459e-01 8.4982861403e-01
   outer loop
     vertex 4.4995663248e+00 3.3853284991e-01 5.1784235361e-01
     vertex 4.4998506231e+00 5.5866561034e-01 3.8147311789e-01
     vertex 3.9996106663e+00 5.4780581492e-01 3.7377279576e-01
   endloop
 endfacet
 facet normal  -2.5902949008e-02 9.2583651872e-01 3.7703551270e-01
   outer loop
     vertex 3.9996106663e+00 5.4780581492e-01 3.7377279576e-01
     vertex 4.4998506231e+00 5.5866561034e-01 3.8147311789e-01
     vertex 4.0000275642e+00 6.1859293115e-01 1.9997882631e-01
   endloop
 endfacet
 facet normal  -3.5857945044e-02 9.1537715737e-01 4.0099734108e-01
   outer loop
     vertex 4.4998506231e+00 5.5866561034e-01 3.8147311789e-01
     vertex 4.4999895890e+00 6.3503429019e-01 2.0715484972e-01
     vertex 4.0000275642e+00 6.1859293115e-01 1.9997882631e-01
   endloop
 endfacet
 facet normal  -3.1580005705e-02 9.9612680954e-01 -8.2061456014e-02
   outer loop
     vertex 4.0000275642e+00 6.1859293115e-01 1.9997882631e-01
     vertex 4.4999895890e+00 6.3503429019e-01 2.0715484972e-01
     vertex 4.0000726974e+00 6.0212000000e-01 0.0000000000e+00
   endloop
 endfacet
 facet normal  -3.2122353570e-02 9.9621528593e-01 -8.0766691631e-02
   outer loop
     vertex 4.4999895890e+00 6.3503429019e-01 2.0715484972e-01
     vertex 4.5000046334e+00 6.1824000000e-01 0.0000000000e+00
     vertex 4.0000726974e+00 6.0212000000e-01 0.0000000000e+00
   endloop
 endfacet
 facet normal  -1.3207598171e-02 9.7688430309e-01 -2.1336030028e-01
   outer loop
     vertex 4.5000046334e+00 6.1824000000e-01 0.0000000000e+00
     vertex 5.0000000000e+00 6.2500000000e-01 0.0000000000e+00
     vertex 5.0000000000e+00 5.6904185286e-01 -2.5620809258e-01
   endloop
 endfacet
 facet normal  -8.2612486144e-03 9.7891571224e-01 -2.0409747697e-01
   outer loop
     vertex 4.5000046334e+00 6.1824000000e-01 0.0000000000e+00
     vertex 5.0000000000e+00 5.6904185286e-01 -2.5620809258e-01
     vertex 4.4999895890e+00 5.6537505812e-01 -2.5355628456e-01
   endloop
 endfacet
 facet normal  -9.0450507301e-03 8.2892144605e-01 -5.5929189458e-01
   outer loop
     vertex 4.4999895890e+00 5.6537505812e-01 -2.5355628456e-01
     vertex 5.0000000000e+00 5.6904185286e-01 -2.5620809258e-01
     vertex 5.0000000000e+00 4.4481749307e-01 -4.4031988993e-01
   endloop
 endfacet
 facet normal  1.1535602119e-02 8.5389683549e-01 -5.2031444746e-01
   outer loop
     vertex 4.4999895890e+00 5.6537505812e-01 -2.5355628456e-01
     vertex 5.0000000000e+00 4.4481749307e-01 -4.4031988993e-01
     vertex 4.4998506231e+00 4.5015421333e-01 -4.4265024165e-01
   endloop
 endfacet
 facet normal  8.4224313469e-03 3.8665191329e-01 -9.2218726981e-01
   outer loop
     vertex 4.4998506231e+00 4.5015421333e-01 -4.4265024165e-01
     vertex 5.0000000000e+00 4.4481749307e-01 -4.4031988993e-01
     vertex 5.0000000000e+00 2.4868083888e-01 -5.2255547818e-01
   endloop
 endfacet
 facet normal  2.0510990399e-03 3.7306288094e-01 -9.2780379384e-01
   outer loop
     vertex 4.4998506231e+00 4.5015421333e-01 -4.4265024165e-01
     vertex 5.0000000000e+00 2.4868083888e-01 -5.2255547818e-01
     vertex 4.4995663248e+00 2.5097899464e-01 -5.2273771760e-01
   endloop
 endfacet
 facet normal  4.0928555924e-04 9.8294807425e-03 -9.9995160573e-01
   outer loop
     vertex 4.4995663248e+00 2.5097899464e-01 -5.2273771760e-01
     vertex 5.0000000000e+00 2.4868083888e-01 -5.2255547818e-01
     vertex 5.0000000000e+00 0.0000000000e+00 -5.2500000000e-01
   endloop
 endfacet
 facet normal  4.2070422868e-03 1.7400920301e-02 -9.9983974154e-01
   outer loop
     vertex 4.4995663248e+00 2.5097899464e-01 -5.2273771760e-01
     vertex 5.0000000000e+00 0.0000000000e+00 -5.2500000000e-01
     vertex 4.4993891847e+00 3.0576205862e-18 -5.2710642844e-01
   endloop
 endfacet
 facet normal  4.2070422868e-03 -1.7400920301e-02 -9.9983974154e-01
   outer loop
     vertex 4.4993891847e+00 3.0576205862e-18 -5.2710642844e-01
     vertex 5.0000000000e+00 0.0000000000e+00 -5.2500000000e-01
     vertex 4.4995663248e+00 -2.5097899464e-01 -5.2273771760e-01
   endloop
 endfacet
 facet normal  4.0928555924e-04 -9.8294807425e-03 -9.9995160573e-01
   outer loop
     vertex 5.0000000000e+00 0.0000000000e+00 -5.2500000000e-01
     vertex 5.0000000000e+00 -2.4868083888e-01 -5.2255547818e-01
     vertex 4.4995663248e+00 -2.5097899464e-01 -5.2273771760e-01
   endloop
 endfacet
 facet normal  2.0510990399e-03 -3.7306288094e-01 -9.2780379384e-01
   outer loop
     vertex 4.4995663248e+00 -2.5097899464e-01 -5.2273771760e-01
     vertex 5.0000000000e+00 -2.4868083888e-01 -5.2255547818e-01
     vertex 4.4998506231e+00 -4.5015421333e-01 -4.4265024165e-01
   endloop
 endfacet
 facet normal  8.4224313469e-03 -3.8665191329e-01 -9.2218726981e-01
   outer loop
     vertex 5.0000000000e+00 -2.4868083888e-01 -5.2255547818e-01
     vertex 5.0000000000e+00 -4.4481749307e-01 -4.4031988993e-01
     vertex 4.4998506231e+00 -4.5015421333e-01 -4.4265024165e-01
   endloop
 endfacet
 facet normal  1.1535602119e-02 -8.5389683549e-01 -5.2031444746e-01
   outer loop
     vertex 4.4998506231e+00 -4.5015421333e-01 -4.4265024165e-01
     vertex 5.0000000000e+00 -4.4481749307e-01 -4.4031988993e-01
     vertex 4.4999895890e+00 -5.6537505812e-01 -2.5355628456e-01
   endloop
 endfacet
 facet normal  -9.0450507301e-03 -8.2892144605e-01 -5.5929189458e-01
   outer loop
     vertex 5.0000000000e+00 -4.4481749307e-01 -4.4031988993e-01
     vertex 5.0000000000e+00 -5.6904185286e-01 -2.5620809258e-01
     vertex 4.4999895890e+00 -5.6537505812e-01 -2.5355628456e-01
   endloop
 endfacet
 facet normal  -8.2612486144e-03 -9.7891571224e-01 -2.0409747697e-01
   outer loop
     vertex 4.4999895890e+00 -5.6537505812e-01 -2.5355628456e-01
     vertex 5.0000000000e+00 -5.6904185286e-01 -2.5620809258e-01
     vertex 4.5000046334e+00 -6.1824000000e-01 -1.2099143301e-20
   endloop
 endfacet
 facet normal  -1.3207598171e-02 -9.7688430309e-01 -2.1336030028e-01
   outer loop
     vertex 5.0000000000e+00 -5.6904185286e-01 -2.5620809258e-01
     vertex 5.0000000000e+00 -6.2500000000e-01 0.0000000000e+00
     vertex 4.5000046334e+00 -6.1824000000e-01 -1.2099143301e-20
   endloop
 endfacet
 facet normal  -1.3476390806e-02 -9.9676523094e-01 -7.9230431508e-02
   outer loop
     vertex 4.5000046334e+00 -6.1824000000e-01 -1.2099143301e-20
     vertex 5.0000000000e+00 -6.2500000000e-01 0.0000000000e+00
     vertex 5.0000000000e+00 -6.4169782122e-01 2.1006837025e-01
   endloop
 endfacet
 facet normal  -1.2811295494e-02 -9.9664796762e-01 -8.0800367203e-02
   outer loop
     vertex 4.5000046334e+00 -6.1824000000e-01 -1.2099143301e-20
     vertex 5.0000000000e+00 -6.4169782122e-01 2.1006837025e-01
     vertex 4.4999895890e+00 -6.3503429019e-01 2.0715484972e-01
   endloop
 endfacet
 facet normal  -1.4541993309e-02 -9.1042319744e-01 4.1342246189e-01
   outer loop
     vertex 4.4999895890e+00 -6.3503429019e-01 2.0715484972e-01
     vertex 5.0000000000e+00 -6.4169782122e-01 2.1006837025e-01
     vertex 5.0000000000e+00 -5.6265371746e-01 3.8413628459e-01
   endloop
 endfacet
 facet normal  -9.4399541750e-03 -9.1591765805e-01 4.0125519428e-01
   outer loop
     vertex 4.4999895890e+00 -6.3503429019e-01 2.0715484972e-01
     vertex 5.0000000000e+00 -5.6265371746e-01 3.8413628459e-01
     vertex 4.4998506231e+00 -5.5866561034e-01 3.8147311789e-01
   endloop
 endfacet
 facet normal  -8.6723846329e-03 -5.1537244698e-01 8.5692241810e-01
   outer loop
     vertex 4.4998506231e+00 -5.5866561034e-01 3.8147311789e-01
     vertex 5.0000000000e+00 -5.6265371746e-01 3.8413628459e-01
     vertex 5.0000000000e+00 -3.4016182495e-01 5.1794792104e-01
   endloop
 endfacet
 facet normal  -1.8935604924e-03 -5.2662503351e-01 8.5009557610e-01
   outer loop
     vertex 4.4998506231e+00 -5.5866561034e-01 3.8147311789e-01
     vertex 5.0000000000e+00 -3.4016182495e-01 5.1794792104e-01
     vertex 4.4995663248e+00 -3.3853284991e-01 5.1784235361e-01
   endloop
 endfacet
 facet normal  -2.7837584406e-04 -2.0727086875e-02 9.9978513210e-01
   outer loop
     vertex 4.4995663248e+00 -3.3853284991e-01 5.1784235361e-01
     vertex 5.0000000000e+00 -3.4016182495e-01 5.1794792104e-01
     vertex 5.0000000000e+00 0.0000000000e+00 5.2500000000e-01
   endloop
 endfacet
 facet normal  4.2061050383e-03 -2.7352682571e-02 9.9961699637e-01
   outer loop
     vertex 4.4995663248e+00 -3.3853284991e-01 5.1784235361e-01
     vertex 5.0000000000e+00 0.0000000000e+00 5.2500000000e-01
     vertex 4.4993891847e+00 -1.8197813824e-18 5.2710642844e-01
   endloop
 endfacet
 facet normal  4.2061050383e-03 2.7352682571e-02 9.9961699637e-01
   outer loop
     vertex 4.4993891847e+00 -1.8197813824e-18 5.2710642844e-01
     vertex 5.0000000000e+00 0.0000000000e+00 5.2500000000e-01
     vertex 4.4995663248e+00 3.3853284991e-01 5.1784235361e-01
   endloop
 endfacet
 facet normal  -2.7837584406e-04 2.0727086875e-02 9.9978513210e-01
   outer loop
     vertex 5.0000000000e+00 0.0000000000e+00 5.2500000000e-01
     vertex 5.0000000000e+00 3.4016182495e-01 5.1794792104e-01
     vertex 4.4995663248e+00 3.3853284991e-01 5.1784235361e-01
   endloop
 endfacet
 facet normal  -1.8935604924e-03 5.2662503351e-01 8.5009557610e-01
   outer loop
     vertex 4.4995663248e+00 3.3853284991e-01 5.1784235361e-01
     vertex 5.0000000000e+00 3.4016182495e-01 5.1794792104e-01
     vertex 4.4998506231e+00 5.5866561034e-01 3.8147311789e-01
   endloop
 endfacet
 facet normal  -8.6723846329e-03 5.1537244698e-01 8.5692241810e-01
   outer loop
     vertex 5.0000000000e+00 3.4016182495e-01 5.1794792104e-01
     vertex 5.0000000000e+00 5.6265371746e-01 3.8413628459e-01
     vertex 4.4998506231e+00 5.5866561034e-01 3.8147311789e-01
   endloop
 endfacet
 facet normal  -9.4399541750e-03 9.1591765805e-01 4.0125519428e-01
   outer loop
     vertex 4.4998506231e+00 5.5866561034e-01 3.8147311789e-01
     vertex 5.0000000000e+00 5.6265371746e-01 3.8413628459e-01
     vertex 4.4999895890e+00 6.3503429019e-01 2.0715484972e-01
   endloop
 endfacet
 facet normal  -1.4541993309e-02 9.1042319744e-01 4.1342246189e-01
   outer loop
     vertex 5.0000000000e+00 5.6265371746e-01 3.8413628459e-01
     vertex 5.0000000000e+00 6.4169782122e-01 2.1006837025e-01
     vertex 4.4999895890e+00 6.3503429019e-01 2.0715484972e-01
   endloop
 endfacet
 facet normal  -1.2811295494e-02 9.9664796762e-01 -8.0800367203e-02
   outer loop
     vertex 4.4999895890e+00 6.3503429019e-01 2.0715484972e-01
     vertex 5.0000000000e+00 6.4169782122e-01 2.1006837025e-01
     vertex 4.5000046334e+00 6.1824000000e-01 0.0000000000e+00
   endloop
 endfacet
 facet normal  -1.3476390806e-02 9.9676523094e-01 -7.9230431508e-02
   outer loop
     vertex 5.0000000000e+00 6.4169782122e-01 2.1006837025e-01
     vertex 5.0000000000e+00 6.2500000000e-01 0.0000000000e+00
     vertex 4.5000046334e+00 6.1824000000e-01 0.0000000000e+00
   endloop
 endfacet
 facet normal  0.0000000000e+00 9.7591919126e-01 -2.1813237297e-01
   outer loop
     vertex 5.0000000000e+00 6.2500000000e-01 0.0000000000e+00
     vertex 5.5000235188e+00 6.2500000000e-01 0.0000000000e+00
     vertex 5.5000235188e+00 5.6813050199e-01 -2.5443281867e-01
   endloop
 endfacet
 facet normal  2.5382084988e-03 9.7696637133e-01 -2.1337822472e-01
   outer loop
     vertex 5.0000000000e+00 6.2500000000e-01 0.0000000000e+00
     vertex 5.5000235188e+00 5.6813050199e-01 -2.5443281867e-01
     vertex 5.0000000000e+00 5.6904185286e-01 -2.5620809258e-01
   endloop
 endfacet
 facet normal  3.5037418793e-03 8.2686869023e-01 -5.6238411509e-01
   outer loop
     vertex 5.0000000000e+00 5.6904185286e-01 -2.5620809258e-01
     vertex 5.5000235188e+00 5.6813050199e-01 -2.5443281867e-01
     vertex 5.5000235188e+00 4.4377078080e-01 -4.3727788315e-01
   endloop
 endfacet
 facet normal  5.1379246650e-03 8.2894441481e-01 -5.5930739212e-01
   outer loop
     vertex 5.0000000000e+00 5.6904185286e-01 -2.5620809258e-01
     vertex 5.5000235188e+00 4.4377078080e-01 -4.3727788315e-01
     vertex 5.0000000000e+00 4.4481749307e-01 -4.4031988993e-01
   endloop
 endfacet
 facet normal  6.4205986362e-03 3.8492995965e-01 -9.2292345407e-01
   outer loop
     vertex 5.0000000000e+00 4.4481749307e-01 -4.4031988993e-01
     vertex 5.5000235188e+00 4.4377078080e-01 -4.3727788315e-01
     vertex 5.5000235188e+00 2.4790838485e-01 -5.1896754423e-01
   endloop
 endfacet
 facet normal  7.2145644740e-03 3.8665556496e-01 -9.2219597925e-01
   outer loop
     vertex 5.0000000000e+00 4.4481749307e-01 -4.4031988993e-01
     vertex 5.5000235188e+00 2.4790838485e-01 -5.1896754423e-01
     vertex 5.0000000000e+00 2.4868083888e-01 -5.2255547818e-01
   endloop
 endfacet
 facet normal  7.1899182594e-03 9.6498653511e-03 -9.9992758997e-01
   outer loop
     vertex 5.0000000000e+00 2.4868083888e-01 -5.2255547818e-01
     vertex 5.5000235188e+00 2.4790838485e-01 -5.1896754423e-01
     vertex 5.5000235188e+00 0.0000000000e+00 -5.2136000000e-01
   endloop
 endfacet
 facet normal  7.2791130463e-03 9.8292211524e-03 -9.9992519766e-01
   outer loop
     vertex 5.0000000000e+00 2.4868083888e-01 -5.2255547818e-01
     vertex 5.5000235188e+00 0.0000000000e+00 -5.2136000000e-01
     vertex 5.0000000000e+00 0.0000000000e+00 -5.2500000000e-01
   endloop
 endfacet
 facet normal  7.2791130463e-03 -9.8292211524e-03 -9.9992519766e-01
   outer loop
     vertex 5.0000000000e+00 0.0000000000e+00 -5.2500000000e-01
     vertex 5.5000235188e+00 0.0000000000e+00 -5.2136000000e-01
     vertex 5.0000000000e+00 -2.4868083888e-01 -5.2255547818e-01
   endloop
 endfacet
 facet normal  7.1899182594e-03 -9.6498653511e-03 -9.9992758997e-01
   outer loop
     vertex 5.5000235188e+00 0.0000000000e+00 -5.2136000000e-01
     vertex 5.5000235188e+00 -2.4790838485e-01 -5.1896754423e-01
     vertex 5.0000000000e+00 -2.4868083888e-01 -5.2255547818e-01
   endloop
 endfacet
 facet normal  7.2145644740e-03 -3.8665556496e-01 -9.2219597925e-01
   outer loop
     vertex 5.0000000000e+00 -2.4868083888e-01 -5.2255547818e-01
     vertex 5.5000235188e+00 -2.4790838485e-01 -5.1896754423e-01
     vertex 5.0000000000e+00 -4.4481749307e-01 -4.4031988993e-01
   endloop
 endfacet
 facet normal  6.4205986362e-03 -3.8492995965e-01 -9.2292345407e-01
   outer loop
     vertex 5.5000235188e+00 -2.4790838485e-01 -5.1896754423e-01
     vertex 5.5000235188e+00 -4.4377078080e-01 -4.3727788315e-01
     vertex 5.0000000000e+00 -4.4481749307e-01 -4.4031988993e-01
   endloop
 endfacet
 facet normal  5.1379246650e-03 -8.2894441481e-01 -5.5930739212e-01
   outer loop
     vertex 5.0000000000e+00 -4.4481749307e-01 -4.4031988993e-01
     vertex 5.5000235188e+00 -4.4377078080e-01 -4.3727788315e-01
     vertex 5.0000000000e+00 -5.6904185286e-01 -2.5620809258e-01
   endloop
 endfacet
 facet normal  3.5037418793e-03 -8.2686869023e-01 -5.6238411509e-01
   outer loop
     vertex 5.5000235188e+00 -4.4377078080e-01 -4.3727788315e-01
     vertex 5.5000235188e+00 -5.6813050199e-01 -2.5443281867e-01
     vertex 5.0000000000e+00 -5.6904185286e-01 -2.5620809258e-01
   endloop
 endfacet
 facet normal  2.5382084988e-03 -9.7696637133e-01 -2.1337822472e-01
   outer loop
     vertex 5.0000000000e+00 -5.6904185286e-01 -2.5620809258e-01
     vertex 5.5000235188e+00 -5.6813050199e-01 -2.5443281867e-01
     vertex 5.0000000000e+00 -6.2500000000e-01 0.0000000000e+00
   endloop
 endfacet
 facet normal  -0.0000000000e+00 -9.7591919126e-01 -2.1813237297e-01
   outer loop
     vertex 5.5000235188e+00 -5.6813050199e-01 -2.5443281867e-01
     vertex 5.5000235188e+00 -6.2500000000e-01 0.0000000000e+00
     vertex 5.0000000000e+00 -6.2500000000e-01 0.0000000000e+00
   endloop
 endfacet
 facet normal  -0.0000000000e+00 -9.9704868645e-01 -7.6771849280e-02
   outer loop
     vertex 5.0000000000e+00 -6.2500000000e-01 0.0000000000e+00
     vertex 5.5000235188e+00 -6.2500000000e-01 0.0000000000e+00
     vertex 5.5000235188e+00 -6.4093845135e-01 2.0699530016e-01
   endloop
 endfacet
 facet normal  1.0269100300e-03 -9.9685523047e-01 -7.9237585350e-02
   outer loop
     vertex 5.0000000000e+00 -6.2500000000e-01 0.0000000000e+00
     vertex 5.5000235188e+00 -6.4093845135e-01 2.0699530016e-01
     vertex 5.0000000000e+00 -6.4169782122e-01 2.1006837025e-01
   endloop
 endfacet
 facet normal  3.9214679997e-03 -9.1071045042e-01 4.1302675166e-01
   outer loop
     vertex 5.0000000000e+00 -6.4169782122e-01 2.1006837025e-01
     vertex 5.5000235188e+00 -6.4093845135e-01 2.0699530016e-01
     vertex 5.5000235188e+00 -5.6259543648e-01 3.7973908026e-01
   endloop
 endfacet
 facet normal  3.7421202846e-03 -9.1051310088e-01 4.1346328697e-01
   outer loop
     vertex 5.0000000000e+00 -6.4169782122e-01 2.1006837025e-01
     vertex 5.5000235188e+00 -5.6259543648e-01 3.7973908026e-01
     vertex 5.0000000000e+00 -5.6265371746e-01 3.8413628459e-01
   endloop
 endfacet
 facet normal  7.5847345127e-03 -5.1753108247e-01 8.5563079098e-01
   outer loop
     vertex 5.0000000000e+00 -5.6265371746e-01 3.8413628459e-01
     vertex 5.5000235188e+00 -5.6259543648e-01 3.7973908026e-01
     vertex 5.5000235188e+00 -3.4043220586e-01 5.1411523694e-01
   endloop
 endfacet
 facet normal  6.2897483850e-03 -5.1538163392e-01 8.5693769346e-01
   outer loop
     vertex 5.0000000000e+00 -5.6265371746e-01 3.8413628459e-01
     vertex 5.5000235188e+00 -3.4043220586e-01 5.1411523694e-01
     vertex 5.0000000000e+00 -3.4016182495e-01 5.1794792104e-01
   endloop
 endfacet
 facet normal  7.6515437238e-03 -2.1275634162e-02 9.9974436796e-01
   outer loop
     vertex 5.0000000000e+00 -3.4016182495e-01 5.1794792104e-01
     vertex 5.5000235188e+00 -3.4043220586e-01 5.1411523694e-01
     vertex 5.5000235188e+00 0.0000000000e+00 5.2136000000e-01
   endloop
 endfacet
 facet normal  7.2779009440e-03 -2.0726538736e-02 9.9975869226e-01
   outer loop
     vertex 5.0000000000e+00 -3.4016182495e-01 5.1794792104e-01
     vertex 5.5000235188e+00 0.0000000000e+00 5.2136000000e-01
     vertex 5.0000000000e+00 0.0000000000e+00 5.2500000000e-01
   endloop
 endfacet
 facet normal  7.2779009440e-03 2.0726538736e-02 9.9975869226e-01
   outer loop
     vertex 5.0000000000e+00 0.0000000000e+00 5.2500000000e-01
     vertex 5.5000235188e+00 0.0000000000e+00 5.2136000000e-01
     vertex 5.0000000000e+00 3.4016182495e-01 5.1794792104e-01
   endloop
 endfacet
 facet normal  7.6515437238e-03 2.1275634162e-02 9.9974436796e-01
   outer loop
     vertex 5.5000235188e+00 0.0000000000e+00 5.2136000000e-01
     vertex 5.5000235188e+00 3.4043220586e-01 5.1411523694e-01
     vertex 5.0000000000e+00 3.4016182495e-01 5.1794792104e-01
   endloop
 endfacet
 facet normal  6.2897483850e-03 5.1538163392e-01 8.5693769346e-01
   outer loop
     vertex 5.0000000000e+00 3.4016182495e-01 5.1794792104e-01
     vertex 5.5000235188e+00 3.4043220586e-01 5.1411523694e-01
     vertex 5.0000000000e+00 5.6265371746e-01 3.8413628459e-01
   endloop
 endfacet
 facet normal  7.5847345127e-03 5.1753108247e-01 8.5563079098e-01
   outer loop
     vertex 5.5000235188e+00 3.4043220586e-01 5.1411523694e-01
     vertex 5.5000235188e+00 5.6259543648e-01 3.7973908026e-01
     vertex 5.0000000000e+00 5.6265371746e-01 3.8413628459e-01
   endloop
 endfacet
 facet normal  3.7421202846e-03 9.1051310088e-01 4.1346328697e-01
   outer loop
     vertex 5.0000000000e+00 5.6265371746e-01 3.8413628459e-01
     vertex 5.5000235188e+00 5.6259543648e-01 3.7973908026e-01
     vertex 5.0000000000e+00 6.4169782122e-01 2.1006837025e-01
   endloop
 endfacet
 facet normal  3.9214679997e-03 9.1071045042e-01 4.1302675166e-01
   outer loop
     vertex 5.5000235188e+00 5.6259543648e-01 3.7973908026e-01
     vertex 5.5000235188e+00 6.4093845135e-01 2.0699530016e-01
     vertex 5.0000000000e+00 6.4169782122e-01 2.1006837025e-01
   endloop
 endfacet
 facet normal  1.0269100300e-03 9.9685523047e-01 -7.9237585350e-02
   outer loop
     vertex 5.0000000000e+00 6.4169782122e-01 2.1006837025e-01
     vertex 5.5000235188e+00 6.4093845135e-01 2.0699530016e-01
     vertex 5.0000000000e+00 6.2500000000e-01 0.0000000000e+00
   endloop
 endfacet
 facet normal  0.0000000000e+00 9.9704868645e-01 -7.6771849280e-02
   outer loop
     vertex 5.5000235188e+00 6.4093845135e-01 2.0699530016e-01
     vertex 5.5000235188e+00 6.2500000000e-01 0.0000000000e+00
     vertex 5.0000000000e+00 6.2500000000e-01 0.0000000000e+00
   endloop
 endfacet
 facet normal  0.0000000000e+00 9.7326756945e-01 -2.2967420025e-01
   outer loop
     vertex 5.5000235188e+00 6.2500000000e-01 0.0000000000e+00
     vertex 6.0000117594e+00 6.2500000000e-01 0.0000000000e+00
     vertex 6.0000117594e+00 5.6595728069e-01 -2.5019947320e-01
   endloop
 endfacet
 facet normal  6.0886664731e-03 9.7590110152e-01 -2.1812832965e-01
   outer loop
     vertex 5.5000235188e+00 6.2500000000e-01 0.0000000000e+00
     vertex 6.0000117594e+00 5.6595728069e-01 -2.5019947320e-01
     vertex 5.5000235188e+00 5.6813050199e-01 -2.5443281867e-01
   endloop
 endfacet
 facet normal  8.3960169776e-03 8.2175945040e-01 -5.6977268501e-01
   outer loop
     vertex 5.5000235188e+00 5.6813050199e-01 -2.5443281867e-01
     vertex 6.0000117594e+00 5.6595728069e-01 -2.5019947320e-01
     vertex 6.0000117594e+00 4.4127477463e-01 -4.3002386696e-01
   endloop
 endfacet
 facet normal  1.2286262634e-02 8.2681135410e-01 -5.6234511865e-01
   outer loop
     vertex 5.5000235188e+00 5.6813050199e-01 -2.5443281867e-01
     vertex 6.0000117594e+00 4.4127477463e-01 -4.3002386696e-01
     vertex 5.5000235188e+00 4.4377078080e-01 -4.3727788315e-01
   endloop
 endfacet
 facet normal  1.5314500087e-02 3.8073717429e-01 -9.2455647215e-01
   outer loop
     vertex 5.5000235188e+00 4.4377078080e-01 -4.3727788315e-01
     vertex 6.0000117594e+00 4.4127477463e-01 -4.3002386696e-01
     vertex 6.0000117594e+00 2.4606637909e-01 -5.1041170172e-01
   endloop
 endfacet
 facet normal  1.7209072584e-02 3.8488088976e-01 -9.2280580217e-01
   outer loop
     vertex 5.5000235188e+00 4.4377078080e-01 -4.3727788315e-01
     vertex 6.0000117594e+00 2.4606637909e-01 -5.1041170172e-01
     vertex 5.5000235188e+00 2.4790838485e-01 -5.1896754423e-01
   endloop
 endfacet
 facet normal  1.7142800421e-02 9.2164911162e-03 -9.9981057240e-01
   outer loop
     vertex 5.5000235188e+00 2.4790838485e-01 -5.1896754423e-01
     vertex 6.0000117594e+00 2.4606637909e-01 -5.1041170172e-01
     vertex 6.0000117594e+00 0.0000000000e+00 -5.1268000000e-01
   endloop
 endfacet
 facet normal  1.7356984820e-02 9.6486610552e-03 -9.9980279976e-01
   outer loop
     vertex 5.5000235188e+00 2.4790838485e-01 -5.1896754423e-01
     vertex 6.0000117594e+00 0.0000000000e+00 -5.1268000000e-01
     vertex 5.5000235188e+00 0.0000000000e+00 -5.2136000000e-01
   endloop
 endfacet
 facet normal  1.7356984820e-02 -9.6486610552e-03 -9.9980279976e-01
   outer loop
     vertex 5.5000235188e+00 0.0000000000e+00 -5.2136000000e-01
     vertex 6.0000117594e+00 0.0000000000e+00 -5.1268000000e-01
     vertex 5.5000235188e+00 -2.4790838485e-01 -5.1896754423e-01
   endloop
 endfacet
 facet normal  1.7142800421e-02 -9.2164911162e-03 -9.9981057240e-01
   outer loop
     vertex 6.0000117594e+00 0.0000000000e+00 -5.1268000000e-01
     vertex 6.0000117594e+00 -2.4606637909e-01 -5.1041170172e-01
     vertex 5.5000235188e+00 -2.4790838485e-01 -5.1896754423e-01
   endloop
 endfacet
 facet normal  1.7209072584e-02 -3.8488088976e-01 -9.2280580217e-01
   outer loop
     vertex 5.5000235188e+00 -2.4790838485e-01 -5.1896754423e-01
     vertex 6.0000117594e+00 -2.4606637909e-01 -5.1041170172e-01
     vertex 5.5000235188e+00 -4.4377078080e-01 -4.3727788315e-01
   endloop
 endfacet
 facet normal  1.5314500087e-02 -3.8073717429e-01 -9.2455647215e-01
   outer loop
     vertex 6.0000117594e+00 -2.4606637909e-01 -5.1041170172e-01
     vertex 6.0000117594e+00 -4.4127477463e-01 -4.3002386696e-01
     vertex 5.5000235188e+00 -4.4377078080e-01 -4.3727788315e-01
   endloop
 endfacet
 facet normal  1.2286262634e-02 -8.2681135410e-01 -5.6234511865e-01
   outer loop
     vertex 5.5000235188e+00 -4.4377078080e-01 -4.3727788315e-01
     vertex 6.0000117594e+00 -4.4127477463e-01 -4.3002386696e-01
     vertex 5.5000235188e+00 -5.6813050199e-01 -2.5443281867e-01
   endloop
 endfacet
 facet normal  8.3960169776e-03 -8.2175945040e-01 -5.6977268501e-01
   outer loop
     vertex 6.0000117594e+00 -4.4127477463e-01 -4.3002386696e-01
     vertex 6.0000117594e+00 -5.6595728069e-01 -2.5019947320e-01
     vertex 5.5000235188e+00 -5.6813050199e-01 -2.5443281867e-01
   endloop
 endfacet
 facet normal  6.0886664731e-03 -9.7590110152e-01 -2.1812832965e-01
   outer loop
     vertex 5.5000235188e+00 -5.6813050199e-01 -2.5443281867e-01
     vertex 6.0000117594e+00 -5.6595728069e-01 -2.5019947320e-01
     vertex 5.5000235188e+00 -6.2500000000e-01 0.0000000000e+00
   endloop
 endfacet
 facet normal  -0.0000000000e+00 -9.7326756945e-01 -2.2967420025e-01
   outer loop
     vertex 6.0000117594e+00 -5.6595728069e-01 -2.5019947320e-01
     vertex 6.0000117594e+00 -6.2500000000e-01 0.0000000000e+00
     vertex 5.5000235188e+00 -6.2500000000e-01 0.0000000000e+00
   endloop
 endfacet
 facet normal  -0.0000000000e+00 -9.9750615665e-01 -7.0579511583e-02
   outer loop
     vertex 5.5000235188e+00 -6.2500000000e-01 0.0000000000e+00
     vertex 6.0000117594e+00 -6.2500000000e-01 0.0000000000e+00
     vertex 6.0000117594e+00 -6.3912764629e-01 1.9966720994e-01
   endloop
 endfacet
 facet normal  2.4857903192e-03 -9.9704560599e-01 -7.6771612087e-02
   outer loop
     vertex 5.5000235188e+00 -6.2500000000e-01 0.0000000000e+00
     vertex 6.0000117594e+00 -6.3912764629e-01 1.9966720994e-01
     vertex 5.5000235188e+00 -6.4093845135e-01 2.0699530016e-01
   endloop
 endfacet
 facet normal  9.3376029236e-03 -9.1116178252e-01 4.1194297571e-01
   outer loop
     vertex 5.5000235188e+00 -6.4093845135e-01 2.0699530016e-01
     vertex 6.0000117594e+00 -6.3912764629e-01 1.9966720994e-01
     vertex 6.0000117594e+00 -5.6245645876e-01 3.6925343916e-01
   endloop
 endfacet
 facet normal  8.9147614501e-03 -9.1068126348e-01 4.1301351475e-01
   outer loop
     vertex 5.5000235188e+00 -6.4093845135e-01 2.0699530016e-01
     vertex 6.0000117594e+00 -5.6245645876e-01 3.6925343916e-01
     vertex 5.5000235188e+00 -5.6259543648e-01 3.7973908026e-01
   endloop
 endfacet
 facet normal  1.8021545346e-02 -5.2258386193e-01 8.5239740213e-01
   outer loop
     vertex 5.5000235188e+00 -5.6259543648e-01 3.7973908026e-01
     vertex 6.0000117594e+00 -5.6245645876e-01 3.6925343916e-01
     vertex 6.0000117594e+00 -3.4107696032e-01 5.0497575947e-01
   endloop
 endfacet
 facet normal  1.4971780297e-02 -5.1748796113e-01 8.5555949874e-01
   outer loop
     vertex 5.5000235188e+00 -5.6259543648e-01 3.7973908026e-01
     vertex 6.0000117594e+00 -3.4107696032e-01 5.0497575947e-01
     vertex 5.5000235188e+00 -3.4043220586e-01 5.1411523694e-01
   endloop
 endfacet
 facet normal  1.8242566500e-02 -2.2578464772e-02 9.9957862207e-01
   outer loop
     vertex 5.5000235188e+00 -3.4043220586e-01 5.1411523694e-01
     vertex 6.0000117594e+00 -3.4107696032e-01 5.0497575947e-01
     vertex 6.0000117594e+00 0.0000000000e+00 5.1268000000e-01
   endloop
 endfacet
 facet normal  1.7353864799e-02 -2.1273053008e-02 9.9962307926e-01
   outer loop
     vertex 5.5000235188e+00 -3.4043220586e-01 5.1411523694e-01
     vertex 6.0000117594e+00 0.0000000000e+00 5.1268000000e-01
     vertex 5.5000235188e+00 0.0000000000e+00 5.2136000000e-01
   endloop
 endfacet
 facet normal  1.7353864799e-02 2.1273053008e-02 9.9962307926e-01
   outer loop
     vertex 5.5000235188e+00 0.0000000000e+00 5.2136000000e-01
     vertex 6.0000117594e+00 0.0000000000e+00 5.1268000000e-01
     vertex 5.5000235188e+00 3.4043220586e-01 5.1411523694e-01
   endloop
 endfacet
 facet normal  1.8242566500e-02 2.2578464772e-02 9.9957862207e-01
   outer loop
     vertex 6.0000117594e+00 0.0000000000e+00 5.1268000000e-01
     vertex 6.0000117594e+00 3.4107696032e-01 5.0497575947e-01
     vertex 5.5000235188e+00 3.4043220586e-01 5.1411523694e-01
   endloop
 endfacet
 facet normal  1.4971780297e-02 5.1748796113e-01 8.5555949874e-01
   outer loop
     vertex 5.5000235188e+00 3.4043220586e-01 5.1411523694e-01
     vertex 6.0000117594e+00 3.4107696032e-01 5.0497575947e-01
     vertex 5.5000235188e+00 5.6259543648e-01 3.7973908026e-01
   endloop
 endfacet
 facet normal  1.8021545346e-02 5.2258386193e-01 8.5239740213e-01
   outer loop
     vertex 6.0000117594e+00 3.4107696032e-01 5.0497575947e-01
     vertex 6.0000117594e+00 5.6245645876e-01 3.6925343916e-01
     vertex 5.5000235188e+00 5.6259543648e-01 3.7973908026e-01
   endloop
 endfacet
 facet normal  8.9147614501e-03 9.1068126348e-01 4.1301351475e-01
   outer loop
     vertex 5.5000235188e+00 5.6259543648e-01 3.7973908026e-01
     vertex 6.0000117594e+00 5.6245645876e-01 3.6925343916e-01
     vertex 5.5000235188e+00 6.4093845135e-01 2.0699530016e-01
   endloop
 endfacet
 facet normal  9.3376029236e-03 9.1116178252e-01 4.1194297571e-01
   outer loop
     vertex 6.0000117594e+00 5.6245645876e-01 3.6925343916e-01
     vertex 6.0000117594e+00 6.3912764629e-01 1.9966720994e-01
     vertex 5.5000235188e+00 6.4093845135e-01 2.0699530016e-01
   endloop
 endfacet
 facet normal  2.4857903192e-03 9.9704560599e-01 -7.6771612087e-02
   outer loop
     vertex 5.5000235188e+00 6.4093845135e-01 2.0699530016e-01
     vertex 6.0000117594e+00 6.3912764629e-01 1.9966720994e-01
     vertex 5.5000235188e+00 6.2500000000e-01 0.0000000000e+00
   endloop
 endfacet
 facet normal  0.0000000000e+00 9.9750615665e-01 -7.0579511583e-02
   outer loop
     vertex 6.0000117594e+00 6.3912764629e-01 1.9966720994e-01
     vertex 6.0000117594e+00 6.2500000000e-01 0.0000000000e+00
     vertex 5.5000235188e+00 6.2500000000e-01 0.0000000000e+00
   endloop
 endfacet
 facet normal  0.0000000000e+00 9.6981595180e-01 -2.4383810127e-01
   outer loop
     vertex 6.0000117594e+00 6.2500000000e-01 0.0000000000e+00
     vertex 6.4999882406e+00 6.2500000000e-01 0.0000000000e+00
     vertex 6.4999882406e+00 5.6336343592e-01 -2.4514677055e-01
   endloop
 endfacet
 facet normal  7.3701073972e-03 9.7324113588e-01 -2.2966796239e-01
   outer loop
     vertex 6.0000117594e+00 6.2500000000e-01 0.0000000000e+00
     vertex 6.4999882406e+00 5.6336343592e-01 -2.4514677055e-01
     vertex 6.0000117594e+00 5.6595728069e-01 -2.5019947320e-01
   endloop
 endfacet
 facet normal  1.0079212302e-02 8.1544591985e-01 -5.7874550649e-01
   outer loop
     vertex 6.0000117594e+00 5.6595728069e-01 -2.5019947320e-01
     vertex 6.4999882406e+00 5.6336343592e-01 -2.4514677055e-01
     vertex 6.4999882406e+00 4.3829567049e-01 -4.2136584763e-01
   endloop
 endfacet
 facet normal  1.4762025881e-02 8.2169887024e-01 -5.6973068133e-01
   outer loop
     vertex 6.0000117594e+00 5.6595728069e-01 -2.5019947320e-01
     vertex 6.4999882406e+00 4.3829567049e-01 -4.2136584763e-01
     vertex 6.0000117594e+00 4.4127477463e-01 -4.3002386696e-01
   endloop
 endfacet
 facet normal  1.8283733605e-02 3.7569123617e-01 -9.2656451483e-01
   outer loop
     vertex 6.0000117594e+00 4.4127477463e-01 -4.3002386696e-01
     vertex 6.4999882406e+00 4.3829567049e-01 -4.2136584763e-01
     vertex 6.4999882406e+00 2.4386785608e-01 -5.0019988970e-01
   endloop
 endfacet
 facet normal  2.0555946547e-02 3.8070137244e-01 -9.2446953335e-01
   outer loop
     vertex 6.0000117594e+00 4.4127477463e-01 -4.3002386696e-01
     vertex 6.4999882406e+00 2.4386785608e-01 -5.0019988970e-01
     vertex 6.0000117594e+00 2.4606637909e-01 -5.1041170172e-01
   endloop
 endfacet
 facet normal  2.0457757518e-02 8.6915370149e-03 -9.9975293815e-01
   outer loop
     vertex 6.0000117594e+00 2.4606637909e-01 -5.1041170172e-01
     vertex 6.4999882406e+00 2.4386785608e-01 -5.0019988970e-01
     vertex 6.4999882406e+00 0.0000000000e+00 -5.0232000000e-01
   endloop
 endfacet
 facet normal  2.0715647964e-02 9.2158675893e-03 -9.9974293181e-01
   outer loop
     vertex 6.0000117594e+00 2.4606637909e-01 -5.1041170172e-01
     vertex 6.4999882406e+00 0.0000000000e+00 -5.0232000000e-01
     vertex 6.0000117594e+00 0.0000000000e+00 -5.1268000000e-01
   endloop
 endfacet
 facet normal  2.0715647964e-02 -9.2158675893e-03 -9.9974293181e-01
   outer loop
     vertex 6.0000117594e+00 0.0000000000e+00 -5.1268000000e-01
     vertex 6.4999882406e+00 0.0000000000e+00 -5.0232000000e-01
     vertex 6.0000117594e+00 -2.4606637909e-01 -5.1041170172e-01
   endloop
 endfacet
 facet normal  2.0457757518e-02 -8.6915370149e-03 -9.9975293815e-01
   outer loop
     vertex 6.4999882406e+00 0.0000000000e+00 -5.0232000000e-01
     vertex 6.4999882406e+00 -2.4386785608e-01 -5.0019988970e-01
     vertex 6.0000117594e+00 -2.4606637909e-01 -5.1041170172e-01
   endloop
 endfacet
 facet normal  2.0555946547e-02 -3.8070137244e-01 -9.2446953335e-01
   outer loop
     vertex 6.0000117594e+00 -2.4606637909e-01 -5.1041170172e-01
     vertex 6.4999882406e+00 -2.4386785608e-01 -5.0019988970e-01
     vertex 6.0000117594e+00 -4.4127477463e-01 -4.3002386696e-01
   endloop
 endfacet
 facet normal  1.8283733605e-02 -3.7569123617e-01 -9.2656451483e-01
   outer loop
     vertex 6.4999882406e+00 -2.4386785608e-01 -5.0019988970e-01
     vertex 6.4999882406e+00 -4.3829567049e-01 -4.2136584763e-01
     vertex 6.0000117594e+00 -4.4127477463e-01 -4.3002386696e-01
   endloop
 endfacet
 facet normal  1.4762025881e-02 -8.2169887024e-01 -5.6973068133e-01
   outer loop
     vertex 6.0000117594e+00 -4.4127477463e-01 -4.3002386696e-01
     vertex 6.4999882406e+00 -4.3829567049e-01 -4.2136584763e-01
     vertex 6.0000117594e+00 -5.6595728069e-01 -2.5019947320e-01
   endloop
 endfacet
 facet normal  1.0079212302e-02 -8.1544591985e-01 -5.7874550649e-01
   outer loop
     vertex 6.4999882406e+00 -4.3829567049e-01 -4.2136584763e-01
     vertex 6.4999882406e+00 -5.6336343592e-01 -2.4514677055e-01
     vertex 6.0000117594e+00 -5.6595728069e-01 -2.5019947320e-01
   endloop
 endfacet
 facet normal  7.3701073972e-03 -9.7324113588e-01 -2.2966796239e-01
   outer loop
     vertex 6.0000117594e+00 -5.6595728069e-01 -2.5019947320e-01
     vertex 6.4999882406e+00 -5.6336343592e-01 -2.4514677055e-01
     vertex 6.0000117594e+00 -6.2500000000e-01 0.0000000000e+00
   endloop
 endfacet
 facet normal  -0.0000000000e+00 -9.6981595180e-01 -2.4383810127e-01
   outer loop
     vertex 6.4999882406e+00 -5.6336343592e-01 -2.4514677055e-01
     vertex 6.4999882406e+00 -6.2500000000e-01 0.0000000000e+00
     vertex 6.0000117594e+00 -6.2500000000e-01 0.0000000000e+00
   endloop
 endfacet
 facet normal  -0.0000000000e+00 -9.9804155820e-01 -6.2554361188e-02
   outer loop
     vertex 6.0000117594e+00 -6.2500000000e-01 0.0000000000e+00
     vertex 6.4999882406e+00 -6.2500000000e-01 0.0000000000e+00
     vertex 6.4999882406e+00 -6.3696636284e-01 1.9092077968e-01
   endloop
 endfacet
 facet normal  3.0772797377e-03 -9.9750143362e-01 -7.0579177400e-02
   outer loop
     vertex 6.0000117594e+00 -6.2500000000e-01 0.0000000000e+00
     vertex 6.4999882406e+00 -6.3696636284e-01 1.9092077968e-01
     vertex 6.0000117594e+00 -6.3912764629e-01 1.9966720994e-01
   endloop
 endfacet
 facet normal  1.1124243907e-02 -9.1174592745e-01 4.1060396366e-01
   outer loop
     vertex 6.0000117594e+00 -6.3912764629e-01 1.9966720994e-01
     vertex 6.4999882406e+00 -6.3696636284e-01 1.9092077968e-01
     vertex 6.4999882406e+00 -5.6229058212e-01 3.5673831913e-01
   endloop
 endfacet
 facet normal  1.0613676596e-02 -9.1115018267e-01 4.1193773133e-01
   outer loop
     vertex 6.0000117594e+00 -6.3912764629e-01 1.9966720994e-01
     vertex 6.4999882406e+00 -5.6229058212e-01 3.5673831913e-01
     vertex 6.0000117594e+00 -5.6245645876e-01 3.6925343916e-01
   endloop
 endfacet
 facet normal  2.1416516484e-02 -5.2863526899e-01 8.4857886210e-01
   outer loop
     vertex 6.0000117594e+00 -5.6245645876e-01 3.6925343916e-01
     vertex 6.4999882406e+00 -5.6229058212e-01 3.5673831913e-01
     vertex 6.4999882406e+00 -3.4184650597e-01 4.9406735088e-01
   endloop
 endfacet
 facet normal  1.7793203742e-02 -5.2258599947e-01 8.5240088870e-01
   outer loop
     vertex 6.0000117594e+00 -5.6245645876e-01 3.6925343916e-01
     vertex 6.4999882406e+00 -3.4184650597e-01 4.9406735088e-01
     vertex 6.0000117594e+00 -3.4107696032e-01 5.0497575947e-01
   endloop
 endfacet
 facet normal  2.1769181692e-02 -2.4128636866e-02 9.9947181632e-01
   outer loop
     vertex 6.0000117594e+00 -3.4107696032e-01 5.0497575947e-01
     vertex 6.4999882406e+00 -3.4184650597e-01 4.9406735088e-01
     vertex 6.4999882406e+00 0.0000000000e+00 5.0232000000e-01
   endloop
 endfacet
 facet normal  2.0711247058e-02 -2.2577378761e-02 9.9953054291e-01
   outer loop
     vertex 6.0000117594e+00 -3.4107696032e-01 5.0497575947e-01
     vertex 6.4999882406e+00 0.0000000000e+00 5.0232000000e-01
     vertex 6.0000117594e+00 0.0000000000e+00 5.1268000000e-01
   endloop
 endfacet
 facet normal  2.0711247058e-02 2.2577378761e-02 9.9953054291e-01
   outer loop
     vertex 6.0000117594e+00 0.0000000000e+00 5.1268000000e-01
     vertex 6.4999882406e+00 0.0000000000e+00 5.0232000000e-01
     vertex 6.0000117594e+00 3.4107696032e-01 5.0497575947e-01
   endloop
 endfacet
 facet normal  2.1769181692e-02 2.4128636866e-02 9.9947181632e-01
   outer loop
     vertex 6.4999882406e+00 0.0000000000e+00 5.0232000000e-01
     vertex 6.4999882406e+00 3.4184650597e-01 4.9406735088e-01
     vertex 6.0000117594e+00 3.4107696032e-01 5.0497575947e-01
   endloop
 endfacet
 facet normal  1.7793203742e-02 5.2258599947e-01 8.5240088870e-01
   outer loop
     vertex 6.0000117594e+00 3.4107696032e-01 5.0497575947e-01
     vertex 6.4999882406e+00 3.4184650597e-01 4.9406735088e-01
     vertex 6.0000117594e+00 5.6245645876e-01 3.6925343916e-01
   endloop
 endfacet
 facet normal  2.1416516484e-02 5.2863526899e-01 8.4857886210e-01
   outer loop
     vertex 6.4999882406e+00 3.4184650597e-01 4.9406735088e-01
     vertex 6.4999882406e+00 5.6229058212e-01 3.5673831913e-01
     vertex 6.0000117594e+00 5.6245645876e-01 3.6925343916e-01
   endloop
 endfacet
 facet normal  1.0613676596e-02 9.1115018267e-01 4.1193773133e-01
   outer loop
     vertex 6.0000117594e+00 5.6245645876e-01 3.6925343916e-01
     vertex 6.4999882406e+00 5.6229058212e-01 3.5673831913e-01
     vertex 6.0000117594e+00 6.3912764629e-01 1.9966720994e-01
   endloop
 endfacet
 facet normal  1.1124243907e-02 9.1174592745e-01 4.1060396366e-01
   outer loop
     vertex 6.4999882406e+00 5.6229058212e-01 3.5673831913e-01
     vertex 6.4999882406e+00 6.3696636284e-01 1.9092077968e-01
     vertex 6.0000117594e+00 6.3912764629e-01 1.9966720994e-01
   endloop
 endfacet
 facet normal  3.0772797377e-03 9.9750143362e-01 -7.0579177400e-02
   outer loop
     vertex 6.0000117594e+00 6.3912764629e-01 1.9966720994e-01
     vertex 6.4999882406e+00 6.3696636284e-01 1.9092077968e-01
     vertex 6.0000117594e+00 6.2500000000e-01 0.0000000000e+00
   endloop
 endfacet
 facet normal  0.0000000000e+00 9.9804155820e-01 -6.2554361188e-02
   outer loop
     vertex 6.4999882406e+00 6.3696636284e-01 1.9092077968e-01
     vertex 6.4999882406e+00 6.2500000000e-01 0.0000000000e+00
     vertex 6.0000117594e+00 6.2500000000e-01 0.0000000000e+00
   endloop
 endfacet
 facet normal  0.0000000000e+00 9.6666691852e-01 -2.5603724072e-01
   outer loop
     vertex 6.4999882406e+00 6.2500000000e-01 0.0000000000e+00
     vertex 6.9999764812e+00 6.2500000000e-01 0.0000000000e+00
     vertex 6.9999764812e+00 5.6119021462e-01 -2.4091342508e-01
   endloop
 endfacet
 facet normal  6.2797750802e-03 9.6979682899e-01 -2.4383329328e-01
   outer loop
     vertex 6.4999882406e+00 6.2500000000e-01 0.0000000000e+00
     vertex 6.9999764812e+00 5.6119021462e-01 -2.4091342508e-01
     vertex 6.4999882406e+00 5.6336343592e-01 -2.4514677055e-01
   endloop
 endfacet
 facet normal  8.4855852382e-03 8.0997734885e-01 -5.8639976910e-01
   outer loop
     vertex 6.4999882406e+00 5.6336343592e-01 -2.4514677055e-01
     vertex 6.9999764812e+00 5.6119021462e-01 -2.4091342508e-01
     vertex 6.9999764812e+00 4.3579966432e-01 -4.1411183145e-01
   endloop
 endfacet
 facet normal  1.2467132210e-02 8.1542396598e-01 -5.7872992520e-01
   outer loop
     vertex 6.4999882406e+00 5.6336343592e-01 -2.4514677055e-01
     vertex 6.9999764812e+00 4.3579966432e-01 -4.1411183145e-01
     vertex 6.4999882406e+00 4.3829567049e-01 -4.2136584763e-01
   endloop
 endfacet
 facet normal  1.5322841910e-02 3.7144078278e-01 -9.2833019740e-01
   outer loop
     vertex 6.4999882406e+00 4.3829567049e-01 -4.2136584763e-01
     vertex 6.9999764812e+00 4.3579966432e-01 -4.1411183145e-01
     vertex 6.9999764812e+00 2.4202585031e-01 -4.9164404720e-01
   endloop
 endfacet
 facet normal  1.7239856162e-02 3.7569820418e-01 -9.2658169998e-01
   outer loop
     vertex 6.4999882406e+00 4.3829567049e-01 -4.2136584763e-01
     vertex 6.9999764812e+00 2.4202585031e-01 -4.9164404720e-01
     vertex 6.4999882406e+00 2.4386785608e-01 -5.0019988970e-01
   endloop
 endfacet
 facet normal  1.7139368826e-02 8.2453661586e-03 -9.9981911163e-01
   outer loop
     vertex 6.4999882406e+00 2.4386785608e-01 -5.0019988970e-01
     vertex 6.9999764812e+00 2.4202585031e-01 -4.9164404720e-01
     vertex 6.9999764812e+00 0.0000000000e+00 -4.9364000000e-01
   endloop
 endfacet
 facet normal  1.7357137098e-02 8.6920467531e-03 -9.9981157130e-01
   outer loop
     vertex 6.4999882406e+00 2.4386785608e-01 -5.0019988970e-01
     vertex 6.9999764812e+00 0.0000000000e+00 -4.9364000000e-01
     vertex 6.4999882406e+00 0.0000000000e+00 -5.0232000000e-01
   endloop
 endfacet
 facet normal  1.7357137098e-02 -8.6920467531e-03 -9.9981157130e-01
   outer loop
     vertex 6.4999882406e+00 0.0000000000e+00 -5.0232000000e-01
     vertex 6.9999764812e+00 0.0000000000e+00 -4.9364000000e-01
     vertex 6.4999882406e+00 -2.4386785608e-01 -5.0019988970e-01
   endloop
 endfacet
 facet normal  1.7139368826e-02 -8.2453661586e-03 -9.9981911163e-01
   outer loop
     vertex 6.9999764812e+00 0.0000000000e+00 -4.9364000000e-01
     vertex 6.9999764812e+00 -2.4202585031e-01 -4.9164404720e-01
     vertex 6.4999882406e+00 -2.4386785608e-01 -5.0019988970e-01
   endloop
 endfacet
 facet normal  1.7239856162e-02 -3.7569820418e-01 -9.2658169998e-01
   outer loop
     vertex 6.4999882406e+00 -2.4386785608e-01 -5.0019988970e-01
     vertex 6.9999764812e+00 -2.4202585031e-01 -4.9164404720e-01
     vertex 6.4999882406e+00 -4.3829567049e-01 -4.2136584763e-01
   endloop
 endfacet
 facet normal  1.5322841910e-02 -3.7144078278e-01 -9.2833019740e-01
   outer loop
     vertex 6.9999764812e+00 -2.4202585031e-01 -4.9164404720e-01
     vertex 6.9999764812e+00 -4.3579966432e-01 -4.1411183145e-01
     vertex 6.4999882406e+00 -4.3829567049e-01 -4.2136584763e-01
   endloop
 endfacet
 facet normal  1.2467132210e-02 -8.1542396598e-01 -5.7872992520e-01
   outer loop
     vertex 6.4999882406e+00 -4.3829567049e-01 -4.2136584763e-01
     vertex 6.9999764812e+00 -4.3579966432e-01 -4.1411183145e-01
     vertex 6.4999882406e+00 -5.6336343592e-01 -2.4514677055e-01
   endloop
 endfacet
 facet normal  8.4855852382e-03 -8.0997734885e-01 -5.8639976910e-01
   outer loop
     vertex 6.9999764812e+00 -4.3579966432e-01 -4.1411183145e-01
     vertex 6.9999764812e+00 -5.6119021462e-01 -2.4091342508e-01
     vertex 6.4999882406e+00 -5.6336343592e-01 -2.4514677055e-01
   endloop
 endfacet
 facet normal  6.2797750802e-03 -9.6979682899e-01 -2.4383329328e-01
   outer loop
     vertex 6.4999882406e+00 -5.6336343592e-01 -2.4514677055e-01
     vertex 6.9999764812e+00 -5.6119021462e-01 -2.4091342508e-01
     vertex 6.4999882406e+00 -6.2500000000e-01 0.0000000000e+00
   endloop
 endfacet
 facet normal  -0.0000000000e+00 -9.6666691852e-01 -2.5603724072e-01
   outer loop
     vertex 6.9999764812e+00 -5.6119021462e-01 -2.4091342508e-01
     vertex 6.9999764812e+00 -6.2500000000e-01 0.0000000000e+00
     vertex 6.4999882406e+00 -6.2500000000e-01 0.0000000000e+00
   endloop
 endfacet
 facet normal  -0.0000000000e+00 -9.9847358880e-01 -5.5231263558e-02
   outer loop
     vertex 6.4999882406e+00 -6.2500000000e-01 0.0000000000e+00
     vertex 6.9999764812e+00 -6.2500000000e-01 0.0000000000e+00
     vertex 6.9999764812e+00 -6.3515555778e-01 1.8359268946e-01
   endloop
 endfacet
 facet normal  2.6977630328e-03 -9.9803792636e-01 -6.2554133554e-02
   outer loop
     vertex 6.4999882406e+00 -6.2500000000e-01 0.0000000000e+00
     vertex 6.9999764812e+00 -6.3515555778e-01 1.8359268946e-01
     vertex 6.4999882406e+00 -6.3696636284e-01 1.9092077968e-01
   endloop
 endfacet
 facet normal  9.3050853480e-03 -9.1228674264e-01 4.0944635130e-01
   outer loop
     vertex 6.4999882406e+00 -6.3696636284e-01 1.9092077968e-01
     vertex 6.9999764812e+00 -6.3515555778e-01 1.8359268946e-01
     vertex 6.9999764812e+00 -5.6215160440e-01 3.4625267803e-01
   endloop
 endfacet
 facet normal  8.8647250294e-03 -9.1176651948e-01 4.1061323726e-01
   outer loop
     vertex 6.4999882406e+00 -6.3696636284e-01 1.9092077968e-01
     vertex 6.9999764812e+00 -5.6215160440e-01 3.4625267803e-01
     vertex 6.4999882406e+00 -5.6229058212e-01 3.5673831913e-01
   endloop
 endfacet
 facet normal  1.7879031869e-02 -5.3374899931e-01 8.4545392893e-01
   outer loop
     vertex 6.4999882406e+00 -5.6229058212e-01 3.5673831913e-01
     vertex 6.9999764812e+00 -5.6215160440e-01 3.4625267803e-01
     vertex 6.9999764812e+00 -3.4249126043e-01 4.8492787341e-01
   endloop
 endfacet
 facet normal  1.4831574244e-02 -5.2869838457e-01 8.4868017684e-01
   outer loop
     vertex 6.4999882406e+00 -5.6229058212e-01 3.5673831913e-01
     vertex 6.9999764812e+00 -3.4249126043e-01 4.8492787341e-01
     vertex 6.4999882406e+00 -3.4184650597e-01 4.9406735088e-01
   endloop
 endfacet
 facet normal  1.8237647868e-02 -2.5425059751e-02 9.9951035739e-01
   outer loop
     vertex 6.4999882406e+00 -3.4184650597e-01 4.9406735088e-01
     vertex 6.9999764812e+00 -3.4249126043e-01 4.8492787341e-01
     vertex 6.9999764812e+00 0.0000000000e+00 4.9364000000e-01
   endloop
 endfacet
 facet normal  1.7352738430e-02 -2.4130722234e-02 9.9955819776e-01
   outer loop
     vertex 6.4999882406e+00 -3.4184650597e-01 4.9406735088e-01
     vertex 6.9999764812e+00 0.0000000000e+00 4.9364000000e-01
     vertex 6.4999882406e+00 0.0000000000e+00 5.0232000000e-01
   endloop
 endfacet
 facet normal  1.7352738430e-02 2.4130722234e-02 9.9955819776e-01
   outer loop
     vertex 6.4999882406e+00 0.0000000000e+00 5.0232000000e-01
     vertex 6.9999764812e+00 0.0000000000e+00 4.9364000000e-01
     vertex 6.4999882406e+00 3.4184650597e-01 4.9406735088e-01
   endloop
 endfacet
 facet normal  1.8237647868e-02 2.5425059751e-02 9.9951035739e-01
   outer loop
     vertex 6.9999764812e+00 0.0000000000e+00 4.9364000000e-01
     vertex 6.9999764812e+00 3.4249126043e-01 4.8492787341e-01
     vertex 6.4999882406e+00 3.4184650597e-01 4.9406735088e-01
   endloop
 endfacet
 facet normal  1.4831574244e-02 5.2869838457e-01 8.4868017684e-01
   outer loop
     vertex 6.4999882406e+00 3.4184650597e-01 4.9406735088e-01
     vertex 6.9999764812e+00 3.4249126043e-01 4.8492787341e-01
     vertex 6.4999882406e+00 5.6229058212e-01 3.5673831913e-01
   endloop
 endfacet
 facet normal  1.7879031869e-02 5.3374899931e-01 8.4545392893e-01
   outer loop
     vertex 6.9999764812e+00 3.4249126043e-01 4.8492787341e-01
     vertex 6.9999764812e+00 5.6215160440e-01 3.4625267803e-01
     vertex 6.4999882406e+00 5.6229058212e-01 3.5673831913e-01
   endloop
 endfacet
 facet normal  8.8647250294e-03 9.1176651948e-01 4.1061323726e-01
   outer loop
     vertex 6.4999882406e+00 5.6229058212e-01 3.5673831913e-01
     vertex 6.9999764812e+00 5.6215160440e-01 3.4625267803e-01
     vertex 6.4999882406e+00 6.3696636284e-01 1.9092077968e-01
   endloop
 endfacet
 facet normal  9.3050853480e-03 9.1228674264e-01 4.0944635130e-01
   outer loop
     vertex 6.9999764812e+00 5.6215160440e-01 3.4625267803e-01
     vertex 6.9999764812e+00 6.3515555778e-01 1.8359268946e-01
     vertex 6.4999882406e+00 6.3696636284e-01 1.9092077968e-01
   endloop
 endfacet
 facet normal  2.6977630328e-03 9.9803792636e-01 -6.2554133554e-02
   outer loop
     vertex 6.4999882406e+00 6.3696636284e-01 1.9092077968e-01
     vertex 6.9999764812e+00 6.3515555778e-01 1.8359268946e-01
     vertex 6.4999882406e+00 6.2500000000e-01 0.0000000000e+00
   endloop
 endfacet
 facet normal  0.0000000000e+00 9.9847358880e-01 -5.5231263558e-02
   outer loop
     vertex 6.9999764812e+00 6.3515555778e-01 1.8359268946e-01
     vertex 6.9999764812e+00 6.2500000000e-01 0.0000000000e+00
     vertex 6.4999882406e+00 6.2500000000e-01 0.0000000000e+00
   endloop
 endfacet
 facet normal  0.0000000000e+00 9.6527264396e-01 -2.6124456514e-01
   outer loop
     vertex 6.9999764812e+00 6.2500000000e-01 0.0000000000e+00
     vertex 7.5000000000e+00 6.2500000000e-01 0.0000000000e+00
     vertex 7.5000000000e+00 5.6027886375e-01 -2.3913815117e-01
   endloop
 endfacet
 facet normal  2.6708827766e-03 9.6666347060e-01 -2.5603632748e-01
   outer loop
     vertex 6.9999764812e+00 6.2500000000e-01 0.0000000000e+00
     vertex 7.5000000000e+00 5.6027886375e-01 -2.3913815117e-01
     vertex 6.9999764812e+00 5.6119021462e-01 -2.4091342508e-01
   endloop
 endfacet
 facet normal  3.5655333479e-03 8.0764653226e-01 -5.8965614209e-01
   outer loop
     vertex 6.9999764812e+00 5.6119021462e-01 -2.4091342508e-01
     vertex 7.5000000000e+00 5.6027886375e-01 -2.3913815117e-01
     vertex 7.5000000000e+00 4.3475295205e-01 -4.1106982466e-01
   endloop
 endfacet
 facet normal  5.2631596427e-03 8.0999529268e-01 -5.8641275990e-01
   outer loop
     vertex 6.9999764812e+00 5.6119021462e-01 -2.4091342508e-01
     vertex 7.5000000000e+00 4.3475295205e-01 -4.1106982466e-01
     vertex 6.9999764812e+00 4.3579966432e-01 -4.1411183145e-01
   endloop
 endfacet
 facet normal  6.4264795571e-03 3.6967057035e-01 -9.2914066200e-01
   outer loop
     vertex 6.9999764812e+00 4.3579966432e-01 -4.1411183145e-01
     vertex 7.5000000000e+00 4.3475295205e-01 -4.1106982466e-01
     vertex 7.5000000000e+00 2.4125339628e-01 -4.8805611325e-01
   endloop
 endfacet
 facet normal  7.2357364941e-03 3.7147467083e-01 -9.2841489273e-01
   outer loop
     vertex 6.9999764812e+00 4.3579966432e-01 -4.1411183145e-01
     vertex 7.5000000000e+00 2.4125339628e-01 -4.8805611325e-01
     vertex 6.9999764812e+00 2.4202585031e-01 -4.9164404720e-01
   endloop
 endfacet
 facet normal  7.1875588328e-03 8.0569785758e-03 -9.9994171035e-01
   outer loop
     vertex 6.9999764812e+00 2.4202585031e-01 -4.9164404720e-01
     vertex 7.5000000000e+00 2.4125339628e-01 -4.8805611325e-01
     vertex 7.5000000000e+00 0.0000000000e+00 -4.9000000000e-01
   endloop
 endfacet
 facet normal  7.2792171875e-03 8.2463590129e-03 -9.9993950345e-01
   outer loop
     vertex 6.9999764812e+00 2.4202585031e-01 -4.9164404720e-01
     vertex 7.5000000000e+00 0.0000000000e+00 -4.9000000000e-01
     vertex 6.9999764812e+00 0.0000000000e+00 -4.9364000000e-01
   endloop
 endfacet
 facet normal  7.2792171875e-03 -8.2463590129e-03 -9.9993950345e-01
   outer loop
     vertex 6.9999764812e+00 0.0000000000e+00 -4.9364000000e-01
     vertex 7.5000000000e+00 0.0000000000e+00 -4.9000000000e-01
     vertex 6.9999764812e+00 -2.4202585031e-01 -4.9164404720e-01
   endloop
 endfacet
 facet normal  7.1875588328e-03 -8.0569785758e-03 -9.9994171035e-01
   outer loop
     vertex 7.5000000000e+00 0.0000000000e+00 -4.9000000000e-01
     vertex 7.5000000000e+00 -2.4125339628e-01 -4.8805611325e-01
     vertex 6.9999764812e+00 -2.4202585031e-01 -4.9164404720e-01
   endloop
 endfacet
 facet normal  7.2357364941e-03 -3.7147467083e-01 -9.2841489273e-01
   outer loop
     vertex 6.9999764812e+00 -2.4202585031e-01 -4.9164404720e-01
     vertex 7.5000000000e+00 -2.4125339628e-01 -4.8805611325e-01
     vertex 6.9999764812e+00 -4.3579966432e-01 -4.1411183145e-01
   endloop
 endfacet
 facet normal  6.4264795571e-03 -3.6967057035e-01 -9.2914066200e-01
   outer loop
     vertex 7.5000000000e+00 -2.4125339628e-01 -4.8805611325e-01
     vertex 7.5000000000e+00 -4.3475295205e-01 -4.1106982466e-01
     vertex 6.9999764812e+00 -4.3579966432e-01 -4.1411183145e-01
   endloop
 endfacet
 facet normal  5.2631596427e-03 -8.0999529268e-01 -5.8641275990e-01
   outer loop
     vertex 6.9999764812e+00 -4.3579966432e-01 -4.1411183145e-01
     vertex 7.5000000000e+00 -4.3475295205e-01 -4.1106982466e-01
     vertex 6.9999764812e+00 -5.6119021462e-01 -2.4091342508e-01
   endloop
 endfacet
 facet normal  3.5655333479e-03 -8.0764653226e-01 -5.8965614209e-01
   outer loop
     vertex 7.5000000000e+00 -4.3475295205e-01 -4.1106982466e-01
     vertex 7.5000000000e+00 -5.6027886375e-01 -2.3913815117e-01
     vertex 6.9999764812e+00 -5.6119021462e-01 -2.4091342508e-01
   endloop
 endfacet
 facet normal  2.6708827766e-03 -9.6666347060e-01 -2.5603632748e-01
   outer loop
     vertex 6.9999764812e+00 -5.6119021462e-01 -2.4091342508e-01
     vertex 7.5000000000e+00 -5.6027886375e-01 -2.3913815117e-01
     vertex 6.9999764812e+00 -6.2500000000e-01 0.0000000000e+00
   endloop
 endfacet
 facet normal  -0.0000000000e+00 -9.6527264396e-01 -2.6124456514e-01
   outer loop
     vertex 7.5000000000e+00 -5.6027886375e-01 -2.3913815117e-01
     vertex 7.5000000000e+00 -6.2500000000e-01 0.0000000000e+00
     vertex 6.9999764812e+00 -6.2500000000e-01 0.0000000000e+00
   endloop
 endfacet
 facet normal  -0.0000000000e+00 -9.9864810427e-01 -5.1980417857e-02
   outer loop
     vertex 6.9999764812e+00 -6.2500000000e-01 0.0000000000e+00
     vertex 7.5000000000e+00 -6.2500000000e-01 0.0000000000e+00
     vertex 7.5000000000e+00 -6.3439618791e-01 1.8051961936e-01
   endloop
 endfacet
 facet normal  1.1769062435e-03 -9.9847289730e-01 -5.5231225307e-02
   outer loop
     vertex 6.9999764812e+00 -6.2500000000e-01 0.0000000000e+00
     vertex 7.5000000000e+00 -6.3439618791e-01 1.8051961936e-01
     vertex 6.9999764812e+00 -6.3515555778e-01 1.8359268946e-01
   endloop
 endfacet
 facet normal  3.8992485103e-03 -9.1254482900e-01 4.0895810412e-01
   outer loop
     vertex 6.9999764812e+00 -6.3515555778e-01 1.8359268946e-01
     vertex 7.5000000000e+00 -6.3439618791e-01 1.8051961936e-01
     vertex 7.5000000000e+00 -5.6209332342e-01 3.4185547369e-01
   endloop
 endfacet
 facet normal  3.7071371233e-03 -9.1231997119e-01 4.0946126472e-01
   outer loop
     vertex 6.9999764812e+00 -6.3515555778e-01 1.8359268946e-01
     vertex 7.5000000000e+00 -5.6209332342e-01 3.4185547369e-01
     vertex 6.9999764812e+00 -5.6215160440e-01 3.4625267803e-01
   endloop
 endfacet
 facet normal  7.4865460641e-03 -5.3594237802e-01 8.4422136852e-01
   outer loop
     vertex 6.9999764812e+00 -5.6215160440e-01 3.4625267803e-01
     vertex 7.5000000000e+00 -5.6209332342e-01 3.4185547369e-01
     vertex 7.5000000000e+00 -3.4276164133e-01 4.8109518931e-01
   endloop
 endfacet
 facet normal  6.1926644654e-03 -5.3382409269e-01 8.4557287621e-01
   outer loop
     vertex 6.9999764812e+00 -5.6215160440e-01 3.4625267803e-01
     vertex 7.5000000000e+00 -3.4276164133e-01 4.8109518931e-01
     vertex 6.9999764812e+00 -3.4249126043e-01 4.8492787341e-01
   endloop
 endfacet
 facet normal  7.6481551812e-03 -2.5970078544e-02 9.9963346320e-01
   outer loop
     vertex 6.9999764812e+00 -3.4249126043e-01 4.8492787341e-01
     vertex 7.5000000000e+00 -3.4276164133e-01 4.8109518931e-01
     vertex 7.5000000000e+00 0.0000000000e+00 4.9000000000e-01
   endloop
 endfacet
 facet normal  7.2771108181e-03 -2.5428615813e-02 9.9965015338e-01
   outer loop
     vertex 6.9999764812e+00 -3.4249126043e-01 4.8492787341e-01
     vertex 7.5000000000e+00 0.0000000000e+00 4.9000000000e-01
     vertex 6.9999764812e+00 0.0000000000e+00 4.9364000000e-01
   endloop
 endfacet
 facet normal  7.2771108181e-03 2.5428615813e-02 9.9965015338e-01
   outer loop
     vertex 6.9999764812e+00 0.0000000000e+00 4.9364000000e-01
     vertex 7.5000000000e+00 0.0000000000e+00 4.9000000000e-01
     vertex 6.9999764812e+00 3.4249126043e-01 4.8492787341e-01
   endloop
 endfacet
 facet normal  7.6481551812e-03 2.5970078544e-02 9.9963346320e-01
   outer loop
     vertex 7.5000000000e+00 0.0000000000e+00 4.9000000000e-01
     vertex 7.5000000000e+00 3.4276164133e-01 4.8109518931e-01
     vertex 6.9999764812e+00 3.4249126043e-01 4.8492787341e-01
   endloop
 endfacet
 facet normal  6.1926644654e-03 5.3382409269e-01 8.4557287621e-01
   outer loop
     vertex 6.9999764812e+00 3.4249126043e-01 4.8492787341e-01
     vertex 7.5000000000e+00 3.4276164133e-01 4.8109518931e-01
     vertex 6.9999764812e+00 5.6215160440e-01 3.4625267803e-01
   endloop
 endfacet
 facet normal  7.4865460641e-03 5.3594237802e-01 8.4422136852e-01
   outer loop
     vertex 7.5000000000e+00 3.4276164133e-01 4.8109518931e-01
     vertex 7.5000000000e+00 5.6209332342e-01 3.4185547369e-01
     vertex 6.9999764812e+00 5.6215160440e-01 3.4625267803e-01
   endloop
 endfacet
 facet normal  3.7071371233e-03 9.1231997119e-01 4.0946126472e-01
   outer loop
     vertex 6.9999764812e+00 5.6215160440e-01 3.4625267803e-01
     vertex 7.5000000000e+00 5.6209332342e-01 3.4185547369e-01
     vertex 6.9999764812e+00 6.3515555778e-01 1.8359268946e-01
   endloop
 endfacet
 facet normal  3.8992485103e-03 9.1254482900e-01 4.0895810412e-01
   outer loop
     vertex 7.5000000000e+00 5.6209332342e-01 3.4185547369e-01
     vertex 7.5000000000e+00 6.3439618791e-01 1.8051961936e-01
     vertex 6.9999764812e+00 6.3515555778e-01 1.8359268946e-01
   endloop
 endfacet
 facet normal  1.1769062435e-03 9.9847289730e-01 -5.5231225307e-02
   outer loop
     vertex 6.9999764812e+00 6.3515555778e-01 1.8359268946e-01
     vertex 7.5000000000e+00 6.3439618791e-01 1.8051961936e-01
     vertex 6.9999764812e+00 6.2500000000e-01 0.0000000000e+00
   endloop
 endfacet
 facet normal  0.0000000000e+00 9.9864810427e-01 -5.1980417857e-02
   outer loop
     vertex 7.5000000000e+00 6.3439618791e-01 1.8051961936e-01
     vertex 7.5000000000e+00 6.2500000000e-01 0.0000000000e+00
     vertex 6.9999764812e+00 6.2500000000e-01 0.0000000000e+00
   endloop
 endfacet
 facet normal  3.8202517329e-02 9.6333055875e-01 -2.6558388930e-01
   outer loop
     vertex 7.5000000000e+00 6.2500000000e-01 0.0000000000e+00
     vertex 8.0362992193e+00 6.0373213921e-01 0.0000000000e+00
     vertex 8.0344505439e+00 5.4198377042e-01 -2.2424069028e-01
   endloop
 endfacet
 facet normal  4.0292096079e-02 9.6448878831e-01 -2.6103241987e-01
   outer loop
     vertex 7.5000000000e+00 6.2500000000e-01 0.0000000000e+00
     vertex 8.0344505439e+00 5.4198377042e-01 -2.2424069028e-01
     vertex 7.5000000000e+00 5.6027886375e-01 -2.3913815117e-01
   endloop
 endfacet
 facet normal  4.4070663330e-02 7.9794776485e-01 -6.0111325156e-01
   outer loop
     vertex 7.5000000000e+00 5.6027886375e-01 -2.3913815117e-01
     vertex 8.0344505439e+00 5.4198377042e-01 -2.2424069028e-01
     vertex 8.0303834583e+00 4.1960449075e-01 -3.8699123951e-01
   endloop
 endfacet
 facet normal  4.9775478798e-02 8.0665052744e-01 -5.8892896710e-01
   outer loop
     vertex 7.5000000000e+00 5.6027886375e-01 -2.3913815117e-01
     vertex 8.0303834583e+00 4.1960449075e-01 -3.8699123951e-01
     vertex 7.5000000000e+00 4.3475295205e-01 -4.1106982466e-01
   endloop
 endfacet
 facet normal  5.2683269480e-02 3.7065613320e-01 -9.2727477267e-01
   outer loop
     vertex 7.5000000000e+00 4.3475295205e-01 -4.1106982466e-01
     vertex 8.0303834583e+00 4.1960449075e-01 -3.8699123951e-01
     vertex 8.0263163726e+00 2.3222093793e-01 -4.6212444979e-01
   endloop
 endfacet
 facet normal  5.2053428314e-02 3.6917703197e-01 -9.2790018842e-01
   outer loop
     vertex 7.5000000000e+00 4.3475295205e-01 -4.1106982466e-01
     vertex 8.0263163726e+00 2.3222093793e-01 -4.6212444979e-01
     vertex 7.5000000000e+00 2.4125339628e-01 -4.8805611325e-01
   endloop
 endfacet
 facet normal  4.9496510033e-02 1.7133293117e-02 -9.9862733077e-01
   outer loop
     vertex 7.5000000000e+00 2.4125339628e-01 -4.8805611325e-01
     vertex 8.0263163726e+00 2.3222093793e-01 -4.6212444979e-01
     vertex 8.0244676973e+00 -8.8817841970e-18 -4.6620025690e-01
   endloop
 endfacet
 facet normal  4.5330734682e-02 8.0489041848e-03 -9.9893960760e-01
   outer loop
     vertex 7.5000000000e+00 2.4125339628e-01 -4.8805611325e-01
     vertex 8.0244676973e+00 -8.8817841970e-18 -4.6620025690e-01
     vertex 7.5000000000e+00 0.0000000000e+00 -4.9000000000e-01
   endloop
 endfacet
 facet normal  4.5330734682e-02 -8.0489041848e-03 -9.9893960760e-01
   outer loop
     vertex 7.5000000000e+00 0.0000000000e+00 -4.9000000000e-01
     vertex 8.0244676973e+00 -8.8817841970e-18 -4.6620025690e-01
     vertex 7.5000000000e+00 -2.4125339628e-01 -4.8805611325e-01
   endloop
 endfacet
 facet normal  4.9496510033e-02 -1.7133293117e-02 -9.9862733077e-01
   outer loop
     vertex 8.0244676973e+00 -8.8817841970e-18 -4.6620025690e-01
     vertex 8.0263163726e+00 -2.3222093793e-01 -4.6212444979e-01
     vertex 7.5000000000e+00 -2.4125339628e-01 -4.8805611325e-01
   endloop
 endfacet
 facet normal  5.2053428314e-02 -3.6917703197e-01 -9.2790018842e-01
   outer loop
     vertex 7.5000000000e+00 -2.4125339628e-01 -4.8805611325e-01
     vertex 8.0263163726e+00 -2.3222093793e-01 -4.6212444979e-01
     vertex 7.5000000000e+00 -4.3475295205e-01 -4.1106982466e-01
   endloop
 endfacet
 facet normal  5.2683269480e-02 -3.7065613320e-01 -9.2727477267e-01
   outer loop
     vertex 8.0263163726e+00 -2.3222093793e-01 -4.6212444979e-01
     vertex 8.0303834583e+00 -4.1960449075e-01 -3.8699123951e-01
     vertex 7.5000000000e+00 -4.3475295205e-01 -4.1106982466e-01
   endloop
 endfacet
 facet normal  4.9775478798e-02 -8.0665052744e-01 -5.8892896710e-01
   outer loop
     vertex 7.5000000000e+00 -4.3475295205e-01 -4.1106982466e-01
     vertex 8.0303834583e+00 -4.1960449075e-01 -3.8699123951e-01
     vertex 7.5000000000e+00 -5.6027886375e-01 -2.3913815117e-01
   endloop
 endfacet
 facet normal  4.4070663330e-02 -7.9794776485e-01 -6.0111325156e-01
   outer loop
     vertex 8.0303834583e+00 -4.1960449075e-01 -3.8699123951e-01
     vertex 8.0344505439e+00 -5.4198377042e-01 -2.2424069028e-01
     vertex 7.5000000000e+00 -5.6027886375e-01 -2.3913815117e-01
   endloop
 endfacet
 facet normal  4.0292096079e-02 -9.6448878831e-01 -2.6103241987e-01
   outer loop
     vertex 7.5000000000e+00 -5.6027886375e-01 -2.3913815117e-01
     vertex 8.0344505439e+00 -5.4198377042e-01 -2.2424069028e-01
     vertex 7.5000000000e+00 -6.2500000000e-01 0.0000000000e+00
   endloop
 endfacet
 facet normal  3.8202517329e-02 -9.6333055875e-01 -2.6558388930e-01
   outer loop
     vertex 8.0344505439e+00 -5.4198377042e-01 -2.2424069028e-01
     vertex 8.0362992193e+00 -6.0373213921e-01 -5.3290705182e-18
     vertex 7.5000000000e+00 -6.2500000000e-01 0.0000000000e+00
   endloop
 endfacet
 facet normal  3.9611449834e-02 -9.9885878654e-01 -2.6684407395e-02
   outer loop
     vertex 7.5000000000e+00 -6.2500000000e-01 0.0000000000e+00
     vertex 8.0362992193e+00 -6.0373213921e-01 -5.3290705182e-18
     vertex 8.0344505439e+00 -6.0839289287e-01 1.7171848578e-01
   endloop
 endfacet
 facet normal  4.7678205099e-02 -9.9751238942e-01 -5.1921303007e-02
   outer loop
     vertex 7.5000000000e+00 -6.2500000000e-01 0.0000000000e+00
     vertex 8.0344505439e+00 -6.0839289287e-01 1.7171848578e-01
     vertex 7.5000000000e+00 -6.3439618791e-01 1.8051961936e-01
   endloop
 endfacet
 facet normal  5.0877118771e-02 -8.9722883552e-01 4.3862505115e-01
   outer loop
     vertex 7.5000000000e+00 -6.3439618791e-01 1.8051961936e-01
     vertex 8.0344505439e+00 -6.0839289287e-01 1.7171848578e-01
     vertex 8.0303834583e+00 -5.3370146349e-01 3.2497518105e-01
   endloop
 endfacet
 facet normal  6.1747428072e-02 -9.1081044138e-01 4.0818083614e-01
   outer loop
     vertex 7.5000000000e+00 -6.3439618791e-01 1.8051961936e-01
     vertex 8.0303834583e+00 -5.3370146349e-01 3.2497518105e-01
     vertex 7.5000000000e+00 -5.6209332342e-01 3.4185547369e-01
   endloop
 endfacet
 facet normal  5.5184575051e-02 -5.2648499371e-01 8.4839154527e-01
   outer loop
     vertex 7.5000000000e+00 -5.6209332342e-01 3.4185547369e-01
     vertex 8.0303834583e+00 -5.3370146349e-01 3.2497518105e-01
     vertex 8.0263163726e+00 -3.2317232550e-01 4.5588746194e-01
   endloop
 endfacet
 facet normal  6.0273172797e-02 -5.3498298436e-01 8.4271012281e-01
   outer loop
     vertex 7.5000000000e+00 -5.6209332342e-01 3.4185547369e-01
     vertex 8.0263163726e+00 -3.2317232550e-01 4.5588746194e-01
     vertex 7.5000000000e+00 -3.4276164133e-01 4.8109518931e-01
   endloop
 endfacet
 facet normal  4.8988483977e-02 -3.1576652421e-02 9.9830007686e-01
   outer loop
     vertex 7.5000000000e+00 -3.4276164133e-01 4.8109518931e-01
     vertex 8.0263163726e+00 -3.2317232550e-01 4.5588746194e-01
     vertex 8.0244676973e+00 -4.8849813084e-18 4.6620025690e-01
   endloop
 endfacet
 facet normal  4.5316944021e-02 -2.5944157236e-02 9.9863570700e-01
   outer loop
     vertex 7.5000000000e+00 -3.4276164133e-01 4.8109518931e-01
     vertex 8.0244676973e+00 -4.8849813084e-18 4.6620025690e-01
     vertex 7.5000000000e+00 0.0000000000e+00 4.9000000000e-01
   endloop
 endfacet
 facet normal  4.5316944021e-02 2.5944157236e-02 9.9863570700e-01
   outer loop
     vertex 7.5000000000e+00 0.0000000000e+00 4.9000000000e-01
     vertex 8.0244676973e+00 -4.8849813084e-18 4.6620025690e-01
     vertex 7.5000000000e+00 3.4276164133e-01 4.8109518931e-01
   endloop
 endfacet
 facet normal  4.8988483977e-02 3.1576652421e-02 9.9830007686e-01
   outer loop
     vertex 8.0244676973e+00 -4.8849813084e-18 4.6620025690e-01
     vertex 8.0263163726e+00 3.2317232550e-01 4.5588746194e-01
     vertex 7.5000000000e+00 3.4276164133e-01 4.8109518931e-01
   endloop
 endfacet
 facet normal  6.0273172797e-02 5.3498298436e-01 8.4271012281e-01
   outer loop
     vertex 7.5000000000e+00 3.4276164133e-01 4.8109518931e-01
     vertex 8.0263163726e+00 3.2317232550e-01 4.5588746194e-01
     vertex 7.5000000000e+00 5.6209332342e-01 3.4185547369e-01
   endloop
 endfacet
 facet normal  5.5184575051e-02 5.2648499371e-01 8.4839154527e-01
   outer loop
     vertex 8.0263163726e+00 3.2317232550e-01 4.5588746194e-01
     vertex 8.0303834583e+00 5.3370146349e-01 3.2497518105e-01
     vertex 7.5000000000e+00 5.6209332342e-01 3.4185547369e-01
   endloop
 endfacet
 facet normal  6.1747428072e-02 9.1081044138e-01 4.0818083614e-01
   outer loop
     vertex 7.5000000000e+00 5.6209332342e-01 3.4185547369e-01
     vertex 8.0303834583e+00 5.3370146349e-01 3.2497518105e-01
     vertex 7.5000000000e+00 6.3439618791e-01 1.8051961936e-01
   endloop
 endfacet
 facet normal  5.0877118771e-02 8.9722883552e-01 4.3862505115e-01
   outer loop
     vertex 8.0303834583e+00 5.3370146349e-01 3.2497518105e-01
     vertex 8.0344505439e+00 6.0839289287e-01 1.7171848578e-01
     vertex 7.5000000000e+00 6.3439618791e-01 1.8051961936e-01
   endloop
 endfacet
 facet normal  4.7678205099e-02 9.9751238942e-01 -5.1921303007e-02
   outer loop
     vertex 7.5000000000e+00 6.3439618791e-01 1.8051961936e-01
     vertex 8.0344505439e+00 6.0839289287e-01 1.7171848578e-01
     vertex 7.5000000000e+00 6.2500000000e-01 0.0000000000e+00
   endloop
 endfacet
 facet normal  3.9611449834e-02 9.9885878654e-01 -2.6684407395e-02
   outer loop
     vertex 8.0344505439e+00 6.0839289287e-01 1.7171848578e-01
     vertex 8.0362992193e+00 6.0373213921e-01 0.0000000000e+00
     vertex 7.5000000000e+00 6.2500000000e-01 0.0000000000e+00
   endloop
 endfacet
 facet normal  1.1252960425e-01 9.5397898709e-01 -2.7795895443e-01
   outer loop
     vertex 8.0362992193e+00 6.0373213921e-01 0.0000000000e+00
     vertex 8.6088388606e+00 5.3619641763e-01 0.0000000000e+00
     vertex 8.6032928347e+00 4.8298242920e-01 -1.8488024245e-01
   endloop
 endfacet
 facet normal  1.1758509617e-01 9.5717820792e-01 -2.6454418052e-01
   outer loop
     vertex 8.0362992193e+00 6.0373213921e-01 0.0000000000e+00
     vertex 8.6032928347e+00 4.8298242920e-01 -1.8488024245e-01
     vertex 8.0344505439e+00 5.4198377042e-01 -2.2424069028e-01
   endloop
 endfacet
 facet normal  1.2312104653e-01 7.6665853587e-01 -6.3013958556e-01
   outer loop
     vertex 8.0344505439e+00 5.4198377042e-01 -2.2424069028e-01
     vertex 8.6032928347e+00 4.8298242920e-01 -1.8488024245e-01
     vertex 8.5910915777e+00 3.7191745005e-01 -3.2239127623e-01
   endloop
 endfacet
 facet normal  1.3605113093e-01 7.9018592439e-01 -5.9757534643e-01
   outer loop
     vertex 8.0344505439e+00 5.4198377042e-01 -2.2424069028e-01
     vertex 8.5910915777e+00 3.7191745005e-01 -3.2239127623e-01
     vertex 8.0303834583e+00 4.1960449075e-01 -3.8699123951e-01
   endloop
 endfacet
 facet normal  1.3716673008e-01 3.6581679325e-01 -9.2052341737e-01
   outer loop
     vertex 8.0303834583e+00 4.1960449075e-01 -3.8699123951e-01
     vertex 8.5910915777e+00 3.7191745005e-01 -3.2239127623e-01
     vertex 8.5788903206e+00 2.0450588539e-01 -3.9073887835e-01
   endloop
 endfacet
 facet normal  1.3726579259e-01 3.6606741192e-01 -9.2040901349e-01
   outer loop
     vertex 8.0303834583e+00 4.1960449075e-01 -3.8699123951e-01
     vertex 8.5788903206e+00 2.0450588539e-01 -3.9073887835e-01
     vertex 8.0263163726e+00 2.3222093793e-01 -4.6212444979e-01
   endloop
 endfacet
 facet normal  1.2983811512e-01 3.6509054429e-02 -9.9086283249e-01
   outer loop
     vertex 8.0263163726e+00 2.3222093793e-01 -4.6212444979e-01
     vertex 8.5788903206e+00 2.0450588539e-01 -3.9073887835e-01
     vertex 8.5733442947e+00 -2.6645352591e-17 -3.9900077070e-01
   endloop
 endfacet
 facet normal  1.2150711732e-01 1.6451680705e-02 -9.9245421186e-01
   outer loop
     vertex 8.0263163726e+00 2.3222093793e-01 -4.6212444979e-01
     vertex 8.5733442947e+00 -2.6645352591e-17 -3.9900077070e-01
     vertex 8.0244676973e+00 -8.8817841970e-18 -4.6620025690e-01
   endloop
 endfacet
 facet normal  1.2150711732e-01 -1.6451680705e-02 -9.9245421186e-01
   outer loop
     vertex 8.0244676973e+00 -8.8817841970e-18 -4.6620025690e-01
     vertex 8.5733442947e+00 -2.6645352591e-17 -3.9900077070e-01
     vertex 8.0263163726e+00 -2.3222093793e-01 -4.6212444979e-01
   endloop
 endfacet
 facet normal  1.2983811512e-01 -3.6509054429e-02 -9.9086283249e-01
   outer loop
     vertex 8.5733442947e+00 -2.6645352591e-17 -3.9900077070e-01
     vertex 8.5788903206e+00 -2.0450588539e-01 -3.9073887835e-01
     vertex 8.0263163726e+00 -2.3222093793e-01 -4.6212444979e-01
   endloop
 endfacet
 facet normal  1.3726579259e-01 -3.6606741192e-01 -9.2040901349e-01
   outer loop
     vertex 8.0263163726e+00 -2.3222093793e-01 -4.6212444979e-01
     vertex 8.5788903206e+00 -2.0450588539e-01 -3.9073887835e-01
     vertex 8.0303834583e+00 -4.1960449075e-01 -3.8699123951e-01
   endloop
 endfacet
 facet normal  1.3716673008e-01 -3.6581679325e-01 -9.2052341737e-01
   outer loop
     vertex 8.5788903206e+00 -2.0450588539e-01 -3.9073887835e-01
     vertex 8.5910915777e+00 -3.7191745005e-01 -3.2239127623e-01
     vertex 8.0303834583e+00 -4.1960449075e-01 -3.8699123951e-01
   endloop
 endfacet
 facet normal  1.3605113093e-01 -7.9018592439e-01 -5.9757534643e-01
   outer loop
     vertex 8.0303834583e+00 -4.1960449075e-01 -3.8699123951e-01
     vertex 8.5910915777e+00 -3.7191745005e-01 -3.2239127623e-01
     vertex 8.0344505439e+00 -5.4198377042e-01 -2.2424069028e-01
   endloop
 endfacet
 facet normal  1.2312104653e-01 -7.6665853587e-01 -6.3013958556e-01
   outer loop
     vertex 8.5910915777e+00 -3.7191745005e-01 -3.2239127623e-01
     vertex 8.6032928347e+00 -4.8298242920e-01 -1.8488024245e-01
     vertex 8.0344505439e+00 -5.4198377042e-01 -2.2424069028e-01
   endloop
 endfacet
 facet normal  1.1758509617e-01 -9.5717820792e-01 -2.6454418052e-01
   outer loop
     vertex 8.0344505439e+00 -5.4198377042e-01 -2.2424069028e-01
     vertex 8.6032928347e+00 -4.8298242920e-01 -1.8488024245e-01
     vertex 8.0362992193e+00 -6.0373213921e-01 -5.3290705182e-18
   endloop
 endfacet
 facet normal  1.1252960425e-01 -9.5397898709e-01 -2.7795895443e-01
   outer loop
     vertex 8.6032928347e+00 -4.8298242920e-01 -1.8488024245e-01
     vertex 8.6088388606e+00 -5.3619641763e-01 -1.5987211555e-17
     vertex 8.0362992193e+00 -6.0373213921e-01 -5.3290705182e-18
   endloop
 endfacet
 facet normal  1.1705477587e-01 -9.9234150216e-01 3.9452788710e-02
   outer loop
     vertex 8.0362992193e+00 -6.0373213921e-01 -5.3290705182e-18
     vertex 8.6088388606e+00 -5.3619641763e-01 -1.5987211555e-17
     vertex 8.6032928347e+00 -5.3101045526e-01 1.4689543384e-01
   endloop
 endfacet
 facet normal  1.3365929647e-01 -9.9070049228e-01 -2.5450482399e-02
   outer loop
     vertex 8.0362992193e+00 -6.0373213921e-01 -5.3290705182e-18
     vertex 8.6032928347e+00 -5.3101045526e-01 1.4689543384e-01
     vertex 8.0344505439e+00 -6.0839289287e-01 1.7171848578e-01
   endloop
 endfacet
 facet normal  1.3774377348e-01 -8.4883317181e-01 5.1040072423e-01
   outer loop
     vertex 8.0344505439e+00 -6.0839289287e-01 1.7171848578e-01
     vertex 8.6032928347e+00 -5.3101045526e-01 1.4689543384e-01
     vertex 8.5910915777e+00 -4.5443401070e-01 2.7754037681e-01
   endloop
 endfacet
 facet normal  1.6202819355e-01 -8.8534693655e-01 4.3578396762e-01
   outer loop
     vertex 8.0344505439e+00 -6.0839289287e-01 1.7171848578e-01
     vertex 8.5910915777e+00 -4.5443401070e-01 2.7754037681e-01
     vertex 8.0303834583e+00 -5.3370146349e-01 3.2497518105e-01
   endloop
 endfacet
 facet normal  1.4258700916e-01 -4.9606654246e-01 8.5649689449e-01
   outer loop
     vertex 8.0303834583e+00 -5.3370146349e-01 3.2497518105e-01
     vertex 8.5910915777e+00 -4.5443401070e-01 2.7754037681e-01
     vertex 8.5788903206e+00 -2.7028322818e-01 3.8622819964e-01
   endloop
 endfacet
 facet normal  1.5563800746e-01 -5.1945382859e-01 8.4020505271e-01
   outer loop
     vertex 8.0303834583e+00 -5.3370146349e-01 3.2497518105e-01
     vertex 8.5788903206e+00 -2.7028322818e-01 3.8622819964e-01
     vertex 8.0263163726e+00 -3.2317232550e-01 4.5588746194e-01
   endloop
 endfacet
 facet normal  1.2911126612e-01 -4.4164943695e-02 9.9064612184e-01
   outer loop
     vertex 8.0263163726e+00 -3.2317232550e-01 4.5588746194e-01
     vertex 8.5788903206e+00 -2.7028322818e-01 3.8622819964e-01
     vertex 8.5733442947e+00 -1.4654943925e-17 3.9900077070e-01
   endloop
 endfacet
 facet normal  1.2146529130e-01 -3.0964606060e-02 9.9211258241e-01
   outer loop
     vertex 8.0263163726e+00 -3.2317232550e-01 4.5588746194e-01
     vertex 8.5733442947e+00 -1.4654943925e-17 3.9900077070e-01
     vertex 8.0244676973e+00 -4.8849813084e-18 4.6620025690e-01
   endloop
 endfacet
 facet normal  1.2146529130e-01 3.0964606060e-02 9.9211258241e-01
   outer loop
     vertex 8.0244676973e+00 -4.8849813084e-18 4.6620025690e-01
     vertex 8.5733442947e+00 -1.4654943925e-17 3.9900077070e-01
     vertex 8.0263163726e+00 3.2317232550e-01 4.5588746194e-01
   endloop
 endfacet
 facet normal  1.2911126612e-01 4.4164943695e-02 9.9064612184e-01
   outer loop
     vertex 8.5733442947e+00 -1.4654943925e-17 3.9900077070e-01
     vertex 8.5788903206e+00 2.7028322818e-01 3.8622819964e-01
     vertex 8.0263163726e+00 3.2317232550e-01 4.5588746194e-01
   endloop
 endfacet
 facet normal  1.5563800746e-01 5.1945382859e-01 8.4020505271e-01
   outer loop
     vertex 8.0263163726e+00 3.2317232550e-01 4.5588746194e-01
     vertex 8.5788903206e+00 2.7028322818e-01 3.8622819964e-01
     vertex 8.0303834583e+00 5.3370146349e-01 3.2497518105e-01
   endloop
 endfacet
 facet normal  1.4258700916e-01 4.9606654246e-01 8.5649689449e-01
   outer loop
     vertex 8.5788903206e+00 2.7028322818e-01 3.8622819964e-01
     vertex 8.5910915777e+00 4.5443401070e-01 2.7754037681e-01
     vertex 8.0303834583e+00 5.3370146349e-01 3.2497518105e-01
   endloop
 endfacet
 facet normal  1.6202819355e-01 8.8534693655e-01 4.3578396762e-01
   outer loop
     vertex 8.0303834583e+00 5.3370146349e-01 3.2497518105e-01
     vertex 8.5910915777e+00 4.5443401070e-01 2.7754037681e-01
     vertex 8.0344505439e+00 6.0839289287e-01 1.7171848578e-01
   endloop
 endfacet
 facet normal  1.3774377348e-01 8.4883317181e-01 5.1040072423e-01
   outer loop
     vertex 8.5910915777e+00 4.5443401070e-01 2.7754037681e-01
     vertex 8.6032928347e+00 5.3101045526e-01 1.4689543384e-01
     vertex 8.0344505439e+00 6.0839289287e-01 1.7171848578e-01
   endloop
 endfacet
 facet normal  1.3365929647e-01 9.9070049228e-01 -2.5450482399e-02
   outer loop
     vertex 8.0344505439e+00 6.0839289287e-01 1.7171848578e-01
     vertex 8.6032928347e+00 5.3101045526e-01 1.4689543384e-01
     vertex 8.0362992193e+00 6.0373213921e-01 0.0000000000e+00
   endloop
 endfacet
 facet normal  1.1705477587e-01 9.9234150216e-01 3.9452788710e-02
   outer loop
     vertex 8.6032928347e+00 5.3101045526e-01 1.4689543384e-01
     vertex 8.6088388606e+00 5.3619641763e-01 0.0000000000e+00
     vertex 8.0362992193e+00 6.0373213921e-01 0.0000000000e+00
   endloop
 endfacet
 facet normal  2.0086262956e-01 9.3261783160e-01 -2.9979690498e-01
   outer loop
     vertex 8.6088388606e+00 5.3619641763e-01 0.0000000000e+00
     vertex 9.1632288924e+00 4.1679462645e-01 0.0000000000e+00
     vertex 9.1549098535e+00 3.7710074828e-01 -1.2905470995e-01
   endloop
 endfacet
 facet normal  2.0806339964e-01 9.3827763244e-01 -2.7630545813e-01
   outer loop
     vertex 8.6088388606e+00 5.3619641763e-01 0.0000000000e+00
     vertex 9.1549098535e+00 3.7710074828e-01 -1.2905470995e-01
     vertex 8.6032928347e+00 4.8298242920e-01 -1.8488024245e-01
   endloop
 endfacet
 facet normal  2.0464346898e-01 7.1198314694e-01 -6.7171500584e-01
   outer loop
     vertex 8.6032928347e+00 4.8298242920e-01 -1.8488024245e-01
     vertex 9.1549098535e+00 3.7710074828e-01 -1.2905470995e-01
     vertex 9.1366079679e+00 2.8832934481e-01 -2.2872362306e-01
   endloop
 endfacet
 facet normal  2.2196914415e-01 7.4881799373e-01 -6.2450084973e-01
   outer loop
     vertex 8.6032928347e+00 4.8298242920e-01 -1.8488024245e-01
     vertex 9.1366079679e+00 2.8832934481e-01 -2.2872362306e-01
     vertex 8.5910915777e+00 3.7191745005e-01 -3.2239127623e-01
   endloop
 endfacet
 facet normal  2.1050737363e-01 3.5169076454e-01 -9.1214047810e-01
   outer loop
     vertex 8.5910915777e+00 3.7191745005e-01 -3.2239127623e-01
     vertex 9.1366079679e+00 2.8832934481e-01 -2.2872362306e-01
     vertex 9.1183060824e+00 1.5718172239e-01 -2.8351352731e-01
   endloop
 endfacet
 facet normal  2.1214124249e-01 3.5607943765e-01 -9.1005688136e-01
   outer loop
     vertex 8.5910915777e+00 3.7191745005e-01 -3.2239127623e-01
     vertex 9.1183060824e+00 1.5718172239e-01 -2.8351352731e-01
     vertex 8.5788903206e+00 2.0450588539e-01 -3.9073887835e-01
   endloop
 endfacet
 facet normal  1.9960707505e-01 5.9052822958e-02 -9.7809497478e-01
   outer loop
     vertex 8.5788903206e+00 2.0450588539e-01 -3.9073887835e-01
     vertex 9.1183060824e+00 1.5718172239e-01 -2.8351352731e-01
     vertex 9.1099870435e+00 -3.9968028887e-17 -2.9470115604e-01
   endloop
 endfacet
 facet normal  1.9067245367e-01 3.4462790324e-02 -9.8104858773e-01
   outer loop
     vertex 8.5788903206e+00 2.0450588539e-01 -3.9073887835e-01
     vertex 9.1099870435e+00 -3.9968028887e-17 -2.9470115604e-01
     vertex 8.5733442947e+00 -2.6645352591e-17 -3.9900077070e-01
   endloop
 endfacet
 facet normal  1.9067245367e-01 -3.4462790324e-02 -9.8104858773e-01
   outer loop
     vertex 8.5733442947e+00 -2.6645352591e-17 -3.9900077070e-01
     vertex 9.1099870435e+00 -3.9968028887e-17 -2.9470115604e-01
     vertex 8.5788903206e+00 -2.0450588539e-01 -3.9073887835e-01
   endloop
 endfacet
 facet normal  1.9960707505e-01 -5.9052822958e-02 -9.7809497478e-01
   outer loop
     vertex 9.1099870435e+00 -3.9968028887e-17 -2.9470115604e-01
     vertex 9.1183060824e+00 -1.5718172239e-01 -2.8351352731e-01
     vertex 8.5788903206e+00 -2.0450588539e-01 -3.9073887835e-01
   endloop
 endfacet
 facet normal  2.1214124249e-01 -3.5607943765e-01 -9.1005688136e-01
   outer loop
     vertex 8.5788903206e+00 -2.0450588539e-01 -3.9073887835e-01
     vertex 9.1183060824e+00 -1.5718172239e-01 -2.8351352731e-01
     vertex 8.5910915777e+00 -3.7191745005e-01 -3.2239127623e-01
   endloop
 endfacet
 facet normal  2.1050737363e-01 -3.5169076454e-01 -9.1214047810e-01
   outer loop
     vertex 9.1183060824e+00 -1.5718172239e-01 -2.8351352731e-01
     vertex 9.1366079679e+00 -2.8832934481e-01 -2.2872362306e-01
     vertex 8.5910915777e+00 -3.7191745005e-01 -3.2239127623e-01
   endloop
 endfacet
 facet normal  2.2196914415e-01 -7.4881799373e-01 -6.2450084973e-01
   outer loop
     vertex 8.5910915777e+00 -3.7191745005e-01 -3.2239127623e-01
     vertex 9.1366079679e+00 -2.8832934481e-01 -2.2872362306e-01
     vertex 8.6032928347e+00 -4.8298242920e-01 -1.8488024245e-01
   endloop
 endfacet
 facet normal  2.0464346898e-01 -7.1198314694e-01 -6.7171500584e-01
   outer loop
     vertex 9.1366079679e+00 -2.8832934481e-01 -2.2872362306e-01
     vertex 9.1549098535e+00 -3.7710074828e-01 -1.2905470995e-01
     vertex 8.6032928347e+00 -4.8298242920e-01 -1.8488024245e-01
   endloop
 endfacet
 facet normal  2.0806339964e-01 -9.3827763244e-01 -2.7630545813e-01
   outer loop
     vertex 8.6032928347e+00 -4.8298242920e-01 -1.8488024245e-01
     vertex 9.1549098535e+00 -3.7710074828e-01 -1.2905470995e-01
     vertex 8.6088388606e+00 -5.3619641763e-01 -1.5987211555e-17
   endloop
 endfacet
 facet normal  2.0086262956e-01 -9.3261783160e-01 -2.9979690498e-01
   outer loop
     vertex 9.1549098535e+00 -3.7710074828e-01 -1.2905470995e-01
     vertex 9.1632288924e+00 -4.1679462645e-01 -2.3980817332e-17
     vertex 8.6088388606e+00 -5.3619641763e-01 -1.5987211555e-17
   endloop
 endfacet
 facet normal  2.0854724623e-01 -9.6829799047e-01 1.3750290085e-01
   outer loop
     vertex 8.6088388606e+00 -5.3619641763e-01 -1.5987211555e-17
     vertex 9.1632288924e+00 -4.1679462645e-01 -2.3980817332e-17
     vertex 9.1549098535e+00 -4.0319004639e-01 1.0842098675e-01
   endloop
 endfacet
 facet normal  2.2837264368e-01 -9.7262552594e-01 4.2959538083e-02
   outer loop
     vertex 8.6088388606e+00 -5.3619641763e-01 -1.5987211555e-17
     vertex 9.1549098535e+00 -4.0319004639e-01 1.0842098675e-01
     vertex 8.6032928347e+00 -5.3101045526e-01 1.4689543384e-01
   endloop
 endfacet
 facet normal  2.1984186557e-01 -7.6747519930e-01 6.0220542392e-01
   outer loop
     vertex 8.6032928347e+00 -5.3101045526e-01 1.4689543384e-01
     vertex 9.1549098535e+00 -4.0319004639e-01 1.0842098675e-01
     vertex 9.1366079679e+00 -3.3315315553e-01 2.0436017152e-01
   endloop
 endfacet
 facet normal  2.5131777424e-01 -8.2461083902e-01 5.0680996490e-01
   outer loop
     vertex 8.6032928347e+00 -5.3101045526e-01 1.4689543384e-01
     vertex 9.1366079679e+00 -3.3315315553e-01 2.0436017152e-01
     vertex 8.5910915777e+00 -4.5443401070e-01 2.7754037681e-01
   endloop
 endfacet
 facet normal  2.1579235799e-01 -4.4672312997e-01 8.6825808570e-01
   outer loop
     vertex 8.5910915777e+00 -4.5443401070e-01 2.7754037681e-01
     vertex 9.1366079679e+00 -3.3315315553e-01 2.0436017152e-01
     vertex 9.1183060824e+00 -1.9291262465e-01 2.8106328208e-01
   endloop
 endfacet
 facet normal  2.3378258606e-01 -4.8266414555e-01 8.4402667319e-01
   outer loop
     vertex 8.5910915777e+00 -4.5443401070e-01 2.7754037681e-01
     vertex 9.1183060824e+00 -1.9291262465e-01 2.8106328208e-01
     vertex 8.5788903206e+00 -2.7028322818e-01 3.8622819964e-01
   endloop
 endfacet
 facet normal  1.9936625387e-01 -6.0545676988e-02 9.7805281954e-01
   outer loop
     vertex 8.5788903206e+00 -2.7028322818e-01 3.8622819964e-01
     vertex 9.1183060824e+00 -1.9291262465e-01 2.8106328208e-01
     vertex 9.1099870435e+00 -2.1982415888e-17 2.9470115604e-01
   endloop
 endfacet
 facet normal  1.9061392832e-01 -4.2435177898e-02 9.8074746291e-01
   outer loop
     vertex 8.5788903206e+00 -2.7028322818e-01 3.8622819964e-01
     vertex 9.1099870435e+00 -2.1982415888e-17 2.9470115604e-01
     vertex 8.5733442947e+00 -1.4654943925e-17 3.9900077070e-01
   endloop
 endfacet
 facet normal  1.9061392832e-01 4.2435177898e-02 9.8074746291e-01
   outer loop
     vertex 8.5733442947e+00 -1.4654943925e-17 3.9900077070e-01
     vertex 9.1099870435e+00 -2.1982415888e-17 2.9470115604e-01
     vertex 8.5788903206e+00 2.7028322818e-01 3.8622819964e-01
   endloop
 endfacet
 facet normal  1.9936625387e-01 6.0545676988e-02 9.7805281954e-01
   outer loop
     vertex 9.1099870435e+00 -2.1982415888e-17 2.9470115604e-01
     vertex 9.1183060824e+00 1.9291262465e-01 2.8106328208e-01
     vertex 8.5788903206e+00 2.7028322818e-01 3.8622819964e-01
   endloop
 endfacet
 facet normal  2.3378258606e-01 4.8266414555e-01 8.4402667319e-01
   outer loop
     vertex 8.5788903206e+00 2.7028322818e-01 3.8622819964e-01
     vertex 9.1183060824e+00 1.9291262465e-01 2.8106328208e-01
     vertex 8.5910915777e+00 4.5443401070e-01 2.7754037681e-01
   endloop
 endfacet
 facet normal  2.1579235799e-01 4.4672312997e-01 8.6825808570e-01
   outer loop
     vertex 9.1183060824e+00 1.9291262465e-01 2.8106328208e-01
     vertex 9.1366079679e+00 3.3315315553e-01 2.0436017152e-01
     vertex 8.5910915777e+00 4.5443401070e-01 2.7754037681e-01
   endloop
 endfacet
 facet normal  2.5131777424e-01 8.2461083902e-01 5.0680996490e-01
   outer loop
     vertex 8.5910915777e+00 4.5443401070e-01 2.7754037681e-01
     vertex 9.1366079679e+00 3.3315315553e-01 2.0436017152e-01
     vertex 8.6032928347e+00 5.3101045526e-01 1.4689543384e-01
   endloop
 endfacet
 facet normal  2.1984186557e-01 7.6747519930e-01 6.0220542392e-01
   outer loop
     vertex 9.1366079679e+00 3.3315315553e-01 2.0436017152e-01
     vertex 9.1549098535e+00 4.0319004639e-01 1.0842098675e-01
     vertex 8.6032928347e+00 5.3101045526e-01 1.4689543384e-01
   endloop
 endfacet
 facet normal  2.2837264368e-01 9.7262552594e-01 4.2959538083e-02
   outer loop
     vertex 8.6032928347e+00 5.3101045526e-01 1.4689543384e-01
     vertex 9.1549098535e+00 4.0319004639e-01 1.0842098675e-01
     vertex 8.6088388606e+00 5.3619641763e-01 0.0000000000e+00
   endloop
 endfacet
 facet normal  2.0854724623e-01 9.6829799047e-01 1.3750290085e-01
   outer loop
     vertex 9.1549098535e+00 4.0319004639e-01 1.0842098675e-01
     vertex 9.1632288924e+00 4.1679462645e-01 0.0000000000e+00
     vertex 8.6088388606e+00 5.3619641763e-01 0.0000000000e+00
   endloop
 endfacet
 facet normal  3.2474024973e-01 8.8471585562e-01 -3.3439740582e-01
   outer loop
     vertex 9.1632288924e+00 4.1679462645e-01 0.0000000000e+00
     vertex 9.6450792828e+00 2.3992855685e-01 0.0000000000e+00
     vertex 9.6376845815e+00 2.1816463582e-01 -6.4761995042e-02
   endloop
 endfacet
 facet normal  3.3404129413e-01 8.9464219530e-01 -2.9670145972e-01
   outer loop
     vertex 9.1632288924e+00 4.1679462645e-01 0.0000000000e+00
     vertex 9.6376845815e+00 2.1816463582e-01 -6.4761995042e-02
     vertex 9.1549098535e+00 3.7710074828e-01 -1.2905470995e-01
   endloop
 endfacet
 facet normal  3.0181835114e-01 6.2587116335e-01 -7.1915990559e-01
   outer loop
     vertex 9.1549098535e+00 3.7710074828e-01 -1.2905470995e-01
     vertex 9.6376845815e+00 2.1816463582e-01 -6.4761995042e-02
     vertex 9.6214162388e+00 1.6547768984e-01 -1.1744196824e-01
   endloop
 endfacet
 facet normal  3.2330519703e-01 6.7638491445e-01 -6.6179845654e-01
   outer loop
     vertex 9.1549098535e+00 3.7710074828e-01 -1.2905470995e-01
     vertex 9.6214162388e+00 1.6547768984e-01 -1.1744196824e-01
     vertex 9.1366079679e+00 2.8832934481e-01 -2.2872362306e-01
   endloop
 endfacet
 facet normal  2.8890812098e-01 3.2413842636e-01 -9.0081428618e-01
   outer loop
     vertex 9.1366079679e+00 2.8832934481e-01 -2.2872362306e-01
     vertex 9.6214162388e+00 1.6547768984e-01 -1.1744196824e-01
     vertex 9.6051478961e+00 8.9321932680e-02 -1.5006252506e-01
   endloop
 endfacet
 facet normal  2.9218932131e-01 3.3366071953e-01 -8.9626777514e-01
   outer loop
     vertex 9.1366079679e+00 2.8832934481e-01 -2.2872362306e-01
     vertex 9.6051478961e+00 8.9321932680e-02 -1.5006252506e-01
     vertex 9.1183060824e+00 1.5718172239e-01 -2.8351352731e-01
   endloop
 endfacet
 facet normal  2.7383828606e-01 7.9682656458e-02 -9.5846923130e-01
   outer loop
     vertex 9.1183060824e+00 1.5718172239e-01 -2.8351352731e-01
     vertex 9.6051478961e+00 8.9321932680e-02 -1.5006252506e-01
     vertex 9.5977531948e+00 -3.5527136788e-17 -1.5960102760e-01
   endloop
 endfacet
 facet normal  2.6653252048e-01 5.4385789650e-02 -9.6229028958e-01
   outer loop
     vertex 9.1183060824e+00 1.5718172239e-01 -2.8351352731e-01
     vertex 9.5977531948e+00 -3.5527136788e-17 -1.5960102760e-01
     vertex 9.1099870435e+00 -3.9968028887e-17 -2.9470115604e-01
   endloop
 endfacet
 facet normal  2.6653252048e-01 -5.4385789650e-02 -9.6229028958e-01
   outer loop
     vertex 9.1099870435e+00 -3.9968028887e-17 -2.9470115604e-01
     vertex 9.5977531948e+00 -3.5527136788e-17 -1.5960102760e-01
     vertex 9.1183060824e+00 -1.5718172239e-01 -2.8351352731e-01
   endloop
 endfacet
 facet normal  2.7383828606e-01 -7.9682656458e-02 -9.5846923130e-01
   outer loop
     vertex 9.5977531948e+00 -3.5527136788e-17 -1.5960102760e-01
     vertex 9.6051478961e+00 -8.9321932680e-02 -1.5006252506e-01
     vertex 9.1183060824e+00 -1.5718172239e-01 -2.8351352731e-01
   endloop
 endfacet
 facet normal  2.9218932131e-01 -3.3366071953e-01 -8.9626777514e-01
   outer loop
     vertex 9.1183060824e+00 -1.5718172239e-01 -2.8351352731e-01
     vertex 9.6051478961e+00 -8.9321932680e-02 -1.5006252506e-01
     vertex 9.1366079679e+00 -2.8832934481e-01 -2.2872362306e-01
   endloop
 endfacet
 facet normal  2.8890812098e-01 -3.2413842636e-01 -9.0081428618e-01
   outer loop
     vertex 9.6051478961e+00 -8.9321932680e-02 -1.5006252506e-01
     vertex 9.6214162388e+00 -1.6547768984e-01 -1.1744196824e-01
     vertex 9.1366079679e+00 -2.8832934481e-01 -2.2872362306e-01
   endloop
 endfacet
 facet normal  3.2330519703e-01 -6.7638491445e-01 -6.6179845654e-01
   outer loop
     vertex 9.1366079679e+00 -2.8832934481e-01 -2.2872362306e-01
     vertex 9.6214162388e+00 -1.6547768984e-01 -1.1744196824e-01
     vertex 9.1549098535e+00 -3.7710074828e-01 -1.2905470995e-01
   endloop
 endfacet
 facet normal  3.0181835114e-01 -6.2587116335e-01 -7.1915990559e-01
   outer loop
     vertex 9.6214162388e+00 -1.6547768984e-01 -1.1744196824e-01
     vertex 9.6376845815e+00 -2.1816463582e-01 -6.4761995042e-02
     vertex 9.1549098535e+00 -3.7710074828e-01 -1.2905470995e-01
   endloop
 endfacet
 facet normal  3.3404129413e-01 -8.9464219530e-01 -2.9670145972e-01
   outer loop
     vertex 9.1549098535e+00 -3.7710074828e-01 -1.2905470995e-01
     vertex 9.6376845815e+00 -2.1816463582e-01 -6.4761995042e-02
     vertex 9.1632288924e+00 -4.1679462645e-01 -2.3980817332e-17
   endloop
 endfacet
 facet normal  3.2474024973e-01 -8.8471585562e-01 -3.3439740582e-01
   outer loop
     vertex 9.6376845815e+00 -2.1816463582e-01 -6.4761995042e-02
     vertex 9.6450792828e+00 -2.3992855685e-01 -2.1316282073e-17
     vertex 9.1632288924e+00 -4.1679462645e-01 -2.3980817332e-17
   endloop
 endfacet
 facet normal  3.3280220693e-01 -9.0667969094e-01 2.5918068813e-01
   outer loop
     vertex 9.1632288924e+00 -4.1679462645e-01 -2.3980817332e-17
     vertex 9.6450792828e+00 -2.3992855685e-01 -2.1316282073e-17
     vertex 9.6376845815e+00 -2.2587283753e-01 5.8665667734e-02
   endloop
 endfacet
 facet normal  3.5418337217e-01 -9.2415663194e-01 1.4313859895e-01
   outer loop
     vertex 9.1632288924e+00 -4.1679462645e-01 -2.3980817332e-17
     vertex 9.6376845815e+00 -2.2587283753e-01 5.8665667734e-02
     vertex 9.1549098535e+00 -4.0319004639e-01 1.0842098675e-01
   endloop
 endfacet
 facet normal  3.1044205564e-01 -6.5080756609e-01 6.9287462214e-01
   outer loop
     vertex 9.1549098535e+00 -4.0319004639e-01 1.0842098675e-01
     vertex 9.6376845815e+00 -2.2587283753e-01 5.8665667734e-02
     vertex 9.6214162388e+00 -1.7872108847e-01 1.1024367574e-01
   endloop
 endfacet
 facet normal  3.4649430184e-01 -7.2494157817e-01 5.9531622440e-01
   outer loop
     vertex 9.1549098535e+00 -4.0319004639e-01 1.0842098675e-01
     vertex 9.6214162388e+00 -1.7872108847e-01 1.1024367574e-01
     vertex 9.1366079679e+00 -3.3315315553e-01 2.0436017152e-01
   endloop
 endfacet
 facet normal  2.9064188299e-01 -3.7626196992e-01 8.7974668277e-01
   outer loop
     vertex 9.1366079679e+00 -3.3315315553e-01 2.0436017152e-01
     vertex 9.6214162388e+00 -1.7872108847e-01 1.1024367574e-01
     vertex 9.6051478961e+00 -9.9878790165e-02 1.4933858897e-01
   endloop
 endfacet
 facet normal  3.1117680072e-01 -4.2445274060e-01 8.5029928243e-01
   outer loop
     vertex 9.1366079679e+00 -3.3315315553e-01 2.0436017152e-01
     vertex 9.6051478961e+00 -9.9878790165e-02 1.4933858897e-01
     vertex 9.1183060824e+00 -1.9291262465e-01 2.8106328208e-01
   endloop
 endfacet
 facet normal  2.7427193680e-01 -7.8175494917e-02 9.5846935093e-01
   outer loop
     vertex 9.1183060824e+00 -1.9291262465e-01 2.8106328208e-01
     vertex 9.6051478961e+00 -9.9878790165e-02 1.4933858897e-01
     vertex 9.5977531948e+00 -1.9539925233e-17 1.5960102760e-01
   endloop
 endfacet
 facet normal  2.6650075778e-01 -5.6528180015e-02 9.6217561337e-01
   outer loop
     vertex 9.1183060824e+00 -1.9291262465e-01 2.8106328208e-01
     vertex 9.5977531948e+00 -1.9539925233e-17 1.5960102760e-01
     vertex 9.1099870435e+00 -2.1982415888e-17 2.9470115604e-01
   endloop
 endfacet
 facet normal  2.6650075778e-01 5.6528180015e-02 9.6217561337e-01
   outer loop
     vertex 9.1099870435e+00 -2.1982415888e-17 2.9470115604e-01
     vertex 9.5977531948e+00 -1.9539925233e-17 1.5960102760e-01
     vertex 9.1183060824e+00 1.9291262465e-01 2.8106328208e-01
   endloop
 endfacet
 facet normal  2.7427193680e-01 7.8175494917e-02 9.5846935093e-01
   outer loop
     vertex 9.5977531948e+00 -1.9539925233e-17 1.5960102760e-01
     vertex 9.6051478961e+00 9.9878790165e-02 1.4933858897e-01
     vertex 9.1183060824e+00 1.9291262465e-01 2.8106328208e-01
   endloop
 endfacet
 facet normal  3.1117680072e-01 4.2445274060e-01 8.5029928243e-01
   outer loop
     vertex 9.1183060824e+00 1.9291262465e-01 2.8106328208e-01
     vertex 9.6051478961e+00 9.9878790165e-02 1.4933858897e-01
     vertex 9.1366079679e+00 3.3315315553e-01 2.0436017152e-01
   endloop
 endfacet
 facet normal  2.9064188299e-01 3.7626196992e-01 8.7974668277e-01
   outer loop
     vertex 9.6051478961e+00 9.9878790165e-02 1.4933858897e-01
     vertex 9.6214162388e+00 1.7872108847e-01 1.1024367574e-01
     vertex 9.1366079679e+00 3.3315315553e-01 2.0436017152e-01
   endloop
 endfacet
 facet normal  3.4649430184e-01 7.2494157817e-01 5.9531622440e-01
   outer loop
     vertex 9.1366079679e+00 3.3315315553e-01 2.0436017152e-01
     vertex 9.6214162388e+00 1.7872108847e-01 1.1024367574e-01
     vertex 9.1549098535e+00 4.0319004639e-01 1.0842098675e-01
   endloop
 endfacet
 facet normal  3.1044205564e-01 6.5080756609e-01 6.9287462214e-01
   outer loop
     vertex 9.6214162388e+00 1.7872108847e-01 1.1024367574e-01
     vertex 9.6376845815e+00 2.2587283753e-01 5.8665667734e-02
     vertex 9.1549098535e+00 4.0319004639e-01 1.0842098675e-01
   endloop
 endfacet
 facet normal  3.5418337217e-01 9.2415663194e-01 1.4313859895e-01
   outer loop
     vertex 9.1549098535e+00 4.0319004639e-01 1.0842098675e-01
     vertex 9.6376845815e+00 2.2587283753e-01 5.8665667734e-02
     vertex 9.1632288924e+00 4.1679462645e-01 0.0000000000e+00
   endloop
 endfacet
 facet normal  3.3280220693e-01 9.0667969094e-01 2.5918068813e-01
   outer loop
     vertex 9.6376845815e+00 2.2587283753e-01 5.8665667734e-02
     vertex 9.6450792828e+00 2.3992855685e-01 0.0000000000e+00
     vertex 9.1632288924e+00 4.1679462645e-01 0.0000000000e+00
   endloop
 endfacet
 facet normal  5.2985327796e-01 7.8379959399e-01 -3.2390384422e-01
   outer loop
     vertex 9.6450792828e+00 2.3992855685e-01 0.0000000000e+00
     vertex 1.0000000000e+01 0.0000000000e+00 0.0000000000e+00
     vertex 9.6376845815e+00 2.1816463582e-01 -6.4761995042e-02
   endloop
 endfacet
 facet normal  4.5783509942e-01 5.5392282497e-01 -6.9538228746e-01
   outer loop
     vertex 9.6376845815e+00 2.1816463582e-01 -6.4761995042e-02
     vertex 1.0000000000e+01 0.0000000000e+00 0.0000000000e+00
     vertex 9.6214162388e+00 1.6547768984e-01 -1.1744196824e-01
   endloop
 endfacet
 facet normal  3.9649478690e-01 2.8859721040e-01 -8.7149499947e-01
   outer loop
     vertex 9.6214162388e+00 1.6547768984e-01 -1.1744196824e-01
     vertex 1.0000000000e+01 0.0000000000e+00 0.0000000000e+00
     vertex 9.6051478961e+00 8.9321932680e-02 -1.5006252506e-01
   endloop
 endfacet
 facet normal  3.6793619909e-01 6.8566161436e-02 -9.2731959696e-01
   outer loop
     vertex 9.6051478961e+00 8.9321932680e-02 -1.5006252506e-01
     vertex 1.0000000000e+01 0.0000000000e+00 0.0000000000e+00
     vertex 9.5977531948e+00 -3.5527136788e-17 -1.5960102760e-01
   endloop
 endfacet
 facet normal  3.6793619909e-01 -6.8566161436e-02 -9.2731959696e-01
   outer loop
     vertex 9.5977531948e+00 -3.5527136788e-17 -1.5960102760e-01
     vertex 1.0000000000e+01 0.0000000000e+00 0.0000000000e+00
     vertex 9.6051478961e+00 -8.9321932680e-02 -1.5006252506e-01
   endloop
 endfacet
 facet normal  3.9649478690e-01 -2.8859721040e-01 -8.7149499947e-01
   outer loop
     vertex 9.6051478961e+00 -8.9321932680e-02 -1.5006252506e-01
     vertex 1.0000000000e+01 0.0000000000e+00 0.0000000000e+00
     vertex 9.6214162388e+00 -1.6547768984e-01 -1.1744196824e-01
   endloop
 endfacet
 facet normal  4.5783509942e-01 -5.5392282497e-01 -6.9538228746e-01
   outer loop
     vertex 9.6214162388e+00 -1.6547768984e-01 -1.1744196824e-01
     vertex 1.0000000000e+01 0.0000000000e+00 0.0000000000e+00
     vertex 9.6376845815e+00 -2.1816463582e-01 -6.4761995042e-02
   endloop
 endfacet
 facet normal  5.2985327796e-01 -7.8379959399e-01 -3.2390384422e-01
   outer loop
     vertex 9.6376845815e+00 -2.1816463582e-01 -6.4761995042e-02
     vertex 1.0000000000e+01 0.0000000000e+00 0.0000000000e+00
     vertex 9.6450792828e+00 -2.3992855685e-01 -2.1316282073e-17
   endloop
 endfacet
 facet normal  5.4080849493e-01 -8.0000539089e-01 2.5984138693e-01
   outer loop
     vertex 9.6450792828e+00 -2.3992855685e-01 -2.1316282073e-17
     vertex 1.0000000000e+01 0.0000000000e+00 0.0000000000e+00
     vertex 9.6376845815e+00 -2.2587283753e-01 5.8665667734e-02
   endloop
 endfacet
 facet normal  4.6693889751e-01 -5.7437094973e-01 6.7235859338e-01
   outer loop
     vertex 9.6376845815e+00 -2.2587283753e-01 5.8665667734e-02
     vertex 1.0000000000e+01 0.0000000000e+00 0.0000000000e+00
     vertex 9.6214162388e+00 -1.7872108847e-01 1.1024367574e-01
   endloop
 endfacet
 facet normal  4.0646238335e-01 -3.3720016400e-01 8.4916687425e-01
   outer loop
     vertex 9.6214162388e+00 -1.7872108847e-01 1.1024367574e-01
     vertex 1.0000000000e+01 0.0000000000e+00 0.0000000000e+00
     vertex 9.6051478961e+00 -9.9878790165e-02 1.4933858897e-01
   endloop
 endfacet
 facet normal  3.6794941551e-01 -6.8042737346e-02 9.2735290668e-01
   outer loop
     vertex 9.6051478961e+00 -9.9878790165e-02 1.4933858897e-01
     vertex 1.0000000000e+01 0.0000000000e+00 0.0000000000e+00
     vertex 9.5977531948e+00 -1.9539925233e-17 1.5960102760e-01
   endloop
 endfacet
 facet normal  3.6794941551e-01 6.8042737346e-02 9.2735290668e-01
   outer loop
     vertex 9.5977531948e+00 -1.9539925233e-17 1.5960102760e-01
     vertex 1.0000000000e+01 0.0000000000e+00 0.0000000000e+00
     vertex 9.6051478961e+00 9.9878790165e-02 1.4933858897e-01
   endloop
 endfacet
 facet normal  4.0646238335e-01 3.3720016400e-01 8.4916687425e-01
   outer loop
     vertex 9.6051478961e+00 9.9878790165e-02 1.4933858897e-01
     vertex 1.0000000000e+01 0.0000000000e+00 0.0000000000e+00
     vertex 9.6214162388e+00 1.7872108847e-01 1.1024367574e-01
   endloop
 endfacet
 facet normal  4.6693889751e-01 5.7437094973e-01 6.7235859338e-01
   outer loop
     vertex 9.6214162388e+00 1.7872108847e-01 1.1024367574e-01
     vertex 1.0000000000e+01 0.0000000000e+00 0.0000000000e+00
     vertex 9.6376845815e+00 2.2587283753e-01 5.8665667734e-02
   endloop
 endfacet
 facet normal  5.4080849493e-01 8.0000539089e-01 2.5984138693e-01
   outer loop
     vertex 9.6376845815e+00 2.2587283753e-01 5.8665667734e-02
     vertex 1.0000000000e+01 0.0000000000e+00 0.0000000000e+00
     vertex 9.6450792828e+00 2.3992855685e-01 0.0000000000e+00
   endloop
 endfacet
 facet normal  1.3339299941e-01 -5.7267733635e-02 -9.8940725406e-01
   outer loop
     vertex 5.5462611594e+00 0.0000000000e+00 0.0000000000e+00
     vertex 6.0748135012e+00 9.9984687891e-01 1.3388033529e-02
     vertex 6.1053062986e+00 9.9984687891e-01 1.7499106785e-02
   endloop
 endfacet
 facet normal  1.3464048038e-01 -5.7929972682e-02 -9.8919970648e-01
   outer loop
     vertex 5.5462611594e+00 0.0000000000e+00 0.0000000000e+00
     vertex 5.5105574681e+00 0.0000000000e+00 -4.8596477611e-03
     vertex 6.0748135012e+00 9.9984687891e-01 1.3388033529e-02
   endloop
 endfacet
 facet normal  1.3021998884e-01 -5.5421883457e-02 -9.8993493187e-01
   outer loop
     vertex 5.5105574681e+00 0.0000000000e+00 -4.8596477611e-03
     vertex 6.0309812941e+00 9.9984687891e-01 7.6221701942e-03
     vertex 6.0748135012e+00 9.9984687891e-01 1.3388033529e-02
   endloop
 endfacet
 facet normal  1.3143920846e-01 -5.6058951153e-02 -9.8973790898e-01
   outer loop
     vertex 5.5105574681e+00 0.0000000000e+00 -4.8596477611e-03
     vertex 5.4592348042e+00 0.0000000000e+00 -1.1675401972e-02
     vertex 6.0309812941e+00 9.9984687891e-01 7.6221701942e-03
   endloop
 endfacet
 facet normal  1.2582478227e-01 -5.2830928609e-02 -9.9064474821e-01
   outer loop
     vertex 5.4592348042e+00 0.0000000000e+00 -1.1675401972e-02
     vertex 5.9692724394e+00 9.9984687891e-01 -2.1565785961e-04
     vertex 6.0309812941e+00 9.9984687891e-01 7.6221701942e-03
   endloop
 endfacet
 facet normal  1.2700467007e-01 -5.3434905118e-02 -9.9046177347e-01
   outer loop
     vertex 5.4592348042e+00 0.0000000000e+00 -1.1675401972e-02
     vertex 5.3869805644e+00 0.0000000000e+00 -2.0940399502e-02
     vertex 5.9692724394e+00 9.9984687891e-01 -2.1565785961e-04
   endloop
 endfacet
 facet normal  1.1995727888e-01 -4.9308002252e-02 -9.9155381708e-01
   outer loop
     vertex 5.3869805644e+00 0.0000000000e+00 -2.0940399502e-02
     vertex 5.8848970471e+00 9.9984687891e-01 -1.0423316078e-02
     vertex 5.9692724394e+00 9.9984687891e-01 -2.1565785961e-04
   endloop
 endfacet
 facet normal  1.2108434180e-01 -4.9871008691e-02 -9.9138865470e-01
   outer loop
     vertex 5.3869805644e+00 0.0000000000e+00 -2.0940399502e-02
     vertex 5.2881863174e+00 0.0000000000e+00 -3.3006743333e-02
     vertex 5.8848970471e+00 9.9984687891e-01 -1.0423316078e-02
   endloop
 endfacet
 facet normal  1.1232168909e-01 -4.4612499326e-02 -9.9266991647e-01
   outer loop
     vertex 5.2881863174e+00 0.0000000000e+00 -3.3006743333e-02
     vertex 5.7740245343e+00 9.9984687891e-01 -2.2968662429e-02
     vertex 5.8848970471e+00 9.9984687891e-01 -1.0423316078e-02
   endloop
 endfacet
 facet normal  1.1337887578e-01 -4.5127640171e-02 -9.9252643623e-01
   outer loop
     vertex 5.2881863174e+00 0.0000000000e+00 -3.3006743333e-02
     vertex 5.1583668773e+00 0.0000000000e+00 -4.7836355554e-02
     vertex 5.7740245343e+00 9.9984687891e-01 -2.2968662429e-02
   endloop
 endfacet
 facet normal  1.0229659740e-01 -3.8266617218e-02 -9.9401764178e-01
   outer loop
     vertex 5.1583668773e+00 0.0000000000e+00 -4.7836355554e-02
     vertex 5.6357012172e+00 9.9984687891e-01 -3.7203826955e-02
     vertex 5.7740245343e+00 9.9984687891e-01 -2.2968662429e-02
   endloop
 endfacet
 facet normal  1.0326319358e-01 -3.8729330899e-02 -9.9389976948e-01
   outer loop
     vertex 5.1583668773e+00 0.0000000000e+00 -4.7836355554e-02
     vertex 4.9964055778e+00 0.0000000000e+00 -6.4663646931e-02
     vertex 5.6357012172e+00 9.9984687891e-01 -3.7203826955e-02
   endloop
 endfacet
 facet normal  8.8792383840e-02 -2.9429673458e-02 -9.9561529061e-01
   outer loop
     vertex 4.9964055778e+00 0.0000000000e+00 -6.4663646931e-02
     vertex 5.4738779964e+00 9.9984687891e-01 -5.1635776396e-02
     vertex 5.6357012172e+00 9.9984687891e-01 -3.7203826955e-02
   endloop
 endfacet
 facet normal  8.9633699854e-02 -2.9832578743e-02 -9.9552790875e-01
   outer loop
     vertex 4.9964055778e+00 0.0000000000e+00 -6.4663646931e-02
     vertex 4.8069284944e+00 0.0000000000e+00 -8.1723472052e-02
     vertex 5.4738779964e+00 9.9984687891e-01 -5.1635776396e-02
   endloop
 endfacet
 facet normal  6.9958299064e-02 -1.6651405841e-02 -9.9741093190e-01
   outer loop
     vertex 4.8069284944e+00 0.0000000000e+00 -8.1723472052e-02
     vertex 5.2982046760e+00 9.9984687891e-01 -6.3957484824e-02
     vertex 5.4738779964e+00 9.9984687891e-01 -5.1635776396e-02
   endloop
 endfacet
 facet normal  7.0623647366e-02 -1.6979257073e-02 -9.9735851391e-01
   outer loop
     vertex 4.8069284944e+00 0.0000000000e+00 -8.1723472052e-02
     vertex 4.6012344771e+00 0.0000000000e+00 -9.6288807930e-02
     vertex 5.2982046760e+00 9.9984687891e-01 -6.3957484824e-02
   endloop
 endfacet
 facet normal  4.3558873561e-02 1.9416357444e-03 -9.9904897507e-01
   outer loop
     vertex 4.6012344771e+00 0.0000000000e+00 -9.6288807930e-02
     vertex 4.3953101003e+00 0.0000000000e+00 -1.0526718048e-01
     vertex 5.2982046760e+00 9.9984687891e-01 -6.3957484824e-02
   endloop
 endfacet
 facet normal  4.3146973629e-02 2.3143005975e-03 -9.9906605521e-01
   outer loop
     vertex 5.2982046760e+00 9.9984687891e-01 -6.3957484824e-02
     vertex 4.3953101003e+00 0.0000000000e+00 -1.0526718048e-01
     vertex 5.1223346168e+00 9.9984687891e-01 -7.1552839274e-02
   endloop
 endfacet
 facet normal  5.7909088203e-03 2.9493492371e-02 -9.9954819758e-01
   outer loop
     vertex 4.3953101003e+00 0.0000000000e+00 -1.0526718048e-01
     vertex 4.2052820923e+00 0.0000000000e+00 -1.0636811275e-01
     vertex 5.1223346168e+00 9.9984687891e-01 -7.1552839274e-02
   endloop
 endfacet
 facet normal  5.7360442544e-03 2.9543773076e-02 -9.9954702904e-01
   outer loop
     vertex 5.1223346168e+00 9.9984687891e-01 -7.1552839274e-02
     vertex 4.2052820923e+00 0.0000000000e+00 -1.0636811275e-01
     vertex 4.9600408779e+00 9.9984687891e-01 -7.2484185216e-02
   endloop
 endfacet
 facet normal  -4.5048840397e-02 6.7782905922e-02 -9.9668253704e-01
   outer loop
     vertex 4.2052820923e+00 0.0000000000e+00 -1.0636811275e-01
     vertex 4.0428092406e+00 0.0000000000e+00 -9.9024537144e-02
     vertex 4.9600408779e+00 9.9984687891e-01 -7.2484185216e-02
   endloop
 endfacet
 facet normal  -4.4624122825e-02 6.7394488184e-02 -9.9672798226e-01
   outer loop
     vertex 4.9600408779e+00 9.9984687891e-01 -7.2484185216e-02
     vertex 4.0428092406e+00 0.0000000000e+00 -9.9024537144e-02
     vertex 4.8212806665e+00 9.9984687891e-01 -6.6271805482e-02
   endloop
 endfacet
 facet normal  -1.1278444623e-01 1.2012291838e-01 -9.8633166489e-01
   outer loop
     vertex 4.0428092406e+00 0.0000000000e+00 -9.9024537144e-02
     vertex 3.9129787269e+00 0.0000000000e+00 -8.4178757462e-02
     vertex 4.8212806665e+00 9.9984687891e-01 -6.6271805482e-02
   endloop
 endfacet
 facet normal  -1.1174240776e-01 1.1918045914e-01 -9.8656457086e-01
   outer loop
     vertex 4.8212806665e+00 9.9984687891e-01 -6.6271805482e-02
     vertex 3.9129787269e+00 0.0000000000e+00 -8.4178757462e-02
     vertex 4.7103986986e+00 9.9984687891e-01 -5.3712852488e-02
   endloop
 endfacet
 facet normal  -2.0871710808e-01 1.9565770691e-01 -9.5820416954e-01
   outer loop
     vertex 3.9129787269e+00 0.0000000000e+00 -8.4178757462e-02
     vertex 3.8152542590e+00 0.0000000000e+00 -6.2892304137e-02
     vertex 4.7103986986e+00 9.9984687891e-01 -5.3712852488e-02
   endloop
 endfacet
 facet normal  -2.0689627859e-01 1.9403420565e-01 -9.5892891131e-01
   outer loop
     vertex 4.7103986986e+00 9.9984687891e-01 -5.3712852488e-02
     vertex 3.8152542590e+00 0.0000000000e+00 -6.2892304137e-02
     vertex 4.6269369529e+00 9.9984687891e-01 -3.5705339751e-02
   endloop
 endfacet
 facet normal  -3.8860759346e-01 3.3877347475e-01 -8.5686444151e-01
   outer loop
     vertex 3.8152542590e+00 0.0000000000e+00 -6.2892304137e-02
     vertex 3.7475412483e+00 0.0000000000e+00 -3.2182907351e-02
     vertex 4.6269369529e+00 9.9984687891e-01 -3.5705339751e-02
   endloop
 endfacet
 facet normal  -3.8589821103e-01 3.3638286837e-01 -8.5902801851e-01
   outer loop
     vertex 4.6269369529e+00 9.9984687891e-01 -3.5705339751e-02
     vertex 3.7475412483e+00 0.0000000000e+00 -3.2182907351e-02
     vertex 4.5691065426e+00 9.9984687891e-01 -9.7263828365e-03
   endloop
 endfacet
 facet normal  -6.7374239083e-01 5.6432344965e-01 -4.7708514437e-01
   outer loop
     vertex 3.7475412483e+00 0.0000000000e+00 -3.2182907351e-02
     vertex 3.7230188183e+00 0.0000000000e+00 2.4478096436e-03
     vertex 4.5691065426e+00 9.9984687891e-01 -9.7263828365e-03
   endloop
 endfacet
 facet normal  -6.7229458024e-01 5.6305533403e-01 -4.8061282566e-01
   outer loop
     vertex 4.5691065426e+00 9.9984687891e-01 -9.7263828365e-03
     vertex 3.7230188183e+00 0.0000000000e+00 2.4478096436e-03
     vertex 4.5481631201e+00 9.9984687891e-01 1.9569858669e-02
   endloop
 endfacet
 facet normal  4.5957540337e-01 -3.9291386738e-01 7.9649804861e-01
   outer loop
     vertex 3.7230188183e+00 0.0000000000e+00 2.4478096436e-03
     vertex 3.7272611594e+00 0.0000000000e+00 0.0000000000e+00
     vertex 4.5481631201e+00 9.9984687891e-01 1.9569858669e-02
   endloop
 endfacet
 facet normal  4.5677261121e-01 -3.9066580727e-01 7.9921149183e-01
   outer loop
     vertex 4.5481631201e+00 9.9984687891e-01 1.9569858669e-02
     vertex 3.7272611594e+00 0.0000000000e+00 0.0000000000e+00
     vertex 4.5517862986e+00 9.9984687891e-01 1.7499106785e-02
   endloop
 endfacet
 facet normal  -6.9415120263e-01 5.6461825841e-01 4.4649785012e-01
   outer loop
     vertex 3.7272611594e+00 0.0000000000e+00 0.0000000000e+00
     vertex 4.5696331805e+00 9.9984687891e-01 4.5244894490e-02
     vertex 4.5517862986e+00 9.9984687891e-01 1.7499106785e-02
   endloop
 endfacet
 facet normal  -6.9538418793e-01 5.6581290343e-01 4.4305370948e-01
   outer loop
     vertex 3.7272611594e+00 0.0000000000e+00 0.0000000000e+00
     vertex 3.7481578831e+00 0.0000000000e+00 3.2797945144e-02
     vertex 4.5696331805e+00 9.9984687891e-01 4.5244894490e-02
   endloop
 endfacet
 facet normal  -4.1496136446e-01 3.3037936974e-01 8.4773612525e-01
   outer loop
     vertex 3.7481578831e+00 0.0000000000e+00 3.2797945144e-02
     vertex 4.6092319995e+00 9.9984687891e-01 6.4628260887e-02
     vertex 4.5696331805e+00 9.9984687891e-01 4.5244894490e-02
   endloop
 endfacet
 facet normal  -4.1776612060e-01 3.3286981614e-01 8.4538107028e-01
   outer loop
     vertex 3.7481578831e+00 0.0000000000e+00 3.2797945144e-02
     vertex 3.7945237178e+00 0.0000000000e+00 5.5710777700e-02
     vertex 4.6092319995e+00 9.9984687891e-01 6.4628260887e-02
   endloop
 endfacet
 facet normal  -2.5993444545e-01 2.0338410015e-01 9.4396450774e-01
   outer loop
     vertex 3.7945237178e+00 0.0000000000e+00 5.5710777700e-02
     vertex 4.6679467319e+00 9.9984687891e-01 8.0796221961e-02
     vertex 4.6092319995e+00 9.9984687891e-01 6.4628260887e-02
   endloop
 endfacet
 facet normal  -2.6213394605e-01 2.0533133942e-01 9.4293416280e-01
   outer loop
     vertex 3.7945237178e+00 0.0000000000e+00 5.5710777700e-02
     vertex 3.8632721719e+00 0.0000000000e+00 7.4822720241e-02
     vertex 4.6679467319e+00 9.9984687891e-01 8.0796221961e-02
   endloop
 endfacet
 facet normal  -1.6060084074e-01 1.2340060479e-01 9.7927506896e-01
   outer loop
     vertex 3.8632721719e+00 0.0000000000e+00 7.4822720241e-02
     vertex 4.7495810656e+00 9.9984687891e-01 9.4184230137e-02
     vertex 4.6679467319e+00 9.9984687891e-01 8.0796221961e-02
   endloop
 endfacet
 facet normal  -1.6206924357e-01 1.2471016134e-01 9.7886716971e-01
   outer loop
     vertex 3.8632721719e+00 0.0000000000e+00 7.4822720241e-02
     vertex 3.9588569426e+00 0.0000000000e+00 9.0648515580e-02
     vertex 4.7495810656e+00 9.9984687891e-01 9.4184230137e-02
   endloop
 endfacet
 facet normal  -8.7885503962e-02 6.5988995570e-02 9.9394244836e-01
   outer loop
     vertex 3.9588569426e+00 0.0000000000e+00 9.0648515580e-02
     vertex 4.8575248030e+00 9.9984687891e-01 1.0372873624e-01
     vertex 4.7495810656e+00 9.9984687891e-01 9.4184230137e-02
   endloop
 endfacet
 facet normal  -8.8714982574e-02 6.6736152232e-02 9.9381886572e-01
   outer loop
     vertex 3.9588569426e+00 0.0000000000e+00 9.0648515580e-02
     vertex 4.0852471135e+00 0.0000000000e+00 1.0193095567e-01
     vertex 4.8575248030e+00 9.9984687891e-01 1.0372873624e-01
   endloop
 endfacet
 facet normal  -3.1039530104e-02 2.2178060600e-02 9.9927207566e-01
   outer loop
     vertex 4.0852471135e+00 0.0000000000e+00 1.0193095567e-01
     vertex 4.9924239602e+00 9.9984687891e-01 1.0791899288e-01
     vertex 4.8575248030e+00 9.9984687891e-01 1.0372873624e-01
   endloop
 endfacet
 facet normal  -3.1335431394e-02 2.2446627732e-02 9.9925684368e-01
   outer loop
     vertex 4.0852471135e+00 0.0000000000e+00 1.0193095567e-01
     vertex 4.2431991069e+00 0.0000000000e+00 1.0688413050e-01
     vertex 4.9924239602e+00 9.9984687891e-01 1.0791899288e-01
   endloop
 endfacet
 facet normal  1.3634533192e-02 -1.1251754675e-02 9.9984373655e-01
   outer loop
     vertex 4.2431991069e+00 0.0000000000e+00 1.0688413050e-01
     vertex 5.1501343248e+00 9.9984687891e-01 1.0576834961e-01
     vertex 4.9924239602e+00 9.9984687891e-01 1.0791899288e-01
   endloop
 endfacet
 facet normal  1.3764483592e-02 -1.1369632793e-02 9.9984062252e-01
   outer loop
     vertex 4.2431991069e+00 0.0000000000e+00 1.0688413050e-01
     vertex 4.4278604820e+00 0.0000000000e+00 1.0434195687e-01
     vertex 5.1501343248e+00 9.9984687891e-01 1.0576834961e-01
   endloop
 endfacet
 facet normal  4.7680934812e-02 -3.5868035674e-02 9.9821841922e-01
   outer loop
     vertex 4.4278604820e+00 0.0000000000e+00 1.0434195687e-01
     vertex 5.3210208077e+00 9.9984687891e-01 9.7605780082e-02
     vertex 5.1501343248e+00 9.9984687891e-01 1.0576834961e-01
   endloop
 endfacet
 facet normal  4.8135182027e-02 -3.6274059127e-02 9.9818194578e-01
   outer loop
     vertex 4.4278604820e+00 0.0000000000e+00 1.0434195687e-01
     vertex 4.6279496423e+00 0.0000000000e+00 9.4693086547e-02
     vertex 5.3210208077e+00 9.9984687891e-01 9.7605780082e-02
   endloop
 endfacet
 facet normal  7.3181444956e-02 -5.3628841780e-02 9.9587570682e-01
   outer loop
     vertex 4.6279496423e+00 0.0000000000e+00 9.4693086547e-02
     vertex 4.8278170148e+00 0.0000000000e+00 8.0005929288e-02
     vertex 5.3210208077e+00 9.9984687891e-01 9.7605780082e-02
   endloop
 endfacet
 facet normal  7.2493175607e-02 -5.3290538470e-02 9.9594420426e-01
   outer loop
     vertex 5.3210208077e+00 9.9984687891e-01 9.7605780082e-02
     vertex 4.8278170148e+00 0.0000000000e+00 8.0005929288e-02
     vertex 5.4917178723e+00 9.9984687891e-01 8.5181015497e-02
   endloop
 endfacet
 facet normal  9.1044800910e-02 -6.5597165975e-02 9.9368398198e-01
   outer loop
     vertex 4.8278170148e+00 0.0000000000e+00 8.0005929288e-02
     vertex 5.0119329410e+00 0.0000000000e+00 6.3136584350e-02
     vertex 5.4917178723e+00 9.9984687891e-01 8.5181015497e-02
   endloop
 endfacet
 facet normal  9.0191814402e-02 -6.5190158698e-02 9.9378854885e-01
   outer loop
     vertex 5.4917178723e+00 9.9984687891e-01 8.5181015497e-02
     vertex 5.0119329410e+00 0.0000000000e+00 6.3136584350e-02
     vertex 5.6489623878e+00 9.9984687891e-01 7.0910204892e-02
   endloop
 endfacet
 facet normal  1.0400805479e-01 -7.3977564164e-02 9.9182137733e-01
   outer loop
     vertex 5.0119329410e+00 0.0000000000e+00 6.3136584350e-02
     vertex 5.1693163981e+00 0.0000000000e+00 4.6632456092e-02
     vertex 5.6489623878e+00 9.9984687891e-01 7.0910204892e-02
   endloop
 endfacet
 facet normal  1.0303687720e-01 -7.3514967705e-02 9.9195713187e-01
   outer loop
     vertex 5.6489623878e+00 9.9984687891e-01 7.0910204892e-02
     vertex 5.1693163981e+00 0.0000000000e+00 4.6632456092e-02
     vertex 5.7833759932e+00 9.9984687891e-01 5.6948353413e-02
   endloop
 endfacet
 facet normal  1.1376174418e-01 -8.0084329382e-02 9.9027509600e-01
   outer loop
     vertex 5.1693163981e+00 0.0000000000e+00 4.6632456092e-02
     vertex 5.2954687598e+00 0.0000000000e+00 3.2140207666e-02
     vertex 5.7833759932e+00 9.9984687891e-01 5.6948353413e-02
   endloop
 endfacet
 facet normal  1.1270255190e-01 -7.9571493111e-02 9.9043753578e-01
   outer loop
     vertex 5.7833759932e+00 9.9984687891e-01 5.6948353413e-02
     vertex 5.2954687598e+00 0.0000000000e+00 3.2140207666e-02
     vertex 5.8911166292e+00 9.9984687891e-01 4.4688474130e-02
   endloop
 endfacet
 facet normal  1.2119757307e-01 -8.4614461724e-02 9.8901544030e-01
   outer loop
     vertex 5.2954687598e+00 0.0000000000e+00 3.2140207666e-02
     vertex 5.3914740440e+00 0.0000000000e+00 2.0375368637e-02
     vertex 5.8911166292e+00 9.9984687891e-01 4.4688474130e-02
   endloop
 endfacet
 facet normal  1.2007189644e-01 -8.4056435076e-02 9.8920031106e-01
   outer loop
     vertex 5.8911166292e+00 9.9984687891e-01 4.4688474130e-02
     vertex 5.3914740440e+00 0.0000000000e+00 2.0375368637e-02
     vertex 5.9731101032e+00 9.9984687891e-01 3.4735877263e-02
   endloop
 endfacet
 facet normal  1.2693931557e-01 -8.8034090494e-02 9.8799615843e-01
   outer loop
     vertex 5.3914740440e+00 0.0000000000e+00 2.0375368637e-02
     vertex 5.4616893620e+00 0.0000000000e+00 1.1353993062e-02
     vertex 5.9731101032e+00 9.9984687891e-01 3.4735877263e-02
   endloop
 endfacet
 facet normal  1.2576270160e-01 -8.7437011868e-02 9.8819963157e-01
   outer loop
     vertex 5.9731101032e+00 9.9984687891e-01 3.4735877263e-02
     vertex 5.4616893620e+00 0.0000000000e+00 1.1353993062e-02
     vertex 6.0330776133e+00 9.9984687891e-01 2.7104143921e-02
   endloop
 endfacet
 facet normal  1.3123261504e-01 -9.0547310461e-02 9.8720777211e-01
   outer loop
     vertex 5.4616893620e+00 0.0000000000e+00 1.1353993062e-02
     vertex 5.5115643008e+00 0.0000000000e+00 4.7239615459e-03
     vertex 6.0330776133e+00 9.9984687891e-01 2.7104143921e-02
   endloop
 endfacet
 facet normal  1.3001815648e-01 -8.9918739546e-02 9.8742589558e-01
   outer loop
     vertex 6.0330776133e+00 9.9984687891e-01 2.7104143921e-02
     vertex 5.5115643008e+00 0.0000000000e+00 4.7239615459e-03
     vertex 6.0756733884e+00 9.9984687891e-01 2.1495394772e-02
   endloop
 endfacet
 facet normal  1.3432859917e-01 -9.2337244146e-02 9.8662539030e-01
   outer loop
     vertex 5.5115643008e+00 0.0000000000e+00 4.7239615459e-03
     vertex 5.5462611594e+00 0.0000000000e+00 0.0000000000e+00
     vertex 6.0756733884e+00 9.9984687891e-01 2.1495394772e-02
   endloop
 endfacet
 facet normal  1.3308698569e-01 -9.1684743219e-02 9.8685447868e-01
   outer loop
     vertex 6.0756733884e+00 9.9984687891e-01 2.1495394772e-02
     vertex 5.5462611594e+00 0.0000000000e+00 0.0000000000e+00
     vertex 6.1053062986e+00 9.9984687891e-01 1.7499106785e-02
   endloop
 endfacet
 facet normal  1.3163033598e-01 -5.6277048438e-02 -9.8970013058e-01
   outer loop
     vertex 6.1053062986e+00 9.9984687891e-01 1.7499106785e-02
     vertex 6.6390695344e+00 1.9996937578e+00 3.1635714820e-02
     vertex 6.6643514379e+00 1.9996937578e+00 3.4998213569e-02
   endloop
 endfacet
 facet normal  1.3339334727e-01 -5.7222327600e-02 -9.8940983426e-01
   outer loop
     vertex 6.1053062986e+00 9.9984687891e-01 1.7499106785e-02
     vertex 6.0748135012e+00 9.9984687891e-01 1.3388033529e-02
     vertex 6.6390695344e+00 1.9996937578e+00 3.1635714820e-02
   endloop
 endfacet
 facet normal  1.2849746848e-01 -5.4444695202e-02 -9.9021420701e-01
   outer loop
     vertex 6.0748135012e+00 9.9984687891e-01 1.3388033529e-02
     vertex 6.6027277839e+00 1.9996937578e+00 2.6919742360e-02
     vertex 6.6390695344e+00 1.9996937578e+00 3.1635714820e-02
   endloop
 endfacet
 facet normal  1.3022044993e-01 -5.5358153227e-02 -9.8993843712e-01
   outer loop
     vertex 6.0748135012e+00 9.9984687891e-01 1.3388033529e-02
     vertex 6.0309812941e+00 9.9984687891e-01 7.6221701942e-03
     vertex 6.6027277839e+00 1.9996937578e+00 2.6919742360e-02
   endloop
 endfacet
 facet normal  1.2415807204e-01 -5.1872811631e-02 -9.9090563857e-01
   outer loop
     vertex 6.0309812941e+00 9.9984687891e-01 7.6221701942e-03
     vertex 6.5515643144e+00 1.9996937578e+00 2.0509083783e-02
     vertex 6.6027277839e+00 1.9996937578e+00 2.6919742360e-02
   endloop
 endfacet
 facet normal  1.2582535986e-01 -5.2744210255e-02 -9.9064929572e-01
   outer loop
     vertex 6.0309812941e+00 9.9984687891e-01 7.6221701942e-03
     vertex 5.9692724394e+00 9.9984687891e-01 -2.1565785961e-04
     vertex 6.5515643144e+00 1.9996937578e+00 2.0509083783e-02
   endloop
 endfacet
 facet normal  1.1836543311e-01 -4.8376025168e-02 -9.9179099836e-01
   outer loop
     vertex 5.9692724394e+00 9.9984687891e-01 -2.1565785961e-04
     vertex 6.4816077768e+00 1.9996937578e+00 1.2160111176e-02
     vertex 6.5515643144e+00 1.9996937578e+00 2.0509083783e-02
   endloop
 endfacet
 facet normal  1.1995794861e-01 -4.9194919312e-02 -9.9155935298e-01
   outer loop
     vertex 5.9692724394e+00 9.9984687891e-01 -2.1565785961e-04
     vertex 5.8848970471e+00 9.9984687891e-01 -1.0423316078e-02
     vertex 6.4816077768e+00 1.9996937578e+00 1.2160111176e-02
   endloop
 endfacet
 facet normal  1.1082873602e-01 -4.3716811960e-02 -9.9287755117e-01
   outer loop
     vertex 5.8848970471e+00 9.9984687891e-01 -1.0423316078e-02
     vertex 6.3896821912e+00 1.9996937578e+00 1.8990306960e-03
     vertex 6.4816077768e+00 1.9996937578e+00 1.2160111176e-02
   endloop
 endfacet
 facet normal  1.1232238649e-01 -4.4473382974e-02 -9.9267607995e-01
   outer loop
     vertex 5.8848970471e+00 9.9984687891e-01 -1.0423316078e-02
     vertex 5.7740245343e+00 9.9984687891e-01 -2.2968662429e-02
     vertex 6.3896821912e+00 1.9996937578e+00 1.8990306960e-03
   endloop
 endfacet
 facet normal  1.0093168157e-01 -3.7421897834e-02 -9.9418931659e-01
   outer loop
     vertex 5.7740245343e+00 9.9984687891e-01 -2.2968662429e-02
     vertex 6.2749968566e+00 1.9996937578e+00 -9.7440069783e-03
     vertex 6.3896821912e+00 1.9996937578e+00 1.8990306960e-03
   endloop
 endfacet
 facet normal  1.0229721681e-01 -3.8108289038e-02 -9.9402366055e-01
   outer loop
     vertex 5.7740245343e+00 9.9984687891e-01 -2.2968662429e-02
     vertex 5.6357012172e+00 9.9984687891e-01 -3.7203826955e-02
     vertex 6.2749968566e+00 1.9996937578e+00 -9.7440069783e-03
   endloop
 endfacet
 facet normal  8.7604364350e-02 -2.8666559822e-02 -9.9574278993e-01
   outer loop
     vertex 5.6357012172e+00 9.9984687891e-01 -3.7203826955e-02
     vertex 6.1408274985e+00 1.9996937578e+00 -2.1548080740e-02
     vertex 6.2749968566e+00 1.9996937578e+00 -9.7440069783e-03
   endloop
 endfacet
 facet normal  8.8792803212e-02 -2.9268886232e-02 -9.9561999297e-01
   outer loop
     vertex 5.6357012172e+00 9.9984687891e-01 -3.7203826955e-02
     vertex 5.4738779964e+00 9.9984687891e-01 -5.1635776396e-02
     vertex 6.1408274985e+00 1.9996937578e+00 -2.1548080740e-02
   endloop
 endfacet
 facet normal  6.9018679142e-02 -1.6022350951e-02 -9.9748669475e-01
   outer loop
     vertex 5.4738779964e+00 9.9984687891e-01 -5.1635776396e-02
     vertex 5.9951748750e+00 1.9996937578e+00 -3.1626161719e-02
     vertex 6.1408274985e+00 1.9996937578e+00 -2.1548080740e-02
   endloop
 endfacet
 facet normal  6.9958458742e-02 -1.6513800807e-02 -9.9741320847e-01
   outer loop
     vertex 5.4738779964e+00 9.9984687891e-01 -5.1635776396e-02
     vertex 5.2982046760e+00 9.9984687891e-01 -6.3957484824e-02
     vertex 5.9951748750e+00 1.9996937578e+00 -3.1626161719e-02
   endloop
 endfacet
 facet normal  4.3146981959e-02 2.2293144259e-03 -9.9906624811e-01
   outer loop
     vertex 5.2982046760e+00 9.9984687891e-01 -6.3957484824e-02
     vertex 5.1223346168e+00 9.9984687891e-01 -7.1552839274e-02
     vertex 5.9951748750e+00 1.9996937578e+00 -3.1626161719e-02
   endloop
 endfacet
 facet normal  4.2565244767e-02 2.7381018021e-03 -9.9908993726e-01
   outer loop
     vertex 5.9951748750e+00 1.9996937578e+00 -3.1626161719e-02
     vertex 5.1223346168e+00 9.9984687891e-01 -7.1552839274e-02
     vertex 5.8493591332e+00 1.9996937578e+00 -3.7838498073e-02
   endloop
 endfacet
 facet normal  5.7360460210e-03 2.9533356058e-02 -9.9954733688e-01
   outer loop
     vertex 5.1223346168e+00 9.9984687891e-01 -7.1552839274e-02
     vertex 4.9600408779e+00 9.9984687891e-01 -7.2484185216e-02
     vertex 5.8493591332e+00 1.9996937578e+00 -3.7838498073e-02
   endloop
 endfacet
 facet normal  5.6585655124e-03 2.9602216161e-02 -9.9954574154e-01
   outer loop
     vertex 5.8493591332e+00 1.9996937578e+00 -3.7838498073e-02
     vertex 4.9600408779e+00 9.9984687891e-01 -7.2484185216e-02
     vertex 5.7147996635e+00 1.9996937578e+00 -3.8600257684e-02
   endloop
 endfacet
 facet normal  -4.4623914156e-02 6.7463522138e-02 -9.9672332142e-01
   outer loop
     vertex 4.9600408779e+00 9.9984687891e-01 -7.2484185216e-02
     vertex 4.8212806665e+00 9.9984687891e-01 -6.6271805482e-02
     vertex 5.7147996635e+00 1.9996937578e+00 -3.8600257684e-02
   endloop
 endfacet
 facet normal  -4.4023989516e-02 6.6929131355e-02 -9.9678602504e-01
   outer loop
     vertex 5.7147996635e+00 1.9996937578e+00 -3.8600257684e-02
     vertex 4.8212806665e+00 9.9984687891e-01 -6.6271805482e-02
     vertex 5.5997520923e+00 1.9996937578e+00 -3.3519073821e-02
   endloop
 endfacet
 facet normal  -1.1174055870e-01 1.1931725200e-01 -9.8654824561e-01
   outer loop
     vertex 4.8212806665e+00 9.9984687891e-01 -6.6271805482e-02
     vertex 4.7103986986e+00 9.9984687891e-01 -5.3712852488e-02
     vertex 5.5997520923e+00 1.9996937578e+00 -3.3519073821e-02
   endloop
 endfacet
 facet normal  -1.1026741984e-01 1.1801342442e-01 -9.8687077562e-01
   outer loop
     vertex 5.5997520923e+00 1.9996937578e+00 -3.3519073821e-02
     vertex 4.7103986986e+00 9.9984687891e-01 -5.3712852488e-02
     vertex 5.5078186702e+00 1.9996937578e+00 -2.3246947514e-02
   endloop
 endfacet
 facet normal  -2.0688851127e-01 1.9422031033e-01 -9.5889291110e-01
   outer loop
     vertex 4.7103986986e+00 9.9984687891e-01 -5.3712852488e-02
     vertex 4.6269369529e+00 9.9984687891e-01 -3.5705339751e-02
     vertex 5.5078186702e+00 1.9996937578e+00 -2.3246947514e-02
   endloop
 endfacet
 facet normal  -2.0430875145e-01 1.9196005587e-01 -9.5990065685e-01
   outer loop
     vertex 5.5078186702e+00 1.9996937578e+00 -2.3246947514e-02
     vertex 4.6269369529e+00 9.9984687891e-01 -3.5705339751e-02
     vertex 5.4386196468e+00 1.9996937578e+00 -8.5183753642e-03
   endloop
 endfacet
 facet normal  -3.8586575836e-01 3.3660449961e-01 -8.5895577731e-01
   outer loop
     vertex 4.6269369529e+00 9.9984687891e-01 -3.5705339751e-02
     vertex 4.5691065426e+00 9.9984687891e-01 -9.7263828365e-03
     vertex 5.4386196468e+00 1.9996937578e+00 -8.5183753642e-03
   endloop
 endfacet
 facet normal  -3.8199842029e-01 3.3324494820e-01 -8.6198898566e-01
   outer loop
     vertex 5.4386196468e+00 1.9996937578e+00 -8.5183753642e-03
     vertex 4.5691065426e+00 9.9984687891e-01 -9.7263828365e-03
     vertex 5.3906718368e+00 1.9996937578e+00 1.2730141679e-02
   endloop
 endfacet
 facet normal  -6.7223488645e-01 5.6316301983e-01 -4.8057015151e-01
   outer loop
     vertex 4.5691065426e+00 9.9984687891e-01 -9.7263828365e-03
     vertex 4.5481631201e+00 9.9984687891e-01 1.9569858669e-02
     vertex 5.3906718368e+00 1.9996937578e+00 1.2730141679e-02
   endloop
 endfacet
 facet normal  -6.7012183886e-01 5.6134795253e-01 -4.8561836588e-01
   outer loop
     vertex 5.3906718368e+00 1.9996937578e+00 1.2730141679e-02
     vertex 4.5481631201e+00 9.9984687891e-01 1.9569858669e-02
     vertex 5.3733074219e+00 1.9996937578e+00 3.6691907694e-02
   endloop
 endfacet
 facet normal  4.5677591869e-01 -3.9065010071e-01 7.9921727892e-01
   outer loop
     vertex 4.5481631201e+00 9.9984687891e-01 1.9569858669e-02
     vertex 4.5517862986e+00 9.9984687891e-01 1.7499106785e-02
     vertex 5.3733074219e+00 1.9996937578e+00 3.6691907694e-02
   endloop
 endfacet
 facet normal  4.5276986012e-01 -3.8743218402e-01 8.0305401845e-01
   outer loop
     vertex 5.3733074219e+00 1.9996937578e+00 3.6691907694e-02
     vertex 4.5517862986e+00 9.9984687891e-01 1.7499106785e-02
     vertex 5.3763114379e+00 1.9996937578e+00 3.4998213569e-02
   endloop
 endfacet
 facet normal  -6.9229300500e-01 5.6300011009e-01 4.5139923711e-01
   outer loop
     vertex 4.5517862986e+00 9.9984687891e-01 1.7499106785e-02
     vertex 5.3911084780e+00 1.9996937578e+00 5.7691843835e-02
     vertex 5.3763114379e+00 1.9996937578e+00 3.4998213569e-02
   endloop
 endfacet
 facet normal  -6.9409682303e-01 5.6471276285e-01 4.4646287162e-01
   outer loop
     vertex 4.5517862986e+00 9.9984687891e-01 1.7499106785e-02
     vertex 4.5696331805e+00 9.9984687891e-01 4.5244894490e-02
     vertex 5.3911084780e+00 1.9996937578e+00 5.7691843835e-02
   endloop
 endfacet
 facet normal  -4.1092988628e-01 3.2702654985e-01 8.5099369226e-01
   outer loop
     vertex 4.5696331805e+00 9.9984687891e-01 4.5244894490e-02
     vertex 5.4239402811e+00 1.9996937578e+00 7.3545744075e-02
     vertex 5.3911084780e+00 1.9996937578e+00 5.7691843835e-02
   endloop
 endfacet
 facet normal  -4.1493612965e-01 3.3054330140e-01 8.4768457236e-01
   outer loop
     vertex 4.5696331805e+00 9.9984687891e-01 4.5244894490e-02
     vertex 4.6092319995e+00 9.9984687891e-01 6.4628260887e-02
     vertex 5.4239402811e+00 1.9996937578e+00 7.3545744075e-02
   endloop
 endfacet
 facet normal  -2.5680515945e-01 2.0082173184e-01 9.4536857474e-01
   outer loop
     vertex 4.6092319995e+00 9.9984687891e-01 6.4628260887e-02
     vertex 5.4726212919e+00 1.9996937578e+00 8.6769723681e-02
     vertex 5.4239402811e+00 1.9996937578e+00 7.3545744075e-02
   endloop
 endfacet
 facet normal  -2.5992540563e-01 2.0354795139e-01 9.4393167920e-01
   outer loop
     vertex 4.6092319995e+00 9.9984687891e-01 6.4628260887e-02
     vertex 4.6679467319e+00 9.9984687891e-01 8.0796221961e-02
     vertex 5.4726212919e+00 1.9996937578e+00 8.6769723681e-02
   endloop
 endfacet
 facet normal  -1.5852053376e-01 1.2172309983e-01 9.7982382465e-01
   outer loop
     vertex 4.6679467319e+00 9.9984687891e-01 8.0796221961e-02
     vertex 5.5403051886e+00 1.9996937578e+00 9.7719944694e-02
     vertex 5.4726212919e+00 1.9996937578e+00 8.6769723681e-02
   endloop
 endfacet
 facet normal  -1.6059792908e-01 1.2354519966e-01 9.7925731492e-01
   outer loop
     vertex 4.6679467319e+00 9.9984687891e-01 8.0796221961e-02
     vertex 4.7495810656e+00 9.9984687891e-01 9.4184230137e-02
     vertex 5.5403051886e+00 1.9996937578e+00 9.7719944694e-02
   endloop
 endfacet
 facet normal  -8.6712834769e-02 6.5061015234e-02 9.9410660826e-01
   outer loop
     vertex 4.7495810656e+00 9.9984687891e-01 9.4184230137e-02
     vertex 5.6298024925e+00 1.9996937578e+00 1.0552651680e-01
     vertex 5.5403051886e+00 1.9996937578e+00 9.7719944694e-02
   endloop
 endfacet
 facet normal  -8.7884887287e-02 6.6094780318e-02 9.9393547406e-01
   outer loop
     vertex 4.7495810656e+00 9.9984687891e-01 9.4184230137e-02
     vertex 4.8575248030e+00 9.9984687891e-01 1.0372873624e-01
     vertex 5.6298024925e+00 1.9996937578e+00 1.0552651680e-01
   endloop
 endfacet
 facet normal  -3.0621589922e-02 2.1855209317e-02 9.9929208346e-01
   outer loop
     vertex 4.8575248030e+00 9.9984687891e-01 1.0372873624e-01
     vertex 5.7416488135e+00 1.9996937578e+00 1.0895385525e-01
     vertex 5.6298024925e+00 1.9996937578e+00 1.0552651680e-01
   endloop
 endfacet
 facet normal  -3.1039497839e-02 2.2224858312e-02 9.9927103693e-01
   outer loop
     vertex 4.8575248030e+00 9.9984687891e-01 1.0372873624e-01
     vertex 4.9924239602e+00 9.9984687891e-01 1.0791899288e-01
     vertex 5.7416488135e+00 1.9996937578e+00 1.0895385525e-01
   endloop
 endfacet
 facet normal  1.3451007832e-02 -1.1114236021e-02 9.9984776048e-01
   outer loop
     vertex 4.9924239602e+00 9.9984687891e-01 1.0791899288e-01
     vertex 5.8724081677e+00 1.9996937578e+00 1.0719474235e-01
     vertex 5.7416488135e+00 1.9996937578e+00 1.0895385525e-01
   endloop
 endfacet
 facet normal  1.3634529505e-02 -1.1275760038e-02 9.9984346617e-01
   outer loop
     vertex 4.9924239602e+00 9.9984687891e-01 1.0791899288e-01
     vertex 5.1501343248e+00 9.9984687891e-01 1.0576834961e-01
     vertex 5.8724081677e+00 1.9996937578e+00 1.0719474235e-01
   endloop
 endfacet
 facet normal  4.7039166921e-02 -3.5404499571e-02 9.9826541470e-01
   outer loop
     vertex 5.1501343248e+00 9.9984687891e-01 1.0576834961e-01
     vertex 6.0140919731e+00 1.9996937578e+00 1.0051847362e-01
     vertex 5.8724081677e+00 1.9996937578e+00 1.0719474235e-01
   endloop
 endfacet
 facet normal  4.7680778546e-02 -3.5959173669e-02 9.9821514774e-01
   outer loop
     vertex 5.1501343248e+00 9.9984687891e-01 1.0576834961e-01
     vertex 5.3210208077e+00 9.9984687891e-01 9.7605780082e-02
     vertex 6.0140919731e+00 1.9996937578e+00 1.0051847362e-01
   endloop
 endfacet
 facet normal  7.2493710317e-02 -5.3152340679e-02 9.9595155035e-01
   outer loop
     vertex 5.3210208077e+00 9.9984687891e-01 9.7605780082e-02
     vertex 5.4917178723e+00 9.9984687891e-01 8.5181015497e-02
     vertex 6.0140919731e+00 1.9996937578e+00 1.0051847362e-01
   endloop
 endfacet
 facet normal  7.1521582572e-02 -5.2645939237e-02 9.9604872788e-01
   outer loop
     vertex 6.0140919731e+00 1.9996937578e+00 1.0051847362e-01
     vertex 5.4917178723e+00 9.9984687891e-01 8.5181015497e-02
     vertex 6.1556187298e+00 1.9996937578e+00 9.0356101705e-02
   endloop
 endfacet
 facet normal  9.0192747178e-02 -6.5031994564e-02 9.9379882674e-01
   outer loop
     vertex 5.4917178723e+00 9.9984687891e-01 8.5181015497e-02
     vertex 5.6489623878e+00 9.9984687891e-01 7.0910204892e-02
     vertex 6.1556187298e+00 1.9996937578e+00 9.0356101705e-02
   endloop
 endfacet
 facet normal  8.8987864204e-02 -6.4424321552e-02 9.9394701409e-01
   outer loop
     vertex 6.1556187298e+00 1.9996937578e+00 9.0356101705e-02
     vertex 5.6489623878e+00 9.9984687891e-01 7.0910204892e-02
     vertex 6.2859918346e+00 1.9996937578e+00 7.8683825434e-02
   endloop
 endfacet
 facet normal  1.0303805091e-01 -7.3360691812e-02 9.9196843143e-01
   outer loop
     vertex 5.6489623878e+00 9.9984687891e-01 7.0910204892e-02
     vertex 5.7833759932e+00 9.9984687891e-01 5.6948353413e-02
     vertex 6.2859918346e+00 1.9996937578e+00 7.8683825434e-02
   endloop
 endfacet
 facet normal  1.0166608534e-01 -7.2675188457e-02 9.9216043263e-01
   outer loop
     vertex 6.2859918346e+00 1.9996937578e+00 7.8683825434e-02
     vertex 5.7833759932e+00 9.9984687891e-01 5.6948353413e-02
     vertex 6.3974355883e+00 1.9996937578e+00 6.7264250734e-02
   endloop
 endfacet
 facet normal  1.1270377047e-01 -7.9436357436e-02 9.9044824460e-01
   outer loop
     vertex 5.7833759932e+00 9.9984687891e-01 5.6948353413e-02
     vertex 5.8911166292e+00 9.9984687891e-01 4.4688474130e-02
     vertex 6.3974355883e+00 1.9996937578e+00 6.7264250734e-02
   endloop
 endfacet
 facet normal  1.1120731353e-01 -7.8683732094e-02 9.9067744686e-01
   outer loop
     vertex 6.3974355883e+00 1.9996937578e+00 6.7264250734e-02
     vertex 5.8911166292e+00 9.9984687891e-01 4.4688474130e-02
     vertex 6.4867644987e+00 1.9996937578e+00 5.7236740594e-02
   endloop
 endfacet
 facet normal  1.2007300858e-01 -8.3946949851e-02 9.8920947338e-01
   outer loop
     vertex 5.8911166292e+00 9.9984687891e-01 4.4688474130e-02
     vertex 5.9731101032e+00 9.9984687891e-01 3.4735877263e-02
     vertex 6.4867644987e+00 1.9996937578e+00 5.7236740594e-02
   endloop
 endfacet
 facet normal  1.1848245841e-01 -8.3135688742e-02 9.8946973895e-01
   outer loop
     vertex 6.4867644987e+00 1.9996937578e+00 5.7236740594e-02
     vertex 5.9731101032e+00 9.9984687891e-01 3.4735877263e-02
     vertex 6.5547461624e+00 1.9996937578e+00 4.9096385889e-02
   endloop
 endfacet
 facet normal  1.2576362996e-01 -8.7353191828e-02 9.8820692633e-01
   outer loop
     vertex 5.9731101032e+00 9.9984687891e-01 3.4735877263e-02
     vertex 6.0330776133e+00 9.9984687891e-01 2.7104143921e-02
     vertex 6.5547461624e+00 1.9996937578e+00 4.9096385889e-02
   endloop
 endfacet
 facet normal  1.2410095171e-01 -8.6491980850e-02 9.8849283813e-01
   outer loop
     vertex 6.5547461624e+00 1.9996937578e+00 4.9096385889e-02
     vertex 6.0330776133e+00 9.9984687891e-01 2.7104143921e-02
     vertex 6.6044658646e+00 1.9996937578e+00 4.2854294780e-02
   endloop
 endfacet
 facet normal  1.3001888139e-01 -8.9857213831e-02 9.8743140096e-01
   outer loop
     vertex 6.0330776133e+00 9.9984687891e-01 2.7104143921e-02
     vertex 6.0756733884e+00 9.9984687891e-01 2.1495394772e-02
     vertex 6.6044658646e+00 1.9996937578e+00 4.2854294780e-02
   endloop
 endfacet
 facet normal  1.2830259053e-01 -8.8956050980e-02 9.8773744804e-01
   outer loop
     vertex 6.6044658646e+00 1.9996937578e+00 4.2854294780e-02
     vertex 6.0756733884e+00 9.9984687891e-01 2.1495394772e-02
     vertex 6.6397824760e+00 1.9996937578e+00 3.8266827997e-02
   endloop
 endfacet
 facet normal  1.3308752452e-01 -9.1640945187e-02 9.8685847414e-01
   outer loop
     vertex 6.0756733884e+00 9.9984687891e-01 2.1495394772e-02
     vertex 6.1053062986e+00 9.9984687891e-01 1.7499106785e-02
     vertex 6.6397824760e+00 1.9996937578e+00 3.8266827997e-02
   endloop
 endfacet
 facet normal  1.3133275067e-01 -9.0709585939e-02 9.8717955794e-01
   outer loop
     vertex 6.6397824760e+00 1.9996937578e+00 3.8266827997e-02
     vertex 6.1053062986e+00 9.9984687891e-01 1.7499106785e-02
     vertex 6.6643514379e+00 1.9996937578e+00 3.4998213569e-02
   endloop
 endfacet
 facet normal  1.2894938775e-01 -5.4770393173e-02 -9.9013749521e-01
   outer loop
     vertex 6.6643514379e+00 1.9996937578e+00 3.4998213569e-02
     vertex 7.2033255675e+00 2.9995406367e+00 4.9883396111e-02
     vertex 7.2233965771e+00 2.9995406367e+00 5.2497320354e-02
   endloop
 endfacet
 facet normal  1.3163074292e-01 -5.6222261260e-02 -9.8970319028e-01
   outer loop
     vertex 6.6643514379e+00 1.9996937578e+00 3.4998213569e-02
     vertex 6.6390695344e+00 1.9996937578e+00 3.1635714820e-02
     vertex 7.2033255675e+00 2.9995406367e+00 4.9883396111e-02
   endloop
 endfacet
 facet normal  1.2587771130e-01 -5.2958644621e-02 -9.9063120472e-01
   outer loop
     vertex 6.6390695344e+00 1.9996937578e+00 3.1635714820e-02
     vertex 7.1744742738e+00 2.9995406367e+00 4.6217314526e-02
     vertex 7.2033255675e+00 2.9995406367e+00 4.9883396111e-02
   endloop
 endfacet
 facet normal  1.2849800766e-01 -5.4367799390e-02 -9.9021836199e-01
   outer loop
     vertex 6.6390695344e+00 1.9996937578e+00 3.1635714820e-02
     vertex 6.6027277839e+00 1.9996937578e+00 2.6919742360e-02
     vertex 7.1744742738e+00 2.9995406367e+00 4.6217314526e-02
   endloop
 endfacet
 facet normal  1.2162337190e-01 -5.0415866770e-02 -9.9129511034e-01
   outer loop
     vertex 6.6027277839e+00 1.9996937578e+00 2.6919742360e-02
     vertex 7.1338561894e+00 2.9995406367e+00 4.1233825425e-02
     vertex 7.1744742738e+00 2.9995406367e+00 4.6217314526e-02
   endloop
 endfacet
 facet normal  1.2415874704e-01 -5.1768181415e-02 -9.9091102574e-01
   outer loop
     vertex 6.6027277839e+00 1.9996937578e+00 2.6919742360e-02
     vertex 6.5515643144e+00 1.9996937578e+00 2.0509083783e-02
     vertex 7.1338561894e+00 2.9995406367e+00 4.1233825425e-02
   endloop
 endfacet
 facet normal  1.1594480203e-01 -4.6958958218e-02 -9.9214497888e-01
   outer loop
     vertex 6.5515643144e+00 1.9996937578e+00 2.0509083783e-02
     vertex 7.0783185065e+00 2.9995406367e+00 3.4743538430e-02
     vertex 7.1338561894e+00 2.9995406367e+00 4.1233825425e-02
   endloop
 endfacet
 facet normal  1.1836621508e-01 -4.8239589237e-02 -9.9179755049e-01
   outer loop
     vertex 6.5515643144e+00 1.9996937578e+00 2.0509083783e-02
     vertex 6.4816077768e+00 1.9996937578e+00 1.2160111176e-02
     vertex 7.0783185065e+00 2.9995406367e+00 3.4743538430e-02
   endloop
 endfacet
 facet normal  1.0855873871e-01 -4.2355076111e-02 -9.9318731757e-01
   outer loop
     vertex 6.4816077768e+00 1.9996937578e+00 1.2160111176e-02
     vertex 7.0053398481e+00 2.9995406367e+00 2.6766723821e-02
     vertex 7.0783185065e+00 2.9995406367e+00 3.4743538430e-02
   endloop
 endfacet
 facet normal  1.1082954920e-01 -4.3548973433e-02 -9.9288483619e-01
   outer loop
     vertex 6.4816077768e+00 1.9996937578e+00 1.2160111176e-02
     vertex 6.3896821912e+00 1.9996937578e+00 1.8990306960e-03
     vertex 7.0053398481e+00 2.9995406367e+00 2.6766723821e-02
   endloop
 endfacet
 facet normal  9.8856642965e-02 -3.6137822503e-02 -9.9444528353e-01
   outer loop
     vertex 6.3896821912e+00 1.9996937578e+00 1.8990306960e-03
     vertex 6.9142924960e+00 2.9995406367e+00 1.7715812998e-02
     vertex 7.0053398481e+00 2.9995406367e+00 2.6766723821e-02
   endloop
 endfacet
 facet normal  1.0093240218e-01 -3.7230890853e-02 -9.9419641468e-01
   outer loop
     vertex 6.3896821912e+00 1.9996937578e+00 1.8990306960e-03
     vertex 6.2749968566e+00 1.9996937578e+00 -9.7440069783e-03
     vertex 6.9142924960e+00 2.9995406367e+00 1.7715812998e-02
   endloop
 endfacet
 facet normal  8.5798558118e-02 -2.7506722664e-02 -9.9593272244e-01
   outer loop
     vertex 6.2749968566e+00 1.9996937578e+00 -9.7440069783e-03
     vertex 6.8077770005e+00 2.9995406367e+00 8.5396149166e-03
     vertex 6.9142924960e+00 2.9995406367e+00 1.7715812998e-02
   endloop
 endfacet
 facet normal  8.7604850197e-02 -2.8472598800e-02 -9.9574831225e-01
   outer loop
     vertex 6.2749968566e+00 1.9996937578e+00 -9.7440069783e-03
     vertex 6.1408274985e+00 1.9996937578e+00 -2.1548080740e-02
     vertex 6.8077770005e+00 2.9995406367e+00 8.5396149166e-03
   endloop
 endfacet
 facet normal  6.7590726132e-02 -1.5066441998e-02 -9.9759936651e-01
   outer loop
     vertex 6.1408274985e+00 1.9996937578e+00 -2.1548080740e-02
     vertex 6.6921450739e+00 2.9995406367e+00 7.0516138693e-04
     vertex 6.8077770005e+00 2.9995406367e+00 8.5396149166e-03
   endloop
 endfacet
 facet normal  6.9018861789e-02 -1.5856367811e-02 -9.9748933444e-01
   outer loop
     vertex 6.1408274985e+00 1.9996937578e+00 -2.1548080740e-02
     vertex 5.9951748750e+00 1.9996937578e+00 -3.1626161719e-02
     vertex 6.6921450739e+00 2.9995406367e+00 7.0516138693e-04
   endloop
 endfacet
 facet normal  4.2565256490e-02 2.6355967503e-03 -9.9909021243e-01
   outer loop
     vertex 5.9951748750e+00 1.9996937578e+00 -3.1626161719e-02
     vertex 5.8493591332e+00 1.9996937578e+00 -3.7838498073e-02
     vertex 6.6921450739e+00 2.9995406367e+00 7.0516138693e-04
   endloop
 endfacet
 facet normal  4.1681361036e-02 3.3819954270e-03 -9.9912523051e-01
   outer loop
     vertex 6.6921450739e+00 2.9995406367e+00 7.0516138693e-04
     vertex 5.8493591332e+00 1.9996937578e+00 -3.7838498073e-02
     vertex 6.5763836497e+00 2.9995406367e+00 -4.1241568711e-03
   endloop
 endfacet
 facet normal  5.6585676183e-03 2.9589652132e-02 -9.9954611354e-01
   outer loop
     vertex 5.8493591332e+00 1.9996937578e+00 -3.7838498073e-02
     vertex 5.7147996635e+00 1.9996937578e+00 -3.8600257684e-02
     vertex 6.5763836497e+00 2.9995406367e+00 -4.1241568711e-03
   endloop
 endfacet
 facet normal  5.5408565399e-03 2.9691004749e-02 -9.9954376750e-01
   outer loop
     vertex 6.5763836497e+00 2.9995406367e+00 -4.1241568711e-03
     vertex 5.7147996635e+00 1.9996937578e+00 -3.8600257684e-02
     vertex 6.4695584491e+00 2.9995406367e+00 -4.7163301514e-03
   endloop
 endfacet
 facet normal  -4.4023742896e-02 6.7012403971e-02 -9.9678044111e-01
   outer loop
     vertex 5.7147996635e+00 1.9996937578e+00 -3.8600257684e-02
     vertex 5.5997520923e+00 1.9996937578e+00 -3.3519073821e-02
     vertex 6.4695584491e+00 2.9995406367e+00 -4.7163301514e-03
   endloop
 endfacet
 facet normal  -4.3112057859e-02 6.6221962683e-02 -9.9687311235e-01
   outer loop
     vertex 6.4695584491e+00 2.9995406367e+00 -4.7163301514e-03
     vertex 5.5997520923e+00 1.9996937578e+00 -3.3519073821e-02
     vertex 6.3782235182e+00 2.9995406367e+00 -7.6634215945e-04
   endloop
 endfacet
 facet normal  -1.1026523971e-01 1.1817850864e-01 -9.8685126387e-01
   outer loop
     vertex 5.5997520923e+00 1.9996937578e+00 -3.3519073821e-02
     vertex 5.5078186702e+00 1.9996937578e+00 -2.3246947514e-02
     vertex 6.3782235182e+00 2.9995406367e+00 -7.6634215945e-04
   endloop
 endfacet
 facet normal  -1.0802404602e-01 1.1623821606e-01 -9.8732947014e-01
   outer loop
     vertex 6.3782235182e+00 2.9995406367e+00 -7.6634215945e-04
     vertex 5.5078186702e+00 1.9996937578e+00 -2.3246947514e-02
     vertex 6.3052386419e+00 2.9995406367e+00 7.2189574595e-03
   endloop
 endfacet
 facet normal  -2.0429958907e-01 1.9218493081e-01 -9.5985760938e-01
   outer loop
     vertex 5.5078186702e+00 1.9996937578e+00 -2.3246947514e-02
     vertex 5.4386196468e+00 1.9996937578e+00 -8.5183753642e-03
     vertex 6.3052386419e+00 2.9995406367e+00 7.2189574595e-03
   endloop
 endfacet
 facet normal  -2.0036301293e-01 1.8879652336e-01 -9.6135869259e-01
   outer loop
     vertex 6.3052386419e+00 2.9995406367e+00 7.2189574595e-03
     vertex 5.4386196468e+00 1.9996937578e+00 -8.5183753642e-03
     vertex 6.2503023407e+00 2.9995406367e+00 1.8668589022e-02
   endloop
 endfacet
 facet normal  -3.8195990123e-01 3.3351381038e-01 -8.6190206644e-01
   outer loop
     vertex 5.4386196468e+00 1.9996937578e+00 -8.5183753642e-03
     vertex 5.3906718368e+00 1.9996937578e+00 1.2730141679e-02
     vertex 6.2503023407e+00 2.9995406367e+00 1.8668589022e-02
   endloop
 endfacet
 facet normal  -3.7599728376e-01 3.2841450709e-01 -8.6646982298e-01
   outer loop
     vertex 6.2503023407e+00 2.9995406367e+00 1.8668589022e-02
     vertex 5.3906718368e+00 1.9996937578e+00 1.2730141679e-02
     vertex 6.2122371311e+00 2.9995406367e+00 3.5186666193e-02
   endloop
 endfacet
 facet normal  -6.7004954645e-01 5.6147955145e-01 -4.8556597761e-01
   outer loop
     vertex 5.3906718368e+00 1.9996937578e+00 1.2730141679e-02
     vertex 5.3733074219e+00 1.9996937578e+00 3.6691907694e-02
     vertex 6.2122371311e+00 2.9995406367e+00 3.5186666193e-02
   endloop
 endfacet
 facet normal  -6.6668940179e-01 5.5864841037e-01 -4.9339354994e-01
   outer loop
     vertex 6.2122371311e+00 2.9995406367e+00 3.5186666193e-02
     vertex 5.3733074219e+00 1.9996937578e+00 3.6691907694e-02
     vertex 6.1984517237e+00 2.9995406367e+00 5.3813956720e-02
   endloop
 endfacet
 facet normal  4.5277380047e-01 -3.8741309252e-01 8.0306100724e-01
   outer loop
     vertex 5.3733074219e+00 1.9996937578e+00 3.6691907694e-02
     vertex 5.3763114379e+00 1.9996937578e+00 3.4998213569e-02
     vertex 6.1984517237e+00 2.9995406367e+00 5.3813956720e-02
   endloop
 endfacet
 facet normal  4.4657856061e-01 -3.8242879841e-01 8.0889789427e-01
   outer loop
     vertex 6.1984517237e+00 2.9995406367e+00 5.3813956720e-02
     vertex 5.3763114379e+00 1.9996937578e+00 3.4998213569e-02
     vertex 6.2008365771e+00 2.9995406367e+00 5.2497320354e-02
   endloop
 endfacet
 facet normal  -6.8934904238e-01 5.6043886015e-01 4.5902743034e-01
   outer loop
     vertex 5.3763114379e+00 1.9996937578e+00 3.4998213569e-02
     vertex 6.2125837755e+00 2.9995406367e+00 7.0138793181e-02
     vertex 6.2008365771e+00 2.9995406367e+00 5.2497320354e-02
   endloop
 endfacet
 facet normal  -6.9222706405e-01 5.6311564996e-01 4.5135624130e-01
   outer loop
     vertex 5.3763114379e+00 1.9996937578e+00 3.4998213569e-02
     vertex 5.3911084780e+00 1.9996937578e+00 5.7691843835e-02
     vertex 6.2125837755e+00 2.9995406367e+00 7.0138793181e-02
   endloop
 endfacet
 facet normal  -4.0471546570e-01 3.2185935433e-01 8.5592753657e-01
   outer loop
     vertex 5.3911084780e+00 1.9996937578e+00 5.7691843835e-02
     vertex 6.2386485627e+00 2.9995406367e+00 8.2463227262e-02
     vertex 6.2125837755e+00 2.9995406367e+00 7.0138793181e-02
   endloop
 endfacet
 facet normal  -4.1089993589e-01 3.2722551697e-01 8.5093166807e-01
   outer loop
     vertex 5.3911084780e+00 1.9996937578e+00 5.7691843835e-02
     vertex 5.4239402811e+00 1.9996937578e+00 7.3545744075e-02
     vertex 6.2386485627e+00 2.9995406367e+00 8.2463227262e-02
   endloop
 endfacet
 facet normal  -2.5202425648e-01 1.9690729584e-01 9.4747627463e-01
   outer loop
     vertex 5.4239402811e+00 1.9996937578e+00 7.3545744075e-02
     vertex 6.2772958519e+00 2.9995406367e+00 9.2743225401e-02
     vertex 6.2386485627e+00 2.9995406367e+00 8.2463227262e-02
   endloop
 endfacet
 facet normal  -2.5679450667e-01 2.0101986050e-01 9.4532935902e-01
   outer loop
     vertex 5.4239402811e+00 1.9996937578e+00 7.3545744075e-02
     vertex 5.4726212919e+00 1.9996937578e+00 8.6769723681e-02
     vertex 6.2772958519e+00 2.9995406367e+00 9.2743225401e-02
   endloop
 endfacet
 facet normal  -1.5535335288e-01 1.1916925541e-01 9.8064469831e-01
   outer loop
     vertex 5.4726212919e+00 1.9996937578e+00 8.6769723681e-02
     vertex 6.3310293116e+00 2.9995406367e+00 1.0125565925e-01
     vertex 6.2772958519e+00 2.9995406367e+00 9.2743225401e-02
   endloop
 endfacet
 facet normal  -1.5851711224e-01 1.2189766707e-01 9.7980267600e-01
   outer loop
     vertex 5.4726212919e+00 1.9996937578e+00 8.6769723681e-02
     vertex 5.5403051886e+00 1.9996937578e+00 9.7719944694e-02
     vertex 6.3310293116e+00 2.9995406367e+00 1.0125565925e-01
   endloop
 endfacet
 facet normal  -8.4930152454e-02 6.3650322383e-02 9.9435180176e-01
   outer loop
     vertex 5.5403051886e+00 1.9996937578e+00 9.7719944694e-02
     vertex 6.4020801820e+00 2.9995406367e+00 1.0732429737e-01
     vertex 6.3310293116e+00 2.9995406367e+00 1.0125565925e-01
   endloop
 endfacet
 facet normal  -8.6712110985e-02 6.5188639852e-02 9.9409831055e-01
   outer loop
     vertex 5.5403051886e+00 1.9996937578e+00 9.7719944694e-02
     vertex 5.6298024925e+00 1.9996937578e+00 1.0552651680e-01
     vertex 6.4020801820e+00 2.9995406367e+00 1.0732429737e-01
   endloop
 endfacet
 facet normal  -2.9986587865e-02 2.1364682597e-02 9.9932194757e-01
   outer loop
     vertex 5.6298024925e+00 1.9996937578e+00 1.0552651680e-01
     vertex 6.4908736668e+00 2.9995406367e+00 1.0998871762e-01
     vertex 6.4020801820e+00 2.9995406367e+00 1.0732429737e-01
   endloop
 endfacet
 facet normal  -3.0621552080e-02 2.1911654502e-02 9.9929084852e-01
   outer loop
     vertex 5.6298024925e+00 1.9996937578e+00 1.0552651680e-01
     vertex 5.7416488135e+00 1.9996937578e+00 1.0895385525e-01
     vertex 6.4908736668e+00 2.9995406367e+00 1.0998871762e-01
   endloop
 endfacet
 facet normal  1.3172183593e-02 -1.0905308202e-02 9.9985377323e-01
   outer loop
     vertex 5.7416488135e+00 1.9996937578e+00 1.0895385525e-01
     vertex 6.5946820105e+00 2.9995406367e+00 1.0862113509e-01
     vertex 6.4908736668e+00 2.9995406367e+00 1.0998871762e-01
   endloop
 endfacet
 facet normal  1.3451003498e-02 -1.1143189369e-02 9.9984743828e-01
   outer loop
     vertex 5.7416488135e+00 1.9996937578e+00 1.0895385525e-01
     vertex 5.8724081677e+00 1.9996937578e+00 1.0719474235e-01
     vertex 6.5946820105e+00 2.9995406367e+00 1.0862113509e-01
   endloop
 endfacet
 facet normal  4.6063992639e-02 -3.4700148982e-02 9.9833561904e-01
   outer loop
     vertex 5.8724081677e+00 1.9996937578e+00 1.0719474235e-01
     vertex 6.7071631385e+00 2.9995406367e+00 1.0343116715e-01
     vertex 6.5946820105e+00 2.9995406367e+00 1.0862113509e-01
   endloop
 endfacet
 facet normal  4.7038983327e-02 -3.5514430873e-02 9.9826151846e-01
   outer loop
     vertex 5.8724081677e+00 1.9996937578e+00 1.0719474235e-01
     vertex 6.0140919731e+00 1.9996937578e+00 1.0051847362e-01
     vertex 6.7071631385e+00 2.9995406367e+00 1.0343116715e-01
   endloop
 endfacet
 facet normal  7.1522211038e-02 -5.2479228015e-02 9.9605748025e-01
   outer loop
     vertex 6.0140919731e+00 1.9996937578e+00 1.0051847362e-01
     vertex 6.1556187298e+00 1.9996937578e+00 9.0356101705e-02
     vertex 6.7071631385e+00 2.9995406367e+00 1.0343116715e-01
   endloop
 endfacet
 facet normal  7.0044919815e-02 -5.1666240034e-02 9.9620495323e-01
   outer loop
     vertex 6.7071631385e+00 2.9995406367e+00 1.0343116715e-01
     vertex 6.1556187298e+00 1.9996937578e+00 9.0356101705e-02
     vertex 6.8195195873e+00 2.9995406367e+00 9.5531187914e-02
   endloop
 endfacet
 facet normal  8.8988961061e-02 -6.4233507947e-02 9.9395926540e-01
   outer loop
     vertex 6.1556187298e+00 1.9996937578e+00 9.0356101705e-02
     vertex 6.2859918346e+00 1.9996937578e+00 7.8683825434e-02
     vertex 6.8195195873e+00 2.9995406367e+00 9.5531187914e-02
   endloop
 endfacet
 facet normal  8.7157688965e-02 -6.3260109497e-02 9.9418393459e-01
   outer loop
     vertex 6.8195195873e+00 2.9995406367e+00 9.5531187914e-02
     vertex 6.2859918346e+00 1.9996937578e+00 7.8683825434e-02
     vertex 6.9230212814e+00 2.9995406367e+00 8.6457445976e-02
   endloop
 endfacet
 facet normal  1.0166746615e-01 -7.2489052790e-02 9.9217390792e-01
   outer loop
     vertex 6.2859918346e+00 1.9996937578e+00 7.8683825434e-02
     vertex 6.3974355883e+00 1.9996937578e+00 6.7264250734e-02
     vertex 6.9230212814e+00 2.9995406367e+00 8.6457445976e-02
   endloop
 endfacet
 facet normal  9.9581939184e-02 -7.1398339365e-02 9.9246446512e-01
   outer loop
     vertex 6.9230212814e+00 2.9995406367e+00 8.6457445976e-02
     vertex 6.3974355883e+00 1.9996937578e+00 6.7264250734e-02
     vertex 7.0114951834e+00 2.9995406367e+00 7.7580148055e-02
   endloop
 endfacet
 facet normal  1.1120874766e-01 -7.8520680347e-02 9.9069022262e-01
   outer loop
     vertex 6.3974355883e+00 1.9996937578e+00 6.7264250734e-02
     vertex 6.4867644987e+00 1.9996937578e+00 5.7236740594e-02
     vertex 7.0114951834e+00 2.9995406367e+00 7.7580148055e-02
   endloop
 endfacet
 facet normal  1.0893364917e-01 -7.7333725079e-02 9.9103630360e-01
   outer loop
     vertex 7.0114951834e+00 2.9995406367e+00 7.7580148055e-02
     vertex 6.4867644987e+00 1.9996937578e+00 5.7236740594e-02
     vertex 7.0824123681e+00 2.9995406367e+00 6.9785007058e-02
   endloop
 endfacet
 facet normal  1.1848376770e-01 -8.3003580541e-02 9.8948067309e-01
   outer loop
     vertex 6.4867644987e+00 1.9996937578e+00 5.7236740594e-02
     vertex 6.5547461624e+00 1.9996937578e+00 4.9096385889e-02
     vertex 7.0824123681e+00 2.9995406367e+00 6.9785007058e-02
   endloop
 endfacet
 facet normal  1.1606528735e-01 -8.1735348790e-02 9.8987281094e-01
   outer loop
     vertex 7.0824123681e+00 2.9995406367e+00 6.9785007058e-02
     vertex 6.5547461624e+00 1.9996937578e+00 4.9096385889e-02
     vertex 7.1363822216e+00 2.9995406367e+00 6.3456894515e-02
   endloop
 endfacet
 facet normal  1.2410204490e-01 -8.6390837564e-02 9.8850154559e-01
   outer loop
     vertex 6.5547461624e+00 1.9996937578e+00 4.9096385889e-02
     vertex 6.6044658646e+00 1.9996937578e+00 4.2854294780e-02
     vertex 7.1363822216e+00 2.9995406367e+00 6.3456894515e-02
   endloop
 endfacet
 facet normal  1.2157358594e-01 -8.5054563212e-02 9.8893153680e-01
   outer loop
     vertex 7.1363822216e+00 2.9995406367e+00 6.3456894515e-02
     vertex 6.6044658646e+00 1.9996937578e+00 4.2854294780e-02
     vertex 7.1758541158e+00 2.9995406367e+00 5.8604445639e-02
   endloop
 endfacet
 facet normal  1.2830344429e-01 -8.8881807680e-02 9.8774402071e-01
   outer loop
     vertex 6.6044658646e+00 1.9996937578e+00 4.2854294780e-02
     vertex 6.6397824760e+00 1.9996937578e+00 3.8266827997e-02
     vertex 7.1758541158e+00 2.9995406367e+00 5.8604445639e-02
   endloop
 endfacet
 facet normal  1.2569319601e-01 -8.7491662258e-02 9.8820363767e-01
   outer loop
     vertex 7.1758541158e+00 2.9995406367e+00 5.8604445639e-02
     vertex 6.6397824760e+00 1.9996937578e+00 3.8266827997e-02
     vertex 7.2038915635e+00 2.9995406367e+00 5.5038261223e-02
   endloop
 endfacet
 facet normal  1.3133338535e-01 -9.0656733682e-02 9.8718432855e-01
   outer loop
     vertex 6.6397824760e+00 1.9996937578e+00 3.8266827997e-02
     vertex 6.6643514379e+00 1.9996937578e+00 3.4998213569e-02
     vertex 7.2038915635e+00 2.9995406367e+00 5.5038261223e-02
   endloop
 endfacet
 facet normal  1.2866440446e-01 -8.9226145453e-02 9.8766601946e-01
   outer loop
     vertex 7.2038915635e+00 2.9995406367e+00 5.5038261223e-02
     vertex 6.6643514379e+00 1.9996937578e+00 3.4998213569e-02
     vertex 7.2233965771e+00 2.9995406367e+00 5.2497320354e-02
   endloop
 endfacet
 facet normal  1.2438000829e-01 -5.2202859203e-02 -9.9086047203e-01
   outer loop
     vertex 7.2233965771e+00 2.9995406367e+00 5.2497320354e-02
     vertex 7.7675816006e+00 3.9993875156e+00 6.8131077401e-02
     vertex 7.7824417163e+00 3.9993875156e+00 6.9996427138e-02
   endloop
 endfacet
 facet normal  1.2894987661e-01 -5.4701339831e-02 -9.9014124889e-01
   outer loop
     vertex 7.2233965771e+00 2.9995406367e+00 5.2497320354e-02
     vertex 7.2033255675e+00 2.9995406367e+00 4.9883396111e-02
     vertex 7.7675816006e+00 3.9993875156e+00 6.8131077401e-02
   endloop
 endfacet
 facet normal  1.2141299183e-01 -5.0426436466e-02 -9.9132036190e-01
   outer loop
     vertex 7.2033255675e+00 2.9995406367e+00 4.9883396111e-02
     vertex 7.7462207636e+00 3.9993875156e+00 6.5514886692e-02
     vertex 7.7675816006e+00 3.9993875156e+00 6.8131077401e-02
   endloop
 endfacet
 facet normal  1.2587835860e-01 -5.2861728456e-02 -9.9063629880e-01
   outer loop
     vertex 7.2033255675e+00 2.9995406367e+00 4.9883396111e-02
     vertex 7.1744742738e+00 2.9995406367e+00 4.6217314526e-02
     vertex 7.7462207636e+00 3.9993875156e+00 6.5514886692e-02
   endloop
 endfacet
 facet normal  1.1730408965e-01 -4.7933534999e-02 -9.9193857006e-01
   outer loop
     vertex 7.1744742738e+00 2.9995406367e+00 4.6217314526e-02
     vertex 7.7161480644e+00 3.9993875156e+00 6.1958567067e-02
     vertex 7.7462207636e+00 3.9993875156e+00 6.5514886692e-02
   endloop
 endfacet
 facet normal  1.2162418147e-01 -5.0284000409e-02 -9.9130170876e-01
   outer loop
     vertex 7.1744742738e+00 2.9995406367e+00 4.6217314526e-02
     vertex 7.1338561894e+00 2.9995406367e+00 4.1233825425e-02
     vertex 7.7161480644e+00 3.9993875156e+00 6.1958567067e-02
   endloop
 endfacet
 facet normal  1.1182048909e-01 -4.4544919901e-02 -9.9272953433e-01
   outer loop
     vertex 7.1338561894e+00 2.9995406367e+00 4.1233825425e-02
     vertex 7.6750292362e+00 3.9993875156e+00 5.7326965684e-02
     vertex 7.7161480644e+00 3.9993875156e+00 6.1958567067e-02
   endloop
 endfacet
 facet normal  1.1594573854e-01 -4.6787015396e-02 -9.9215299269e-01
   outer loop
     vertex 7.1338561894e+00 2.9995406367e+00 4.1233825425e-02
     vertex 7.0783185065e+00 2.9995406367e+00 3.4743538430e-02
     vertex 7.6750292362e+00 3.9993875156e+00 5.7326965684e-02
   endloop
 endfacet
 facet normal  1.0469176568e-01 -4.0035711657e-02 -9.9369853376e-01
   outer loop
     vertex 7.0783185065e+00 2.9995406367e+00 3.4743538430e-02
     vertex 7.6209975051e+00 3.9993875156e+00 5.1634416946e-02
     vertex 7.6750292362e+00 3.9993875156e+00 5.7326965684e-02
   endloop
 endfacet
 facet normal  1.0855971052e-01 -4.2143571561e-02 -9.9319620852e-01
   outer loop
     vertex 7.0783185065e+00 2.9995406367e+00 3.4743538430e-02
     vertex 7.0053398481e+00 2.9995406367e+00 2.6766723821e-02
     vertex 7.6209975051e+00 3.9993875156e+00 5.1634416946e-02
   endloop
 endfacet
 facet normal  9.5322548635e-02 -3.3951201086e-02 -9.9486729148e-01
   outer loop
     vertex 7.0053398481e+00 2.9995406367e+00 2.6766723821e-02
     vertex 7.5535881354e+00 3.9993875156e+00 4.5175632975e-02
     vertex 7.6209975051e+00 3.9993875156e+00 5.1634416946e-02
   endloop
 endfacet
 facet normal  9.8857501046e-02 -3.5897140459e-02 -9.9445391537e-01
   outer loop
     vertex 7.0053398481e+00 2.9995406367e+00 2.6766723821e-02
     vertex 6.9142924960e+00 2.9995406367e+00 1.7715812998e-02
     vertex 7.5535881354e+00 3.9993875156e+00 4.5175632975e-02
   endloop
 endfacet
 facet normal  8.2723826028e-02 -2.5532171710e-02 -9.9624538986e-01
   outer loop
     vertex 6.9142924960e+00 2.9995406367e+00 1.7715812998e-02
     vertex 7.4747265025e+00 3.9993875156e+00 3.8627310573e-02
     vertex 7.5535881354e+00 3.9993875156e+00 4.5175632975e-02
   endloop
 endfacet
 facet normal  8.5799132736e-02 -2.7262341958e-02 -9.9593939250e-01
   outer loop
     vertex 6.9142924960e+00 2.9995406367e+00 1.7715812998e-02
     vertex 6.8077770005e+00 2.9995406367e+00 8.5396149166e-03
     vertex 7.4747265025e+00 3.9993875156e+00 3.8627310573e-02
   endloop
 endfacet
 facet normal  6.5160126655e-02 -1.3439541141e-02 -9.9778431368e-01
   outer loop
     vertex 6.8077770005e+00 2.9995406367e+00 8.5396149166e-03
     vertex 7.3891152729e+00 3.9993875156e+00 3.3036484492e-02
     vertex 7.4747265025e+00 3.9993875156e+00 3.8627310573e-02
   endloop
 endfacet
 facet normal  6.7590937645e-02 -1.4857335849e-02 -9.9760248833e-01
   outer loop
     vertex 6.8077770005e+00 2.9995406367e+00 8.5396149166e-03
     vertex 6.6921450739e+00 2.9995406367e+00 7.0516138693e-04
     vertex 7.3891152729e+00 3.9993875156e+00 3.3036484492e-02
   endloop
 endfacet
 facet normal  4.1681378890e-02 3.2528736335e-03 -9.9912565850e-01
   outer loop
     vertex 6.6921450739e+00 2.9995406367e+00 7.0516138693e-04
     vertex 6.5763836497e+00 2.9995406367e+00 -4.1241568711e-03
     vertex 7.3891152729e+00 3.9993875156e+00 3.3036484492e-02
   endloop
 endfacet
 facet normal  4.0177332487e-02 4.4775607108e-03 -9.9918253258e-01
   outer loop
     vertex 7.3891152729e+00 3.9993875156e+00 3.3036484492e-02
     vertex 6.5763836497e+00 2.9995406367e+00 -4.1241568711e-03
     vertex 7.3034081662e+00 3.9993875156e+00 2.9590184330e-02
   endloop
 endfacet
 facet normal  5.5408591451e-03 2.9675178923e-02 -9.9954423746e-01
   outer loop
     vertex 6.5763836497e+00 2.9995406367e+00 -4.1241568711e-03
     vertex 6.4695584491e+00 2.9995406367e+00 -4.7163301514e-03
     vertex 7.3034081662e+00 3.9993875156e+00 2.9590184330e-02
   endloop
 endfacet
 facet normal  5.3405959888e-03 2.9842060799e-02 -9.9954035909e-01
   outer loop
     vertex 7.3034081662e+00 3.9993875156e+00 2.9590184330e-02
     vertex 6.4695584491e+00 2.9995406367e+00 -4.7163301514e-03
     vertex 7.2243172347e+00 3.9993875156e+00 2.9167597381e-02
   endloop
 endfacet
 facet normal  -4.3111756783e-02 6.6326873645e-02 -9.9686615062e-01
   outer loop
     vertex 6.4695584491e+00 2.9995406367e+00 -4.7163301514e-03
     vertex 6.3782235182e+00 2.9995406367e+00 -7.6634215945e-04
     vertex 7.2243172347e+00 3.9993875156e+00 2.9167597381e-02
   endloop
 endfacet
 facet normal  -4.1560070510e-02 6.5018353962e-02 -9.9701824165e-01
   outer loop
     vertex 7.2243172347e+00 3.9993875156e+00 2.9167597381e-02
     vertex 6.3782235182e+00 2.9995406367e+00 -7.6634215945e-04
     vertex 7.1566949441e+00 3.9993875156e+00 3.1986389502e-02
   endloop
 endfacet
 facet normal  -1.0802139448e-01 1.1644634282e-01 -9.8730523526e-01
   outer loop
     vertex 6.3782235182e+00 2.9995406367e+00 -7.6634215945e-04
     vertex 6.3052386419e+00 2.9995406367e+00 7.2189574595e-03
     vertex 7.1566949441e+00 3.9993875156e+00 3.1986389502e-02
   endloop
 endfacet
 facet normal  -1.0420052544e-01 1.1321202427e-01 -9.8809174071e-01
   outer loop
     vertex 7.1566949441e+00 3.9993875156e+00 3.1986389502e-02
     vertex 6.3052386419e+00 2.9995406367e+00 7.2189574595e-03
     vertex 7.1026586136e+00 3.9993875156e+00 3.7684862433e-02
   endloop
 endfacet
 facet normal  -2.0035186256e-01 1.8908056142e-01 -9.6130519215e-01
   outer loop
     vertex 6.3052386419e+00 2.9995406367e+00 7.2189574595e-03
     vertex 6.2503023407e+00 2.9995406367e+00 1.8668589022e-02
     vertex 7.1026586136e+00 3.9993875156e+00 3.7684862433e-02
   endloop
 endfacet
 facet normal  -1.9361000167e-01 1.8338042978e-01 -9.6378772830e-01
   outer loop
     vertex 7.1026586136e+00 3.9993875156e+00 3.7684862433e-02
     vertex 6.2503023407e+00 2.9995406367e+00 1.8668589022e-02
     vertex 7.0619850346e+00 3.9993875156e+00 4.5855553409e-02
   endloop
 endfacet
 facet normal  -3.7594996976e-01 3.2875614367e-01 -8.6636078988e-01
   outer loop
     vertex 6.2503023407e+00 2.9995406367e+00 1.8668589022e-02
     vertex 6.2122371311e+00 2.9995406367e+00 3.5186666193e-02
     vertex 7.0619850346e+00 3.9993875156e+00 4.5855553409e-02
   endloop
 endfacet
 facet normal  -3.6557448067e-01 3.2002016300e-01 -8.7403798221e-01
   outer loop
     vertex 7.0619850346e+00 3.9993875156e+00 4.5855553409e-02
     vertex 6.2122371311e+00 2.9995406367e+00 3.5186666193e-02
     vertex 7.0338024254e+00 3.9993875156e+00 5.7643190708e-02
   endloop
 endfacet
 facet normal  -6.6659779877e-01 5.5881756543e-01 -4.9332575774e-01
   outer loop
     vertex 6.2122371311e+00 2.9995406367e+00 3.5186666193e-02
     vertex 6.1984517237e+00 2.9995406367e+00 5.3813956720e-02
     vertex 7.0338024254e+00 3.9993875156e+00 5.7643190708e-02
   endloop
 endfacet
 facet normal  -6.6046049012e-01 5.5374276765e-01 -5.0711033145e-01
   outer loop
     vertex 7.0338024254e+00 3.9993875156e+00 5.7643190708e-02
     vertex 6.1984517237e+00 2.9995406367e+00 5.3813956720e-02
     vertex 7.0235960255e+00 3.9993875156e+00 7.0936005745e-02
   endloop
 endfacet
 facet normal  4.4658342801e-01 -3.8240446545e-01 8.0890671071e-01
   outer loop
     vertex 6.1984517237e+00 2.9995406367e+00 5.3813956720e-02
     vertex 6.2008365771e+00 2.9995406367e+00 5.2497320354e-02
     vertex 7.0235960255e+00 3.9993875156e+00 7.0936005745e-02
   endloop
 endfacet
 facet normal  4.3573465985e-01 -3.7366051650e-01 8.1884865794e-01
   outer loop
     vertex 7.0235960255e+00 3.9993875156e+00 7.0936005745e-02
     vertex 6.2008365771e+00 2.9995406367e+00 5.2497320354e-02
     vertex 7.0253617163e+00 3.9993875156e+00 6.9996427138e-02
   endloop
 endfacet
 facet normal  -6.8398061152e-01 5.5577546522e-01 4.7252952851e-01
   outer loop
     vertex 6.2008365771e+00 2.9995406367e+00 5.2497320354e-02
     vertex 7.0340590729e+00 3.9993875156e+00 8.2585742527e-02
     vertex 7.0253617163e+00 3.9993875156e+00 6.9996427138e-02
   endloop
 endfacet
 facet normal  -6.8926531949e-01 5.6058747386e-01 4.5897168049e-01
   outer loop
     vertex 6.2008365771e+00 2.9995406367e+00 5.2497320354e-02
     vertex 6.2125837755e+00 2.9995406367e+00 7.0138793181e-02
     vertex 7.0340590729e+00 3.9993875156e+00 8.2585742527e-02
   endloop
 endfacet
 facet normal  -3.9389222170e-01 3.1286308961e-01 8.6427171934e-01
   outer loop
     vertex 6.2125837755e+00 2.9995406367e+00 7.0138793181e-02
     vertex 7.0533568443e+00 3.9993875156e+00 9.1380710450e-02
     vertex 7.0340590729e+00 3.9993875156e+00 8.2585742527e-02
   endloop
 endfacet
 facet normal  -4.0467868249e-01 3.2211237051e-01 8.5584974423e-01
   outer loop
     vertex 6.2125837755e+00 2.9995406367e+00 7.0138793181e-02
     vertex 6.2386485627e+00 2.9995406367e+00 8.2463227262e-02
     vertex 7.0533568443e+00 3.9993875156e+00 9.1380710450e-02
   endloop
 endfacet
 facet normal  -2.4381709290e-01 1.9018849127e-01 9.5098978070e-01
   outer loop
     vertex 6.2386485627e+00 2.9995406367e+00 8.2463227262e-02
     vertex 7.0819704120e+00 3.9993875156e+00 9.8716727121e-02
     vertex 7.0533568443e+00 3.9993875156e+00 9.1380710450e-02
   endloop
 endfacet
 facet normal  -2.5201131399e-01 1.9715782172e-01 9.4742761779e-01
   outer loop
     vertex 6.2386485627e+00 2.9995406367e+00 8.2463227262e-02
     vertex 6.2772958519e+00 2.9995406367e+00 9.2743225401e-02
     vertex 7.0819704120e+00 3.9993875156e+00 9.8716727121e-02
   endloop
 endfacet
 facet normal  -1.4994677561e-01 1.1480992444e-01 9.8200542042e-01
   outer loop
     vertex 6.2772958519e+00 2.9995406367e+00 9.2743225401e-02
     vertex 7.1217534346e+00 3.9993875156e+00 1.0479137381e-01
     vertex 7.0819704120e+00 3.9993875156e+00 9.8716727121e-02
   endloop
 endfacet
 facet normal  -1.5534921347e-01 1.1938946428e-01 9.8061856891e-01
   outer loop
     vertex 6.2772958519e+00 2.9995406367e+00 9.2743225401e-02
     vertex 6.3310293116e+00 2.9995406367e+00 1.0125565925e-01
     vertex 7.1217534346e+00 3.9993875156e+00 1.0479137381e-01
   endloop
 endfacet
 facet normal  -8.1894221886e-02 6.1247937371e-02 9.9475727019e-01
   outer loop
     vertex 6.3310293116e+00 2.9995406367e+00 1.0125565925e-01
     vertex 7.1743578715e+00 3.9993875156e+00 1.0912207794e-01
     vertex 7.1217534346e+00 3.9993875156e+00 1.0479137381e-01
   endloop
 endfacet
 facet normal  -8.4929278404e-02 6.3811149779e-02 9.9434156849e-01
   outer loop
     vertex 6.3310293116e+00 2.9995406367e+00 1.0125565925e-01
     vertex 6.4020801820e+00 2.9995406367e+00 1.0732429737e-01
     vertex 7.1743578715e+00 3.9993875156e+00 1.0912207794e-01
   endloop
 endfacet
 facet normal  -2.8906111857e-02 2.0530038592e-02 9.9937127946e-01
   outer loop
     vertex 6.4020801820e+00 2.9995406367e+00 1.0732429737e-01
     vertex 7.2400985202e+00 3.9993875156e+00 1.1102358000e-01
     vertex 7.1743578715e+00 3.9993875156e+00 1.0912207794e-01
   endloop
 endfacet
 facet normal  -2.9986542216e-02 2.1435785855e-02 9.9932042628e-01
   outer loop
     vertex 6.4020801820e+00 2.9995406367e+00 1.0732429737e-01
     vertex 6.4908736668e+00 2.9995406367e+00 1.0998871762e-01
     vertex 7.2400985202e+00 3.9993875156e+00 1.1102358000e-01
   endloop
 endfacet
 facet normal  1.2697801506e-02 -1.0549845221e-02 9.9986372402e-01
   outer loop
     vertex 6.4908736668e+00 2.9995406367e+00 1.0998871762e-01
     vertex 7.3169558533e+00 3.9993875156e+00 1.1004752783e-01
     vertex 7.2400985202e+00 3.9993875156e+00 1.1102358000e-01
   endloop
 endfacet
 facet normal  1.3172178344e-02 -1.0941778882e-02 9.9985337485e-01
   outer loop
     vertex 6.4908736668e+00 2.9995406367e+00 1.0998871762e-01
     vertex 6.5946820105e+00 2.9995406367e+00 1.0862113509e-01
     vertex 7.3169558533e+00 3.9993875156e+00 1.1004752783e-01
   endloop
 endfacet
 facet normal  4.4404439707e-02 -3.3501479415e-02 9.9845174977e-01
   outer loop
     vertex 6.5946820105e+00 2.9995406367e+00 1.0862113509e-01
     vertex 7.4002343039e+00 3.9993875156e+00 1.0634386069e-01
     vertex 7.3169558533e+00 3.9993875156e+00 1.1004752783e-01
   endloop
 endfacet
 facet normal  4.6063770566e-02 -3.4838637363e-02 9.9833080609e-01
   outer loop
     vertex 6.5946820105e+00 2.9995406367e+00 1.0862113509e-01
     vertex 6.7071631385e+00 2.9995406367e+00 1.0343116715e-01
     vertex 7.4002343039e+00 3.9993875156e+00 1.0634386069e-01
   endloop
 endfacet
 facet normal  7.0045680452e-02 -5.1456191646e-02 9.9621577130e-01
   outer loop
     vertex 6.7071631385e+00 2.9995406367e+00 1.0343116715e-01
     vertex 6.8195195873e+00 2.9995406367e+00 9.5531187914e-02
     vertex 7.4002343039e+00 3.9993875156e+00 1.0634386069e-01
   endloop
 endfacet
 facet normal  6.7531078696e-02 -4.9998381918e-02 9.9646360456e-01
   outer loop
     vertex 7.4002343039e+00 3.9993875156e+00 1.0634386069e-01
     vertex 6.8195195873e+00 2.9995406367e+00 9.5531187914e-02
     vertex 7.4834204448e+00 3.9993875156e+00 1.0070627412e-01
   endloop
 endfacet
 facet normal  8.7159017484e-02 -6.3019662078e-02 9.9419908865e-01
   outer loop
     vertex 6.8195195873e+00 2.9995406367e+00 9.5531187914e-02
     vertex 6.9230212814e+00 2.9995406367e+00 8.6457445976e-02
     vertex 7.4834204448e+00 3.9993875156e+00 1.0070627412e-01
   endloop
 endfacet
 facet normal  8.4041037832e-02 -6.1277458091e-02 9.9457638072e-01
   outer loop
     vertex 7.4834204448e+00 3.9993875156e+00 1.0070627412e-01
     vertex 6.9230212814e+00 2.9995406367e+00 8.6457445976e-02
     vertex 7.5600507281e+00 3.9993875156e+00 9.4231066517e-02
   endloop
 endfacet
 facet normal  9.9583612801e-02 -7.1163762259e-02 9.9248114491e-01
   outer loop
     vertex 6.9230212814e+00 2.9995406367e+00 8.6457445976e-02
     vertex 7.0114951834e+00 2.9995406367e+00 7.7580148055e-02
     vertex 7.5600507281e+00 3.9993875156e+00 9.4231066517e-02
   endloop
 endfacet
 facet normal  9.6031849640e-02 -6.9223237181e-02 9.9296829118e-01
   outer loop
     vertex 7.5600507281e+00 3.9993875156e+00 9.4231066517e-02
     vertex 7.0114951834e+00 2.9995406367e+00 7.7580148055e-02
     vertex 7.6255547785e+00 3.9993875156e+00 8.7896045377e-02
   endloop
 endfacet
 facet normal  1.0893538846e-01 -7.7128222474e-02 9.9105212700e-01
   outer loop
     vertex 7.0114951834e+00 2.9995406367e+00 7.7580148055e-02
     vertex 7.0824123681e+00 2.9995406367e+00 6.9785007058e-02
     vertex 7.6255547785e+00 3.9993875156e+00 8.7896045377e-02
   endloop
 endfacet
 facet normal  1.0505989525e-01 -7.5033444279e-02 9.9163118177e-01
   outer loop
     vertex 7.6255547785e+00 3.9993875156e+00 8.7896045377e-02
     vertex 7.0824123681e+00 2.9995406367e+00 6.9785007058e-02
     vertex 7.6780602376e+00 3.9993875156e+00 8.2333273522e-02
   endloop
 endfacet
 facet normal  1.1606687600e-01 -8.1568835124e-02 9.8988635986e-01
   outer loop
     vertex 7.0824123681e+00 2.9995406367e+00 6.9785007058e-02
     vertex 7.1363822216e+00 2.9995406367e+00 6.3456894515e-02
     vertex 7.6780602376e+00 3.9993875156e+00 8.2333273522e-02
   endloop
 endfacet
 facet normal  1.1194630964e-01 -7.9348835207e-02 9.9054115821e-01
   outer loop
     vertex 7.6780602376e+00 3.9993875156e+00 8.2333273522e-02
     vertex 7.1363822216e+00 2.9995406367e+00 6.3456894515e-02
     vertex 7.7180182808e+00 3.9993875156e+00 7.7817403141e-02
   endloop
 endfacet
 facet normal  1.2157491285e-01 -8.4927072202e-02 9.8894233046e-01
   outer loop
     vertex 7.1363822216e+00 2.9995406367e+00 6.3456894515e-02
     vertex 7.1758541158e+00 2.9995406367e+00 5.8604445639e-02
     vertex 7.7180182808e+00 3.9993875156e+00 7.7817403141e-02
   endloop
 endfacet
 facet normal  1.1726621920e-01 -8.2604468542e-02 9.8965910071e-01
   outer loop
     vertex 7.7180182808e+00 3.9993875156e+00 7.7817403141e-02
     vertex 7.1758541158e+00 2.9995406367e+00 5.8604445639e-02
     vertex 7.7472423671e+00 3.9993875156e+00 7.4354596498e-02
   endloop
 endfacet
 facet normal  1.2569423258e-01 -8.7398074967e-02 9.8821178721e-01
   outer loop
     vertex 7.1758541158e+00 2.9995406367e+00 5.8604445639e-02
     vertex 7.2038915635e+00 2.9995406367e+00 5.5038261223e-02
     vertex 7.7472423671e+00 3.9993875156e+00 7.4354596498e-02
   endloop
 endfacet
 facet normal  1.2124553986e-01 -8.4995285573e-02 9.8897690595e-01
   outer loop
     vertex 7.7472423671e+00 3.9993875156e+00 7.4354596498e-02
     vertex 7.2038915635e+00 2.9995406367e+00 5.5038261223e-02
     vertex 7.7680006511e+00 3.9993875156e+00 7.1809694449e-02
   endloop
 endfacet
 facet normal  1.2866517517e-01 -8.9159520691e-02 9.8767193570e-01
   outer loop
     vertex 7.2038915635e+00 2.9995406367e+00 5.5038261223e-02
     vertex 7.2233965771e+00 2.9995406367e+00 5.2497320354e-02
     vertex 7.7680006511e+00 3.9993875156e+00 7.1809694449e-02
   endloop
 endfacet
 facet normal  1.2411589739e-01 -8.6697058801e-02 9.8847299610e-01
   outer loop
     vertex 7.7680006511e+00 3.9993875156e+00 7.1809694449e-02
     vertex 7.2233965771e+00 2.9995406367e+00 5.2497320354e-02
     vertex 7.7824417163e+00 3.9993875156e+00 6.9996427138e-02
   endloop
 endfacet
 facet normal  1.1484365612e-01 -4.6845975452e-02 -9.9227838293e-01
   outer loop
     vertex 7.7824417163e+00 3.9993875156e+00 6.9996427138e-02
     vertex 8.3318376337e+00 4.9992343945e+00 8.6378758692e-02
     vertex 8.3414868556e+00 4.9992343945e+00 8.7495533923e-02
   endloop
 endfacet
 facet normal  1.2438061560e-01 -5.2109497435e-02 -9.9086531009e-01
   outer loop
     vertex 7.7824417163e+00 3.9993875156e+00 6.9996427138e-02
     vertex 7.7675816006e+00 3.9993875156e+00 6.8131077401e-02
     vertex 8.3318376337e+00 4.9992343945e+00 8.6378758692e-02
   endloop
 endfacet
 facet normal  1.1209649138e-01 -4.5144083836e-02 -9.9267133952e-01
   outer loop
     vertex 7.7675816006e+00 3.9993875156e+00 6.8131077401e-02
     vertex 8.3179672535e+00 4.9992343945e+00 8.4812458858e-02
     vertex 8.3318376337e+00 4.9992343945e+00 8.6378758692e-02
   endloop
 endfacet
 facet normal  1.2141379503e-01 -5.0295409637e-02 -9.9132691991e-01
   outer loop
     vertex 7.7675816006e+00 3.9993875156e+00 6.8131077401e-02
     vertex 7.7462207636e+00 3.9993875156e+00 6.5514886692e-02
     vertex 8.3179672535e+00 4.9992343945e+00 8.4812458858e-02
   endloop
 endfacet
 facet normal  1.0829293250e-01 -4.2756318788e-02 -9.9319914316e-01
   outer loop
     vertex 7.7462207636e+00 3.9993875156e+00 6.5514886692e-02
     vertex 8.2984399394e+00 4.9992343945e+00 8.2683308709e-02
     vertex 8.3179672535e+00 4.9992343945e+00 8.4812458858e-02
   endloop
 endfacet
 facet normal  1.1730509245e-01 -4.7755268236e-02 -9.9194704982e-01
   outer loop
     vertex 7.7462207636e+00 3.9993875156e+00 6.5514886692e-02
     vertex 7.7161480644e+00 3.9993875156e+00 6.1958567067e-02
     vertex 8.2984399394e+00 4.9992343945e+00 8.2683308709e-02
   endloop
 endfacet
 facet normal  1.0321837518e-01 -3.9511496888e-02 -9.9387363816e-01
   outer loop
     vertex 7.7161480644e+00 3.9993875156e+00 6.1958567067e-02
     vertex 8.2717399659e+00 4.9992343945e+00 7.9910392938e-02
     vertex 8.2984399394e+00 4.9992343945e+00 8.2683308709e-02
   endloop
 endfacet
 facet normal  1.1182164608e-01 -4.4312494015e-02 -9.9273980596e-01
   outer loop
     vertex 7.7161480644e+00 3.9993875156e+00 6.1958567067e-02
     vertex 7.6750292362e+00 3.9993875156e+00 5.7326965684e-02
     vertex 8.2717399659e+00 4.9992343945e+00 7.9910392938e-02
   endloop
 endfacet
 facet normal  9.6629054782e-02 -3.5201298660e-02 -9.9469779046e-01
   outer loop
     vertex 7.6750292362e+00 3.9993875156e+00 5.7326965684e-02
     vertex 8.2366551620e+00 4.9992343945e+00 7.6502110072e-02
     vertex 8.2717399659e+00 4.9992343945e+00 7.9910392938e-02
   endloop
 endfacet
 facet normal  1.0469296153e-01 -3.9749837473e-02 -9.9370988434e-01
   outer loop
     vertex 7.6750292362e+00 3.9993875156e+00 5.7326965684e-02
     vertex 7.6209975051e+00 3.9993875156e+00 5.1634416946e-02
     vertex 8.2366551620e+00 4.9992343945e+00 7.6502110072e-02
   endloop
 endfacet
 facet normal  8.7956856888e-02 -2.9395288453e-02 -9.9569046814e-01
   outer loop
     vertex 7.6209975051e+00 3.9993875156e+00 5.1634416946e-02
     vertex 8.1928837748e+00 4.9992343945e+00 7.2635452951e-02
     vertex 8.2366551620e+00 4.9992343945e+00 7.6502110072e-02
   endloop
 endfacet
 facet normal  9.5323597470e-02 -3.3625931719e-02 -9.9487823802e-01
   outer loop
     vertex 7.6209975051e+00 3.9993875156e+00 5.1634416946e-02
     vertex 7.5535881354e+00 3.9993875156e+00 4.5175632975e-02
     vertex 8.1928837748e+00 4.9992343945e+00 7.2635452951e-02
   endloop
 endfacet
 facet normal  7.6318701086e-02 -2.1420078663e-02 -9.9685336740e-01
   outer loop
     vertex 7.5535881354e+00 3.9993875156e+00 4.5175632975e-02
     vertex 8.1416760045e+00 4.9992343945e+00 6.8715006229e-02
     vertex 8.1928837748e+00 4.9992343945e+00 7.2635452951e-02
   endloop
 endfacet
 facet normal  8.2724519420e-02 -2.5201956646e-02 -9.9625374040e-01
   outer loop
     vertex 7.5535881354e+00 3.9993875156e+00 4.5175632975e-02
     vertex 7.4747265025e+00 3.9993875156e+00 3.8627310573e-02
     vertex 8.1416760045e+00 4.9992343945e+00 6.8715006229e-02
   endloop
 endfacet
 facet normal  6.0099778351e-02 -1.0053271486e-02 -9.9814174764e-01
   outer loop
     vertex 7.4747265025e+00 3.9993875156e+00 3.8627310573e-02
     vertex 8.0860854719e+00 4.9992343945e+00 6.5367807598e-02
     vertex 8.1416760045e+00 4.9992343945e+00 6.8715006229e-02
   endloop
 endfacet
 facet normal  6.5160371488e-02 -1.3157043453e-02 -9.9778806276e-01
   outer loop
     vertex 7.4747265025e+00 3.9993875156e+00 3.8627310573e-02
     vertex 7.3891152729e+00 3.9993875156e+00 3.3036484492e-02
     vertex 8.0860854719e+00 4.9992343945e+00 6.5367807598e-02
   endloop
 endfacet
 facet normal  4.0177363252e-02 4.3031520830e-03 -9.9918329768e-01
   outer loop
     vertex 7.3891152729e+00 3.9993875156e+00 3.3036484492e-02
     vertex 7.3034081662e+00 3.9993875156e+00 2.9590184330e-02
     vertex 8.0860854719e+00 4.9992343945e+00 6.5367807598e-02
   endloop
 endfacet
 facet normal  3.7047891080e-02 6.7567353853e-03 -9.9929064856e-01
   outer loop
     vertex 8.0860854719e+00 4.9992343945e+00 6.5367807598e-02
     vertex 7.3034081662e+00 3.9993875156e+00 2.9590184330e-02
     vertex 8.0304326826e+00 4.9992343945e+00 6.3304525532e-02
   endloop
 endfacet
 facet normal  5.3405993972e-03 2.9820685700e-02 -9.9954099701e-01
   outer loop
     vertex 7.3034081662e+00 3.9993875156e+00 2.9590184330e-02
     vertex 7.2243172347e+00 3.9993875156e+00 2.9167597381e-02
     vertex 8.0304326826e+00 4.9992343945e+00 6.3304525532e-02
   endloop
 endfacet
 facet normal  4.9240443891e-03 3.0156257836e-02 -9.9953306794e-01
   outer loop
     vertex 8.0304326826e+00 4.9992343945e+00 6.3304525532e-02
     vertex 7.2243172347e+00 3.9993875156e+00 2.9167597381e-02
     vertex 7.9790760203e+00 4.9992343945e+00 6.3051524913e-02
   endloop
 endfacet
 facet normal  -4.1559685453e-02 6.5160095955e-02 -9.9700900419e-01
   outer loop
     vertex 7.2243172347e+00 3.9993875156e+00 2.9167597381e-02
     vertex 7.1566949441e+00 3.9993875156e+00 3.1986389502e-02
     vertex 7.9790760203e+00 4.9992343945e+00 6.3051524913e-02
   endloop
 endfacet
 facet normal  -3.8329911227e-02 6.2512869268e-02 -9.9730785572e-01
   outer loop
     vertex 7.9790760203e+00 4.9992343945e+00 6.3051524913e-02
     vertex 7.1566949441e+00 3.9993875156e+00 3.1986389502e-02
     vertex 7.9351663700e+00 4.9992343945e+00 6.4739121163e-02
   endloop
 endfacet
 facet normal  -1.0419715705e-01 1.1349354516e-01 -9.8805979964e-01
   outer loop
     vertex 7.1566949441e+00 3.9993875156e+00 3.1986389502e-02
     vertex 7.1026586136e+00 3.9993875156e+00 3.7684862433e-02
     vertex 7.9351663700e+00 4.9992343945e+00 6.4739121163e-02
   endloop
 endfacet
 facet normal  -9.6220873249e-02 1.0689398198e-01 -9.8960356718e-01
   outer loop
     vertex 7.9351663700e+00 4.9992343945e+00 6.4739121163e-02
     vertex 7.1026586136e+00 3.9993875156e+00 3.7684862433e-02
     vertex 7.9000785852e+00 4.9992343945e+00 6.8150767407e-02
   endloop
 endfacet
 facet normal  -1.9359582665e-01 1.8376583261e-01 -9.6371716529e-01
   outer loop
     vertex 7.1026586136e+00 3.9993875156e+00 3.7684862433e-02
     vertex 7.0619850346e+00 3.9993875156e+00 4.5855553409e-02
     vertex 7.9000785852e+00 4.9992343945e+00 6.8150767407e-02
   endloop
 endfacet
 facet normal  -1.7940634306e-01 1.7198135067e-01 -9.6862571672e-01
   outer loop
     vertex 7.9000785852e+00 4.9992343945e+00 6.8150767407e-02
     vertex 7.0619850346e+00 3.9993875156e+00 4.5855553409e-02
     vertex 7.8736677285e+00 4.9992343945e+00 7.3042517795e-02
   endloop
 endfacet
 facet normal  -3.6551339581e-01 3.2048844027e-01 -8.7389193676e-01
   outer loop
     vertex 7.0619850346e+00 3.9993875156e+00 4.5855553409e-02
     vertex 7.0338024254e+00 3.9993875156e+00 5.7643190708e-02
     vertex 7.8736677285e+00 4.9992343945e+00 7.3042517795e-02
   endloop
 endfacet
 facet normal  -3.4302863481e-01 3.0184187710e-01 -8.8950707526e-01
   outer loop
     vertex 7.8736677285e+00 4.9992343945e+00 7.3042517795e-02
     vertex 7.0338024254e+00 3.9993875156e+00 5.7643190708e-02
     vertex 7.8553677196e+00 4.9992343945e+00 8.0099715223e-02
   endloop
 endfacet
 facet normal  -6.6033561865e-01 5.5397943529e-01 -5.0701445347e-01
   outer loop
     vertex 7.0338024254e+00 3.9993875156e+00 5.7643190708e-02
     vertex 7.0235960255e+00 3.9993875156e+00 7.0936005745e-02
     vertex 7.8553677196e+00 4.9992343945e+00 8.0099715223e-02
   endloop
 endfacet
 facet normal  -6.4572550631e-01 5.4210685193e-01 -5.3773481530e-01
   outer loop
     vertex 7.8553677196e+00 4.9992343945e+00 8.0099715223e-02
     vertex 7.0235960255e+00 3.9993875156e+00 7.0936005745e-02
     vertex 7.8487403274e+00 4.9992343945e+00 8.8058054771e-02
   endloop
 endfacet
 facet normal  4.3574100441e-01 -3.7362698804e-01 8.1886058086e-01
   outer loop
     vertex 7.0235960255e+00 3.9993875156e+00 7.0936005745e-02
     vertex 7.0253617163e+00 3.9993875156e+00 6.9996427138e-02
     vertex 7.8487403274e+00 4.9992343945e+00 8.8058054771e-02
   endloop
 endfacet
 facet normal  4.1188889736e-01 -3.5435769688e-01 8.3951066634e-01
   outer loop
     vertex 7.8487403274e+00 4.9992343945e+00 8.8058054771e-02
     vertex 7.0253617163e+00 3.9993875156e+00 6.9996427138e-02
     vertex 7.8498868556e+00 4.9992343945e+00 8.7495533923e-02
   endloop
 endfacet
 facet normal  -6.7115179788e-01 5.4466485376e-01 5.0288712579e-01
   outer loop
     vertex 7.0253617163e+00 3.9993875156e+00 6.9996427138e-02
     vertex 7.8555343704e+00 4.9992343945e+00 9.5032691872e-02
     vertex 7.8498868556e+00 4.9992343945e+00 8.7495533923e-02
   endloop
 endfacet
 facet normal  -6.8386607049e-01 5.5598365034e-01 4.7245039759e-01
   outer loop
     vertex 7.0253617163e+00 3.9993875156e+00 6.9996427138e-02
     vertex 7.0340590729e+00 3.9993875156e+00 8.2585742527e-02
     vertex 7.8555343704e+00 4.9992343945e+00 9.5032691872e-02
   endloop
 endfacet
 facet normal  -3.7035523293e-01 2.9331227736e-01 8.8136536657e-01
   outer loop
     vertex 7.0340590729e+00 3.9993875156e+00 8.2585742527e-02
     vertex 7.8680651259e+00 4.9992343945e+00 1.0029819364e-01
     vertex 7.8555343704e+00 4.9992343945e+00 9.5032691872e-02
   endloop
 endfacet
 facet normal  -3.9384475564e-01 3.1321034342e-01 8.6416757011e-01
   outer loop
     vertex 7.0340590729e+00 3.9993875156e+00 8.2585742527e-02
     vertex 7.0533568443e+00 3.9993875156e+00 9.1380710450e-02
     vertex 7.8680651259e+00 4.9992343945e+00 1.0029819364e-01
   endloop
 endfacet
 facet normal  -2.2645685614e-01 1.7598034702e-01 9.5799175872e-01
   outer loop
     vertex 7.0533568443e+00 3.9993875156e+00 9.1380710450e-02
     vertex 7.8866449720e+00 4.9992343945e+00 1.0469022884e-01
     vertex 7.8680651259e+00 4.9992343945e+00 1.0029819364e-01
   endloop
 endfacet
 facet normal  -2.4380069372e-01 1.9052903296e-01 9.5092581695e-01
   outer loop
     vertex 7.0533568443e+00 3.9993875156e+00 9.1380710450e-02
     vertex 7.0819704120e+00 3.9993875156e+00 9.8716727121e-02
     vertex 7.8866449720e+00 4.9992343945e+00 1.0469022884e-01
   endloop
 endfacet
 facet normal  -1.3863013943e-01 1.0568628883e-01 9.8468883044e-01
   outer loop
     vertex 7.0819704120e+00 3.9993875156e+00 9.8716727121e-02
     vertex 7.9124775576e+00 4.9992343945e+00 1.0832708836e-01
     vertex 7.8866449720e+00 4.9992343945e+00 1.0469022884e-01
   endloop
 endfacet
 facet normal  -1.4994156752e-01 1.1510806969e-01 9.8197131252e-01
   outer loop
     vertex 7.0819704120e+00 3.9993875156e+00 9.8716727121e-02
     vertex 7.1217534346e+00 3.9993875156e+00 1.0479137381e-01
     vertex 7.9124775576e+00 4.9992343945e+00 1.0832708836e-01
   endloop
 endfacet
 facet normal  -7.5567674953e-02 5.6241802993e-02 9.9555330651e-01
   outer loop
     vertex 7.1217534346e+00 3.9993875156e+00 1.0479137381e-01
     vertex 7.9466355610e+00 4.9992343945e+00 1.1091985851e-01
     vertex 7.9124775576e+00 4.9992343945e+00 1.0832708836e-01
   endloop
 endfacet
 facet normal  -8.1893125502e-02 6.1465314035e-02 9.9474395257e-01
   outer loop
     vertex 7.1217534346e+00 3.9993875156e+00 1.0479137381e-01
     vertex 7.1743578715e+00 3.9993875156e+00 1.0912207794e-01
     vertex 7.9466355610e+00 4.9992343945e+00 1.1091985851e-01
   endloop
 endfacet
 facet normal  -2.6658148817e-02 1.8793547237e-02 9.9946793129e-01
   outer loop
     vertex 7.1743578715e+00 3.9993875156e+00 1.0912207794e-01
     vertex 7.9893233735e+00 4.9992343945e+00 1.1205844237e-01
     vertex 7.9466355610e+00 4.9992343945e+00 1.1091985851e-01
   endloop
 endfacet
 facet normal  -2.8906054702e-02 2.0626083193e-02 9.9936930346e-01
   outer loop
     vertex 7.1743578715e+00 3.9993875156e+00 1.0912207794e-01
     vertex 7.2400985202e+00 3.9993875156e+00 1.1102358000e-01
     vertex 7.9893233735e+00 4.9992343945e+00 1.1205844237e-01
   endloop
 endfacet
 facet normal  1.1711012984e-02 -9.8104257709e-03 9.9988329705e-01
   outer loop
     vertex 7.2400985202e+00 3.9993875156e+00 1.1102358000e-01
     vertex 8.0392296962e+00 4.9992343945e+00 1.1147392056e-01
     vertex 7.9893233735e+00 4.9992343945e+00 1.1205844237e-01
   endloop
 endfacet
 facet normal  1.2697794890e-02 -1.0599105670e-02 9.9986320313e-01
   outer loop
     vertex 7.2400985202e+00 3.9993875156e+00 1.1102358000e-01
     vertex 7.3169558533e+00 3.9993875156e+00 1.1004752783e-01
     vertex 8.0392296962e+00 4.9992343945e+00 1.1147392056e-01
   endloop
 endfacet
 facet normal  4.0950672624e-02 -3.1006857297e-02 9.9867993732e-01
   outer loop
     vertex 7.3169558533e+00 3.9993875156e+00 1.1004752783e-01
     vertex 8.0933054692e+00 4.9992343945e+00 1.0925655422e-01
     vertex 8.0392296962e+00 4.9992343945e+00 1.1147392056e-01
   endloop
 endfacet
 facet normal  4.4404160301e-02 -3.3688567215e-02 9.9844546721e-01
   outer loop
     vertex 7.3169558533e+00 3.9993875156e+00 1.1004752783e-01
     vertex 7.4002343039e+00 3.9993875156e+00 1.0634386069e-01
     vertex 8.0933054692e+00 4.9992343945e+00 1.0925655422e-01
   endloop
 endfacet
 facet normal  6.7532036694e-02 -4.9714553991e-02 9.9647774041e-01
   outer loop
     vertex 7.4002343039e+00 3.9993875156e+00 1.0634386069e-01
     vertex 7.4834204448e+00 3.9993875156e+00 1.0070627412e-01
     vertex 8.0933054692e+00 4.9992343945e+00 1.0925655422e-01
   endloop
 endfacet
 facet normal  6.2296109715e-02 -4.6524984430e-02 9.9697272808e-01
   outer loop
     vertex 8.0933054692e+00 4.9992343945e+00 1.0925655422e-01
     vertex 7.4834204448e+00 3.9993875156e+00 1.0070627412e-01
     vertex 8.1473213023e+00 4.9992343945e+00 1.0588136033e-01
   endloop
 endfacet
 facet normal  8.4042713229e-02 -6.0952483609e-02 9.9459620806e-01
   outer loop
     vertex 7.4834204448e+00 3.9993875156e+00 1.0070627412e-01
     vertex 7.5600507281e+00 3.9993875156e+00 9.4231066517e-02
     vertex 8.1473213023e+00 4.9992343945e+00 1.0588136033e-01
   endloop
 endfacet
 facet normal  7.7546877487e-02 -5.7145864821e-02 9.9534960287e-01
   outer loop
     vertex 8.1473213023e+00 4.9992343945e+00 1.0588136033e-01
     vertex 7.5600507281e+00 3.9993875156e+00 9.4231066517e-02
     vertex 8.1970801749e+00 4.9992343945e+00 1.0200468706e-01
   endloop
 endfacet
 facet normal  9.6033962850e-02 -6.8906141773e-02 9.9299014175e-01
   outer loop
     vertex 7.5600507281e+00 3.9993875156e+00 9.4231066517e-02
     vertex 7.6255547785e+00 3.9993875156e+00 8.7896045377e-02
     vertex 8.1970801749e+00 4.9992343945e+00 1.0200468706e-01
   endloop
 endfacet
 facet normal  8.8630867312e-02 -6.4688147243e-02 9.9396177641e-01
   outer loop
     vertex 8.1970801749e+00 4.9992343945e+00 1.0200468706e-01
     vertex 7.6255547785e+00 3.9993875156e+00 8.7896045377e-02
     vertex 8.2396143736e+00 4.9992343945e+00 9.8211942698e-02
   endloop
 endfacet
 facet normal  1.0506209370e-01 -7.4755612893e-02 9.9165193229e-01
   outer loop
     vertex 7.6255547785e+00 3.9993875156e+00 8.7896045377e-02
     vertex 7.6780602376e+00 3.9993875156e+00 8.2333273522e-02
     vertex 8.2396143736e+00 4.9992343945e+00 9.8211942698e-02
   endloop
 endfacet
 facet normal  9.6980883739e-02 -7.0235192687e-02 9.9280497878e-01
   outer loop
     vertex 8.2396143736e+00 4.9992343945e+00 9.8211942698e-02
     vertex 7.6780602376e+00 3.9993875156e+00 8.2333273522e-02
     vertex 8.2737081070e+00 4.9992343945e+00 9.4881539986e-02
   endloop
 endfacet
 facet normal  1.1194831935e-01 -7.9123690954e-02 9.9055894086e-01
   outer loop
     vertex 7.6780602376e+00 3.9993875156e+00 8.2333273522e-02
     vertex 7.7180182808e+00 3.9993875156e+00 7.7817403141e-02
     vertex 8.2737081070e+00 4.9992343945e+00 9.4881539986e-02
   endloop
 endfacet
 facet normal  1.0335304821e-01 -7.4368869588e-02 9.9186058429e-01
   outer loop
     vertex 8.2737081070e+00 4.9992343945e+00 9.4881539986e-02
     vertex 7.7180182808e+00 3.9993875156e+00 7.7817403141e-02
     vertex 8.2996543400e+00 4.9992343945e+00 9.2177911767e-02
   endloop
 endfacet
 facet normal  1.1726789886e-01 -8.2432072269e-02 9.8967327607e-01
   outer loop
     vertex 7.7180182808e+00 3.9993875156e+00 7.7817403141e-02
     vertex 7.7472423671e+00 3.9993875156e+00 7.4354596498e-02
     vertex 8.2996543400e+00 4.9992343945e+00 9.2177911767e-02
   endloop
 endfacet
 facet normal  1.0827754837e-01 -7.7490295495e-02 9.9109597246e-01
   outer loop
     vertex 8.2996543400e+00 4.9992343945e+00 9.2177911767e-02
     vertex 7.7472423671e+00 3.9993875156e+00 7.4354596498e-02
     vertex 8.3186306183e+00 4.9992343945e+00 9.0104747356e-02
   endloop
 endfacet
 facet normal  1.2124685260e-01 -8.4868726380e-02 9.8898761368e-01
   outer loop
     vertex 7.7472423671e+00 3.9993875156e+00 7.4354596498e-02
     vertex 7.7680006511e+00 3.9993875156e+00 7.1809694449e-02
     vertex 8.3186306183e+00 4.9992343945e+00 9.0104747356e-02
   endloop
 endfacet
 facet normal  1.1196220932e-01 -7.9783295693e-02 9.9050446209e-01
   outer loop
     vertex 8.3186306183e+00 4.9992343945e+00 9.0104747356e-02
     vertex 7.7680006511e+00 3.9993875156e+00 7.1809694449e-02
     vertex 8.3321097387e+00 4.9992343945e+00 8.8581127674e-02
   endloop
 endfacet
 facet normal  1.2411687376e-01 -8.6606957025e-02 9.8848077201e-01
   outer loop
     vertex 7.7680006511e+00 3.9993875156e+00 7.1809694449e-02
     vertex 7.7824417163e+00 3.9993875156e+00 6.9996427138e-02
     vertex 8.3321097387e+00 4.9992343945e+00 8.8581127674e-02
   endloop
 endfacet
 facet normal  1.1462062961e-01 -8.1415868464e-02 9.9006745610e-01
   outer loop
     vertex 8.3321097387e+00 4.9992343945e+00 8.8581127674e-02
     vertex 7.7824417163e+00 3.9993875156e+00 6.9996427138e-02
     vertex 8.3414868556e+00 4.9992343945e+00 8.7495533923e-02
   endloop
 endfacet
 facet normal  0.0000000000e+00 1.0000000000e+00 0.0000000000e+00
   outer loop
     vertex 8.3414868556e+00 4.9992343945e+00 8.7495533923e-02
     vertex 8.3318376337e+00 4.9992343945e+00 8.6378758692e-02
     vertex 8.3319056599e+00 4.9992343945e+00 8.6929350937e-02
   endloop
 endfacet
 facet normal  0.0000000000e+00 1.0000000000e+00 0.0000000000e+00
   outer loop
     vertex 8.3318376337e+00 4.9992343945e+00 8.6378758692e-02
     vertex 8.3181330947e+00 4.9992343945e+00 8.6135530983e-02
     vertex 8.3319056599e+00 4.9992343945e+00 8.6929350937e-02
   endloop
 endfacet
 facet normal  0.0000000000e+00 1.0000000000e+00 0.0000000000e+00
   outer loop
     vertex 8.3318376337e+00 4.9992343945e+00 8.6378758692e-02
     vertex 8.3179672535e+00 4.9992343945e+00 8.4812458858e-02
     vertex 8.3181330947e+00 4.9992343945e+00 8.6135530983e-02
   endloop
 endfacet
 facet normal  -0.0000000000e+00 1.0000000000e+00 0.0000000000e+00
   outer loop
     vertex 8.3179672535e+00 4.9992343945e+00 8.4812458858e-02
     vertex 8.2987435396e+00 4.9992343945e+00 8.5056959474e-02
     vertex 8.3181330947e+00 4.9992343945e+00 8.6135530983e-02
   endloop
 endfacet
 facet normal  0.0000000000e+00 1.0000000000e+00 0.0000000000e+00
   outer loop
     vertex 8.3179672535e+00 4.9992343945e+00 8.4812458858e-02
     vertex 8.2984399394e+00 4.9992343945e+00 8.2683308709e-02
     vertex 8.2987435396e+00 4.9992343945e+00 8.5056959474e-02
   endloop
 endfacet
 facet normal  3.3730016461e-14 1.0000000000e+00 -4.3142140326e-15
   outer loop
     vertex 8.2984399394e+00 4.9992343945e+00 8.2683308709e-02
     vertex 8.2722320012e+00 4.9992343945e+00 8.3653179700e-02
     vertex 8.2987435396e+00 4.9992343945e+00 8.5056959474e-02
   endloop
 endfacet
 facet normal  3.3725596752e-14 1.0000000000e+00 -4.4336438033e-15
   outer loop
     vertex 8.2984399394e+00 4.9992343945e+00 8.2683308709e-02
     vertex 8.2717399659e+00 4.9992343945e+00 7.9910392938e-02
     vertex 8.2722320012e+00 4.9992343945e+00 8.3653179700e-02
   endloop
 endfacet
 facet normal  -2.5662148653e-14 1.0000000000e+00 3.3736045412e-15
   outer loop
     vertex 8.2717399659e+00 4.9992343945e+00 7.9910392938e-02
     vertex 8.2373949649e+00 4.9992343945e+00 8.1929568228e-02
     vertex 8.2722320012e+00 4.9992343945e+00 8.3653179700e-02
   endloop
 endfacet
 facet normal  -2.5654896868e-14 1.0000000000e+00 3.4969532073e-15
   outer loop
     vertex 8.2717399659e+00 4.9992343945e+00 7.9910392938e-02
     vertex 8.2366551620e+00 4.9992343945e+00 7.6502110072e-02
     vertex 8.2373949649e+00 4.9992343945e+00 8.1929568228e-02
   endloop
 endfacet
 facet normal  -0.0000000000e+00 1.0000000000e+00 0.0000000000e+00
   outer loop
     vertex 8.2366551620e+00 4.9992343945e+00 7.6502110072e-02
     vertex 8.1939328749e+00 4.9992343945e+00 7.9977761478e-02
     vertex 8.2373949649e+00 4.9992343945e+00 8.1929568228e-02
   endloop
 endfacet
 facet normal  0.0000000000e+00 1.0000000000e+00 0.0000000000e+00
   outer loop
     vertex 8.2366551620e+00 4.9992343945e+00 7.6502110072e-02
     vertex 8.1928837748e+00 4.9992343945e+00 7.2635452951e-02
     vertex 8.1939328749e+00 4.9992343945e+00 7.9977761478e-02
   endloop
 endfacet
 facet normal  -0.0000000000e+00 1.0000000000e+00 0.0000000000e+00
   outer loop
     vertex 8.1928837748e+00 4.9992343945e+00 7.2635452951e-02
     vertex 8.1430873290e+00 4.9992343945e+00 7.8006594755e-02
     vertex 8.1939328749e+00 4.9992343945e+00 7.9977761478e-02
   endloop
 endfacet
 facet normal  0.0000000000e+00 1.0000000000e+00 0.0000000000e+00
   outer loop
     vertex 8.1928837748e+00 4.9992343945e+00 7.2635452951e-02
     vertex 8.1416760045e+00 4.9992343945e+00 6.8715006229e-02
     vertex 8.1430873290e+00 4.9992343945e+00 7.8006594755e-02
   endloop
 endfacet
 facet normal  -0.0000000000e+00 1.0000000000e+00 0.0000000000e+00
   outer loop
     vertex 8.1416760045e+00 4.9992343945e+00 6.8715006229e-02
     vertex 8.0878904712e+00 4.9992343945e+00 7.6339994254e-02
     vertex 8.1430873290e+00 4.9992343945e+00 7.8006594755e-02
   endloop
 endfacet
 facet normal  0.0000000000e+00 1.0000000000e+00 0.0000000000e+00
   outer loop
     vertex 8.1416760045e+00 4.9992343945e+00 6.8715006229e-02
     vertex 8.0860854719e+00 4.9992343945e+00 6.5367807598e-02
     vertex 8.0878904712e+00 4.9992343945e+00 7.6339994254e-02
   endloop
 endfacet
 facet normal  0.0000000000e+00 1.0000000000e+00 0.0000000000e+00
   outer loop
     vertex 8.0860854719e+00 4.9992343945e+00 6.5367807598e-02
     vertex 8.0304326826e+00 4.9992343945e+00 6.3304525532e-02
     vertex 8.0878904712e+00 4.9992343945e+00 7.6339994254e-02
   endloop
 endfacet
 facet normal  0.0000000000e+00 1.0000000000e+00 0.0000000000e+00
   outer loop
     vertex 8.0878904712e+00 4.9992343945e+00 7.6339994254e-02
     vertex 8.0304326826e+00 4.9992343945e+00 6.3304525532e-02
     vertex 8.0326319360e+00 4.9992343945e+00 7.5346874290e-02
   endloop
 endfacet
 facet normal  0.0000000000e+00 1.0000000000e+00 0.0000000000e+00
   outer loop
     vertex 8.0304326826e+00 4.9992343945e+00 6.3304525532e-02
     vertex 7.9790760203e+00 4.9992343945e+00 6.3051524913e-02
     vertex 8.0326319360e+00 4.9992343945e+00 7.5346874290e-02
   endloop
 endfacet
 facet normal  0.0000000000e+00 1.0000000000e+00 0.0000000000e+00
   outer loop
     vertex 8.0326319360e+00 4.9992343945e+00 7.5346874290e-02
     vertex 7.9790760203e+00 4.9992343945e+00 6.3051524913e-02
     vertex 7.9816378586e+00 4.9992343945e+00 7.5303254278e-02
   endloop
 endfacet
 facet normal  -0.0000000000e+00 1.0000000000e+00 0.0000000000e+00
   outer loop
     vertex 7.9790760203e+00 4.9992343945e+00 6.3051524913e-02
     vertex 7.9351663700e+00 4.9992343945e+00 6.4739121163e-02
     vertex 7.9816378586e+00 4.9992343945e+00 7.5303254278e-02
   endloop
 endfacet
 facet normal  0.0000000000e+00 1.0000000000e+00 0.0000000000e+00
   outer loop
     vertex 7.9816378586e+00 4.9992343945e+00 7.5303254278e-02
     vertex 7.9351663700e+00 4.9992343945e+00 6.4739121163e-02
     vertex 7.9380336677e+00 4.9992343945e+00 7.6284305500e-02
   endloop
 endfacet
 facet normal  -0.0000000000e+00 1.0000000000e+00 0.0000000000e+00
   outer loop
     vertex 7.9351663700e+00 4.9992343945e+00 6.4739121163e-02
     vertex 7.9000785852e+00 4.9992343945e+00 6.8150767407e-02
     vertex 7.9380336677e+00 4.9992343945e+00 7.6284305500e-02
   endloop
 endfacet
 facet normal  0.0000000000e+00 1.0000000000e+00 0.0000000000e+00
   outer loop
     vertex 7.9380336677e+00 4.9992343945e+00 7.6284305500e-02
     vertex 7.9000785852e+00 4.9992343945e+00 6.8150767407e-02
     vertex 7.9031783283e+00 4.9992343945e+00 7.8194847646e-02
   endloop
 endfacet
 facet normal  -0.0000000000e+00 1.0000000000e+00 0.0000000000e+00
   outer loop
     vertex 7.9000785852e+00 4.9992343945e+00 6.8150767407e-02
     vertex 7.8736677285e+00 4.9992343945e+00 7.3042517795e-02
     vertex 7.9031783283e+00 4.9992343945e+00 7.8194847646e-02
   endloop
 endfacet
 facet normal  0.0000000000e+00 1.0000000000e+00 0.0000000000e+00
   outer loop
     vertex 7.9031783283e+00 4.9992343945e+00 7.8194847646e-02
     vertex 7.8736677285e+00 4.9992343945e+00 7.3042517795e-02
     vertex 7.8769120394e+00 4.9992343945e+00 8.0954445557e-02
   endloop
 endfacet
 facet normal  -0.0000000000e+00 1.0000000000e+00 0.0000000000e+00
   outer loop
     vertex 7.8736677285e+00 4.9992343945e+00 7.3042517795e-02
     vertex 7.8553677196e+00 4.9992343945e+00 8.0099715223e-02
     vertex 7.8769120394e+00 4.9992343945e+00 8.0954445557e-02
   endloop
 endfacet
 facet normal  0.0000000000e+00 1.0000000000e+00 0.0000000000e+00
   outer loop
     vertex 7.8769120394e+00 4.9992343945e+00 8.0954445557e-02
     vertex 7.8553677196e+00 4.9992343945e+00 8.0099715223e-02
     vertex 7.8585420712e+00 4.9992343945e+00 8.5149334827e-02
   endloop
 endfacet
 facet normal  0.0000000000e+00 1.0000000000e+00 0.0000000000e+00
   outer loop
     vertex 7.8553677196e+00 4.9992343945e+00 8.0099715223e-02
     vertex 7.8487403274e+00 4.9992343945e+00 8.8058054771e-02
     vertex 7.8585420712e+00 4.9992343945e+00 8.5149334827e-02
   endloop
 endfacet
 facet normal  -0.0000000000e+00 1.0000000000e+00 0.0000000000e+00
   outer loop
     vertex 7.8585420712e+00 4.9992343945e+00 8.5149334827e-02
     vertex 7.8487403274e+00 4.9992343945e+00 8.8058054771e-02
     vertex 7.8504388381e+00 4.9992343945e+00 8.9801714046e-02
   endloop
 endfacet
 facet normal  0.0000000000e+00 -1.0000000000e+00 0.0000000000e+00
   outer loop
     vertex 7.8487403274e+00 4.9992343945e+00 8.8058054771e-02
     vertex 7.8498868556e+00 4.9992343945e+00 8.7495533923e-02
     vertex 7.8504388381e+00 4.9992343945e+00 8.9801714046e-02
   endloop
 endfacet
 facet normal  0.0000000000e+00 -1.0000000000e+00 0.0000000000e+00
   outer loop
     vertex 7.8498868556e+00 4.9992343945e+00 8.7495533923e-02
     vertex 7.8555343704e+00 4.9992343945e+00 9.5032691872e-02
     vertex 7.8538358596e+00 4.9992343945e+00 9.3289032597e-02
   endloop
 endfacet
 facet normal  0.0000000000e+00 1.0000000000e+00 0.0000000000e+00
   outer loop
     vertex 7.8555343704e+00 4.9992343945e+00 9.5032691872e-02
     vertex 7.8648907744e+00 4.9992343945e+00 9.5248574034e-02
     vertex 7.8538358596e+00 4.9992343945e+00 9.3289032597e-02
   endloop
 endfacet
 facet normal  0.0000000000e+00 1.0000000000e+00 0.0000000000e+00
   outer loop
     vertex 7.8555343704e+00 4.9992343945e+00 9.5032691872e-02
     vertex 7.8680651259e+00 4.9992343945e+00 1.0029819364e-01
     vertex 7.8648907744e+00 4.9992343945e+00 9.5248574034e-02
   endloop
 endfacet
 facet normal  0.0000000000e+00 1.0000000000e+00 0.0000000000e+00
   outer loop
     vertex 7.8680651259e+00 4.9992343945e+00 1.0029819364e-01
     vertex 7.8834006611e+00 4.9992343945e+00 9.6778301079e-02
     vertex 7.8648907744e+00 4.9992343945e+00 9.5248574034e-02
   endloop
 endfacet
 facet normal  0.0000000000e+00 1.0000000000e+00 0.0000000000e+00
   outer loop
     vertex 7.8680651259e+00 4.9992343945e+00 1.0029819364e-01
     vertex 7.8866449720e+00 4.9992343945e+00 1.0469022884e-01
     vertex 7.8834006611e+00 4.9992343945e+00 9.6778301079e-02
   endloop
 endfacet
 facet normal  0.0000000000e+00 1.0000000000e+00 0.0000000000e+00
   outer loop
     vertex 7.8866449720e+00 4.9992343945e+00 1.0469022884e-01
     vertex 7.9093778145e+00 4.9992343945e+00 9.8283008125e-02
     vertex 7.8834006611e+00 4.9992343945e+00 9.6778301079e-02
   endloop
 endfacet
 facet normal  0.0000000000e+00 1.0000000000e+00 0.0000000000e+00
   outer loop
     vertex 7.8866449720e+00 4.9992343945e+00 1.0469022884e-01
     vertex 7.9124775576e+00 4.9992343945e+00 1.0832708836e-01
     vertex 7.9093778145e+00 4.9992343945e+00 9.8283008125e-02
   endloop
 endfacet
 facet normal  0.0000000000e+00 1.0000000000e+00 0.0000000000e+00
   outer loop
     vertex 7.9124775576e+00 4.9992343945e+00 1.0832708836e-01
     vertex 7.9437682632e+00 4.9992343945e+00 9.9374674173e-02
     vertex 7.9093778145e+00 4.9992343945e+00 9.8283008125e-02
   endloop
 endfacet
 facet normal  0.0000000000e+00 1.0000000000e+00 0.0000000000e+00
   outer loop
     vertex 7.9124775576e+00 4.9992343945e+00 1.0832708836e-01
     vertex 7.9466355610e+00 4.9992343945e+00 1.1091985851e-01
     vertex 7.9437682632e+00 4.9992343945e+00 9.9374674173e-02
   endloop
 endfacet
 facet normal  0.0000000000e+00 1.0000000000e+00 0.0000000000e+00
   outer loop
     vertex 7.9466355610e+00 4.9992343945e+00 1.1091985851e-01
     vertex 7.9867615352e+00 4.9992343945e+00 9.9806713008e-02
     vertex 7.9437682632e+00 4.9992343945e+00 9.9374674173e-02
   endloop
 endfacet
 facet normal  0.0000000000e+00 1.0000000000e+00 0.0000000000e+00
   outer loop
     vertex 7.9466355610e+00 4.9992343945e+00 1.1091985851e-01
     vertex 7.9893233735e+00 4.9992343945e+00 1.1205844237e-01
     vertex 7.9867615352e+00 4.9992343945e+00 9.9806713008e-02
   endloop
 endfacet
 facet normal  0.0000000000e+00 1.0000000000e+00 0.0000000000e+00
   outer loop
     vertex 7.9893233735e+00 4.9992343945e+00 1.1205844237e-01
     vertex 8.0370304428e+00 4.9992343945e+00 9.9431571806e-02
     vertex 7.9867615352e+00 4.9992343945e+00 9.9806713008e-02
   endloop
 endfacet
 facet normal  0.0000000000e+00 1.0000000000e+00 0.0000000000e+00
   outer loop
     vertex 7.9893233735e+00 4.9992343945e+00 1.1205844237e-01
     vertex 8.0392296962e+00 4.9992343945e+00 1.1147392056e-01
     vertex 8.0370304428e+00 4.9992343945e+00 9.9431571806e-02
   endloop
 endfacet
 facet normal  0.0000000000e+00 1.0000000000e+00 0.0000000000e+00
   outer loop
     vertex 8.0392296962e+00 4.9992343945e+00 1.1147392056e-01
     vertex 8.0915004699e+00 4.9992343945e+00 9.8284367566e-02
     vertex 8.0370304428e+00 4.9992343945e+00 9.9431571806e-02
   endloop
 endfacet
 facet normal  0.0000000000e+00 1.0000000000e+00 0.0000000000e+00
   outer loop
     vertex 8.0392296962e+00 4.9992343945e+00 1.1147392056e-01
     vertex 8.0933054692e+00 4.9992343945e+00 1.0925655422e-01
     vertex 8.0915004699e+00 4.9992343945e+00 9.8284367566e-02
   endloop
 endfacet
 facet normal  0.0000000000e+00 1.0000000000e+00 0.0000000000e+00
   outer loop
     vertex 8.0933054692e+00 4.9992343945e+00 1.0925655422e-01
     vertex 8.1473213023e+00 4.9992343945e+00 1.0588136033e-01
     vertex 8.0915004699e+00 4.9992343945e+00 9.8284367566e-02
   endloop
 endfacet
 facet normal  0.0000000000e+00 1.0000000000e+00 0.0000000000e+00
   outer loop
     vertex 8.0915004699e+00 4.9992343945e+00 9.8284367566e-02
     vertex 8.1473213023e+00 4.9992343945e+00 1.0588136033e-01
     vertex 8.1459099778e+00 4.9992343945e+00 9.6589771805e-02
   endloop
 endfacet
 facet normal  0.0000000000e+00 1.0000000000e+00 0.0000000000e+00
   outer loop
     vertex 8.1473213023e+00 4.9992343945e+00 1.0588136033e-01
     vertex 8.1970801749e+00 4.9992343945e+00 1.0200468706e-01
     vertex 8.1459099778e+00 4.9992343945e+00 9.6589771805e-02
   endloop
 endfacet
 facet normal  0.0000000000e+00 1.0000000000e+00 0.0000000000e+00
   outer loop
     vertex 8.1459099778e+00 4.9992343945e+00 9.6589771805e-02
     vertex 8.1970801749e+00 4.9992343945e+00 1.0200468706e-01
     vertex 8.1960310749e+00 4.9992343945e+00 9.4662378532e-02
   endloop
 endfacet
 facet normal  0.0000000000e+00 1.0000000000e+00 0.0000000000e+00
   outer loop
     vertex 8.1970801749e+00 4.9992343945e+00 1.0200468706e-01
     vertex 8.2396143736e+00 4.9992343945e+00 9.8211942698e-02
     vertex 8.1960310749e+00 4.9992343945e+00 9.4662378532e-02
   endloop
 endfacet
 facet normal  0.0000000000e+00 1.0000000000e+00 0.0000000000e+00
   outer loop
     vertex 8.1960310749e+00 4.9992343945e+00 9.4662378532e-02
     vertex 8.2396143736e+00 4.9992343945e+00 9.8211942698e-02
     vertex 8.2388745707e+00 4.9992343945e+00 9.2784484541e-02
   endloop
 endfacet
 facet normal  0.0000000000e+00 1.0000000000e+00 0.0000000000e+00
   outer loop
     vertex 8.2396143736e+00 4.9992343945e+00 9.8211942698e-02
     vertex 8.2737081070e+00 4.9992343945e+00 9.4881539986e-02
     vertex 8.2388745707e+00 4.9992343945e+00 9.2784484541e-02
   endloop
 endfacet
 facet normal  0.0000000000e+00 1.0000000000e+00 0.0000000000e+00
   outer loop
     vertex 8.2388745707e+00 4.9992343945e+00 9.2784484541e-02
     vertex 8.2737081070e+00 4.9992343945e+00 9.4881539986e-02
     vertex 8.2732160717e+00 4.9992343945e+00 9.1138753224e-02
   endloop
 endfacet
 facet normal  0.0000000000e+00 1.0000000000e+00 0.0000000000e+00
   outer loop
     vertex 8.2737081070e+00 4.9992343945e+00 9.4881539986e-02
     vertex 8.2996543400e+00 4.9992343945e+00 9.2177911767e-02
     vertex 8.2732160717e+00 4.9992343945e+00 9.1138753224e-02
   endloop
 endfacet
 facet normal  0.0000000000e+00 1.0000000000e+00 0.0000000000e+00
   outer loop
     vertex 8.2732160717e+00 4.9992343945e+00 9.1138753224e-02
     vertex 8.2996543400e+00 4.9992343945e+00 9.2177911767e-02
     vertex 8.2993507398e+00 4.9992343945e+00 8.9804261003e-02
   endloop
 endfacet
 facet normal  0.0000000000e+00 1.0000000000e+00 0.0000000000e+00
   outer loop
     vertex 8.2996543400e+00 4.9992343945e+00 9.2177911767e-02
     vertex 8.3186306183e+00 4.9992343945e+00 9.0104747356e-02
     vertex 8.2993507398e+00 4.9992343945e+00 8.9804261003e-02
   endloop
 endfacet
 facet normal  0.0000000000e+00 1.0000000000e+00 0.0000000000e+00
   outer loop
     vertex 8.2993507398e+00 4.9992343945e+00 8.9804261003e-02
     vertex 8.3186306183e+00 4.9992343945e+00 9.0104747356e-02
     vertex 8.3184647771e+00 4.9992343945e+00 8.8781675232e-02
   endloop
 endfacet
 facet normal  0.0000000000e+00 1.0000000000e+00 0.0000000000e+00
   outer loop
     vertex 8.3186306183e+00 4.9992343945e+00 9.0104747356e-02
     vertex 8.3321097387e+00 4.9992343945e+00 8.8581127674e-02
     vertex 8.3184647771e+00 4.9992343945e+00 8.8781675232e-02
   endloop
 endfacet
 facet normal  0.0000000000e+00 1.0000000000e+00 0.0000000000e+00
   outer loop
     vertex 8.3184647771e+00 4.9992343945e+00 8.8781675232e-02
     vertex 8.3321097387e+00 4.9992343945e+00 8.8581127674e-02
     vertex 8.3320417124e+00 4.9992343945e+00 8.8030535429e-02
   endloop
 endfacet
 facet normal  0.0000000000e+00 1.0000000000e+00 0.0000000000e+00
   outer loop
     vertex 8.3321097387e+00 4.9992343945e+00 8.8581127674e-02
     vertex 8.3414868556e+00 4.9992343945e+00 8.7495533923e-02
     vertex 8.3320417124e+00 4.9992343945e+00 8.8030535429e-02
   endloop
 endfacet
 facet normal  0.0000000000e+00 1.0000000000e+00 0.0000000000e+00
   outer loop
     vertex 8.3414868556e+00 4.9992343945e+00 8.7495533923e-02
     vertex 8.3319056599e+00 4.9992343945e+00 8.6929350937e-02
     vertex 8.3319736862e+00 4.9992343945e+00 8.7479943183e-02
   endloop
 endfacet
 facet normal  -0.0000000000e+00 1.0000000000e+00 0.0000000000e+00
   outer loop
     vertex 8.3319056599e+00 4.9992343945e+00 8.6929350937e-02
     vertex 8.3182989359e+00 4.9992343945e+00 8.7458603107e-02
     vertex 8.3319736862e+00 4.9992343945e+00 8.7479943183e-02
   endloop
 endfacet
 facet normal  0.0000000000e+00 1.0000000000e+00 0.0000000000e+00
   outer loop
     vertex 8.3319056599e+00 4.9992343945e+00 8.6929350937e-02
     vertex 8.3181330947e+00 4.9992343945e+00 8.6135530983e-02
     vertex 8.3182989359e+00 4.9992343945e+00 8.7458603107e-02
   endloop
 endfacet
 facet normal  -0.0000000000e+00 1.0000000000e+00 0.0000000000e+00
   outer loop
     vertex 8.3181330947e+00 4.9992343945e+00 8.6135530983e-02
     vertex 8.2990471397e+00 4.9992343945e+00 8.7430610238e-02
     vertex 8.3182989359e+00 4.9992343945e+00 8.7458603107e-02
   endloop
 endfacet
 facet normal  0.0000000000e+00 1.0000000000e+00 0.0000000000e+00
   outer loop
     vertex 8.3181330947e+00 4.9992343945e+00 8.6135530983e-02
     vertex 8.2987435396e+00 4.9992343945e+00 8.5056959474e-02
     vertex 8.2990471397e+00 4.9992343945e+00 8.7430610238e-02
   endloop
 endfacet
 facet normal  3.3747083234e-14 1.0000000000e+00 -4.3163969462e-15
   outer loop
     vertex 8.2987435396e+00 4.9992343945e+00 8.5056959474e-02
     vertex 8.2727240365e+00 4.9992343945e+00 8.7395966462e-02
     vertex 8.2990471397e+00 4.9992343945e+00 8.7430610238e-02
   endloop
 endfacet
 facet normal  3.3736415548e-14 1.0000000000e+00 -4.4350660669e-15
   outer loop
     vertex 8.2987435396e+00 4.9992343945e+00 8.5056959474e-02
     vertex 8.2722320012e+00 4.9992343945e+00 8.3653179700e-02
     vertex 8.2727240365e+00 4.9992343945e+00 8.7395966462e-02
   endloop
 endfacet
 facet normal  -2.5681661483e-14 1.0000000000e+00 3.3761697422e-15
   outer loop
     vertex 8.2722320012e+00 4.9992343945e+00 8.3653179700e-02
     vertex 8.2381347678e+00 4.9992343945e+00 8.7357026385e-02
     vertex 8.2727240365e+00 4.9992343945e+00 8.7395966462e-02
   endloop
 endfacet
 facet normal  -2.5668342178e-14 1.0000000000e+00 3.4987859030e-15
   outer loop
     vertex 8.2722320012e+00 4.9992343945e+00 8.3653179700e-02
     vertex 8.2373949649e+00 4.9992343945e+00 8.1929568228e-02
     vertex 8.2381347678e+00 4.9992343945e+00 8.7357026385e-02
   endloop
 endfacet
 facet normal  -0.0000000000e+00 1.0000000000e+00 0.0000000000e+00
   outer loop
     vertex 8.2373949649e+00 4.9992343945e+00 8.1929568228e-02
     vertex 8.1949819749e+00 4.9992343945e+00 8.7320070005e-02
     vertex 8.2381347678e+00 4.9992343945e+00 8.7357026385e-02
   endloop
 endfacet
 facet normal  0.0000000000e+00 1.0000000000e+00 0.0000000000e+00
   outer loop
     vertex 8.2373949649e+00 4.9992343945e+00 8.1929568228e-02
     vertex 8.1939328749e+00 4.9992343945e+00 7.9977761478e-02
     vertex 8.1949819749e+00 4.9992343945e+00 8.7320070005e-02
   endloop
 endfacet
 facet normal  -0.0000000000e+00 1.0000000000e+00 0.0000000000e+00
   outer loop
     vertex 8.1939328749e+00 4.9992343945e+00 7.9977761478e-02
     vertex 8.1444986534e+00 4.9992343945e+00 8.7298183280e-02
     vertex 8.1949819749e+00 4.9992343945e+00 8.7320070005e-02
   endloop
 endfacet
 facet normal  0.0000000000e+00 1.0000000000e+00 0.0000000000e+00
   outer loop
     vertex 8.1939328749e+00 4.9992343945e+00 7.9977761478e-02
     vertex 8.1430873290e+00 4.9992343945e+00 7.8006594755e-02
     vertex 8.1444986534e+00 4.9992343945e+00 8.7298183280e-02
   endloop
 endfacet
 facet normal  0.0000000000e+00 1.0000000000e+00 0.0000000000e+00
   outer loop
     vertex 8.1430873290e+00 4.9992343945e+00 7.8006594755e-02
     vertex 8.0896954705e+00 4.9992343945e+00 8.7312180910e-02
     vertex 8.1444986534e+00 4.9992343945e+00 8.7298183280e-02
   endloop
 endfacet
 facet normal  0.0000000000e+00 1.0000000000e+00 0.0000000000e+00
   outer loop
     vertex 8.1430873290e+00 4.9992343945e+00 7.8006594755e-02
     vertex 8.0878904712e+00 4.9992343945e+00 7.6339994254e-02
     vertex 8.0896954705e+00 4.9992343945e+00 8.7312180910e-02
   endloop
 endfacet
 facet normal  0.0000000000e+00 1.0000000000e+00 0.0000000000e+00
   outer loop
     vertex 8.0878904712e+00 4.9992343945e+00 7.6339994254e-02
     vertex 8.0326319360e+00 4.9992343945e+00 7.5346874290e-02
     vertex 8.0896954705e+00 4.9992343945e+00 8.7312180910e-02
   endloop
 endfacet
 facet normal  0.0000000000e+00 1.0000000000e+00 0.0000000000e+00
   outer loop
     vertex 8.0896954705e+00 4.9992343945e+00 8.7312180910e-02
     vertex 8.0326319360e+00 4.9992343945e+00 7.5346874290e-02
     vertex 8.0348311894e+00 4.9992343945e+00 8.7389223048e-02
   endloop
 endfacet
 facet normal  0.0000000000e+00 1.0000000000e+00 0.0000000000e+00
   outer loop
     vertex 8.0326319360e+00 4.9992343945e+00 7.5346874290e-02
     vertex 7.9816378586e+00 4.9992343945e+00 7.5303254278e-02
     vertex 8.0348311894e+00 4.9992343945e+00 8.7389223048e-02
   endloop
 endfacet
 facet normal  0.0000000000e+00 1.0000000000e+00 0.0000000000e+00
   outer loop
     vertex 8.0348311894e+00 4.9992343945e+00 8.7389223048e-02
     vertex 7.9816378586e+00 4.9992343945e+00 7.5303254278e-02
     vertex 7.9841996969e+00 4.9992343945e+00 8.7554983643e-02
   endloop
 endfacet
 facet normal  -0.0000000000e+00 1.0000000000e+00 0.0000000000e+00
   outer loop
     vertex 7.9816378586e+00 4.9992343945e+00 7.5303254278e-02
     vertex 7.9380336677e+00 4.9992343945e+00 7.6284305500e-02
     vertex 7.9841996969e+00 4.9992343945e+00 8.7554983643e-02
   endloop
 endfacet
 facet normal  0.0000000000e+00 1.0000000000e+00 0.0000000000e+00
   outer loop
     vertex 7.9841996969e+00 4.9992343945e+00 8.7554983643e-02
     vertex 7.9380336677e+00 4.9992343945e+00 7.6284305500e-02
     vertex 7.9409009655e+00 4.9992343945e+00 8.7829489836e-02
   endloop
 endfacet
 facet normal  -0.0000000000e+00 1.0000000000e+00 0.0000000000e+00
   outer loop
     vertex 7.9380336677e+00 4.9992343945e+00 7.6284305500e-02
     vertex 7.9031783283e+00 4.9992343945e+00 7.8194847646e-02
     vertex 7.9409009655e+00 4.9992343945e+00 8.7829489836e-02
   endloop
 endfacet
 facet normal  0.0000000000e+00 1.0000000000e+00 0.0000000000e+00
   outer loop
     vertex 7.9409009655e+00 4.9992343945e+00 8.7829489836e-02
     vertex 7.9031783283e+00 4.9992343945e+00 7.8194847646e-02
     vertex 7.9062780714e+00 4.9992343945e+00 8.8238927886e-02
   endloop
 endfacet
 facet normal  -0.0000000000e+00 1.0000000000e+00 0.0000000000e+00
   outer loop
     vertex 7.9031783283e+00 4.9992343945e+00 7.8194847646e-02
     vertex 7.8769120394e+00 4.9992343945e+00 8.0954445557e-02
     vertex 7.9062780714e+00 4.9992343945e+00 8.8238927886e-02
   endloop
 endfacet
 facet normal  0.0000000000e+00 1.0000000000e+00 0.0000000000e+00
   outer loop
     vertex 7.9062780714e+00 4.9992343945e+00 8.8238927886e-02
     vertex 7.8769120394e+00 4.9992343945e+00 8.0954445557e-02
     vertex 7.8801563502e+00 4.9992343945e+00 8.8866373318e-02
   endloop
 endfacet
 facet normal  -0.0000000000e+00 1.0000000000e+00 0.0000000000e+00
   outer loop
     vertex 7.8769120394e+00 4.9992343945e+00 8.0954445557e-02
     vertex 7.8585420712e+00 4.9992343945e+00 8.5149334827e-02
     vertex 7.8801563502e+00 4.9992343945e+00 8.8866373318e-02
   endloop
 endfacet
 facet normal  0.0000000000e+00 1.0000000000e+00 0.0000000000e+00
   outer loop
     vertex 7.8801563502e+00 4.9992343945e+00 8.8866373318e-02
     vertex 7.8585420712e+00 4.9992343945e+00 8.5149334827e-02
     vertex 7.8617164228e+00 4.9992343945e+00 9.0198954430e-02
   endloop
 endfacet
 facet normal  -0.0000000000e+00 1.0000000000e+00 0.0000000000e+00
   outer loop
     vertex 7.8585420712e+00 4.9992343945e+00 8.5149334827e-02
     vertex 7.8504388381e+00 4.9992343945e+00 8.9801714046e-02
     vertex 7.8617164228e+00 4.9992343945e+00 9.0198954430e-02
   endloop
 endfacet
 facet normal  0.0000000000e+00 1.0000000000e+00 0.0000000000e+00
   outer loop
     vertex 7.8617164228e+00 4.9992343945e+00 9.0198954430e-02
     vertex 7.8504388381e+00 4.9992343945e+00 8.9801714046e-02
     vertex 7.8521373489e+00 4.9992343945e+00 9.1545373321e-02
   endloop
 endfacet
 facet normal  0.0000000000e+00 -1.0000000000e+00 0.0000000000e+00
   outer loop
     vertex 7.8504388381e+00 4.9992343945e+00 8.9801714046e-02
     vertex 7.8498868556e+00 4.9992343945e+00 8.7495533923e-02
     vertex 7.8521373489e+00 4.9992343945e+00 9.1545373321e-02
   endloop
 endfacet
 facet normal  0.0000000000e+00 -1.0000000000e+00 0.0000000000e+00
   outer loop
     vertex 7.8498868556e+00 4.9992343945e+00 8.7495533923e-02
     vertex 7.8538358596e+00 4.9992343945e+00 9.3289032597e-02
     vertex 7.8521373489e+00 4.9992343945e+00 9.1545373321e-02
   endloop
 endfacet
 facet normal  0.0000000000e+00 1.0000000000e+00 0.0000000000e+00
   outer loop
     vertex 7.8538358596e+00 4.9992343945e+00 9.3289032597e-02
     vertex 7.8617164228e+00 4.9992343945e+00 9.0198954430e-02
     vertex 7.8521373489e+00 4.9992343945e+00 9.1545373321e-02
   endloop
 endfacet
 facet normal  0.0000000000e+00 1.0000000000e+00 0.0000000000e+00
   outer loop
     vertex 7.8538358596e+00 4.9992343945e+00 9.3289032597e-02
     vertex 7.8648907744e+00 4.9992343945e+00 9.5248574034e-02
     vertex 7.8617164228e+00 4.9992343945e+00 9.0198954430e-02
   endloop
 endfacet
 facet normal  0.0000000000e+00 1.0000000000e+00 0.0000000000e+00
   outer loop
     vertex 7.8648907744e+00 4.9992343945e+00 9.5248574034e-02
     vertex 7.8801563502e+00 4.9992343945e+00 8.8866373318e-02
     vertex 7.8617164228e+00 4.9992343945e+00 9.0198954430e-02
   endloop
 endfacet
 facet normal  0.0000000000e+00 1.0000000000e+00 0.0000000000e+00
   outer loop
     vertex 7.8648907744e+00 4.9992343945e+00 9.5248574034e-02
     vertex 7.8834006611e+00 4.9992343945e+00 9.6778301079e-02
     vertex 7.8801563502e+00 4.9992343945e+00 8.8866373318e-02
   endloop
 endfacet
 facet normal  0.0000000000e+00 1.0000000000e+00 0.0000000000e+00
   outer loop
     vertex 7.8834006611e+00 4.9992343945e+00 9.6778301079e-02
     vertex 7.9062780714e+00 4.9992343945e+00 8.8238927886e-02
     vertex 7.8801563502e+00 4.9992343945e+00 8.8866373318e-02
   endloop
 endfacet
 facet normal  0.0000000000e+00 1.0000000000e+00 0.0000000000e+00
   outer loop
     vertex 7.8834006611e+00 4.9992343945e+00 9.6778301079e-02
     vertex 7.9093778145e+00 4.9992343945e+00 9.8283008125e-02
     vertex 7.9062780714e+00 4.9992343945e+00 8.8238927886e-02
   endloop
 endfacet
 facet normal  0.0000000000e+00 1.0000000000e+00 0.0000000000e+00
   outer loop
     vertex 7.9093778145e+00 4.9992343945e+00 9.8283008125e-02
     vertex 7.9409009655e+00 4.9992343945e+00 8.7829489836e-02
     vertex 7.9062780714e+00 4.9992343945e+00 8.8238927886e-02
   endloop
 endfacet
 facet normal  0.0000000000e+00 1.0000000000e+00 0.0000000000e+00
   outer loop
     vertex 7.9093778145e+00 4.9992343945e+00 9.8283008125e-02
     vertex 7.9437682632e+00 4.9992343945e+00 9.9374674173e-02
     vertex 7.9409009655e+00 4.9992343945e+00 8.7829489836e-02
   endloop
 endfacet
 facet normal  0.0000000000e+00 1.0000000000e+00 0.0000000000e+00
   outer loop
     vertex 7.9437682632e+00 4.9992343945e+00 9.9374674173e-02
     vertex 7.9841996969e+00 4.9992343945e+00 8.7554983643e-02
     vertex 7.9409009655e+00 4.9992343945e+00 8.7829489836e-02
   endloop
 endfacet
 facet normal  0.0000000000e+00 1.0000000000e+00 0.0000000000e+00
   outer loop
     vertex 7.9437682632e+00 4.9992343945e+00 9.9374674173e-02
     vertex 7.9867615352e+00 4.9992343945e+00 9.9806713008e-02
     vertex 7.9841996969e+00 4.9992343945e+00 8.7554983643e-02
   endloop
 endfacet
 facet normal  0.0000000000e+00 1.0000000000e+00 0.0000000000e+00
   outer loop
     vertex 7.9867615352e+00 4.9992343945e+00 9.9806713008e-02
     vertex 8.0348311894e+00 4.9992343945e+00 8.7389223048e-02
     vertex 7.9841996969e+00 4.9992343945e+00 8.7554983643e-02
   endloop
 endfacet
 facet normal  0.0000000000e+00 1.0000000000e+00 0.0000000000e+00
   outer loop
     vertex 7.9867615352e+00 4.9992343945e+00 9.9806713008e-02
     vertex 8.0370304428e+00 4.9992343945e+00 9.9431571806e-02
     vertex 8.0348311894e+00 4.9992343945e+00 8.7389223048e-02
   endloop
 endfacet
 facet normal  0.0000000000e+00 1.0000000000e+00 0.0000000000e+00
   outer loop
     vertex 8.0370304428e+00 4.9992343945e+00 9.9431571806e-02
     vertex 8.0896954705e+00 4.9992343945e+00 8.7312180910e-02
     vertex 8.0348311894e+00 4.9992343945e+00 8.7389223048e-02
   endloop
 endfacet
 facet normal  0.0000000000e+00 1.0000000000e+00 0.0000000000e+00
   outer loop
     vertex 8.0370304428e+00 4.9992343945e+00 9.9431571806e-02
     vertex 8.0915004699e+00 4.9992343945e+00 9.8284367566e-02
     vertex 8.0896954705e+00 4.9992343945e+00 8.7312180910e-02
   endloop
 endfacet
 facet normal  0.0000000000e+00 1.0000000000e+00 0.0000000000e+00
   outer loop
     vertex 8.0915004699e+00 4.9992343945e+00 9.8284367566e-02
     vertex 8.1459099778e+00 4.9992343945e+00 9.6589771805e-02
     vertex 8.0896954705e+00 4.9992343945e+00 8.7312180910e-02
   endloop
 endfacet
 facet normal  0.0000000000e+00 1.0000000000e+00 0.0000000000e+00
   outer loop
     vertex 8.0896954705e+00 4.9992343945e+00 8.7312180910e-02
     vertex 8.1459099778e+00 4.9992343945e+00 9.6589771805e-02
     vertex 8.1444986534e+00 4.9992343945e+00 8.7298183280e-02
   endloop
 endfacet
 facet normal  0.0000000000e+00 1.0000000000e+00 0.0000000000e+00
   outer loop
     vertex 8.1459099778e+00 4.9992343945e+00 9.6589771805e-02
     vertex 8.1960310749e+00 4.9992343945e+00 9.4662378532e-02
     vertex 8.1444986534e+00 4.9992343945e+00 8.7298183280e-02
   endloop
 endfacet
 facet normal  0.0000000000e+00 1.0000000000e+00 0.0000000000e+00
   outer loop
     vertex 8.1444986534e+00 4.9992343945e+00 8.7298183280e-02
     vertex 8.1960310749e+00 4.9992343945e+00 9.4662378532e-02
     vertex 8.1949819749e+00 4.9992343945e+00 8.7320070005e-02
   endloop
 endfacet
 facet normal  0.0000000000e+00 1.0000000000e+00 0.0000000000e+00
   outer loop
     vertex 8.1960310749e+00 4.9992343945e+00 9.4662378532e-02
     vertex 8.2388745707e+00 4.9992343945e+00 9.2784484541e-02
     vertex 8.1949819749e+00 4.9992343945e+00 8.7320070005e-02
   endloop
 endfacet
 facet normal  0.0000000000e+00 1.0000000000e+00 0.0000000000e+00
   outer loop
     vertex 8.1949819749e+00 4.9992343945e+00 8.7320070005e-02
     vertex 8.2388745707e+00 4.9992343945e+00 9.2784484541e-02
     vertex 8.2381347678e+00 4.9992343945e+00 8.7357026385e-02
   endloop
 endfacet
 facet normal  0.0000000000e+00 1.0000000000e+00 0.0000000000e+00
   outer loop
     vertex 8.2388745707e+00 4.9992343945e+00 9.2784484541e-02
     vertex 8.2732160717e+00 4.9992343945e+00 9.1138753224e-02
     vertex 8.2381347678e+00 4.9992343945e+00 8.7357026385e-02
   endloop
 endfacet
 facet normal  0.0000000000e+00 1.0000000000e+00 0.0000000000e+00
   outer loop
     vertex 8.2381347678e+00 4.9992343945e+00 8.7357026385e-02
     vertex 8.2732160717e+00 4.9992343945e+00 9.1138753224e-02
     vertex 8.2727240365e+00 4.9992343945e+00 8.7395966462e-02
   endloop
 endfacet
 facet normal  0.0000000000e+00 1.0000000000e+00 0.0000000000e+00
   outer loop
     vertex 8.2732160717e+00 4.9992343945e+00 9.1138753224e-02
     vertex 8.2993507398e+00 4.9992343945e+00 8.9804261003e-02
     vertex 8.2727240365e+00 4.9992343945e+00 8.7395966462e-02
   endloop
 endfacet
 facet normal  0.0000000000e+00 1.0000000000e+00 0.0000000000e+00
   outer loop
     vertex 8.2727240365e+00 4.9992343945e+00 8.7395966462e-02
     vertex 8.2993507398e+00 4.9992343945e+00 8.9804261003e-02
     vertex 8.2990471397e+00 4.9992343945e+00 8.7430610238e-02
   endloop
 endfacet
 facet normal  0.0000000000e+00 1.0000000000e+00 0.0000000000e+00
   outer loop
     vertex 8.2993507398e+00 4.9992343945e+00 8.9804261003e-02
     vertex 8.3184647771e+00 4.9992343945e+00 8.8781675232e-02
     vertex 8.2990471397e+00 4.9992343945e+00 8.7430610238e-02
   endloop
 endfacet
 facet normal  0.0000000000e+00 1.0000000000e+00 0.0000000000e+00
   outer loop
     vertex 8.2990471397e+00 4.9992343945e+00 8.7430610238e-02
     vertex 8.3184647771e+00 4.9992343945e+00 8.8781675232e-02
     vertex 8.3182989359e+00 4.9992343945e+00 8.7458603107e-02
   endloop
 endfacet
 facet normal  0.0000000000e+00 1.0000000000e+00 0.0000000000e+00
   outer loop
     vertex 8.3184647771e+00 4.9992343945e+00 8.8781675232e-02
     vertex 8.3320417124e+00 4.9992343945e+00 8.8030535429e-02
     vertex 8.3182989359e+00 4.9992343945e+00 8.7458603107e-02
   endloop
 endfacet
 facet normal  0.0000000000e+00 1.0000000000e+00 0.0000000000e+00
   outer loop
     vertex 8.3182989359e+00 4.9992343945e+00 8.7458603107e-02
     vertex 8.3320417124e+00 4.9992343945e+00 8.8030535429e-02
     vertex 8.3319736862e+00 4.9992343945e+00 8.7479943183e-02
   endloop
 endfacet
 facet normal  0.0000000000e+00 1.0000000000e+00 0.0000000000e+00
   outer loop
     vertex 8.3320417124e+00 4.9992343945e+00 8.8030535429e-02
     vertex 8.3414868556e+00 4.9992343945e+00 8.7495533923e-02
     vertex 8.3319736862e+00 4.9992343945e+00 8.7479943183e-02
   endloop
 endfacet
 facet normal  1.3339299941e-01 5.7267733635e-02 -9.8940725406e-01
   outer loop
     vertex 5.5462611594e+00 0.0000000000e+00 0.0000000000e+00
     vertex 6.1053062986e+00 -9.9984687891e-01 1.7499106785e-02
     vertex 6.0748135012e+00 -9.9984687891e-01 1.3388033529e-02
   endloop
 endfacet
 facet normal  1.3464048038e-01 5.7929972682e-02 -9.8919970648e-01
   outer loop
     vertex 5.5462611594e+00 0.0000000000e+00 0.0000000000e+00
     vertex 6.0748135012e+00 -9.9984687891e-01 1.3388033529e-02
     vertex 5.5105574681e+00 0.0000000000e+00 -4.8596477611e-03
   endloop
 endfacet
 facet normal  1.3021998884e-01 5.5421883457e-02 -9.8993493187e-01
   outer loop
     vertex 5.5105574681e+00 0.0000000000e+00 -4.8596477611e-03
     vertex 6.0748135012e+00 -9.9984687891e-01 1.3388033529e-02
     vertex 6.0309812941e+00 -9.9984687891e-01 7.6221701942e-03
   endloop
 endfacet
 facet normal  1.3143920846e-01 5.6058951153e-02 -9.8973790898e-01
   outer loop
     vertex 5.5105574681e+00 0.0000000000e+00 -4.8596477611e-03
     vertex 6.0309812941e+00 -9.9984687891e-01 7.6221701942e-03
     vertex 5.4592348042e+00 0.0000000000e+00 -1.1675401972e-02
   endloop
 endfacet
 facet normal  1.2582478227e-01 5.2830928609e-02 -9.9064474821e-01
   outer loop
     vertex 5.4592348042e+00 0.0000000000e+00 -1.1675401972e-02
     vertex 6.0309812941e+00 -9.9984687891e-01 7.6221701942e-03
     vertex 5.9692724394e+00 -9.9984687891e-01 -2.1565785961e-04
   endloop
 endfacet
 facet normal  1.2700467007e-01 5.3434905118e-02 -9.9046177347e-01
   outer loop
     vertex 5.4592348042e+00 0.0000000000e+00 -1.1675401972e-02
     vertex 5.9692724394e+00 -9.9984687891e-01 -2.1565785961e-04
     vertex 5.3869805644e+00 0.0000000000e+00 -2.0940399502e-02
   endloop
 endfacet
 facet normal  1.1995727888e-01 4.9308002252e-02 -9.9155381708e-01
   outer loop
     vertex 5.3869805644e+00 0.0000000000e+00 -2.0940399502e-02
     vertex 5.9692724394e+00 -9.9984687891e-01 -2.1565785961e-04
     vertex 5.8848970471e+00 -9.9984687891e-01 -1.0423316078e-02
   endloop
 endfacet
 facet normal  1.2108434180e-01 4.9871008691e-02 -9.9138865470e-01
   outer loop
     vertex 5.3869805644e+00 0.0000000000e+00 -2.0940399502e-02
     vertex 5.8848970471e+00 -9.9984687891e-01 -1.0423316078e-02
     vertex 5.2881863174e+00 0.0000000000e+00 -3.3006743333e-02
   endloop
 endfacet
 facet normal  1.1232168909e-01 4.4612499326e-02 -9.9266991647e-01
   outer loop
     vertex 5.2881863174e+00 0.0000000000e+00 -3.3006743333e-02
     vertex 5.8848970471e+00 -9.9984687891e-01 -1.0423316078e-02
     vertex 5.7740245343e+00 -9.9984687891e-01 -2.2968662429e-02
   endloop
 endfacet
 facet normal  1.1337887578e-01 4.5127640171e-02 -9.9252643623e-01
   outer loop
     vertex 5.2881863174e+00 0.0000000000e+00 -3.3006743333e-02
     vertex 5.7740245343e+00 -9.9984687891e-01 -2.2968662429e-02
     vertex 5.1583668773e+00 0.0000000000e+00 -4.7836355554e-02
   endloop
 endfacet
 facet normal  1.0229659740e-01 3.8266617218e-02 -9.9401764178e-01
   outer loop
     vertex 5.1583668773e+00 0.0000000000e+00 -4.7836355554e-02
     vertex 5.7740245343e+00 -9.9984687891e-01 -2.2968662429e-02
     vertex 5.6357012172e+00 -9.9984687891e-01 -3.7203826955e-02
   endloop
 endfacet
 facet normal  1.0326319358e-01 3.8729330899e-02 -9.9389976948e-01
   outer loop
     vertex 5.1583668773e+00 0.0000000000e+00 -4.7836355554e-02
     vertex 5.6357012172e+00 -9.9984687891e-01 -3.7203826955e-02
     vertex 4.9964055778e+00 0.0000000000e+00 -6.4663646931e-02
   endloop
 endfacet
 facet normal  8.8792383840e-02 2.9429673458e-02 -9.9561529061e-01
   outer loop
     vertex 4.9964055778e+00 0.0000000000e+00 -6.4663646931e-02
     vertex 5.6357012172e+00 -9.9984687891e-01 -3.7203826955e-02
     vertex 5.4738779964e+00 -9.9984687891e-01 -5.1635776396e-02
   endloop
 endfacet
 facet normal  8.9633699854e-02 2.9832578743e-02 -9.9552790875e-01
   outer loop
     vertex 4.9964055778e+00 0.0000000000e+00 -6.4663646931e-02
     vertex 5.4738779964e+00 -9.9984687891e-01 -5.1635776396e-02
     vertex 4.8069284944e+00 0.0000000000e+00 -8.1723472052e-02
   endloop
 endfacet
 facet normal  6.9958299064e-02 1.6651405841e-02 -9.9741093190e-01
   outer loop
     vertex 4.8069284944e+00 0.0000000000e+00 -8.1723472052e-02
     vertex 5.4738779964e+00 -9.9984687891e-01 -5.1635776396e-02
     vertex 5.2982046760e+00 -9.9984687891e-01 -6.3957484824e-02
   endloop
 endfacet
 facet normal  7.0623647366e-02 1.6979257073e-02 -9.9735851391e-01
   outer loop
     vertex 4.8069284944e+00 0.0000000000e+00 -8.1723472052e-02
     vertex 5.2982046760e+00 -9.9984687891e-01 -6.3957484824e-02
     vertex 4.6012344771e+00 0.0000000000e+00 -9.6288807930e-02
   endloop
 endfacet
 facet normal  4.3558873561e-02 -1.9416357444e-03 -9.9904897507e-01
   outer loop
     vertex 4.6012344771e+00 0.0000000000e+00 -9.6288807930e-02
     vertex 5.2982046760e+00 -9.9984687891e-01 -6.3957484824e-02
     vertex 4.3953101003e+00 0.0000000000e+00 -1.0526718048e-01
   endloop
 endfacet
 facet normal  4.3146973629e-02 -2.3143005975e-03 -9.9906605521e-01
   outer loop
     vertex 5.2982046760e+00 -9.9984687891e-01 -6.3957484824e-02
     vertex 5.1223346168e+00 -9.9984687891e-01 -7.1552839274e-02
     vertex 4.3953101003e+00 0.0000000000e+00 -1.0526718048e-01
   endloop
 endfacet
 facet normal  5.7909088203e-03 -2.9493492371e-02 -9.9954819758e-01
   outer loop
     vertex 4.3953101003e+00 0.0000000000e+00 -1.0526718048e-01
     vertex 5.1223346168e+00 -9.9984687891e-01 -7.1552839274e-02
     vertex 4.2052820923e+00 0.0000000000e+00 -1.0636811275e-01
   endloop
 endfacet
 facet normal  5.7360442544e-03 -2.9543773076e-02 -9.9954702904e-01
   outer loop
     vertex 5.1223346168e+00 -9.9984687891e-01 -7.1552839274e-02
     vertex 4.9600408779e+00 -9.9984687891e-01 -7.2484185216e-02
     vertex 4.2052820923e+00 0.0000000000e+00 -1.0636811275e-01
   endloop
 endfacet
 facet normal  -4.5048840397e-02 -6.7782905922e-02 -9.9668253704e-01
   outer loop
     vertex 4.2052820923e+00 0.0000000000e+00 -1.0636811275e-01
     vertex 4.9600408779e+00 -9.9984687891e-01 -7.2484185216e-02
     vertex 4.0428092406e+00 0.0000000000e+00 -9.9024537144e-02
   endloop
 endfacet
 facet normal  -4.4624122825e-02 -6.7394488184e-02 -9.9672798226e-01
   outer loop
     vertex 4.9600408779e+00 -9.9984687891e-01 -7.2484185216e-02
     vertex 4.8212806665e+00 -9.9984687891e-01 -6.6271805482e-02
     vertex 4.0428092406e+00 0.0000000000e+00 -9.9024537144e-02
   endloop
 endfacet
 facet normal  -1.1278444623e-01 -1.2012291838e-01 -9.8633166489e-01
   outer loop
     vertex 4.0428092406e+00 0.0000000000e+00 -9.9024537144e-02
     vertex 4.8212806665e+00 -9.9984687891e-01 -6.6271805482e-02
     vertex 3.9129787269e+00 0.0000000000e+00 -8.4178757462e-02
   endloop
 endfacet
 facet normal  -1.1174240776e-01 -1.1918045914e-01 -9.8656457086e-01
   outer loop
     vertex 4.8212806665e+00 -9.9984687891e-01 -6.6271805482e-02
     vertex 4.7103986986e+00 -9.9984687891e-01 -5.3712852488e-02
     vertex 3.9129787269e+00 0.0000000000e+00 -8.4178757462e-02
   endloop
 endfacet
 facet normal  -2.0871710808e-01 -1.9565770691e-01 -9.5820416954e-01
   outer loop
     vertex 3.9129787269e+00 0.0000000000e+00 -8.4178757462e-02
     vertex 4.7103986986e+00 -9.9984687891e-01 -5.3712852488e-02
     vertex 3.8152542590e+00 0.0000000000e+00 -6.2892304137e-02
   endloop
 endfacet
 facet normal  -2.0689627859e-01 -1.9403420565e-01 -9.5892891131e-01
   outer loop
     vertex 4.7103986986e+00 -9.9984687891e-01 -5.3712852488e-02
     vertex 4.6269369529e+00 -9.9984687891e-01 -3.5705339751e-02
     vertex 3.8152542590e+00 0.0000000000e+00 -6.2892304137e-02
   endloop
 endfacet
 facet normal  -3.8860759346e-01 -3.3877347475e-01 -8.5686444151e-01
   outer loop
     vertex 3.8152542590e+00 0.0000000000e+00 -6.2892304137e-02
     vertex 4.6269369529e+00 -9.9984687891e-01 -3.5705339751e-02
     vertex 3.7475412483e+00 0.0000000000e+00 -3.2182907351e-02
   endloop
 endfacet
 facet normal  -3.8589821103e-01 -3.3638286837e-01 -8.5902801851e-01
   outer loop
     vertex 4.6269369529e+00 -9.9984687891e-01 -3.5705339751e-02
     vertex 4.5691065426e+00 -9.9984687891e-01 -9.7263828365e-03
     vertex 3.7475412483e+00 0.0000000000e+00 -3.2182907351e-02
   endloop
 endfacet
 facet normal  -6.7374239083e-01 -5.6432344965e-01 -4.7708514437e-01
   outer loop
     vertex 3.7475412483e+00 0.0000000000e+00 -3.2182907351e-02
     vertex 4.5691065426e+00 -9.9984687891e-01 -9.7263828365e-03
     vertex 3.7230188183e+00 0.0000000000e+00 2.4478096436e-03
   endloop
 endfacet
 facet normal  -6.7229458024e-01 -5.6305533403e-01 -4.8061282566e-01
   outer loop
     vertex 4.5691065426e+00 -9.9984687891e-01 -9.7263828365e-03
     vertex 4.5481631201e+00 -9.9984687891e-01 1.9569858669e-02
     vertex 3.7230188183e+00 0.0000000000e+00 2.4478096436e-03
   endloop
 endfacet
 facet normal  4.5957540337e-01 3.9291386738e-01 7.9649804861e-01
   outer loop
     vertex 3.7230188183e+00 0.0000000000e+00 2.4478096436e-03
     vertex 4.5481631201e+00 -9.9984687891e-01 1.9569858669e-02
     vertex 3.7272611594e+00 0.0000000000e+00 0.0000000000e+00
   endloop
 endfacet
 facet normal  4.5677261121e-01 3.9066580727e-01 7.9921149183e-01
   outer loop
     vertex 4.5481631201e+00 -9.9984687891e-01 1.9569858669e-02
     vertex 4.5517862986e+00 -9.9984687891e-01 1.7499106785e-02
     vertex 3.7272611594e+00 0.0000000000e+00 0.0000000000e+00
   endloop
 endfacet
 facet normal  -6.9415120263e-01 -5.6461825841e-01 4.4649785012e-01
   outer loop
     vertex 3.7272611594e+00 0.0000000000e+00 0.0000000000e+00
     vertex 4.5517862986e+00 -9.9984687891e-01 1.7499106785e-02
     vertex 4.5696331805e+00 -9.9984687891e-01 4.5244894490e-02
   endloop
 endfacet
 facet normal  -6.9538418793e-01 -5.6581290343e-01 4.4305370948e-01
   outer loop
     vertex 3.7272611594e+00 0.0000000000e+00 0.0000000000e+00
     vertex 4.5696331805e+00 -9.9984687891e-01 4.5244894490e-02
     vertex 3.7481578831e+00 0.0000000000e+00 3.2797945144e-02
   endloop
 endfacet
 facet normal  -4.1496136446e-01 -3.3037936974e-01 8.4773612525e-01
   outer loop
     vertex 3.7481578831e+00 0.0000000000e+00 3.2797945144e-02
     vertex 4.5696331805e+00 -9.9984687891e-01 4.5244894490e-02
     vertex 4.6092319995e+00 -9.9984687891e-01 6.4628260887e-02
   endloop
 endfacet
 facet normal  -4.1776612060e-01 -3.3286981614e-01 8.4538107028e-01
   outer loop
     vertex 3.7481578831e+00 0.0000000000e+00 3.2797945144e-02
     vertex 4.6092319995e+00 -9.9984687891e-01 6.4628260887e-02
     vertex 3.7945237178e+00 0.0000000000e+00 5.5710777700e-02
   endloop
 endfacet
 facet normal  -2.5993444545e-01 -2.0338410015e-01 9.4396450774e-01
   outer loop
     vertex 3.7945237178e+00 0.0000000000e+00 5.5710777700e-02
     vertex 4.6092319995e+00 -9.9984687891e-01 6.4628260887e-02
     vertex 4.6679467319e+00 -9.9984687891e-01 8.0796221961e-02
   endloop
 endfacet
 facet normal  -2.6213394605e-01 -2.0533133942e-01 9.4293416280e-01
   outer loop
     vertex 3.7945237178e+00 0.0000000000e+00 5.5710777700e-02
     vertex 4.6679467319e+00 -9.9984687891e-01 8.0796221961e-02
     vertex 3.8632721719e+00 0.0000000000e+00 7.4822720241e-02
   endloop
 endfacet
 facet normal  -1.6060084074e-01 -1.2340060479e-01 9.7927506896e-01
   outer loop
     vertex 3.8632721719e+00 0.0000000000e+00 7.4822720241e-02
     vertex 4.6679467319e+00 -9.9984687891e-01 8.0796221961e-02
     vertex 4.7495810656e+00 -9.9984687891e-01 9.4184230137e-02
   endloop
 endfacet
 facet normal  -1.6206924357e-01 -1.2471016134e-01 9.7886716971e-01
   outer loop
     vertex 3.8632721719e+00 0.0000000000e+00 7.4822720241e-02
     vertex 4.7495810656e+00 -9.9984687891e-01 9.4184230137e-02
     vertex 3.9588569426e+00 0.0000000000e+00 9.0648515580e-02
   endloop
 endfacet
 facet normal  -8.7885503962e-02 -6.5988995570e-02 9.9394244836e-01
   outer loop
     vertex 3.9588569426e+00 0.0000000000e+00 9.0648515580e-02
     vertex 4.7495810656e+00 -9.9984687891e-01 9.4184230137e-02
     vertex 4.8575248030e+00 -9.9984687891e-01 1.0372873624e-01
   endloop
 endfacet
 facet normal  -8.8714982574e-02 -6.6736152232e-02 9.9381886572e-01
   outer loop
     vertex 3.9588569426e+00 0.0000000000e+00 9.0648515580e-02
     vertex 4.8575248030e+00 -9.9984687891e-01 1.0372873624e-01
     vertex 4.0852471135e+00 0.0000000000e+00 1.0193095567e-01
   endloop
 endfacet
 facet normal  -3.1039530104e-02 -2.2178060600e-02 9.9927207566e-01
   outer loop
     vertex 4.0852471135e+00 0.0000000000e+00 1.0193095567e-01
     vertex 4.8575248030e+00 -9.9984687891e-01 1.0372873624e-01
     vertex 4.9924239602e+00 -9.9984687891e-01 1.0791899288e-01
   endloop
 endfacet
 facet normal  -3.1335431394e-02 -2.2446627732e-02 9.9925684368e-01
   outer loop
     vertex 4.0852471135e+00 0.0000000000e+00 1.0193095567e-01
     vertex 4.9924239602e+00 -9.9984687891e-01 1.0791899288e-01
     vertex 4.2431991069e+00 0.0000000000e+00 1.0688413050e-01
   endloop
 endfacet
 facet normal  1.3634533192e-02 1.1251754675e-02 9.9984373655e-01
   outer loop
     vertex 4.2431991069e+00 0.0000000000e+00 1.0688413050e-01
     vertex 4.9924239602e+00 -9.9984687891e-01 1.0791899288e-01
     vertex 5.1501343248e+00 -9.9984687891e-01 1.0576834961e-01
   endloop
 endfacet
 facet normal  1.3764483592e-02 1.1369632793e-02 9.9984062252e-01
   outer loop
     vertex 4.2431991069e+00 0.0000000000e+00 1.0688413050e-01
     vertex 5.1501343248e+00 -9.9984687891e-01 1.0576834961e-01
     vertex 4.4278604820e+00 0.0000000000e+00 1.0434195687e-01
   endloop
 endfacet
 facet normal  4.7680934812e-02 3.5868035674e-02 9.9821841922e-01
   outer loop
     vertex 4.4278604820e+00 0.0000000000e+00 1.0434195687e-01
     vertex 5.1501343248e+00 -9.9984687891e-01 1.0576834961e-01
     vertex 5.3210208077e+00 -9.9984687891e-01 9.7605780082e-02
   endloop
 endfacet
 facet normal  4.8135182027e-02 3.6274059127e-02 9.9818194578e-01
   outer loop
     vertex 4.4278604820e+00 0.0000000000e+00 1.0434195687e-01
     vertex 5.3210208077e+00 -9.9984687891e-01 9.7605780082e-02
     vertex 4.6279496423e+00 0.0000000000e+00 9.4693086547e-02
   endloop
 endfacet
 facet normal  7.3181444956e-02 5.3628841780e-02 9.9587570682e-01
   outer loop
     vertex 4.6279496423e+00 0.0000000000e+00 9.4693086547e-02
     vertex 5.3210208077e+00 -9.9984687891e-01 9.7605780082e-02
     vertex 4.8278170148e+00 0.0000000000e+00 8.0005929288e-02
   endloop
 endfacet
 facet normal  7.2493175607e-02 5.3290538470e-02 9.9594420426e-01
   outer loop
     vertex 5.3210208077e+00 -9.9984687891e-01 9.7605780082e-02
     vertex 5.4917178723e+00 -9.9984687891e-01 8.5181015497e-02
     vertex 4.8278170148e+00 0.0000000000e+00 8.0005929288e-02
   endloop
 endfacet
 facet normal  9.1044800910e-02 6.5597165975e-02 9.9368398198e-01
   outer loop
     vertex 4.8278170148e+00 0.0000000000e+00 8.0005929288e-02
     vertex 5.4917178723e+00 -9.9984687891e-01 8.5181015497e-02
     vertex 5.0119329410e+00 0.0000000000e+00 6.3136584350e-02
   endloop
 endfacet
 facet normal  9.0191814402e-02 6.5190158698e-02 9.9378854885e-01
   outer loop
     vertex 5.4917178723e+00 -9.9984687891e-01 8.5181015497e-02
     vertex 5.6489623878e+00 -9.9984687891e-01 7.0910204892e-02
     vertex 5.0119329410e+00 0.0000000000e+00 6.3136584350e-02
   endloop
 endfacet
 facet normal  1.0400805479e-01 7.3977564164e-02 9.9182137733e-01
   outer loop
     vertex 5.0119329410e+00 0.0000000000e+00 6.3136584350e-02
     vertex 5.6489623878e+00 -9.9984687891e-01 7.0910204892e-02
     vertex 5.1693163981e+00 0.0000000000e+00 4.6632456092e-02
   endloop
 endfacet
 facet normal  1.0303687720e-01 7.3514967705e-02 9.9195713187e-01
   outer loop
     vertex 5.6489623878e+00 -9.9984687891e-01 7.0910204892e-02
     vertex 5.7833759932e+00 -9.9984687891e-01 5.6948353413e-02
     vertex 5.1693163981e+00 0.0000000000e+00 4.6632456092e-02
   endloop
 endfacet
 facet normal  1.1376174418e-01 8.0084329382e-02 9.9027509600e-01
   outer loop
     vertex 5.1693163981e+00 0.0000000000e+00 4.6632456092e-02
     vertex 5.7833759932e+00 -9.9984687891e-01 5.6948353413e-02
     vertex 5.2954687598e+00 0.0000000000e+00 3.2140207666e-02
   endloop
 endfacet
 facet normal  1.1270255190e-01 7.9571493111e-02 9.9043753578e-01
   outer loop
     vertex 5.7833759932e+00 -9.9984687891e-01 5.6948353413e-02
     vertex 5.8911166292e+00 -9.9984687891e-01 4.4688474130e-02
     vertex 5.2954687598e+00 0.0000000000e+00 3.2140207666e-02
   endloop
 endfacet
 facet normal  1.2119757307e-01 8.4614461724e-02 9.8901544030e-01
   outer loop
     vertex 5.2954687598e+00 0.0000000000e+00 3.2140207666e-02
     vertex 5.8911166292e+00 -9.9984687891e-01 4.4688474130e-02
     vertex 5.3914740440e+00 0.0000000000e+00 2.0375368637e-02
   endloop
 endfacet
 facet normal  1.2007189644e-01 8.4056435076e-02 9.8920031106e-01
   outer loop
     vertex 5.8911166292e+00 -9.9984687891e-01 4.4688474130e-02
     vertex 5.9731101032e+00 -9.9984687891e-01 3.4735877263e-02
     vertex 5.3914740440e+00 0.0000000000e+00 2.0375368637e-02
   endloop
 endfacet
 facet normal  1.2693931557e-01 8.8034090494e-02 9.8799615843e-01
   outer loop
     vertex 5.3914740440e+00 0.0000000000e+00 2.0375368637e-02
     vertex 5.9731101032e+00 -9.9984687891e-01 3.4735877263e-02
     vertex 5.4616893620e+00 0.0000000000e+00 1.1353993062e-02
   endloop
 endfacet
 facet normal  1.2576270160e-01 8.7437011868e-02 9.8819963157e-01
   outer loop
     vertex 5.9731101032e+00 -9.9984687891e-01 3.4735877263e-02
     vertex 6.0330776133e+00 -9.9984687891e-01 2.7104143921e-02
     vertex 5.4616893620e+00 0.0000000000e+00 1.1353993062e-02
   endloop
 endfacet
 facet normal  1.3123261504e-01 9.0547310461e-02 9.8720777211e-01
   outer loop
     vertex 5.4616893620e+00 0.0000000000e+00 1.1353993062e-02
     vertex 6.0330776133e+00 -9.9984687891e-01 2.7104143921e-02
     vertex 5.5115643008e+00 0.0000000000e+00 4.7239615459e-03
   endloop
 endfacet
 facet normal  1.3001815648e-01 8.9918739546e-02 9.8742589558e-01
   outer loop
     vertex 6.0330776133e+00 -9.9984687891e-01 2.7104143921e-02
     vertex 6.0756733884e+00 -9.9984687891e-01 2.1495394772e-02
     vertex 5.5115643008e+00 0.0000000000e+00 4.7239615459e-03
   endloop
 endfacet
 facet normal  1.3432859917e-01 9.2337244146e-02 9.8662539030e-01
   outer loop
     vertex 5.5115643008e+00 0.0000000000e+00 4.7239615459e-03
     vertex 6.0756733884e+00 -9.9984687891e-01 2.1495394772e-02
     vertex 5.5462611594e+00 0.0000000000e+00 0.0000000000e+00
   endloop
 endfacet
 facet normal  1.3308698569e-01 9.1684743219e-02 9.8685447868e-01
   outer loop
     vertex 6.0756733884e+00 -9.9984687891e-01 2.1495394772e-02
     vertex 6.1053062986e+00 -9.9984687891e-01 1.7499106785e-02
     vertex 5.5462611594e+00 0.0000000000e+00 0.0000000000e+00
   endloop
 endfacet
 facet normal  1.3163033598e-01 5.6277048438e-02 -9.8970013058e-01
   outer loop
     vertex 6.1053062986e+00 -9.9984687891e-01 1.7499106785e-02
     vertex 6.6643514379e+00 -1.9996937578e+00 3.4998213569e-02
     vertex 6.6390695344e+00 -1.9996937578e+00 3.1635714820e-02
   endloop
 endfacet
 facet normal  1.3339334727e-01 5.7222327600e-02 -9.8940983426e-01
   outer loop
     vertex 6.1053062986e+00 -9.9984687891e-01 1.7499106785e-02
     vertex 6.6390695344e+00 -1.9996937578e+00 3.1635714820e-02
     vertex 6.0748135012e+00 -9.9984687891e-01 1.3388033529e-02
   endloop
 endfacet
 facet normal  1.2849746848e-01 5.4444695202e-02 -9.9021420701e-01
   outer loop
     vertex 6.0748135012e+00 -9.9984687891e-01 1.3388033529e-02
     vertex 6.6390695344e+00 -1.9996937578e+00 3.1635714820e-02
     vertex 6.6027277839e+00 -1.9996937578e+00 2.6919742360e-02
   endloop
 endfacet
 facet normal  1.3022044993e-01 5.5358153227e-02 -9.8993843712e-01
   outer loop
     vertex 6.0748135012e+00 -9.9984687891e-01 1.3388033529e-02
     vertex 6.6027277839e+00 -1.9996937578e+00 2.6919742360e-02
     vertex 6.0309812941e+00 -9.9984687891e-01 7.6221701942e-03
   endloop
 endfacet
 facet normal  1.2415807204e-01 5.1872811631e-02 -9.9090563857e-01
   outer loop
     vertex 6.0309812941e+00 -9.9984687891e-01 7.6221701942e-03
     vertex 6.6027277839e+00 -1.9996937578e+00 2.6919742360e-02
     vertex 6.5515643144e+00 -1.9996937578e+00 2.0509083783e-02
   endloop
 endfacet
 facet normal  1.2582535986e-01 5.2744210255e-02 -9.9064929572e-01
   outer loop
     vertex 6.0309812941e+00 -9.9984687891e-01 7.6221701942e-03
     vertex 6.5515643144e+00 -1.9996937578e+00 2.0509083783e-02
     vertex 5.9692724394e+00 -9.9984687891e-01 -2.1565785961e-04
   endloop
 endfacet
 facet normal  1.1836543311e-01 4.8376025168e-02 -9.9179099836e-01
   outer loop
     vertex 5.9692724394e+00 -9.9984687891e-01 -2.1565785961e-04
     vertex 6.5515643144e+00 -1.9996937578e+00 2.0509083783e-02
     vertex 6.4816077768e+00 -1.9996937578e+00 1.2160111176e-02
   endloop
 endfacet
 facet normal  1.1995794861e-01 4.9194919312e-02 -9.9155935298e-01
   outer loop
     vertex 5.9692724394e+00 -9.9984687891e-01 -2.1565785961e-04
     vertex 6.4816077768e+00 -1.9996937578e+00 1.2160111176e-02
     vertex 5.8848970471e+00 -9.9984687891e-01 -1.0423316078e-02
   endloop
 endfacet
 facet normal  1.1082873602e-01 4.3716811960e-02 -9.9287755117e-01
   outer loop
     vertex 5.8848970471e+00 -9.9984687891e-01 -1.0423316078e-02
     vertex 6.4816077768e+00 -1.9996937578e+00 1.2160111176e-02
     vertex 6.3896821912e+00 -1.9996937578e+00 1.8990306960e-03
   endloop
 endfacet
 facet normal  1.1232238649e-01 4.4473382974e-02 -9.9267607995e-01
   outer loop
     vertex 5.8848970471e+00 -9.9984687891e-01 -1.0423316078e-02
     vertex 6.3896821912e+00 -1.9996937578e+00 1.8990306960e-03
     vertex 5.7740245343e+00 -9.9984687891e-01 -2.2968662429e-02
   endloop
 endfacet
 facet normal  1.0093168157e-01 3.7421897834e-02 -9.9418931659e-01
   outer loop
     vertex 5.7740245343e+00 -9.9984687891e-01 -2.2968662429e-02
     vertex 6.3896821912e+00 -1.9996937578e+00 1.8990306960e-03
     vertex 6.2749968566e+00 -1.9996937578e+00 -9.7440069783e-03
   endloop
 endfacet
 facet normal  1.0229721681e-01 3.8108289038e-02 -9.9402366055e-01
   outer loop
     vertex 5.7740245343e+00 -9.9984687891e-01 -2.2968662429e-02
     vertex 6.2749968566e+00 -1.9996937578e+00 -9.7440069783e-03
     vertex 5.6357012172e+00 -9.9984687891e-01 -3.7203826955e-02
   endloop
 endfacet
 facet normal  8.7604364350e-02 2.8666559822e-02 -9.9574278993e-01
   outer loop
     vertex 5.6357012172e+00 -9.9984687891e-01 -3.7203826955e-02
     vertex 6.2749968566e+00 -1.9996937578e+00 -9.7440069783e-03
     vertex 6.1408274985e+00 -1.9996937578e+00 -2.1548080740e-02
   endloop
 endfacet
 facet normal  8.8792803212e-02 2.9268886232e-02 -9.9561999297e-01
   outer loop
     vertex 5.6357012172e+00 -9.9984687891e-01 -3.7203826955e-02
     vertex 6.1408274985e+00 -1.9996937578e+00 -2.1548080740e-02
     vertex 5.4738779964e+00 -9.9984687891e-01 -5.1635776396e-02
   endloop
 endfacet
 facet normal  6.9018679142e-02 1.6022350951e-02 -9.9748669475e-01
   outer loop
     vertex 5.4738779964e+00 -9.9984687891e-01 -5.1635776396e-02
     vertex 6.1408274985e+00 -1.9996937578e+00 -2.1548080740e-02
     vertex 5.9951748750e+00 -1.9996937578e+00 -3.1626161719e-02
   endloop
 endfacet
 facet normal  6.9958458742e-02 1.6513800807e-02 -9.9741320847e-01
   outer loop
     vertex 5.4738779964e+00 -9.9984687891e-01 -5.1635776396e-02
     vertex 5.9951748750e+00 -1.9996937578e+00 -3.1626161719e-02
     vertex 5.2982046760e+00 -9.9984687891e-01 -6.3957484824e-02
   endloop
 endfacet
 facet normal  4.3146981959e-02 -2.2293144259e-03 -9.9906624811e-01
   outer loop
     vertex 5.2982046760e+00 -9.9984687891e-01 -6.3957484824e-02
     vertex 5.9951748750e+00 -1.9996937578e+00 -3.1626161719e-02
     vertex 5.1223346168e+00 -9.9984687891e-01 -7.1552839274e-02
   endloop
 endfacet
 facet normal  4.2565244767e-02 -2.7381018021e-03 -9.9908993726e-01
   outer loop
     vertex 5.9951748750e+00 -1.9996937578e+00 -3.1626161719e-02
     vertex 5.8493591332e+00 -1.9996937578e+00 -3.7838498073e-02
     vertex 5.1223346168e+00 -9.9984687891e-01 -7.1552839274e-02
   endloop
 endfacet
 facet normal  5.7360460210e-03 -2.9533356058e-02 -9.9954733688e-01
   outer loop
     vertex 5.1223346168e+00 -9.9984687891e-01 -7.1552839274e-02
     vertex 5.8493591332e+00 -1.9996937578e+00 -3.7838498073e-02
     vertex 4.9600408779e+00 -9.9984687891e-01 -7.2484185216e-02
   endloop
 endfacet
 facet normal  5.6585655124e-03 -2.9602216161e-02 -9.9954574154e-01
   outer loop
     vertex 5.8493591332e+00 -1.9996937578e+00 -3.7838498073e-02
     vertex 5.7147996635e+00 -1.9996937578e+00 -3.8600257684e-02
     vertex 4.9600408779e+00 -9.9984687891e-01 -7.2484185216e-02
   endloop
 endfacet
 facet normal  -4.4623914156e-02 -6.7463522138e-02 -9.9672332142e-01
   outer loop
     vertex 4.9600408779e+00 -9.9984687891e-01 -7.2484185216e-02
     vertex 5.7147996635e+00 -1.9996937578e+00 -3.8600257684e-02
     vertex 4.8212806665e+00 -9.9984687891e-01 -6.6271805482e-02
   endloop
 endfacet
 facet normal  -4.4023989516e-02 -6.6929131355e-02 -9.9678602504e-01
   outer loop
     vertex 5.7147996635e+00 -1.9996937578e+00 -3.8600257684e-02
     vertex 5.5997520923e+00 -1.9996937578e+00 -3.3519073821e-02
     vertex 4.8212806665e+00 -9.9984687891e-01 -6.6271805482e-02
   endloop
 endfacet
 facet normal  -1.1174055870e-01 -1.1931725200e-01 -9.8654824561e-01
   outer loop
     vertex 4.8212806665e+00 -9.9984687891e-01 -6.6271805482e-02
     vertex 5.5997520923e+00 -1.9996937578e+00 -3.3519073821e-02
     vertex 4.7103986986e+00 -9.9984687891e-01 -5.3712852488e-02
   endloop
 endfacet
 facet normal  -1.1026741984e-01 -1.1801342442e-01 -9.8687077562e-01
   outer loop
     vertex 5.5997520923e+00 -1.9996937578e+00 -3.3519073821e-02
     vertex 5.5078186702e+00 -1.9996937578e+00 -2.3246947514e-02
     vertex 4.7103986986e+00 -9.9984687891e-01 -5.3712852488e-02
   endloop
 endfacet
 facet normal  -2.0688851127e-01 -1.9422031033e-01 -9.5889291110e-01
   outer loop
     vertex 4.7103986986e+00 -9.9984687891e-01 -5.3712852488e-02
     vertex 5.5078186702e+00 -1.9996937578e+00 -2.3246947514e-02
     vertex 4.6269369529e+00 -9.9984687891e-01 -3.5705339751e-02
   endloop
 endfacet
 facet normal  -2.0430875145e-01 -1.9196005587e-01 -9.5990065685e-01
   outer loop
     vertex 5.5078186702e+00 -1.9996937578e+00 -2.3246947514e-02
     vertex 5.4386196468e+00 -1.9996937578e+00 -8.5183753642e-03
     vertex 4.6269369529e+00 -9.9984687891e-01 -3.5705339751e-02
   endloop
 endfacet
 facet normal  -3.8586575836e-01 -3.3660449961e-01 -8.5895577731e-01
   outer loop
     vertex 4.6269369529e+00 -9.9984687891e-01 -3.5705339751e-02
     vertex 5.4386196468e+00 -1.9996937578e+00 -8.5183753642e-03
     vertex 4.5691065426e+00 -9.9984687891e-01 -9.7263828365e-03
   endloop
 endfacet
 facet normal  -3.8199842029e-01 -3.3324494820e-01 -8.6198898566e-01
   outer loop
     vertex 5.4386196468e+00 -1.9996937578e+00 -8.5183753642e-03
     vertex 5.3906718368e+00 -1.9996937578e+00 1.2730141679e-02
     vertex 4.5691065426e+00 -9.9984687891e-01 -9.7263828365e-03
   endloop
 endfacet
 facet normal  -6.7223488645e-01 -5.6316301983e-01 -4.8057015151e-01
   outer loop
     vertex 4.5691065426e+00 -9.9984687891e-01 -9.7263828365e-03
     vertex 5.3906718368e+00 -1.9996937578e+00 1.2730141679e-02
     vertex 4.5481631201e+00 -9.9984687891e-01 1.9569858669e-02
   endloop
 endfacet
 facet normal  -6.7012183886e-01 -5.6134795253e-01 -4.8561836588e-01
   outer loop
     vertex 5.3906718368e+00 -1.9996937578e+00 1.2730141679e-02
     vertex 5.3733074219e+00 -1.9996937578e+00 3.6691907694e-02
     vertex 4.5481631201e+00 -9.9984687891e-01 1.9569858669e-02
   endloop
 endfacet
 facet normal  4.5677591869e-01 3.9065010071e-01 7.9921727892e-01
   outer loop
     vertex 4.5481631201e+00 -9.9984687891e-01 1.9569858669e-02
     vertex 5.3733074219e+00 -1.9996937578e+00 3.6691907694e-02
     vertex 4.5517862986e+00 -9.9984687891e-01 1.7499106785e-02
   endloop
 endfacet
 facet normal  4.5276986012e-01 3.8743218402e-01 8.0305401845e-01
   outer loop
     vertex 5.3733074219e+00 -1.9996937578e+00 3.6691907694e-02
     vertex 5.3763114379e+00 -1.9996937578e+00 3.4998213569e-02
     vertex 4.5517862986e+00 -9.9984687891e-01 1.7499106785e-02
   endloop
 endfacet
 facet normal  -6.9229300500e-01 -5.6300011009e-01 4.5139923711e-01
   outer loop
     vertex 4.5517862986e+00 -9.9984687891e-01 1.7499106785e-02
     vertex 5.3763114379e+00 -1.9996937578e+00 3.4998213569e-02
     vertex 5.3911084780e+00 -1.9996937578e+00 5.7691843835e-02
   endloop
 endfacet
 facet normal  -6.9409682303e-01 -5.6471276285e-01 4.4646287162e-01
   outer loop
     vertex 4.5517862986e+00 -9.9984687891e-01 1.7499106785e-02
     vertex 5.3911084780e+00 -1.9996937578e+00 5.7691843835e-02
     vertex 4.5696331805e+00 -9.9984687891e-01 4.5244894490e-02
   endloop
 endfacet
 facet normal  -4.1092988628e-01 -3.2702654985e-01 8.5099369226e-01
   outer loop
     vertex 4.5696331805e+00 -9.9984687891e-01 4.5244894490e-02
     vertex 5.3911084780e+00 -1.9996937578e+00 5.7691843835e-02
     vertex 5.4239402811e+00 -1.9996937578e+00 7.3545744075e-02
   endloop
 endfacet
 facet normal  -4.1493612965e-01 -3.3054330140e-01 8.4768457236e-01
   outer loop
     vertex 4.5696331805e+00 -9.9984687891e-01 4.5244894490e-02
     vertex 5.4239402811e+00 -1.9996937578e+00 7.3545744075e-02
     vertex 4.6092319995e+00 -9.9984687891e-01 6.4628260887e-02
   endloop
 endfacet
 facet normal  -2.5680515945e-01 -2.0082173184e-01 9.4536857474e-01
   outer loop
     vertex 4.6092319995e+00 -9.9984687891e-01 6.4628260887e-02
     vertex 5.4239402811e+00 -1.9996937578e+00 7.3545744075e-02
     vertex 5.4726212919e+00 -1.9996937578e+00 8.6769723681e-02
   endloop
 endfacet
 facet normal  -2.5992540563e-01 -2.0354795139e-01 9.4393167920e-01
   outer loop
     vertex 4.6092319995e+00 -9.9984687891e-01 6.4628260887e-02
     vertex 5.4726212919e+00 -1.9996937578e+00 8.6769723681e-02
     vertex 4.6679467319e+00 -9.9984687891e-01 8.0796221961e-02
   endloop
 endfacet
 facet normal  -1.5852053376e-01 -1.2172309983e-01 9.7982382465e-01
   outer loop
     vertex 4.6679467319e+00 -9.9984687891e-01 8.0796221961e-02
     vertex 5.4726212919e+00 -1.9996937578e+00 8.6769723681e-02
     vertex 5.5403051886e+00 -1.9996937578e+00 9.7719944694e-02
   endloop
 endfacet
 facet normal  -1.6059792908e-01 -1.2354519966e-01 9.7925731492e-01
   outer loop
     vertex 4.6679467319e+00 -9.9984687891e-01 8.0796221961e-02
     vertex 5.5403051886e+00 -1.9996937578e+00 9.7719944694e-02
     vertex 4.7495810656e+00 -9.9984687891e-01 9.4184230137e-02
   endloop
 endfacet
 facet normal  -8.6712834769e-02 -6.5061015234e-02 9.9410660826e-01
   outer loop
     vertex 4.7495810656e+00 -9.9984687891e-01 9.4184230137e-02
     vertex 5.5403051886e+00 -1.9996937578e+00 9.7719944694e-02
     vertex 5.6298024925e+00 -1.9996937578e+00 1.0552651680e-01
   endloop
 endfacet
 facet normal  -8.7884887287e-02 -6.6094780318e-02 9.9393547406e-01
   outer loop
     vertex 4.7495810656e+00 -9.9984687891e-01 9.4184230137e-02
     vertex 5.6298024925e+00 -1.9996937578e+00 1.0552651680e-01
     vertex 4.8575248030e+00 -9.9984687891e-01 1.0372873624e-01
   endloop
 endfacet
 facet normal  -3.0621589922e-02 -2.1855209317e-02 9.9929208346e-01
   outer loop
     vertex 4.8575248030e+00 -9.9984687891e-01 1.0372873624e-01
     vertex 5.6298024925e+00 -1.9996937578e+00 1.0552651680e-01
     vertex 5.7416488135e+00 -1.9996937578e+00 1.0895385525e-01
   endloop
 endfacet
 facet normal  -3.1039497839e-02 -2.2224858312e-02 9.9927103693e-01
   outer loop
     vertex 4.8575248030e+00 -9.9984687891e-01 1.0372873624e-01
     vertex 5.7416488135e+00 -1.9996937578e+00 1.0895385525e-01
     vertex 4.9924239602e+00 -9.9984687891e-01 1.0791899288e-01
   endloop
 endfacet
 facet normal  1.3451007832e-02 1.1114236021e-02 9.9984776048e-01
   outer loop
     vertex 4.9924239602e+00 -9.9984687891e-01 1.0791899288e-01
     vertex 5.7416488135e+00 -1.9996937578e+00 1.0895385525e-01
     vertex 5.8724081677e+00 -1.9996937578e+00 1.0719474235e-01
   endloop
 endfacet
 facet normal  1.3634529505e-02 1.1275760038e-02 9.9984346617e-01
   outer loop
     vertex 4.9924239602e+00 -9.9984687891e-01 1.0791899288e-01
     vertex 5.8724081677e+00 -1.9996937578e+00 1.0719474235e-01
     vertex 5.1501343248e+00 -9.9984687891e-01 1.0576834961e-01
   endloop
 endfacet
 facet normal  4.7039166921e-02 3.5404499571e-02 9.9826541470e-01
   outer loop
     vertex 5.1501343248e+00 -9.9984687891e-01 1.0576834961e-01
     vertex 5.8724081677e+00 -1.9996937578e+00 1.0719474235e-01
     vertex 6.0140919731e+00 -1.9996937578e+00 1.0051847362e-01
   endloop
 endfacet
 facet normal  4.7680778546e-02 3.5959173669e-02 9.9821514774e-01
   outer loop
     vertex 5.1501343248e+00 -9.9984687891e-01 1.0576834961e-01
     vertex 6.0140919731e+00 -1.9996937578e+00 1.0051847362e-01
     vertex 5.3210208077e+00 -9.9984687891e-01 9.7605780082e-02
   endloop
 endfacet
 facet normal  7.2493710317e-02 5.3152340679e-02 9.9595155035e-01
   outer loop
     vertex 5.3210208077e+00 -9.9984687891e-01 9.7605780082e-02
     vertex 6.0140919731e+00 -1.9996937578e+00 1.0051847362e-01
     vertex 5.4917178723e+00 -9.9984687891e-01 8.5181015497e-02
   endloop
 endfacet
 facet normal  7.1521582572e-02 5.2645939237e-02 9.9604872788e-01
   outer loop
     vertex 6.0140919731e+00 -1.9996937578e+00 1.0051847362e-01
     vertex 6.1556187298e+00 -1.9996937578e+00 9.0356101705e-02
     vertex 5.4917178723e+00 -9.9984687891e-01 8.5181015497e-02
   endloop
 endfacet
 facet normal  9.0192747178e-02 6.5031994564e-02 9.9379882674e-01
   outer loop
     vertex 5.4917178723e+00 -9.9984687891e-01 8.5181015497e-02
     vertex 6.1556187298e+00 -1.9996937578e+00 9.0356101705e-02
     vertex 5.6489623878e+00 -9.9984687891e-01 7.0910204892e-02
   endloop
 endfacet
 facet normal  8.8987864204e-02 6.4424321552e-02 9.9394701409e-01
   outer loop
     vertex 6.1556187298e+00 -1.9996937578e+00 9.0356101705e-02
     vertex 6.2859918346e+00 -1.9996937578e+00 7.8683825434e-02
     vertex 5.6489623878e+00 -9.9984687891e-01 7.0910204892e-02
   endloop
 endfacet
 facet normal  1.0303805091e-01 7.3360691812e-02 9.9196843143e-01
   outer loop
     vertex 5.6489623878e+00 -9.9984687891e-01 7.0910204892e-02
     vertex 6.2859918346e+00 -1.9996937578e+00 7.8683825434e-02
     vertex 5.7833759932e+00 -9.9984687891e-01 5.6948353413e-02
   endloop
 endfacet
 facet normal  1.0166608534e-01 7.2675188457e-02 9.9216043263e-01
   outer loop
     vertex 6.2859918346e+00 -1.9996937578e+00 7.8683825434e-02
     vertex 6.3974355883e+00 -1.9996937578e+00 6.7264250734e-02
     vertex 5.7833759932e+00 -9.9984687891e-01 5.6948353413e-02
   endloop
 endfacet
 facet normal  1.1270377047e-01 7.9436357436e-02 9.9044824460e-01
   outer loop
     vertex 5.7833759932e+00 -9.9984687891e-01 5.6948353413e-02
     vertex 6.3974355883e+00 -1.9996937578e+00 6.7264250734e-02
     vertex 5.8911166292e+00 -9.9984687891e-01 4.4688474130e-02
   endloop
 endfacet
 facet normal  1.1120731353e-01 7.8683732094e-02 9.9067744686e-01
   outer loop
     vertex 6.3974355883e+00 -1.9996937578e+00 6.7264250734e-02
     vertex 6.4867644987e+00 -1.9996937578e+00 5.7236740594e-02
     vertex 5.8911166292e+00 -9.9984687891e-01 4.4688474130e-02
   endloop
 endfacet
 facet normal  1.2007300858e-01 8.3946949851e-02 9.8920947338e-01
   outer loop
     vertex 5.8911166292e+00 -9.9984687891e-01 4.4688474130e-02
     vertex 6.4867644987e+00 -1.9996937578e+00 5.7236740594e-02
     vertex 5.9731101032e+00 -9.9984687891e-01 3.4735877263e-02
   endloop
 endfacet
 facet normal  1.1848245841e-01 8.3135688742e-02 9.8946973895e-01
   outer loop
     vertex 6.4867644987e+00 -1.9996937578e+00 5.7236740594e-02
     vertex 6.5547461624e+00 -1.9996937578e+00 4.9096385889e-02
     vertex 5.9731101032e+00 -9.9984687891e-01 3.4735877263e-02
   endloop
 endfacet
 facet normal  1.2576362996e-01 8.7353191828e-02 9.8820692633e-01
   outer loop
     vertex 5.9731101032e+00 -9.9984687891e-01 3.4735877263e-02
     vertex 6.5547461624e+00 -1.9996937578e+00 4.9096385889e-02
     vertex 6.0330776133e+00 -9.9984687891e-01 2.7104143921e-02
   endloop
 endfacet
 facet normal  1.2410095171e-01 8.6491980850e-02 9.8849283813e-01
   outer loop
     vertex 6.5547461624e+00 -1.9996937578e+00 4.9096385889e-02
     vertex 6.6044658646e+00 -1.9996937578e+00 4.2854294780e-02
     vertex 6.0330776133e+00 -9.9984687891e-01 2.7104143921e-02
   endloop
 endfacet
 facet normal  1.3001888139e-01 8.9857213831e-02 9.8743140096e-01
   outer loop
     vertex 6.0330776133e+00 -9.9984687891e-01 2.7104143921e-02
     vertex 6.6044658646e+00 -1.9996937578e+00 4.2854294780e-02
     vertex 6.0756733884e+00 -9.9984687891e-01 2.1495394772e-02
   endloop
 endfacet
 facet normal  1.2830259053e-01 8.8956050980e-02 9.8773744804e-01
   outer loop
     vertex 6.6044658646e+00 -1.9996937578e+00 4.2854294780e-02
     vertex 6.6397824760e+00 -1.9996937578e+00 3.8266827997e-02
     vertex 6.0756733884e+00 -9.9984687891e-01 2.1495394772e-02
   endloop
 endfacet
 facet normal  1.3308752452e-01 9.1640945187e-02 9.8685847414e-01
   outer loop
     vertex 6.0756733884e+00 -9.9984687891e-01 2.1495394772e-02
     vertex 6.6397824760e+00 -1.9996937578e+00 3.8266827997e-02
     vertex 6.1053062986e+00 -9.9984687891e-01 1.7499106785e-02
   endloop
 endfacet
 facet normal  1.3133275067e-01 9.0709585939e-02 9.8717955794e-01
   outer loop
     vertex 6.6397824760e+00 -1.9996937578e+00 3.8266827997e-02
     vertex 6.6643514379e+00 -1.9996937578e+00 3.4998213569e-02
     vertex 6.1053062986e+00 -9.9984687891e-01 1.7499106785e-02
   endloop
 endfacet
 facet normal  1.2894938775e-01 5.4770393173e-02 -9.9013749521e-01
   outer loop
     vertex 6.6643514379e+00 -1.9996937578e+00 3.4998213569e-02
     vertex 7.2233965771e+00 -2.9995406367e+00 5.2497320354e-02
     vertex 7.2033255675e+00 -2.9995406367e+00 4.9883396111e-02
   endloop
 endfacet
 facet normal  1.3163074292e-01 5.6222261260e-02 -9.8970319028e-01
   outer loop
     vertex 6.6643514379e+00 -1.9996937578e+00 3.4998213569e-02
     vertex 7.2033255675e+00 -2.9995406367e+00 4.9883396111e-02
     vertex 6.6390695344e+00 -1.9996937578e+00 3.1635714820e-02
   endloop
 endfacet
 facet normal  1.2587771130e-01 5.2958644621e-02 -9.9063120472e-01
   outer loop
     vertex 6.6390695344e+00 -1.9996937578e+00 3.1635714820e-02
     vertex 7.2033255675e+00 -2.9995406367e+00 4.9883396111e-02
     vertex 7.1744742738e+00 -2.9995406367e+00 4.6217314526e-02
   endloop
 endfacet
 facet normal  1.2849800766e-01 5.4367799390e-02 -9.9021836199e-01
   outer loop
     vertex 6.6390695344e+00 -1.9996937578e+00 3.1635714820e-02
     vertex 7.1744742738e+00 -2.9995406367e+00 4.6217314526e-02
     vertex 6.6027277839e+00 -1.9996937578e+00 2.6919742360e-02
   endloop
 endfacet
 facet normal  1.2162337190e-01 5.0415866770e-02 -9.9129511034e-01
   outer loop
     vertex 6.6027277839e+00 -1.9996937578e+00 2.6919742360e-02
     vertex 7.1744742738e+00 -2.9995406367e+00 4.6217314526e-02
     vertex 7.1338561894e+00 -2.9995406367e+00 4.1233825425e-02
   endloop
 endfacet
 facet normal  1.2415874704e-01 5.1768181415e-02 -9.9091102574e-01
   outer loop
     vertex 6.6027277839e+00 -1.9996937578e+00 2.6919742360e-02
     vertex 7.1338561894e+00 -2.9995406367e+00 4.1233825425e-02
     vertex 6.5515643144e+00 -1.9996937578e+00 2.0509083783e-02
   endloop
 endfacet
 facet normal  1.1594480203e-01 4.6958958218e-02 -9.9214497888e-01
   outer loop
     vertex 6.5515643144e+00 -1.9996937578e+00 2.0509083783e-02
     vertex 7.1338561894e+00 -2.9995406367e+00 4.1233825425e-02
     vertex 7.0783185065e+00 -2.9995406367e+00 3.4743538430e-02
   endloop
 endfacet
 facet normal  1.1836621508e-01 4.8239589237e-02 -9.9179755049e-01
   outer loop
     vertex 6.5515643144e+00 -1.9996937578e+00 2.0509083783e-02
     vertex 7.0783185065e+00 -2.9995406367e+00 3.4743538430e-02
     vertex 6.4816077768e+00 -1.9996937578e+00 1.2160111176e-02
   endloop
 endfacet
 facet normal  1.0855873871e-01 4.2355076111e-02 -9.9318731757e-01
   outer loop
     vertex 6.4816077768e+00 -1.9996937578e+00 1.2160111176e-02
     vertex 7.0783185065e+00 -2.9995406367e+00 3.4743538430e-02
     vertex 7.0053398481e+00 -2.9995406367e+00 2.6766723821e-02
   endloop
 endfacet
 facet normal  1.1082954920e-01 4.3548973433e-02 -9.9288483619e-01
   outer loop
     vertex 6.4816077768e+00 -1.9996937578e+00 1.2160111176e-02
     vertex 7.0053398481e+00 -2.9995406367e+00 2.6766723821e-02
     vertex 6.3896821912e+00 -1.9996937578e+00 1.8990306960e-03
   endloop
 endfacet
 facet normal  9.8856642965e-02 3.6137822503e-02 -9.9444528353e-01
   outer loop
     vertex 6.3896821912e+00 -1.9996937578e+00 1.8990306960e-03
     vertex 7.0053398481e+00 -2.9995406367e+00 2.6766723821e-02
     vertex 6.9142924960e+00 -2.9995406367e+00 1.7715812998e-02
   endloop
 endfacet
 facet normal  1.0093240218e-01 3.7230890853e-02 -9.9419641468e-01
   outer loop
     vertex 6.3896821912e+00 -1.9996937578e+00 1.8990306960e-03
     vertex 6.9142924960e+00 -2.9995406367e+00 1.7715812998e-02
     vertex 6.2749968566e+00 -1.9996937578e+00 -9.7440069783e-03
   endloop
 endfacet
 facet normal  8.5798558118e-02 2.7506722664e-02 -9.9593272244e-01
   outer loop
     vertex 6.2749968566e+00 -1.9996937578e+00 -9.7440069783e-03
     vertex 6.9142924960e+00 -2.9995406367e+00 1.7715812998e-02
     vertex 6.8077770005e+00 -2.9995406367e+00 8.5396149166e-03
   endloop
 endfacet
 facet normal  8.7604850197e-02 2.8472598800e-02 -9.9574831225e-01
   outer loop
     vertex 6.2749968566e+00 -1.9996937578e+00 -9.7440069783e-03
     vertex 6.8077770005e+00 -2.9995406367e+00 8.5396149166e-03
     vertex 6.1408274985e+00 -1.9996937578e+00 -2.1548080740e-02
   endloop
 endfacet
 facet normal  6.7590726132e-02 1.5066441998e-02 -9.9759936651e-01
   outer loop
     vertex 6.1408274985e+00 -1.9996937578e+00 -2.1548080740e-02
     vertex 6.8077770005e+00 -2.9995406367e+00 8.5396149166e-03
     vertex 6.6921450739e+00 -2.9995406367e+00 7.0516138693e-04
   endloop
 endfacet
 facet normal  6.9018861789e-02 1.5856367811e-02 -9.9748933444e-01
   outer loop
     vertex 6.1408274985e+00 -1.9996937578e+00 -2.1548080740e-02
     vertex 6.6921450739e+00 -2.9995406367e+00 7.0516138693e-04
     vertex 5.9951748750e+00 -1.9996937578e+00 -3.1626161719e-02
   endloop
 endfacet
 facet normal  4.2565256490e-02 -2.6355967503e-03 -9.9909021243e-01
   outer loop
     vertex 5.9951748750e+00 -1.9996937578e+00 -3.1626161719e-02
     vertex 6.6921450739e+00 -2.9995406367e+00 7.0516138693e-04
     vertex 5.8493591332e+00 -1.9996937578e+00 -3.7838498073e-02
   endloop
 endfacet
 facet normal  4.1681361036e-02 -3.3819954270e-03 -9.9912523051e-01
   outer loop
     vertex 6.6921450739e+00 -2.9995406367e+00 7.0516138693e-04
     vertex 6.5763836497e+00 -2.9995406367e+00 -4.1241568711e-03
     vertex 5.8493591332e+00 -1.9996937578e+00 -3.7838498073e-02
   endloop
 endfacet
 facet normal  5.6585676183e-03 -2.9589652132e-02 -9.9954611354e-01
   outer loop
     vertex 5.8493591332e+00 -1.9996937578e+00 -3.7838498073e-02
     vertex 6.5763836497e+00 -2.9995406367e+00 -4.1241568711e-03
     vertex 5.7147996635e+00 -1.9996937578e+00 -3.8600257684e-02
   endloop
 endfacet
 facet normal  5.5408565399e-03 -2.9691004749e-02 -9.9954376750e-01
   outer loop
     vertex 6.5763836497e+00 -2.9995406367e+00 -4.1241568711e-03
     vertex 6.4695584491e+00 -2.9995406367e+00 -4.7163301514e-03
     vertex 5.7147996635e+00 -1.9996937578e+00 -3.8600257684e-02
   endloop
 endfacet
 facet normal  -4.4023742896e-02 -6.7012403971e-02 -9.9678044111e-01
   outer loop
     vertex 5.7147996635e+00 -1.9996937578e+00 -3.8600257684e-02
     vertex 6.4695584491e+00 -2.9995406367e+00 -4.7163301514e-03
     vertex 5.5997520923e+00 -1.9996937578e+00 -3.3519073821e-02
   endloop
 endfacet
 facet normal  -4.3112057859e-02 -6.6221962683e-02 -9.9687311235e-01
   outer loop
     vertex 6.4695584491e+00 -2.9995406367e+00 -4.7163301514e-03
     vertex 6.3782235182e+00 -2.9995406367e+00 -7.6634215945e-04
     vertex 5.5997520923e+00 -1.9996937578e+00 -3.3519073821e-02
   endloop
 endfacet
 facet normal  -1.1026523971e-01 -1.1817850864e-01 -9.8685126387e-01
   outer loop
     vertex 5.5997520923e+00 -1.9996937578e+00 -3.3519073821e-02
     vertex 6.3782235182e+00 -2.9995406367e+00 -7.6634215945e-04
     vertex 5.5078186702e+00 -1.9996937578e+00 -2.3246947514e-02
   endloop
 endfacet
 facet normal  -1.0802404602e-01 -1.1623821606e-01 -9.8732947014e-01
   outer loop
     vertex 6.3782235182e+00 -2.9995406367e+00 -7.6634215945e-04
     vertex 6.3052386419e+00 -2.9995406367e+00 7.2189574595e-03
     vertex 5.5078186702e+00 -1.9996937578e+00 -2.3246947514e-02
   endloop
 endfacet
 facet normal  -2.0429958907e-01 -1.9218493081e-01 -9.5985760938e-01
   outer loop
     vertex 5.5078186702e+00 -1.9996937578e+00 -2.3246947514e-02
     vertex 6.3052386419e+00 -2.9995406367e+00 7.2189574595e-03
     vertex 5.4386196468e+00 -1.9996937578e+00 -8.5183753642e-03
   endloop
 endfacet
 facet normal  -2.0036301293e-01 -1.8879652336e-01 -9.6135869259e-01
   outer loop
     vertex 6.3052386419e+00 -2.9995406367e+00 7.2189574595e-03
     vertex 6.2503023407e+00 -2.9995406367e+00 1.8668589022e-02
     vertex 5.4386196468e+00 -1.9996937578e+00 -8.5183753642e-03
   endloop
 endfacet
 facet normal  -3.8195990123e-01 -3.3351381038e-01 -8.6190206644e-01
   outer loop
     vertex 5.4386196468e+00 -1.9996937578e+00 -8.5183753642e-03
     vertex 6.2503023407e+00 -2.9995406367e+00 1.8668589022e-02
     vertex 5.3906718368e+00 -1.9996937578e+00 1.2730141679e-02
   endloop
 endfacet
 facet normal  -3.7599728376e-01 -3.2841450709e-01 -8.6646982298e-01
   outer loop
     vertex 6.2503023407e+00 -2.9995406367e+00 1.8668589022e-02
     vertex 6.2122371311e+00 -2.9995406367e+00 3.5186666193e-02
     vertex 5.3906718368e+00 -1.9996937578e+00 1.2730141679e-02
   endloop
 endfacet
 facet normal  -6.7004954645e-01 -5.6147955145e-01 -4.8556597761e-01
   outer loop
     vertex 5.3906718368e+00 -1.9996937578e+00 1.2730141679e-02
     vertex 6.2122371311e+00 -2.9995406367e+00 3.5186666193e-02
     vertex 5.3733074219e+00 -1.9996937578e+00 3.6691907694e-02
   endloop
 endfacet
 facet normal  -6.6668940179e-01 -5.5864841037e-01 -4.9339354994e-01
   outer loop
     vertex 6.2122371311e+00 -2.9995406367e+00 3.5186666193e-02
     vertex 6.1984517237e+00 -2.9995406367e+00 5.3813956720e-02
     vertex 5.3733074219e+00 -1.9996937578e+00 3.6691907694e-02
   endloop
 endfacet
 facet normal  4.5277380047e-01 3.8741309252e-01 8.0306100724e-01
   outer loop
     vertex 5.3733074219e+00 -1.9996937578e+00 3.6691907694e-02
     vertex 6.1984517237e+00 -2.9995406367e+00 5.3813956720e-02
     vertex 5.3763114379e+00 -1.9996937578e+00 3.4998213569e-02
   endloop
 endfacet
 facet normal  4.4657856061e-01 3.8242879841e-01 8.0889789427e-01
   outer loop
     vertex 6.1984517237e+00 -2.9995406367e+00 5.3813956720e-02
     vertex 6.2008365771e+00 -2.9995406367e+00 5.2497320354e-02
     vertex 5.3763114379e+00 -1.9996937578e+00 3.4998213569e-02
   endloop
 endfacet
 facet normal  -6.8934904238e-01 -5.6043886015e-01 4.5902743034e-01
   outer loop
     vertex 5.3763114379e+00 -1.9996937578e+00 3.4998213569e-02
     vertex 6.2008365771e+00 -2.9995406367e+00 5.2497320354e-02
     vertex 6.2125837755e+00 -2.9995406367e+00 7.0138793181e-02
   endloop
 endfacet
 facet normal  -6.9222706405e-01 -5.6311564996e-01 4.5135624130e-01
   outer loop
     vertex 5.3763114379e+00 -1.9996937578e+00 3.4998213569e-02
     vertex 6.2125837755e+00 -2.9995406367e+00 7.0138793181e-02
     vertex 5.3911084780e+00 -1.9996937578e+00 5.7691843835e-02
   endloop
 endfacet
 facet normal  -4.0471546570e-01 -3.2185935433e-01 8.5592753657e-01
   outer loop
     vertex 5.3911084780e+00 -1.9996937578e+00 5.7691843835e-02
     vertex 6.2125837755e+00 -2.9995406367e+00 7.0138793181e-02
     vertex 6.2386485627e+00 -2.9995406367e+00 8.2463227262e-02
   endloop
 endfacet
 facet normal  -4.1089993589e-01 -3.2722551697e-01 8.5093166807e-01
   outer loop
     vertex 5.3911084780e+00 -1.9996937578e+00 5.7691843835e-02
     vertex 6.2386485627e+00 -2.9995406367e+00 8.2463227262e-02
     vertex 5.4239402811e+00 -1.9996937578e+00 7.3545744075e-02
   endloop
 endfacet
 facet normal  -2.5202425648e-01 -1.9690729584e-01 9.4747627463e-01
   outer loop
     vertex 5.4239402811e+00 -1.9996937578e+00 7.3545744075e-02
     vertex 6.2386485627e+00 -2.9995406367e+00 8.2463227262e-02
     vertex 6.2772958519e+00 -2.9995406367e+00 9.2743225401e-02
   endloop
 endfacet
 facet normal  -2.5679450667e-01 -2.0101986050e-01 9.4532935902e-01
   outer loop
     vertex 5.4239402811e+00 -1.9996937578e+00 7.3545744075e-02
     vertex 6.2772958519e+00 -2.9995406367e+00 9.2743225401e-02
     vertex 5.4726212919e+00 -1.9996937578e+00 8.6769723681e-02
   endloop
 endfacet
 facet normal  -1.5535335288e-01 -1.1916925541e-01 9.8064469831e-01
   outer loop
     vertex 5.4726212919e+00 -1.9996937578e+00 8.6769723681e-02
     vertex 6.2772958519e+00 -2.9995406367e+00 9.2743225401e-02
     vertex 6.3310293116e+00 -2.9995406367e+00 1.0125565925e-01
   endloop
 endfacet
 facet normal  -1.5851711224e-01 -1.2189766707e-01 9.7980267600e-01
   outer loop
     vertex 5.4726212919e+00 -1.9996937578e+00 8.6769723681e-02
     vertex 6.3310293116e+00 -2.9995406367e+00 1.0125565925e-01
     vertex 5.5403051886e+00 -1.9996937578e+00 9.7719944694e-02
   endloop
 endfacet
 facet normal  -8.4930152454e-02 -6.3650322383e-02 9.9435180176e-01
   outer loop
     vertex 5.5403051886e+00 -1.9996937578e+00 9.7719944694e-02
     vertex 6.3310293116e+00 -2.9995406367e+00 1.0125565925e-01
     vertex 6.4020801820e+00 -2.9995406367e+00 1.0732429737e-01
   endloop
 endfacet
 facet normal  -8.6712110985e-02 -6.5188639852e-02 9.9409831055e-01
   outer loop
     vertex 5.5403051886e+00 -1.9996937578e+00 9.7719944694e-02
     vertex 6.4020801820e+00 -2.9995406367e+00 1.0732429737e-01
     vertex 5.6298024925e+00 -1.9996937578e+00 1.0552651680e-01
   endloop
 endfacet
 facet normal  -2.9986587865e-02 -2.1364682597e-02 9.9932194757e-01
   outer loop
     vertex 5.6298024925e+00 -1.9996937578e+00 1.0552651680e-01
     vertex 6.4020801820e+00 -2.9995406367e+00 1.0732429737e-01
     vertex 6.4908736668e+00 -2.9995406367e+00 1.0998871762e-01
   endloop
 endfacet
 facet normal  -3.0621552080e-02 -2.1911654502e-02 9.9929084852e-01
   outer loop
     vertex 5.6298024925e+00 -1.9996937578e+00 1.0552651680e-01
     vertex 6.4908736668e+00 -2.9995406367e+00 1.0998871762e-01
     vertex 5.7416488135e+00 -1.9996937578e+00 1.0895385525e-01
   endloop
 endfacet
 facet normal  1.3172183593e-02 1.0905308202e-02 9.9985377323e-01
   outer loop
     vertex 5.7416488135e+00 -1.9996937578e+00 1.0895385525e-01
     vertex 6.4908736668e+00 -2.9995406367e+00 1.0998871762e-01
     vertex 6.5946820105e+00 -2.9995406367e+00 1.0862113509e-01
   endloop
 endfacet
 facet normal  1.3451003498e-02 1.1143189369e-02 9.9984743828e-01
   outer loop
     vertex 5.7416488135e+00 -1.9996937578e+00 1.0895385525e-01
     vertex 6.5946820105e+00 -2.9995406367e+00 1.0862113509e-01
     vertex 5.8724081677e+00 -1.9996937578e+00 1.0719474235e-01
   endloop
 endfacet
 facet normal  4.6063992639e-02 3.4700148982e-02 9.9833561904e-01
   outer loop
     vertex 5.8724081677e+00 -1.9996937578e+00 1.0719474235e-01
     vertex 6.5946820105e+00 -2.9995406367e+00 1.0862113509e-01
     vertex 6.7071631385e+00 -2.9995406367e+00 1.0343116715e-01
   endloop
 endfacet
 facet normal  4.7038983327e-02 3.5514430873e-02 9.9826151846e-01
   outer loop
     vertex 5.8724081677e+00 -1.9996937578e+00 1.0719474235e-01
     vertex 6.7071631385e+00 -2.9995406367e+00 1.0343116715e-01
     vertex 6.0140919731e+00 -1.9996937578e+00 1.0051847362e-01
   endloop
 endfacet
 facet normal  7.1522211038e-02 5.2479228015e-02 9.9605748025e-01
   outer loop
     vertex 6.0140919731e+00 -1.9996937578e+00 1.0051847362e-01
     vertex 6.7071631385e+00 -2.9995406367e+00 1.0343116715e-01
     vertex 6.1556187298e+00 -1.9996937578e+00 9.0356101705e-02
   endloop
 endfacet
 facet normal  7.0044919815e-02 5.1666240034e-02 9.9620495323e-01
   outer loop
     vertex 6.7071631385e+00 -2.9995406367e+00 1.0343116715e-01
     vertex 6.8195195873e+00 -2.9995406367e+00 9.5531187914e-02
     vertex 6.1556187298e+00 -1.9996937578e+00 9.0356101705e-02
   endloop
 endfacet
 facet normal  8.8988961061e-02 6.4233507947e-02 9.9395926540e-01
   outer loop
     vertex 6.1556187298e+00 -1.9996937578e+00 9.0356101705e-02
     vertex 6.8195195873e+00 -2.9995406367e+00 9.5531187914e-02
     vertex 6.2859918346e+00 -1.9996937578e+00 7.8683825434e-02
   endloop
 endfacet
 facet normal  8.7157688965e-02 6.3260109497e-02 9.9418393459e-01
   outer loop
     vertex 6.8195195873e+00 -2.9995406367e+00 9.5531187914e-02
     vertex 6.9230212814e+00 -2.9995406367e+00 8.6457445976e-02
     vertex 6.2859918346e+00 -1.9996937578e+00 7.8683825434e-02
   endloop
 endfacet
 facet normal  1.0166746615e-01 7.2489052790e-02 9.9217390792e-01
   outer loop
     vertex 6.2859918346e+00 -1.9996937578e+00 7.8683825434e-02
     vertex 6.9230212814e+00 -2.9995406367e+00 8.6457445976e-02
     vertex 6.3974355883e+00 -1.9996937578e+00 6.7264250734e-02
   endloop
 endfacet
 facet normal  9.9581939184e-02 7.1398339365e-02 9.9246446512e-01
   outer loop
     vertex 6.9230212814e+00 -2.9995406367e+00 8.6457445976e-02
     vertex 7.0114951834e+00 -2.9995406367e+00 7.7580148055e-02
     vertex 6.3974355883e+00 -1.9996937578e+00 6.7264250734e-02
   endloop
 endfacet
 facet normal  1.1120874766e-01 7.8520680347e-02 9.9069022262e-01
   outer loop
     vertex 6.3974355883e+00 -1.9996937578e+00 6.7264250734e-02
     vertex 7.0114951834e+00 -2.9995406367e+00 7.7580148055e-02
     vertex 6.4867644987e+00 -1.9996937578e+00 5.7236740594e-02
   endloop
 endfacet
 facet normal  1.0893364917e-01 7.7333725079e-02 9.9103630360e-01
   outer loop
     vertex 7.0114951834e+00 -2.9995406367e+00 7.7580148055e-02
     vertex 7.0824123681e+00 -2.9995406367e+00 6.9785007058e-02
     vertex 6.4867644987e+00 -1.9996937578e+00 5.7236740594e-02
   endloop
 endfacet
 facet normal  1.1848376770e-01 8.3003580541e-02 9.8948067309e-01
   outer loop
     vertex 6.4867644987e+00 -1.9996937578e+00 5.7236740594e-02
     vertex 7.0824123681e+00 -2.9995406367e+00 6.9785007058e-02
     vertex 6.5547461624e+00 -1.9996937578e+00 4.9096385889e-02
   endloop
 endfacet
 facet normal  1.1606528735e-01 8.1735348790e-02 9.8987281094e-01
   outer loop
     vertex 7.0824123681e+00 -2.9995406367e+00 6.9785007058e-02
     vertex 7.1363822216e+00 -2.9995406367e+00 6.3456894515e-02
     vertex 6.5547461624e+00 -1.9996937578e+00 4.9096385889e-02
   endloop
 endfacet
 facet normal  1.2410204490e-01 8.6390837564e-02 9.8850154559e-01
   outer loop
     vertex 6.5547461624e+00 -1.9996937578e+00 4.9096385889e-02
     vertex 7.1363822216e+00 -2.9995406367e+00 6.3456894515e-02
     vertex 6.6044658646e+00 -1.9996937578e+00 4.2854294780e-02
   endloop
 endfacet
 facet normal  1.2157358594e-01 8.5054563212e-02 9.8893153680e-01
   outer loop
     vertex 7.1363822216e+00 -2.9995406367e+00 6.3456894515e-02
     vertex 7.1758541158e+00 -2.9995406367e+00 5.8604445639e-02
     vertex 6.6044658646e+00 -1.9996937578e+00 4.2854294780e-02
   endloop
 endfacet
 facet normal  1.2830344429e-01 8.8881807680e-02 9.8774402071e-01
   outer loop
     vertex 6.6044658646e+00 -1.9996937578e+00 4.2854294780e-02
     vertex 7.1758541158e+00 -2.9995406367e+00 5.8604445639e-02
     vertex 6.6397824760e+00 -1.9996937578e+00 3.8266827997e-02
   endloop
 endfacet
 facet normal  1.2569319601e-01 8.7491662258e-02 9.8820363767e-01
   outer loop
     vertex 7.1758541158e+00 -2.9995406367e+00 5.8604445639e-02
     vertex 7.2038915635e+00 -2.9995406367e+00 5.5038261223e-02
     vertex 6.6397824760e+00 -1.9996937578e+00 3.8266827997e-02
   endloop
 endfacet
 facet normal  1.3133338535e-01 9.0656733682e-02 9.8718432855e-01
   outer loop
     vertex 6.6397824760e+00 -1.9996937578e+00 3.8266827997e-02
     vertex 7.2038915635e+00 -2.9995406367e+00 5.5038261223e-02
     vertex 6.6643514379e+00 -1.9996937578e+00 3.4998213569e-02
   endloop
 endfacet
 facet normal  1.2866440446e-01 8.9226145453e-02 9.8766601946e-01
   outer loop
     vertex 7.2038915635e+00 -2.9995406367e+00 5.5038261223e-02
     vertex 7.2233965771e+00 -2.9995406367e+00 5.2497320354e-02
     vertex 6.6643514379e+00 -1.9996937578e+00 3.4998213569e-02
   endloop
 endfacet
 facet normal  1.2438000829e-01 5.2202859203e-02 -9.9086047203e-01
   outer loop
     vertex 7.2233965771e+00 -2.9995406367e+00 5.2497320354e-02
     vertex 7.7824417163e+00 -3.9993875156e+00 6.9996427138e-02
     vertex 7.7675816006e+00 -3.9993875156e+00 6.8131077401e-02
   endloop
 endfacet
 facet normal  1.2894987661e-01 5.4701339831e-02 -9.9014124889e-01
   outer loop
     vertex 7.2233965771e+00 -2.9995406367e+00 5.2497320354e-02
     vertex 7.7675816006e+00 -3.9993875156e+00 6.8131077401e-02
     vertex 7.2033255675e+00 -2.9995406367e+00 4.9883396111e-02
   endloop
 endfacet
 facet normal  1.2141299183e-01 5.0426436466e-02 -9.9132036190e-01
   outer loop
     vertex 7.2033255675e+00 -2.9995406367e+00 4.9883396111e-02
     vertex 7.7675816006e+00 -3.9993875156e+00 6.8131077401e-02
     vertex 7.7462207636e+00 -3.9993875156e+00 6.5514886692e-02
   endloop
 endfacet
 facet normal  1.2587835860e-01 5.2861728456e-02 -9.9063629880e-01
   outer loop
     vertex 7.2033255675e+00 -2.9995406367e+00 4.9883396111e-02
     vertex 7.7462207636e+00 -3.9993875156e+00 6.5514886692e-02
     vertex 7.1744742738e+00 -2.9995406367e+00 4.6217314526e-02
   endloop
 endfacet
 facet normal  1.1730408965e-01 4.7933534999e-02 -9.9193857006e-01
   outer loop
     vertex 7.1744742738e+00 -2.9995406367e+00 4.6217314526e-02
     vertex 7.7462207636e+00 -3.9993875156e+00 6.5514886692e-02
     vertex 7.7161480644e+00 -3.9993875156e+00 6.1958567067e-02
   endloop
 endfacet
 facet normal  1.2162418147e-01 5.0284000409e-02 -9.9130170876e-01
   outer loop
     vertex 7.1744742738e+00 -2.9995406367e+00 4.6217314526e-02
     vertex 7.7161480644e+00 -3.9993875156e+00 6.1958567067e-02
     vertex 7.1338561894e+00 -2.9995406367e+00 4.1233825425e-02
   endloop
 endfacet
 facet normal  1.1182048909e-01 4.4544919901e-02 -9.9272953433e-01
   outer loop
     vertex 7.1338561894e+00 -2.9995406367e+00 4.1233825425e-02
     vertex 7.7161480644e+00 -3.9993875156e+00 6.1958567067e-02
     vertex 7.6750292362e+00 -3.9993875156e+00 5.7326965684e-02
   endloop
 endfacet
 facet normal  1.1594573854e-01 4.6787015396e-02 -9.9215299269e-01
   outer loop
     vertex 7.1338561894e+00 -2.9995406367e+00 4.1233825425e-02
     vertex 7.6750292362e+00 -3.9993875156e+00 5.7326965684e-02
     vertex 7.0783185065e+00 -2.9995406367e+00 3.4743538430e-02
   endloop
 endfacet
 facet normal  1.0469176568e-01 4.0035711657e-02 -9.9369853376e-01
   outer loop
     vertex 7.0783185065e+00 -2.9995406367e+00 3.4743538430e-02
     vertex 7.6750292362e+00 -3.9993875156e+00 5.7326965684e-02
     vertex 7.6209975051e+00 -3.9993875156e+00 5.1634416946e-02
   endloop
 endfacet
 facet normal  1.0855971052e-01 4.2143571561e-02 -9.9319620852e-01
   outer loop
     vertex 7.0783185065e+00 -2.9995406367e+00 3.4743538430e-02
     vertex 7.6209975051e+00 -3.9993875156e+00 5.1634416946e-02
     vertex 7.0053398481e+00 -2.9995406367e+00 2.6766723821e-02
   endloop
 endfacet
 facet normal  9.5322548635e-02 3.3951201086e-02 -9.9486729148e-01
   outer loop
     vertex 7.0053398481e+00 -2.9995406367e+00 2.6766723821e-02
     vertex 7.6209975051e+00 -3.9993875156e+00 5.1634416946e-02
     vertex 7.5535881354e+00 -3.9993875156e+00 4.5175632975e-02
   endloop
 endfacet
 facet normal  9.8857501046e-02 3.5897140459e-02 -9.9445391537e-01
   outer loop
     vertex 7.0053398481e+00 -2.9995406367e+00 2.6766723821e-02
     vertex 7.5535881354e+00 -3.9993875156e+00 4.5175632975e-02
     vertex 6.9142924960e+00 -2.9995406367e+00 1.7715812998e-02
   endloop
 endfacet
 facet normal  8.2723826028e-02 2.5532171710e-02 -9.9624538986e-01
   outer loop
     vertex 6.9142924960e+00 -2.9995406367e+00 1.7715812998e-02
     vertex 7.5535881354e+00 -3.9993875156e+00 4.5175632975e-02
     vertex 7.4747265025e+00 -3.9993875156e+00 3.8627310573e-02
   endloop
 endfacet
 facet normal  8.5799132736e-02 2.7262341958e-02 -9.9593939250e-01
   outer loop
     vertex 6.9142924960e+00 -2.9995406367e+00 1.7715812998e-02
     vertex 7.4747265025e+00 -3.9993875156e+00 3.8627310573e-02
     vertex 6.8077770005e+00 -2.9995406367e+00 8.5396149166e-03
   endloop
 endfacet
 facet normal  6.5160126655e-02 1.3439541141e-02 -9.9778431368e-01
   outer loop
     vertex 6.8077770005e+00 -2.9995406367e+00 8.5396149166e-03
     vertex 7.4747265025e+00 -3.9993875156e+00 3.8627310573e-02
     vertex 7.3891152729e+00 -3.9993875156e+00 3.3036484492e-02
   endloop
 endfacet
 facet normal  6.7590937645e-02 1.4857335849e-02 -9.9760248833e-01
   outer loop
     vertex 6.8077770005e+00 -2.9995406367e+00 8.5396149166e-03
     vertex 7.3891152729e+00 -3.9993875156e+00 3.3036484492e-02
     vertex 6.6921450739e+00 -2.9995406367e+00 7.0516138693e-04
   endloop
 endfacet
 facet normal  4.1681378890e-02 -3.2528736335e-03 -9.9912565850e-01
   outer loop
     vertex 6.6921450739e+00 -2.9995406367e+00 7.0516138693e-04
     vertex 7.3891152729e+00 -3.9993875156e+00 3.3036484492e-02
     vertex 6.5763836497e+00 -2.9995406367e+00 -4.1241568711e-03
   endloop
 endfacet
 facet normal  4.0177332487e-02 -4.4775607108e-03 -9.9918253258e-01
   outer loop
     vertex 7.3891152729e+00 -3.9993875156e+00 3.3036484492e-02
     vertex 7.3034081662e+00 -3.9993875156e+00 2.9590184330e-02
     vertex 6.5763836497e+00 -2.9995406367e+00 -4.1241568711e-03
   endloop
 endfacet
 facet normal  5.5408591451e-03 -2.9675178923e-02 -9.9954423746e-01
   outer loop
     vertex 6.5763836497e+00 -2.9995406367e+00 -4.1241568711e-03
     vertex 7.3034081662e+00 -3.9993875156e+00 2.9590184330e-02
     vertex 6.4695584491e+00 -2.9995406367e+00 -4.7163301514e-03
   endloop
 endfacet
 facet normal  5.3405959888e-03 -2.9842060799e-02 -9.9954035909e-01
   outer loop
     vertex 7.3034081662e+00 -3.9993875156e+00 2.9590184330e-02
     vertex 7.2243172347e+00 -3.9993875156e+00 2.9167597381e-02
     vertex 6.4695584491e+00 -2.9995406367e+00 -4.7163301514e-03
   endloop
 endfacet
 facet normal  -4.3111756783e-02 -6.6326873645e-02 -9.9686615062e-01
   outer loop
     vertex 6.4695584491e+00 -2.9995406367e+00 -4.7163301514e-03
     vertex 7.2243172347e+00 -3.9993875156e+00 2.9167597381e-02
     vertex 6.3782235182e+00 -2.9995406367e+00 -7.6634215945e-04
   endloop
 endfacet
 facet normal  -4.1560070510e-02 -6.5018353962e-02 -9.9701824165e-01
   outer loop
     vertex 7.2243172347e+00 -3.9993875156e+00 2.9167597381e-02
     vertex 7.1566949441e+00 -3.9993875156e+00 3.1986389502e-02
     vertex 6.3782235182e+00 -2.9995406367e+00 -7.6634215945e-04
   endloop
 endfacet
 facet normal  -1.0802139448e-01 -1.1644634282e-01 -9.8730523526e-01
   outer loop
     vertex 6.3782235182e+00 -2.9995406367e+00 -7.6634215945e-04
     vertex 7.1566949441e+00 -3.9993875156e+00 3.1986389502e-02
     vertex 6.3052386419e+00 -2.9995406367e+00 7.2189574595e-03
   endloop
 endfacet
 facet normal  -1.0420052544e-01 -1.1321202427e-01 -9.8809174071e-01
   outer loop
     vertex 7.1566949441e+00 -3.9993875156e+00 3.1986389502e-02
     vertex 7.1026586136e+00 -3.9993875156e+00 3.7684862433e-02
     vertex 6.3052386419e+00 -2.9995406367e+00 7.2189574595e-03
   endloop
 endfacet
 facet normal  -2.0035186256e-01 -1.8908056142e-01 -9.6130519215e-01
   outer loop
     vertex 6.3052386419e+00 -2.9995406367e+00 7.2189574595e-03
     vertex 7.1026586136e+00 -3.9993875156e+00 3.7684862433e-02
     vertex 6.2503023407e+00 -2.9995406367e+00 1.8668589022e-02
   endloop
 endfacet
 facet normal  -1.9361000167e-01 -1.8338042978e-01 -9.6378772830e-01
   outer loop
     vertex 7.1026586136e+00 -3.9993875156e+00 3.7684862433e-02
     vertex 7.0619850346e+00 -3.9993875156e+00 4.5855553409e-02
     vertex 6.2503023407e+00 -2.9995406367e+00 1.8668589022e-02
   endloop
 endfacet
 facet normal  -3.7594996976e-01 -3.2875614367e-01 -8.6636078988e-01
   outer loop
     vertex 6.2503023407e+00 -2.9995406367e+00 1.8668589022e-02
     vertex 7.0619850346e+00 -3.9993875156e+00 4.5855553409e-02
     vertex 6.2122371311e+00 -2.9995406367e+00 3.5186666193e-02
   endloop
 endfacet
 facet normal  -3.6557448067e-01 -3.2002016300e-01 -8.7403798221e-01
   outer loop
     vertex 7.0619850346e+00 -3.9993875156e+00 4.5855553409e-02
     vertex 7.0338024254e+00 -3.9993875156e+00 5.7643190708e-02
     vertex 6.2122371311e+00 -2.9995406367e+00 3.5186666193e-02
   endloop
 endfacet
 facet normal  -6.6659779877e-01 -5.5881756543e-01 -4.9332575774e-01
   outer loop
     vertex 6.2122371311e+00 -2.9995406367e+00 3.5186666193e-02
     vertex 7.0338024254e+00 -3.9993875156e+00 5.7643190708e-02
     vertex 6.1984517237e+00 -2.9995406367e+00 5.3813956720e-02
   endloop
 endfacet
 facet normal  -6.6046049012e-01 -5.5374276765e-01 -5.0711033145e-01
   outer loop
     vertex 7.0338024254e+00 -3.9993875156e+00 5.7643190708e-02
     vertex 7.0235960255e+00 -3.9993875156e+00 7.0936005745e-02
     vertex 6.1984517237e+00 -2.9995406367e+00 5.3813956720e-02
   endloop
 endfacet
 facet normal  4.4658342801e-01 3.8240446545e-01 8.0890671071e-01
   outer loop
     vertex 6.1984517237e+00 -2.9995406367e+00 5.3813956720e-02
     vertex 7.0235960255e+00 -3.9993875156e+00 7.0936005745e-02
     vertex 6.2008365771e+00 -2.9995406367e+00 5.2497320354e-02
   endloop
 endfacet
 facet normal  4.3573465985e-01 3.7366051650e-01 8.1884865794e-01
   outer loop
     vertex 7.0235960255e+00 -3.9993875156e+00 7.0936005745e-02
     vertex 7.0253617163e+00 -3.9993875156e+00 6.9996427138e-02
     vertex 6.2008365771e+00 -2.9995406367e+00 5.2497320354e-02
   endloop
 endfacet
 facet normal  -6.8398061152e-01 -5.5577546522e-01 4.7252952851e-01
   outer loop
     vertex 6.2008365771e+00 -2.9995406367e+00 5.2497320354e-02
     vertex 7.0253617163e+00 -3.9993875156e+00 6.9996427138e-02
     vertex 7.0340590729e+00 -3.9993875156e+00 8.2585742527e-02
   endloop
 endfacet
 facet normal  -6.8926531949e-01 -5.6058747386e-01 4.5897168049e-01
   outer loop
     vertex 6.2008365771e+00 -2.9995406367e+00 5.2497320354e-02
     vertex 7.0340590729e+00 -3.9993875156e+00 8.2585742527e-02
     vertex 6.2125837755e+00 -2.9995406367e+00 7.0138793181e-02
   endloop
 endfacet
 facet normal  -3.9389222170e-01 -3.1286308961e-01 8.6427171934e-01
   outer loop
     vertex 6.2125837755e+00 -2.9995406367e+00 7.0138793181e-02
     vertex 7.0340590729e+00 -3.9993875156e+00 8.2585742527e-02
     vertex 7.0533568443e+00 -3.9993875156e+00 9.1380710450e-02
   endloop
 endfacet
 facet normal  -4.0467868249e-01 -3.2211237051e-01 8.5584974423e-01
   outer loop
     vertex 6.2125837755e+00 -2.9995406367e+00 7.0138793181e-02
     vertex 7.0533568443e+00 -3.9993875156e+00 9.1380710450e-02
     vertex 6.2386485627e+00 -2.9995406367e+00 8.2463227262e-02
   endloop
 endfacet
 facet normal  -2.4381709290e-01 -1.9018849127e-01 9.5098978070e-01
   outer loop
     vertex 6.2386485627e+00 -2.9995406367e+00 8.2463227262e-02
     vertex 7.0533568443e+00 -3.9993875156e+00 9.1380710450e-02
     vertex 7.0819704120e+00 -3.9993875156e+00 9.8716727121e-02
   endloop
 endfacet
 facet normal  -2.5201131399e-01 -1.9715782172e-01 9.4742761779e-01
   outer loop
     vertex 6.2386485627e+00 -2.9995406367e+00 8.2463227262e-02
     vertex 7.0819704120e+00 -3.9993875156e+00 9.8716727121e-02
     vertex 6.2772958519e+00 -2.9995406367e+00 9.2743225401e-02
   endloop
 endfacet
 facet normal  -1.4994677561e-01 -1.1480992444e-01 9.8200542042e-01
   outer loop
     vertex 6.2772958519e+00 -2.9995406367e+00 9.2743225401e-02
     vertex 7.0819704120e+00 -3.9993875156e+00 9.8716727121e-02
     vertex 7.1217534346e+00 -3.9993875156e+00 1.0479137381e-01
   endloop
 endfacet
 facet normal  -1.5534921347e-01 -1.1938946428e-01 9.8061856891e-01
   outer loop
     vertex 6.2772958519e+00 -2.9995406367e+00 9.2743225401e-02
     vertex 7.1217534346e+00 -3.9993875156e+00 1.0479137381e-01
     vertex 6.3310293116e+00 -2.9995406367e+00 1.0125565925e-01
   endloop
 endfacet
 facet normal  -8.1894221886e-02 -6.1247937371e-02 9.9475727019e-01
   outer loop
     vertex 6.3310293116e+00 -2.9995406367e+00 1.0125565925e-01
     vertex 7.1217534346e+00 -3.9993875156e+00 1.0479137381e-01
     vertex 7.1743578715e+00 -3.9993875156e+00 1.0912207794e-01
   endloop
 endfacet
 facet normal  -8.4929278404e-02 -6.3811149779e-02 9.9434156849e-01
   outer loop
     vertex 6.3310293116e+00 -2.9995406367e+00 1.0125565925e-01
     vertex 7.1743578715e+00 -3.9993875156e+00 1.0912207794e-01
     vertex 6.4020801820e+00 -2.9995406367e+00 1.0732429737e-01
   endloop
 endfacet
 facet normal  -2.8906111857e-02 -2.0530038592e-02 9.9937127946e-01
   outer loop
     vertex 6.4020801820e+00 -2.9995406367e+00 1.0732429737e-01
     vertex 7.1743578715e+00 -3.9993875156e+00 1.0912207794e-01
     vertex 7.2400985202e+00 -3.9993875156e+00 1.1102358000e-01
   endloop
 endfacet
 facet normal  -2.9986542216e-02 -2.1435785855e-02 9.9932042628e-01
   outer loop
     vertex 6.4020801820e+00 -2.9995406367e+00 1.0732429737e-01
     vertex 7.2400985202e+00 -3.9993875156e+00 1.1102358000e-01
     vertex 6.4908736668e+00 -2.9995406367e+00 1.0998871762e-01
   endloop
 endfacet
 facet normal  1.2697801506e-02 1.0549845221e-02 9.9986372402e-01
   outer loop
     vertex 6.4908736668e+00 -2.9995406367e+00 1.0998871762e-01
     vertex 7.2400985202e+00 -3.9993875156e+00 1.1102358000e-01
     vertex 7.3169558533e+00 -3.9993875156e+00 1.1004752783e-01
   endloop
 endfacet
 facet normal  1.3172178344e-02 1.0941778882e-02 9.9985337485e-01
   outer loop
     vertex 6.4908736668e+00 -2.9995406367e+00 1.0998871762e-01
     vertex 7.3169558533e+00 -3.9993875156e+00 1.1004752783e-01
     vertex 6.5946820105e+00 -2.9995406367e+00 1.0862113509e-01
   endloop
 endfacet
 facet normal  4.4404439707e-02 3.3501479415e-02 9.9845174977e-01
   outer loop
     vertex 6.5946820105e+00 -2.9995406367e+00 1.0862113509e-01
     vertex 7.3169558533e+00 -3.9993875156e+00 1.1004752783e-01
     vertex 7.4002343039e+00 -3.9993875156e+00 1.0634386069e-01
   endloop
 endfacet
 facet normal  4.6063770566e-02 3.4838637363e-02 9.9833080609e-01
   outer loop
     vertex 6.5946820105e+00 -2.9995406367e+00 1.0862113509e-01
     vertex 7.4002343039e+00 -3.9993875156e+00 1.0634386069e-01
     vertex 6.7071631385e+00 -2.9995406367e+00 1.0343116715e-01
   endloop
 endfacet
 facet normal  7.0045680452e-02 5.1456191646e-02 9.9621577130e-01
   outer loop
     vertex 6.7071631385e+00 -2.9995406367e+00 1.0343116715e-01
     vertex 7.4002343039e+00 -3.9993875156e+00 1.0634386069e-01
     vertex 6.8195195873e+00 -2.9995406367e+00 9.5531187914e-02
   endloop
 endfacet
 facet normal  6.7531078696e-02 4.9998381918e-02 9.9646360456e-01
   outer loop
     vertex 7.4002343039e+00 -3.9993875156e+00 1.0634386069e-01
     vertex 7.4834204448e+00 -3.9993875156e+00 1.0070627412e-01
     vertex 6.8195195873e+00 -2.9995406367e+00 9.5531187914e-02
   endloop
 endfacet
 facet normal  8.7159017484e-02 6.3019662078e-02 9.9419908865e-01
   outer loop
     vertex 6.8195195873e+00 -2.9995406367e+00 9.5531187914e-02
     vertex 7.4834204448e+00 -3.9993875156e+00 1.0070627412e-01
     vertex 6.9230212814e+00 -2.9995406367e+00 8.6457445976e-02
   endloop
 endfacet
 facet normal  8.4041037832e-02 6.1277458091e-02 9.9457638072e-01
   outer loop
     vertex 7.4834204448e+00 -3.9993875156e+00 1.0070627412e-01
     vertex 7.5600507281e+00 -3.9993875156e+00 9.4231066517e-02
     vertex 6.9230212814e+00 -2.9995406367e+00 8.6457445976e-02
   endloop
 endfacet
 facet normal  9.9583612801e-02 7.1163762259e-02 9.9248114491e-01
   outer loop
     vertex 6.9230212814e+00 -2.9995406367e+00 8.6457445976e-02
     vertex 7.5600507281e+00 -3.9993875156e+00 9.4231066517e-02
     vertex 7.0114951834e+00 -2.9995406367e+00 7.7580148055e-02
   endloop
 endfacet
 facet normal  9.6031849640e-02 6.9223237181e-02 9.9296829118e-01
   outer loop
     vertex 7.5600507281e+00 -3.9993875156e+00 9.4231066517e-02
     vertex 7.6255547785e+00 -3.9993875156e+00 8.7896045377e-02
     vertex 7.0114951834e+00 -2.9995406367e+00 7.7580148055e-02
   endloop
 endfacet
 facet normal  1.0893538846e-01 7.7128222474e-02 9.9105212700e-01
   outer loop
     vertex 7.0114951834e+00 -2.9995406367e+00 7.7580148055e-02
     vertex 7.6255547785e+00 -3.9993875156e+00 8.7896045377e-02
     vertex 7.0824123681e+00 -2.9995406367e+00 6.9785007058e-02
   endloop
 endfacet
 facet normal  1.0505989525e-01 7.5033444279e-02 9.9163118177e-01
   outer loop
     vertex 7.6255547785e+00 -3.9993875156e+00 8.7896045377e-02
     vertex 7.6780602376e+00 -3.9993875156e+00 8.2333273522e-02
     vertex 7.0824123681e+00 -2.9995406367e+00 6.9785007058e-02
   endloop
 endfacet
 facet normal  1.1606687600e-01 8.1568835124e-02 9.8988635986e-01
   outer loop
     vertex 7.0824123681e+00 -2.9995406367e+00 6.9785007058e-02
     vertex 7.6780602376e+00 -3.9993875156e+00 8.2333273522e-02
     vertex 7.1363822216e+00 -2.9995406367e+00 6.3456894515e-02
   endloop
 endfacet
 facet normal  1.1194630964e-01 7.9348835207e-02 9.9054115821e-01
   outer loop
     vertex 7.6780602376e+00 -3.9993875156e+00 8.2333273522e-02
     vertex 7.7180182808e+00 -3.9993875156e+00 7.7817403141e-02
     vertex 7.1363822216e+00 -2.9995406367e+00 6.3456894515e-02
   endloop
 endfacet
 facet normal  1.2157491285e-01 8.4927072202e-02 9.8894233046e-01
   outer loop
     vertex 7.1363822216e+00 -2.9995406367e+00 6.3456894515e-02
     vertex 7.7180182808e+00 -3.9993875156e+00 7.7817403141e-02
     vertex 7.1758541158e+00 -2.9995406367e+00 5.8604445639e-02
   endloop
 endfacet
 facet normal  1.1726621920e-01 8.2604468542e-02 9.8965910071e-01
   outer loop
     vertex 7.7180182808e+00 -3.9993875156e+00 7.7817403141e-02
     vertex 7.7472423671e+00 -3.9993875156e+00 7.4354596498e-02
     vertex 7.1758541158e+00 -2.9995406367e+00 5.8604445639e-02
   endloop
 endfacet
 facet normal  1.2569423258e-01 8.7398074967e-02 9.8821178721e-01
   outer loop
     vertex 7.1758541158e+00 -2.9995406367e+00 5.8604445639e-02
     vertex 7.7472423671e+00 -3.9993875156e+00 7.4354596498e-02
     vertex 7.2038915635e+00 -2.9995406367e+00 5.5038261223e-02
   endloop
 endfacet
 facet normal  1.2124553986e-01 8.4995285573e-02 9.8897690595e-01
   outer loop
     vertex 7.7472423671e+00 -3.9993875156e+00 7.4354596498e-02
     vertex 7.7680006511e+00 -3.9993875156e+00 7.1809694449e-02
     vertex 7.2038915635e+00 -2.9995406367e+00 5.5038261223e-02
   endloop
 endfacet
 facet normal  1.2866517517e-01 8.9159520691e-02 9.8767193570e-01
   outer loop
     vertex 7.2038915635e+00 -2.9995406367e+00 5.5038261223e-02
     vertex 7.7680006511e+00 -3.9993875156e+00 7.1809694449e-02
     vertex 7.2233965771e+00 -2.9995406367e+00 5.2497320354e-02
   endloop
 endfacet
 facet normal  1.2411589739e-01 8.6697058801e-02 9.8847299610e-01
   outer loop
     vertex 7.7680006511e+00 -3.9993875156e+00 7.1809694449e-02
     vertex 7.7824417163e+00 -3.9993875156e+00 6.9996427138e-02
     vertex 7.2233965771e+00 -2.9995406367e+00 5.2497320354e-02
   endloop
 endfacet
 facet normal  1.1484365612e-01 4.6845975452e-02 -9.9227838293e-01
   outer loop
     vertex 7.7824417163e+00 -3.9993875156e+00 6.9996427138e-02
     vertex 8.3414868556e+00 -4.9992343945e+00 8.7495533923e-02
     vertex 8.3318376337e+00 -4.9992343945e+00 8.6378758692e-02
   endloop
 endfacet
 facet normal  1.2438061560e-01 5.2109497435e-02 -9.9086531009e-01
   outer loop
     vertex 7.7824417163e+00 -3.9993875156e+00 6.9996427138e-02
     vertex 8.3318376337e+00 -4.9992343945e+00 8.6378758692e-02
     vertex 7.7675816006e+00 -3.9993875156e+00 6.8131077401e-02
   endloop
 endfacet
 facet normal  1.1209649138e-01 4.5144083836e-02 -9.9267133952e-01
   outer loop
     vertex 7.7675816006e+00 -3.9993875156e+00 6.8131077401e-02
     vertex 8.3318376337e+00 -4.9992343945e+00 8.6378758692e-02
     vertex 8.3179672535e+00 -4.9992343945e+00 8.4812458858e-02
   endloop
 endfacet
 facet normal  1.2141379503e-01 5.0295409637e-02 -9.9132691991e-01
   outer loop
     vertex 7.7675816006e+00 -3.9993875156e+00 6.8131077401e-02
     vertex 8.3179672535e+00 -4.9992343945e+00 8.4812458858e-02
     vertex 7.7462207636e+00 -3.9993875156e+00 6.5514886692e-02
   endloop
 endfacet
 facet normal  1.0829293250e-01 4.2756318788e-02 -9.9319914316e-01
   outer loop
     vertex 7.7462207636e+00 -3.9993875156e+00 6.5514886692e-02
     vertex 8.3179672535e+00 -4.9992343945e+00 8.4812458858e-02
     vertex 8.2984399394e+00 -4.9992343945e+00 8.2683308709e-02
   endloop
 endfacet
 facet normal  1.1730509245e-01 4.7755268236e-02 -9.9194704982e-01
   outer loop
     vertex 7.7462207636e+00 -3.9993875156e+00 6.5514886692e-02
     vertex 8.2984399394e+00 -4.9992343945e+00 8.2683308709e-02
     vertex 7.7161480644e+00 -3.9993875156e+00 6.1958567067e-02
   endloop
 endfacet
 facet normal  1.0321837518e-01 3.9511496888e-02 -9.9387363816e-01
   outer loop
     vertex 7.7161480644e+00 -3.9993875156e+00 6.1958567067e-02
     vertex 8.2984399394e+00 -4.9992343945e+00 8.2683308709e-02
     vertex 8.2717399659e+00 -4.9992343945e+00 7.9910392938e-02
   endloop
 endfacet
 facet normal  1.1182164608e-01 4.4312494015e-02 -9.9273980596e-01
   outer loop
     vertex 7.7161480644e+00 -3.9993875156e+00 6.1958567067e-02
     vertex 8.2717399659e+00 -4.9992343945e+00 7.9910392938e-02
     vertex 7.6750292362e+00 -3.9993875156e+00 5.7326965684e-02
   endloop
 endfacet
 facet normal  9.6629054782e-02 3.5201298660e-02 -9.9469779046e-01
   outer loop
     vertex 7.6750292362e+00 -3.9993875156e+00 5.7326965684e-02
     vertex 8.2717399659e+00 -4.9992343945e+00 7.9910392938e-02
     vertex 8.2366551620e+00 -4.9992343945e+00 7.6502110072e-02
   endloop
 endfacet
 facet normal  1.0469296153e-01 3.9749837473e-02 -9.9370988434e-01
   outer loop
     vertex 7.6750292362e+00 -3.9993875156e+00 5.7326965684e-02
     vertex 8.2366551620e+00 -4.9992343945e+00 7.6502110072e-02
     vertex 7.6209975051e+00 -3.9993875156e+00 5.1634416946e-02
   endloop
 endfacet
 facet normal  8.7956856888e-02 2.9395288453e-02 -9.9569046814e-01
   outer loop
     vertex 7.6209975051e+00 -3.9993875156e+00 5.1634416946e-02
     vertex 8.2366551620e+00 -4.9992343945e+00 7.6502110072e-02
     vertex 8.1928837748e+00 -4.9992343945e+00 7.2635452951e-02
   endloop
 endfacet
 facet normal  9.5323597470e-02 3.3625931719e-02 -9.9487823802e-01
   outer loop
     vertex 7.6209975051e+00 -3.9993875156e+00 5.1634416946e-02
     vertex 8.1928837748e+00 -4.9992343945e+00 7.2635452951e-02
     vertex 7.5535881354e+00 -3.9993875156e+00 4.5175632975e-02
   endloop
 endfacet
 facet normal  7.6318701086e-02 2.1420078663e-02 -9.9685336740e-01
   outer loop
     vertex 7.5535881354e+00 -3.9993875156e+00 4.5175632975e-02
     vertex 8.1928837748e+00 -4.9992343945e+00 7.2635452951e-02
     vertex 8.1416760045e+00 -4.9992343945e+00 6.8715006229e-02
   endloop
 endfacet
 facet normal  8.2724519420e-02 2.5201956646e-02 -9.9625374040e-01
   outer loop
     vertex 7.5535881354e+00 -3.9993875156e+00 4.5175632975e-02
     vertex 8.1416760045e+00 -4.9992343945e+00 6.8715006229e-02
     vertex 7.4747265025e+00 -3.9993875156e+00 3.8627310573e-02
   endloop
 endfacet
 facet normal  6.0099778351e-02 1.0053271486e-02 -9.9814174764e-01
   outer loop
     vertex 7.4747265025e+00 -3.9993875156e+00 3.8627310573e-02
     vertex 8.1416760045e+00 -4.9992343945e+00 6.8715006229e-02
     vertex 8.0860854719e+00 -4.9992343945e+00 6.5367807598e-02
   endloop
 endfacet
 facet normal  6.5160371488e-02 1.3157043453e-02 -9.9778806276e-01
   outer loop
     vertex 7.4747265025e+00 -3.9993875156e+00 3.8627310573e-02
     vertex 8.0860854719e+00 -4.9992343945e+00 6.5367807598e-02
     vertex 7.3891152729e+00 -3.9993875156e+00 3.3036484492e-02
   endloop
 endfacet
 facet normal  4.0177363252e-02 -4.3031520830e-03 -9.9918329768e-01
   outer loop
     vertex 7.3891152729e+00 -3.9993875156e+00 3.3036484492e-02
     vertex 8.0860854719e+00 -4.9992343945e+00 6.5367807598e-02
     vertex 7.3034081662e+00 -3.9993875156e+00 2.9590184330e-02
   endloop
 endfacet
 facet normal  3.7047891080e-02 -6.7567353853e-03 -9.9929064856e-01
   outer loop
     vertex 8.0860854719e+00 -4.9992343945e+00 6.5367807598e-02
     vertex 8.0304326826e+00 -4.9992343945e+00 6.3304525532e-02
     vertex 7.3034081662e+00 -3.9993875156e+00 2.9590184330e-02
   endloop
 endfacet
 facet normal  5.3405993972e-03 -2.9820685700e-02 -9.9954099701e-01
   outer loop
     vertex 7.3034081662e+00 -3.9993875156e+00 2.9590184330e-02
     vertex 8.0304326826e+00 -4.9992343945e+00 6.3304525532e-02
     vertex 7.2243172347e+00 -3.9993875156e+00 2.9167597381e-02
   endloop
 endfacet
 facet normal  4.9240443891e-03 -3.0156257836e-02 -9.9953306794e-01
   outer loop
     vertex 8.0304326826e+00 -4.9992343945e+00 6.3304525532e-02
     vertex 7.9790760203e+00 -4.9992343945e+00 6.3051524913e-02
     vertex 7.2243172347e+00 -3.9993875156e+00 2.9167597381e-02
   endloop
 endfacet
 facet normal  -4.1559685453e-02 -6.5160095955e-02 -9.9700900419e-01
   outer loop
     vertex 7.2243172347e+00 -3.9993875156e+00 2.9167597381e-02
     vertex 7.9790760203e+00 -4.9992343945e+00 6.3051524913e-02
     vertex 7.1566949441e+00 -3.9993875156e+00 3.1986389502e-02
   endloop
 endfacet
 facet normal  -3.8329911227e-02 -6.2512869268e-02 -9.9730785572e-01
   outer loop
     vertex 7.9790760203e+00 -4.9992343945e+00 6.3051524913e-02
     vertex 7.9351663700e+00 -4.9992343945e+00 6.4739121163e-02
     vertex 7.1566949441e+00 -3.9993875156e+00 3.1986389502e-02
   endloop
 endfacet
 facet normal  -1.0419715705e-01 -1.1349354516e-01 -9.8805979964e-01
   outer loop
     vertex 7.1566949441e+00 -3.9993875156e+00 3.1986389502e-02
     vertex 7.9351663700e+00 -4.9992343945e+00 6.4739121163e-02
     vertex 7.1026586136e+00 -3.9993875156e+00 3.7684862433e-02
   endloop
 endfacet
 facet normal  -9.6220873249e-02 -1.0689398198e-01 -9.8960356718e-01
   outer loop
     vertex 7.9351663700e+00 -4.9992343945e+00 6.4739121163e-02
     vertex 7.9000785852e+00 -4.9992343945e+00 6.8150767407e-02
     vertex 7.1026586136e+00 -3.9993875156e+00 3.7684862433e-02
   endloop
 endfacet
 facet normal  -1.9359582665e-01 -1.8376583261e-01 -9.6371716529e-01
   outer loop
     vertex 7.1026586136e+00 -3.9993875156e+00 3.7684862433e-02
     vertex 7.9000785852e+00 -4.9992343945e+00 6.8150767407e-02
     vertex 7.0619850346e+00 -3.9993875156e+00 4.5855553409e-02
   endloop
 endfacet
 facet normal  -1.7940634306e-01 -1.7198135067e-01 -9.6862571672e-01
   outer loop
     vertex 7.9000785852e+00 -4.9992343945e+00 6.8150767407e-02
     vertex 7.8736677285e+00 -4.9992343945e+00 7.3042517795e-02
     vertex 7.0619850346e+00 -3.9993875156e+00 4.5855553409e-02
   endloop
 endfacet
 facet normal  -3.6551339581e-01 -3.2048844027e-01 -8.7389193676e-01
   outer loop
     vertex 7.0619850346e+00 -3.9993875156e+00 4.5855553409e-02
     vertex 7.8736677285e+00 -4.9992343945e+00 7.3042517795e-02
     vertex 7.0338024254e+00 -3.9993875156e+00 5.7643190708e-02
   endloop
 endfacet
 facet normal  -3.4302863481e-01 -3.0184187710e-01 -8.8950707526e-01
   outer loop
     vertex 7.8736677285e+00 -4.9992343945e+00 7.3042517795e-02
     vertex 7.8553677196e+00 -4.9992343945e+00 8.0099715223e-02
     vertex 7.0338024254e+00 -3.9993875156e+00 5.7643190708e-02
   endloop
 endfacet
 facet normal  -6.6033561865e-01 -5.5397943529e-01 -5.0701445347e-01
   outer loop
     vertex 7.0338024254e+00 -3.9993875156e+00 5.7643190708e-02
     vertex 7.8553677196e+00 -4.9992343945e+00 8.0099715223e-02
     vertex 7.0235960255e+00 -3.9993875156e+00 7.0936005745e-02
   endloop
 endfacet
 facet normal  -6.4572550631e-01 -5.4210685193e-01 -5.3773481530e-01
   outer loop
     vertex 7.8553677196e+00 -4.9992343945e+00 8.0099715223e-02
     vertex 7.8487403274e+00 -4.9992343945e+00 8.8058054771e-02
     vertex 7.0235960255e+00 -3.9993875156e+00 7.0936005745e-02
   endloop
 endfacet
 facet normal  4.3574100441e-01 3.7362698804e-01 8.1886058086e-01
   outer loop
     vertex 7.0235960255e+00 -3.9993875156e+00 7.0936005745e-02
     vertex 7.8487403274e+00 -4.9992343945e+00 8.8058054771e-02
     vertex 7.0253617163e+00 -3.9993875156e+00 6.9996427138e-02
   endloop
 endfacet
 facet normal  4.1188889736e-01 3.5435769688e-01 8.3951066634e-01
   outer loop
     vertex 7.8487403274e+00 -4.9992343945e+00 8.8058054771e-02
     vertex 7.8498868556e+00 -4.9992343945e+00 8.7495533923e-02
     vertex 7.0253617163e+00 -3.9993875156e+00 6.9996427138e-02
   endloop
 endfacet
 facet normal  -6.7115179788e-01 -5.4466485376e-01 5.0288712579e-01
   outer loop
     vertex 7.0253617163e+00 -3.9993875156e+00 6.9996427138e-02
     vertex 7.8498868556e+00 -4.9992343945e+00 8.7495533923e-02
     vertex 7.8555343704e+00 -4.9992343945e+00 9.5032691872e-02
   endloop
 endfacet
 facet normal  -6.8386607049e-01 -5.5598365034e-01 4.7245039759e-01
   outer loop
     vertex 7.0253617163e+00 -3.9993875156e+00 6.9996427138e-02
     vertex 7.8555343704e+00 -4.9992343945e+00 9.5032691872e-02
     vertex 7.0340590729e+00 -3.9993875156e+00 8.2585742527e-02
   endloop
 endfacet
 facet normal  -3.7035523293e-01 -2.9331227736e-01 8.8136536657e-01
   outer loop
     vertex 7.0340590729e+00 -3.9993875156e+00 8.2585742527e-02
     vertex 7.8555343704e+00 -4.9992343945e+00 9.5032691872e-02
     vertex 7.8680651259e+00 -4.9992343945e+00 1.0029819364e-01
   endloop
 endfacet
 facet normal  -3.9384475564e-01 -3.1321034342e-01 8.6416757011e-01
   outer loop
     vertex 7.0340590729e+00 -3.9993875156e+00 8.2585742527e-02
     vertex 7.8680651259e+00 -4.9992343945e+00 1.0029819364e-01
     vertex 7.0533568443e+00 -3.9993875156e+00 9.1380710450e-02
   endloop
 endfacet
 facet normal  -2.2645685614e-01 -1.7598034702e-01 9.5799175872e-01
   outer loop
     vertex 7.0533568443e+00 -3.9993875156e+00 9.1380710450e-02
     vertex 7.8680651259e+00 -4.9992343945e+00 1.0029819364e-01
     vertex 7.8866449720e+00 -4.9992343945e+00 1.0469022884e-01
   endloop
 endfacet
 facet normal  -2.4380069372e-01 -1.9052903296e-01 9.5092581695e-01
   outer loop
     vertex 7.0533568443e+00 -3.9993875156e+00 9.1380710450e-02
     vertex 7.8866449720e+00 -4.9992343945e+00 1.0469022884e-01
     vertex 7.0819704120e+00 -3.9993875156e+00 9.8716727121e-02
   endloop
 endfacet
 facet normal  -1.3863013943e-01 -1.0568628883e-01 9.8468883044e-01
   outer loop
     vertex 7.0819704120e+00 -3.9993875156e+00 9.8716727121e-02
     vertex 7.8866449720e+00 -4.9992343945e+00 1.0469022884e-01
     vertex 7.9124775576e+00 -4.9992343945e+00 1.0832708836e-01
   endloop
 endfacet
 facet normal  -1.4994156752e-01 -1.1510806969e-01 9.8197131252e-01
   outer loop
     vertex 7.0819704120e+00 -3.9993875156e+00 9.8716727121e-02
     vertex 7.9124775576e+00 -4.9992343945e+00 1.0832708836e-01
     vertex 7.1217534346e+00 -3.9993875156e+00 1.0479137381e-01
   endloop
 endfacet
 facet normal  -7.5567674953e-02 -5.6241802993e-02 9.9555330651e-01
   outer loop
     vertex 7.1217534346e+00 -3.9993875156e+00 1.0479137381e-01
     vertex 7.9124775576e+00 -4.9992343945e+00 1.0832708836e-01
     vertex 7.9466355610e+00 -4.9992343945e+00 1.1091985851e-01
   endloop
 endfacet
 facet normal  -8.1893125502e-02 -6.1465314035e-02 9.9474395257e-01
   outer loop
     vertex 7.1217534346e+00 -3.9993875156e+00 1.0479137381e-01
     vertex 7.9466355610e+00 -4.9992343945e+00 1.1091985851e-01
     vertex 7.1743578715e+00 -3.9993875156e+00 1.0912207794e-01
   endloop
 endfacet
 facet normal  -2.6658148817e-02 -1.8793547237e-02 9.9946793129e-01
   outer loop
     vertex 7.1743578715e+00 -3.9993875156e+00 1.0912207794e-01
     vertex 7.9466355610e+00 -4.9992343945e+00 1.1091985851e-01
     vertex 7.9893233735e+00 -4.9992343945e+00 1.1205844237e-01
   endloop
 endfacet
 facet normal  -2.8906054702e-02 -2.0626083193e-02 9.9936930346e-01
   outer loop
     vertex 7.1743578715e+00 -3.9993875156e+00 1.0912207794e-01
     vertex 7.9893233735e+00 -4.9992343945e+00 1.1205844237e-01
     vertex 7.2400985202e+00 -3.9993875156e+00 1.1102358000e-01
   endloop
 endfacet
 facet normal  1.1711012984e-02 9.8104257709e-03 9.9988329705e-01
   outer loop
     vertex 7.2400985202e+00 -3.9993875156e+00 1.1102358000e-01
     vertex 7.9893233735e+00 -4.9992343945e+00 1.1205844237e-01
     vertex 8.0392296962e+00 -4.9992343945e+00 1.1147392056e-01
   endloop
 endfacet
 facet normal  1.2697794890e-02 1.0599105670e-02 9.9986320313e-01
   outer loop
     vertex 7.2400985202e+00 -3.9993875156e+00 1.1102358000e-01
     vertex 8.0392296962e+00 -4.9992343945e+00 1.1147392056e-01
     vertex 7.3169558533e+00 -3.9993875156e+00 1.1004752783e-01
   endloop
 endfacet
 facet normal  4.0950672624e-02 3.1006857297e-02 9.9867993732e-01
   outer loop
     vertex 7.3169558533e+00 -3.9993875156e+00 1.1004752783e-01
     vertex 8.0392296962e+00 -4.9992343945e+00 1.1147392056e-01
     vertex 8.0933054692e+00 -4.9992343945e+00 1.0925655422e-01
   endloop
 endfacet
 facet normal  4.4404160301e-02 3.3688567215e-02 9.9844546721e-01
   outer loop
     vertex 7.3169558533e+00 -3.9993875156e+00 1.1004752783e-01
     vertex 8.0933054692e+00 -4.9992343945e+00 1.0925655422e-01
     vertex 7.4002343039e+00 -3.9993875156e+00 1.0634386069e-01
   endloop
 endfacet
 facet normal  6.7532036694e-02 4.9714553991e-02 9.9647774041e-01
   outer loop
     vertex 7.4002343039e+00 -3.9993875156e+00 1.0634386069e-01
     vertex 8.0933054692e+00 -4.9992343945e+00 1.0925655422e-01
     vertex 7.4834204448e+00 -3.9993875156e+00 1.0070627412e-01
   endloop
 endfacet
 facet normal  6.2296109715e-02 4.6524984430e-02 9.9697272808e-01
   outer loop
     vertex 8.0933054692e+00 -4.9992343945e+00 1.0925655422e-01
     vertex 8.1473213023e+00 -4.9992343945e+00 1.0588136033e-01
     vertex 7.4834204448e+00 -3.9993875156e+00 1.0070627412e-01
   endloop
 endfacet
 facet normal  8.4042713229e-02 6.0952483609e-02 9.9459620806e-01
   outer loop
     vertex 7.4834204448e+00 -3.9993875156e+00 1.0070627412e-01
     vertex 8.1473213023e+00 -4.9992343945e+00 1.0588136033e-01
     vertex 7.5600507281e+00 -3.9993875156e+00 9.4231066517e-02
   endloop
 endfacet
 facet normal  7.7546877487e-02 5.7145864821e-02 9.9534960287e-01
   outer loop
     vertex 8.1473213023e+00 -4.9992343945e+00 1.0588136033e-01
     vertex 8.1970801749e+00 -4.9992343945e+00 1.0200468706e-01
     vertex 7.5600507281e+00 -3.9993875156e+00 9.4231066517e-02
   endloop
 endfacet
 facet normal  9.6033962850e-02 6.8906141773e-02 9.9299014175e-01
   outer loop
     vertex 7.5600507281e+00 -3.9993875156e+00 9.4231066517e-02
     vertex 8.1970801749e+00 -4.9992343945e+00 1.0200468706e-01
     vertex 7.6255547785e+00 -3.9993875156e+00 8.7896045377e-02
   endloop
 endfacet
 facet normal  8.8630867312e-02 6.4688147243e-02 9.9396177641e-01
   outer loop
     vertex 8.1970801749e+00 -4.9992343945e+00 1.0200468706e-01
     vertex 8.2396143736e+00 -4.9992343945e+00 9.8211942698e-02
     vertex 7.6255547785e+00 -3.9993875156e+00 8.7896045377e-02
   endloop
 endfacet
 facet normal  1.0506209370e-01 7.4755612893e-02 9.9165193229e-01
   outer loop
     vertex 7.6255547785e+00 -3.9993875156e+00 8.7896045377e-02
     vertex 8.2396143736e+00 -4.9992343945e+00 9.8211942698e-02
     vertex 7.6780602376e+00 -3.9993875156e+00 8.2333273522e-02
   endloop
 endfacet
 facet normal  9.6980883739e-02 7.0235192687e-02 9.9280497878e-01
   outer loop
     vertex 8.2396143736e+00 -4.9992343945e+00 9.8211942698e-02
     vertex 8.2737081070e+00 -4.9992343945e+00 9.4881539986e-02
     vertex 7.6780602376e+00 -3.9993875156e+00 8.2333273522e-02
   endloop
 endfacet
 facet normal  1.1194831935e-01 7.9123690954e-02 9.9055894086e-01
   outer loop
     vertex 7.6780602376e+00 -3.9993875156e+00 8.2333273522e-02
     vertex 8.2737081070e+00 -4.9992343945e+00 9.4881539986e-02
     vertex 7.7180182808e+00 -3.9993875156e+00 7.7817403141e-02
   endloop
 endfacet
 facet normal  1.0335304821e-01 7.4368869588e-02 9.9186058429e-01
   outer loop
     vertex 8.2737081070e+00 -4.9992343945e+00 9.4881539986e-02
     vertex 8.2996543400e+00 -4.9992343945e+00 9.2177911767e-02
     vertex 7.7180182808e+00 -3.9993875156e+00 7.7817403141e-02
   endloop
 endfacet
 facet normal  1.1726789886e-01 8.2432072269e-02 9.8967327607e-01
   outer loop
     vertex 7.7180182808e+00 -3.9993875156e+00 7.7817403141e-02
     vertex 8.2996543400e+00 -4.9992343945e+00 9.2177911767e-02
     vertex 7.7472423671e+00 -3.9993875156e+00 7.4354596498e-02
   endloop
 endfacet
 facet normal  1.0827754837e-01 7.7490295495e-02 9.9109597246e-01
   outer loop
     vertex 8.2996543400e+00 -4.9992343945e+00 9.2177911767e-02
     vertex 8.3186306183e+00 -4.9992343945e+00 9.0104747356e-02
     vertex 7.7472423671e+00 -3.9993875156e+00 7.4354596498e-02
   endloop
 endfacet
 facet normal  1.2124685260e-01 8.4868726380e-02 9.8898761368e-01
   outer loop
     vertex 7.7472423671e+00 -3.9993875156e+00 7.4354596498e-02
     vertex 8.3186306183e+00 -4.9992343945e+00 9.0104747356e-02
     vertex 7.7680006511e+00 -3.9993875156e+00 7.1809694449e-02
   endloop
 endfacet
 facet normal  1.1196220932e-01 7.9783295693e-02 9.9050446209e-01
   outer loop
     vertex 8.3186306183e+00 -4.9992343945e+00 9.0104747356e-02
     vertex 8.3321097387e+00 -4.9992343945e+00 8.8581127674e-02
     vertex 7.7680006511e+00 -3.9993875156e+00 7.1809694449e-02
   endloop
 endfacet
 facet normal  1.2411687376e-01 8.6606957025e-02 9.8848077201e-01
   outer loop
     vertex 7.7680006511e+00 -3.9993875156e+00 7.1809694449e-02
     vertex 8.3321097387e+00 -4.9992343945e+00 8.8581127674e-02
     vertex 7.7824417163e+00 -3.9993875156e+00 6.9996427138e-02
   endloop
 endfacet
 facet normal  1.1462062961e-01 8.1415868464e-02 9.9006745610e-01
   outer loop
     vertex 8.3321097387e+00 -4.9992343945e+00 8.8581127674e-02
     vertex 8.3414868556e+00 -4.9992343945e+00 8.7495533923e-02
     vertex 7.7824417163e+00 -3.9993875156e+00 6.9996427138e-02
   endloop
 endfacet
 facet normal  0.0000000000e+00 -1.0000000000e+00 -0.0000000000e+00
   outer loop
     vertex 8.3414868556e+00 -4.9992343945e+00 8.7495533923e-02
     vertex 8.3319056599e+00 -4.9992343945e+00 8.6929350937e-02
     vertex 8.3318376337e+00 -4.9992343945e+00 8.6378758692e-02
   endloop
 endfacet
 facet normal  0.0000000000e+00 -1.0000000000e+00 0.0000000000e+00
   outer loop
     vertex 8.3318376337e+00 -4.9992343945e+00 8.6378758692e-02
     vertex 8.3319056599e+00 -4.9992343945e+00 8.6929350937e-02
     vertex 8.3181330947e+00 -4.9992343945e+00 8.6135530983e-02
   endloop
 endfacet
 facet normal  0.0000000000e+00 -1.0000000000e+00 -0.0000000000e+00
   outer loop
     vertex 8.3318376337e+00 -4.9992343945e+00 8.6378758692e-02
     vertex 8.3181330947e+00 -4.9992343945e+00 8.6135530983e-02
     vertex 8.3179672535e+00 -4.9992343945e+00 8.4812458858e-02
   endloop
 endfacet
 facet normal  0.0000000000e+00 -1.0000000000e+00 0.0000000000e+00
   outer loop
     vertex 8.3179672535e+00 -4.9992343945e+00 8.4812458858e-02
     vertex 8.3181330947e+00 -4.9992343945e+00 8.6135530983e-02
     vertex 8.2987435396e+00 -4.9992343945e+00 8.5056959474e-02
   endloop
 endfacet
 facet normal  0.0000000000e+00 -1.0000000000e+00 -0.0000000000e+00
   outer loop
     vertex 8.3179672535e+00 -4.9992343945e+00 8.4812458858e-02
     vertex 8.2987435396e+00 -4.9992343945e+00 8.5056959474e-02
     vertex 8.2984399394e+00 -4.9992343945e+00 8.2683308709e-02
   endloop
 endfacet
 facet normal  3.3730016461e-14 -1.0000000000e+00 -4.3142140326e-15
   outer loop
     vertex 8.2984399394e+00 -4.9992343945e+00 8.2683308709e-02
     vertex 8.2987435396e+00 -4.9992343945e+00 8.5056959474e-02
     vertex 8.2722320012e+00 -4.9992343945e+00 8.3653179700e-02
   endloop
 endfacet
 facet normal  3.3725596752e-14 -1.0000000000e+00 -4.4336438033e-15
   outer loop
     vertex 8.2984399394e+00 -4.9992343945e+00 8.2683308709e-02
     vertex 8.2722320012e+00 -4.9992343945e+00 8.3653179700e-02
     vertex 8.2717399659e+00 -4.9992343945e+00 7.9910392938e-02
   endloop
 endfacet
 facet normal  -2.5662148653e-14 -1.0000000000e+00 3.3736045412e-15
   outer loop
     vertex 8.2717399659e+00 -4.9992343945e+00 7.9910392938e-02
     vertex 8.2722320012e+00 -4.9992343945e+00 8.3653179700e-02
     vertex 8.2373949649e+00 -4.9992343945e+00 8.1929568228e-02
   endloop
 endfacet
 facet normal  -2.5654896868e-14 -1.0000000000e+00 3.4969532073e-15
   outer loop
     vertex 8.2717399659e+00 -4.9992343945e+00 7.9910392938e-02
     vertex 8.2373949649e+00 -4.9992343945e+00 8.1929568228e-02
     vertex 8.2366551620e+00 -4.9992343945e+00 7.6502110072e-02
   endloop
 endfacet
 facet normal  0.0000000000e+00 -1.0000000000e+00 0.0000000000e+00
   outer loop
     vertex 8.2366551620e+00 -4.9992343945e+00 7.6502110072e-02
     vertex 8.2373949649e+00 -4.9992343945e+00 8.1929568228e-02
     vertex 8.1939328749e+00 -4.9992343945e+00 7.9977761478e-02
   endloop
 endfacet
 facet normal  0.0000000000e+00 -1.0000000000e+00 -0.0000000000e+00
   outer loop
     vertex 8.2366551620e+00 -4.9992343945e+00 7.6502110072e-02
     vertex 8.1939328749e+00 -4.9992343945e+00 7.9977761478e-02
     vertex 8.1928837748e+00 -4.9992343945e+00 7.2635452951e-02
   endloop
 endfacet
 facet normal  0.0000000000e+00 -1.0000000000e+00 0.0000000000e+00
   outer loop
     vertex 8.1928837748e+00 -4.9992343945e+00 7.2635452951e-02
     vertex 8.1939328749e+00 -4.9992343945e+00 7.9977761478e-02
     vertex 8.1430873290e+00 -4.9992343945e+00 7.8006594755e-02
   endloop
 endfacet
 facet normal  0.0000000000e+00 -1.0000000000e+00 -0.0000000000e+00
   outer loop
     vertex 8.1928837748e+00 -4.9992343945e+00 7.2635452951e-02
     vertex 8.1430873290e+00 -4.9992343945e+00 7.8006594755e-02
     vertex 8.1416760045e+00 -4.9992343945e+00 6.8715006229e-02
   endloop
 endfacet
 facet normal  0.0000000000e+00 -1.0000000000e+00 0.0000000000e+00
   outer loop
     vertex 8.1416760045e+00 -4.9992343945e+00 6.8715006229e-02
     vertex 8.1430873290e+00 -4.9992343945e+00 7.8006594755e-02
     vertex 8.0878904712e+00 -4.9992343945e+00 7.6339994254e-02
   endloop
 endfacet
 facet normal  0.0000000000e+00 -1.0000000000e+00 -0.0000000000e+00
   outer loop
     vertex 8.1416760045e+00 -4.9992343945e+00 6.8715006229e-02
     vertex 8.0878904712e+00 -4.9992343945e+00 7.6339994254e-02
     vertex 8.0860854719e+00 -4.9992343945e+00 6.5367807598e-02
   endloop
 endfacet
 facet normal  0.0000000000e+00 -1.0000000000e+00 0.0000000000e+00
   outer loop
     vertex 8.0860854719e+00 -4.9992343945e+00 6.5367807598e-02
     vertex 8.0878904712e+00 -4.9992343945e+00 7.6339994254e-02
     vertex 8.0304326826e+00 -4.9992343945e+00 6.3304525532e-02
   endloop
 endfacet
 facet normal  0.0000000000e+00 -1.0000000000e+00 -0.0000000000e+00
   outer loop
     vertex 8.0878904712e+00 -4.9992343945e+00 7.6339994254e-02
     vertex 8.0326319360e+00 -4.9992343945e+00 7.5346874290e-02
     vertex 8.0304326826e+00 -4.9992343945e+00 6.3304525532e-02
   endloop
 endfacet
 facet normal  0.0000000000e+00 -1.0000000000e+00 0.0000000000e+00
   outer loop
     vertex 8.0304326826e+00 -4.9992343945e+00 6.3304525532e-02
     vertex 8.0326319360e+00 -4.9992343945e+00 7.5346874290e-02
     vertex 7.9790760203e+00 -4.9992343945e+00 6.3051524913e-02
   endloop
 endfacet
 facet normal  0.0000000000e+00 -1.0000000000e+00 -0.0000000000e+00
   outer loop
     vertex 8.0326319360e+00 -4.9992343945e+00 7.5346874290e-02
     vertex 7.9816378586e+00 -4.9992343945e+00 7.5303254278e-02
     vertex 7.9790760203e+00 -4.9992343945e+00 6.3051524913e-02
   endloop
 endfacet
 facet normal  0.0000000000e+00 -1.0000000000e+00 0.0000000000e+00
   outer loop
     vertex 7.9790760203e+00 -4.9992343945e+00 6.3051524913e-02
     vertex 7.9816378586e+00 -4.9992343945e+00 7.5303254278e-02
     vertex 7.9351663700e+00 -4.9992343945e+00 6.4739121163e-02
   endloop
 endfacet
 facet normal  0.0000000000e+00 -1.0000000000e+00 -0.0000000000e+00
   outer loop
     vertex 7.9816378586e+00 -4.9992343945e+00 7.5303254278e-02
     vertex 7.9380336677e+00 -4.9992343945e+00 7.6284305500e-02
     vertex 7.9351663700e+00 -4.9992343945e+00 6.4739121163e-02
   endloop
 endfacet
 facet normal  0.0000000000e+00 -1.0000000000e+00 0.0000000000e+00
   outer loop
     vertex 7.9351663700e+00 -4.9992343945e+00 6.4739121163e-02
     vertex 7.9380336677e+00 -4.9992343945e+00 7.6284305500e-02
     vertex 7.9000785852e+00 -4.9992343945e+00 6.8150767407e-02
   endloop
 endfacet
 facet normal  0.0000000000e+00 -1.0000000000e+00 -0.0000000000e+00
   outer loop
     vertex 7.9380336677e+00 -4.9992343945e+00 7.6284305500e-02
     vertex 7.9031783283e+00 -4.9992343945e+00 7.8194847646e-02
     vertex 7.9000785852e+00 -4.9992343945e+00 6.8150767407e-02
   endloop
 endfacet
 facet normal  0.0000000000e+00 -1.0000000000e+00 0.0000000000e+00
   outer loop
     vertex 7.9000785852e+00 -4.9992343945e+00 6.8150767407e-02
     vertex 7.9031783283e+00 -4.9992343945e+00 7.8194847646e-02
     vertex 7.8736677285e+00 -4.9992343945e+00 7.3042517795e-02
   endloop
 endfacet
 facet normal  0.0000000000e+00 -1.0000000000e+00 -0.0000000000e+00
   outer loop
     vertex 7.9031783283e+00 -4.9992343945e+00 7.8194847646e-02
     vertex 7.8769120394e+00 -4.9992343945e+00 8.0954445557e-02
     vertex 7.8736677285e+00 -4.9992343945e+00 7.3042517795e-02
   endloop
 endfacet
 facet normal  0.0000000000e+00 -1.0000000000e+00 0.0000000000e+00
   outer loop
     vertex 7.8736677285e+00 -4.9992343945e+00 7.3042517795e-02
     vertex 7.8769120394e+00 -4.9992343945e+00 8.0954445557e-02
     vertex 7.8553677196e+00 -4.9992343945e+00 8.0099715223e-02
   endloop
 endfacet
 facet normal  0.0000000000e+00 -1.0000000000e+00 -0.0000000000e+00
   outer loop
     vertex 7.8769120394e+00 -4.9992343945e+00 8.0954445557e-02
     vertex 7.8585420712e+00 -4.9992343945e+00 8.5149334827e-02
     vertex 7.8553677196e+00 -4.9992343945e+00 8.0099715223e-02
   endloop
 endfacet
 facet normal  -0.0000000000e+00 -1.0000000000e+00 0.0000000000e+00
   outer loop
     vertex 7.8553677196e+00 -4.9992343945e+00 8.0099715223e-02
     vertex 7.8585420712e+00 -4.9992343945e+00 8.5149334827e-02
     vertex 7.8487403274e+00 -4.9992343945e+00 8.8058054771e-02
   endloop
 endfacet
 facet normal  0.0000000000e+00 -1.0000000000e+00 -0.0000000000e+00
   outer loop
     vertex 7.8585420712e+00 -4.9992343945e+00 8.5149334827e-02
     vertex 7.8504388381e+00 -4.9992343945e+00 8.9801714046e-02
     vertex 7.8487403274e+00 -4.9992343945e+00 8.8058054771e-02
   endloop
 endfacet
 facet normal  0.0000000000e+00 1.0000000000e+00 0.0000000000e+00
   outer loop
     vertex 7.8487403274e+00 -4.9992343945e+00 8.8058054771e-02
     vertex 7.8504388381e+00 -4.9992343945e+00 8.9801714046e-02
     vertex 7.8498868556e+00 -4.9992343945e+00 8.7495533923e-02
   endloop
 endfacet
 facet normal  -0.0000000000e+00 1.0000000000e+00 0.0000000000e+00
   outer loop
     vertex 7.8498868556e+00 -4.9992343945e+00 8.7495533923e-02
     vertex 7.8538358596e+00 -4.9992343945e+00 9.3289032597e-02
     vertex 7.8555343704e+00 -4.9992343945e+00 9.5032691872e-02
   endloop
 endfacet
 facet normal  0.0000000000e+00 -1.0000000000e+00 0.0000000000e+00
   outer loop
     vertex 7.8555343704e+00 -4.9992343945e+00 9.5032691872e-02
     vertex 7.8538358596e+00 -4.9992343945e+00 9.3289032597e-02
     vertex 7.8648907744e+00 -4.9992343945e+00 9.5248574034e-02
   endloop
 endfacet
 facet normal  -0.0000000000e+00 -1.0000000000e+00 0.0000000000e+00
   outer loop
     vertex 7.8555343704e+00 -4.9992343945e+00 9.5032691872e-02
     vertex 7.8648907744e+00 -4.9992343945e+00 9.5248574034e-02
     vertex 7.8680651259e+00 -4.9992343945e+00 1.0029819364e-01
   endloop
 endfacet
 facet normal  0.0000000000e+00 -1.0000000000e+00 0.0000000000e+00
   outer loop
     vertex 7.8680651259e+00 -4.9992343945e+00 1.0029819364e-01
     vertex 7.8648907744e+00 -4.9992343945e+00 9.5248574034e-02
     vertex 7.8834006611e+00 -4.9992343945e+00 9.6778301079e-02
   endloop
 endfacet
 facet normal  0.0000000000e+00 -1.0000000000e+00 0.0000000000e+00
   outer loop
     vertex 7.8680651259e+00 -4.9992343945e+00 1.0029819364e-01
     vertex 7.8834006611e+00 -4.9992343945e+00 9.6778301079e-02
     vertex 7.8866449720e+00 -4.9992343945e+00 1.0469022884e-01
   endloop
 endfacet
 facet normal  0.0000000000e+00 -1.0000000000e+00 0.0000000000e+00
   outer loop
     vertex 7.8866449720e+00 -4.9992343945e+00 1.0469022884e-01
     vertex 7.8834006611e+00 -4.9992343945e+00 9.6778301079e-02
     vertex 7.9093778145e+00 -4.9992343945e+00 9.8283008125e-02
   endloop
 endfacet
 facet normal  0.0000000000e+00 -1.0000000000e+00 0.0000000000e+00
   outer loop
     vertex 7.8866449720e+00 -4.9992343945e+00 1.0469022884e-01
     vertex 7.9093778145e+00 -4.9992343945e+00 9.8283008125e-02
     vertex 7.9124775576e+00 -4.9992343945e+00 1.0832708836e-01
   endloop
 endfacet
 facet normal  0.0000000000e+00 -1.0000000000e+00 0.0000000000e+00
   outer loop
     vertex 7.9124775576e+00 -4.9992343945e+00 1.0832708836e-01
     vertex 7.9093778145e+00 -4.9992343945e+00 9.8283008125e-02
     vertex 7.9437682632e+00 -4.9992343945e+00 9.9374674173e-02
   endloop
 endfacet
 facet normal  0.0000000000e+00 -1.0000000000e+00 0.0000000000e+00
   outer loop
     vertex 7.9124775576e+00 -4.9992343945e+00 1.0832708836e-01
     vertex 7.9437682632e+00 -4.9992343945e+00 9.9374674173e-02
     vertex 7.9466355610e+00 -4.9992343945e+00 1.1091985851e-01
   endloop
 endfacet
 facet normal  0.0000000000e+00 -1.0000000000e+00 0.0000000000e+00
   outer loop
     vertex 7.9466355610e+00 -4.9992343945e+00 1.1091985851e-01
     vertex 7.9437682632e+00 -4.9992343945e+00 9.9374674173e-02
     vertex 7.9867615352e+00 -4.9992343945e+00 9.9806713008e-02
   endloop
 endfacet
 facet normal  0.0000000000e+00 -1.0000000000e+00 0.0000000000e+00
   outer loop
     vertex 7.9466355610e+00 -4.9992343945e+00 1.1091985851e-01
     vertex 7.9867615352e+00 -4.9992343945e+00 9.9806713008e-02
     vertex 7.9893233735e+00 -4.9992343945e+00 1.1205844237e-01
   endloop
 endfacet
 facet normal  0.0000000000e+00 -1.0000000000e+00 0.0000000000e+00
   outer loop
     vertex 7.9893233735e+00 -4.9992343945e+00 1.1205844237e-01
     vertex 7.9867615352e+00 -4.9992343945e+00 9.9806713008e-02
     vertex 8.0370304428e+00 -4.9992343945e+00 9.9431571806e-02
   endloop
 endfacet
 facet normal  0.0000000000e+00 -1.0000000000e+00 0.0000000000e+00
   outer loop
     vertex 7.9893233735e+00 -4.9992343945e+00 1.1205844237e-01
     vertex 8.0370304428e+00 -4.9992343945e+00 9.9431571806e-02
     vertex 8.0392296962e+00 -4.9992343945e+00 1.1147392056e-01
   endloop
 endfacet
 facet normal  0.0000000000e+00 -1.0000000000e+00 0.0000000000e+00
   outer loop
     vertex 8.0392296962e+00 -4.9992343945e+00 1.1147392056e-01
     vertex 8.0370304428e+00 -4.9992343945e+00 9.9431571806e-02
     vertex 8.0915004699e+00 -4.9992343945e+00 9.8284367566e-02
   endloop
 endfacet
 facet normal  0.0000000000e+00 -1.0000000000e+00 0.0000000000e+00
   outer loop
     vertex 8.0392296962e+00 -4.9992343945e+00 1.1147392056e-01
     vertex 8.0915004699e+00 -4.9992343945e+00 9.8284367566e-02
     vertex 8.0933054692e+00 -4.9992343945e+00 1.0925655422e-01
   endloop
 endfacet
 facet normal  0.0000000000e+00 -1.0000000000e+00 0.0000000000e+00
   outer loop
     vertex 8.0933054692e+00 -4.9992343945e+00 1.0925655422e-01
     vertex 8.0915004699e+00 -4.9992343945e+00 9.8284367566e-02
     vertex 8.1473213023e+00 -4.9992343945e+00 1.0588136033e-01
   endloop
 endfacet
 facet normal  0.0000000000e+00 -1.0000000000e+00 0.0000000000e+00
   outer loop
     vertex 8.0915004699e+00 -4.9992343945e+00 9.8284367566e-02
     vertex 8.1459099778e+00 -4.9992343945e+00 9.6589771805e-02
     vertex 8.1473213023e+00 -4.9992343945e+00 1.0588136033e-01
   endloop
 endfacet
 facet normal  0.0000000000e+00 -1.0000000000e+00 0.0000000000e+00
   outer loop
     vertex 8.1473213023e+00 -4.9992343945e+00 1.0588136033e-01
     vertex 8.1459099778e+00 -4.9992343945e+00 9.6589771805e-02
     vertex 8.1970801749e+00 -4.9992343945e+00 1.0200468706e-01
   endloop
 endfacet
 facet normal  0.0000000000e+00 -1.0000000000e+00 0.0000000000e+00
   outer loop
     vertex 8.1459099778e+00 -4.9992343945e+00 9.6589771805e-02
     vertex 8.1960310749e+00 -4.9992343945e+00 9.4662378532e-02
     vertex 8.1970801749e+00 -4.9992343945e+00 1.0200468706e-01
   endloop
 endfacet
 facet normal  0.0000000000e+00 -1.0000000000e+00 0.0000000000e+00
   outer loop
     vertex 8.1970801749e+00 -4.9992343945e+00 1.0200468706e-01
     vertex 8.1960310749e+00 -4.9992343945e+00 9.4662378532e-02
     vertex 8.2396143736e+00 -4.9992343945e+00 9.8211942698e-02
   endloop
 endfacet
 facet normal  0.0000000000e+00 -1.0000000000e+00 0.0000000000e+00
   outer loop
     vertex 8.1960310749e+00 -4.9992343945e+00 9.4662378532e-02
     vertex 8.2388745707e+00 -4.9992343945e+00 9.2784484541e-02
     vertex 8.2396143736e+00 -4.9992343945e+00 9.8211942698e-02
   endloop
 endfacet
 facet normal  0.0000000000e+00 -1.0000000000e+00 0.0000000000e+00
   outer loop
     vertex 8.2396143736e+00 -4.9992343945e+00 9.8211942698e-02
     vertex 8.2388745707e+00 -4.9992343945e+00 9.2784484541e-02
     vertex 8.2737081070e+00 -4.9992343945e+00 9.4881539986e-02
   endloop
 endfacet
 facet normal  0.0000000000e+00 -1.0000000000e+00 0.0000000000e+00
   outer loop
     vertex 8.2388745707e+00 -4.9992343945e+00 9.2784484541e-02
     vertex 8.2732160717e+00 -4.9992343945e+00 9.1138753224e-02
     vertex 8.2737081070e+00 -4.9992343945e+00 9.4881539986e-02
   endloop
 endfacet
 facet normal  0.0000000000e+00 -1.0000000000e+00 0.0000000000e+00
   outer loop
     vertex 8.2737081070e+00 -4.9992343945e+00 9.4881539986e-02
     vertex 8.2732160717e+00 -4.9992343945e+00 9.1138753224e-02
     vertex 8.2996543400e+00 -4.9992343945e+00 9.2177911767e-02
   endloop
 endfacet
 facet normal  0.0000000000e+00 -1.0000000000e+00 0.0000000000e+00
   outer loop
     vertex 8.2732160717e+00 -4.9992343945e+00 9.1138753224e-02
     vertex 8.2993507398e+00 -4.9992343945e+00 8.9804261003e-02
     vertex 8.2996543400e+00 -4.9992343945e+00 9.2177911767e-02
   endloop
 endfacet
 facet normal  0.0000000000e+00 -1.0000000000e+00 0.0000000000e+00
   outer loop
     vertex 8.2996543400e+00 -4.9992343945e+00 9.2177911767e-02
     vertex 8.2993507398e+00 -4.9992343945e+00 8.9804261003e-02
     vertex 8.3186306183e+00 -4.9992343945e+00 9.0104747356e-02
   endloop
 endfacet
 facet normal  0.0000000000e+00 -1.0000000000e+00 0.0000000000e+00
   outer loop
     vertex 8.2993507398e+00 -4.9992343945e+00 8.9804261003e-02
     vertex 8.3184647771e+00 -4.9992343945e+00 8.8781675232e-02
     vertex 8.3186306183e+00 -4.9992343945e+00 9.0104747356e-02
   endloop
 endfacet
 facet normal  0.0000000000e+00 -1.0000000000e+00 0.0000000000e+00
   outer loop
     vertex 8.3186306183e+00 -4.9992343945e+00 9.0104747356e-02
     vertex 8.3184647771e+00 -4.9992343945e+00 8.8781675232e-02
     vertex 8.3321097387e+00 -4.9992343945e+00 8.8581127674e-02
   endloop
 endfacet
 facet normal  0.0000000000e+00 -1.0000000000e+00 0.0000000000e+00
   outer loop
     vertex 8.3184647771e+00 -4.9992343945e+00 8.8781675232e-02
     vertex 8.3320417124e+00 -4.9992343945e+00 8.8030535429e-02
     vertex 8.3321097387e+00 -4.9992343945e+00 8.8581127674e-02
   endloop
 endfacet
 facet normal  0.0000000000e+00 -1.0000000000e+00 0.0000000000e+00
   outer loop
     vertex 8.3321097387e+00 -4.9992343945e+00 8.8581127674e-02
     vertex 8.3320417124e+00 -4.9992343945e+00 8.8030535429e-02
     vertex 8.3414868556e+00 -4.9992343945e+00 8.7495533923e-02
   endloop
 endfacet
 facet normal  0.0000000000e+00 -1.0000000000e+00 -0.0000000000e+00
   outer loop
     vertex 8.3414868556e+00 -4.9992343945e+00 8.7495533923e-02
     vertex 8.3319736862e+00 -4.9992343945e+00 8.7479943183e-02
     vertex 8.3319056599e+00 -4.9992343945e+00 8.6929350937e-02
   endloop
 endfacet
 facet normal  0.0000000000e+00 -1.0000000000e+00 0.0000000000e+00
   outer loop
     vertex 8.3319056599e+00 -4.9992343945e+00 8.6929350937e-02
     vertex 8.3319736862e+00 -4.9992343945e+00 8.7479943183e-02
     vertex 8.3182989359e+00 -4.9992343945e+00 8.7458603107e-02
   endloop
 endfacet
 facet normal  0.0000000000e+00 -1.0000000000e+00 -0.0000000000e+00
   outer loop
     vertex 8.3319056599e+00 -4.9992343945e+00 8.6929350937e-02
     vertex 8.3182989359e+00 -4.9992343945e+00 8.7458603107e-02
     vertex 8.3181330947e+00 -4.9992343945e+00 8.6135530983e-02
   endloop
 endfacet
 facet normal  0.0000000000e+00 -1.0000000000e+00 0.0000000000e+00
   outer loop
     vertex 8.3181330947e+00 -4.9992343945e+00 8.6135530983e-02
     vertex 8.3182989359e+00 -4.9992343945e+00 8.7458603107e-02
     vertex 8.2990471397e+00 -4.9992343945e+00 8.7430610238e-02
   endloop
 endfacet
 facet normal  0.0000000000e+00 -1.0000000000e+00 -0.0000000000e+00
   outer loop
     vertex 8.3181330947e+00 -4.9992343945e+00 8.6135530983e-02
     vertex 8.2990471397e+00 -4.9992343945e+00 8.7430610238e-02
     vertex 8.2987435396e+00 -4.9992343945e+00 8.5056959474e-02
   endloop
 endfacet
 facet normal  3.3747083234e-14 -1.0000000000e+00 -4.3163969462e-15
   outer loop
     vertex 8.2987435396e+00 -4.9992343945e+00 8.5056959474e-02
     vertex 8.2990471397e+00 -4.9992343945e+00 8.7430610238e-02
     vertex 8.2727240365e+00 -4.9992343945e+00 8.7395966462e-02
   endloop
 endfacet
 facet normal  3.3736415548e-14 -1.0000000000e+00 -4.4350660669e-15
   outer loop
     vertex 8.2987435396e+00 -4.9992343945e+00 8.5056959474e-02
     vertex 8.2727240365e+00 -4.9992343945e+00 8.7395966462e-02
     vertex 8.2722320012e+00 -4.9992343945e+00 8.3653179700e-02
   endloop
 endfacet
 facet normal  -2.5681661483e-14 -1.0000000000e+00 3.3761697422e-15
   outer loop
     vertex 8.2722320012e+00 -4.9992343945e+00 8.3653179700e-02
     vertex 8.2727240365e+00 -4.9992343945e+00 8.7395966462e-02
     vertex 8.2381347678e+00 -4.9992343945e+00 8.7357026385e-02
   endloop
 endfacet
 facet normal  -2.5668342178e-14 -1.0000000000e+00 3.4987859030e-15
   outer loop
     vertex 8.2722320012e+00 -4.9992343945e+00 8.3653179700e-02
     vertex 8.2381347678e+00 -4.9992343945e+00 8.7357026385e-02
     vertex 8.2373949649e+00 -4.9992343945e+00 8.1929568228e-02
   endloop
 endfacet
 facet normal  0.0000000000e+00 -1.0000000000e+00 0.0000000000e+00
   outer loop
     vertex 8.2373949649e+00 -4.9992343945e+00 8.1929568228e-02
     vertex 8.2381347678e+00 -4.9992343945e+00 8.7357026385e-02
     vertex 8.1949819749e+00 -4.9992343945e+00 8.7320070005e-02
   endloop
 endfacet
 facet normal  0.0000000000e+00 -1.0000000000e+00 -0.0000000000e+00
   outer loop
     vertex 8.2373949649e+00 -4.9992343945e+00 8.1929568228e-02
     vertex 8.1949819749e+00 -4.9992343945e+00 8.7320070005e-02
     vertex 8.1939328749e+00 -4.9992343945e+00 7.9977761478e-02
   endloop
 endfacet
 facet normal  0.0000000000e+00 -1.0000000000e+00 0.0000000000e+00
   outer loop
     vertex 8.1939328749e+00 -4.9992343945e+00 7.9977761478e-02
     vertex 8.1949819749e+00 -4.9992343945e+00 8.7320070005e-02
     vertex 8.1444986534e+00 -4.9992343945e+00 8.7298183280e-02
   endloop
 endfacet
 facet normal  0.0000000000e+00 -1.0000000000e+00 -0.0000000000e+00
   outer loop
     vertex 8.1939328749e+00 -4.9992343945e+00 7.9977761478e-02
     vertex 8.1444986534e+00 -4.9992343945e+00 8.7298183280e-02
     vertex 8.1430873290e+00 -4.9992343945e+00 7.8006594755e-02
   endloop
 endfacet
 facet normal  -0.0000000000e+00 -1.0000000000e+00 0.0000000000e+00
   outer loop
     vertex 8.1430873290e+00 -4.9992343945e+00 7.8006594755e-02
     vertex 8.1444986534e+00 -4.9992343945e+00 8.7298183280e-02
     vertex 8.0896954705e+00 -4.9992343945e+00 8.7312180910e-02
   endloop
 endfacet
 facet normal  0.0000000000e+00 -1.0000000000e+00 -0.0000000000e+00
   outer loop
     vertex 8.1430873290e+00 -4.9992343945e+00 7.8006594755e-02
     vertex 8.0896954705e+00 -4.9992343945e+00 8.7312180910e-02
     vertex 8.0878904712e+00 -4.9992343945e+00 7.6339994254e-02
   endloop
 endfacet
 facet normal  0.0000000000e+00 -1.0000000000e+00 0.0000000000e+00
   outer loop
     vertex 8.0878904712e+00 -4.9992343945e+00 7.6339994254e-02
     vertex 8.0896954705e+00 -4.9992343945e+00 8.7312180910e-02
     vertex 8.0326319360e+00 -4.9992343945e+00 7.5346874290e-02
   endloop
 endfacet
 facet normal  0.0000000000e+00 -1.0000000000e+00 -0.0000000000e+00
   outer loop
     vertex 8.0896954705e+00 -4.9992343945e+00 8.7312180910e-02
     vertex 8.0348311894e+00 -4.9992343945e+00 8.7389223048e-02
     vertex 8.0326319360e+00 -4.9992343945e+00 7.5346874290e-02
   endloop
 endfacet
 facet normal  0.0000000000e+00 -1.0000000000e+00 0.0000000000e+00
   outer loop
     vertex 8.0326319360e+00 -4.9992343945e+00 7.5346874290e-02
     vertex 8.0348311894e+00 -4.9992343945e+00 8.7389223048e-02
     vertex 7.9816378586e+00 -4.9992343945e+00 7.5303254278e-02
   endloop
 endfacet
 facet normal  0.0000000000e+00 -1.0000000000e+00 -0.0000000000e+00
   outer loop
     vertex 8.0348311894e+00 -4.9992343945e+00 8.7389223048e-02
     vertex 7.9841996969e+00 -4.9992343945e+00 8.7554983643e-02
     vertex 7.9816378586e+00 -4.9992343945e+00 7.5303254278e-02
   endloop
 endfacet
 facet normal  0.0000000000e+00 -1.0000000000e+00 0.0000000000e+00
   outer loop
     vertex 7.9816378586e+00 -4.9992343945e+00 7.5303254278e-02
     vertex 7.9841996969e+00 -4.9992343945e+00 8.7554983643e-02
     vertex 7.9380336677e+00 -4.9992343945e+00 7.6284305500e-02
   endloop
 endfacet
 facet normal  0.0000000000e+00 -1.0000000000e+00 -0.0000000000e+00
   outer loop
     vertex 7.9841996969e+00 -4.9992343945e+00 8.7554983643e-02
     vertex 7.9409009655e+00 -4.9992343945e+00 8.7829489836e-02
     vertex 7.9380336677e+00 -4.9992343945e+00 7.6284305500e-02
   endloop
 endfacet
 facet normal  0.0000000000e+00 -1.0000000000e+00 0.0000000000e+00
   outer loop
     vertex 7.9380336677e+00 -4.9992343945e+00 7.6284305500e-02
     vertex 7.9409009655e+00 -4.9992343945e+00 8.7829489836e-02
     vertex 7.9031783283e+00 -4.9992343945e+00 7.8194847646e-02
   endloop
 endfacet
 facet normal  0.0000000000e+00 -1.0000000000e+00 -0.0000000000e+00
   outer loop
     vertex 7.9409009655e+00 -4.9992343945e+00 8.7829489836e-02
     vertex 7.9062780714e+00 -4.9992343945e+00 8.8238927886e-02
     vertex 7.9031783283e+00 -4.9992343945e+00 7.8194847646e-02
   endloop
 endfacet
 facet normal  0.0000000000e+00 -1.0000000000e+00 0.0000000000e+00
   outer loop
     vertex 7.9031783283e+00 -4.9992343945e+00 7.8194847646e-02
     vertex 7.9062780714e+00 -4.9992343945e+00 8.8238927886e-02
     vertex 7.8769120394e+00 -4.9992343945e+00 8.0954445557e-02
   endloop
 endfacet
 facet normal  0.0000000000e+00 -1.0000000000e+00 -0.0000000000e+00
   outer loop
     vertex 7.9062780714e+00 -4.9992343945e+00 8.8238927886e-02
     vertex 7.8801563502e+00 -4.9992343945e+00 8.8866373318e-02
     vertex 7.8769120394e+00 -4.9992343945e+00 8.0954445557e-02
   endloop
 endfacet
 facet normal  0.0000000000e+00 -1.0000000000e+00 0.0000000000e+00
   outer loop
     vertex 7.8769120394e+00 -4.9992343945e+00 8.0954445557e-02
     vertex 7.8801563502e+00 -4.9992343945e+00 8.8866373318e-02
     vertex 7.8585420712e+00 -4.9992343945e+00 8.5149334827e-02
   endloop
 endfacet
 facet normal  0.0000000000e+00 -1.0000000000e+00 -0.0000000000e+00
   outer loop
     vertex 7.8801563502e+00 -4.9992343945e+00 8.8866373318e-02
     vertex 7.8617164228e+00 -4.9992343945e+00 9.0198954430e-02
     vertex 7.8585420712e+00 -4.9992343945e+00 8.5149334827e-02
   endloop
 endfacet
 facet normal  0.0000000000e+00 -1.0000000000e+00 0.0000000000e+00
   outer loop
     vertex 7.8585420712e+00 -4.9992343945e+00 8.5149334827e-02
     vertex 7.8617164228e+00 -4.9992343945e+00 9.0198954430e-02
     vertex 7.8504388381e+00 -4.9992343945e+00 8.9801714046e-02
   endloop
 endfacet
 facet normal  0.0000000000e+00 -1.0000000000e+00 -0.0000000000e+00
   outer loop
     vertex 7.8617164228e+00 -4.9992343945e+00 9.0198954430e-02
     vertex 7.8521373489e+00 -4.9992343945e+00 9.1545373321e-02
     vertex 7.8504388381e+00 -4.9992343945e+00 8.9801714046e-02
   endloop
 endfacet
 facet normal  0.0000000000e+00 1.0000000000e+00 0.0000000000e+00
   outer loop
     vertex 7.8504388381e+00 -4.9992343945e+00 8.9801714046e-02
     vertex 7.8521373489e+00 -4.9992343945e+00 9.1545373321e-02
     vertex 7.8498868556e+00 -4.9992343945e+00 8.7495533923e-02
   endloop
 endfacet
 facet normal  -0.0000000000e+00 1.0000000000e+00 0.0000000000e+00
   outer loop
     vertex 7.8498868556e+00 -4.9992343945e+00 8.7495533923e-02
     vertex 7.8521373489e+00 -4.9992343945e+00 9.1545373321e-02
     vertex 7.8538358596e+00 -4.9992343945e+00 9.3289032597e-02
   endloop
 endfacet
 facet normal  0.0000000000e+00 -1.0000000000e+00 0.0000000000e+00
   outer loop
     vertex 7.8538358596e+00 -4.9992343945e+00 9.3289032597e-02
     vertex 7.8521373489e+00 -4.9992343945e+00 9.1545373321e-02
     vertex 7.8617164228e+00 -4.9992343945e+00 9.0198954430e-02
   endloop
 endfacet
 facet normal  0.0000000000e+00 -1.0000000000e+00 0.0000000000e+00
   outer loop
     vertex 7.8538358596e+00 -4.9992343945e+00 9.3289032597e-02
     vertex 7.8617164228e+00 -4.9992343945e+00 9.0198954430e-02
     vertex 7.8648907744e+00 -4.9992343945e+00 9.5248574034e-02
   endloop
 endfacet
 facet normal  0.0000000000e+00 -1.0000000000e+00 0.0000000000e+00
   outer loop
     vertex 7.8648907744e+00 -4.9992343945e+00 9.5248574034e-02
     vertex 7.8617164228e+00 -4.9992343945e+00 9.0198954430e-02
     vertex 7.8801563502e+00 -4.9992343945e+00 8.8866373318e-02
   endloop
 endfacet
 facet normal  0.0000000000e+00 -1.0000000000e+00 0.0000000000e+00
   outer loop
     vertex 7.8648907744e+00 -4.9992343945e+00 9.5248574034e-02
     vertex 7.8801563502e+00 -4.9992343945e+00 8.8866373318e-02
     vertex 7.8834006611e+00 -4.9992343945e+00 9.6778301079e-02
   endloop
 endfacet
 facet normal  0.0000000000e+00 -1.0000000000e+00 0.0000000000e+00
   outer loop
     vertex 7.8834006611e+00 -4.9992343945e+00 9.6778301079e-02
     vertex 7.8801563502e+00 -4.9992343945e+00 8.8866373318e-02
     vertex 7.9062780714e+00 -4.9992343945e+00 8.8238927886e-02
   endloop
 endfacet
 facet normal  0.0000000000e+00 -1.0000000000e+00 0.0000000000e+00
   outer loop
     vertex 7.8834006611e+00 -4.9992343945e+00 9.6778301079e-02
     vertex 7.9062780714e+00 -4.9992343945e+00 8.8238927886e-02
     vertex 7.9093778145e+00 -4.9992343945e+00 9.8283008125e-02
   endloop
 endfacet
 facet normal  0.0000000000e+00 -1.0000000000e+00 0.0000000000e+00
   outer loop
     vertex 7.9093778145e+00 -4.9992343945e+00 9.8283008125e-02
     vertex 7.9062780714e+00 -4.9992343945e+00 8.8238927886e-02
     vertex 7.9409009655e+00 -4.9992343945e+00 8.7829489836e-02
   endloop
 endfacet
 facet normal  0.0000000000e+00 -1.0000000000e+00 0.0000000000e+00
   outer loop
     vertex 7.9093778145e+00 -4.9992343945e+00 9.8283008125e-02
     vertex 7.9409009655e+00 -4.9992343945e+00 8.7829489836e-02
     vertex 7.9437682632e+00 -4.9992343945e+00 9.9374674173e-02
   endloop
 endfacet
 facet normal  0.0000000000e+00 -1.0000000000e+00 0.0000000000e+00
   outer loop
     vertex 7.9437682632e+00 -4.9992343945e+00 9.9374674173e-02
     vertex 7.9409009655e+00 -4.9992343945e+00 8.7829489836e-02
     vertex 7.9841996969e+00 -4.9992343945e+00 8.7554983643e-02
   endloop
 endfacet
 facet normal  0.0000000000e+00 -1.0000000000e+00 0.0000000000e+00
   outer loop
     vertex 7.9437682632e+00 -4.9992343945e+00 9.9374674173e-02
     vertex 7.9841996969e+00 -4.9992343945e+00 8.7554983643e-02
     vertex 7.9867615352e+00 -4.9992343945e+00 9.9806713008e-02
   endloop
 endfacet
 facet normal  0.0000000000e+00 -1.0000000000e+00 0.0000000000e+00
   outer loop
     vertex 7.9867615352e+00 -4.9992343945e+00 9.9806713008e-02
     vertex 7.9841996969e+00 -4.9992343945e+00 8.7554983643e-02
     vertex 8.0348311894e+00 -4.9992343945e+00 8.7389223048e-02
   endloop
 endfacet
 facet normal  0.0000000000e+00 -1.0000000000e+00 0.0000000000e+00
   outer loop
     vertex 7.9867615352e+00 -4.9992343945e+00 9.9806713008e-02
     vertex 8.0348311894e+00 -4.9992343945e+00 8.7389223048e-02
     vertex 8.0370304428e+00 -4.9992343945e+00 9.9431571806e-02
   endloop
 endfacet
 facet normal  0.0000000000e+00 -1.0000000000e+00 0.0000000000e+00
   outer loop
     vertex 8.0370304428e+00 -4.9992343945e+00 9.9431571806e-02
     vertex 8.0348311894e+00 -4.9992343945e+00 8.7389223048e-02
     vertex 8.0896954705e+00 -4.9992343945e+00 8.7312180910e-02
   endloop
 endfacet
 facet normal  0.0000000000e+00 -1.0000000000e+00 0.0000000000e+00
   outer loop
     vertex 8.0370304428e+00 -4.9992343945e+00 9.9431571806e-02
     vertex 8.0896954705e+00 -4.9992343945e+00 8.7312180910e-02
     vertex 8.0915004699e+00 -4.9992343945e+00 9.8284367566e-02
   endloop
 endfacet
 facet normal  0.0000000000e+00 -1.0000000000e+00 0.0000000000e+00
   outer loop
     vertex 8.0915004699e+00 -4.9992343945e+00 9.8284367566e-02
     vertex 8.0896954705e+00 -4.9992343945e+00 8.7312180910e-02
     vertex 8.1459099778e+00 -4.9992343945e+00 9.6589771805e-02
   endloop
 endfacet
 facet normal  0.0000000000e+00 -1.0000000000e+00 0.0000000000e+00
   outer loop
     vertex 8.0896954705e+00 -4.9992343945e+00 8.7312180910e-02
     vertex 8.1444986534e+00 -4.9992343945e+00 8.7298183280e-02
     vertex 8.1459099778e+00 -4.9992343945e+00 9.6589771805e-02
   endloop
 endfacet
 facet normal  0.0000000000e+00 -1.0000000000e+00 0.0000000000e+00
   outer loop
     vertex 8.1459099778e+00 -4.9992343945e+00 9.6589771805e-02
     vertex 8.1444986534e+00 -4.9992343945e+00 8.7298183280e-02
     vertex 8.1960310749e+00 -4.9992343945e+00 9.4662378532e-02
   endloop
 endfacet
 facet normal  -0.0000000000e+00 -1.0000000000e+00 0.0000000000e+00
   outer loop
     vertex 8.1444986534e+00 -4.9992343945e+00 8.7298183280e-02
     vertex 8.1949819749e+00 -4.9992343945e+00 8.7320070005e-02
     vertex 8.1960310749e+00 -4.9992343945e+00 9.4662378532e-02
   endloop
 endfacet
 facet normal  0.0000000000e+00 -1.0000000000e+00 0.0000000000e+00
   outer loop
     vertex 8.1960310749e+00 -4.9992343945e+00 9.4662378532e-02
     vertex 8.1949819749e+00 -4.9992343945e+00 8.7320070005e-02
     vertex 8.2388745707e+00 -4.9992343945e+00 9.2784484541e-02
   endloop
 endfacet
 facet normal  -0.0000000000e+00 -1.0000000000e+00 0.0000000000e+00
   outer loop
     vertex 8.1949819749e+00 -4.9992343945e+00 8.7320070005e-02
     vertex 8.2381347678e+00 -4.9992343945e+00 8.7357026385e-02
     vertex 8.2388745707e+00 -4.9992343945e+00 9.2784484541e-02
   endloop
 endfacet
 facet normal  0.0000000000e+00 -1.0000000000e+00 0.0000000000e+00
   outer loop
     vertex 8.2388745707e+00 -4.9992343945e+00 9.2784484541e-02
     vertex 8.2381347678e+00 -4.9992343945e+00 8.7357026385e-02
     vertex 8.2732160717e+00 -4.9992343945e+00 9.1138753224e-02
   endloop
 endfacet
 facet normal  -0.0000000000e+00 -1.0000000000e+00 0.0000000000e+00
   outer loop
     vertex 8.2381347678e+00 -4.9992343945e+00 8.7357026385e-02
     vertex 8.2727240365e+00 -4.9992343945e+00 8.7395966462e-02
     vertex 8.2732160717e+00 -4.9992343945e+00 9.1138753224e-02
   endloop
 endfacet
 facet normal  0.0000000000e+00 -1.0000000000e+00 0.0000000000e+00
   outer loop
     vertex 8.2732160717e+00 -4.9992343945e+00 9.1138753224e-02
     vertex 8.2727240365e+00 -4.9992343945e+00 8.7395966462e-02
     vertex 8.2993507398e+00 -4.9992343945e+00 8.9804261003e-02
   endloop
 endfacet
 facet normal  -0.0000000000e+00 -1.0000000000e+00 0.0000000000e+00
   outer loop
     vertex 8.2727240365e+00 -4.9992343945e+00 8.7395966462e-02
     vertex 8.2990471397e+00 -4.9992343945e+00 8.7430610238e-02
     vertex 8.2993507398e+00 -4.9992343945e+00 8.9804261003e-02
   endloop
 endfacet
 facet normal  0.0000000000e+00 -1.0000000000e+00 0.0000000000e+00
   outer loop
     vertex 8.2993507398e+00 -4.9992343945e+00 8.9804261003e-02
     vertex 8.2990471397e+00 -4.9992343945e+00 8.7430610238e-02
     vertex 8.3184647771e+00 -4.9992343945e+00 8.8781675232e-02
   endloop
 endfacet
 facet normal  -0.0000000000e+00 -1.0000000000e+00 0.0000000000e+00
   outer loop
     vertex 8.2990471397e+00 -4.9992343945e+00 8.7430610238e-02
     vertex 8.3182989359e+00 -4.9992343945e+00 8.7458603107e-02
     vertex 8.3184647771e+00 -4.9992343945e+00 8.8781675232e-02
   endloop
 endfacet
 facet normal  0.0000000000e+00 -1.0000000000e+00 0.0000000000e+00
   outer loop
     vertex 8.3184647771e+00 -4.9992343945e+00 8.8781675232e-02
     vertex 8.3182989359e+00 -4.9992343945e+00 8.7458603107e-02
     vertex 8.3320417124e+00 -4.9992343945e+00 8.8030535429e-02
   endloop
 endfacet
 facet normal  -0.0000000000e+00 -1.0000000000e+00 0.0000000000e+00
   outer loop
     vertex 8.3182989359e+00 -4.9992343945e+00 8.7458603107e-02
     vertex 8.3319736862e+00 -4.9992343945e+00 8.7479943183e-02
     vertex 8.3320417124e+00 -4.9992343945e+00 8.8030535429e-02
   endloop
 endfacet
 facet normal  0.0000000000e+00 -1.0000000000e+00 0.0000000000e+00
   outer loop
     vertex 8.3320417124e+00 -4.9992343945e+00 8.8030535429e-02
     vertex 8.3319736862e+00 -4.9992343945e+00 8.7479943183e-02
     vertex 8.3414868556e+00 -4.9992343945e+00 8.7495533923e-02
   endloop
 endfacet
 facet normal  8.9944438982e-02 6.2321366680e-01 -7.7686210064e-01
   outer loop
     vertex 9.5000000000e+00 0.0000000000e+00 2.0000000000e-01
     vertex 9.5464764005e+00 2.2981333294e-01 3.8974165885e-01
     vertex 9.5732050808e+00 2.2981333294e-01 3.9283628291e-01
   endloop
 endfacet
 facet normal  8.9944438982e-02 6.2321366680e-01 -7.7686210064e-01
   outer loop
     vertex 9.5000000000e+00 0.0000000000e+00 2.0000000000e-01
     vertex 9.4713621283e+00 0.0000000000e+00 1.9668433136e-01
     vertex 9.5464764005e+00 2.2981333294e-01 3.8974165885e-01
   endloop
 endfacet
 facet normal  8.7786500926e-02 6.2375880041e-01 -7.7667141647e-01
   outer loop
     vertex 9.4713621283e+00 0.0000000000e+00 1.9668433136e-01
     vertex 9.5080552187e+00 2.2981333294e-01 3.8539894577e-01
     vertex 9.5464764005e+00 2.2981333294e-01 3.8974165885e-01
   endloop
 endfacet
 facet normal  8.7786500926e-02 6.2375880041e-01 -7.7667141647e-01
   outer loop
     vertex 9.4713621283e+00 0.0000000000e+00 1.9668433136e-01
     vertex 9.4301965763e+00 0.0000000000e+00 1.9203142449e-01
     vertex 9.5080552187e+00 2.2981333294e-01 3.8539894577e-01
   endloop
 endfacet
 facet normal  8.4808284632e-02 6.2452685177e-01 -7.7638506314e-01
   outer loop
     vertex 9.4301965763e+00 0.0000000000e+00 1.9203142449e-01
     vertex 9.4539647342e+00 2.2981333294e-01 3.7949038130e-01
     vertex 9.5080552187e+00 2.2981333294e-01 3.8539894577e-01
   endloop
 endfacet
 facet normal  8.4808284632e-02 6.2452685177e-01 -7.7638506314e-01
   outer loop
     vertex 9.4301965763e+00 0.0000000000e+00 1.9203142449e-01
     vertex 9.3722424859e+00 0.0000000000e+00 1.8570081971e-01
     vertex 9.4539647342e+00 2.2981333294e-01 3.7949038130e-01
   endloop
 endfacet
 facet normal  8.0851278557e-02 6.2557696118e-01 -7.7596168487e-01
   outer loop
     vertex 9.3722424859e+00 0.0000000000e+00 1.8570081971e-01
     vertex 9.3800069742e+00 2.2981333294e-01 3.7178435718e-01
     vertex 9.4539647342e+00 2.2981333294e-01 3.7949038130e-01
   endloop
 endfacet
 facet normal  8.0851278557e-02 6.2557696118e-01 -7.7596168487e-01
   outer loop
     vertex 9.3722424859e+00 0.0000000000e+00 1.8570081971e-01
     vertex 9.2930020287e+00 0.0000000000e+00 1.7744436530e-01
     vertex 9.3800069742e+00 2.2981333294e-01 3.7178435718e-01
   endloop
 endfacet
 facet normal  7.5715893019e-02 6.2699275486e-01 -7.7533682287e-01
   outer loop
     vertex 9.2930020287e+00 0.0000000000e+00 1.7744436530e-01
     vertex 9.2828252299e+00 2.2981333294e-01 3.6229402687e-01
     vertex 9.3800069742e+00 2.2981333294e-01 3.7178435718e-01
   endloop
 endfacet
 facet normal  7.5715893019e-02 6.2699275486e-01 -7.7533682287e-01
   outer loop
     vertex 9.2930020287e+00 0.0000000000e+00 1.7744436530e-01
     vertex 9.1888787313e+00 0.0000000000e+00 1.6727615425e-01
     vertex 9.2828252299e+00 2.2981333294e-01 3.6229402687e-01
   endloop
 endfacet
 facet normal  6.9035893682e-02 6.2892450043e-01 -7.7439525963e-01
   outer loop
     vertex 9.1888787313e+00 0.0000000000e+00 1.6727615425e-01
     vertex 9.1615849892e+00 2.2981333294e-01 3.5148568544e-01
     vertex 9.2828252299e+00 2.2981333294e-01 3.6229402687e-01
   endloop
 endfacet
 facet normal  6.9035893682e-02 6.2892450043e-01 -7.7439525963e-01
   outer loop
     vertex 9.1888787313e+00 0.0000000000e+00 1.6727615425e-01
     vertex 9.0589784733e+00 0.0000000000e+00 1.5569578842e-01
     vertex 9.1615849892e+00 2.2981333294e-01 3.5148568544e-01
   endloop
 endfacet
 facet normal  6.0189529191e-02 6.3162756046e-01 -7.7293197983e-01
   outer loop
     vertex 9.0589784733e+00 0.0000000000e+00 1.5569578842e-01
     vertex 9.0197516253e+00 2.2981333294e-01 3.4044087992e-01
     vertex 9.1615849892e+00 2.2981333294e-01 3.5148568544e-01
   endloop
 endfacet
 facet normal  6.0189529191e-02 6.3162756046e-01 -7.7293197983e-01
   outer loop
     vertex 9.0589784733e+00 0.0000000000e+00 1.5569578842e-01
     vertex 8.9070141549e+00 0.0000000000e+00 1.4386206823e-01
     vertex 9.0197516253e+00 2.2981333294e-01 3.4044087992e-01
   endloop
 endfacet
 facet normal  4.8093805424e-02 6.3553977246e-01 -7.7056874028e-01
   outer loop
     vertex 8.9070141549e+00 0.0000000000e+00 1.4386206823e-01
     vertex 8.8657849536e+00 2.2981333294e-01 3.3083129837e-01
     vertex 9.0197516253e+00 2.2981333294e-01 3.4044087992e-01
   endloop
 endfacet
 facet normal  4.8093805424e-02 6.3553977246e-01 -7.7056874028e-01
   outer loop
     vertex 8.9070141549e+00 0.0000000000e+00 1.4386206823e-01
     vertex 8.7420498638e+00 0.0000000000e+00 1.3356608799e-01
     vertex 8.8657849536e+00 2.2981333294e-01 3.3083129837e-01
   endloop
 endfacet
 facet normal  3.1344464608e-02 6.4123825678e-01 -7.6670139075e-01
   outer loop
     vertex 8.7420498638e+00 0.0000000000e+00 1.3356608799e-01
     vertex 8.5769044272e+00 0.0000000000e+00 1.2681457384e-01
     vertex 8.8657849536e+00 2.2981333294e-01 3.3083129837e-01
   endloop
 endfacet
 facet normal  3.1344464608e-02 6.4123825678e-01 -7.6670139075e-01
   outer loop
     vertex 8.8657849536e+00 2.2981333294e-01 3.3083129837e-01
     vertex 8.5769044272e+00 0.0000000000e+00 1.2681457384e-01
     vertex 8.7116492128e+00 2.2981333294e-01 3.2452988515e-01
   endloop
 endfacet
 facet normal  8.7487359788e-03 6.4920543036e-01 -7.6056279741e-01
   outer loop
     vertex 8.5769044272e+00 0.0000000000e+00 1.2681457384e-01
     vertex 8.4244960254e+00 0.0000000000e+00 1.2506142358e-01
     vertex 8.7116492128e+00 2.2981333294e-01 3.2452988515e-01
   endloop
 endfacet
 facet normal  8.7487359788e-03 6.4920543036e-01 -7.6056279741e-01
   outer loop
     vertex 8.7116492128e+00 2.2981333294e-01 3.2452988515e-01
     vertex 8.4244960254e+00 0.0000000000e+00 1.2506142358e-01
     vertex 8.5694013712e+00 2.2981333294e-01 3.2289361158e-01
   endloop
 endfacet
 facet normal  -2.0299100086e-02 6.5959091733e-01 -7.5135062940e-01
   outer loop
     vertex 8.4244960254e+00 0.0000000000e+00 1.2506142358e-01
     vertex 8.2941373982e+00 0.0000000000e+00 1.2858329834e-01
     vertex 8.5694013712e+00 2.2981333294e-01 3.2289361158e-01
   endloop
 endfacet
 facet normal  -2.0299100086e-02 6.5959091733e-01 -7.5135062940e-01
   outer loop
     vertex 8.5694013712e+00 2.2981333294e-01 3.2289361158e-01
     vertex 8.2941373982e+00 0.0000000000e+00 1.2858329834e-01
     vertex 8.4477333191e+00 2.2981333294e-01 3.2618069469e-01
   endloop
 endfacet
 facet normal  -5.6486310538e-02 6.7235678347e-01 -7.3806886701e-01
   outer loop
     vertex 8.2941373982e+00 0.0000000000e+00 1.2858329834e-01
     vertex 8.1898367548e+00 0.0000000000e+00 1.3656569511e-01
     vertex 8.4477333191e+00 2.2981333294e-01 3.2618069469e-01
   endloop
 endfacet
 facet normal  -5.6486310538e-02 6.7235678347e-01 -7.3806886701e-01
   outer loop
     vertex 8.4477333191e+00 2.2981333294e-01 3.2618069469e-01
     vertex 8.1898367548e+00 0.0000000000e+00 1.3656569511e-01
     vertex 8.3503860519e+00 2.2981333294e-01 3.3363093167e-01
   endloop
 endfacet
 facet normal  -1.0208894204e-01 6.8768681939e-01 -7.1879391090e-01
   outer loop
     vertex 8.1898367548e+00 0.0000000000e+00 1.3656569511e-01
     vertex 8.1109769490e+00 0.0000000000e+00 1.4776600443e-01
     vertex 8.3503860519e+00 2.2981333294e-01 3.3363093167e-01
   endloop
 endfacet
 facet normal  -1.0208894204e-01 6.8768681939e-01 -7.1879391090e-01
   outer loop
     vertex 8.3503860519e+00 2.2981333294e-01 3.3363093167e-01
     vertex 8.1109769490e+00 0.0000000000e+00 1.4776600443e-01
     vertex 8.2767835664e+00 2.2981333294e-01 3.4408455371e-01
   endloop
 endfacet
 facet normal  -1.6476635248e-01 7.0667518829e-01 -6.8808591567e-01
   outer loop
     vertex 8.1109769490e+00 0.0000000000e+00 1.4776600443e-01
     vertex 8.0543133502e+00 0.0000000000e+00 1.6133444736e-01
     vertex 8.2767835664e+00 2.2981333294e-01 3.4408455371e-01
   endloop
 endfacet
 facet normal  -1.6476635248e-01 7.0667518829e-01 -6.8808591567e-01
   outer loop
     vertex 8.2767835664e+00 2.2981333294e-01 3.4408455371e-01
     vertex 8.0543133502e+00 0.0000000000e+00 1.6133444736e-01
     vertex 8.2238975410e+00 2.2981333294e-01 3.5674843378e-01
   endloop
 endfacet
 facet normal  -2.7045562162e-01 7.3164801704e-01 -6.2573551593e-01
   outer loop
     vertex 8.0543133502e+00 0.0000000000e+00 1.6133444736e-01
     vertex 8.0163900380e+00 0.0000000000e+00 1.7772567453e-01
     vertex 8.2238975410e+00 2.2981333294e-01 3.5674843378e-01
   endloop
 endfacet
 facet normal  -2.7045562162e-01 7.3164801704e-01 -6.2573551593e-01
   outer loop
     vertex 8.2238975410e+00 2.2981333294e-01 3.5674843378e-01
     vertex 8.0163900380e+00 0.0000000000e+00 1.7772567453e-01
     vertex 8.1885024496e+00 2.2981333294e-01 3.7204691247e-01
   endloop
 endfacet
 facet normal  -5.4062897939e-01 7.4126123696e-01 -3.9780910652e-01
   outer loop
     vertex 8.0163900380e+00 0.0000000000e+00 1.7772567453e-01
     vertex 8.0000000000e+00 0.0000000000e+00 2.0000000000e-01
     vertex 8.1885024496e+00 2.2981333294e-01 3.7204691247e-01
   endloop
 endfacet
 facet normal  -5.4062897939e-01 7.4126123696e-01 -3.9780910652e-01
   outer loop
     vertex 8.1885024496e+00 2.2981333294e-01 3.7204691247e-01
     vertex 8.0000000000e+00 0.0000000000e+00 2.0000000000e-01
     vertex 8.1732050808e+00 2.2981333294e-01 3.9283628291e-01
   endloop
 endfacet
 facet normal  -8.0063989077e-01 1.0908361516e-01 5.8913201425e-01
   outer loop
     vertex 8.0000000000e+00 0.0000000000e+00 2.0000000000e-01
     vertex 8.1885024496e+00 2.2981333294e-01 4.1362565335e-01
     vertex 8.1732050808e+00 2.2981333294e-01 3.9283628291e-01
   endloop
 endfacet
 facet normal  -8.0063989077e-01 1.0908361516e-01 5.8913201425e-01
   outer loop
     vertex 8.0000000000e+00 0.0000000000e+00 2.0000000000e-01
     vertex 8.0163900380e+00 0.0000000000e+00 2.2227432547e-01
     vertex 8.1885024496e+00 2.2981333294e-01 4.1362565335e-01
   endloop
 endfacet
 facet normal  -3.5945636208e-01 -4.2325902870e-01 8.3165071899e-01
   outer loop
     vertex 8.0163900380e+00 0.0000000000e+00 2.2227432547e-01
     vertex 8.2238975410e+00 2.2981333294e-01 4.2892413203e-01
     vertex 8.1885024496e+00 2.2981333294e-01 4.1362565335e-01
   endloop
 endfacet
 facet normal  -3.5945636208e-01 -4.2325902870e-01 8.3165071899e-01
   outer loop
     vertex 8.0163900380e+00 0.0000000000e+00 2.2227432547e-01
     vertex 8.0543133502e+00 0.0000000000e+00 2.3866555264e-01
     vertex 8.2238975410e+00 2.2981333294e-01 4.2892413203e-01
   endloop
 endfacet
 facet normal  -1.9674004806e-01 -5.3502022282e-01 8.2161226540e-01
   outer loop
     vertex 8.0543133502e+00 0.0000000000e+00 2.3866555264e-01
     vertex 8.2767835664e+00 2.2981333294e-01 4.4158801210e-01
     vertex 8.2238975410e+00 2.2981333294e-01 4.2892413203e-01
   endloop
 endfacet
 facet normal  -1.9674004806e-01 -5.3502022282e-01 8.2161226540e-01
   outer loop
     vertex 8.0543133502e+00 0.0000000000e+00 2.3866555264e-01
     vertex 8.1109769490e+00 0.0000000000e+00 2.5223399557e-01
     vertex 8.2767835664e+00 2.2981333294e-01 4.4158801210e-01
   endloop
 endfacet
 facet normal  -1.1442352380e-01 -5.8124994314e-01 8.0563996971e-01
   outer loop
     vertex 8.1109769490e+00 0.0000000000e+00 2.5223399557e-01
     vertex 8.3503860519e+00 2.2981333294e-01 4.5204163414e-01
     vertex 8.2767835664e+00 2.2981333294e-01 4.4158801210e-01
   endloop
 endfacet
 facet normal  -1.1442352380e-01 -5.8124994314e-01 8.0563996971e-01
   outer loop
     vertex 8.1109769490e+00 0.0000000000e+00 2.5223399557e-01
     vertex 8.1898367548e+00 0.0000000000e+00 2.6343430489e-01
     vertex 8.3503860519e+00 2.2981333294e-01 4.5204163414e-01
   endloop
 endfacet
 facet normal  -6.0608540161e-02 -6.0759480125e-01 7.9193128638e-01
   outer loop
     vertex 8.1898367548e+00 0.0000000000e+00 2.6343430489e-01
     vertex 8.4477333191e+00 2.2981333294e-01 4.5949187112e-01
     vertex 8.3503860519e+00 2.2981333294e-01 4.5204163414e-01
   endloop
 endfacet
 facet normal  -6.0608540161e-02 -6.0759480125e-01 7.9193128638e-01
   outer loop
     vertex 8.1898367548e+00 0.0000000000e+00 2.6343430489e-01
     vertex 8.2941373982e+00 0.0000000000e+00 2.7141670166e-01
     vertex 8.4477333191e+00 2.2981333294e-01 4.5949187112e-01
   endloop
 endfacet
 facet normal  -2.1088545581e-02 -6.2471108966e-01 7.8057115480e-01
   outer loop
     vertex 8.2941373982e+00 0.0000000000e+00 2.7141670166e-01
     vertex 8.5694013712e+00 2.2981333294e-01 4.6277895424e-01
     vertex 8.4477333191e+00 2.2981333294e-01 4.5949187112e-01
   endloop
 endfacet
 facet normal  -2.1088545581e-02 -6.2471108966e-01 7.8057115480e-01
   outer loop
     vertex 8.2941373982e+00 0.0000000000e+00 2.7141670166e-01
     vertex 8.4244960254e+00 0.0000000000e+00 2.7493857642e-01
     vertex 8.5694013712e+00 2.2981333294e-01 4.6277895424e-01
   endloop
 endfacet
 facet normal  8.8744219472e-03 -6.3618054321e-01 7.7148918403e-01
   outer loop
     vertex 8.4244960254e+00 0.0000000000e+00 2.7493857642e-01
     vertex 8.7116492128e+00 2.2981333294e-01 4.6114268066e-01
     vertex 8.5694013712e+00 2.2981333294e-01 4.6277895424e-01
   endloop
 endfacet
 facet normal  8.8744219472e-03 -6.3618054321e-01 7.7148918403e-01
   outer loop
     vertex 8.4244960254e+00 0.0000000000e+00 2.7493857642e-01
     vertex 8.5769044272e+00 0.0000000000e+00 2.7318542616e-01
     vertex 8.7116492128e+00 2.2981333294e-01 4.6114268066e-01
   endloop
 endfacet
 facet normal  3.1260088965e-02 -6.4370200389e-01 7.6463752002e-01
   outer loop
     vertex 8.5769044272e+00 0.0000000000e+00 2.7318542616e-01
     vertex 8.8657849536e+00 2.2981333294e-01 4.5484126745e-01
     vertex 8.7116492128e+00 2.2981333294e-01 4.6114268066e-01
   endloop
 endfacet
 facet normal  3.1260088965e-02 -6.4370200389e-01 7.6463752002e-01
   outer loop
     vertex 8.5769044272e+00 0.0000000000e+00 2.7318542616e-01
     vertex 8.7420498638e+00 0.0000000000e+00 2.6643391201e-01
     vertex 8.8657849536e+00 2.2981333294e-01 4.5484126745e-01
   endloop
 endfacet
 facet normal  4.7421304273e-02 -6.4843243029e-01 7.5979378995e-01
   outer loop
     vertex 8.7420498638e+00 0.0000000000e+00 2.6643391201e-01
     vertex 8.9070141549e+00 0.0000000000e+00 2.5613793177e-01
     vertex 8.8657849536e+00 2.2981333294e-01 4.5484126745e-01
   endloop
 endfacet
 facet normal  4.7421304273e-02 -6.4843243029e-01 7.5979378995e-01
   outer loop
     vertex 8.8657849536e+00 2.2981333294e-01 4.5484126745e-01
     vertex 8.9070141549e+00 0.0000000000e+00 2.5613793177e-01
     vertex 9.0197516253e+00 2.2981333294e-01 4.4523168589e-01
   endloop
 endfacet
 facet normal  5.8909057969e-02 -6.5134834561e-01 7.5648863545e-01
   outer loop
     vertex 8.9070141549e+00 0.0000000000e+00 2.5613793177e-01
     vertex 9.0589784733e+00 0.0000000000e+00 2.4430421158e-01
     vertex 9.0197516253e+00 2.2981333294e-01 4.4523168589e-01
   endloop
 endfacet
 facet normal  5.8909057969e-02 -6.5134834561e-01 7.5648863545e-01
   outer loop
     vertex 9.0197516253e+00 2.2981333294e-01 4.4523168589e-01
     vertex 9.0589784733e+00 0.0000000000e+00 2.4430421158e-01
     vertex 9.1615849892e+00 2.2981333294e-01 4.3418688038e-01
   endloop
 endfacet
 facet normal  6.7236338588e-02 -6.5318286157e-01 7.5420913818e-01
   outer loop
     vertex 9.0589784733e+00 0.0000000000e+00 2.4430421158e-01
     vertex 9.1888787313e+00 0.0000000000e+00 2.3272384575e-01
     vertex 9.1615849892e+00 2.2981333294e-01 4.3418688038e-01
   endloop
 endfacet
 facet normal  6.7236338588e-02 -6.5318286157e-01 7.5420913818e-01
   outer loop
     vertex 9.1615849892e+00 2.2981333294e-01 4.3418688038e-01
     vertex 9.1888787313e+00 0.0000000000e+00 2.3272384575e-01
     vertex 9.2828252299e+00 2.2981333294e-01 4.2337853894e-01
   endloop
 endfacet
 facet normal  7.3493445525e-02 -6.5438818004e-01 7.5257878212e-01
   outer loop
     vertex 9.1888787313e+00 0.0000000000e+00 2.3272384575e-01
     vertex 9.2930020287e+00 0.0000000000e+00 2.2255563470e-01
     vertex 9.2828252299e+00 2.2981333294e-01 4.2337853894e-01
   endloop
 endfacet
 facet normal  7.3493445525e-02 -6.5438818004e-01 7.5257878212e-01
   outer loop
     vertex 9.2828252299e+00 2.2981333294e-01 4.2337853894e-01
     vertex 9.2930020287e+00 0.0000000000e+00 2.2255563470e-01
     vertex 9.3800069742e+00 2.2981333294e-01 4.1388820863e-01
   endloop
 endfacet
 facet normal  7.8290140464e-02 -6.5520729582e-01 7.5138143004e-01
   outer loop
     vertex 9.2930020287e+00 0.0000000000e+00 2.2255563470e-01
     vertex 9.3722424859e+00 0.0000000000e+00 2.1429918029e-01
     vertex 9.3800069742e+00 2.2981333294e-01 4.1388820863e-01
   endloop
 endfacet
 facet normal  7.8290140464e-02 -6.5520729582e-01 7.5138143004e-01
   outer loop
     vertex 9.3800069742e+00 2.2981333294e-01 4.1388820863e-01
     vertex 9.3722424859e+00 0.0000000000e+00 2.1429918029e-01
     vertex 9.4539647342e+00 2.2981333294e-01 4.0618218451e-01
   endloop
 endfacet
 facet normal  8.1979775567e-02 -6.5577606012e-01 7.5049122272e-01
   outer loop
     vertex 9.3722424859e+00 0.0000000000e+00 2.1429918029e-01
     vertex 9.4301965763e+00 0.0000000000e+00 2.0796857551e-01
     vertex 9.4539647342e+00 2.2981333294e-01 4.0618218451e-01
   endloop
 endfacet
 facet normal  8.1979775567e-02 -6.5577606012e-01 7.5049122272e-01
   outer loop
     vertex 9.4539647342e+00 2.2981333294e-01 4.0618218451e-01
     vertex 9.4301965763e+00 0.0000000000e+00 2.0796857551e-01
     vertex 9.5080552187e+00 2.2981333294e-01 4.0027362004e-01
   endloop
 endfacet
 facet normal  8.4753620131e-02 -6.5616977532e-01 7.4983868254e-01
   outer loop
     vertex 9.4301965763e+00 0.0000000000e+00 2.0796857551e-01
     vertex 9.4713621283e+00 0.0000000000e+00 2.0331566864e-01
     vertex 9.5080552187e+00 2.2981333294e-01 4.0027362004e-01
   endloop
 endfacet
 facet normal  8.4753620131e-02 -6.5616977532e-01 7.4983868254e-01
   outer loop
     vertex 9.5080552187e+00 2.2981333294e-01 4.0027362004e-01
     vertex 9.4713621283e+00 0.0000000000e+00 2.0331566864e-01
     vertex 9.5464764005e+00 2.2981333294e-01 3.9593090697e-01
   endloop
 endfacet
 facet normal  8.6761969274e-02 -6.5643730919e-01 7.4937468584e-01
   outer loop
     vertex 9.4713621283e+00 0.0000000000e+00 2.0331566864e-01
     vertex 9.5000000000e+00 0.0000000000e+00 2.0000000000e-01
     vertex 9.5464764005e+00 2.2981333294e-01 3.9593090697e-01
   endloop
 endfacet
 facet normal  8.6761969274e-02 -6.5643730919e-01 7.4937468584e-01
   outer loop
     vertex 9.5464764005e+00 2.2981333294e-01 3.9593090697e-01
     vertex 9.5000000000e+00 0.0000000000e+00 2.0000000000e-01
     vertex 9.5732050808e+00 2.2981333294e-01 3.9283628291e-01
   endloop
 endfacet
 facet normal  8.9944438982e-02 6.2321366680e-01 -7.7686210064e-01
   outer loop
     vertex 9.5732050808e+00 2.2981333294e-01 3.9283628291e-01
     vertex 9.6215906727e+00 4.5962666587e-01 5.8279898633e-01
     vertex 9.6464101615e+00 4.5962666587e-01 5.8567256581e-01
   endloop
 endfacet
 facet normal  8.9944438982e-02 6.2321366680e-01 -7.7686210064e-01
   outer loop
     vertex 9.5732050808e+00 2.2981333294e-01 3.9283628291e-01
     vertex 9.5464764005e+00 2.2981333294e-01 3.8974165885e-01
     vertex 9.6215906727e+00 4.5962666587e-01 5.8279898633e-01
   endloop
 endfacet
 facet normal  8.7786500926e-02 6.2375880041e-01 -7.7667141647e-01
   outer loop
     vertex 9.5464764005e+00 2.2981333294e-01 3.8974165885e-01
     vertex 9.5859138610e+00 4.5962666587e-01 5.7876646704e-01
     vertex 9.6215906727e+00 4.5962666587e-01 5.8279898633e-01
   endloop
 endfacet
 facet normal  8.7786500926e-02 6.2375880041e-01 -7.7667141647e-01
   outer loop
     vertex 9.5464764005e+00 2.2981333294e-01 3.8974165885e-01
     vertex 9.5080552187e+00 2.2981333294e-01 3.8539894577e-01
     vertex 9.5859138610e+00 4.5962666587e-01 5.7876646704e-01
   endloop
 endfacet
 facet normal  8.4808284632e-02 6.2452685177e-01 -7.7638506314e-01
   outer loop
     vertex 9.5080552187e+00 2.2981333294e-01 3.8539894577e-01
     vertex 9.5356869826e+00 4.5962666587e-01 5.7327994289e-01
     vertex 9.5859138610e+00 4.5962666587e-01 5.7876646704e-01
   endloop
 endfacet
 facet normal  8.4808284632e-02 6.2452685177e-01 -7.7638506314e-01
   outer loop
     vertex 9.5080552187e+00 2.2981333294e-01 3.8539894577e-01
     vertex 9.4539647342e+00 2.2981333294e-01 3.7949038130e-01
     vertex 9.5356869826e+00 4.5962666587e-01 5.7327994289e-01
   endloop
 endfacet
 facet normal  8.0851278557e-02 6.2557696118e-01 -7.7596168487e-01
   outer loop
     vertex 9.4539647342e+00 2.2981333294e-01 3.7949038130e-01
     vertex 9.4670119197e+00 4.5962666587e-01 5.6612434907e-01
     vertex 9.5356869826e+00 4.5962666587e-01 5.7327994289e-01
   endloop
 endfacet
 facet normal  8.0851278557e-02 6.2557696118e-01 -7.7596168487e-01
   outer loop
     vertex 9.4539647342e+00 2.2981333294e-01 3.7949038130e-01
     vertex 9.3800069742e+00 2.2981333294e-01 3.7178435718e-01
     vertex 9.4670119197e+00 4.5962666587e-01 5.6612434907e-01
   endloop
 endfacet
 facet normal  7.5715893019e-02 6.2699275486e-01 -7.7533682287e-01
   outer loop
     vertex 9.3800069742e+00 2.2981333294e-01 3.7178435718e-01
     vertex 9.3767717286e+00 4.5962666587e-01 5.5731189949e-01
     vertex 9.4670119197e+00 4.5962666587e-01 5.6612434907e-01
   endloop
 endfacet
 facet normal  7.5715893019e-02 6.2699275486e-01 -7.7533682287e-01
   outer loop
     vertex 9.3800069742e+00 2.2981333294e-01 3.7178435718e-01
     vertex 9.2828252299e+00 2.2981333294e-01 3.6229402687e-01
     vertex 9.3767717286e+00 4.5962666587e-01 5.5731189949e-01
   endloop
 endfacet
 facet normal  6.9035893682e-02 6.2892450043e-01 -7.7439525963e-01
   outer loop
     vertex 9.2828252299e+00 2.2981333294e-01 3.6229402687e-01
     vertex 9.2641915051e+00 4.5962666587e-01 5.4727558245e-01
     vertex 9.3767717286e+00 4.5962666587e-01 5.5731189949e-01
   endloop
 endfacet
 facet normal  6.9035893682e-02 6.2892450043e-01 -7.7439525963e-01
   outer loop
     vertex 9.2828252299e+00 2.2981333294e-01 3.6229402687e-01
     vertex 9.1615849892e+00 2.2981333294e-01 3.5148568544e-01
     vertex 9.2641915051e+00 4.5962666587e-01 5.4727558245e-01
   endloop
 endfacet
 facet normal  6.0189529191e-02 6.3162756046e-01 -7.7293197983e-01
   outer loop
     vertex 9.1615849892e+00 2.2981333294e-01 3.5148568544e-01
     vertex 9.1324890958e+00 4.5962666587e-01 5.3701969161e-01
     vertex 9.2641915051e+00 4.5962666587e-01 5.4727558245e-01
   endloop
 endfacet
 facet normal  6.0189529191e-02 6.3162756046e-01 -7.7293197983e-01
   outer loop
     vertex 9.1615849892e+00 2.2981333294e-01 3.5148568544e-01
     vertex 9.0197516253e+00 2.2981333294e-01 3.4044087992e-01
     vertex 9.1324890958e+00 4.5962666587e-01 5.3701969161e-01
   endloop
 endfacet
 facet normal  4.8093805424e-02 6.3553977246e-01 -7.7056874028e-01
   outer loop
     vertex 9.0197516253e+00 2.2981333294e-01 3.4044087992e-01
     vertex 8.9895200434e+00 4.5962666587e-01 5.2809650874e-01
     vertex 9.1324890958e+00 4.5962666587e-01 5.3701969161e-01
   endloop
 endfacet
 facet normal  4.8093805424e-02 6.3553977246e-01 -7.7056874028e-01
   outer loop
     vertex 9.0197516253e+00 2.2981333294e-01 3.4044087992e-01
     vertex 8.8657849536e+00 2.2981333294e-01 3.3083129837e-01
     vertex 8.9895200434e+00 4.5962666587e-01 5.2809650874e-01
   endloop
 endfacet
 facet normal  3.1344464608e-02 6.4123825678e-01 -7.6670139075e-01
   outer loop
     vertex 8.8657849536e+00 2.2981333294e-01 3.3083129837e-01
     vertex 8.7116492128e+00 2.2981333294e-01 3.2452988515e-01
     vertex 8.9895200434e+00 4.5962666587e-01 5.2809650874e-01
   endloop
 endfacet
 facet normal  3.1344464608e-02 6.4123825678e-01 -7.6670139075e-01
   outer loop
     vertex 8.9895200434e+00 4.5962666587e-01 5.2809650874e-01
     vertex 8.7116492128e+00 2.2981333294e-01 3.2452988515e-01
     vertex 8.8463939984e+00 4.5962666587e-01 5.2224519647e-01
   endloop
 endfacet
 facet normal  8.7487359788e-03 6.4920543036e-01 -7.6056279741e-01
   outer loop
     vertex 8.7116492128e+00 2.2981333294e-01 3.2452988515e-01
     vertex 8.5694013712e+00 2.2981333294e-01 3.2289361158e-01
     vertex 8.8463939984e+00 4.5962666587e-01 5.2224519647e-01
   endloop
 endfacet
 facet normal  8.7487359788e-03 6.4920543036e-01 -7.6056279741e-01
   outer loop
     vertex 8.8463939984e+00 4.5962666587e-01 5.2224519647e-01
     vertex 8.5694013712e+00 2.2981333294e-01 3.2289361158e-01
     vertex 8.7143067169e+00 4.5962666587e-01 5.2072579958e-01
   endloop
 endfacet
 facet normal  -2.0299100086e-02 6.5959091733e-01 -7.5135062940e-01
   outer loop
     vertex 8.5694013712e+00 2.2981333294e-01 3.2289361158e-01
     vertex 8.4477333191e+00 2.2981333294e-01 3.2618069469e-01
     vertex 8.7143067169e+00 4.5962666587e-01 5.2072579958e-01
   endloop
 endfacet
 facet normal  -2.0299100086e-02 6.5959091733e-01 -7.5135062940e-01
   outer loop
     vertex 8.7143067169e+00 4.5962666587e-01 5.2072579958e-01
     vertex 8.4477333191e+00 2.2981333294e-01 3.2618069469e-01
     vertex 8.6013292400e+00 4.5962666587e-01 5.2377809104e-01
   endloop
 endfacet
 facet normal  -5.6486310538e-02 6.7235678347e-01 -7.3806886701e-01
   outer loop
     vertex 8.4477333191e+00 2.2981333294e-01 3.2618069469e-01
     vertex 8.3503860519e+00 2.2981333294e-01 3.3363093167e-01
     vertex 8.6013292400e+00 4.5962666587e-01 5.2377809104e-01
   endloop
 endfacet
 facet normal  -5.6486310538e-02 6.7235678347e-01 -7.3806886701e-01
   outer loop
     vertex 8.6013292400e+00 4.5962666587e-01 5.2377809104e-01
     vertex 8.3503860519e+00 2.2981333294e-01 3.3363093167e-01
     vertex 8.5109353490e+00 4.5962666587e-01 5.3069616824e-01
   endloop
 endfacet
 facet normal  -1.0208894204e-01 6.8768681939e-01 -7.1879391090e-01
   outer loop
     vertex 8.3503860519e+00 2.2981333294e-01 3.3363093167e-01
     vertex 8.2767835664e+00 2.2981333294e-01 3.4408455371e-01
     vertex 8.5109353490e+00 4.5962666587e-01 5.3069616824e-01
   endloop
 endfacet
 facet normal  -1.0208894204e-01 6.8768681939e-01 -7.1879391090e-01
   outer loop
     vertex 8.5109353490e+00 4.5962666587e-01 5.3069616824e-01
     vertex 8.2767835664e+00 2.2981333294e-01 3.4408455371e-01
     vertex 8.4425901839e+00 4.5962666587e-01 5.4040310299e-01
   endloop
 endfacet
 facet normal  -1.6476635248e-01 7.0667518829e-01 -6.8808591567e-01
   outer loop
     vertex 8.2767835664e+00 2.2981333294e-01 3.4408455371e-01
     vertex 8.2238975410e+00 2.2981333294e-01 3.5674843378e-01
     vertex 8.4425901839e+00 4.5962666587e-01 5.4040310299e-01
   endloop
 endfacet
 facet normal  -1.6476635248e-01 7.0667518829e-01 -6.8808591567e-01
   outer loop
     vertex 8.4425901839e+00 4.5962666587e-01 5.4040310299e-01
     vertex 8.2238975410e+00 2.2981333294e-01 3.5674843378e-01
     vertex 8.3934817317e+00 4.5962666587e-01 5.5216242019e-01
   endloop
 endfacet
 facet normal  -2.7045562162e-01 7.3164801704e-01 -6.2573551593e-01
   outer loop
     vertex 8.2238975410e+00 2.2981333294e-01 3.5674843378e-01
     vertex 8.1885024496e+00 2.2981333294e-01 3.7204691247e-01
     vertex 8.3934817317e+00 4.5962666587e-01 5.5216242019e-01
   endloop
 endfacet
 facet normal  -2.7045562162e-01 7.3164801704e-01 -6.2573551593e-01
   outer loop
     vertex 8.3934817317e+00 4.5962666587e-01 5.5216242019e-01
     vertex 8.1885024496e+00 2.2981333294e-01 3.7204691247e-01
     vertex 8.3606148611e+00 4.5962666587e-01 5.6636815040e-01
   endloop
 endfacet
 facet normal  -5.4062897939e-01 7.4126123696e-01 -3.9780910652e-01
   outer loop
     vertex 8.1885024496e+00 2.2981333294e-01 3.7204691247e-01
     vertex 8.1732050808e+00 2.2981333294e-01 3.9283628291e-01
     vertex 8.3606148611e+00 4.5962666587e-01 5.6636815040e-01
   endloop
 endfacet
 facet normal  -5.4062897939e-01 7.4126123696e-01 -3.9780910652e-01
   outer loop
     vertex 8.3606148611e+00 4.5962666587e-01 5.6636815040e-01
     vertex 8.1732050808e+00 2.2981333294e-01 3.9283628291e-01
     vertex 8.3464101615e+00 4.5962666587e-01 5.8567256581e-01
   endloop
 endfacet
 facet normal  -8.0063989077e-01 1.0908361516e-01 5.8913201425e-01
   outer loop
     vertex 8.1732050808e+00 2.2981333294e-01 3.9283628291e-01
     vertex 8.3606148611e+00 4.5962666587e-01 6.0497698122e-01
     vertex 8.3464101615e+00 4.5962666587e-01 5.8567256581e-01
   endloop
 endfacet
 facet normal  -8.0063989077e-01 1.0908361516e-01 5.8913201425e-01
   outer loop
     vertex 8.1732050808e+00 2.2981333294e-01 3.9283628291e-01
     vertex 8.1885024496e+00 2.2981333294e-01 4.1362565335e-01
     vertex 8.3606148611e+00 4.5962666587e-01 6.0497698122e-01
   endloop
 endfacet
 facet normal  -3.5945636208e-01 -4.2325902870e-01 8.3165071899e-01
   outer loop
     vertex 8.1885024496e+00 2.2981333294e-01 4.1362565335e-01
     vertex 8.3934817317e+00 4.5962666587e-01 6.1918271143e-01
     vertex 8.3606148611e+00 4.5962666587e-01 6.0497698122e-01
   endloop
 endfacet
 facet normal  -3.5945636208e-01 -4.2325902870e-01 8.3165071899e-01
   outer loop
     vertex 8.1885024496e+00 2.2981333294e-01 4.1362565335e-01
     vertex 8.2238975410e+00 2.2981333294e-01 4.2892413203e-01
     vertex 8.3934817317e+00 4.5962666587e-01 6.1918271143e-01
   endloop
 endfacet
 facet normal  -1.9674004806e-01 -5.3502022282e-01 8.2161226540e-01
   outer loop
     vertex 8.2238975410e+00 2.2981333294e-01 4.2892413203e-01
     vertex 8.4425901839e+00 4.5962666587e-01 6.3094202864e-01
     vertex 8.3934817317e+00 4.5962666587e-01 6.1918271143e-01
   endloop
 endfacet
 facet normal  -1.9674004806e-01 -5.3502022282e-01 8.2161226540e-01
   outer loop
     vertex 8.2238975410e+00 2.2981333294e-01 4.2892413203e-01
     vertex 8.2767835664e+00 2.2981333294e-01 4.4158801210e-01
     vertex 8.4425901839e+00 4.5962666587e-01 6.3094202864e-01
   endloop
 endfacet
 facet normal  -1.1442352380e-01 -5.8124994314e-01 8.0563996971e-01
   outer loop
     vertex 8.2767835664e+00 2.2981333294e-01 4.4158801210e-01
     vertex 8.5109353490e+00 4.5962666587e-01 6.4064896339e-01
     vertex 8.4425901839e+00 4.5962666587e-01 6.3094202864e-01
   endloop
 endfacet
 facet normal  -1.1442352380e-01 -5.8124994314e-01 8.0563996971e-01
   outer loop
     vertex 8.2767835664e+00 2.2981333294e-01 4.4158801210e-01
     vertex 8.3503860519e+00 2.2981333294e-01 4.5204163414e-01
     vertex 8.5109353490e+00 4.5962666587e-01 6.4064896339e-01
   endloop
 endfacet
 facet normal  -6.0608540161e-02 -6.0759480125e-01 7.9193128638e-01
   outer loop
     vertex 8.3503860519e+00 2.2981333294e-01 4.5204163414e-01
     vertex 8.6013292400e+00 4.5962666587e-01 6.4756704058e-01
     vertex 8.5109353490e+00 4.5962666587e-01 6.4064896339e-01
   endloop
 endfacet
 facet normal  -6.0608540161e-02 -6.0759480125e-01 7.9193128638e-01
   outer loop
     vertex 8.3503860519e+00 2.2981333294e-01 4.5204163414e-01
     vertex 8.4477333191e+00 2.2981333294e-01 4.5949187112e-01
     vertex 8.6013292400e+00 4.5962666587e-01 6.4756704058e-01
   endloop
 endfacet
 facet normal  -2.1088545581e-02 -6.2471108966e-01 7.8057115480e-01
   outer loop
     vertex 8.4477333191e+00 2.2981333294e-01 4.5949187112e-01
     vertex 8.7143067169e+00 4.5962666587e-01 6.5061933205e-01
     vertex 8.6013292400e+00 4.5962666587e-01 6.4756704058e-01
   endloop
 endfacet
 facet normal  -2.1088545581e-02 -6.2471108966e-01 7.8057115480e-01
   outer loop
     vertex 8.4477333191e+00 2.2981333294e-01 4.5949187112e-01
     vertex 8.5694013712e+00 2.2981333294e-01 4.6277895424e-01
     vertex 8.7143067169e+00 4.5962666587e-01 6.5061933205e-01
   endloop
 endfacet
 facet normal  8.8744219472e-03 -6.3618054321e-01 7.7148918403e-01
   outer loop
     vertex 8.5694013712e+00 2.2981333294e-01 4.6277895424e-01
     vertex 8.8463939984e+00 4.5962666587e-01 6.4909993515e-01
     vertex 8.7143067169e+00 4.5962666587e-01 6.5061933205e-01
   endloop
 endfacet
 facet normal  8.8744219472e-03 -6.3618054321e-01 7.7148918403e-01
   outer loop
     vertex 8.5694013712e+00 2.2981333294e-01 4.6277895424e-01
     vertex 8.7116492128e+00 2.2981333294e-01 4.6114268066e-01
     vertex 8.8463939984e+00 4.5962666587e-01 6.4909993515e-01
   endloop
 endfacet
 facet normal  3.1260088965e-02 -6.4370200389e-01 7.6463752002e-01
   outer loop
     vertex 8.7116492128e+00 2.2981333294e-01 4.6114268066e-01
     vertex 8.9895200434e+00 4.5962666587e-01 6.4324862288e-01
     vertex 8.8463939984e+00 4.5962666587e-01 6.4909993515e-01
   endloop
 endfacet
 facet normal  3.1260088965e-02 -6.4370200389e-01 7.6463752002e-01
   outer loop
     vertex 8.7116492128e+00 2.2981333294e-01 4.6114268066e-01
     vertex 8.8657849536e+00 2.2981333294e-01 4.5484126745e-01
     vertex 8.9895200434e+00 4.5962666587e-01 6.4324862288e-01
   endloop
 endfacet
 facet normal  4.7421304273e-02 -6.4843243029e-01 7.5979378995e-01
   outer loop
     vertex 8.8657849536e+00 2.2981333294e-01 4.5484126745e-01
     vertex 9.0197516253e+00 2.2981333294e-01 4.4523168589e-01
     vertex 8.9895200434e+00 4.5962666587e-01 6.4324862288e-01
   endloop
 endfacet
 facet normal  4.7421304273e-02 -6.4843243029e-01 7.5979378995e-01
   outer loop
     vertex 8.9895200434e+00 4.5962666587e-01 6.4324862288e-01
     vertex 9.0197516253e+00 2.2981333294e-01 4.4523168589e-01
     vertex 9.1324890958e+00 4.5962666587e-01 6.3432544001e-01
   endloop
 endfacet
 facet normal  5.8909057969e-02 -6.5134834561e-01 7.5648863545e-01
   outer loop
     vertex 9.0197516253e+00 2.2981333294e-01 4.4523168589e-01
     vertex 9.1615849892e+00 2.2981333294e-01 4.3418688038e-01
     vertex 9.1324890958e+00 4.5962666587e-01 6.3432544001e-01
   endloop
 endfacet
 facet normal  5.8909057969e-02 -6.5134834561e-01 7.5648863545e-01
   outer loop
     vertex 9.1324890958e+00 4.5962666587e-01 6.3432544001e-01
     vertex 9.1615849892e+00 2.2981333294e-01 4.3418688038e-01
     vertex 9.2641915051e+00 4.5962666587e-01 6.2406954918e-01
   endloop
 endfacet
 facet normal  6.7236338588e-02 -6.5318286157e-01 7.5420913818e-01
   outer loop
     vertex 9.1615849892e+00 2.2981333294e-01 4.3418688038e-01
     vertex 9.2828252299e+00 2.2981333294e-01 4.2337853894e-01
     vertex 9.2641915051e+00 4.5962666587e-01 6.2406954918e-01
   endloop
 endfacet
 facet normal  6.7236338588e-02 -6.5318286157e-01 7.5420913818e-01
   outer loop
     vertex 9.2641915051e+00 4.5962666587e-01 6.2406954918e-01
     vertex 9.2828252299e+00 2.2981333294e-01 4.2337853894e-01
     vertex 9.3767717286e+00 4.5962666587e-01 6.1403323213e-01
   endloop
 endfacet
 facet normal  7.3493445525e-02 -6.5438818004e-01 7.5257878212e-01
   outer loop
     vertex 9.2828252299e+00 2.2981333294e-01 4.2337853894e-01
     vertex 9.3800069742e+00 2.2981333294e-01 4.1388820863e-01
     vertex 9.3767717286e+00 4.5962666587e-01 6.1403323213e-01
   endloop
 endfacet
 facet normal  7.3493445525e-02 -6.5438818004e-01 7.5257878212e-01
   outer loop
     vertex 9.3767717286e+00 4.5962666587e-01 6.1403323213e-01
     vertex 9.3800069742e+00 2.2981333294e-01 4.1388820863e-01
     vertex 9.4670119197e+00 4.5962666587e-01 6.0522078256e-01
   endloop
 endfacet
 facet normal  7.8290140464e-02 -6.5520729582e-01 7.5138143004e-01
   outer loop
     vertex 9.3800069742e+00 2.2981333294e-01 4.1388820863e-01
     vertex 9.4539647342e+00 2.2981333294e-01 4.0618218451e-01
     vertex 9.4670119197e+00 4.5962666587e-01 6.0522078256e-01
   endloop
 endfacet
 facet normal  7.8290140464e-02 -6.5520729582e-01 7.5138143004e-01
   outer loop
     vertex 9.4670119197e+00 4.5962666587e-01 6.0522078256e-01
     vertex 9.4539647342e+00 2.2981333294e-01 4.0618218451e-01
     vertex 9.5356869826e+00 4.5962666587e-01 5.9806518873e-01
   endloop
 endfacet
 facet normal  8.1979775567e-02 -6.5577606012e-01 7.5049122272e-01
   outer loop
     vertex 9.4539647342e+00 2.2981333294e-01 4.0618218451e-01
     vertex 9.5080552187e+00 2.2981333294e-01 4.0027362004e-01
     vertex 9.5356869826e+00 4.5962666587e-01 5.9806518873e-01
   endloop
 endfacet
 facet normal  8.1979775567e-02 -6.5577606012e-01 7.5049122272e-01
   outer loop
     vertex 9.5356869826e+00 4.5962666587e-01 5.9806518873e-01
     vertex 9.5080552187e+00 2.2981333294e-01 4.0027362004e-01
     vertex 9.5859138610e+00 4.5962666587e-01 5.9257866458e-01
   endloop
 endfacet
 facet normal  8.4753620131e-02 -6.5616977532e-01 7.4983868254e-01
   outer loop
     vertex 9.5080552187e+00 2.2981333294e-01 4.0027362004e-01
     vertex 9.5464764005e+00 2.2981333294e-01 3.9593090697e-01
     vertex 9.5859138610e+00 4.5962666587e-01 5.9257866458e-01
   endloop
 endfacet
 facet normal  8.4753620131e-02 -6.5616977532e-01 7.4983868254e-01
   outer loop
     vertex 9.5859138610e+00 4.5962666587e-01 5.9257866458e-01
     vertex 9.5464764005e+00 2.2981333294e-01 3.9593090697e-01
     vertex 9.6215906727e+00 4.5962666587e-01 5.8854614530e-01
   endloop
 endfacet
 facet normal  8.6761969274e-02 -6.5643730919e-01 7.4937468584e-01
   outer loop
     vertex 9.5464764005e+00 2.2981333294e-01 3.9593090697e-01
     vertex 9.5732050808e+00 2.2981333294e-01 3.9283628291e-01
     vertex 9.6215906727e+00 4.5962666587e-01 5.8854614530e-01
   endloop
 endfacet
 facet normal  8.6761969274e-02 -6.5643730919e-01 7.4937468584e-01
   outer loop
     vertex 9.6215906727e+00 4.5962666587e-01 5.8854614530e-01
     vertex 9.5732050808e+00 2.2981333294e-01 3.9283628291e-01
     vertex 9.6464101615e+00 4.5962666587e-01 5.8567256581e-01
   endloop
 endfacet
 facet normal  8.9944438982e-02 6.2321366680e-01 -7.7686210064e-01
   outer loop
     vertex 9.6464101615e+00 4.5962666587e-01 5.8567256581e-01
     vertex 9.6967049449e+00 6.8943999881e-01 7.7585631381e-01
     vertex 9.7196152423e+00 6.8943999881e-01 7.7850884872e-01
   endloop
 endfacet
 facet normal  8.9944438982e-02 6.2321366680e-01 -7.7686210064e-01
   outer loop
     vertex 9.6464101615e+00 4.5962666587e-01 5.8567256581e-01
     vertex 9.6215906727e+00 4.5962666587e-01 5.8279898633e-01
     vertex 9.6967049449e+00 6.8943999881e-01 7.7585631381e-01
   endloop
 endfacet
 facet normal  8.7786500926e-02 6.2375880041e-01 -7.7667141647e-01
   outer loop
     vertex 9.6215906727e+00 4.5962666587e-01 5.8279898633e-01
     vertex 9.6637725033e+00 6.8943999881e-01 7.7213398831e-01
     vertex 9.6967049449e+00 6.8943999881e-01 7.7585631381e-01
   endloop
 endfacet
 facet normal  8.7786500926e-02 6.2375880041e-01 -7.7667141647e-01
   outer loop
     vertex 9.6215906727e+00 4.5962666587e-01 5.8279898633e-01
     vertex 9.5859138610e+00 4.5962666587e-01 5.7876646704e-01
     vertex 9.6637725033e+00 6.8943999881e-01 7.7213398831e-01
   endloop
 endfacet
 facet normal  8.4808284632e-02 6.2452685177e-01 -7.7638506314e-01
   outer loop
     vertex 9.5859138610e+00 4.5962666587e-01 5.7876646704e-01
     vertex 9.6174092310e+00 6.8943999881e-01 7.6706950448e-01
     vertex 9.6637725033e+00 6.8943999881e-01 7.7213398831e-01
   endloop
 endfacet
 facet normal  8.4808284632e-02 6.2452685177e-01 -7.7638506314e-01
   outer loop
     vertex 9.5859138610e+00 4.5962666587e-01 5.7876646704e-01
     vertex 9.5356869826e+00 4.5962666587e-01 5.7327994289e-01
     vertex 9.6174092310e+00 6.8943999881e-01 7.6706950448e-01
   endloop
 endfacet
 facet normal  8.0851278557e-02 6.2557696118e-01 -7.7596168487e-01
   outer loop
     vertex 9.5356869826e+00 4.5962666587e-01 5.7327994289e-01
     vertex 9.5540168652e+00 6.8943999881e-01 7.6046434095e-01
     vertex 9.6174092310e+00 6.8943999881e-01 7.6706950448e-01
   endloop
 endfacet
 facet normal  8.0851278557e-02 6.2557696118e-01 -7.7596168487e-01
   outer loop
     vertex 9.5356869826e+00 4.5962666587e-01 5.7327994289e-01
     vertex 9.4670119197e+00 4.5962666587e-01 5.6612434907e-01
     vertex 9.5540168652e+00 6.8943999881e-01 7.6046434095e-01
   endloop
 endfacet
 facet normal  7.5715893019e-02 6.2699275486e-01 -7.7533682287e-01
   outer loop
     vertex 9.4670119197e+00 4.5962666587e-01 5.6612434907e-01
     vertex 9.4707182273e+00 6.8943999881e-01 7.5232977211e-01
     vertex 9.5540168652e+00 6.8943999881e-01 7.6046434095e-01
   endloop
 endfacet
 facet normal  7.5715893019e-02 6.2699275486e-01 -7.7533682287e-01
   outer loop
     vertex 9.4670119197e+00 4.5962666587e-01 5.6612434907e-01
     vertex 9.3767717286e+00 4.5962666587e-01 5.5731189949e-01
     vertex 9.4707182273e+00 6.8943999881e-01 7.5232977211e-01
   endloop
 endfacet
 facet normal  6.9035893682e-02 6.2892450043e-01 -7.7439525963e-01
   outer loop
     vertex 9.3767717286e+00 4.5962666587e-01 5.5731189949e-01
     vertex 9.3667980209e+00 6.8943999881e-01 7.4306547946e-01
     vertex 9.4707182273e+00 6.8943999881e-01 7.5232977211e-01
   endloop
 endfacet
 facet normal  6.9035893682e-02 6.2892450043e-01 -7.7439525963e-01
   outer loop
     vertex 9.3767717286e+00 4.5962666587e-01 5.5731189949e-01
     vertex 9.2641915051e+00 4.5962666587e-01 5.4727558245e-01
     vertex 9.3667980209e+00 6.8943999881e-01 7.4306547946e-01
   endloop
 endfacet
 facet normal  6.0189529191e-02 6.3162756046e-01 -7.7293197983e-01
   outer loop
     vertex 9.2641915051e+00 4.5962666587e-01 5.4727558245e-01
     vertex 9.2452265662e+00 6.8943999881e-01 7.3359850330e-01
     vertex 9.3667980209e+00 6.8943999881e-01 7.4306547946e-01
   endloop
 endfacet
 facet normal  6.0189529191e-02 6.3162756046e-01 -7.7293197983e-01
   outer loop
     vertex 9.2641915051e+00 4.5962666587e-01 5.4727558245e-01
     vertex 9.1324890958e+00 4.5962666587e-01 5.3701969161e-01
     vertex 9.2452265662e+00 6.8943999881e-01 7.3359850330e-01
   endloop
 endfacet
 facet normal  4.8093805424e-02 6.3553977246e-01 -7.7056874028e-01
   outer loop
     vertex 9.1324890958e+00 4.5962666587e-01 5.3701969161e-01
     vertex 9.1132551333e+00 6.8943999881e-01 7.2536171911e-01
     vertex 9.2452265662e+00 6.8943999881e-01 7.3359850330e-01
   endloop
 endfacet
 facet normal  4.8093805424e-02 6.3553977246e-01 -7.7056874028e-01
   outer loop
     vertex 9.1324890958e+00 4.5962666587e-01 5.3701969161e-01
     vertex 8.9895200434e+00 4.5962666587e-01 5.2809650874e-01
     vertex 9.1132551333e+00 6.8943999881e-01 7.2536171911e-01
   endloop
 endfacet
 facet normal  3.1344464608e-02 6.4123825678e-01 -7.6670139075e-01
   outer loop
     vertex 8.9895200434e+00 4.5962666587e-01 5.2809650874e-01
     vertex 8.8463939984e+00 4.5962666587e-01 5.2224519647e-01
     vertex 9.1132551333e+00 6.8943999881e-01 7.2536171911e-01
   endloop
 endfacet
 facet normal  3.1344464608e-02 6.4123825678e-01 -7.6670139075e-01
   outer loop
     vertex 9.1132551333e+00 6.8943999881e-01 7.2536171911e-01
     vertex 8.8463939984e+00 4.5962666587e-01 5.2224519647e-01
     vertex 8.9811387840e+00 6.8943999881e-01 7.1996050779e-01
   endloop
 endfacet
 facet normal  8.7487359788e-03 6.4920543036e-01 -7.6056279741e-01
   outer loop
     vertex 8.8463939984e+00 4.5962666587e-01 5.2224519647e-01
     vertex 8.7143067169e+00 4.5962666587e-01 5.2072579958e-01
     vertex 8.9811387840e+00 6.8943999881e-01 7.1996050779e-01
   endloop
 endfacet
 facet normal  8.7487359788e-03 6.4920543036e-01 -7.6056279741e-01
   outer loop
     vertex 8.9811387840e+00 6.8943999881e-01 7.1996050779e-01
     vertex 8.7143067169e+00 4.5962666587e-01 5.2072579958e-01
     vertex 8.8592120626e+00 6.8943999881e-01 7.1855798758e-01
   endloop
 endfacet
 facet normal  -2.0299100086e-02 6.5959091733e-01 -7.5135062940e-01
   outer loop
     vertex 8.7143067169e+00 4.5962666587e-01 5.2072579958e-01
     vertex 8.6013292400e+00 4.5962666587e-01 5.2377809104e-01
     vertex 8.8592120626e+00 6.8943999881e-01 7.1855798758e-01
   endloop
 endfacet
 facet normal  -2.0299100086e-02 6.5959091733e-01 -7.5135062940e-01
   outer loop
     vertex 8.8592120626e+00 6.8943999881e-01 7.1855798758e-01
     vertex 8.6013292400e+00 4.5962666587e-01 5.2377809104e-01
     vertex 8.7549251609e+00 6.8943999881e-01 7.2137548739e-01
   endloop
 endfacet
 facet normal  -5.6486310538e-02 6.7235678347e-01 -7.3806886701e-01
   outer loop
     vertex 8.6013292400e+00 4.5962666587e-01 5.2377809104e-01
     vertex 8.5109353490e+00 4.5962666587e-01 5.3069616824e-01
     vertex 8.7549251609e+00 6.8943999881e-01 7.2137548739e-01
   endloop
 endfacet
 facet normal  -5.6486310538e-02 6.7235678347e-01 -7.3806886701e-01
   outer loop
     vertex 8.7549251609e+00 6.8943999881e-01 7.2137548739e-01
     vertex 8.5109353490e+00 4.5962666587e-01 5.3069616824e-01
     vertex 8.6714846461e+00 6.8943999881e-01 7.2776140480e-01
   endloop
 endfacet
 facet normal  -1.0208894204e-01 6.8768681939e-01 -7.1879391090e-01
   outer loop
     vertex 8.5109353490e+00 4.5962666587e-01 5.3069616824e-01
     vertex 8.4425901839e+00 4.5962666587e-01 5.4040310299e-01
     vertex 8.6714846461e+00 6.8943999881e-01 7.2776140480e-01
   endloop
 endfacet
 facet normal  -1.0208894204e-01 6.8768681939e-01 -7.1879391090e-01
   outer loop
     vertex 8.6714846461e+00 6.8943999881e-01 7.2776140480e-01
     vertex 8.4425901839e+00 4.5962666587e-01 5.4040310299e-01
     vertex 8.6083968014e+00 6.8943999881e-01 7.3672165226e-01
   endloop
 endfacet
 facet normal  -1.6476635248e-01 7.0667518829e-01 -6.8808591567e-01
   outer loop
     vertex 8.4425901839e+00 4.5962666587e-01 5.4040310299e-01
     vertex 8.3934817317e+00 4.5962666587e-01 5.5216242019e-01
     vertex 8.6083968014e+00 6.8943999881e-01 7.3672165226e-01
   endloop
 endfacet
 facet normal  -1.6476635248e-01 7.0667518829e-01 -6.8808591567e-01
   outer loop
     vertex 8.6083968014e+00 6.8943999881e-01 7.3672165226e-01
     vertex 8.3934817317e+00 4.5962666587e-01 5.5216242019e-01
     vertex 8.5630659225e+00 6.8943999881e-01 7.4757640661e-01
   endloop
 endfacet
 facet normal  -2.7045562162e-01 7.3164801704e-01 -6.2573551593e-01
   outer loop
     vertex 8.3934817317e+00 4.5962666587e-01 5.5216242019e-01
     vertex 8.3606148611e+00 4.5962666587e-01 5.6636815040e-01
     vertex 8.5630659225e+00 6.8943999881e-01 7.4757640661e-01
   endloop
 endfacet
 facet normal  -2.7045562162e-01 7.3164801704e-01 -6.2573551593e-01
   outer loop
     vertex 8.5630659225e+00 6.8943999881e-01 7.4757640661e-01
     vertex 8.3606148611e+00 4.5962666587e-01 5.6636815040e-01
     vertex 8.5327272727e+00 6.8943999881e-01 7.6068938834e-01
   endloop
 endfacet
 facet normal  -5.4062897939e-01 7.4126123696e-01 -3.9780910652e-01
   outer loop
     vertex 8.3606148611e+00 4.5962666587e-01 5.6636815040e-01
     vertex 8.3464101615e+00 4.5962666587e-01 5.8567256581e-01
     vertex 8.5327272727e+00 6.8943999881e-01 7.6068938834e-01
   endloop
 endfacet
 facet normal  -5.4062897939e-01 7.4126123696e-01 -3.9780910652e-01
   outer loop
     vertex 8.5327272727e+00 6.8943999881e-01 7.6068938834e-01
     vertex 8.3464101615e+00 4.5962666587e-01 5.8567256581e-01
     vertex 8.5196152423e+00 6.8943999881e-01 7.7850884872e-01
   endloop
 endfacet
 facet normal  -8.0063989077e-01 1.0908361516e-01 5.8913201425e-01
   outer loop
     vertex 8.3464101615e+00 4.5962666587e-01 5.8567256581e-01
     vertex 8.5327272727e+00 6.8943999881e-01 7.9632830909e-01
     vertex 8.5196152423e+00 6.8943999881e-01 7.7850884872e-01
   endloop
 endfacet
 facet normal  -8.0063989077e-01 1.0908361516e-01 5.8913201425e-01
   outer loop
     vertex 8.3464101615e+00 4.5962666587e-01 5.8567256581e-01
     vertex 8.3606148611e+00 4.5962666587e-01 6.0497698122e-01
     vertex 8.5327272727e+00 6.8943999881e-01 7.9632830909e-01
   endloop
 endfacet
 facet normal  -3.5945636208e-01 -4.2325902870e-01 8.3165071899e-01
   outer loop
     vertex 8.3606148611e+00 4.5962666587e-01 6.0497698122e-01
     vertex 8.5630659225e+00 6.8943999881e-01 8.0944129083e-01
     vertex 8.5327272727e+00 6.8943999881e-01 7.9632830909e-01
   endloop
 endfacet
 facet normal  -3.5945636208e-01 -4.2325902870e-01 8.3165071899e-01
   outer loop
     vertex 8.3606148611e+00 4.5962666587e-01 6.0497698122e-01
     vertex 8.3934817317e+00 4.5962666587e-01 6.1918271143e-01
     vertex 8.5630659225e+00 6.8943999881e-01 8.0944129083e-01
   endloop
 endfacet
 facet normal  -1.9674004806e-01 -5.3502022282e-01 8.2161226540e-01
   outer loop
     vertex 8.3934817317e+00 4.5962666587e-01 6.1918271143e-01
     vertex 8.6083968014e+00 6.8943999881e-01 8.2029604517e-01
     vertex 8.5630659225e+00 6.8943999881e-01 8.0944129083e-01
   endloop
 endfacet
 facet normal  -1.9674004806e-01 -5.3502022282e-01 8.2161226540e-01
   outer loop
     vertex 8.3934817317e+00 4.5962666587e-01 6.1918271143e-01
     vertex 8.4425901839e+00 4.5962666587e-01 6.3094202864e-01
     vertex 8.6083968014e+00 6.8943999881e-01 8.2029604517e-01
   endloop
 endfacet
 facet normal  -1.1442352380e-01 -5.8124994314e-01 8.0563996971e-01
   outer loop
     vertex 8.4425901839e+00 4.5962666587e-01 6.3094202864e-01
     vertex 8.6714846461e+00 6.8943999881e-01 8.2925629263e-01
     vertex 8.6083968014e+00 6.8943999881e-01 8.2029604517e-01
   endloop
 endfacet
 facet normal  -1.1442352380e-01 -5.8124994314e-01 8.0563996971e-01
   outer loop
     vertex 8.4425901839e+00 4.5962666587e-01 6.3094202864e-01
     vertex 8.5109353490e+00 4.5962666587e-01 6.4064896339e-01
     vertex 8.6714846461e+00 6.8943999881e-01 8.2925629263e-01
   endloop
 endfacet
 facet normal  -6.0608540161e-02 -6.0759480125e-01 7.9193128638e-01
   outer loop
     vertex 8.5109353490e+00 4.5962666587e-01 6.4064896339e-01
     vertex 8.7549251609e+00 6.8943999881e-01 8.3564221005e-01
     vertex 8.6714846461e+00 6.8943999881e-01 8.2925629263e-01
   endloop
 endfacet
 facet normal  -6.0608540161e-02 -6.0759480125e-01 7.9193128638e-01
   outer loop
     vertex 8.5109353490e+00 4.5962666587e-01 6.4064896339e-01
     vertex 8.6013292400e+00 4.5962666587e-01 6.4756704058e-01
     vertex 8.7549251609e+00 6.8943999881e-01 8.3564221005e-01
   endloop
 endfacet
 facet normal  -2.1088545581e-02 -6.2471108966e-01 7.8057115480e-01
   outer loop
     vertex 8.6013292400e+00 4.5962666587e-01 6.4756704058e-01
     vertex 8.8592120626e+00 6.8943999881e-01 8.3845970986e-01
     vertex 8.7549251609e+00 6.8943999881e-01 8.3564221005e-01
   endloop
 endfacet
 facet normal  -2.1088545581e-02 -6.2471108966e-01 7.8057115480e-01
   outer loop
     vertex 8.6013292400e+00 4.5962666587e-01 6.4756704058e-01
     vertex 8.7143067169e+00 4.5962666587e-01 6.5061933205e-01
     vertex 8.8592120626e+00 6.8943999881e-01 8.3845970986e-01
   endloop
 endfacet
 facet normal  8.8744219472e-03 -6.3618054321e-01 7.7148918403e-01
   outer loop
     vertex 8.7143067169e+00 4.5962666587e-01 6.5061933205e-01
     vertex 8.9811387840e+00 6.8943999881e-01 8.3705718965e-01
     vertex 8.8592120626e+00 6.8943999881e-01 8.3845970986e-01
   endloop
 endfacet
 facet normal  8.8744219472e-03 -6.3618054321e-01 7.7148918403e-01
   outer loop
     vertex 8.7143067169e+00 4.5962666587e-01 6.5061933205e-01
     vertex 8.8463939984e+00 4.5962666587e-01 6.4909993515e-01
     vertex 8.9811387840e+00 6.8943999881e-01 8.3705718965e-01
   endloop
 endfacet
 facet normal  3.1260088965e-02 -6.4370200389e-01 7.6463752002e-01
   outer loop
     vertex 8.8463939984e+00 4.5962666587e-01 6.4909993515e-01
     vertex 9.1132551333e+00 6.8943999881e-01 8.3165597832e-01
     vertex 8.9811387840e+00 6.8943999881e-01 8.3705718965e-01
   endloop
 endfacet
 facet normal  3.1260088965e-02 -6.4370200389e-01 7.6463752002e-01
   outer loop
     vertex 8.8463939984e+00 4.5962666587e-01 6.4909993515e-01
     vertex 8.9895200434e+00 4.5962666587e-01 6.4324862288e-01
     vertex 9.1132551333e+00 6.8943999881e-01 8.3165597832e-01
   endloop
 endfacet
 facet normal  4.7421304273e-02 -6.4843243029e-01 7.5979378995e-01
   outer loop
     vertex 8.9895200434e+00 4.5962666587e-01 6.4324862288e-01
     vertex 9.1324890958e+00 4.5962666587e-01 6.3432544001e-01
     vertex 9.1132551333e+00 6.8943999881e-01 8.3165597832e-01
   endloop
 endfacet
 facet normal  4.7421304273e-02 -6.4843243029e-01 7.5979378995e-01
   outer loop
     vertex 9.1132551333e+00 6.8943999881e-01 8.3165597832e-01
     vertex 9.1324890958e+00 4.5962666587e-01 6.3432544001e-01
     vertex 9.2452265662e+00 6.8943999881e-01 8.2341919413e-01
   endloop
 endfacet
 facet normal  5.8909057969e-02 -6.5134834561e-01 7.5648863545e-01
   outer loop
     vertex 9.1324890958e+00 4.5962666587e-01 6.3432544001e-01
     vertex 9.2641915051e+00 4.5962666587e-01 6.2406954918e-01
     vertex 9.2452265662e+00 6.8943999881e-01 8.2341919413e-01
   endloop
 endfacet
 facet normal  5.8909057969e-02 -6.5134834561e-01 7.5648863545e-01
   outer loop
     vertex 9.2452265662e+00 6.8943999881e-01 8.2341919413e-01
     vertex 9.2641915051e+00 4.5962666587e-01 6.2406954918e-01
     vertex 9.3667980209e+00 6.8943999881e-01 8.1395221798e-01
   endloop
 endfacet
 facet normal  6.7236338588e-02 -6.5318286157e-01 7.5420913818e-01
   outer loop
     vertex 9.2641915051e+00 4.5962666587e-01 6.2406954918e-01
     vertex 9.3767717286e+00 4.5962666587e-01 6.1403323213e-01
     vertex 9.3667980209e+00 6.8943999881e-01 8.1395221798e-01
   endloop
 endfacet
 facet normal  6.7236338588e-02 -6.5318286157e-01 7.5420913818e-01
   outer loop
     vertex 9.3667980209e+00 6.8943999881e-01 8.1395221798e-01
     vertex 9.3767717286e+00 4.5962666587e-01 6.1403323213e-01
     vertex 9.4707182273e+00 6.8943999881e-01 8.0468792532e-01
   endloop
 endfacet
 facet normal  7.3493445525e-02 -6.5438818004e-01 7.5257878212e-01
   outer loop
     vertex 9.3767717286e+00 4.5962666587e-01 6.1403323213e-01
     vertex 9.4670119197e+00 4.5962666587e-01 6.0522078256e-01
     vertex 9.4707182273e+00 6.8943999881e-01 8.0468792532e-01
   endloop
 endfacet
 facet normal  7.3493445525e-02 -6.5438818004e-01 7.5257878212e-01
   outer loop
     vertex 9.4707182273e+00 6.8943999881e-01 8.0468792532e-01
     vertex 9.4670119197e+00 4.5962666587e-01 6.0522078256e-01
     vertex 9.5540168652e+00 6.8943999881e-01 7.9655335648e-01
   endloop
 endfacet
 facet normal  7.8290140464e-02 -6.5520729582e-01 7.5138143004e-01
   outer loop
     vertex 9.4670119197e+00 4.5962666587e-01 6.0522078256e-01
     vertex 9.5356869826e+00 4.5962666587e-01 5.9806518873e-01
     vertex 9.5540168652e+00 6.8943999881e-01 7.9655335648e-01
   endloop
 endfacet
 facet normal  7.8290140464e-02 -6.5520729582e-01 7.5138143004e-01
   outer loop
     vertex 9.5540168652e+00 6.8943999881e-01 7.9655335648e-01
     vertex 9.5356869826e+00 4.5962666587e-01 5.9806518873e-01
     vertex 9.6174092310e+00 6.8943999881e-01 7.8994819295e-01
   endloop
 endfacet
 facet normal  8.1979775567e-02 -6.5577606012e-01 7.5049122272e-01
   outer loop
     vertex 9.5356869826e+00 4.5962666587e-01 5.9806518873e-01
     vertex 9.5859138610e+00 4.5962666587e-01 5.9257866458e-01
     vertex 9.6174092310e+00 6.8943999881e-01 7.8994819295e-01
   endloop
 endfacet
 facet normal  8.1979775567e-02 -6.5577606012e-01 7.5049122272e-01
   outer loop
     vertex 9.6174092310e+00 6.8943999881e-01 7.8994819295e-01
     vertex 9.5859138610e+00 4.5962666587e-01 5.9257866458e-01
     vertex 9.6637725033e+00 6.8943999881e-01 7.8488370912e-01
   endloop
 endfacet
 facet normal  8.4753620131e-02 -6.5616977532e-01 7.4983868254e-01
   outer loop
     vertex 9.5859138610e+00 4.5962666587e-01 5.9257866458e-01
     vertex 9.6215906727e+00 4.5962666587e-01 5.8854614530e-01
     vertex 9.6637725033e+00 6.8943999881e-01 7.8488370912e-01
   endloop
 endfacet
 facet normal  8.4753620131e-02 -6.5616977532e-01 7.4983868254e-01
   outer loop
     vertex 9.6637725033e+00 6.8943999881e-01 7.8488370912e-01
     vertex 9.6215906727e+00 4.5962666587e-01 5.8854614530e-01
     vertex 9.6967049449e+00 6.8943999881e-01 7.8116138363e-01
   endloop
 endfacet
 facet normal  8.6761969274e-02 -6.5643730919e-01 7.4937468584e-01
   outer loop
     vertex 9.6215906727e+00 4.5962666587e-01 5.8854614530e-01
     vertex 9.6464101615e+00 4.5962666587e-01 5.8567256581e-01
     vertex 9.6967049449e+00 6.8943999881e-01 7.8116138363e-01
   endloop
 endfacet
 facet normal  8.6761969274e-02 -6.5643730919e-01 7.4937468584e-01
   outer loop
     vertex 9.6967049449e+00 6.8943999881e-01 7.8116138363e-01
     vertex 9.6464101615e+00 4.5962666587e-01 5.8567256581e-01
     vertex 9.7196152423e+00 6.8943999881e-01 7.7850884872e-01
   endloop
 endfacet
 facet normal  8.9944438982e-02 6.2321366680e-01 -7.7686210064e-01
   outer loop
     vertex 9.7196152423e+00 6.8943999881e-01 7.7850884872e-01
     vertex 9.7718192171e+00 9.1925333174e-01 9.6891364129e-01
     vertex 9.7928203230e+00 9.1925333174e-01 9.7134513162e-01
   endloop
 endfacet
 facet normal  8.9944438982e-02 6.2321366680e-01 -7.7686210064e-01
   outer loop
     vertex 9.7196152423e+00 6.8943999881e-01 7.7850884872e-01
     vertex 9.6967049449e+00 6.8943999881e-01 7.7585631381e-01
     vertex 9.7718192171e+00 9.1925333174e-01 9.6891364129e-01
   endloop
 endfacet
 facet normal  8.7786500926e-02 6.2375880041e-01 -7.7667141647e-01
   outer loop
     vertex 9.6967049449e+00 6.8943999881e-01 7.7585631381e-01
     vertex 9.7416311457e+00 9.1925333174e-01 9.6550150959e-01
     vertex 9.7718192171e+00 9.1925333174e-01 9.6891364129e-01
   endloop
 endfacet
 facet normal  8.7786500926e-02 6.2375880041e-01 -7.7667141647e-01
   outer loop
     vertex 9.6967049449e+00 6.8943999881e-01 7.7585631381e-01
     vertex 9.6637725033e+00 6.8943999881e-01 7.7213398831e-01
     vertex 9.7416311457e+00 9.1925333174e-01 9.6550150959e-01
   endloop
 endfacet
 facet normal  8.4808284632e-02 6.2452685177e-01 -7.7638506314e-01
   outer loop
     vertex 9.6637725033e+00 6.8943999881e-01 7.7213398831e-01
     vertex 9.6991314793e+00 9.1925333174e-01 9.6085906608e-01
     vertex 9.7416311457e+00 9.1925333174e-01 9.6550150959e-01
   endloop
 endfacet
 facet normal  8.4808284632e-02 6.2452685177e-01 -7.7638506314e-01
   outer loop
     vertex 9.6637725033e+00 6.8943999881e-01 7.7213398831e-01
     vertex 9.6174092310e+00 6.8943999881e-01 7.6706950448e-01
     vertex 9.6991314793e+00 9.1925333174e-01 9.6085906608e-01
   endloop
 endfacet
 facet normal  8.0851278557e-02 6.2557696118e-01 -7.7596168487e-01
   outer loop
     vertex 9.6174092310e+00 6.8943999881e-01 7.6706950448e-01
     vertex 9.6410218107e+00 9.1925333174e-01 9.5480433284e-01
     vertex 9.6991314793e+00 9.1925333174e-01 9.6085906608e-01
   endloop
 endfacet
 facet normal  8.0851278557e-02 6.2557696118e-01 -7.7596168487e-01
   outer loop
     vertex 9.6174092310e+00 6.8943999881e-01 7.6706950448e-01
     vertex 9.5540168652e+00 6.8943999881e-01 7.6046434095e-01
     vertex 9.6410218107e+00 9.1925333174e-01 9.5480433284e-01
   endloop
 endfacet
 facet normal  7.5715893019e-02 6.2699275486e-01 -7.7533682287e-01
   outer loop
     vertex 9.5540168652e+00 6.8943999881e-01 7.6046434095e-01
     vertex 9.5646647260e+00 9.1925333174e-01 9.4734764474e-01
     vertex 9.6410218107e+00 9.1925333174e-01 9.5480433284e-01
   endloop
 endfacet
 facet normal  7.5715893019e-02 6.2699275486e-01 -7.7533682287e-01
   outer loop
     vertex 9.5540168652e+00 6.8943999881e-01 7.6046434095e-01
     vertex 9.4707182273e+00 6.8943999881e-01 7.5232977211e-01
     vertex 9.5646647260e+00 9.1925333174e-01 9.4734764474e-01
   endloop
 endfacet
 facet normal  6.9035893682e-02 6.2892450043e-01 -7.7439525963e-01
   outer loop
     vertex 9.4707182273e+00 6.8943999881e-01 7.5232977211e-01
     vertex 9.4694045368e+00 9.1925333174e-01 9.3885537647e-01
     vertex 9.5646647260e+00 9.1925333174e-01 9.4734764474e-01
   endloop
 endfacet
 facet normal  6.9035893682e-02 6.2892450043e-01 -7.7439525963e-01
   outer loop
     vertex 9.4707182273e+00 6.8943999881e-01 7.5232977211e-01
     vertex 9.3667980209e+00 6.8943999881e-01 7.4306547946e-01
     vertex 9.4694045368e+00 9.1925333174e-01 9.3885537647e-01
   endloop
 endfacet
 facet normal  6.0189529191e-02 6.3162756046e-01 -7.7293197983e-01
   outer loop
     vertex 9.3667980209e+00 6.8943999881e-01 7.4306547946e-01
     vertex 9.3579640366e+00 9.1925333174e-01 9.3017731499e-01
     vertex 9.4694045368e+00 9.1925333174e-01 9.3885537647e-01
   endloop
 endfacet
 facet normal  6.0189529191e-02 6.3162756046e-01 -7.7293197983e-01
   outer loop
     vertex 9.3667980209e+00 6.8943999881e-01 7.4306547946e-01
     vertex 9.2452265662e+00 6.8943999881e-01 7.3359850330e-01
     vertex 9.3579640366e+00 9.1925333174e-01 9.3017731499e-01
   endloop
 endfacet
 facet normal  4.8093805424e-02 6.3553977246e-01 -7.7056874028e-01
   outer loop
     vertex 9.2452265662e+00 6.8943999881e-01 7.3359850330e-01
     vertex 9.2369902231e+00 9.1925333174e-01 9.2262692949e-01
     vertex 9.3579640366e+00 9.1925333174e-01 9.3017731499e-01
   endloop
 endfacet
 facet normal  4.8093805424e-02 6.3553977246e-01 -7.7056874028e-01
   outer loop
     vertex 9.2452265662e+00 6.8943999881e-01 7.3359850330e-01
     vertex 9.1132551333e+00 6.8943999881e-01 7.2536171911e-01
     vertex 9.2369902231e+00 9.1925333174e-01 9.2262692949e-01
   endloop
 endfacet
 facet normal  3.1344464608e-02 6.4123825678e-01 -7.6670139075e-01
   outer loop
     vertex 9.1132551333e+00 6.8943999881e-01 7.2536171911e-01
     vertex 8.9811387840e+00 6.8943999881e-01 7.1996050779e-01
     vertex 9.2369902231e+00 9.1925333174e-01 9.2262692949e-01
   endloop
 endfacet
 facet normal  3.1344464608e-02 6.4123825678e-01 -7.6670139075e-01
   outer loop
     vertex 9.2369902231e+00 9.1925333174e-01 9.2262692949e-01
     vertex 8.9811387840e+00 6.8943999881e-01 7.1996050779e-01
     vertex 9.1158835696e+00 9.1925333174e-01 9.1767581910e-01
   endloop
 endfacet
 facet normal  8.7487359788e-03 6.4920543036e-01 -7.6056279741e-01
   outer loop
     vertex 8.9811387840e+00 6.8943999881e-01 7.1996050779e-01
     vertex 8.8592120626e+00 6.8943999881e-01 7.1855798758e-01
     vertex 9.1158835696e+00 9.1925333174e-01 9.1767581910e-01
   endloop
 endfacet
 facet normal  8.7487359788e-03 6.4920543036e-01 -7.6056279741e-01
   outer loop
     vertex 9.1158835696e+00 9.1925333174e-01 9.1767581910e-01
     vertex 8.8592120626e+00 6.8943999881e-01 7.1855798758e-01
     vertex 9.0041174084e+00 9.1925333174e-01 9.1639017558e-01
   endloop
 endfacet
 facet normal  -2.0299100086e-02 6.5959091733e-01 -7.5135062940e-01
   outer loop
     vertex 8.8592120626e+00 6.8943999881e-01 7.1855798758e-01
     vertex 8.7549251609e+00 6.8943999881e-01 7.2137548739e-01
     vertex 9.0041174084e+00 9.1925333174e-01 9.1639017558e-01
   endloop
 endfacet
 facet normal  -2.0299100086e-02 6.5959091733e-01 -7.5135062940e-01
   outer loop
     vertex 9.0041174084e+00 9.1925333174e-01 9.1639017558e-01
     vertex 8.7549251609e+00 6.8943999881e-01 7.2137548739e-01
     vertex 8.9085210817e+00 9.1925333174e-01 9.1897288374e-01
   endloop
 endfacet
 facet normal  -5.6486310538e-02 6.7235678347e-01 -7.3806886701e-01
   outer loop
     vertex 8.7549251609e+00 6.8943999881e-01 7.2137548739e-01
     vertex 8.6714846461e+00 6.8943999881e-01 7.2776140480e-01
     vertex 8.9085210817e+00 9.1925333174e-01 9.1897288374e-01
   endloop
 endfacet
 facet normal  -5.6486310538e-02 6.7235678347e-01 -7.3806886701e-01
   outer loop
     vertex 8.9085210817e+00 9.1925333174e-01 9.1897288374e-01
     vertex 8.6714846461e+00 6.8943999881e-01 7.2776140480e-01
     vertex 8.8320339432e+00 9.1925333174e-01 9.2482664137e-01
   endloop
 endfacet
 facet normal  -1.0208894204e-01 6.8768681939e-01 -7.1879391090e-01
   outer loop
     vertex 8.6714846461e+00 6.8943999881e-01 7.2776140480e-01
     vertex 8.6083968014e+00 6.8943999881e-01 7.3672165226e-01
     vertex 8.8320339432e+00 9.1925333174e-01 9.2482664137e-01
   endloop
 endfacet
 facet normal  -1.0208894204e-01 6.8768681939e-01 -7.1879391090e-01
   outer loop
     vertex 8.8320339432e+00 9.1925333174e-01 9.2482664137e-01
     vertex 8.6083968014e+00 6.8943999881e-01 7.3672165226e-01
     vertex 8.7742034189e+00 9.1925333174e-01 9.3304020154e-01
   endloop
 endfacet
 facet normal  -1.6476635248e-01 7.0667518829e-01 -6.8808591567e-01
   outer loop
     vertex 8.6083968014e+00 6.8943999881e-01 7.3672165226e-01
     vertex 8.5630659225e+00 6.8943999881e-01 7.4757640661e-01
     vertex 8.7742034189e+00 9.1925333174e-01 9.3304020154e-01
   endloop
 endfacet
 facet normal  -1.6476635248e-01 7.0667518829e-01 -6.8808591567e-01
   outer loop
     vertex 8.7742034189e+00 9.1925333174e-01 9.3304020154e-01
     vertex 8.5630659225e+00 6.8943999881e-01 7.4757640661e-01
     vertex 8.7326501132e+00 9.1925333174e-01 9.4299039302e-01
   endloop
 endfacet
 facet normal  -2.7045562162e-01 7.3164801704e-01 -6.2573551593e-01
   outer loop
     vertex 8.5630659225e+00 6.8943999881e-01 7.4757640661e-01
     vertex 8.5327272727e+00 6.8943999881e-01 7.6068938834e-01
     vertex 8.7326501132e+00 9.1925333174e-01 9.4299039302e-01
   endloop
 endfacet
 facet normal  -2.7045562162e-01 7.3164801704e-01 -6.2573551593e-01
   outer loop
     vertex 8.7326501132e+00 9.1925333174e-01 9.4299039302e-01
     vertex 8.5327272727e+00 6.8943999881e-01 7.6068938834e-01
     vertex 8.7048396842e+00 9.1925333174e-01 9.5501062628e-01
   endloop
 endfacet
 facet normal  -5.4062897939e-01 7.4126123696e-01 -3.9780910652e-01
   outer loop
     vertex 8.5327272727e+00 6.8943999881e-01 7.6068938834e-01
     vertex 8.5196152423e+00 6.8943999881e-01 7.7850884872e-01
     vertex 8.7048396842e+00 9.1925333174e-01 9.5501062628e-01
   endloop
 endfacet
 facet normal  -5.4062897939e-01 7.4126123696e-01 -3.9780910652e-01
   outer loop
     vertex 8.7048396842e+00 9.1925333174e-01 9.5501062628e-01
     vertex 8.5196152423e+00 6.8943999881e-01 7.7850884872e-01
     vertex 8.6928203230e+00 9.1925333174e-01 9.7134513162e-01
   endloop
 endfacet
 facet normal  -8.0063989077e-01 1.0908361516e-01 5.8913201425e-01
   outer loop
     vertex 8.5196152423e+00 6.8943999881e-01 7.7850884872e-01
     vertex 8.7048396842e+00 9.1925333174e-01 9.8767963697e-01
     vertex 8.6928203230e+00 9.1925333174e-01 9.7134513162e-01
   endloop
 endfacet
 facet normal  -8.0063989077e-01 1.0908361516e-01 5.8913201425e-01
   outer loop
     vertex 8.5196152423e+00 6.8943999881e-01 7.7850884872e-01
     vertex 8.5327272727e+00 6.8943999881e-01 7.9632830909e-01
     vertex 8.7048396842e+00 9.1925333174e-01 9.8767963697e-01
   endloop
 endfacet
 facet normal  -3.5945636208e-01 -4.2325902870e-01 8.3165071899e-01
   outer loop
     vertex 8.5327272727e+00 6.8943999881e-01 7.9632830909e-01
     vertex 8.7326501132e+00 9.1925333174e-01 9.9969987022e-01
     vertex 8.7048396842e+00 9.1925333174e-01 9.8767963697e-01
   endloop
 endfacet
 facet normal  -3.5945636208e-01 -4.2325902870e-01 8.3165071899e-01
   outer loop
     vertex 8.5327272727e+00 6.8943999881e-01 7.9632830909e-01
     vertex 8.5630659225e+00 6.8943999881e-01 8.0944129083e-01
     vertex 8.7326501132e+00 9.1925333174e-01 9.9969987022e-01
   endloop
 endfacet
 facet normal  -1.9674004806e-01 -5.3502022282e-01 8.2161226540e-01
   outer loop
     vertex 8.5630659225e+00 6.8943999881e-01 8.0944129083e-01
     vertex 8.7742034189e+00 9.1925333174e-01 1.0096500617e+00
     vertex 8.7326501132e+00 9.1925333174e-01 9.9969987022e-01
   endloop
 endfacet
 facet normal  -1.9674004806e-01 -5.3502022282e-01 8.2161226540e-01
   outer loop
     vertex 8.5630659225e+00 6.8943999881e-01 8.0944129083e-01
     vertex 8.6083968014e+00 6.8943999881e-01 8.2029604517e-01
     vertex 8.7742034189e+00 9.1925333174e-01 1.0096500617e+00
   endloop
 endfacet
 facet normal  -1.1442352380e-01 -5.8124994314e-01 8.0563996971e-01
   outer loop
     vertex 8.6083968014e+00 6.8943999881e-01 8.2029604517e-01
     vertex 8.8320339432e+00 9.1925333174e-01 1.0178636219e+00
     vertex 8.7742034189e+00 9.1925333174e-01 1.0096500617e+00
   endloop
 endfacet
 facet normal  -1.1442352380e-01 -5.8124994314e-01 8.0563996971e-01
   outer loop
     vertex 8.6083968014e+00 6.8943999881e-01 8.2029604517e-01
     vertex 8.6714846461e+00 6.8943999881e-01 8.2925629263e-01
     vertex 8.8320339432e+00 9.1925333174e-01 1.0178636219e+00
   endloop
 endfacet
 facet normal  -6.0608540161e-02 -6.0759480125e-01 7.9193128638e-01
   outer loop
     vertex 8.6714846461e+00 6.8943999881e-01 8.2925629263e-01
     vertex 8.9085210817e+00 9.1925333174e-01 1.0237173795e+00
     vertex 8.8320339432e+00 9.1925333174e-01 1.0178636219e+00
   endloop
 endfacet
 facet normal  -6.0608540161e-02 -6.0759480125e-01 7.9193128638e-01
   outer loop
     vertex 8.6714846461e+00 6.8943999881e-01 8.2925629263e-01
     vertex 8.7549251609e+00 6.8943999881e-01 8.3564221005e-01
     vertex 8.9085210817e+00 9.1925333174e-01 1.0237173795e+00
   endloop
 endfacet
 facet normal  -2.1088545581e-02 -6.2471108966e-01 7.8057115480e-01
   outer loop
     vertex 8.7549251609e+00 6.8943999881e-01 8.3564221005e-01
     vertex 9.0041174084e+00 9.1925333174e-01 1.0263000877e+00
     vertex 8.9085210817e+00 9.1925333174e-01 1.0237173795e+00
   endloop
 endfacet
 facet normal  -2.1088545581e-02 -6.2471108966e-01 7.8057115480e-01
   outer loop
     vertex 8.7549251609e+00 6.8943999881e-01 8.3564221005e-01
     vertex 8.8592120626e+00 6.8943999881e-01 8.3845970986e-01
     vertex 9.0041174084e+00 9.1925333174e-01 1.0263000877e+00
   endloop
 endfacet
 facet normal  8.8744219472e-03 -6.3618054321e-01 7.7148918403e-01
   outer loop
     vertex 8.8592120626e+00 6.8943999881e-01 8.3845970986e-01
     vertex 9.1158835696e+00 9.1925333174e-01 1.0250144441e+00
     vertex 9.0041174084e+00 9.1925333174e-01 1.0263000877e+00
   endloop
 endfacet
 facet normal  8.8744219472e-03 -6.3618054321e-01 7.7148918403e-01
   outer loop
     vertex 8.8592120626e+00 6.8943999881e-01 8.3845970986e-01
     vertex 8.9811387840e+00 6.8943999881e-01 8.3705718965e-01
     vertex 9.1158835696e+00 9.1925333174e-01 1.0250144441e+00
   endloop
 endfacet
 facet normal  3.1260088965e-02 -6.4370200389e-01 7.6463752002e-01
   outer loop
     vertex 8.9811387840e+00 6.8943999881e-01 8.3705718965e-01
     vertex 9.2369902231e+00 9.1925333174e-01 1.0200633338e+00
     vertex 9.1158835696e+00 9.1925333174e-01 1.0250144441e+00
   endloop
 endfacet
 facet normal  3.1260088965e-02 -6.4370200389e-01 7.6463752002e-01
   outer loop
     vertex 8.9811387840e+00 6.8943999881e-01 8.3705718965e-01
     vertex 9.1132551333e+00 6.8943999881e-01 8.3165597832e-01
     vertex 9.2369902231e+00 9.1925333174e-01 1.0200633338e+00
   endloop
 endfacet
 facet normal  4.7421304273e-02 -6.4843243029e-01 7.5979378995e-01
   outer loop
     vertex 9.1132551333e+00 6.8943999881e-01 8.3165597832e-01
     vertex 9.2452265662e+00 6.8943999881e-01 8.2341919413e-01
     vertex 9.2369902231e+00 9.1925333174e-01 1.0200633338e+00
   endloop
 endfacet
 facet normal  4.7421304273e-02 -6.4843243029e-01 7.5979378995e-01
   outer loop
     vertex 9.2369902231e+00 9.1925333174e-01 1.0200633338e+00
     vertex 9.2452265662e+00 6.8943999881e-01 8.2341919413e-01
     vertex 9.3579640366e+00 9.1925333174e-01 1.0125129483e+00
   endloop
 endfacet
 facet normal  5.8909057969e-02 -6.5134834561e-01 7.5648863545e-01
   outer loop
     vertex 9.2452265662e+00 6.8943999881e-01 8.2341919413e-01
     vertex 9.3667980209e+00 6.8943999881e-01 8.1395221798e-01
     vertex 9.3579640366e+00 9.1925333174e-01 1.0125129483e+00
   endloop
 endfacet
 facet normal  5.8909057969e-02 -6.5134834561e-01 7.5648863545e-01
   outer loop
     vertex 9.3579640366e+00 9.1925333174e-01 1.0125129483e+00
     vertex 9.3667980209e+00 6.8943999881e-01 8.1395221798e-01
     vertex 9.4694045368e+00 9.1925333174e-01 1.0038348868e+00
   endloop
 endfacet
 facet normal  6.7236338588e-02 -6.5318286157e-01 7.5420913818e-01
   outer loop
     vertex 9.3667980209e+00 6.8943999881e-01 8.1395221798e-01
     vertex 9.4707182273e+00 6.8943999881e-01 8.0468792532e-01
     vertex 9.4694045368e+00 9.1925333174e-01 1.0038348868e+00
   endloop
 endfacet
 facet normal  6.7236338588e-02 -6.5318286157e-01 7.5420913818e-01
   outer loop
     vertex 9.4694045368e+00 9.1925333174e-01 1.0038348868e+00
     vertex 9.4707182273e+00 6.8943999881e-01 8.0468792532e-01
     vertex 9.5646647260e+00 9.1925333174e-01 9.9534261851e-01
   endloop
 endfacet
 facet normal  7.3493445525e-02 -6.5438818004e-01 7.5257878212e-01
   outer loop
     vertex 9.4707182273e+00 6.8943999881e-01 8.0468792532e-01
     vertex 9.5540168652e+00 6.8943999881e-01 7.9655335648e-01
     vertex 9.5646647260e+00 9.1925333174e-01 9.9534261851e-01
   endloop
 endfacet
 facet normal  7.3493445525e-02 -6.5438818004e-01 7.5257878212e-01
   outer loop
     vertex 9.5646647260e+00 9.1925333174e-01 9.9534261851e-01
     vertex 9.5540168652e+00 6.8943999881e-01 7.9655335648e-01
     vertex 9.6410218107e+00 9.1925333174e-01 9.8788593041e-01
   endloop
 endfacet
 facet normal  7.8290140464e-02 -6.5520729582e-01 7.5138143004e-01
   outer loop
     vertex 9.5540168652e+00 6.8943999881e-01 7.9655335648e-01
     vertex 9.6174092310e+00 6.8943999881e-01 7.8994819295e-01
     vertex 9.6410218107e+00 9.1925333174e-01 9.8788593041e-01
   endloop
 endfacet
 facet normal  7.8290140464e-02 -6.5520729582e-01 7.5138143004e-01
   outer loop
     vertex 9.6410218107e+00 9.1925333174e-01 9.8788593041e-01
     vertex 9.6174092310e+00 6.8943999881e-01 7.8994819295e-01
     vertex 9.6991314793e+00 9.1925333174e-01 9.8183119717e-01
   endloop
 endfacet
 facet normal  8.1979775567e-02 -6.5577606012e-01 7.5049122272e-01
   outer loop
     vertex 9.6174092310e+00 6.8943999881e-01 7.8994819295e-01
     vertex 9.6637725033e+00 6.8943999881e-01 7.8488370912e-01
     vertex 9.6991314793e+00 9.1925333174e-01 9.8183119717e-01
   endloop
 endfacet
 facet normal  8.1979775567e-02 -6.5577606012e-01 7.5049122272e-01
   outer loop
     vertex 9.6991314793e+00 9.1925333174e-01 9.8183119717e-01
     vertex 9.6637725033e+00 6.8943999881e-01 7.8488370912e-01
     vertex 9.7416311457e+00 9.1925333174e-01 9.7718875366e-01
   endloop
 endfacet
 facet normal  8.4753620131e-02 -6.5616977532e-01 7.4983868254e-01
   outer loop
     vertex 9.6637725033e+00 6.8943999881e-01 7.8488370912e-01
     vertex 9.6967049449e+00 6.8943999881e-01 7.8116138363e-01
     vertex 9.7416311457e+00 9.1925333174e-01 9.7718875366e-01
   endloop
 endfacet
 facet normal  8.4753620131e-02 -6.5616977532e-01 7.4983868254e-01
   outer loop
     vertex 9.7416311457e+00 9.1925333174e-01 9.7718875366e-01
     vertex 9.6967049449e+00 6.8943999881e-01 7.8116138363e-01
     vertex 9.7718192171e+00 9.1925333174e-01 9.7377662196e-01
   endloop
 endfacet
 facet normal  8.6761969274e-02 -6.5643730919e-01 7.4937468584e-01
   outer loop
     vertex 9.6967049449e+00 6.8943999881e-01 7.8116138363e-01
     vertex 9.7196152423e+00 6.8943999881e-01 7.7850884872e-01
     vertex 9.7718192171e+00 9.1925333174e-01 9.7377662196e-01
   endloop
 endfacet
 facet normal  8.6761969274e-02 -6.5643730919e-01 7.4937468584e-01
   outer loop
     vertex 9.7718192171e+00 9.1925333174e-01 9.7377662196e-01
     vertex 9.7196152423e+00 6.8943999881e-01 7.7850884872e-01
     vertex 9.7928203230e+00 9.1925333174e-01 9.7134513162e-01
   endloop
 endfacet
 facet normal  8.9944438982e-02 6.2321366680e-01 -7.7686210064e-01
   outer loop
     vertex 9.7928203230e+00 9.1925333174e-01 9.7134513162e-01
     vertex 9.8469334893e+00 1.1490666647e+00 1.1619709688e+00
     vertex 9.8660254038e+00 1.1490666647e+00 1.1641814145e+00
   endloop
 endfacet
 facet normal  8.9944438982e-02 6.2321366680e-01 -7.7686210064e-01
   outer loop
     vertex 9.7928203230e+00 9.1925333174e-01 9.7134513162e-01
     vertex 9.7718192171e+00 9.1925333174e-01 9.6891364129e-01
     vertex 9.8469334893e+00 1.1490666647e+00 1.1619709688e+00
   endloop
 endfacet
 facet normal  8.7786500926e-02 6.2375880041e-01 -7.7667141647e-01
   outer loop
     vertex 9.7718192171e+00 9.1925333174e-01 9.6891364129e-01
     vertex 9.8194897880e+00 1.1490666647e+00 1.1588690309e+00
     vertex 9.8469334893e+00 1.1490666647e+00 1.1619709688e+00
   endloop
 endfacet
 facet normal  8.7786500926e-02 6.2375880041e-01 -7.7667141647e-01
   outer loop
     vertex 9.7718192171e+00 9.1925333174e-01 9.6891364129e-01
     vertex 9.7416311457e+00 9.1925333174e-01 9.6550150959e-01
     vertex 9.8194897880e+00 1.1490666647e+00 1.1588690309e+00
   endloop
 endfacet
 facet normal  8.4808284632e-02 6.2452685177e-01 -7.7638506314e-01
   outer loop
     vertex 9.7416311457e+00 9.1925333174e-01 9.6550150959e-01
     vertex 9.7808537277e+00 1.1490666647e+00 1.1546486277e+00
     vertex 9.8194897880e+00 1.1490666647e+00 1.1588690309e+00
   endloop
 endfacet
 facet normal  8.4808284632e-02 6.2452685177e-01 -7.7638506314e-01
   outer loop
     vertex 9.7416311457e+00 9.1925333174e-01 9.6550150959e-01
     vertex 9.6991314793e+00 9.1925333174e-01 9.6085906608e-01
     vertex 9.7808537277e+00 1.1490666647e+00 1.1546486277e+00
   endloop
 endfacet
 facet normal  8.0851278557e-02 6.2557696118e-01 -7.7596168487e-01
   outer loop
     vertex 9.6991314793e+00 9.1925333174e-01 9.6085906608e-01
     vertex 9.7280267563e+00 1.1490666647e+00 1.1491443247e+00
     vertex 9.7808537277e+00 1.1490666647e+00 1.1546486277e+00
   endloop
 endfacet
 facet normal  8.0851278557e-02 6.2557696118e-01 -7.7596168487e-01
   outer loop
     vertex 9.6991314793e+00 9.1925333174e-01 9.6085906608e-01
     vertex 9.6410218107e+00 9.1925333174e-01 9.5480433284e-01
     vertex 9.7280267563e+00 1.1490666647e+00 1.1491443247e+00
   endloop
 endfacet
 facet normal  7.5715893019e-02 6.2699275486e-01 -7.7533682287e-01
   outer loop
     vertex 9.6410218107e+00 9.1925333174e-01 9.5480433284e-01
     vertex 9.6586112246e+00 1.1490666647e+00 1.1423655174e+00
     vertex 9.7280267563e+00 1.1490666647e+00 1.1491443247e+00
   endloop
 endfacet
 facet normal  7.5715893019e-02 6.2699275486e-01 -7.7533682287e-01
   outer loop
     vertex 9.6410218107e+00 9.1925333174e-01 9.5480433284e-01
     vertex 9.5646647260e+00 9.1925333174e-01 9.4734764474e-01
     vertex 9.6586112246e+00 1.1490666647e+00 1.1423655174e+00
   endloop
 endfacet
 facet normal  6.9035893682e-02 6.2892450043e-01 -7.7439525963e-01
   outer loop
     vertex 9.5646647260e+00 9.1925333174e-01 9.4734764474e-01
     vertex 9.5720110527e+00 1.1490666647e+00 1.1346452735e+00
     vertex 9.6586112246e+00 1.1490666647e+00 1.1423655174e+00
   endloop
 endfacet
 facet normal  6.9035893682e-02 6.2892450043e-01 -7.7439525963e-01
   outer loop
     vertex 9.5646647260e+00 9.1925333174e-01 9.4734764474e-01
     vertex 9.4694045368e+00 9.1925333174e-01 9.3885537647e-01
     vertex 9.5720110527e+00 1.1490666647e+00 1.1346452735e+00
   endloop
 endfacet
 facet normal  6.0189529191e-02 6.3162756046e-01 -7.7293197983e-01
   outer loop
     vertex 9.4694045368e+00 9.1925333174e-01 9.3885537647e-01
     vertex 9.4707015071e+00 1.1490666647e+00 1.1267561267e+00
     vertex 9.5720110527e+00 1.1490666647e+00 1.1346452735e+00
   endloop
 endfacet
 facet normal  6.0189529191e-02 6.3162756046e-01 -7.7293197983e-01
   outer loop
     vertex 9.4694045368e+00 9.1925333174e-01 9.3885537647e-01
     vertex 9.3579640366e+00 9.1925333174e-01 9.3017731499e-01
     vertex 9.4707015071e+00 1.1490666647e+00 1.1267561267e+00
   endloop
 endfacet
 facet normal  4.8093805424e-02 6.3553977246e-01 -7.7056874028e-01
   outer loop
     vertex 9.3579640366e+00 9.1925333174e-01 9.3017731499e-01
     vertex 9.3607253130e+00 1.1490666647e+00 1.1198921399e+00
     vertex 9.4707015071e+00 1.1490666647e+00 1.1267561267e+00
   endloop
 endfacet
 facet normal  4.8093805424e-02 6.3553977246e-01 -7.7056874028e-01
   outer loop
     vertex 9.3579640366e+00 9.1925333174e-01 9.3017731499e-01
     vertex 9.2369902231e+00 9.1925333174e-01 9.2262692949e-01
     vertex 9.3607253130e+00 1.1490666647e+00 1.1198921399e+00
   endloop
 endfacet
 facet normal  3.1344464608e-02 6.4123825678e-01 -7.6670139075e-01
   outer loop
     vertex 9.2369902231e+00 9.1925333174e-01 9.2262692949e-01
     vertex 9.1158835696e+00 9.1925333174e-01 9.1767581910e-01
     vertex 9.3607253130e+00 1.1490666647e+00 1.1198921399e+00
   endloop
 endfacet
 facet normal  3.1344464608e-02 6.4123825678e-01 -7.6670139075e-01
   outer loop
     vertex 9.3607253130e+00 1.1490666647e+00 1.1198921399e+00
     vertex 9.1158835696e+00 9.1925333174e-01 9.1767581910e-01
     vertex 9.2506283552e+00 1.1490666647e+00 1.1153911304e+00
   endloop
 endfacet
 facet normal  8.7487359788e-03 6.4920543036e-01 -7.6056279741e-01
   outer loop
     vertex 9.1158835696e+00 9.1925333174e-01 9.1767581910e-01
     vertex 9.0041174084e+00 9.1925333174e-01 9.1639017558e-01
     vertex 9.2506283552e+00 1.1490666647e+00 1.1153911304e+00
   endloop
 endfacet
 facet normal  8.7487359788e-03 6.4920543036e-01 -7.6056279741e-01
   outer loop
     vertex 9.2506283552e+00 1.1490666647e+00 1.1153911304e+00
     vertex 9.0041174084e+00 9.1925333174e-01 9.1639017558e-01
     vertex 9.1490227541e+00 1.1490666647e+00 1.1142223636e+00
   endloop
 endfacet
 facet normal  -2.0299100086e-02 6.5959091733e-01 -7.5135062940e-01
   outer loop
     vertex 9.0041174084e+00 9.1925333174e-01 9.1639017558e-01
     vertex 8.9085210817e+00 9.1925333174e-01 9.1897288374e-01
     vertex 9.1490227541e+00 1.1490666647e+00 1.1142223636e+00
   endloop
 endfacet
 facet normal  -2.0299100086e-02 6.5959091733e-01 -7.5135062940e-01
   outer loop
     vertex 9.1490227541e+00 1.1490666647e+00 1.1142223636e+00
     vertex 8.9085210817e+00 9.1925333174e-01 9.1897288374e-01
     vertex 9.0621170026e+00 1.1490666647e+00 1.1165702801e+00
   endloop
 endfacet
 facet normal  -5.6486310538e-02 6.7235678347e-01 -7.3806886701e-01
   outer loop
     vertex 8.9085210817e+00 9.1925333174e-01 9.1897288374e-01
     vertex 8.8320339432e+00 9.1925333174e-01 9.2482664137e-01
     vertex 9.0621170026e+00 1.1490666647e+00 1.1165702801e+00
   endloop
 endfacet
 facet normal  -5.6486310538e-02 6.7235678347e-01 -7.3806886701e-01
   outer loop
     vertex 9.0621170026e+00 1.1490666647e+00 1.1165702801e+00
     vertex 8.8320339432e+00 9.1925333174e-01 9.2482664137e-01
     vertex 8.9925832403e+00 1.1490666647e+00 1.1218918779e+00
   endloop
 endfacet
 facet normal  -1.0208894204e-01 6.8768681939e-01 -7.1879391090e-01
   outer loop
     vertex 8.8320339432e+00 9.1925333174e-01 9.2482664137e-01
     vertex 8.7742034189e+00 9.1925333174e-01 9.3304020154e-01
     vertex 8.9925832403e+00 1.1490666647e+00 1.1218918779e+00
   endloop
 endfacet
 facet normal  -1.0208894204e-01 6.8768681939e-01 -7.1879391090e-01
   outer loop
     vertex 8.9925832403e+00 1.1490666647e+00 1.1218918779e+00
     vertex 8.7742034189e+00 9.1925333174e-01 9.3304020154e-01
     vertex 8.9400100364e+00 1.1490666647e+00 1.1293587508e+00
   endloop
 endfacet
 facet normal  -1.6476635248e-01 7.0667518829e-01 -6.8808591567e-01
   outer loop
     vertex 8.7742034189e+00 9.1925333174e-01 9.3304020154e-01
     vertex 8.7326501132e+00 9.1925333174e-01 9.4299039302e-01
     vertex 8.9400100364e+00 1.1490666647e+00 1.1293587508e+00
   endloop
 endfacet
 facet normal  -1.6476635248e-01 7.0667518829e-01 -6.8808591567e-01
   outer loop
     vertex 8.9400100364e+00 1.1490666647e+00 1.1293587508e+00
     vertex 8.7326501132e+00 9.1925333174e-01 9.4299039302e-01
     vertex 8.9022343039e+00 1.1490666647e+00 1.1384043794e+00
   endloop
 endfacet
 facet normal  -2.7045562162e-01 7.3164801704e-01 -6.2573551593e-01
   outer loop
     vertex 8.7326501132e+00 9.1925333174e-01 9.4299039302e-01
     vertex 8.7048396842e+00 9.1925333174e-01 9.5501062628e-01
     vertex 8.9022343039e+00 1.1490666647e+00 1.1384043794e+00
   endloop
 endfacet
 facet normal  -2.7045562162e-01 7.3164801704e-01 -6.2573551593e-01
   outer loop
     vertex 8.9022343039e+00 1.1490666647e+00 1.1384043794e+00
     vertex 8.7048396842e+00 9.1925333174e-01 9.5501062628e-01
     vertex 8.8769520958e+00 1.1490666647e+00 1.1493318642e+00
   endloop
 endfacet
 facet normal  -5.4062897939e-01 7.4126123696e-01 -3.9780910652e-01
   outer loop
     vertex 8.7048396842e+00 9.1925333174e-01 9.5501062628e-01
     vertex 8.6928203230e+00 9.1925333174e-01 9.7134513162e-01
     vertex 8.8769520958e+00 1.1490666647e+00 1.1493318642e+00
   endloop
 endfacet
 facet normal  -5.4062897939e-01 7.4126123696e-01 -3.9780910652e-01
   outer loop
     vertex 8.8769520958e+00 1.1490666647e+00 1.1493318642e+00
     vertex 8.6928203230e+00 9.1925333174e-01 9.7134513162e-01
     vertex 8.8660254038e+00 1.1490666647e+00 1.1641814145e+00
   endloop
 endfacet
 facet normal  -8.0063989077e-01 1.0908361516e-01 5.8913201425e-01
   outer loop
     vertex 8.6928203230e+00 9.1925333174e-01 9.7134513162e-01
     vertex 8.8769520958e+00 1.1490666647e+00 1.1790309648e+00
     vertex 8.8660254038e+00 1.1490666647e+00 1.1641814145e+00
   endloop
 endfacet
 facet normal  -8.0063989077e-01 1.0908361516e-01 5.8913201425e-01
   outer loop
     vertex 8.6928203230e+00 9.1925333174e-01 9.7134513162e-01
     vertex 8.7048396842e+00 9.1925333174e-01 9.8767963697e-01
     vertex 8.8769520958e+00 1.1490666647e+00 1.1790309648e+00
   endloop
 endfacet
 facet normal  -3.5945636208e-01 -4.2325902870e-01 8.3165071899e-01
   outer loop
     vertex 8.7048396842e+00 9.1925333174e-01 9.8767963697e-01
     vertex 8.9022343039e+00 1.1490666647e+00 1.1899584496e+00
     vertex 8.8769520958e+00 1.1490666647e+00 1.1790309648e+00
   endloop
 endfacet
 facet normal  -3.5945636208e-01 -4.2325902870e-01 8.3165071899e-01
   outer loop
     vertex 8.7048396842e+00 9.1925333174e-01 9.8767963697e-01
     vertex 8.7326501132e+00 9.1925333174e-01 9.9969987022e-01
     vertex 8.9022343039e+00 1.1490666647e+00 1.1899584496e+00
   endloop
 endfacet
 facet normal  -1.9674004806e-01 -5.3502022282e-01 8.2161226540e-01
   outer loop
     vertex 8.7326501132e+00 9.1925333174e-01 9.9969987022e-01
     vertex 8.9400100364e+00 1.1490666647e+00 1.1990040782e+00
     vertex 8.9022343039e+00 1.1490666647e+00 1.1899584496e+00
   endloop
 endfacet
 facet normal  -1.9674004806e-01 -5.3502022282e-01 8.2161226540e-01
   outer loop
     vertex 8.7326501132e+00 9.1925333174e-01 9.9969987022e-01
     vertex 8.7742034189e+00 9.1925333174e-01 1.0096500617e+00
     vertex 8.9400100364e+00 1.1490666647e+00 1.1990040782e+00
   endloop
 endfacet
 facet normal  -1.1442352380e-01 -5.8124994314e-01 8.0563996971e-01
   outer loop
     vertex 8.7742034189e+00 9.1925333174e-01 1.0096500617e+00
     vertex 8.9925832403e+00 1.1490666647e+00 1.2064709511e+00
     vertex 8.9400100364e+00 1.1490666647e+00 1.1990040782e+00
   endloop
 endfacet
 facet normal  -1.1442352380e-01 -5.8124994314e-01 8.0563996971e-01
   outer loop
     vertex 8.7742034189e+00 9.1925333174e-01 1.0096500617e+00
     vertex 8.8320339432e+00 9.1925333174e-01 1.0178636219e+00
     vertex 8.9925832403e+00 1.1490666647e+00 1.2064709511e+00
   endloop
 endfacet
 facet normal  -6.0608540161e-02 -6.0759480125e-01 7.9193128638e-01
   outer loop
     vertex 8.8320339432e+00 9.1925333174e-01 1.0178636219e+00
     vertex 9.0621170026e+00 1.1490666647e+00 1.2117925490e+00
     vertex 8.9925832403e+00 1.1490666647e+00 1.2064709511e+00
   endloop
 endfacet
 facet normal  -6.0608540161e-02 -6.0759480125e-01 7.9193128638e-01
   outer loop
     vertex 8.8320339432e+00 9.1925333174e-01 1.0178636219e+00
     vertex 8.9085210817e+00 9.1925333174e-01 1.0237173795e+00
     vertex 9.0621170026e+00 1.1490666647e+00 1.2117925490e+00
   endloop
 endfacet
 facet normal  -2.1088545581e-02 -6.2471108966e-01 7.8057115480e-01
   outer loop
     vertex 8.9085210817e+00 9.1925333174e-01 1.0237173795e+00
     vertex 9.1490227541e+00 1.1490666647e+00 1.2141404655e+00
     vertex 9.0621170026e+00 1.1490666647e+00 1.2117925490e+00
   endloop
 endfacet
 facet normal  -2.1088545581e-02 -6.2471108966e-01 7.8057115480e-01
   outer loop
     vertex 8.9085210817e+00 9.1925333174e-01 1.0237173795e+00
     vertex 9.0041174084e+00 9.1925333174e-01 1.0263000877e+00
     vertex 9.1490227541e+00 1.1490666647e+00 1.2141404655e+00
   endloop
 endfacet
 facet normal  8.8744219472e-03 -6.3618054321e-01 7.7148918403e-01
   outer loop
     vertex 9.0041174084e+00 9.1925333174e-01 1.0263000877e+00
     vertex 9.2506283552e+00 1.1490666647e+00 1.2129716986e+00
     vertex 9.1490227541e+00 1.1490666647e+00 1.2141404655e+00
   endloop
 endfacet
 facet normal  8.8744219472e-03 -6.3618054321e-01 7.7148918403e-01
   outer loop
     vertex 9.0041174084e+00 9.1925333174e-01 1.0263000877e+00
     vertex 9.1158835696e+00 9.1925333174e-01 1.0250144441e+00
     vertex 9.2506283552e+00 1.1490666647e+00 1.2129716986e+00
   endloop
 endfacet
 facet normal  3.1260088965e-02 -6.4370200389e-01 7.6463752002e-01
   outer loop
     vertex 9.1158835696e+00 9.1925333174e-01 1.0250144441e+00
     vertex 9.3607253130e+00 1.1490666647e+00 1.2084706892e+00
     vertex 9.2506283552e+00 1.1490666647e+00 1.2129716986e+00
   endloop
 endfacet
 facet normal  3.1260088965e-02 -6.4370200389e-01 7.6463752002e-01
   outer loop
     vertex 9.1158835696e+00 9.1925333174e-01 1.0250144441e+00
     vertex 9.2369902231e+00 9.1925333174e-01 1.0200633338e+00
     vertex 9.3607253130e+00 1.1490666647e+00 1.2084706892e+00
   endloop
 endfacet
 facet normal  4.7421304273e-02 -6.4843243029e-01 7.5979378995e-01
   outer loop
     vertex 9.2369902231e+00 9.1925333174e-01 1.0200633338e+00
     vertex 9.3579640366e+00 9.1925333174e-01 1.0125129483e+00
     vertex 9.3607253130e+00 1.1490666647e+00 1.2084706892e+00
   endloop
 endfacet
 facet normal  4.7421304273e-02 -6.4843243029e-01 7.5979378995e-01
   outer loop
     vertex 9.3607253130e+00 1.1490666647e+00 1.2084706892e+00
     vertex 9.3579640366e+00 9.1925333174e-01 1.0125129483e+00
     vertex 9.4707015071e+00 1.1490666647e+00 1.2016067024e+00
   endloop
 endfacet
 facet normal  5.8909057969e-02 -6.5134834561e-01 7.5648863545e-01
   outer loop
     vertex 9.3579640366e+00 9.1925333174e-01 1.0125129483e+00
     vertex 9.4694045368e+00 9.1925333174e-01 1.0038348868e+00
     vertex 9.4707015071e+00 1.1490666647e+00 1.2016067024e+00
   endloop
 endfacet
 facet normal  5.8909057969e-02 -6.5134834561e-01 7.5648863545e-01
   outer loop
     vertex 9.4707015071e+00 1.1490666647e+00 1.2016067024e+00
     vertex 9.4694045368e+00 9.1925333174e-01 1.0038348868e+00
     vertex 9.5720110527e+00 1.1490666647e+00 1.1937175556e+00
   endloop
 endfacet
 facet normal  6.7236338588e-02 -6.5318286157e-01 7.5420913818e-01
   outer loop
     vertex 9.4694045368e+00 9.1925333174e-01 1.0038348868e+00
     vertex 9.5646647260e+00 9.1925333174e-01 9.9534261851e-01
     vertex 9.5720110527e+00 1.1490666647e+00 1.1937175556e+00
   endloop
 endfacet
 facet normal  6.7236338588e-02 -6.5318286157e-01 7.5420913818e-01
   outer loop
     vertex 9.5720110527e+00 1.1490666647e+00 1.1937175556e+00
     vertex 9.5646647260e+00 9.1925333174e-01 9.9534261851e-01
     vertex 9.6586112246e+00 1.1490666647e+00 1.1859973117e+00
   endloop
 endfacet
 facet normal  7.3493445525e-02 -6.5438818004e-01 7.5257878212e-01
   outer loop
     vertex 9.5646647260e+00 9.1925333174e-01 9.9534261851e-01
     vertex 9.6410218107e+00 9.1925333174e-01 9.8788593041e-01
     vertex 9.6586112246e+00 1.1490666647e+00 1.1859973117e+00
   endloop
 endfacet
 facet normal  7.3493445525e-02 -6.5438818004e-01 7.5257878212e-01
   outer loop
     vertex 9.6586112246e+00 1.1490666647e+00 1.1859973117e+00
     vertex 9.6410218107e+00 9.1925333174e-01 9.8788593041e-01
     vertex 9.7280267563e+00 1.1490666647e+00 1.1792185043e+00
   endloop
 endfacet
 facet normal  7.8290140464e-02 -6.5520729582e-01 7.5138143004e-01
   outer loop
     vertex 9.6410218107e+00 9.1925333174e-01 9.8788593041e-01
     vertex 9.6991314793e+00 9.1925333174e-01 9.8183119717e-01
     vertex 9.7280267563e+00 1.1490666647e+00 1.1792185043e+00
   endloop
 endfacet
 facet normal  7.8290140464e-02 -6.5520729582e-01 7.5138143004e-01
   outer loop
     vertex 9.7280267563e+00 1.1490666647e+00 1.1792185043e+00
     vertex 9.6991314793e+00 9.1925333174e-01 9.8183119717e-01
     vertex 9.7808537277e+00 1.1490666647e+00 1.1737142014e+00
   endloop
 endfacet
 facet normal  8.1979775567e-02 -6.5577606012e-01 7.5049122272e-01
   outer loop
     vertex 9.6991314793e+00 9.1925333174e-01 9.8183119717e-01
     vertex 9.7416311457e+00 9.1925333174e-01 9.7718875366e-01
     vertex 9.7808537277e+00 1.1490666647e+00 1.1737142014e+00
   endloop
 endfacet
 facet normal  8.1979775567e-02 -6.5577606012e-01 7.5049122272e-01
   outer loop
     vertex 9.7808537277e+00 1.1490666647e+00 1.1737142014e+00
     vertex 9.7416311457e+00 9.1925333174e-01 9.7718875366e-01
     vertex 9.8194897880e+00 1.1490666647e+00 1.1694937982e+00
   endloop
 endfacet
 facet normal  8.4753620131e-02 -6.5616977532e-01 7.4983868254e-01
   outer loop
     vertex 9.7416311457e+00 9.1925333174e-01 9.7718875366e-01
     vertex 9.7718192171e+00 9.1925333174e-01 9.7377662196e-01
     vertex 9.8194897880e+00 1.1490666647e+00 1.1694937982e+00
   endloop
 endfacet
 facet normal  8.4753620131e-02 -6.5616977532e-01 7.4983868254e-01
   outer loop
     vertex 9.8194897880e+00 1.1490666647e+00 1.1694937982e+00
     vertex 9.7718192171e+00 9.1925333174e-01 9.7377662196e-01
     vertex 9.8469334893e+00 1.1490666647e+00 1.1663918603e+00
   endloop
 endfacet
 facet normal  8.6761969274e-02 -6.5643730919e-01 7.4937468584e-01
   outer loop
     vertex 9.7718192171e+00 9.1925333174e-01 9.7377662196e-01
     vertex 9.7928203230e+00 9.1925333174e-01 9.7134513162e-01
     vertex 9.8469334893e+00 1.1490666647e+00 1.1663918603e+00
   endloop
 endfacet
 facet normal  8.6761969274e-02 -6.5643730919e-01 7.4937468584e-01
   outer loop
     vertex 9.8469334893e+00 1.1490666647e+00 1.1663918603e+00
     vertex 9.7928203230e+00 9.1925333174e-01 9.7134513162e-01
     vertex 9.8660254038e+00 1.1490666647e+00 1.1641814145e+00
   endloop
 endfacet
 facet normal  0.0000000000e+00 1.0000000000e+00 0.0000000000e+00
   outer loop
     vertex 9.8660254038e+00 1.1490666647e+00 1.1641814145e+00
     vertex 9.8469334893e+00 1.1490666647e+00 1.1619709688e+00
     vertex 9.8469334893e+00 1.1490666647e+00 1.1630761917e+00
   endloop
 endfacet
 facet normal  0.0000000000e+00 1.0000000000e+00 0.0000000000e+00
   outer loop
     vertex 9.8469334893e+00 1.1490666647e+00 1.1619709688e+00
     vertex 9.8194897880e+00 1.1490666647e+00 1.1615252227e+00
     vertex 9.8469334893e+00 1.1490666647e+00 1.1630761917e+00
   endloop
 endfacet
 facet normal  0.0000000000e+00 1.0000000000e+00 0.0000000000e+00
   outer loop
     vertex 9.8469334893e+00 1.1490666647e+00 1.1619709688e+00
     vertex 9.8194897880e+00 1.1490666647e+00 1.1588690309e+00
     vertex 9.8194897880e+00 1.1490666647e+00 1.1615252227e+00
   endloop
 endfacet
 facet normal  -0.0000000000e+00 1.0000000000e+00 0.0000000000e+00
   outer loop
     vertex 9.8194897880e+00 1.1490666647e+00 1.1588690309e+00
     vertex 9.7808537277e+00 1.1490666647e+00 1.1594150211e+00
     vertex 9.8194897880e+00 1.1490666647e+00 1.1615252227e+00
   endloop
 endfacet
 facet normal  0.0000000000e+00 1.0000000000e+00 0.0000000000e+00
   outer loop
     vertex 9.8194897880e+00 1.1490666647e+00 1.1588690309e+00
     vertex 9.7808537277e+00 1.1490666647e+00 1.1546486277e+00
     vertex 9.7808537277e+00 1.1490666647e+00 1.1594150211e+00
   endloop
 endfacet
 facet normal  -0.0000000000e+00 1.0000000000e+00 0.0000000000e+00
   outer loop
     vertex 9.7808537277e+00 1.1490666647e+00 1.1546486277e+00
     vertex 9.7280267563e+00 1.1490666647e+00 1.1566628696e+00
     vertex 9.7808537277e+00 1.1490666647e+00 1.1594150211e+00
   endloop
 endfacet
 facet normal  0.0000000000e+00 1.0000000000e+00 -0.0000000000e+00
   outer loop
     vertex 9.7808537277e+00 1.1490666647e+00 1.1546486277e+00
     vertex 9.7280267563e+00 1.1490666647e+00 1.1491443247e+00
     vertex 9.7280267563e+00 1.1490666647e+00 1.1566628696e+00
   endloop
 endfacet
 facet normal  -0.0000000000e+00 1.0000000000e+00 0.0000000000e+00
   outer loop
     vertex 9.7280267563e+00 1.1490666647e+00 1.1491443247e+00
     vertex 9.6586112246e+00 1.1490666647e+00 1.1532734659e+00
     vertex 9.7280267563e+00 1.1490666647e+00 1.1566628696e+00
   endloop
 endfacet
 facet normal  0.0000000000e+00 1.0000000000e+00 0.0000000000e+00
   outer loop
     vertex 9.7280267563e+00 1.1490666647e+00 1.1491443247e+00
     vertex 9.6586112246e+00 1.1490666647e+00 1.1423655174e+00
     vertex 9.6586112246e+00 1.1490666647e+00 1.1532734659e+00
   endloop
 endfacet
 facet normal  -0.0000000000e+00 1.0000000000e+00 0.0000000000e+00
   outer loop
     vertex 9.6586112246e+00 1.1490666647e+00 1.1423655174e+00
     vertex 9.5720110527e+00 1.1490666647e+00 1.1494133440e+00
     vertex 9.6586112246e+00 1.1490666647e+00 1.1532734659e+00
   endloop
 endfacet
 facet normal  0.0000000000e+00 1.0000000000e+00 0.0000000000e+00
   outer loop
     vertex 9.6586112246e+00 1.1490666647e+00 1.1423655174e+00
     vertex 9.5720110527e+00 1.1490666647e+00 1.1346452735e+00
     vertex 9.5720110527e+00 1.1490666647e+00 1.1494133440e+00
   endloop
 endfacet
 facet normal  -0.0000000000e+00 1.0000000000e+00 0.0000000000e+00
   outer loop
     vertex 9.5720110527e+00 1.1490666647e+00 1.1346452735e+00
     vertex 9.4707015071e+00 1.1490666647e+00 1.1454687706e+00
     vertex 9.5720110527e+00 1.1490666647e+00 1.1494133440e+00
   endloop
 endfacet
 facet normal  0.0000000000e+00 1.0000000000e+00 0.0000000000e+00
   outer loop
     vertex 9.5720110527e+00 1.1490666647e+00 1.1346452735e+00
     vertex 9.4707015071e+00 1.1490666647e+00 1.1267561267e+00
     vertex 9.4707015071e+00 1.1490666647e+00 1.1454687706e+00
   endloop
 endfacet
 facet normal  -0.0000000000e+00 1.0000000000e+00 0.0000000000e+00
   outer loop
     vertex 9.4707015071e+00 1.1490666647e+00 1.1267561267e+00
     vertex 9.3607253130e+00 1.1490666647e+00 1.1420367772e+00
     vertex 9.4707015071e+00 1.1490666647e+00 1.1454687706e+00
   endloop
 endfacet
 facet normal  0.0000000000e+00 1.0000000000e+00 0.0000000000e+00
   outer loop
     vertex 9.4707015071e+00 1.1490666647e+00 1.1267561267e+00
     vertex 9.3607253130e+00 1.1490666647e+00 1.1198921399e+00
     vertex 9.3607253130e+00 1.1490666647e+00 1.1420367772e+00
   endloop
 endfacet
 facet normal  0.0000000000e+00 1.0000000000e+00 0.0000000000e+00
   outer loop
     vertex 9.3607253130e+00 1.1490666647e+00 1.1198921399e+00
     vertex 9.2506283552e+00 1.1490666647e+00 1.1153911304e+00
     vertex 9.3607253130e+00 1.1490666647e+00 1.1420367772e+00
   endloop
 endfacet
 facet normal  0.0000000000e+00 1.0000000000e+00 -0.0000000000e+00
   outer loop
     vertex 9.3607253130e+00 1.1490666647e+00 1.1420367772e+00
     vertex 9.2506283552e+00 1.1490666647e+00 1.1153911304e+00
     vertex 9.2506283552e+00 1.1490666647e+00 1.1397862725e+00
   endloop
 endfacet
 facet normal  0.0000000000e+00 1.0000000000e+00 0.0000000000e+00
   outer loop
     vertex 9.2506283552e+00 1.1490666647e+00 1.1153911304e+00
     vertex 9.1490227541e+00 1.1490666647e+00 1.1142223636e+00
     vertex 9.2506283552e+00 1.1490666647e+00 1.1397862725e+00
   endloop
 endfacet
 facet normal  0.0000000000e+00 1.0000000000e+00 0.0000000000e+00
   outer loop
     vertex 9.2506283552e+00 1.1490666647e+00 1.1397862725e+00
     vertex 9.1490227541e+00 1.1490666647e+00 1.1142223636e+00
     vertex 9.1490227541e+00 1.1490666647e+00 1.1392018891e+00
   endloop
 endfacet
 facet normal  -0.0000000000e+00 1.0000000000e+00 0.0000000000e+00
   outer loop
     vertex 9.1490227541e+00 1.1490666647e+00 1.1142223636e+00
     vertex 9.0621170026e+00 1.1490666647e+00 1.1165702801e+00
     vertex 9.1490227541e+00 1.1490666647e+00 1.1392018891e+00
   endloop
 endfacet
 facet normal  0.0000000000e+00 1.0000000000e+00 0.0000000000e+00
   outer loop
     vertex 9.1490227541e+00 1.1490666647e+00 1.1392018891e+00
     vertex 9.0621170026e+00 1.1490666647e+00 1.1165702801e+00
     vertex 9.0621170026e+00 1.1490666647e+00 1.1403758473e+00
   endloop
 endfacet
 facet normal  -0.0000000000e+00 1.0000000000e+00 0.0000000000e+00
   outer loop
     vertex 9.0621170026e+00 1.1490666647e+00 1.1165702801e+00
     vertex 8.9925832403e+00 1.1490666647e+00 1.1218918779e+00
     vertex 9.0621170026e+00 1.1490666647e+00 1.1403758473e+00
   endloop
 endfacet
 facet normal  0.0000000000e+00 1.0000000000e+00 0.0000000000e+00
   outer loop
     vertex 9.0621170026e+00 1.1490666647e+00 1.1403758473e+00
     vertex 8.9925832403e+00 1.1490666647e+00 1.1218918779e+00
     vertex 8.9925832403e+00 1.1490666647e+00 1.1430366462e+00
   endloop
 endfacet
 facet normal  -0.0000000000e+00 1.0000000000e+00 0.0000000000e+00
   outer loop
     vertex 8.9925832403e+00 1.1490666647e+00 1.1218918779e+00
     vertex 8.9400100364e+00 1.1490666647e+00 1.1293587508e+00
     vertex 8.9925832403e+00 1.1490666647e+00 1.1430366462e+00
   endloop
 endfacet
 facet normal  0.0000000000e+00 1.0000000000e+00 0.0000000000e+00
   outer loop
     vertex 8.9925832403e+00 1.1490666647e+00 1.1430366462e+00
     vertex 8.9400100364e+00 1.1490666647e+00 1.1293587508e+00
     vertex 8.9400100364e+00 1.1490666647e+00 1.1467700827e+00
   endloop
 endfacet
 facet normal  -0.0000000000e+00 1.0000000000e+00 0.0000000000e+00
   outer loop
     vertex 8.9400100364e+00 1.1490666647e+00 1.1293587508e+00
     vertex 8.9022343039e+00 1.1490666647e+00 1.1384043794e+00
     vertex 8.9400100364e+00 1.1490666647e+00 1.1467700827e+00
   endloop
 endfacet
 facet normal  0.0000000000e+00 1.0000000000e+00 0.0000000000e+00
   outer loop
     vertex 8.9400100364e+00 1.1490666647e+00 1.1467700827e+00
     vertex 8.9022343039e+00 1.1490666647e+00 1.1384043794e+00
     vertex 8.9022343039e+00 1.1490666647e+00 1.1512928970e+00
   endloop
 endfacet
 facet normal  -0.0000000000e+00 1.0000000000e+00 0.0000000000e+00
   outer loop
     vertex 8.9022343039e+00 1.1490666647e+00 1.1384043794e+00
     vertex 8.8769520958e+00 1.1490666647e+00 1.1493318642e+00
     vertex 8.9022343039e+00 1.1490666647e+00 1.1512928970e+00
   endloop
 endfacet
 facet normal  0.0000000000e+00 1.0000000000e+00 0.0000000000e+00
   outer loop
     vertex 8.9022343039e+00 1.1490666647e+00 1.1512928970e+00
     vertex 8.8769520958e+00 1.1490666647e+00 1.1493318642e+00
     vertex 8.8769520958e+00 1.1490666647e+00 1.1567566394e+00
   endloop
 endfacet
 facet normal  0.0000000000e+00 1.0000000000e+00 0.0000000000e+00
   outer loop
     vertex 8.8769520958e+00 1.1490666647e+00 1.1493318642e+00
     vertex 8.8660254038e+00 1.1490666647e+00 1.1641814145e+00
     vertex 8.8769520958e+00 1.1490666647e+00 1.1567566394e+00
   endloop
 endfacet
 facet normal  0.0000000000e+00 1.0000000000e+00 0.0000000000e+00
   outer loop
     vertex 8.8660254038e+00 1.1490666647e+00 1.1641814145e+00
     vertex 8.8769520958e+00 1.1490666647e+00 1.1790309648e+00
     vertex 8.8769520958e+00 1.1490666647e+00 1.1716061897e+00
   endloop
 endfacet
 facet normal  -8.7826428572e-15 1.0000000000e+00 0.0000000000e+00
   outer loop
     vertex 8.8769520958e+00 1.1490666647e+00 1.1790309648e+00
     vertex 8.9022343039e+00 1.1490666647e+00 1.1770699321e+00
     vertex 8.8769520958e+00 1.1490666647e+00 1.1716061897e+00
   endloop
 endfacet
 facet normal  -8.7826428572e-15 1.0000000000e+00 0.0000000000e+00
   outer loop
     vertex 8.8769520958e+00 1.1490666647e+00 1.1790309648e+00
     vertex 8.9022343039e+00 1.1490666647e+00 1.1899584496e+00
     vertex 8.9022343039e+00 1.1490666647e+00 1.1770699321e+00
   endloop
 endfacet
 facet normal  5.8779695422e-15 1.0000000000e+00 0.0000000000e+00
   outer loop
     vertex 8.9022343039e+00 1.1490666647e+00 1.1899584496e+00
     vertex 8.9400100364e+00 1.1490666647e+00 1.1815927464e+00
     vertex 8.9022343039e+00 1.1490666647e+00 1.1770699321e+00
   endloop
 endfacet
 facet normal  5.8779695422e-15 1.0000000000e+00 0.0000000000e+00
   outer loop
     vertex 8.9022343039e+00 1.1490666647e+00 1.1899584496e+00
     vertex 8.9400100364e+00 1.1490666647e+00 1.1990040782e+00
     vertex 8.9400100364e+00 1.1490666647e+00 1.1815927464e+00
   endloop
 endfacet
 facet normal  0.0000000000e+00 1.0000000000e+00 0.0000000000e+00
   outer loop
     vertex 8.9400100364e+00 1.1490666647e+00 1.1990040782e+00
     vertex 8.9925832403e+00 1.1490666647e+00 1.1853261828e+00
     vertex 8.9400100364e+00 1.1490666647e+00 1.1815927464e+00
   endloop
 endfacet
 facet normal  0.0000000000e+00 1.0000000000e+00 0.0000000000e+00
   outer loop
     vertex 8.9400100364e+00 1.1490666647e+00 1.1990040782e+00
     vertex 8.9925832403e+00 1.1490666647e+00 1.2064709511e+00
     vertex 8.9925832403e+00 1.1490666647e+00 1.1853261828e+00
   endloop
 endfacet
 facet normal  0.0000000000e+00 1.0000000000e+00 0.0000000000e+00
   outer loop
     vertex 8.9925832403e+00 1.1490666647e+00 1.2064709511e+00
     vertex 9.0621170026e+00 1.1490666647e+00 1.1879869817e+00
     vertex 8.9925832403e+00 1.1490666647e+00 1.1853261828e+00
   endloop
 endfacet
 facet normal  0.0000000000e+00 1.0000000000e+00 0.0000000000e+00
   outer loop
     vertex 8.9925832403e+00 1.1490666647e+00 1.2064709511e+00
     vertex 9.0621170026e+00 1.1490666647e+00 1.2117925490e+00
     vertex 9.0621170026e+00 1.1490666647e+00 1.1879869817e+00
   endloop
 endfacet
 facet normal  0.0000000000e+00 1.0000000000e+00 0.0000000000e+00
   outer loop
     vertex 9.0621170026e+00 1.1490666647e+00 1.2117925490e+00
     vertex 9.1490227541e+00 1.1490666647e+00 1.1891609400e+00
     vertex 9.0621170026e+00 1.1490666647e+00 1.1879869817e+00
   endloop
 endfacet
 facet normal  0.0000000000e+00 1.0000000000e+00 0.0000000000e+00
   outer loop
     vertex 9.0621170026e+00 1.1490666647e+00 1.2117925490e+00
     vertex 9.1490227541e+00 1.1490666647e+00 1.2141404655e+00
     vertex 9.1490227541e+00 1.1490666647e+00 1.1891609400e+00
   endloop
 endfacet
 facet normal  0.0000000000e+00 1.0000000000e+00 0.0000000000e+00
   outer loop
     vertex 9.1490227541e+00 1.1490666647e+00 1.2141404655e+00
     vertex 9.2506283552e+00 1.1490666647e+00 1.1885765566e+00
     vertex 9.1490227541e+00 1.1490666647e+00 1.1891609400e+00
   endloop
 endfacet
 facet normal  0.0000000000e+00 1.0000000000e+00 0.0000000000e+00
   outer loop
     vertex 9.1490227541e+00 1.1490666647e+00 1.2141404655e+00
     vertex 9.2506283552e+00 1.1490666647e+00 1.2129716986e+00
     vertex 9.2506283552e+00 1.1490666647e+00 1.1885765566e+00
   endloop
 endfacet
 facet normal  0.0000000000e+00 1.0000000000e+00 0.0000000000e+00
   outer loop
     vertex 9.2506283552e+00 1.1490666647e+00 1.2129716986e+00
     vertex 9.3607253130e+00 1.1490666647e+00 1.1863260519e+00
     vertex 9.2506283552e+00 1.1490666647e+00 1.1885765566e+00
   endloop
 endfacet
 facet normal  0.0000000000e+00 1.0000000000e+00 0.0000000000e+00
   outer loop
     vertex 9.2506283552e+00 1.1490666647e+00 1.2129716986e+00
     vertex 9.3607253130e+00 1.1490666647e+00 1.2084706892e+00
     vertex 9.3607253130e+00 1.1490666647e+00 1.1863260519e+00
   endloop
 endfacet
 facet normal  0.0000000000e+00 1.0000000000e+00 0.0000000000e+00
   outer loop
     vertex 9.3607253130e+00 1.1490666647e+00 1.2084706892e+00
     vertex 9.4707015071e+00 1.1490666647e+00 1.2016067024e+00
     vertex 9.3607253130e+00 1.1490666647e+00 1.1863260519e+00
   endloop
 endfacet
 facet normal  0.0000000000e+00 1.0000000000e+00 0.0000000000e+00
   outer loop
     vertex 9.3607253130e+00 1.1490666647e+00 1.1863260519e+00
     vertex 9.4707015071e+00 1.1490666647e+00 1.2016067024e+00
     vertex 9.4707015071e+00 1.1490666647e+00 1.1828940585e+00
   endloop
 endfacet
 facet normal  0.0000000000e+00 1.0000000000e+00 0.0000000000e+00
   outer loop
     vertex 9.4707015071e+00 1.1490666647e+00 1.2016067024e+00
     vertex 9.5720110527e+00 1.1490666647e+00 1.1937175556e+00
     vertex 9.4707015071e+00 1.1490666647e+00 1.1828940585e+00
   endloop
 endfacet
 facet normal  0.0000000000e+00 1.0000000000e+00 0.0000000000e+00
   outer loop
     vertex 9.4707015071e+00 1.1490666647e+00 1.1828940585e+00
     vertex 9.5720110527e+00 1.1490666647e+00 1.1937175556e+00
     vertex 9.5720110527e+00 1.1490666647e+00 1.1789494851e+00
   endloop
 endfacet
 facet normal  0.0000000000e+00 1.0000000000e+00 0.0000000000e+00
   outer loop
     vertex 9.5720110527e+00 1.1490666647e+00 1.1937175556e+00
     vertex 9.6586112246e+00 1.1490666647e+00 1.1859973117e+00
     vertex 9.5720110527e+00 1.1490666647e+00 1.1789494851e+00
   endloop
 endfacet
 facet normal  0.0000000000e+00 1.0000000000e+00 0.0000000000e+00
   outer loop
     vertex 9.5720110527e+00 1.1490666647e+00 1.1789494851e+00
     vertex 9.6586112246e+00 1.1490666647e+00 1.1859973117e+00
     vertex 9.6586112246e+00 1.1490666647e+00 1.1750893631e+00
   endloop
 endfacet
 facet normal  0.0000000000e+00 1.0000000000e+00 0.0000000000e+00
   outer loop
     vertex 9.6586112246e+00 1.1490666647e+00 1.1859973117e+00
     vertex 9.7280267563e+00 1.1490666647e+00 1.1792185043e+00
     vertex 9.6586112246e+00 1.1490666647e+00 1.1750893631e+00
   endloop
 endfacet
 facet normal  0.0000000000e+00 1.0000000000e+00 0.0000000000e+00
   outer loop
     vertex 9.6586112246e+00 1.1490666647e+00 1.1750893631e+00
     vertex 9.7280267563e+00 1.1490666647e+00 1.1792185043e+00
     vertex 9.7280267563e+00 1.1490666647e+00 1.1716999594e+00
   endloop
 endfacet
 facet normal  0.0000000000e+00 1.0000000000e+00 0.0000000000e+00
   outer loop
     vertex 9.7280267563e+00 1.1490666647e+00 1.1792185043e+00
     vertex 9.7808537277e+00 1.1490666647e+00 1.1737142014e+00
     vertex 9.7280267563e+00 1.1490666647e+00 1.1716999594e+00
   endloop
 endfacet
 facet normal  0.0000000000e+00 1.0000000000e+00 0.0000000000e+00
   outer loop
     vertex 9.7280267563e+00 1.1490666647e+00 1.1716999594e+00
     vertex 9.7808537277e+00 1.1490666647e+00 1.1737142014e+00
     vertex 9.7808537277e+00 1.1490666647e+00 1.1689478080e+00
   endloop
 endfacet
 facet normal  0.0000000000e+00 1.0000000000e+00 0.0000000000e+00
   outer loop
     vertex 9.7808537277e+00 1.1490666647e+00 1.1737142014e+00
     vertex 9.8194897880e+00 1.1490666647e+00 1.1694937982e+00
     vertex 9.7808537277e+00 1.1490666647e+00 1.1689478080e+00
   endloop
 endfacet
 facet normal  0.0000000000e+00 1.0000000000e+00 0.0000000000e+00
   outer loop
     vertex 9.7808537277e+00 1.1490666647e+00 1.1689478080e+00
     vertex 9.8194897880e+00 1.1490666647e+00 1.1694937982e+00
     vertex 9.8194897880e+00 1.1490666647e+00 1.1668376064e+00
   endloop
 endfacet
 facet normal  0.0000000000e+00 1.0000000000e+00 0.0000000000e+00
   outer loop
     vertex 9.8194897880e+00 1.1490666647e+00 1.1694937982e+00
     vertex 9.8469334893e+00 1.1490666647e+00 1.1663918603e+00
     vertex 9.8194897880e+00 1.1490666647e+00 1.1668376064e+00
   endloop
 endfacet
 facet normal  0.0000000000e+00 1.0000000000e+00 0.0000000000e+00
   outer loop
     vertex 9.8194897880e+00 1.1490666647e+00 1.1668376064e+00
     vertex 9.8469334893e+00 1.1490666647e+00 1.1663918603e+00
     vertex 9.8469334893e+00 1.1490666647e+00 1.1652866374e+00
   endloop
 endfacet
 facet normal  0.0000000000e+00 1.0000000000e+00 0.0000000000e+00
   outer loop
     vertex 9.8469334893e+00 1.1490666647e+00 1.1663918603e+00
     vertex 9.8660254038e+00 1.1490666647e+00 1.1641814145e+00
     vertex 9.8469334893e+00 1.1490666647e+00 1.1652866374e+00
   endloop
 endfacet
 facet normal  0.0000000000e+00 1.0000000000e+00 0.0000000000e+00
   outer loop
     vertex 9.8660254038e+00 1.1490666647e+00 1.1641814145e+00
     vertex 9.8469334893e+00 1.1490666647e+00 1.1630761917e+00
     vertex 9.8469334893e+00 1.1490666647e+00 1.1641814145e+00
   endloop
 endfacet
 facet normal  0.0000000000e+00 1.0000000000e+00 0.0000000000e+00
   outer loop
     vertex 9.8469334893e+00 1.1490666647e+00 1.1630761917e+00
     vertex 9.8194897880e+00 1.1490666647e+00 1.1641814145e+00
     vertex 9.8469334893e+00 1.1490666647e+00 1.1641814145e+00
   endloop
 endfacet
 facet normal  0.0000000000e+00 1.0000000000e+00 0.0000000000e+00
   outer loop
     vertex 9.8469334893e+00 1.1490666647e+00 1.1630761917e+00
     vertex 9.8194897880e+00 1.1490666647e+00 1.1615252227e+00
     vertex 9.8194897880e+00 1.1490666647e+00 1.1641814145e+00
   endloop
 endfacet
 facet normal  -0.0000000000e+00 1.0000000000e+00 0.0000000000e+00
   outer loop
     vertex 9.8194897880e+00 1.1490666647e+00 1.1615252227e+00
     vertex 9.7808537277e+00 1.1490666647e+00 1.1641814145e+00
     vertex 9.8194897880e+00 1.1490666647e+00 1.1641814145e+00
   endloop
 endfacet
 facet normal  0.0000000000e+00 1.0000000000e+00 0.0000000000e+00
   outer loop
     vertex 9.8194897880e+00 1.1490666647e+00 1.1615252227e+00
     vertex 9.7808537277e+00 1.1490666647e+00 1.1594150211e+00
     vertex 9.7808537277e+00 1.1490666647e+00 1.1641814145e+00
   endloop
 endfacet
 facet normal  -0.0000000000e+00 1.0000000000e+00 0.0000000000e+00
   outer loop
     vertex 9.7808537277e+00 1.1490666647e+00 1.1594150211e+00
     vertex 9.7280267563e+00 1.1490666647e+00 1.1641814145e+00
     vertex 9.7808537277e+00 1.1490666647e+00 1.1641814145e+00
   endloop
 endfacet
 facet normal  0.0000000000e+00 1.0000000000e+00 -0.0000000000e+00
   outer loop
     vertex 9.7808537277e+00 1.1490666647e+00 1.1594150211e+00
     vertex 9.7280267563e+00 1.1490666647e+00 1.1566628696e+00
     vertex 9.7280267563e+00 1.1490666647e+00 1.1641814145e+00
   endloop
 endfacet
 facet normal  -0.0000000000e+00 1.0000000000e+00 0.0000000000e+00
   outer loop
     vertex 9.7280267563e+00 1.1490666647e+00 1.1566628696e+00
     vertex 9.6586112246e+00 1.1490666647e+00 1.1641814145e+00
     vertex 9.7280267563e+00 1.1490666647e+00 1.1641814145e+00
   endloop
 endfacet
 facet normal  0.0000000000e+00 1.0000000000e+00 0.0000000000e+00
   outer loop
     vertex 9.7280267563e+00 1.1490666647e+00 1.1566628696e+00
     vertex 9.6586112246e+00 1.1490666647e+00 1.1532734659e+00
     vertex 9.6586112246e+00 1.1490666647e+00 1.1641814145e+00
   endloop
 endfacet
 facet normal  -0.0000000000e+00 1.0000000000e+00 0.0000000000e+00
   outer loop
     vertex 9.6586112246e+00 1.1490666647e+00 1.1532734659e+00
     vertex 9.5720110527e+00 1.1490666647e+00 1.1641814145e+00
     vertex 9.6586112246e+00 1.1490666647e+00 1.1641814145e+00
   endloop
 endfacet
 facet normal  0.0000000000e+00 1.0000000000e+00 0.0000000000e+00
   outer loop
     vertex 9.6586112246e+00 1.1490666647e+00 1.1532734659e+00
     vertex 9.5720110527e+00 1.1490666647e+00 1.1494133440e+00
     vertex 9.5720110527e+00 1.1490666647e+00 1.1641814145e+00
   endloop
 endfacet
 facet normal  -0.0000000000e+00 1.0000000000e+00 0.0000000000e+00
   outer loop
     vertex 9.5720110527e+00 1.1490666647e+00 1.1494133440e+00
     vertex 9.4707015071e+00 1.1490666647e+00 1.1641814145e+00
     vertex 9.5720110527e+00 1.1490666647e+00 1.1641814145e+00
   endloop
 endfacet
 facet normal  0.0000000000e+00 1.0000000000e+00 0.0000000000e+00
   outer loop
     vertex 9.5720110527e+00 1.1490666647e+00 1.1494133440e+00
     vertex 9.4707015071e+00 1.1490666647e+00 1.1454687706e+00
     vertex 9.4707015071e+00 1.1490666647e+00 1.1641814145e+00
   endloop
 endfacet
 facet normal  -0.0000000000e+00 1.0000000000e+00 0.0000000000e+00
   outer loop
     vertex 9.4707015071e+00 1.1490666647e+00 1.1454687706e+00
     vertex 9.3607253130e+00 1.1490666647e+00 1.1641814145e+00
     vertex 9.4707015071e+00 1.1490666647e+00 1.1641814145e+00
   endloop
 endfacet
 facet normal  0.0000000000e+00 1.0000000000e+00 0.0000000000e+00
   outer loop
     vertex 9.4707015071e+00 1.1490666647e+00 1.1454687706e+00
     vertex 9.3607253130e+00 1.1490666647e+00 1.1420367772e+00
     vertex 9.3607253130e+00 1.1490666647e+00 1.1641814145e+00
   endloop
 endfacet
 facet normal  0.0000000000e+00 1.0000000000e+00 0.0000000000e+00
   outer loop
     vertex 9.3607253130e+00 1.1490666647e+00 1.1420367772e+00
     vertex 9.2506283552e+00 1.1490666647e+00 1.1397862725e+00
     vertex 9.3607253130e+00 1.1490666647e+00 1.1641814145e+00
   endloop
 endfacet
 facet normal  0.0000000000e+00 1.0000000000e+00 0.0000000000e+00
   outer loop
     vertex 9.3607253130e+00 1.1490666647e+00 1.1641814145e+00
     vertex 9.2506283552e+00 1.1490666647e+00 1.1397862725e+00
     vertex 9.2506283552e+00 1.1490666647e+00 1.1641814145e+00
   endloop
 endfacet
 facet normal  0.0000000000e+00 1.0000000000e+00 0.0000000000e+00
   outer loop
     vertex 9.2506283552e+00 1.1490666647e+00 1.1397862725e+00
     vertex 9.1490227541e+00 1.1490666647e+00 1.1392018891e+00
     vertex 9.2506283552e+00 1.1490666647e+00 1.1641814145e+00
   endloop
 endfacet
 facet normal  0.0000000000e+00 1.0000000000e+00 0.0000000000e+00
   outer loop
     vertex 9.2506283552e+00 1.1490666647e+00 1.1641814145e+00
     vertex 9.1490227541e+00 1.1490666647e+00 1.1392018891e+00
     vertex 9.1490227541e+00 1.1490666647e+00 1.1641814145e+00
   endloop
 endfacet
 facet normal  -0.0000000000e+00 1.0000000000e+00 0.0000000000e+00
   outer loop
     vertex 9.1490227541e+00 1.1490666647e+00 1.1392018891e+00
     vertex 9.0621170026e+00 1.1490666647e+00 1.1403758473e+00
     vertex 9.1490227541e+00 1.1490666647e+00 1.1641814145e+00
   endloop
 endfacet
 facet normal  0.0000000000e+00 1.0000000000e+00 0.0000000000e+00
   outer loop
     vertex 9.1490227541e+00 1.1490666647e+00 1.1641814145e+00
     vertex 9.0621170026e+00 1.1490666647e+00 1.1403758473e+00
     vertex 9.0621170026e+00 1.1490666647e+00 1.1641814145e+00
   endloop
 endfacet
 facet normal  -0.0000000000e+00 1.0000000000e+00 0.0000000000e+00
   outer loop
     vertex 9.0621170026e+00 1.1490666647e+00 1.1403758473e+00
     vertex 8.9925832403e+00 1.1490666647e+00 1.1430366462e+00
     vertex 9.0621170026e+00 1.1490666647e+00 1.1641814145e+00
   endloop
 endfacet
 facet normal  0.0000000000e+00 1.0000000000e+00 0.0000000000e+00
   outer loop
     vertex 9.0621170026e+00 1.1490666647e+00 1.1641814145e+00
     vertex 8.9925832403e+00 1.1490666647e+00 1.1430366462e+00
     vertex 8.9925832403e+00 1.1490666647e+00 1.1641814145e+00
   endloop
 endfacet
 facet normal  -0.0000000000e+00 1.0000000000e+00 0.0000000000e+00
   outer loop
     vertex 8.9925832403e+00 1.1490666647e+00 1.1430366462e+00
     vertex 8.9400100364e+00 1.1490666647e+00 1.1467700827e+00
     vertex 8.9925832403e+00 1.1490666647e+00 1.1641814145e+00
   endloop
 endfacet
 facet normal  0.0000000000e+00 1.0000000000e+00 0.0000000000e+00
   outer loop
     vertex 8.9925832403e+00 1.1490666647e+00 1.1641814145e+00
     vertex 8.9400100364e+00 1.1490666647e+00 1.1467700827e+00
     vertex 8.9400100364e+00 1.1490666647e+00 1.1641814145e+00
   endloop
 endfacet
 facet normal  -0.0000000000e+00 1.0000000000e+00 0.0000000000e+00
   outer loop
     vertex 8.9400100364e+00 1.1490666647e+00 1.1467700827e+00
     vertex 8.9022343039e+00 1.1490666647e+00 1.1512928970e+00
     vertex 8.9400100364e+00 1.1490666647e+00 1.1641814145e+00
   endloop
 endfacet
 facet normal  0.0000000000e+00 1.0000000000e+00 0.0000000000e+00
   outer loop
     vertex 8.9400100364e+00 1.1490666647e+00 1.1641814145e+00
     vertex 8.9022343039e+00 1.1490666647e+00 1.1512928970e+00
     vertex 8.9022343039e+00 1.1490666647e+00 1.1641814145e+00
   endloop
 endfacet
 facet normal  -0.0000000000e+00 1.0000000000e+00 0.0000000000e+00
   outer loop
     vertex 8.9022343039e+00 1.1490666647e+00 1.1512928970e+00
     vertex 8.8769520958e+00 1.1490666647e+00 1.1567566394e+00
     vertex 8.9022343039e+00 1.1490666647e+00 1.1641814145e+00
   endloop
 endfacet
 facet normal  0.0000000000e+00 1.0000000000e+00 0.0000000000e+00
   outer loop
     vertex 8.9022343039e+00 1.1490666647e+00 1.1641814145e+00
     vertex 8.8769520958e+00 1.1490666647e+00 1.1567566394e+00
     vertex 8.8769520958e+00 1.1490666647e+00 1.1641814145e+00
   endloop
 endfacet
 facet normal  -0.0000000000e+00 1.0000000000e+00 0.0000000000e+00
   outer loop
     vertex 8.8769520958e+00 1.1490666647e+00 1.1567566394e+00
     vertex 8.8660254038e+00 1.1490666647e+00 1.1641814145e+00
     vertex 8.8769520958e+00 1.1490666647e+00 1.1641814145e+00
   endloop
 endfacet
 facet normal  0.0000000000e+00 1.0000000000e+00 0.0000000000e+00
   outer loop
     vertex 8.8660254038e+00 1.1490666647e+00 1.1641814145e+00
     vertex 8.8769520958e+00 1.1490666647e+00 1.1716061897e+00
     vertex 8.8769520958e+00 1.1490666647e+00 1.1641814145e+00
   endloop
 endfacet
 facet normal  -8.7826428572e-15 1.0000000000e+00 0.0000000000e+00
   outer loop
     vertex 8.8769520958e+00 1.1490666647e+00 1.1716061897e+00
     vertex 8.9022343039e+00 1.1490666647e+00 1.1641814145e+00
     vertex 8.8769520958e+00 1.1490666647e+00 1.1641814145e+00
   endloop
 endfacet
 facet normal  -8.7826428572e-15 1.0000000000e+00 0.0000000000e+00
   outer loop
     vertex 8.8769520958e+00 1.1490666647e+00 1.1716061897e+00
     vertex 8.9022343039e+00 1.1490666647e+00 1.1770699321e+00
     vertex 8.9022343039e+00 1.1490666647e+00 1.1641814145e+00
   endloop
 endfacet
 facet normal  5.8779695422e-15 1.0000000000e+00 0.0000000000e+00
   outer loop
     vertex 8.9022343039e+00 1.1490666647e+00 1.1770699321e+00
     vertex 8.9400100364e+00 1.1490666647e+00 1.1641814145e+00
     vertex 8.9022343039e+00 1.1490666647e+00 1.1641814145e+00
   endloop
 endfacet
 facet normal  5.8779695422e-15 1.0000000000e+00 0.0000000000e+00
   outer loop
     vertex 8.9022343039e+00 1.1490666647e+00 1.1770699321e+00
     vertex 8.9400100364e+00 1.1490666647e+00 1.1815927464e+00
     vertex 8.9400100364e+00 1.1490666647e+00 1.1641814145e+00
   endloop
 endfacet
 facet normal  0.0000000000e+00 1.0000000000e+00 0.0000000000e+00
   outer loop
     vertex 8.9400100364e+00 1.1490666647e+00 1.1815927464e+00
     vertex 8.9925832403e+00 1.1490666647e+00 1.1641814145e+00
     vertex 8.9400100364e+00 1.1490666647e+00 1.1641814145e+00
   endloop
 endfacet
 facet normal  0.0000000000e+00 1.0000000000e+00 0.0000000000e+00
   outer loop
     vertex 8.9400100364e+00 1.1490666647e+00 1.1815927464e+00
     vertex 8.9925832403e+00 1.1490666647e+00 1.1853261828e+00
     vertex 8.9925832403e+00 1.1490666647e+00 1.1641814145e+00
   endloop
 endfacet
 facet normal  0.0000000000e+00 1.0000000000e+00 0.0000000000e+00
   outer loop
     vertex 8.9925832403e+00 1.1490666647e+00 1.1853261828e+00
     vertex 9.0621170026e+00 1.1490666647e+00 1.1641814145e+00
     vertex 8.9925832403e+00 1.1490666647e+00 1.1641814145e+00
   endloop
 endfacet
 facet normal  0.0000000000e+00 1.0000000000e+00 0.0000000000e+00
   outer loop
     vertex 8.9925832403e+00 1.1490666647e+00 1.1853261828e+00
     vertex 9.0621170026e+00 1.1490666647e+00 1.1879869817e+00
     vertex 9.0621170026e+00 1.1490666647e+00 1.1641814145e+00
   endloop
 endfacet
 facet normal  0.0000000000e+00 1.0000000000e+00 0.0000000000e+00
   outer loop
     vertex 9.0621170026e+00 1.1490666647e+00 1.1879869817e+00
     vertex 9.1490227541e+00 1.1490666647e+00 1.1641814145e+00
     vertex 9.0621170026e+00 1.1490666647e+00 1.1641814145e+00
   endloop
 endfacet
 facet normal  0.0000000000e+00 1.0000000000e+00 0.0000000000e+00
   outer loop
     vertex 9.0621170026e+00 1.1490666647e+00 1.1879869817e+00
     vertex 9.1490227541e+00 1.1490666647e+00 1.1891609400e+00
     vertex 9.1490227541e+00 1.1490666647e+00 1.1641814145e+00
   endloop
 endfacet
 facet normal  0.0000000000e+00 1.0000000000e+00 0.0000000000e+00
   outer loop
     vertex 9.1490227541e+00 1.1490666647e+00 1.1891609400e+00
     vertex 9.2506283552e+00 1.1490666647e+00 1.1641814145e+00
     vertex 9.1490227541e+00 1.1490666647e+00 1.1641814145e+00
   endloop
 endfacet
 facet normal  0.0000000000e+00 1.0000000000e+00 0.0000000000e+00
   outer loop
     vertex 9.1490227541e+00 1.1490666647e+00 1.1891609400e+00
     vertex 9.2506283552e+00 1.1490666647e+00 1.1885765566e+00
     vertex 9.2506283552e+00 1.1490666647e+00 1.1641814145e+00
   endloop
 endfacet
 facet normal  0.0000000000e+00 1.0000000000e+00 0.0000000000e+00
   outer loop
     vertex 9.2506283552e+00 1.1490666647e+00 1.1885765566e+00
     vertex 9.3607253130e+00 1.1490666647e+00 1.1641814145e+00
     vertex 9.2506283552e+00 1.1490666647e+00 1.1641814145e+00
   endloop
 endfacet
 facet normal  0.0000000000e+00 1.0000000000e+00 0.0000000000e+00
   outer loop
     vertex 9.2506283552e+00 1.1490666647e+00 1.1885765566e+00
     vertex 9.3607253130e+00 1.1490666647e+00 1.1863260519e+00
     vertex 9.3607253130e+00 1.1490666647e+00 1.1641814145e+00
   endloop
 endfacet
 facet normal  0.0000000000e+00 1.0000000000e+00 0.0000000000e+00
   outer loop
     vertex 9.3607253130e+00 1.1490666647e+00 1.1863260519e+00
     vertex 9.4707015071e+00 1.1490666647e+00 1.1828940585e+00
     vertex 9.3607253130e+00 1.1490666647e+00 1.1641814145e+00
   endloop
 endfacet
 facet normal  0.0000000000e+00 1.0000000000e+00 0.0000000000e+00
   outer loop
     vertex 9.3607253130e+00 1.1490666647e+00 1.1641814145e+00
     vertex 9.4707015071e+00 1.1490666647e+00 1.1828940585e+00
     vertex 9.4707015071e+00 1.1490666647e+00 1.1641814145e+00
   endloop
 endfacet
 facet normal  0.0000000000e+00 1.0000000000e+00 0.0000000000e+00
   outer loop
     vertex 9.4707015071e+00 1.1490666647e+00 1.1828940585e+00
     vertex 9.5720110527e+00 1.1490666647e+00 1.1789494851e+00
     vertex 9.4707015071e+00 1.1490666647e+00 1.1641814145e+00
   endloop
 endfacet
 facet normal  0.0000000000e+00 1.0000000000e+00 0.0000000000e+00
   outer loop
     vertex 9.4707015071e+00 1.1490666647e+00 1.1641814145e+00
     vertex 9.5720110527e+00 1.1490666647e+00 1.1789494851e+00
     vertex 9.5720110527e+00 1.1490666647e+00 1.1641814145e+00
   endloop
 endfacet
 facet normal  0.0000000000e+00 1.0000000000e+00 0.0000000000e+00
   outer loop
     vertex 9.5720110527e+00 1.1490666647e+00 1.1789494851e+00
     vertex 9.6586112246e+00 1.1490666647e+00 1.1750893631e+00
     vertex 9.5720110527e+00 1.1490666647e+00 1.1641814145e+00
   endloop
 endfacet
 facet normal  0.0000000000e+00 1.0000000000e+00 0.0000000000e+00
   outer loop
     vertex 9.5720110527e+00 1.1490666647e+00 1.1641814145e+00
     vertex 9.6586112246e+00 1.1490666647e+00 1.1750893631e+00
     vertex 9.6586112246e+00 1.1490666647e+00 1.1641814145e+00
   endloop
 endfacet
 facet normal  0.0000000000e+00 1.0000000000e+00 0.0000000000e+00
   outer loop
     vertex 9.6586112246e+00 1.1490666647e+00 1.1750893631e+00
     vertex 9.7280267563e+00 1.1490666647e+00 1.1716999594e+00
     vertex 9.6586112246e+00 1.1490666647e+00 1.1641814145e+00
   endloop
 endfacet
 facet normal  0.0000000000e+00 1.0000000000e+00 0.0000000000e+00
   outer loop
     vertex 9.6586112246e+00 1.1490666647e+00 1.1641814145e+00
     vertex 9.7280267563e+00 1.1490666647e+00 1.1716999594e+00
     vertex 9.7280267563e+00 1.1490666647e+00 1.1641814145e+00
   endloop
 endfacet
 facet normal  0.0000000000e+00 1.0000000000e+00 0.0000000000e+00
   outer loop
     vertex 9.7280267563e+00 1.1490666647e+00 1.1716999594e+00
     vertex 9.7808537277e+00 1.1490666647e+00 1.1689478080e+00
     vertex 9.7280267563e+00 1.1490666647e+00 1.1641814145e+00
   endloop
 endfacet
 facet normal  0.0000000000e+00 1.0000000000e+00 0.0000000000e+00
   outer loop
     vertex 9.7280267563e+00 1.1490666647e+00 1.1641814145e+00
     vertex 9.7808537277e+00 1.1490666647e+00 1.1689478080e+00
     vertex 9.7808537277e+00 1.1490666647e+00 1.1641814145e+00
   endloop
 endfacet
 facet normal  0.0000000000e+00 1.0000000000e+00 0.0000000000e+00
   outer loop
     vertex 9.7808537277e+00 1.1490666647e+00 1.1689478080e+00
     vertex 9.8194897880e+00 1.1490666647e+00 1.1668376064e+00
     vertex 9.7808537277e+00 1.1490666647e+00 1.1641814145e+00
   endloop
 endfacet
 facet normal  0.0000000000e+00 1.0000000000e+00 0.0000000000e+00
   outer loop
     vertex 9.7808537277e+00 1.1490666647e+00 1.1641814145e+00
     vertex 9.8194897880e+00 1.1490666647e+00 1.1668376064e+00
     vertex 9.8194897880e+00 1.1490666647e+00 1.1641814145e+00
   endloop
 endfacet
 facet normal  0.0000000000e+00 1.0000000000e+00 0.0000000000e+00
   outer loop
     vertex 9.8194897880e+00 1.1490666647e+00 1.1668376064e+00
     vertex 9.8469334893e+00 1.1490666647e+00 1.1652866374e+00
     vertex 9.8194897880e+00 1.1490666647e+00 1.1641814145e+00
   endloop
 endfacet
 facet normal  0.0000000000e+00 1.0000000000e+00 0.0000000000e+00
   outer loop
     vertex 9.8194897880e+00 1.1490666647e+00 1.1641814145e+00
     vertex 9.8469334893e+00 1.1490666647e+00 1.1652866374e+00
     vertex 9.8469334893e+00 1.1490666647e+00 1.1641814145e+00
   endloop
 endfacet
 facet normal  0.0000000000e+00 1.0000000000e+00 0.0000000000e+00
   outer loop
     vertex 9.8469334893e+00 1.1490666647e+00 1.1652866374e+00
     vertex 9.8660254038e+00 1.1490666647e+00 1.1641814145e+00
     vertex 9.8469334893e+00 1.1490666647e+00 1.1641814145e+00
   endloop
 endfacet
 facet normal  8.9944438982e-02 -6.2321366680e-01 -7.7686210064e-01
   outer loop
     vertex 9.5000000000e+00 0.0000000000e+00 2.0000000000e-01
     vertex 9.5732050808e+00 -2.2981333294e-01 3.9283628291e-01
     vertex 9.5464764005e+00 -2.2981333294e-01 3.8974165885e-01
   endloop
 endfacet
 facet normal  8.9944438982e-02 -6.2321366680e-01 -7.7686210064e-01
   outer loop
     vertex 9.5000000000e+00 0.0000000000e+00 2.0000000000e-01
     vertex 9.5464764005e+00 -2.2981333294e-01 3.8974165885e-01
     vertex 9.4713621283e+00 0.0000000000e+00 1.9668433136e-01
   endloop
 endfacet
 facet normal  8.7786500926e-02 -6.2375880041e-01 -7.7667141647e-01
   outer loop
     vertex 9.4713621283e+00 0.0000000000e+00 1.9668433136e-01
     vertex 9.5464764005e+00 -2.2981333294e-01 3.8974165885e-01
     vertex 9.5080552187e+00 -2.2981333294e-01 3.8539894577e-01
   endloop
 endfacet
 facet normal  8.7786500926e-02 -6.2375880041e-01 -7.7667141647e-01
   outer loop
     vertex 9.4713621283e+00 0.0000000000e+00 1.9668433136e-01
     vertex 9.5080552187e+00 -2.2981333294e-01 3.8539894577e-01
     vertex 9.4301965763e+00 0.0000000000e+00 1.9203142449e-01
   endloop
 endfacet
 facet normal  8.4808284632e-02 -6.2452685177e-01 -7.7638506314e-01
   outer loop
     vertex 9.4301965763e+00 0.0000000000e+00 1.9203142449e-01
     vertex 9.5080552187e+00 -2.2981333294e-01 3.8539894577e-01
     vertex 9.4539647342e+00 -2.2981333294e-01 3.7949038130e-01
   endloop
 endfacet
 facet normal  8.4808284632e-02 -6.2452685177e-01 -7.7638506314e-01
   outer loop
     vertex 9.4301965763e+00 0.0000000000e+00 1.9203142449e-01
     vertex 9.4539647342e+00 -2.2981333294e-01 3.7949038130e-01
     vertex 9.3722424859e+00 0.0000000000e+00 1.8570081971e-01
   endloop
 endfacet
 facet normal  8.0851278557e-02 -6.2557696118e-01 -7.7596168487e-01
   outer loop
     vertex 9.3722424859e+00 0.0000000000e+00 1.8570081971e-01
     vertex 9.4539647342e+00 -2.2981333294e-01 3.7949038130e-01
     vertex 9.3800069742e+00 -2.2981333294e-01 3.7178435718e-01
   endloop
 endfacet
 facet normal  8.0851278557e-02 -6.2557696118e-01 -7.7596168487e-01
   outer loop
     vertex 9.3722424859e+00 0.0000000000e+00 1.8570081971e-01
     vertex 9.3800069742e+00 -2.2981333294e-01 3.7178435718e-01
     vertex 9.2930020287e+00 0.0000000000e+00 1.7744436530e-01
   endloop
 endfacet
 facet normal  7.5715893019e-02 -6.2699275486e-01 -7.7533682287e-01
   outer loop
     vertex 9.2930020287e+00 0.0000000000e+00 1.7744436530e-01
     vertex 9.3800069742e+00 -2.2981333294e-01 3.7178435718e-01
     vertex 9.2828252299e+00 -2.2981333294e-01 3.6229402687e-01
   endloop
 endfacet
 facet normal  7.5715893019e-02 -6.2699275486e-01 -7.7533682287e-01
   outer loop
     vertex 9.2930020287e+00 0.0000000000e+00 1.7744436530e-01
     vertex 9.2828252299e+00 -2.2981333294e-01 3.6229402687e-01
     vertex 9.1888787313e+00 0.0000000000e+00 1.6727615425e-01
   endloop
 endfacet
 facet normal  6.9035893682e-02 -6.2892450043e-01 -7.7439525963e-01
   outer loop
     vertex 9.1888787313e+00 0.0000000000e+00 1.6727615425e-01
     vertex 9.2828252299e+00 -2.2981333294e-01 3.6229402687e-01
     vertex 9.1615849892e+00 -2.2981333294e-01 3.5148568544e-01
   endloop
 endfacet
 facet normal  6.9035893682e-02 -6.2892450043e-01 -7.7439525963e-01
   outer loop
     vertex 9.1888787313e+00 0.0000000000e+00 1.6727615425e-01
     vertex 9.1615849892e+00 -2.2981333294e-01 3.5148568544e-01
     vertex 9.0589784733e+00 0.0000000000e+00 1.5569578842e-01
   endloop
 endfacet
 facet normal  6.0189529191e-02 -6.3162756046e-01 -7.7293197983e-01
   outer loop
     vertex 9.0589784733e+00 0.0000000000e+00 1.5569578842e-01
     vertex 9.1615849892e+00 -2.2981333294e-01 3.5148568544e-01
     vertex 9.0197516253e+00 -2.2981333294e-01 3.4044087992e-01
   endloop
 endfacet
 facet normal  6.0189529191e-02 -6.3162756046e-01 -7.7293197983e-01
   outer loop
     vertex 9.0589784733e+00 0.0000000000e+00 1.5569578842e-01
     vertex 9.0197516253e+00 -2.2981333294e-01 3.4044087992e-01
     vertex 8.9070141549e+00 0.0000000000e+00 1.4386206823e-01
   endloop
 endfacet
 facet normal  4.8093805424e-02 -6.3553977246e-01 -7.7056874028e-01
   outer loop
     vertex 8.9070141549e+00 0.0000000000e+00 1.4386206823e-01
     vertex 9.0197516253e+00 -2.2981333294e-01 3.4044087992e-01
     vertex 8.8657849536e+00 -2.2981333294e-01 3.3083129837e-01
   endloop
 endfacet
 facet normal  4.8093805424e-02 -6.3553977246e-01 -7.7056874028e-01
   outer loop
     vertex 8.9070141549e+00 0.0000000000e+00 1.4386206823e-01
     vertex 8.8657849536e+00 -2.2981333294e-01 3.3083129837e-01
     vertex 8.7420498638e+00 0.0000000000e+00 1.3356608799e-01
   endloop
 endfacet
 facet normal  3.1344464608e-02 -6.4123825678e-01 -7.6670139075e-01
   outer loop
     vertex 8.7420498638e+00 0.0000000000e+00 1.3356608799e-01
     vertex 8.8657849536e+00 -2.2981333294e-01 3.3083129837e-01
     vertex 8.5769044272e+00 0.0000000000e+00 1.2681457384e-01
   endloop
 endfacet
 facet normal  3.1344464608e-02 -6.4123825678e-01 -7.6670139075e-01
   outer loop
     vertex 8.8657849536e+00 -2.2981333294e-01 3.3083129837e-01
     vertex 8.7116492128e+00 -2.2981333294e-01 3.2452988515e-01
     vertex 8.5769044272e+00 0.0000000000e+00 1.2681457384e-01
   endloop
 endfacet
 facet normal  8.7487359788e-03 -6.4920543036e-01 -7.6056279741e-01
   outer loop
     vertex 8.5769044272e+00 0.0000000000e+00 1.2681457384e-01
     vertex 8.7116492128e+00 -2.2981333294e-01 3.2452988515e-01
     vertex 8.4244960254e+00 0.0000000000e+00 1.2506142358e-01
   endloop
 endfacet
 facet normal  8.7487359788e-03 -6.4920543036e-01 -7.6056279741e-01
   outer loop
     vertex 8.7116492128e+00 -2.2981333294e-01 3.2452988515e-01
     vertex 8.5694013712e+00 -2.2981333294e-01 3.2289361158e-01
     vertex 8.4244960254e+00 0.0000000000e+00 1.2506142358e-01
   endloop
 endfacet
 facet normal  -2.0299100086e-02 -6.5959091733e-01 -7.5135062940e-01
   outer loop
     vertex 8.4244960254e+00 0.0000000000e+00 1.2506142358e-01
     vertex 8.5694013712e+00 -2.2981333294e-01 3.2289361158e-01
     vertex 8.2941373982e+00 0.0000000000e+00 1.2858329834e-01
   endloop
 endfacet
 facet normal  -2.0299100086e-02 -6.5959091733e-01 -7.5135062940e-01
   outer loop
     vertex 8.5694013712e+00 -2.2981333294e-01 3.2289361158e-01
     vertex 8.4477333191e+00 -2.2981333294e-01 3.2618069469e-01
     vertex 8.2941373982e+00 0.0000000000e+00 1.2858329834e-01
   endloop
 endfacet
 facet normal  -5.6486310538e-02 -6.7235678347e-01 -7.3806886701e-01
   outer loop
     vertex 8.2941373982e+00 0.0000000000e+00 1.2858329834e-01
     vertex 8.4477333191e+00 -2.2981333294e-01 3.2618069469e-01
     vertex 8.1898367548e+00 0.0000000000e+00 1.3656569511e-01
   endloop
 endfacet
 facet normal  -5.6486310538e-02 -6.7235678347e-01 -7.3806886701e-01
   outer loop
     vertex 8.4477333191e+00 -2.2981333294e-01 3.2618069469e-01
     vertex 8.3503860519e+00 -2.2981333294e-01 3.3363093167e-01
     vertex 8.1898367548e+00 0.0000000000e+00 1.3656569511e-01
   endloop
 endfacet
 facet normal  -1.0208894204e-01 -6.8768681939e-01 -7.1879391090e-01
   outer loop
     vertex 8.1898367548e+00 0.0000000000e+00 1.3656569511e-01
     vertex 8.3503860519e+00 -2.2981333294e-01 3.3363093167e-01
     vertex 8.1109769490e+00 0.0000000000e+00 1.4776600443e-01
   endloop
 endfacet
 facet normal  -1.0208894204e-01 -6.8768681939e-01 -7.1879391090e-01
   outer loop
     vertex 8.3503860519e+00 -2.2981333294e-01 3.3363093167e-01
     vertex 8.2767835664e+00 -2.2981333294e-01 3.4408455371e-01
     vertex 8.1109769490e+00 0.0000000000e+00 1.4776600443e-01
   endloop
 endfacet
 facet normal  -1.6476635248e-01 -7.0667518829e-01 -6.8808591567e-01
   outer loop
     vertex 8.1109769490e+00 0.0000000000e+00 1.4776600443e-01
     vertex 8.2767835664e+00 -2.2981333294e-01 3.4408455371e-01
     vertex 8.0543133502e+00 0.0000000000e+00 1.6133444736e-01
   endloop
 endfacet
 facet normal  -1.6476635248e-01 -7.0667518829e-01 -6.8808591567e-01
   outer loop
     vertex 8.2767835664e+00 -2.2981333294e-01 3.4408455371e-01
     vertex 8.2238975410e+00 -2.2981333294e-01 3.5674843378e-01
     vertex 8.0543133502e+00 0.0000000000e+00 1.6133444736e-01
   endloop
 endfacet
 facet normal  -2.7045562162e-01 -7.3164801704e-01 -6.2573551593e-01
   outer loop
     vertex 8.0543133502e+00 0.0000000000e+00 1.6133444736e-01
     vertex 8.2238975410e+00 -2.2981333294e-01 3.5674843378e-01
     vertex 8.0163900380e+00 0.0000000000e+00 1.7772567453e-01
   endloop
 endfacet
 facet normal  -2.7045562162e-01 -7.3164801704e-01 -6.2573551593e-01
   outer loop
     vertex 8.2238975410e+00 -2.2981333294e-01 3.5674843378e-01
     vertex 8.1885024496e+00 -2.2981333294e-01 3.7204691247e-01
     vertex 8.0163900380e+00 0.0000000000e+00 1.7772567453e-01
   endloop
 endfacet
 facet normal  -5.4062897939e-01 -7.4126123696e-01 -3.9780910652e-01
   outer loop
     vertex 8.0163900380e+00 0.0000000000e+00 1.7772567453e-01
     vertex 8.1885024496e+00 -2.2981333294e-01 3.7204691247e-01
     vertex 8.0000000000e+00 0.0000000000e+00 2.0000000000e-01
   endloop
 endfacet
 facet normal  -5.4062897939e-01 -7.4126123696e-01 -3.9780910652e-01
   outer loop
     vertex 8.1885024496e+00 -2.2981333294e-01 3.7204691247e-01
     vertex 8.1732050808e+00 -2.2981333294e-01 3.9283628291e-01
     vertex 8.0000000000e+00 0.0000000000e+00 2.0000000000e-01
   endloop
 endfacet
 facet normal  -8.0063989077e-01 -1.0908361516e-01 5.8913201425e-01
   outer loop
     vertex 8.0000000000e+00 0.0000000000e+00 2.0000000000e-01
     vertex 8.1732050808e+00 -2.2981333294e-01 3.9283628291e-01
     vertex 8.1885024496e+00 -2.2981333294e-01 4.1362565335e-01
   endloop
 endfacet
 facet normal  -8.0063989077e-01 -1.0908361516e-01 5.8913201425e-01
   outer loop
     vertex 8.0000000000e+00 0.0000000000e+00 2.0000000000e-01
     vertex 8.1885024496e+00 -2.2981333294e-01 4.1362565335e-01
     vertex 8.0163900380e+00 0.0000000000e+00 2.2227432547e-01
   endloop
 endfacet
 facet normal  -3.5945636208e-01 4.2325902870e-01 8.3165071899e-01
   outer loop
     vertex 8.0163900380e+00 0.0000000000e+00 2.2227432547e-01
     vertex 8.1885024496e+00 -2.2981333294e-01 4.1362565335e-01
     vertex 8.2238975410e+00 -2.2981333294e-01 4.2892413203e-01
   endloop
 endfacet
 facet normal  -3.5945636208e-01 4.2325902870e-01 8.3165071899e-01
   outer loop
     vertex 8.0163900380e+00 0.0000000000e+00 2.2227432547e-01
     vertex 8.2238975410e+00 -2.2981333294e-01 4.2892413203e-01
     vertex 8.0543133502e+00 0.0000000000e+00 2.3866555264e-01
   endloop
 endfacet
 facet normal  -1.9674004806e-01 5.3502022282e-01 8.2161226540e-01
   outer loop
     vertex 8.0543133502e+00 0.0000000000e+00 2.3866555264e-01
     vertex 8.2238975410e+00 -2.2981333294e-01 4.2892413203e-01
     vertex 8.2767835664e+00 -2.2981333294e-01 4.4158801210e-01
   endloop
 endfacet
 facet normal  -1.9674004806e-01 5.3502022282e-01 8.2161226540e-01
   outer loop
     vertex 8.0543133502e+00 0.0000000000e+00 2.3866555264e-01
     vertex 8.2767835664e+00 -2.2981333294e-01 4.4158801210e-01
     vertex 8.1109769490e+00 0.0000000000e+00 2.5223399557e-01
   endloop
 endfacet
 facet normal  -1.1442352380e-01 5.8124994314e-01 8.0563996971e-01
   outer loop
     vertex 8.1109769490e+00 0.0000000000e+00 2.5223399557e-01
     vertex 8.2767835664e+00 -2.2981333294e-01 4.4158801210e-01
     vertex 8.3503860519e+00 -2.2981333294e-01 4.5204163414e-01
   endloop
 endfacet
 facet normal  -1.1442352380e-01 5.8124994314e-01 8.0563996971e-01
   outer loop
     vertex 8.1109769490e+00 0.0000000000e+00 2.5223399557e-01
     vertex 8.3503860519e+00 -2.2981333294e-01 4.5204163414e-01
     vertex 8.1898367548e+00 0.0000000000e+00 2.6343430489e-01
   endloop
 endfacet
 facet normal  -6.0608540161e-02 6.0759480125e-01 7.9193128638e-01
   outer loop
     vertex 8.1898367548e+00 0.0000000000e+00 2.6343430489e-01
     vertex 8.3503860519e+00 -2.2981333294e-01 4.5204163414e-01
     vertex 8.4477333191e+00 -2.2981333294e-01 4.5949187112e-01
   endloop
 endfacet
 facet normal  -6.0608540161e-02 6.0759480125e-01 7.9193128638e-01
   outer loop
     vertex 8.1898367548e+00 0.0000000000e+00 2.6343430489e-01
     vertex 8.4477333191e+00 -2.2981333294e-01 4.5949187112e-01
     vertex 8.2941373982e+00 0.0000000000e+00 2.7141670166e-01
   endloop
 endfacet
 facet normal  -2.1088545581e-02 6.2471108966e-01 7.8057115480e-01
   outer loop
     vertex 8.2941373982e+00 0.0000000000e+00 2.7141670166e-01
     vertex 8.4477333191e+00 -2.2981333294e-01 4.5949187112e-01
     vertex 8.5694013712e+00 -2.2981333294e-01 4.6277895424e-01
   endloop
 endfacet
 facet normal  -2.1088545581e-02 6.2471108966e-01 7.8057115480e-01
   outer loop
     vertex 8.2941373982e+00 0.0000000000e+00 2.7141670166e-01
     vertex 8.5694013712e+00 -2.2981333294e-01 4.6277895424e-01
     vertex 8.4244960254e+00 0.0000000000e+00 2.7493857642e-01
   endloop
 endfacet
 facet normal  8.8744219472e-03 6.3618054321e-01 7.7148918403e-01
   outer loop
     vertex 8.4244960254e+00 0.0000000000e+00 2.7493857642e-01
     vertex 8.5694013712e+00 -2.2981333294e-01 4.6277895424e-01
     vertex 8.7116492128e+00 -2.2981333294e-01 4.6114268066e-01
   endloop
 endfacet
 facet normal  8.8744219472e-03 6.3618054321e-01 7.7148918403e-01
   outer loop
     vertex 8.4244960254e+00 0.0000000000e+00 2.7493857642e-01
     vertex 8.7116492128e+00 -2.2981333294e-01 4.6114268066e-01
     vertex 8.5769044272e+00 0.0000000000e+00 2.7318542616e-01
   endloop
 endfacet
 facet normal  3.1260088965e-02 6.4370200389e-01 7.6463752002e-01
   outer loop
     vertex 8.5769044272e+00 0.0000000000e+00 2.7318542616e-01
     vertex 8.7116492128e+00 -2.2981333294e-01 4.6114268066e-01
     vertex 8.8657849536e+00 -2.2981333294e-01 4.5484126745e-01
   endloop
 endfacet
 facet normal  3.1260088965e-02 6.4370200389e-01 7.6463752002e-01
   outer loop
     vertex 8.5769044272e+00 0.0000000000e+00 2.7318542616e-01
     vertex 8.8657849536e+00 -2.2981333294e-01 4.5484126745e-01
     vertex 8.7420498638e+00 0.0000000000e+00 2.6643391201e-01
   endloop
 endfacet
 facet normal  4.7421304273e-02 6.4843243029e-01 7.5979378995e-01
   outer loop
     vertex 8.7420498638e+00 0.0000000000e+00 2.6643391201e-01
     vertex 8.8657849536e+00 -2.2981333294e-01 4.5484126745e-01
     vertex 8.9070141549e+00 0.0000000000e+00 2.5613793177e-01
   endloop
 endfacet
 facet normal  4.7421304273e-02 6.4843243029e-01 7.5979378995e-01
   outer loop
     vertex 8.8657849536e+00 -2.2981333294e-01 4.5484126745e-01
     vertex 9.0197516253e+00 -2.2981333294e-01 4.4523168589e-01
     vertex 8.9070141549e+00 0.0000000000e+00 2.5613793177e-01
   endloop
 endfacet
 facet normal  5.8909057969e-02 6.5134834561e-01 7.5648863545e-01
   outer loop
     vertex 8.9070141549e+00 0.0000000000e+00 2.5613793177e-01
     vertex 9.0197516253e+00 -2.2981333294e-01 4.4523168589e-01
     vertex 9.0589784733e+00 0.0000000000e+00 2.4430421158e-01
   endloop
 endfacet
 facet normal  5.8909057969e-02 6.5134834561e-01 7.5648863545e-01
   outer loop
     vertex 9.0197516253e+00 -2.2981333294e-01 4.4523168589e-01
     vertex 9.1615849892e+00 -2.2981333294e-01 4.3418688038e-01
     vertex 9.0589784733e+00 0.0000000000e+00 2.4430421158e-01
   endloop
 endfacet
 facet normal  6.7236338588e-02 6.5318286157e-01 7.5420913818e-01
   outer loop
     vertex 9.0589784733e+00 0.0000000000e+00 2.4430421158e-01
     vertex 9.1615849892e+00 -2.2981333294e-01 4.3418688038e-01
     vertex 9.1888787313e+00 0.0000000000e+00 2.3272384575e-01
   endloop
 endfacet
 facet normal  6.7236338588e-02 6.5318286157e-01 7.5420913818e-01
   outer loop
     vertex 9.1615849892e+00 -2.2981333294e-01 4.3418688038e-01
     vertex 9.2828252299e+00 -2.2981333294e-01 4.2337853894e-01
     vertex 9.1888787313e+00 0.0000000000e+00 2.3272384575e-01
   endloop
 endfacet
 facet normal  7.3493445525e-02 6.5438818004e-01 7.5257878212e-01
   outer loop
     vertex 9.1888787313e+00 0.0000000000e+00 2.3272384575e-01
     vertex 9.2828252299e+00 -2.2981333294e-01 4.2337853894e-01
     vertex 9.2930020287e+00 0.0000000000e+00 2.2255563470e-01
   endloop
 endfacet
 facet normal  7.3493445525e-02 6.5438818004e-01 7.5257878212e-01
   outer loop
     vertex 9.2828252299e+00 -2.2981333294e-01 4.2337853894e-01
     vertex 9.3800069742e+00 -2.2981333294e-01 4.1388820863e-01
     vertex 9.2930020287e+00 0.0000000000e+00 2.2255563470e-01
   endloop
 endfacet
 facet normal  7.8290140464e-02 6.5520729582e-01 7.5138143004e-01
   outer loop
     vertex 9.2930020287e+00 0.0000000000e+00 2.2255563470e-01
     vertex 9.3800069742e+00 -2.2981333294e-01 4.1388820863e-01
     vertex 9.3722424859e+00 0.0000000000e+00 2.1429918029e-01
   endloop
 endfacet
 facet normal  7.8290140464e-02 6.5520729582e-01 7.5138143004e-01
   outer loop
     vertex 9.3800069742e+00 -2.2981333294e-01 4.1388820863e-01
     vertex 9.4539647342e+00 -2.2981333294e-01 4.0618218451e-01
     vertex 9.3722424859e+00 0.0000000000e+00 2.1429918029e-01
   endloop
 endfacet
 facet normal  8.1979775567e-02 6.5577606012e-01 7.5049122272e-01
   outer loop
     vertex 9.3722424859e+00 0.0000000000e+00 2.1429918029e-01
     vertex 9.4539647342e+00 -2.2981333294e-01 4.0618218451e-01
     vertex 9.4301965763e+00 0.0000000000e+00 2.0796857551e-01
   endloop
 endfacet
 facet normal  8.1979775567e-02 6.5577606012e-01 7.5049122272e-01
   outer loop
     vertex 9.4539647342e+00 -2.2981333294e-01 4.0618218451e-01
     vertex 9.5080552187e+00 -2.2981333294e-01 4.0027362004e-01
     vertex 9.4301965763e+00 0.0000000000e+00 2.0796857551e-01
   endloop
 endfacet
 facet normal  8.4753620131e-02 6.5616977532e-01 7.4983868254e-01
   outer loop
     vertex 9.4301965763e+00 0.0000000000e+00 2.0796857551e-01
     vertex 9.5080552187e+00 -2.2981333294e-01 4.0027362004e-01
     vertex 9.4713621283e+00 0.0000000000e+00 2.0331566864e-01
   endloop
 endfacet
 facet normal  8.4753620131e-02 6.5616977532e-01 7.4983868254e-01
   outer loop
     vertex 9.5080552187e+00 -2.2981333294e-01 4.0027362004e-01
     vertex 9.5464764005e+00 -2.2981333294e-01 3.9593090697e-01
     vertex 9.4713621283e+00 0.0000000000e+00 2.0331566864e-01
   endloop
 endfacet
 facet normal  8.6761969274e-02 6.5643730919e-01 7.4937468584e-01
   outer loop
     vertex 9.4713621283e+00 0.0000000000e+00 2.0331566864e-01
     vertex 9.5464764005e+00 -2.2981333294e-01 3.9593090697e-01
     vertex 9.5000000000e+00 0.0000000000e+00 2.0000000000e-01
   endloop
 endfacet
 facet normal  8.6761969274e-02 6.5643730919e-01 7.4937468584e-01
   outer loop
     vertex 9.5464764005e+00 -2.2981333294e-01 3.9593090697e-01
     vertex 9.5732050808e+00 -2.2981333294e-01 3.9283628291e-01
     vertex 9.5000000000e+00 0.0000000000e+00 2.0000000000e-01
   endloop
 endfacet
 facet normal  8.9944438982e-02 -6.2321366680e-01 -7.7686210064e-01
   outer loop
     vertex 9.5732050808e+00 -2.2981333294e-01 3.9283628291e-01
     vertex 9.6464101615e+00 -4.5962666587e-01 5.8567256581e-01
     vertex 9.6215906727e+00 -4.5962666587e-01 5.8279898633e-01
   endloop
 endfacet
 facet normal  8.9944438982e-02 -6.2321366680e-01 -7.7686210064e-01
   outer loop
     vertex 9.5732050808e+00 -2.2981333294e-01 3.9283628291e-01
     vertex 9.6215906727e+00 -4.5962666587e-01 5.8279898633e-01
     vertex 9.5464764005e+00 -2.2981333294e-01 3.8974165885e-01
   endloop
 endfacet
 facet normal  8.7786500926e-02 -6.2375880041e-01 -7.7667141647e-01
   outer loop
     vertex 9.5464764005e+00 -2.2981333294e-01 3.8974165885e-01
     vertex 9.6215906727e+00 -4.5962666587e-01 5.8279898633e-01
     vertex 9.5859138610e+00 -4.5962666587e-01 5.7876646704e-01
   endloop
 endfacet
 facet normal  8.7786500926e-02 -6.2375880041e-01 -7.7667141647e-01
   outer loop
     vertex 9.5464764005e+00 -2.2981333294e-01 3.8974165885e-01
     vertex 9.5859138610e+00 -4.5962666587e-01 5.7876646704e-01
     vertex 9.5080552187e+00 -2.2981333294e-01 3.8539894577e-01
   endloop
 endfacet
 facet normal  8.4808284632e-02 -6.2452685177e-01 -7.7638506314e-01
   outer loop
     vertex 9.5080552187e+00 -2.2981333294e-01 3.8539894577e-01
     vertex 9.5859138610e+00 -4.5962666587e-01 5.7876646704e-01
     vertex 9.5356869826e+00 -4.5962666587e-01 5.7327994289e-01
   endloop
 endfacet
 facet normal  8.4808284632e-02 -6.2452685177e-01 -7.7638506314e-01
   outer loop
     vertex 9.5080552187e+00 -2.2981333294e-01 3.8539894577e-01
     vertex 9.5356869826e+00 -4.5962666587e-01 5.7327994289e-01
     vertex 9.4539647342e+00 -2.2981333294e-01 3.7949038130e-01
   endloop
 endfacet
 facet normal  8.0851278557e-02 -6.2557696118e-01 -7.7596168487e-01
   outer loop
     vertex 9.4539647342e+00 -2.2981333294e-01 3.7949038130e-01
     vertex 9.5356869826e+00 -4.5962666587e-01 5.7327994289e-01
     vertex 9.4670119197e+00 -4.5962666587e-01 5.6612434907e-01
   endloop
 endfacet
 facet normal  8.0851278557e-02 -6.2557696118e-01 -7.7596168487e-01
   outer loop
     vertex 9.4539647342e+00 -2.2981333294e-01 3.7949038130e-01
     vertex 9.4670119197e+00 -4.5962666587e-01 5.6612434907e-01
     vertex 9.3800069742e+00 -2.2981333294e-01 3.7178435718e-01
   endloop
 endfacet
 facet normal  7.5715893019e-02 -6.2699275486e-01 -7.7533682287e-01
   outer loop
     vertex 9.3800069742e+00 -2.2981333294e-01 3.7178435718e-01
     vertex 9.4670119197e+00 -4.5962666587e-01 5.6612434907e-01
     vertex 9.3767717286e+00 -4.5962666587e-01 5.5731189949e-01
   endloop
 endfacet
 facet normal  7.5715893019e-02 -6.2699275486e-01 -7.7533682287e-01
   outer loop
     vertex 9.3800069742e+00 -2.2981333294e-01 3.7178435718e-01
     vertex 9.3767717286e+00 -4.5962666587e-01 5.5731189949e-01
     vertex 9.2828252299e+00 -2.2981333294e-01 3.6229402687e-01
   endloop
 endfacet
 facet normal  6.9035893682e-02 -6.2892450043e-01 -7.7439525963e-01
   outer loop
     vertex 9.2828252299e+00 -2.2981333294e-01 3.6229402687e-01
     vertex 9.3767717286e+00 -4.5962666587e-01 5.5731189949e-01
     vertex 9.2641915051e+00 -4.5962666587e-01 5.4727558245e-01
   endloop
 endfacet
 facet normal  6.9035893682e-02 -6.2892450043e-01 -7.7439525963e-01
   outer loop
     vertex 9.2828252299e+00 -2.2981333294e-01 3.6229402687e-01
     vertex 9.2641915051e+00 -4.5962666587e-01 5.4727558245e-01
     vertex 9.1615849892e+00 -2.2981333294e-01 3.5148568544e-01
   endloop
 endfacet
 facet normal  6.0189529191e-02 -6.3162756046e-01 -7.7293197983e-01
   outer loop
     vertex 9.1615849892e+00 -2.2981333294e-01 3.5148568544e-01
     vertex 9.2641915051e+00 -4.5962666587e-01 5.4727558245e-01
     vertex 9.1324890958e+00 -4.5962666587e-01 5.3701969161e-01
   endloop
 endfacet
 facet normal  6.0189529191e-02 -6.3162756046e-01 -7.7293197983e-01
   outer loop
     vertex 9.1615849892e+00 -2.2981333294e-01 3.5148568544e-01
     vertex 9.1324890958e+00 -4.5962666587e-01 5.3701969161e-01
     vertex 9.0197516253e+00 -2.2981333294e-01 3.4044087992e-01
   endloop
 endfacet
 facet normal  4.8093805424e-02 -6.3553977246e-01 -7.7056874028e-01
   outer loop
     vertex 9.0197516253e+00 -2.2981333294e-01 3.4044087992e-01
     vertex 9.1324890958e+00 -4.5962666587e-01 5.3701969161e-01
     vertex 8.9895200434e+00 -4.5962666587e-01 5.2809650874e-01
   endloop
 endfacet
 facet normal  4.8093805424e-02 -6.3553977246e-01 -7.7056874028e-01
   outer loop
     vertex 9.0197516253e+00 -2.2981333294e-01 3.4044087992e-01
     vertex 8.9895200434e+00 -4.5962666587e-01 5.2809650874e-01
     vertex 8.8657849536e+00 -2.2981333294e-01 3.3083129837e-01
   endloop
 endfacet
 facet normal  3.1344464608e-02 -6.4123825678e-01 -7.6670139075e-01
   outer loop
     vertex 8.8657849536e+00 -2.2981333294e-01 3.3083129837e-01
     vertex 8.9895200434e+00 -4.5962666587e-01 5.2809650874e-01
     vertex 8.7116492128e+00 -2.2981333294e-01 3.2452988515e-01
   endloop
 endfacet
 facet normal  3.1344464608e-02 -6.4123825678e-01 -7.6670139075e-01
   outer loop
     vertex 8.9895200434e+00 -4.5962666587e-01 5.2809650874e-01
     vertex 8.8463939984e+00 -4.5962666587e-01 5.2224519647e-01
     vertex 8.7116492128e+00 -2.2981333294e-01 3.2452988515e-01
   endloop
 endfacet
 facet normal  8.7487359788e-03 -6.4920543036e-01 -7.6056279741e-01
   outer loop
     vertex 8.7116492128e+00 -2.2981333294e-01 3.2452988515e-01
     vertex 8.8463939984e+00 -4.5962666587e-01 5.2224519647e-01
     vertex 8.5694013712e+00 -2.2981333294e-01 3.2289361158e-01
   endloop
 endfacet
 facet normal  8.7487359788e-03 -6.4920543036e-01 -7.6056279741e-01
   outer loop
     vertex 8.8463939984e+00 -4.5962666587e-01 5.2224519647e-01
     vertex 8.7143067169e+00 -4.5962666587e-01 5.2072579958e-01
     vertex 8.5694013712e+00 -2.2981333294e-01 3.2289361158e-01
   endloop
 endfacet
 facet normal  -2.0299100086e-02 -6.5959091733e-01 -7.5135062940e-01
   outer loop
     vertex 8.5694013712e+00 -2.2981333294e-01 3.2289361158e-01
     vertex 8.7143067169e+00 -4.5962666587e-01 5.2072579958e-01
     vertex 8.4477333191e+00 -2.2981333294e-01 3.2618069469e-01
   endloop
 endfacet
 facet normal  -2.0299100086e-02 -6.5959091733e-01 -7.5135062940e-01
   outer loop
     vertex 8.7143067169e+00 -4.5962666587e-01 5.2072579958e-01
     vertex 8.6013292400e+00 -4.5962666587e-01 5.2377809104e-01
     vertex 8.4477333191e+00 -2.2981333294e-01 3.2618069469e-01
   endloop
 endfacet
 facet normal  -5.6486310538e-02 -6.7235678347e-01 -7.3806886701e-01
   outer loop
     vertex 8.4477333191e+00 -2.2981333294e-01 3.2618069469e-01
     vertex 8.6013292400e+00 -4.5962666587e-01 5.2377809104e-01
     vertex 8.3503860519e+00 -2.2981333294e-01 3.3363093167e-01
   endloop
 endfacet
 facet normal  -5.6486310538e-02 -6.7235678347e-01 -7.3806886701e-01
   outer loop
     vertex 8.6013292400e+00 -4.5962666587e-01 5.2377809104e-01
     vertex 8.5109353490e+00 -4.5962666587e-01 5.3069616824e-01
     vertex 8.3503860519e+00 -2.2981333294e-01 3.3363093167e-01
   endloop
 endfacet
 facet normal  -1.0208894204e-01 -6.8768681939e-01 -7.1879391090e-01
   outer loop
     vertex 8.3503860519e+00 -2.2981333294e-01 3.3363093167e-01
     vertex 8.5109353490e+00 -4.5962666587e-01 5.3069616824e-01
     vertex 8.2767835664e+00 -2.2981333294e-01 3.4408455371e-01
   endloop
 endfacet
 facet normal  -1.0208894204e-01 -6.8768681939e-01 -7.1879391090e-01
   outer loop
     vertex 8.5109353490e+00 -4.5962666587e-01 5.3069616824e-01
     vertex 8.4425901839e+00 -4.5962666587e-01 5.4040310299e-01
     vertex 8.2767835664e+00 -2.2981333294e-01 3.4408455371e-01
   endloop
 endfacet
 facet normal  -1.6476635248e-01 -7.0667518829e-01 -6.8808591567e-01
   outer loop
     vertex 8.2767835664e+00 -2.2981333294e-01 3.4408455371e-01
     vertex 8.4425901839e+00 -4.5962666587e-01 5.4040310299e-01
     vertex 8.2238975410e+00 -2.2981333294e-01 3.5674843378e-01
   endloop
 endfacet
 facet normal  -1.6476635248e-01 -7.0667518829e-01 -6.8808591567e-01
   outer loop
     vertex 8.4425901839e+00 -4.5962666587e-01 5.4040310299e-01
     vertex 8.3934817317e+00 -4.5962666587e-01 5.5216242019e-01
     vertex 8.2238975410e+00 -2.2981333294e-01 3.5674843378e-01
   endloop
 endfacet
 facet normal  -2.7045562162e-01 -7.3164801704e-01 -6.2573551593e-01
   outer loop
     vertex 8.2238975410e+00 -2.2981333294e-01 3.5674843378e-01
     vertex 8.3934817317e+00 -4.5962666587e-01 5.5216242019e-01
     vertex 8.1885024496e+00 -2.2981333294e-01 3.7204691247e-01
   endloop
 endfacet
 facet normal  -2.7045562162e-01 -7.3164801704e-01 -6.2573551593e-01
   outer loop
     vertex 8.3934817317e+00 -4.5962666587e-01 5.5216242019e-01
     vertex 8.3606148611e+00 -4.5962666587e-01 5.6636815040e-01
     vertex 8.1885024496e+00 -2.2981333294e-01 3.7204691247e-01
   endloop
 endfacet
 facet normal  -5.4062897939e-01 -7.4126123696e-01 -3.9780910652e-01
   outer loop
     vertex 8.1885024496e+00 -2.2981333294e-01 3.7204691247e-01
     vertex 8.3606148611e+00 -4.5962666587e-01 5.6636815040e-01
     vertex 8.1732050808e+00 -2.2981333294e-01 3.9283628291e-01
   endloop
 endfacet
 facet normal  -5.4062897939e-01 -7.4126123696e-01 -3.9780910652e-01
   outer loop
     vertex 8.3606148611e+00 -4.5962666587e-01 5.6636815040e-01
     vertex 8.3464101615e+00 -4.5962666587e-01 5.8567256581e-01
     vertex 8.1732050808e+00 -2.2981333294e-01 3.9283628291e-01
   endloop
 endfacet
 facet normal  -8.0063989077e-01 -1.0908361516e-01 5.8913201425e-01
   outer loop
     vertex 8.1732050808e+00 -2.2981333294e-01 3.9283628291e-01
     vertex 8.3464101615e+00 -4.5962666587e-01 5.8567256581e-01
     vertex 8.3606148611e+00 -4.5962666587e-01 6.0497698122e-01
   endloop
 endfacet
 facet normal  -8.0063989077e-01 -1.0908361516e-01 5.8913201425e-01
   outer loop
     vertex 8.1732050808e+00 -2.2981333294e-01 3.9283628291e-01
     vertex 8.3606148611e+00 -4.5962666587e-01 6.0497698122e-01
     vertex 8.1885024496e+00 -2.2981333294e-01 4.1362565335e-01
   endloop
 endfacet
 facet normal  -3.5945636208e-01 4.2325902870e-01 8.3165071899e-01
   outer loop
     vertex 8.1885024496e+00 -2.2981333294e-01 4.1362565335e-01
     vertex 8.3606148611e+00 -4.5962666587e-01 6.0497698122e-01
     vertex 8.3934817317e+00 -4.5962666587e-01 6.1918271143e-01
   endloop
 endfacet
 facet normal  -3.5945636208e-01 4.2325902870e-01 8.3165071899e-01
   outer loop
     vertex 8.1885024496e+00 -2.2981333294e-01 4.1362565335e-01
     vertex 8.3934817317e+00 -4.5962666587e-01 6.1918271143e-01
     vertex 8.2238975410e+00 -2.2981333294e-01 4.2892413203e-01
   endloop
 endfacet
 facet normal  -1.9674004806e-01 5.3502022282e-01 8.2161226540e-01
   outer loop
     vertex 8.2238975410e+00 -2.2981333294e-01 4.2892413203e-01
     vertex 8.3934817317e+00 -4.5962666587e-01 6.1918271143e-01
     vertex 8.4425901839e+00 -4.5962666587e-01 6.3094202864e-01
   endloop
 endfacet
 facet normal  -1.9674004806e-01 5.3502022282e-01 8.2161226540e-01
   outer loop
     vertex 8.2238975410e+00 -2.2981333294e-01 4.2892413203e-01
     vertex 8.4425901839e+00 -4.5962666587e-01 6.3094202864e-01
     vertex 8.2767835664e+00 -2.2981333294e-01 4.4158801210e-01
   endloop
 endfacet
 facet normal  -1.1442352380e-01 5.8124994314e-01 8.0563996971e-01
   outer loop
     vertex 8.2767835664e+00 -2.2981333294e-01 4.4158801210e-01
     vertex 8.4425901839e+00 -4.5962666587e-01 6.3094202864e-01
     vertex 8.5109353490e+00 -4.5962666587e-01 6.4064896339e-01
   endloop
 endfacet
 facet normal  -1.1442352380e-01 5.8124994314e-01 8.0563996971e-01
   outer loop
     vertex 8.2767835664e+00 -2.2981333294e-01 4.4158801210e-01
     vertex 8.5109353490e+00 -4.5962666587e-01 6.4064896339e-01
     vertex 8.3503860519e+00 -2.2981333294e-01 4.5204163414e-01
   endloop
 endfacet
 facet normal  -6.0608540161e-02 6.0759480125e-01 7.9193128638e-01
   outer loop
     vertex 8.3503860519e+00 -2.2981333294e-01 4.5204163414e-01
     vertex 8.5109353490e+00 -4.5962666587e-01 6.4064896339e-01
     vertex 8.6013292400e+00 -4.5962666587e-01 6.4756704058e-01
   endloop
 endfacet
 facet normal  -6.0608540161e-02 6.0759480125e-01 7.9193128638e-01
   outer loop
     vertex 8.3503860519e+00 -2.2981333294e-01 4.5204163414e-01
     vertex 8.6013292400e+00 -4.5962666587e-01 6.4756704058e-01
     vertex 8.4477333191e+00 -2.2981333294e-01 4.5949187112e-01
   endloop
 endfacet
 facet normal  -2.1088545581e-02 6.2471108966e-01 7.8057115480e-01
   outer loop
     vertex 8.4477333191e+00 -2.2981333294e-01 4.5949187112e-01
     vertex 8.6013292400e+00 -4.5962666587e-01 6.4756704058e-01
     vertex 8.7143067169e+00 -4.5962666587e-01 6.5061933205e-01
   endloop
 endfacet
 facet normal  -2.1088545581e-02 6.2471108966e-01 7.8057115480e-01
   outer loop
     vertex 8.4477333191e+00 -2.2981333294e-01 4.5949187112e-01
     vertex 8.7143067169e+00 -4.5962666587e-01 6.5061933205e-01
     vertex 8.5694013712e+00 -2.2981333294e-01 4.6277895424e-01
   endloop
 endfacet
 facet normal  8.8744219472e-03 6.3618054321e-01 7.7148918403e-01
   outer loop
     vertex 8.5694013712e+00 -2.2981333294e-01 4.6277895424e-01
     vertex 8.7143067169e+00 -4.5962666587e-01 6.5061933205e-01
     vertex 8.8463939984e+00 -4.5962666587e-01 6.4909993515e-01
   endloop
 endfacet
 facet normal  8.8744219472e-03 6.3618054321e-01 7.7148918403e-01
   outer loop
     vertex 8.5694013712e+00 -2.2981333294e-01 4.6277895424e-01
     vertex 8.8463939984e+00 -4.5962666587e-01 6.4909993515e-01
     vertex 8.7116492128e+00 -2.2981333294e-01 4.6114268066e-01
   endloop
 endfacet
 facet normal  3.1260088965e-02 6.4370200389e-01 7.6463752002e-01
   outer loop
     vertex 8.7116492128e+00 -2.2981333294e-01 4.6114268066e-01
     vertex 8.8463939984e+00 -4.5962666587e-01 6.4909993515e-01
     vertex 8.9895200434e+00 -4.5962666587e-01 6.4324862288e-01
   endloop
 endfacet
 facet normal  3.1260088965e-02 6.4370200389e-01 7.6463752002e-01
   outer loop
     vertex 8.7116492128e+00 -2.2981333294e-01 4.6114268066e-01
     vertex 8.9895200434e+00 -4.5962666587e-01 6.4324862288e-01
     vertex 8.8657849536e+00 -2.2981333294e-01 4.5484126745e-01
   endloop
 endfacet
 facet normal  4.7421304273e-02 6.4843243029e-01 7.5979378995e-01
   outer loop
     vertex 8.8657849536e+00 -2.2981333294e-01 4.5484126745e-01
     vertex 8.9895200434e+00 -4.5962666587e-01 6.4324862288e-01
     vertex 9.0197516253e+00 -2.2981333294e-01 4.4523168589e-01
   endloop
 endfacet
 facet normal  4.7421304273e-02 6.4843243029e-01 7.5979378995e-01
   outer loop
     vertex 8.9895200434e+00 -4.5962666587e-01 6.4324862288e-01
     vertex 9.1324890958e+00 -4.5962666587e-01 6.3432544001e-01
     vertex 9.0197516253e+00 -2.2981333294e-01 4.4523168589e-01
   endloop
 endfacet
 facet normal  5.8909057969e-02 6.5134834561e-01 7.5648863545e-01
   outer loop
     vertex 9.0197516253e+00 -2.2981333294e-01 4.4523168589e-01
     vertex 9.1324890958e+00 -4.5962666587e-01 6.3432544001e-01
     vertex 9.1615849892e+00 -2.2981333294e-01 4.3418688038e-01
   endloop
 endfacet
 facet normal  5.8909057969e-02 6.5134834561e-01 7.5648863545e-01
   outer loop
     vertex 9.1324890958e+00 -4.5962666587e-01 6.3432544001e-01
     vertex 9.2641915051e+00 -4.5962666587e-01 6.2406954918e-01
     vertex 9.1615849892e+00 -2.2981333294e-01 4.3418688038e-01
   endloop
 endfacet
 facet normal  6.7236338588e-02 6.5318286157e-01 7.5420913818e-01
   outer loop
     vertex 9.1615849892e+00 -2.2981333294e-01 4.3418688038e-01
     vertex 9.2641915051e+00 -4.5962666587e-01 6.2406954918e-01
     vertex 9.2828252299e+00 -2.2981333294e-01 4.2337853894e-01
   endloop
 endfacet
 facet normal  6.7236338588e-02 6.5318286157e-01 7.5420913818e-01
   outer loop
     vertex 9.2641915051e+00 -4.5962666587e-01 6.2406954918e-01
     vertex 9.3767717286e+00 -4.5962666587e-01 6.1403323213e-01
     vertex 9.2828252299e+00 -2.2981333294e-01 4.2337853894e-01
   endloop
 endfacet
 facet normal  7.3493445525e-02 6.5438818004e-01 7.5257878212e-01
   outer loop
     vertex 9.2828252299e+00 -2.2981333294e-01 4.2337853894e-01
     vertex 9.3767717286e+00 -4.5962666587e-01 6.1403323213e-01
     vertex 9.3800069742e+00 -2.2981333294e-01 4.1388820863e-01
   endloop
 endfacet
 facet normal  7.3493445525e-02 6.5438818004e-01 7.5257878212e-01
   outer loop
     vertex 9.3767717286e+00 -4.5962666587e-01 6.1403323213e-01
     vertex 9.4670119197e+00 -4.5962666587e-01 6.0522078256e-01
     vertex 9.3800069742e+00 -2.2981333294e-01 4.1388820863e-01
   endloop
 endfacet
 facet normal  7.8290140464e-02 6.5520729582e-01 7.5138143004e-01
   outer loop
     vertex 9.3800069742e+00 -2.2981333294e-01 4.1388820863e-01
     vertex 9.4670119197e+00 -4.5962666587e-01 6.0522078256e-01
     vertex 9.4539647342e+00 -2.2981333294e-01 4.0618218451e-01
   endloop
 endfacet
 facet normal  7.8290140464e-02 6.5520729582e-01 7.5138143004e-01
   outer loop
     vertex 9.4670119197e+00 -4.5962666587e-01 6.0522078256e-01
     vertex 9.5356869826e+00 -4.5962666587e-01 5.9806518873e-01
     vertex 9.4539647342e+00 -2.2981333294e-01 4.0618218451e-01
   endloop
 endfacet
 facet normal  8.1979775567e-02 6.5577606012e-01 7.5049122272e-01
   outer loop
     vertex 9.4539647342e+00 -2.2981333294e-01 4.0618218451e-01
     vertex 9.5356869826e+00 -4.5962666587e-01 5.9806518873e-01
     vertex 9.5080552187e+00 -2.2981333294e-01 4.0027362004e-01
   endloop
 endfacet
 facet normal  8.1979775567e-02 6.5577606012e-01 7.5049122272e-01
   outer loop
     vertex 9.5356869826e+00 -4.5962666587e-01 5.9806518873e-01
     vertex 9.5859138610e+00 -4.5962666587e-01 5.9257866458e-01
     vertex 9.5080552187e+00 -2.2981333294e-01 4.0027362004e-01
   endloop
 endfacet
 facet normal  8.4753620131e-02 6.5616977532e-01 7.4983868254e-01
   outer loop
     vertex 9.5080552187e+00 -2.2981333294e-01 4.0027362004e-01
     vertex 9.5859138610e+00 -4.5962666587e-01 5.9257866458e-01
     vertex 9.5464764005e+00 -2.2981333294e-01 3.9593090697e-01
   endloop
 endfacet
 facet normal  8.4753620131e-02 6.5616977532e-01 7.4983868254e-01
   outer loop
     vertex 9.5859138610e+00 -4.5962666587e-01 5.9257866458e-01
     vertex 9.6215906727e+00 -4.5962666587e-01 5.8854614530e-01
     vertex 9.5464764005e+00 -2.2981333294e-01 3.9593090697e-01
   endloop
 endfacet
 facet normal  8.6761969274e-02 6.5643730919e-01 7.4937468584e-01
   outer loop
     vertex 9.5464764005e+00 -2.2981333294e-01 3.9593090697e-01
     vertex 9.6215906727e+00 -4.5962666587e-01 5.8854614530e-01
     vertex 9.5732050808e+00 -2.2981333294e-01 3.9283628291e-01
   endloop
 endfacet
 facet normal  8.6761969274e-02 6.5643730919e-01 7.4937468584e-01
   outer loop
     vertex 9.6215906727e+00 -4.5962666587e-01 5.8854614530e-01
     vertex 9.6464101615e+00 -4.5962666587e-01 5.8567256581e-01
     vertex 9.5732050808e+00 -2.2981333294e-01 3.9283628291e-01
   endloop
 endfacet
 facet normal  8.9944438982e-02 -6.2321366680e-01 -7.7686210064e-01
   outer loop
     vertex 9.6464101615e+00 -4.5962666587e-01 5.8567256581e-01
     vertex 9.7196152423e+00 -6.8943999881e-01 7.7850884872e-01
     vertex 9.6967049449e+00 -6.8943999881e-01 7.7585631381e-01
   endloop
 endfacet
 facet normal  8.9944438982e-02 -6.2321366680e-01 -7.7686210064e-01
   outer loop
     vertex 9.6464101615e+00 -4.5962666587e-01 5.8567256581e-01
     vertex 9.6967049449e+00 -6.8943999881e-01 7.7585631381e-01
     vertex 9.6215906727e+00 -4.5962666587e-01 5.8279898633e-01
   endloop
 endfacet
 facet normal  8.7786500926e-02 -6.2375880041e-01 -7.7667141647e-01
   outer loop
     vertex 9.6215906727e+00 -4.5962666587e-01 5.8279898633e-01
     vertex 9.6967049449e+00 -6.8943999881e-01 7.7585631381e-01
     vertex 9.6637725033e+00 -6.8943999881e-01 7.7213398831e-01
   endloop
 endfacet
 facet normal  8.7786500926e-02 -6.2375880041e-01 -7.7667141647e-01
   outer loop
     vertex 9.6215906727e+00 -4.5962666587e-01 5.8279898633e-01
     vertex 9.6637725033e+00 -6.8943999881e-01 7.7213398831e-01
     vertex 9.5859138610e+00 -4.5962666587e-01 5.7876646704e-01
   endloop
 endfacet
 facet normal  8.4808284632e-02 -6.2452685177e-01 -7.7638506314e-01
   outer loop
     vertex 9.5859138610e+00 -4.5962666587e-01 5.7876646704e-01
     vertex 9.6637725033e+00 -6.8943999881e-01 7.7213398831e-01
     vertex 9.6174092310e+00 -6.8943999881e-01 7.6706950448e-01
   endloop
 endfacet
 facet normal  8.4808284632e-02 -6.2452685177e-01 -7.7638506314e-01
   outer loop
     vertex 9.5859138610e+00 -4.5962666587e-01 5.7876646704e-01
     vertex 9.6174092310e+00 -6.8943999881e-01 7.6706950448e-01
     vertex 9.5356869826e+00 -4.5962666587e-01 5.7327994289e-01
   endloop
 endfacet
 facet normal  8.0851278557e-02 -6.2557696118e-01 -7.7596168487e-01
   outer loop
     vertex 9.5356869826e+00 -4.5962666587e-01 5.7327994289e-01
     vertex 9.6174092310e+00 -6.8943999881e-01 7.6706950448e-01
     vertex 9.5540168652e+00 -6.8943999881e-01 7.6046434095e-01
   endloop
 endfacet
 facet normal  8.0851278557e-02 -6.2557696118e-01 -7.7596168487e-01
   outer loop
     vertex 9.5356869826e+00 -4.5962666587e-01 5.7327994289e-01
     vertex 9.5540168652e+00 -6.8943999881e-01 7.6046434095e-01
     vertex 9.4670119197e+00 -4.5962666587e-01 5.6612434907e-01
   endloop
 endfacet
 facet normal  7.5715893019e-02 -6.2699275486e-01 -7.7533682287e-01
   outer loop
     vertex 9.4670119197e+00 -4.5962666587e-01 5.6612434907e-01
     vertex 9.5540168652e+00 -6.8943999881e-01 7.6046434095e-01
     vertex 9.4707182273e+00 -6.8943999881e-01 7.5232977211e-01
   endloop
 endfacet
 facet normal  7.5715893019e-02 -6.2699275486e-01 -7.7533682287e-01
   outer loop
     vertex 9.4670119197e+00 -4.5962666587e-01 5.6612434907e-01
     vertex 9.4707182273e+00 -6.8943999881e-01 7.5232977211e-01
     vertex 9.3767717286e+00 -4.5962666587e-01 5.5731189949e-01
   endloop
 endfacet
 facet normal  6.9035893682e-02 -6.2892450043e-01 -7.7439525963e-01
   outer loop
     vertex 9.3767717286e+00 -4.5962666587e-01 5.5731189949e-01
     vertex 9.4707182273e+00 -6.8943999881e-01 7.5232977211e-01
     vertex 9.3667980209e+00 -6.8943999881e-01 7.4306547946e-01
   endloop
 endfacet
 facet normal  6.9035893682e-02 -6.2892450043e-01 -7.7439525963e-01
   outer loop
     vertex 9.3767717286e+00 -4.5962666587e-01 5.5731189949e-01
     vertex 9.3667980209e+00 -6.8943999881e-01 7.4306547946e-01
     vertex 9.2641915051e+00 -4.5962666587e-01 5.4727558245e-01
   endloop
 endfacet
 facet normal  6.0189529191e-02 -6.3162756046e-01 -7.7293197983e-01
   outer loop
     vertex 9.2641915051e+00 -4.5962666587e-01 5.4727558245e-01
     vertex 9.3667980209e+00 -6.8943999881e-01 7.4306547946e-01
     vertex 9.2452265662e+00 -6.8943999881e-01 7.3359850330e-01
   endloop
 endfacet
 facet normal  6.0189529191e-02 -6.3162756046e-01 -7.7293197983e-01
   outer loop
     vertex 9.2641915051e+00 -4.5962666587e-01 5.4727558245e-01
     vertex 9.2452265662e+00 -6.8943999881e-01 7.3359850330e-01
     vertex 9.1324890958e+00 -4.5962666587e-01 5.3701969161e-01
   endloop
 endfacet
 facet normal  4.8093805424e-02 -6.3553977246e-01 -7.7056874028e-01
   outer loop
     vertex 9.1324890958e+00 -4.5962666587e-01 5.3701969161e-01
     vertex 9.2452265662e+00 -6.8943999881e-01 7.3359850330e-01
     vertex 9.1132551333e+00 -6.8943999881e-01 7.2536171911e-01
   endloop
 endfacet
 facet normal  4.8093805424e-02 -6.3553977246e-01 -7.7056874028e-01
   outer loop
     vertex 9.1324890958e+00 -4.5962666587e-01 5.3701969161e-01
     vertex 9.1132551333e+00 -6.8943999881e-01 7.2536171911e-01
     vertex 8.9895200434e+00 -4.5962666587e-01 5.2809650874e-01
   endloop
 endfacet
 facet normal  3.1344464608e-02 -6.4123825678e-01 -7.6670139075e-01
   outer loop
     vertex 8.9895200434e+00 -4.5962666587e-01 5.2809650874e-01
     vertex 9.1132551333e+00 -6.8943999881e-01 7.2536171911e-01
     vertex 8.8463939984e+00 -4.5962666587e-01 5.2224519647e-01
   endloop
 endfacet
 facet normal  3.1344464608e-02 -6.4123825678e-01 -7.6670139075e-01
   outer loop
     vertex 9.1132551333e+00 -6.8943999881e-01 7.2536171911e-01
     vertex 8.9811387840e+00 -6.8943999881e-01 7.1996050779e-01
     vertex 8.8463939984e+00 -4.5962666587e-01 5.2224519647e-01
   endloop
 endfacet
 facet normal  8.7487359788e-03 -6.4920543036e-01 -7.6056279741e-01
   outer loop
     vertex 8.8463939984e+00 -4.5962666587e-01 5.2224519647e-01
     vertex 8.9811387840e+00 -6.8943999881e-01 7.1996050779e-01
     vertex 8.7143067169e+00 -4.5962666587e-01 5.2072579958e-01
   endloop
 endfacet
 facet normal  8.7487359788e-03 -6.4920543036e-01 -7.6056279741e-01
   outer loop
     vertex 8.9811387840e+00 -6.8943999881e-01 7.1996050779e-01
     vertex 8.8592120626e+00 -6.8943999881e-01 7.1855798758e-01
     vertex 8.7143067169e+00 -4.5962666587e-01 5.2072579958e-01
   endloop
 endfacet
 facet normal  -2.0299100086e-02 -6.5959091733e-01 -7.5135062940e-01
   outer loop
     vertex 8.7143067169e+00 -4.5962666587e-01 5.2072579958e-01
     vertex 8.8592120626e+00 -6.8943999881e-01 7.1855798758e-01
     vertex 8.6013292400e+00 -4.5962666587e-01 5.2377809104e-01
   endloop
 endfacet
 facet normal  -2.0299100086e-02 -6.5959091733e-01 -7.5135062940e-01
   outer loop
     vertex 8.8592120626e+00 -6.8943999881e-01 7.1855798758e-01
     vertex 8.7549251609e+00 -6.8943999881e-01 7.2137548739e-01
     vertex 8.6013292400e+00 -4.5962666587e-01 5.2377809104e-01
   endloop
 endfacet
 facet normal  -5.6486310538e-02 -6.7235678347e-01 -7.3806886701e-01
   outer loop
     vertex 8.6013292400e+00 -4.5962666587e-01 5.2377809104e-01
     vertex 8.7549251609e+00 -6.8943999881e-01 7.2137548739e-01
     vertex 8.5109353490e+00 -4.5962666587e-01 5.3069616824e-01
   endloop
 endfacet
 facet normal  -5.6486310538e-02 -6.7235678347e-01 -7.3806886701e-01
   outer loop
     vertex 8.7549251609e+00 -6.8943999881e-01 7.2137548739e-01
     vertex 8.6714846461e+00 -6.8943999881e-01 7.2776140480e-01
     vertex 8.5109353490e+00 -4.5962666587e-01 5.3069616824e-01
   endloop
 endfacet
 facet normal  -1.0208894204e-01 -6.8768681939e-01 -7.1879391090e-01
   outer loop
     vertex 8.5109353490e+00 -4.5962666587e-01 5.3069616824e-01
     vertex 8.6714846461e+00 -6.8943999881e-01 7.2776140480e-01
     vertex 8.4425901839e+00 -4.5962666587e-01 5.4040310299e-01
   endloop
 endfacet
 facet normal  -1.0208894204e-01 -6.8768681939e-01 -7.1879391090e-01
   outer loop
     vertex 8.6714846461e+00 -6.8943999881e-01 7.2776140480e-01
     vertex 8.6083968014e+00 -6.8943999881e-01 7.3672165226e-01
     vertex 8.4425901839e+00 -4.5962666587e-01 5.4040310299e-01
   endloop
 endfacet
 facet normal  -1.6476635248e-01 -7.0667518829e-01 -6.8808591567e-01
   outer loop
     vertex 8.4425901839e+00 -4.5962666587e-01 5.4040310299e-01
     vertex 8.6083968014e+00 -6.8943999881e-01 7.3672165226e-01
     vertex 8.3934817317e+00 -4.5962666587e-01 5.5216242019e-01
   endloop
 endfacet
 facet normal  -1.6476635248e-01 -7.0667518829e-01 -6.8808591567e-01
   outer loop
     vertex 8.6083968014e+00 -6.8943999881e-01 7.3672165226e-01
     vertex 8.5630659225e+00 -6.8943999881e-01 7.4757640661e-01
     vertex 8.3934817317e+00 -4.5962666587e-01 5.5216242019e-01
   endloop
 endfacet
 facet normal  -2.7045562162e-01 -7.3164801704e-01 -6.2573551593e-01
   outer loop
     vertex 8.3934817317e+00 -4.5962666587e-01 5.5216242019e-01
     vertex 8.5630659225e+00 -6.8943999881e-01 7.4757640661e-01
     vertex 8.3606148611e+00 -4.5962666587e-01 5.6636815040e-01
   endloop
 endfacet
 facet normal  -2.7045562162e-01 -7.3164801704e-01 -6.2573551593e-01
   outer loop
     vertex 8.5630659225e+00 -6.8943999881e-01 7.4757640661e-01
     vertex 8.5327272727e+00 -6.8943999881e-01 7.6068938834e-01
     vertex 8.3606148611e+00 -4.5962666587e-01 5.6636815040e-01
   endloop
 endfacet
 facet normal  -5.4062897939e-01 -7.4126123696e-01 -3.9780910652e-01
   outer loop
     vertex 8.3606148611e+00 -4.5962666587e-01 5.6636815040e-01
     vertex 8.5327272727e+00 -6.8943999881e-01 7.6068938834e-01
     vertex 8.3464101615e+00 -4.5962666587e-01 5.8567256581e-01
   endloop
 endfacet
 facet normal  -5.4062897939e-01 -7.4126123696e-01 -3.9780910652e-01
   outer loop
     vertex 8.5327272727e+00 -6.8943999881e-01 7.6068938834e-01
     vertex 8.5196152423e+00 -6.8943999881e-01 7.7850884872e-01
     vertex 8.3464101615e+00 -4.5962666587e-01 5.8567256581e-01
   endloop
 endfacet
 facet normal  -8.0063989077e-01 -1.0908361516e-01 5.8913201425e-01
   outer loop
     vertex 8.3464101615e+00 -4.5962666587e-01 5.8567256581e-01
     vertex 8.5196152423e+00 -6.8943999881e-01 7.7850884872e-01
     vertex 8.5327272727e+00 -6.8943999881e-01 7.9632830909e-01
   endloop
 endfacet
 facet normal  -8.0063989077e-01 -1.0908361516e-01 5.8913201425e-01
   outer loop
     vertex 8.3464101615e+00 -4.5962666587e-01 5.8567256581e-01
     vertex 8.5327272727e+00 -6.8943999881e-01 7.9632830909e-01
     vertex 8.3606148611e+00 -4.5962666587e-01 6.0497698122e-01
   endloop
 endfacet
 facet normal  -3.5945636208e-01 4.2325902870e-01 8.3165071899e-01
   outer loop
     vertex 8.3606148611e+00 -4.5962666587e-01 6.0497698122e-01
     vertex 8.5327272727e+00 -6.8943999881e-01 7.9632830909e-01
     vertex 8.5630659225e+00 -6.8943999881e-01 8.0944129083e-01
   endloop
 endfacet
 facet normal  -3.5945636208e-01 4.2325902870e-01 8.3165071899e-01
   outer loop
     vertex 8.3606148611e+00 -4.5962666587e-01 6.0497698122e-01
     vertex 8.5630659225e+00 -6.8943999881e-01 8.0944129083e-01
     vertex 8.3934817317e+00 -4.5962666587e-01 6.1918271143e-01
   endloop
 endfacet
 facet normal  -1.9674004806e-01 5.3502022282e-01 8.2161226540e-01
   outer loop
     vertex 8.3934817317e+00 -4.5962666587e-01 6.1918271143e-01
     vertex 8.5630659225e+00 -6.8943999881e-01 8.0944129083e-01
     vertex 8.6083968014e+00 -6.8943999881e-01 8.2029604517e-01
   endloop
 endfacet
 facet normal  -1.9674004806e-01 5.3502022282e-01 8.2161226540e-01
   outer loop
     vertex 8.3934817317e+00 -4.5962666587e-01 6.1918271143e-01
     vertex 8.6083968014e+00 -6.8943999881e-01 8.2029604517e-01
     vertex 8.4425901839e+00 -4.5962666587e-01 6.3094202864e-01
   endloop
 endfacet
 facet normal  -1.1442352380e-01 5.8124994314e-01 8.0563996971e-01
   outer loop
     vertex 8.4425901839e+00 -4.5962666587e-01 6.3094202864e-01
     vertex 8.6083968014e+00 -6.8943999881e-01 8.2029604517e-01
     vertex 8.6714846461e+00 -6.8943999881e-01 8.2925629263e-01
   endloop
 endfacet
 facet normal  -1.1442352380e-01 5.8124994314e-01 8.0563996971e-01
   outer loop
     vertex 8.4425901839e+00 -4.5962666587e-01 6.3094202864e-01
     vertex 8.6714846461e+00 -6.8943999881e-01 8.2925629263e-01
     vertex 8.5109353490e+00 -4.5962666587e-01 6.4064896339e-01
   endloop
 endfacet
 facet normal  -6.0608540161e-02 6.0759480125e-01 7.9193128638e-01
   outer loop
     vertex 8.5109353490e+00 -4.5962666587e-01 6.4064896339e-01
     vertex 8.6714846461e+00 -6.8943999881e-01 8.2925629263e-01
     vertex 8.7549251609e+00 -6.8943999881e-01 8.3564221005e-01
   endloop
 endfacet
 facet normal  -6.0608540161e-02 6.0759480125e-01 7.9193128638e-01
   outer loop
     vertex 8.5109353490e+00 -4.5962666587e-01 6.4064896339e-01
     vertex 8.7549251609e+00 -6.8943999881e-01 8.3564221005e-01
     vertex 8.6013292400e+00 -4.5962666587e-01 6.4756704058e-01
   endloop
 endfacet
 facet normal  -2.1088545581e-02 6.2471108966e-01 7.8057115480e-01
   outer loop
     vertex 8.6013292400e+00 -4.5962666587e-01 6.4756704058e-01
     vertex 8.7549251609e+00 -6.8943999881e-01 8.3564221005e-01
     vertex 8.8592120626e+00 -6.8943999881e-01 8.3845970986e-01
   endloop
 endfacet
 facet normal  -2.1088545581e-02 6.2471108966e-01 7.8057115480e-01
   outer loop
     vertex 8.6013292400e+00 -4.5962666587e-01 6.4756704058e-01
     vertex 8.8592120626e+00 -6.8943999881e-01 8.3845970986e-01
     vertex 8.7143067169e+00 -4.5962666587e-01 6.5061933205e-01
   endloop
 endfacet
 facet normal  8.8744219472e-03 6.3618054321e-01 7.7148918403e-01
   outer loop
     vertex 8.7143067169e+00 -4.5962666587e-01 6.5061933205e-01
     vertex 8.8592120626e+00 -6.8943999881e-01 8.3845970986e-01
     vertex 8.9811387840e+00 -6.8943999881e-01 8.3705718965e-01
   endloop
 endfacet
 facet normal  8.8744219472e-03 6.3618054321e-01 7.7148918403e-01
   outer loop
     vertex 8.7143067169e+00 -4.5962666587e-01 6.5061933205e-01
     vertex 8.9811387840e+00 -6.8943999881e-01 8.3705718965e-01
     vertex 8.8463939984e+00 -4.5962666587e-01 6.4909993515e-01
   endloop
 endfacet
 facet normal  3.1260088965e-02 6.4370200389e-01 7.6463752002e-01
   outer loop
     vertex 8.8463939984e+00 -4.5962666587e-01 6.4909993515e-01
     vertex 8.9811387840e+00 -6.8943999881e-01 8.3705718965e-01
     vertex 9.1132551333e+00 -6.8943999881e-01 8.3165597832e-01
   endloop
 endfacet
 facet normal  3.1260088965e-02 6.4370200389e-01 7.6463752002e-01
   outer loop
     vertex 8.8463939984e+00 -4.5962666587e-01 6.4909993515e-01
     vertex 9.1132551333e+00 -6.8943999881e-01 8.3165597832e-01
     vertex 8.9895200434e+00 -4.5962666587e-01 6.4324862288e-01
   endloop
 endfacet
 facet normal  4.7421304273e-02 6.4843243029e-01 7.5979378995e-01
   outer loop
     vertex 8.9895200434e+00 -4.5962666587e-01 6.4324862288e-01
     vertex 9.1132551333e+00 -6.8943999881e-01 8.3165597832e-01
     vertex 9.1324890958e+00 -4.5962666587e-01 6.3432544001e-01
   endloop
 endfacet
 facet normal  4.7421304273e-02 6.4843243029e-01 7.5979378995e-01
   outer loop
     vertex 9.1132551333e+00 -6.8943999881e-01 8.3165597832e-01
     vertex 9.2452265662e+00 -6.8943999881e-01 8.2341919413e-01
     vertex 9.1324890958e+00 -4.5962666587e-01 6.3432544001e-01
   endloop
 endfacet
 facet normal  5.8909057969e-02 6.5134834561e-01 7.5648863545e-01
   outer loop
     vertex 9.1324890958e+00 -4.5962666587e-01 6.3432544001e-01
     vertex 9.2452265662e+00 -6.8943999881e-01 8.2341919413e-01
     vertex 9.2641915051e+00 -4.5962666587e-01 6.2406954918e-01
   endloop
 endfacet
 facet normal  5.8909057969e-02 6.5134834561e-01 7.5648863545e-01
   outer loop
     vertex 9.2452265662e+00 -6.8943999881e-01 8.2341919413e-01
     vertex 9.3667980209e+00 -6.8943999881e-01 8.1395221798e-01
     vertex 9.2641915051e+00 -4.5962666587e-01 6.2406954918e-01
   endloop
 endfacet
 facet normal  6.7236338588e-02 6.5318286157e-01 7.5420913818e-01
   outer loop
     vertex 9.2641915051e+00 -4.5962666587e-01 6.2406954918e-01
     vertex 9.3667980209e+00 -6.8943999881e-01 8.1395221798e-01
     vertex 9.3767717286e+00 -4.5962666587e-01 6.1403323213e-01
   endloop
 endfacet
 facet normal  6.7236338588e-02 6.5318286157e-01 7.5420913818e-01
   outer loop
     vertex 9.3667980209e+00 -6.8943999881e-01 8.1395221798e-01
     vertex 9.4707182273e+00 -6.8943999881e-01 8.0468792532e-01
     vertex 9.3767717286e+00 -4.5962666587e-01 6.1403323213e-01
   endloop
 endfacet
 facet normal  7.3493445525e-02 6.5438818004e-01 7.5257878212e-01
   outer loop
     vertex 9.3767717286e+00 -4.5962666587e-01 6.1403323213e-01
     vertex 9.4707182273e+00 -6.8943999881e-01 8.0468792532e-01
     vertex 9.4670119197e+00 -4.5962666587e-01 6.0522078256e-01
   endloop
 endfacet
 facet normal  7.3493445525e-02 6.5438818004e-01 7.5257878212e-01
   outer loop
     vertex 9.4707182273e+00 -6.8943999881e-01 8.0468792532e-01
     vertex 9.5540168652e+00 -6.8943999881e-01 7.9655335648e-01
     vertex 9.4670119197e+00 -4.5962666587e-01 6.0522078256e-01
   endloop
 endfacet
 facet normal  7.8290140464e-02 6.5520729582e-01 7.5138143004e-01
   outer loop
     vertex 9.4670119197e+00 -4.5962666587e-01 6.0522078256e-01
     vertex 9.5540168652e+00 -6.8943999881e-01 7.9655335648e-01
     vertex 9.5356869826e+00 -4.5962666587e-01 5.9806518873e-01
   endloop
 endfacet
 facet normal  7.8290140464e-02 6.5520729582e-01 7.5138143004e-01
   outer loop
     vertex 9.5540168652e+00 -6.8943999881e-01 7.9655335648e-01
     vertex 9.6174092310e+00 -6.8943999881e-01 7.8994819295e-01
     vertex 9.5356869826e+00 -4.5962666587e-01 5.9806518873e-01
   endloop
 endfacet
 facet normal  8.1979775567e-02 6.5577606012e-01 7.5049122272e-01
   outer loop
     vertex 9.5356869826e+00 -4.5962666587e-01 5.9806518873e-01
     vertex 9.6174092310e+00 -6.8943999881e-01 7.8994819295e-01
     vertex 9.5859138610e+00 -4.5962666587e-01 5.9257866458e-01
   endloop
 endfacet
 facet normal  8.1979775567e-02 6.5577606012e-01 7.5049122272e-01
   outer loop
     vertex 9.6174092310e+00 -6.8943999881e-01 7.8994819295e-01
     vertex 9.6637725033e+00 -6.8943999881e-01 7.8488370912e-01
     vertex 9.5859138610e+00 -4.5962666587e-01 5.9257866458e-01
   endloop
 endfacet
 facet normal  8.4753620131e-02 6.5616977532e-01 7.4983868254e-01
   outer loop
     vertex 9.5859138610e+00 -4.5962666587e-01 5.9257866458e-01
     vertex 9.6637725033e+00 -6.8943999881e-01 7.8488370912e-01
     vertex 9.6215906727e+00 -4.5962666587e-01 5.8854614530e-01
   endloop
 endfacet
 facet normal  8.4753620131e-02 6.5616977532e-01 7.4983868254e-01
   outer loop
     vertex 9.6637725033e+00 -6.8943999881e-01 7.8488370912e-01
     vertex 9.6967049449e+00 -6.8943999881e-01 7.8116138363e-01
     vertex 9.6215906727e+00 -4.5962666587e-01 5.8854614530e-01
   endloop
 endfacet
 facet normal  8.6761969274e-02 6.5643730919e-01 7.4937468584e-01
   outer loop
     vertex 9.6215906727e+00 -4.5962666587e-01 5.8854614530e-01
     vertex 9.6967049449e+00 -6.8943999881e-01 7.8116138363e-01
     vertex 9.6464101615e+00 -4.5962666587e-01 5.8567256581e-01
   endloop
 endfacet
 facet normal  8.6761969274e-02 6.5643730919e-01 7.4937468584e-01
   outer loop
     vertex 9.6967049449e+00 -6.8943999881e-01 7.8116138363e-01
     vertex 9.7196152423e+00 -6.8943999881e-01 7.7850884872e-01
     vertex 9.6464101615e+00 -4.5962666587e-01 5.8567256581e-01
   endloop
 endfacet
 facet normal  8.9944438982e-02 -6.2321366680e-01 -7.7686210064e-01
   outer loop
     vertex 9.7196152423e+00 -6.8943999881e-01 7.7850884872e-01
     vertex 9.7928203230e+00 -9.1925333174e-01 9.7134513162e-01
     vertex 9.7718192171e+00 -9.1925333174e-01 9.6891364129e-01
   endloop
 endfacet
 facet normal  8.9944438982e-02 -6.2321366680e-01 -7.7686210064e-01
   outer loop
     vertex 9.7196152423e+00 -6.8943999881e-01 7.7850884872e-01
     vertex 9.7718192171e+00 -9.1925333174e-01 9.6891364129e-01
     vertex 9.6967049449e+00 -6.8943999881e-01 7.7585631381e-01
   endloop
 endfacet
 facet normal  8.7786500926e-02 -6.2375880041e-01 -7.7667141647e-01
   outer loop
     vertex 9.6967049449e+00 -6.8943999881e-01 7.7585631381e-01
     vertex 9.7718192171e+00 -9.1925333174e-01 9.6891364129e-01
     vertex 9.7416311457e+00 -9.1925333174e-01 9.6550150959e-01
   endloop
 endfacet
 facet normal  8.7786500926e-02 -6.2375880041e-01 -7.7667141647e-01
   outer loop
     vertex 9.6967049449e+00 -6.8943999881e-01 7.7585631381e-01
     vertex 9.7416311457e+00 -9.1925333174e-01 9.6550150959e-01
     vertex 9.6637725033e+00 -6.8943999881e-01 7.7213398831e-01
   endloop
 endfacet
 facet normal  8.4808284632e-02 -6.2452685177e-01 -7.7638506314e-01
   outer loop
     vertex 9.6637725033e+00 -6.8943999881e-01 7.7213398831e-01
     vertex 9.7416311457e+00 -9.1925333174e-01 9.6550150959e-01
     vertex 9.6991314793e+00 -9.1925333174e-01 9.6085906608e-01
   endloop
 endfacet
 facet normal  8.4808284632e-02 -6.2452685177e-01 -7.7638506314e-01
   outer loop
     vertex 9.6637725033e+00 -6.8943999881e-01 7.7213398831e-01
     vertex 9.6991314793e+00 -9.1925333174e-01 9.6085906608e-01
     vertex 9.6174092310e+00 -6.8943999881e-01 7.6706950448e-01
   endloop
 endfacet
 facet normal  8.0851278557e-02 -6.2557696118e-01 -7.7596168487e-01
   outer loop
     vertex 9.6174092310e+00 -6.8943999881e-01 7.6706950448e-01
     vertex 9.6991314793e+00 -9.1925333174e-01 9.6085906608e-01
     vertex 9.6410218107e+00 -9.1925333174e-01 9.5480433284e-01
   endloop
 endfacet
 facet normal  8.0851278557e-02 -6.2557696118e-01 -7.7596168487e-01
   outer loop
     vertex 9.6174092310e+00 -6.8943999881e-01 7.6706950448e-01
     vertex 9.6410218107e+00 -9.1925333174e-01 9.5480433284e-01
     vertex 9.5540168652e+00 -6.8943999881e-01 7.6046434095e-01
   endloop
 endfacet
 facet normal  7.5715893019e-02 -6.2699275486e-01 -7.7533682287e-01
   outer loop
     vertex 9.5540168652e+00 -6.8943999881e-01 7.6046434095e-01
     vertex 9.6410218107e+00 -9.1925333174e-01 9.5480433284e-01
     vertex 9.5646647260e+00 -9.1925333174e-01 9.4734764474e-01
   endloop
 endfacet
 facet normal  7.5715893019e-02 -6.2699275486e-01 -7.7533682287e-01
   outer loop
     vertex 9.5540168652e+00 -6.8943999881e-01 7.6046434095e-01
     vertex 9.5646647260e+00 -9.1925333174e-01 9.4734764474e-01
     vertex 9.4707182273e+00 -6.8943999881e-01 7.5232977211e-01
   endloop
 endfacet
 facet normal  6.9035893682e-02 -6.2892450043e-01 -7.7439525963e-01
   outer loop
     vertex 9.4707182273e+00 -6.8943999881e-01 7.5232977211e-01
     vertex 9.5646647260e+00 -9.1925333174e-01 9.4734764474e-01
     vertex 9.4694045368e+00 -9.1925333174e-01 9.3885537647e-01
   endloop
 endfacet
 facet normal  6.9035893682e-02 -6.2892450043e-01 -7.7439525963e-01
   outer loop
     vertex 9.4707182273e+00 -6.8943999881e-01 7.5232977211e-01
     vertex 9.4694045368e+00 -9.1925333174e-01 9.3885537647e-01
     vertex 9.3667980209e+00 -6.8943999881e-01 7.4306547946e-01
   endloop
 endfacet
 facet normal  6.0189529191e-02 -6.3162756046e-01 -7.7293197983e-01
   outer loop
     vertex 9.3667980209e+00 -6.8943999881e-01 7.4306547946e-01
     vertex 9.4694045368e+00 -9.1925333174e-01 9.3885537647e-01
     vertex 9.3579640366e+00 -9.1925333174e-01 9.3017731499e-01
   endloop
 endfacet
 facet normal  6.0189529191e-02 -6.3162756046e-01 -7.7293197983e-01
   outer loop
     vertex 9.3667980209e+00 -6.8943999881e-01 7.4306547946e-01
     vertex 9.3579640366e+00 -9.1925333174e-01 9.3017731499e-01
     vertex 9.2452265662e+00 -6.8943999881e-01 7.3359850330e-01
   endloop
 endfacet
 facet normal  4.8093805424e-02 -6.3553977246e-01 -7.7056874028e-01
   outer loop
     vertex 9.2452265662e+00 -6.8943999881e-01 7.3359850330e-01
     vertex 9.3579640366e+00 -9.1925333174e-01 9.3017731499e-01
     vertex 9.2369902231e+00 -9.1925333174e-01 9.2262692949e-01
   endloop
 endfacet
 facet normal  4.8093805424e-02 -6.3553977246e-01 -7.7056874028e-01
   outer loop
     vertex 9.2452265662e+00 -6.8943999881e-01 7.3359850330e-01
     vertex 9.2369902231e+00 -9.1925333174e-01 9.2262692949e-01
     vertex 9.1132551333e+00 -6.8943999881e-01 7.2536171911e-01
   endloop
 endfacet
 facet normal  3.1344464608e-02 -6.4123825678e-01 -7.6670139075e-01
   outer loop
     vertex 9.1132551333e+00 -6.8943999881e-01 7.2536171911e-01
     vertex 9.2369902231e+00 -9.1925333174e-01 9.2262692949e-01
     vertex 8.9811387840e+00 -6.8943999881e-01 7.1996050779e-01
   endloop
 endfacet
 facet normal  3.1344464608e-02 -6.4123825678e-01 -7.6670139075e-01
   outer loop
     vertex 9.2369902231e+00 -9.1925333174e-01 9.2262692949e-01
     vertex 9.1158835696e+00 -9.1925333174e-01 9.1767581910e-01
     vertex 8.9811387840e+00 -6.8943999881e-01 7.1996050779e-01
   endloop
 endfacet
 facet normal  8.7487359788e-03 -6.4920543036e-01 -7.6056279741e-01
   outer loop
     vertex 8.9811387840e+00 -6.8943999881e-01 7.1996050779e-01
     vertex 9.1158835696e+00 -9.1925333174e-01 9.1767581910e-01
     vertex 8.8592120626e+00 -6.8943999881e-01 7.1855798758e-01
   endloop
 endfacet
 facet normal  8.7487359788e-03 -6.4920543036e-01 -7.6056279741e-01
   outer loop
     vertex 9.1158835696e+00 -9.1925333174e-01 9.1767581910e-01
     vertex 9.0041174084e+00 -9.1925333174e-01 9.1639017558e-01
     vertex 8.8592120626e+00 -6.8943999881e-01 7.1855798758e-01
   endloop
 endfacet
 facet normal  -2.0299100086e-02 -6.5959091733e-01 -7.5135062940e-01
   outer loop
     vertex 8.8592120626e+00 -6.8943999881e-01 7.1855798758e-01
     vertex 9.0041174084e+00 -9.1925333174e-01 9.1639017558e-01
     vertex 8.7549251609e+00 -6.8943999881e-01 7.2137548739e-01
   endloop
 endfacet
 facet normal  -2.0299100086e-02 -6.5959091733e-01 -7.5135062940e-01
   outer loop
     vertex 9.0041174084e+00 -9.1925333174e-01 9.1639017558e-01
     vertex 8.9085210817e+00 -9.1925333174e-01 9.1897288374e-01
     vertex 8.7549251609e+00 -6.8943999881e-01 7.2137548739e-01
   endloop
 endfacet
 facet normal  -5.6486310538e-02 -6.7235678347e-01 -7.3806886701e-01
   outer loop
     vertex 8.7549251609e+00 -6.8943999881e-01 7.2137548739e-01
     vertex 8.9085210817e+00 -9.1925333174e-01 9.1897288374e-01
     vertex 8.6714846461e+00 -6.8943999881e-01 7.2776140480e-01
   endloop
 endfacet
 facet normal  -5.6486310538e-02 -6.7235678347e-01 -7.3806886701e-01
   outer loop
     vertex 8.9085210817e+00 -9.1925333174e-01 9.1897288374e-01
     vertex 8.8320339432e+00 -9.1925333174e-01 9.2482664137e-01
     vertex 8.6714846461e+00 -6.8943999881e-01 7.2776140480e-01
   endloop
 endfacet
 facet normal  -1.0208894204e-01 -6.8768681939e-01 -7.1879391090e-01
   outer loop
     vertex 8.6714846461e+00 -6.8943999881e-01 7.2776140480e-01
     vertex 8.8320339432e+00 -9.1925333174e-01 9.2482664137e-01
     vertex 8.6083968014e+00 -6.8943999881e-01 7.3672165226e-01
   endloop
 endfacet
 facet normal  -1.0208894204e-01 -6.8768681939e-01 -7.1879391090e-01
   outer loop
     vertex 8.8320339432e+00 -9.1925333174e-01 9.2482664137e-01
     vertex 8.7742034189e+00 -9.1925333174e-01 9.3304020154e-01
     vertex 8.6083968014e+00 -6.8943999881e-01 7.3672165226e-01
   endloop
 endfacet
 facet normal  -1.6476635248e-01 -7.0667518829e-01 -6.8808591567e-01
   outer loop
     vertex 8.6083968014e+00 -6.8943999881e-01 7.3672165226e-01
     vertex 8.7742034189e+00 -9.1925333174e-01 9.3304020154e-01
     vertex 8.5630659225e+00 -6.8943999881e-01 7.4757640661e-01
   endloop
 endfacet
 facet normal  -1.6476635248e-01 -7.0667518829e-01 -6.8808591567e-01
   outer loop
     vertex 8.7742034189e+00 -9.1925333174e-01 9.3304020154e-01
     vertex 8.7326501132e+00 -9.1925333174e-01 9.4299039302e-01
     vertex 8.5630659225e+00 -6.8943999881e-01 7.4757640661e-01
   endloop
 endfacet
 facet normal  -2.7045562162e-01 -7.3164801704e-01 -6.2573551593e-01
   outer loop
     vertex 8.5630659225e+00 -6.8943999881e-01 7.4757640661e-01
     vertex 8.7326501132e+00 -9.1925333174e-01 9.4299039302e-01
     vertex 8.5327272727e+00 -6.8943999881e-01 7.6068938834e-01
   endloop
 endfacet
 facet normal  -2.7045562162e-01 -7.3164801704e-01 -6.2573551593e-01
   outer loop
     vertex 8.7326501132e+00 -9.1925333174e-01 9.4299039302e-01
     vertex 8.7048396842e+00 -9.1925333174e-01 9.5501062628e-01
     vertex 8.5327272727e+00 -6.8943999881e-01 7.6068938834e-01
   endloop
 endfacet
 facet normal  -5.4062897939e-01 -7.4126123696e-01 -3.9780910652e-01
   outer loop
     vertex 8.5327272727e+00 -6.8943999881e-01 7.6068938834e-01
     vertex 8.7048396842e+00 -9.1925333174e-01 9.5501062628e-01
     vertex 8.5196152423e+00 -6.8943999881e-01 7.7850884872e-01
   endloop
 endfacet
 facet normal  -5.4062897939e-01 -7.4126123696e-01 -3.9780910652e-01
   outer loop
     vertex 8.7048396842e+00 -9.1925333174e-01 9.5501062628e-01
     vertex 8.6928203230e+00 -9.1925333174e-01 9.7134513162e-01
     vertex 8.5196152423e+00 -6.8943999881e-01 7.7850884872e-01
   endloop
 endfacet
 facet normal  -8.0063989077e-01 -1.0908361516e-01 5.8913201425e-01
   outer loop
     vertex 8.5196152423e+00 -6.8943999881e-01 7.7850884872e-01
     vertex 8.6928203230e+00 -9.1925333174e-01 9.7134513162e-01
     vertex 8.7048396842e+00 -9.1925333174e-01 9.8767963697e-01
   endloop
 endfacet
 facet normal  -8.0063989077e-01 -1.0908361516e-01 5.8913201425e-01
   outer loop
     vertex 8.5196152423e+00 -6.8943999881e-01 7.7850884872e-01
     vertex 8.7048396842e+00 -9.1925333174e-01 9.8767963697e-01
     vertex 8.5327272727e+00 -6.8943999881e-01 7.9632830909e-01
   endloop
 endfacet
 facet normal  -3.5945636208e-01 4.2325902870e-01 8.3165071899e-01
   outer loop
     vertex 8.5327272727e+00 -6.8943999881e-01 7.9632830909e-01
     vertex 8.7048396842e+00 -9.1925333174e-01 9.8767963697e-01
     vertex 8.7326501132e+00 -9.1925333174e-01 9.9969987022e-01
   endloop
 endfacet
 facet normal  -3.5945636208e-01 4.2325902870e-01 8.3165071899e-01
   outer loop
     vertex 8.5327272727e+00 -6.8943999881e-01 7.9632830909e-01
     vertex 8.7326501132e+00 -9.1925333174e-01 9.9969987022e-01
     vertex 8.5630659225e+00 -6.8943999881e-01 8.0944129083e-01
   endloop
 endfacet
 facet normal  -1.9674004806e-01 5.3502022282e-01 8.2161226540e-01
   outer loop
     vertex 8.5630659225e+00 -6.8943999881e-01 8.0944129083e-01
     vertex 8.7326501132e+00 -9.1925333174e-01 9.9969987022e-01
     vertex 8.7742034189e+00 -9.1925333174e-01 1.0096500617e+00
   endloop
 endfacet
 facet normal  -1.9674004806e-01 5.3502022282e-01 8.2161226540e-01
   outer loop
     vertex 8.5630659225e+00 -6.8943999881e-01 8.0944129083e-01
     vertex 8.7742034189e+00 -9.1925333174e-01 1.0096500617e+00
     vertex 8.6083968014e+00 -6.8943999881e-01 8.2029604517e-01
   endloop
 endfacet
 facet normal  -1.1442352380e-01 5.8124994314e-01 8.0563996971e-01
   outer loop
     vertex 8.6083968014e+00 -6.8943999881e-01 8.2029604517e-01
     vertex 8.7742034189e+00 -9.1925333174e-01 1.0096500617e+00
     vertex 8.8320339432e+00 -9.1925333174e-01 1.0178636219e+00
   endloop
 endfacet
 facet normal  -1.1442352380e-01 5.8124994314e-01 8.0563996971e-01
   outer loop
     vertex 8.6083968014e+00 -6.8943999881e-01 8.2029604517e-01
     vertex 8.8320339432e+00 -9.1925333174e-01 1.0178636219e+00
     vertex 8.6714846461e+00 -6.8943999881e-01 8.2925629263e-01
   endloop
 endfacet
 facet normal  -6.0608540161e-02 6.0759480125e-01 7.9193128638e-01
   outer loop
     vertex 8.6714846461e+00 -6.8943999881e-01 8.2925629263e-01
     vertex 8.8320339432e+00 -9.1925333174e-01 1.0178636219e+00
     vertex 8.9085210817e+00 -9.1925333174e-01 1.0237173795e+00
   endloop
 endfacet
 facet normal  -6.0608540161e-02 6.0759480125e-01 7.9193128638e-01
   outer loop
     vertex 8.6714846461e+00 -6.8943999881e-01 8.2925629263e-01
     vertex 8.9085210817e+00 -9.1925333174e-01 1.0237173795e+00
     vertex 8.7549251609e+00 -6.8943999881e-01 8.3564221005e-01
   endloop
 endfacet
 facet normal  -2.1088545581e-02 6.2471108966e-01 7.8057115480e-01
   outer loop
     vertex 8.7549251609e+00 -6.8943999881e-01 8.3564221005e-01
     vertex 8.9085210817e+00 -9.1925333174e-01 1.0237173795e+00
     vertex 9.0041174084e+00 -9.1925333174e-01 1.0263000877e+00
   endloop
 endfacet
 facet normal  -2.1088545581e-02 6.2471108966e-01 7.8057115480e-01
   outer loop
     vertex 8.7549251609e+00 -6.8943999881e-01 8.3564221005e-01
     vertex 9.0041174084e+00 -9.1925333174e-01 1.0263000877e+00
     vertex 8.8592120626e+00 -6.8943999881e-01 8.3845970986e-01
   endloop
 endfacet
 facet normal  8.8744219472e-03 6.3618054321e-01 7.7148918403e-01
   outer loop
     vertex 8.8592120626e+00 -6.8943999881e-01 8.3845970986e-01
     vertex 9.0041174084e+00 -9.1925333174e-01 1.0263000877e+00
     vertex 9.1158835696e+00 -9.1925333174e-01 1.0250144441e+00
   endloop
 endfacet
 facet normal  8.8744219472e-03 6.3618054321e-01 7.7148918403e-01
   outer loop
     vertex 8.8592120626e+00 -6.8943999881e-01 8.3845970986e-01
     vertex 9.1158835696e+00 -9.1925333174e-01 1.0250144441e+00
     vertex 8.9811387840e+00 -6.8943999881e-01 8.3705718965e-01
   endloop
 endfacet
 facet normal  3.1260088965e-02 6.4370200389e-01 7.6463752002e-01
   outer loop
     vertex 8.9811387840e+00 -6.8943999881e-01 8.3705718965e-01
     vertex 9.1158835696e+00 -9.1925333174e-01 1.0250144441e+00
     vertex 9.2369902231e+00 -9.1925333174e-01 1.0200633338e+00
   endloop
 endfacet
 facet normal  3.1260088965e-02 6.4370200389e-01 7.6463752002e-01
   outer loop
     vertex 8.9811387840e+00 -6.8943999881e-01 8.3705718965e-01
     vertex 9.2369902231e+00 -9.1925333174e-01 1.0200633338e+00
     vertex 9.1132551333e+00 -6.8943999881e-01 8.3165597832e-01
   endloop
 endfacet
 facet normal  4.7421304273e-02 6.4843243029e-01 7.5979378995e-01
   outer loop
     vertex 9.1132551333e+00 -6.8943999881e-01 8.3165597832e-01
     vertex 9.2369902231e+00 -9.1925333174e-01 1.0200633338e+00
     vertex 9.2452265662e+00 -6.8943999881e-01 8.2341919413e-01
   endloop
 endfacet
 facet normal  4.7421304273e-02 6.4843243029e-01 7.5979378995e-01
   outer loop
     vertex 9.2369902231e+00 -9.1925333174e-01 1.0200633338e+00
     vertex 9.3579640366e+00 -9.1925333174e-01 1.0125129483e+00
     vertex 9.2452265662e+00 -6.8943999881e-01 8.2341919413e-01
   endloop
 endfacet
 facet normal  5.8909057969e-02 6.5134834561e-01 7.5648863545e-01
   outer loop
     vertex 9.2452265662e+00 -6.8943999881e-01 8.2341919413e-01
     vertex 9.3579640366e+00 -9.1925333174e-01 1.0125129483e+00
     vertex 9.3667980209e+00 -6.8943999881e-01 8.1395221798e-01
   endloop
 endfacet
 facet normal  5.8909057969e-02 6.5134834561e-01 7.5648863545e-01
   outer loop
     vertex 9.3579640366e+00 -9.1925333174e-01 1.0125129483e+00
     vertex 9.4694045368e+00 -9.1925333174e-01 1.0038348868e+00
     vertex 9.3667980209e+00 -6.8943999881e-01 8.1395221798e-01
   endloop
 endfacet
 facet normal  6.7236338588e-02 6.5318286157e-01 7.5420913818e-01
   outer loop
     vertex 9.3667980209e+00 -6.8943999881e-01 8.1395221798e-01
     vertex 9.4694045368e+00 -9.1925333174e-01 1.0038348868e+00
     vertex 9.4707182273e+00 -6.8943999881e-01 8.0468792532e-01
   endloop
 endfacet
 facet normal  6.7236338588e-02 6.5318286157e-01 7.5420913818e-01
   outer loop
     vertex 9.4694045368e+00 -9.1925333174e-01 1.0038348868e+00
     vertex 9.5646647260e+00 -9.1925333174e-01 9.9534261851e-01
     vertex 9.4707182273e+00 -6.8943999881e-01 8.0468792532e-01
   endloop
 endfacet
 facet normal  7.3493445525e-02 6.5438818004e-01 7.5257878212e-01
   outer loop
     vertex 9.4707182273e+00 -6.8943999881e-01 8.0468792532e-01
     vertex 9.5646647260e+00 -9.1925333174e-01 9.9534261851e-01
     vertex 9.5540168652e+00 -6.8943999881e-01 7.9655335648e-01
   endloop
 endfacet
 facet normal  7.3493445525e-02 6.5438818004e-01 7.5257878212e-01
   outer loop
     vertex 9.5646647260e+00 -9.1925333174e-01 9.9534261851e-01
     vertex 9.6410218107e+00 -9.1925333174e-01 9.8788593041e-01
     vertex 9.5540168652e+00 -6.8943999881e-01 7.9655335648e-01
   endloop
 endfacet
 facet normal  7.8290140464e-02 6.5520729582e-01 7.5138143004e-01
   outer loop
     vertex 9.5540168652e+00 -6.8943999881e-01 7.9655335648e-01
     vertex 9.6410218107e+00 -9.1925333174e-01 9.8788593041e-01
     vertex 9.6174092310e+00 -6.8943999881e-01 7.8994819295e-01
   endloop
 endfacet
 facet normal  7.8290140464e-02 6.5520729582e-01 7.5138143004e-01
   outer loop
     vertex 9.6410218107e+00 -9.1925333174e-01 9.8788593041e-01
     vertex 9.6991314793e+00 -9.1925333174e-01 9.8183119717e-01
     vertex 9.6174092310e+00 -6.8943999881e-01 7.8994819295e-01
   endloop
 endfacet
 facet normal  8.1979775567e-02 6.5577606012e-01 7.5049122272e-01
   outer loop
     vertex 9.6174092310e+00 -6.8943999881e-01 7.8994819295e-01
     vertex 9.6991314793e+00 -9.1925333174e-01 9.8183119717e-01
     vertex 9.6637725033e+00 -6.8943999881e-01 7.8488370912e-01
   endloop
 endfacet
 facet normal  8.1979775567e-02 6.5577606012e-01 7.5049122272e-01
   outer loop
     vertex 9.6991314793e+00 -9.1925333174e-01 9.8183119717e-01
     vertex 9.7416311457e+00 -9.1925333174e-01 9.7718875366e-01
     vertex 9.6637725033e+00 -6.8943999881e-01 7.8488370912e-01
   endloop
 endfacet
 facet normal  8.4753620131e-02 6.5616977532e-01 7.4983868254e-01
   outer loop
     vertex 9.6637725033e+00 -6.8943999881e-01 7.8488370912e-01
     vertex 9.7416311457e+00 -9.1925333174e-01 9.7718875366e-01
     vertex 9.6967049449e+00 -6.8943999881e-01 7.8116138363e-01
   endloop
 endfacet
 facet normal  8.4753620131e-02 6.5616977532e-01 7.4983868254e-01
   outer loop
     vertex 9.7416311457e+00 -9.1925333174e-01 9.7718875366e-01
     vertex 9.7718192171e+00 -9.1925333174e-01 9.7377662196e-01
     vertex 9.6967049449e+00 -6.8943999881e-01 7.8116138363e-01
   endloop
 endfacet
 facet normal  8.6761969274e-02 6.5643730919e-01 7.4937468584e-01
   outer loop
     vertex 9.6967049449e+00 -6.8943999881e-01 7.8116138363e-01
     vertex 9.7718192171e+00 -9.1925333174e-01 9.7377662196e-01
     vertex 9.7196152423e+00 -6.8943999881e-01 7.7850884872e-01
   endloop
 endfacet
 facet normal  8.6761969274e-02 6.5643730919e-01 7.4937468584e-01
   outer loop
     vertex 9.7718192171e+00 -9.1925333174e-01 9.7377662196e-01
     vertex 9.7928203230e+00 -9.1925333174e-01 9.7134513162e-01
     vertex 9.7196152423e+00 -6.8943999881e-01 7.7850884872e-01
   endloop
 endfacet
 facet normal  8.9944438982e-02 -6.2321366680e-01 -7.7686210064e-01
   outer loop
     vertex 9.7928203230e+00 -9.1925333174e-01 9.7134513162e-01
     vertex 9.8660254038e+00 -1.1490666647e+00 1.1641814145e+00
     vertex 9.8469334893e+00 -1.1490666647e+00 1.1619709688e+00
   endloop
 endfacet
 facet normal  8.9944438982e-02 -6.2321366680e-01 -7.7686210064e-01
   outer loop
     vertex 9.7928203230e+00 -9.1925333174e-01 9.7134513162e-01
     vertex 9.8469334893e+00 -1.1490666647e+00 1.1619709688e+00
     vertex 9.7718192171e+00 -9.1925333174e-01 9.6891364129e-01
   endloop
 endfacet
 facet normal  8.7786500926e-02 -6.2375880041e-01 -7.7667141647e-01
   outer loop
     vertex 9.7718192171e+00 -9.1925333174e-01 9.6891364129e-01
     vertex 9.8469334893e+00 -1.1490666647e+00 1.1619709688e+00
     vertex 9.8194897880e+00 -1.1490666647e+00 1.1588690309e+00
   endloop
 endfacet
 facet normal  8.7786500926e-02 -6.2375880041e-01 -7.7667141647e-01
   outer loop
     vertex 9.7718192171e+00 -9.1925333174e-01 9.6891364129e-01
     vertex 9.8194897880e+00 -1.1490666647e+00 1.1588690309e+00
     vertex 9.7416311457e+00 -9.1925333174e-01 9.6550150959e-01
   endloop
 endfacet
 facet normal  8.4808284632e-02 -6.2452685177e-01 -7.7638506314e-01
   outer loop
     vertex 9.7416311457e+00 -9.1925333174e-01 9.6550150959e-01
     vertex 9.8194897880e+00 -1.1490666647e+00 1.1588690309e+00
     vertex 9.7808537277e+00 -1.1490666647e+00 1.1546486277e+00
   endloop
 endfacet
 facet normal  8.4808284632e-02 -6.2452685177e-01 -7.7638506314e-01
   outer loop
     vertex 9.7416311457e+00 -9.1925333174e-01 9.6550150959e-01
     vertex 9.7808537277e+00 -1.1490666647e+00 1.1546486277e+00
     vertex 9.6991314793e+00 -9.1925333174e-01 9.6085906608e-01
   endloop
 endfacet
 facet normal  8.0851278557e-02 -6.2557696118e-01 -7.7596168487e-01
   outer loop
     vertex 9.6991314793e+00 -9.1925333174e-01 9.6085906608e-01
     vertex 9.7808537277e+00 -1.1490666647e+00 1.1546486277e+00
     vertex 9.7280267563e+00 -1.1490666647e+00 1.1491443247e+00
   endloop
 endfacet
 facet normal  8.0851278557e-02 -6.2557696118e-01 -7.7596168487e-01
   outer loop
     vertex 9.6991314793e+00 -9.1925333174e-01 9.6085906608e-01
     vertex 9.7280267563e+00 -1.1490666647e+00 1.1491443247e+00
     vertex 9.6410218107e+00 -9.1925333174e-01 9.5480433284e-01
   endloop
 endfacet
 facet normal  7.5715893019e-02 -6.2699275486e-01 -7.7533682287e-01
   outer loop
     vertex 9.6410218107e+00 -9.1925333174e-01 9.5480433284e-01
     vertex 9.7280267563e+00 -1.1490666647e+00 1.1491443247e+00
     vertex 9.6586112246e+00 -1.1490666647e+00 1.1423655174e+00
   endloop
 endfacet
 facet normal  7.5715893019e-02 -6.2699275486e-01 -7.7533682287e-01
   outer loop
     vertex 9.6410218107e+00 -9.1925333174e-01 9.5480433284e-01
     vertex 9.6586112246e+00 -1.1490666647e+00 1.1423655174e+00
     vertex 9.5646647260e+00 -9.1925333174e-01 9.4734764474e-01
   endloop
 endfacet
 facet normal  6.9035893682e-02 -6.2892450043e-01 -7.7439525963e-01
   outer loop
     vertex 9.5646647260e+00 -9.1925333174e-01 9.4734764474e-01
     vertex 9.6586112246e+00 -1.1490666647e+00 1.1423655174e+00
     vertex 9.5720110527e+00 -1.1490666647e+00 1.1346452735e+00
   endloop
 endfacet
 facet normal  6.9035893682e-02 -6.2892450043e-01 -7.7439525963e-01
   outer loop
     vertex 9.5646647260e+00 -9.1925333174e-01 9.4734764474e-01
     vertex 9.5720110527e+00 -1.1490666647e+00 1.1346452735e+00
     vertex 9.4694045368e+00 -9.1925333174e-01 9.3885537647e-01
   endloop
 endfacet
 facet normal  6.0189529191e-02 -6.3162756046e-01 -7.7293197983e-01
   outer loop
     vertex 9.4694045368e+00 -9.1925333174e-01 9.3885537647e-01
     vertex 9.5720110527e+00 -1.1490666647e+00 1.1346452735e+00
     vertex 9.4707015071e+00 -1.1490666647e+00 1.1267561267e+00
   endloop
 endfacet
 facet normal  6.0189529191e-02 -6.3162756046e-01 -7.7293197983e-01
   outer loop
     vertex 9.4694045368e+00 -9.1925333174e-01 9.3885537647e-01
     vertex 9.4707015071e+00 -1.1490666647e+00 1.1267561267e+00
     vertex 9.3579640366e+00 -9.1925333174e-01 9.3017731499e-01
   endloop
 endfacet
 facet normal  4.8093805424e-02 -6.3553977246e-01 -7.7056874028e-01
   outer loop
     vertex 9.3579640366e+00 -9.1925333174e-01 9.3017731499e-01
     vertex 9.4707015071e+00 -1.1490666647e+00 1.1267561267e+00
     vertex 9.3607253130e+00 -1.1490666647e+00 1.1198921399e+00
   endloop
 endfacet
 facet normal  4.8093805424e-02 -6.3553977246e-01 -7.7056874028e-01
   outer loop
     vertex 9.3579640366e+00 -9.1925333174e-01 9.3017731499e-01
     vertex 9.3607253130e+00 -1.1490666647e+00 1.1198921399e+00
     vertex 9.2369902231e+00 -9.1925333174e-01 9.2262692949e-01
   endloop
 endfacet
 facet normal  3.1344464608e-02 -6.4123825678e-01 -7.6670139075e-01
   outer loop
     vertex 9.2369902231e+00 -9.1925333174e-01 9.2262692949e-01
     vertex 9.3607253130e+00 -1.1490666647e+00 1.1198921399e+00
     vertex 9.1158835696e+00 -9.1925333174e-01 9.1767581910e-01
   endloop
 endfacet
 facet normal  3.1344464608e-02 -6.4123825678e-01 -7.6670139075e-01
   outer loop
     vertex 9.3607253130e+00 -1.1490666647e+00 1.1198921399e+00
     vertex 9.2506283552e+00 -1.1490666647e+00 1.1153911304e+00
     vertex 9.1158835696e+00 -9.1925333174e-01 9.1767581910e-01
   endloop
 endfacet
 facet normal  8.7487359788e-03 -6.4920543036e-01 -7.6056279741e-01
   outer loop
     vertex 9.1158835696e+00 -9.1925333174e-01 9.1767581910e-01
     vertex 9.2506283552e+00 -1.1490666647e+00 1.1153911304e+00
     vertex 9.0041174084e+00 -9.1925333174e-01 9.1639017558e-01
   endloop
 endfacet
 facet normal  8.7487359788e-03 -6.4920543036e-01 -7.6056279741e-01
   outer loop
     vertex 9.2506283552e+00 -1.1490666647e+00 1.1153911304e+00
     vertex 9.1490227541e+00 -1.1490666647e+00 1.1142223636e+00
     vertex 9.0041174084e+00 -9.1925333174e-01 9.1639017558e-01
   endloop
 endfacet
 facet normal  -2.0299100086e-02 -6.5959091733e-01 -7.5135062940e-01
   outer loop
     vertex 9.0041174084e+00 -9.1925333174e-01 9.1639017558e-01
     vertex 9.1490227541e+00 -1.1490666647e+00 1.1142223636e+00
     vertex 8.9085210817e+00 -9.1925333174e-01 9.1897288374e-01
   endloop
 endfacet
 facet normal  -2.0299100086e-02 -6.5959091733e-01 -7.5135062940e-01
   outer loop
     vertex 9.1490227541e+00 -1.1490666647e+00 1.1142223636e+00
     vertex 9.0621170026e+00 -1.1490666647e+00 1.1165702801e+00
     vertex 8.9085210817e+00 -9.1925333174e-01 9.1897288374e-01
   endloop
 endfacet
 facet normal  -5.6486310538e-02 -6.7235678347e-01 -7.3806886701e-01
   outer loop
     vertex 8.9085210817e+00 -9.1925333174e-01 9.1897288374e-01
     vertex 9.0621170026e+00 -1.1490666647e+00 1.1165702801e+00
     vertex 8.8320339432e+00 -9.1925333174e-01 9.2482664137e-01
   endloop
 endfacet
 facet normal  -5.6486310538e-02 -6.7235678347e-01 -7.3806886701e-01
   outer loop
     vertex 9.0621170026e+00 -1.1490666647e+00 1.1165702801e+00
     vertex 8.9925832403e+00 -1.1490666647e+00 1.1218918779e+00
     vertex 8.8320339432e+00 -9.1925333174e-01 9.2482664137e-01
   endloop
 endfacet
 facet normal  -1.0208894204e-01 -6.8768681939e-01 -7.1879391090e-01
   outer loop
     vertex 8.8320339432e+00 -9.1925333174e-01 9.2482664137e-01
     vertex 8.9925832403e+00 -1.1490666647e+00 1.1218918779e+00
     vertex 8.7742034189e+00 -9.1925333174e-01 9.3304020154e-01
   endloop
 endfacet
 facet normal  -1.0208894204e-01 -6.8768681939e-01 -7.1879391090e-01
   outer loop
     vertex 8.9925832403e+00 -1.1490666647e+00 1.1218918779e+00
     vertex 8.9400100364e+00 -1.1490666647e+00 1.1293587508e+00
     vertex 8.7742034189e+00 -9.1925333174e-01 9.3304020154e-01
   endloop
 endfacet
 facet normal  -1.6476635248e-01 -7.0667518829e-01 -6.8808591567e-01
   outer loop
     vertex 8.7742034189e+00 -9.1925333174e-01 9.3304020154e-01
     vertex 8.9400100364e+00 -1.1490666647e+00 1.1293587508e+00
     vertex 8.7326501132e+00 -9.1925333174e-01 9.4299039302e-01
   endloop
 endfacet
 facet normal  -1.6476635248e-01 -7.0667518829e-01 -6.8808591567e-01
   outer loop
     vertex 8.9400100364e+00 -1.1490666647e+00 1.1293587508e+00
     vertex 8.9022343039e+00 -1.1490666647e+00 1.1384043794e+00
     vertex 8.7326501132e+00 -9.1925333174e-01 9.4299039302e-01
   endloop
 endfacet
 facet normal  -2.7045562162e-01 -7.3164801704e-01 -6.2573551593e-01
   outer loop
     vertex 8.7326501132e+00 -9.1925333174e-01 9.4299039302e-01
     vertex 8.9022343039e+00 -1.1490666647e+00 1.1384043794e+00
     vertex 8.7048396842e+00 -9.1925333174e-01 9.5501062628e-01
   endloop
 endfacet
 facet normal  -2.7045562162e-01 -7.3164801704e-01 -6.2573551593e-01
   outer loop
     vertex 8.9022343039e+00 -1.1490666647e+00 1.1384043794e+00
     vertex 8.8769520958e+00 -1.1490666647e+00 1.1493318642e+00
     vertex 8.7048396842e+00 -9.1925333174e-01 9.5501062628e-01
   endloop
 endfacet
 facet normal  -5.4062897939e-01 -7.4126123696e-01 -3.9780910652e-01
   outer loop
     vertex 8.7048396842e+00 -9.1925333174e-01 9.5501062628e-01
     vertex 8.8769520958e+00 -1.1490666647e+00 1.1493318642e+00
     vertex 8.6928203230e+00 -9.1925333174e-01 9.7134513162e-01
   endloop
 endfacet
 facet normal  -5.4062897939e-01 -7.4126123696e-01 -3.9780910652e-01
   outer loop
     vertex 8.8769520958e+00 -1.1490666647e+00 1.1493318642e+00
     vertex 8.8660254038e+00 -1.1490666647e+00 1.1641814145e+00
     vertex 8.6928203230e+00 -9.1925333174e-01 9.7134513162e-01
   endloop
 endfacet
 facet normal  -8.0063989077e-01 -1.0908361516e-01 5.8913201425e-01
   outer loop
     vertex 8.6928203230e+00 -9.1925333174e-01 9.7134513162e-01
     vertex 8.8660254038e+00 -1.1490666647e+00 1.1641814145e+00
     vertex 8.8769520958e+00 -1.1490666647e+00 1.1790309648e+00
   endloop
 endfacet
 facet normal  -8.0063989077e-01 -1.0908361516e-01 5.8913201425e-01
   outer loop
     vertex 8.6928203230e+00 -9.1925333174e-01 9.7134513162e-01
     vertex 8.8769520958e+00 -1.1490666647e+00 1.1790309648e+00
     vertex 8.7048396842e+00 -9.1925333174e-01 9.8767963697e-01
   endloop
 endfacet
 facet normal  -3.5945636208e-01 4.2325902870e-01 8.3165071899e-01
   outer loop
     vertex 8.7048396842e+00 -9.1925333174e-01 9.8767963697e-01
     vertex 8.8769520958e+00 -1.1490666647e+00 1.1790309648e+00
     vertex 8.9022343039e+00 -1.1490666647e+00 1.1899584496e+00
   endloop
 endfacet
 facet normal  -3.5945636208e-01 4.2325902870e-01 8.3165071899e-01
   outer loop
     vertex 8.7048396842e+00 -9.1925333174e-01 9.8767963697e-01
     vertex 8.9022343039e+00 -1.1490666647e+00 1.1899584496e+00
     vertex 8.7326501132e+00 -9.1925333174e-01 9.9969987022e-01
   endloop
 endfacet
 facet normal  -1.9674004806e-01 5.3502022282e-01 8.2161226540e-01
   outer loop
     vertex 8.7326501132e+00 -9.1925333174e-01 9.9969987022e-01
     vertex 8.9022343039e+00 -1.1490666647e+00 1.1899584496e+00
     vertex 8.9400100364e+00 -1.1490666647e+00 1.1990040782e+00
   endloop
 endfacet
 facet normal  -1.9674004806e-01 5.3502022282e-01 8.2161226540e-01
   outer loop
     vertex 8.7326501132e+00 -9.1925333174e-01 9.9969987022e-01
     vertex 8.9400100364e+00 -1.1490666647e+00 1.1990040782e+00
     vertex 8.7742034189e+00 -9.1925333174e-01 1.0096500617e+00
   endloop
 endfacet
 facet normal  -1.1442352380e-01 5.8124994314e-01 8.0563996971e-01
   outer loop
     vertex 8.7742034189e+00 -9.1925333174e-01 1.0096500617e+00
     vertex 8.9400100364e+00 -1.1490666647e+00 1.1990040782e+00
     vertex 8.9925832403e+00 -1.1490666647e+00 1.2064709511e+00
   endloop
 endfacet
 facet normal  -1.1442352380e-01 5.8124994314e-01 8.0563996971e-01
   outer loop
     vertex 8.7742034189e+00 -9.1925333174e-01 1.0096500617e+00
     vertex 8.9925832403e+00 -1.1490666647e+00 1.2064709511e+00
     vertex 8.8320339432e+00 -9.1925333174e-01 1.0178636219e+00
   endloop
 endfacet
 facet normal  -6.0608540161e-02 6.0759480125e-01 7.9193128638e-01
   outer loop
     vertex 8.8320339432e+00 -9.1925333174e-01 1.0178636219e+00
     vertex 8.9925832403e+00 -1.1490666647e+00 1.2064709511e+00
     vertex 9.0621170026e+00 -1.1490666647e+00 1.2117925490e+00
   endloop
 endfacet
 facet normal  -6.0608540161e-02 6.0759480125e-01 7.9193128638e-01
   outer loop
     vertex 8.8320339432e+00 -9.1925333174e-01 1.0178636219e+00
     vertex 9.0621170026e+00 -1.1490666647e+00 1.2117925490e+00
     vertex 8.9085210817e+00 -9.1925333174e-01 1.0237173795e+00
   endloop
 endfacet
 facet normal  -2.1088545581e-02 6.2471108966e-01 7.8057115480e-01
   outer loop
     vertex 8.9085210817e+00 -9.1925333174e-01 1.0237173795e+00
     vertex 9.0621170026e+00 -1.1490666647e+00 1.2117925490e+00
     vertex 9.1490227541e+00 -1.1490666647e+00 1.2141404655e+00
   endloop
 endfacet
 facet normal  -2.1088545581e-02 6.2471108966e-01 7.8057115480e-01
   outer loop
     vertex 8.9085210817e+00 -9.1925333174e-01 1.0237173795e+00
     vertex 9.1490227541e+00 -1.1490666647e+00 1.2141404655e+00
     vertex 9.0041174084e+00 -9.1925333174e-01 1.0263000877e+00
   endloop
 endfacet
 facet normal  8.8744219472e-03 6.3618054321e-01 7.7148918403e-01
   outer loop
     vertex 9.0041174084e+00 -9.1925333174e-01 1.0263000877e+00
     vertex 9.1490227541e+00 -1.1490666647e+00 1.2141404655e+00
     vertex 9.2506283552e+00 -1.1490666647e+00 1.2129716986e+00
   endloop
 endfacet
 facet normal  8.8744219472e-03 6.3618054321e-01 7.7148918403e-01
   outer loop
     vertex 9.0041174084e+00 -9.1925333174e-01 1.0263000877e+00
     vertex 9.2506283552e+00 -1.1490666647e+00 1.2129716986e+00
     vertex 9.1158835696e+00 -9.1925333174e-01 1.0250144441e+00
   endloop
 endfacet
 facet normal  3.1260088965e-02 6.4370200389e-01 7.6463752002e-01
   outer loop
     vertex 9.1158835696e+00 -9.1925333174e-01 1.0250144441e+00
     vertex 9.2506283552e+00 -1.1490666647e+00 1.2129716986e+00
     vertex 9.3607253130e+00 -1.1490666647e+00 1.2084706892e+00
   endloop
 endfacet
 facet normal  3.1260088965e-02 6.4370200389e-01 7.6463752002e-01
   outer loop
     vertex 9.1158835696e+00 -9.1925333174e-01 1.0250144441e+00
     vertex 9.3607253130e+00 -1.1490666647e+00 1.2084706892e+00
     vertex 9.2369902231e+00 -9.1925333174e-01 1.0200633338e+00
   endloop
 endfacet
 facet normal  4.7421304273e-02 6.4843243029e-01 7.5979378995e-01
   outer loop
     vertex 9.2369902231e+00 -9.1925333174e-01 1.0200633338e+00
     vertex 9.3607253130e+00 -1.1490666647e+00 1.2084706892e+00
     vertex 9.3579640366e+00 -9.1925333174e-01 1.0125129483e+00
   endloop
 endfacet
 facet normal  4.7421304273e-02 6.4843243029e-01 7.5979378995e-01
   outer loop
     vertex 9.3607253130e+00 -1.1490666647e+00 1.2084706892e+00
     vertex 9.4707015071e+00 -1.1490666647e+00 1.2016067024e+00
     vertex 9.3579640366e+00 -9.1925333174e-01 1.0125129483e+00
   endloop
 endfacet
 facet normal  5.8909057969e-02 6.5134834561e-01 7.5648863545e-01
   outer loop
     vertex 9.3579640366e+00 -9.1925333174e-01 1.0125129483e+00
     vertex 9.4707015071e+00 -1.1490666647e+00 1.2016067024e+00
     vertex 9.4694045368e+00 -9.1925333174e-01 1.0038348868e+00
   endloop
 endfacet
 facet normal  5.8909057969e-02 6.5134834561e-01 7.5648863545e-01
   outer loop
     vertex 9.4707015071e+00 -1.1490666647e+00 1.2016067024e+00
     vertex 9.5720110527e+00 -1.1490666647e+00 1.1937175556e+00
     vertex 9.4694045368e+00 -9.1925333174e-01 1.0038348868e+00
   endloop
 endfacet
 facet normal  6.7236338588e-02 6.5318286157e-01 7.5420913818e-01
   outer loop
     vertex 9.4694045368e+00 -9.1925333174e-01 1.0038348868e+00
     vertex 9.5720110527e+00 -1.1490666647e+00 1.1937175556e+00
     vertex 9.5646647260e+00 -9.1925333174e-01 9.9534261851e-01
   endloop
 endfacet
 facet normal  6.7236338588e-02 6.5318286157e-01 7.5420913818e-01
   outer loop
     vertex 9.5720110527e+00 -1.1490666647e+00 1.1937175556e+00
     vertex 9.6586112246e+00 -1.1490666647e+00 1.1859973117e+00
     vertex 9.5646647260e+00 -9.1925333174e-01 9.9534261851e-01
   endloop
 endfacet
 facet normal  7.3493445525e-02 6.5438818004e-01 7.5257878212e-01
   outer loop
     vertex 9.5646647260e+00 -9.1925333174e-01 9.9534261851e-01
     vertex 9.6586112246e+00 -1.1490666647e+00 1.1859973117e+00
     vertex 9.6410218107e+00 -9.1925333174e-01 9.8788593041e-01
   endloop
 endfacet
 facet normal  7.3493445525e-02 6.5438818004e-01 7.5257878212e-01
   outer loop
     vertex 9.6586112246e+00 -1.1490666647e+00 1.1859973117e+00
     vertex 9.7280267563e+00 -1.1490666647e+00 1.1792185043e+00
     vertex 9.6410218107e+00 -9.1925333174e-01 9.8788593041e-01
   endloop
 endfacet
 facet normal  7.8290140464e-02 6.5520729582e-01 7.5138143004e-01
   outer loop
     vertex 9.6410218107e+00 -9.1925333174e-01 9.8788593041e-01
     vertex 9.7280267563e+00 -1.1490666647e+00 1.1792185043e+00
     vertex 9.6991314793e+00 -9.1925333174e-01 9.8183119717e-01
   endloop
 endfacet
 facet normal  7.8290140464e-02 6.5520729582e-01 7.5138143004e-01
   outer loop
     vertex 9.7280267563e+00 -1.1490666647e+00 1.1792185043e+00
     vertex 9.7808537277e+00 -1.1490666647e+00 1.1737142014e+00
     vertex 9.6991314793e+00 -9.1925333174e-01 9.8183119717e-01
   endloop
 endfacet
 facet normal  8.1979775567e-02 6.5577606012e-01 7.5049122272e-01
   outer loop
     vertex 9.6991314793e+00 -9.1925333174e-01 9.8183119717e-01
     vertex 9.7808537277e+00 -1.1490666647e+00 1.1737142014e+00
     vertex 9.7416311457e+00 -9.1925333174e-01 9.7718875366e-01
   endloop
 endfacet
 facet normal  8.1979775567e-02 6.5577606012e-01 7.5049122272e-01
   outer loop
     vertex 9.7808537277e+00 -1.1490666647e+00 1.1737142014e+00
     vertex 9.8194897880e+00 -1.1490666647e+00 1.1694937982e+00
     vertex 9.7416311457e+00 -9.1925333174e-01 9.7718875366e-01
   endloop
 endfacet
 facet normal  8.4753620131e-02 6.5616977532e-01 7.4983868254e-01
   outer loop
     vertex 9.7416311457e+00 -9.1925333174e-01 9.7718875366e-01
     vertex 9.8194897880e+00 -1.1490666647e+00 1.1694937982e+00
     vertex 9.7718192171e+00 -9.1925333174e-01 9.7377662196e-01
   endloop
 endfacet
 facet normal  8.4753620131e-02 6.5616977532e-01 7.4983868254e-01
   outer loop
     vertex 9.8194897880e+00 -1.1490666647e+00 1.1694937982e+00
     vertex 9.8469334893e+00 -1.1490666647e+00 1.1663918603e+00
     vertex 9.7718192171e+00 -9.1925333174e-01 9.7377662196e-01
   endloop
 endfacet
 facet normal  8.6761969274e-02 6.5643730919e-01 7.4937468584e-01
   outer loop
     vertex 9.7718192171e+00 -9.1925333174e-01 9.7377662196e-01
     vertex 9.8469334893e+00 -1.1490666647e+00 1.1663918603e+00
     vertex 9.7928203230e+00 -9.1925333174e-01 9.7134513162e-01
   endloop
 endfacet
 facet normal  8.6761969274e-02 6.5643730919e-01 7.4937468584e-01
   outer loop
     vertex 9.8469334893e+00 -1.1490666647e+00 1.1663918603e+00
     vertex 9.8660254038e+00 -1.1490666647e+00 1.1641814145e+00
     vertex 9.7928203230e+00 -9.1925333174e-01 9.7134513162e-01
   endloop
 endfacet
 facet normal  0.0000000000e+00 -1.0000000000e+00 0.0000000000e+00
   outer loop
     vertex 9.8660254038e+00 -1.1490666647e+00 1.1641814145e+00
     vertex 9.8469334893e+00 -1.1490666647e+00 1.1630761917e+00
     vertex 9.8469334893e+00 -1.1490666647e+00 1.1619709688e+00
   endloop
 endfacet
 facet normal  0.0000000000e+00 -1.0000000000e+00 -0.0000000000e+00
   outer loop
     vertex 9.8469334893e+00 -1.1490666647e+00 1.1619709688e+00
     vertex 9.8469334893e+00 -1.1490666647e+00 1.1630761917e+00
     vertex 9.8194897880e+00 -1.1490666647e+00 1.1615252227e+00
   endloop
 endfacet
 facet normal  0.0000000000e+00 -1.0000000000e+00 -0.0000000000e+00
   outer loop
     vertex 9.8469334893e+00 -1.1490666647e+00 1.1619709688e+00
     vertex 9.8194897880e+00 -1.1490666647e+00 1.1615252227e+00
     vertex 9.8194897880e+00 -1.1490666647e+00 1.1588690309e+00
   endloop
 endfacet
 facet normal  0.0000000000e+00 -1.0000000000e+00 0.0000000000e+00
   outer loop
     vertex 9.8194897880e+00 -1.1490666647e+00 1.1588690309e+00
     vertex 9.8194897880e+00 -1.1490666647e+00 1.1615252227e+00
     vertex 9.7808537277e+00 -1.1490666647e+00 1.1594150211e+00
   endloop
 endfacet
 facet normal  0.0000000000e+00 -1.0000000000e+00 -0.0000000000e+00
   outer loop
     vertex 9.8194897880e+00 -1.1490666647e+00 1.1588690309e+00
     vertex 9.7808537277e+00 -1.1490666647e+00 1.1594150211e+00
     vertex 9.7808537277e+00 -1.1490666647e+00 1.1546486277e+00
   endloop
 endfacet
 facet normal  0.0000000000e+00 -1.0000000000e+00 0.0000000000e+00
   outer loop
     vertex 9.7808537277e+00 -1.1490666647e+00 1.1546486277e+00
     vertex 9.7808537277e+00 -1.1490666647e+00 1.1594150211e+00
     vertex 9.7280267563e+00 -1.1490666647e+00 1.1566628696e+00
   endloop
 endfacet
 facet normal  0.0000000000e+00 -1.0000000000e+00 0.0000000000e+00
   outer loop
     vertex 9.7808537277e+00 -1.1490666647e+00 1.1546486277e+00
     vertex 9.7280267563e+00 -1.1490666647e+00 1.1566628696e+00
     vertex 9.7280267563e+00 -1.1490666647e+00 1.1491443247e+00
   endloop
 endfacet
 facet normal  0.0000000000e+00 -1.0000000000e+00 -0.0000000000e+00
   outer loop
     vertex 9.7280267563e+00 -1.1490666647e+00 1.1491443247e+00
     vertex 9.7280267563e+00 -1.1490666647e+00 1.1566628696e+00
     vertex 9.6586112246e+00 -1.1490666647e+00 1.1532734659e+00
   endloop
 endfacet
 facet normal  0.0000000000e+00 -1.0000000000e+00 0.0000000000e+00
   outer loop
     vertex 9.7280267563e+00 -1.1490666647e+00 1.1491443247e+00
     vertex 9.6586112246e+00 -1.1490666647e+00 1.1532734659e+00
     vertex 9.6586112246e+00 -1.1490666647e+00 1.1423655174e+00
   endloop
 endfacet
 facet normal  0.0000000000e+00 -1.0000000000e+00 -0.0000000000e+00
   outer loop
     vertex 9.6586112246e+00 -1.1490666647e+00 1.1423655174e+00
     vertex 9.6586112246e+00 -1.1490666647e+00 1.1532734659e+00
     vertex 9.5720110527e+00 -1.1490666647e+00 1.1494133440e+00
   endloop
 endfacet
 facet normal  0.0000000000e+00 -1.0000000000e+00 0.0000000000e+00
   outer loop
     vertex 9.6586112246e+00 -1.1490666647e+00 1.1423655174e+00
     vertex 9.5720110527e+00 -1.1490666647e+00 1.1494133440e+00
     vertex 9.5720110527e+00 -1.1490666647e+00 1.1346452735e+00
   endloop
 endfacet
 facet normal  0.0000000000e+00 -1.0000000000e+00 -0.0000000000e+00
   outer loop
     vertex 9.5720110527e+00 -1.1490666647e+00 1.1346452735e+00
     vertex 9.5720110527e+00 -1.1490666647e+00 1.1494133440e+00
     vertex 9.4707015071e+00 -1.1490666647e+00 1.1454687706e+00
   endloop
 endfacet
 facet normal  0.0000000000e+00 -1.0000000000e+00 0.0000000000e+00
   outer loop
     vertex 9.5720110527e+00 -1.1490666647e+00 1.1346452735e+00
     vertex 9.4707015071e+00 -1.1490666647e+00 1.1454687706e+00
     vertex 9.4707015071e+00 -1.1490666647e+00 1.1267561267e+00
   endloop
 endfacet
 facet normal  0.0000000000e+00 -1.0000000000e+00 -0.0000000000e+00
   outer loop
     vertex 9.4707015071e+00 -1.1490666647e+00 1.1267561267e+00
     vertex 9.4707015071e+00 -1.1490666647e+00 1.1454687706e+00
     vertex 9.3607253130e+00 -1.1490666647e+00 1.1420367772e+00
   endloop
 endfacet
 facet normal  0.0000000000e+00 -1.0000000000e+00 0.0000000000e+00
   outer loop
     vertex 9.4707015071e+00 -1.1490666647e+00 1.1267561267e+00
     vertex 9.3607253130e+00 -1.1490666647e+00 1.1420367772e+00
     vertex 9.3607253130e+00 -1.1490666647e+00 1.1198921399e+00
   endloop
 endfacet
 facet normal  0.0000000000e+00 -1.0000000000e+00 -0.0000000000e+00
   outer loop
     vertex 9.3607253130e+00 -1.1490666647e+00 1.1198921399e+00
     vertex 9.3607253130e+00 -1.1490666647e+00 1.1420367772e+00
     vertex 9.2506283552e+00 -1.1490666647e+00 1.1153911304e+00
   endloop
 endfacet
 facet normal  0.0000000000e+00 -1.0000000000e+00 0.0000000000e+00
   outer loop
     vertex 9.3607253130e+00 -1.1490666647e+00 1.1420367772e+00
     vertex 9.2506283552e+00 -1.1490666647e+00 1.1397862725e+00
     vertex 9.2506283552e+00 -1.1490666647e+00 1.1153911304e+00
   endloop
 endfacet
 facet normal  0.0000000000e+00 -1.0000000000e+00 -0.0000000000e+00
   outer loop
     vertex 9.2506283552e+00 -1.1490666647e+00 1.1153911304e+00
     vertex 9.2506283552e+00 -1.1490666647e+00 1.1397862725e+00
     vertex 9.1490227541e+00 -1.1490666647e+00 1.1142223636e+00
   endloop
 endfacet
 facet normal  0.0000000000e+00 -1.0000000000e+00 0.0000000000e+00
   outer loop
     vertex 9.2506283552e+00 -1.1490666647e+00 1.1397862725e+00
     vertex 9.1490227541e+00 -1.1490666647e+00 1.1392018891e+00
     vertex 9.1490227541e+00 -1.1490666647e+00 1.1142223636e+00
   endloop
 endfacet
 facet normal  0.0000000000e+00 -1.0000000000e+00 -0.0000000000e+00
   outer loop
     vertex 9.1490227541e+00 -1.1490666647e+00 1.1142223636e+00
     vertex 9.1490227541e+00 -1.1490666647e+00 1.1392018891e+00
     vertex 9.0621170026e+00 -1.1490666647e+00 1.1165702801e+00
   endloop
 endfacet
 facet normal  0.0000000000e+00 -1.0000000000e+00 0.0000000000e+00
   outer loop
     vertex 9.1490227541e+00 -1.1490666647e+00 1.1392018891e+00
     vertex 9.0621170026e+00 -1.1490666647e+00 1.1403758473e+00
     vertex 9.0621170026e+00 -1.1490666647e+00 1.1165702801e+00
   endloop
 endfacet
 facet normal  0.0000000000e+00 -1.0000000000e+00 -0.0000000000e+00
   outer loop
     vertex 9.0621170026e+00 -1.1490666647e+00 1.1165702801e+00
     vertex 9.0621170026e+00 -1.1490666647e+00 1.1403758473e+00
     vertex 8.9925832403e+00 -1.1490666647e+00 1.1218918779e+00
   endloop
 endfacet
 facet normal  0.0000000000e+00 -1.0000000000e+00 0.0000000000e+00
   outer loop
     vertex 9.0621170026e+00 -1.1490666647e+00 1.1403758473e+00
     vertex 8.9925832403e+00 -1.1490666647e+00 1.1430366462e+00
     vertex 8.9925832403e+00 -1.1490666647e+00 1.1218918779e+00
   endloop
 endfacet
 facet normal  0.0000000000e+00 -1.0000000000e+00 -0.0000000000e+00
   outer loop
     vertex 8.9925832403e+00 -1.1490666647e+00 1.1218918779e+00
     vertex 8.9925832403e+00 -1.1490666647e+00 1.1430366462e+00
     vertex 8.9400100364e+00 -1.1490666647e+00 1.1293587508e+00
   endloop
 endfacet
 facet normal  0.0000000000e+00 -1.0000000000e+00 0.0000000000e+00
   outer loop
     vertex 8.9925832403e+00 -1.1490666647e+00 1.1430366462e+00
     vertex 8.9400100364e+00 -1.1490666647e+00 1.1467700827e+00
     vertex 8.9400100364e+00 -1.1490666647e+00 1.1293587508e+00
   endloop
 endfacet
 facet normal  0.0000000000e+00 -1.0000000000e+00 -0.0000000000e+00
   outer loop
     vertex 8.9400100364e+00 -1.1490666647e+00 1.1293587508e+00
     vertex 8.9400100364e+00 -1.1490666647e+00 1.1467700827e+00
     vertex 8.9022343039e+00 -1.1490666647e+00 1.1384043794e+00
   endloop
 endfacet
 facet normal  0.0000000000e+00 -1.0000000000e+00 0.0000000000e+00
   outer loop
     vertex 8.9400100364e+00 -1.1490666647e+00 1.1467700827e+00
     vertex 8.9022343039e+00 -1.1490666647e+00 1.1512928970e+00
     vertex 8.9022343039e+00 -1.1490666647e+00 1.1384043794e+00
   endloop
 endfacet
 facet normal  0.0000000000e+00 -1.0000000000e+00 -0.0000000000e+00
   outer loop
     vertex 8.9022343039e+00 -1.1490666647e+00 1.1384043794e+00
     vertex 8.9022343039e+00 -1.1490666647e+00 1.1512928970e+00
     vertex 8.8769520958e+00 -1.1490666647e+00 1.1493318642e+00
   endloop
 endfacet
 facet normal  0.0000000000e+00 -1.0000000000e+00 0.0000000000e+00
   outer loop
     vertex 8.9022343039e+00 -1.1490666647e+00 1.1512928970e+00
     vertex 8.8769520958e+00 -1.1490666647e+00 1.1567566394e+00
     vertex 8.8769520958e+00 -1.1490666647e+00 1.1493318642e+00
   endloop
 endfacet
 facet normal  -0.0000000000e+00 -1.0000000000e+00 -0.0000000000e+00
   outer loop
     vertex 8.8769520958e+00 -1.1490666647e+00 1.1493318642e+00
     vertex 8.8769520958e+00 -1.1490666647e+00 1.1567566394e+00
     vertex 8.8660254038e+00 -1.1490666647e+00 1.1641814145e+00
   endloop
 endfacet
 facet normal  -0.0000000000e+00 -1.0000000000e+00 0.0000000000e+00
   outer loop
     vertex 8.8660254038e+00 -1.1490666647e+00 1.1641814145e+00
     vertex 8.8769520958e+00 -1.1490666647e+00 1.1716061897e+00
     vertex 8.8769520958e+00 -1.1490666647e+00 1.1790309648e+00
   endloop
 endfacet
 facet normal  -8.7826428572e-15 -1.0000000000e+00 0.0000000000e+00
   outer loop
     vertex 8.8769520958e+00 -1.1490666647e+00 1.1790309648e+00
     vertex 8.8769520958e+00 -1.1490666647e+00 1.1716061897e+00
     vertex 8.9022343039e+00 -1.1490666647e+00 1.1770699321e+00
   endloop
 endfacet
 facet normal  -8.7826428572e-15 -1.0000000000e+00 0.0000000000e+00
   outer loop
     vertex 8.8769520958e+00 -1.1490666647e+00 1.1790309648e+00
     vertex 8.9022343039e+00 -1.1490666647e+00 1.1770699321e+00
     vertex 8.9022343039e+00 -1.1490666647e+00 1.1899584496e+00
   endloop
 endfacet
 facet normal  5.8779695422e-15 -1.0000000000e+00 0.0000000000e+00
   outer loop
     vertex 8.9022343039e+00 -1.1490666647e+00 1.1899584496e+00
     vertex 8.9022343039e+00 -1.1490666647e+00 1.1770699321e+00
     vertex 8.9400100364e+00 -1.1490666647e+00 1.1815927464e+00
   endloop
 endfacet
 facet normal  5.8779695422e-15 -1.0000000000e+00 0.0000000000e+00
   outer loop
     vertex 8.9022343039e+00 -1.1490666647e+00 1.1899584496e+00
     vertex 8.9400100364e+00 -1.1490666647e+00 1.1815927464e+00
     vertex 8.9400100364e+00 -1.1490666647e+00 1.1990040782e+00
   endloop
 endfacet
 facet normal  0.0000000000e+00 -1.0000000000e+00 0.0000000000e+00
   outer loop
     vertex 8.9400100364e+00 -1.1490666647e+00 1.1990040782e+00
     vertex 8.9400100364e+00 -1.1490666647e+00 1.1815927464e+00
     vertex 8.9925832403e+00 -1.1490666647e+00 1.1853261828e+00
   endloop
 endfacet
 facet normal  0.0000000000e+00 -1.0000000000e+00 0.0000000000e+00
   outer loop
     vertex 8.9400100364e+00 -1.1490666647e+00 1.1990040782e+00
     vertex 8.9925832403e+00 -1.1490666647e+00 1.1853261828e+00
     vertex 8.9925832403e+00 -1.1490666647e+00 1.2064709511e+00
   endloop
 endfacet
 facet normal  0.0000000000e+00 -1.0000000000e+00 0.0000000000e+00
   outer loop
     vertex 8.9925832403e+00 -1.1490666647e+00 1.2064709511e+00
     vertex 8.9925832403e+00 -1.1490666647e+00 1.1853261828e+00
     vertex 9.0621170026e+00 -1.1490666647e+00 1.1879869817e+00
   endloop
 endfacet
 facet normal  0.0000000000e+00 -1.0000000000e+00 0.0000000000e+00
   outer loop
     vertex 8.9925832403e+00 -1.1490666647e+00 1.2064709511e+00
     vertex 9.0621170026e+00 -1.1490666647e+00 1.1879869817e+00
     vertex 9.0621170026e+00 -1.1490666647e+00 1.2117925490e+00
   endloop
 endfacet
 facet normal  0.0000000000e+00 -1.0000000000e+00 0.0000000000e+00
   outer loop
     vertex 9.0621170026e+00 -1.1490666647e+00 1.2117925490e+00
     vertex 9.0621170026e+00 -1.1490666647e+00 1.1879869817e+00
     vertex 9.1490227541e+00 -1.1490666647e+00 1.1891609400e+00
   endloop
 endfacet
 facet normal  0.0000000000e+00 -1.0000000000e+00 0.0000000000e+00
   outer loop
     vertex 9.0621170026e+00 -1.1490666647e+00 1.2117925490e+00
     vertex 9.1490227541e+00 -1.1490666647e+00 1.1891609400e+00
     vertex 9.1490227541e+00 -1.1490666647e+00 1.2141404655e+00
   endloop
 endfacet
 facet normal  0.0000000000e+00 -1.0000000000e+00 0.0000000000e+00
   outer loop
     vertex 9.1490227541e+00 -1.1490666647e+00 1.2141404655e+00
     vertex 9.1490227541e+00 -1.1490666647e+00 1.1891609400e+00
     vertex 9.2506283552e+00 -1.1490666647e+00 1.1885765566e+00
   endloop
 endfacet
 facet normal  0.0000000000e+00 -1.0000000000e+00 0.0000000000e+00
   outer loop
     vertex 9.1490227541e+00 -1.1490666647e+00 1.2141404655e+00
     vertex 9.2506283552e+00 -1.1490666647e+00 1.1885765566e+00
     vertex 9.2506283552e+00 -1.1490666647e+00 1.2129716986e+00
   endloop
 endfacet
 facet normal  0.0000000000e+00 -1.0000000000e+00 0.0000000000e+00
   outer loop
     vertex 9.2506283552e+00 -1.1490666647e+00 1.2129716986e+00
     vertex 9.2506283552e+00 -1.1490666647e+00 1.1885765566e+00
     vertex 9.3607253130e+00 -1.1490666647e+00 1.1863260519e+00
   endloop
 endfacet
 facet normal  0.0000000000e+00 -1.0000000000e+00 0.0000000000e+00
   outer loop
     vertex 9.2506283552e+00 -1.1490666647e+00 1.2129716986e+00
     vertex 9.3607253130e+00 -1.1490666647e+00 1.1863260519e+00
     vertex 9.3607253130e+00 -1.1490666647e+00 1.2084706892e+00
   endloop
 endfacet
 facet normal  0.0000000000e+00 -1.0000000000e+00 0.0000000000e+00
   outer loop
     vertex 9.3607253130e+00 -1.1490666647e+00 1.2084706892e+00
     vertex 9.3607253130e+00 -1.1490666647e+00 1.1863260519e+00
     vertex 9.4707015071e+00 -1.1490666647e+00 1.2016067024e+00
   endloop
 endfacet
 facet normal  0.0000000000e+00 -1.0000000000e+00 0.0000000000e+00
   outer loop
     vertex 9.3607253130e+00 -1.1490666647e+00 1.1863260519e+00
     vertex 9.4707015071e+00 -1.1490666647e+00 1.1828940585e+00
     vertex 9.4707015071e+00 -1.1490666647e+00 1.2016067024e+00
   endloop
 endfacet
 facet normal  0.0000000000e+00 -1.0000000000e+00 0.0000000000e+00
   outer loop
     vertex 9.4707015071e+00 -1.1490666647e+00 1.2016067024e+00
     vertex 9.4707015071e+00 -1.1490666647e+00 1.1828940585e+00
     vertex 9.5720110527e+00 -1.1490666647e+00 1.1937175556e+00
   endloop
 endfacet
 facet normal  0.0000000000e+00 -1.0000000000e+00 0.0000000000e+00
   outer loop
     vertex 9.4707015071e+00 -1.1490666647e+00 1.1828940585e+00
     vertex 9.5720110527e+00 -1.1490666647e+00 1.1789494851e+00
     vertex 9.5720110527e+00 -1.1490666647e+00 1.1937175556e+00
   endloop
 endfacet
 facet normal  0.0000000000e+00 -1.0000000000e+00 0.0000000000e+00
   outer loop
     vertex 9.5720110527e+00 -1.1490666647e+00 1.1937175556e+00
     vertex 9.5720110527e+00 -1.1490666647e+00 1.1789494851e+00
     vertex 9.6586112246e+00 -1.1490666647e+00 1.1859973117e+00
   endloop
 endfacet
 facet normal  0.0000000000e+00 -1.0000000000e+00 0.0000000000e+00
   outer loop
     vertex 9.5720110527e+00 -1.1490666647e+00 1.1789494851e+00
     vertex 9.6586112246e+00 -1.1490666647e+00 1.1750893631e+00
     vertex 9.6586112246e+00 -1.1490666647e+00 1.1859973117e+00
   endloop
 endfacet
 facet normal  0.0000000000e+00 -1.0000000000e+00 0.0000000000e+00
   outer loop
     vertex 9.6586112246e+00 -1.1490666647e+00 1.1859973117e+00
     vertex 9.6586112246e+00 -1.1490666647e+00 1.1750893631e+00
     vertex 9.7280267563e+00 -1.1490666647e+00 1.1792185043e+00
   endloop
 endfacet
 facet normal  0.0000000000e+00 -1.0000000000e+00 0.0000000000e+00
   outer loop
     vertex 9.6586112246e+00 -1.1490666647e+00 1.1750893631e+00
     vertex 9.7280267563e+00 -1.1490666647e+00 1.1716999594e+00
     vertex 9.7280267563e+00 -1.1490666647e+00 1.1792185043e+00
   endloop
 endfacet
 facet normal  0.0000000000e+00 -1.0000000000e+00 0.0000000000e+00
   outer loop
     vertex 9.7280267563e+00 -1.1490666647e+00 1.1792185043e+00
     vertex 9.7280267563e+00 -1.1490666647e+00 1.1716999594e+00
     vertex 9.7808537277e+00 -1.1490666647e+00 1.1737142014e+00
   endloop
 endfacet
 facet normal  0.0000000000e+00 -1.0000000000e+00 0.0000000000e+00
   outer loop
     vertex 9.7280267563e+00 -1.1490666647e+00 1.1716999594e+00
     vertex 9.7808537277e+00 -1.1490666647e+00 1.1689478080e+00
     vertex 9.7808537277e+00 -1.1490666647e+00 1.1737142014e+00
   endloop
 endfacet
 facet normal  0.0000000000e+00 -1.0000000000e+00 0.0000000000e+00
   outer loop
     vertex 9.7808537277e+00 -1.1490666647e+00 1.1737142014e+00
     vertex 9.7808537277e+00 -1.1490666647e+00 1.1689478080e+00
     vertex 9.8194897880e+00 -1.1490666647e+00 1.1694937982e+00
   endloop
 endfacet
 facet normal  0.0000000000e+00 -1.0000000000e+00 0.0000000000e+00
   outer loop
     vertex 9.7808537277e+00 -1.1490666647e+00 1.1689478080e+00
     vertex 9.8194897880e+00 -1.1490666647e+00 1.1668376064e+00
     vertex 9.8194897880e+00 -1.1490666647e+00 1.1694937982e+00
   endloop
 endfacet
 facet normal  0.0000000000e+00 -1.0000000000e+00 0.0000000000e+00
   outer loop
     vertex 9.8194897880e+00 -1.1490666647e+00 1.1694937982e+00
     vertex 9.8194897880e+00 -1.1490666647e+00 1.1668376064e+00
     vertex 9.8469334893e+00 -1.1490666647e+00 1.1663918603e+00
   endloop
 endfacet
 facet normal  0.0000000000e+00 -1.0000000000e+00 0.0000000000e+00
   outer loop
     vertex 9.8194897880e+00 -1.1490666647e+00 1.1668376064e+00
     vertex 9.8469334893e+00 -1.1490666647e+00 1.1652866374e+00
     vertex 9.8469334893e+00 -1.1490666647e+00 1.1663918603e+00
   endloop
 endfacet
 facet normal  0.0000000000e+00 -1.0000000000e+00 0.0000000000e+00
   outer loop
     vertex 9.8469334893e+00 -1.1490666647e+00 1.1663918603e+00
     vertex 9.8469334893e+00 -1.1490666647e+00 1.1652866374e+00
     vertex 9.8660254038e+00 -1.1490666647e+00 1.1641814145e+00
   endloop
 endfacet
 facet normal  0.0000000000e+00 -1.0000000000e+00 0.0000000000e+00
   outer loop
     vertex 9.8660254038e+00 -1.1490666647e+00 1.1641814145e+00
     vertex 9.8469334893e+00 -1.1490666647e+00 1.1641814145e+00
     vertex 9.8469334893e+00 -1.1490666647e+00 1.1630761917e+00
   endloop
 endfacet
 facet normal  -0.0000000000e+00 -1.0000000000e+00 -0.0000000000e+00
   outer loop
     vertex 9.8469334893e+00 -1.1490666647e+00 1.1630761917e+00
     vertex 9.8469334893e+00 -1.1490666647e+00 1.1641814145e+00
     vertex 9.8194897880e+00 -1.1490666647e+00 1.1641814145e+00
   endloop
 endfacet
 facet normal  0.0000000000e+00 -1.0000000000e+00 -0.0000000000e+00
   outer loop
     vertex 9.8469334893e+00 -1.1490666647e+00 1.1630761917e+00
     vertex 9.8194897880e+00 -1.1490666647e+00 1.1641814145e+00
     vertex 9.8194897880e+00 -1.1490666647e+00 1.1615252227e+00
   endloop
 endfacet
 facet normal  0.0000000000e+00 -1.0000000000e+00 0.0000000000e+00
   outer loop
     vertex 9.8194897880e+00 -1.1490666647e+00 1.1615252227e+00
     vertex 9.8194897880e+00 -1.1490666647e+00 1.1641814145e+00
     vertex 9.7808537277e+00 -1.1490666647e+00 1.1641814145e+00
   endloop
 endfacet
 facet normal  0.0000000000e+00 -1.0000000000e+00 0.0000000000e+00
   outer loop
     vertex 9.8194897880e+00 -1.1490666647e+00 1.1615252227e+00
     vertex 9.7808537277e+00 -1.1490666647e+00 1.1641814145e+00
     vertex 9.7808537277e+00 -1.1490666647e+00 1.1594150211e+00
   endloop
 endfacet
 facet normal  -0.0000000000e+00 -1.0000000000e+00 -0.0000000000e+00
   outer loop
     vertex 9.7808537277e+00 -1.1490666647e+00 1.1594150211e+00
     vertex 9.7808537277e+00 -1.1490666647e+00 1.1641814145e+00
     vertex 9.7280267563e+00 -1.1490666647e+00 1.1641814145e+00
   endloop
 endfacet
 facet normal  0.0000000000e+00 -1.0000000000e+00 0.0000000000e+00
   outer loop
     vertex 9.7808537277e+00 -1.1490666647e+00 1.1594150211e+00
     vertex 9.7280267563e+00 -1.1490666647e+00 1.1641814145e+00
     vertex 9.7280267563e+00 -1.1490666647e+00 1.1566628696e+00
   endloop
 endfacet
 facet normal  -0.0000000000e+00 -1.0000000000e+00 -0.0000000000e+00
   outer loop
     vertex 9.7280267563e+00 -1.1490666647e+00 1.1566628696e+00
     vertex 9.7280267563e+00 -1.1490666647e+00 1.1641814145e+00
     vertex 9.6586112246e+00 -1.1490666647e+00 1.1641814145e+00
   endloop
 endfacet
 facet normal  0.0000000000e+00 -1.0000000000e+00 0.0000000000e+00
   outer loop
     vertex 9.7280267563e+00 -1.1490666647e+00 1.1566628696e+00
     vertex 9.6586112246e+00 -1.1490666647e+00 1.1641814145e+00
     vertex 9.6586112246e+00 -1.1490666647e+00 1.1532734659e+00
   endloop
 endfacet
 facet normal  -0.0000000000e+00 -1.0000000000e+00 -0.0000000000e+00
   outer loop
     vertex 9.6586112246e+00 -1.1490666647e+00 1.1532734659e+00
     vertex 9.6586112246e+00 -1.1490666647e+00 1.1641814145e+00
     vertex 9.5720110527e+00 -1.1490666647e+00 1.1641814145e+00
   endloop
 endfacet
 facet normal  0.0000000000e+00 -1.0000000000e+00 0.0000000000e+00
   outer loop
     vertex 9.6586112246e+00 -1.1490666647e+00 1.1532734659e+00
     vertex 9.5720110527e+00 -1.1490666647e+00 1.1641814145e+00
     vertex 9.5720110527e+00 -1.1490666647e+00 1.1494133440e+00
   endloop
 endfacet
 facet normal  -0.0000000000e+00 -1.0000000000e+00 -0.0000000000e+00
   outer loop
     vertex 9.5720110527e+00 -1.1490666647e+00 1.1494133440e+00
     vertex 9.5720110527e+00 -1.1490666647e+00 1.1641814145e+00
     vertex 9.4707015071e+00 -1.1490666647e+00 1.1641814145e+00
   endloop
 endfacet
 facet normal  0.0000000000e+00 -1.0000000000e+00 0.0000000000e+00
   outer loop
     vertex 9.5720110527e+00 -1.1490666647e+00 1.1494133440e+00
     vertex 9.4707015071e+00 -1.1490666647e+00 1.1641814145e+00
     vertex 9.4707015071e+00 -1.1490666647e+00 1.1454687706e+00
   endloop
 endfacet
 facet normal  -0.0000000000e+00 -1.0000000000e+00 -0.0000000000e+00
   outer loop
     vertex 9.4707015071e+00 -1.1490666647e+00 1.1454687706e+00
     vertex 9.4707015071e+00 -1.1490666647e+00 1.1641814145e+00
     vertex 9.3607253130e+00 -1.1490666647e+00 1.1641814145e+00
   endloop
 endfacet
 facet normal  0.0000000000e+00 -1.0000000000e+00 0.0000000000e+00
   outer loop
     vertex 9.4707015071e+00 -1.1490666647e+00 1.1454687706e+00
     vertex 9.3607253130e+00 -1.1490666647e+00 1.1641814145e+00
     vertex 9.3607253130e+00 -1.1490666647e+00 1.1420367772e+00
   endloop
 endfacet
 facet normal  0.0000000000e+00 -1.0000000000e+00 -0.0000000000e+00
   outer loop
     vertex 9.3607253130e+00 -1.1490666647e+00 1.1420367772e+00
     vertex 9.3607253130e+00 -1.1490666647e+00 1.1641814145e+00
     vertex 9.2506283552e+00 -1.1490666647e+00 1.1397862725e+00
   endloop
 endfacet
 facet normal  0.0000000000e+00 -1.0000000000e+00 0.0000000000e+00
   outer loop
     vertex 9.3607253130e+00 -1.1490666647e+00 1.1641814145e+00
     vertex 9.2506283552e+00 -1.1490666647e+00 1.1641814145e+00
     vertex 9.2506283552e+00 -1.1490666647e+00 1.1397862725e+00
   endloop
 endfacet
 facet normal  0.0000000000e+00 -1.0000000000e+00 -0.0000000000e+00
   outer loop
     vertex 9.2506283552e+00 -1.1490666647e+00 1.1397862725e+00
     vertex 9.2506283552e+00 -1.1490666647e+00 1.1641814145e+00
     vertex 9.1490227541e+00 -1.1490666647e+00 1.1392018891e+00
   endloop
 endfacet
 facet normal  0.0000000000e+00 -1.0000000000e+00 0.0000000000e+00
   outer loop
     vertex 9.2506283552e+00 -1.1490666647e+00 1.1641814145e+00
     vertex 9.1490227541e+00 -1.1490666647e+00 1.1641814145e+00
     vertex 9.1490227541e+00 -1.1490666647e+00 1.1392018891e+00
   endloop
 endfacet
 facet normal  0.0000000000e+00 -1.0000000000e+00 -0.0000000000e+00
   outer loop
     vertex 9.1490227541e+00 -1.1490666647e+00 1.1392018891e+00
     vertex 9.1490227541e+00 -1.1490666647e+00 1.1641814145e+00
     vertex 9.0621170026e+00 -1.1490666647e+00 1.1403758473e+00
   endloop
 endfacet
 facet normal  0.0000000000e+00 -1.0000000000e+00 0.0000000000e+00
   outer loop
     vertex 9.1490227541e+00 -1.1490666647e+00 1.1641814145e+00
     vertex 9.0621170026e+00 -1.1490666647e+00 1.1641814145e+00
     vertex 9.0621170026e+00 -1.1490666647e+00 1.1403758473e+00
   endloop
 endfacet
 facet normal  0.0000000000e+00 -1.0000000000e+00 -0.0000000000e+00
   outer loop
     vertex 9.0621170026e+00 -1.1490666647e+00 1.1403758473e+00
     vertex 9.0621170026e+00 -1.1490666647e+00 1.1641814145e+00
     vertex 8.9925832403e+00 -1.1490666647e+00 1.1430366462e+00
   endloop
 endfacet
 facet normal  0.0000000000e+00 -1.0000000000e+00 0.0000000000e+00
   outer loop
     vertex 9.0621170026e+00 -1.1490666647e+00 1.1641814145e+00
     vertex 8.9925832403e+00 -1.1490666647e+00 1.1641814145e+00
     vertex 8.9925832403e+00 -1.1490666647e+00 1.1430366462e+00
   endloop
 endfacet
 facet normal  0.0000000000e+00 -1.0000000000e+00 -0.0000000000e+00
   outer loop
     vertex 8.9925832403e+00 -1.1490666647e+00 1.1430366462e+00
     vertex 8.9925832403e+00 -1.1490666647e+00 1.1641814145e+00
     vertex 8.9400100364e+00 -1.1490666647e+00 1.1467700827e+00
   endloop
 endfacet
 facet normal  0.0000000000e+00 -1.0000000000e+00 0.0000000000e+00
   outer loop
     vertex 8.9925832403e+00 -1.1490666647e+00 1.1641814145e+00
     vertex 8.9400100364e+00 -1.1490666647e+00 1.1641814145e+00
     vertex 8.9400100364e+00 -1.1490666647e+00 1.1467700827e+00
   endloop
 endfacet
 facet normal  0.0000000000e+00 -1.0000000000e+00 -0.0000000000e+00
   outer loop
     vertex 8.9400100364e+00 -1.1490666647e+00 1.1467700827e+00
     vertex 8.9400100364e+00 -1.1490666647e+00 1.1641814145e+00
     vertex 8.9022343039e+00 -1.1490666647e+00 1.1512928970e+00
   endloop
 endfacet
 facet normal  0.0000000000e+00 -1.0000000000e+00 0.0000000000e+00
   outer loop
     vertex 8.9400100364e+00 -1.1490666647e+00 1.1641814145e+00
     vertex 8.9022343039e+00 -1.1490666647e+00 1.1641814145e+00
     vertex 8.9022343039e+00 -1.1490666647e+00 1.1512928970e+00
   endloop
 endfacet
 facet normal  0.0000000000e+00 -1.0000000000e+00 -0.0000000000e+00
   outer loop
     vertex 8.9022343039e+00 -1.1490666647e+00 1.1512928970e+00
     vertex 8.9022343039e+00 -1.1490666647e+00 1.1641814145e+00
     vertex 8.8769520958e+00 -1.1490666647e+00 1.1567566394e+00
   endloop
 endfacet
 facet normal  0.0000000000e+00 -1.0000000000e+00 0.0000000000e+00
   outer loop
     vertex 8.9022343039e+00 -1.1490666647e+00 1.1641814145e+00
     vertex 8.8769520958e+00 -1.1490666647e+00 1.1641814145e+00
     vertex 8.8769520958e+00 -1.1490666647e+00 1.1567566394e+00
   endloop
 endfacet
 facet normal  -0.0000000000e+00 -1.0000000000e+00 -0.0000000000e+00
   outer loop
     vertex 8.8769520958e+00 -1.1490666647e+00 1.1567566394e+00
     vertex 8.8769520958e+00 -1.1490666647e+00 1.1641814145e+00
     vertex 8.8660254038e+00 -1.1490666647e+00 1.1641814145e+00
   endloop
 endfacet
 facet normal  0.0000000000e+00 -1.0000000000e+00 0.0000000000e+00
   outer loop
     vertex 8.8660254038e+00 -1.1490666647e+00 1.1641814145e+00
     vertex 8.8769520958e+00 -1.1490666647e+00 1.1641814145e+00
     vertex 8.8769520958e+00 -1.1490666647e+00 1.1716061897e+00
   endloop
 endfacet
 facet normal  -8.7826428572e-15 -1.0000000000e+00 0.0000000000e+00
   outer loop
     vertex 8.8769520958e+00 -1.1490666647e+00 1.1716061897e+00
     vertex 8.8769520958e+00 -1.1490666647e+00 1.1641814145e+00
     vertex 8.9022343039e+00 -1.1490666647e+00 1.1641814145e+00
   endloop
 endfacet
 facet normal  -8.7826428572e-15 -1.0000000000e+00 0.0000000000e+00
   outer loop
     vertex 8.8769520958e+00 -1.1490666647e+00 1.1716061897e+00
     vertex 8.9022343039e+00 -1.1490666647e+00 1.1641814145e+00
     vertex 8.9022343039e+00 -1.1490666647e+00 1.1770699321e+00
   endloop
 endfacet
 facet normal  5.8779695422e-15 -1.0000000000e+00 0.0000000000e+00
   outer loop
     vertex 8.9022343039e+00 -1.1490666647e+00 1.1770699321e+00
     vertex 8.9022343039e+00 -1.1490666647e+00 1.1641814145e+00
     vertex 8.9400100364e+00 -1.1490666647e+00 1.1641814145e+00
   endloop
 endfacet
 facet normal  5.8779695422e-15 -1.0000000000e+00 0.0000000000e+00
   outer loop
     vertex 8.9022343039e+00 -1.1490666647e+00 1.1770699321e+00
     vertex 8.9400100364e+00 -1.1490666647e+00 1.1641814145e+00
     vertex 8.9400100364e+00 -1.1490666647e+00 1.1815927464e+00
   endloop
 endfacet
 facet normal  0.0000000000e+00 -1.0000000000e+00 0.0000000000e+00
   outer loop
     vertex 8.9400100364e+00 -1.1490666647e+00 1.1815927464e+00
     vertex 8.9400100364e+00 -1.1490666647e+00 1.1641814145e+00
     vertex 8.9925832403e+00 -1.1490666647e+00 1.1641814145e+00
   endloop
 endfacet
 facet normal  0.0000000000e+00 -1.0000000000e+00 0.0000000000e+00
   outer loop
     vertex 8.9400100364e+00 -1.1490666647e+00 1.1815927464e+00
     vertex 8.9925832403e+00 -1.1490666647e+00 1.1641814145e+00
     vertex 8.9925832403e+00 -1.1490666647e+00 1.1853261828e+00
   endloop
 endfacet
 facet normal  0.0000000000e+00 -1.0000000000e+00 0.0000000000e+00
   outer loop
     vertex 8.9925832403e+00 -1.1490666647e+00 1.1853261828e+00
     vertex 8.9925832403e+00 -1.1490666647e+00 1.1641814145e+00
     vertex 9.0621170026e+00 -1.1490666647e+00 1.1641814145e+00
   endloop
 endfacet
 facet normal  0.0000000000e+00 -1.0000000000e+00 0.0000000000e+00
   outer loop
     vertex 8.9925832403e+00 -1.1490666647e+00 1.1853261828e+00
     vertex 9.0621170026e+00 -1.1490666647e+00 1.1641814145e+00
     vertex 9.0621170026e+00 -1.1490666647e+00 1.1879869817e+00
   endloop
 endfacet
 facet normal  0.0000000000e+00 -1.0000000000e+00 0.0000000000e+00
   outer loop
     vertex 9.0621170026e+00 -1.1490666647e+00 1.1879869817e+00
     vertex 9.0621170026e+00 -1.1490666647e+00 1.1641814145e+00
     vertex 9.1490227541e+00 -1.1490666647e+00 1.1641814145e+00
   endloop
 endfacet
 facet normal  0.0000000000e+00 -1.0000000000e+00 0.0000000000e+00
   outer loop
     vertex 9.0621170026e+00 -1.1490666647e+00 1.1879869817e+00
     vertex 9.1490227541e+00 -1.1490666647e+00 1.1641814145e+00
     vertex 9.1490227541e+00 -1.1490666647e+00 1.1891609400e+00
   endloop
 endfacet
 facet normal  0.0000000000e+00 -1.0000000000e+00 0.0000000000e+00
   outer loop
     vertex 9.1490227541e+00 -1.1490666647e+00 1.1891609400e+00
     vertex 9.1490227541e+00 -1.1490666647e+00 1.1641814145e+00
     vertex 9.2506283552e+00 -1.1490666647e+00 1.1641814145e+00
   endloop
 endfacet
 facet normal  0.0000000000e+00 -1.0000000000e+00 0.0000000000e+00
   outer loop
     vertex 9.1490227541e+00 -1.1490666647e+00 1.1891609400e+00
     vertex 9.2506283552e+00 -1.1490666647e+00 1.1641814145e+00
     vertex 9.2506283552e+00 -1.1490666647e+00 1.1885765566e+00
   endloop
 endfacet
 facet normal  0.0000000000e+00 -1.0000000000e+00 0.0000000000e+00
   outer loop
     vertex 9.2506283552e+00 -1.1490666647e+00 1.1885765566e+00
     vertex 9.2506283552e+00 -1.1490666647e+00 1.1641814145e+00
     vertex 9.3607253130e+00 -1.1490666647e+00 1.1641814145e+00
   endloop
 endfacet
 facet normal  0.0000000000e+00 -1.0000000000e+00 0.0000000000e+00
   outer loop
     vertex 9.2506283552e+00 -1.1490666647e+00 1.1885765566e+00
     vertex 9.3607253130e+00 -1.1490666647e+00 1.1641814145e+00
     vertex 9.3607253130e+00 -1.1490666647e+00 1.1863260519e+00
   endloop
 endfacet
 facet normal  0.0000000000e+00 -1.0000000000e+00 0.0000000000e+00
   outer loop
     vertex 9.3607253130e+00 -1.1490666647e+00 1.1863260519e+00
     vertex 9.3607253130e+00 -1.1490666647e+00 1.1641814145e+00
     vertex 9.4707015071e+00 -1.1490666647e+00 1.1828940585e+00
   endloop
 endfacet
 facet normal  0.0000000000e+00 -1.0000000000e+00 0.0000000000e+00
   outer loop
     vertex 9.3607253130e+00 -1.1490666647e+00 1.1641814145e+00
     vertex 9.4707015071e+00 -1.1490666647e+00 1.1641814145e+00
     vertex 9.4707015071e+00 -1.1490666647e+00 1.1828940585e+00
   endloop
 endfacet
 facet normal  0.0000000000e+00 -1.0000000000e+00 0.0000000000e+00
   outer loop
     vertex 9.4707015071e+00 -1.1490666647e+00 1.1828940585e+00
     vertex 9.4707015071e+00 -1.1490666647e+00 1.1641814145e+00
     vertex 9.5720110527e+00 -1.1490666647e+00 1.1789494851e+00
   endloop
 endfacet
 facet normal  0.0000000000e+00 -1.0000000000e+00 0.0000000000e+00
   outer loop
     vertex 9.4707015071e+00 -1.1490666647e+00 1.1641814145e+00
     vertex 9.5720110527e+00 -1.1490666647e+00 1.1641814145e+00
     vertex 9.5720110527e+00 -1.1490666647e+00 1.1789494851e+00
   endloop
 endfacet
 facet normal  0.0000000000e+00 -1.0000000000e+00 0.0000000000e+00
   outer loop
     vertex 9.5720110527e+00 -1.1490666647e+00 1.1789494851e+00
     vertex 9.5720110527e+00 -1.1490666647e+00 1.1641814145e+00
     vertex 9.6586112246e+00 -1.1490666647e+00 1.1750893631e+00
   endloop
 endfacet
 facet normal  0.0000000000e+00 -1.0000000000e+00 0.0000000000e+00
   outer loop
     vertex 9.5720110527e+00 -1.1490666647e+00 1.1641814145e+00
     vertex 9.6586112246e+00 -1.1490666647e+00 1.1641814145e+00
     vertex 9.6586112246e+00 -1.1490666647e+00 1.1750893631e+00
   endloop
 endfacet
 facet normal  0.0000000000e+00 -1.0000000000e+00 0.0000000000e+00
   outer loop
     vertex 9.6586112246e+00 -1.1490666647e+00 1.1750893631e+00
     vertex 9.6586112246e+00 -1.1490666647e+00 1.1641814145e+00
     vertex 9.7280267563e+00 -1.1490666647e+00 1.1716999594e+00
   endloop
 endfacet
 facet normal  0.0000000000e+00 -1.0000000000e+00 0.0000000000e+00
   outer loop
     vertex 9.6586112246e+00 -1.1490666647e+00 1.1641814145e+00
     vertex 9.7280267563e+00 -1.1490666647e+00 1.1641814145e+00
     vertex 9.7280267563e+00 -1.1490666647e+00 1.1716999594e+00
   endloop
 endfacet
 facet normal  0.0000000000e+00 -1.0000000000e+00 0.0000000000e+00
   outer loop
     vertex 9.7280267563e+00 -1.1490666647e+00 1.1716999594e+00
     vertex 9.7280267563e+00 -1.1490666647e+00 1.1641814145e+00
     vertex 9.7808537277e+00 -1.1490666647e+00 1.1689478080e+00
   endloop
 endfacet
 facet normal  0.0000000000e+00 -1.0000000000e+00 0.0000000000e+00
   outer loop
     vertex 9.7280267563e+00 -1.1490666647e+00 1.1641814145e+00
     vertex 9.7808537277e+00 -1.1490666647e+00 1.1641814145e+00
     vertex 9.7808537277e+00 -1.1490666647e+00 1.1689478080e+00
   endloop
 endfacet
 facet normal  0.0000000000e+00 -1.0000000000e+00 0.0000000000e+00
   outer loop
     vertex 9.7808537277e+00 -1.1490666647e+00 1.1689478080e+00
     vertex 9.7808537277e+00 -1.1490666647e+00 1.1641814145e+00
     vertex 9.8194897880e+00 -1.1490666647e+00 1.1668376064e+00
   endloop
 endfacet
 facet normal  -0.0000000000e+00 -1.0000000000e+00 0.0000000000e+00
   outer loop
     vertex 9.7808537277e+00 -1.1490666647e+00 1.1641814145e+00
     vertex 9.8194897880e+00 -1.1490666647e+00 1.1641814145e+00
     vertex 9.8194897880e+00 -1.1490666647e+00 1.1668376064e+00
   endloop
 endfacet
 facet normal  0.0000000000e+00 -1.0000000000e+00 0.0000000000e+00
   outer loop
     vertex 9.8194897880e+00 -1.1490666647e+00 1.1668376064e+00
     vertex 9.8194897880e+00 -1.1490666647e+00 1.1641814145e+00
     vertex 9.8469334893e+00 -1.1490666647e+00 1.1652866374e+00
   endloop
 endfacet
 facet normal  0.0000000000e+00 -1.0000000000e+00 0.0000000000e+00
   outer loop
     vertex 9.8194897880e+00 -1.1490666647e+00 1.1641814145e+00
     vertex 9.8469334893e+00 -1.1490666647e+00 1.1641814145e+00
     vertex 9.8469334893e+00 -1.1490666647e+00 1.1652866374e+00
   endloop
 endfacet
 facet normal  0.0000000000e+00 -1.0000000000e+00 0.0000000000e+00
   outer loop
     vertex 9.8469334893e+00 -1.1490666647e+00 1.1652866374e+00
     vertex 9.8469334893e+00 -1.1490666647e+00 1.1641814145e+00
     vertex 9.8660254038e+00 -1.1490666647e+00 1.1641814145e+00
   endloop
 endfacet
 facet normal  -2.0699459100e-01 9.1197709878e-01 -3.5419064159e-01
   outer loop
     vertex 6.5000000000e+00 4.0000000000e-01 7.4000000000e-01
     vertex 6.7767824129e+00 4.6282225993e-01 7.4000000000e-01
     vertex 6.7766359784e+00 4.0892859706e-01 6.0131910506e-01
   endloop
 endfacet
 facet normal  -2.2006847638e-01 8.9792867100e-01 -3.8117445810e-01
   outer loop
     vertex 6.5000000000e+00 4.0000000000e-01 7.4000000000e-01
     vertex 6.7766359784e+00 4.0892859706e-01 6.0131910506e-01
     vertex 6.5000000000e+00 3.5126813264e-01 6.2520285144e-01
   endloop
 endfacet
 facet normal  -1.9345174075e-01 6.0974085318e-01 -7.6863028562e-01
   outer loop
     vertex 6.5000000000e+00 3.5126813264e-01 6.2520285144e-01
     vertex 6.7766359784e+00 4.0892859706e-01 6.0131910506e-01
     vertex 6.7763336343e+00 2.9141523390e-01 5.0817392113e-01
   endloop
 endfacet
 facet normal  -2.1436360463e-01 5.6633556162e-01 -7.9580919613e-01
   outer loop
     vertex 6.5000000000e+00 3.5126813264e-01 6.2520285144e-01
     vertex 6.7763336343e+00 2.9141523390e-01 5.0817392113e-01
     vertex 6.5000000000e+00 2.4792802478e-01 5.5166113025e-01
   endloop
 endfacet
 facet normal  -1.9791742704e-01 3.3727240058e-01 -9.2036732878e-01
   outer loop
     vertex 6.5000000000e+00 2.4792802478e-01 5.5166113025e-01
     vertex 6.7763336343e+00 2.9141523390e-01 5.0817392113e-01
     vertex 6.7760587513e+00 1.5000395546e-01 4.5641228671e-01
   endloop
 endfacet
 facet normal  -2.1370835531e-01 3.0138951223e-01 -9.2924329473e-01
   outer loop
     vertex 6.5000000000e+00 2.4792802478e-01 5.5166113025e-01
     vertex 6.7760587513e+00 1.5000395546e-01 4.5641228671e-01
     vertex 6.5000000000e+00 1.2682079932e-01 5.1238137670e-01
   endloop
 endfacet
 facet normal  -2.0621907897e-01 1.0760673936e-01 -9.7257106739e-01
   outer loop
     vertex 6.5000000000e+00 1.2682079932e-01 5.1238137670e-01
     vertex 6.7760587513e+00 1.5000395546e-01 4.5641228671e-01
     vertex 6.7759429503e+00 -1.0051525720e-15 4.3984017522e-01
   endloop
 endfacet
 facet normal  -2.1204937688e-01 9.4957263828e-02 -9.7263465896e-01
   outer loop
     vertex 6.5000000000e+00 1.2682079932e-01 5.1238137670e-01
     vertex 6.7759429503e+00 -1.0051525720e-15 4.3984017522e-01
     vertex 6.5000000000e+00 -9.9920072216e-16 5.0000000000e-01
   endloop
 endfacet
 facet normal  -2.1204937688e-01 -9.4957263828e-02 -9.7263465896e-01
   outer loop
     vertex 6.5000000000e+00 -9.9920072216e-16 5.0000000000e-01
     vertex 6.7759429503e+00 -1.0051525720e-15 4.3984017522e-01
     vertex 6.5000000000e+00 -1.2682079932e-01 5.1238137670e-01
   endloop
 endfacet
 facet normal  -2.0621907897e-01 -1.0760673936e-01 -9.7257106739e-01
   outer loop
     vertex 6.7759429503e+00 -1.0051525720e-15 4.3984017522e-01
     vertex 6.7760587513e+00 -1.5000395546e-01 4.5641228671e-01
     vertex 6.5000000000e+00 -1.2682079932e-01 5.1238137670e-01
   endloop
 endfacet
 facet normal  -2.1370835531e-01 -3.0138951223e-01 -9.2924329473e-01
   outer loop
     vertex 6.5000000000e+00 -1.2682079932e-01 5.1238137670e-01
     vertex 6.7760587513e+00 -1.5000395546e-01 4.5641228671e-01
     vertex 6.5000000000e+00 -2.4792802478e-01 5.5166113025e-01
   endloop
 endfacet
 facet normal  -1.9791742704e-01 -3.3727240058e-01 -9.2036732878e-01
   outer loop
     vertex 6.7760587513e+00 -1.5000395546e-01 4.5641228671e-01
     vertex 6.7763336343e+00 -2.9141523390e-01 5.0817392113e-01
     vertex 6.5000000000e+00 -2.4792802478e-01 5.5166113025e-01
   endloop
 endfacet
 facet normal  -2.1436360463e-01 -5.6633556162e-01 -7.9580919613e-01
   outer loop
     vertex 6.5000000000e+00 -2.4792802478e-01 5.5166113025e-01
     vertex 6.7763336343e+00 -2.9141523390e-01 5.0817392113e-01
     vertex 6.5000000000e+00 -3.5126813264e-01 6.2520285144e-01
   endloop
 endfacet
 facet normal  -1.9345174075e-01 -6.0974085318e-01 -7.6863028562e-01
   outer loop
     vertex 6.7763336343e+00 -2.9141523390e-01 5.0817392113e-01
     vertex 6.7766359784e+00 -4.0892859706e-01 6.0131910506e-01
     vertex 6.5000000000e+00 -3.5126813264e-01 6.2520285144e-01
   endloop
 endfacet
 facet normal  -2.2006847638e-01 -8.9792867100e-01 -3.8117445810e-01
   outer loop
     vertex 6.5000000000e+00 -3.5126813264e-01 6.2520285144e-01
     vertex 6.7766359784e+00 -4.0892859706e-01 6.0131910506e-01
     vertex 6.5000000000e+00 -4.0000000000e-01 7.4000000000e-01
   endloop
 endfacet
 facet normal  -2.0699459100e-01 -9.1197709878e-01 -3.5419064159e-01
   outer loop
     vertex 6.7766359784e+00 -4.0892859706e-01 6.0131910506e-01
     vertex 6.7767824129e+00 -4.6282225993e-01 7.4000000000e-01
     vertex 6.5000000000e+00 -4.0000000000e-01 7.4000000000e-01
   endloop
 endfacet
 facet normal  -2.1948580674e-01 -9.6701091697e-01 1.2928985688e-01
   outer loop
     vertex 6.5000000000e+00 -4.0000000000e-01 7.4000000000e-01
     vertex 6.7767824129e+00 -4.6282225993e-01 7.4000000000e-01
     vertex 6.7766359784e+00 -4.3447491278e-01 9.5177263656e-01
   endloop
 endfacet
 facet normal  -2.1247422836e-01 -9.6981060430e-01 1.1967495169e-01
   outer loop
     vertex 6.5000000000e+00 -4.0000000000e-01 7.4000000000e-01
     vertex 6.7766359784e+00 -4.3447491278e-01 9.5177263656e-01
     vertex 6.5000000000e+00 -3.7681444835e-01 9.2788889018e-01
   endloop
 endfacet
 facet normal  -2.2001392840e-01 -8.9184765953e-01 3.9522351082e-01
   outer loop
     vertex 6.5000000000e+00 -3.7681444835e-01 9.2788889018e-01
     vertex 6.7766359784e+00 -4.3447491278e-01 9.5177263656e-01
     vertex 6.7763336343e+00 -3.4823089079e-01 1.1462195942e+00
   endloop
 endfacet
 facet normal  -2.0126532971e-01 -9.0561682986e-01 3.7329669772e-01
   outer loop
     vertex 6.5000000000e+00 -3.7681444835e-01 9.2788889018e-01
     vertex 6.7763336343e+00 -3.4823089079e-01 1.1462195942e+00
     vertex 6.5000000000e+00 -3.0474368167e-01 1.1027323850e+00
   endloop
 endfacet
 facet normal  -2.1722256109e-01 -6.9975488450e-01 6.8055672840e-01
   outer loop
     vertex 6.5000000000e+00 -3.0474368167e-01 1.1027323850e+00
     vertex 6.7763336343e+00 -3.4823089079e-01 1.1462195942e+00
     vertex 6.7760587513e+00 -2.0076270873e-01 1.2977600398e+00
   endloop
 endfacet
 facet normal  -1.9497772555e-01 -7.2379985163e-01 6.6188931198e-01
   outer loop
     vertex 6.5000000000e+00 -3.0474368167e-01 1.1027323850e+00
     vertex 6.7760587513e+00 -2.0076270873e-01 1.2977600398e+00
     vertex 6.5000000000e+00 -1.7757955259e-01 1.2417909498e+00
   endloop
 endfacet
 facet normal  -2.1349667264e-01 -2.9007656856e-01 9.3288517790e-01
   outer loop
     vertex 6.5000000000e+00 -1.7757955259e-01 1.2417909498e+00
     vertex 6.7760587513e+00 -2.0076270873e-01 1.2977600398e+00
     vertex 6.7759429503e+00 8.2667408710e-16 1.3601598248e+00
   endloop
 endfacet
 facet normal  -2.0286186579e-01 -3.0500763550e-01 9.3049309814e-01
   outer loop
     vertex 6.5000000000e+00 -1.7757955259e-01 1.2417909498e+00
     vertex 6.7759429503e+00 8.2667408710e-16 1.3601598248e+00
     vertex 6.5000000000e+00 8.3266726847e-16 1.3000000000e+00
   endloop
 endfacet
 facet normal  -2.0286186579e-01 3.0500763550e-01 9.3049309814e-01
   outer loop
     vertex 6.5000000000e+00 8.3266726847e-16 1.3000000000e+00
     vertex 6.7759429503e+00 8.2667408710e-16 1.3601598248e+00
     vertex 6.5000000000e+00 1.7757955259e-01 1.2417909498e+00
   endloop
 endfacet
 facet normal  -2.1349667264e-01 2.9007656856e-01 9.3288517790e-01
   outer loop
     vertex 6.7759429503e+00 8.2667408710e-16 1.3601598248e+00
     vertex 6.7760587513e+00 2.0076270873e-01 1.2977600398e+00
     vertex 6.5000000000e+00 1.7757955259e-01 1.2417909498e+00
   endloop
 endfacet
 facet normal  -1.9497772555e-01 7.2379985163e-01 6.6188931198e-01
   outer loop
     vertex 6.5000000000e+00 1.7757955259e-01 1.2417909498e+00
     vertex 6.7760587513e+00 2.0076270873e-01 1.2977600398e+00
     vertex 6.5000000000e+00 3.0474368167e-01 1.1027323850e+00
   endloop
 endfacet
 facet normal  -2.1722256109e-01 6.9975488450e-01 6.8055672840e-01
   outer loop
     vertex 6.7760587513e+00 2.0076270873e-01 1.2977600398e+00
     vertex 6.7763336343e+00 3.4823089079e-01 1.1462195942e+00
     vertex 6.5000000000e+00 3.0474368167e-01 1.1027323850e+00
   endloop
 endfacet
 facet normal  -2.0126532971e-01 9.0561682986e-01 3.7329669772e-01
   outer loop
     vertex 6.5000000000e+00 3.0474368167e-01 1.1027323850e+00
     vertex 6.7763336343e+00 3.4823089079e-01 1.1462195942e+00
     vertex 6.5000000000e+00 3.7681444835e-01 9.2788889018e-01
   endloop
 endfacet
 facet normal  -2.2001392840e-01 8.9184765953e-01 3.9522351082e-01
   outer loop
     vertex 6.7763336343e+00 3.4823089079e-01 1.1462195942e+00
     vertex 6.7766359784e+00 4.3447491278e-01 9.5177263656e-01
     vertex 6.5000000000e+00 3.7681444835e-01 9.2788889018e-01
   endloop
 endfacet
 facet normal  -2.1247422836e-01 9.6981060430e-01 1.1967495169e-01
   outer loop
     vertex 6.5000000000e+00 3.7681444835e-01 9.2788889018e-01
     vertex 6.7766359784e+00 4.3447491278e-01 9.5177263656e-01
     vertex 6.5000000000e+00 4.0000000000e-01 7.4000000000e-01
   endloop
 endfacet
 facet normal  -2.1948580674e-01 9.6701091697e-01 1.2928985688e-01
   outer loop
     vertex 6.7766359784e+00 4.3447491278e-01 9.5177263656e-01
     vertex 6.7767824129e+00 4.6282225993e-01 7.4000000000e-01
     vertex 6.5000000000e+00 4.0000000000e-01 7.4000000000e-01
   endloop
 endfacet
 facet normal  -7.5656811864e-02 9.3195506613e-01 -3.5459244427e-01
   outer loop
     vertex 6.7767824129e+00 4.6282225993e-01 7.4000000000e-01
     vertex 7.1262986572e+00 4.9119625102e-01 7.4000000000e-01
     vertex 7.1258593538e+00 4.3438327527e-01 5.9077543212e-01
   endloop
 endfacet
 facet normal  -7.8631383092e-02 9.2923251154e-01 -3.6103191700e-01
   outer loop
     vertex 6.7767824129e+00 4.6282225993e-01 7.4000000000e-01
     vertex 7.1258593538e+00 4.3438327527e-01 5.9077543212e-01
     vertex 6.7766359784e+00 4.0892859706e-01 6.0131910506e-01
   endloop
 endfacet
 facet normal  -6.9138409944e-02 6.2719806340e-01 -7.7578506659e-01
   outer loop
     vertex 6.7766359784e+00 4.0892859706e-01 6.0131910506e-01
     vertex 7.1258593538e+00 4.3438327527e-01 5.9077543212e-01
     vertex 7.1249523215e+00 3.0960900164e-01 4.8998015340e-01
   endloop
 endfacet
 facet normal  -7.3121297039e-02 6.1962193927e-01 -7.8148699816e-01
   outer loop
     vertex 6.7766359784e+00 4.0892859706e-01 6.0131910506e-01
     vertex 7.1249523215e+00 3.0960900164e-01 4.8998015340e-01
     vertex 6.7763336343e+00 2.9141523390e-01 5.0817392113e-01
   endloop
 endfacet
 facet normal  -6.6909736859e-02 3.4638232120e-01 -9.3570421324e-01
   outer loop
     vertex 6.7763336343e+00 2.9141523390e-01 5.0817392113e-01
     vertex 7.1249523215e+00 3.0960900164e-01 4.8998015340e-01
     vertex 7.1241276724e+00 1.5914644794e-01 4.3434035739e-01
   endloop
 endfacet
 facet normal  -6.8416908310e-02 3.4304448466e-01 -9.3682421414e-01
   outer loop
     vertex 6.7763336343e+00 2.9141523390e-01 5.0817392113e-01
     vertex 7.1241276724e+00 1.5914644794e-01 4.3434035739e-01
     vertex 6.7760587513e+00 1.5000395546e-01 4.5641228671e-01
   endloop
 endfacet
 facet normal  -6.5769468041e-02 1.0951155017e-01 -9.9180723805e-01
   outer loop
     vertex 6.7760587513e+00 1.5000395546e-01 4.5641228671e-01
     vertex 7.1241276724e+00 1.5914644794e-01 4.3434035739e-01
     vertex 7.1237802695e+00 -1.0034166158e-15 4.1679105441e-01
   endloop
 endfacet
 facet normal  -6.5720599432e-02 1.0962245123e-01 -9.9179822595e-01
   outer loop
     vertex 6.7760587513e+00 1.5000395546e-01 4.5641228671e-01
     vertex 7.1237802695e+00 -1.0034166158e-15 4.1679105441e-01
     vertex 6.7759429503e+00 -1.0051525720e-15 4.3984017522e-01
   endloop
 endfacet
 facet normal  -6.5720599432e-02 -1.0962245123e-01 -9.9179822595e-01
   outer loop
     vertex 6.7759429503e+00 -1.0051525720e-15 4.3984017522e-01
     vertex 7.1237802695e+00 -1.0034166158e-15 4.1679105441e-01
     vertex 6.7760587513e+00 -1.5000395546e-01 4.5641228671e-01
   endloop
 endfacet
 facet normal  -6.5769468041e-02 -1.0951155017e-01 -9.9180723805e-01
   outer loop
     vertex 7.1237802695e+00 -1.0034166158e-15 4.1679105441e-01
     vertex 7.1241276724e+00 -1.5914644794e-01 4.3434035739e-01
     vertex 6.7760587513e+00 -1.5000395546e-01 4.5641228671e-01
   endloop
 endfacet
 facet normal  -6.8416908310e-02 -3.4304448466e-01 -9.3682421414e-01
   outer loop
     vertex 6.7760587513e+00 -1.5000395546e-01 4.5641228671e-01
     vertex 7.1241276724e+00 -1.5914644794e-01 4.3434035739e-01
     vertex 6.7763336343e+00 -2.9141523390e-01 5.0817392113e-01
   endloop
 endfacet
 facet normal  -6.6909736859e-02 -3.4638232120e-01 -9.3570421324e-01
   outer loop
     vertex 7.1241276724e+00 -1.5914644794e-01 4.3434035739e-01
     vertex 7.1249523215e+00 -3.0960900164e-01 4.8998015340e-01
     vertex 6.7763336343e+00 -2.9141523390e-01 5.0817392113e-01
   endloop
 endfacet
 facet normal  -7.3121297039e-02 -6.1962193927e-01 -7.8148699816e-01
   outer loop
     vertex 6.7763336343e+00 -2.9141523390e-01 5.0817392113e-01
     vertex 7.1249523215e+00 -3.0960900164e-01 4.8998015340e-01
     vertex 6.7766359784e+00 -4.0892859706e-01 6.0131910506e-01
   endloop
 endfacet
 facet normal  -6.9138409944e-02 -6.2719806340e-01 -7.7578506659e-01
   outer loop
     vertex 7.1249523215e+00 -3.0960900164e-01 4.8998015340e-01
     vertex 7.1258593538e+00 -4.3438327527e-01 5.9077543212e-01
     vertex 6.7766359784e+00 -4.0892859706e-01 6.0131910506e-01
   endloop
 endfacet
 facet normal  -7.8631383092e-02 -9.2923251154e-01 -3.6103191700e-01
   outer loop
     vertex 6.7766359784e+00 -4.0892859706e-01 6.0131910506e-01
     vertex 7.1258593538e+00 -4.3438327527e-01 5.9077543212e-01
     vertex 6.7767824129e+00 -4.6282225993e-01 7.4000000000e-01
   endloop
 endfacet
 facet normal  -7.5656811864e-02 -9.3195506613e-01 -3.5459244427e-01
   outer loop
     vertex 7.1258593538e+00 -4.3438327527e-01 5.9077543212e-01
     vertex 7.1262986572e+00 -4.9119625102e-01 7.4000000000e-01
     vertex 6.7767824129e+00 -4.6282225993e-01 7.4000000000e-01
   endloop
 endfacet
 facet normal  -8.0132855728e-02 -9.8709182979e-01 1.3866666864e-01
   outer loop
     vertex 6.7767824129e+00 -4.6282225993e-01 7.4000000000e-01
     vertex 7.1262986572e+00 -4.9119625102e-01 7.4000000000e-01
     vertex 7.1258593538e+00 -4.5992959098e-01 9.6231630950e-01
   endloop
 endfacet
 facet normal  -7.6028937569e-02 -9.8829782414e-01 1.3223846435e-01
   outer loop
     vertex 6.7767824129e+00 -4.6282225993e-01 7.4000000000e-01
     vertex 7.1258593538e+00 -4.5992959098e-01 9.6231630950e-01
     vertex 6.7766359784e+00 -4.3447491278e-01 9.5177263656e-01
   endloop
 endfacet
 facet normal  -7.8586972244e-02 -9.0489456881e-01 4.1831794981e-01
   outer loop
     vertex 6.7766359784e+00 -4.3447491278e-01 9.5177263656e-01
     vertex 7.1258593538e+00 -4.5992959098e-01 9.6231630950e-01
     vertex 7.1249523215e+00 -3.6642465853e-01 1.1644133619e+00
   endloop
 endfacet
 facet normal  -6.8700315223e-02 -9.1199967424e-01 4.0439691007e-01
   outer loop
     vertex 6.7766359784e+00 -4.3447491278e-01 9.5177263656e-01
     vertex 7.1249523215e+00 -3.6642465853e-01 1.1644133619e+00
     vertex 6.7763336343e+00 -3.4823089079e-01 1.1462195942e+00
   endloop
 endfacet
 facet normal  -7.3604617310e-02 -7.0289096233e-01 7.0747908477e-01
   outer loop
     vertex 6.7763336343e+00 -3.4823089079e-01 1.1462195942e+00
     vertex 7.1249523215e+00 -3.6642465853e-01 1.1644133619e+00
     vertex 7.1241276724e+00 -2.0990520121e-01 1.3198319691e+00
   endloop
 endfacet
 facet normal  -6.2921798474e-02 -7.1530749334e-01 6.9597129053e-01
   outer loop
     vertex 6.7763336343e+00 -3.4823089079e-01 1.1462195942e+00
     vertex 7.1241276724e+00 -2.0990520121e-01 1.3198319691e+00
     vertex 6.7760587513e+00 -2.0076270873e-01 1.2977600398e+00
   endloop
 endfacet
 facet normal  -6.8139931761e-02 -2.8847529831e-01 9.5505965885e-01
   outer loop
     vertex 6.7760587513e+00 -2.0076270873e-01 1.2977600398e+00
     vertex 7.1241276724e+00 -2.0990520121e-01 1.3198319691e+00
     vertex 7.1237802695e+00 8.2212753571e-16 1.3832089456e+00
   endloop
 endfacet
 facet normal  -6.3151057087e-02 -2.9624831258e-01 9.5302092384e-01
   outer loop
     vertex 6.7760587513e+00 -2.0076270873e-01 1.2977600398e+00
     vertex 7.1237802695e+00 8.2212753571e-16 1.3832089456e+00
     vertex 6.7759429503e+00 8.2667408710e-16 1.3601598248e+00
   endloop
 endfacet
 facet normal  -6.3151057087e-02 2.9624831258e-01 9.5302092384e-01
   outer loop
     vertex 6.7759429503e+00 8.2667408710e-16 1.3601598248e+00
     vertex 7.1237802695e+00 8.2212753571e-16 1.3832089456e+00
     vertex 6.7760587513e+00 2.0076270873e-01 1.2977600398e+00
   endloop
 endfacet
 facet normal  -6.8139931761e-02 2.8847529831e-01 9.5505965885e-01
   outer loop
     vertex 7.1237802695e+00 8.2212753571e-16 1.3832089456e+00
     vertex 7.1241276724e+00 2.0990520121e-01 1.3198319691e+00
     vertex 6.7760587513e+00 2.0076270873e-01 1.2977600398e+00
   endloop
 endfacet
 facet normal  -6.2921798474e-02 7.1530749334e-01 6.9597129053e-01
   outer loop
     vertex 6.7760587513e+00 2.0076270873e-01 1.2977600398e+00
     vertex 7.1241276724e+00 2.0990520121e-01 1.3198319691e+00
     vertex 6.7763336343e+00 3.4823089079e-01 1.1462195942e+00
   endloop
 endfacet
 facet normal  -7.3604617310e-02 7.0289096233e-01 7.0747908477e-01
   outer loop
     vertex 7.1241276724e+00 2.0990520121e-01 1.3198319691e+00
     vertex 7.1249523215e+00 3.6642465853e-01 1.1644133619e+00
     vertex 6.7763336343e+00 3.4823089079e-01 1.1462195942e+00
   endloop
 endfacet
 facet normal  -6.8700315223e-02 9.1199967424e-01 4.0439691007e-01
   outer loop
     vertex 6.7763336343e+00 3.4823089079e-01 1.1462195942e+00
     vertex 7.1249523215e+00 3.6642465853e-01 1.1644133619e+00
     vertex 6.7766359784e+00 4.3447491278e-01 9.5177263656e-01
   endloop
 endfacet
 facet normal  -7.8586972244e-02 9.0489456881e-01 4.1831794981e-01
   outer loop
     vertex 7.1249523215e+00 3.6642465853e-01 1.1644133619e+00
     vertex 7.1258593538e+00 4.5992959098e-01 9.6231630950e-01
     vertex 6.7766359784e+00 4.3447491278e-01 9.5177263656e-01
   endloop
 endfacet
 facet normal  -7.6028937569e-02 9.8829782414e-01 1.3223846435e-01
   outer loop
     vertex 6.7766359784e+00 4.3447491278e-01 9.5177263656e-01
     vertex 7.1258593538e+00 4.5992959098e-01 9.6231630950e-01
     vertex 6.7767824129e+00 4.6282225993e-01 7.4000000000e-01
   endloop
 endfacet
 facet normal  -8.0132855728e-02 9.8709182979e-01 1.3866666864e-01
   outer loop
     vertex 7.1258593538e+00 4.5992959098e-01 9.6231630950e-01
     vertex 7.1262986572e+00 4.9119625102e-01 7.4000000000e-01
     vertex 6.7767824129e+00 4.6282225993e-01 7.4000000000e-01
   endloop
 endfacet
 facet normal  7.6740470005e-03 9.3268138496e-01 -3.6061966550e-01
   outer loop
     vertex 7.1262986572e+00 4.9119625102e-01 7.4000000000e-01
     vertex 7.4954236951e+00 4.8815911214e-01 7.4000000000e-01
     vertex 7.4947647400e+00 4.3100772127e-01 5.9217363237e-01
   endloop
 endfacet
 facet normal  9.8994739002e-03 9.3450406532e-01 -3.5581477248e-01
   outer loop
     vertex 7.1262986572e+00 4.9119625102e-01 7.4000000000e-01
     vertex 7.4947647400e+00 4.3100772127e-01 5.9217363237e-01
     vertex 7.1258593538e+00 4.3438327527e-01 5.9077543212e-01
   endloop
 endfacet
 facet normal  8.6439929501e-03 6.1956332715e-01 -7.8489907952e-01
   outer loop
     vertex 7.1258593538e+00 4.3438327527e-01 5.9077543212e-01
     vertex 7.4947647400e+00 4.3100772127e-01 5.9217363237e-01
     vertex 7.4934041916e+00 3.0605916482e-01 4.9352999022e-01
   endloop
 endfacet
 facet normal  1.3547498037e-02 6.2828042716e-01 -7.7786899292e-01
   outer loop
     vertex 7.1258593538e+00 4.3438327527e-01 5.9077543212e-01
     vertex 7.4934041916e+00 3.0605916482e-01 4.9352999022e-01
     vertex 7.1249523215e+00 3.0960900164e-01 4.8998015340e-01
   endloop
 endfacet
 facet normal  1.2309804079e-02 3.3584865426e-01 -9.4183552182e-01
   outer loop
     vertex 7.1249523215e+00 3.0960900164e-01 4.8998015340e-01
     vertex 7.4934041916e+00 3.0605916482e-01 4.9352999022e-01
     vertex 7.4921672180e+00 1.5669736234e-01 4.4025297305e-01
   endloop
 endfacet
 facet normal  1.7373238584e-02 3.4670087814e-01 -9.3781483870e-01
   outer loop
     vertex 7.1249523215e+00 3.0960900164e-01 4.8998015340e-01
     vertex 7.4921672180e+00 1.5669736234e-01 4.4025297305e-01
     vertex 7.1241276724e+00 1.5914644794e-01 4.3434035739e-01
   endloop
 endfacet
 facet normal  1.6668945209e-02 1.0421789661e-01 -9.9441479087e-01
   outer loop
     vertex 7.1241276724e+00 1.5914644794e-01 4.3434035739e-01
     vertex 7.4921672180e+00 1.5669736234e-01 4.4025297305e-01
     vertex 7.4916461136e+00 -9.9870473468e-16 4.2382184600e-01
   endloop
 endfacet
 facet normal  1.8993886547e-02 1.0954628614e-01 -9.9380020299e-01
   outer loop
     vertex 7.1241276724e+00 1.5914644794e-01 4.3434035739e-01
     vertex 7.4916461136e+00 -9.9870473468e-16 4.2382184600e-01
     vertex 7.1237802695e+00 -1.0034166158e-15 4.1679105441e-01
   endloop
 endfacet
 facet normal  1.8993886547e-02 -1.0954628614e-01 -9.9380020299e-01
   outer loop
     vertex 7.1237802695e+00 -1.0034166158e-15 4.1679105441e-01
     vertex 7.4916461136e+00 -9.9870473468e-16 4.2382184600e-01
     vertex 7.1241276724e+00 -1.5914644794e-01 4.3434035739e-01
   endloop
 endfacet
 facet normal  1.6668945209e-02 -1.0421789661e-01 -9.9441479087e-01
   outer loop
     vertex 7.4916461136e+00 -9.9870473468e-16 4.2382184600e-01
     vertex 7.4921672180e+00 -1.5669736234e-01 4.4025297305e-01
     vertex 7.1241276724e+00 -1.5914644794e-01 4.3434035739e-01
   endloop
 endfacet
 facet normal  1.7373238584e-02 -3.4670087814e-01 -9.3781483870e-01
   outer loop
     vertex 7.1241276724e+00 -1.5914644794e-01 4.3434035739e-01
     vertex 7.4921672180e+00 -1.5669736234e-01 4.4025297305e-01
     vertex 7.1249523215e+00 -3.0960900164e-01 4.8998015340e-01
   endloop
 endfacet
 facet normal  1.2309804079e-02 -3.3584865426e-01 -9.4183552182e-01
   outer loop
     vertex 7.4921672180e+00 -1.5669736234e-01 4.4025297305e-01
     vertex 7.4934041916e+00 -3.0605916482e-01 4.9352999022e-01
     vertex 7.1249523215e+00 -3.0960900164e-01 4.8998015340e-01
   endloop
 endfacet
 facet normal  1.3547498037e-02 -6.2828042716e-01 -7.7786899292e-01
   outer loop
     vertex 7.1249523215e+00 -3.0960900164e-01 4.8998015340e-01
     vertex 7.4934041916e+00 -3.0605916482e-01 4.9352999022e-01
     vertex 7.1258593538e+00 -4.3438327527e-01 5.9077543212e-01
   endloop
 endfacet
 facet normal  8.6439929501e-03 -6.1956332715e-01 -7.8489907952e-01
   outer loop
     vertex 7.4934041916e+00 -3.0605916482e-01 4.9352999022e-01
     vertex 7.4947647400e+00 -4.3100772127e-01 5.9217363237e-01
     vertex 7.1258593538e+00 -4.3438327527e-01 5.9077543212e-01
   endloop
 endfacet
 facet normal  9.8994739002e-03 -9.3450406532e-01 -3.5581477248e-01
   outer loop
     vertex 7.1258593538e+00 -4.3438327527e-01 5.9077543212e-01
     vertex 7.4947647400e+00 -4.3100772127e-01 5.9217363237e-01
     vertex 7.1262986572e+00 -4.9119625102e-01 7.4000000000e-01
   endloop
 endfacet
 facet normal  7.6740470005e-03 -9.3268138496e-01 -3.6061966550e-01
   outer loop
     vertex 7.4947647400e+00 -4.3100772127e-01 5.9217363237e-01
     vertex 7.4954236951e+00 -4.8815911214e-01 7.4000000000e-01
     vertex 7.1262986572e+00 -4.9119625102e-01 7.4000000000e-01
   endloop
 endfacet
 facet normal  8.1447131887e-03 -9.8988478654e-01 1.4163958848e-01
   outer loop
     vertex 7.1262986572e+00 -4.9119625102e-01 7.4000000000e-01
     vertex 7.4954236951e+00 -4.8815911214e-01 7.4000000000e-01
     vertex 7.4947647400e+00 -4.5655403698e-01 9.6091810925e-01
   endloop
 endfacet
 facet normal  9.5884722875e-03 -9.9020633684e-01 1.3928198617e-01
   outer loop
     vertex 7.1262986572e+00 -4.9119625102e-01 7.4000000000e-01
     vertex 7.4947647400e+00 -4.5655403698e-01 9.6091810925e-01
     vertex 7.1258593538e+00 -4.5992959098e-01 9.6231630950e-01
   endloop
 endfacet
 facet normal  9.8933528807e-03 -9.0546740540e-01 4.2430048236e-01
   outer loop
     vertex 7.1258593538e+00 -4.5992959098e-01 9.6231630950e-01
     vertex 7.4947647400e+00 -4.5655403698e-01 9.6091810925e-01
     vertex 7.4934041916e+00 -3.6287482171e-01 1.1608635251e+00
   endloop
 endfacet
 facet normal  1.2788703354e-02 -9.0747097429e-01 4.1992008750e-01
   outer loop
     vertex 7.1258593538e+00 -4.5992959098e-01 9.6231630950e-01
     vertex 7.4934041916e+00 -3.6287482171e-01 1.1608635251e+00
     vertex 7.1249523215e+00 -3.6642465853e-01 1.1644133619e+00
   endloop
 endfacet
 facet normal  1.3623519490e-02 -7.0154967876e-01 7.1249031429e-01
   outer loop
     vertex 7.1249523215e+00 -3.6642465853e-01 1.1644133619e+00
     vertex 7.4934041916e+00 -3.6287482171e-01 1.1608635251e+00
     vertex 7.4921672180e+00 -2.0745611561e-01 1.3139193535e+00
   endloop
 endfacet
 facet normal  1.6086862568e-02 -7.0447311077e-01 7.0954834159e-01
   outer loop
     vertex 7.1249523215e+00 -3.6642465853e-01 1.1644133619e+00
     vertex 7.4921672180e+00 -2.0745611561e-01 1.3139193535e+00
     vertex 7.1241276724e+00 -2.0990520121e-01 1.3198319691e+00
   endloop
 endfacet
 facet normal  1.7297276001e-02 -2.8735806134e-01 9.5766703443e-01
   outer loop
     vertex 7.1241276724e+00 -2.0990520121e-01 1.3198319691e+00
     vertex 7.4921672180e+00 -2.0745611561e-01 1.3139193535e+00
     vertex 7.4916461136e+00 8.2057757501e-16 1.3761781540e+00
   endloop
 endfacet
 facet normal  1.8293682786e-02 -2.8896763310e-01 9.5716406545e-01
   outer loop
     vertex 7.1241276724e+00 -2.0990520121e-01 1.3198319691e+00
     vertex 7.4916461136e+00 8.2057757501e-16 1.3761781540e+00
     vertex 7.1237802695e+00 8.2212753571e-16 1.3832089456e+00
   endloop
 endfacet
 facet normal  1.8293682786e-02 2.8896763310e-01 9.5716406545e-01
   outer loop
     vertex 7.1237802695e+00 8.2212753571e-16 1.3832089456e+00
     vertex 7.4916461136e+00 8.2057757501e-16 1.3761781540e+00
     vertex 7.1241276724e+00 2.0990520121e-01 1.3198319691e+00
   endloop
 endfacet
 facet normal  1.7297276001e-02 2.8735806134e-01 9.5766703443e-01
   outer loop
     vertex 7.4916461136e+00 8.2057757501e-16 1.3761781540e+00
     vertex 7.4921672180e+00 2.0745611561e-01 1.3139193535e+00
     vertex 7.1241276724e+00 2.0990520121e-01 1.3198319691e+00
   endloop
 endfacet
 facet normal  1.6086862568e-02 7.0447311077e-01 7.0954834159e-01
   outer loop
     vertex 7.1241276724e+00 2.0990520121e-01 1.3198319691e+00
     vertex 7.4921672180e+00 2.0745611561e-01 1.3139193535e+00
     vertex 7.1249523215e+00 3.6642465853e-01 1.1644133619e+00
   endloop
 endfacet
 facet normal  1.3623519490e-02 7.0154967876e-01 7.1249031429e-01
   outer loop
     vertex 7.4921672180e+00 2.0745611561e-01 1.3139193535e+00
     vertex 7.4934041916e+00 3.6287482171e-01 1.1608635251e+00
     vertex 7.1249523215e+00 3.6642465853e-01 1.1644133619e+00
   endloop
 endfacet
 facet normal  1.2788703354e-02 9.0747097429e-01 4.1992008750e-01
   outer loop
     vertex 7.1249523215e+00 3.6642465853e-01 1.1644133619e+00
     vertex 7.4934041916e+00 3.6287482171e-01 1.1608635251e+00
     vertex 7.1258593538e+00 4.5992959098e-01 9.6231630950e-01
   endloop
 endfacet
 facet normal  9.8933528807e-03 9.0546740540e-01 4.2430048236e-01
   outer loop
     vertex 7.4934041916e+00 3.6287482171e-01 1.1608635251e+00
     vertex 7.4947647400e+00 4.5655403698e-01 9.6091810925e-01
     vertex 7.1258593538e+00 4.5992959098e-01 9.6231630950e-01
   endloop
 endfacet
 facet normal  9.5884722875e-03 9.9020633684e-01 1.3928198617e-01
   outer loop
     vertex 7.1258593538e+00 4.5992959098e-01 9.6231630950e-01
     vertex 7.4947647400e+00 4.5655403698e-01 9.6091810925e-01
     vertex 7.1262986572e+00 4.9119625102e-01 7.4000000000e-01
   endloop
 endfacet
 facet normal  8.1447131887e-03 9.8988478654e-01 1.4163958848e-01
   outer loop
     vertex 7.4947647400e+00 4.5655403698e-01 9.6091810925e-01
     vertex 7.4954236951e+00 4.8815911214e-01 7.4000000000e-01
     vertex 7.1262986572e+00 4.9119625102e-01 7.4000000000e-01
   endloop
 endfacet
 facet normal  8.6514726838e-02 9.2435716686e-01 -3.7158986816e-01
   outer loop
     vertex 7.4954236951e+00 4.8815911214e-01 7.4000000000e-01
     vertex 7.8310324887e+00 4.5674798218e-01 7.4000000000e-01
     vertex 7.8304467508e+00 4.0217748906e-01 6.0411550556e-01
   endloop
 endfacet
 facet normal  9.2537618630e-02 9.2857942023e-01 -3.5941208864e-01
   outer loop
     vertex 7.4954236951e+00 4.8815911214e-01 7.4000000000e-01
     vertex 7.8304467508e+00 4.0217748906e-01 6.0411550556e-01
     vertex 7.4947647400e+00 4.3100772127e-01 5.9217363237e-01
   endloop
 endfacet
 facet normal  7.9818965244e-02 5.9948693367e-01 -7.9639459387e-01
   outer loop
     vertex 7.4947647400e+00 4.3100772127e-01 5.9217363237e-01
     vertex 7.8304467508e+00 4.0217748906e-01 6.0411550556e-01
     vertex 7.8292373745e+00 2.8431556026e-01 5.1527359478e-01
   endloop
 endfacet
 facet normal  9.0554542786e-02 6.1649102675e-01 -7.8213725696e-01
   outer loop
     vertex 7.4947647400e+00 4.3100772127e-01 5.9217363237e-01
     vertex 7.8292373745e+00 2.8431556026e-01 5.1527359478e-01
     vertex 7.4934041916e+00 3.0605916482e-01 4.9352999022e-01
   endloop
 endfacet
 facet normal  8.1763967732e-02 3.1844959124e-01 -9.4440696282e-01
   outer loop
     vertex 7.4934041916e+00 3.0605916482e-01 4.9352999022e-01
     vertex 7.8292373745e+00 2.8431556026e-01 5.1527359478e-01
     vertex 7.8281378424e+00 1.4510578427e-01 4.6823751804e-01
   endloop
 endfacet
 facet normal  8.9678468107e-02 3.3395192624e-01 -9.3831438405e-01
   outer loop
     vertex 7.4934041916e+00 3.0605916482e-01 4.9352999022e-01
     vertex 7.8281378424e+00 1.4510578427e-01 4.6823751804e-01
     vertex 7.4921672180e+00 1.5669736234e-01 4.4025297305e-01
   endloop
 endfacet
 facet normal  8.5956679925e-02 9.7680965270e-02 -9.9149880393e-01
   outer loop
     vertex 7.4921672180e+00 1.5669736234e-01 4.4025297305e-01
     vertex 7.8281378424e+00 1.4510578427e-01 4.6823751804e-01
     vertex 7.8276746384e+00 -9.9572880977e-16 4.5390175839e-01
   endloop
 endfacet
 facet normal  8.8679819576e-02 1.0358463805e-01 -9.9065943309e-01
   outer loop
     vertex 7.4921672180e+00 1.5669736234e-01 4.4025297305e-01
     vertex 7.8276746384e+00 -9.9572880977e-16 4.5390175839e-01
     vertex 7.4916461136e+00 -9.9870473468e-16 4.2382184600e-01
   endloop
 endfacet
 facet normal  8.8679819576e-02 -1.0358463805e-01 -9.9065943309e-01
   outer loop
     vertex 7.4916461136e+00 -9.9870473468e-16 4.2382184600e-01
     vertex 7.8276746384e+00 -9.9572880977e-16 4.5390175839e-01
     vertex 7.4921672180e+00 -1.5669736234e-01 4.4025297305e-01
   endloop
 endfacet
 facet normal  8.5956679925e-02 -9.7680965270e-02 -9.9149880393e-01
   outer loop
     vertex 7.8276746384e+00 -9.9572880977e-16 4.5390175839e-01
     vertex 7.8281378424e+00 -1.4510578427e-01 4.6823751804e-01
     vertex 7.4921672180e+00 -1.5669736234e-01 4.4025297305e-01
   endloop
 endfacet
 facet normal  8.9678468107e-02 -3.3395192624e-01 -9.3831438405e-01
   outer loop
     vertex 7.4921672180e+00 -1.5669736234e-01 4.4025297305e-01
     vertex 7.8281378424e+00 -1.4510578427e-01 4.6823751804e-01
     vertex 7.4934041916e+00 -3.0605916482e-01 4.9352999022e-01
   endloop
 endfacet
 facet normal  8.1763967732e-02 -3.1844959124e-01 -9.4440696282e-01
   outer loop
     vertex 7.8281378424e+00 -1.4510578427e-01 4.6823751804e-01
     vertex 7.8292373745e+00 -2.8431556026e-01 5.1527359478e-01
     vertex 7.4934041916e+00 -3.0605916482e-01 4.9352999022e-01
   endloop
 endfacet
 facet normal  9.0554542786e-02 -6.1649102675e-01 -7.8213725696e-01
   outer loop
     vertex 7.4934041916e+00 -3.0605916482e-01 4.9352999022e-01
     vertex 7.8292373745e+00 -2.8431556026e-01 5.1527359478e-01
     vertex 7.4947647400e+00 -4.3100772127e-01 5.9217363237e-01
   endloop
 endfacet
 facet normal  7.9818965244e-02 -5.9948693367e-01 -7.9639459387e-01
   outer loop
     vertex 7.8292373745e+00 -2.8431556026e-01 5.1527359478e-01
     vertex 7.8304467508e+00 -4.0217748906e-01 6.0411550556e-01
     vertex 7.4947647400e+00 -4.3100772127e-01 5.9217363237e-01
   endloop
 endfacet
 facet normal  9.2537618630e-02 -9.2857942023e-01 -3.5941208864e-01
   outer loop
     vertex 7.4947647400e+00 -4.3100772127e-01 5.9217363237e-01
     vertex 7.8304467508e+00 -4.0217748906e-01 6.0411550556e-01
     vertex 7.4954236951e+00 -4.8815911214e-01 7.4000000000e-01
   endloop
 endfacet
 facet normal  8.6514726838e-02 -9.2435716686e-01 -3.7158986816e-01
   outer loop
     vertex 7.8304467508e+00 -4.0217748906e-01 6.0411550556e-01
     vertex 7.8310324887e+00 -4.5674798218e-01 7.4000000000e-01
     vertex 7.4954236951e+00 -4.8815911214e-01 7.4000000000e-01
   endloop
 endfacet
 facet normal  9.2305542101e-02 -9.8622850121e-01 1.3723348829e-01
   outer loop
     vertex 7.4954236951e+00 -4.8815911214e-01 7.4000000000e-01
     vertex 7.8310324887e+00 -4.5674798218e-01 7.4000000000e-01
     vertex 7.8304467508e+00 -4.2772380477e-01 9.4897623606e-01
   endloop
 endfacet
 facet normal  8.9701103257e-02 -9.8589284361e-01 1.4131175817e-01
   outer loop
     vertex 7.4954236951e+00 -4.8815911214e-01 7.4000000000e-01
     vertex 7.8304467508e+00 -4.2772380477e-01 9.4897623606e-01
     vertex 7.4947647400e+00 -4.5655403698e-01 9.6091810925e-01
   endloop
 endfacet
 facet normal  9.2505963924e-02 -9.0594687886e-01 4.1316207391e-01
   outer loop
     vertex 7.4947647400e+00 -4.5655403698e-01 9.6091810925e-01
     vertex 7.8304467508e+00 -4.2772380477e-01 9.4897623606e-01
     vertex 7.8292373745e+00 -3.4113121715e-01 1.1391199205e+00
   endloop
 endfacet
 facet normal  8.5797455039e-02 -9.0197408568e-01 4.2318027539e-01
   outer loop
     vertex 7.4947647400e+00 -4.5655403698e-01 9.6091810925e-01
     vertex 7.8292373745e+00 -3.4113121715e-01 1.1391199205e+00
     vertex 7.4934041916e+00 -3.6287482171e-01 1.1608635251e+00
   endloop
 endfacet
 facet normal  9.1181135078e-02 -7.0754223402e-01 7.0076386014e-01
   outer loop
     vertex 7.4934041916e+00 -3.6287482171e-01 1.1608635251e+00
     vertex 7.8292373745e+00 -3.4113121715e-01 1.1391199205e+00
     vertex 7.8281378424e+00 -1.9586453754e-01 1.2859348085e+00
   endloop
 endfacet
 facet normal  8.3282155275e-02 -6.9889567212e-01 7.1035830544e-01
   outer loop
     vertex 7.4934041916e+00 -3.6287482171e-01 1.1608635251e+00
     vertex 7.8281378424e+00 -1.9586453754e-01 1.2859348085e+00
     vertex 7.4921672180e+00 -2.0745611561e-01 1.3139193535e+00
   endloop
 endfacet
 facet normal  8.9392603419e-02 -2.9225974133e-01 9.5215188182e-01
   outer loop
     vertex 7.4921672180e+00 -2.0745611561e-01 1.3139193535e+00
     vertex 7.8281378424e+00 -1.9586453754e-01 1.2859348085e+00
     vertex 7.8276746384e+00 8.2357416570e-16 1.3460982416e+00
   endloop
 endfacet
 facet normal  8.5430072390e-02 -2.8619322258e-01 9.5435587811e-01
   outer loop
     vertex 7.4921672180e+00 -2.0745611561e-01 1.3139193535e+00
     vertex 7.8276746384e+00 8.2357416570e-16 1.3460982416e+00
     vertex 7.4916461136e+00 8.2057757501e-16 1.3761781540e+00
   endloop
 endfacet
 facet normal  8.5430072390e-02 2.8619322258e-01 9.5435587811e-01
   outer loop
     vertex 7.4916461136e+00 8.2057757501e-16 1.3761781540e+00
     vertex 7.8276746384e+00 8.2357416570e-16 1.3460982416e+00
     vertex 7.4921672180e+00 2.0745611561e-01 1.3139193535e+00
   endloop
 endfacet
 facet normal  8.9392603419e-02 2.9225974133e-01 9.5215188182e-01
   outer loop
     vertex 7.8276746384e+00 8.2357416570e-16 1.3460982416e+00
     vertex 7.8281378424e+00 1.9586453754e-01 1.2859348085e+00
     vertex 7.4921672180e+00 2.0745611561e-01 1.3139193535e+00
   endloop
 endfacet
 facet normal  8.3282155275e-02 6.9889567212e-01 7.1035830544e-01
   outer loop
     vertex 7.4921672180e+00 2.0745611561e-01 1.3139193535e+00
     vertex 7.8281378424e+00 1.9586453754e-01 1.2859348085e+00
     vertex 7.4934041916e+00 3.6287482171e-01 1.1608635251e+00
   endloop
 endfacet
 facet normal  9.1181135078e-02 7.0754223402e-01 7.0076386014e-01
   outer loop
     vertex 7.8281378424e+00 1.9586453754e-01 1.2859348085e+00
     vertex 7.8292373745e+00 3.4113121715e-01 1.1391199205e+00
     vertex 7.4934041916e+00 3.6287482171e-01 1.1608635251e+00
   endloop
 endfacet
 facet normal  8.5797455039e-02 9.0197408568e-01 4.2318027539e-01
   outer loop
     vertex 7.4934041916e+00 3.6287482171e-01 1.1608635251e+00
     vertex 7.8292373745e+00 3.4113121715e-01 1.1391199205e+00
     vertex 7.4947647400e+00 4.5655403698e-01 9.6091810925e-01
   endloop
 endfacet
 facet normal  9.2505963924e-02 9.0594687886e-01 4.1316207391e-01
   outer loop
     vertex 7.8292373745e+00 3.4113121715e-01 1.1391199205e+00
     vertex 7.8304467508e+00 4.2772380477e-01 9.4897623606e-01
     vertex 7.4947647400e+00 4.5655403698e-01 9.6091810925e-01
   endloop
 endfacet
 facet normal  8.9701103257e-02 9.8589284361e-01 1.4131175817e-01
   outer loop
     vertex 7.4947647400e+00 4.5655403698e-01 9.6091810925e-01
     vertex 7.8304467508e+00 4.2772380477e-01 9.4897623606e-01
     vertex 7.4954236951e+00 4.8815911214e-01 7.4000000000e-01
   endloop
 endfacet
 facet normal  9.2305542101e-02 9.8622850121e-01 1.3723348829e-01
   outer loop
     vertex 7.8304467508e+00 4.2772380477e-01 9.4897623606e-01
     vertex 7.8310324887e+00 4.5674798218e-01 7.4000000000e-01
     vertex 7.4954236951e+00 4.8815911214e-01 7.4000000000e-01
   endloop
 endfacet
 facet normal  2.0534051976e-01 9.0087992921e-01 -3.8242727949e-01
   outer loop
     vertex 7.8310324887e+00 4.5674798218e-01 7.4000000000e-01
     vertex 8.0800000000e+00 4.0000000000e-01 7.4000000000e-01
     vertex 8.0800000000e+00 3.5126813264e-01 6.2520285144e-01
   endloop
 endfacet
 facet normal  2.1560614332e-01 9.0581840610e-01 -3.6470125602e-01
   outer loop
     vertex 7.8310324887e+00 4.5674798218e-01 7.4000000000e-01
     vertex 8.0800000000e+00 3.5126813264e-01 6.2520285144e-01
     vertex 7.8304467508e+00 4.0217748906e-01 6.0411550556e-01
   endloop
 endfacet
 facet normal  1.8393698903e-01 5.6992119146e-01 -8.0084768814e-01
   outer loop
     vertex 7.8304467508e+00 4.0217748906e-01 6.0411550556e-01
     vertex 8.0800000000e+00 3.5126813264e-01 6.2520285144e-01
     vertex 8.0800000000e+00 2.4792802478e-01 5.5166113025e-01
   endloop
 endfacet
 facet normal  1.9910433638e-01 5.8857460676e-01 -7.8354157230e-01
   outer loop
     vertex 7.8304467508e+00 4.0217748906e-01 6.0411550556e-01
     vertex 8.0800000000e+00 2.4792802478e-01 5.5166113025e-01
     vertex 7.8292373745e+00 2.8431556026e-01 5.1527359478e-01
   endloop
 endfacet
 facet normal  1.7981751270e-01 3.0348819280e-01 -9.3571394077e-01
   outer loop
     vertex 7.8292373745e+00 2.8431556026e-01 5.1527359478e-01
     vertex 8.0800000000e+00 2.4792802478e-01 5.5166113025e-01
     vertex 8.0800000000e+00 1.2682079932e-01 5.1238137670e-01
   endloop
 endfacet
 facet normal  1.8596712897e-01 3.1319856537e-01 -9.3130171566e-01
   outer loop
     vertex 7.8292373745e+00 2.8431556026e-01 5.1527359478e-01
     vertex 8.0800000000e+00 1.2682079932e-01 5.1238137670e-01
     vertex 7.8281378424e+00 1.4510578427e-01 4.6823751804e-01
   endloop
 endfacet
 facet normal  1.7857742133e-01 9.5605067092e-02 -9.7927002187e-01
   outer loop
     vertex 7.8281378424e+00 1.4510578427e-01 4.6823751804e-01
     vertex 8.0800000000e+00 1.2682079932e-01 5.1238137670e-01
     vertex 8.0800000000e+00 -9.9920072216e-16 5.0000000000e-01
   endloop
 endfacet
 facet normal  1.7888610224e-01 9.6165187377e-02 -9.7915883245e-01
   outer loop
     vertex 7.8281378424e+00 1.4510578427e-01 4.6823751804e-01
     vertex 8.0800000000e+00 -9.9920072216e-16 5.0000000000e-01
     vertex 7.8276746384e+00 -9.9572880977e-16 4.5390175839e-01
   endloop
 endfacet
 facet normal  1.7888610224e-01 -9.6165187377e-02 -9.7915883245e-01
   outer loop
     vertex 7.8276746384e+00 -9.9572880977e-16 4.5390175839e-01
     vertex 8.0800000000e+00 -9.9920072216e-16 5.0000000000e-01
     vertex 7.8281378424e+00 -1.4510578427e-01 4.6823751804e-01
   endloop
 endfacet
 facet normal  1.7857742133e-01 -9.5605067092e-02 -9.7927002187e-01
   outer loop
     vertex 8.0800000000e+00 -9.9920072216e-16 5.0000000000e-01
     vertex 8.0800000000e+00 -1.2682079932e-01 5.1238137670e-01
     vertex 7.8281378424e+00 -1.4510578427e-01 4.6823751804e-01
   endloop
 endfacet
 facet normal  1.8596712897e-01 -3.1319856537e-01 -9.3130171566e-01
   outer loop
     vertex 7.8281378424e+00 -1.4510578427e-01 4.6823751804e-01
     vertex 8.0800000000e+00 -1.2682079932e-01 5.1238137670e-01
     vertex 7.8292373745e+00 -2.8431556026e-01 5.1527359478e-01
   endloop
 endfacet
 facet normal  1.7981751270e-01 -3.0348819280e-01 -9.3571394077e-01
   outer loop
     vertex 8.0800000000e+00 -1.2682079932e-01 5.1238137670e-01
     vertex 8.0800000000e+00 -2.4792802478e-01 5.5166113025e-01
     vertex 7.8292373745e+00 -2.8431556026e-01 5.1527359478e-01
   endloop
 endfacet
 facet normal  1.9910433638e-01 -5.8857460676e-01 -7.8354157230e-01
   outer loop
     vertex 7.8292373745e+00 -2.8431556026e-01 5.1527359478e-01
     vertex 8.0800000000e+00 -2.4792802478e-01 5.5166113025e-01
     vertex 7.8304467508e+00 -4.0217748906e-01 6.0411550556e-01
   endloop
 endfacet
 facet normal  1.8393698903e-01 -5.6992119146e-01 -8.0084768814e-01
   outer loop
     vertex 8.0800000000e+00 -2.4792802478e-01 5.5166113025e-01
     vertex 8.0800000000e+00 -3.5126813264e-01 6.2520285144e-01
     vertex 7.8304467508e+00 -4.0217748906e-01 6.0411550556e-01
   endloop
 endfacet
 facet normal  2.1560614332e-01 -9.0581840610e-01 -3.6470125602e-01
   outer loop
     vertex 7.8304467508e+00 -4.0217748906e-01 6.0411550556e-01
     vertex 8.0800000000e+00 -3.5126813264e-01 6.2520285144e-01
     vertex 7.8310324887e+00 -4.5674798218e-01 7.4000000000e-01
   endloop
 endfacet
 facet normal  2.0534051976e-01 -9.0087992921e-01 -3.8242727949e-01
   outer loop
     vertex 8.0800000000e+00 -3.5126813264e-01 6.2520285144e-01
     vertex 8.0800000000e+00 -4.0000000000e-01 7.4000000000e-01
     vertex 7.8310324887e+00 -4.5674798218e-01 7.4000000000e-01
   endloop
 endfacet
 facet normal  2.2064223999e-01 -9.6801238147e-01 1.1945305039e-01
   outer loop
     vertex 7.8310324887e+00 -4.5674798218e-01 7.4000000000e-01
     vertex 8.0800000000e+00 -4.0000000000e-01 7.4000000000e-01
     vertex 8.0800000000e+00 -3.7681444835e-01 9.2788889018e-01
   endloop
 endfacet
 facet normal  2.0899999084e-01 -9.6853808539e-01 1.3510359347e-01
   outer loop
     vertex 7.8310324887e+00 -4.5674798218e-01 7.4000000000e-01
     vertex 8.0800000000e+00 -3.7681444835e-01 9.2788889018e-01
     vertex 7.8304467508e+00 -4.2772380477e-01 9.4897623606e-01
   endloop
 endfacet
 facet normal  2.1561598712e-01 -9.0278911383e-01 3.7213110867e-01
   outer loop
     vertex 7.8304467508e+00 -4.2772380477e-01 9.4897623606e-01
     vertex 8.0800000000e+00 -3.7681444835e-01 9.2788889018e-01
     vertex 8.0800000000e+00 -3.0474368167e-01 1.1027323850e+00
   endloop
 endfacet
 facet normal  1.8881942129e-01 -8.9324714843e-01 4.0799112485e-01
   outer loop
     vertex 7.8304467508e+00 -4.2772380477e-01 9.4897623606e-01
     vertex 8.0800000000e+00 -3.0474368167e-01 1.1027323850e+00
     vertex 7.8292373745e+00 -3.4113121715e-01 1.1391199205e+00
   endloop
 endfacet
 facet normal  2.0083158130e-01 -7.2292766274e-01 6.6109172616e-01
   outer loop
     vertex 7.8292373745e+00 -3.4113121715e-01 1.1391199205e+00
     vertex 8.0800000000e+00 -3.0474368167e-01 1.1027323850e+00
     vertex 8.0800000000e+00 -1.7757955259e-01 1.2417909498e+00
   endloop
 endfacet
 facet normal  1.7233354085e-01 -6.9956410008e-01 6.9347762803e-01
   outer loop
     vertex 7.8292373745e+00 -3.4113121715e-01 1.1391199205e+00
     vertex 8.0800000000e+00 -1.7757955259e-01 1.2417909498e+00
     vertex 7.8281378424e+00 -1.9586453754e-01 1.2859348085e+00
   endloop
 endfacet
 facet normal  1.8586774004e-01 -3.0605652977e-01 9.3369298155e-01
   outer loop
     vertex 7.8281378424e+00 -1.9586453754e-01 1.2859348085e+00
     vertex 8.0800000000e+00 -1.7757955259e-01 1.2417909498e+00
     vertex 8.0800000000e+00 8.3266726847e-16 1.3000000000e+00
   endloop
 endfacet
 facet normal  1.7205688730e-01 -2.8887775971e-01 9.4177814132e-01
   outer loop
     vertex 7.8281378424e+00 -1.9586453754e-01 1.2859348085e+00
     vertex 8.0800000000e+00 8.3266726847e-16 1.3000000000e+00
     vertex 7.8276746384e+00 8.2357416570e-16 1.3460982416e+00
   endloop
 endfacet
 facet normal  1.7205688730e-01 2.8887775971e-01 9.4177814132e-01
   outer loop
     vertex 7.8276746384e+00 8.2357416570e-16 1.3460982416e+00
     vertex 8.0800000000e+00 8.3266726847e-16 1.3000000000e+00
     vertex 7.8281378424e+00 1.9586453754e-01 1.2859348085e+00
   endloop
 endfacet
 facet normal  1.8586774004e-01 3.0605652977e-01 9.3369298155e-01
   outer loop
     vertex 8.0800000000e+00 8.3266726847e-16 1.3000000000e+00
     vertex 8.0800000000e+00 1.7757955259e-01 1.2417909498e+00
     vertex 7.8281378424e+00 1.9586453754e-01 1.2859348085e+00
   endloop
 endfacet
 facet normal  1.7233354085e-01 6.9956410008e-01 6.9347762803e-01
   outer loop
     vertex 7.8281378424e+00 1.9586453754e-01 1.2859348085e+00
     vertex 8.0800000000e+00 1.7757955259e-01 1.2417909498e+00
     vertex 7.8292373745e+00 3.4113121715e-01 1.1391199205e+00
   endloop
 endfacet
 facet normal  2.0083158130e-01 7.2292766274e-01 6.6109172616e-01
   outer loop
     vertex 8.0800000000e+00 1.7757955259e-01 1.2417909498e+00
     vertex 8.0800000000e+00 3.0474368167e-01 1.1027323850e+00
     vertex 7.8292373745e+00 3.4113121715e-01 1.1391199205e+00
   endloop
 endfacet
 facet normal  1.8881942129e-01 8.9324714843e-01 4.0799112485e-01
   outer loop
     vertex 7.8292373745e+00 3.4113121715e-01 1.1391199205e+00
     vertex 8.0800000000e+00 3.0474368167e-01 1.1027323850e+00
     vertex 7.8304467508e+00 4.2772380477e-01 9.4897623606e-01
   endloop
 endfacet
 facet normal  2.1561598712e-01 9.0278911383e-01 3.7213110867e-01
   outer loop
     vertex 8.0800000000e+00 3.0474368167e-01 1.1027323850e+00
     vertex 8.0800000000e+00 3.7681444835e-01 9.2788889018e-01
     vertex 7.8304467508e+00 4.2772380477e-01 9.4897623606e-01
   endloop
 endfacet
 facet normal  2.0899999084e-01 9.6853808539e-01 1.3510359347e-01
   outer loop
     vertex 7.8304467508e+00 4.2772380477e-01 9.4897623606e-01
     vertex 8.0800000000e+00 3.7681444835e-01 9.2788889018e-01
     vertex 7.8310324887e+00 4.5674798218e-01 7.4000000000e-01
   endloop
 endfacet
 facet normal  2.2064223999e-01 9.6801238147e-01 1.1945305039e-01
   outer loop
     vertex 8.0800000000e+00 3.7681444835e-01 9.2788889018e-01
     vertex 8.0800000000e+00 4.0000000000e-01 7.4000000000e-01
     vertex 7.8310324887e+00 4.5674798218e-01 7.4000000000e-01
   endloop
 endfacet
 facet normal  5.1732808453e-01 -7.7551375961e-01 3.6187022758e-01
   outer loop
     vertex 8.0800000000e+00 4.0000000000e-01 7.4000000000e-01
     vertex 7.9884497966e+00 3.3892888321e-01 7.4000000000e-01
     vertex 7.9890355345e+00 2.9636472064e-01 6.4794458931e-01
   endloop
 endfacet
 facet normal  5.4691395699e-01 -7.7062823980e-01 3.2713489522e-01
   outer loop
     vertex 8.0800000000e+00 4.0000000000e-01 7.4000000000e-01
     vertex 7.9890355345e+00 2.9636472064e-01 6.4794458931e-01
     vertex 8.0800000000e+00 3.5126813264e-01 6.2520285144e-01
   endloop
 endfacet
 facet normal  4.7201119111e-01 -4.7418729401e-01 7.4320377129e-01
   outer loop
     vertex 8.0800000000e+00 3.5126813264e-01 6.2520285144e-01
     vertex 7.9890355345e+00 2.9636472064e-01 6.4794458931e-01
     vertex 7.9902449108e+00 2.0848357151e-01 5.9110558353e-01
   endloop
 endfacet
 facet normal  5.2253848185e-01 -4.9435848291e-01 6.9466770859e-01
   outer loop
     vertex 8.0800000000e+00 3.5126813264e-01 6.2520285144e-01
     vertex 7.9902449108e+00 2.0848357151e-01 5.9110558353e-01
     vertex 8.0800000000e+00 2.4792802478e-01 5.5166113025e-01
   endloop
 endfacet
 facet normal  4.7910073028e-01 -2.4826613329e-01 8.4191829610e-01
   outer loop
     vertex 8.0800000000e+00 2.4792802478e-01 5.5166113025e-01
     vertex 7.9902449108e+00 2.0848357151e-01 5.9110558353e-01
     vertex 7.9913444429e+00 1.0688142238e-01 5.6051929093e-01
   endloop
 endfacet
 facet normal  5.0550818698e-01 -2.6619521713e-01 8.2073234326e-01
   outer loop
     vertex 8.0800000000e+00 2.4792802478e-01 5.5166113025e-01
     vertex 7.9913444429e+00 1.0688142238e-01 5.6051929093e-01
     vertex 8.0800000000e+00 1.2682079932e-01 5.1238137670e-01
   endloop
 endfacet
 facet normal  4.8946879344e-01 -7.9918562900e-02 8.6835092189e-01
   outer loop
     vertex 8.0800000000e+00 1.2682079932e-01 5.1238137670e-01
     vertex 7.9913444429e+00 1.0688142238e-01 5.6051929093e-01
     vertex 7.9918076469e+00 -9.9787808887e-16 5.5042137622e-01
   endloop
 endfacet
 facet normal  4.9455685316e-01 -8.4452188899e-02 8.6503256978e-01
   outer loop
     vertex 8.0800000000e+00 1.2682079932e-01 5.1238137670e-01
     vertex 7.9918076469e+00 -9.9787808887e-16 5.5042137622e-01
     vertex 8.0800000000e+00 -9.9920072216e-16 5.0000000000e-01
   endloop
 endfacet
 facet normal  4.9455685316e-01 8.4452188899e-02 8.6503256978e-01
   outer loop
     vertex 8.0800000000e+00 -9.9920072216e-16 5.0000000000e-01
     vertex 7.9918076469e+00 -9.9787808887e-16 5.5042137622e-01
     vertex 8.0800000000e+00 -1.2682079932e-01 5.1238137670e-01
   endloop
 endfacet
 facet normal  4.8946879344e-01 7.9918562900e-02 8.6835092189e-01
   outer loop
     vertex 7.9918076469e+00 -9.9787808887e-16 5.5042137622e-01
     vertex 7.9913444429e+00 -1.0688142238e-01 5.6051929093e-01
     vertex 8.0800000000e+00 -1.2682079932e-01 5.1238137670e-01
   endloop
 endfacet
 facet normal  5.0550818698e-01 2.6619521713e-01 8.2073234326e-01
   outer loop
     vertex 8.0800000000e+00 -1.2682079932e-01 5.1238137670e-01
     vertex 7.9913444429e+00 -1.0688142238e-01 5.6051929093e-01
     vertex 8.0800000000e+00 -2.4792802478e-01 5.5166113025e-01
   endloop
 endfacet
 facet normal  4.7910073028e-01 2.4826613329e-01 8.4191829610e-01
   outer loop
     vertex 7.9913444429e+00 -1.0688142238e-01 5.6051929093e-01
     vertex 7.9902449108e+00 -2.0848357151e-01 5.9110558353e-01
     vertex 8.0800000000e+00 -2.4792802478e-01 5.5166113025e-01
   endloop
 endfacet
 facet normal  5.2253848185e-01 4.9435848291e-01 6.9466770859e-01
   outer loop
     vertex 8.0800000000e+00 -2.4792802478e-01 5.5166113025e-01
     vertex 7.9902449108e+00 -2.0848357151e-01 5.9110558353e-01
     vertex 8.0800000000e+00 -3.5126813264e-01 6.2520285144e-01
   endloop
 endfacet
 facet normal  4.7201119111e-01 4.7418729401e-01 7.4320377129e-01
   outer loop
     vertex 7.9902449108e+00 -2.0848357151e-01 5.9110558353e-01
     vertex 7.9890355345e+00 -2.9636472064e-01 6.4794458931e-01
     vertex 8.0800000000e+00 -3.5126813264e-01 6.2520285144e-01
   endloop
 endfacet
 facet normal  5.4691395699e-01 7.7062823980e-01 3.2713489522e-01
   outer loop
     vertex 8.0800000000e+00 -3.5126813264e-01 6.2520285144e-01
     vertex 7.9890355345e+00 -2.9636472064e-01 6.4794458931e-01
     vertex 8.0800000000e+00 -4.0000000000e-01 7.4000000000e-01
   endloop
 endfacet
 facet normal  5.1732808453e-01 7.7551375961e-01 3.6187022758e-01
   outer loop
     vertex 7.9890355345e+00 -2.9636472064e-01 6.4794458931e-01
     vertex 7.9884497966e+00 -3.3892888321e-01 7.4000000000e-01
     vertex 8.0800000000e+00 -4.0000000000e-01 7.4000000000e-01
   endloop
 endfacet
 facet normal  5.5281554119e-01 8.2871212976e-01 -8.7356644897e-02
   outer loop
     vertex 8.0800000000e+00 -4.0000000000e-01 7.4000000000e-01
     vertex 7.9884497966e+00 -3.3892888321e-01 7.4000000000e-01
     vertex 7.9890355345e+00 -3.2191103635e-01 9.0514715231e-01
   endloop
 endfacet
 facet normal  5.3282253572e-01 8.3985664734e-01 -1.0363859010e-01
   outer loop
     vertex 8.0800000000e+00 -4.0000000000e-01 7.4000000000e-01
     vertex 7.9890355345e+00 -3.2191103635e-01 9.0514715231e-01
     vertex 8.0800000000e+00 -3.7681444835e-01 9.2788889018e-01
   endloop
 endfacet
 facet normal  5.4655357608e-01 7.8709221207e-01 -2.8594586582e-01
   outer loop
     vertex 8.0800000000e+00 -3.7681444835e-01 9.2788889018e-01
     vertex 7.9890355345e+00 -3.2191103635e-01 9.0514715231e-01
     vertex 7.9902449108e+00 -2.6529922839e-01 1.0632879318e+00
   endloop
 endfacet
 facet normal  4.9767729416e-01 8.0190749547e-01 -3.3054754512e-01
   outer loop
     vertex 8.0800000000e+00 -3.7681444835e-01 9.2788889018e-01
     vertex 7.9902449108e+00 -2.6529922839e-01 1.0632879318e+00
     vertex 8.0800000000e+00 -3.0474368167e-01 1.1027323850e+00
   endloop
 endfacet
 facet normal  5.2627917688e-01 6.5345684351e-01 -5.4408122707e-01
   outer loop
     vertex 8.0800000000e+00 -3.0474368167e-01 1.1027323850e+00
     vertex 7.9902449108e+00 -2.6529922839e-01 1.0632879318e+00
     vertex 7.9913444429e+00 -1.5764017564e-01 1.1936530356e+00
   endloop
 endfacet
 facet normal  4.6994474937e-01 6.5139693717e-01 -5.9567941275e-01
   outer loop
     vertex 8.0800000000e+00 -3.0474368167e-01 1.1027323850e+00
     vertex 7.9913444429e+00 -1.5764017564e-01 1.1936530356e+00
     vertex 8.0800000000e+00 -1.7757955259e-01 1.2417909498e+00
   endloop
 endfacet
 facet normal  5.0614883451e-01 2.8703760038e-01 -8.1327902548e-01
   outer loop
     vertex 8.0800000000e+00 -1.7757955259e-01 1.2417909498e+00
     vertex 7.9913444429e+00 -1.5764017564e-01 1.1936530356e+00
     vertex 7.9918076469e+00 8.4291767523e-16 1.2495786238e+00
   endloop
 endfacet
 facet normal  4.7737758120e-01 2.7370063834e-01 -8.3498419479e-01
   outer loop
     vertex 8.0800000000e+00 -1.7757955259e-01 1.2417909498e+00
     vertex 7.9918076469e+00 8.4291767523e-16 1.2495786238e+00
     vertex 8.0800000000e+00 8.3266726847e-16 1.3000000000e+00
   endloop
 endfacet
 facet normal  4.7737758120e-01 -2.7370063834e-01 -8.3498419479e-01
   outer loop
     vertex 8.0800000000e+00 8.3266726847e-16 1.3000000000e+00
     vertex 7.9918076469e+00 8.4291767523e-16 1.2495786238e+00
     vertex 8.0800000000e+00 1.7757955259e-01 1.2417909498e+00
   endloop
 endfacet
 facet normal  5.0614883451e-01 -2.8703760038e-01 -8.1327902548e-01
   outer loop
     vertex 7.9918076469e+00 8.4291767523e-16 1.2495786238e+00
     vertex 7.9913444429e+00 1.5764017564e-01 1.1936530356e+00
     vertex 8.0800000000e+00 1.7757955259e-01 1.2417909498e+00
   endloop
 endfacet
 facet normal  4.6994474937e-01 -6.5139693717e-01 -5.9567941275e-01
   outer loop
     vertex 8.0800000000e+00 1.7757955259e-01 1.2417909498e+00
     vertex 7.9913444429e+00 1.5764017564e-01 1.1936530356e+00
     vertex 8.0800000000e+00 3.0474368167e-01 1.1027323850e+00
   endloop
 endfacet
 facet normal  5.2627917688e-01 -6.5345684351e-01 -5.4408122707e-01
   outer loop
     vertex 7.9913444429e+00 1.5764017564e-01 1.1936530356e+00
     vertex 7.9902449108e+00 2.6529922839e-01 1.0632879318e+00
     vertex 8.0800000000e+00 3.0474368167e-01 1.1027323850e+00
   endloop
 endfacet
 facet normal  4.9767729416e-01 -8.0190749547e-01 -3.3054754512e-01
   outer loop
     vertex 8.0800000000e+00 3.0474368167e-01 1.1027323850e+00
     vertex 7.9902449108e+00 2.6529922839e-01 1.0632879318e+00
     vertex 8.0800000000e+00 3.7681444835e-01 9.2788889018e-01
   endloop
 endfacet
 facet normal  5.4655357608e-01 -7.8709221207e-01 -2.8594586582e-01
   outer loop
     vertex 7.9902449108e+00 2.6529922839e-01 1.0632879318e+00
     vertex 7.9890355345e+00 3.2191103635e-01 9.0514715231e-01
     vertex 8.0800000000e+00 3.7681444835e-01 9.2788889018e-01
   endloop
 endfacet
 facet normal  5.3282253572e-01 -8.3985664734e-01 -1.0363859010e-01
   outer loop
     vertex 8.0800000000e+00 3.7681444835e-01 9.2788889018e-01
     vertex 7.9890355345e+00 3.2191103635e-01 9.0514715231e-01
     vertex 8.0800000000e+00 4.0000000000e-01 7.4000000000e-01
   endloop
 endfacet
 facet normal  5.5281554119e-01 -8.2871212976e-01 -8.7356644897e-02
   outer loop
     vertex 7.9890355345e+00 3.2191103635e-01 9.0514715231e-01
     vertex 7.9884497966e+00 3.3892888321e-01 7.4000000000e-01
     vertex 8.0800000000e+00 4.0000000000e-01 7.4000000000e-01
   endloop
 endfacet
 facet normal  7.5331948191e-02 -8.8731721008e-01 4.5496512643e-01
   outer loop
     vertex 7.9884497966e+00 3.3892888321e-01 7.4000000000e-01
     vertex 7.5166231607e+00 2.9887148402e-01 7.4000000000e-01
     vertex 7.5172821158e+00 2.5954637726e-01 6.6319524648e-01
   endloop
 endfacet
 facet normal  8.4106431901e-02 -9.0425005981e-01 4.1863819396e-01
   outer loop
     vertex 7.9884497966e+00 3.3892888321e-01 7.4000000000e-01
     vertex 7.5172821158e+00 2.5954637726e-01 6.6319524648e-01
     vertex 7.9890355345e+00 2.9636472064e-01 6.4794458931e-01
   endloop
 endfacet
 facet normal  6.6160601004e-02 -4.8697431217e-01 8.7090688030e-01
   outer loop
     vertex 7.9890355345e+00 2.9636472064e-01 6.4794458931e-01
     vertex 7.5172821158e+00 2.5954637726e-01 6.6319524648e-01
     vertex 7.5186426642e+00 1.8062613135e-01 6.1896302369e-01
   endloop
 endfacet
 facet normal  8.1391894335e-02 -5.4048928307e-01 8.3740473752e-01
   outer loop
     vertex 7.9890355345e+00 2.9636472064e-01 6.4794458931e-01
     vertex 7.5186426642e+00 1.8062613135e-01 6.1896302369e-01
     vertex 7.9902449108e+00 2.0848357151e-01 5.9110558353e-01
   endloop
 endfacet
 facet normal  7.1548153423e-02 -2.4415483225e-01 9.6709321145e-01
   outer loop
     vertex 7.9902449108e+00 2.0848357151e-01 5.9110558353e-01
     vertex 7.5186426642e+00 1.8062613135e-01 6.1896302369e-01
     vertex 7.5198796378e+00 9.1981060323e-02 5.9649194709e-01
   endloop
 endfacet
 facet normal  8.1888288274e-02 -2.8648044567e-01 9.5458014985e-01
   outer loop
     vertex 7.9902449108e+00 2.0848357151e-01 5.9110558353e-01
     vertex 7.5198796378e+00 9.1981060323e-02 5.9649194709e-01
     vertex 7.9913444429e+00 1.0688142238e-01 5.6051929093e-01
   endloop
 endfacet
 facet normal  7.8320589467e-02 -7.8908031606e-02 9.9380048693e-01
   outer loop
     vertex 7.9913444429e+00 1.0688142238e-01 5.6051929093e-01
     vertex 7.5198796378e+00 9.1981060323e-02 5.9649194709e-01
     vertex 7.5204007423e+00 -9.8531307260e-16 5.8914755783e-01
   endloop
 endfacet
 facet normal  8.1516547405e-02 -9.3395694185e-02 9.9228639858e-01
   outer loop
     vertex 7.9913444429e+00 1.0688142238e-01 5.6051929093e-01
     vertex 7.5204007423e+00 -9.8531307260e-16 5.8914755783e-01
     vertex 7.9918076469e+00 -9.9787808887e-16 5.5042137622e-01
   endloop
 endfacet
 facet normal  8.1516547405e-02 9.3395694185e-02 9.9228639858e-01
   outer loop
     vertex 7.9918076469e+00 -9.9787808887e-16 5.5042137622e-01
     vertex 7.5204007423e+00 -9.8531307260e-16 5.8914755783e-01
     vertex 7.9913444429e+00 -1.0688142238e-01 5.6051929093e-01
   endloop
 endfacet
 facet normal  7.8320589467e-02 7.8908031606e-02 9.9380048693e-01
   outer loop
     vertex 7.5204007423e+00 -9.8531307260e-16 5.8914755783e-01
     vertex 7.5198796378e+00 -9.1981060323e-02 5.9649194709e-01
     vertex 7.9913444429e+00 -1.0688142238e-01 5.6051929093e-01
   endloop
 endfacet
 facet normal  8.1888288274e-02 2.8648044567e-01 9.5458014985e-01
   outer loop
     vertex 7.9913444429e+00 -1.0688142238e-01 5.6051929093e-01
     vertex 7.5198796378e+00 -9.1981060323e-02 5.9649194709e-01
     vertex 7.9902449108e+00 -2.0848357151e-01 5.9110558353e-01
   endloop
 endfacet
 facet normal  7.1548153423e-02 2.4415483225e-01 9.6709321145e-01
   outer loop
     vertex 7.5198796378e+00 -9.1981060323e-02 5.9649194709e-01
     vertex 7.5186426642e+00 -1.8062613135e-01 6.1896302369e-01
     vertex 7.9902449108e+00 -2.0848357151e-01 5.9110558353e-01
   endloop
 endfacet
 facet normal  8.1391894335e-02 5.4048928307e-01 8.3740473752e-01
   outer loop
     vertex 7.9902449108e+00 -2.0848357151e-01 5.9110558353e-01
     vertex 7.5186426642e+00 -1.8062613135e-01 6.1896302369e-01
     vertex 7.9890355345e+00 -2.9636472064e-01 6.4794458931e-01
   endloop
 endfacet
 facet normal  6.6160601004e-02 4.8697431217e-01 8.7090688030e-01
   outer loop
     vertex 7.5186426642e+00 -1.8062613135e-01 6.1896302369e-01
     vertex 7.5172821158e+00 -2.5954637726e-01 6.6319524648e-01
     vertex 7.9890355345e+00 -2.9636472064e-01 6.4794458931e-01
   endloop
 endfacet
 facet normal  8.4106431901e-02 9.0425005981e-01 4.1863819396e-01
   outer loop
     vertex 7.9890355345e+00 -2.9636472064e-01 6.4794458931e-01
     vertex 7.5172821158e+00 -2.5954637726e-01 6.6319524648e-01
     vertex 7.9884497966e+00 -3.3892888321e-01 7.4000000000e-01
   endloop
 endfacet
 facet normal  7.5331948191e-02 8.8731721008e-01 4.5496512643e-01
   outer loop
     vertex 7.5172821158e+00 -2.5954637726e-01 6.6319524648e-01
     vertex 7.5166231607e+00 -2.9887148402e-01 7.4000000000e-01
     vertex 7.9884497966e+00 -3.3892888321e-01 7.4000000000e-01
   endloop
 endfacet
 facet normal  8.4238761108e-02 9.9222845397e-01 -9.1577979163e-02
   outer loop
     vertex 7.9884497966e+00 -3.3892888321e-01 7.4000000000e-01
     vertex 7.5166231607e+00 -2.9887148402e-01 7.4000000000e-01
     vertex 7.5172821158e+00 -2.8509269297e-01 8.8989649514e-01
   endloop
 endfacet
 facet normal  8.0691254895e-02 9.9145971343e-01 -1.0245271117e-01
   outer loop
     vertex 7.9884497966e+00 -3.3892888321e-01 7.4000000000e-01
     vertex 7.5172821158e+00 -2.8509269297e-01 8.8989649514e-01
     vertex 7.9890355345e+00 -3.2191103635e-01 9.0514715231e-01
   endloop
 endfacet
 facet normal  8.3937981845e-02 9.4676928982e-01 -3.1077697319e-01
   outer loop
     vertex 7.9890355345e+00 -3.2191103635e-01 9.0514715231e-01
     vertex 7.5172821158e+00 -2.8509269297e-01 8.8989649514e-01
     vertex 7.5186426642e+00 -2.3744178824e-01 1.0354304916e+00
   endloop
 endfacet
 facet normal  7.5327224081e-02 9.3863309407e-01 -3.3659133089e-01
   outer loop
     vertex 7.9890355345e+00 -3.2191103635e-01 9.0514715231e-01
     vertex 7.5186426642e+00 -2.3744178824e-01 1.0354304916e+00
     vertex 7.9902449108e+00 -2.6529922839e-01 1.0632879318e+00
   endloop
 endfacet
 facet normal  8.2595646764e-02 7.8743960079e-01 -6.1083290206e-01
   outer loop
     vertex 7.9902449108e+00 -2.6529922839e-01 1.0632879318e+00
     vertex 7.5186426642e+00 -2.3744178824e-01 1.0354304916e+00
     vertex 7.5198796378e+00 -1.4273981359e-01 1.1576803794e+00
   endloop
 endfacet
 facet normal  7.2778563538e-02 7.6871385109e-01 -6.3543866410e-01
   outer loop
     vertex 7.9902449108e+00 -2.6529922839e-01 1.0632879318e+00
     vertex 7.5198796378e+00 -1.4273981359e-01 1.1576803794e+00
     vertex 7.9913444429e+00 -1.5764017564e-01 1.1936530356e+00
   endloop
 endfacet
 facet normal  8.2251931940e-02 3.4763070329e-01 -9.3401687020e-01
   outer loop
     vertex 7.9913444429e+00 -1.5764017564e-01 1.1936530356e+00
     vertex 7.5198796378e+00 -1.4273981359e-01 1.1576803794e+00
     vertex 7.5204007423e+00 8.4822887390e-16 1.2108524422e+00
   endloop
 endfacet
 facet normal  7.7197218363e-02 3.3315088010e-01 -9.3970797622e-01
   outer loop
     vertex 7.9913444429e+00 -1.5764017564e-01 1.1936530356e+00
     vertex 7.5204007423e+00 8.4822887390e-16 1.2108524422e+00
     vertex 7.9918076469e+00 8.4291767523e-16 1.2495786238e+00
   endloop
 endfacet
 facet normal  7.7197218363e-02 -3.3315088010e-01 -9.3970797622e-01
   outer loop
     vertex 7.9918076469e+00 8.4291767523e-16 1.2495786238e+00
     vertex 7.5204007423e+00 8.4822887390e-16 1.2108524422e+00
     vertex 7.9913444429e+00 1.5764017564e-01 1.1936530356e+00
   endloop
 endfacet
 facet normal  8.2251931940e-02 -3.4763070329e-01 -9.3401687020e-01
   outer loop
     vertex 7.5204007423e+00 8.4822887390e-16 1.2108524422e+00
     vertex 7.5198796378e+00 1.4273981359e-01 1.1576803794e+00
     vertex 7.9913444429e+00 1.5764017564e-01 1.1936530356e+00
   endloop
 endfacet
 facet normal  7.2778563538e-02 -7.6871385109e-01 -6.3543866410e-01
   outer loop
     vertex 7.9913444429e+00 1.5764017564e-01 1.1936530356e+00
     vertex 7.5198796378e+00 1.4273981359e-01 1.1576803794e+00
     vertex 7.9902449108e+00 2.6529922839e-01 1.0632879318e+00
   endloop
 endfacet
 facet normal  8.2595646764e-02 -7.8743960079e-01 -6.1083290206e-01
   outer loop
     vertex 7.5198796378e+00 1.4273981359e-01 1.1576803794e+00
     vertex 7.5186426642e+00 2.3744178824e-01 1.0354304916e+00
     vertex 7.9902449108e+00 2.6529922839e-01 1.0632879318e+00
   endloop
 endfacet
 facet normal  7.5327224081e-02 -9.3863309407e-01 -3.3659133089e-01
   outer loop
     vertex 7.9902449108e+00 2.6529922839e-01 1.0632879318e+00
     vertex 7.5186426642e+00 2.3744178824e-01 1.0354304916e+00
     vertex 7.9890355345e+00 3.2191103635e-01 9.0514715231e-01
   endloop
 endfacet
 facet normal  8.3937981845e-02 -9.4676928982e-01 -3.1077697319e-01
   outer loop
     vertex 7.5186426642e+00 2.3744178824e-01 1.0354304916e+00
     vertex 7.5172821158e+00 2.8509269297e-01 8.8989649514e-01
     vertex 7.9890355345e+00 3.2191103635e-01 9.0514715231e-01
   endloop
 endfacet
 facet normal  8.0691254895e-02 -9.9145971343e-01 -1.0245271117e-01
   outer loop
     vertex 7.9890355345e+00 3.2191103635e-01 9.0514715231e-01
     vertex 7.5172821158e+00 2.8509269297e-01 8.8989649514e-01
     vertex 7.9884497966e+00 3.3892888321e-01 7.4000000000e-01
   endloop
 endfacet
 facet normal  8.4238761108e-02 -9.9222845397e-01 -9.1577979163e-02
   outer loop
     vertex 7.5172821158e+00 2.8509269297e-01 8.8989649514e-01
     vertex 7.5166231607e+00 2.9887148402e-01 7.4000000000e-01
     vertex 7.9884497966e+00 3.3892888321e-01 7.4000000000e-01
   endloop
 endfacet
 facet normal  1.4360323295e-02 -8.8083481293e-01 4.7320588906e-01
   outer loop
     vertex 7.5166231607e+00 2.9887148402e-01 7.4000000000e-01
     vertex 6.9325716265e+00 2.8934964323e-01 7.4000000000e-01
     vertex 6.9330109300e+00 2.5017973988e-01 6.6707503472e-01
   endloop
 endfacet
 facet normal  1.7293191448e-02 -8.8991547936e-01 4.5579752645e-01
   outer loop
     vertex 7.5166231607e+00 2.9887148402e-01 7.4000000000e-01
     vertex 6.9330109300e+00 2.5017973988e-01 6.6707503472e-01
     vertex 7.5172821158e+00 2.5954637726e-01 6.6319524648e-01
   endloop
 endfacet
 facet normal  1.3236981834e-02 -4.5738979410e-01 8.8916778988e-01
   outer loop
     vertex 7.5172821158e+00 2.5954637726e-01 6.6319524648e-01
     vertex 6.9330109300e+00 2.5017973988e-01 6.6707503472e-01
     vertex 6.9339179622e+00 1.7249091783e-01 6.2709823721e-01
   endloop
 endfacet
 facet normal  1.8933956318e-02 -4.8857765680e-01 8.7231495377e-01
   outer loop
     vertex 7.5172821158e+00 2.5954637726e-01 6.6319524648e-01
     vertex 6.9339179622e+00 1.7249091783e-01 6.2709823721e-01
     vertex 7.5186426642e+00 1.8062613135e-01 6.1896302369e-01
   endloop
 endfacet
 facet normal  1.6562199011e-02 -2.1365111586e-01 9.7676962189e-01
   outer loop
     vertex 7.5186426642e+00 1.8062613135e-01 6.1896302369e-01
     vertex 6.9339179622e+00 1.7249091783e-01 6.2709823721e-01
     vertex 6.9347426113e+00 8.7050386738e-02 6.0839564613e-01
   endloop
 endfacet
 facet normal  2.1784195767e-02 -2.4537886646e-01 9.6918247029e-01
   outer loop
     vertex 7.5186426642e+00 1.8062613135e-01 6.1896302369e-01
     vertex 6.9347426113e+00 8.7050386738e-02 6.0839564613e-01
     vertex 7.5198796378e+00 9.1981060323e-02 5.9649194709e-01
   endloop
 endfacet
 facet normal  2.0848069130e-02 -6.5614298685e-02 9.9762724593e-01
   outer loop
     vertex 7.5198796378e+00 9.1981060323e-02 5.9649194709e-01
     vertex 6.9347426113e+00 8.7050386738e-02 6.0839564613e-01
     vertex 6.9350900142e+00 -9.7340937297e-16 6.0266305134e-01
   endloop
 endfacet
 facet normal  2.3012027150e-02 -7.9442811634e-02 9.9657377363e-01
   outer loop
     vertex 7.5198796378e+00 9.1981060323e-02 5.9649194709e-01
     vertex 6.9350900142e+00 -9.7340937297e-16 6.0266305134e-01
     vertex 7.5204007423e+00 -9.8531307260e-16 5.8914755783e-01
   endloop
 endfacet
 facet normal  2.3012027150e-02 7.9442811634e-02 9.9657377363e-01
   outer loop
     vertex 7.5204007423e+00 -9.8531307260e-16 5.8914755783e-01
     vertex 6.9350900142e+00 -9.7340937297e-16 6.0266305134e-01
     vertex 7.5198796378e+00 -9.1981060323e-02 5.9649194709e-01
   endloop
 endfacet
 facet normal  2.0848069130e-02 6.5614298685e-02 9.9762724593e-01
   outer loop
     vertex 6.9350900142e+00 -9.7340937297e-16 6.0266305134e-01
     vertex 6.9347426113e+00 -8.7050386738e-02 6.0839564613e-01
     vertex 7.5198796378e+00 -9.1981060323e-02 5.9649194709e-01
   endloop
 endfacet
 facet normal  2.1784195767e-02 2.4537886646e-01 9.6918247029e-01
   outer loop
     vertex 7.5198796378e+00 -9.1981060323e-02 5.9649194709e-01
     vertex 6.9347426113e+00 -8.7050386738e-02 6.0839564613e-01
     vertex 7.5186426642e+00 -1.8062613135e-01 6.1896302369e-01
   endloop
 endfacet
 facet normal  1.6562199011e-02 2.1365111586e-01 9.7676962189e-01
   outer loop
     vertex 6.9347426113e+00 -8.7050386738e-02 6.0839564613e-01
     vertex 6.9339179622e+00 -1.7249091783e-01 6.2709823721e-01
     vertex 7.5186426642e+00 -1.8062613135e-01 6.1896302369e-01
   endloop
 endfacet
 facet normal  1.8933956318e-02 4.8857765680e-01 8.7231495377e-01
   outer loop
     vertex 7.5186426642e+00 -1.8062613135e-01 6.1896302369e-01
     vertex 6.9339179622e+00 -1.7249091783e-01 6.2709823721e-01
     vertex 7.5172821158e+00 -2.5954637726e-01 6.6319524648e-01
   endloop
 endfacet
 facet normal  1.3236981834e-02 4.5738979410e-01 8.8916778988e-01
   outer loop
     vertex 6.9339179622e+00 -1.7249091783e-01 6.2709823721e-01
     vertex 6.9330109300e+00 -2.5017973988e-01 6.6707503472e-01
     vertex 7.5172821158e+00 -2.5954637726e-01 6.6319524648e-01
   endloop
 endfacet
 facet normal  1.7293191448e-02 8.8991547936e-01 4.5579752645e-01
   outer loop
     vertex 7.5172821158e+00 -2.5954637726e-01 6.6319524648e-01
     vertex 6.9330109300e+00 -2.5017973988e-01 6.6707503472e-01
     vertex 7.5166231607e+00 -2.9887148402e-01 7.4000000000e-01
   endloop
 endfacet
 facet normal  1.4360323295e-02 8.8083481293e-01 4.7320588906e-01
   outer loop
     vertex 6.9330109300e+00 -2.5017973988e-01 6.6707503472e-01
     vertex 6.9325716265e+00 -2.8934964323e-01 7.4000000000e-01
     vertex 7.5166231607e+00 -2.9887148402e-01 7.4000000000e-01
   endloop
 endfacet
 facet normal  1.6230370734e-02 9.9553995239e-01 -9.2934268525e-02
   outer loop
     vertex 7.5166231607e+00 -2.9887148402e-01 7.4000000000e-01
     vertex 6.9325716265e+00 -2.8934964323e-01 7.4000000000e-01
     vertex 6.9330109300e+00 -2.7572605559e-01 8.8601670690e-01
   endloop
 endfacet
 facet normal  1.6569948480e-02 9.9565839928e-01 -9.1595790029e-02
   outer loop
     vertex 7.5166231607e+00 -2.9887148402e-01 7.4000000000e-01
     vertex 6.9330109300e+00 -2.7572605559e-01 8.8601670690e-01
     vertex 7.5172821158e+00 -2.8509269297e-01 8.8989649514e-01
   endloop
 endfacet
 facet normal  1.7300623496e-02 9.4985785480e-01 -3.1220304948e-01
   outer loop
     vertex 7.5172821158e+00 -2.8509269297e-01 8.8989649514e-01
     vertex 6.9330109300e+00 -2.7572605559e-01 8.8601670690e-01
     vertex 6.9339179622e+00 -2.2930657472e-01 1.0272952781e+00
   endloop
 endfacet
 facet normal  1.7550104912e-02 9.5016053151e-01 -3.1126669944e-01
   outer loop
     vertex 7.5172821158e+00 -2.8509269297e-01 8.8989649514e-01
     vertex 6.9339179622e+00 -2.2930657472e-01 1.0272952781e+00
     vertex 7.5186426642e+00 -2.3744178824e-01 1.0354304916e+00
   endloop
 endfacet
 facet normal  1.9511878101e-02 7.9125079889e-01 -6.1118038244e-01
   outer loop
     vertex 7.5186426642e+00 -2.3744178824e-01 1.0354304916e+00
     vertex 6.9339179622e+00 -2.2930657472e-01 1.0272952781e+00
     vertex 6.9347426113e+00 -1.3780914000e-01 1.1457766804e+00
   endloop
 endfacet
 facet normal  1.9118117233e-02 7.9030741433e-01 -6.1241218836e-01
   outer loop
     vertex 7.5186426642e+00 -2.3744178824e-01 1.0354304916e+00
     vertex 6.9347426113e+00 -1.3780914000e-01 1.1457766804e+00
     vertex 7.5198796378e+00 -1.4273981359e-01 1.1576803794e+00
   endloop
 endfacet
 facet normal  2.2000972263e-02 3.5028583043e-01 -9.3638442652e-01
   outer loop
     vertex 7.5198796378e+00 -1.4273981359e-01 1.1576803794e+00
     vertex 6.9347426113e+00 -1.3780914000e-01 1.1457766804e+00
     vertex 6.9350900142e+00 8.4841486918e-16 1.1973369487e+00
   endloop
 endfacet
 facet normal  2.1634102389e-02 3.4892617352e-01 -9.3690047019e-01
   outer loop
     vertex 7.5198796378e+00 -1.4273981359e-01 1.1576803794e+00
     vertex 6.9350900142e+00 8.4841486918e-16 1.1973369487e+00
     vertex 7.5204007423e+00 8.4822887390e-16 1.2108524422e+00
   endloop
 endfacet
 facet normal  2.1634102389e-02 -3.4892617352e-01 -9.3690047019e-01
   outer loop
     vertex 7.5204007423e+00 8.4822887390e-16 1.2108524422e+00
     vertex 6.9350900142e+00 8.4841486918e-16 1.1973369487e+00
     vertex 7.5198796378e+00 1.4273981359e-01 1.1576803794e+00
   endloop
 endfacet
 facet normal  2.2000972263e-02 -3.5028583043e-01 -9.3638442652e-01
   outer loop
     vertex 6.9350900142e+00 8.4841486918e-16 1.1973369487e+00
     vertex 6.9347426113e+00 1.3780914000e-01 1.1457766804e+00
     vertex 7.5198796378e+00 1.4273981359e-01 1.1576803794e+00
   endloop
 endfacet
 facet normal  1.9118117233e-02 -7.9030741433e-01 -6.1241218836e-01
   outer loop
     vertex 7.5198796378e+00 1.4273981359e-01 1.1576803794e+00
     vertex 6.9347426113e+00 1.3780914000e-01 1.1457766804e+00
     vertex 7.5186426642e+00 2.3744178824e-01 1.0354304916e+00
   endloop
 endfacet
 facet normal  1.9511878101e-02 -7.9125079889e-01 -6.1118038244e-01
   outer loop
     vertex 6.9347426113e+00 1.3780914000e-01 1.1457766804e+00
     vertex 6.9339179622e+00 2.2930657472e-01 1.0272952781e+00
     vertex 7.5186426642e+00 2.3744178824e-01 1.0354304916e+00
   endloop
 endfacet
 facet normal  1.7550104912e-02 -9.5016053151e-01 -3.1126669944e-01
   outer loop
     vertex 7.5186426642e+00 2.3744178824e-01 1.0354304916e+00
     vertex 6.9339179622e+00 2.2930657472e-01 1.0272952781e+00
     vertex 7.5172821158e+00 2.8509269297e-01 8.8989649514e-01
   endloop
 endfacet
 facet normal  1.7300623496e-02 -9.4985785480e-01 -3.1220304948e-01
   outer loop
     vertex 6.9339179622e+00 2.2930657472e-01 1.0272952781e+00
     vertex 6.9330109300e+00 2.7572605559e-01 8.8601670690e-01
     vertex 7.5172821158e+00 2.8509269297e-01 8.8989649514e-01
   endloop
 endfacet
 facet normal  1.6569948480e-02 -9.9565839928e-01 -9.1595790029e-02
   outer loop
     vertex 7.5172821158e+00 2.8509269297e-01 8.8989649514e-01
     vertex 6.9330109300e+00 2.7572605559e-01 8.8601670690e-01
     vertex 7.5166231607e+00 2.9887148402e-01 7.4000000000e-01
   endloop
 endfacet
 facet normal  1.6230370734e-02 -9.9553995239e-01 -9.2934268525e-02
   outer loop
     vertex 6.9330109300e+00 2.7572605559e-01 8.8601670690e-01
     vertex 6.9325716265e+00 2.8934964323e-01 7.4000000000e-01
     vertex 7.5166231607e+00 2.9887148402e-01 7.4000000000e-01
   endloop
 endfacet
 facet normal  -6.3621147358e-02 -8.9221094313e-01 4.4711517819e-01
   outer loop
     vertex 6.9325716265e+00 2.8934964323e-01 7.4000000000e-01
     vertex 6.5043467282e+00 3.1988520163e-01 7.4000000000e-01
     vertex 6.5044931627e+00 2.7763144588e-01 6.5570416578e-01
   endloop
 endfacet
 facet normal  -6.8831269432e-02 -8.7904514317e-01 4.7174346060e-01
   outer loop
     vertex 6.9325716265e+00 2.8934964323e-01 7.4000000000e-01
     vertex 6.5044931627e+00 2.7763144588e-01 6.5570416578e-01
     vertex 6.9330109300e+00 2.5017973988e-01 6.6707503472e-01
   endloop
 endfacet
 facet normal  -5.4566903562e-02 -4.9184241625e-01 8.6897266391e-01
   outer loop
     vertex 6.9330109300e+00 2.5017973988e-01 6.6707503472e-01
     vertex 6.5044931627e+00 2.7763144588e-01 6.5570416578e-01
     vertex 6.5047955068e+00 1.9221314447e-01 6.0737601057e-01
   endloop
 endfacet
 facet normal  -6.1789621121e-02 -4.5724806572e-01 8.8719008624e-01
   outer loop
     vertex 6.9330109300e+00 2.5017973988e-01 6.6707503472e-01
     vertex 6.5047955068e+00 1.9221314447e-01 6.0737601057e-01
     vertex 6.9339179622e+00 1.7249091783e-01 6.2709823721e-01
   endloop
 endfacet
 facet normal  -5.5404436258e-02 -2.3512172247e-01 9.7038555434e-01
   outer loop
     vertex 6.9339179622e+00 1.7249091783e-01 6.2709823721e-01
     vertex 6.5047955068e+00 1.9221314447e-01 6.0737601057e-01
     vertex 6.5050703898e+00 9.7020075208e-02 5.8432668901e-01
   endloop
 endfacet
 facet normal  -5.9582887418e-02 -2.1400183817e-01 9.7501440645e-01
   outer loop
     vertex 6.9339179622e+00 1.7249091783e-01 6.2709823721e-01
     vertex 6.5050703898e+00 9.7020075208e-02 5.8432668901e-01
     vertex 6.9347426113e+00 8.7050386738e-02 6.0839564613e-01
   endloop
 endfacet
 facet normal  -5.7423267590e-02 -7.0629055165e-02 9.9584843471e-01
   outer loop
     vertex 6.9347426113e+00 8.7050386738e-02 6.0839564613e-01
     vertex 6.5050703898e+00 9.7020075208e-02 5.8432668901e-01
     vertex 6.5051861908e+00 -9.7407068962e-16 5.7745236323e-01
   endloop
 endfacet
 facet normal  -5.8415056769e-02 -6.5831328646e-02 9.9611942924e-01
   outer loop
     vertex 6.9347426113e+00 8.7050386738e-02 6.0839564613e-01
     vertex 6.5051861908e+00 -9.7407068962e-16 5.7745236323e-01
     vertex 6.9350900142e+00 -9.7340937297e-16 6.0266305134e-01
   endloop
 endfacet
 facet normal  -5.8415056769e-02 6.5831328646e-02 9.9611942924e-01
   outer loop
     vertex 6.9350900142e+00 -9.7340937297e-16 6.0266305134e-01
     vertex 6.5051861908e+00 -9.7407068962e-16 5.7745236323e-01
     vertex 6.9347426113e+00 -8.7050386738e-02 6.0839564613e-01
   endloop
 endfacet
 facet normal  -5.7423267590e-02 7.0629055165e-02 9.9584843471e-01
   outer loop
     vertex 6.5051861908e+00 -9.7407068962e-16 5.7745236323e-01
     vertex 6.5050703898e+00 -9.7020075208e-02 5.8432668901e-01
     vertex 6.9347426113e+00 -8.7050386738e-02 6.0839564613e-01
   endloop
 endfacet
 facet normal  -5.9582887418e-02 2.1400183817e-01 9.7501440645e-01
   outer loop
     vertex 6.9347426113e+00 -8.7050386738e-02 6.0839564613e-01
     vertex 6.5050703898e+00 -9.7020075208e-02 5.8432668901e-01
     vertex 6.9339179622e+00 -1.7249091783e-01 6.2709823721e-01
   endloop
 endfacet
 facet normal  -5.5404436258e-02 2.3512172247e-01 9.7038555434e-01
   outer loop
     vertex 6.5050703898e+00 -9.7020075208e-02 5.8432668901e-01
     vertex 6.5047955068e+00 -1.9221314447e-01 6.0737601057e-01
     vertex 6.9339179622e+00 -1.7249091783e-01 6.2709823721e-01
   endloop
 endfacet
 facet normal  -6.1789621121e-02 4.5724806572e-01 8.8719008624e-01
   outer loop
     vertex 6.9339179622e+00 -1.7249091783e-01 6.2709823721e-01
     vertex 6.5047955068e+00 -1.9221314447e-01 6.0737601057e-01
     vertex 6.9330109300e+00 -2.5017973988e-01 6.6707503472e-01
   endloop
 endfacet
 facet normal  -5.4566903562e-02 4.9184241625e-01 8.6897266391e-01
   outer loop
     vertex 6.5047955068e+00 -1.9221314447e-01 6.0737601057e-01
     vertex 6.5044931627e+00 -2.7763144588e-01 6.5570416578e-01
     vertex 6.9330109300e+00 -2.5017973988e-01 6.6707503472e-01
   endloop
 endfacet
 facet normal  -6.8831269432e-02 8.7904514317e-01 4.7174346060e-01
   outer loop
     vertex 6.9330109300e+00 -2.5017973988e-01 6.6707503472e-01
     vertex 6.5044931627e+00 -2.7763144588e-01 6.5570416578e-01
     vertex 6.9325716265e+00 -2.8934964323e-01 7.4000000000e-01
   endloop
 endfacet
 facet normal  -6.3621147358e-02 8.9221094313e-01 4.4711517819e-01
   outer loop
     vertex 6.5044931627e+00 -2.7763144588e-01 6.5570416578e-01
     vertex 6.5043467282e+00 -3.1988520163e-01 7.4000000000e-01
     vertex 6.9325716265e+00 -2.8934964323e-01 7.4000000000e-01
   endloop
 endfacet
 facet normal  -7.0731774380e-02 9.9192903224e-01 -1.0523217711e-01
   outer loop
     vertex 6.9325716265e+00 -2.8934964323e-01 7.4000000000e-01
     vertex 6.5043467282e+00 -3.1988520163e-01 7.4000000000e-01
     vertex 6.5044931627e+00 -3.0317776159e-01 8.9738757584e-01
   endloop
 endfacet
 facet normal  -6.6101109063e-02 9.9351638476e-01 -9.2497765368e-02
   outer loop
     vertex 6.9325716265e+00 -2.8934964323e-01 7.4000000000e-01
     vertex 6.5044931627e+00 -3.0317776159e-01 8.9738757584e-01
     vertex 6.9330109300e+00 -2.7572605559e-01 8.8601670690e-01
   endloop
 endfacet
 facet normal  -6.9102530108e-02 9.3811783584e-01 -3.3935198011e-01
   outer loop
     vertex 6.9330109300e+00 -2.7572605559e-01 8.8601670690e-01
     vertex 6.5044931627e+00 -3.0317776159e-01 8.9738757584e-01
     vertex 6.5047955068e+00 -2.4902880135e-01 1.0470175047e+00
   endloop
 endfacet
 facet normal  -5.7901518690e-02 9.4854929728e-01 -3.1129029019e-01
   outer loop
     vertex 6.9330109300e+00 -2.7572605559e-01 8.8601670690e-01
     vertex 6.5047955068e+00 -2.4902880135e-01 1.0470175047e+00
     vertex 6.9339179622e+00 -2.2930657472e-01 1.0272952781e+00
   endloop
 endfacet
 facet normal  -6.4561505996e-02 7.7009098758e-01 -6.3465871364e-01
   outer loop
     vertex 6.9339179622e+00 -2.2930657472e-01 1.0272952781e+00
     vertex 6.5047955068e+00 -2.4902880135e-01 1.0470175047e+00
     vertex 6.5050703898e+00 -1.4777882847e-01 1.1698456375e+00
   endloop
 endfacet
 facet normal  -5.2521347622e-02 7.9055160005e-01 -6.1013906260e-01
   outer loop
     vertex 6.9339179622e+00 -2.2930657472e-01 1.0272952781e+00
     vertex 6.5050703898e+00 -1.4777882847e-01 1.1698456375e+00
     vertex 6.9347426113e+00 -1.3780914000e-01 1.1457766804e+00
   endloop
 endfacet
 facet normal  -6.0445616776e-02 3.3533370359e-01 -9.4015830297e-01
   outer loop
     vertex 6.9347426113e+00 -1.3780914000e-01 1.1457766804e+00
     vertex 6.5050703898e+00 -1.4777882847e-01 1.1698456375e+00
     vertex 6.5051861908e+00 8.4328966580e-16 1.2225476368e+00
   endloop
 endfacet
 facet normal  -5.4838956032e-02 3.5001326040e-01 -9.3513817506e-01
   outer loop
     vertex 6.9347426113e+00 -1.3780914000e-01 1.1457766804e+00
     vertex 6.5051861908e+00 8.4328966580e-16 1.2225476368e+00
     vertex 6.9350900142e+00 8.4841486918e-16 1.1973369487e+00
   endloop
 endfacet
 facet normal  -5.4838956032e-02 -3.5001326040e-01 -9.3513817506e-01
   outer loop
     vertex 6.9350900142e+00 8.4841486918e-16 1.1973369487e+00
     vertex 6.5051861908e+00 8.4328966580e-16 1.2225476368e+00
     vertex 6.9347426113e+00 1.3780914000e-01 1.1457766804e+00
   endloop
 endfacet
 facet normal  -6.0445616776e-02 -3.3533370359e-01 -9.4015830297e-01
   outer loop
     vertex 6.5051861908e+00 8.4328966580e-16 1.2225476368e+00
     vertex 6.5050703898e+00 1.4777882847e-01 1.1698456375e+00
     vertex 6.9347426113e+00 1.3780914000e-01 1.1457766804e+00
   endloop
 endfacet
 facet normal  -5.2521347622e-02 -7.9055160005e-01 -6.1013906260e-01
   outer loop
     vertex 6.9347426113e+00 1.3780914000e-01 1.1457766804e+00
     vertex 6.5050703898e+00 1.4777882847e-01 1.1698456375e+00
     vertex 6.9339179622e+00 2.2930657472e-01 1.0272952781e+00
   endloop
 endfacet
 facet normal  -6.4561505996e-02 -7.7009098758e-01 -6.3465871364e-01
   outer loop
     vertex 6.5050703898e+00 1.4777882847e-01 1.1698456375e+00
     vertex 6.5047955068e+00 2.4902880135e-01 1.0470175047e+00
     vertex 6.9339179622e+00 2.2930657472e-01 1.0272952781e+00
   endloop
 endfacet
 facet normal  -5.7901518690e-02 -9.4854929728e-01 -3.1129029019e-01
   outer loop
     vertex 6.9339179622e+00 2.2930657472e-01 1.0272952781e+00
     vertex 6.5047955068e+00 2.4902880135e-01 1.0470175047e+00
     vertex 6.9330109300e+00 2.7572605559e-01 8.8601670690e-01
   endloop
 endfacet
 facet normal  -6.9102530108e-02 -9.3811783584e-01 -3.3935198011e-01
   outer loop
     vertex 6.5047955068e+00 2.4902880135e-01 1.0470175047e+00
     vertex 6.5044931627e+00 3.0317776159e-01 8.9738757584e-01
     vertex 6.9330109300e+00 2.7572605559e-01 8.8601670690e-01
   endloop
 endfacet
 facet normal  -6.6101109063e-02 -9.9351638476e-01 -9.2497765368e-02
   outer loop
     vertex 6.9330109300e+00 2.7572605559e-01 8.8601670690e-01
     vertex 6.5044931627e+00 3.0317776159e-01 8.9738757584e-01
     vertex 6.9325716265e+00 2.8934964323e-01 7.4000000000e-01
   endloop
 endfacet
 facet normal  -7.0731774380e-02 -9.9192903224e-01 -1.0523217711e-01
   outer loop
     vertex 6.5044931627e+00 3.0317776159e-01 8.9738757584e-01
     vertex 6.5043467282e+00 3.1988520163e-01 7.4000000000e-01
     vertex 6.9325716265e+00 2.8934964323e-01 7.4000000000e-01
   endloop
 endfacet
 facet normal  -9.9826740654e-01 -5.4162242340e-02 2.2992097302e-02
   outer loop
     vertex 6.5043467282e+00 3.1988520163e-01 7.4000000000e-01
     vertex 6.5000000000e+00 4.0000000000e-01 7.4000000000e-01
     vertex 6.5000000000e+00 3.5126813264e-01 6.2520285144e-01
   endloop
 endfacet
 facet normal  -9.9841167866e-01 -5.1041829008e-02 2.3850610159e-02
   outer loop
     vertex 6.5043467282e+00 3.1988520163e-01 7.4000000000e-01
     vertex 6.5000000000e+00 3.5126813264e-01 6.2520285144e-01
     vertex 6.5044931627e+00 2.7763144588e-01 6.5570416578e-01
   endloop
 endfacet
 facet normal  -9.9779488949e-01 -3.8483919120e-02 5.4077227027e-02
   outer loop
     vertex 6.5044931627e+00 2.7763144588e-01 6.5570416578e-01
     vertex 6.5000000000e+00 3.5126813264e-01 6.2520285144e-01
     vertex 6.5000000000e+00 2.4792802478e-01 5.5166113025e-01
   endloop
 endfacet
 facet normal  -9.9805996325e-01 -3.3297346002e-02 5.2607950923e-02
   outer loop
     vertex 6.5044931627e+00 2.7763144588e-01 6.5570416578e-01
     vertex 6.5000000000e+00 2.4792802478e-01 5.5166113025e-01
     vertex 6.5047955068e+00 1.9221314447e-01 6.0737601057e-01
   endloop
 endfacet
 facet normal  -9.9767394330e-01 -2.1030596242e-02 6.4841475065e-02
   outer loop
     vertex 6.5047955068e+00 1.9221314447e-01 6.0737601057e-01
     vertex 6.5000000000e+00 2.4792802478e-01 5.5166113025e-01
     vertex 6.5000000000e+00 1.2682079932e-01 5.1238137670e-01
   endloop
 endfacet
 facet normal  -9.9786021266e-01 -1.8094582001e-02 6.2829786691e-02
   outer loop
     vertex 6.5047955068e+00 1.9221314447e-01 6.0737601057e-01
     vertex 6.5000000000e+00 1.2682079932e-01 5.1238137670e-01
     vertex 6.5050703898e+00 9.7020075208e-02 5.8432668901e-01
   endloop
 endfacet
 facet normal  -9.9769203842e-01 -6.5977687738e-03 6.7580070471e-02
   outer loop
     vertex 6.5050703898e+00 9.7020075208e-02 5.8432668901e-01
     vertex 6.5000000000e+00 1.2682079932e-01 5.1238137670e-01
     vertex 6.5000000000e+00 -9.9920072216e-16 5.0000000000e-01
   endloop
 endfacet
 facet normal  -9.9774819498e-01 -5.9246175585e-03 6.6808968858e-02
   outer loop
     vertex 6.5050703898e+00 9.7020075208e-02 5.8432668901e-01
     vertex 6.5000000000e+00 -9.9920072216e-16 5.0000000000e-01
     vertex 6.5051861908e+00 -9.7407068962e-16 5.7745236323e-01
   endloop
 endfacet
 facet normal  -9.9774819498e-01 5.9246175585e-03 6.6808968858e-02
   outer loop
     vertex 6.5051861908e+00 -9.7407068962e-16 5.7745236323e-01
     vertex 6.5000000000e+00 -9.9920072216e-16 5.0000000000e-01
     vertex 6.5050703898e+00 -9.7020075208e-02 5.8432668901e-01
   endloop
 endfacet
 facet normal  -9.9769203842e-01 6.5977687738e-03 6.7580070471e-02
   outer loop
     vertex 6.5000000000e+00 -9.9920072216e-16 5.0000000000e-01
     vertex 6.5000000000e+00 -1.2682079932e-01 5.1238137670e-01
     vertex 6.5050703898e+00 -9.7020075208e-02 5.8432668901e-01
   endloop
 endfacet
 facet normal  -9.9786021266e-01 1.8094582001e-02 6.2829786691e-02
   outer loop
     vertex 6.5050703898e+00 -9.7020075208e-02 5.8432668901e-01
     vertex 6.5000000000e+00 -1.2682079932e-01 5.1238137670e-01
     vertex 6.5047955068e+00 -1.9221314447e-01 6.0737601057e-01
   endloop
 endfacet
 facet normal  -9.9767394330e-01 2.1030596242e-02 6.4841475065e-02
   outer loop
     vertex 6.5000000000e+00 -1.2682079932e-01 5.1238137670e-01
     vertex 6.5000000000e+00 -2.4792802478e-01 5.5166113025e-01
     vertex 6.5047955068e+00 -1.9221314447e-01 6.0737601057e-01
   endloop
 endfacet
 facet normal  -9.9805996325e-01 3.3297346002e-02 5.2607950923e-02
   outer loop
     vertex 6.5047955068e+00 -1.9221314447e-01 6.0737601057e-01
     vertex 6.5000000000e+00 -2.4792802478e-01 5.5166113025e-01
     vertex 6.5044931627e+00 -2.7763144588e-01 6.5570416578e-01
   endloop
 endfacet
 facet normal  -9.9779488949e-01 3.8483919120e-02 5.4077227027e-02
   outer loop
     vertex 6.5000000000e+00 -2.4792802478e-01 5.5166113025e-01
     vertex 6.5000000000e+00 -3.5126813264e-01 6.2520285144e-01
     vertex 6.5044931627e+00 -2.7763144588e-01 6.5570416578e-01
   endloop
 endfacet
 facet normal  -9.9841167866e-01 5.1041829008e-02 2.3850610159e-02
   outer loop
     vertex 6.5044931627e+00 -2.7763144588e-01 6.5570416578e-01
     vertex 6.5000000000e+00 -3.5126813264e-01 6.2520285144e-01
     vertex 6.5043467282e+00 -3.1988520163e-01 7.4000000000e-01
   endloop
 endfacet
 facet normal  -9.9826740654e-01 5.4162242340e-02 2.2992097302e-02
   outer loop
     vertex 6.5000000000e+00 -3.5126813264e-01 6.2520285144e-01
     vertex 6.5000000000e+00 -4.0000000000e-01 7.4000000000e-01
     vertex 6.5043467282e+00 -3.1988520163e-01 7.4000000000e-01
   endloop
 endfacet
 facet normal  -9.9850905776e-01 5.4175353428e-02 -6.6852566629e-03
   outer loop
     vertex 6.5043467282e+00 -3.1988520163e-01 7.4000000000e-01
     vertex 6.5000000000e+00 -4.0000000000e-01 7.4000000000e-01
     vertex 6.5000000000e+00 -3.7681444835e-01 9.2788889018e-01
   endloop
 endfacet
 facet normal  -9.9826070434e-01 5.8714844697e-02 -5.3040715223e-03
   outer loop
     vertex 6.5043467282e+00 -3.1988520163e-01 7.4000000000e-01
     vertex 6.5000000000e+00 -3.7681444835e-01 9.2788889018e-01
     vertex 6.5044931627e+00 -3.0317776159e-01 8.9738757584e-01
   endloop
 endfacet
 facet normal  -9.9841479961e-01 5.2036568511e-02 -2.1449556308e-02
   outer loop
     vertex 6.5044931627e+00 -3.0317776159e-01 8.9738757584e-01
     vertex 6.5000000000e+00 -3.7681444835e-01 9.2788889018e-01
     vertex 6.5000000000e+00 -3.0474368167e-01 1.1027323850e+00
   endloop
 endfacet
 facet normal  -9.9768728741e-01 6.4534892114e-02 -2.1338327752e-02
   outer loop
     vertex 6.5044931627e+00 -3.0317776159e-01 8.9738757584e-01
     vertex 6.5000000000e+00 -3.0474368167e-01 1.1027323850e+00
     vertex 6.5047955068e+00 -2.4902880135e-01 1.0470175047e+00
   endloop
 endfacet
 facet normal  -9.9814934361e-01 4.4875727629e-02 -4.1037262467e-02
   outer loop
     vertex 6.5047955068e+00 -2.4902880135e-01 1.0470175047e+00
     vertex 6.5000000000e+00 -3.0474368167e-01 1.1027323850e+00
     vertex 6.5000000000e+00 -1.7757955259e-01 1.2417909498e+00
   endloop
 endfacet
 facet normal  -9.9722296659e-01 5.8546249312e-02 -4.6029247164e-02
   outer loop
     vertex 6.5047955068e+00 -2.4902880135e-01 1.0470175047e+00
     vertex 6.5000000000e+00 -1.7757955259e-01 1.2417909498e+00
     vertex 6.5050703898e+00 -1.4777882847e-01 1.1698456375e+00
   endloop
 endfacet
 facet normal  -9.9787480166e-01 2.0296441841e-02 -6.1918774651e-02
   outer loop
     vertex 6.5050703898e+00 -1.4777882847e-01 1.1698456375e+00
     vertex 6.5000000000e+00 -1.7757955259e-01 1.2417909498e+00
     vertex 6.5000000000e+00 8.3266726847e-16 1.3000000000e+00
   endloop
 endfacet
 facet normal  -9.9746373847e-01 2.4600747801e-02 -6.6789921722e-02
   outer loop
     vertex 6.5050703898e+00 -1.4777882847e-01 1.1698456375e+00
     vertex 6.5000000000e+00 8.3266726847e-16 1.3000000000e+00
     vertex 6.5051861908e+00 8.4328966580e-16 1.2225476368e+00
   endloop
 endfacet
 facet normal  -9.9746373847e-01 -2.4600747801e-02 -6.6789921722e-02
   outer loop
     vertex 6.5051861908e+00 8.4328966580e-16 1.2225476368e+00
     vertex 6.5000000000e+00 8.3266726847e-16 1.3000000000e+00
     vertex 6.5050703898e+00 1.4777882847e-01 1.1698456375e+00
   endloop
 endfacet
 facet normal  -9.9787480166e-01 -2.0296441841e-02 -6.1918774651e-02
   outer loop
     vertex 6.5000000000e+00 8.3266726847e-16 1.3000000000e+00
     vertex 6.5000000000e+00 1.7757955259e-01 1.2417909498e+00
     vertex 6.5050703898e+00 1.4777882847e-01 1.1698456375e+00
   endloop
 endfacet
 facet normal  -9.9722296659e-01 -5.8546249312e-02 -4.6029247164e-02
   outer loop
     vertex 6.5050703898e+00 1.4777882847e-01 1.1698456375e+00
     vertex 6.5000000000e+00 1.7757955259e-01 1.2417909498e+00
     vertex 6.5047955068e+00 2.4902880135e-01 1.0470175047e+00
   endloop
 endfacet
 facet normal  -9.9814934361e-01 -4.4875727629e-02 -4.1037262467e-02
   outer loop
     vertex 6.5000000000e+00 1.7757955259e-01 1.2417909498e+00
     vertex 6.5000000000e+00 3.0474368167e-01 1.1027323850e+00
     vertex 6.5047955068e+00 2.4902880135e-01 1.0470175047e+00
   endloop
 endfacet
 facet normal  -9.9768728741e-01 -6.4534892114e-02 -2.1338327752e-02
   outer loop
     vertex 6.5047955068e+00 2.4902880135e-01 1.0470175047e+00
     vertex 6.5000000000e+00 3.0474368167e-01 1.1027323850e+00
     vertex 6.5044931627e+00 3.0317776159e-01 8.9738757584e-01
   endloop
 endfacet
 facet normal  -9.9841479961e-01 -5.2036568511e-02 -2.1449556308e-02
   outer loop
     vertex 6.5000000000e+00 3.0474368167e-01 1.1027323850e+00
     vertex 6.5000000000e+00 3.7681444835e-01 9.2788889018e-01
     vertex 6.5044931627e+00 3.0317776159e-01 8.9738757584e-01
   endloop
 endfacet
 facet normal  -9.9826070434e-01 -5.8714844697e-02 -5.3040715222e-03
   outer loop
     vertex 6.5044931627e+00 3.0317776159e-01 8.9738757584e-01
     vertex 6.5000000000e+00 3.7681444835e-01 9.2788889018e-01
     vertex 6.5043467282e+00 3.1988520163e-01 7.4000000000e-01
   endloop
 endfacet
 facet normal  -9.9850905776e-01 -5.4175353428e-02 -6.6852566629e-03
   outer loop
     vertex 6.5000000000e+00 3.7681444835e-01 9.2788889018e-01
     vertex 6.5000000000e+00 4.0000000000e-01 7.4000000000e-01
     vertex 6.5043467282e+00 3.1988520163e-01 7.4000000000e-01
   endloop
 endfacet
endsolid
