2 0.000000 100.000000 5791.461216
1506 1300 
1 -51.980419 0.000000 -52.508739 98.971812 0.009780 14.266781 0.000104 
2 61.980419 0.000000 -52.508739 98.972865 0.068536 14.243326 0.000149 
3 61.980419 0.000000 53.378214 98.987501 -0.099834 14.231363 -0.000107 
4 -51.980419 0.000000 53.378214 98.983974 -0.015024 14.266765 -0.000137 
5 5.000000 0.000000 0.434738 68.754214 -0.034275 0.263176 0.527279 
6 -51.980419 0.000000 0.434738 98.977697 -0.004046 14.274825 -0.000036 
7 5.000000 0.000000 -52.508739 98.959095 0.051541 14.253925 0.000392 
8 61.980419 0.000000 0.434738 99.094715 0.329968 13.428238 -0.000019 
9 5.000000 0.000000 53.378214 98.999062 -0.066783 14.251717 -0.000393 
10 33.490210 0.000000 26.906476 99.016583 -0.146842 14.140839 -0.000427 
11 5.000000 0.000000 26.906476 99.065877 -0.103135 14.220684 -0.001629 
12 33.490210 0.000000 0.434738 99.278509 0.125749 12.058577 -0.000165 
13 61.980419 0.000000 26.906476 99.004575 -0.316787 14.103423 -0.000091 
14 33.490210 0.000000 53.378214 98.994103 -0.102346 14.236936 -0.000253 
15 -23.490210 0.000000 26.906476 99.001769 -0.023576 14.277971 -0.000521 
16 -51.980419 0.000000 26.906476 98.983499 -0.011540 14.271485 -0.000141 
17 -23.490210 0.000000 0.434738 98.975642 -0.005433 14.309081 -0.000093 
18 -23.490210 0.000000 53.378214 98.991492 -0.028086 14.264637 -0.000280 
19 33.490210 0.000000 -26.037001 98.957625 0.108378 14.182629 0.000623 
20 5.000000 0.000000 -26.037001 98.900657 0.082908 14.226886 0.001625 
21 33.490210 0.000000 -52.508739 98.965313 0.076931 14.243356 0.000299 
22 61.980419 0.000000 -26.037001 98.977632 0.176611 14.203472 0.000166 
23 19.245105 0.000000 13.670607 99.146008 -0.309374 13.803137 -0.002055 
24 5.000000 0.000000 13.670607 99.331562 -0.327344 14.118961 -0.006621 
25 19.245105 0.000000 0.434738 99.549333 -2.582894 9.678659 -0.001042 
26 33.490210 0.000000 13.670607 99.072434 -0.376862 13.721777 -0.000378 
27 19.245105 0.000000 26.906476 99.047300 -0.154699 14.160534 -0.001091 
28 -23.490210 0.000000 -26.037001 98.954819 0.015370 14.276875 0.000411 
29 -51.980419 0.000000 -26.037001 98.972146 0.005505 14.271329 0.000084 
30 -23.490210 0.000000 -52.508739 98.965066 0.020472 14.264913 0.000243 
31 -9.245105 0.000000 13.670607 99.067767 -0.049682 14.325256 -0.001964 
32 -23.490210 0.000000 13.670607 98.998228 -0.018407 14.294510 -0.000498 
33 -9.245105 0.000000 0.434738 98.939427 -0.019491 14.426058 0.000288 
34 -9.245105 0.000000 26.906476 99.031976 -0.046075 14.270567 -0.001098 
35 19.245105 0.000000 -12.801131 98.869009 0.241747 13.919717 0.003110 
36 5.000000 0.000000 -12.801131 98.772610 0.139023 14.136922 0.004410 
37 19.245105 0.000000 -26.037001 98.923572 0.123028 14.182569 0.001297 
38 33.490210 0.000000 -12.801131 98.973074 0.241633 14.015113 0.000785 
39 12.122552 0.000000 7.052672 99.375416 -0.645207 13.021740 -0.004546 
40 5.000000 0.000000 7.052672 99.742973 -0.508775 13.862000 -0.014107 
41 12.122552 0.000000 0.434738 96.788780 21.756414 17.181325 -0.013661 
42 19.245105 0.000000 7.052672 99.256420 -0.523941 12.747956 -0.001462 
43 12.122552 0.000000 13.670607 99.258159 -0.245054 13.888326 -0.004513 
44 -9.245105 0.000000 -12.801131 98.885400 0.028087 14.311914 0.001685 
45 -23.490210 0.000000 -12.801131 98.954925 0.009206 14.294420 0.000359 
46 -9.245105 0.000000 -26.037001 98.927974 0.034767 14.269265 0.000964 
47 -2.122552 0.000000 7.052672 99.213475 -0.243805 14.466777 -0.005266 
48 -9.245105 0.000000 7.052672 99.055640 -0.124689 14.412122 -0.001974 
49 -2.122552 0.000000 0.434738 98.308717 0.055505 14.546334 0.012380 
50 -2.122552 0.000000 13.670607 99.187363 -0.229150 14.301417 -0.004272 
51 12.122552 0.000000 -6.183197 98.701596 0.589882 13.349231 0.007945 
52 5.000000 0.000000 -6.183197 98.424608 0.387040 13.845628 0.012075 
53 12.122552 0.000000 -12.801131 98.746992 0.262170 13.954298 0.005424 
54 19.245105 0.000000 -6.183197 98.933784 0.385734 13.355598 0.003359 
55 8.561276 0.000000 3.743705 99.737370 0.178317 10.969537 -0.006791 
56 5.000000 0.000000 3.743705 101.066242 0.351120 13.447177 -0.039534 
57 8.561276 0.000000 0.434738 73.583540 2.121415 -16.386391 0.431245 
58 12.122552 0.000000 3.743705 99.419183 -0.768890 11.041632 -0.000668 
59 8.561276 0.000000 7.052672 99.637876 -0.670673 13.283343 -0.010460 
60 -2.122552 0.000000 -6.183197 98.784333 0.157171 14.192285 0.004021 
61 -9.245105 0.000000 -6.183197 98.877215 0.080593 14.366801 0.001688 
62 -2.122552 0.000000 -12.801131 98.792861 0.237928 14.274425 0.003615 
63 1.438724 0.000000 3.743705 99.680096 -0.054203 14.938954 -0.015930 
64 -2.122552 0.000000 3.743705 99.034475 -0.292740 14.716660 -0.002449 
65 1.438724 0.000000 0.434738 62.140894 0.025071 11.375999 0.600910 
66 1.438724 0.000000 7.052672 99.391489 -0.552975 14.296156 -0.008335 
67 8.561276 0.000000 -2.874230 95.961051 -0.548718 12.288531 0.064017 
68 5.000000 0.000000 -2.874230 97.903151 -1.120382 13.595909 0.022887 
69 8.561276 0.000000 -6.183197 98.487582 0.540793 13.506418 0.011748 
70 12.122552 0.000000 -2.874230 98.602446 0.320034 12.118207 0.013060 
71 6.780638 0.000000 2.089221 102.614262 -0.366018 10.699654 -0.064430 
72 5.000000 0.000000 2.089221 101.520963 0.950187 12.768862 -0.047045 
73 6.780638 0.000000 0.434738 69.355922 0.191659 2.556444 0.518318 
74 8.561276 0.000000 2.089221 99.282034 -0.230911 6.556716 0.010003 
75 6.780638 0.000000 3.743705 100.475836 0.365388 12.186177 -0.024403 
76 47.735315 0.000000 -12.801131 98.989915 0.194188 14.080456 0.000270 
77 47.735315 0.000000 -26.037001 98.971966 0.110562 14.193373 0.000309 
78 61.980419 0.000000 -12.801131 98.991663 0.180196 14.118338 0.000129 
79 47.735315 0.000000 0.434738 99.159790 0.285131 12.956374 -0.000061 
80 26.367657 0.000000 -6.183197 99.010069 0.367002 13.538363 0.001358 
81 26.367657 0.000000 -12.801131 98.945722 0.243921 13.972926 0.001444 
82 33.490210 0.000000 -6.183197 99.027503 0.357148 13.687884 0.000607 
83 26.367657 0.000000 0.434738 99.373801 -0.247218 11.267204 -0.000216 
84 15.683829 0.000000 -2.874230 98.968204 0.327252 12.296373 0.005399 
85 15.683829 0.000000 -6.183197 98.878976 0.371265 13.352011 0.004453 
86 19.245105 0.000000 -2.874230 99.086198 0.301304 12.536247 0.002468 
87 15.683829 0.000000 0.434738 98.682556 -12.002102 14.779102 -0.010072 
88 10.341914 0.000000 -1.219746 95.482234 -0.114935 10.195037 0.077919 
89 8.561276 0.000000 -1.219746 95.403383 0.109583 12.327388 0.074622 
90 10.341914 0.000000 -2.874230 96.635929 -0.192071 11.988593 0.051773 
91 12.122552 0.000000 -1.219746 98.574190 -0.208756 10.380723 0.017533 
92 10.341914 0.000000 0.434738 93.719135 27.213634 3.464077 0.046414 
93 1.438724 0.000000 -2.874230 98.426871 0.137335 13.535578 0.012892 
94 -2.122552 0.000000 -2.874230 98.535908 0.071871 14.247177 0.008769 
95 1.438724 0.000000 -6.183197 98.655905 0.247100 14.088053 0.006848 
96 6.780638 0.000000 -1.219746 95.269870 -0.579650 9.660380 0.082999 
97 5.000000 0.000000 -1.219746 94.785884 -1.386417 10.361623 0.090635 
98 6.780638 0.000000 -2.874230 95.867147 -1.146824 12.619386 0.064893 
99 47.735315 0.000000 13.670607 99.088368 -0.337067 13.519546 -0.000140 
100 61.980419 0.000000 13.670607 99.145905 -0.365685 13.101860 -0.000170 
101 47.735315 0.000000 26.906476 99.006170 -0.168193 14.125678 -0.000178 
102 26.367657 0.000000 7.052672 99.257975 -0.561832 12.414596 -0.000658 
103 33.490210 0.000000 7.052672 99.344708 -0.622406 11.733930 -0.000744 
104 26.367657 0.000000 13.670607 99.085281 -0.344113 13.778037 -0.000785 
105 15.683829 0.000000 3.743705 99.493779 -0.690209 10.524888 -0.001026 
106 19.245105 0.000000 3.743705 99.646874 -0.733292 9.488903 -0.002008 
107 15.683829 0.000000 7.052672 99.243555 -0.555619 12.933590 -0.001687 
108 10.341914 0.000000 2.089221 98.276540 -0.751090 6.069017 0.030432 
109 12.122552 0.000000 2.089221 99.785142 -0.472098 6.473257 0.000080 
110 10.341914 0.000000 3.743705 99.925136 -0.523672 10.678300 -0.009933 
111 9.451595 0.000000 -0.392504 87.016135 0.261639 21.379480 0.197104 
112 8.561276 0.000000 -0.392504 76.884789 0.168731 13.771098 0.389906 
113 9.451595 0.000000 -1.219746 94.216282 -0.348905 11.669182 0.098700 
114 10.341914 0.000000 -0.392504 95.741704 -2.168731 5.980209 0.079306 
115 9.451595 0.000000 0.434738 77.082770 24.832193 -5.335416 0.341314 
116 13.903191 0.000000 -1.219746 98.985875 -0.169919 10.999516 0.008078 
117 13.903191 0.000000 -2.874230 98.828314 0.326401 12.145994 0.008533 
118 15.683829 0.000000 -1.219746 99.135198 -0.102273 11.267589 0.004524 
119 13.903191 0.000000 0.434738 96.468850 1.794965 37.018894 -0.067986 
120 11.232233 0.000000 -0.392504 96.731648 -2.673112 7.712884 0.057635 
121 11.232233 0.000000 -1.219746 96.643337 -0.305521 10.258098 0.055474 
122 12.122552 0.000000 -0.392504 97.514645 -2.540836 8.512079 0.041198 
123 11.232233 0.000000 0.434738 96.547173 22.184532 10.414563 0.007803 
124 9.451595 0.000000 1.261980 99.351386 -0.579687 -1.243760 0.012742 
125 8.561276 0.000000 1.261980 100.618442 -0.033602 0.177471 -0.012410 
126 10.341914 0.000000 1.261980 97.781228 0.345405 0.833096 0.043802 
127 9.451595 0.000000 2.089221 98.593859 -0.223900 5.706650 0.024663 
128 9.896755 0.000000 0.021117 105.825301 -17.349116 -8.281108 -0.156856 
129 9.451595 0.000000 0.021117 92.894423 3.214894 -5.258553 0.133264 
130 9.896755 0.000000 -0.392504 100.874573 -8.766287 34.682061 -0.145537 
131 10.341914 0.000000 0.021117 97.925137 -14.587627 4.598927 0.017672 
132 9.896755 0.000000 0.434738 114.776807 -30.261611 -66.197376 -0.847157 
133 7.670957 0.000000 -0.392504 73.247110 0.197926 4.244327 0.461681 
134 6.780638 0.000000 -0.392504 70.103536 0.396662 2.566706 0.507875 
135 7.670957 0.000000 -1.219746 95.808474 -0.284808 10.026359 0.072013 
136 7.670957 0.000000 0.434738 68.823965 0.177994 -2.963758 0.525445 
137 9.006436 0.000000 0.021117 80.677539 4.442558 3.236986 0.346092 
138 8.561276 0.000000 0.021117 75.553789 1.233723 4.111351 0.427320 
139 9.006436 0.000000 -0.392504 81.968169 0.231616 19.560011 0.289857 
140 9.006436 0.000000 0.434738 77.265707 8.497279 -12.207835 0.380878 
141 13.903191 0.000000 2.089221 100.044443 -0.159668 5.589608 -0.004016 
142 15.683829 0.000000 2.089221 100.245532 0.420570 4.633735 -0.007082 
143 13.903191 0.000000 3.743705 99.477752 -0.664594 10.746682 -0.001176 
144 11.232233 0.000000 1.261980 98.325040 0.843148 2.416452 0.032564 
145 12.122552 0.000000 1.261980 98.912862 1.808462 2.597728 0.020623 
146 11.232233 0.000000 2.089221 98.319410 -0.035271 6.552523 0.029036 
147 9.896755 0.000000 0.848359 96.209508 2.761863 -3.618950 0.072301 
148 9.451595 0.000000 0.848359 98.681748 1.112164 -6.726651 0.021543 
149 10.341914 0.000000 0.848359 96.834798 3.082348 -1.343359 0.061172 
150 9.896755 0.000000 1.261980 97.980216 -0.003003 -0.265370 0.039981 
151 9.674175 0.000000 0.227927 92.416805 4.375199 -8.549568 0.136690 
152 9.451595 0.000000 0.227927 82.453004 7.192359 -5.195079 0.312278 
153 9.674175 0.000000 0.021117 94.713348 0.817434 -6.314074 0.098885 
154 9.896755 0.000000 0.227927 105.825301 -17.349116 -8.281108 -0.156856 
155 9.674175 0.000000 0.434738 90.820523 12.479173 -22.500492 0.108963 
156 7.670957 0.000000 1.261980 67.521446 0.350945 -1.353045 0.543890 
157 6.780638 0.000000 1.261980 69.432810 0.220061 4.374858 0.515990 
158 7.670957 0.000000 2.089221 101.303004 0.348686 6.718267 -0.030756 
159 9.006436 0.000000 0.848359 80.352647 3.312711 -15.183453 0.330194 
160 8.561276 0.000000 0.848359 75.764660 0.599074 -9.404059 0.417092 
161 9.006436 0.000000 1.261980 101.064893 -0.411300 -0.145697 -0.021430 
162 9.229016 0.000000 0.227927 77.766064 16.307690 -2.758054 0.367889 
163 9.006436 0.000000 0.227927 80.120865 11.162348 -14.880077 0.323463 
164 9.229016 0.000000 0.021117 87.190894 11.882402 -6.110761 0.221922 
165 9.229016 0.000000 0.434738 73.110332 14.553032 -18.647126 0.409537 
166 19.245105 0.000000 -39.272870 98.950426 0.058389 14.232146 0.000626 
167 5.000000 0.000000 -39.272870 98.945072 0.043415 14.246890 0.000690 
168 19.245105 0.000000 -52.508739 98.960981 0.065705 14.247247 0.000374 
169 33.490210 0.000000 -39.272870 98.960958 0.068167 14.226514 0.000433 
170 12.122552 0.000000 -19.419066 98.854692 0.136805 14.136679 0.002789 
171 5.000000 0.000000 -19.419066 98.832634 0.107802 14.198946 0.003049 
172 12.122552 0.000000 -26.037001 98.906590 0.105356 14.199443 0.001585 
173 19.245105 0.000000 -19.419066 98.900942 0.156627 14.111568 0.001944 
174 8.561276 0.000000 -9.492164 98.747602 0.788600 13.906089 0.005491 
175 5.000000 0.000000 -9.492164 98.776776 0.619507 14.044906 0.004551 
176 8.561276 0.000000 -12.801131 98.752923 0.071077 14.047376 0.005053 
177 12.122552 0.000000 -9.492164 98.807219 0.355365 13.821755 0.004597 
178 10.341914 0.000000 -4.528713 98.321005 0.310980 12.745199 0.017044 
179 8.561276 0.000000 -4.528713 98.011294 0.237855 12.888314 0.022762 
180 10.341914 0.000000 -6.183197 98.557801 0.568983 13.393965 0.010664 
181 12.122552 0.000000 -4.528713 98.665231 0.481054 12.889139 0.009881 
182 9.451595 0.000000 -2.046988 95.610138 0.092649 11.689043 0.072206 
183 8.561276 0.000000 -2.046988 95.635327 -0.141045 11.934358 0.071144 
184 9.451595 0.000000 -2.874230 96.148031 -0.265891 12.124236 0.060849 
185 10.341914 0.000000 -2.046988 96.087783 -0.148321 11.302547 0.063937 
186 9.896755 0.000000 -0.806125 93.152607 -0.431944 9.186022 0.123802 
187 9.451595 0.000000 -0.806125 92.305009 -0.492895 12.378006 0.132633 
188 9.896755 0.000000 -1.219746 94.667147 -0.174261 10.636370 0.092497 
189 10.341914 0.000000 -0.806125 95.031638 -0.629567 8.622277 0.089425 
190 9.674175 0.000000 -0.185694 95.398721 -7.160633 0.287679 0.084773 
191 9.451595 0.000000 -0.185694 90.522962 4.332370 9.087682 0.170424 
192 9.674175 0.000000 -0.392504 96.272495 -4.848669 32.878960 -0.037293 
193 9.896755 0.000000 -0.185694 105.825301 -17.349116 -8.281108 -0.156856 
194 9.562885 0.000000 0.124522 89.341253 0.093215 -1.935507 0.201439 
195 9.451595 0.000000 0.124522 87.109391 2.764908 -1.569024 0.240185 
196 9.562885 0.000000 0.021117 93.527458 1.407582 -6.006196 0.121456 
197 9.674175 0.000000 0.124522 92.796848 2.545223 -5.123474 0.135602 
198 9.562885 0.000000 0.227927 87.658253 2.221188 -0.629661 0.231070 
199 9.006436 0.000000 -0.806125 78.471031 0.279141 16.084423 0.358351 
200 8.561276 0.000000 -0.806125 75.813783 0.357475 11.340555 0.412353 
201 9.006436 0.000000 -1.219746 94.753730 -0.211749 12.447519 0.086675 
202 9.229016 0.000000 -0.185694 83.724625 5.231981 5.070798 0.293710 
203 9.006436 0.000000 -0.185694 81.706106 0.206683 17.699824 0.301079 
204 9.229016 0.000000 -0.392504 83.944654 0.200485 19.884349 0.255787 
205 9.340305 0.000000 0.124522 81.189821 16.783103 -1.486123 0.312433 
206 9.229016 0.000000 0.124522 80.160860 12.427263 -8.353994 0.335001 
207 9.340305 0.000000 0.021117 89.234159 13.845227 -8.116240 0.177970 
208 9.340305 0.000000 0.227927 78.862582 18.498222 -0.300326 0.343842 
209 9.674175 0.000000 0.641548 94.577110 5.227549 -8.136221 0.096164 
210 9.451595 0.000000 0.641548 89.551691 26.626100 -27.154453 0.053418 
211 9.896755 0.000000 0.641548 94.381506 7.384748 -4.778217 0.101477 
212 9.674175 0.000000 0.848359 96.712104 1.840010 -5.348429 0.061478 
213 9.562885 0.000000 0.331332 86.112956 9.431283 -14.450451 0.228679 
214 9.451595 0.000000 0.331332 79.609479 17.981367 -5.934942 0.330378 
215 9.674175 0.000000 0.331332 92.993911 8.042654 -9.195830 0.120288 
216 9.562885 0.000000 0.434738 82.473603 21.823246 -9.215538 0.263692 
217 9.507240 0.000000 0.176225 87.109391 2.764908 -1.569024 0.240185 
218 9.451595 0.000000 0.176225 84.190528 6.297404 -5.530992 0.284171 
219 9.507240 0.000000 0.124522 88.005862 1.823849 -1.430387 0.224960 
220 9.562885 0.000000 0.176225 87.908178 1.557220 -1.110591 0.226849 
221 9.507240 0.000000 0.227927 86.511275 3.515348 -1.094965 0.250224 
222 9.229016 0.000000 0.641548 87.996495 22.144090 -25.108284 0.113583 
223 9.006436 0.000000 0.641548 74.221545 3.717611 -13.074979 0.430639 
224 9.229016 0.000000 0.848359 101.353894 1.129451 -6.270716 -0.031321 
225 9.340305 0.000000 0.331332 76.357023 22.401039 -4.123379 0.365080 
226 9.229016 0.000000 0.331332 75.275738 19.801262 -6.569033 0.389832 
227 9.340305 0.000000 0.434738 74.898812 22.947805 -5.585442 0.383237 
228 9.395950 0.000000 0.176225 81.099513 9.364068 -2.543960 0.332871 
229 9.340305 0.000000 0.176225 79.587918 17.472521 -0.782335 0.335986 
230 9.395950 0.000000 0.124522 84.028377 10.160330 -5.925240 0.280089 
231 9.395950 0.000000 0.227927 79.413761 13.881888 -1.749199 0.349769 
232 9.507240 0.000000 0.279630 83.182481 6.778772 -8.856087 0.295629 
233 9.451595 0.000000 0.279630 80.882684 8.761331 -5.207117 0.335412 
234 9.562885 0.000000 0.279630 87.315659 2.497303 -3.304605 0.235882 
235 9.507240 0.000000 0.331332 83.130777 11.558981 -10.748845 0.284013 
236 9.479418 0.000000 0.202076 84.590684 -1.190772 -1.595205 0.284045 
237 9.451595 0.000000 0.202076 82.600567 5.947290 -6.324343 0.310178 
238 9.479418 0.000000 0.176225 86.511275 3.515348 -1.094965 0.250224 
239 9.507240 0.000000 0.202076 86.511275 3.515348 -1.094965 0.250224 
240 9.479418 0.000000 0.227927 83.576370 6.128045 -6.074991 0.294053 
241 9.562885 0.000000 -0.082288 94.519504 0.288703 -5.903361 0.103113 
242 9.451595 0.000000 -0.082288 94.604248 0.502237 -6.095811 0.101263 
243 9.562885 0.000000 -0.185694 94.408437 -3.698799 -2.775049 0.106567 
244 9.674175 0.000000 -0.082288 94.208342 -1.996324 -4.550418 0.110010 
245 9.507240 0.000000 0.072819 89.768673 -0.330587 -2.149727 0.193685 
246 9.451595 0.000000 0.072819 89.149907 0.805920 -2.776989 0.204393 
247 9.507240 0.000000 0.021117 92.908375 2.171566 -5.482298 0.133326 
248 9.562885 0.000000 0.072819 90.513822 -1.426277 -2.803754 0.179735 
249 9.479418 0.000000 0.150373 86.792903 2.827196 -1.578952 0.245651 
250 9.451595 0.000000 0.150373 86.572483 3.721037 -1.503340 0.248910 
251 9.479418 0.000000 0.124522 87.657681 2.503266 -1.698937 0.230698 
252 9.507240 0.000000 0.150373 87.443705 2.550882 -0.965153 0.234616 
253 10.787074 0.000000 0.021117 96.990193 -15.327125 7.529036 0.030130 
254 10.787074 0.000000 -0.392504 96.232160 -2.535584 7.172637 0.068150 
255 11.232233 0.000000 0.021117 97.263601 -14.913019 9.382002 0.022937 
256 10.787074 0.000000 0.434738 95.468005 23.797514 7.349018 0.026553 
257 10.119335 0.000000 0.227927 104.359422 -15.165396 -23.723289 -0.168367 
258 10.119335 0.000000 0.021117 105.825301 -17.349116 -8.281108 -0.156856 
259 10.341914 0.000000 0.227927 102.628386 -46.507904 80.353130 -0.915220 
260 10.119335 0.000000 0.434738 92.140071 29.048271 -0.051166 0.066640 
261 9.785465 0.000000 0.124522 96.963629 -2.863667 -13.308292 0.041274 
262 9.785465 0.000000 0.021117 94.408437 -3.698799 -2.775049 0.106567 
263 9.896755 0.000000 0.124522 105.825301 -17.349116 -8.281108 -0.156856 
264 9.785465 0.000000 0.227927 97.486527 -1.385913 -13.121294 0.032229 
265 9.618530 0.000000 0.176225 89.623057 -0.054090 -1.964367 0.196385 
266 9.618530 0.000000 0.124522 90.229647 -1.004298 -2.560375 0.185105 
267 9.674175 0.000000 0.176225 91.473924 1.224914 -6.871279 0.158381 
268 9.618530 0.000000 0.227927 89.200458 0.664324 -3.699594 0.202915 
269 9.535063 0.000000 0.202076 87.443705 2.550882 -0.965153 0.234616 
270 9.535063 0.000000 0.176225 87.757840 2.476185 -0.951471 0.229152 
271 9.562885 0.000000 0.202076 87.908178 1.557220 -1.110591 0.226849 
272 9.535063 0.000000 0.227927 86.562288 2.893263 -0.853615 0.249787 
273 9.493329 0.000000 0.189150 86.525302 3.558778 -1.048182 0.249961 
274 9.479418 0.000000 0.189150 85.907504 1.233486 -0.623195 0.261799 
275 9.493329 0.000000 0.176225 86.511275 3.515348 -1.094965 0.250224 
276 9.507240 0.000000 0.189150 86.511275 3.515348 -1.094965 0.250224 
277 9.493329 0.000000 0.202076 86.387027 3.785399 -0.951450 0.252205 
278 9.395950 0.000000 0.279630 78.376179 17.709226 -1.667105 0.354078 
279 9.340305 0.000000 0.279630 77.784076 20.549839 -0.979397 0.352638 
280 9.395950 0.000000 0.331332 77.562260 21.628852 -2.883039 0.350798 
281 9.423773 0.000000 0.202076 81.886037 8.204697 -3.807695 0.321286 
282 9.395950 0.000000 0.202076 80.708671 10.425019 -2.344468 0.337193 
283 9.423773 0.000000 0.176225 82.435000 7.219168 -4.779030 0.312952 
284 9.423773 0.000000 0.227927 81.256124 8.925572 -2.898800 0.330937 
285 9.465507 0.000000 0.189150 83.733526 -0.896849 -3.709659 0.297413 
286 9.451595 0.000000 0.189150 83.002139 5.822181 -6.428439 0.303542 
287 9.465507 0.000000 0.176225 86.418073 4.022531 -1.027016 0.251468 
288 9.465507 0.000000 0.202076 82.379647 -0.105518 -5.877596 0.317904 
289 9.479418 0.000000 0.253779 82.826026 6.263553 -6.110704 0.306328 
290 9.451595 0.000000 0.253779 82.059345 7.864410 -3.942280 0.318887 
291 9.507240 0.000000 0.253779 84.128980 5.623875 -6.110748 0.285335 
292 9.479418 0.000000 0.279630 81.920843 7.633618 -6.858536 0.318366 
293 9.465507 0.000000 0.215002 83.162501 6.373690 -6.461106 0.300163 
294 9.451595 0.000000 0.215002 82.689442 6.686192 -5.917607 0.308273 
295 9.479418 0.000000 0.215002 83.582743 5.987114 -5.820951 0.294420 
296 9.465507 0.000000 0.227927 82.926427 6.249287 -6.498498 0.304192 
297 9.472462 0.000000 0.195613 83.920247 -0.822185 -2.733122 0.294925 
298 9.465507 0.000000 0.195613 82.145682 -3.320523 -4.682048 0.321914 
299 9.472462 0.000000 0.189150 85.091861 -1.499395 -0.569520 0.275680 
300 9.479418 0.000000 0.195613 85.319925 -1.361649 -0.471448 0.271843 
301 9.472462 0.000000 0.202076 83.275747 0.273234 -4.265352 0.304688 
302 9.423773 0.000000 0.253779 80.651873 10.530485 -1.386084 0.338246 
303 9.395950 0.000000 0.253779 78.420781 14.974328 -0.369714 0.362581 
304 9.423773 0.000000 0.279630 79.597829 14.100338 -4.363680 0.344632 
305 9.437684 0.000000 0.215002 82.168468 7.689222 -4.421942 0.316967 
306 9.423773 0.000000 0.215002 81.266583 8.496703 -3.390842 0.331205 
307 9.437684 0.000000 0.202076 82.341694 7.356109 -5.104805 0.313967 
308 9.437684 0.000000 0.227927 81.738320 7.795849 -3.983304 0.324221 
309 3.219362 0.000000 2.089221 101.557651 0.360778 14.754734 -0.053179 
310 1.438724 0.000000 2.089221 99.993277 -0.001759 15.723705 -0.024589 
311 3.219362 0.000000 0.434738 59.836970 0.041431 5.646520 0.638765 
312 3.219362 0.000000 3.743705 100.326440 0.105843 14.536363 -0.027671 
313 5.890319 0.000000 1.261980 99.474176 -0.207453 11.165358 -0.001982 
314 5.000000 0.000000 1.261980 102.915167 0.957002 9.646824 -0.068551 
315 5.890319 0.000000 0.434738 72.538715 0.296796 -1.400583 0.473609 
316 5.890319 0.000000 2.089221 101.043687 0.986766 11.814285 -0.035038 
317 8.116117 0.000000 0.848359 67.154762 0.409560 -3.584545 0.547722 
318 7.670957 0.000000 0.848359 66.070895 0.229281 -1.532258 0.563224 
319 8.116117 0.000000 0.434738 68.860485 0.207556 -7.839387 0.519673 
320 8.116117 0.000000 1.261980 65.870542 0.544101 -1.200828 0.565933 
321 7.225798 0.000000 0.848359 65.213322 0.088970 -0.103305 0.574720 
322 6.780638 0.000000 0.848359 66.753272 0.103397 1.621673 0.554136 
323 7.225798 0.000000 0.434738 66.138826 0.038476 -0.225494 0.562560 
324 7.225798 0.000000 1.261980 68.431842 -0.006288 0.746169 0.531653 
325 8.116117 0.000000 0.021117 75.172172 0.396737 3.749133 0.433493 
326 7.670957 0.000000 0.021117 72.489320 0.240369 3.411917 0.473360 
327 8.116117 0.000000 -0.392504 74.839032 0.291161 8.471721 0.432726 
328 7.893537 0.000000 0.641548 69.748690 0.225710 -2.680376 0.512788 
329 7.670957 0.000000 0.641548 67.851203 0.095193 -2.495919 0.538998 
330 7.893537 0.000000 0.434738 67.136052 0.306177 -3.274345 0.548194 
331 8.116117 0.000000 0.641548 69.382809 0.151532 -14.870116 0.496488 
332 7.893537 0.000000 0.848359 66.905290 0.365800 -2.922591 0.551501 
333 3.219362 0.000000 -1.219746 98.249202 0.022739 9.625972 0.025443 
334 1.438724 0.000000 -1.219746 97.123817 -0.041555 9.278587 0.048087 
335 3.219362 0.000000 -2.874230 98.442091 -0.545422 13.532708 0.012572 
336 5.890319 0.000000 -0.392504 68.257289 0.186479 2.164159 0.533622 
337 5.000000 0.000000 -0.392504 61.783649 0.826591 1.338197 0.618031 
338 5.890319 0.000000 -1.219746 94.827263 -0.639403 9.458125 0.091793 
339 7.225798 0.000000 0.021117 69.301456 0.064647 -0.631927 0.519690 
340 6.780638 0.000000 0.021117 43.937902 0.130921 -1.060462 0.806832 
341 7.225798 0.000000 -0.392504 71.553227 0.091696 2.312182 0.487478 
342 7.893537 0.000000 0.227927 74.870868 0.418578 -4.831478 0.437083 
343 7.670957 0.000000 0.227927 70.760414 0.300135 -2.544414 0.498640 
344 7.893537 0.000000 0.021117 72.489320 0.240369 3.411917 0.473360 
345 8.116117 0.000000 0.227927 71.326707 -0.928416 -21.697887 0.444084 
346 8.338696 0.000000 0.641548 71.644623 -1.479633 -31.195739 0.389168 
347 8.338696 0.000000 0.434738 73.263063 1.010963 -20.882542 0.419542 
348 8.561276 0.000000 0.641548 73.923528 1.779330 -20.324475 0.411906 
349 8.338696 0.000000 0.848359 75.764660 0.599074 -9.404059 0.417092 
350 8.004827 0.000000 0.538143 65.885787 0.340176 -5.672199 0.562677 
351 7.893537 0.000000 0.538143 67.913347 0.267842 -2.325161 0.538230 
352 8.004827 0.000000 0.434738 67.088392 0.394591 -5.460398 0.546918 
353 8.116117 0.000000 0.538143 66.081761 0.118631 -8.583546 0.555951 
354 8.004827 0.000000 0.641548 69.203830 0.082136 -6.589580 0.516740 
355 6.335479 0.000000 0.848359 68.887813 0.059839 -1.343260 0.525266 
356 5.890319 0.000000 0.848359 72.934115 0.721115 -1.454530 0.467798 
357 6.335479 0.000000 0.434738 71.197970 -0.233655 1.467371 0.492864 
358 6.335479 0.000000 1.261980 65.770470 0.584914 -4.242952 0.565590 
359 6.335479 0.000000 0.021117 67.466240 0.000582 -1.341650 0.544651 
360 5.890319 0.000000 0.021117 41.984944 2.078783 4.491055 0.821277 
361 6.335479 0.000000 -0.392504 68.608504 0.276106 2.360853 0.528722 
362 6.558058 0.000000 0.641548 69.726967 0.130719 3.612792 0.512508 
363 6.335479 0.000000 0.641548 70.432969 -0.067840 2.840983 0.503112 
364 6.558058 0.000000 0.434738 70.454466 0.228552 3.228198 0.502569 
365 6.780638 0.000000 0.641548 68.259050 0.076986 2.207435 0.533582 
366 6.558058 0.000000 0.848359 67.739916 0.130264 3.059102 0.540193 
367 4.109681 0.000000 1.261980 104.431047 0.181778 11.465853 -0.103734 
368 3.219362 0.000000 1.261980 102.952227 -0.218851 13.936124 -0.079342 
369 4.109681 0.000000 0.434738 60.312563 -0.240249 2.325863 0.635693 
370 4.109681 0.000000 2.089221 102.101891 1.587120 13.821751 -0.061836 
371 5.445160 0.000000 0.848359 71.446587 0.615620 -0.815012 0.489434 
372 5.000000 0.000000 0.848359 67.012304 -0.014007 -0.321522 0.550925 
373 5.445160 0.000000 0.434738 73.433144 0.178259 -0.637602 0.460714 
374 5.445160 0.000000 1.261980 101.353247 0.817139 9.173677 -0.035730 
375 6.112899 0.000000 0.641548 71.311246 0.099132 -1.323286 0.491295 
376 5.890319 0.000000 0.641548 72.538715 0.296796 -1.400583 0.473609 
377 6.112899 0.000000 0.434738 71.311246 0.099132 -1.323286 0.491295 
378 6.112899 0.000000 0.848359 69.231326 0.604073 -1.336460 0.520487 
379 6.558058 0.000000 0.227927 70.646324 0.287375 3.036705 0.499979 
380 6.335479 0.000000 0.227927 69.418462 -0.161240 -1.302979 0.517935 
381 6.558058 0.000000 0.021117 44.243816 0.745384 -2.446488 0.803594 
382 6.780638 0.000000 0.227927 71.663035 0.202928 3.969967 0.484861 
383 6.446768 0.000000 0.538143 58.575542 0.011064 7.319574 0.651533 
384 6.335479 0.000000 0.538143 70.619726 -0.083543 2.625353 0.500595 
385 6.446768 0.000000 0.434738 70.314255 0.045769 2.871281 0.504766 
386 6.558058 0.000000 0.538143 60.644087 0.112774 6.394049 0.628140 
387 6.446768 0.000000 0.641548 68.321490 0.021560 4.291458 0.531376 
388 9.785465 0.000000 0.331332 99.519604 -3.748330 -12.574354 -0.007632 
389 9.896755 0.000000 0.331332 105.825301 -17.349116 -8.281108 -0.156856 
390 9.785465 0.000000 0.434738 110.043778 -20.555535 -59.456575 -0.606725 
391 9.618530 0.000000 0.279630 88.997029 0.834703 -5.057635 0.205325 
392 9.674175 0.000000 0.279630 92.290912 7.232395 -8.745285 0.135360 
393 9.618530 0.000000 0.331332 88.783902 10.592089 -14.634558 0.179106 
394 9.535063 0.000000 0.253779 86.326074 3.417895 -1.986444 0.253218 
395 9.562885 0.000000 0.253779 87.281799 2.432788 -2.639864 0.236900 
396 9.535063 0.000000 0.279630 83.834016 5.329350 -8.832635 0.286544 
397 9.521151 0.000000 0.215002 86.447942 3.279939 -0.584800 0.251565 
398 9.507240 0.000000 0.215002 86.511275 3.515348 -1.094965 0.250224 
399 9.521151 0.000000 0.202076 86.562288 2.893263 -0.853615 0.249787 
400 9.535063 0.000000 0.215002 87.443705 2.550882 -0.965153 0.234616 
401 9.521151 0.000000 0.227927 86.479724 3.399661 -0.840668 0.250899 
402 9.729820 0.000000 0.279630 94.028361 4.981887 -10.355180 0.102662 
403 9.729820 0.000000 0.227927 94.144188 4.992192 -10.580339 0.100001 
404 9.785465 0.000000 0.279630 97.597202 -1.829292 -12.223312 0.032203 
405 9.729820 0.000000 0.331332 94.516910 3.844178 -10.292666 0.094584 
406 9.646353 0.000000 0.253779 90.074914 0.442497 -6.226195 0.184755 
407 9.618530 0.000000 0.253779 88.967494 0.816543 -4.574080 0.206320 
408 9.646353 0.000000 0.227927 89.862819 -0.113906 -4.998464 0.189968 
409 9.674175 0.000000 0.253779 92.713777 6.448717 -7.656448 0.130395 
410 9.646353 0.000000 0.279630 91.380174 5.578107 -7.922002 0.155579 
411 9.729820 0.000000 0.176225 94.388333 4.107229 -10.667159 0.096019 
412 9.729820 0.000000 0.124522 93.940051 2.786738 -8.205077 0.110018 
413 9.785465 0.000000 0.176225 97.378806 -1.807876 -13.507396 0.033165 
414 9.701998 0.000000 0.253779 93.490181 6.345740 -9.942644 0.112046 
415 9.701998 0.000000 0.227927 93.378954 5.836400 -10.013197 0.114604 
416 9.729820 0.000000 0.253779 93.794878 5.227483 -10.214043 0.107087 
417 9.701998 0.000000 0.279630 93.390567 6.974880 -9.995444 0.112964 
418 10.787074 0.000000 0.848359 97.475613 3.623529 0.247744 0.048531 
419 11.232233 0.000000 0.848359 97.962560 3.765119 1.752659 0.038609 
420 10.787074 0.000000 1.261980 98.044859 0.403720 1.607024 0.038446 
421 10.119335 0.000000 0.641548 95.128067 8.350956 -2.649179 0.087389 
422 10.341914 0.000000 0.641548 95.645313 8.212470 -0.430430 0.078434 
423 10.119335 0.000000 0.848359 96.385039 2.916047 -2.255899 0.069633 
424 10.008045 0.000000 0.331332 104.487983 -19.238955 -39.058863 -0.281347 
425 10.008045 0.000000 0.227927 105.825301 -17.349116 -8.281108 -0.156856 
426 10.119335 0.000000 0.331332 116.105987 -27.862135 -60.004200 -0.785740 
427 10.008045 0.000000 0.434738 117.057140 -23.899888 -56.451482 -0.746035 
428 9.841110 0.000000 0.279630 104.781047 -14.133535 -9.642826 -0.127181 
429 9.841110 0.000000 0.227927 104.355223 -13.297560 -10.020586 -0.116725 
430 9.896755 0.000000 0.279630 105.825301 -17.349116 -8.281108 -0.156856 
431 9.841110 0.000000 0.331332 105.532621 -16.173789 -8.771496 -0.147566 
432 10.119335 0.000000 -0.185694 105.825301 -17.349116 -8.281108 -0.156856 
433 10.119335 0.000000 -0.392504 95.362790 -2.017294 4.411737 0.088241 
434 10.341914 0.000000 -0.185694 96.783989 -4.963694 4.506940 0.058791 
435 10.008045 0.000000 0.124522 105.825301 -17.349116 -8.281108 -0.156856 
436 10.008045 0.000000 0.021117 105.825301 -17.349116 -8.281108 -0.156856 
437 10.119335 0.000000 0.124522 105.825301 -17.349116 -8.281108 -0.156856 
438 9.841110 0.000000 0.176225 104.355223 -13.297560 -10.020586 -0.116725 
439 9.841110 0.000000 0.124522 104.781047 -14.133535 -9.642826 -0.127181 
440 9.896755 0.000000 0.176225 105.825301 -17.349116 -8.281108 -0.156856 
441 9.952400 0.000000 0.279630 105.825301 -17.349116 -8.281108 -0.156856 
442 9.952400 0.000000 0.227927 105.825301 -17.349116 -8.281108 -0.156856 
443 10.008045 0.000000 0.279630 105.825301 -17.349116 -8.281108 -0.156856 
444 9.952400 0.000000 0.331332 104.414069 -16.948730 -19.897046 -0.158545 
445 9.868932 0.000000 0.253779 105.825301 -17.349116 -8.281108 -0.156856 
446 9.841110 0.000000 0.253779 104.355223 -13.297560 -10.020586 -0.116725 
447 9.868932 0.000000 0.227927 105.825301 -17.349116 -8.281108 -0.156856 
448 9.896755 0.000000 0.253779 105.825301 -17.349116 -8.281108 -0.156856 
449 9.868932 0.000000 0.279630 105.825301 -17.349116 -8.281108 -0.156856 
450 10.564494 0.000000 0.227927 99.314353 -22.825292 73.373402 -0.576799 
451 10.564494 0.000000 0.021117 97.147557 -15.251165 6.136467 0.029210 
452 10.787074 0.000000 0.227927 97.339943 -13.058477 64.924611 -0.386079 
453 10.564494 0.000000 0.434738 94.796079 25.052384 5.539734 0.035539 
454 10.230624 0.000000 0.331332 90.739805 61.001775 26.297882 -0.264651 
455 10.230624 0.000000 0.227927 105.200603 -66.878702 79.711225 -1.189381 
456 10.341914 0.000000 0.331332 92.436341 53.059330 27.818514 -0.213364 
457 10.230624 0.000000 0.434738 92.995932 28.139338 2.047729 0.055574 
458 10.230624 0.000000 0.124522 100.080853 -29.641639 8.606793 -0.096888 
459 10.230624 0.000000 0.021117 101.835472 -23.970346 -46.872191 -0.314204 
460 10.341914 0.000000 0.124522 99.192220 -29.745365 11.012618 -0.084516 
461 10.174979 0.000000 0.279630 117.076476 -21.101203 -53.951283 -0.706290 
462 10.119335 0.000000 0.279630 107.946820 -24.749519 -54.885890 -0.527752 
463 10.174979 0.000000 0.227927 112.190522 -28.384182 -63.519469 -0.742710 
464 10.230624 0.000000 0.279630 93.293509 63.435090 109.887566 -1.480297 
465 10.174979 0.000000 0.331332 89.570951 65.874856 24.287406 -0.295233 
466 10.564494 0.000000 0.641548 96.257964 8.016261 1.154217 0.066881 
467 10.787074 0.000000 0.641548 96.660162 8.189934 2.740861 0.058223 
468 10.564494 0.000000 0.848359 97.082051 3.409719 -0.340850 0.056333 
469 10.453204 0.000000 0.331332 93.491100 46.876521 27.831098 -0.171256 
470 10.453204 0.000000 0.227927 100.728392 -32.417715 77.394777 -0.718707 
471 10.564494 0.000000 0.331332 94.118177 42.457381 27.745828 -0.143069 
472 10.453204 0.000000 0.434738 94.338652 26.004702 4.437034 0.040429 
473 13.012871 0.000000 -0.392504 99.036879 -2.248309 9.223405 0.010157 
474 13.012871 0.000000 -1.219746 98.830023 -0.205195 10.834402 0.011520 
475 13.903191 0.000000 -0.392504 99.177753 -1.912413 9.560642 0.006871 
476 13.012871 0.000000 0.434738 97.168862 17.990725 29.329304 -0.062566 
477 11.677393 0.000000 0.021117 97.601747 -13.763283 10.530890 0.017357 
478 11.677393 0.000000 -0.392504 97.192876 -2.714845 8.246771 0.047817 
479 12.122552 0.000000 0.021117 97.725157 -12.092863 10.489121 0.019353 
480 11.677393 0.000000 0.434738 96.880232 21.929664 13.032017 -0.003652 
481 11.009654 0.000000 0.227927 96.854955 -10.276899 57.943674 -0.284397 
482 11.009654 0.000000 0.021117 97.114659 -15.370698 8.774993 0.025548 
483 11.232233 0.000000 0.227927 96.874110 -9.103444 53.839539 -0.236616 
484 11.009654 0.000000 0.434738 96.043114 22.723169 8.909028 0.018001 
485 10.675784 0.000000 0.331332 94.467006 38.900108 27.826767 -0.121156 
486 10.675784 0.000000 0.227927 98.212301 -16.762685 69.045167 -0.469388 
487 10.787074 0.000000 0.331332 94.738257 36.192940 28.075584 -0.107350 
488 10.675784 0.000000 0.434738 95.146526 24.411792 6.542382 0.030840 
489 10.453204 0.000000 0.538143 95.145065 15.275437 1.586347 0.071156 
490 10.341914 0.000000 0.538143 94.645045 15.163318 0.842519 0.081168 
491 10.564494 0.000000 0.538143 95.520710 15.218682 2.512529 0.063787 
492 10.453204 0.000000 0.641548 95.997319 8.146031 0.287637 0.071807 
493 10.508849 0.000000 0.383035 94.132528 33.900145 11.158125 -0.013466 
494 10.453204 0.000000 0.383035 93.834818 34.894385 10.583992 -0.013461 
495 10.508849 0.000000 0.331332 93.850756 44.549108 27.778911 -0.156426 
496 10.564494 0.000000 0.383035 94.369473 32.837611 11.716982 -0.012119 
497 10.508849 0.000000 0.434738 94.590073 25.606691 4.991201 0.037210 
498 13.012871 0.000000 1.261980 100.145488 2.288798 3.114819 -0.004406 
499 13.903191 0.000000 1.261980 100.217037 2.986827 3.390851 -0.006387 
500 13.012871 0.000000 2.089221 99.906473 -0.388296 6.105286 -0.001873 
501 11.677393 0.000000 0.848359 98.290483 4.370539 2.515414 0.031355 
502 12.122552 0.000000 0.848359 98.544915 4.693620 3.342451 0.025570 
503 11.677393 0.000000 1.261980 98.648271 1.451431 2.477096 0.026028 
504 11.009654 0.000000 0.641548 96.996515 8.081819 4.184110 0.050885 
505 11.232233 0.000000 0.641548 97.338200 8.314333 5.855146 0.042186 
506 11.009654 0.000000 0.848359 97.662632 3.573490 1.035275 0.044817 
507 10.898364 0.000000 0.331332 95.061802 33.968209 28.401879 -0.099725 
508 10.898364 0.000000 0.227927 96.858250 -11.230433 61.001960 -0.322888 
509 11.009654 0.000000 0.331332 95.441476 32.060724 28.868935 -0.097038 
510 10.898364 0.000000 0.434738 95.782222 23.354540 8.039218 0.021570 
511 10.898364 0.000000 0.538143 96.320283 15.555171 4.369150 0.046135 
512 10.787074 0.000000 0.538143 96.058487 15.441211 3.926112 0.051892 
513 11.009654 0.000000 0.538143 96.513366 15.406945 4.973961 0.042306 
514 10.898364 0.000000 0.641548 96.863513 8.260133 3.369033 0.053788 
515 10.842719 0.000000 0.383035 95.246516 29.496154 13.963201 -0.013689 
516 10.787074 0.000000 0.383035 95.068808 29.992580 13.664775 -0.012436 
517 10.842719 0.000000 0.331332 94.895273 35.064003 28.145168 -0.102675 
518 10.898364 0.000000 0.383035 95.412263 28.978478 14.406977 -0.015081 
519 10.842719 0.000000 0.434738 95.626917 23.564010 7.699903 0.024094 
520 11.454813 0.000000 0.641548 97.483525 8.977547 7.102211 0.036592 
521 11.454813 0.000000 0.434738 96.775468 22.003263 11.646904 0.001471 
522 11.677393 0.000000 0.641548 97.586169 10.068188 8.424358 0.030460 
523 11.454813 0.000000 0.848359 98.111381 4.052313 2.146237 0.035313 
524 11.120943 0.000000 0.538143 96.646304 15.374833 5.800544 0.038946 
525 11.120943 0.000000 0.434738 96.306880 22.379589 9.881446 0.012650 
526 11.232233 0.000000 0.538143 96.967238 15.601584 6.062467 0.031719 
527 11.120943 0.000000 0.641548 97.049959 8.041983 5.291373 0.048863 
528 11.454813 0.000000 0.227927 96.724192 -9.070629 50.007190 -0.193856 
529 11.454813 0.000000 0.021117 97.435981 -14.463534 9.939494 0.019824 
530 11.677393 0.000000 0.227927 96.534675 -9.638960 46.542027 -0.157801 
531 11.343523 0.000000 0.538143 97.083219 15.823920 6.235795 0.028557 
532 11.343523 0.000000 0.434738 96.681084 22.161792 10.945494 0.004182 
533 11.454813 0.000000 0.538143 97.194436 15.985457 6.612497 0.025398 
534 11.343523 0.000000 0.641548 97.414968 8.629825 6.369447 0.039528 
535 12.567712 0.000000 0.848359 99.832794 4.868355 4.138357 -0.000741 
536 12.567712 0.000000 0.434738 97.729089 20.972192 22.628363 -0.050285 
537 13.012871 0.000000 0.848359 99.781852 4.809933 5.188145 -0.000647 
538 12.567712 0.000000 1.261980 100.119723 1.986428 2.915087 -0.003640 
539 11.899973 0.000000 0.641548 97.607459 11.848246 9.376568 0.024448 
540 11.899973 0.000000 0.434738 96.856498 21.876671 14.846549 -0.008019 
541 12.122552 0.000000 0.641548 97.653565 13.912301 9.268570 0.018432 
542 11.899973 0.000000 0.848359 98.451983 4.545134 2.928576 0.027797 
543 11.566103 0.000000 0.538143 97.295862 16.173158 6.930712 0.022391 
544 11.566103 0.000000 0.434738 96.848925 21.966353 12.324374 -0.001413 
545 11.677393 0.000000 0.538143 97.374400 16.340684 7.245144 0.019872 
546 11.566103 0.000000 0.641548 97.546981 9.463724 7.792746 0.033430 
547 12.567712 0.000000 0.021117 99.106703 -10.642222 10.296760 -0.004142 
548 12.567712 0.000000 -0.392504 98.939741 -2.462571 8.600914 0.013089 
549 13.012871 0.000000 0.021117 99.138062 -9.188884 10.105953 -0.001492 
550 11.899973 0.000000 0.227927 96.092462 -11.375380 42.503317 -0.116969 
551 11.899973 0.000000 0.021117 97.672920 -13.037295 10.597029 0.017773 
552 12.122552 0.000000 0.227927 96.074871 -13.396998 38.204278 -0.086943 
553 11.566103 0.000000 0.331332 96.101561 25.665500 31.979831 -0.091694 
554 11.454813 0.000000 0.331332 96.094261 26.776067 31.234437 -0.092665 
555 11.566103 0.000000 0.227927 96.656754 -9.281092 48.264359 -0.175812 
556 11.677393 0.000000 0.331332 96.020150 24.481810 32.774220 -0.089338 
557 11.510458 0.000000 0.486440 97.071490 18.640939 8.348114 0.015995 
558 11.454813 0.000000 0.486440 97.023582 18.601132 8.115272 0.017456 
559 11.510458 0.000000 0.434738 96.815348 21.974705 11.967355 0.000068 
560 11.566103 0.000000 0.486440 97.114472 18.702485 8.613604 0.014480 
561 11.510458 0.000000 0.538143 97.247220 16.067982 6.754155 0.023918 
562 11.788683 0.000000 0.538143 97.452684 16.563614 7.711506 0.016915 
563 11.788683 0.000000 0.434738 96.895213 21.928910 13.967946 -0.006466 
564 11.899973 0.000000 0.538143 97.505175 16.670628 8.019057 0.015053 
565 11.788683 0.000000 0.641548 97.613011 10.913404 9.095511 0.026987 
566 12.345132 0.000000 0.641548 99.103749 14.857849 8.296384 -0.011114 
567 12.345132 0.000000 0.434738 97.963711 21.591085 19.639194 -0.044876 
568 12.567712 0.000000 0.641548 99.157291 15.099581 8.066147 -0.012523 
569 12.345132 0.000000 0.848359 99.863968 4.763590 3.578357 -0.000831 
570 12.011263 0.000000 0.538143 97.503895 16.890103 8.595552 0.013383 
571 12.011263 0.000000 0.434738 96.816012 21.834421 15.957776 -0.010473 
572 12.122552 0.000000 0.538143 97.558715 17.009764 9.054016 0.011099 
573 12.011263 0.000000 0.641548 97.603619 12.906089 9.469057 0.021730 
574 12.345132 0.000000 0.227927 97.504870 -15.037713 33.986180 -0.088839 
575 12.345132 0.000000 0.021117 99.066406 -11.386857 10.380598 -0.005157 
576 12.567712 0.000000 0.227927 97.752264 -16.030011 30.279102 -0.072929 
577 12.233842 0.000000 0.538143 97.615396 17.380299 9.382468 0.008113 
578 12.233842 0.000000 0.434738 96.776752 21.819161 18.262893 -0.017535 
579 12.345132 0.000000 0.538143 98.860505 17.454523 10.025567 -0.017857 
580 12.233842 0.000000 0.641548 97.793231 14.649511 8.600094 0.014791 
581 22.806381 0.000000 3.743705 99.922720 -0.593156 7.647393 -0.004338 
582 22.806381 0.000000 0.434738 99.450138 -0.761795 10.598808 -0.000325 
583 26.367657 0.000000 3.743705 100.259371 0.139885 5.305317 -0.008011 
584 22.806381 0.000000 7.052672 99.247565 -0.540586 12.606131 -0.000929 
585 17.464467 0.000000 2.089221 100.383685 1.375430 3.923347 -0.009417 
586 17.464467 0.000000 0.434738 99.513079 -5.453396 9.591418 -0.002459 
587 19.245105 0.000000 2.089221 100.442390 2.707962 3.695627 -0.010966 
588 17.464467 0.000000 3.743705 99.544382 -0.744310 10.125872 -0.001217 
589 14.793510 0.000000 1.261980 100.246482 3.928208 3.881377 -0.007985 
590 14.793510 0.000000 0.434738 97.000695 -12.385005 26.225295 -0.025029 
591 15.683829 0.000000 1.261980 100.184883 4.746583 4.689719 -0.008153 
592 14.793510 0.000000 2.089221 100.157335 0.100138 5.111819 -0.005763 
593 13.458031 0.000000 0.848359 99.707719 2.587702 6.974103 0.000304 
594 13.458031 0.000000 0.434738 96.659613 11.307252 35.098267 -0.070282 
595 13.903191 0.000000 0.848359 97.990665 45.180927 16.305476 -0.190936 
596 13.458031 0.000000 1.261980 100.183635 2.611527 3.209385 -0.005388 
597 12.790292 0.000000 0.641548 99.153125 15.289307 8.518345 -0.013767 
598 12.790292 0.000000 0.434738 97.458587 19.872102 26.058524 -0.057212 
599 13.012871 0.000000 0.641548 99.101736 15.510344 9.145438 -0.014536 
600 12.790292 0.000000 0.848359 99.826450 4.954054 4.667287 -0.001165 
601 12.456422 0.000000 0.538143 98.816458 17.622912 10.758068 -0.019100 
602 12.456422 0.000000 0.434738 97.846323 21.295353 21.196275 -0.047668 
603 12.567712 0.000000 0.538143 98.768152 17.850902 11.462349 -0.020519 
604 12.456422 0.000000 0.641548 99.133788 14.986673 8.158714 -0.011867 
605 22.806381 0.000000 -2.874230 99.107420 0.339466 12.691229 0.001654 
606 22.806381 0.000000 -6.183197 98.979753 0.367687 13.429882 0.002251 
607 26.367657 0.000000 -2.874230 99.114939 0.366297 12.902399 0.000962 
608 17.464467 0.000000 -1.219746 99.200104 -0.051781 11.517350 0.002669 
609 17.464467 0.000000 -2.874230 99.054088 0.294978 12.446730 0.003328 
610 19.245105 0.000000 -1.219746 99.225868 0.014651 11.735600 0.001650 
611 14.793510 0.000000 -0.392504 99.270740 -1.489309 9.865544 0.004577 
612 14.793510 0.000000 -1.219746 99.072493 -0.148964 11.136669 0.006059 
613 15.683829 0.000000 -0.392504 99.311872 -1.120918 10.172186 0.003242 
614 13.458031 0.000000 0.021117 99.203037 -7.996920 9.811978 -0.000147 
615 13.458031 0.000000 -0.392504 99.109574 -2.117989 9.383449 0.008476 
616 13.903191 0.000000 0.021117 99.277429 -6.860961 9.620635 0.000436 
617 13.235451 0.000000 0.641548 99.043947 15.776890 10.118766 -0.016100 
618 13.235451 0.000000 0.434738 96.894548 15.128040 32.521253 -0.067504 
619 13.458031 0.000000 0.641548 98.954898 16.156915 11.305986 -0.018094 
620 13.235451 0.000000 0.848359 99.758169 4.239032 5.887839 -0.000433 
621 19.245105 0.000000 40.142345 99.011406 -0.074082 14.224015 -0.000559 
622 5.000000 0.000000 40.142345 99.015311 -0.054928 14.243369 -0.000691 
623 33.490210 0.000000 40.142345 99.002075 -0.090158 14.212723 -0.000342 
624 19.245105 0.000000 53.378214 98.997754 -0.053076 14.243157 -0.000343 
625 12.122552 0.000000 20.288541 99.123589 -0.167781 14.111342 -0.002464 
626 5.000000 0.000000 20.288541 99.136741 -0.126799 14.190929 -0.002949 
627 19.245105 0.000000 20.288541 99.080508 -0.199085 14.067945 -0.001489 
628 12.122552 0.000000 26.906476 99.062053 -0.130373 14.185912 -0.001455 
629 15.683829 0.000000 10.361640 99.223213 -0.378640 13.555033 -0.002913 
630 12.122552 0.000000 10.361640 99.248868 -0.400380 13.664425 -0.003721 
631 19.245105 0.000000 10.361640 99.182026 -0.398802 13.493322 -0.001930 
632 15.683829 0.000000 13.670607 99.179405 -0.289622 13.844051 -0.002830 
633 13.903191 0.000000 5.398189 99.344889 -0.691270 12.285811 -0.002083 
634 12.122552 0.000000 5.398189 99.432676 -0.691158 12.323990 -0.003922 
635 15.683829 0.000000 5.398189 99.308470 -0.566173 12.217748 -0.001177 
636 13.903191 0.000000 7.052672 99.290624 -0.584507 12.972983 -0.002727 
637 13.012871 0.000000 2.916463 99.549682 -0.871146 9.359604 0.000150 
638 12.122552 0.000000 2.916463 99.610480 -0.762291 9.473330 -0.001257 
639 13.903191 0.000000 2.916463 99.600929 -0.637489 9.072375 -0.000306 
640 13.012871 0.000000 3.743705 99.476998 -0.745898 10.873163 -0.001446 
641 12.567712 0.000000 1.675600 100.037157 0.395781 4.380664 -0.002678 
642 12.122552 0.000000 1.675600 100.071290 0.151563 4.188178 -0.003183 
643 13.012871 0.000000 1.675600 100.105642 0.490224 4.166339 -0.003874 
644 12.567712 0.000000 2.089221 99.916280 -0.432760 6.279658 -0.002288 
645 12.790292 0.000000 1.055169 100.083606 3.530325 3.129205 -0.003898 
646 12.567712 0.000000 1.055169 100.032709 3.252755 2.961560 -0.002589 
647 13.012871 0.000000 1.055169 100.053150 3.702261 3.353319 -0.003558 
648 12.790292 0.000000 1.261980 100.174067 2.185275 2.993776 -0.004858 
649 12.901582 0.000000 0.744953 98.518892 9.746506 16.263206 -0.006546 
650 12.790292 0.000000 0.744953 98.866489 5.900855 13.663787 0.000390 
651 12.901582 0.000000 0.641548 99.136651 15.399764 8.836830 -0.014332 
652 13.012871 0.000000 0.744953 98.467107 14.868676 15.293421 -0.015074 
653 12.901582 0.000000 0.848359 99.837508 5.006618 4.796564 -0.001560 
654 13.458031 0.000000 1.675600 100.161503 0.643093 4.003334 -0.004877 
655 13.903191 0.000000 1.675600 100.227545 0.872538 3.875307 -0.006134 
656 13.458031 0.000000 2.089221 99.952999 -0.357473 5.883150 -0.002534 
657 13.235451 0.000000 1.055169 100.057608 3.801498 3.554049 -0.003861 
658 13.458031 0.000000 1.055169 100.067249 3.982919 3.737125 -0.004328 
659 13.235451 0.000000 1.261980 100.161676 2.420925 3.173129 -0.004829 
660 13.124161 0.000000 0.744953 98.795444 16.827865 11.822268 -0.018348 
661 13.124161 0.000000 0.641548 99.073953 15.625279 9.648565 -0.015289 
662 13.235451 0.000000 0.744953 99.070837 16.474349 9.469368 -0.017610 
663 13.124161 0.000000 0.848359 99.767027 4.590110 5.555085 -0.000539 
664 14.348350 0.000000 0.848359 99.568330 15.538558 7.155785 -0.020650 
665 14.348350 0.000000 0.434738 96.756364 -6.896327 33.408565 -0.052549 
666 14.793510 0.000000 0.848359 99.381348 14.783184 9.536844 -0.018615 
667 14.348350 0.000000 1.261980 100.268337 3.492911 3.482719 -0.007807 
668 13.680611 0.000000 0.641548 98.832931 16.615232 12.772870 -0.020716 
669 13.680611 0.000000 0.434738 96.510023 6.758869 36.728504 -0.070885 
670 13.903191 0.000000 0.641548 98.662809 17.061248 14.527731 -0.023649 
671 13.680611 0.000000 0.848359 99.440920 -4.711261 11.040341 -0.003258 
672 13.346741 0.000000 0.744953 99.217600 15.731690 8.471435 -0.016338 
673 13.346741 0.000000 0.641548 99.001582 15.943749 10.700266 -0.017001 
674 13.458031 0.000000 0.744953 99.291917 15.184179 8.132183 -0.015558 
675 13.346741 0.000000 0.848359 99.736734 3.633014 6.358890 -0.000105 
676 13.680611 0.000000 1.055169 100.068654 4.186377 3.977474 -0.004708 
677 13.903191 0.000000 1.055169 100.071356 4.390850 4.208257 -0.005127 
678 13.680611 0.000000 1.261980 100.195347 2.793580 3.320314 -0.005794 
679 13.569321 0.000000 0.744953 99.323948 14.873877 8.152555 -0.015294 
680 13.569321 0.000000 0.641548 98.899328 16.403009 11.988945 -0.019387 
681 13.680611 0.000000 0.744953 99.329026 14.702343 8.394053 -0.015287 
682 13.569321 0.000000 0.848359 99.644186 0.486812 8.083192 0.000546 
683 14.793510 0.000000 2.916463 99.677869 -0.748919 8.804229 -0.001375 
684 15.683829 0.000000 2.916463 99.762467 -0.697482 8.337313 -0.002255 
685 14.793510 0.000000 3.743705 99.462538 -0.745457 10.702965 -0.000791 
686 14.348350 0.000000 1.675600 100.307651 1.218243 3.692366 -0.007674 
687 14.793510 0.000000 1.675600 100.313463 1.519869 3.750024 -0.007916 
688 14.348350 0.000000 2.089221 100.067803 0.045636 5.435916 -0.004312 
689 14.125770 0.000000 1.055169 100.082240 4.634332 4.403320 -0.005732 
690 14.125770 0.000000 0.848359 99.553741 18.684034 6.447578 -0.030161 
691 14.348350 0.000000 1.055169 100.082020 4.809293 4.667282 -0.006132 
692 14.125770 0.000000 1.261980 100.245569 3.276319 3.441266 -0.007175 
693 14.348350 0.000000 0.021117 99.337873 -5.814716 9.456817 0.000874 
694 14.348350 0.000000 -0.392504 99.226526 -1.680378 9.622849 0.005867 
695 14.793510 0.000000 0.021117 99.370260 -4.870740 9.346970 0.001446 
696 14.125770 0.000000 0.641548 98.436411 17.383833 16.622179 -0.026822 
697 14.125770 0.000000 0.434738 96.567470 -2.967511 35.861449 -0.062013 
698 14.348350 0.000000 0.641548 98.139573 17.502284 18.980166 -0.029795 
699 14.014480 0.000000 0.951764 99.954399 4.414770 5.252121 -0.003796 
700 13.903191 0.000000 0.951764 99.949169 4.564833 5.131173 -0.003700 
701 14.014480 0.000000 0.848359 99.419939 23.952139 6.610345 -0.050173 
702 14.125770 0.000000 0.951764 99.965252 4.180452 5.337190 -0.003901 
703 14.014480 0.000000 1.055169 100.074292 4.480812 4.315897 -0.005357 
704 16.574148 0.000000 1.261980 100.185246 3.020089 4.938577 -0.007059 
705 16.574148 0.000000 0.434738 99.319923 -8.221053 10.689279 -0.004629 
706 17.464467 0.000000 1.261980 99.692104 14.678147 8.531829 -0.022676 
707 16.574148 0.000000 2.089221 100.330706 0.880034 4.200551 -0.008467 
708 15.238669 0.000000 0.848359 98.987521 15.809752 12.604858 -0.020736 
709 15.238669 0.000000 0.434738 97.998285 -13.431236 19.282729 -0.015589 
710 15.683829 0.000000 0.848359 98.338738 16.972780 17.321790 -0.025863 
711 15.238669 0.000000 1.261980 100.227827 4.355696 4.227905 -0.008246 
712 14.570930 0.000000 1.055169 100.071724 4.916777 4.879593 -0.006233 
713 14.570930 0.000000 0.848359 99.498332 14.765908 8.243902 -0.018591 
714 14.793510 0.000000 1.055169 100.036592 4.806167 5.174258 -0.005719 
715 14.570930 0.000000 1.261980 100.262697 3.693882 3.673004 -0.007974 
716 14.237060 0.000000 0.951764 99.987202 3.798489 5.370148 -0.004071 
717 14.237060 0.000000 0.848359 99.574928 16.582714 6.815240 -0.023660 
718 14.348350 0.000000 0.951764 100.041804 3.061207 5.106705 -0.004381 
719 14.237060 0.000000 1.055169 100.079321 4.736015 4.558631 -0.005908 
720 14.570930 0.000000 0.641548 97.604982 17.100452 22.146270 -0.030962 
721 14.570930 0.000000 0.434738 96.726498 -9.984438 30.204566 -0.036802 
722 14.793510 0.000000 0.641548 96.991084 15.757732 26.082816 -0.033589 
723 14.459640 0.000000 0.951764 100.146808 1.768649 4.504150 -0.005280 
724 14.459640 0.000000 0.848359 99.534702 15.010069 7.670710 -0.019130 
725 14.570930 0.000000 0.951764 100.448071 -0.452381 2.297282 -0.009530 
726 14.459640 0.000000 1.055169 100.080563 4.885896 4.767869 -0.006272 
727 21.025743 0.000000 2.089221 100.357472 4.380444 4.390918 -0.011009 
728 21.025743 0.000000 0.434738 99.501830 -1.345007 10.105103 -0.000454 
729 22.806381 0.000000 2.089221 100.479251 18.884784 3.615487 -0.046579 
730 21.025743 0.000000 3.743705 99.779439 -0.690080 8.640172 -0.003107 
731 21.025743 0.000000 -1.219746 99.225951 0.096538 11.821881 0.001444 
732 21.025743 0.000000 -2.874230 99.089954 0.332135 12.553646 0.002348 
733 22.806381 0.000000 -1.219746 99.226426 0.147014 12.008764 0.000988 
734 20.135424 0.000000 1.261980 96.205092 -6.839716 33.047034 -0.039431 
735 19.245105 0.000000 1.261980 96.778127 14.045243 29.006572 -0.040466 
736 20.135424 0.000000 0.434738 99.529216 -1.835478 9.888837 -0.000722 
737 21.025743 0.000000 1.261980 98.263549 -13.394653 18.808586 -0.018890 
738 20.135424 0.000000 2.089221 100.433531 3.521626 3.835165 -0.011400 
739 40.612762 0.000000 7.052672 99.551401 -0.739564 10.279269 -0.001669 
740 40.612762 0.000000 0.434738 99.209262 0.479746 12.590391 -0.000123 
741 47.735315 0.000000 7.052672 100.133588 0.395040 6.234497 -0.006576 
742 40.612762 0.000000 13.670607 99.074208 -0.444514 13.642933 -0.000203 
743 29.928934 0.000000 3.743705 100.470546 2.068335 3.846926 -0.011341 
744 29.928934 0.000000 0.434738 99.320272 -0.014310 11.724204 -0.000197 
745 33.490210 0.000000 3.743705 100.230080 4.691114 5.524052 -0.009859 
746 29.928934 0.000000 7.052672 99.290456 -0.588524 12.134170 -0.000618 
747 24.587019 0.000000 2.089221 97.865605 16.926198 21.793208 -0.033912 
748 24.587019 0.000000 0.434738 99.408322 -0.446603 10.964399 -0.000243 
749 26.367657 0.000000 2.089221 97.432783 -13.073452 24.829056 -0.028054 
750 24.587019 0.000000 3.743705 100.088975 -0.342411 6.486987 -0.006000 
751 21.916062 0.000000 1.261980 99.249131 -9.874501 12.020390 -0.009239 
752 21.916062 0.000000 0.434738 99.475289 -1.007254 10.356307 -0.000360 
753 22.806381 0.000000 1.261980 99.554229 -6.573806 9.952365 -0.005331 
754 21.916062 0.000000 2.089221 100.231638 4.821124 5.303073 -0.009775 
755 26.367657 0.000000 20.288541 99.049812 -0.225799 14.048301 -0.000827 
756 33.490210 0.000000 20.288541 99.030949 -0.268009 14.037942 -0.000426 
757 26.367657 0.000000 26.906476 99.027905 -0.174060 14.148971 -0.000675 
758 22.806381 0.000000 10.361640 99.149901 -0.419535 13.451710 -0.001183 
759 26.367657 0.000000 10.361640 99.129108 -0.438662 13.413436 -0.000669 
760 22.806381 0.000000 13.670607 99.106964 -0.327941 13.793096 -0.001255 
761 24.587019 0.000000 5.398189 99.421017 -0.651272 11.237855 -0.001125 
762 22.806381 0.000000 5.398189 99.389634 -0.628455 11.497369 -0.001088 
763 26.367657 0.000000 5.398189 99.463953 -0.675687 10.909839 -0.001256 
764 24.587019 0.000000 7.052672 99.251024 -0.549572 12.516471 -0.000773 
765 23.696700 0.000000 2.916463 100.459592 1.701816 3.845309 -0.010981 
766 22.806381 0.000000 2.916463 100.421601 1.131892 4.099761 -0.010259 
767 23.696700 0.000000 2.089221 99.332390 15.331631 11.593754 -0.023640 
768 24.587019 0.000000 2.916463 100.476974 2.381473 3.733625 -0.011523 
769 23.696700 0.000000 3.743705 100.002643 -0.493143 7.086819 -0.005099 
770 40.612762 0.000000 -6.183197 99.027553 0.394842 13.796105 0.000306 
771 40.612762 0.000000 -12.801131 98.985677 0.263683 14.054085 0.000425 
772 47.735315 0.000000 -6.183197 99.023300 0.276502 13.871263 0.000190 
773 29.928934 0.000000 -2.874230 99.111423 0.383283 13.079346 0.000571 
774 29.928934 0.000000 -6.183197 99.023255 0.362514 13.622605 0.000869 
775 33.490210 0.000000 -2.874230 99.102543 0.393183 13.216668 0.000385 
776 28.148295 0.000000 2.089221 99.478291 -7.902810 10.659390 -0.007201 
777 28.148295 0.000000 0.434738 99.344968 -0.113088 11.515458 -0.000204 
778 29.928934 0.000000 2.089221 99.635784 -3.558030 9.587017 -0.003186 
779 28.148295 0.000000 3.743705 100.398124 0.911393 4.346368 -0.009950 
780 25.477338 0.000000 2.916463 100.467178 3.149068 3.810493 -0.011809 
781 25.477338 0.000000 2.089221 95.909688 3.478094 35.383250 -0.046274 
782 26.367657 0.000000 2.916463 100.412360 3.984228 4.198726 -0.011615 
783 25.477338 0.000000 3.743705 100.176683 -0.132463 5.879491 -0.006995 
784 37.051486 0.000000 3.743705 95.894405 0.906470 35.619097 -0.046528 
785 37.051486 0.000000 0.434738 99.243320 0.221547 12.333083 -0.000139 
786 40.612762 0.000000 3.743705 99.717108 -0.370216 9.098048 -0.002641 
787 37.051486 0.000000 7.052672 99.426322 -0.665927 11.153576 -0.001044 
788 31.709572 0.000000 2.089221 99.573556 -1.779353 10.033518 -0.001873 
789 31.709572 0.000000 0.434738 99.298362 0.063004 11.901202 -0.000181 
790 33.490210 0.000000 2.089221 99.503669 -0.976149 10.530362 -0.001282 
791 31.709572 0.000000 3.743705 100.443126 3.601770 4.041539 -0.011813 
792 29.928934 0.000000 10.361640 99.127130 -0.458302 13.345053 -0.000449 
793 33.490210 0.000000 10.361640 99.133447 -0.477608 13.255384 -0.000337 
794 29.928934 0.000000 13.670607 99.075742 -0.360941 13.753753 -0.000530 
795 28.148295 0.000000 5.398189 99.523042 -0.699742 10.482381 -0.001521 
796 29.928934 0.000000 5.398189 99.602017 -0.717765 9.924996 -0.001958 
797 28.148295 0.000000 7.052672 99.271247 -0.574302 12.287936 -0.000610 
798 29.038614 0.000000 2.916463 99.694369 14.618901 9.201195 -0.023734 
799 28.148295 0.000000 2.916463 100.415113 1.453583 4.193234 -0.010289 
800 29.038614 0.000000 2.089221 99.620808 -5.248989 9.681545 -0.004559 
801 29.928934 0.000000 2.916463 98.681511 16.742091 16.235680 -0.028194 
802 29.038614 0.000000 3.743705 100.443128 1.436121 4.034997 -0.010717 
803 31.709572 0.000000 5.398189 99.705676 -0.713549 9.200303 -0.002638 
804 33.490210 0.000000 5.398189 99.838929 -0.653129 8.272278 -0.003667 
805 31.709572 0.000000 7.052672 99.314785 -0.604423 11.951495 -0.000663 
806 30.819253 0.000000 2.916463 96.588372 12.663559 30.765993 -0.043623 
807 30.819253 0.000000 2.089221 99.609937 -2.481708 9.774109 -0.002383 
808 31.709572 0.000000 2.916463 96.434556 -8.678722 31.837933 -0.038860 
809 30.819253 0.000000 3.743705 100.474748 2.799095 3.819949 -0.011760 
810 37.051486 0.000000 -2.874230 99.092926 0.397091 13.333996 0.000264 
811 37.051486 0.000000 -6.183197 99.028658 0.350606 13.744455 0.000429 
812 40.612762 0.000000 -2.874230 99.082440 0.479853 13.440663 0.000179 
813 35.270848 0.000000 2.089221 99.448049 -0.562014 10.926106 -0.000961 
814 35.270848 0.000000 0.434738 99.260264 0.177821 12.200918 -0.000149 
815 37.051486 0.000000 2.089221 99.404607 -0.320417 11.236779 -0.000764 
816 35.270848 0.000000 3.743705 99.236949 15.602028 12.419655 -0.024564 
817 32.599891 0.000000 2.916463 98.446014 -13.164752 17.883527 -0.018475 
818 32.599891 0.000000 2.089221 99.537051 -1.306031 10.293088 -0.001528 
819 33.490210 0.000000 2.916463 99.320803 -9.475493 11.816709 -0.009404 
820 32.599891 0.000000 3.743705 100.356932 4.470197 4.641757 -0.011304 
821 47.735315 0.000000 40.142345 98.995160 -0.102776 14.206958 -0.000189 
822 61.980419 0.000000 40.142345 98.991628 -0.185004 14.202165 -0.000108 
823 47.735315 0.000000 53.378214 98.990293 -0.115566 14.233356 -0.000168 
824 40.612762 0.000000 20.288541 99.024362 -0.218223 14.019861 -0.000243 
825 47.735315 0.000000 20.288541 99.023094 -0.233154 13.995273 -0.000150 
826 40.612762 0.000000 26.906476 99.009808 -0.157981 14.133722 -0.000273 
827 37.051486 0.000000 10.361640 99.144261 -0.496059 13.147477 -0.000269 
828 40.612762 0.000000 10.361640 99.161251 -0.562385 13.015090 -0.000266 
829 37.051486 0.000000 13.670607 99.070545 -0.426885 13.690279 -0.000258 
830 35.270848 0.000000 5.398189 100.001504 -0.476706 7.142092 -0.005154 
831 37.051486 0.000000 5.398189 100.178521 -0.106661 5.912269 -0.007070 
832 35.270848 0.000000 7.052672 99.381654 -0.642809 11.470869 -0.000871 
833 54.857867 0.000000 7.052672 100.464925 7.900212 3.934230 -0.017109 
834 54.857867 0.000000 0.434738 99.122828 0.319889 13.225414 -0.000035 
835 61.980419 0.000000 7.052672 99.827834 -2.021039 8.355569 -0.003950 
836 54.857867 0.000000 13.670607 99.111519 -0.353637 13.346812 -0.000136 
837 44.174038 0.000000 3.743705 99.510088 0.252534 10.539456 -0.001340 
838 44.174038 0.000000 0.434738 99.183386 0.496475 12.782923 -0.000099 
839 47.735315 0.000000 3.743705 99.398939 -0.165581 11.314761 -0.000820 
840 44.174038 0.000000 7.052672 99.764593 -0.681065 8.796737 -0.003082 
841 38.832124 0.000000 5.398189 100.327683 0.849957 4.876731 -0.009015 
842 38.832124 0.000000 3.743705 99.045835 -11.225209 13.753418 -0.012524 
843 40.612762 0.000000 5.398189 100.435213 2.199502 4.130627 -0.010913 
844 38.832124 0.000000 7.052672 99.479140 -0.726770 10.783180 -0.001290 
845 36.161167 0.000000 4.570947 100.475885 2.461921 3.836751 -0.011619 
846 35.270848 0.000000 4.570947 100.460007 1.772050 3.946376 -0.011093 
847 36.161167 0.000000 3.743705 97.642162 16.635523 23.488323 -0.036243 
848 37.051486 0.000000 4.570947 100.462399 3.234271 3.930922 -0.011861 
849 36.161167 0.000000 5.398189 100.090152 -0.320535 6.526446 -0.006074 
850 38.832124 0.000000 2.089221 99.369767 -0.163174 11.486534 -0.000632 
851 38.832124 0.000000 0.434738 99.227525 0.258230 12.455886 -0.000132 
852 40.612762 0.000000 2.089221 99.330332 0.387959 11.766065 -0.000511 
853 44.174038 0.000000 10.361640 99.184540 -0.583826 12.843707 -0.000287 
854 47.735315 0.000000 10.361640 99.215333 -0.369162 12.623524 -0.000317 
855 44.174038 0.000000 13.670607 99.080174 -0.327743 13.586460 -0.000158 
856 42.393400 0.000000 5.398189 100.468358 4.683216 3.900924 -0.013104 
857 42.393400 0.000000 3.743705 99.594270 0.083650 9.953011 -0.001809 
858 44.174038 0.000000 5.398189 100.327612 11.941044 4.878076 -0.023201 
859 42.393400 0.000000 7.052672 99.644577 -0.733638 9.630887 -0.002233 
860 39.722443 0.000000 4.570947 92.273352 98.901452 60.761394 -1.198782 
861 38.832124 0.000000 4.570947 100.284915 4.855981 5.164217 -0.010731 
862 39.722443 0.000000 3.743705 99.795649 -0.834190 8.551642 -0.003300 
863 40.612762 0.000000 4.570947 99.904984 -22.628596 7.802258 -0.055393 
864 39.722443 0.000000 5.398189 100.389421 1.433564 4.448314 -0.009988 
865 54.857867 0.000000 -6.183197 99.018556 0.263388 13.928497 0.000125 
866 54.857867 0.000000 -12.801131 98.991402 0.187181 14.101244 0.000182 
867 61.980419 0.000000 -6.183197 99.014083 0.250534 13.973965 0.000088 
868 44.174038 0.000000 -2.874230 99.073496 0.469382 13.523157 0.000135 
869 44.174038 0.000000 -6.183197 99.025648 0.384290 13.835637 0.000235 
870 47.735315 0.000000 -2.874230 99.065078 0.321768 13.596577 0.000114 
871 42.393400 0.000000 2.089221 99.307269 0.403899 11.930892 -0.000444 
872 42.393400 0.000000 0.434738 99.195913 0.489114 12.690038 -0.000111 
873 44.174038 0.000000 2.089221 99.286577 0.420220 12.078608 -0.000389 
874 41.503081 0.000000 4.570947 100.095719 -9.831673 6.479360 -0.015780 
875 41.503081 0.000000 3.743705 99.650003 -0.087670 9.565024 -0.002162 
876 42.393400 0.000000 4.570947 100.065363 -5.665403 6.690709 -0.008994 
877 41.503081 0.000000 5.398189 100.462966 3.230529 3.938165 -0.011875 
878 51.296591 0.000000 3.743705 99.338707 -0.051279 11.735891 -0.000591 
879 51.296591 0.000000 0.434738 99.140060 0.306508 13.100379 -0.000047 
880 54.857867 0.000000 3.743705 99.293862 0.042709 12.049688 -0.000447 
881 51.296591 0.000000 7.052672 100.467732 2.063862 3.914985 -0.011335 
882 45.954676 0.000000 5.398189 98.812995 -46.612101 15.389350 -0.217353 
883 45.954676 0.000000 3.743705 99.440487 -0.242909 11.024609 -0.001001 
884 47.735315 0.000000 5.398189 100.045386 -7.374731 6.837729 -0.011022 
885 45.954676 0.000000 7.052672 99.948341 0.006652 7.520655 -0.004623 
886 43.283719 0.000000 4.570947 100.001466 -3.445190 7.134810 -0.006307 
887 43.283719 0.000000 3.743705 99.548267 0.188117 10.273410 -0.001544 
888 44.174038 0.000000 4.570947 99.920966 -2.039383 7.694106 -0.004756 
889 43.283719 0.000000 5.398189 100.436563 7.002036 4.121779 -0.015352 
890 54.857867 0.000000 20.288541 99.025051 -0.248169 13.963117 -0.000099 
891 61.980419 0.000000 20.288541 99.029442 -0.263702 13.921842 -0.000072 
892 54.857867 0.000000 26.906476 99.004630 -0.178035 14.115787 -0.000120 
893 51.296591 0.000000 10.361640 99.254555 -0.367734 12.347152 -0.000405 
894 54.857867 0.000000 10.361640 99.306871 -0.364646 11.981279 -0.000554 
895 51.296591 0.000000 13.670607 99.098749 -0.345768 13.440461 -0.000133 
896 49.515953 0.000000 5.398189 99.917786 -3.138345 7.723805 -0.005307 
897 49.515953 0.000000 3.743705 99.366060 -0.104574 11.544572 -0.000690 
898 51.296591 0.000000 5.398189 99.755792 -1.433792 8.848560 -0.003157 
899 49.515953 0.000000 7.052672 100.318959 1.045173 4.947677 -0.008947 
900 45.954676 0.000000 8.707156 99.358952 -0.361029 11.620448 -0.000737 
901 44.174038 0.000000 8.707156 99.320384 -0.664741 11.890472 -0.000636 
902 47.735315 0.000000 8.707156 99.402420 -0.358171 11.317023 -0.000904 
903 45.954676 0.000000 10.361640 99.199256 -0.369058 12.737909 -0.000288 
904 46.844996 0.000000 6.225430 100.530070 3.228897 3.478710 -0.012882 
905 45.954676 0.000000 6.225430 100.492532 2.371333 3.739240 -0.011835 
906 46.844996 0.000000 5.398189 100.044235 -13.393675 6.845423 -0.023510 
907 47.735315 0.000000 6.225430 100.537404 4.445486 3.427808 -0.013928 
908 46.844996 0.000000 7.052672 100.038926 0.172489 6.891694 -0.005531 
909 58.419143 0.000000 3.743705 99.256790 0.122610 12.309106 -0.000344 
910 58.419143 0.000000 0.434738 99.107807 0.327191 13.333949 -0.000026 
911 61.980419 0.000000 3.743705 99.224748 0.187578 12.533269 -0.000267 
912 58.419143 0.000000 7.052672 100.051639 -12.409646 6.802272 -0.021060 
913 53.077229 0.000000 5.398189 99.621411 -0.732775 9.781689 -0.002064 
914 53.077229 0.000000 3.743705 99.315012 -0.002505 11.901679 -0.000512 
915 54.857867 0.000000 5.398189 99.528173 -0.435361 10.429286 -0.001482 
916 53.077229 0.000000 7.052672 100.538116 3.843019 3.426391 -0.013442 
917 49.515953 0.000000 8.707156 99.456326 -0.352959 10.941541 -0.001140 
918 51.296591 0.000000 8.707156 99.524522 -0.341321 10.467183 -0.001481 
919 49.515953 0.000000 10.361640 99.233624 -0.368701 12.494288 -0.000356 
920 50.406272 0.000000 6.225430 100.172950 19.079525 5.957087 -0.043414 
921 49.515953 0.000000 6.225430 100.417404 9.740517 4.260627 -0.019669 
922 50.406272 0.000000 5.398189 99.836579 -2.105887 8.287641 -0.004046 
923 51.296591 0.000000 6.225430 74.992116 96.764837 180.700044 -3.763976 
924 50.406272 0.000000 7.052672 100.400260 1.495317 4.383330 -0.010166 
925 58.419143 0.000000 10.361640 99.380232 -0.360148 11.470255 -0.000813 
926 61.980419 0.000000 10.361640 99.490781 -0.348114 10.701778 -0.001306 
927 58.419143 0.000000 13.670607 99.127049 -0.360391 13.235394 -0.000148 
928 53.077229 0.000000 8.707156 99.612294 -0.313508 9.857211 -0.001987 
929 54.857867 0.000000 8.707156 99.726116 -0.248023 9.066648 -0.002756 
930 53.077229 0.000000 10.361640 99.278704 -0.366350 12.178021 -0.000470 
931 52.186910 0.000000 6.225430 99.940925 -19.977437 7.567413 -0.044455 
932 52.186910 0.000000 5.398189 99.683094 -1.005475 9.353341 -0.002522 
933 53.077229 0.000000 6.225430 100.058706 -9.343402 6.750184 -0.014461 
934 52.186910 0.000000 7.052672 100.516075 2.810736 3.579414 -0.012419 
935 56.638505 0.000000 5.398189 99.463633 -0.287282 10.877721 -0.001142 
936 56.638505 0.000000 3.743705 99.274588 0.084465 12.184567 -0.000391 
937 58.419143 0.000000 5.398189 99.416636 -0.196829 11.204391 -0.000924 
938 56.638505 0.000000 7.052672 99.377416 39.222127 11.481014 -0.154606 
939 53.967548 0.000000 6.225430 100.017442 -5.712086 7.036653 -0.008563 
940 53.967548 0.000000 5.398189 99.570329 -0.555288 10.136459 -0.001731 
941 54.857867 0.000000 6.225430 99.951627 -3.760385 7.493503 -0.006062 
942 53.967548 0.000000 7.052672 100.524732 5.366152 3.519223 -0.014640 
943 56.638505 0.000000 8.707156 99.871623 -0.102356 8.056354 -0.003926 
944 58.419143 0.000000 8.707156 100.047690 0.192682 6.834104 -0.005628 
945 56.638505 0.000000 10.361640 99.340180 -0.362654 11.749074 -0.000664 
946 55.748186 0.000000 6.225430 99.873427 -2.515341 8.036310 -0.004561 
947 55.748186 0.000000 5.398189 99.493127 -0.350485 10.672766 -0.001291 
948 56.638505 0.000000 6.225430 99.791280 -1.698275 8.606508 -0.003526 
949 55.748186 0.000000 7.052672 100.323782 13.410057 4.913685 -0.026884 
950 60.199781 0.000000 8.707156 100.237412 0.717090 5.517196 -0.007849 
951 60.199781 0.000000 7.052672 99.982911 -4.517246 7.279299 -0.006998 
952 61.980419 0.000000 8.707156 100.407378 1.548250 4.337463 -0.010285 
953 60.199781 0.000000 10.361640 99.429331 -0.356193 11.128811 -0.001017 
954 57.528824 0.000000 7.879914 100.496881 2.448704 3.714819 -0.011942 
955 56.638505 0.000000 7.879914 100.439183 1.791568 4.115321 -0.010818 
956 57.528824 0.000000 7.052672 99.322124 -37.492277 11.864726 -0.141133 
957 58.419143 0.000000 7.879914 100.531767 3.335691 3.472641 -0.012982 
958 57.528824 0.000000 8.707156 99.956429 0.021349 7.467610 -0.004705 
959 60.199781 0.000000 5.398189 99.380356 -0.130106 11.456662 -0.000773 
960 60.199781 0.000000 3.743705 99.240226 0.156998 12.424992 -0.000303 
961 61.980419 0.000000 5.398189 99.350805 -0.073974 11.662220 -0.000660 
962 61.090100 0.000000 7.879914 100.403055 10.281413 4.365679 -0.020554 
963 60.199781 0.000000 7.879914 100.498179 6.577427 3.705601 -0.015688 
964 61.090100 0.000000 7.052672 99.909426 -3.009338 7.789304 -0.005162 
965 61.980419 0.000000 7.879914 100.112022 21.142832 6.385273 -0.051021 
966 61.090100 0.000000 8.707156 100.327231 1.087548 4.893762 -0.009068 
967 -9.245105 0.000000 40.142345 99.007694 -0.036927 14.260965 -0.000590 
968 -23.490210 0.000000 40.142345 98.996572 -0.023988 14.268508 -0.000391 
969 -9.245105 0.000000 53.378214 98.996328 -0.049447 14.259741 -0.000362 
970 47.735315 0.000000 -39.272870 98.969075 0.072725 14.227545 0.000269 
971 47.735315 0.000000 -52.508739 98.969659 0.065607 14.242636 0.000215 
972 61.980419 0.000000 -39.272870 98.973729 0.093179 14.231023 0.000167 
973 -9.245105 0.000000 -39.272870 98.950704 0.028078 14.261687 0.000536 
974 -23.490210 0.000000 -39.272870 98.960272 0.017052 14.268412 0.000328 
975 -9.245105 0.000000 -52.508739 98.960999 0.037401 14.260653 0.000335 
976 -2.122552 0.000000 20.288541 99.099010 -0.084849 14.259957 -0.002397 
977 -9.245105 0.000000 20.288541 99.052637 -0.059029 14.288181 -0.001558 
978 -2.122552 0.000000 26.906476 99.053621 -0.077196 14.252655 -0.001476 
979 26.367657 0.000000 -19.419066 98.936932 0.166651 14.114827 0.001223 
980 26.367657 0.000000 -26.037001 98.944315 0.132789 14.180049 0.000893 
981 33.490210 0.000000 -19.419066 98.960403 0.188326 14.131315 0.000711 
982 8.561276 0.000000 10.361640 99.319262 -0.560001 13.807624 -0.005528 
983 5.000000 0.000000 10.361640 99.367168 -0.446363 14.011923 -0.007037 
984 8.561276 0.000000 13.670607 99.312600 -0.314994 13.986587 -0.005872 
985 -2.122552 0.000000 -19.419066 98.865037 0.067624 14.258082 0.002241 
986 -9.245105 0.000000 -19.419066 98.907207 0.042537 14.283125 0.001335 
987 -2.122552 0.000000 -26.037001 98.909634 0.060316 14.253599 0.001372 
988 1.438724 0.000000 10.361640 99.299770 -0.308542 14.245105 -0.006346 
989 -2.122552 0.000000 10.361640 99.207488 -0.399950 14.348098 -0.004815 
990 1.438724 0.000000 13.670607 99.273012 -0.315486 14.238048 -0.005795 
991 15.683829 0.000000 -9.492164 98.859620 0.331336 13.780315 0.003677 
992 15.683829 0.000000 -12.801131 98.813991 0.275006 13.922487 0.004188 
993 19.245105 0.000000 -9.492164 98.889679 0.311806 13.741643 0.003190 
994 10.341914 0.000000 5.398189 99.530484 -0.526161 12.454970 -0.006172 
995 8.561276 0.000000 5.398189 100.039872 -0.470676 12.508721 -0.016467 
996 10.341914 0.000000 7.052672 99.504809 -0.680175 13.110852 -0.007356 
997 6.780638 0.000000 5.398189 100.323505 -0.205043 13.033586 -0.023472 
998 5.000000 0.000000 5.398189 100.453385 -0.347175 13.701540 -0.027874 
999 6.780638 0.000000 7.052672 99.716679 -0.737279 13.541833 -0.012734 
1000 1.438724 0.000000 -9.492164 98.781468 0.448731 14.149514 0.004181 
1001 -2.122552 0.000000 -9.492164 98.794448 0.322939 14.261268 0.003617 
1002 1.438724 0.000000 -12.801131 98.742440 0.201374 14.216450 0.004778 
1003 3.219362 0.000000 5.398189 100.059711 -0.196606 14.202556 -0.021370 
1004 1.438724 0.000000 5.398189 99.602241 -0.286572 14.465429 -0.012994 
1005 3.219362 0.000000 7.052672 99.597474 -0.537517 14.130725 -0.011962 
1006 6.780638 0.000000 -4.528713 97.892523 -0.094320 13.294138 0.024031 
1007 5.000000 0.000000 -4.528713 98.090134 -0.142093 13.688219 0.019094 
1008 6.780638 0.000000 -6.183197 98.262040 0.450100 13.597173 0.015949 
1009 40.612762 0.000000 -19.419066 98.971493 0.145208 14.144808 0.000455 
1010 40.612762 0.000000 -26.037001 98.966390 0.110319 14.187726 0.000435 
1011 47.735315 0.000000 -19.419066 98.977401 0.143154 14.156567 0.000305 
1012 54.857867 0.000000 -19.419066 98.980616 0.140199 14.166620 0.000212 
1013 54.857867 0.000000 -26.037001 98.975470 0.109780 14.198738 0.000224 
1014 61.980419 0.000000 -19.419066 98.982362 0.136814 14.175173 0.000154 
1015 22.806381 0.000000 -9.492164 98.928651 0.304664 13.764913 0.002356 
1016 22.806381 0.000000 -12.801131 98.915911 0.244188 13.945973 0.002109 
1017 26.367657 0.000000 -9.492164 98.965177 0.301876 13.824929 0.001467 
1018 29.928934 0.000000 -9.492164 98.982573 0.298499 13.867070 0.001007 
1019 29.928934 0.000000 -12.801131 98.962622 0.243654 13.995425 0.001047 
1020 33.490210 0.000000 -9.492164 98.991957 0.294228 13.902368 0.000723 
1021 13.903191 0.000000 -4.528713 98.783653 0.541856 12.871127 0.007583 
1022 13.903191 0.000000 -6.183197 98.799638 0.544927 13.335790 0.006049 
1023 15.683829 0.000000 -4.528713 98.896951 0.436229 12.929328 0.005204 
1024 17.464467 0.000000 -4.528713 98.972661 0.413033 13.015690 0.003483 
1025 17.464467 0.000000 -6.183197 98.918318 0.386941 13.362672 0.003646 
1026 19.245105 0.000000 -4.528713 98.996670 0.375254 13.039500 0.002949 
1027 11.232233 0.000000 -2.046988 96.760958 0.311473 11.250829 0.051064 
1028 11.232233 0.000000 -2.874230 98.324012 0.378851 11.898771 0.019066 
1029 12.122552 0.000000 -2.046988 98.489759 0.171580 11.303812 0.017196 
1030 3.219362 0.000000 -4.528713 98.405933 -0.269546 13.844238 0.012454 
1031 1.438724 0.000000 -4.528713 98.577102 -0.205411 13.951036 0.008788 
1032 3.219362 0.000000 -6.183197 98.613154 0.173432 13.994912 0.007956 
1033 7.670957 0.000000 -2.046988 95.513691 -0.464375 11.952024 0.073407 
1034 6.780638 0.000000 -2.046988 94.982670 -0.454293 11.578485 0.084402 
1035 7.670957 0.000000 -2.874230 95.897604 -0.602376 12.388575 0.064981 
1036 17.464467 0.000000 5.398189 99.295638 -0.648883 12.129216 -0.000716 
1037 19.245105 0.000000 5.398189 99.345686 -0.566182 11.906997 -0.001166 
1038 17.464467 0.000000 7.052672 99.247149 -0.521556 12.847328 -0.001532 
1039 11.232233 0.000000 2.916463 99.670303 -0.572918 9.242103 -0.001991 
1040 10.341914 0.000000 2.916463 98.696047 -0.127956 9.044819 0.017727 
1041 11.232233 0.000000 3.743705 99.506934 -0.700088 10.914590 -0.002125 
1042 9.451595 0.000000 2.916463 99.100328 -0.310011 9.062970 0.009689 
1043 8.561276 0.000000 2.916463 99.788444 0.148029 9.217240 -0.004271 
1044 9.451595 0.000000 3.743705 99.197892 -0.013270 10.724224 0.004477 
1045 13.012871 0.000000 -2.046988 98.782746 0.162486 11.671270 0.010572 
1046 13.012871 0.000000 -2.874230 98.754603 0.372654 12.172988 0.009921 
1047 13.903191 0.000000 -2.046988 98.897335 0.181157 11.709979 0.008216 
1048 14.793510 0.000000 -2.046988 98.967716 0.223059 11.760301 0.006704 
1049 14.793510 0.000000 -2.874230 98.917533 0.371007 12.251642 0.006508 
1050 15.683829 0.000000 -2.046988 99.036022 0.192642 11.865031 0.005105 
1051 10.787074 0.000000 -0.806125 96.100410 -0.680570 9.058438 0.068219 
1052 10.787074 0.000000 -1.219746 96.081367 -0.073499 10.065726 0.066705 
1053 11.232233 0.000000 -0.806125 96.597432 -0.799114 9.247196 0.058279 
1054 11.677393 0.000000 -0.806125 97.039902 -0.897681 9.527414 0.049168 
1055 11.677393 0.000000 -1.219746 97.056106 -0.355677 10.374972 0.047235 
1056 12.122552 0.000000 -0.806125 97.352294 -0.697950 9.634256 0.042922 
1057 8.116117 0.000000 -0.806125 74.254504 0.283687 7.818034 0.442507 
1058 7.670957 0.000000 -0.806125 73.688210 0.320015 4.226869 0.455208 
1059 8.116117 0.000000 -1.219746 95.920883 0.199129 11.606322 0.066444 
1060 11.677393 0.000000 1.675600 98.601185 0.420642 4.337069 0.025882 
1061 11.232233 0.000000 1.675600 98.392516 0.000218 4.443581 0.029917 
1062 11.677393 0.000000 2.089221 98.591428 -0.255992 6.416952 0.023849 
1063 10.787074 0.000000 1.675600 98.146473 -0.596528 4.059987 0.035043 
1064 10.341914 0.000000 1.675600 98.225638 -0.493151 3.607698 0.033847 
1065 10.787074 0.000000 2.089221 98.332275 -0.463560 6.259509 0.029137 
1066 8.783856 0.000000 0.641548 74.461471 3.084066 -12.716589 0.428427 
1067 8.783856 0.000000 0.434738 74.147560 2.673195 -8.718647 0.441898 
1068 8.783856 0.000000 0.848359 80.352647 3.312711 -15.183453 0.330194 
1069 9.785465 0.000000 -0.082288 98.589084 -10.642931 2.516860 0.016059 
1070 9.785465 0.000000 -0.185694 99.832039 -11.532242 1.838463 -0.010281 
1071 9.896755 0.000000 -0.082288 105.825301 -17.349116 -8.281108 -0.156856 
1072 9.618530 0.000000 0.072819 91.177084 -2.469832 -3.399015 0.166909 
1073 9.618530 0.000000 0.021117 94.691023 1.849507 -7.160292 0.097892 
1074 9.674175 0.000000 0.072819 93.840929 2.882837 -6.392173 0.114471 
1075 9.340305 0.000000 -0.082288 87.166140 11.760455 -4.356859 0.224477 
1076 9.229016 0.000000 -0.082288 84.470177 7.926432 1.599872 0.279940 
1077 9.340305 0.000000 -0.185694 85.063650 8.147261 0.019809 0.269780 
1078 9.395950 0.000000 0.072819 87.812492 9.504402 -7.587699 0.214106 
1079 9.340305 0.000000 0.072819 83.979187 15.644139 -4.620572 0.268141 
1080 9.395950 0.000000 0.021117 94.520853 3.379270 -9.634251 0.096157 
1081 9.535063 0.000000 0.150373 88.005862 1.823849 -1.430387 0.224960 
1082 9.535063 0.000000 0.124522 88.809873 0.778911 -1.509893 0.210992 
1083 9.562885 0.000000 0.150373 88.809873 0.778911 -1.509893 0.210992 
1084 9.423773 0.000000 0.150373 83.781884 6.345034 -6.201324 0.290188 
1085 9.395950 0.000000 0.150373 81.789204 9.082972 -3.470051 0.321598 
1086 9.423773 0.000000 0.124522 85.752247 4.445968 -5.776344 0.259342 
1087 9.493329 0.000000 0.215002 86.381530 3.916958 -0.819927 0.252222 
1088 9.493329 0.000000 0.227927 83.642304 5.857344 -5.483720 0.293959 
1089 10.564494 0.000000 -0.185694 96.398080 -5.494738 5.435084 0.064768 
1090 10.564494 0.000000 -0.392504 95.959710 -2.484301 6.707382 0.074057 
1091 10.787074 0.000000 -0.185694 96.405875 -5.531341 5.878441 0.064076 
1092 11.009654 0.000000 -0.185694 96.726181 -5.834033 6.644410 0.056586 
1093 11.009654 0.000000 -0.392504 96.544877 -2.678401 7.580485 0.061445 
1094 11.232233 0.000000 -0.185694 96.900523 -5.770879 6.877038 0.052969 
1095 9.729820 0.000000 0.072819 94.451599 0.063375 -5.707245 0.104632 
1096 9.729820 0.000000 0.021117 94.264121 -1.535432 -4.722536 0.108962 
1097 9.785465 0.000000 0.072819 96.019567 -3.193325 -11.683874 0.063353 
1098 9.841110 0.000000 0.072819 105.825301 -17.349116 -8.281108 -0.156856 
1099 9.841110 0.000000 0.021117 105.825301 -17.349116 -8.281108 -0.156856 
1100 9.896755 0.000000 0.072819 105.825301 -17.349116 -8.281108 -0.156856 
1101 9.521151 0.000000 0.189150 87.443705 2.550882 -0.965153 0.234616 
1102 9.521151 0.000000 0.176225 87.443705 2.550882 -0.965153 0.234616 
1103 9.535063 0.000000 0.189150 87.443705 2.550882 -0.965153 0.234616 
1104 9.437684 0.000000 0.189150 82.737269 6.603433 -5.963009 0.307538 
1105 9.423773 0.000000 0.189150 82.059345 7.864410 -3.942280 0.318887 
1106 9.437684 0.000000 0.176225 83.213231 6.368329 -6.294671 0.299538 
1107 8.338696 0.000000 0.227927 72.592588 -0.633423 -18.433427 0.439012 
1108 8.338696 0.000000 0.021117 74.504502 0.252850 7.214656 0.439696 
1109 8.561276 0.000000 0.227927 72.989320 2.117631 -11.819762 0.452837 
1110 4.109681 0.000000 -0.392504 55.475088 -0.373953 1.190996 0.692096 
1111 3.219362 0.000000 -0.392504 57.501504 -0.355802 0.414772 0.669328 
1112 4.109681 0.000000 -1.219746 97.535231 -0.793251 10.159044 0.038304 
1113 5.445160 0.000000 0.021117 37.771992 3.325619 -0.100969 0.856221 
1114 5.000000 0.000000 0.021117 25.272856 3.467306 -0.707147 0.934876 
1115 5.445160 0.000000 -0.392504 66.397597 0.633020 1.727889 0.558797 
1116 6.112899 0.000000 0.227927 70.229695 0.312572 -1.301948 0.506600 
1117 5.890319 0.000000 0.227927 72.643747 0.318301 -1.503228 0.472053 
1118 6.112899 0.000000 0.021117 43.457191 1.805893 0.901584 0.810740 
1119 9.590708 0.000000 0.253779 87.938198 1.661754 -3.538284 0.225159 
1120 9.590708 0.000000 0.227927 88.182900 1.484672 -2.637781 0.221461 
1121 9.590708 0.000000 0.279630 87.964471 1.707367 -4.346997 0.224044 
1122 10.230624 0.000000 0.538143 94.272277 15.084511 -0.416684 0.088502 
1123 10.119335 0.000000 0.538143 93.895240 14.932906 -2.075948 0.095638 
1124 10.230624 0.000000 0.641548 95.380872 8.355223 -1.500398 0.083043 
1125 10.063690 0.000000 0.279630 104.327165 -14.836082 -26.039850 -0.178234 
1126 10.063690 0.000000 0.227927 105.825301 -17.349116 -8.281108 -0.156856 
1127 10.063690 0.000000 0.331332 107.946820 -24.749519 -54.885890 -0.527752 
1128 10.008045 0.000000 -0.082288 105.825301 -17.349116 -8.281108 -0.156856 
1129 10.008045 0.000000 -0.185694 105.825301 -17.349116 -8.281108 -0.156856 
1130 10.119335 0.000000 -0.082288 105.825301 -17.349116 -8.281108 -0.156856 
1131 9.952400 0.000000 0.176225 105.825301 -17.349116 -8.281108 -0.156856 
1132 9.952400 0.000000 0.124522 105.825301 -17.349116 -8.281108 -0.156856 
1133 10.008045 0.000000 0.176225 105.825301 -17.349116 -8.281108 -0.156856 
1134 10.453204 0.000000 0.124522 98.590955 -29.473073 13.192927 -0.076289 
1135 10.453204 0.000000 0.021117 97.394333 -15.039265 5.330338 0.025975 
1136 10.564494 0.000000 0.124522 98.205933 -28.827622 15.266377 -0.070850 
1137 10.675784 0.000000 0.124522 97.924163 -28.075215 17.005524 -0.066655 
1138 10.675784 0.000000 0.021117 97.043627 -15.404900 6.951518 0.029690 
1139 10.787074 0.000000 0.124522 97.680930 -27.051454 18.221018 -0.060535 
1140 10.675784 0.000000 0.538143 95.789794 15.391032 3.338865 0.057628 
1141 10.675784 0.000000 0.641548 96.440839 8.196181 2.057882 0.062775 
1142 12.567712 0.000000 -0.806125 98.797483 -0.749575 9.803852 0.014238 
1143 12.567712 0.000000 -1.219746 98.675563 -0.243552 10.482886 0.015318 
1144 13.012871 0.000000 -0.806125 98.909821 -0.701800 10.206091 0.011219 
1145 13.458031 0.000000 -0.806125 98.986062 -0.697237 10.298428 0.009522 
1146 13.458031 0.000000 -1.219746 98.921131 -0.205292 10.940967 0.009486 
1147 13.903191 0.000000 -0.806125 99.056702 -0.647310 10.408915 0.007901 
1148 11.454813 0.000000 -0.185694 97.113256 -5.818292 7.190663 0.048346 
1149 11.454813 0.000000 -0.392504 96.947877 -2.730787 7.898559 0.053126 
1150 11.677393 0.000000 -0.185694 97.349201 -5.690485 7.646758 0.043228 
1151 11.899973 0.000000 -0.185694 97.507822 -5.540126 7.798497 0.040072 
1152 11.899973 0.000000 -0.392504 97.355108 -2.671998 8.306253 0.044585 
1153 12.122552 0.000000 -0.185694 97.639281 -5.268156 7.997955 0.037485 
1154 10.898364 0.000000 0.124522 97.500963 -26.051569 18.890148 -0.054196 
1155 10.898364 0.000000 0.021117 96.973576 -15.194202 7.886476 0.030307 
1156 11.009654 0.000000 0.124522 97.467379 -25.326849 19.592188 -0.052519 
1157 11.120943 0.000000 0.331332 95.796720 30.330084 29.818846 -0.098609 
1158 11.120943 0.000000 0.227927 96.984682 -9.658793 56.143157 -0.265137 
1159 11.232233 0.000000 0.331332 95.965473 29.072740 30.065674 -0.095854 
1160 11.343523 0.000000 0.331332 96.049829 27.997752 30.543749 -0.094236 
1161 11.343523 0.000000 0.227927 96.776578 -8.899848 51.868342 -0.213524 
1162 12.345132 0.000000 1.055169 100.069827 3.070556 2.667260 -0.003051 
1163 12.122552 0.000000 1.055169 98.807831 3.078648 2.426248 0.022165 
1164 12.345132 0.000000 1.261980 100.138524 1.784156 2.743597 -0.003843 
1165 12.345132 0.000000 -0.185694 99.027797 -5.121085 8.191883 0.010016 
1166 12.345132 0.000000 -0.392504 98.914675 -2.569003 8.674589 0.013404 
1167 12.567712 0.000000 -0.185694 99.065456 -4.876255 8.236480 0.009442 
1168 12.790292 0.000000 0.227927 97.962163 -16.115794 26.818886 -0.057556 
1169 12.790292 0.000000 0.021117 99.120128 -9.862543 10.247830 -0.002709 
1170 13.012871 0.000000 0.227927 98.139498 -16.000760 23.986721 -0.046275 
1171 11.788683 0.000000 0.331332 95.851050 23.145448 33.888462 -0.087156 
1172 11.788683 0.000000 0.227927 96.291206 -10.332550 44.661482 -0.137341 
1173 11.899973 0.000000 0.331332 95.627203 21.462225 35.042522 -0.083317 
1174 21.025743 0.000000 5.398189 99.368093 -0.605560 11.704150 -0.001137 
1175 21.025743 0.000000 7.052672 99.243889 -0.524698 12.696453 -0.001082 
1176 18.354786 0.000000 1.261980 98.767477 16.496092 15.098026 -0.025509 
1177 18.354786 0.000000 0.434738 99.557632 -3.704970 9.483197 -0.001538 
1178 18.354786 0.000000 2.089221 100.422037 1.978753 3.757831 -0.010262 
1179 16.574148 0.000000 2.916463 99.838755 -0.618885 7.870359 -0.003010 
1180 17.464467 0.000000 2.916463 99.915523 -0.555057 7.362683 -0.003763 
1181 16.574148 0.000000 3.743705 99.508680 -0.672436 10.353121 -0.000962 
1182 15.238669 0.000000 1.675600 100.351183 1.823720 3.621253 -0.008680 
1183 15.683829 0.000000 1.675600 100.368950 2.144445 3.599996 -0.009148 
1184 15.238669 0.000000 2.089221 100.206654 0.258846 4.847207 -0.006494 
1185 21.025743 0.000000 -4.528713 99.008343 0.385169 13.057481 0.002670 
1186 21.025743 0.000000 -6.183197 98.963023 0.376299 13.397358 0.002669 
1187 22.806381 0.000000 -4.528713 99.028669 0.382240 13.133591 0.002069 
1188 24.587019 0.000000 -1.219746 99.220262 0.189143 12.155537 0.000755 
1189 24.587019 0.000000 -2.874230 99.113362 0.351466 12.800728 0.001256 
1190 26.367657 0.000000 -1.219746 99.212000 0.232418 12.303892 0.000554 
1191 16.574148 0.000000 -0.392504 99.331322 -0.855279 10.404462 0.002430 
1192 16.574148 0.000000 -1.219746 99.170805 -0.097410 11.367795 0.003592 
1193 17.464467 0.000000 -0.392504 99.338897 -0.656274 10.649329 0.001794 
1194 14.348350 0.000000 -0.806125 99.112900 -0.576865 10.512700 0.006578 
1195 14.348350 0.000000 -1.219746 99.027583 -0.168779 10.980008 0.007295 
1196 14.793510 0.000000 -0.806125 99.153613 -0.529690 10.596757 0.005599 
1197 15.238669 0.000000 0.021117 99.408531 -4.041628 9.332572 0.001451 
1198 15.238669 0.000000 -0.392504 99.291183 -1.280381 10.008779 0.003945 
1199 15.683829 0.000000 0.021117 99.438646 -3.354341 9.397405 0.001239 
1200 13.235451 0.000000 0.227927 98.316543 -15.581889 21.440549 -0.036864 
1201 13.235451 0.000000 0.021117 99.170816 -8.584958 9.942257 -0.000740 
1202 13.458031 0.000000 0.227927 98.477196 -14.931533 19.256724 -0.029153 
1203 21.916062 0.000000 2.916463 100.361948 0.665081 4.494433 -0.009316 
1204 21.025743 0.000000 2.916463 100.293957 0.286174 4.946894 -0.008343 
1205 21.916062 0.000000 3.743705 99.840555 -0.658317 8.201528 -0.003583 
1206 20.135424 0.000000 2.916463 100.209161 -0.018773 5.523263 -0.007238 
1207 19.245105 0.000000 2.916463 100.104107 -0.265463 6.171186 -0.005899 
1208 20.135424 0.000000 3.743705 99.710892 -0.718779 9.097549 -0.002554 
1209 23.696700 0.000000 1.261980 99.625409 -4.397233 9.486917 -0.003456 
1210 23.696700 0.000000 0.434738 99.428480 -0.582716 10.781438 -0.000260 
1211 24.587019 0.000000 1.261980 99.617476 -3.021817 9.573951 -0.002443 
1212 25.477338 0.000000 1.261980 99.586130 -2.133786 9.816470 -0.001831 
1213 25.477338 0.000000 0.434738 99.390249 -0.335287 11.122679 -0.000225 
1214 26.367657 0.000000 1.261980 99.549853 -1.547671 10.091163 -0.001440 
1215 37.051486 0.000000 -9.492164 98.998571 0.288520 13.937228 0.000495 
1216 37.051486 0.000000 -12.801131 98.981589 0.267591 14.038677 0.000549 
1217 40.612762 0.000000 -9.492164 99.000608 0.320209 13.963551 0.000380 
1218 44.174038 0.000000 -9.492164 99.001759 0.235836 13.986346 0.000298 
1219 44.174038 0.000000 -12.801131 98.988311 0.197584 14.068280 0.000336 
1220 47.735315 0.000000 -9.492164 99.002090 0.230803 14.005750 0.000237 
1221 28.148295 0.000000 -1.219746 99.202431 0.266874 12.439520 0.000406 
1222 28.148295 0.000000 -2.874230 99.113964 0.375945 12.995672 0.000739 
1223 29.928934 0.000000 -1.219746 99.192390 0.295701 12.562111 0.000298 
1224 27.257976 0.000000 2.916463 100.299392 4.803480 4.989976 -0.010794 
1225 27.257976 0.000000 2.089221 98.954395 -11.638356 14.283947 -0.013145 
1226 27.257976 0.000000 3.743705 100.334855 0.484510 4.783057 -0.009020 
1227 45.954676 0.000000 2.089221 99.265245 0.101109 12.230399 -0.000318 
1228 45.954676 0.000000 0.434738 99.170682 0.270758 12.876435 -0.000070 
1229 47.735315 0.000000 2.089221 99.248147 0.137627 12.352153 -0.000279 
1230 37.941805 0.000000 4.570947 100.402152 4.078035 4.349951 -0.011614 
1231 37.941805 0.000000 3.743705 97.659792 -13.409021 23.369979 -0.026339 
1232 37.941805 0.000000 5.398189 100.262483 0.173283 5.329093 -0.008099 
1233 42.393400 0.000000 8.707156 99.291238 -0.649115 12.095639 -0.000548 
1234 40.612762 0.000000 8.707156 99.266496 -0.634847 12.271045 -0.000482 
1235 42.393400 0.000000 10.361640 99.172157 -0.573043 12.933988 -0.000273 
1236 51.296591 0.000000 -2.874230 99.057732 0.317014 13.658305 0.000092 
1237 51.296591 0.000000 -6.183197 99.020924 0.269946 13.901598 0.000153 
1238 54.857867 0.000000 -2.874230 99.051132 0.311227 13.712250 0.000075 
1239 49.515953 0.000000 2.089221 99.232192 0.170349 12.465599 -0.000245 
1240 49.515953 0.000000 0.434738 99.149595 0.296952 13.030909 -0.000053 
1241 51.296591 0.000000 2.089221 99.217260 0.199275 12.571622 -0.000215 
1242 53.077229 0.000000 2.089221 99.203273 0.224512 12.670821 -0.000189 
1243 53.077229 0.000000 0.434738 99.131150 0.314070 13.165109 -0.000040 
1244 54.857867 0.000000 2.089221 99.190171 0.246252 12.763642 -0.000166 
1245 48.625634 0.000000 6.225430 100.504828 6.319487 3.653896 -0.015451 
1246 48.625634 0.000000 5.398189 99.990008 -4.717614 7.222322 -0.007242 
1247 48.625634 0.000000 7.052672 100.228480 0.683092 5.575754 -0.007730 
1248 58.419143 0.000000 -2.874230 99.045216 0.304764 13.759611 0.000063 
1249 58.419143 0.000000 -6.183197 99.016264 0.256902 13.952480 0.000104 
1250 61.980419 0.000000 -2.874230 99.039915 0.297889 13.801372 0.000053 
1251 56.638505 0.000000 2.089221 99.177906 0.264744 12.850453 -0.000146 
1252 56.638505 0.000000 0.434738 99.115059 0.324194 13.281598 -0.000030 
1253 58.419143 0.000000 2.089221 99.166435 0.280267 12.931588 -0.000129 
1254 60.199781 0.000000 2.089221 99.155715 0.293115 13.007361 -0.000113 
1255 60.199781 0.000000 0.434738 99.101036 0.329061 13.382743 -0.000022 
1256 61.980419 0.000000 2.089221 99.145704 0.303578 13.078080 -0.000100 
1257 57.528824 0.000000 6.225430 99.714330 -1.173326 9.140645 -0.002788 
1258 57.528824 0.000000 5.398189 99.438453 -0.237704 11.052727 -0.001023 
1259 58.419143 0.000000 6.225430 99.647634 -0.840009 9.603631 -0.002259 
1260 55.748186 0.000000 7.879914 100.364891 1.281361 4.631000 -0.009620 
1261 54.857867 0.000000 7.879914 100.278858 0.873124 5.228177 -0.008395 
1262 55.748186 0.000000 8.707156 99.794717 -0.188944 8.590301 -0.003281 
1263 59.309462 0.000000 7.879914 100.535484 4.602394 3.446779 -0.014045 
1264 59.309462 0.000000 7.052672 100.040578 -7.010411 6.879073 -0.010458 
1265 59.309462 0.000000 8.707156 100.142670 0.421713 6.174813 -0.006686 
1266 59.309462 0.000000 6.225430 99.591985 -0.625710 9.989959 -0.001875 
1267 59.309462 0.000000 5.398189 99.397455 -0.161601 11.337754 -0.000842 
1268 60.199781 0.000000 6.225430 99.546072 -0.483521 10.308718 -0.001592 
1269 7.670957 0.000000 2.916463 100.340123 0.369417 10.106649 -0.017042 
1270 6.780638 0.000000 2.916463 100.881928 0.821256 11.426308 -0.030840 
1271 7.670957 0.000000 3.743705 100.220115 0.415674 11.420271 -0.017467 
1272 5.890319 0.000000 2.916463 100.880704 0.899945 12.731231 -0.033981 
1273 5.000000 0.000000 2.916463 100.869264 0.365474 13.691344 -0.036219 
1274 5.890319 0.000000 3.743705 101.492552 0.390413 12.796921 -0.046465 
1275 5.890319 0.000000 -2.046988 95.482802 -0.775593 12.137192 0.073512 
1276 5.000000 0.000000 -2.046988 95.422773 -1.124949 12.598799 0.073450 
1277 5.890319 0.000000 -2.874230 96.496459 -0.978259 13.420144 0.050738 
1278 9.896755 0.000000 1.675600 98.675826 -0.271450 3.123481 0.025325 
1279 9.451595 0.000000 1.675600 99.478225 -0.007999 2.860242 0.009590 
1280 9.896755 0.000000 2.089221 98.430688 -0.586092 5.932355 0.027586 
1281 9.006436 0.000000 1.675600 100.140344 -0.277710 3.552398 -0.004079 
1282 8.561276 0.000000 1.675600 99.901648 -0.846658 3.776543 0.000468 
1283 9.006436 0.000000 2.089221 99.371044 -0.146320 5.938217 0.009011 
1284 7.225798 0.000000 -0.806125 71.535462 0.058313 0.896519 0.488187 
1285 6.780638 0.000000 -0.806125 69.499906 0.536641 1.771234 0.516634 
1286 7.225798 0.000000 -1.219746 95.708435 -0.703058 10.070614 0.073798 
1287 8.783856 0.000000 0.227927 74.357837 2.040359 -3.324174 0.445570 
1288 8.783856 0.000000 0.021117 75.455780 1.264460 4.815374 0.428164 
1289 8.116117 0.000000 1.675600 101.050714 -0.535049 2.069947 -0.021582 
1290 7.670957 0.000000 1.675600 66.576982 0.188813 -5.842157 0.553334 
1291 8.116117 0.000000 2.089221 100.537797 0.015537 6.424543 -0.014912 
1292 7.225798 0.000000 1.675600 67.306256 0.288276 0.363765 0.546965 
1293 6.780638 0.000000 1.675600 104.214765 -0.355794 12.406472 -0.101476 
1294 7.225798 0.000000 2.089221 102.359958 -0.126110 8.606887 -0.055166 
1295 9.590708 0.000000 0.202076 88.809873 0.778911 -1.509893 0.210992 
1296 9.590708 0.000000 0.176225 89.116454 0.657530 -1.518901 0.205552 
1297 9.618530 0.000000 0.202076 89.341253 0.093215 -1.935507 0.201439 
1298 4.109681 0.000000 2.916463 100.545182 0.195921 14.137926 -0.030925 
1299 3.219362 0.000000 2.916463 100.421087 0.398321 14.708236 -0.030089 
1300 4.109681 0.000000 3.743705 100.586718 0.227098 14.086208 -0.031616 
1301 6.335479 0.000000 1.675600 101.998746 0.121605 13.055669 -0.057421 
1302 5.890319 0.000000 1.675600 101.751595 0.363697 12.230567 -0.050311 
1303 6.335479 0.000000 2.089221 101.383507 0.383886 12.930930 -0.044597 
1304 5.445160 0.000000 1.675600 101.555614 0.621826 11.400272 -0.044390 
1305 5.000000 0.000000 1.675600 102.317685 1.307533 11.986831 -0.061430 
1306 5.445160 0.000000 2.089221 101.332879 0.936752 12.332120 -0.042131 
1307 4.109681 0.000000 -2.046988 97.522125 -1.097662 12.710761 0.032667 
1308 3.219362 0.000000 -2.046988 98.067036 0.002423 12.746514 0.022038 
1309 4.109681 0.000000 -2.874230 98.315894 -1.320867 13.648889 0.014595 
1310 6.335479 0.000000 -0.806125 67.655598 0.015132 1.853567 0.541928 
1311 5.890319 0.000000 -0.806125 67.528450 0.180673 1.494220 0.543764 
1312 6.335479 0.000000 -1.219746 95.092354 -0.874962 9.670958 0.086315 
1313 10.008045 0.000000 0.538143 93.370614 14.462422 -3.517836 0.106039 
1314 9.896755 0.000000 0.538143 92.903630 13.511575 -5.369320 0.115752 
1315 10.008045 0.000000 0.641548 94.687061 8.010153 -3.602064 0.095722 
1316 10.230624 0.000000 -0.082288 108.227832 -19.215977 42.590148 -0.389644 
1317 10.230624 0.000000 -0.185694 97.454504 -4.585955 3.744711 0.046757 
1318 10.341914 0.000000 -0.082288 97.335209 -8.169162 4.080343 0.044247 
1319 9.952400 0.000000 0.072819 105.825301 -17.349116 -8.281108 -0.156856 
1320 9.952400 0.000000 0.021117 105.825301 -17.349116 -8.281108 -0.156856 
1321 10.008045 0.000000 0.072819 105.825301 -17.349116 -8.281108 -0.156856 
1322 10.063690 0.000000 0.176225 105.825301 -17.349116 -8.281108 -0.156856 
1323 10.063690 0.000000 0.124522 105.825301 -17.349116 -8.281108 -0.156856 
1324 10.119335 0.000000 0.176225 105.825301 -17.349116 -8.281108 -0.156856 
1325 10.174979 0.000000 0.176225 104.487983 -19.238955 -39.058863 -0.281347 
1326 10.174979 0.000000 0.124522 105.825301 -17.349116 -8.281108 -0.156856 
1327 10.230624 0.000000 0.176225 101.855580 -47.393220 21.235777 -0.307163 
1328 11.120943 0.000000 0.124522 97.565370 -24.589843 20.428085 -0.054097 
1329 11.120943 0.000000 0.021117 97.202425 -15.185338 9.172074 0.023697 
1330 11.232233 0.000000 0.124522 97.535773 -23.725562 20.487766 -0.049588 
1331 11.899973 0.000000 1.055169 98.642196 2.696921 2.392634 0.025672 
1332 11.677393 0.000000 1.055169 98.518107 2.623851 2.103706 0.028287 
1333 11.899973 0.000000 1.261980 98.676863 1.560566 2.775772 0.025274 
1334 11.454813 0.000000 1.055169 98.357381 2.308526 1.898101 0.031689 
1335 11.232233 0.000000 1.055169 98.215099 1.918156 1.704700 0.034721 
1336 11.454813 0.000000 1.261980 98.476970 1.175208 2.422015 0.029504 
1337 11.343523 0.000000 0.124522 97.551821 -22.892470 20.620986 -0.046565 
1338 11.343523 0.000000 0.021117 97.350145 -14.700108 9.671243 0.021332 
1339 11.454813 0.000000 0.124522 97.570351 -22.161601 20.647496 -0.043743 
1340 11.566103 0.000000 0.124522 97.570400 -21.343120 20.620758 -0.040073 
1341 11.566103 0.000000 0.021117 97.503090 -14.139586 10.234019 0.018848 
1342 11.677393 0.000000 0.124522 97.576621 -20.539964 20.500408 -0.036335 
1343 12.790292 0.000000 -0.185694 99.102403 -4.639368 8.703246 0.008144 
1344 12.790292 0.000000 -0.392504 98.985746 -2.337416 9.033442 0.011476 
1345 13.012871 0.000000 -0.185694 99.123414 -4.389748 8.792461 0.007797 
1346 11.788683 0.000000 0.124522 97.524982 -19.786698 20.104146 -0.030681 
1347 11.788683 0.000000 0.021117 97.645953 -13.425470 10.613063 0.017239 
1348 11.899973 0.000000 0.124522 97.467240 -19.065397 19.483736 -0.024297 
1349 12.011263 0.000000 0.331332 95.486504 19.538667 36.379422 -0.082289 
1350 12.011263 0.000000 0.227927 96.047438 -12.443784 40.356991 -0.100864 
1351 12.122552 0.000000 0.331332 95.408663 17.415456 37.725026 -0.082929 
1352 12.233842 0.000000 0.331332 95.321117 15.280188 39.028583 -0.084283 
1353 12.233842 0.000000 0.227927 96.119325 -14.296482 36.270676 -0.075888 
1354 12.345132 0.000000 0.331332 96.555308 12.733267 39.779958 -0.106751 
1355 18.354786 0.000000 2.916463 100.003313 -0.469260 6.804859 -0.004719 
1356 18.354786 0.000000 3.743705 99.580018 -0.761123 9.873126 -0.001424 
1357 24.587019 0.000000 -4.528713 99.043000 0.383697 13.214779 0.001571 
1358 24.587019 0.000000 -6.183197 98.996732 0.368346 13.483383 0.001771 
1359 26.367657 0.000000 -4.528713 99.051962 0.386704 13.290107 0.001193 
1360 16.574148 0.000000 -2.046988 99.078675 0.152306 11.935446 0.004094 
1361 16.574148 0.000000 -2.874230 99.013273 0.259656 12.356444 0.004362 
1362 17.464467 0.000000 -2.046988 99.114553 0.174472 12.043287 0.003123 
1363 18.354786 0.000000 -0.392504 99.341892 -0.510731 10.866742 0.001284 
1364 18.354786 0.000000 -1.219746 99.217495 -0.009230 11.639887 0.002040 
1365 19.245105 0.000000 -0.392504 99.338857 -0.398905 11.048528 0.000956 
1366 15.238669 0.000000 -0.806125 99.179722 -0.448842 10.705324 0.004858 
1367 15.238669 0.000000 -1.219746 99.103763 -0.109685 11.180889 0.005342 
1368 15.683829 0.000000 -0.806125 99.208225 -0.408128 10.827777 0.004032 
1369 13.235451 0.000000 -0.185694 99.159084 -4.184338 8.883538 0.007105 
1370 13.235451 0.000000 -0.392504 99.073688 -2.204455 9.283246 0.009337 
1371 13.458031 0.000000 -0.185694 99.190384 -3.963254 8.979383 0.006493 
1372 13.680611 0.000000 0.227927 98.631272 -14.111046 17.422086 -0.023078 
1373 13.680611 0.000000 0.021117 99.241830 -7.401587 9.712986 0.000193 
1374 13.903191 0.000000 0.227927 98.769682 -13.244752 15.872714 -0.018282 
1375 14.125770 0.000000 0.227927 98.891773 -12.323285 14.586989 -0.014423 
1376 14.125770 0.000000 0.021117 99.309963 -6.336965 9.552995 0.000611 
1377 14.348350 0.000000 0.227927 98.985228 -11.352707 13.427393 -0.010725 
1378 20.135424 0.000000 -0.392504 99.334154 -0.288386 11.142988 0.000848 
1379 20.135424 0.000000 -1.219746 99.225185 0.065022 11.740069 0.001653 
1380 21.025743 0.000000 -0.392504 99.325473 -0.206878 11.225194 0.000840 
1381 28.148295 0.000000 -4.528713 99.056615 0.387435 13.354266 0.000930 
1382 28.148295 0.000000 -6.183197 99.018541 0.364920 13.584274 0.001066 
1383 29.928934 0.000000 -4.528713 99.058447 0.387287 13.408864 0.000748 
1384 31.709572 0.000000 -1.219746 99.181842 0.320004 12.669780 0.000234 
1385 31.709572 0.000000 -2.874230 99.107218 0.389145 13.151118 0.000466 
1386 33.490210 0.000000 -1.219746 99.171458 0.339999 12.768663 0.000187 
1387 27.257976 0.000000 1.261980 99.515126 -1.146501 10.353163 -0.001176 
1388 27.257976 0.000000 0.434738 99.358732 -0.174555 11.399549 -0.000214 
1389 28.148295 0.000000 1.261980 99.484160 -0.862653 10.583820 -0.000986 
1390 29.038614 0.000000 1.261980 99.456657 -0.655279 10.790690 -0.000849 
1391 29.038614 0.000000 0.434738 99.332138 -0.060327 11.625283 -0.000202 
1392 29.928934 0.000000 1.261980 99.432658 -0.499139 10.970257 -0.000745 
1393 30.819253 0.000000 1.261980 99.411408 -0.378011 11.128235 -0.000661 
1394 30.819253 0.000000 0.434738 99.309021 0.026494 11.815529 -0.000189 
1395 31.709572 0.000000 1.261980 99.392459 -0.281468 11.269077 -0.000593 
1396 32.599891 0.000000 1.261980 99.375397 -0.202604 11.395811 -0.000538 
1397 32.599891 0.000000 0.434738 99.288213 0.095904 11.982014 -0.000173 
1398 33.490210 0.000000 1.261980 99.359881 -0.136692 11.510923 -0.000491 
1399 35.270848 0.000000 -1.219746 99.161405 0.356277 12.859761 0.000152 
1400 35.270848 0.000000 -2.874230 99.097669 0.395701 13.276779 0.000322 
1401 37.051486 0.000000 -1.219746 99.151843 0.369437 12.945800 0.000118 
1402 38.832124 0.000000 8.707156 99.245322 -0.621616 12.422750 -0.000435 
1403 37.051486 0.000000 8.707156 99.228693 -0.559056 12.543645 -0.000399 
1404 38.832124 0.000000 10.361640 99.151711 -0.551789 13.088090 -0.000266 
1405 51.296591 0.000000 -9.492164 99.001930 0.225759 14.023012 0.000192 
1406 51.296591 0.000000 -12.801131 98.990875 0.190701 14.091384 0.000220 
1407 54.857867 0.000000 -9.492164 99.001472 0.220762 14.038470 0.000158 
1408 58.419143 0.000000 -9.492164 99.000837 0.215848 14.052392 0.000132 
1409 58.419143 0.000000 -12.801131 98.991633 0.183670 14.110188 0.000153 
1410 61.980419 0.000000 -9.492164 99.000100 0.211044 14.064993 0.000111 
1411 53.967548 0.000000 7.879914 100.185757 0.545387 5.874434 -0.007199 
1412 53.077229 0.000000 7.879914 100.090371 0.287649 6.536578 -0.006089 
1413 53.967548 0.000000 8.707156 99.665531 -0.287520 9.487399 -0.002331 
1414 61.090100 0.000000 6.225430 99.508062 -0.385032 10.572638 -0.001378 
1415 61.090100 0.000000 5.398189 99.364915 -0.101145 11.564063 -0.000712 
1416 61.980419 0.000000 6.225430 99.476260 -0.313368 10.793476 -0.001212 
1417 10.453204 0.000000 -0.082288 96.866179 -8.518718 4.575719 0.052344 
1418 10.453204 0.000000 -0.185694 96.490802 -5.250209 5.044971 0.063651 
1419 10.564494 0.000000 -0.082288 96.671245 -8.733118 4.996731 0.055344 
1420 8.783856 0.000000 -0.185694 76.912597 0.304909 11.553608 0.395087 
1421 8.561276 0.000000 -0.185694 76.793459 0.122120 13.740265 0.391395 
1422 8.783856 0.000000 -0.392504 77.056126 0.086135 14.306140 0.385768 
1423 9.785465 0.000000 0.538143 92.731157 11.719308 -7.648774 0.120509 
1424 9.674175 0.000000 0.538143 89.551691 26.626100 -27.154453 0.053418 
1425 9.785465 0.000000 0.641548 94.341043 6.371390 -6.272688 0.101983 
1426 9.590708 0.000000 0.150373 89.502088 -0.209982 -2.275247 0.198416 
1427 9.590708 0.000000 0.124522 89.768673 -0.330587 -2.149727 0.193685 
1428 9.618530 0.000000 0.150373 89.768673 -0.330587 -2.149727 0.193685 
1429 9.646353 0.000000 0.202076 89.881880 -0.404528 -4.243600 0.190308 
1430 9.646353 0.000000 0.176225 90.046226 -0.479072 -2.176289 0.188671 
1431 9.674175 0.000000 0.202076 91.695414 1.274737 -8.047421 0.152557 
1432 8.338696 0.000000 -0.185694 75.911420 0.260354 12.045592 0.409229 
1433 8.116117 0.000000 -0.185694 74.867321 0.238850 9.314618 0.430807 
1434 8.338696 0.000000 -0.392504 76.246662 0.258116 12.409172 0.403239 
1435 5.445160 0.000000 -0.806125 65.703646 0.676570 1.114065 0.568133 
1436 5.000000 0.000000 -0.806125 61.054930 1.004807 0.633105 0.627089 
1437 5.445160 0.000000 -1.219746 94.468864 -1.735555 9.916207 0.097429 
1438 9.701998 0.000000 0.202076 93.208392 5.717807 -9.563965 0.118803 
1439 9.701998 0.000000 0.176225 93.400616 4.895641 -8.989449 0.117155 
1440 9.729820 0.000000 0.202076 94.048092 4.660361 -10.449927 0.102404 
1441 11.009654 0.000000 1.055169 98.008637 1.679086 1.121800 0.039023 
1442 10.787074 0.000000 1.055169 97.881591 1.507582 0.602270 0.041656 
1443 11.009654 0.000000 1.261980 98.112701 0.543850 2.023044 0.036951 
1444 10.564494 0.000000 1.055169 97.588782 1.476772 0.220572 0.047420 
1445 10.341914 0.000000 1.055169 97.367243 1.270677 -0.395591 0.051785 
1446 10.564494 0.000000 1.261980 98.013530 0.422528 1.129622 0.039189 
1447 10.063690 0.000000 0.072819 105.825301 -17.349116 -8.281108 -0.156856 
1448 10.063690 0.000000 0.021117 105.825301 -17.349116 -8.281108 -0.156856 
1449 10.119335 0.000000 0.072819 105.825301 -17.349116 -8.281108 -0.156856 
1450 10.174979 0.000000 0.072819 105.825301 -17.349116 -8.281108 -0.156856 
1451 10.174979 0.000000 0.021117 105.825301 -17.349116 -8.281108 -0.156856 
1452 10.230624 0.000000 0.072819 112.190522 -28.384182 -63.519469 -0.742710 
1453 12.011263 0.000000 0.124522 97.444749 -18.332350 18.883531 -0.018814 
1454 12.011263 0.000000 0.021117 97.705454 -12.579546 10.657069 0.018183 
1455 12.122552 0.000000 0.124522 97.434322 -17.603127 18.102206 -0.013101 
1456 12.233842 0.000000 0.124522 97.445476 -16.995185 17.612277 -0.009465 
1457 12.233842 0.000000 0.021117 97.762082 -11.727476 10.631564 0.019201 
1458 12.345132 0.000000 0.124522 98.757647 -16.448825 16.691249 -0.030223 
1459 12.456422 0.000000 0.331332 96.495303 10.031453 40.631883 -0.106292 
1460 12.456422 0.000000 0.227927 97.621951 -15.699230 32.142969 -0.080968 
1461 12.567712 0.000000 0.331332 96.476615 7.335397 41.008215 -0.104322 
1462 18.354786 0.000000 -2.046988 99.137261 0.198237 12.131602 0.002459 
1463 18.354786 0.000000 -2.874230 99.077032 0.313941 12.508827 0.002717 
1464 19.245105 0.000000 -2.046988 99.145886 0.199076 12.174122 0.002184 
1465 13.680611 0.000000 -0.185694 99.225729 -3.704857 9.079841 0.005809 
1466 13.680611 0.000000 -0.392504 99.149168 -2.001891 9.485732 0.007546 
1467 13.903191 0.000000 -0.185694 99.255807 -3.487990 9.167085 0.005208 
1468 14.125770 0.000000 -0.185694 99.282269 -3.263035 9.250367 0.004681 
1469 14.125770 0.000000 -0.392504 99.207093 -1.805539 9.652494 0.006152 
1470 14.348350 0.000000 -0.185694 99.305490 -3.025848 9.246741 0.004376 
1471 14.570930 0.000000 0.227927 99.021313 -10.424828 12.542077 -0.007120 
1472 14.570930 0.000000 0.021117 99.358469 -5.342065 9.360108 0.001175 
1473 14.793510 0.000000 0.227927 99.075577 -9.511883 11.646917 -0.004210 
1474 20.135424 0.000000 -2.046988 99.148415 0.219327 12.182578 0.002113 
1475 20.135424 0.000000 -2.874230 99.089131 0.316083 12.540434 0.002398 
1476 21.025743 0.000000 -2.046988 99.152156 0.249167 12.238977 0.001900 
1477 21.916062 0.000000 -0.392504 99.318720 -0.145775 11.351772 0.000691 
1478 21.916062 0.000000 -1.219746 99.226416 0.117510 11.904103 0.001240 
1479 22.806381 0.000000 -0.392504 99.311498 -0.088434 11.486892 0.000527 
1480 31.709572 0.000000 -4.528713 99.058474 0.386590 13.457549 0.000616 
1481 31.709572 0.000000 -6.183197 99.025972 0.360044 13.656739 0.000722 
1482 33.490210 0.000000 -4.528713 99.057577 0.385095 13.501917 0.000515 
1483 35.270848 0.000000 -4.528713 99.056098 0.382971 13.542555 0.000434 
1484 35.270848 0.000000 -6.183197 99.028208 0.353932 13.716444 0.000515 
1485 37.051486 0.000000 -4.528713 99.054494 0.380448 13.581682 0.000360 
1486 38.832124 0.000000 -1.219746 99.142770 0.379517 13.026348 0.000088 
1487 38.832124 0.000000 -2.874230 99.088201 0.396867 13.386666 0.000217 
1488 40.612762 0.000000 -1.219746 99.132316 0.504825 13.109037 0.000068 
1489 35.270848 0.000000 8.707156 99.214654 -0.548129 12.654885 -0.000399 
1490 33.490210 0.000000 8.707156 99.201278 -0.537389 12.758596 -0.000396 
1491 35.270848 0.000000 10.361640 99.138258 -0.487372 13.204043 -0.000298 
1492 42.393400 0.000000 -1.219746 99.124239 0.503881 13.174233 0.000057 
1493 42.393400 0.000000 -2.874230 99.077875 0.474795 13.483441 0.000155 
1494 44.174038 0.000000 -1.219746 99.116628 0.501868 13.234753 0.000048 
1495 52.186910 0.000000 7.879914 99.997066 0.091657 7.184312 -0.005104 
1496 51.296591 0.000000 7.879914 99.909159 -0.052054 7.794621 -0.004260 
1497 52.186910 0.000000 8.707156 99.565574 -0.330408 10.181838 -0.001708 
1498 10.675784 0.000000 -0.082288 96.640410 -8.948346 5.534926 0.054992 
1499 10.675784 0.000000 -0.185694 96.399504 -5.529274 5.764318 0.064334 
1500 10.787074 0.000000 -0.082288 96.615683 -8.904163 5.720367 0.055340 
1501 10.898364 0.000000 -0.082288 96.662910 -8.935360 5.974786 0.054074 
1502 10.898364 0.000000 -0.185694 96.579488 -5.696798 6.310650 0.060012 
1503 11.009654 0.000000 -0.082288 96.887741 -9.239726 6.737122 0.048200 
1504 23.696700 0.000000 -0.392504 99.303512 -0.042231 11.579632 0.000472 
1505 23.696700 0.000000 -1.219746 99.223183 0.168421 12.072320 0.000899 
1506 24.587019 0.000000 -0.392504 99.295566 -0.001280 11.688210 0.000378 
1 6 17 15 16 
2 16 15 18 4 
3 1 30 28 29 
4 29 28 17 6 
5 17 33 31 32 
6 32 31 34 15 
7 28 46 44 45 
8 45 44 33 17 
9 33 49 47 48 
10 48 47 50 31 
11 44 62 60 61 
12 61 60 49 33 
13 49 65 63 64 
14 64 63 66 47 
15 60 95 93 94 
16 94 93 65 49 
17 147 149 126 150 
18 148 147 150 124 
19 159 148 124 161 
20 160 159 161 125 
21 137 164 162 163 
22 163 162 165 140 
23 7 168 166 167 
24 168 21 169 166 
25 166 169 19 37 
26 167 166 37 20 
27 20 172 170 171 
28 172 37 173 170 
29 170 173 35 53 
30 171 170 53 36 
31 36 176 174 175 
32 176 53 177 174 
33 174 177 51 69 
34 175 174 69 52 
35 69 180 178 179 
36 180 51 181 178 
37 178 181 70 90 
38 179 178 90 67 
39 67 184 182 183 
40 184 90 185 182 
41 182 185 88 113 
42 183 182 113 89 
43 113 188 186 187 
44 188 88 189 186 
45 186 189 114 130 
46 187 186 130 111 
47 111 192 190 191 
48 192 130 193 190 
49 89 201 199 200 
50 201 113 187 199 
51 199 187 111 139 
52 200 199 139 112 
53 139 204 202 203 
54 204 111 191 202 
55 203 202 164 137 
56 164 207 205 206 
57 206 205 208 162 
58 115 155 209 210 
59 209 211 147 212 
60 210 209 212 148 
61 213 215 155 216 
62 214 213 216 115 
63 140 165 222 223 
64 165 115 210 222 
65 222 210 148 224 
66 223 222 224 159 
67 162 208 225 226 
68 225 214 115 227 
69 226 225 227 165 
70 205 230 228 229 
71 229 228 231 208 
72 232 234 213 235 
73 233 232 235 214 
74 191 243 241 242 
75 243 190 244 241 
76 241 244 153 196 
77 242 241 196 129 
78 129 247 245 246 
79 247 196 248 245 
80 245 248 194 219 
81 246 245 219 195 
82 195 251 249 250 
83 251 219 252 249 
84 249 252 217 238 
85 250 249 238 218 
86 266 197 267 265 
87 270 220 271 269 
88 269 271 198 272 
89 238 275 273 274 
90 275 217 276 273 
91 273 276 239 277 
92 274 273 277 236 
93 208 231 278 279 
94 278 233 214 280 
95 279 278 280 225 
96 228 283 281 282 
97 282 281 284 231 
98 218 287 285 286 
99 287 238 274 285 
100 286 285 288 237 
101 152 240 289 290 
102 240 221 291 289 
103 289 291 232 292 
104 290 289 292 233 
105 237 288 293 294 
106 288 236 295 293 
107 293 295 240 296 
108 294 293 296 152 
109 285 299 297 298 
110 299 274 300 297 
111 297 300 236 301 
112 298 297 301 288 
113 231 284 302 303 
114 284 152 290 302 
115 302 290 233 304 
116 303 302 304 278 
117 281 307 305 306 
118 307 237 294 305 
119 305 294 152 308 
120 306 305 308 284 
121 65 311 309 310 
122 310 309 312 63 
123 317 160 125 320 
124 318 317 320 156 
125 73 323 321 322 
126 323 136 318 321 
127 321 318 156 324 
128 322 321 324 157 
129 133 327 325 326 
130 136 330 328 329 
131 328 331 317 332 
132 329 328 332 318 
133 93 335 333 334 
134 334 333 311 65 
135 134 341 339 340 
136 341 133 326 339 
137 339 326 136 323 
138 340 339 323 73 
139 326 344 342 343 
140 344 325 345 342 
141 342 345 319 330 
142 343 342 330 136 
143 319 347 346 331 
144 347 57 348 346 
145 346 348 160 349 
146 331 346 349 317 
147 330 352 350 351 
148 352 319 353 350 
149 350 353 331 354 
150 351 350 354 328 
151 355 322 157 358 
152 356 355 358 313 
153 336 361 359 360 
154 361 134 340 359 
155 364 73 365 362 
156 362 365 322 366 
157 363 362 366 355 
158 311 369 367 368 
159 369 5 314 367 
160 367 314 72 370 
161 368 367 370 309 
162 5 373 371 372 
163 373 315 356 371 
164 371 356 313 374 
165 372 371 374 314 
166 315 377 375 376 
167 377 357 363 375 
168 375 363 355 378 
169 376 375 378 356 
170 359 381 379 380 
171 381 340 382 379 
172 379 382 73 364 
173 380 379 364 357 
174 357 385 383 384 
175 385 364 386 383 
176 383 386 362 387 
177 384 383 387 363 
178 388 389 132 390 
179 215 388 390 155 
180 391 392 215 393 
181 234 391 393 213 
182 221 272 394 291 
183 272 198 395 394 
184 394 395 234 396 
185 291 394 396 232 
186 239 399 397 398 
187 399 269 400 397 
188 397 400 272 401 
189 398 397 401 221 
190 403 264 404 402 
191 402 404 388 405 
192 392 402 405 215 
193 268 408 406 407 
194 408 151 409 406 
195 406 409 392 410 
196 407 406 410 391 
197 197 412 411 267 
198 412 261 413 411 
199 411 413 264 403 
200 151 415 414 409 
201 415 403 416 414 
202 414 416 402 417 
203 409 414 417 392 
204 421 422 149 423 
205 211 421 423 147 
206 424 426 260 427 
207 389 424 427 132 
208 264 429 428 404 
209 428 430 389 431 
210 404 428 431 388 
211 130 433 432 193 
212 433 114 434 432 
213 261 439 438 413 
214 439 263 440 438 
215 438 440 154 429 
216 413 438 429 264 
217 154 442 441 430 
218 442 425 443 441 
219 441 443 424 444 
220 430 441 444 389 
221 429 447 445 446 
222 447 154 448 445 
223 445 448 430 449 
224 446 445 449 428 
225 455 259 456 454 
226 454 456 92 457 
227 426 454 457 260 
228 459 131 460 458 
229 458 460 259 455 
230 257 463 461 462 
231 463 455 464 461 
232 461 464 454 465 
233 462 461 465 426 
234 466 467 418 468 
235 422 466 468 149 
236 259 470 469 456 
237 470 450 471 469 
238 456 469 472 92 
239 450 486 485 471 
240 486 452 487 485 
241 485 487 256 488 
242 471 485 488 453 
243 92 472 489 490 
244 472 453 491 489 
245 489 491 466 492 
246 490 489 492 422 
247 469 495 493 494 
248 495 471 496 493 
249 493 496 453 497 
250 494 493 497 472 
251 504 505 419 506 
252 467 504 506 418 
253 452 508 507 487 
254 508 481 509 507 
255 507 509 484 510 
256 256 510 511 512 
257 510 484 513 511 
258 511 513 504 514 
259 512 511 514 467 
260 487 517 515 516 
261 517 507 518 515 
262 515 518 510 519 
263 516 515 519 256 
264 520 522 501 523 
265 505 520 523 419 
266 484 525 524 513 
267 525 123 526 524 
268 524 526 505 527 
269 513 524 527 504 
270 123 532 531 526 
271 532 521 533 531 
272 531 533 520 534 
273 526 531 534 505 
274 539 541 502 542 
275 522 539 542 501 
276 544 480 545 543 
277 543 545 522 546 
278 533 543 546 520 
279 528 555 553 554 
280 555 530 556 553 
281 553 556 480 544 
282 554 553 544 521 
283 521 559 557 558 
284 559 544 560 557 
285 557 560 543 561 
286 558 557 561 533 
287 480 563 562 545 
288 563 540 564 562 
289 562 564 539 565 
290 545 562 565 522 
291 566 568 535 569 
292 541 566 569 502 
293 540 571 570 564 
294 571 41 572 570 
295 570 572 541 573 
296 564 570 573 539 
297 575 547 576 574 
298 41 578 577 572 
299 578 567 579 577 
300 577 579 566 580 
301 572 577 580 541 
302 536 598 597 568 
303 598 476 599 597 
304 568 597 600 535 
305 567 602 601 579 
306 602 536 603 601 
307 601 603 568 604 
308 579 601 604 566 
309 476 618 617 599 
310 618 594 619 617 
311 11 27 621 622 
312 27 10 623 621 
313 621 623 14 624 
314 622 621 624 9 
315 24 43 625 626 
316 43 23 627 625 
317 625 627 27 628 
318 626 625 628 11 
319 39 107 629 630 
320 107 42 631 629 
321 629 631 23 632 
322 630 629 632 43 
323 58 143 633 634 
324 143 105 635 633 
325 633 635 107 636 
326 634 633 636 39 
327 109 500 637 638 
328 500 141 639 637 
329 637 639 143 640 
330 638 637 640 58 
331 145 538 641 642 
332 538 498 643 641 
333 641 643 500 644 
334 642 641 644 109 
335 535 600 645 646 
336 600 537 647 645 
337 645 647 498 648 
338 646 645 648 538 
339 597 651 649 650 
340 651 599 652 649 
341 649 652 537 653 
342 650 649 653 600 
343 498 596 654 643 
344 596 499 655 654 
345 654 655 141 656 
346 643 654 656 500 
347 537 620 657 647 
348 620 593 658 657 
349 657 658 596 659 
350 647 657 659 498 
351 599 661 660 652 
352 661 617 662 660 
353 660 662 620 663 
354 652 660 663 537 
355 594 669 668 619 
356 669 119 670 668 
357 668 670 595 671 
358 617 673 672 662 
359 673 619 674 672 
360 672 674 593 675 
361 662 672 675 620 
362 593 671 676 658 
363 671 595 677 676 
364 676 677 499 678 
365 658 676 678 596 
366 619 680 679 674 
367 680 668 681 679 
368 679 681 671 682 
369 674 679 682 593 
370 141 592 683 639 
371 592 142 684 683 
372 683 684 105 685 
373 639 683 685 143 
374 499 667 686 655 
375 667 589 687 686 
376 686 687 592 688 
377 655 686 688 141 
378 689 691 667 692 
379 677 689 692 499 
380 694 611 695 693 
381 119 697 696 670 
382 697 665 698 696 
383 696 698 664 690 
384 670 696 690 595 
385 595 701 699 700 
386 701 690 702 699 
387 699 702 689 703 
388 700 699 703 677 
389 87 705 704 591 
390 705 586 706 704 
391 704 706 585 707 
392 591 704 707 142 
393 590 709 708 666 
394 709 87 710 708 
395 708 710 591 711 
396 666 708 711 589 
397 713 666 714 712 
398 712 714 589 715 
399 691 712 715 667 
400 690 717 716 702 
401 717 664 718 716 
402 716 718 691 719 
403 702 716 719 689 
404 665 721 720 698 
405 721 590 722 720 
406 720 722 666 713 
407 698 720 713 664 
408 664 724 723 718 
409 724 713 725 723 
410 723 725 712 726 
411 718 723 726 691 
412 732 605 733 731 
413 25 736 734 735 
414 736 728 737 734 
415 734 737 727 738 
416 735 734 738 587 
417 728 752 751 737 
418 752 582 753 751 
419 751 753 729 754 
420 737 751 754 727 
421 23 104 755 627 
422 104 26 756 755 
423 755 756 10 757 
424 627 755 757 27 
425 42 584 758 631 
426 584 102 759 758 
427 758 759 104 760 
428 631 758 760 23 
429 581 750 761 762 
430 750 583 763 761 
431 761 763 102 764 
432 762 761 764 584 
433 729 767 765 766 
434 767 747 768 765 
435 765 768 750 769 
436 766 765 769 581 
437 747 781 780 768 
438 781 749 782 780 
439 780 782 583 783 
440 768 780 783 750 
441 102 746 792 759 
442 746 103 793 792 
443 792 793 26 794 
444 759 792 794 104 
445 583 779 795 763 
446 779 743 796 795 
447 795 796 746 797 
448 763 795 797 102 
449 776 800 798 799 
450 800 778 801 798 
451 798 801 743 802 
452 799 798 802 779 
453 743 791 803 796 
454 791 745 804 803 
455 803 804 103 805 
456 796 803 805 746 
457 778 807 806 801 
458 807 788 808 806 
459 806 808 791 809 
460 801 806 809 743 
461 811 770 812 810 
462 12 814 813 790 
463 814 785 815 813 
464 813 815 784 816 
465 790 813 816 745 
466 788 818 817 808 
467 818 790 819 817 
468 817 819 745 820 
469 808 817 820 791 
470 10 101 821 623 
471 101 13 822 821 
472 821 822 3 823 
473 623 821 823 14 
474 26 742 824 756 
475 742 99 825 824 
476 824 825 101 826 
477 756 824 826 10 
478 827 828 742 829 
479 793 827 829 26 
480 745 816 830 804 
481 830 831 787 832 
482 804 830 832 103 
483 841 843 739 844 
484 831 841 844 787 
485 816 847 845 846 
486 847 784 848 845 
487 845 848 831 849 
488 846 845 849 830 
489 785 851 850 815 
490 851 740 852 850 
491 850 852 786 842 
492 815 850 842 784 
493 853 854 99 855 
494 828 853 855 742 
495 856 858 840 859 
496 843 856 859 739 
497 842 862 860 861 
498 862 786 863 860 
499 860 863 843 864 
500 861 860 864 841 
501 770 869 868 812 
502 869 772 870 868 
503 868 870 79 838 
504 740 872 871 852 
505 872 838 873 871 
506 871 873 837 857 
507 852 871 857 786 
508 786 875 874 863 
509 875 857 876 874 
510 874 876 856 877 
511 863 874 877 843 
512 837 883 882 858 
513 883 839 884 882 
514 858 882 885 840 
515 857 887 886 876 
516 887 837 888 886 
517 886 888 858 889 
518 876 886 889 856 
519 99 836 890 825 
520 836 100 891 890 
521 890 891 13 892 
522 825 890 892 101 
523 893 894 836 895 
524 854 893 895 99 
525 839 897 896 884 
526 897 878 898 896 
527 840 885 900 901 
528 885 741 902 900 
529 900 902 854 903 
530 901 900 903 853 
531 882 906 904 905 
532 906 884 907 904 
533 904 907 741 908 
534 905 904 908 885 
535 878 914 913 898 
536 914 880 915 913 
537 741 899 917 902 
538 899 881 918 917 
539 917 918 893 919 
540 902 917 919 854 
541 896 922 920 921 
542 922 898 923 920 
543 920 923 881 924 
544 921 920 924 899 
545 925 926 100 927 
546 894 925 927 836 
547 928 929 894 930 
548 918 928 930 893 
549 898 932 931 923 
550 932 913 933 931 
551 931 933 916 934 
552 923 931 934 881 
553 880 936 935 915 
554 936 909 937 935 
555 913 940 939 933 
556 940 915 941 939 
557 939 941 833 942 
558 933 939 942 916 
559 943 944 925 945 
560 929 943 945 894 
561 915 947 946 941 
562 947 935 948 946 
563 946 948 938 949 
564 941 946 949 833 
565 950 952 926 953 
566 944 950 953 925 
567 938 956 954 955 
568 956 912 957 954 
569 954 957 944 958 
570 955 954 958 943 
571 909 960 959 937 
572 960 911 961 959 
573 951 964 962 963 
574 964 835 965 962 
575 962 965 952 966 
576 963 962 966 950 
577 15 34 967 968 
578 34 11 622 967 
579 967 622 9 969 
580 968 967 969 18 
581 21 971 970 169 
582 971 2 972 970 
583 970 972 22 77 
584 169 970 77 19 
585 30 975 973 974 
586 975 7 167 973 
587 973 167 20 46 
588 974 973 46 28 
589 31 50 976 977 
590 50 24 626 976 
591 976 626 11 978 
592 977 976 978 34 
593 37 980 979 173 
594 980 19 981 979 
595 979 981 38 81 
596 173 979 81 35 
597 40 59 982 983 
598 59 39 630 982 
599 982 630 43 984 
600 983 982 984 24 
601 46 987 985 986 
602 987 20 171 985 
603 985 171 36 62 
604 986 985 62 44 
605 47 66 988 989 
606 66 40 983 988 
607 988 983 24 990 
608 989 988 990 50 
609 53 992 991 177 
610 992 35 993 991 
611 991 993 54 85 
612 177 991 85 51 
613 55 110 994 995 
614 110 58 634 994 
615 994 634 39 996 
616 995 994 996 59 
617 56 75 997 998 
618 75 55 995 997 
619 997 995 59 999 
620 998 997 999 40 
621 62 1002 1000 1001 
622 1002 36 175 1000 
623 1000 175 52 95 
624 1001 1000 95 60 
625 63 312 1003 1004 
626 312 56 998 1003 
627 1003 998 40 1005 
628 1004 1003 1005 66 
629 52 1008 1006 1007 
630 1008 69 179 1006 
631 1006 179 67 98 
632 1007 1006 98 68 
633 19 1010 1009 981 
634 1010 77 1011 1009 
635 1009 1011 76 771 
636 981 1009 771 38 
637 77 1013 1012 1011 
638 1013 22 1014 1012 
639 1012 1014 78 866 
640 1011 1012 866 76 
641 35 1016 1015 993 
642 1016 81 1017 1015 
643 1015 1017 80 606 
644 993 1015 606 54 
645 81 1019 1018 1017 
646 1019 38 1020 1018 
647 1018 1020 82 774 
648 1017 1018 774 80 
649 51 1022 1021 181 
650 1022 85 1023 1021 
651 1021 1023 84 117 
652 181 1021 117 70 
653 85 1025 1024 1023 
654 1025 54 1026 1024 
655 1024 1026 86 609 
656 1023 1024 609 84 
657 90 1028 1027 185 
658 1028 70 1029 1027 
659 1027 1029 91 121 
660 185 1027 121 88 
661 95 1032 1030 1031 
662 1032 52 1007 1030 
663 1030 1007 68 335 
664 1031 1030 335 93 
665 98 1035 1033 1034 
666 1035 67 183 1033 
667 1033 183 89 135 
668 1034 1033 135 96 
669 105 588 1036 635 
670 588 106 1037 1036 
671 1036 1037 42 1038 
672 635 1036 1038 107 
673 108 146 1039 1040 
674 146 109 638 1039 
675 1039 638 58 1041 
676 1040 1039 1041 110 
677 74 127 1042 1043 
678 127 108 1040 1042 
679 1042 1040 110 1044 
680 1043 1042 1044 55 
681 70 1046 1045 1029 
682 1046 117 1047 1045 
683 1045 1047 116 474 
684 1029 1045 474 91 
685 117 1049 1048 1047 
686 1049 84 1050 1048 
687 1048 1050 118 612 
688 1047 1048 612 116 
689 88 1052 1051 189 
690 1052 121 1053 1051 
691 1051 1053 120 254 
692 189 1051 254 114 
693 121 1055 1054 1053 
694 1055 91 1056 1054 
695 1054 1056 122 478 
696 1053 1054 478 120 
697 135 1059 1057 1058 
698 1059 89 200 1057 
699 1057 200 112 327 
700 1058 1057 327 133 
701 144 503 1060 1061 
702 503 145 642 1060 
703 1060 642 109 1062 
704 1061 1060 1062 146 
705 126 420 1063 1064 
706 420 144 1061 1063 
707 1063 1061 146 1065 
708 1064 1063 1065 108 
709 57 1067 1066 348 
710 1067 140 223 1066 
711 1066 223 159 1068 
712 348 1066 1068 160 
713 190 1070 1069 244 
714 1070 193 1071 1069 
715 1069 1071 128 262 
716 244 1069 262 153 
717 196 1073 1072 248 
718 1073 153 1074 1072 
719 1072 1074 197 266 
720 248 1072 266 194 
721 202 1077 1075 1076 
722 1077 191 242 1075 
723 1075 242 129 207 
724 1076 1075 207 164 
725 207 1080 1078 1079 
726 1080 129 246 1078 
727 1078 246 195 230 
728 1079 1078 230 205 
729 219 1082 1081 252 
730 1082 194 1083 1081 
731 1081 1083 220 270 
732 252 1081 270 217 
733 230 1086 1084 1085 
734 1086 195 250 1084 
735 1084 250 218 283 
736 1085 1084 283 228 
737 236 277 1087 295 
738 277 239 398 1087 
739 1087 398 221 1088 
740 295 1087 1088 240 
741 114 1090 1089 434 
742 1090 254 1091 1089 
743 254 1093 1092 1091 
744 1093 120 1094 1092 
745 1092 1094 255 482 
746 153 1096 1095 1074 
747 1096 262 1097 1095 
748 1095 1097 261 412 
749 1074 1095 412 197 
750 262 1099 1098 1097 
751 1099 128 1100 1098 
752 1098 1100 263 439 
753 1097 1098 439 261 
754 217 1102 1101 276 
755 1102 270 1103 1101 
756 1101 1103 269 399 
757 276 1101 399 239 
758 283 1106 1104 1105 
759 1106 218 286 1104 
760 1104 286 237 307 
761 1105 1104 307 281 
762 325 1108 1107 345 
763 1108 138 1109 1107 
764 1107 1109 57 347 
765 345 1107 347 319 
766 333 1112 1110 1111 
767 1112 97 337 1110 
768 1110 337 5 369 
769 1111 1110 369 311 
770 337 1115 1113 1114 
771 1115 336 360 1113 
772 1113 360 315 373 
773 1114 1113 373 5 
774 360 1118 1116 1117 
775 1118 359 380 1116 
776 1116 380 357 377 
777 1117 1116 377 315 
778 198 1120 1119 395 
779 1120 268 407 1119 
780 1119 407 391 1121 
781 395 1119 1121 234 
782 260 457 1122 1123 
783 457 92 490 1122 
784 1122 490 422 1124 
785 1123 1122 1124 421 
786 425 1126 1125 443 
787 1126 257 462 1125 
788 1125 462 426 1127 
789 443 1125 1127 424 
790 193 1129 1128 1071 
791 1129 432 1130 1128 
792 1128 1130 258 436 
793 1071 1128 436 128 
794 263 1132 1131 440 
795 1132 435 1133 1131 
796 1131 1133 425 442 
797 440 1131 442 154 
798 131 1135 1134 460 
799 1135 451 1136 1134 
800 1134 1136 450 470 
801 460 1134 470 259 
802 451 1138 1137 1136 
803 1138 253 1139 1137 
804 1137 1139 452 486 
805 1136 1137 486 450 
806 453 488 1140 491 
807 488 256 512 1140 
808 1140 512 467 1141 
809 491 1140 1141 466 
810 91 1143 1142 1056 
811 1143 474 1144 1142 
812 1142 1144 473 548 
813 1056 1142 548 122 
814 474 1146 1145 1144 
815 1146 116 1147 1145 
816 1145 1147 475 615 
817 1144 1145 615 473 
818 120 1149 1148 1094 
819 1149 478 1150 1148 
820 1148 1150 477 529 
821 1094 1148 529 255 
822 478 1152 1151 1150 
823 1152 122 1153 1151 
824 1151 1153 479 551 
825 1150 1151 551 477 
826 253 1155 1154 1139 
827 1155 482 1156 1154 
828 1154 1156 481 508 
829 1139 1154 508 452 
830 481 1158 1157 509 
831 1158 483 1159 1157 
832 1157 1159 123 525 
833 509 1157 525 484 
834 483 1161 1160 1159 
835 1161 528 554 1160 
836 1160 554 521 532 
837 1159 1160 532 123 
838 502 569 1162 1163 
839 569 535 646 1162 
840 1162 646 538 1164 
841 1163 1162 1164 145 
842 122 1166 1165 1153 
843 1166 548 1167 1165 
844 1165 1167 547 575 
845 1153 1165 575 479 
846 547 1169 1168 576 
847 1169 549 1170 1168 
848 1168 1170 476 598 
849 576 1168 598 536 
850 530 1172 1171 556 
851 1172 550 1173 1171 
852 1171 1173 540 563 
853 556 1171 563 480 
854 106 730 1174 1037 
855 730 581 762 1174 
856 1174 762 584 1175 
857 1037 1174 1175 42 
858 586 1177 1176 706 
859 1177 25 735 1176 
860 1176 735 587 1178 
861 706 1176 1178 585 
862 142 707 1179 684 
863 707 585 1180 1179 
864 1179 1180 588 1181 
865 684 1179 1181 105 
866 589 711 1182 687 
867 711 591 1183 1182 
868 1182 1183 142 1184 
869 687 1182 1184 592 
870 54 1186 1185 1026 
871 1186 606 1187 1185 
872 1185 1187 605 732 
873 1026 1185 732 86 
874 605 1189 1188 733 
875 1189 607 1190 1188 
876 1188 1190 83 748 
877 118 1192 1191 613 
878 1192 608 1193 1191 
879 1191 1193 586 705 
880 613 1191 705 87 
881 116 1195 1194 1147 
882 1195 612 1196 1194 
883 1194 1196 611 694 
884 1147 1194 694 475 
885 611 1198 1197 695 
886 1198 613 1199 1197 
887 1197 1199 87 709 
888 695 1197 709 590 
889 549 1201 1200 1170 
890 1201 614 1202 1200 
891 1200 1202 594 618 
892 1170 1200 618 476 
893 727 754 1203 1204 
894 754 729 766 1203 
895 1203 766 581 1205 
896 1204 1203 1205 730 
897 587 738 1206 1207 
898 738 727 1204 1206 
899 1206 1204 730 1208 
900 1207 1206 1208 106 
901 582 1210 1209 753 
902 1210 748 1211 1209 
903 1209 1211 747 767 
904 753 1209 767 729 
905 748 1213 1212 1211 
906 1213 83 1214 1212 
907 1212 1214 749 781 
908 1211 1212 781 747 
909 38 1216 1215 1020 
910 1216 771 1217 1215 
911 1215 1217 770 811 
912 1020 1215 811 82 
913 771 1219 1218 1217 
914 1219 76 1220 1218 
915 1218 1220 772 869 
916 1217 1218 869 770 
917 607 1222 1221 1190 
918 1222 773 1223 1221 
919 1221 1223 744 777 
920 1190 1221 777 83 
921 749 1225 1224 782 
922 1225 776 799 1224 
923 1224 799 779 1226 
924 782 1224 1226 583 
925 838 1228 1227 873 
926 1228 79 1229 1227 
927 1227 1229 839 883 
928 873 1227 883 837 
929 784 1231 1230 848 
930 1231 842 861 1230 
931 1230 861 841 1232 
932 848 1230 1232 831 
933 739 859 1233 1234 
934 859 840 901 1233 
935 1233 901 853 1235 
936 1234 1233 1235 828 
937 772 1237 1236 870 
938 1237 865 1238 1236 
939 1236 1238 834 879 
940 870 1236 879 79 
941 79 1240 1239 1229 
942 1240 879 1241 1239 
943 1239 1241 878 897 
944 1229 1239 897 839 
945 879 1243 1242 1241 
946 1243 834 1244 1242 
947 1242 1244 880 914 
948 1241 1242 914 878 
949 884 1246 1245 907 
950 1246 896 921 1245 
951 1245 921 899 1247 
952 907 1245 1247 741 
953 865 1249 1248 1238 
954 1249 867 1250 1248 
955 1248 1250 8 910 
956 1238 1248 910 834 
957 834 1252 1251 1244 
958 1252 910 1253 1251 
959 1251 1253 909 936 
960 1244 1251 936 880 
961 910 1255 1254 1253 
962 1255 8 1256 1254 
963 1254 1256 911 960 
964 1253 1254 960 909 
965 935 1258 1257 948 
966 1258 937 1259 1257 
967 1257 1259 912 956 
968 948 1257 956 938 
969 833 949 1260 1261 
970 949 938 955 1260 
971 1260 955 943 1262 
972 1261 1260 1262 929 
973 912 1264 1263 957 
974 1264 951 963 1263 
975 1263 963 950 1265 
976 957 1263 1265 944 
977 937 1267 1266 1259 
978 1267 959 1268 1266 
979 1266 1268 951 1264 
980 1259 1266 1264 912 
981 71 158 1269 1270 
982 158 74 1043 1269 
983 1269 1043 55 1271 
984 1270 1269 1271 75 
985 72 316 1272 1273 
986 316 71 1270 1272 
987 1272 1270 75 1274 
988 1273 1272 1274 56 
989 68 1277 1275 1276 
990 1277 98 1034 1275 
991 1275 1034 96 338 
992 1276 1275 338 97 
993 124 150 1278 1279 
994 150 126 1064 1278 
995 1278 1064 108 1280 
996 1279 1278 1280 127 
997 125 161 1281 1282 
998 161 124 1279 1281 
999 1281 1279 127 1283 
1000 1282 1281 1283 74 
1001 96 1286 1284 1285 
1002 1286 135 1058 1284 
1003 1284 1058 133 341 
1004 1285 1284 341 134 
1005 138 1288 1287 1109 
1006 1288 137 163 1287 
1007 1287 163 140 1067 
1008 1109 1287 1067 57 
1009 156 320 1289 1290 
1010 320 125 1282 1289 
1011 1289 1282 74 1291 
1012 1290 1289 1291 158 
1013 157 324 1292 1293 
1014 324 156 1290 1292 
1015 1292 1290 158 1294 
1016 1293 1292 1294 71 
1017 220 1296 1295 271 
1018 1296 265 1297 1295 
1019 1295 1297 268 1120 
1020 271 1295 1120 198 
1021 309 370 1298 1299 
1022 370 72 1273 1298 
1023 1298 1273 56 1300 
1024 1299 1298 1300 312 
1025 313 358 1301 1302 
1026 358 157 1293 1301 
1027 1301 1293 71 1303 
1028 1302 1301 1303 316 
1029 314 374 1304 1305 
1030 374 313 1302 1304 
1031 1304 1302 316 1306 
1032 1305 1304 1306 72 
1033 335 1309 1307 1308 
1034 1309 68 1276 1307 
1035 1307 1276 97 1112 
1036 1308 1307 1112 333 
1037 338 1312 1310 1311 
1038 1312 96 1285 1310 
1039 1310 1285 134 361 
1040 1311 1310 361 336 
1041 132 427 1313 1314 
1042 427 260 1123 1313 
1043 1313 1123 421 1315 
1044 1314 1313 1315 211 
1045 432 1317 1316 1130 
1046 1317 434 1318 1316 
1047 1316 1318 131 459 
1048 1130 1316 459 258 
1049 128 1320 1319 1100 
1050 1320 436 1321 1319 
1051 1319 1321 435 1132 
1052 1100 1319 1132 263 
1053 435 1323 1322 1133 
1054 1323 437 1324 1322 
1055 1322 1324 257 1126 
1056 1133 1322 1126 425 
1057 437 1326 1325 1324 
1058 1326 458 1327 1325 
1059 1325 1327 455 463 
1060 1324 1325 463 257 
1061 482 1329 1328 1156 
1062 1329 255 1330 1328 
1063 1328 1330 483 1158 
1064 1156 1328 1158 481 
1065 501 542 1331 1332 
1066 542 502 1163 1331 
1067 1331 1163 145 1333 
1068 1332 1331 1333 503 
1069 419 523 1334 1335 
1070 523 501 1332 1334 
1071 1334 1332 503 1336 
1072 1335 1334 1336 144 
1073 255 1338 1337 1330 
1074 1338 529 1339 1337 
1075 1337 1339 528 1161 
1076 1330 1337 1161 483 
1077 529 1341 1340 1339 
1078 1341 477 1342 1340 
1079 1340 1342 530 555 
1080 1339 1340 555 528 
1081 548 1344 1343 1167 
1082 1344 473 1345 1343 
1083 1343 1345 549 1169 
1084 1167 1343 1169 547 
1085 477 1347 1346 1342 
1086 1347 551 1348 1346 
1087 1346 1348 550 1172 
1088 1342 1346 1172 530 
1089 550 1350 1349 1173 
1090 1350 552 1351 1349 
1091 1349 1351 41 571 
1092 1173 1349 571 540 
1093 552 1353 1352 1351 
1094 1353 574 1354 1352 
1095 1352 1354 567 578 
1096 1351 1352 578 41 
1097 585 1178 1355 1180 
1098 1178 587 1207 1355 
1099 1355 1207 106 1356 
1100 1180 1355 1356 588 
1101 606 1358 1357 1187 
1102 1358 80 1359 1357 
1103 1357 1359 607 1189 
1104 1187 1357 1189 605 
1105 84 1361 1360 1050 
1106 1361 609 1362 1360 
1107 1360 1362 608 1192 
1108 1050 1360 1192 118 
1109 608 1364 1363 1193 
1110 1364 610 1365 1363 
1111 1363 1365 25 1177 
1112 1193 1363 1177 586 
1113 612 1367 1366 1196 
1114 1367 118 1368 1366 
1115 1366 1368 613 1198 
1116 1196 1366 1198 611 
1117 473 1370 1369 1345 
1118 1370 615 1371 1369 
1119 1369 1371 614 1201 
1120 1345 1369 1201 549 
1121 614 1373 1372 1202 
1122 1373 616 1374 1372 
1123 1372 1374 119 669 
1124 1202 1372 669 594 
1125 616 1376 1375 1374 
1126 1376 693 1377 1375 
1127 1375 1377 665 697 
1128 1374 1375 697 119 
1129 610 1379 1378 1365 
1130 1379 731 1380 1378 
1131 1378 1380 728 736 
1132 1365 1378 736 25 
1133 80 1382 1381 1359 
1134 1382 774 1383 1381 
1135 1381 1383 773 1222 
1136 1359 1381 1222 607 
1137 773 1385 1384 1223 
1138 1385 775 1386 1384 
1139 1384 1386 12 789 
1140 1223 1384 789 744 
1141 83 1388 1387 1214 
1142 1388 777 1389 1387 
1143 1387 1389 776 1225 
1144 1214 1387 1225 749 
1145 777 1391 1390 1389 
1146 1391 744 1392 1390 
1147 1390 1392 778 800 
1148 1389 1390 800 776 
1149 744 1394 1393 1392 
1150 1394 789 1395 1393 
1151 1393 1395 788 807 
1152 1392 1393 807 778 
1153 789 1397 1396 1395 
1154 1397 12 1398 1396 
1155 1396 1398 790 818 
1156 1395 1396 818 788 
1157 775 1400 1399 1386 
1158 1400 810 1401 1399 
1159 1399 1401 785 814 
1160 1386 1399 814 12 
1161 787 844 1402 1403 
1162 844 739 1234 1402 
1163 1402 1234 828 1404 
1164 1403 1402 1404 827 
1165 76 1406 1405 1220 
1166 1406 866 1407 1405 
1167 1405 1407 865 1237 
1168 1220 1405 1237 772 
1169 866 1409 1408 1407 
1170 1409 78 1410 1408 
1171 1408 1410 867 1249 
1172 1407 1408 1249 865 
1173 916 942 1411 1412 
1174 942 833 1261 1411 
1175 1411 1261 929 1413 
1176 1412 1411 1413 928 
1177 959 1415 1414 1268 
1178 1415 961 1416 1414 
1179 1414 1416 835 964 
1180 1268 1414 964 951 
1181 434 1418 1417 1318 
1182 1418 1089 1419 1417 
1183 1417 1419 451 1135 
1184 1318 1417 1135 131 
1185 112 1422 1420 1421 
1186 1422 139 203 1420 
1187 1420 203 137 1288 
1188 1421 1420 1288 138 
1189 155 390 1423 1424 
1190 390 132 1314 1423 
1191 1423 1314 211 1425 
1192 1424 1423 1425 209 
1193 194 1427 1426 1083 
1194 1427 266 1428 1426 
1195 1426 1428 265 1296 
1196 1083 1426 1296 220 
1197 265 1430 1429 1297 
1198 1430 267 1431 1429 
1199 1429 1431 151 408 
1200 1297 1429 408 268 
1201 327 1434 1432 1433 
1202 1434 112 1421 1432 
1203 1432 1421 138 1108 
1204 1433 1432 1108 325 
1205 97 1437 1435 1436 
1206 1437 338 1311 1435 
1207 1435 1311 336 1115 
1208 1436 1435 1115 337 
1209 267 1439 1438 1431 
1210 1439 411 1440 1438 
1211 1438 1440 403 415 
1212 1431 1438 415 151 
1213 418 506 1441 1442 
1214 506 419 1335 1441 
1215 1441 1335 144 1443 
1216 1442 1441 1443 420 
1217 149 468 1444 1445 
1218 468 418 1442 1444 
1219 1444 1442 420 1446 
1220 1445 1444 1446 126 
1221 436 1448 1447 1321 
1222 1448 258 1449 1447 
1223 1447 1449 437 1323 
1224 1321 1447 1323 435 
1225 258 1451 1450 1449 
1226 1451 459 1452 1450 
1227 1450 1452 458 1326 
1228 1449 1450 1326 437 
1229 551 1454 1453 1348 
1230 1454 479 1455 1453 
1231 1453 1455 552 1350 
1232 1348 1453 1350 550 
1233 479 1457 1456 1455 
1234 1457 575 1458 1456 
1235 1456 1458 574 1353 
1236 1455 1456 1353 552 
1237 574 1460 1459 1354 
1238 1460 576 1461 1459 
1239 1459 1461 536 602 
1240 1354 1459 602 567 
1241 609 1463 1462 1362 
1242 1463 86 1464 1462 
1243 1462 1464 610 1364 
1244 1362 1462 1364 608 
1245 615 1466 1465 1371 
1246 1466 475 1467 1465 
1247 1465 1467 616 1373 
1248 1371 1465 1373 614 
1249 475 1469 1468 1467 
1250 1469 694 1470 1468 
1251 1468 1470 693 1376 
1252 1467 1468 1376 616 
1253 693 1472 1471 1377 
1254 1472 695 1473 1471 
1255 1471 1473 590 721 
1256 1377 1471 721 665 
1257 86 1475 1474 1464 
1258 1475 732 1476 1474 
1259 1474 1476 731 1379 
1260 1464 1474 1379 610 
1261 731 1478 1477 1380 
1262 1478 733 1479 1477 
1263 1477 1479 582 752 
1264 1380 1477 752 728 
1265 774 1481 1480 1383 
1266 1481 82 1482 1480 
1267 1480 1482 775 1385 
1268 1383 1480 1385 773 
1269 82 1484 1483 1482 
1270 1484 811 1485 1483 
1271 1483 1485 810 1400 
1272 1482 1483 1400 775 
1273 810 1487 1486 1401 
1274 1487 812 1488 1486 
1275 1486 1488 740 851 
1276 1401 1486 851 785 
1277 103 832 1489 1490 
1278 832 787 1403 1489 
1279 1489 1403 827 1491 
1280 1490 1489 1491 793 
1281 812 1493 1492 1488 
1282 1493 868 1494 1492 
1283 1492 1494 838 872 
1284 1488 1492 872 740 
1285 881 934 1495 1496 
1286 934 916 1412 1495 
1287 1495 1412 928 1497 
1288 1496 1495 1497 918 
1289 1089 1499 1498 1419 
1290 1499 1091 1500 1498 
1291 1498 1500 253 1138 
1292 1419 1498 1138 451 
1293 1091 1502 1501 1500 
1294 1502 1092 1503 1501 
1295 1501 1503 482 1155 
1296 1500 1501 1155 253 
1297 733 1505 1504 1479 
1298 1505 1188 1506 1504 
1299 1504 1506 748 1210 
1300 1479 1504 1210 582 
