solid
 facet normal  -5.2484583131e-01 7.8479220562e-01 -3.2960286309e-01
   outer loop
     vertex -7.4014868308e-17 -7.4014868308e-17 0.0000000000e+00
     vertex 3.5426913434e-01 2.3692472604e-01 0.0000000000e+00
     vertex 3.6294040020e-01 2.1603170067e-01 -6.3554548659e-02
   endloop
 endfacet
 facet normal  -4.6245639861e-01 5.7953219931e-01 -6.7102645950e-01
   outer loop
     vertex 0.0000000000e+00 0.0000000000e+00 0.0000000000e+00
     vertex 3.6294040020e-01 2.1603170067e-01 -6.3554548659e-02
     vertex 3.8212334376e-01 1.6796726913e-01 -1.1828586394e-01
   endloop
 endfacet
 facet normal  -3.4483113334e-01 1.2981176402e-01 -9.2964530623e-01
   outer loop
     vertex -7.4014868308e-17 -3.7007434154e-17 1.8503717077e-17
     vertex 3.8212334376e-01 1.6796726913e-01 -1.1828586394e-01
     vertex 4.0145201843e-01 8.7616236731e-02 -1.3667528400e-01
   endloop
 endfacet
 facet normal  -3.2736619798e-01 2.6579365353e-02 -9.4452364171e-01
   outer loop
     vertex 0.0000000000e+00 0.0000000000e+00 0.0000000000e+00
     vertex 4.0145201843e-01 8.7616236731e-02 -1.3667528400e-01
     vertex 4.1028582470e-01 -1.4819112859e-17 -1.4220259249e-01
   endloop
 endfacet
 facet normal  -3.2736619798e-01 -2.6579365353e-02 -9.4452364171e-01
   outer loop
     vertex 4.1028582470e-01 -1.4819112859e-17 -1.4220259249e-01
     vertex 4.0145201843e-01 -8.7616236731e-02 -1.3667528400e-01
     vertex 0.0000000000e+00 3.7007434154e-17 0.0000000000e+00
   endloop
 endfacet
 facet normal  -3.4483113334e-01 -1.2981176402e-01 -9.2964530623e-01
   outer loop
     vertex 4.0145201843e-01 -8.7616236731e-02 -1.3667528400e-01
     vertex 3.8212334376e-01 -1.6796726913e-01 -1.1828586394e-01
     vertex 0.0000000000e+00 0.0000000000e+00 1.8503717077e-17
   endloop
 endfacet
 facet normal  -4.6245639861e-01 -5.7953219931e-01 -6.7102645950e-01
   outer loop
     vertex 3.8212334376e-01 -1.6796726913e-01 -1.1828586394e-01
     vertex 3.6294040020e-01 -2.1603170067e-01 -6.3554548659e-02
     vertex 0.0000000000e+00 0.0000000000e+00 1.8503717077e-17
   endloop
 endfacet
 facet normal  -5.2484583131e-01 -7.8479220562e-01 -3.2960286309e-01
   outer loop
     vertex 3.6294040020e-01 -2.1603170067e-01 -6.3554548659e-02
     vertex 3.5426913434e-01 -2.3692472604e-01 -1.4117724117e-17
     vertex 0.0000000000e+00 7.4014868308e-17 0.0000000000e+00
   endloop
 endfacet
 facet normal  -5.3818401166e-01 -8.0473653852e-01 2.5051361870e-01
   outer loop
     vertex 0.0000000000e+00 7.4014868308e-17 0.0000000000e+00
     vertex 3.5426913434e-01 -2.3692472604e-01 -1.4117724117e-17
     vertex 3.6294040020e-01 -2.2373706813e-01 6.0992000764e-02
   endloop
 endfacet
 facet normal  -4.4160948593e-01 -5.1634701545e-01 7.3373484419e-01
   outer loop
     vertex -7.4014868308e-17 0.0000000000e+00 0.0000000000e+00
     vertex 3.6294040020e-01 -2.2373706813e-01 6.0992000764e-02
     vertex 3.8212334376e-01 -1.7331026675e-01 1.0802411122e-01
   endloop
 endfacet
 facet normal  -3.6221592402e-01 -2.3670455865e-01 9.0153789510e-01
   outer loop
     vertex -7.4014868308e-17 0.0000000000e+00 -1.8503717077e-17
     vertex 3.8212334376e-01 -1.7331026675e-01 1.0802411122e-01
     vertex 4.0145201843e-01 -9.4933383133e-02 1.3636825465e-01
   endloop
 endfacet
 facet normal  -3.2735727850e-01 -2.7584702202e-02 9.4449790705e-01
   outer loop
     vertex -7.4014868308e-17 0.0000000000e+00 -3.7007434154e-17
     vertex 4.0145201843e-01 -9.4933383133e-02 1.3636825465e-01
     vertex 4.1028582470e-01 -1.5938793963e-17 1.4220259249e-01
   endloop
 endfacet
 facet normal  -3.2735727850e-01 2.7584702202e-02 9.4449790705e-01
   outer loop
     vertex 4.1028582470e-01 -1.5938793963e-17 1.4220259249e-01
     vertex 4.0145201843e-01 9.4933383133e-02 1.3636825465e-01
     vertex 0.0000000000e+00 -3.7007434154e-17 0.0000000000e+00
   endloop
 endfacet
 facet normal  -3.6221592402e-01 2.3670455865e-01 9.0153789510e-01
   outer loop
     vertex 4.0145201843e-01 9.4933383133e-02 1.3636825465e-01
     vertex 3.8212334376e-01 1.7331026675e-01 1.0802411122e-01
     vertex -7.4014868308e-17 -3.7007434154e-17 -1.8503717077e-17
   endloop
 endfacet
 facet normal  -4.4160948593e-01 5.1634701545e-01 7.3373484419e-01
   outer loop
     vertex 3.8212334376e-01 1.7331026675e-01 1.0802411122e-01
     vertex 3.6294040020e-01 2.2373706813e-01 6.0992000764e-02
     vertex -7.4014868308e-17 0.0000000000e+00 0.0000000000e+00
   endloop
 endfacet
 facet normal  -5.3818401166e-01 8.0473653852e-01 2.5051361870e-01
   outer loop
     vertex 3.6294040020e-01 2.2373706813e-01 6.0992000764e-02
     vertex 3.5426913434e-01 2.3692472604e-01 0.0000000000e+00
     vertex -7.4014868308e-17 -7.4014868308e-17 0.0000000000e+00
   endloop
 endfacet
 facet normal  -3.2289715765e-01 9.1088876702e-01 -2.5694178268e-01
   outer loop
     vertex 3.5426913434e-01 2.3692472604e-01 0.0000000000e+00
     vertex 8.3557354168e-01 4.0754031680e-01 0.0000000000e+00
     vertex 8.4535700148e-01 3.7126858065e-01 -1.4088237421e-01
   endloop
 endfacet
 facet normal  -3.3686263023e-01 8.7986296265e-01 -3.3520849529e-01
   outer loop
     vertex 3.5426913434e-01 2.3692472604e-01 0.0000000000e+00
     vertex 8.4535700148e-01 3.7126858065e-01 -1.4088237421e-01
     vertex 3.6294040020e-01 2.1603170067e-01 -6.3554548659e-02
   endloop
 endfacet
 facet normal  -3.3571907166e-01 7.8084836196e-01 -5.2684773943e-01
   outer loop
     vertex 3.6294040020e-01 2.1603170067e-01 -6.3554548659e-02
     vertex 8.4535700148e-01 3.7126858065e-01 -1.4088237421e-01
     vertex 8.6719908903e-01 2.9873635558e-01 -2.6230165668e-01
   endloop
 endfacet
 facet normal  -3.7220316936e-01 6.2882076124e-01 -6.8267799947e-01
   outer loop
     vertex 3.6294040020e-01 2.1603170067e-01 -6.3554548659e-02
     vertex 8.6719908903e-01 2.9873635558e-01 -2.6230165668e-01
     vertex 3.8212334376e-01 1.6796726913e-01 -1.1828586394e-01
   endloop
 endfacet
 facet normal  -3.0141203810e-01 7.0884166058e-02 -9.5085551915e-01
   outer loop
     vertex 3.8212334376e-01 1.6796726913e-01 -1.1828586394e-01
     vertex 8.6719908903e-01 2.9873635558e-01 -2.6230165668e-01
     vertex 8.8947836993e-01 1.5297820674e-01 -2.8022992018e-01
   endloop
 endfacet
 facet normal  -2.9700475376e-01 1.4457164479e-01 -9.4386821949e-01
   outer loop
     vertex 3.8212334376e-01 1.6796726913e-01 -1.1828586394e-01
     vertex 8.8947836993e-01 1.5297820674e-01 -2.8022992018e-01
     vertex 4.0145201843e-01 8.7616236731e-02 -1.3667528400e-01
   endloop
 endfacet
 facet normal  -2.8150473038e-01 -5.5873771339e-03 -9.5954357274e-01
   outer loop
     vertex 4.0145201843e-01 8.7616236731e-02 -1.3667528400e-01
     vertex 8.8947836993e-01 1.5297820674e-01 -2.8022992018e-01
     vertex 8.9974945095e-01 -1.7811985986e-17 -2.8235239905e-01
   endloop
 endfacet
 facet normal  -2.7512259274e-01 3.2876524243e-02 -9.6084686247e-01
   outer loop
     vertex 4.0145201843e-01 8.7616236731e-02 -1.3667528400e-01
     vertex 8.9974945095e-01 -1.7811985986e-17 -2.8235239905e-01
     vertex 4.1028582470e-01 -1.4819112859e-17 -1.4220259249e-01
   endloop
 endfacet
 facet normal  -2.7512259274e-01 -3.2876524243e-02 -9.6084686247e-01
   outer loop
     vertex 4.1028582470e-01 -1.4819112859e-17 -1.4220259249e-01
     vertex 8.9974945095e-01 -1.7811985986e-17 -2.8235239905e-01
     vertex 4.0145201843e-01 -8.7616236731e-02 -1.3667528400e-01
   endloop
 endfacet
 facet normal  -2.8150473038e-01 5.5873771339e-03 -9.5954357274e-01
   outer loop
     vertex 8.9974945095e-01 -1.7811985986e-17 -2.8235239905e-01
     vertex 8.8947836993e-01 -1.5297820674e-01 -2.8022992018e-01
     vertex 4.0145201843e-01 -8.7616236731e-02 -1.3667528400e-01
   endloop
 endfacet
 facet normal  -2.9700475376e-01 -1.4457164479e-01 -9.4386821949e-01
   outer loop
     vertex 4.0145201843e-01 -8.7616236731e-02 -1.3667528400e-01
     vertex 8.8947836993e-01 -1.5297820674e-01 -2.8022992018e-01
     vertex 3.8212334376e-01 -1.6796726913e-01 -1.1828586394e-01
   endloop
 endfacet
 facet normal  -3.0141203810e-01 -7.0884166058e-02 -9.5085551915e-01
   outer loop
     vertex 8.8947836993e-01 -1.5297820674e-01 -2.8022992018e-01
     vertex 8.6719908903e-01 -2.9873635558e-01 -2.6230165668e-01
     vertex 3.8212334376e-01 -1.6796726913e-01 -1.1828586394e-01
   endloop
 endfacet
 facet normal  -3.7220316936e-01 -6.2882076124e-01 -6.8267799947e-01
   outer loop
     vertex 3.8212334376e-01 -1.6796726913e-01 -1.1828586394e-01
     vertex 8.6719908903e-01 -2.9873635558e-01 -2.6230165668e-01
     vertex 3.6294040020e-01 -2.1603170067e-01 -6.3554548659e-02
   endloop
 endfacet
 facet normal  -3.3571907166e-01 -7.8084836196e-01 -5.2684773943e-01
   outer loop
     vertex 8.6719908903e-01 -2.9873635558e-01 -2.6230165668e-01
     vertex 8.4535700148e-01 -3.7126858065e-01 -1.4088237421e-01
     vertex 3.6294040020e-01 -2.1603170067e-01 -6.3554548659e-02
   endloop
 endfacet
 facet normal  -3.3686263023e-01 -8.7986296265e-01 -3.3520849529e-01
   outer loop
     vertex 3.6294040020e-01 -2.1603170067e-01 -6.3554548659e-02
     vertex 8.4535700148e-01 -3.7126858065e-01 -1.4088237421e-01
     vertex 3.5426913434e-01 -2.3692472604e-01 -1.4117724117e-17
   endloop
 endfacet
 facet normal  -3.2289715765e-01 -9.1088876702e-01 -2.5694178268e-01
   outer loop
     vertex 8.4535700148e-01 -3.7126858065e-01 -1.4088237421e-01
     vertex 8.3557354168e-01 -4.0754031680e-01 -1.5707819760e-17
     vertex 3.5426913434e-01 -2.3692472604e-01 -1.4117724117e-17
   endloop
 endfacet
 facet normal  -3.3254127475e-01 -9.3809469846e-01 9.6925937275e-02
   outer loop
     vertex 3.5426913434e-01 -2.3692472604e-01 -1.4117724117e-17
     vertex 8.3557354168e-01 -4.0754031680e-01 -1.5707819760e-17
     vertex 8.4535700148e-01 -3.9734828590e-01 1.3220913518e-01
   endloop
 endfacet
 facet normal  -3.6015086112e-01 -8.9993365856e-01 2.4578601961e-01
   outer loop
     vertex 3.5426913434e-01 -2.3692472604e-01 -1.4117724117e-17
     vertex 8.4535700148e-01 -3.9734828590e-01 1.3220913518e-01
     vertex 3.6294040020e-01 -2.2373706813e-01 6.0992000764e-02
   endloop
 endfacet
 facet normal  -3.4029828411e-01 -6.7856163712e-01 6.5096173655e-01
   outer loop
     vertex 3.6294040020e-01 -2.2373706813e-01 6.0992000764e-02
     vertex 8.4535700148e-01 -3.9734828590e-01 1.3220913518e-01
     vertex 8.6719908903e-01 -3.1682034752e-01 2.2756957056e-01
   endloop
 endfacet
 facet normal  -3.5103918554e-01 -5.6375881116e-01 7.4762791083e-01
   outer loop
     vertex 3.6294040020e-01 -2.2373706813e-01 6.0992000764e-02
     vertex 8.6719908903e-01 -3.1682034752e-01 2.2756957056e-01
     vertex 3.8212334376e-01 -1.7331026675e-01 1.0802411122e-01
   endloop
 endfacet
 facet normal  -3.0845479237e-01 -2.8718467456e-01 9.0685202970e-01
   outer loop
     vertex 3.8212334376e-01 -1.7331026675e-01 1.0802411122e-01
     vertex 8.6719908903e-01 -3.1682034752e-01 2.2756957056e-01
     vertex 8.8947836993e-01 -1.7774393302e-01 2.7919074389e-01
   endloop
 endfacet
 facet normal  -3.1114543079e-01 -2.5441213186e-01 9.1567624631e-01
   outer loop
     vertex 3.8212334376e-01 -1.7331026675e-01 1.0802411122e-01
     vertex 8.8947836993e-01 -1.7774393302e-01 2.7919074389e-01
     vertex 4.0145201843e-01 -9.4933383133e-02 1.3636825465e-01
   endloop
 endfacet
 facet normal  -2.8100259944e-01 -8.3300172285e-04 9.5970664540e-01
   outer loop
     vertex 4.0145201843e-01 -9.4933383133e-02 1.3636825465e-01
     vertex 8.8947836993e-01 -1.7774393302e-01 2.7919074389e-01
     vertex 8.9974945095e-01 -1.4509691149e-17 2.8235239905e-01
   endloop
 endfacet
 facet normal  -2.7511736015e-01 -3.3449404477e-02 9.6082858798e-01
   outer loop
     vertex 4.0145201843e-01 -9.4933383133e-02 1.3636825465e-01
     vertex 8.9974945095e-01 -1.4509691149e-17 2.8235239905e-01
     vertex 4.1028582470e-01 -1.5938793963e-17 1.4220259249e-01
   endloop
 endfacet
 facet normal  -2.7511736015e-01 3.3449404477e-02 9.6082858798e-01
   outer loop
     vertex 4.1028582470e-01 -1.5938793963e-17 1.4220259249e-01
     vertex 8.9974945095e-01 -1.4509691149e-17 2.8235239905e-01
     vertex 4.0145201843e-01 9.4933383133e-02 1.3636825465e-01
   endloop
 endfacet
 facet normal  -2.8100259944e-01 8.3300172285e-04 9.5970664540e-01
   outer loop
     vertex 8.9974945095e-01 -1.4509691149e-17 2.8235239905e-01
     vertex 8.8947836993e-01 1.7774393302e-01 2.7919074389e-01
     vertex 4.0145201843e-01 9.4933383133e-02 1.3636825465e-01
   endloop
 endfacet
 facet normal  -3.1114543079e-01 2.5441213186e-01 9.1567624631e-01
   outer loop
     vertex 4.0145201843e-01 9.4933383133e-02 1.3636825465e-01
     vertex 8.8947836993e-01 1.7774393302e-01 2.7919074389e-01
     vertex 3.8212334376e-01 1.7331026675e-01 1.0802411122e-01
   endloop
 endfacet
 facet normal  -3.0845479237e-01 2.8718467456e-01 9.0685202970e-01
   outer loop
     vertex 8.8947836993e-01 1.7774393302e-01 2.7919074389e-01
     vertex 8.6719908903e-01 3.1682034752e-01 2.2756957056e-01
     vertex 3.8212334376e-01 1.7331026675e-01 1.0802411122e-01
   endloop
 endfacet
 facet normal  -3.5103918554e-01 5.6375881116e-01 7.4762791083e-01
   outer loop
     vertex 3.8212334376e-01 1.7331026675e-01 1.0802411122e-01
     vertex 8.6719908903e-01 3.1682034752e-01 2.2756957056e-01
     vertex 3.6294040020e-01 2.2373706813e-01 6.0992000764e-02
   endloop
 endfacet
 facet normal  -3.4029828411e-01 6.7856163712e-01 6.5096173655e-01
   outer loop
     vertex 8.6719908903e-01 3.1682034752e-01 2.2756957056e-01
     vertex 8.4535700148e-01 3.9734828590e-01 1.3220913518e-01
     vertex 3.6294040020e-01 2.2373706813e-01 6.0992000764e-02
   endloop
 endfacet
 facet normal  -3.6015086112e-01 8.9993365856e-01 2.4578601961e-01
   outer loop
     vertex 3.6294040020e-01 2.2373706813e-01 6.0992000764e-02
     vertex 8.4535700148e-01 3.9734828590e-01 1.3220913518e-01
     vertex 3.5426913434e-01 2.3692472604e-01 0.0000000000e+00
   endloop
 endfacet
 facet normal  -3.3254127475e-01 9.3809469846e-01 9.6925937275e-02
   outer loop
     vertex 8.4535700148e-01 3.9734828590e-01 1.3220913518e-01
     vertex 8.3557354168e-01 4.0754031680e-01 0.0000000000e+00
     vertex 3.5426913434e-01 2.3692472604e-01 0.0000000000e+00
   endloop
 endfacet
 facet normal  -1.9404589505e-01 9.5881665485e-01 -2.0740494930e-01
   outer loop
     vertex 8.3557354168e-01 4.0754031680e-01 0.0000000000e+00
     vertex 1.3897433819e+00 5.1969354453e-01 0.0000000000e+00
     vertex 1.3963034027e+00 4.7420381029e-01 -2.1643292544e-01
   endloop
 endfacet
 facet normal  -2.1146235236e-01 9.4287293306e-01 -2.5743796465e-01
   outer loop
     vertex 8.3557354168e-01 4.0754031680e-01 0.0000000000e+00
     vertex 1.3963034027e+00 4.7420381029e-01 -2.1643292544e-01
     vertex 8.4535700148e-01 3.7126858065e-01 -1.4088237421e-01
   endloop
 endfacet
 facet normal  -2.2063868025e-01 8.9295209050e-01 -3.9237117231e-01
   outer loop
     vertex 8.4535700148e-01 3.7126858065e-01 -1.4088237421e-01
     vertex 1.3963034027e+00 4.7420381029e-01 -2.1643292544e-01
     vertex 1.4112131624e+00 3.9504137707e-01 -4.0497361131e-01
   endloop
 endfacet
 facet normal  -2.8050898161e-01 8.0096480926e-01 -5.2893296887e-01
   outer loop
     vertex 8.4535700148e-01 3.7126858065e-01 -1.4088237421e-01
     vertex 1.4112131624e+00 3.9504137707e-01 -4.0497361131e-01
     vertex 8.6719908903e-01 2.9873635558e-01 -2.6230165668e-01
   endloop
 endfacet
 facet normal  -2.5872499333e-01 3.1233898161e-02 -9.6544591844e-01
   outer loop
     vertex 8.6719908903e-01 2.9873635558e-01 -2.6230165668e-01
     vertex 1.4112131624e+00 3.9504137707e-01 -4.0497361131e-01
     vertex 1.4267787122e+00 2.0024625838e-01 -4.1544691435e-01
   endloop
 endfacet
 facet normal  -2.4991175701e-01 8.0485685610e-02 -9.6491770018e-01
   outer loop
     vertex 8.6719908903e-01 2.9873635558e-01 -2.6230165668e-01
     vertex 1.4267787122e+00 2.0024625838e-01 -4.1544691435e-01
     vertex 8.8947836993e-01 1.5297820674e-01 -2.8022992018e-01
   endloop
 endfacet
 facet normal  -2.4160203904e-01 -2.8395498333e-02 -9.6995987051e-01
   outer loop
     vertex 8.8947836993e-01 1.5297820674e-01 -2.8022992018e-01
     vertex 1.4267787122e+00 2.0024625838e-01 -4.1544691435e-01
     vertex 1.4340701648e+00 -1.3395302684e-17 -4.1140090936e-01
   endloop
 endfacet
 facet normal  -2.3476807079e-01 -2.2759381818e-03 -9.7204875034e-01
   outer loop
     vertex 8.8947836993e-01 1.5297820674e-01 -2.8022992018e-01
     vertex 1.4340701648e+00 -1.3395302684e-17 -4.1140090936e-01
     vertex 8.9974945095e-01 -1.7811985986e-17 -2.8235239905e-01
   endloop
 endfacet
 facet normal  -2.3476807079e-01 2.2759381818e-03 -9.7204875034e-01
   outer loop
     vertex 8.9974945095e-01 -1.7811985986e-17 -2.8235239905e-01
     vertex 1.4340701648e+00 -1.3395302684e-17 -4.1140090936e-01
     vertex 8.8947836993e-01 -1.5297820674e-01 -2.8022992018e-01
   endloop
 endfacet
 facet normal  -2.4160203904e-01 2.8395498333e-02 -9.6995987051e-01
   outer loop
     vertex 1.4340701648e+00 -1.3395302684e-17 -4.1140090936e-01
     vertex 1.4267787122e+00 -2.0024625838e-01 -4.1544691435e-01
     vertex 8.8947836993e-01 -1.5297820674e-01 -2.8022992018e-01
   endloop
 endfacet
 facet normal  -2.4991175701e-01 -8.0485685610e-02 -9.6491770018e-01
   outer loop
     vertex 8.8947836993e-01 -1.5297820674e-01 -2.8022992018e-01
     vertex 1.4267787122e+00 -2.0024625838e-01 -4.1544691435e-01
     vertex 8.6719908903e-01 -2.9873635558e-01 -2.6230165668e-01
   endloop
 endfacet
 facet normal  -2.5872499333e-01 -3.1233898161e-02 -9.6544591844e-01
   outer loop
     vertex 1.4267787122e+00 -2.0024625838e-01 -4.1544691435e-01
     vertex 1.4112131624e+00 -3.9504137707e-01 -4.0497361131e-01
     vertex 8.6719908903e-01 -2.9873635558e-01 -2.6230165668e-01
   endloop
 endfacet
 facet normal  -2.8050898161e-01 -8.0096480926e-01 -5.2893296887e-01
   outer loop
     vertex 8.6719908903e-01 -2.9873635558e-01 -2.6230165668e-01
     vertex 1.4112131624e+00 -3.9504137707e-01 -4.0497361131e-01
     vertex 8.4535700148e-01 -3.7126858065e-01 -1.4088237421e-01
   endloop
 endfacet
 facet normal  -2.2063868025e-01 -8.9295209050e-01 -3.9237117231e-01
   outer loop
     vertex 1.4112131624e+00 -3.9504137707e-01 -4.0497361131e-01
     vertex 1.3963034027e+00 -4.7420381029e-01 -2.1643292544e-01
     vertex 8.4535700148e-01 -3.7126858065e-01 -1.4088237421e-01
   endloop
 endfacet
 facet normal  -2.1146235236e-01 -9.4287293306e-01 -2.5743796465e-01
   outer loop
     vertex 8.4535700148e-01 -3.7126858065e-01 -1.4088237421e-01
     vertex 1.3963034027e+00 -4.7420381029e-01 -2.1643292544e-01
     vertex 8.3557354168e-01 -4.0754031680e-01 -1.5707819760e-17
   endloop
 endfacet
 facet normal  -1.9404589505e-01 -9.5881665485e-01 -2.0740494930e-01
   outer loop
     vertex 1.3963034027e+00 -4.7420381029e-01 -2.1643292544e-01
     vertex 1.3897433819e+00 -5.1969354453e-01 -1.0239053345e-17
     vertex 8.3557354168e-01 -4.0754031680e-01 -1.5707819760e-17
   endloop
 endfacet
 facet normal  -1.9835580646e-01 -9.8011272421e-01 -5.8328288933e-03
   outer loop
     vertex 8.3557354168e-01 -4.0754031680e-01 -1.5707819760e-17
     vertex 1.3897433819e+00 -5.1969354453e-01 -1.0239053345e-17
     vertex 1.3963034027e+00 -5.2221417677e-01 2.0046628086e-01
   endloop
 endfacet
 facet normal  -2.3089987614e-01 -9.6864104604e-01 9.1759310798e-02
   outer loop
     vertex 8.3557354168e-01 -4.0754031680e-01 -1.5707819760e-17
     vertex 1.3963034027e+00 -5.2221417677e-01 2.0046628086e-01
     vertex 8.4535700148e-01 -3.9734828590e-01 1.3220913518e-01
   endloop
 endfacet
 facet normal  -2.4863408933e-01 -7.9308710125e-01 5.5605210139e-01
   outer loop
     vertex 8.4535700148e-01 -3.9734828590e-01 1.3220913518e-01
     vertex 1.3963034027e+00 -5.2221417677e-01 2.0046628086e-01
     vertex 1.4112131624e+00 -4.2833236225e-01 3.4103499823e-01
   endloop
 endfacet
 facet normal  -2.8045571703e-01 -7.0073741068e-01 6.5598145710e-01
   outer loop
     vertex 8.4535700148e-01 -3.9734828590e-01 1.3220913518e-01
     vertex 1.4112131624e+00 -4.2833236225e-01 3.4103499823e-01
     vertex 8.6719908903e-01 -3.1682034752e-01 2.2756957056e-01
   endloop
 endfacet
 facet normal  -2.5800917889e-01 -3.3761223965e-01 9.0523435598e-01
   outer loop
     vertex 8.6719908903e-01 -3.1682034752e-01 2.2756957056e-01
     vertex 1.4112131624e+00 -4.2833236225e-01 3.4103499823e-01
     vertex 1.4267787122e+00 -2.4583770904e-01 4.1353388527e-01
   endloop
 endfacet
 facet normal  -2.6689733880e-01 -2.9748319853e-01 9.1666218267e-01
   outer loop
     vertex 8.6719908903e-01 -3.1682034752e-01 2.2756957056e-01
     vertex 1.4267787122e+00 -2.4583770904e-01 4.1353388527e-01
     vertex 8.8947836993e-01 -1.7774393302e-01 2.7919074389e-01
   endloop
 endfacet
 facet normal  -2.4068071438e-01 1.5558726613e-02 9.7047963387e-01
   outer loop
     vertex 8.8947836993e-01 -1.7774393302e-01 2.7919074389e-01
     vertex 1.4267787122e+00 -2.4583770904e-01 4.1353388527e-01
     vertex 1.4340701648e+00 -5.1111913541e-18 4.1140090936e-01
   endloop
 endfacet
 facet normal  -2.3476705072e-01 -3.7242238569e-03 9.7204452679e-01
   outer loop
     vertex 8.8947836993e-01 -1.7774393302e-01 2.7919074389e-01
     vertex 1.4340701648e+00 -5.1111913541e-18 4.1140090936e-01
     vertex 8.9974945095e-01 -1.4509691149e-17 2.8235239905e-01
   endloop
 endfacet
 facet normal  -2.3476705072e-01 3.7242238569e-03 9.7204452679e-01
   outer loop
     vertex 8.9974945095e-01 -1.4509691149e-17 2.8235239905e-01
     vertex 1.4340701648e+00 -5.1111913541e-18 4.1140090936e-01
     vertex 8.8947836993e-01 1.7774393302e-01 2.7919074389e-01
   endloop
 endfacet
 facet normal  -2.4068071438e-01 -1.5558726613e-02 9.7047963387e-01
   outer loop
     vertex 1.4340701648e+00 -5.1111913541e-18 4.1140090936e-01
     vertex 1.4267787122e+00 2.4583770904e-01 4.1353388527e-01
     vertex 8.8947836993e-01 1.7774393302e-01 2.7919074389e-01
   endloop
 endfacet
 facet normal  -2.6689733880e-01 2.9748319853e-01 9.1666218267e-01
   outer loop
     vertex 8.8947836993e-01 1.7774393302e-01 2.7919074389e-01
     vertex 1.4267787122e+00 2.4583770904e-01 4.1353388527e-01
     vertex 8.6719908903e-01 3.1682034752e-01 2.2756957056e-01
   endloop
 endfacet
 facet normal  -2.5800917889e-01 3.3761223965e-01 9.0523435598e-01
   outer loop
     vertex 1.4267787122e+00 2.4583770904e-01 4.1353388527e-01
     vertex 1.4112131624e+00 4.2833236225e-01 3.4103499823e-01
     vertex 8.6719908903e-01 3.1682034752e-01 2.2756957056e-01
   endloop
 endfacet
 facet normal  -2.8045571703e-01 7.0073741068e-01 6.5598145710e-01
   outer loop
     vertex 8.6719908903e-01 3.1682034752e-01 2.2756957056e-01
     vertex 1.4112131624e+00 4.2833236225e-01 3.4103499823e-01
     vertex 8.4535700148e-01 3.9734828590e-01 1.3220913518e-01
   endloop
 endfacet
 facet normal  -2.4863408933e-01 7.9308710125e-01 5.5605210139e-01
   outer loop
     vertex 1.4112131624e+00 4.2833236225e-01 3.4103499823e-01
     vertex 1.3963034027e+00 5.2221417677e-01 2.0046628086e-01
     vertex 8.4535700148e-01 3.9734828590e-01 1.3220913518e-01
   endloop
 endfacet
 facet normal  -2.3089987614e-01 9.6864104604e-01 9.1759310798e-02
   outer loop
     vertex 8.4535700148e-01 3.9734828590e-01 1.3220913518e-01
     vertex 1.3963034027e+00 5.2221417677e-01 2.0046628086e-01
     vertex 8.3557354168e-01 4.0754031680e-01 0.0000000000e+00
   endloop
 endfacet
 facet normal  -1.9835580646e-01 9.8011272421e-01 -5.8328288933e-03
   outer loop
     vertex 1.3963034027e+00 5.2221417677e-01 2.0046628086e-01
     vertex 1.3897433819e+00 5.1969354453e-01 0.0000000000e+00
     vertex 8.3557354168e-01 4.0754031680e-01 0.0000000000e+00
   endloop
 endfacet
 facet normal  -1.0522046971e-01 9.7951713589e-01 -1.7168236148e-01
   outer loop
     vertex 1.3897433819e+00 5.1969354453e-01 0.0000000000e+00
     vertex 1.9626088147e+00 5.8123118151e-01 0.0000000000e+00
     vertex 1.9648332026e+00 5.3333055995e-01 -2.7465565111e-01
   endloop
 endfacet
 facet normal  -1.2220401438e-01 9.7053139703e-01 -2.0768963924e-01
   outer loop
     vertex 1.3897433819e+00 5.1969354453e-01 0.0000000000e+00
     vertex 1.9648332026e+00 5.3333055995e-01 -2.7465565111e-01
     vertex 1.3963034027e+00 4.7420381029e-01 -2.1643292544e-01
   endloop
 endfacet
 facet normal  -1.2824287247e-01 9.4877668103e-01 -2.8875002198e-01
   outer loop
     vertex 1.3963034027e+00 4.7420381029e-01 -2.1643292544e-01
     vertex 1.9648332026e+00 5.3333055995e-01 -2.7465565111e-01
     vertex 1.9701514905e+00 4.5961645135e-01 -5.1922796090e-01
   endloop
 endfacet
 facet normal  -1.8438968503e-01 9.0092581928e-01 -3.9285253240e-01
   outer loop
     vertex 1.3963034027e+00 4.7420381029e-01 -2.1643292544e-01
     vertex 1.9701514905e+00 4.5961645135e-01 -5.1922796090e-01
     vertex 1.4112131624e+00 3.9504137707e-01 -4.0497361131e-01
   endloop
 endfacet
 facet normal  -2.0338303500e-01 2.8814196047e-02 -9.7867516735e-01
   outer loop
     vertex 1.4112131624e+00 3.9504137707e-01 -4.0497361131e-01
     vertex 1.9701514905e+00 4.5961645135e-01 -5.1922796090e-01
     vertex 1.9760527030e+00 2.3358074001e-01 -5.2710927234e-01
   endloop
 endfacet
 facet normal  -2.0121257209e-01 3.6551069462e-02 -9.7886542495e-01
   outer loop
     vertex 1.4112131624e+00 3.9504137707e-01 -4.0497361131e-01
     vertex 1.9760527030e+00 2.3358074001e-01 -5.2710927234e-01
     vertex 1.4267787122e+00 2.0024625838e-01 -4.1544691435e-01
   endloop
 endfacet
 facet normal  -1.9731359699e-01 -3.0994142223e-02 -9.7985034959e-01
   outer loop
     vertex 1.4267787122e+00 2.0024625838e-01 -4.1544691435e-01
     vertex 1.9760527030e+00 2.3358074001e-01 -5.2710927234e-01
     vertex 1.9789272525e+00 -5.9857462540e-18 -5.2029961312e-01
   endloop
 endfacet
 facet normal  -1.9591916618e-01 -2.6939986054e-02 -9.8024992603e-01
   outer loop
     vertex 1.4267787122e+00 2.0024625838e-01 -4.1544691435e-01
     vertex 1.9789272525e+00 -5.9857462540e-18 -5.2029961312e-01
     vertex 1.4340701648e+00 -1.3395302684e-17 -4.1140090936e-01
   endloop
 endfacet
 facet normal  -1.9591916618e-01 2.6939986054e-02 -9.8024992603e-01
   outer loop
     vertex 1.4340701648e+00 -1.3395302684e-17 -4.1140090936e-01
     vertex 1.9789272525e+00 -5.9857462540e-18 -5.2029961312e-01
     vertex 1.4267787122e+00 -2.0024625838e-01 -4.1544691435e-01
   endloop
 endfacet
 facet normal  -1.9731359699e-01 3.0994142223e-02 -9.7985034959e-01
   outer loop
     vertex 1.9789272525e+00 -5.9857462540e-18 -5.2029961312e-01
     vertex 1.9760527030e+00 -2.3358074001e-01 -5.2710927234e-01
     vertex 1.4267787122e+00 -2.0024625838e-01 -4.1544691435e-01
   endloop
 endfacet
 facet normal  -2.0121257209e-01 -3.6551069462e-02 -9.7886542495e-01
   outer loop
     vertex 1.4267787122e+00 -2.0024625838e-01 -4.1544691435e-01
     vertex 1.9760527030e+00 -2.3358074001e-01 -5.2710927234e-01
     vertex 1.4112131624e+00 -3.9504137707e-01 -4.0497361131e-01
   endloop
 endfacet
 facet normal  -2.0338303500e-01 -2.8814196047e-02 -9.7867516735e-01
   outer loop
     vertex 1.9760527030e+00 -2.3358074001e-01 -5.2710927234e-01
     vertex 1.9701514905e+00 -4.5961645135e-01 -5.1922796090e-01
     vertex 1.4112131624e+00 -3.9504137707e-01 -4.0497361131e-01
   endloop
 endfacet
 facet normal  -1.8438968503e-01 -9.0092581928e-01 -3.9285253240e-01
   outer loop
     vertex 1.4112131624e+00 -3.9504137707e-01 -4.0497361131e-01
     vertex 1.9701514905e+00 -4.5961645135e-01 -5.1922796090e-01
     vertex 1.3963034027e+00 -4.7420381029e-01 -2.1643292544e-01
   endloop
 endfacet
 facet normal  -1.2824287247e-01 -9.4877668103e-01 -2.8875002198e-01
   outer loop
     vertex 1.9701514905e+00 -4.5961645135e-01 -5.1922796090e-01
     vertex 1.9648332026e+00 -5.3333055995e-01 -2.7465565111e-01
     vertex 1.3963034027e+00 -4.7420381029e-01 -2.1643292544e-01
   endloop
 endfacet
 facet normal  -1.2220401438e-01 -9.7053139703e-01 -2.0768963924e-01
   outer loop
     vertex 1.3963034027e+00 -4.7420381029e-01 -2.1643292544e-01
     vertex 1.9648332026e+00 -5.3333055995e-01 -2.7465565111e-01
     vertex 1.3897433819e+00 -5.1969354453e-01 -1.0239053345e-17
   endloop
 endfacet
 facet normal  -1.0522046971e-01 -9.7951713589e-01 -1.7168236148e-01
   outer loop
     vertex 1.9648332026e+00 -5.3333055995e-01 -2.7465565111e-01
     vertex 1.9626088147e+00 -5.8123118151e-01 -3.1801912861e-18
     vertex 1.3897433819e+00 -5.1969354453e-01 -1.0239053345e-17
   endloop
 endfacet
 facet normal  -1.0653187502e-01 -9.9172525447e-01 -7.1637833974e-02
   outer loop
     vertex 1.3897433819e+00 -5.1969354453e-01 -1.0239053345e-17
     vertex 1.9626088147e+00 -5.8123118151e-01 -3.1801912861e-18
     vertex 1.9648332026e+00 -5.9971526423e-01 2.5257831540e-01
   endloop
 endfacet
 facet normal  -1.3433918629e-01 -9.9090260124e-01 -8.0633669657e-03
   outer loop
     vertex 1.3897433819e+00 -5.1969354453e-01 -1.0239053345e-17
     vertex 1.9648332026e+00 -5.9971526423e-01 2.5257831540e-01
     vertex 1.3963034027e+00 -5.2221417677e-01 2.0046628086e-01
   endloop
 endfacet
 facet normal  -1.6127564867e-01 -8.7082255608e-01 4.6439018181e-01
   outer loop
     vertex 1.3963034027e+00 -5.2221417677e-01 2.0046628086e-01
     vertex 1.9648332026e+00 -5.9971526423e-01 2.5257831540e-01
     vertex 1.9701514905e+00 -5.0564843086e-01 4.3081901441e-01
   endloop
 endfacet
 facet normal  -2.0104857871e-01 -8.0462520185e-01 5.5871079598e-01
   outer loop
     vertex 1.3963034027e+00 -5.2221417677e-01 2.0046628086e-01
     vertex 1.9701514905e+00 -5.0564843086e-01 4.3081901441e-01
     vertex 1.4112131624e+00 -4.2833236225e-01 3.4103499823e-01
   endloop
 endfacet
 facet normal  -1.9878185240e-01 -3.9601034412e-01 8.9647174105e-01
   outer loop
     vertex 1.4112131624e+00 -4.2833236225e-01 3.4103499823e-01
     vertex 1.9701514905e+00 -5.0564843086e-01 4.3081901441e-01
     vertex 1.9760527030e+00 -2.9662077055e-01 5.2446409633e-01
   endloop
 endfacet
 facet normal  -2.1634232501e-01 -3.4446267185e-01 9.1353241109e-01
   outer loop
     vertex 1.4112131624e+00 -4.2833236225e-01 3.4103499823e-01
     vertex 1.9760527030e+00 -2.9662077055e-01 5.2446409633e-01
     vertex 1.4267787122e+00 -2.4583770904e-01 4.1353388527e-01
   endloop
 endfacet
 facet normal  -1.9654471494e-01 1.5668863922e-02 9.8036965566e-01
   outer loop
     vertex 1.4267787122e+00 -2.4583770904e-01 4.1353388527e-01
     vertex 1.9760527030e+00 -2.9662077055e-01 5.2446409633e-01
     vertex 1.9789272525e+00 2.8582056272e-18 5.2029961312e-01
   endloop
 endfacet
 facet normal  -1.9597020526e-01 1.4319616169e-02 9.8050529180e-01
   outer loop
     vertex 1.4267787122e+00 -2.4583770904e-01 4.1353388527e-01
     vertex 1.9789272525e+00 2.8582056272e-18 5.2029961312e-01
     vertex 1.4340701648e+00 -5.1111913541e-18 4.1140090936e-01
   endloop
 endfacet
 facet normal  -1.9597020526e-01 -1.4319616169e-02 9.8050529180e-01
   outer loop
     vertex 1.4340701648e+00 -5.1111913541e-18 4.1140090936e-01
     vertex 1.9789272525e+00 2.8582056272e-18 5.2029961312e-01
     vertex 1.4267787122e+00 2.4583770904e-01 4.1353388527e-01
   endloop
 endfacet
 facet normal  -1.9654471494e-01 -1.5668863922e-02 9.8036965566e-01
   outer loop
     vertex 1.9789272525e+00 2.8582056272e-18 5.2029961312e-01
     vertex 1.9760527030e+00 2.9662077055e-01 5.2446409633e-01
     vertex 1.4267787122e+00 2.4583770904e-01 4.1353388527e-01
   endloop
 endfacet
 facet normal  -2.1634232501e-01 3.4446267185e-01 9.1353241109e-01
   outer loop
     vertex 1.4267787122e+00 2.4583770904e-01 4.1353388527e-01
     vertex 1.9760527030e+00 2.9662077055e-01 5.2446409633e-01
     vertex 1.4112131624e+00 4.2833236225e-01 3.4103499823e-01
   endloop
 endfacet
 facet normal  -1.9878185240e-01 3.9601034412e-01 8.9647174105e-01
   outer loop
     vertex 1.9760527030e+00 2.9662077055e-01 5.2446409633e-01
     vertex 1.9701514905e+00 5.0564843086e-01 4.3081901441e-01
     vertex 1.4112131624e+00 4.2833236225e-01 3.4103499823e-01
   endloop
 endfacet
 facet normal  -2.0104857871e-01 8.0462520185e-01 5.5871079598e-01
   outer loop
     vertex 1.4112131624e+00 4.2833236225e-01 3.4103499823e-01
     vertex 1.9701514905e+00 5.0564843086e-01 4.3081901441e-01
     vertex 1.3963034027e+00 5.2221417677e-01 2.0046628086e-01
   endloop
 endfacet
 facet normal  -1.6127564867e-01 8.7082255608e-01 4.6439018181e-01
   outer loop
     vertex 1.9701514905e+00 5.0564843086e-01 4.3081901441e-01
     vertex 1.9648332026e+00 5.9971526423e-01 2.5257831540e-01
     vertex 1.3963034027e+00 5.2221417677e-01 2.0046628086e-01
   endloop
 endfacet
 facet normal  -1.3433918629e-01 9.9090260124e-01 -8.0633669657e-03
   outer loop
     vertex 1.3963034027e+00 5.2221417677e-01 2.0046628086e-01
     vertex 1.9648332026e+00 5.9971526423e-01 2.5257831540e-01
     vertex 1.3897433819e+00 5.1969354453e-01 0.0000000000e+00
   endloop
 endfacet
 facet normal  -1.0653187502e-01 9.9172525447e-01 -7.1637833974e-02
   outer loop
     vertex 1.9648332026e+00 5.9971526423e-01 2.5257831540e-01
     vertex 1.9626088147e+00 5.8123118151e-01 0.0000000000e+00
     vertex 1.3897433819e+00 5.1969354453e-01 0.0000000000e+00
   endloop
 endfacet
 facet normal  -3.4554119750e-02 9.8935792789e-01 -1.4133967358e-01
   outer loop
     vertex 1.9626088147e+00 5.8123118151e-01 0.0000000000e+00
     vertex 2.5000000000e+00 6.0000000000e-01 0.0000000000e+00
     vertex 2.5000000000e+00 5.5714200000e-01 -3.0000000000e-01
   endloop
 endfacet
 facet normal  -5.1914472792e-02 9.8373059379e-01 -1.7198548300e-01
   outer loop
     vertex 1.9626088147e+00 5.8123118151e-01 0.0000000000e+00
     vertex 2.5000000000e+00 5.5714200000e-01 -3.0000000000e-01
     vertex 1.9648332026e+00 5.3333055995e-01 -2.7465565111e-01
   endloop
 endfacet
 facet normal  -5.3651319933e-02 9.7465430238e-01 -2.1718776835e-01
   outer loop
     vertex 1.9648332026e+00 5.3333055995e-01 -2.7465565111e-01
     vertex 2.5000000000e+00 5.5714200000e-01 -3.0000000000e-01
     vertex 2.5000000000e+00 4.9519569616e-01 -5.7799093850e-01
   endloop
 endfacet
 facet normal  -9.6026163178e-02 9.5245309456e-01 -2.8915753257e-01
   outer loop
     vertex 1.9648332026e+00 5.3333055995e-01 -2.7465565111e-01
     vertex 2.5000000000e+00 4.9519569616e-01 -5.7799093850e-01
     vertex 1.9701514905e+00 4.5961645135e-01 -5.1922796090e-01
   endloop
 endfacet
 facet normal  -1.1583122911e-01 9.1441890945e-02 -9.8905081110e-01
   outer loop
     vertex 1.9701514905e+00 4.5961645135e-01 -5.1922796090e-01
     vertex 2.5000000000e+00 4.9519569616e-01 -5.7799093850e-01
     vertex 2.5000000000e+00 2.5714200000e-01 -6.0000000000e-01
   endloop
 endfacet
 facet normal  -1.3908787240e-01 3.0880619023e-02 -9.8979843964e-01
   outer loop
     vertex 1.9701514905e+00 4.5961645135e-01 -5.1922796090e-01
     vertex 2.5000000000e+00 2.5714200000e-01 -6.0000000000e-01
     vertex 1.9760527030e+00 2.3358074001e-01 -5.2710927234e-01
   endloop
 endfacet
 facet normal  -1.3779142098e-01 -2.3796845038e-16 -9.9046126845e-01
   outer loop
     vertex 1.9760527030e+00 2.3358074001e-01 -5.2710927234e-01
     vertex 2.5000000000e+00 2.5714200000e-01 -6.0000000000e-01
     vertex 2.5000000000e+00 0.0000000000e+00 -6.0000000000e-01
   endloop
 endfacet
 facet normal  -1.5112493617e-01 -3.0664448569e-02 -9.8803893914e-01
   outer loop
     vertex 1.9760527030e+00 2.3358074001e-01 -5.2710927234e-01
     vertex 2.5000000000e+00 0.0000000000e+00 -6.0000000000e-01
     vertex 1.9789272525e+00 -5.9857462540e-18 -5.2029961312e-01
   endloop
 endfacet
 facet normal  -1.5112493617e-01 3.0664448569e-02 -9.8803893914e-01
   outer loop
     vertex 1.9789272525e+00 -5.9857462540e-18 -5.2029961312e-01
     vertex 2.5000000000e+00 0.0000000000e+00 -6.0000000000e-01
     vertex 1.9760527030e+00 -2.3358074001e-01 -5.2710927234e-01
   endloop
 endfacet
 facet normal  -1.3779142098e-01 2.3796845038e-16 -9.9046126845e-01
   outer loop
     vertex 2.5000000000e+00 0.0000000000e+00 -6.0000000000e-01
     vertex 2.5000000000e+00 -2.5714200000e-01 -6.0000000000e-01
     vertex 1.9760527030e+00 -2.3358074001e-01 -5.2710927234e-01
   endloop
 endfacet
 facet normal  -1.3908787240e-01 -3.0880619023e-02 -9.8979843964e-01
   outer loop
     vertex 1.9760527030e+00 -2.3358074001e-01 -5.2710927234e-01
     vertex 2.5000000000e+00 -2.5714200000e-01 -6.0000000000e-01
     vertex 1.9701514905e+00 -4.5961645135e-01 -5.1922796090e-01
   endloop
 endfacet
 facet normal  -1.1583122911e-01 -9.1441890945e-02 -9.8905081110e-01
   outer loop
     vertex 2.5000000000e+00 -2.5714200000e-01 -6.0000000000e-01
     vertex 2.5000000000e+00 -4.9519569616e-01 -5.7799093850e-01
     vertex 1.9701514905e+00 -4.5961645135e-01 -5.1922796090e-01
   endloop
 endfacet
 facet normal  -9.6026163178e-02 -9.5245309456e-01 -2.8915753257e-01
   outer loop
     vertex 1.9701514905e+00 -4.5961645135e-01 -5.1922796090e-01
     vertex 2.5000000000e+00 -4.9519569616e-01 -5.7799093850e-01
     vertex 1.9648332026e+00 -5.3333055995e-01 -2.7465565111e-01
   endloop
 endfacet
 facet normal  -5.3651319933e-02 -9.7465430238e-01 -2.1718776835e-01
   outer loop
     vertex 2.5000000000e+00 -4.9519569616e-01 -5.7799093850e-01
     vertex 2.5000000000e+00 -5.5714200000e-01 -3.0000000000e-01
     vertex 1.9648332026e+00 -5.3333055995e-01 -2.7465565111e-01
   endloop
 endfacet
 facet normal  -5.1914472792e-02 -9.8373059379e-01 -1.7198548300e-01
   outer loop
     vertex 1.9648332026e+00 -5.3333055995e-01 -2.7465565111e-01
     vertex 2.5000000000e+00 -5.5714200000e-01 -3.0000000000e-01
     vertex 1.9626088147e+00 -5.8123118151e-01 -3.1801912861e-18
   endloop
 endfacet
 facet normal  -3.4554119750e-02 -9.8935792789e-01 -1.4133967358e-01
   outer loop
     vertex 2.5000000000e+00 -5.5714200000e-01 -3.0000000000e-01
     vertex 2.5000000000e+00 -6.0000000000e-01 1.2839532963e-34
     vertex 1.9626088147e+00 -5.8123118151e-01 -3.1801912861e-18
   endloop
 endfacet
 facet normal  -3.4682414307e-02 -9.9303127387e-01 -1.1263223007e-01
   outer loop
     vertex 1.9626088147e+00 -5.8123118151e-01 -3.1801912861e-18
     vertex 2.5000000000e+00 -6.0000000000e-01 1.2839532963e-34
     vertex 2.5000000000e+00 -6.3123207174e-01 2.7536011639e-01
   endloop
 endfacet
 facet normal  -5.5564367450e-02 -9.9582766385e-01 -7.2386911659e-02
   outer loop
     vertex 1.9626088147e+00 -5.8123118151e-01 -3.1801912861e-18
     vertex 2.5000000000e+00 -6.3123207174e-01 2.7536011639e-01
     vertex 1.9648332026e+00 -5.9971526423e-01 2.5257831540e-01
   endloop
 endfacet
 facet normal  -7.0535746448e-02 -9.2129329945e-01 3.8241778837e-01
   outer loop
     vertex 1.9648332026e+00 -5.9971526423e-01 2.5257831540e-01
     vertex 2.5000000000e+00 -6.3123207174e-01 2.7536011639e-01
     vertex 2.5000000000e+00 -5.4657067328e-01 4.7932023930e-01
   endloop
 endfacet
 facet normal  -1.1048039354e-01 -8.7761576617e-01 4.6645969774e-01
   outer loop
     vertex 1.9648332026e+00 -5.9971526423e-01 2.5257831540e-01
     vertex 2.5000000000e+00 -5.4657067328e-01 4.7932023930e-01
     vertex 1.9701514905e+00 -5.0564843086e-01 4.3081901441e-01
   endloop
 endfacet
 facet normal  -1.1639604350e-01 -4.7015264000e-01 8.7487625191e-01
   outer loop
     vertex 1.9701514905e+00 -5.0564843086e-01 4.3081901441e-01
     vertex 2.5000000000e+00 -5.4657067328e-01 4.7932023930e-01
     vertex 2.5000000000e+00 -3.2749917694e-01 5.9704779463e-01
   endloop
 endfacet
 facet normal  -1.4885310649e-01 -4.0079095858e-01 9.0399632754e-01
   outer loop
     vertex 1.9701514905e+00 -5.0564843086e-01 4.3081901441e-01
     vertex 2.5000000000e+00 -3.2749917694e-01 5.9704779463e-01
     vertex 1.9760527030e+00 -2.9662077055e-01 5.2446409633e-01
   endloop
 endfacet
 facet normal  -1.3773274501e-01 -8.9281151721e-03 9.9042918965e-01
   outer loop
     vertex 1.9760527030e+00 -2.9662077055e-01 5.2446409633e-01
     vertex 2.5000000000e+00 -3.2749917694e-01 5.9704779463e-01
     vertex 2.5000000000e+00 0.0000000000e+00 6.0000000000e-01
   endloop
 endfacet
 facet normal  -1.5117824376e-01 1.5341785810e-02 9.8838745855e-01
   outer loop
     vertex 1.9760527030e+00 -2.9662077055e-01 5.2446409633e-01
     vertex 2.5000000000e+00 0.0000000000e+00 6.0000000000e-01
     vertex 1.9789272525e+00 2.8582056272e-18 5.2029961312e-01
   endloop
 endfacet
 facet normal  -1.5117824376e-01 -1.5341785810e-02 9.8838745855e-01
   outer loop
     vertex 1.9789272525e+00 2.8582056272e-18 5.2029961312e-01
     vertex 2.5000000000e+00 0.0000000000e+00 6.0000000000e-01
     vertex 1.9760527030e+00 2.9662077055e-01 5.2446409633e-01
   endloop
 endfacet
 facet normal  -1.3773274501e-01 8.9281151721e-03 9.9042918965e-01
   outer loop
     vertex 2.5000000000e+00 0.0000000000e+00 6.0000000000e-01
     vertex 2.5000000000e+00 3.2749917694e-01 5.9704779463e-01
     vertex 1.9760527030e+00 2.9662077055e-01 5.2446409633e-01
   endloop
 endfacet
 facet normal  -1.4885310649e-01 4.0079095858e-01 9.0399632754e-01
   outer loop
     vertex 1.9760527030e+00 2.9662077055e-01 5.2446409633e-01
     vertex 2.5000000000e+00 3.2749917694e-01 5.9704779463e-01
     vertex 1.9701514905e+00 5.0564843086e-01 4.3081901441e-01
   endloop
 endfacet
 facet normal  -1.1639604350e-01 4.7015264000e-01 8.7487625191e-01
   outer loop
     vertex 2.5000000000e+00 3.2749917694e-01 5.9704779463e-01
     vertex 2.5000000000e+00 5.4657067328e-01 4.7932023930e-01
     vertex 1.9701514905e+00 5.0564843086e-01 4.3081901441e-01
   endloop
 endfacet
 facet normal  -1.1048039354e-01 8.7761576617e-01 4.6645969774e-01
   outer loop
     vertex 1.9701514905e+00 5.0564843086e-01 4.3081901441e-01
     vertex 2.5000000000e+00 5.4657067328e-01 4.7932023930e-01
     vertex 1.9648332026e+00 5.9971526423e-01 2.5257831540e-01
   endloop
 endfacet
 facet normal  -7.0535746448e-02 9.2129329945e-01 3.8241778837e-01
   outer loop
     vertex 2.5000000000e+00 5.4657067328e-01 4.7932023930e-01
     vertex 2.5000000000e+00 6.3123207174e-01 2.7536011639e-01
     vertex 1.9648332026e+00 5.9971526423e-01 2.5257831540e-01
   endloop
 endfacet
 facet normal  -5.5564367450e-02 9.9582766385e-01 -7.2386911659e-02
   outer loop
     vertex 1.9648332026e+00 5.9971526423e-01 2.5257831540e-01
     vertex 2.5000000000e+00 6.3123207174e-01 2.7536011639e-01
     vertex 1.9626088147e+00 5.8123118151e-01 0.0000000000e+00
   endloop
 endfacet
 facet normal  -3.4682414307e-02 9.9303127387e-01 -1.1263223007e-01
   outer loop
     vertex 2.5000000000e+00 6.3123207174e-01 2.7536011639e-01
     vertex 2.5000000000e+00 6.0000000000e-01 0.0000000000e+00
     vertex 1.9626088147e+00 5.8123118151e-01 0.0000000000e+00
   endloop
 endfacet
 facet normal  -4.1137536099e-02 9.9077855537e-01 -1.2909514840e-01
   outer loop
     vertex 2.5000000000e+00 6.0000000000e-01 0.0000000000e+00
     vertex 3.0009583924e+00 6.2080000000e-01 0.0000000000e+00
     vertex 3.0008980496e+00 5.8072060290e-01 -3.0758185179e-01
   endloop
 endfacet
 facet normal  -4.8682413796e-02 9.8877532331e-01 -1.4125644269e-01
   outer loop
     vertex 2.5000000000e+00 6.0000000000e-01 0.0000000000e+00
     vertex 3.0008980496e+00 5.8072060290e-01 -3.0758185179e-01
     vertex 2.5000000000e+00 5.5714200000e-01 -3.0000000000e-01
   endloop
 endfacet
 facet normal  -4.9141207015e-02 9.7656376471e-01 -2.0954320609e-01
   outer loop
     vertex 2.5000000000e+00 5.5714200000e-01 -3.0000000000e-01
     vertex 3.0008980496e+00 5.8072060290e-01 -3.0758185179e-01
     vertex 3.0003406607e+00 5.1883896154e-01 -5.9584687844e-01
   endloop
 endfacet
 facet normal  -5.3807092272e-02 9.7464612141e-01 -2.1718594533e-01
   outer loop
     vertex 2.5000000000e+00 5.5714200000e-01 -3.0000000000e-01
     vertex 3.0003406607e+00 5.1883896154e-01 -5.9584687844e-01
     vertex 2.5000000000e+00 4.9519569616e-01 -5.7799093850e-01
   endloop
 endfacet
 facet normal  -4.3795730517e-02 1.8541897388e-01 -9.8168311492e-01
   outer loop
     vertex 2.5000000000e+00 4.9519569616e-01 -5.7799093850e-01
     vertex 3.0003406607e+00 5.1883896154e-01 -5.9584687844e-01
     vertex 2.9992003473e+00 2.7740962045e-01 -6.4139685190e-01
   endloop
 endfacet
 facet normal  -8.5992166644e-02 9.1720552443e-02 -9.9206486055e-01
   outer loop
     vertex 2.5000000000e+00 4.9519569616e-01 -5.7799093850e-01
     vertex 2.9992003473e+00 2.7740962045e-01 -6.4139685190e-01
     vertex 2.5000000000e+00 2.5714200000e-01 -6.0000000000e-01
   endloop
 endfacet
 facet normal  -8.3874959816e-02 3.1585117027e-02 -9.9597558780e-01
   outer loop
     vertex 2.5000000000e+00 2.5714200000e-01 -6.0000000000e-01
     vertex 2.9992003473e+00 2.7740962045e-01 -6.4139685190e-01
     vertex 2.9984898428e+00 2.4330325752e-18 -6.5013443734e-01
   endloop
 endfacet
 facet normal  -1.0006782320e-01 -1.8851398820e-16 -9.9498061828e-01
   outer loop
     vertex 2.5000000000e+00 2.5714200000e-01 -6.0000000000e-01
     vertex 2.9984898428e+00 2.4330325752e-18 -6.5013443734e-01
     vertex 2.5000000000e+00 0.0000000000e+00 -6.0000000000e-01
   endloop
 endfacet
 facet normal  -1.0006782320e-01 1.8851398820e-16 -9.9498061828e-01
   outer loop
     vertex 2.5000000000e+00 0.0000000000e+00 -6.0000000000e-01
     vertex 2.9984898428e+00 2.4330325752e-18 -6.5013443734e-01
     vertex 2.5000000000e+00 -2.5714200000e-01 -6.0000000000e-01
   endloop
 endfacet
 facet normal  -8.3874959816e-02 -3.1585117027e-02 -9.9597558780e-01
   outer loop
     vertex 2.9984898428e+00 2.4330325752e-18 -6.5013443734e-01
     vertex 2.9992003473e+00 -2.7740962045e-01 -6.4139685190e-01
     vertex 2.5000000000e+00 -2.5714200000e-01 -6.0000000000e-01
   endloop
 endfacet
 facet normal  -8.5992166644e-02 -9.1720552443e-02 -9.9206486055e-01
   outer loop
     vertex 2.5000000000e+00 -2.5714200000e-01 -6.0000000000e-01
     vertex 2.9992003473e+00 -2.7740962045e-01 -6.4139685190e-01
     vertex 2.5000000000e+00 -4.9519569616e-01 -5.7799093850e-01
   endloop
 endfacet
 facet normal  -4.3795730517e-02 -1.8541897388e-01 -9.8168311492e-01
   outer loop
     vertex 2.9992003473e+00 -2.7740962045e-01 -6.4139685190e-01
     vertex 3.0003406607e+00 -5.1883896154e-01 -5.9584687844e-01
     vertex 2.5000000000e+00 -4.9519569616e-01 -5.7799093850e-01
   endloop
 endfacet
 facet normal  -5.3807092272e-02 -9.7464612141e-01 -2.1718594533e-01
   outer loop
     vertex 2.5000000000e+00 -4.9519569616e-01 -5.7799093850e-01
     vertex 3.0003406607e+00 -5.1883896154e-01 -5.9584687844e-01
     vertex 2.5000000000e+00 -5.5714200000e-01 -3.0000000000e-01
   endloop
 endfacet
 facet normal  -4.9141207015e-02 -9.7656376471e-01 -2.0954320609e-01
   outer loop
     vertex 3.0003406607e+00 -5.1883896154e-01 -5.9584687844e-01
     vertex 3.0008980496e+00 -5.8072060290e-01 -3.0758185179e-01
     vertex 2.5000000000e+00 -5.5714200000e-01 -3.0000000000e-01
   endloop
 endfacet
 facet normal  -4.8682413796e-02 -9.8877532331e-01 -1.4125644269e-01
   outer loop
     vertex 2.5000000000e+00 -5.5714200000e-01 -3.0000000000e-01
     vertex 3.0008980496e+00 -5.8072060290e-01 -3.0758185179e-01
     vertex 2.5000000000e+00 -6.0000000000e-01 1.2839532963e-34
   endloop
 endfacet
 facet normal  -4.1137536099e-02 -9.9077855537e-01 -1.2909514840e-01
   outer loop
     vertex 3.0008980496e+00 -5.8072060290e-01 -3.0758185179e-01
     vertex 3.0009583924e+00 -6.2080000000e-01 -3.7252239272e-19
     vertex 2.5000000000e+00 -6.0000000000e-01 1.2839532963e-34
   endloop
 endfacet
 facet normal  -4.1081766551e-02 -9.8943537157e-01 -1.3903213278e-01
   outer loop
     vertex 2.5000000000e+00 -6.0000000000e-01 1.2839532963e-34
     vertex 3.0009583924e+00 -6.2080000000e-01 -3.7252239272e-19
     vertex 3.0008980496e+00 -6.6051008171e-01 2.8261839660e-01
   endloop
 endfacet
 facet normal  -5.6355857867e-02 -9.9204992774e-01 -1.1252092320e-01
   outer loop
     vertex 2.5000000000e+00 -6.0000000000e-01 1.2839532963e-34
     vertex 3.0008980496e+00 -6.6051008171e-01 2.8261839660e-01
     vertex 2.5000000000e+00 -6.3123207174e-01 2.7536011639e-01
   endloop
 endfacet
 facet normal  -5.9856174918e-02 -9.4259184002e-01 3.2853898010e-01
   outer loop
     vertex 2.5000000000e+00 -6.3123207174e-01 2.7536011639e-01
     vertex 3.0008980496e+00 -6.6051008171e-01 2.8261839660e-01
     vertex 3.0003406607e+00 -5.8407181102e-01 5.0182138747e-01
   endloop
 endfacet
 facet normal  -8.6143954229e-02 -9.2016046379e-01 3.8194756189e-01
   outer loop
     vertex 2.5000000000e+00 -6.3123207174e-01 2.7536011639e-01
     vertex 3.0003406607e+00 -5.8407181102e-01 5.0182138747e-01
     vertex 2.5000000000e+00 -5.4657067328e-01 4.7932023930e-01
   endloop
 endfacet
 facet normal  -7.6866971558e-02 -5.1235259930e-01 8.5532817250e-01
   outer loop
     vertex 2.5000000000e+00 -5.4657067328e-01 4.7932023930e-01
     vertex 3.0003406607e+00 -5.8407181102e-01 5.0182138747e-01
     vertex 2.9992003473e+00 -3.5530750699e-01 6.3875167589e-01
   endloop
 endfacet
 facet normal  -9.9462334515e-02 -4.7102290633e-01 8.7649567353e-01
   outer loop
     vertex 2.5000000000e+00 -5.4657067328e-01 4.7932023930e-01
     vertex 2.9992003473e+00 -3.5530750699e-01 6.3875167589e-01
     vertex 2.5000000000e+00 -3.2749917694e-01 5.9704779463e-01
   endloop
 endfacet
 facet normal  -8.4982714430e-02 -3.2073868817e-02 9.9586605785e-01
   outer loop
     vertex 2.5000000000e+00 -3.2749917694e-01 5.9704779463e-01
     vertex 2.9992003473e+00 -3.5530750699e-01 6.3875167589e-01
     vertex 2.9984898428e+00 -7.2990977257e-18 6.5013443734e-01
   endloop
 endfacet
 facet normal  -1.0006379844e-01 -8.9687827837e-03 9.9494059982e-01
   outer loop
     vertex 2.5000000000e+00 -3.2749917694e-01 5.9704779463e-01
     vertex 2.9984898428e+00 -7.2990977257e-18 6.5013443734e-01
     vertex 2.5000000000e+00 0.0000000000e+00 6.0000000000e-01
   endloop
 endfacet
 facet normal  -1.0006379844e-01 8.9687827837e-03 9.9494059982e-01
   outer loop
     vertex 2.5000000000e+00 0.0000000000e+00 6.0000000000e-01
     vertex 2.9984898428e+00 -7.2990977257e-18 6.5013443734e-01
     vertex 2.5000000000e+00 3.2749917694e-01 5.9704779463e-01
   endloop
 endfacet
 facet normal  -8.4982714430e-02 3.2073868817e-02 9.9586605785e-01
   outer loop
     vertex 2.9984898428e+00 -7.2990977257e-18 6.5013443734e-01
     vertex 2.9992003473e+00 3.5530750699e-01 6.3875167589e-01
     vertex 2.5000000000e+00 3.2749917694e-01 5.9704779463e-01
   endloop
 endfacet
 facet normal  -9.9462334515e-02 4.7102290633e-01 8.7649567353e-01
   outer loop
     vertex 2.5000000000e+00 3.2749917694e-01 5.9704779463e-01
     vertex 2.9992003473e+00 3.5530750699e-01 6.3875167589e-01
     vertex 2.5000000000e+00 5.4657067328e-01 4.7932023930e-01
   endloop
 endfacet
 facet normal  -7.6866971558e-02 5.1235259930e-01 8.5532817250e-01
   outer loop
     vertex 2.9992003473e+00 3.5530750699e-01 6.3875167589e-01
     vertex 3.0003406607e+00 5.8407181102e-01 5.0182138747e-01
     vertex 2.5000000000e+00 5.4657067328e-01 4.7932023930e-01
   endloop
 endfacet
 facet normal  -8.6143954229e-02 9.2016046379e-01 3.8194756189e-01
   outer loop
     vertex 2.5000000000e+00 5.4657067328e-01 4.7932023930e-01
     vertex 3.0003406607e+00 5.8407181102e-01 5.0182138747e-01
     vertex 2.5000000000e+00 6.3123207174e-01 2.7536011639e-01
   endloop
 endfacet
 facet normal  -5.9856174918e-02 9.4259184002e-01 3.2853898010e-01
   outer loop
     vertex 3.0003406607e+00 5.8407181102e-01 5.0182138747e-01
     vertex 3.0008980496e+00 6.6051008171e-01 2.8261839660e-01
     vertex 2.5000000000e+00 6.3123207174e-01 2.7536011639e-01
   endloop
 endfacet
 facet normal  -5.6355857867e-02 9.9204992774e-01 -1.1252092320e-01
   outer loop
     vertex 2.5000000000e+00 6.3123207174e-01 2.7536011639e-01
     vertex 3.0008980496e+00 6.6051008171e-01 2.8261839660e-01
     vertex 2.5000000000e+00 6.0000000000e-01 0.0000000000e+00
   endloop
 endfacet
 facet normal  -4.1081766551e-02 9.8943537157e-01 -1.3903213278e-01
   outer loop
     vertex 3.0008980496e+00 6.6051008171e-01 2.8261839660e-01
     vertex 3.0009583924e+00 6.2080000000e-01 0.0000000000e+00
     vertex 2.5000000000e+00 6.0000000000e-01 0.0000000000e+00
   endloop
 endfacet
 facet normal  -9.7703659630e-02 9.8491562233e-01 -1.4281180548e-01
   outer loop
     vertex 3.0009583924e+00 6.2080000000e-01 0.0000000000e+00
     vertex 3.5009582394e+00 6.7040000000e-01 0.0000000000e+00
     vertex 3.5008903537e+00 6.2395303826e-01 -3.2027958327e-01
   endloop
 endfacet
 facet normal  -8.8671897918e-02 9.8771307133e-01 -1.2868637555e-01
   outer loop
     vertex 3.0009583924e+00 6.2080000000e-01 0.0000000000e+00
     vertex 3.5008903537e+00 6.2395303826e-01 -3.2027958327e-01
     vertex 3.0008980496e+00 5.8072060290e-01 -3.0758185179e-01
   endloop
 endfacet
 facet normal  -8.9748749999e-02 9.5881284273e-01 -2.6948672415e-01
   outer loop
     vertex 3.0008980496e+00 5.8072060290e-01 -3.0758185179e-01
     vertex 3.5008903537e+00 6.2395303826e-01 -3.2027958327e-01
     vertex 3.5002632912e+00 5.4341422440e-01 -6.0662159600e-01
   endloop
 endfacet
 facet normal  -5.2513194333e-02 9.7639731392e-01 -2.0950095415e-01
   outer loop
     vertex 3.0008980496e+00 5.8072060290e-01 -3.0758185179e-01
     vertex 3.5002632912e+00 5.4341422440e-01 -6.0662159600e-01
     vertex 3.0003406607e+00 5.1883896154e-01 -5.9584687844e-01
   endloop
 endfacet
 facet normal  -3.3107604198e-02 2.4912602125e-01 -9.6790501191e-01
   outer loop
     vertex 3.0003406607e+00 5.1883896154e-01 -5.9584687844e-01
     vertex 3.5002632912e+00 5.4341422440e-01 -6.0662159600e-01
     vertex 3.4989804387e+00 2.9672818300e-01 -6.7007145839e-01
   endloop
 endfacet
 facet normal  -6.3426248351e-02 1.8531309662e-01 -9.8063049475e-01
   outer loop
     vertex 3.0003406607e+00 5.1883896154e-01 -5.9584687844e-01
     vertex 3.4989804387e+00 2.9672818300e-01 -6.7007145839e-01
     vertex 2.9992003473e+00 2.7740962045e-01 -6.4139685190e-01
   endloop
 endfacet
 facet normal  -5.8528087677e-02 3.3209801834e-02 -9.9773321685e-01
   outer loop
     vertex 2.9992003473e+00 2.7740962045e-01 -6.4139685190e-01
     vertex 3.4989804387e+00 2.9672818300e-01 -6.7007145839e-01
     vertex 3.4981811212e+00 2.7371616471e-18 -6.7990124201e-01
   endloop
 endfacet
 facet normal  -5.9435318995e-02 3.1577861724e-02 -9.9773257013e-01
   outer loop
     vertex 2.9992003473e+00 2.7740962045e-01 -6.4139685190e-01
     vertex 3.4981811212e+00 2.7371616471e-18 -6.7990124201e-01
     vertex 2.9984898428e+00 2.4330325752e-18 -6.5013443734e-01
   endloop
 endfacet
 facet normal  -5.9435318995e-02 -3.1577861724e-02 -9.9773257013e-01
   outer loop
     vertex 2.9984898428e+00 2.4330325752e-18 -6.5013443734e-01
     vertex 3.4981811212e+00 2.7371616471e-18 -6.7990124201e-01
     vertex 2.9992003473e+00 -2.7740962045e-01 -6.4139685190e-01
   endloop
 endfacet
 facet normal  -5.8528087677e-02 -3.3209801834e-02 -9.9773321685e-01
   outer loop
     vertex 3.4981811212e+00 2.7371616471e-18 -6.7990124201e-01
     vertex 3.4989804387e+00 -2.9672818300e-01 -6.7007145839e-01
     vertex 2.9992003473e+00 -2.7740962045e-01 -6.4139685190e-01
   endloop
 endfacet
 facet normal  -6.3426248351e-02 -1.8531309662e-01 -9.8063049475e-01
   outer loop
     vertex 2.9992003473e+00 -2.7740962045e-01 -6.4139685190e-01
     vertex 3.4989804387e+00 -2.9672818300e-01 -6.7007145839e-01
     vertex 3.0003406607e+00 -5.1883896154e-01 -5.9584687844e-01
   endloop
 endfacet
 facet normal  -3.3107604198e-02 -2.4912602125e-01 -9.6790501191e-01
   outer loop
     vertex 3.4989804387e+00 -2.9672818300e-01 -6.7007145839e-01
     vertex 3.5002632912e+00 -5.4341422440e-01 -6.0662159600e-01
     vertex 3.0003406607e+00 -5.1883896154e-01 -5.9584687844e-01
   endloop
 endfacet
 facet normal  -5.2513194333e-02 -9.7639731392e-01 -2.0950095415e-01
   outer loop
     vertex 3.0003406607e+00 -5.1883896154e-01 -5.9584687844e-01
     vertex 3.5002632912e+00 -5.4341422440e-01 -6.0662159600e-01
     vertex 3.0008980496e+00 -5.8072060290e-01 -3.0758185179e-01
   endloop
 endfacet
 facet normal  -8.9748749999e-02 -9.5881284273e-01 -2.6948672415e-01
   outer loop
     vertex 3.5002632912e+00 -5.4341422440e-01 -6.0662159600e-01
     vertex 3.5008903537e+00 -6.2395303826e-01 -3.2027958327e-01
     vertex 3.0008980496e+00 -5.8072060290e-01 -3.0758185179e-01
   endloop
 endfacet
 facet normal  -8.8671897918e-02 -9.8771307133e-01 -1.2868637555e-01
   outer loop
     vertex 3.0008980496e+00 -5.8072060290e-01 -3.0758185179e-01
     vertex 3.5008903537e+00 -6.2395303826e-01 -3.2027958327e-01
     vertex 3.0009583924e+00 -6.2080000000e-01 -3.7252239272e-19
   endloop
 endfacet
 facet normal  -9.7703659630e-02 -9.8491562233e-01 -1.4281180548e-01
   outer loop
     vertex 3.5008903537e+00 -6.2395303826e-01 -3.2027958327e-01
     vertex 3.5009582394e+00 -6.7040000000e-01 -4.1908769181e-19
     vertex 3.0009583924e+00 -6.2080000000e-01 -3.7252239272e-19
   endloop
 endfacet
 facet normal  -9.7497105280e-02 -9.8283342186e-01 -1.5662943318e-01
   outer loop
     vertex 3.0009583924e+00 -6.2080000000e-01 -3.7252239272e-19
     vertex 3.5009582394e+00 -6.7040000000e-01 -4.1908769181e-19
     vertex 3.5008903537e+00 -7.1733341086e-01 2.9454453431e-01
   endloop
 endfacet
 facet normal  -1.0857738362e-01 -9.8441489429e-01 -1.3834112791e-01
   outer loop
     vertex 3.0009583924e+00 -6.2080000000e-01 -3.7252239272e-19
     vertex 3.5008903537e+00 -7.1733341086e-01 2.9454453431e-01
     vertex 3.0008980496e+00 -6.6051008171e-01 2.8261839660e-01
   endloop
 endfacet
 facet normal  -1.1464027959e-01 -9.4342660727e-01 3.1113315957e-01
   outer loop
     vertex 3.0008980496e+00 -6.6051008171e-01 2.8261839660e-01
     vertex 3.5008903537e+00 -7.1733341086e-01 2.9454453431e-01
     vertex 3.5002632912e+00 -6.4169276948e-01 5.2367314003e-01
   endloop
 endfacet
 facet normal  -1.2229885798e-01 -9.3724609124e-01 3.2651608503e-01
   outer loop
     vertex 3.0008980496e+00 -6.6051008171e-01 2.8261839660e-01
     vertex 3.5002632912e+00 -6.4169276948e-01 5.2367314003e-01
     vertex 3.0003406607e+00 -5.8407181102e-01 5.0182138747e-01
   endloop
 endfacet
 facet normal  -9.5240607908e-02 -4.9984574419e-01 8.6086204390e-01
   outer loop
     vertex 3.0003406607e+00 -5.8407181102e-01 5.0182138747e-01
     vertex 3.5002632912e+00 -6.4169276948e-01 5.2367314003e-01
     vertex 3.4989804387e+00 -3.9260776166e-01 6.6815842931e-01
   endloop
 endfacet
 facet normal  -8.8481665266e-02 -5.1190034354e-01 8.5447588216e-01
   outer loop
     vertex 3.0003406607e+00 -5.8407181102e-01 5.0182138747e-01
     vertex 3.4989804387e+00 -3.9260776166e-01 6.6815842931e-01
     vertex 2.9992003473e+00 -3.5530750699e-01 6.3875167589e-01
   endloop
 endfacet
 facet normal  -6.0939931202e-02 -2.9964805949e-02 9.9769155313e-01
   outer loop
     vertex 2.9992003473e+00 -3.5530750699e-01 6.3875167589e-01
     vertex 3.4989804387e+00 -3.9260776166e-01 6.6815842931e-01
     vertex 3.4981811212e+00 -8.2114849414e-18 6.7990124201e-01
   endloop
 endfacet
 facet normal  -5.9434364175e-02 -3.2082062844e-02 9.9771654171e-01
   outer loop
     vertex 2.9992003473e+00 -3.5530750699e-01 6.3875167589e-01
     vertex 3.4981811212e+00 -8.2114849414e-18 6.7990124201e-01
     vertex 2.9984898428e+00 -7.2990977257e-18 6.5013443734e-01
   endloop
 endfacet
 facet normal  -5.9434364175e-02 3.2082062844e-02 9.9771654171e-01
   outer loop
     vertex 2.9984898428e+00 -7.2990977257e-18 6.5013443734e-01
     vertex 3.4981811212e+00 -8.2114849414e-18 6.7990124201e-01
     vertex 2.9992003473e+00 3.5530750699e-01 6.3875167589e-01
   endloop
 endfacet
 facet normal  -6.0939931202e-02 2.9964805949e-02 9.9769155313e-01
   outer loop
     vertex 3.4981811212e+00 -8.2114849414e-18 6.7990124201e-01
     vertex 3.4989804387e+00 3.9260776166e-01 6.6815842931e-01
     vertex 2.9992003473e+00 3.5530750699e-01 6.3875167589e-01
   endloop
 endfacet
 facet normal  -8.8481665266e-02 5.1190034354e-01 8.5447588216e-01
   outer loop
     vertex 2.9992003473e+00 3.5530750699e-01 6.3875167589e-01
     vertex 3.4989804387e+00 3.9260776166e-01 6.6815842931e-01
     vertex 3.0003406607e+00 5.8407181102e-01 5.0182138747e-01
   endloop
 endfacet
 facet normal  -9.5240607908e-02 4.9984574419e-01 8.6086204390e-01
   outer loop
     vertex 3.4989804387e+00 3.9260776166e-01 6.6815842931e-01
     vertex 3.5002632912e+00 6.4169276948e-01 5.2367314003e-01
     vertex 3.0003406607e+00 5.8407181102e-01 5.0182138747e-01
   endloop
 endfacet
 facet normal  -1.2229885798e-01 9.3724609124e-01 3.2651608503e-01
   outer loop
     vertex 3.0003406607e+00 5.8407181102e-01 5.0182138747e-01
     vertex 3.5002632912e+00 6.4169276948e-01 5.2367314003e-01
     vertex 3.0008980496e+00 6.6051008171e-01 2.8261839660e-01
   endloop
 endfacet
 facet normal  -1.1464027959e-01 9.4342660727e-01 3.1113315957e-01
   outer loop
     vertex 3.5002632912e+00 6.4169276948e-01 5.2367314003e-01
     vertex 3.5008903537e+00 7.1733341086e-01 2.9454453431e-01
     vertex 3.0008980496e+00 6.6051008171e-01 2.8261839660e-01
   endloop
 endfacet
 facet normal  -1.0857738362e-01 9.8441489429e-01 -1.3834112791e-01
   outer loop
     vertex 3.0008980496e+00 6.6051008171e-01 2.8261839660e-01
     vertex 3.5008903537e+00 7.1733341086e-01 2.9454453431e-01
     vertex 3.0009583924e+00 6.2080000000e-01 0.0000000000e+00
   endloop
 endfacet
 facet normal  -9.7497105280e-02 9.8283342186e-01 -1.5662943318e-01
   outer loop
     vertex 3.5008903537e+00 7.1733341086e-01 2.9454453431e-01
     vertex 3.5009582394e+00 6.7040000000e-01 0.0000000000e+00
     vertex 3.0009583924e+00 6.2080000000e-01 0.0000000000e+00
   endloop
 endfacet
 facet normal  -1.1603409735e-01 9.7907817271e-01 -1.6715866704e-01
   outer loop
     vertex 3.5009582394e+00 6.7040000000e-01 0.0000000000e+00
     vertex 4.0004788902e+00 7.2960000000e-01 0.0000000000e+00
     vertex 4.0004336331e+00 6.7253877218e-01 -3.3418638884e-01
   endloop
 endfacet
 facet normal  -9.9748597475e-02 9.8471490413e-01 -1.4278226388e-01
   outer loop
     vertex 3.5009582394e+00 6.7040000000e-01 0.0000000000e+00
     vertex 4.0004336331e+00 6.7253877218e-01 -3.3418638884e-01
     vertex 3.5008903537e+00 6.2395303826e-01 -3.2027958327e-01
   endloop
 endfacet
 facet normal  -1.0025682933e-01 9.2838018265e-01 -3.5785304893e-01
   outer loop
     vertex 3.5008903537e+00 6.2395303826e-01 -3.2027958327e-01
     vertex 4.0004336331e+00 6.7253877218e-01 -3.3418638884e-01
     vertex 4.0000155914e+00 5.6536779272e-01 -6.1210354574e-01
   endloop
 endfacet
 facet normal  -4.5211919319e-02 9.6168786906e-01 -2.7039290828e-01
   outer loop
     vertex 3.5008903537e+00 6.2395303826e-01 -3.2027958327e-01
     vertex 4.0000155914e+00 5.6536779272e-01 -6.1210354574e-01
     vertex 3.5002632912e+00 5.4341422440e-01 -6.0662159600e-01
   endloop
 endfacet
 facet normal  -2.3161725155e-02 2.8821432924e-01 -9.5728576450e-01
   outer loop
     vertex 3.5002632912e+00 5.4341422440e-01 -6.0662159600e-01
     vertex 4.0000155914e+00 5.6536779272e-01 -6.1210354574e-01
     vertex 3.9991603564e+00 3.1305553534e-01 -6.8804763893e-01
   endloop
 endfacet
 facet normal  -4.2903284168e-02 2.4908099305e-01 -9.6753189462e-01
   outer loop
     vertex 3.5002632912e+00 5.4341422440e-01 -6.0662159600e-01
     vertex 3.9991603564e+00 3.1305553534e-01 -6.8804763893e-01
     vertex 3.4989804387e+00 2.9672818300e-01 -6.7007145839e-01
   endloop
 endfacet
 facet normal  -3.6592186233e-02 2.0976650589e-02 -9.9911010006e-01
   outer loop
     vertex 3.4989804387e+00 2.9672818300e-01 -6.7007145839e-01
     vertex 3.9991603564e+00 3.1305553534e-01 -6.8804763893e-01
     vertex 3.9986274781e+00 1.8247744314e-18 -6.9460082801e-01
   endloop
 endfacet
 facet normal  -2.9344127563e-02 3.3173772448e-02 -9.9901873005e-01
   outer loop
     vertex 3.4989804387e+00 2.9672818300e-01 -6.7007145839e-01
     vertex 3.9986274781e+00 1.8247744314e-18 -6.9460082801e-01
     vertex 3.4981811212e+00 2.7371616471e-18 -6.7990124201e-01
   endloop
 endfacet
 facet normal  -2.9344127563e-02 -3.3173772448e-02 -9.9901873005e-01
   outer loop
     vertex 3.4981811212e+00 2.7371616471e-18 -6.7990124201e-01
     vertex 3.9986274781e+00 1.8247744314e-18 -6.9460082801e-01
     vertex 3.4989804387e+00 -2.9672818300e-01 -6.7007145839e-01
   endloop
 endfacet
 facet normal  -3.6592186233e-02 -2.0976650589e-02 -9.9911010006e-01
   outer loop
     vertex 3.9986274781e+00 1.8247744314e-18 -6.9460082801e-01
     vertex 3.9991603564e+00 -3.1305553534e-01 -6.8804763893e-01
     vertex 3.4989804387e+00 -2.9672818300e-01 -6.7007145839e-01
   endloop
 endfacet
 facet normal  -4.2903284168e-02 -2.4908099305e-01 -9.6753189462e-01
   outer loop
     vertex 3.4989804387e+00 -2.9672818300e-01 -6.7007145839e-01
     vertex 3.9991603564e+00 -3.1305553534e-01 -6.8804763893e-01
     vertex 3.5002632912e+00 -5.4341422440e-01 -6.0662159600e-01
   endloop
 endfacet
 facet normal  -2.3161725155e-02 -2.8821432924e-01 -9.5728576450e-01
   outer loop
     vertex 3.9991603564e+00 -3.1305553534e-01 -6.8804763893e-01
     vertex 4.0000155914e+00 -5.6536779272e-01 -6.1210354574e-01
     vertex 3.5002632912e+00 -5.4341422440e-01 -6.0662159600e-01
   endloop
 endfacet
 facet normal  -4.5211919319e-02 -9.6168786906e-01 -2.7039290828e-01
   outer loop
     vertex 3.5002632912e+00 -5.4341422440e-01 -6.0662159600e-01
     vertex 4.0000155914e+00 -5.6536779272e-01 -6.1210354574e-01
     vertex 3.5008903537e+00 -6.2395303826e-01 -3.2027958327e-01
   endloop
 endfacet
 facet normal  -1.0025682933e-01 -9.2838018265e-01 -3.5785304893e-01
   outer loop
     vertex 4.0000155914e+00 -5.6536779272e-01 -6.1210354574e-01
     vertex 4.0004336331e+00 -6.7253877218e-01 -3.3418638884e-01
     vertex 3.5008903537e+00 -6.2395303826e-01 -3.2027958327e-01
   endloop
 endfacet
 facet normal  -9.9748597475e-02 -9.8471490413e-01 -1.4278226388e-01
   outer loop
     vertex 3.5008903537e+00 -6.2395303826e-01 -3.2027958327e-01
     vertex 4.0004336331e+00 -6.7253877218e-01 -3.3418638884e-01
     vertex 3.5009582394e+00 -6.7040000000e-01 -4.1908769181e-19
   endloop
 endfacet
 facet normal  -1.1603409735e-01 -9.7907817271e-01 -1.6715866704e-01
   outer loop
     vertex 4.0004336331e+00 -6.7253877218e-01 -3.3418638884e-01
     vertex 4.0004788902e+00 -7.2960000000e-01 -2.7939179454e-19
     vertex 3.5009582394e+00 -6.7040000000e-01 -4.1908769181e-19
   endloop
 endfacet
 facet normal  -1.1603156297e-01 -9.7905678800e-01 -1.6728563076e-01
   outer loop
     vertex 3.5009582394e+00 -6.7040000000e-01 -4.1908769181e-19
     vertex 4.0004788902e+00 -7.2960000000e-01 -2.7939179454e-19
     vertex 4.0004336331e+00 -7.8214053414e-01 3.0753040539e-01
   endloop
 endfacet
 facet normal  -1.2308161411e-01 -9.8002862101e-01 -1.5618840632e-01
   outer loop
     vertex 3.5009582394e+00 -6.7040000000e-01 -4.1908769181e-19
     vertex 4.0004336331e+00 -7.8214053414e-01 3.0753040539e-01
     vertex 3.5008903537e+00 -7.1733341086e-01 2.9454453431e-01
   endloop
 endfacet
 facet normal  -1.3013453082e-01 -9.3975683982e-01 3.1610454899e-01
   outer loop
     vertex 3.5008903537e+00 -7.1733341086e-01 2.9454453431e-01
     vertex 4.0004336331e+00 -7.8214053414e-01 3.0753040539e-01
     vertex 4.0000155914e+00 -7.0308797451e-01 5.4237606704e-01
   endloop
 endfacet
 facet normal  -1.2734637732e-01 -9.4196625248e-01 3.1061628962e-01
   outer loop
     vertex 3.5008903537e+00 -7.1733341086e-01 2.9454453431e-01
     vertex 4.0000155914e+00 -7.0308797451e-01 5.4237606704e-01
     vertex 3.5002632912e+00 -6.4169276948e-01 5.2367314003e-01
   endloop
 endfacet
 facet normal  -9.0278026590e-02 -4.6686997769e-01 8.7970580414e-01
   outer loop
     vertex 3.5002632912e+00 -6.4169276948e-01 5.2367314003e-01
     vertex 4.0000155914e+00 -7.0308797451e-01 5.4237606704e-01
     vertex 3.9991603564e+00 -4.3039713362e-01 6.8700846264e-01
   endloop
 endfacet
 facet normal  -7.0347687271e-02 -5.0078760194e-01 8.6270677559e-01
   outer loop
     vertex 3.5002632912e+00 -6.4169276948e-01 5.2367314003e-01
     vertex 3.9991603564e+00 -4.3039713362e-01 6.8700846264e-01
     vertex 3.4989804387e+00 -3.9260776166e-01 6.6815842931e-01
   endloop
 endfacet
 facet normal  -3.8987146003e-02 -1.7672473148e-02 9.9908342301e-01
   outer loop
     vertex 3.4989804387e+00 -3.9260776166e-01 6.6815842931e-01
     vertex 3.9991603564e+00 -4.3039713362e-01 6.8700846264e-01
     vertex 3.9986274781e+00 -5.4743232943e-18 6.9460082801e-01
   endloop
 endfacet
 facet normal  -2.9347122371e-02 -2.9943230670e-02 9.9912068808e-01
   outer loop
     vertex 3.4989804387e+00 -3.9260776166e-01 6.6815842931e-01
     vertex 3.9986274781e+00 -5.4743232943e-18 6.9460082801e-01
     vertex 3.4981811212e+00 -8.2114849414e-18 6.7990124201e-01
   endloop
 endfacet
 facet normal  -2.9347122371e-02 2.9943230670e-02 9.9912068808e-01
   outer loop
     vertex 3.4981811212e+00 -8.2114849414e-18 6.7990124201e-01
     vertex 3.9986274781e+00 -5.4743232943e-18 6.9460082801e-01
     vertex 3.4989804387e+00 3.9260776166e-01 6.6815842931e-01
   endloop
 endfacet
 facet normal  -3.8987146003e-02 1.7672473148e-02 9.9908342301e-01
   outer loop
     vertex 3.9986274781e+00 -5.4743232943e-18 6.9460082801e-01
     vertex 3.9991603564e+00 4.3039713362e-01 6.8700846264e-01
     vertex 3.4989804387e+00 3.9260776166e-01 6.6815842931e-01
   endloop
 endfacet
 facet normal  -7.0347687271e-02 5.0078760194e-01 8.6270677559e-01
   outer loop
     vertex 3.4989804387e+00 3.9260776166e-01 6.6815842931e-01
     vertex 3.9991603564e+00 4.3039713362e-01 6.8700846264e-01
     vertex 3.5002632912e+00 6.4169276948e-01 5.2367314003e-01
   endloop
 endfacet
 facet normal  -9.0278026590e-02 4.6686997769e-01 8.7970580414e-01
   outer loop
     vertex 3.9991603564e+00 4.3039713362e-01 6.8700846264e-01
     vertex 4.0000155914e+00 7.0308797451e-01 5.4237606704e-01
     vertex 3.5002632912e+00 6.4169276948e-01 5.2367314003e-01
   endloop
 endfacet
 facet normal  -1.2734637732e-01 9.4196625248e-01 3.1061628962e-01
   outer loop
     vertex 3.5002632912e+00 6.4169276948e-01 5.2367314003e-01
     vertex 4.0000155914e+00 7.0308797451e-01 5.4237606704e-01
     vertex 3.5008903537e+00 7.1733341086e-01 2.9454453431e-01
   endloop
 endfacet
 facet normal  -1.3013453082e-01 9.3975683982e-01 3.1610454899e-01
   outer loop
     vertex 4.0000155914e+00 7.0308797451e-01 5.4237606704e-01
     vertex 4.0004336331e+00 7.8214053414e-01 3.0753040539e-01
     vertex 3.5008903537e+00 7.1733341086e-01 2.9454453431e-01
   endloop
 endfacet
 facet normal  -1.2308161411e-01 9.8002862101e-01 -1.5618840632e-01
   outer loop
     vertex 3.5008903537e+00 7.1733341086e-01 2.9454453431e-01
     vertex 4.0004336331e+00 7.8214053414e-01 3.0753040539e-01
     vertex 3.5009582394e+00 6.7040000000e-01 0.0000000000e+00
   endloop
 endfacet
 facet normal  -1.1603156297e-01 9.7905678800e-01 -1.6728563076e-01
   outer loop
     vertex 4.0004336331e+00 7.8214053414e-01 3.0753040539e-01
     vertex 4.0004788902e+00 7.2960000000e-01 0.0000000000e+00
     vertex 3.5009582394e+00 6.7040000000e-01 0.0000000000e+00
   endloop
 endfacet
 facet normal  -9.7017175685e-02 9.7705841896e-01 -1.8959038364e-01
   outer loop
     vertex 4.0004788902e+00 7.2960000000e-01 0.0000000000e+00
     vertex 4.4999996940e+00 7.7920000000e-01 0.0000000000e+00
     vertex 4.4999846083e+00 7.1217727073e-01 -3.4539546295e-01
   endloop
 endfacet
 facet normal  -8.1718554915e-02 9.8243896673e-01 -1.6773715875e-01
   outer loop
     vertex 4.0004788902e+00 7.2960000000e-01 0.0000000000e+00
     vertex 4.4999846083e+00 7.1217727073e-01 -3.4539546295e-01
     vertex 4.0004336331e+00 6.7253877218e-01 -3.3418638884e-01
   endloop
 endfacet
 facet normal  -8.0889337228e-02 8.9588564710e-01 -4.3685904184e-01
   outer loop
     vertex 4.0004336331e+00 6.7253877218e-01 -3.3418638884e-01
     vertex 4.4999846083e+00 7.1217727073e-01 -3.4539546295e-01
     vertex 4.4998452611e+00 5.8114597452e-01 -6.1408118224e-01
   endloop
 endfacet
 facet normal  -3.0862289633e-02 9.3260168603e-01 -3.5958533659e-01
   outer loop
     vertex 4.0004336331e+00 6.7253877218e-01 -3.3418638884e-01
     vertex 4.4998452611e+00 5.8114597452e-01 -6.1408118224e-01
     vertex 4.0000155914e+00 5.6536779272e-01 -6.1210354574e-01
   endloop
 endfacet
 facet normal  -1.3499656028e-02 3.0843215232e-01 -9.5115054892e-01
   outer loop
     vertex 4.0000155914e+00 5.6536779272e-01 -6.1210354574e-01
     vertex 4.4998452611e+00 5.8114597452e-01 -6.1408118224e-01
     vertex 4.4995601827e+00 3.2434952511e-01 -6.9734921298e-01
   endloop
 endfacet
 facet normal  -2.4298681291e-02 2.8821008442e-01 -9.5725885806e-01
   outer loop
     vertex 4.0000155914e+00 5.6536779272e-01 -6.1210354574e-01
     vertex 4.4995601827e+00 3.2434952511e-01 -6.9734921298e-01
     vertex 3.9991603564e+00 3.1305553534e-01 -6.8804763893e-01
   endloop
 endfacet
 facet normal  -1.8736801162e-02 6.7436243546e-03 -9.9980170825e-01
   outer loop
     vertex 3.9991603564e+00 3.1305553534e-01 -6.8804763893e-01
     vertex 4.4995601827e+00 3.2434952511e-01 -6.9734921298e-01
     vertex 4.4993825566e+00 6.0825814381e-19 -6.9953360934e-01
   endloop
 endfacet
 facet normal  -9.8480480036e-03 2.0944148355e-02 -9.9973214343e-01
   outer loop
     vertex 3.9991603564e+00 3.1305553534e-01 -6.8804763893e-01
     vertex 4.4993825566e+00 6.0825814381e-19 -6.9953360934e-01
     vertex 3.9986274781e+00 1.8247744314e-18 -6.9460082801e-01
   endloop
 endfacet
 facet normal  -9.8480480036e-03 -2.0944148355e-02 -9.9973214343e-01
   outer loop
     vertex 3.9986274781e+00 1.8247744314e-18 -6.9460082801e-01
     vertex 4.4993825566e+00 6.0825814381e-19 -6.9953360934e-01
     vertex 3.9991603564e+00 -3.1305553534e-01 -6.8804763893e-01
   endloop
 endfacet
 facet normal  -1.8736801162e-02 -6.7436243546e-03 -9.9980170825e-01
   outer loop
     vertex 4.4993825566e+00 6.0825814381e-19 -6.9953360934e-01
     vertex 4.4995601827e+00 -3.2434952511e-01 -6.9734921298e-01
     vertex 3.9991603564e+00 -3.1305553534e-01 -6.8804763893e-01
   endloop
 endfacet
 facet normal  -2.4298681291e-02 -2.8821008442e-01 -9.5725885806e-01
   outer loop
     vertex 3.9991603564e+00 -3.1305553534e-01 -6.8804763893e-01
     vertex 4.4995601827e+00 -3.2434952511e-01 -6.9734921298e-01
     vertex 4.0000155914e+00 -5.6536779272e-01 -6.1210354574e-01
   endloop
 endfacet
 facet normal  -1.3499656028e-02 -3.0843215232e-01 -9.5115054892e-01
   outer loop
     vertex 4.4995601827e+00 -3.2434952511e-01 -6.9734921298e-01
     vertex 4.4998452611e+00 -5.8114597452e-01 -6.1408118224e-01
     vertex 4.0000155914e+00 -5.6536779272e-01 -6.1210354574e-01
   endloop
 endfacet
 facet normal  -3.0862289633e-02 -9.3260168603e-01 -3.5958533659e-01
   outer loop
     vertex 4.0000155914e+00 -5.6536779272e-01 -6.1210354574e-01
     vertex 4.4998452611e+00 -5.8114597452e-01 -6.1408118224e-01
     vertex 4.0004336331e+00 -6.7253877218e-01 -3.3418638884e-01
   endloop
 endfacet
 facet normal  -8.0889337228e-02 -8.9588564710e-01 -4.3685904184e-01
   outer loop
     vertex 4.4998452611e+00 -5.8114597452e-01 -6.1408118224e-01
     vertex 4.4999846083e+00 -7.1217727073e-01 -3.4539546295e-01
     vertex 4.0004336331e+00 -6.7253877218e-01 -3.3418638884e-01
   endloop
 endfacet
 facet normal  -8.1718554915e-02 -9.8243896673e-01 -1.6773715875e-01
   outer loop
     vertex 4.0004336331e+00 -6.7253877218e-01 -3.3418638884e-01
     vertex 4.4999846083e+00 -7.1217727073e-01 -3.4539546295e-01
     vertex 4.0004788902e+00 -7.2960000000e-01 -2.7939179454e-19
   endloop
 endfacet
 facet normal  -9.7017175685e-02 -9.7705841896e-01 -1.8959038364e-01
   outer loop
     vertex 4.4999846083e+00 -7.1217727073e-01 -3.4539546295e-01
     vertex 4.4999996940e+00 -7.7920000000e-01 -9.3130598181e-20
     vertex 4.0004788902e+00 -7.2960000000e-01 -2.7939179454e-19
   endloop
 endfacet
 facet normal  -9.7316990349e-02 -9.8007784763e-01 -1.7313814132e-01
   outer loop
     vertex 4.0004788902e+00 -7.2960000000e-01 -2.7939179454e-19
     vertex 4.4999996940e+00 -7.7920000000e-01 -9.3130598181e-20
     vertex 4.4999846083e+00 -8.3536992647e-01 3.1796788573e-01
   endloop
 endfacet
 facet normal  -1.0099437924e-01 -9.8067518084e-01 -1.6755991481e-01
   outer loop
     vertex 4.0004788902e+00 -7.2960000000e-01 -2.7939179454e-19
     vertex 4.4999846083e+00 -8.3536992647e-01 3.1796788573e-01
     vertex 4.0004336331e+00 -7.8214053414e-01 3.0753040539e-01
   endloop
 endfacet
 facet normal  -1.0684027972e-01 -9.3804845764e-01 3.2962136726e-01
   outer loop
     vertex 4.0004336331e+00 -7.8214053414e-01 3.0753040539e-01
     vertex 4.4999846083e+00 -8.3536992647e-01 3.1796788573e-01
     vertex 4.4998452611e+00 -7.5191185192e-01 5.5543073855e-01
   endloop
 endfacet
 facet normal  -1.0040040524e-01 -9.4301129753e-01 3.1725297691e-01
   outer loop
     vertex 4.0004336331e+00 -7.8214053414e-01 3.0753040539e-01
     vertex 4.4998452611e+00 -7.5191185192e-01 5.5543073855e-01
     vertex 4.0000155914e+00 -7.0308797451e-01 5.4237606704e-01
   endloop
 endfacet
 facet normal  -6.5960682424e-02 -4.3517595131e-01 8.9792598792e-01
   outer loop
     vertex 4.0000155914e+00 -7.0308797451e-01 5.4237606704e-01
     vertex 4.4998452611e+00 -7.5191185192e-01 5.5543073855e-01
     vertex 4.4995601827e+00 -4.5967281551e-01 6.9704218362e-01
   endloop
 endfacet
 facet normal  -4.5086459478e-02 -4.6819621316e-01 8.8247352207e-01
   outer loop
     vertex 4.0000155914e+00 -7.0308797451e-01 5.4237606704e-01
     vertex 4.4995601827e+00 -4.5967281551e-01 6.9704218362e-01
     vertex 3.9991603564e+00 -4.3039713362e-01 6.8700846264e-01
   endloop
 endfacet
 facet normal  -2.0364438958e-02 -5.4266633434e-03 9.9977789581e-01
   outer loop
     vertex 3.9991603564e+00 -4.3039713362e-01 6.8700846264e-01
     vertex 4.4995601827e+00 -4.5967281551e-01 6.9704218362e-01
     vertex 4.4993825566e+00 -1.8247744314e-18 6.9953360934e-01
   endloop
 endfacet
 facet normal  -9.8486744539e-03 -1.7648962060e-02 9.9979573801e-01
   outer loop
     vertex 3.9991603564e+00 -4.3039713362e-01 6.8700846264e-01
     vertex 4.4993825566e+00 -1.8247744314e-18 6.9953360934e-01
     vertex 3.9986274781e+00 -5.4743232943e-18 6.9460082801e-01
   endloop
 endfacet
 facet normal  -9.8486744539e-03 1.7648962060e-02 9.9979573801e-01
   outer loop
     vertex 3.9986274781e+00 -5.4743232943e-18 6.9460082801e-01
     vertex 4.4993825566e+00 -1.8247744314e-18 6.9953360934e-01
     vertex 3.9991603564e+00 4.3039713362e-01 6.8700846264e-01
   endloop
 endfacet
 facet normal  -2.0364438958e-02 5.4266633434e-03 9.9977789581e-01
   outer loop
     vertex 4.4993825566e+00 -1.8247744314e-18 6.9953360934e-01
     vertex 4.4995601827e+00 4.5967281551e-01 6.9704218362e-01
     vertex 3.9991603564e+00 4.3039713362e-01 6.8700846264e-01
   endloop
 endfacet
 facet normal  -4.5086459478e-02 4.6819621316e-01 8.8247352207e-01
   outer loop
     vertex 3.9991603564e+00 4.3039713362e-01 6.8700846264e-01
     vertex 4.4995601827e+00 4.5967281551e-01 6.9704218362e-01
     vertex 4.0000155914e+00 7.0308797451e-01 5.4237606704e-01
   endloop
 endfacet
 facet normal  -6.5960682424e-02 4.3517595131e-01 8.9792598792e-01
   outer loop
     vertex 4.4995601827e+00 4.5967281551e-01 6.9704218362e-01
     vertex 4.4998452611e+00 7.5191185192e-01 5.5543073855e-01
     vertex 4.0000155914e+00 7.0308797451e-01 5.4237606704e-01
   endloop
 endfacet
 facet normal  -1.0040040524e-01 9.4301129753e-01 3.1725297691e-01
   outer loop
     vertex 4.0000155914e+00 7.0308797451e-01 5.4237606704e-01
     vertex 4.4998452611e+00 7.5191185192e-01 5.5543073855e-01
     vertex 4.0004336331e+00 7.8214053414e-01 3.0753040539e-01
   endloop
 endfacet
 facet normal  -1.0684027972e-01 9.3804845764e-01 3.2962136726e-01
   outer loop
     vertex 4.4998452611e+00 7.5191185192e-01 5.5543073855e-01
     vertex 4.4999846083e+00 8.3536992647e-01 3.1796788573e-01
     vertex 4.0004336331e+00 7.8214053414e-01 3.0753040539e-01
   endloop
 endfacet
 facet normal  -1.0099437924e-01 9.8067518084e-01 -1.6755991481e-01
   outer loop
     vertex 4.0004336331e+00 7.8214053414e-01 3.0753040539e-01
     vertex 4.4999846083e+00 8.3536992647e-01 3.1796788573e-01
     vertex 4.0004788902e+00 7.2960000000e-01 0.0000000000e+00
   endloop
 endfacet
 facet normal  -9.7316990349e-02 9.8007784763e-01 -1.7313814132e-01
   outer loop
     vertex 4.4999846083e+00 8.3536992647e-01 3.1796788573e-01
     vertex 4.4999996940e+00 7.7920000000e-01 0.0000000000e+00
     vertex 4.0004788902e+00 7.2960000000e-01 0.0000000000e+00
   endloop
 endfacet
 facet normal  -4.0725929561e-02 9.7898929046e-01 -1.9980332285e-01
   outer loop
     vertex 4.4999996940e+00 7.7920000000e-01 0.0000000000e+00
     vertex 5.0000000000e+00 8.0000000000e-01 0.0000000000e+00
     vertex 5.0000000000e+00 7.2856800000e-01 -3.5000000000e-01
   endloop
 endfacet
 facet normal  -3.3914876727e-02 9.8112407488e-01 -1.9038206543e-01
   outer loop
     vertex 4.4999996940e+00 7.7920000000e-01 0.0000000000e+00
     vertex 5.0000000000e+00 7.2856800000e-01 -3.5000000000e-01
     vertex 4.4999846083e+00 7.1217727073e-01 -3.4539546295e-01
   endloop
 endfacet
 facet normal  -3.3230708497e-02 8.8132512526e-01 -4.7134036916e-01
   outer loop
     vertex 4.4999846083e+00 7.1217727073e-01 -3.4539546295e-01
     vertex 5.0000000000e+00 7.2856800000e-01 -3.5000000000e-01
     vertex 5.0000000000e+00 5.8719507778e-01 -6.1434296006e-01
   endloop
 endfacet
 facet normal  -1.1099438678e-02 8.9876135569e-01 -4.3829764771e-01
   outer loop
     vertex 4.4999846083e+00 7.1217727073e-01 -3.4539546295e-01
     vertex 5.0000000000e+00 5.8719507778e-01 -6.1434296006e-01
     vertex 4.4998452611e+00 5.8114597452e-01 -6.1408118224e-01
   endloop
 endfacet
 facet normal  -4.2993567090e-03 3.1440082050e-01 -9.4928059055e-01
   outer loop
     vertex 4.4998452611e+00 5.8114597452e-01 -6.1408118224e-01
     vertex 5.0000000000e+00 5.8719507778e-01 -6.1434296006e-01
     vertex 5.0000000000e+00 3.2856800000e-01 -7.0000000000e-01
   endloop
 endfacet
 facet normal  -7.6385366108e-03 3.0844537317e-01 -9.5121138793e-01
   outer loop
     vertex 4.4998452611e+00 5.8114597452e-01 -6.1408118224e-01
     vertex 5.0000000000e+00 3.2856800000e-01 -7.0000000000e-01
     vertex 4.4995601827e+00 3.2434952511e-01 -6.9734921298e-01
   endloop
 endfacet
 facet normal  -5.2968403929e-03 -0.0000000000e+00 -9.9998597164e-01
   outer loop
     vertex 4.4995601827e+00 3.2434952511e-01 -6.9734921298e-01
     vertex 5.0000000000e+00 3.2856800000e-01 -7.0000000000e-01
     vertex 5.0000000000e+00 0.0000000000e+00 -7.0000000000e-01
   endloop
 endfacet
 facet normal  -9.3160933684e-04 6.7350533203e-03 -9.9997688531e-01
   outer loop
     vertex 4.4995601827e+00 3.2434952511e-01 -6.9734921298e-01
     vertex 5.0000000000e+00 0.0000000000e+00 -7.0000000000e-01
     vertex 4.4993825566e+00 6.0825814381e-19 -6.9953360934e-01
   endloop
 endfacet
 facet normal  -9.3160933684e-04 -6.7350533203e-03 -9.9997688531e-01
   outer loop
     vertex 4.4993825566e+00 6.0825814381e-19 -6.9953360934e-01
     vertex 5.0000000000e+00 0.0000000000e+00 -7.0000000000e-01
     vertex 4.4995601827e+00 -3.2434952511e-01 -6.9734921298e-01
   endloop
 endfacet
 facet normal  -5.2968403929e-03 -1.4318312585e-17 -9.9998597164e-01
   outer loop
     vertex 5.0000000000e+00 0.0000000000e+00 -7.0000000000e-01
     vertex 5.0000000000e+00 -3.2856800000e-01 -7.0000000000e-01
     vertex 4.4995601827e+00 -3.2434952511e-01 -6.9734921298e-01
   endloop
 endfacet
 facet normal  -7.6385366108e-03 -3.0844537317e-01 -9.5121138793e-01
   outer loop
     vertex 4.4995601827e+00 -3.2434952511e-01 -6.9734921298e-01
     vertex 5.0000000000e+00 -3.2856800000e-01 -7.0000000000e-01
     vertex 4.4998452611e+00 -5.8114597452e-01 -6.1408118224e-01
   endloop
 endfacet
 facet normal  -4.2993567090e-03 -3.1440082050e-01 -9.4928059055e-01
   outer loop
     vertex 5.0000000000e+00 -3.2856800000e-01 -7.0000000000e-01
     vertex 5.0000000000e+00 -5.8719507778e-01 -6.1434296006e-01
     vertex 4.4998452611e+00 -5.8114597452e-01 -6.1408118224e-01
   endloop
 endfacet
 facet normal  -1.1099438678e-02 -8.9876135569e-01 -4.3829764771e-01
   outer loop
     vertex 4.4998452611e+00 -5.8114597452e-01 -6.1408118224e-01
     vertex 5.0000000000e+00 -5.8719507778e-01 -6.1434296006e-01
     vertex 4.4999846083e+00 -7.1217727073e-01 -3.4539546295e-01
   endloop
 endfacet
 facet normal  -3.3230708497e-02 -8.8132512526e-01 -4.7134036916e-01
   outer loop
     vertex 5.0000000000e+00 -5.8719507778e-01 -6.1434296006e-01
     vertex 5.0000000000e+00 -7.2856800000e-01 -3.5000000000e-01
     vertex 4.4999846083e+00 -7.1217727073e-01 -3.4539546295e-01
   endloop
 endfacet
 facet normal  -3.3914876727e-02 -9.8112407488e-01 -1.9038206543e-01
   outer loop
     vertex 4.4999846083e+00 -7.1217727073e-01 -3.4539546295e-01
     vertex 5.0000000000e+00 -7.2856800000e-01 -3.5000000000e-01
     vertex 4.4999996940e+00 -7.7920000000e-01 -9.3130598181e-20
   endloop
 endfacet
 facet normal  -4.0725929561e-02 -9.7898929046e-01 -1.9980332285e-01
   outer loop
     vertex 5.0000000000e+00 -7.2856800000e-01 -3.5000000000e-01
     vertex 5.0000000000e+00 -8.0000000000e-01 0.0000000000e+00
     vertex 4.4999996940e+00 -7.7920000000e-01 -9.3130598181e-20
   endloop
 endfacet
 facet normal  -4.0919714880e-02 -9.8364759425e-01 -1.7539380621e-01
   outer loop
     vertex 4.4999996940e+00 -7.7920000000e-01 -9.3130598181e-20
     vertex 5.0000000000e+00 -8.0000000000e-01 0.0000000000e+00
     vertex 5.0000000000e+00 -8.5746006282e-01 3.2224885121e-01
   endloop
 endfacet
 facet normal  -4.1978858361e-02 -9.8388442857e-01 -1.7380795915e-01
   outer loop
     vertex 4.4999996940e+00 -7.7920000000e-01 -9.3130598181e-20
     vertex 5.0000000000e+00 -8.5746006282e-01 3.2224885121e-01
     vertex 4.4999846083e+00 -8.3536992647e-01 3.1796788573e-01
   endloop
 endfacet
 facet normal  -4.4425298534e-02 -9.4004748681e-01 3.3813771661e-01
   outer loop
     vertex 4.4999846083e+00 -8.3536992647e-01 3.1796788573e-01
     vertex 5.0000000000e+00 -8.5746006282e-01 3.2224885121e-01
     vertex 5.0000000000e+00 -7.7181882754e-01 5.6033772459e-01
   endloop
 endfacet
 facet normal  -4.0769235555e-02 -9.4265195507e-01 3.3127807207e-01
   outer loop
     vertex 4.4999846083e+00 -8.3536992647e-01 3.1796788573e-01
     vertex 5.0000000000e+00 -7.7181882754e-01 5.6033772459e-01
     vertex 4.4998452611e+00 -7.5191185192e-01 5.5543073855e-01
   endloop
 endfacet
 facet normal  -2.5668301153e-02 -4.2146146930e-01 9.0648296631e-01
   outer loop
     vertex 4.4998452611e+00 -7.5191185192e-01 5.5543073855e-01
     vertex 5.0000000000e+00 -7.7181882754e-01 5.6033772459e-01
     vertex 5.0000000000e+00 -4.7143200000e-01 7.0000000000e-01
   endloop
 endfacet
 facet normal  -1.5563957352e-02 -4.3603298999e-01 8.9979608516e-01
   outer loop
     vertex 4.4998452611e+00 -7.5191185192e-01 5.5543073855e-01
     vertex 5.0000000000e+00 -4.7143200000e-01 7.0000000000e-01
     vertex 4.4995601827e+00 -4.5967281551e-01 6.9704218362e-01
   endloop
 endfacet
 facet normal  -5.9103305114e-03 0.0000000000e+00 9.9998253384e-01
   outer loop
     vertex 4.4995601827e+00 -4.5967281551e-01 6.9704218362e-01
     vertex 5.0000000000e+00 -4.7143200000e-01 7.0000000000e-01
     vertex 5.0000000000e+00 0.0000000000e+00 7.0000000000e-01
   endloop
 endfacet
 facet normal  -9.3161678143e-04 -5.4202759734e-03 9.9998487623e-01
   outer loop
     vertex 4.4995601827e+00 -4.5967281551e-01 6.9704218362e-01
     vertex 5.0000000000e+00 0.0000000000e+00 7.0000000000e-01
     vertex 4.4993825566e+00 -1.8247744314e-18 6.9953360934e-01
   endloop
 endfacet
 facet normal  -9.3161678143e-04 5.4202759734e-03 9.9998487623e-01
   outer loop
     vertex 4.4993825566e+00 -1.8247744314e-18 6.9953360934e-01
     vertex 5.0000000000e+00 0.0000000000e+00 7.0000000000e-01
     vertex 4.4995601827e+00 4.5967281551e-01 6.9704218362e-01
   endloop
 endfacet
 facet normal  -5.9103305114e-03 0.0000000000e+00 9.9998253384e-01
   outer loop
     vertex 5.0000000000e+00 0.0000000000e+00 7.0000000000e-01
     vertex 5.0000000000e+00 4.7143200000e-01 7.0000000000e-01
     vertex 4.4995601827e+00 4.5967281551e-01 6.9704218362e-01
   endloop
 endfacet
 facet normal  -1.5563957352e-02 4.3603298999e-01 8.9979608516e-01
   outer loop
     vertex 4.4995601827e+00 4.5967281551e-01 6.9704218362e-01
     vertex 5.0000000000e+00 4.7143200000e-01 7.0000000000e-01
     vertex 4.4998452611e+00 7.5191185192e-01 5.5543073855e-01
   endloop
 endfacet
 facet normal  -2.5668301153e-02 4.2146146930e-01 9.0648296631e-01
   outer loop
     vertex 5.0000000000e+00 4.7143200000e-01 7.0000000000e-01
     vertex 5.0000000000e+00 7.7181882754e-01 5.6033772459e-01
     vertex 4.4998452611e+00 7.5191185192e-01 5.5543073855e-01
   endloop
 endfacet
 facet normal  -4.0769235555e-02 9.4265195507e-01 3.3127807207e-01
   outer loop
     vertex 4.4998452611e+00 7.5191185192e-01 5.5543073855e-01
     vertex 5.0000000000e+00 7.7181882754e-01 5.6033772459e-01
     vertex 4.4999846083e+00 8.3536992647e-01 3.1796788573e-01
   endloop
 endfacet
 facet normal  -4.4425298534e-02 9.4004748681e-01 3.3813771661e-01
   outer loop
     vertex 5.0000000000e+00 7.7181882754e-01 5.6033772459e-01
     vertex 5.0000000000e+00 8.5746006282e-01 3.2224885121e-01
     vertex 4.4999846083e+00 8.3536992647e-01 3.1796788573e-01
   endloop
 endfacet
 facet normal  -4.1978858361e-02 9.8388442857e-01 -1.7380795915e-01
   outer loop
     vertex 4.4999846083e+00 8.3536992647e-01 3.1796788573e-01
     vertex 5.0000000000e+00 8.5746006282e-01 3.2224885121e-01
     vertex 4.4999996940e+00 7.7920000000e-01 0.0000000000e+00
   endloop
 endfacet
 facet normal  -4.0919714880e-02 9.8364759425e-01 -1.7539380621e-01
   outer loop
     vertex 5.0000000000e+00 8.5746006282e-01 3.2224885121e-01
     vertex 5.0000000000e+00 8.0000000000e-01 0.0000000000e+00
     vertex 4.4999996940e+00 7.7920000000e-01 0.0000000000e+00
   endloop
 endfacet
 facet normal  0.0000000000e+00 9.7853226209e-01 -2.0609369725e-01
   outer loop
     vertex 5.0000000000e+00 8.0000000000e-01 0.0000000000e+00
     vertex 5.5001919233e+00 8.0000000000e-01 0.0000000000e+00
     vertex 5.5001919233e+00 7.2737990400e-01 -3.4480000000e-01
   endloop
 endfacet
 facet normal  4.4061439801e-03 9.7979266723e-01 -1.9996728516e-01
   outer loop
     vertex 5.0000000000e+00 8.0000000000e-01 0.0000000000e+00
     vertex 5.5001919233e+00 7.2737990400e-01 -3.4480000000e-01
     vertex 5.0000000000e+00 7.2856800000e-01 -3.5000000000e-01
   endloop
 endfacet
 facet normal  7.0544170624e-03 8.7840077846e-01 -4.7787268974e-01
   outer loop
     vertex 5.0000000000e+00 7.2856800000e-01 -3.5000000000e-01
     vertex 5.5001919233e+00 7.2737990400e-01 -3.4480000000e-01
     vertex 5.5001919233e+00 5.8594590040e-01 -6.0477664551e-01
   endloop
 endfacet
 facet normal  1.1221029429e-02 8.8175662661e-01 -4.7157113985e-01
   outer loop
     vertex 5.0000000000e+00 7.2856800000e-01 -3.5000000000e-01
     vertex 5.5001919233e+00 5.8594590040e-01 -6.0477664551e-01
     vertex 5.0000000000e+00 5.8719507778e-01 -6.1434296006e-01
   endloop
 endfacet
 facet normal  1.8947480518e-02 3.1165270858e-01 -9.5000714851e-01
   outer loop
     vertex 5.0000000000e+00 5.8719507778e-01 -6.1434296006e-01
     vertex 5.5001919233e+00 5.8594590040e-01 -6.0477664551e-01
     vertex 5.5001919233e+00 3.2737990400e-01 -6.8960000000e-01
   endloop
 endfacet
 facet normal  2.0480143104e-02 3.1433778323e-01 -9.4909026008e-01
   outer loop
     vertex 5.0000000000e+00 5.8719507778e-01 -6.1434296006e-01
     vertex 5.5001919233e+00 3.2737990400e-01 -6.8960000000e-01
     vertex 5.0000000000e+00 3.2856800000e-01 -7.0000000000e-01
   endloop
 endfacet
 facet normal  2.0787526234e-02 3.3905047612e-16 -9.9978391603e-01
   outer loop
     vertex 5.0000000000e+00 3.2856800000e-01 -7.0000000000e-01
     vertex 5.5001919233e+00 3.2737990400e-01 -6.8960000000e-01
     vertex 5.5001919233e+00 0.0000000000e+00 -6.8960000000e-01
   endloop
 endfacet
 facet normal  2.0787526234e-02 0.0000000000e+00 -9.9978391603e-01
   outer loop
     vertex 5.0000000000e+00 3.2856800000e-01 -7.0000000000e-01
     vertex 5.5001919233e+00 0.0000000000e+00 -6.8960000000e-01
     vertex 5.0000000000e+00 0.0000000000e+00 -7.0000000000e-01
   endloop
 endfacet
 facet normal  2.0787526234e-02 5.2764820731e-17 -9.9978391603e-01
   outer loop
     vertex 5.0000000000e+00 0.0000000000e+00 -7.0000000000e-01
     vertex 5.5001919233e+00 0.0000000000e+00 -6.8960000000e-01
     vertex 5.0000000000e+00 -3.2856800000e-01 -7.0000000000e-01
   endloop
 endfacet
 facet normal  2.0787526234e-02 1.6918905505e-16 -9.9978391603e-01
   outer loop
     vertex 5.5001919233e+00 0.0000000000e+00 -6.8960000000e-01
     vertex 5.5001919233e+00 -3.2737990400e-01 -6.8960000000e-01
     vertex 5.0000000000e+00 -3.2856800000e-01 -7.0000000000e-01
   endloop
 endfacet
 facet normal  2.0480143104e-02 -3.1433778323e-01 -9.4909026008e-01
   outer loop
     vertex 5.0000000000e+00 -3.2856800000e-01 -7.0000000000e-01
     vertex 5.5001919233e+00 -3.2737990400e-01 -6.8960000000e-01
     vertex 5.0000000000e+00 -5.8719507778e-01 -6.1434296006e-01
   endloop
 endfacet
 facet normal  1.8947480518e-02 -3.1165270858e-01 -9.5000714851e-01
   outer loop
     vertex 5.5001919233e+00 -3.2737990400e-01 -6.8960000000e-01
     vertex 5.5001919233e+00 -5.8594590040e-01 -6.0477664551e-01
     vertex 5.0000000000e+00 -5.8719507778e-01 -6.1434296006e-01
   endloop
 endfacet
 facet normal  1.1221029429e-02 -8.8175662661e-01 -4.7157113985e-01
   outer loop
     vertex 5.0000000000e+00 -5.8719507778e-01 -6.1434296006e-01
     vertex 5.5001919233e+00 -5.8594590040e-01 -6.0477664551e-01
     vertex 5.0000000000e+00 -7.2856800000e-01 -3.5000000000e-01
   endloop
 endfacet
 facet normal  7.0544170624e-03 -8.7840077846e-01 -4.7787268974e-01
   outer loop
     vertex 5.5001919233e+00 -5.8594590040e-01 -6.0477664551e-01
     vertex 5.5001919233e+00 -7.2737990400e-01 -3.4480000000e-01
     vertex 5.0000000000e+00 -7.2856800000e-01 -3.5000000000e-01
   endloop
 endfacet
 facet normal  4.4061439801e-03 -9.7979266723e-01 -1.9996728516e-01
   outer loop
     vertex 5.0000000000e+00 -7.2856800000e-01 -3.5000000000e-01
     vertex 5.5001919233e+00 -7.2737990400e-01 -3.4480000000e-01
     vertex 5.0000000000e+00 -8.0000000000e-01 0.0000000000e+00
   endloop
 endfacet
 facet normal  -0.0000000000e+00 -9.7853226209e-01 -2.0609369725e-01
   outer loop
     vertex 5.5001919233e+00 -7.2737990400e-01 -3.4480000000e-01
     vertex 5.5001919233e+00 -8.0000000000e-01 0.0000000000e+00
     vertex 5.0000000000e+00 -8.0000000000e-01 0.0000000000e+00
   endloop
 endfacet
 facet normal  -0.0000000000e+00 -9.8442344382e-01 -1.7581377439e-01
   outer loop
     vertex 5.0000000000e+00 -8.0000000000e-01 0.0000000000e+00
     vertex 5.5001919233e+00 -8.0000000000e-01 0.0000000000e+00
     vertex 5.5001919233e+00 -8.5620187709e-01 3.1468777453e-01
   endloop
 endfacet
 facet normal  -1.7718974660e-04 -9.8447213554e-01 -1.7554082984e-01
   outer loop
     vertex 5.0000000000e+00 -8.0000000000e-01 0.0000000000e+00
     vertex 5.5001919233e+00 -8.5620187709e-01 3.1468777453e-01
     vertex 5.0000000000e+00 -8.5746006282e-01 3.2224885121e-01
   endloop
 endfacet
 facet normal  7.5057884053e-03 -9.4037632531e-01 3.4005298108e-01
   outer loop
     vertex 5.0000000000e+00 -8.5746006282e-01 3.2224885121e-01
     vertex 5.5001919233e+00 -8.5620187709e-01 3.1468777453e-01
     vertex 5.5001919233e+00 -7.7151459593e-01 5.4888044065e-01
   endloop
 endfacet
 facet normal  8.3250024885e-03 -9.4094389633e-01 3.3846015762e-01
   outer loop
     vertex 5.0000000000e+00 -8.5746006282e-01 3.2224885121e-01
     vertex 5.5001919233e+00 -7.7151459593e-01 5.4888044065e-01
     vertex 5.0000000000e+00 -7.7181882754e-01 5.6033772459e-01
   endloop
 endfacet
 facet normal  2.0984608822e-02 -4.2524349997e-01 9.0483568228e-01
   outer loop
     vertex 5.0000000000e+00 -7.7181882754e-01 5.6033772459e-01
     vertex 5.5001919233e+00 -7.7151459593e-01 5.4888044065e-01
     vertex 5.5001919233e+00 -4.7212992026e-01 6.8958155337e-01
   endloop
 endfacet
 facet normal  1.8295940401e-02 -4.2152981089e-01 9.0662995599e-01
   outer loop
     vertex 5.0000000000e+00 -7.7181882754e-01 5.6033772459e-01
     vertex 5.5001919233e+00 -4.7212992026e-01 6.8958155337e-01
     vertex 5.0000000000e+00 -4.7143200000e-01 7.0000000000e-01
   endloop
 endfacet
 facet normal  2.0824326902e-02 -3.9062621372e-05 9.9978314943e-01
   outer loop
     vertex 5.0000000000e+00 -4.7143200000e-01 7.0000000000e-01
     vertex 5.5001919233e+00 -4.7212992026e-01 6.8958155337e-01
     vertex 5.5001919233e+00 0.0000000000e+00 6.8960000000e-01
   endloop
 endfacet
 facet normal  2.0787526234e-02 0.0000000000e+00 9.9978391603e-01
   outer loop
     vertex 5.0000000000e+00 -4.7143200000e-01 7.0000000000e-01
     vertex 5.5001919233e+00 0.0000000000e+00 6.8960000000e-01
     vertex 5.0000000000e+00 0.0000000000e+00 7.0000000000e-01
   endloop
 endfacet
 facet normal  2.0787526234e-02 0.0000000000e+00 9.9978391603e-01
   outer loop
     vertex 5.0000000000e+00 0.0000000000e+00 7.0000000000e-01
     vertex 5.5001919233e+00 0.0000000000e+00 6.8960000000e-01
     vertex 5.0000000000e+00 4.7143200000e-01 7.0000000000e-01
   endloop
 endfacet
 facet normal  2.0824326902e-02 3.9062621372e-05 9.9978314943e-01
   outer loop
     vertex 5.5001919233e+00 0.0000000000e+00 6.8960000000e-01
     vertex 5.5001919233e+00 4.7212992026e-01 6.8958155337e-01
     vertex 5.0000000000e+00 4.7143200000e-01 7.0000000000e-01
   endloop
 endfacet
 facet normal  1.8295940401e-02 4.2152981089e-01 9.0662995599e-01
   outer loop
     vertex 5.0000000000e+00 4.7143200000e-01 7.0000000000e-01
     vertex 5.5001919233e+00 4.7212992026e-01 6.8958155337e-01
     vertex 5.0000000000e+00 7.7181882754e-01 5.6033772459e-01
   endloop
 endfacet
 facet normal  2.0984608822e-02 4.2524349997e-01 9.0483568228e-01
   outer loop
     vertex 5.5001919233e+00 4.7212992026e-01 6.8958155337e-01
     vertex 5.5001919233e+00 7.7151459593e-01 5.4888044065e-01
     vertex 5.0000000000e+00 7.7181882754e-01 5.6033772459e-01
   endloop
 endfacet
 facet normal  8.3250024885e-03 9.4094389633e-01 3.3846015762e-01
   outer loop
     vertex 5.0000000000e+00 7.7181882754e-01 5.6033772459e-01
     vertex 5.5001919233e+00 7.7151459593e-01 5.4888044065e-01
     vertex 5.0000000000e+00 8.5746006282e-01 3.2224885121e-01
   endloop
 endfacet
 facet normal  7.5057884053e-03 9.4037632531e-01 3.4005298108e-01
   outer loop
     vertex 5.5001919233e+00 7.7151459593e-01 5.4888044065e-01
     vertex 5.5001919233e+00 8.5620187709e-01 3.1468777453e-01
     vertex 5.0000000000e+00 8.5746006282e-01 3.2224885121e-01
   endloop
 endfacet
 facet normal  -1.7718974660e-04 9.8447213554e-01 -1.7554082984e-01
   outer loop
     vertex 5.0000000000e+00 8.5746006282e-01 3.2224885121e-01
     vertex 5.5001919233e+00 8.5620187709e-01 3.1468777453e-01
     vertex 5.0000000000e+00 8.0000000000e-01 0.0000000000e+00
   endloop
 endfacet
 facet normal  0.0000000000e+00 9.8442344382e-01 -1.7581377439e-01
   outer loop
     vertex 5.5001919233e+00 8.5620187709e-01 3.1468777453e-01
     vertex 5.5001919233e+00 8.0000000000e-01 0.0000000000e+00
     vertex 5.0000000000e+00 8.0000000000e-01 0.0000000000e+00
   endloop
 endfacet
 facet normal  2.1657752937e-16 9.7519128276e-01 -2.2136386795e-01
   outer loop
     vertex 5.5001919233e+00 8.0000000000e-01 0.0000000000e+00
     vertex 6.0000959616e+00 8.0000000000e-01 0.0000000000e+00
     vertex 6.0000959616e+00 7.2454675200e-01 -3.3240000000e-01
   endloop
 endfacet
 facet normal  1.0657225192e-02 9.7847669140e-01 -2.0608199322e-01
   outer loop
     vertex 5.5001919233e+00 8.0000000000e-01 0.0000000000e+00
     vertex 6.0000959616e+00 7.2454675200e-01 -3.3240000000e-01
     vertex 5.5001919233e+00 7.2737990400e-01 -3.4480000000e-01
   endloop
 endfacet
 facet normal  1.7166379723e-02 8.6965520678e-01 -4.9336106122e-01
   outer loop
     vertex 5.5001919233e+00 7.2737990400e-01 -3.4480000000e-01
     vertex 6.0000959616e+00 7.2454675200e-01 -3.3240000000e-01
     vertex 6.0000959616e+00 5.8296709280e-01 -5.8196466466e-01
   endloop
 endfacet
 facet normal  2.7031600245e-02 8.7810164238e-01 -4.7770995200e-01
   outer loop
     vertex 5.5001919233e+00 7.2737990400e-01 -3.4480000000e-01
     vertex 6.0000959616e+00 5.8296709280e-01 -5.8196466466e-01
     vertex 5.5001919233e+00 5.8594590040e-01 -6.0477664551e-01
   endloop
 endfacet
 facet normal  4.5227386953e-02 3.0493407498e-01 -9.5129895059e-01
   outer loop
     vertex 5.5001919233e+00 5.8594590040e-01 -6.0477664551e-01
     vertex 6.0000959616e+00 5.8296709280e-01 -5.8196466466e-01
     vertex 6.0000959616e+00 3.2454675200e-01 -6.6480000000e-01
   endloop
 endfacet
 facet normal  4.8846060765e-02 3.1133658560e-01 -9.4904351471e-01
   outer loop
     vertex 5.5001919233e+00 5.8594590040e-01 -6.0477664551e-01
     vertex 6.0000959616e+00 3.2454675200e-01 -6.6480000000e-01
     vertex 5.5001919233e+00 3.2737990400e-01 -6.8960000000e-01
   endloop
 endfacet
 facet normal  4.9548586563e-02 0.0000000000e+00 -9.9877171444e-01
   outer loop
     vertex 5.5001919233e+00 3.2737990400e-01 -6.8960000000e-01
     vertex 6.0000959616e+00 3.2454675200e-01 -6.6480000000e-01
     vertex 6.0000959616e+00 0.0000000000e+00 -6.6480000000e-01
   endloop
 endfacet
 facet normal  4.9548586563e-02 3.3877223279e-16 -9.9877171444e-01
   outer loop
     vertex 5.5001919233e+00 3.2737990400e-01 -6.8960000000e-01
     vertex 6.0000959616e+00 0.0000000000e+00 -6.6480000000e-01
     vertex 5.5001919233e+00 0.0000000000e+00 -6.8960000000e-01
   endloop
 endfacet
 facet normal  4.9548586563e-02 4.0229202643e-16 -9.9877171444e-01
   outer loop
     vertex 5.5001919233e+00 0.0000000000e+00 -6.8960000000e-01
     vertex 6.0000959616e+00 0.0000000000e+00 -6.6480000000e-01
     vertex 5.5001919233e+00 -3.2737990400e-01 -6.8960000000e-01
   endloop
 endfacet
 facet normal  4.9548586563e-02 5.4239316882e-16 -9.9877171444e-01
   outer loop
     vertex 6.0000959616e+00 0.0000000000e+00 -6.6480000000e-01
     vertex 6.0000959616e+00 -3.2454675200e-01 -6.6480000000e-01
     vertex 5.5001919233e+00 -3.2737990400e-01 -6.8960000000e-01
   endloop
 endfacet
 facet normal  4.8846060765e-02 -3.1133658560e-01 -9.4904351471e-01
   outer loop
     vertex 5.5001919233e+00 -3.2737990400e-01 -6.8960000000e-01
     vertex 6.0000959616e+00 -3.2454675200e-01 -6.6480000000e-01
     vertex 5.5001919233e+00 -5.8594590040e-01 -6.0477664551e-01
   endloop
 endfacet
 facet normal  4.5227386953e-02 -3.0493407498e-01 -9.5129895059e-01
   outer loop
     vertex 6.0000959616e+00 -3.2454675200e-01 -6.6480000000e-01
     vertex 6.0000959616e+00 -5.8296709280e-01 -5.8196466466e-01
     vertex 5.5001919233e+00 -5.8594590040e-01 -6.0477664551e-01
   endloop
 endfacet
 facet normal  2.7031600245e-02 -8.7810164238e-01 -4.7770995200e-01
   outer loop
     vertex 5.5001919233e+00 -5.8594590040e-01 -6.0477664551e-01
     vertex 6.0000959616e+00 -5.8296709280e-01 -5.8196466466e-01
     vertex 5.5001919233e+00 -7.2737990400e-01 -3.4480000000e-01
   endloop
 endfacet
 facet normal  1.7166379723e-02 -8.6965520678e-01 -4.9336106122e-01
   outer loop
     vertex 6.0000959616e+00 -5.8296709280e-01 -5.8196466466e-01
     vertex 6.0000959616e+00 -7.2454675200e-01 -3.3240000000e-01
     vertex 5.5001919233e+00 -7.2737990400e-01 -3.4480000000e-01
   endloop
 endfacet
 facet normal  1.0657225192e-02 -9.7847669140e-01 -2.0608199322e-01
   outer loop
     vertex 5.5001919233e+00 -7.2737990400e-01 -3.4480000000e-01
     vertex 6.0000959616e+00 -7.2454675200e-01 -3.3240000000e-01
     vertex 5.5001919233e+00 -8.0000000000e-01 0.0000000000e+00
   endloop
 endfacet
 facet normal  2.1657752937e-16 -9.7519128276e-01 -2.2136386795e-01
   outer loop
     vertex 6.0000959616e+00 -7.2454675200e-01 -3.3240000000e-01
     vertex 6.0000959616e+00 -8.0000000000e-01 0.0000000000e+00
     vertex 5.5001919233e+00 -8.0000000000e-01 0.0000000000e+00
   endloop
 endfacet
 facet normal  2.1859978112e-16 -9.8429694703e-01 -1.7652059388e-01
   outer loop
     vertex 5.5001919233e+00 -8.0000000000e-01 0.0000000000e+00
     vertex 6.0000959616e+00 -8.0000000000e-01 0.0000000000e+00
     vertex 6.0000959616e+00 -8.5320158804e-01 2.9665751477e-01
   endloop
 endfacet
 facet normal  -4.3290932784e-04 -9.8442335157e-01 -1.7581375792e-01
   outer loop
     vertex 5.5001919233e+00 -8.0000000000e-01 0.0000000000e+00
     vertex 6.0000959616e+00 -8.5320158804e-01 2.9665751477e-01
     vertex 5.5001919233e+00 -8.5620187709e-01 3.1468777453e-01
   endloop
 endfacet
 facet normal  1.8041911311e-02 -9.3879294978e-01 3.4400913778e-01
   outer loop
     vertex 5.5001919233e+00 -8.5620187709e-01 3.1468777453e-01
     vertex 6.0000959616e+00 -8.5320158804e-01 2.9665751477e-01
     vertex 6.0000959616e+00 -7.7078912055e-01 5.2155922511e-01
   endloop
 endfacet
 facet normal  1.9946183115e-02 -9.4021572701e-01 3.3999490653e-01
   outer loop
     vertex 5.5001919233e+00 -8.5620187709e-01 3.1468777453e-01
     vertex 6.0000959616e+00 -7.7078912055e-01 5.2155922511e-01
     vertex 5.5001919233e+00 -7.7151459593e-01 5.4888044065e-01
   endloop
 endfacet
 facet normal  4.9799000761e-02 -4.3372188323e-01 8.9966959909e-01
   outer loop
     vertex 5.5001919233e+00 -7.7151459593e-01 5.4888044065e-01
     vertex 6.0000959616e+00 -7.7078912055e-01 5.2155922511e-01
     vertex 6.0000959616e+00 -4.7379419165e-01 6.6473756524e-01
   endloop
 endfacet
 facet normal  4.3520689985e-02 -4.2493416377e-01 9.0417747484e-01
   outer loop
     vertex 5.5001919233e+00 -7.7151459593e-01 5.4888044065e-01
     vertex 6.0000959616e+00 -4.7379419165e-01 6.6473756524e-01
     vertex 5.5001919233e+00 -4.7212992026e-01 6.8958155337e-01
   endloop
 endfacet
 facet normal  4.9635817765e-02 -1.3161368057e-04 9.9876737445e-01
   outer loop
     vertex 5.5001919233e+00 -4.7212992026e-01 6.8958155337e-01
     vertex 6.0000959616e+00 -4.7379419165e-01 6.6473756524e-01
     vertex 6.0000959616e+00 0.0000000000e+00 6.6480000000e-01
   endloop
 endfacet
 facet normal  4.9548586525e-02 -3.9023103470e-05 9.9877171368e-01
   outer loop
     vertex 5.5001919233e+00 -4.7212992026e-01 6.8958155337e-01
     vertex 6.0000959616e+00 0.0000000000e+00 6.6480000000e-01
     vertex 5.5001919233e+00 0.0000000000e+00 6.8960000000e-01
   endloop
 endfacet
 facet normal  4.9548586525e-02 3.9023103471e-05 9.9877171368e-01
   outer loop
     vertex 5.5001919233e+00 0.0000000000e+00 6.8960000000e-01
     vertex 6.0000959616e+00 0.0000000000e+00 6.6480000000e-01
     vertex 5.5001919233e+00 4.7212992026e-01 6.8958155337e-01
   endloop
 endfacet
 facet normal  4.9635817765e-02 1.3161368058e-04 9.9876737445e-01
   outer loop
     vertex 6.0000959616e+00 0.0000000000e+00 6.6480000000e-01
     vertex 6.0000959616e+00 4.7379419165e-01 6.6473756524e-01
     vertex 5.5001919233e+00 4.7212992026e-01 6.8958155337e-01
   endloop
 endfacet
 facet normal  4.3520689985e-02 4.2493416377e-01 9.0417747484e-01
   outer loop
     vertex 5.5001919233e+00 4.7212992026e-01 6.8958155337e-01
     vertex 6.0000959616e+00 4.7379419165e-01 6.6473756524e-01
     vertex 5.5001919233e+00 7.7151459593e-01 5.4888044065e-01
   endloop
 endfacet
 facet normal  4.9799000761e-02 4.3372188323e-01 8.9966959909e-01
   outer loop
     vertex 6.0000959616e+00 4.7379419165e-01 6.6473756524e-01
     vertex 6.0000959616e+00 7.7078912055e-01 5.2155922511e-01
     vertex 5.5001919233e+00 7.7151459593e-01 5.4888044065e-01
   endloop
 endfacet
 facet normal  1.9946183115e-02 9.4021572701e-01 3.3999490653e-01
   outer loop
     vertex 5.5001919233e+00 7.7151459593e-01 5.4888044065e-01
     vertex 6.0000959616e+00 7.7078912055e-01 5.2155922511e-01
     vertex 5.5001919233e+00 8.5620187709e-01 3.1468777453e-01
   endloop
 endfacet
 facet normal  1.8041911311e-02 9.3879294978e-01 3.4400913778e-01
   outer loop
     vertex 6.0000959616e+00 7.7078912055e-01 5.2155922511e-01
     vertex 6.0000959616e+00 8.5320158804e-01 2.9665751477e-01
     vertex 5.5001919233e+00 8.5620187709e-01 3.1468777453e-01
   endloop
 endfacet
 facet normal  -4.3290932784e-04 9.8442335157e-01 -1.7581375792e-01
   outer loop
     vertex 5.5001919233e+00 8.5620187709e-01 3.1468777453e-01
     vertex 6.0000959616e+00 8.5320158804e-01 2.9665751477e-01
     vertex 5.5001919233e+00 8.0000000000e-01 0.0000000000e+00
   endloop
 endfacet
 facet normal  2.1859978112e-16 9.8429694703e-01 -1.7652059388e-01
   outer loop
     vertex 6.0000959616e+00 8.5320158804e-01 2.9665751477e-01
     vertex 6.0000959616e+00 8.0000000000e-01 0.0000000000e+00
     vertex 5.5001919233e+00 8.0000000000e-01 0.0000000000e+00
   endloop
 endfacet
 facet normal  0.0000000000e+00 9.7054756862e-01 -2.4090956195e-01
   outer loop
     vertex 6.0000959616e+00 8.0000000000e-01 0.0000000000e+00
     vertex 6.4999040384e+00 8.0000000000e-01 0.0000000000e+00
     vertex 6.4999040384e+00 7.2116524800e-01 -3.1760000000e-01
   endloop
 endfacet
 facet normal  1.3151508031e-02 9.7510694351e-01 -2.2134472333e-01
   outer loop
     vertex 6.0000959616e+00 8.0000000000e-01 0.0000000000e+00
     vertex 6.4999040384e+00 7.2116524800e-01 -3.1760000000e-01
     vertex 6.0000959616e+00 7.2454675200e-01 -3.3240000000e-01
   endloop
 endfacet
 facet normal  2.0995750172e-02 8.5814726055e-01 -5.1297412965e-01
   outer loop
     vertex 6.0000959616e+00 7.2454675200e-01 -3.3240000000e-01
     vertex 6.4999040384e+00 7.2116524800e-01 -3.1760000000e-01
     vertex 6.4999040384e+00 5.7941174178e-01 -5.5473746172e-01
   endloop
 endfacet
 facet normal  3.3049042357e-02 8.6930823658e-01 -4.9316422276e-01
   outer loop
     vertex 6.0000959616e+00 7.2454675200e-01 -3.3240000000e-01
     vertex 6.4999040384e+00 5.7941174178e-01 -5.5473746172e-01
     vertex 6.0000959616e+00 5.8296709280e-01 -5.8196466466e-01
   endloop
 endfacet
 facet normal  5.4046224173e-02 2.9703349583e-01 -9.5333630373e-01
   outer loop
     vertex 6.0000959616e+00 5.8296709280e-01 -5.8196466466e-01
     vertex 6.4999040384e+00 5.7941174178e-01 -5.5473746172e-01
     vertex 6.4999040384e+00 3.2116524800e-01 -6.3520000000e-01
   endloop
 endfacet
 facet normal  5.8361761718e-02 3.0472613548e-01 -9.5065024437e-01
   outer loop
     vertex 6.0000959616e+00 5.8296709280e-01 -5.8196466466e-01
     vertex 6.4999040384e+00 3.2116524800e-01 -6.3520000000e-01
     vertex 6.0000959616e+00 3.2454675200e-01 -6.6480000000e-01
   endloop
 endfacet
 facet normal  5.9119147946e-02 0.0000000000e+00 -9.9825093356e-01
   outer loop
     vertex 6.0000959616e+00 3.2454675200e-01 -6.6480000000e-01
     vertex 6.4999040384e+00 3.2116524800e-01 -6.3520000000e-01
     vertex 6.4999040384e+00 0.0000000000e+00 -6.3520000000e-01
   endloop
 endfacet
 facet normal  5.9119147946e-02 0.0000000000e+00 -9.9825093356e-01
   outer loop
     vertex 6.0000959616e+00 3.2454675200e-01 -6.6480000000e-01
     vertex 6.4999040384e+00 0.0000000000e+00 -6.3520000000e-01
     vertex 6.0000959616e+00 0.0000000000e+00 -6.6480000000e-01
   endloop
 endfacet
 facet normal  5.9119147946e-02 6.5120732768e-16 -9.9825093356e-01
   outer loop
     vertex 6.0000959616e+00 0.0000000000e+00 -6.6480000000e-01
     vertex 6.4999040384e+00 0.0000000000e+00 -6.3520000000e-01
     vertex 6.0000959616e+00 -3.2454675200e-01 -6.6480000000e-01
   endloop
 endfacet
 facet normal  5.9119147946e-02 9.8095952268e-16 -9.9825093356e-01
   outer loop
     vertex 6.4999040384e+00 0.0000000000e+00 -6.3520000000e-01
     vertex 6.4999040384e+00 -3.2116524800e-01 -6.3520000000e-01
     vertex 6.0000959616e+00 -3.2454675200e-01 -6.6480000000e-01
   endloop
 endfacet
 facet normal  5.8361761718e-02 -3.0472613548e-01 -9.5065024437e-01
   outer loop
     vertex 6.0000959616e+00 -3.2454675200e-01 -6.6480000000e-01
     vertex 6.4999040384e+00 -3.2116524800e-01 -6.3520000000e-01
     vertex 6.0000959616e+00 -5.8296709280e-01 -5.8196466466e-01
   endloop
 endfacet
 facet normal  5.4046224173e-02 -2.9703349583e-01 -9.5333630373e-01
   outer loop
     vertex 6.4999040384e+00 -3.2116524800e-01 -6.3520000000e-01
     vertex 6.4999040384e+00 -5.7941174178e-01 -5.5473746172e-01
     vertex 6.0000959616e+00 -5.8296709280e-01 -5.8196466466e-01
   endloop
 endfacet
 facet normal  3.3049042357e-02 -8.6930823658e-01 -4.9316422276e-01
   outer loop
     vertex 6.0000959616e+00 -5.8296709280e-01 -5.8196466466e-01
     vertex 6.4999040384e+00 -5.7941174178e-01 -5.5473746172e-01
     vertex 6.0000959616e+00 -7.2454675200e-01 -3.3240000000e-01
   endloop
 endfacet
 facet normal  2.0995750172e-02 -8.5814726055e-01 -5.1297412965e-01
   outer loop
     vertex 6.4999040384e+00 -5.7941174178e-01 -5.5473746172e-01
     vertex 6.4999040384e+00 -7.2116524800e-01 -3.1760000000e-01
     vertex 6.0000959616e+00 -7.2454675200e-01 -3.3240000000e-01
   endloop
 endfacet
 facet normal  1.3151508031e-02 -9.7510694351e-01 -2.2134472333e-01
   outer loop
     vertex 6.0000959616e+00 -7.2454675200e-01 -3.3240000000e-01
     vertex 6.4999040384e+00 -7.2116524800e-01 -3.1760000000e-01
     vertex 6.0000959616e+00 -8.0000000000e-01 0.0000000000e+00
   endloop
 endfacet
 facet normal  -0.0000000000e+00 -9.7054756862e-01 -2.4090956195e-01
   outer loop
     vertex 6.4999040384e+00 -7.2116524800e-01 -3.1760000000e-01
     vertex 6.4999040384e+00 -8.0000000000e-01 0.0000000000e+00
     vertex 6.0000959616e+00 -8.0000000000e-01 0.0000000000e+00
   endloop
 endfacet
 facet normal  -0.0000000000e+00 -9.8412349778e-01 -1.7748504476e-01
   outer loop
     vertex 6.0000959616e+00 -8.0000000000e-01 0.0000000000e+00
     vertex 6.4999040384e+00 -8.0000000000e-01 0.0000000000e+00
     vertex 6.4999040384e+00 -8.4962059788e-01 2.7513752731e-01
   endloop
 endfacet
 facet normal  -5.4813689050e-04 -9.8429679916e-01 -1.7652056736e-01
   outer loop
     vertex 6.0000959616e+00 -8.0000000000e-01 0.0000000000e+00
     vertex 6.4999040384e+00 -8.4962059788e-01 2.7513752731e-01
     vertex 6.0000959616e+00 -8.5320158804e-01 2.9665751477e-01
   endloop
 endfacet
 facet normal  2.1746695328e-02 -9.3680068187e-01 3.4918700391e-01
   outer loop
     vertex 6.0000959616e+00 -8.5320158804e-01 2.9665751477e-01
     vertex 6.4999040384e+00 -8.4962059788e-01 2.7513752731e-01
     vertex 6.4999040384e+00 -7.6992323058e-01 4.8895003235e-01
   endloop
 endfacet
 facet normal  2.4067687754e-02 -9.3867379736e-01 3.4396547583e-01
   outer loop
     vertex 6.0000959616e+00 -8.5320158804e-01 2.9665751477e-01
     vertex 6.4999040384e+00 -7.6992323058e-01 4.8895003235e-01
     vertex 6.0000959616e+00 -7.7078912055e-01 5.2155922511e-01
   endloop
 endfacet
 facet normal  5.9097054214e-02 -4.4415395016e-01 8.9399933263e-01
   outer loop
     vertex 6.0000959616e+00 -7.7078912055e-01 5.2155922511e-01
     vertex 6.4999040384e+00 -7.6992323058e-01 4.8895003235e-01
     vertex 6.4999040384e+00 -4.7578058008e-01 6.3508506329e-01
   endloop
 endfacet
 facet normal  5.1646801779e-02 -4.3368112931e-01 8.9958506321e-01
   outer loop
     vertex 6.0000959616e+00 -7.7078912055e-01 5.2155922511e-01
     vertex 6.4999040384e+00 -4.7578058008e-01 6.3508506329e-01
     vertex 6.0000959616e+00 -4.7379419165e-01 6.6473756524e-01
   endloop
 endfacet
 facet normal  5.9222684210e-02 -2.4115101410e-04 9.9824476734e-01
   outer loop
     vertex 6.0000959616e+00 -4.7379419165e-01 6.6473756524e-01
     vertex 6.4999040384e+00 -4.7578058008e-01 6.3508506329e-01
     vertex 6.4999040384e+00 0.0000000000e+00 6.3520000000e-01
   endloop
 endfacet
 facet normal  5.9119147434e-02 -1.3154562486e-04 9.9825092492e-01
   outer loop
     vertex 6.0000959616e+00 -4.7379419165e-01 6.6473756524e-01
     vertex 6.4999040384e+00 0.0000000000e+00 6.3520000000e-01
     vertex 6.0000959616e+00 0.0000000000e+00 6.6480000000e-01
   endloop
 endfacet
 facet normal  5.9119147434e-02 1.3154562487e-04 9.9825092492e-01
   outer loop
     vertex 6.0000959616e+00 0.0000000000e+00 6.6480000000e-01
     vertex 6.4999040384e+00 0.0000000000e+00 6.3520000000e-01
     vertex 6.0000959616e+00 4.7379419165e-01 6.6473756524e-01
   endloop
 endfacet
 facet normal  5.9222684210e-02 2.4115101411e-04 9.9824476734e-01
   outer loop
     vertex 6.4999040384e+00 0.0000000000e+00 6.3520000000e-01
     vertex 6.4999040384e+00 4.7578058008e-01 6.3508506329e-01
     vertex 6.0000959616e+00 4.7379419165e-01 6.6473756524e-01
   endloop
 endfacet
 facet normal  5.1646801779e-02 4.3368112931e-01 8.9958506321e-01
   outer loop
     vertex 6.0000959616e+00 4.7379419165e-01 6.6473756524e-01
     vertex 6.4999040384e+00 4.7578058008e-01 6.3508506329e-01
     vertex 6.0000959616e+00 7.7078912055e-01 5.2155922511e-01
   endloop
 endfacet
 facet normal  5.9097054214e-02 4.4415395016e-01 8.9399933263e-01
   outer loop
     vertex 6.4999040384e+00 4.7578058008e-01 6.3508506329e-01
     vertex 6.4999040384e+00 7.6992323058e-01 4.8895003235e-01
     vertex 6.0000959616e+00 7.7078912055e-01 5.2155922511e-01
   endloop
 endfacet
 facet normal  2.4067687754e-02 9.3867379736e-01 3.4396547583e-01
   outer loop
     vertex 6.0000959616e+00 7.7078912055e-01 5.2155922511e-01
     vertex 6.4999040384e+00 7.6992323058e-01 4.8895003235e-01
     vertex 6.0000959616e+00 8.5320158804e-01 2.9665751477e-01
   endloop
 endfacet
 facet normal  2.1746695328e-02 9.3680068187e-01 3.4918700391e-01
   outer loop
     vertex 6.4999040384e+00 7.6992323058e-01 4.8895003235e-01
     vertex 6.4999040384e+00 8.4962059788e-01 2.7513752731e-01
     vertex 6.0000959616e+00 8.5320158804e-01 2.9665751477e-01
   endloop
 endfacet
 facet normal  -5.4813689050e-04 9.8429679916e-01 -1.7652056736e-01
   outer loop
     vertex 6.0000959616e+00 8.5320158804e-01 2.9665751477e-01
     vertex 6.4999040384e+00 8.4962059788e-01 2.7513752731e-01
     vertex 6.0000959616e+00 8.0000000000e-01 0.0000000000e+00
   endloop
 endfacet
 facet normal  0.0000000000e+00 9.8412349778e-01 -1.7748504476e-01
   outer loop
     vertex 6.4999040384e+00 8.4962059788e-01 2.7513752731e-01
     vertex 6.4999040384e+00 8.0000000000e-01 0.0000000000e+00
     vertex 6.0000959616e+00 8.0000000000e-01 0.0000000000e+00
   endloop
 endfacet
 facet normal  0.0000000000e+00 9.6601296390e-01 -2.5849362385e-01
   outer loop
     vertex 6.4999040384e+00 8.0000000000e-01 0.0000000000e+00
     vertex 6.9998080767e+00 8.0000000000e-01 0.0000000000e+00
     vertex 6.9998080767e+00 7.1833209600e-01 -3.0520000000e-01
   endloop
 endfacet
 facet normal  1.1475421605e-02 9.7048366309e-01 -2.4089369931e-01
   outer loop
     vertex 6.4999040384e+00 8.0000000000e-01 0.0000000000e+00
     vertex 6.9998080767e+00 7.1833209600e-01 -3.0520000000e-01
     vertex 6.4999040384e+00 7.2116524800e-01 -3.1760000000e-01
   endloop
 endfacet
 facet normal  1.7960723616e-02 8.4753250323e-01 -5.3043950492e-01
   outer loop
     vertex 6.4999040384e+00 7.2116524800e-01 -3.1760000000e-01
     vertex 6.9998080767e+00 7.1833209600e-01 -3.0520000000e-01
     vertex 6.9998080767e+00 5.7643293418e-01 -5.3192548087e-01
   endloop
 endfacet
 facet normal  2.8516583986e-02 8.5798739931e-01 -5.1287856951e-01
   outer loop
     vertex 6.4999040384e+00 7.2116524800e-01 -3.1760000000e-01
     vertex 6.9998080767e+00 5.7643293418e-01 -5.3192548087e-01
     vertex 6.4999040384e+00 5.7941174178e-01 -5.5473746172e-01
   endloop
 endfacet
 facet normal  4.5345993467e-02 2.9059804985e-01 -9.5577011582e-01
   outer loop
     vertex 6.4999040384e+00 5.7941174178e-01 -5.5473746172e-01
     vertex 6.9998080767e+00 5.7643293418e-01 -5.3192548087e-01
     vertex 6.9998080767e+00 3.1833209600e-01 -6.1040000000e-01
   endloop
 endfacet
 facet normal  4.8990754778e-02 2.9711107476e-01 -9.5358529519e-01
   outer loop
     vertex 6.4999040384e+00 5.7941174178e-01 -5.5473746172e-01
     vertex 6.9998080767e+00 3.1833209600e-01 -6.1040000000e-01
     vertex 6.4999040384e+00 3.2116524800e-01 -6.3520000000e-01
   endloop
 endfacet
 facet normal  4.9548586563e-02 0.0000000000e+00 -9.9877171444e-01
   outer loop
     vertex 6.4999040384e+00 3.2116524800e-01 -6.3520000000e-01
     vertex 6.9998080767e+00 3.1833209600e-01 -6.1040000000e-01
     vertex 6.9998080767e+00 0.0000000000e+00 -6.1040000000e-01
   endloop
 endfacet
 facet normal  4.9548586563e-02 0.0000000000e+00 -9.9877171444e-01
   outer loop
     vertex 6.4999040384e+00 3.2116524800e-01 -6.3520000000e-01
     vertex 6.9998080767e+00 0.0000000000e+00 -6.1040000000e-01
     vertex 6.4999040384e+00 0.0000000000e+00 -6.3520000000e-01
   endloop
 endfacet
 facet normal  4.9548586563e-02 8.2015302598e-16 -9.9877171444e-01
   outer loop
     vertex 6.4999040384e+00 0.0000000000e+00 -6.3520000000e-01
     vertex 6.9998080767e+00 0.0000000000e+00 -6.1040000000e-01
     vertex 6.4999040384e+00 -3.2116524800e-01 -6.3520000000e-01
   endloop
 endfacet
 facet normal  4.9548586563e-02 5.5298206954e-16 -9.9877171444e-01
   outer loop
     vertex 6.9998080767e+00 0.0000000000e+00 -6.1040000000e-01
     vertex 6.9998080767e+00 -3.1833209600e-01 -6.1040000000e-01
     vertex 6.4999040384e+00 -3.2116524800e-01 -6.3520000000e-01
   endloop
 endfacet
 facet normal  4.8990754778e-02 -2.9711107476e-01 -9.5358529519e-01
   outer loop
     vertex 6.4999040384e+00 -3.2116524800e-01 -6.3520000000e-01
     vertex 6.9998080767e+00 -3.1833209600e-01 -6.1040000000e-01
     vertex 6.4999040384e+00 -5.7941174178e-01 -5.5473746172e-01
   endloop
 endfacet
 facet normal  4.5345993467e-02 -2.9059804985e-01 -9.5577011582e-01
   outer loop
     vertex 6.9998080767e+00 -3.1833209600e-01 -6.1040000000e-01
     vertex 6.9998080767e+00 -5.7643293418e-01 -5.3192548087e-01
     vertex 6.4999040384e+00 -5.7941174178e-01 -5.5473746172e-01
   endloop
 endfacet
 facet normal  2.8516583986e-02 -8.5798739931e-01 -5.1287856951e-01
   outer loop
     vertex 6.4999040384e+00 -5.7941174178e-01 -5.5473746172e-01
     vertex 6.9998080767e+00 -5.7643293418e-01 -5.3192548087e-01
     vertex 6.4999040384e+00 -7.2116524800e-01 -3.1760000000e-01
   endloop
 endfacet
 facet normal  1.7960723616e-02 -8.4753250323e-01 -5.3043950492e-01
   outer loop
     vertex 6.9998080767e+00 -5.7643293418e-01 -5.3192548087e-01
     vertex 6.9998080767e+00 -7.1833209600e-01 -3.0520000000e-01
     vertex 6.4999040384e+00 -7.2116524800e-01 -3.1760000000e-01
   endloop
 endfacet
 facet normal  1.1475421605e-02 -9.7048366309e-01 -2.4089369931e-01
   outer loop
     vertex 6.4999040384e+00 -7.2116524800e-01 -3.1760000000e-01
     vertex 6.9998080767e+00 -7.1833209600e-01 -3.0520000000e-01
     vertex 6.4999040384e+00 -8.0000000000e-01 0.0000000000e+00
   endloop
 endfacet
 facet normal  -0.0000000000e+00 -9.6601296390e-01 -2.5849362385e-01
   outer loop
     vertex 6.9998080767e+00 -7.1833209600e-01 -3.0520000000e-01
     vertex 6.9998080767e+00 -8.0000000000e-01 0.0000000000e+00
     vertex 6.4999040384e+00 -8.0000000000e-01 0.0000000000e+00
   endloop
 endfacet
 facet normal  -0.0000000000e+00 -9.8395498119e-01 -1.7841691344e-01
   outer loop
     vertex 6.4999040384e+00 -8.0000000000e-01 0.0000000000e+00
     vertex 6.9998080767e+00 -8.0000000000e-01 0.0000000000e+00
     vertex 6.9998080767e+00 -8.4662030883e-01 2.5710726755e-01
   endloop
 endfacet
 facet normal  -4.9498794938e-04 -9.8412337722e-01 -1.7748502301e-01
   outer loop
     vertex 6.4999040384e+00 -8.0000000000e-01 0.0000000000e+00
     vertex 6.9998080767e+00 -8.4662030883e-01 2.5710726755e-01
     vertex 6.4999040384e+00 -8.4962059788e-01 2.7513752731e-01
   endloop
 endfacet
 facet normal  1.8379082721e-02 -9.3507375657e-01 3.5397638211e-01
   outer loop
     vertex 6.4999040384e+00 -8.4962059788e-01 2.7513752731e-01
     vertex 6.9998080767e+00 -8.4662030883e-01 2.5710726755e-01
     vertex 6.9998080767e+00 -7.6919775519e-01 4.6162881681e-01
   endloop
 endfacet
 facet normal  2.0444164063e-02 -9.3682643459e-01 3.4919660309e-01
   outer loop
     vertex 6.4999040384e+00 -8.4962059788e-01 2.7513752731e-01
     vertex 6.9998080767e+00 -7.6919775519e-01 4.6162881681e-01
     vertex 6.4999040384e+00 -7.6992323058e-01 4.8895003235e-01
   endloop
 endfacet
 facet normal  4.9297709256e-02 -4.5333371193e-01 8.8997656233e-01
   outer loop
     vertex 6.4999040384e+00 -7.6992323058e-01 4.8895003235e-01
     vertex 6.9998080767e+00 -7.6919775519e-01 4.6162881681e-01
     vertex 6.9998080767e+00 -4.7744485146e-01 6.1024107517e-01
   endloop
 endfacet
 facet normal  4.2986303980e-02 -4.4452031567e-01 8.9473675829e-01
   outer loop
     vertex 6.4999040384e+00 -7.6992323058e-01 4.8895003235e-01
     vertex 6.9998080767e+00 -4.7744485146e-01 6.1024107517e-01
     vertex 6.4999040384e+00 -4.7578058008e-01 6.3508506329e-01
   endloop
 endfacet
 facet normal  4.9635148461e-02 -3.3245501803e-04 9.9876736106e-01
   outer loop
     vertex 6.4999040384e+00 -4.7578058008e-01 6.3508506329e-01
     vertex 6.9998080767e+00 -4.7744485146e-01 6.1024107517e-01
     vertex 6.9998080767e+00 0.0000000000e+00 6.1040000000e-01
   endloop
 endfacet
 facet normal  4.9548585120e-02 -2.4127830434e-04 9.9877168537e-01
   outer loop
     vertex 6.4999040384e+00 -4.7578058008e-01 6.3508506329e-01
     vertex 6.9998080767e+00 0.0000000000e+00 6.1040000000e-01
     vertex 6.4999040384e+00 0.0000000000e+00 6.3520000000e-01
   endloop
 endfacet
 facet normal  4.9548585120e-02 2.4127830435e-04 9.9877168537e-01
   outer loop
     vertex 6.4999040384e+00 0.0000000000e+00 6.3520000000e-01
     vertex 6.9998080767e+00 0.0000000000e+00 6.1040000000e-01
     vertex 6.4999040384e+00 4.7578058008e-01 6.3508506329e-01
   endloop
 endfacet
 facet normal  4.9635148461e-02 3.3245501803e-04 9.9876736106e-01
   outer loop
     vertex 6.9998080767e+00 0.0000000000e+00 6.1040000000e-01
     vertex 6.9998080767e+00 4.7744485146e-01 6.1024107517e-01
     vertex 6.4999040384e+00 4.7578058008e-01 6.3508506329e-01
   endloop
 endfacet
 facet normal  4.2986303980e-02 4.4452031567e-01 8.9473675829e-01
   outer loop
     vertex 6.4999040384e+00 4.7578058008e-01 6.3508506329e-01
     vertex 6.9998080767e+00 4.7744485146e-01 6.1024107517e-01
     vertex 6.4999040384e+00 7.6992323058e-01 4.8895003235e-01
   endloop
 endfacet
 facet normal  4.9297709256e-02 4.5333371193e-01 8.8997656233e-01
   outer loop
     vertex 6.9998080767e+00 4.7744485146e-01 6.1024107517e-01
     vertex 6.9998080767e+00 7.6919775519e-01 4.6162881681e-01
     vertex 6.4999040384e+00 7.6992323058e-01 4.8895003235e-01
   endloop
 endfacet
 facet normal  2.0444164063e-02 9.3682643459e-01 3.4919660309e-01
   outer loop
     vertex 6.4999040384e+00 7.6992323058e-01 4.8895003235e-01
     vertex 6.9998080767e+00 7.6919775519e-01 4.6162881681e-01
     vertex 6.4999040384e+00 8.4962059788e-01 2.7513752731e-01
   endloop
 endfacet
 facet normal  1.8379082721e-02 9.3507375657e-01 3.5397638211e-01
   outer loop
     vertex 6.9998080767e+00 7.6919775519e-01 4.6162881681e-01
     vertex 6.9998080767e+00 8.4662030883e-01 2.5710726755e-01
     vertex 6.4999040384e+00 8.4962059788e-01 2.7513752731e-01
   endloop
 endfacet
 facet normal  -4.9498794938e-04 9.8412337722e-01 -1.7748502301e-01
   outer loop
     vertex 6.4999040384e+00 8.4962059788e-01 2.7513752731e-01
     vertex 6.9998080767e+00 8.4662030883e-01 2.5710726755e-01
     vertex 6.4999040384e+00 8.0000000000e-01 0.0000000000e+00
   endloop
 endfacet
 facet normal  0.0000000000e+00 9.8395498119e-01 -1.7841691344e-01
   outer loop
     vertex 6.9998080767e+00 8.4662030883e-01 2.5710726755e-01
     vertex 6.9998080767e+00 8.0000000000e-01 0.0000000000e+00
     vertex 6.4999040384e+00 8.0000000000e-01 0.0000000000e+00
   endloop
 endfacet
 facet normal  -2.1394941664e-16 9.6391236549e-01 -2.6621974318e-01
   outer loop
     vertex 6.9998080767e+00 8.0000000000e-01 0.0000000000e+00
     vertex 7.5000000000e+00 8.0000000000e-01 0.0000000000e+00
     vertex 7.5000000000e+00 7.1714400000e-01 -3.0000000000e-01
   endloop
 endfacet
 facet normal  4.9817918767e-03 9.6600097645e-01 -2.5849041615e-01
   outer loop
     vertex 6.9998080767e+00 8.0000000000e-01 0.0000000000e+00
     vertex 7.5000000000e+00 7.1714400000e-01 -3.0000000000e-01
     vertex 6.9998080767e+00 7.1833209600e-01 -3.0520000000e-01
   endloop
 endfacet
 facet normal  7.5960692147e-03 8.4284827419e-01 -5.3809765510e-01
   outer loop
     vertex 6.9998080767e+00 7.1833209600e-01 -3.0520000000e-01
     vertex 7.5000000000e+00 7.1714400000e-01 -3.0000000000e-01
     vertex 7.5000000000e+00 5.7518375680e-01 -5.2235916632e-01
   endloop
 endfacet
 facet normal  1.2262488788e-02 8.4760550422e-01 -5.3048519356e-01
   outer loop
     vertex 6.9998080767e+00 7.1833209600e-01 -3.0520000000e-01
     vertex 7.5000000000e+00 5.7518375680e-01 -5.2235916632e-01
     vertex 6.9998080767e+00 5.7643293418e-01 -5.3192548087e-01
   endloop
 endfacet
 facet normal  1.9030346588e-02 2.8807495052e-01 -9.5741875310e-01
   outer loop
     vertex 6.9998080767e+00 5.7643293418e-01 -5.3192548087e-01
     vertex 7.5000000000e+00 5.7518375680e-01 -5.2235916632e-01
     vertex 7.5000000000e+00 3.1714400000e-01 -6.0000000000e-01
   endloop
 endfacet
 facet normal  2.0579456762e-02 2.9083567778e-01 -9.5655166849e-01
   outer loop
     vertex 6.9998080767e+00 5.7643293418e-01 -5.3192548087e-01
     vertex 7.5000000000e+00 3.1714400000e-01 -6.0000000000e-01
     vertex 6.9998080767e+00 3.1833209600e-01 -6.1040000000e-01
   endloop
 endfacet
 facet normal  2.0787526234e-02 0.0000000000e+00 -9.9978391603e-01
   outer loop
     vertex 6.9998080767e+00 3.1833209600e-01 -6.1040000000e-01
     vertex 7.5000000000e+00 3.1714400000e-01 -6.0000000000e-01
     vertex 7.5000000000e+00 0.0000000000e+00 -6.0000000000e-01
   endloop
 endfacet
 facet normal  2.0787526234e-02 0.0000000000e+00 -9.9978391603e-01
   outer loop
     vertex 6.9998080767e+00 3.1833209600e-01 -6.1040000000e-01
     vertex 7.5000000000e+00 0.0000000000e+00 -6.0000000000e-01
     vertex 6.9998080767e+00 0.0000000000e+00 -6.1040000000e-01
   endloop
 endfacet
 facet normal  2.0787526234e-02 2.2873814394e-16 -9.9978391603e-01
   outer loop
     vertex 6.9998080767e+00 0.0000000000e+00 -6.1040000000e-01
     vertex 7.5000000000e+00 0.0000000000e+00 -6.0000000000e-01
     vertex 6.9998080767e+00 -3.1833209600e-01 -6.1040000000e-01
   endloop
 endfacet
 facet normal  2.0787526234e-02 0.0000000000e+00 -9.9978391603e-01
   outer loop
     vertex 7.5000000000e+00 0.0000000000e+00 -6.0000000000e-01
     vertex 7.5000000000e+00 -3.1714400000e-01 -6.0000000000e-01
     vertex 6.9998080767e+00 -3.1833209600e-01 -6.1040000000e-01
   endloop
 endfacet
 facet normal  2.0579456762e-02 -2.9083567778e-01 -9.5655166849e-01
   outer loop
     vertex 6.9998080767e+00 -3.1833209600e-01 -6.1040000000e-01
     vertex 7.5000000000e+00 -3.1714400000e-01 -6.0000000000e-01
     vertex 6.9998080767e+00 -5.7643293418e-01 -5.3192548087e-01
   endloop
 endfacet
 facet normal  1.9030346588e-02 -2.8807495052e-01 -9.5741875310e-01
   outer loop
     vertex 7.5000000000e+00 -3.1714400000e-01 -6.0000000000e-01
     vertex 7.5000000000e+00 -5.7518375680e-01 -5.2235916632e-01
     vertex 6.9998080767e+00 -5.7643293418e-01 -5.3192548087e-01
   endloop
 endfacet
 facet normal  1.2262488788e-02 -8.4760550422e-01 -5.3048519356e-01
   outer loop
     vertex 6.9998080767e+00 -5.7643293418e-01 -5.3192548087e-01
     vertex 7.5000000000e+00 -5.7518375680e-01 -5.2235916632e-01
     vertex 6.9998080767e+00 -7.1833209600e-01 -3.0520000000e-01
   endloop
 endfacet
 facet normal  7.5960692147e-03 -8.4284827419e-01 -5.3809765510e-01
   outer loop
     vertex 7.5000000000e+00 -5.7518375680e-01 -5.2235916632e-01
     vertex 7.5000000000e+00 -7.1714400000e-01 -3.0000000000e-01
     vertex 6.9998080767e+00 -7.1833209600e-01 -3.0520000000e-01
   endloop
 endfacet
 facet normal  4.9817918767e-03 -9.6600097645e-01 -2.5849041615e-01
   outer loop
     vertex 6.9998080767e+00 -7.1833209600e-01 -3.0520000000e-01
     vertex 7.5000000000e+00 -7.1714400000e-01 -3.0000000000e-01
     vertex 6.9998080767e+00 -8.0000000000e-01 0.0000000000e+00
   endloop
 endfacet
 facet normal  -2.1394941664e-16 -9.6391236549e-01 -2.6621974318e-01
   outer loop
     vertex 7.5000000000e+00 -7.1714400000e-01 -3.0000000000e-01
     vertex 7.5000000000e+00 -8.0000000000e-01 0.0000000000e+00
     vertex 6.9998080767e+00 -8.0000000000e-01 0.0000000000e+00
   endloop
 endfacet
 facet normal  -2.1838070782e-16 -9.8387678712e-01 -1.7884761044e-01
   outer loop
     vertex 6.9998080767e+00 -8.0000000000e-01 0.0000000000e+00
     vertex 7.5000000000e+00 -8.0000000000e-01 0.0000000000e+00
     vertex 7.5000000000e+00 -8.4536212310e-01 2.4954619087e-01
   endloop
 endfacet
 facet normal  -2.2196648338e-04 -9.8395495695e-01 -1.7841690904e-01
   outer loop
     vertex 6.9998080767e+00 -8.0000000000e-01 0.0000000000e+00
     vertex 7.5000000000e+00 -8.4536212310e-01 2.4954619087e-01
     vertex 6.9998080767e+00 -8.4662030883e-01 2.5710726755e-01
   endloop
 endfacet
 facet normal  7.7340324073e-03 -9.3439795439e-01 3.5614694660e-01
   outer loop
     vertex 6.9998080767e+00 -8.4662030883e-01 2.5710726755e-01
     vertex 7.5000000000e+00 -8.4536212310e-01 2.4954619087e-01
     vertex 7.5000000000e+00 -7.6889352358e-01 4.5017153287e-01
   endloop
 endfacet
 facet normal  8.6779823240e-03 -9.3519651061e-01 3.5402285120e-01
   outer loop
     vertex 6.9998080767e+00 -8.4662030883e-01 2.5710726755e-01
     vertex 7.5000000000e+00 -7.6889352358e-01 4.5017153287e-01
     vertex 6.9998080767e+00 -7.6919775519e-01 4.6162881681e-01
   endloop
 endfacet
 facet normal  2.0640300386e-02 -4.5754587402e-01 8.8894642761e-01
   outer loop
     vertex 6.9998080767e+00 -7.6919775519e-01 4.6162881681e-01
     vertex 7.5000000000e+00 -7.6889352358e-01 4.5017153287e-01
     vertex 7.5000000000e+00 -4.7814277172e-01 5.9982262853e-01
   endloop
 endfacet
 facet normal  1.7923608997e-02 -4.5381266582e-01 8.9091683595e-01
   outer loop
     vertex 6.9998080767e+00 -7.6919775519e-01 4.6162881681e-01
     vertex 7.5000000000e+00 -4.7814277172e-01 5.9982262853e-01
     vertex 6.9998080767e+00 -4.7744485146e-01 6.1024107517e-01
   endloop
 endfacet
 facet normal  2.0823862702e-02 -3.7087874826e-04 9.9978309107e-01
   outer loop
     vertex 6.9998080767e+00 -4.7744485146e-01 6.1024107517e-01
     vertex 7.5000000000e+00 -4.7814277172e-01 5.9982262853e-01
     vertex 7.5000000000e+00 0.0000000000e+00 6.0000000000e-01
   endloop
 endfacet
 facet normal  2.0787525083e-02 -3.3279337550e-04 9.9978386067e-01
   outer loop
     vertex 6.9998080767e+00 -4.7744485146e-01 6.1024107517e-01
     vertex 7.5000000000e+00 0.0000000000e+00 6.0000000000e-01
     vertex 6.9998080767e+00 0.0000000000e+00 6.1040000000e-01
   endloop
 endfacet
 facet normal  2.0787525083e-02 3.3279337550e-04 9.9978386067e-01
   outer loop
     vertex 6.9998080767e+00 0.0000000000e+00 6.1040000000e-01
     vertex 7.5000000000e+00 0.0000000000e+00 6.0000000000e-01
     vertex 6.9998080767e+00 4.7744485146e-01 6.1024107517e-01
   endloop
 endfacet
 facet normal  2.0823862702e-02 3.7087874826e-04 9.9978309107e-01
   outer loop
     vertex 7.5000000000e+00 0.0000000000e+00 6.0000000000e-01
     vertex 7.5000000000e+00 4.7814277172e-01 5.9982262853e-01
     vertex 6.9998080767e+00 4.7744485146e-01 6.1024107517e-01
   endloop
 endfacet
 facet normal  1.7923608997e-02 4.5381266582e-01 8.9091683595e-01
   outer loop
     vertex 6.9998080767e+00 4.7744485146e-01 6.1024107517e-01
     vertex 7.5000000000e+00 4.7814277172e-01 5.9982262853e-01
     vertex 6.9998080767e+00 7.6919775519e-01 4.6162881681e-01
   endloop
 endfacet
 facet normal  2.0640300386e-02 4.5754587402e-01 8.8894642761e-01
   outer loop
     vertex 7.5000000000e+00 4.7814277172e-01 5.9982262853e-01
     vertex 7.5000000000e+00 7.6889352358e-01 4.5017153287e-01
     vertex 6.9998080767e+00 7.6919775519e-01 4.6162881681e-01
   endloop
 endfacet
 facet normal  8.6779823240e-03 9.3519651061e-01 3.5402285120e-01
   outer loop
     vertex 6.9998080767e+00 7.6919775519e-01 4.6162881681e-01
     vertex 7.5000000000e+00 7.6889352358e-01 4.5017153287e-01
     vertex 6.9998080767e+00 8.4662030883e-01 2.5710726755e-01
   endloop
 endfacet
 facet normal  7.7340324073e-03 9.3439795439e-01 3.5614694660e-01
   outer loop
     vertex 7.5000000000e+00 7.6889352358e-01 4.5017153287e-01
     vertex 7.5000000000e+00 8.4536212310e-01 2.4954619087e-01
     vertex 6.9998080767e+00 8.4662030883e-01 2.5710726755e-01
   endloop
 endfacet
 facet normal  -2.2196648338e-04 9.8395495695e-01 -1.7841690904e-01
   outer loop
     vertex 6.9998080767e+00 8.4662030883e-01 2.5710726755e-01
     vertex 7.5000000000e+00 8.4536212310e-01 2.4954619087e-01
     vertex 6.9998080767e+00 8.0000000000e-01 0.0000000000e+00
   endloop
 endfacet
 facet normal  -2.1838070782e-16 9.8387678712e-01 -1.7884761044e-01
   outer loop
     vertex 7.5000000000e+00 8.4536212310e-01 2.4954619087e-01
     vertex 7.5000000000e+00 8.0000000000e-01 0.0000000000e+00
     vertex 6.9998080767e+00 8.0000000000e-01 0.0000000000e+00
   endloop
 endfacet
 facet normal  6.9309690971e-02 9.6056362083e-01 -2.6928367399e-01
   outer loop
     vertex 7.5000000000e+00 8.0000000000e-01 0.0000000000e+00
     vertex 8.0357101908e+00 7.6134570686e-01 0.0000000000e+00
     vertex 8.0338271238e+00 6.8327858418e-01 -2.7895843707e-01
   endloop
 endfacet
 facet normal  7.1459835472e-02 9.6144810237e-01 -2.6553914657e-01
   outer loop
     vertex 7.5000000000e+00 8.0000000000e-01 0.0000000000e+00
     vertex 8.0338271238e+00 6.8327858418e-01 -2.7895843707e-01
     vertex 7.5000000000e+00 7.1714400000e-01 -3.0000000000e-01
   endloop
 endfacet
 facet normal  7.4449556518e-02 8.3171094557e-01 -5.5019466242e-01
   outer loop
     vertex 7.5000000000e+00 7.1714400000e-01 -3.0000000000e-01
     vertex 8.0338271238e+00 6.8327858418e-01 -2.7895843707e-01
     vertex 8.0296843764e+00 5.4598981956e-01 -4.8705386541e-01
   endloop
 endfacet
 facet normal  8.2045100866e-02 8.4003094571e-01 -5.3629899466e-01
   outer loop
     vertex 7.5000000000e+00 7.1714400000e-01 -3.0000000000e-01
     vertex 8.0296843764e+00 5.4598981956e-01 -4.8705386541e-01
     vertex 7.5000000000e+00 5.7518375680e-01 -5.2235916632e-01
   endloop
 endfacet
 facet normal  7.9655641333e-02 2.9300214978e-01 -9.5278786675e-01
   outer loop
     vertex 7.5000000000e+00 5.7518375680e-01 -5.2235916632e-01
     vertex 8.0296843764e+00 5.4598981956e-01 -4.8705386541e-01
     vertex 8.0255416290e+00 3.0051765074e-01 -5.6288802420e-01
   endloop
 endfacet
 facet normal  7.6512343407e-02 2.8728252244e-01 -9.5478511384e-01
   outer loop
     vertex 7.5000000000e+00 5.7518375680e-01 -5.2235916632e-01
     vertex 8.0255416290e+00 3.0051765074e-01 -5.6288802420e-01
     vertex 7.5000000000e+00 3.1714400000e-01 -6.0000000000e-01
   endloop
 endfacet
 facet normal  7.0673728491e-02 7.4485211412e-03 -9.9747167560e-01
   outer loop
     vertex 7.5000000000e+00 3.1714400000e-01 -6.0000000000e-01
     vertex 8.0255416290e+00 3.0051765074e-01 -5.6288802420e-01
     vertex 8.0236585620e+00 -5.3290705182e-18 -5.6526553075e-01
   endloop
 endfacet
 facet normal  6.6184938118e-02 0.0000000000e+00 -9.9780737318e-01
   outer loop
     vertex 7.5000000000e+00 3.1714400000e-01 -6.0000000000e-01
     vertex 8.0236585620e+00 -5.3290705182e-18 -5.6526553075e-01
     vertex 7.5000000000e+00 0.0000000000e+00 -6.0000000000e-01
   endloop
 endfacet
 facet normal  6.6184938118e-02 0.0000000000e+00 -9.9780737318e-01
   outer loop
     vertex 7.5000000000e+00 0.0000000000e+00 -6.0000000000e-01
     vertex 8.0236585620e+00 -5.3290705182e-18 -5.6526553075e-01
     vertex 7.5000000000e+00 -3.1714400000e-01 -6.0000000000e-01
   endloop
 endfacet
 facet normal  7.0673728491e-02 -7.4485211412e-03 -9.9747167560e-01
   outer loop
     vertex 8.0236585620e+00 -5.3290705182e-18 -5.6526553075e-01
     vertex 8.0255416290e+00 -3.0051765074e-01 -5.6288802420e-01
     vertex 7.5000000000e+00 -3.1714400000e-01 -6.0000000000e-01
   endloop
 endfacet
 facet normal  7.6512343407e-02 -2.8728252244e-01 -9.5478511384e-01
   outer loop
     vertex 7.5000000000e+00 -3.1714400000e-01 -6.0000000000e-01
     vertex 8.0255416290e+00 -3.0051765074e-01 -5.6288802420e-01
     vertex 7.5000000000e+00 -5.7518375680e-01 -5.2235916632e-01
   endloop
 endfacet
 facet normal  7.9655641333e-02 -2.9300214978e-01 -9.5278786675e-01
   outer loop
     vertex 8.0255416290e+00 -3.0051765074e-01 -5.6288802420e-01
     vertex 8.0296843764e+00 -5.4598981956e-01 -4.8705386541e-01
     vertex 7.5000000000e+00 -5.7518375680e-01 -5.2235916632e-01
   endloop
 endfacet
 facet normal  8.2045100866e-02 -8.4003094571e-01 -5.3629899466e-01
   outer loop
     vertex 7.5000000000e+00 -5.7518375680e-01 -5.2235916632e-01
     vertex 8.0296843764e+00 -5.4598981956e-01 -4.8705386541e-01
     vertex 7.5000000000e+00 -7.1714400000e-01 -3.0000000000e-01
   endloop
 endfacet
 facet normal  7.4449556518e-02 -8.3171094557e-01 -5.5019466242e-01
   outer loop
     vertex 8.0296843764e+00 -5.4598981956e-01 -4.8705386541e-01
     vertex 8.0338271238e+00 -6.8327858418e-01 -2.7895843707e-01
     vertex 7.5000000000e+00 -7.1714400000e-01 -3.0000000000e-01
   endloop
 endfacet
 facet normal  7.1459835472e-02 -9.6144810237e-01 -2.6553914657e-01
   outer loop
     vertex 7.5000000000e+00 -7.1714400000e-01 -3.0000000000e-01
     vertex 8.0338271238e+00 -6.8327858418e-01 -2.7895843707e-01
     vertex 7.5000000000e+00 -8.0000000000e-01 0.0000000000e+00
   endloop
 endfacet
 facet normal  6.9309690971e-02 -9.6056362083e-01 -2.6928367399e-01
   outer loop
     vertex 8.0338271238e+00 -6.8327858418e-01 -2.7895843707e-01
     vertex 8.0357101908e+00 -7.6134570686e-01 -7.1054273576e-18
     vertex 7.5000000000e+00 -8.0000000000e-01 0.0000000000e+00
   endloop
 endfacet
 facet normal  7.1102516615e-02 -9.8541040730e-01 -1.5463104898e-01
   outer loop
     vertex 7.5000000000e+00 -8.0000000000e-01 0.0000000000e+00
     vertex 8.0357101908e+00 -7.6134570686e-01 -7.1054273576e-18
     vertex 8.0338271238e+00 -7.9816202248e-01 2.3375182409e-01
   endloop
 endfacet
 facet normal  8.1429842900e-02 -9.8060940716e-01 -1.7825367113e-01
   outer loop
     vertex 7.5000000000e+00 -8.0000000000e-01 0.0000000000e+00
     vertex 8.0338271238e+00 -7.9816202248e-01 2.3375182409e-01
     vertex 7.5000000000e+00 -8.4536212310e-01 2.4954619087e-01
   endloop
 endfacet
 facet normal  9.2583897362e-02 -9.1836122795e-01 3.8476080484e-01
   outer loop
     vertex 7.5000000000e+00 -8.4536212310e-01 2.4954619087e-01
     vertex 8.0338271238e+00 -7.9816202248e-01 2.3375182409e-01
     vertex 8.0296843764e+00 -7.1955377060e-01 4.2237374584e-01
   endloop
 endfacet
 facet normal  1.0514618128e-01 -9.2924616977e-01 3.5418333746e-01
   outer loop
     vertex 7.5000000000e+00 -8.4536212310e-01 2.4954619087e-01
     vertex 8.0296843764e+00 -7.1955377060e-01 4.2237374584e-01
     vertex 7.5000000000e+00 -7.6889352358e-01 4.5017153287e-01
   endloop
 endfacet
 facet normal  8.8686622140e-02 -4.5203075914e-01 8.8758260227e-01
   outer loop
     vertex 7.5000000000e+00 -7.6889352358e-01 4.5017153287e-01
     vertex 8.0296843764e+00 -7.1955377060e-01 4.2237374584e-01
     vertex 8.0255416290e+00 -4.4477255020e-01 5.6272909937e-01
   endloop
 endfacet
 facet normal  9.1430884925e-02 -4.5572649371e-01 8.8541163095e-01
   outer loop
     vertex 7.5000000000e+00 -7.6889352358e-01 4.5017153287e-01
     vertex 8.0255416290e+00 -4.4477255020e-01 5.6272909937e-01
     vertex 7.5000000000e+00 -4.7814277172e-01 5.9982262853e-01
   endloop
 endfacet
 facet normal  7.0745821785e-02 -5.3888667182e-03 9.9747981875e-01
   outer loop
     vertex 7.5000000000e+00 -4.7814277172e-01 5.9982262853e-01
     vertex 8.0255416290e+00 -4.4477255020e-01 5.6272909937e-01
     vertex 8.0236585620e+00 -3.1086244690e-18 5.6526553075e-01
   endloop
 endfacet
 facet normal  6.6184933584e-02 -3.7014581214e-04 9.9780730482e-01
   outer loop
     vertex 7.5000000000e+00 -4.7814277172e-01 5.9982262853e-01
     vertex 8.0236585620e+00 -3.1086244690e-18 5.6526553075e-01
     vertex 7.5000000000e+00 0.0000000000e+00 6.0000000000e-01
   endloop
 endfacet
 facet normal  6.6184933584e-02 3.7014581214e-04 9.9780730482e-01
   outer loop
     vertex 7.5000000000e+00 0.0000000000e+00 6.0000000000e-01
     vertex 8.0236585620e+00 -3.1086244690e-18 5.6526553075e-01
     vertex 7.5000000000e+00 4.7814277172e-01 5.9982262853e-01
   endloop
 endfacet
 facet normal  7.0745821785e-02 5.3888667182e-03 9.9747981875e-01
   outer loop
     vertex 8.0236585620e+00 -3.1086244690e-18 5.6526553075e-01
     vertex 8.0255416290e+00 4.4477255020e-01 5.6272909937e-01
     vertex 7.5000000000e+00 4.7814277172e-01 5.9982262853e-01
   endloop
 endfacet
 facet normal  9.1430884925e-02 4.5572649371e-01 8.8541163095e-01
   outer loop
     vertex 7.5000000000e+00 4.7814277172e-01 5.9982262853e-01
     vertex 8.0255416290e+00 4.4477255020e-01 5.6272909937e-01
     vertex 7.5000000000e+00 7.6889352358e-01 4.5017153287e-01
   endloop
 endfacet
 facet normal  8.8686622140e-02 4.5203075914e-01 8.8758260227e-01
   outer loop
     vertex 8.0255416290e+00 4.4477255020e-01 5.6272909937e-01
     vertex 8.0296843764e+00 7.1955377060e-01 4.2237374584e-01
     vertex 7.5000000000e+00 7.6889352358e-01 4.5017153287e-01
   endloop
 endfacet
 facet normal  1.0514618128e-01 9.2924616977e-01 3.5418333746e-01
   outer loop
     vertex 7.5000000000e+00 7.6889352358e-01 4.5017153287e-01
     vertex 8.0296843764e+00 7.1955377060e-01 4.2237374584e-01
     vertex 7.5000000000e+00 8.4536212310e-01 2.4954619087e-01
   endloop
 endfacet
 facet normal  9.2583897362e-02 9.1836122795e-01 3.8476080484e-01
   outer loop
     vertex 8.0296843764e+00 7.1955377060e-01 4.2237374584e-01
     vertex 8.0338271238e+00 7.9816202248e-01 2.3375182409e-01
     vertex 7.5000000000e+00 8.4536212310e-01 2.4954619087e-01
   endloop
 endfacet
 facet normal  8.1429842900e-02 9.8060940716e-01 -1.7825367113e-01
   outer loop
     vertex 7.5000000000e+00 8.4536212310e-01 2.4954619087e-01
     vertex 8.0338271238e+00 7.9816202248e-01 2.3375182409e-01
     vertex 7.5000000000e+00 8.0000000000e-01 0.0000000000e+00
   endloop
 endfacet
 facet normal  7.1102516615e-02 9.8541040730e-01 -1.5463104898e-01
   outer loop
     vertex 8.0338271238e+00 7.9816202248e-01 2.3375182409e-01
     vertex 8.0357101908e+00 7.6134570686e-01 0.0000000000e+00
     vertex 7.5000000000e+00 8.0000000000e-01 0.0000000000e+00
   endloop
 endfacet
 facet normal  1.8062733151e-01 9.4345262122e-01 -2.7797647134e-01
   outer loop
     vertex 8.0357101908e+00 7.6134570686e-01 0.0000000000e+00
     vertex 8.6066507643e+00 6.5203712059e-01 0.0000000000e+00
     vertex 8.6010015633e+00 5.8686199254e-01 -2.2487531122e-01
   endloop
 endfacet
 facet normal  1.8614813096e-01 9.4584251643e-01 -2.6595264137e-01
   outer loop
     vertex 8.0357101908e+00 7.6134570686e-01 0.0000000000e+00
     vertex 8.6010015633e+00 5.8686199254e-01 -2.2487531122e-01
     vertex 8.0338271238e+00 6.8327858418e-01 -2.7895843707e-01
   endloop
 endfacet
 facet normal  1.8994408283e-01 7.9152701155e-01 -5.8086679660e-01
   outer loop
     vertex 8.0338271238e+00 6.8327858418e-01 -2.7895843707e-01
     vertex 8.6010015633e+00 5.8686199254e-01 -2.2487531122e-01
     vertex 8.5885733210e+00 4.6459459481e-01 -3.9554889695e-01
   endloop
 endfacet
 facet normal  2.0732077210e-01 8.1467140270e-01 -5.4159819339e-01
   outer loop
     vertex 8.0338271238e+00 6.8327858418e-01 -2.7895843707e-01
     vertex 8.5885733210e+00 4.6459459481e-01 -3.9554889695e-01
     vertex 8.0296843764e+00 5.4598981956e-01 -4.8705386541e-01
   endloop
 endfacet
 facet normal  1.9616808818e-01 2.9603522783e-01 -9.3481614506e-01
   outer loop
     vertex 8.0296843764e+00 5.4598981956e-01 -4.8705386541e-01
     vertex 8.5885733210e+00 4.6459459481e-01 -3.9554889695e-01
     vertex 8.5761450788e+00 2.5457919222e-01 -4.6466407261e-01
   endloop
 endfacet
 facet normal  1.9138153071e-01 2.8676163424e-01 -9.3869104333e-01
   outer loop
     vertex 8.0296843764e+00 5.4598981956e-01 -4.8705386541e-01
     vertex 8.5761450788e+00 2.5457919222e-01 -4.6466407261e-01
     vertex 8.0255416290e+00 3.0051765074e-01 -5.6288802420e-01
   endloop
 endfacet
 facet normal  1.7748168978e-01 2.3625779051e-02 -9.8384047099e-01
   outer loop
     vertex 8.0255416290e+00 3.0051765074e-01 -5.6288802420e-01
     vertex 8.5761450788e+00 2.5457919222e-01 -4.6466407261e-01
     vertex 8.5704958778e+00 -1.5987211555e-17 -4.7179659225e-01
   endloop
 endfacet
 facet normal  1.6847911238e-01 6.7423937925e-03 -9.8568216420e-01
   outer loop
     vertex 8.0255416290e+00 3.0051765074e-01 -5.6288802420e-01
     vertex 8.5704958778e+00 -1.5987211555e-17 -4.7179659225e-01
     vertex 8.0236585620e+00 -5.3290705182e-18 -5.6526553075e-01
   endloop
 endfacet
 facet normal  1.6847911238e-01 -6.7423937925e-03 -9.8568216420e-01
   outer loop
     vertex 8.0236585620e+00 -5.3290705182e-18 -5.6526553075e-01
     vertex 8.5704958778e+00 -1.5987211555e-17 -4.7179659225e-01
     vertex 8.0255416290e+00 -3.0051765074e-01 -5.6288802420e-01
   endloop
 endfacet
 facet normal  1.7748168978e-01 -2.3625779051e-02 -9.8384047099e-01
   outer loop
     vertex 8.5704958778e+00 -1.5987211555e-17 -4.7179659225e-01
     vertex 8.5761450788e+00 -2.5457919222e-01 -4.6466407261e-01
     vertex 8.0255416290e+00 -3.0051765074e-01 -5.6288802420e-01
   endloop
 endfacet
 facet normal  1.9138153071e-01 -2.8676163424e-01 -9.3869104333e-01
   outer loop
     vertex 8.0255416290e+00 -3.0051765074e-01 -5.6288802420e-01
     vertex 8.5761450788e+00 -2.5457919222e-01 -4.6466407261e-01
     vertex 8.0296843764e+00 -5.4598981956e-01 -4.8705386541e-01
   endloop
 endfacet
 facet normal  1.9616808818e-01 -2.9603522783e-01 -9.3481614506e-01
   outer loop
     vertex 8.5761450788e+00 -2.5457919222e-01 -4.6466407261e-01
     vertex 8.5885733210e+00 -4.6459459481e-01 -3.9554889695e-01
     vertex 8.0296843764e+00 -5.4598981956e-01 -4.8705386541e-01
   endloop
 endfacet
 facet normal  2.0732077210e-01 -8.1467140270e-01 -5.4159819339e-01
   outer loop
     vertex 8.0296843764e+00 -5.4598981956e-01 -4.8705386541e-01
     vertex 8.5885733210e+00 -4.6459459481e-01 -3.9554889695e-01
     vertex 8.0338271238e+00 -6.8327858418e-01 -2.7895843707e-01
   endloop
 endfacet
 facet normal  1.8994408283e-01 -7.9152701155e-01 -5.8086679660e-01
   outer loop
     vertex 8.5885733210e+00 -4.6459459481e-01 -3.9554889695e-01
     vertex 8.6010015633e+00 -5.8686199254e-01 -2.2487531122e-01
     vertex 8.0338271238e+00 -6.8327858418e-01 -2.7895843707e-01
   endloop
 endfacet
 facet normal  1.8614813096e-01 -9.4584251643e-01 -2.6595264137e-01
   outer loop
     vertex 8.0338271238e+00 -6.8327858418e-01 -2.7895843707e-01
     vertex 8.6010015633e+00 -5.8686199254e-01 -2.2487531122e-01
     vertex 8.0357101908e+00 -7.6134570686e-01 -7.1054273576e-18
   endloop
 endfacet
 facet normal  1.8062733151e-01 -9.4345262122e-01 -2.7797647134e-01
   outer loop
     vertex 8.6010015633e+00 -5.8686199254e-01 -2.2487531122e-01
     vertex 8.6066507643e+00 -6.5203712059e-01 -2.1316282073e-17
     vertex 8.0357101908e+00 -7.6134570686e-01 -7.1054273576e-18
   endloop
 endfacet
 facet normal  1.8734671481e-01 -9.7854930194e-01 -8.5688226316e-02
   outer loop
     vertex 8.0357101908e+00 -7.6134570686e-01 -7.1054273576e-18
     vertex 8.6066507643e+00 -6.5203712059e-01 -2.1316282073e-17
     vertex 8.6010015633e+00 -6.6994733631e-01 1.9218124290e-01
   endloop
 endfacet
 facet normal  2.0746911838e-01 -9.6658471747e-01 -1.5056742299e-01
   outer loop
     vertex 8.0357101908e+00 -7.6134570686e-01 -7.1054273576e-18
     vertex 8.6010015633e+00 -6.6994733631e-01 1.9218124290e-01
     vertex 8.0338271238e+00 -7.9816202248e-01 2.3375182409e-01
   endloop
 endfacet
 facet normal  2.2787840803e-01 -8.6003211901e-01 4.5652621549e-01
   outer loop
     vertex 8.0338271238e+00 -7.9816202248e-01 2.3375182409e-01
     vertex 8.6010015633e+00 -6.6994733631e-01 1.9218124290e-01
     vertex 8.5885733210e+00 -5.9011852369e-01 3.4877131047e-01
   endloop
 endfacet
 facet normal  2.5579984472e-01 -8.9033167815e-01 3.7666423021e-01
   outer loop
     vertex 8.0338271238e+00 -7.9816202248e-01 2.3375182409e-01
     vertex 8.5885733210e+00 -5.9011852369e-01 3.4877131047e-01
     vertex 8.0296843764e+00 -7.1955377060e-01 4.2237374584e-01
   endloop
 endfacet
 facet normal  2.1474365055e-01 -4.2804588228e-01 8.7787350297e-01
   outer loop
     vertex 8.0296843764e+00 -7.1955377060e-01 4.2237374584e-01
     vertex 8.5885733210e+00 -5.9011852369e-01 3.4877131047e-01
     vertex 8.5761450788e+00 -3.5890639629e-01 4.6454913590e-01
   endloop
 endfacet
 facet normal  2.2373736123e-01 -4.4067507507e-01 8.6933714484e-01
   outer loop
     vertex 8.0296843764e+00 -7.1955377060e-01 4.2237374584e-01
     vertex 8.5761450788e+00 -3.5890639629e-01 4.6454913590e-01
     vertex 8.0255416290e+00 -4.4477255020e-01 5.6272909937e-01
   endloop
 endfacet
 facet normal  1.7809740733e-01 -1.7064086603e-02 9.8386489441e-01
   outer loop
     vertex 8.0255416290e+00 -4.4477255020e-01 5.6272909937e-01
     vertex 8.5761450788e+00 -3.5890639629e-01 4.6454913590e-01
     vertex 8.5704958778e+00 -9.3258734069e-18 4.7179659225e-01
   endloop
 endfacet
 facet normal  1.6848091289e-01 -4.9078591826e-03 9.8569269801e-01
   outer loop
     vertex 8.0255416290e+00 -4.4477255020e-01 5.6272909937e-01
     vertex 8.5704958778e+00 -9.3258734069e-18 4.7179659225e-01
     vertex 8.0236585620e+00 -3.1086244690e-18 5.6526553075e-01
   endloop
 endfacet
 facet normal  1.6848091289e-01 4.9078591826e-03 9.8569269801e-01
   outer loop
     vertex 8.0236585620e+00 -3.1086244690e-18 5.6526553075e-01
     vertex 8.5704958778e+00 -9.3258734069e-18 4.7179659225e-01
     vertex 8.0255416290e+00 4.4477255020e-01 5.6272909937e-01
   endloop
 endfacet
 facet normal  1.7809740733e-01 1.7064086603e-02 9.8386489441e-01
   outer loop
     vertex 8.5704958778e+00 -9.3258734069e-18 4.7179659225e-01
     vertex 8.5761450788e+00 3.5890639629e-01 4.6454913590e-01
     vertex 8.0255416290e+00 4.4477255020e-01 5.6272909937e-01
   endloop
 endfacet
 facet normal  2.2373736123e-01 4.4067507507e-01 8.6933714484e-01
   outer loop
     vertex 8.0255416290e+00 4.4477255020e-01 5.6272909937e-01
     vertex 8.5761450788e+00 3.5890639629e-01 4.6454913590e-01
     vertex 8.0296843764e+00 7.1955377060e-01 4.2237374584e-01
   endloop
 endfacet
 facet normal  2.1474365055e-01 4.2804588228e-01 8.7787350297e-01
   outer loop
     vertex 8.5761450788e+00 3.5890639629e-01 4.6454913590e-01
     vertex 8.5885733210e+00 5.9011852369e-01 3.4877131047e-01
     vertex 8.0296843764e+00 7.1955377060e-01 4.2237374584e-01
   endloop
 endfacet
 facet normal  2.5579984472e-01 8.9033167815e-01 3.7666423021e-01
   outer loop
     vertex 8.0296843764e+00 7.1955377060e-01 4.2237374584e-01
     vertex 8.5885733210e+00 5.9011852369e-01 3.4877131047e-01
     vertex 8.0338271238e+00 7.9816202248e-01 2.3375182409e-01
   endloop
 endfacet
 facet normal  2.2787840803e-01 8.6003211901e-01 4.5652621549e-01
   outer loop
     vertex 8.5885733210e+00 5.9011852369e-01 3.4877131047e-01
     vertex 8.6010015633e+00 6.6994733631e-01 1.9218124290e-01
     vertex 8.0338271238e+00 7.9816202248e-01 2.3375182409e-01
   endloop
 endfacet
 facet normal  2.0746911838e-01 9.6658471747e-01 -1.5056742299e-01
   outer loop
     vertex 8.0338271238e+00 7.9816202248e-01 2.3375182409e-01
     vertex 8.6010015633e+00 6.6994733631e-01 1.9218124290e-01
     vertex 8.0357101908e+00 7.6134570686e-01 0.0000000000e+00
   endloop
 endfacet
 facet normal  1.8734671481e-01 9.7854930194e-01 -8.5688226316e-02
   outer loop
     vertex 8.6010015633e+00 6.6994733631e-01 1.9218124290e-01
     vertex 8.6066507643e+00 6.5203712059e-01 0.0000000000e+00
     vertex 8.0357101908e+00 7.6134570686e-01 0.0000000000e+00
   endloop
 endfacet
 facet normal  2.8063669825e-01 9.1313547340e-01 -2.9567998040e-01
   outer loop
     vertex 8.6066507643e+00 6.5203712059e-01 0.0000000000e+00
     vertex 9.1597362424e+00 4.8205568089e-01 0.0000000000e+00
     vertex 9.1512624408e+00 4.3566370881e-01 -1.5131296683e-01
   endloop
 endfacet
 facet normal  2.8866418964e-01 9.1762319346e-01 -2.7320442977e-01
   outer loop
     vertex 8.6066507643e+00 6.5203712059e-01 0.0000000000e+00
     vertex 9.1512624408e+00 4.3566370881e-01 -1.5131296683e-01
     vertex 8.6010015633e+00 5.8686199254e-01 -2.2487531122e-01
   endloop
 endfacet
 facet normal  2.8302761272e-01 7.2394241171e-01 -6.2912856792e-01
   outer loop
     vertex 8.6010015633e+00 5.8686199254e-01 -2.2487531122e-01
     vertex 9.1512624408e+00 4.3566370881e-01 -1.5131296683e-01
     vertex 9.1326200775e+00 3.4027796300e-01 -2.6946066231e-01
   endloop
 endfacet
 facet normal  3.0626177826e-01 7.6316517499e-01 -5.6901901449e-01
   outer loop
     vertex 8.6010015633e+00 5.8686199254e-01 -2.2487531122e-01
     vertex 9.1326200775e+00 3.4027796300e-01 -2.6946066231e-01
     vertex 8.5885733210e+00 4.6459459481e-01 -3.9554889695e-01
   endloop
 endfacet
 facet normal  2.7903476562e-01 2.9391653473e-01 -9.1419509416e-01
   outer loop
     vertex 8.5885733210e+00 4.6459459481e-01 -3.9554889695e-01
     vertex 9.1326200775e+00 3.4027796300e-01 -2.6946066231e-01
     vertex 9.1139777141e+00 1.8523950833e-01 -3.2499610891e-01
   endloop
 endfacet
 facet normal  2.7521749096e-01 2.8579654937e-01 -9.1791920398e-01
   outer loop
     vertex 8.5885733210e+00 4.6459459481e-01 -3.9554889695e-01
     vertex 9.1139777141e+00 1.8523950833e-01 -3.2499610891e-01
     vertex 8.5761450788e+00 2.5457919222e-01 -4.6466407261e-01
   endloop
 endfacet
 facet normal  2.5642093819e-01 4.4037416637e-02 -9.6556149902e-01
   outer loop
     vertex 8.5761450788e+00 2.5457919222e-01 -4.6466407261e-01
     vertex 9.1139777141e+00 1.8523950833e-01 -3.2499610891e-01
     vertex 9.1055039126e+00 -2.3980817332e-17 -3.3569488838e-01
   endloop
 endfacet
 facet normal  2.4648158149e-01 2.1676202870e-02 -9.6890503777e-01
   outer loop
     vertex 8.5761450788e+00 2.5457919222e-01 -4.6466407261e-01
     vertex 9.1055039126e+00 -2.3980817332e-17 -3.3569488838e-01
     vertex 8.5704958778e+00 -1.5987211555e-17 -4.7179659225e-01
   endloop
 endfacet
 facet normal  2.4648158149e-01 -2.1676202870e-02 -9.6890503777e-01
   outer loop
     vertex 8.5704958778e+00 -1.5987211555e-17 -4.7179659225e-01
     vertex 9.1055039126e+00 -2.3980817332e-17 -3.3569488838e-01
     vertex 8.5761450788e+00 -2.5457919222e-01 -4.6466407261e-01
   endloop
 endfacet
 facet normal  2.5642093819e-01 -4.4037416637e-02 -9.6556149902e-01
   outer loop
     vertex 9.1055039126e+00 -2.3980817332e-17 -3.3569488838e-01
     vertex 9.1139777141e+00 -1.8523950833e-01 -3.2499610891e-01
     vertex 8.5761450788e+00 -2.5457919222e-01 -4.6466407261e-01
   endloop
 endfacet
 facet normal  2.7521749096e-01 -2.8579654937e-01 -9.1791920398e-01
   outer loop
     vertex 8.5761450788e+00 -2.5457919222e-01 -4.6466407261e-01
     vertex 9.1139777141e+00 -1.8523950833e-01 -3.2499610891e-01
     vertex 8.5885733210e+00 -4.6459459481e-01 -3.9554889695e-01
   endloop
 endfacet
 facet normal  2.7903476562e-01 -2.9391653473e-01 -9.1419509416e-01
   outer loop
     vertex 9.1139777141e+00 -1.8523950833e-01 -3.2499610891e-01
     vertex 9.1326200775e+00 -3.4027796300e-01 -2.6946066231e-01
     vertex 8.5885733210e+00 -4.6459459481e-01 -3.9554889695e-01
   endloop
 endfacet
 facet normal  3.0626177826e-01 -7.6316517499e-01 -5.6901901449e-01
   outer loop
     vertex 8.5885733210e+00 -4.6459459481e-01 -3.9554889695e-01
     vertex 9.1326200775e+00 -3.4027796300e-01 -2.6946066231e-01
     vertex 8.6010015633e+00 -5.8686199254e-01 -2.2487531122e-01
   endloop
 endfacet
 facet normal  2.8302761272e-01 -7.2394241171e-01 -6.2912856792e-01
   outer loop
     vertex 9.1326200775e+00 -3.4027796300e-01 -2.6946066231e-01
     vertex 9.1512624408e+00 -4.3566370881e-01 -1.5131296683e-01
     vertex 8.6010015633e+00 -5.8686199254e-01 -2.2487531122e-01
   endloop
 endfacet
 facet normal  2.8866418964e-01 -9.1762319346e-01 -2.7320442977e-01
   outer loop
     vertex 8.6010015633e+00 -5.8686199254e-01 -2.2487531122e-01
     vertex 9.1512624408e+00 -4.3566370881e-01 -1.5131296683e-01
     vertex 8.6066507643e+00 -6.5203712059e-01 -2.1316282073e-17
   endloop
 endfacet
 facet normal  2.8063669825e-01 -9.1313547340e-01 -2.9567998040e-01
   outer loop
     vertex 9.1512624408e+00 -4.3566370881e-01 -1.5131296683e-01
     vertex 9.1597362424e+00 -4.8205568089e-01 -3.1974423109e-17
     vertex 8.6066507643e+00 -6.5203712059e-01 -2.1316282073e-17
   endloop
 endfacet
 facet normal  2.9365986736e-01 -9.5551025108e-01 2.7641316639e-02
   outer loop
     vertex 8.6066507643e+00 -6.5203712059e-01 -2.1316282073e-17
     vertex 9.1597362424e+00 -4.8205568089e-01 -3.1974423109e-17
     vertex 9.1512624408e+00 -4.8079648814e-01 1.3355322601e-01
   endloop
 endfacet
 facet normal  3.1654905240e-01 -9.4529815405e-01 -7.8791480367e-02
   outer loop
     vertex 8.6066507643e+00 -6.5203712059e-01 -2.1316282073e-17
     vertex 9.1512624408e+00 -4.8079648814e-01 1.3355322601e-01
     vertex 8.6010015633e+00 -6.6994733631e-01 1.9218124290e-01
   endloop
 endfacet
 facet normal  3.2257418336e-01 -7.6609582481e-01 5.5591643567e-01
   outer loop
     vertex 8.6010015633e+00 -6.6994733631e-01 1.9218124290e-01
     vertex 9.1512624408e+00 -4.8079648814e-01 1.3355322601e-01
     vertex 9.1326200775e+00 -4.0846380091e-01 2.4405061533e-01
   endloop
 endfacet
 facet normal  3.5952827744e-01 -8.1948320088e-01 4.4630337349e-01
   outer loop
     vertex 8.6010015633e+00 -6.6994733631e-01 1.9218124290e-01
     vertex 9.1326200775e+00 -4.0846380091e-01 2.4405061533e-01
     vertex 8.5885733210e+00 -5.9011852369e-01 3.4877131047e-01
   endloop
 endfacet
 facet normal  2.9788767560e-01 -3.8982481100e-01 8.7137796016e-01
   outer loop
     vertex 8.5885733210e+00 -5.9011852369e-01 3.4877131047e-01
     vertex 9.1326200775e+00 -4.0846380091e-01 2.4405061533e-01
     vertex 9.1139777141e+00 -2.4191107597e-01 3.2493367415e-01
   endloop
 endfacet
 facet normal  3.1186647664e-01 -4.1195819167e-01 8.5617156521e-01
   outer loop
     vertex 8.5885733210e+00 -5.9011852369e-01 3.4877131047e-01
     vertex 9.1139777141e+00 -2.4191107597e-01 3.2493367415e-01
     vertex 8.5761450788e+00 -3.5890639629e-01 4.6454913590e-01
   endloop
 endfacet
 facet normal  2.5802176505e-01 -3.3913277689e-02 9.6554371126e-01
   outer loop
     vertex 8.5761450788e+00 -3.5890639629e-01 4.6454913590e-01
     vertex 9.1139777141e+00 -2.4191107597e-01 3.2493367415e-01
     vertex 9.1055039126e+00 -1.3988810110e-17 3.3569488838e-01
   endloop
 endfacet
 facet normal  2.4650916972e-01 -1.5687385769e-02 9.6901348555e-01
   outer loop
     vertex 8.5761450788e+00 -3.5890639629e-01 4.6454913590e-01
     vertex 9.1055039126e+00 -1.3988810110e-17 3.3569488838e-01
     vertex 8.5704958778e+00 -9.3258734069e-18 4.7179659225e-01
   endloop
 endfacet
 facet normal  2.4650916972e-01 1.5687385769e-02 9.6901348555e-01
   outer loop
     vertex 8.5704958778e+00 -9.3258734069e-18 4.7179659225e-01
     vertex 9.1055039126e+00 -1.3988810110e-17 3.3569488838e-01
     vertex 8.5761450788e+00 3.5890639629e-01 4.6454913590e-01
   endloop
 endfacet
 facet normal  2.5802176505e-01 3.3913277689e-02 9.6554371126e-01
   outer loop
     vertex 9.1055039126e+00 -1.3988810110e-17 3.3569488838e-01
     vertex 9.1139777141e+00 2.4191107597e-01 3.2493367415e-01
     vertex 8.5761450788e+00 3.5890639629e-01 4.6454913590e-01
   endloop
 endfacet
 facet normal  3.1186647664e-01 4.1195819167e-01 8.5617156521e-01
   outer loop
     vertex 8.5761450788e+00 3.5890639629e-01 4.6454913590e-01
     vertex 9.1139777141e+00 2.4191107597e-01 3.2493367415e-01
     vertex 8.5885733210e+00 5.9011852369e-01 3.4877131047e-01
   endloop
 endfacet
 facet normal  2.9788767560e-01 3.8982481100e-01 8.7137796016e-01
   outer loop
     vertex 9.1139777141e+00 2.4191107597e-01 3.2493367415e-01
     vertex 9.1326200775e+00 4.0846380091e-01 2.4405061533e-01
     vertex 8.5885733210e+00 5.9011852369e-01 3.4877131047e-01
   endloop
 endfacet
 facet normal  3.5952827744e-01 8.1948320088e-01 4.4630337349e-01
   outer loop
     vertex 8.5885733210e+00 5.9011852369e-01 3.4877131047e-01
     vertex 9.1326200775e+00 4.0846380091e-01 2.4405061533e-01
     vertex 8.6010015633e+00 6.6994733631e-01 1.9218124290e-01
   endloop
 endfacet
 facet normal  3.2257418336e-01 7.6609582481e-01 5.5591643567e-01
   outer loop
     vertex 9.1326200775e+00 4.0846380091e-01 2.4405061533e-01
     vertex 9.1512624408e+00 4.8079648814e-01 1.3355322601e-01
     vertex 8.6010015633e+00 6.6994733631e-01 1.9218124290e-01
   endloop
 endfacet
 facet normal  3.1654905240e-01 9.4529815405e-01 -7.8791480367e-02
   outer loop
     vertex 8.6010015633e+00 6.6994733631e-01 1.9218124290e-01
     vertex 9.1512624408e+00 4.8079648814e-01 1.3355322601e-01
     vertex 8.6066507643e+00 6.5203712059e-01 0.0000000000e+00
   endloop
 endfacet
 facet normal  2.9365986736e-01 9.5551025108e-01 2.7641316639e-02
   outer loop
     vertex 9.1512624408e+00 4.8079648814e-01 1.3355322601e-01
     vertex 9.1597362424e+00 4.8205568089e-01 0.0000000000e+00
     vertex 8.6066507643e+00 6.5203712059e-01 0.0000000000e+00
   endloop
 endfacet
 facet normal  3.9322845440e-01 8.5915912484e-01 -3.2744004161e-01
   outer loop
     vertex 9.1597362424e+00 4.8205568089e-01 0.0000000000e+00
     vertex 9.6418811470e+00 2.6138282746e-01 0.0000000000e+00
     vertex 9.6343488789e+00 2.3745321672e-01 -7.1833748291e-02
   endloop
 endfacet
 facet normal  4.0370068622e-01 8.6812270903e-01 -2.8877104774e-01
   outer loop
     vertex 9.1597362424e+00 4.8205568089e-01 0.0000000000e+00
     vertex 9.6343488789e+00 2.3745321672e-01 -7.1833748291e-02
     vertex 9.1512624408e+00 4.3566370881e-01 -1.5131296683e-01
   endloop
 endfacet
 facet normal  3.6894588918e-01 6.2242382263e-01 -6.9026626448e-01
   outer loop
     vertex 9.1512624408e+00 4.3566370881e-01 -1.5131296683e-01
     vertex 9.6343488789e+00 2.3745321672e-01 -7.1833748291e-02
     vertex 9.6177778893e+00 1.8231980458e-01 -1.3040556286e-01
   endloop
 endfacet
 facet normal  3.9792270652e-01 6.8211854542e-01 -6.1349149108e-01
   outer loop
     vertex 9.1512624408e+00 4.3566370881e-01 -1.5131296683e-01
     vertex 9.6177778893e+00 1.8231980458e-01 -1.3040556286e-01
     vertex 9.1326200775e+00 3.4027796300e-01 -2.6946066231e-01
   endloop
 endfacet
 facet normal  3.4849367013e-01 2.8402897024e-01 -8.9324112419e-01
   outer loop
     vertex 9.1326200775e+00 3.4027796300e-01 -2.6946066231e-01
     vertex 9.6177778893e+00 1.8231980458e-01 -1.3040556286e-01
     vertex 9.6012068996e+00 9.8409482956e-02 -1.6355209681e-01
   endloop
 endfacet
 facet normal  3.4648993531e-01 2.7913090825e-01 -8.9556164544e-01
   outer loop
     vertex 9.1326200775e+00 3.4027796300e-01 -2.6946066231e-01
     vertex 9.6012068996e+00 9.8409482956e-02 -1.6355209681e-01
     vertex 9.1139777141e+00 1.8523950833e-01 -3.2499610891e-01
   endloop
 endfacet
 facet normal  3.2447528414e-01 6.6348148947e-02 -9.4356436617e-01
   outer loop
     vertex 9.1139777141e+00 1.8523950833e-01 -3.2499610891e-01
     vertex 9.6012068996e+00 9.8409482956e-02 -1.6355209681e-01
     vertex 9.5936746316e+00 -2.1316282073e-17 -1.7306212300e-01
   endloop
 endfacet
 facet normal  3.1581210846e-01 4.0304268864e-02 -9.4796533590e-01
   outer loop
     vertex 9.1139777141e+00 1.8523950833e-01 -3.2499610891e-01
     vertex 9.5936746316e+00 -2.1316282073e-17 -1.7306212300e-01
     vertex 9.1055039126e+00 -2.3980817332e-17 -3.3569488838e-01
   endloop
 endfacet
 facet normal  3.1581210846e-01 -4.0304268864e-02 -9.4796533590e-01
   outer loop
     vertex 9.1055039126e+00 -2.3980817332e-17 -3.3569488838e-01
     vertex 9.5936746316e+00 -2.1316282073e-17 -1.7306212300e-01
     vertex 9.1139777141e+00 -1.8523950833e-01 -3.2499610891e-01
   endloop
 endfacet
 facet normal  3.2447528414e-01 -6.6348148947e-02 -9.4356436617e-01
   outer loop
     vertex 9.5936746316e+00 -2.1316282073e-17 -1.7306212300e-01
     vertex 9.6012068996e+00 -9.8409482956e-02 -1.6355209681e-01
     vertex 9.1139777141e+00 -1.8523950833e-01 -3.2499610891e-01
   endloop
 endfacet
 facet normal  3.4648993531e-01 -2.7913090825e-01 -8.9556164544e-01
   outer loop
     vertex 9.1139777141e+00 -1.8523950833e-01 -3.2499610891e-01
     vertex 9.6012068996e+00 -9.8409482956e-02 -1.6355209681e-01
     vertex 9.1326200775e+00 -3.4027796300e-01 -2.6946066231e-01
   endloop
 endfacet
 facet normal  3.4849367013e-01 -2.8402897024e-01 -8.9324112419e-01
   outer loop
     vertex 9.6012068996e+00 -9.8409482956e-02 -1.6355209681e-01
     vertex 9.6177778893e+00 -1.8231980458e-01 -1.3040556286e-01
     vertex 9.1326200775e+00 -3.4027796300e-01 -2.6946066231e-01
   endloop
 endfacet
 facet normal  3.9792270652e-01 -6.8211854542e-01 -6.1349149108e-01
   outer loop
     vertex 9.1326200775e+00 -3.4027796300e-01 -2.6946066231e-01
     vertex 9.6177778893e+00 -1.8231980458e-01 -1.3040556286e-01
     vertex 9.1512624408e+00 -4.3566370881e-01 -1.5131296683e-01
   endloop
 endfacet
 facet normal  3.6894588918e-01 -6.2242382263e-01 -6.9026626448e-01
   outer loop
     vertex 9.6177778893e+00 -1.8231980458e-01 -1.3040556286e-01
     vertex 9.6343488789e+00 -2.3745321672e-01 -7.1833748291e-02
     vertex 9.1512624408e+00 -4.3566370881e-01 -1.5131296683e-01
   endloop
 endfacet
 facet normal  4.0370068622e-01 -8.6812270903e-01 -2.8877104774e-01
   outer loop
     vertex 9.1512624408e+00 -4.3566370881e-01 -1.5131296683e-01
     vertex 9.6343488789e+00 -2.3745321672e-01 -7.1833748291e-02
     vertex 9.1597362424e+00 -4.8205568089e-01 -3.1974423109e-17
   endloop
 endfacet
 facet normal  3.9322845440e-01 -8.5915912484e-01 -3.2744004161e-01
   outer loop
     vertex 9.6343488789e+00 -2.3745321672e-01 -7.1833748291e-02
     vertex 9.6418811470e+00 -2.6138282746e-01 -2.8421709430e-17
     vertex 9.1597362424e+00 -4.8205568089e-01 -3.1974423109e-17
   endloop
 endfacet
 facet normal  4.0872433148e-01 -8.9301584105e-01 1.8832718471e-01
   outer loop
     vertex 9.1597362424e+00 -4.8205568089e-01 -3.1974423109e-17
     vertex 9.6418811470e+00 -2.6138282746e-01 -2.8421709430e-17
     vertex 9.6343488789e+00 -2.5078790152e-01 6.6586552141e-02
   endloop
 endfacet
 facet normal  4.3366957245e-01 -9.0035235424e-01 3.6004723966e-02
   outer loop
     vertex 9.1597362424e+00 -4.8205568089e-01 -3.1974423109e-17
     vertex 9.6343488789e+00 -2.5078790152e-01 6.6586552141e-02
     vertex 9.1512624408e+00 -4.8079648814e-01 1.3355322601e-01
   endloop
 endfacet
 facet normal  3.9490919468e-01 -6.3655416678e-01 6.6245416499e-01
   outer loop
     vertex 9.1512624408e+00 -4.8079648814e-01 1.3355322601e-01
     vertex 9.6343488789e+00 -2.5078790152e-01 6.6586552141e-02
     vertex 9.6177778893e+00 -2.0246562033e-01 1.2289804898e-01
   endloop
 endfacet
 facet normal  4.3944820681e-01 -7.1579111795e-01 5.4270466094e-01
   outer loop
     vertex 9.1512624408e+00 -4.8079648814e-01 1.3355322601e-01
     vertex 9.6177778893e+00 -2.0246562033e-01 1.2289804898e-01
     vertex 9.1326200775e+00 -4.0846380091e-01 2.4405061533e-01
   endloop
 endfacet
 facet normal  3.6017580027e-01 -3.3657010048e-01 8.7005399853e-01
   outer loop
     vertex 9.1326200775e+00 -4.0846380091e-01 2.4405061533e-01
     vertex 9.6177778893e+00 -2.0246562033e-01 1.2289804898e-01
     vertex 9.6012068996e+00 -1.1515335522e-01 1.6353365018e-01
   endloop
 endfacet
 facet normal  3.7746457315e-01 -3.6999890126e-01 8.4889416837e-01
   outer loop
     vertex 9.1326200775e+00 -4.0846380091e-01 2.4405061533e-01
     vertex 9.6012068996e+00 -1.1515335522e-01 1.6353365018e-01
     vertex 9.1139777141e+00 -2.4191107597e-01 3.2493367415e-01
   endloop
 endfacet
 facet normal  3.2720123050e-01 -5.6648059137e-02 9.4325518931e-01
   outer loop
     vertex 9.1139777141e+00 -2.4191107597e-01 3.2493367415e-01
     vertex 9.6012068996e+00 -1.1515335522e-01 1.6353365018e-01
     vertex 9.5936746316e+00 -1.2434497876e-17 1.7306212300e-01
   endloop
 endfacet
 facet normal  3.1591587043e-01 -3.1117224909e-02 9.4827679563e-01
   outer loop
     vertex 9.1139777141e+00 -2.4191107597e-01 3.2493367415e-01
     vertex 9.5936746316e+00 -1.2434497876e-17 1.7306212300e-01
     vertex 9.1055039126e+00 -1.3988810110e-17 3.3569488838e-01
   endloop
 endfacet
 facet normal  3.1591587043e-01 3.1117224909e-02 9.4827679563e-01
   outer loop
     vertex 9.1055039126e+00 -1.3988810110e-17 3.3569488838e-01
     vertex 9.5936746316e+00 -1.2434497876e-17 1.7306212300e-01
     vertex 9.1139777141e+00 2.4191107597e-01 3.2493367415e-01
   endloop
 endfacet
 facet normal  3.2720123050e-01 5.6648059137e-02 9.4325518931e-01
   outer loop
     vertex 9.5936746316e+00 -1.2434497876e-17 1.7306212300e-01
     vertex 9.6012068996e+00 1.1515335522e-01 1.6353365018e-01
     vertex 9.1139777141e+00 2.4191107597e-01 3.2493367415e-01
   endloop
 endfacet
 facet normal  3.7746457315e-01 3.6999890126e-01 8.4889416837e-01
   outer loop
     vertex 9.1139777141e+00 2.4191107597e-01 3.2493367415e-01
     vertex 9.6012068996e+00 1.1515335522e-01 1.6353365018e-01
     vertex 9.1326200775e+00 4.0846380091e-01 2.4405061533e-01
   endloop
 endfacet
 facet normal  3.6017580027e-01 3.3657010048e-01 8.7005399853e-01
   outer loop
     vertex 9.6012068996e+00 1.1515335522e-01 1.6353365018e-01
     vertex 9.6177778893e+00 2.0246562033e-01 1.2289804898e-01
     vertex 9.1326200775e+00 4.0846380091e-01 2.4405061533e-01
   endloop
 endfacet
 facet normal  4.3944820681e-01 7.1579111795e-01 5.4270466094e-01
   outer loop
     vertex 9.1326200775e+00 4.0846380091e-01 2.4405061533e-01
     vertex 9.6177778893e+00 2.0246562033e-01 1.2289804898e-01
     vertex 9.1512624408e+00 4.8079648814e-01 1.3355322601e-01
   endloop
 endfacet
 facet normal  3.9490919468e-01 6.3655416678e-01 6.6245416499e-01
   outer loop
     vertex 9.6177778893e+00 2.0246562033e-01 1.2289804898e-01
     vertex 9.6343488789e+00 2.5078790152e-01 6.6586552141e-02
     vertex 9.1512624408e+00 4.8079648814e-01 1.3355322601e-01
   endloop
 endfacet
 facet normal  4.3366957245e-01 9.0035235424e-01 3.6004723966e-02
   outer loop
     vertex 9.1512624408e+00 4.8079648814e-01 1.3355322601e-01
     vertex 9.6343488789e+00 2.5078790152e-01 6.6586552141e-02
     vertex 9.1597362424e+00 4.8205568089e-01 0.0000000000e+00
   endloop
 endfacet
 facet normal  4.0872433148e-01 8.9301584105e-01 1.8832718471e-01
   outer loop
     vertex 9.6343488789e+00 2.5078790152e-01 6.6586552141e-02
     vertex 9.6418811470e+00 2.6138282746e-01 0.0000000000e+00
     vertex 9.1597362424e+00 4.8205568089e-01 0.0000000000e+00
   endloop
 endfacet
 facet normal  5.5970141809e-01 7.6684314665e-01 -3.1414313779e-01
   outer loop
     vertex 9.6418811470e+00 2.6138282746e-01 0.0000000000e+00
     vertex 1.0000000000e+01 0.0000000000e+00 0.0000000000e+00
     vertex 9.6343488789e+00 2.3745321672e-01 -7.1833748291e-02
   endloop
 endfacet
 facet normal  4.9388862004e-01 5.5906381952e-01 -6.6597423126e-01
   outer loop
     vertex 9.6343488789e+00 2.3745321672e-01 -7.1833748291e-02
     vertex 1.0000000000e+01 0.0000000000e+00 0.0000000000e+00
     vertex 9.6177778893e+00 1.8231980458e-01 -1.3040556286e-01
   endloop
 endfacet
 facet normal  4.2065078305e-01 2.6024108789e-01 -8.6909579155e-01
   outer loop
     vertex 9.6177778893e+00 1.8231980458e-01 -1.3040556286e-01
     vertex 1.0000000000e+01 0.0000000000e+00 0.0000000000e+00
     vertex 9.6012068996e+00 9.8409482956e-02 -1.6355209681e-01
   endloop
 endfacet
 facet normal  3.9117917030e-01 5.8814033141e-02 -9.1843332160e-01
   outer loop
     vertex 9.6012068996e+00 9.8409482956e-02 -1.6355209681e-01
     vertex 1.0000000000e+01 0.0000000000e+00 0.0000000000e+00
     vertex 9.5936746316e+00 -2.1316282073e-17 -1.7306212300e-01
   endloop
 endfacet
 facet normal  3.9117917030e-01 -5.8814033141e-02 -9.1843332160e-01
   outer loop
     vertex 9.5936746316e+00 -2.1316282073e-17 -1.7306212300e-01
     vertex 1.0000000000e+01 0.0000000000e+00 0.0000000000e+00
     vertex 9.6012068996e+00 -9.8409482956e-02 -1.6355209681e-01
   endloop
 endfacet
 facet normal  4.2065078305e-01 -2.6024108789e-01 -8.6909579155e-01
   outer loop
     vertex 9.6012068996e+00 -9.8409482956e-02 -1.6355209681e-01
     vertex 1.0000000000e+01 0.0000000000e+00 0.0000000000e+00
     vertex 9.6177778893e+00 -1.8231980458e-01 -1.3040556286e-01
   endloop
 endfacet
 facet normal  4.9388862004e-01 -5.5906381952e-01 -6.6597423126e-01
   outer loop
     vertex 9.6177778893e+00 -1.8231980458e-01 -1.3040556286e-01
     vertex 1.0000000000e+01 0.0000000000e+00 0.0000000000e+00
     vertex 9.6343488789e+00 -2.3745321672e-01 -7.1833748291e-02
   endloop
 endfacet
 facet normal  5.5970141809e-01 -7.6684314665e-01 -3.1414313779e-01
   outer loop
     vertex 9.6343488789e+00 -2.3745321672e-01 -7.1833748291e-02
     vertex 1.0000000000e+01 0.0000000000e+00 0.0000000000e+00
     vertex 9.6418811470e+00 -2.6138282746e-01 -2.8421709430e-17
   endloop
 endfacet
 facet normal  5.7862487223e-01 -7.9277004383e-01 1.9159570675e-01
   outer loop
     vertex 9.6418811470e+00 -2.6138282746e-01 -2.8421709430e-17
     vertex 1.0000000000e+01 0.0000000000e+00 0.0000000000e+00
     vertex 9.6343488789e+00 -2.5078790152e-01 6.6586552141e-02
   endloop
 endfacet
 facet normal  5.0983297639e-01 -5.7296283784e-01 6.4170392132e-01
   outer loop
     vertex 9.6343488789e+00 -2.5078790152e-01 6.6586552141e-02
     vertex 1.0000000000e+01 0.0000000000e+00 0.0000000000e+00
     vertex 9.6177778893e+00 -2.0246562033e-01 1.2289804898e-01
   endloop
 endfacet
 facet normal  4.3601959622e-01 -3.1038421421e-01 8.4471803064e-01
   outer loop
     vertex 9.6177778893e+00 -2.0246562033e-01 1.2289804898e-01
     vertex 1.0000000000e+01 0.0000000000e+00 0.0000000000e+00
     vertex 9.6012068996e+00 -1.1515335522e-01 1.6353365018e-01
   endloop
 endfacet
 facet normal  3.9135884378e-01 -5.0432458529e-02 9.1885516950e-01
   outer loop
     vertex 9.6012068996e+00 -1.1515335522e-01 1.6353365018e-01
     vertex 1.0000000000e+01 0.0000000000e+00 0.0000000000e+00
     vertex 9.5936746316e+00 -1.2434497876e-17 1.7306212300e-01
   endloop
 endfacet
 facet normal  3.9135884378e-01 5.0432458529e-02 9.1885516950e-01
   outer loop
     vertex 9.5936746316e+00 -1.2434497876e-17 1.7306212300e-01
     vertex 1.0000000000e+01 0.0000000000e+00 0.0000000000e+00
     vertex 9.6012068996e+00 1.1515335522e-01 1.6353365018e-01
   endloop
 endfacet
 facet normal  4.3601959622e-01 3.1038421421e-01 8.4471803064e-01
   outer loop
     vertex 9.6012068996e+00 1.1515335522e-01 1.6353365018e-01
     vertex 1.0000000000e+01 0.0000000000e+00 0.0000000000e+00
     vertex 9.6177778893e+00 2.0246562033e-01 1.2289804898e-01
   endloop
 endfacet
 facet normal  5.0983297639e-01 5.7296283784e-01 6.4170392132e-01
   outer loop
     vertex 9.6177778893e+00 2.0246562033e-01 1.2289804898e-01
     vertex 1.0000000000e+01 0.0000000000e+00 0.0000000000e+00
     vertex 9.6343488789e+00 2.5078790152e-01 6.6586552141e-02
   endloop
 endfacet
 facet normal  5.7862487223e-01 7.9277004383e-01 1.9159570675e-01
   outer loop
     vertex 9.6343488789e+00 2.5078790152e-01 6.6586552141e-02
     vertex 1.0000000000e+01 0.0000000000e+00 0.0000000000e+00
     vertex 9.6418811470e+00 2.6138282746e-01 0.0000000000e+00
   endloop
 endfacet
endsolid
