 w14                                                                             

 OPTIONS= 001001010000100001001000010000 L=   22 M=   38 N=  162

 Y1=   3.22920 Y2=   4.52088 X3=   3.02435 X4=   3.31835 Z3=   0.00000 Y3=   0.20000

 XF1=  -4.65000 XF2=  -3.85861 YF1=   0.20000 YF2=   2.26044 XF3=  -3.46292 YCL=   0.20000

 B1=  0.929381 B2=  0.070000 B3= 20.000000 B4=  0.200000 B5=  5.000000 B6=  3.229200

 YBAR1=  1.291680 YSLOP1=  2.583360 MBAR=   14 JPRINT=    3 YBAR2=  1.187185 YSLOP2=  2.583360 YG1R=  0.264584

 NITS=  100 NLPP=    5 STOL=  0.000000 R1=   0.11000 R2=   0.69000

 IDEL= 1000 NDEL=    1

 * MAINIM DONE *

 ETA DERIVATIVES PART 1

     J    ETA        Y         YE       YEE
     3  0.000000   0.00000   2.58336  -9.85393
     4  0.027778   0.06884   2.39759  -4.21308
     5  0.055556   0.13425   2.32719  -1.07485
     6  0.083333   0.19879   2.33090   1.28366
     7  0.111111   0.26432   2.39796   3.57908
     8  0.138889   0.33264   2.53419   6.36213
     9  0.166667   0.40595   2.76289  10.41288
    10  0.194444   0.48748   3.13892  17.37166
    11  0.222222   0.58284   3.79289  31.60591
    12  0.250000   0.70387   5.07782  66.15953
    13  0.277778   0.87754   7.60425  92.89165
    14  0.305556   1.09168   6.59035-130.62494
    15  0.333333   1.31297   6.72488-147.97782
    16  0.361111   1.46765   4.91629 -26.64654
    17  0.388889   1.59710   4.48550  -8.30471
    18  0.416667   1.71946   4.35256  -2.12819
    19  0.444444   1.83999   4.33939   0.88326
    20  0.472222   1.96112   4.39024   2.62556
    21  0.500000   2.08423   4.47761   3.52344
    22  0.527778   2.20999   4.57640   3.36683
    23  0.555556   2.33823   4.64763   1.34821
    24  0.583333   2.46730   4.62113  -3.92176
    25  0.611111   2.59307   4.39140 -13.18374
    26  0.638889   2.70862   3.88291 -22.86609
    27  0.666667   2.80701   3.18860 -25.54346
    28  0.694444   2.88623   2.53996 -20.25728
    29  0.722222   2.94996   2.08529 -12.45289
    30  0.750000   3.00404   1.84103  -5.30175
    31  0.777778   3.05397   1.78480   1.24546
    32  0.805556   3.10492   1.91758   8.61450
    33  0.833333   3.16271   2.29210  19.13377
    34  0.861111   3.23571   3.04360  36.52032
    35  0.888889   3.33769   4.43600  66.40225
    36  0.916667   3.49229   6.93616 119.02542
    37  0.944444   3.74273  11.65428 243.67809
    38  0.972222   4.20736  24.68783 937.47401

 YSECT=   0.00000 INTERPOLATED TO WEBER POINTS

     X/C       Z/C         DZ/DX      D2Z/DX2      SLOPE
   1.000000  0.002750    -0.20955 10000.00000   168.16485
   0.999398  0.002875    -0.20608    -2.81524   168.35553
   0.997592  0.003244    -0.20277    -1.34443   168.53767
   0.994588  0.003848    -0.19961    -0.85683   168.71164
   0.990393  0.004678    -0.19659    -0.61489   168.87783
   0.985016  0.005722    -0.19092    -1.40149   169.19136
   0.978470  0.006940    -0.18124    -1.01438   169.72706
   0.970772  0.008326    -0.18125     0.75522   169.72684
   0.961940  0.009930    -0.17803    -1.53912   169.90554
   0.951995  0.011638    -0.16971     0.46994   170.36828
   0.940961  0.013523    -0.16720    -1.56661   170.50810
   0.928864  0.015469    -0.15925     0.30132   170.95164
   0.915735  0.017587    -0.16191    -0.58641   170.80286
   0.901604  0.019766    -0.14900     0.15338   171.52554
   0.886505  0.022035    -0.15008     0.04131   171.46457
   0.870476  0.024452    -0.14620    -1.64932   171.68209
   0.853553  0.026832    -0.14092    -0.00328   171.97851
   0.835779  0.029338    -0.14194    -0.48213   171.92163
   0.817197  0.031813    -0.13044     0.27079   172.56821
   0.797850  0.034344    -0.13242     0.00271   172.45691
   0.777785  0.036836    -0.12025     0.32003   173.14286
   0.757051  0.039342    -0.12229    -0.17266   173.02804
   0.735698  0.041764    -0.11030     0.33915   173.70563
   0.713778  0.044136    -0.09907    -0.32935   174.34207
   0.691342  0.046384    -0.10120     0.39487   174.22111
   0.668445  0.048570    -0.08935     0.33329   174.89445
   0.645142  0.050640    -0.07948    -0.48296   175.45582
   0.621490  0.052457    -0.06845     0.03777   176.08421
   0.597545  0.054125    -0.06144    -1.14405   176.48434
   0.573365  0.055523    -0.04875    -0.36143   177.20878
   0.549009  0.056742    -0.04398    -1.46498   177.48153
   0.524534  0.057739    -0.04105    -0.76068   177.64927
   0.500000  0.058525    -0.03221     0.33307   178.15486
   0.475466  0.059125    -0.02039     0.33649   178.83201
   0.450991  0.059543    -0.00895     0.27053   179.48729
   0.426635  0.059805    -0.01220    -0.25424   179.30096
   0.402455  0.059878    -0.00095    -0.06346   179.94582
   0.378510  0.059883     0.00679    -1.41845   180.38884
   0.354858  0.059652     0.00974     0.13024   180.55820
   0.331555  0.059351     0.02123     0.14837   181.21625
   0.308658  0.058906     0.01765     0.21152   181.01145
   0.286222  0.058333     0.02795    -0.10476   181.60092
   0.264302  0.057525     0.03904     0.10547   182.23584
   0.242949  0.056690     0.04002    -0.78910   182.29157
   0.222215  0.055614     0.06093    -0.11098   183.48666
   0.202150  0.054425     0.06136    -1.30299   183.51138
   0.182803  0.053100     0.06964    -0.74345   183.98380
   0.164221  0.051592     0.09051    -0.13666   185.17196
   0.146447  0.049972     0.09947    -0.98169   185.68058
   0.129524  0.048279     0.10363    -1.49724   185.91664
   0.113495  0.046468     0.12082    -1.01601   186.88922
   0.098396  0.044530     0.13477    -0.89283   187.67561
   0.084265  0.042463     0.16121    -2.14954   189.15809
   0.071136  0.040175     0.18659    -1.78357   190.56911
   0.059039  0.037761     0.21564    -3.19944   192.16893
   0.048005  0.035171     0.25567    -4.16751   194.34138
   0.038060  0.032397     0.30530    -6.32262   196.97728
   0.029228  0.029391     0.38393   -11.77256   201.00305
   0.021530  0.026054     0.48785   -15.67311   206.00529
   0.014984  0.022473     0.61809   -26.29526   211.71979
   0.009607  0.018678     0.81572   -52.81403   219.20480
   0.005412  0.014602     1.19250  -150.47164   230.01757
   0.002408  0.010051     1.98476  -476.73387   243.25921
   0.000602  0.005120     4.19901 -3613.44289   256.60446
   0.000000 -0.000000 10000.00000 10000.00000   270.00000
   0.000602 -0.005120    -4.19995  3612.82730   283.39265
   0.002408 -0.010054    -1.98635   476.81129   296.72228
   0.005412 -0.014607    -1.19248   150.79371   309.98289
   0.009607 -0.018688    -0.81879    51.49923   320.68960
   0.014984 -0.022504    -0.62048    27.61378   328.18118
   0.021530 -0.026063    -0.47839    16.88288   334.43381
   0.029228 -0.029327    -0.37828    10.01696   339.27944
   0.038060 -0.032335    -0.30833     6.25002   342.86408
   0.048005 -0.035127    -0.25550     4.67818   345.66749
   0.059039 -0.037721    -0.22161     1.24197   347.50462
   0.071136 -0.040259    -0.19186     3.49962   349.13937
   0.084265 -0.042545    -0.16106     1.39290   350.85065
   0.098396 -0.044720    -0.14737     1.01573   351.61644
   0.113495 -0.046828    -0.13204     0.99033   352.47800
   0.129524 -0.048816    -0.11593     1.03410   353.38722
   0.146447 -0.050639    -0.09903     1.26857   354.34459
   0.164221 -0.052274    -0.09159     0.18771   354.76691
   0.182803 -0.053801    -0.07075     0.74860   355.95303
   0.202150 -0.055148    -0.06251     1.30387   356.42291
   0.222215 -0.056360    -0.06270     0.12245   356.41235
   0.242949 -0.057485    -0.05227    -0.06300   357.00774
   0.264302 -0.058423    -0.04208     0.31504   357.59025
   0.286222 -0.059151    -0.03094     0.79770   358.22791
   0.308658 -0.059641    -0.02181    -0.33475   358.75038
   0.331555 -0.059996    -0.00936    -0.32406   359.46381
   0.354858 -0.060201     0.00055     0.46802   360.03139
   0.378510 -0.060124     0.01063    -0.51956   360.60918
   0.402455 -0.059769     0.02038    -0.36277   361.16759
   0.426635 -0.059239     0.03095    -0.02217   361.77248
   0.450991 -0.058409     0.03862    -0.69279   362.21162
   0.475466 -0.057293     0.04863     0.44326   362.78399
   0.500000 -0.055775     0.07569     1.50206   364.32862
   0.524534 -0.053795     0.08923     1.16096   365.09893
   0.549009 -0.051311     0.11011    -0.51567   366.28373
   0.573365 -0.048488     0.12797     0.90690   367.29257
   0.597545 -0.045098     0.15049    -0.27190   368.55820
   0.621490 -0.041404     0.15891    -0.50368   369.02921
   0.645142 -0.037435     0.18011     0.47913   370.20982
   0.668445 -0.033253     0.18209     1.37829   370.31984
   0.691342 -0.028926     0.18924     0.10471   370.71592
   0.713778 -0.024675     0.18946     0.00310   370.72796
   0.735698 -0.020521     0.18948    -0.05652   370.72931
   0.757051 -0.016468     0.18858    -1.13993   370.67940
   0.777785 -0.012721     0.17834    -1.20281   370.11157
   0.797850 -0.009307     0.17037     0.26888   369.66882
   0.817197 -0.006088     0.15698    -0.94139   368.92137
   0.835779 -0.003348     0.13819    -0.03830   367.86762
   0.853553 -0.000920     0.12133    -2.27579   366.91761
   0.870476  0.000972     0.10543    -0.91553   366.01841
   0.886505  0.002459     0.07604    -2.35695   364.34852
   0.901604  0.003394     0.05538    -0.47746   363.16967
   0.915735  0.003943     0.01608    -2.46338   360.92117
   0.928864  0.004004    -0.01134    -3.93896   359.35026
   0.940961  0.003648    -0.03603     0.30920   357.93636
   0.951995  0.003163    -0.06152    -3.93327   356.47955
   0.961940  0.002411    -0.08440    -1.32828   355.17546
   0.970772  0.001586    -0.10598    -3.56912   353.95018
   0.978470  0.000667    -0.13222    -3.15174   352.46823
   0.985016 -0.000262    -0.15116    -2.63092   351.40452
   0.990393 -0.001108    -0.16224    -1.33399   350.78473
   0.994588 -0.001802    -0.16867    -1.80034   350.42590
   0.997592 -0.002317    -0.17521    -2.74146   350.06206
   0.999398 -0.002639    -0.18187    -5.58197   349.69240
   1.000000 -0.002750    -0.18866 10000.00000   349.31612

 Y1=   3.22920 X1=   2.26111 X1D=   0.70021 X1D2=   0.00000 X2=   2.55511 X2D=   0.59389 X2D2=   0.00000

 Z1=   0.00000 Z1D=   0.00000 Z1D2=   0.00000 XTWY1=   0.50000 TWY1=  -0.03151 DEG

      Y         G1        G2        H1        H2        G3        H3
    0.00000  -0.00000   1.00000   0.03469  -0.03469  -4.71428   0.36174
    0.03247   0.02273   1.01017   0.03403  -0.03403  -4.70197   0.35970
    0.06493   0.04547   1.02033   0.03338  -0.03338  -4.68965   0.35760
    0.09784   0.06851   1.03063   0.03271  -0.03271  -4.67717   0.35540
    0.13075   0.09155   1.04094   0.03205  -0.03205  -4.66469   0.35313
    0.16537   0.11580   1.05178   0.03135  -0.03135  -4.65157   0.35066
    0.20000   0.14004   1.06262   0.03065  -0.03065  -4.63845   0.34811
    0.23442   0.16414   1.07340   0.02995  -0.02995  -4.62541   0.34549
    0.26884   0.18824   1.08418   0.02926  -0.02926  -4.61238   0.34278
    0.30154   0.21114   1.09442   0.02860  -0.02860  -4.60000   0.34011
    0.33425   0.23405   1.10466   0.02793  -0.02793  -4.58762   0.33735
    0.36652   0.25664   1.11476   0.02728  -0.02728  -4.57542   0.33454
    0.39879   0.27924   1.12487   0.02663  -0.02663  -4.56321   0.33163
    0.43156   0.30218   1.13513   0.02597  -0.02597  -4.55083   0.32857
    0.46432   0.32512   1.14539   0.02531  -0.02531  -4.53845   0.32541
    0.49848   0.34904   1.15608   0.02462  -0.02462  -4.52554   0.32199
    0.53264   0.37296   1.16678   0.02393  -0.02393  -4.51265   0.31844
    0.56929   0.39862   1.17825   0.02319  -0.02319  -4.49881   0.31449
    0.60595   0.42429   1.18973   0.02245  -0.02245  -4.48499   0.31036
    0.64671   0.45283   1.20250   0.02162  -0.02162  -4.46962   0.30557
    0.68748   0.48138   1.21526   0.02080  -0.02080  -4.45425   0.30056
    0.73516   0.51477   1.23019   0.01984  -0.01984  -4.43630   0.29437
    0.78284   0.54815   1.24512   0.01887  -0.01887  -4.41835   0.28783
    0.84335   0.59052   1.26407   0.01765  -0.01765  -4.39559   0.27896
    0.90387   0.63290   1.28301   0.01643  -0.01643  -4.37285   0.26940
    0.99070   0.69370   1.31020   0.01467  -0.01467  -4.34025   0.25429
    1.07754   0.75450   1.33739   0.01292  -0.01292  -4.30769   0.23730
    1.18461   0.82947   1.37092   0.01076  -0.01076  -4.26759   0.21326
    1.29168   0.90444   1.40444   0.00859  -0.00859  -4.22752   0.18498
    1.40240   0.98197   1.47020   0.00810  -0.00810  -4.18520   0.17948
    1.51305   1.05945   1.53592   0.00760  -0.00760  -4.14290   0.17360
    1.59040   1.11361   1.58185   0.00726  -0.00726  -4.11334   0.16924
    1.66775   1.16777   1.62778   0.00691  -0.00691  -4.08378   0.16466
    1.73247   1.21309   1.66623   0.00662  -0.00662  -4.05905   0.16065
    1.79720   1.25841   1.70467   0.00633  -0.00633  -4.03432   0.15647
    1.85838   1.30126   1.74100   0.00606  -0.00606  -4.01094   0.15236
    1.91957   1.34410   1.77734   0.00578  -0.00578  -3.98756   0.14809
    1.97984   1.38630   1.81313   0.00551  -0.00551  -3.96453   0.14371
    2.04011   1.42850   1.84892   0.00524  -0.00524  -3.94150   0.13916
    2.10068   1.47091   1.88490   0.00497  -0.00497  -3.91836   0.13440
    2.16125   1.51332   1.92087   0.00470  -0.00470  -3.89522   0.12944
    2.22280   1.55642   1.95743   0.00442  -0.00442  -3.87170   0.12420
    2.28436   1.59953   1.99398   0.00415  -0.00415  -3.84818   0.11874
    2.34725   1.64356   2.03133   0.00387  -0.00387  -3.82422   0.11293
    2.41013   1.68759   2.06868   0.00359  -0.00359  -3.80050   0.10686
    2.47425   1.73249   2.10676   0.00330  -0.00330  -3.77671   0.10041
    2.53838   1.77739   2.14484   0.00301  -0.00301  -3.75348   0.09367
    2.60292   1.82258   2.18317   0.00272  -0.00272  -3.73079   0.08659
    2.66746   1.86777   2.22150   0.00243  -0.00243  -3.70891   0.07917
    2.73035   1.91181   2.25885   0.00215  -0.00215  -3.68846   0.07162
    2.79324   1.95585   2.29620   0.00187  -0.00187  -3.66895   0.06370
    2.85102   1.99630   2.33051   0.00161  -0.00161  -3.65190   0.05610
    2.90880   2.03676   2.36483   0.00135  -0.00135  -3.63571   0.04816
    2.95800   2.07121   2.39405   0.00113  -0.00113  -3.62264   0.04111
    3.00719   2.10566   2.42326   0.00091  -0.00091  -3.61021   0.03377
    3.04680   2.13339   2.44679   0.00074  -0.00074  -3.60068   0.02766
    3.08641   2.16113   2.47031   0.00056  -0.00056  -3.59158   0.02134
    3.11828   2.18345   2.48924   0.00042  -0.00042  -3.58456   0.01610
    3.15015   2.20576   2.50817   0.00027  -0.00027  -3.57781   0.01072
    3.17719   2.22469   2.52422   0.00015  -0.00015  -3.57230   0.00603
    3.20423   2.24363   2.54028   0.00003  -0.00003  -3.56697   0.00124
    3.22920   2.26111   2.55511  -0.00008   0.00008  -3.56222  -0.00328
    3.25397   2.27845   2.56982  -0.00008   0.00008  -3.55766  -0.00329
    3.27945   2.29623   2.58494  -0.00008   0.00008  -3.55314  -0.00330
    3.30492   2.31392   2.60003  -0.00008   0.00008  -3.54879  -0.00330
    3.33382   2.33383   2.61711  -0.00008   0.00008  -3.54404  -0.00331
    3.36271   2.35352   2.63412  -0.00008   0.00008  -3.53949  -0.00332
    3.39921   2.37800   2.65551  -0.00008   0.00008  -3.53403  -0.00333
    3.43571   2.40198   2.67675  -0.00008   0.00008  -3.52888  -0.00334
    3.48670   2.43450   2.70610  -0.00007   0.00007  -3.52218  -0.00335
    3.53769   2.46579   2.73504  -0.00007   0.00007  -3.51602  -0.00336
    3.61499   2.51065   2.77794  -0.00007   0.00007  -3.50768  -0.00338
    3.69229   2.55232   2.81949  -0.00007   0.00007  -3.50044  -0.00340
    3.81751   2.61320   2.88349  -0.00007   0.00007  -3.49077  -0.00343
    3.94273   2.66676   2.94286  -0.00008   0.00008  -3.48329  -0.00346
    4.17504   2.75156   3.03947  -0.00008   0.00008  -3.47389  -0.00350
    4.40736   2.82420   3.11789  -0.00008   0.00008  -3.46853  -0.00354
    4.63967   2.88489   3.17889  -0.00008   0.00008  -3.46565  -0.00357

 ETA DERIVATIVES PART 2

     J    ETA        Y         YE       YEE
     3  0.000000   0.00000   2.58336  -3.49539
     4  0.027778   0.07080   2.52663  -0.74892
     5  0.055556   0.14098   2.53653   1.41783
     6  0.083333   0.21225   2.60501   3.53926
     7  0.111111   0.28628   2.73657   6.03346
     8  0.138889   0.36502   2.94853   9.44073
     9  0.166667   0.45116   3.27813  14.72699
    10  0.194444   0.54891   3.80219  23.92317
    11  0.222222   0.66564   4.68119  41.13281
    12  0.250000   0.81471   6.15916  63.22505
    13  0.277778   1.00617   7.26359 -15.11596
    14  0.305556   1.18718   5.47866 -78.93657
    15  0.333333   1.38299   6.68815-150.67062
    16  0.361111   1.53480   4.76633 -28.49845
    17  0.388889   1.65959   4.30558  -8.95361
    18  0.416667   1.77674   4.15857  -2.55006
    19  0.444444   1.89173   4.13442   0.50063
    20  0.472222   2.00702   4.17455   2.23237
    21  0.500000   2.12398   4.25079   3.11922
    22  0.527778   2.24328   4.33873   3.00449
    23  0.555556   2.36480   4.40212   1.18637
    24  0.583333   2.48704   4.37768  -3.53493
    25  0.611111   2.60632   4.17187 -11.78698
    26  0.638889   2.71645   3.71645 -20.55345
    27  0.666667   2.81113   3.08703 -23.38587
    28  0.694444   2.88825   2.48646 -18.98279
    29  0.722222   2.95089   2.05631 -11.90407
    30  0.750000   3.00431   1.82101  -5.16589
    31  0.777778   3.05370   1.76467   1.11068
    32  0.805556   3.10401   1.88979   8.17709
    33  0.833333   3.16080   2.24561  18.16686
    34  0.861111   3.23202   2.95728  34.50217
    35  0.888889   3.33060   4.26940  62.48789
    36  0.916667   3.47873   6.62436 112.34811
    37  0.944444   3.71745  11.09960 232.09183
    38  0.972222   4.16046  23.58183 901.14951

 MEAN CHORD ON WHICH REYNOLDS NUMBER FOR VISCOUS CALCULATION MUST BE BASED IS  0.602793

 PHYSICAL PLANFORM  Y1=   3.22920

     J     ETA       Y         G1        H1        Y         G2        H2
     3   0.00000   0.19777   0.15230   0.02977   0.19763   1.06188  -0.03070
     4   0.02778   0.23959   0.16776   0.02985   0.23959   1.07501  -0.02985
     5   0.05556   0.28747   0.20129   0.02888   0.28747   1.09001  -0.02888
     6   0.08333   0.34169   0.23926   0.02778   0.34169   1.10699  -0.02778
     7   0.11111   0.40287   0.28209   0.02655   0.40287   1.12614  -0.02655
     8   0.13889   0.47211   0.33058   0.02515   0.47211   1.14783  -0.02515
     9   0.16667   0.55150   0.38616   0.02355   0.55150   1.17268  -0.02355
    10   0.19444   0.64487   0.45154   0.02166   0.64487   1.20192  -0.02166
    11   0.22222   0.75950   0.53181   0.01934   0.75950   1.23781  -0.01934
    12   0.25000   0.90915   0.63659   0.01632   0.90915   1.28467  -0.01632
    13   0.27778   1.10469   0.77351   0.01237   1.10469   1.34590  -0.01237
    14   0.30556   1.29168   0.90444   0.00859   1.29168   1.40444  -0.00859
    15   0.33333   1.49540   1.04709   0.00768   1.49540   1.52543  -0.00768
    16   0.36111   1.65404   1.15817   0.00697   1.65404   1.61964  -0.00697
    17   0.38889   1.78478   1.24972   0.00639   1.78478   1.69729  -0.00639
    18   0.41667   1.90775   1.33582   0.00583   1.90775   1.77032  -0.00583
    19   0.44444   2.02861   1.42045   0.00529   2.02861   1.84209  -0.00529
    20   0.47222   2.14993   1.50539   0.00475   2.14993   1.91414  -0.00475
    21   0.50000   2.27312   1.59166   0.00420   2.27312   1.98731  -0.00420
    22   0.52778   2.39890   1.67972   0.00364   2.39890   2.06200  -0.00364
    23   0.55556   2.52709   1.76949   0.00306   2.52709   2.13814  -0.00306
    24   0.58333   2.65614   1.85985   0.00248   2.65614   2.21478  -0.00248
    25   0.61111   2.78212   1.94806   0.00192   2.78212   2.28960  -0.00192
    26   0.63889   2.89850   2.02955   0.00140   2.89850   2.35871  -0.00140
    27   0.66667   2.99858   2.09963   0.00095   2.99858   2.41815  -0.00095
    28   0.69444   3.08012   2.15672   0.00059   3.08012   2.46657  -0.00059
    29   0.72222   3.14636   2.20311   0.00029   3.14636   2.50591  -0.00029
    30   0.75000   3.20287   2.24267   0.00004   3.20287   2.53947  -0.00004
    31   0.77778   3.25512   2.27925  -0.00008   3.25512   2.57050   0.00008
    32   0.80556   3.30834   2.31629  -0.00008   3.30834   2.60205   0.00008
    33   0.83333   3.36844   2.35739  -0.00008   3.36844   2.63749   0.00008
    34   0.86111   3.44381   2.40722  -0.00008   3.44381   2.68144   0.00008
    35   0.88889   3.54816   2.47205  -0.00007   3.54816   2.74092   0.00007
    36   0.91667   3.70499   2.55886  -0.00007   3.70499   2.82618   0.00007
    37   0.94444   3.95780   2.67277  -0.00008   3.95780   2.94967   0.00008
    38   0.97222   4.42717   2.82986  -0.00008   4.42717   3.12376   0.00008

 * MAPBOD DONE *

 CURVE FIT AND S-MU TABLE FOR J=   3  Y=  0.000000  EPS=  0.010011  TE ANG(DEG)=    1.8020

          X              Z             DZ/DX         D2Z/DX2          S              SCOS           MU
        1.000000       0.005152      -0.384431   10000.000000       0.000000       0.000000       2.774579
        0.999384       0.005386      -0.378109      -5.012522       0.000659       0.035270       2.780099
        0.997540       0.006078      -0.372122      -2.369996       0.002629       0.070475       2.785348
        0.994471       0.007210      -0.366149      -1.638519       0.005900       0.105610       2.790605
        0.990185       0.008767      -0.360833      -0.970932       0.010459       0.140670       2.795300
        0.984694       0.010722      -0.349755      -2.650857       0.016289       0.175627       2.805136
        0.978013       0.013001      -0.332722      -2.444942       0.023348       0.210385       2.820392
        0.970157       0.015595      -0.333472       1.983802       0.031620       0.244997       2.819717
        0.961138       0.018593      -0.322933      -3.603647       0.041125       0.279614       2.829232
        0.950989       0.021783      -0.314065       1.318670       0.051763       0.313970       2.837283
        0.939722       0.025302      -0.302739      -2.913591       0.063567       0.348262       2.847625
        0.927378       0.028932      -0.293477       1.071431       0.076434       0.382281       2.856131
        0.913967       0.032879      -0.289477      -1.470457       0.090413       0.416244       2.859818
        0.899535       0.036936      -0.274740      -0.628894       0.105405       0.449979       2.873468
        0.884109       0.041158      -0.276246       0.738823       0.121399       0.483547       2.872068
        0.867712       0.045652      -0.264237      -2.045195       0.138400       0.517022       2.883260
        0.850410       0.050074      -0.255265       0.859046       0.156259       0.550181       2.891665
        0.832213       0.054727      -0.249291      -1.409915       0.175041       0.583224       2.897282
        0.813188       0.059319      -0.238664       0.223753       0.194613       0.615979       2.907311
        0.793361       0.064014      -0.230987      -0.953473       0.214988       0.648540       2.914587
        0.772793       0.068634      -0.221568       0.004363       0.236068       0.680818       2.923547
        0.751521       0.073279      -0.211978      -0.879236       0.257842       0.712859       2.932707
        0.729611       0.077767      -0.200084      -0.224981       0.280207       0.744578       2.944116
        0.707106       0.082160      -0.188144      -0.822231       0.303137       0.776003       2.955622
        0.684074       0.086327      -0.175811      -0.261413       0.326543       0.807075       2.967560
        0.660554       0.090377      -0.168140      -0.388932       0.350408       0.837832       2.975010
        0.636615       0.094214      -0.149198      -1.182436       0.374653       0.868230       2.993487
        0.612348       0.097584      -0.132456      -0.210933       0.399154       0.898172       3.009903
        0.587787       0.100678      -0.115724      -1.143087       0.423909       0.927718       3.026381
        0.563026       0.103273      -0.097061      -0.371502       0.448806       0.956787       3.044835
        0.538103       0.105537      -0.082978      -0.757584       0.473832       0.985418       3.058805
        0.513092       0.107390      -0.065767      -0.620201       0.498911       1.013575       3.075920
        0.488056       0.108852      -0.051469      -0.522887       0.523991       1.041247       3.090169
        0.463049       0.109970      -0.037653      -0.583198       0.549023       1.068425       3.103957
        0.438135       0.110750      -0.025970      -0.354352       0.573949       1.095092       3.115629
        0.413369       0.111239      -0.011620      -0.808868       0.598720       1.121234       3.129973
        0.388826       0.111379      -0.003828       0.183457       0.623264       1.146816       3.137765
        0.364525       0.111391       0.008513      -1.217922       0.647564       1.171856       3.150106
        0.340589       0.110964       0.021726       0.133996       0.671505       1.196268       3.163315
        0.317020       0.110408       0.029066      -0.773906       0.695081       1.220083       3.170651
        0.293904       0.109581       0.040193      -0.176855       0.718212       1.243247       3.181764
        0.271294       0.108517       0.058916      -1.512872       0.740846       1.265740       3.200441
        0.249292       0.107013       0.070323       0.531389       0.762901       1.287503       3.211800
        0.227872       0.105459       0.083082      -1.795119       0.784377       1.308564       3.224484
        0.207174       0.103454       0.105662      -0.337782       0.805172       1.328844       3.246864
        0.187201       0.101238       0.118190      -0.940229       0.825268       1.348346       3.259237
        0.168013       0.098767       0.141076      -1.468434       0.844615       1.367040       3.281743
        0.149678       0.095955       0.164343      -1.050536       0.863164       1.384897       3.304479
        0.132214       0.092933       0.181280      -0.880436       0.880888       1.401902       3.320925
        0.115650       0.089775       0.202224      -1.694864       0.897751       1.418036       3.341126
        0.100044       0.086397       0.231905      -2.136089       0.913719       1.433276       3.369469
        0.085439       0.082782       0.263218      -2.150878       0.928765       1.447607       3.398973
        0.071872       0.078926       0.312279      -5.326397       0.942870       1.461019       3.444277
        0.059412       0.074660       0.368926      -3.602792       0.956042       1.473525       3.495028
        0.048050       0.070162       0.430294      -7.576098       0.968264       1.485116       3.547939
        0.037831       0.065335       0.518342      -9.874355       0.979568       1.495826       3.619806
        0.028780       0.060169       0.632233     -16.005959       0.989992       1.505695       3.705376
        0.020933       0.054573       0.816806     -33.483617       0.999636       1.514820       3.826498
        0.014339       0.048365       1.083393     -49.725586       1.008699       1.523391       3.966997
        0.008974       0.041707       1.430659     -86.472824       1.017257       1.531480       4.102349
        0.004831       0.034656       2.110126    -297.112127       1.025444       1.539217       4.269834
        0.001935       0.027086       3.226510    -541.825567       1.033556       1.546881       4.411845
        0.000340       0.018641      12.272466  -29430.694880       1.042168       1.555016       4.631085
        0.000000       0.009493   10000.000000   10000.000000       1.051325       1.563664       4.712389
        0.000844       0.000000      -5.751853     737.214021       1.060867       1.572675       4.884525
        0.002811      -0.009492      -3.880682     919.117523       1.070564       1.581833       4.964589
        0.005852      -0.018639      -2.458722     228.656340       1.080210       1.590944       5.098671
        0.009923      -0.027082      -1.747831     138.118499       1.089590       1.599805       5.232070
        0.015014      -0.034651      -1.294392      55.055916       1.098719       1.608431       5.370175
        0.021172      -0.041731      -1.025591      35.032613       1.108108       1.617306       5.485154
        0.028393      -0.048339      -0.817644      23.884905       1.117901       1.626567       5.597778
        0.036663      -0.054402      -0.660530      15.072506       1.128160       1.636273       5.699443
        0.045979      -0.059993      -0.548350       9.552907       1.139027       1.646562       5.781610
        0.056331      -0.065186      -0.457428       8.121072       1.150612       1.657539       5.854172
        0.067703      -0.070015      -0.403575       1.873307       1.162968       1.669258       5.899601
        0.080093      -0.074745      -0.350950       6.274433       1.176231       1.681853       5.945664
        0.093448      -0.079012      -0.297363       2.041274       1.190253       1.695187       5.994150
        0.107759      -0.083075      -0.271564       1.591456       1.205129       1.709359       6.018016
        0.122997      -0.087019      -0.245489       1.817233       1.220870       1.724385       6.042457
        0.139124      -0.090745      -0.216838       1.739997       1.237422       1.740223       6.069653
        0.156099      -0.094167      -0.185851       1.903567       1.254739       1.756839       6.099430
        0.173884      -0.097242      -0.163770       0.635042       1.272788       1.774213       6.120856
        0.192445      -0.100123      -0.144065       1.456538       1.291572       1.792361       6.140104
        0.211737      -0.102670      -0.121908       0.862697       1.311032       1.811240       6.161876
        0.231718      -0.104969      -0.109982       0.348088       1.331145       1.830846       6.173643
        0.252347      -0.107111      -0.095154       1.069382       1.351885       1.851171       6.188317
        0.273570      -0.108907      -0.074868       0.849148       1.373184       1.872168       6.208457
        0.295339      -0.110311      -0.053073       1.147657       1.394999       1.893816       6.230162
        0.317603      -0.111272      -0.035970       0.404808       1.417284       1.916095       6.247231
        0.340315      -0.111981      -0.026292       0.447228       1.440007       1.938998       6.256899
        0.363423      -0.112410      -0.008420       1.091078       1.463119       1.962501       6.274765
        0.386867      -0.112310       0.016831       1.065010       1.486564       1.986579       6.300015
        0.410594      -0.111686       0.032742       0.285027       1.510299       2.011218       6.315916
        0.434550      -0.110732       0.050550       1.195884       1.534275       2.036401       6.333692
        0.458674      -0.109211       0.073623       0.720905       1.558448       2.062119       6.356675
        0.482909      -0.107148       0.099309       1.398650       1.582771       2.088358       6.382170
        0.507191      -0.104325       0.133228       1.397226       1.607218       2.115133       6.415633
        0.531457      -0.100625       0.174042       1.970469       1.631765       2.142462       6.455502
        0.555641      -0.095973       0.205108       0.594751       1.656394       2.170373       6.485488
        0.579687      -0.090679       0.243327       2.599867       1.681017       2.198820       6.521874
        0.603517      -0.084314       0.283493       0.756974       1.705684       2.227920       6.559430
        0.627081      -0.077378       0.307239       1.265861       1.730247       2.257562       6.581270
        0.650315      -0.069930       0.332481       0.903407       1.754647       2.287738       6.604169
        0.673164      -0.062084       0.354830       1.056614       1.778806       2.318420       6.624156
        0.695572      -0.053971       0.364643      -0.204422       1.802638       2.349567       6.632845
        0.717503      -0.046008       0.362251      -0.009689       1.825970       2.381017       6.630733
        0.738907      -0.038233       0.365319       0.304047       1.848742       2.412750       6.633441
        0.759735      -0.030652       0.358029      -1.041854       1.870907       2.444759       6.626995
        0.779961      -0.023647       0.333365      -1.409924       1.892311       2.476877       6.604964
        0.799543      -0.017271       0.324200       0.539870       1.912905       2.509074       6.596693
        0.818421      -0.011261       0.300958      -3.142400       1.932718       2.541445       6.575521
        0.836588      -0.006150       0.271164      -0.008395       1.951590       2.573772       6.547981
        0.853982      -0.001621       0.238115      -3.975032       1.969565       2.606165       6.516948
        0.870592       0.001905       0.194208      -1.170664       1.986546       2.638483       6.475005
        0.886363       0.004676       0.147138      -5.013595       2.002561       2.670805       6.429275
        0.901278       0.006415       0.093555      -1.982750       2.017578       2.703103       6.376468
        0.915280       0.007433       0.044250      -5.284023       2.031619       2.735454       6.327406
        0.928347       0.007541      -0.029475      -6.050784       2.044689       2.767932       6.253719
        0.940439       0.006869      -0.069592      -0.064261       2.056800       2.800636       6.213706
        0.951488       0.005956      -0.110395      -8.083208       2.067888       2.833476       6.173235
        0.961486       0.004543      -0.161151      -1.303521       2.077986       2.866658       6.123408
        0.970383       0.002994      -0.195677      -7.171926       2.087017       2.900057       6.089950
        0.978160       0.001268      -0.245770      -5.385387       2.094984       2.933835       6.042192
        0.984789      -0.000476      -0.279943      -4.736088       2.101840       2.967996       6.010230
        0.990243      -0.002066      -0.300683      -2.243159       2.107521       3.002448       5.991102
        0.994502      -0.003369      -0.312163      -3.343507       2.111974       3.037057       5.980607
        0.997553      -0.004339      -0.324290      -4.881982       2.115176       3.071788       5.969596
        0.999388      -0.004944      -0.336366     -10.005449       2.117108       3.106634       5.958708
        1.000000      -0.005152      -0.348751   10000.000000       2.117755       3.141593       5.947623

 MAPPING ITERATIONS FOR J=  3  Y=  0.000000

   ITS  IERR    SERR       R(C1ERR)    I(C1ERR)
     5    76   0.0045099  -0.0015382  -0.0010776
    10    91   0.0001569   0.0000313   0.0000423
    15    91  -0.0000053  -0.0000206   0.0000067
    20    91   0.0000002  -0.0000188   0.0000079
    21    91  -0.0000001  -0.0000189   0.0000079

 CURVE FIT AND S-MU TABLE FOR J=   4  Y=  0.070799  EPS=  0.009213  TE ANG(DEG)=    1.6584

          X              Z             DZ/DX         D2Z/DX2          S              SCOS           MU
        1.000000       0.004345      -0.327175   10000.000000       0.000000       0.000000       2.825394
        0.999390       0.004542      -0.321773      -4.325095       0.000641       0.035023       2.830282
        0.997563       0.005125      -0.316697      -2.019272       0.002559       0.069997       2.834889
        0.994522       0.006080      -0.311681      -1.383670       0.005747       0.104915       2.839454
        0.990275       0.007393      -0.307273      -0.805304       0.010192       0.139770       2.843477
        0.984832       0.009044      -0.297935      -2.267737       0.015879       0.174541       2.852031
        0.978209       0.010968      -0.283484      -2.093250       0.022776       0.209154       2.865356
        0.970421       0.013161      -0.284376       1.755021       0.030868       0.243646       2.864531
        0.961480       0.015696      -0.275542      -3.107046       0.040160       0.278121       2.872723
        0.951416       0.018396      -0.268154       1.171195       0.050580       0.312386       2.879603
        0.940246       0.021376      -0.258631      -2.514153       0.062141       0.346577       2.888507
        0.928004       0.024452      -0.250881       0.950634       0.074764       0.380543       2.895785
        0.914708       0.027798      -0.247650      -1.264274       0.088475       0.414434       2.898827
        0.900397       0.031240      -0.235129      -0.535232       0.103193       0.448125       2.910659
        0.885102       0.034825      -0.236618       0.655630       0.118903       0.481655       2.909248
        0.868851       0.038641      -0.226399      -1.774931       0.135597       0.515074       2.918947
        0.851698       0.042397      -0.218775       0.755991       0.153156       0.548217       2.926211
        0.833666       0.046350      -0.213707      -1.225624       0.171616       0.581223       2.931053
        0.814811       0.050251      -0.204587       0.197881       0.190870       0.613967       2.939791
        0.795169       0.054238      -0.197981      -0.831298       0.210913       0.646510       2.946139
        0.774793       0.058160      -0.189837       0.002871       0.231663       0.678784       2.953988
        0.753725       0.062100      -0.181512      -0.769543       0.253097       0.710818       2.962035
        0.732025       0.065905      -0.171168      -0.200109       0.275128       0.742548       2.972068
        0.709739       0.069625      -0.160763      -0.721468       0.297722       0.773987       2.982194
        0.686930       0.073148      -0.149998      -0.233519       0.320801       0.805090       2.992705
        0.663643       0.076567      -0.143231      -0.345964       0.344338       0.835880       2.999329
        0.639941       0.079799      -0.126768      -1.033316       0.368260       0.866318       3.015497
        0.615903       0.082631      -0.112202      -0.190614       0.392464       0.896335       3.029858
        0.591571       0.085224      -0.097689      -0.994723       0.416934       0.925966       3.044213
        0.567025       0.087390      -0.081546      -0.327039       0.441576       0.955151       3.060227
        0.542312       0.089271      -0.069364      -0.657784       0.466361       0.983911       3.072339
        0.517500       0.090803      -0.054556      -0.537150       0.491220       1.012215       3.087090
        0.492649       0.092001      -0.042273      -0.452305       0.516100       1.040049       3.099345
        0.467818       0.092907      -0.030442      -0.501498       0.540948       1.067401       3.111161
        0.443066       0.093527      -0.020447      -0.305910       0.565707       1.094252       3.121149
        0.418451       0.093899      -0.008257      -0.688010       0.590325       1.120584       3.133336
        0.394042       0.093978      -0.001601       0.150209       0.614735       1.146368       3.139992
        0.369872       0.093948       0.008822      -1.027674       0.638904       1.171604       3.150415
        0.346040       0.093551       0.019952       0.109702       0.662741       1.196232       3.161542
        0.322567       0.093045       0.026131      -0.649825       0.686218       1.220259       3.167718
        0.299530       0.092314       0.035455      -0.150091       0.709267       1.243643       3.177033
        0.276982       0.091386       0.051017      -1.256905       0.731835       1.266360       3.192565
        0.255004       0.090092       0.060494       0.438613       0.753851       1.288367       3.202013
        0.233603       0.088758       0.071030      -1.480684       0.775293       1.309666       3.212503
        0.212884       0.087050       0.089633      -0.276121       0.796083       1.330202       3.230987
        0.192868       0.085170       0.099905      -0.768867       0.816188       1.349962       3.241168
        0.173610       0.083079       0.118622      -1.192911       0.835559       1.368920       3.259663
        0.155169       0.080707       0.137585      -0.848737       0.854151       1.387046       3.278319
        0.137576       0.078162       0.151350      -0.709250       0.871928       1.404319       3.291802
        0.120863       0.075505       0.168333      -1.358821       0.888851       1.420717       3.308362
        0.105083       0.072667       0.192318      -1.701450       0.904884       1.436215       3.331591
        0.090278       0.069633       0.217550      -1.705739       0.919998       1.450795       3.355805
        0.076482       0.066400       0.256830      -4.170561       0.934168       1.464440       3.392989
        0.063753       0.062825       0.301968      -2.798768       0.947391       1.477156       3.434854
        0.052097       0.059056       0.350516      -5.802313       0.959642       1.488924       3.478727
        0.041554       0.055011       0.419611      -7.453234       0.970936       1.499762       3.538890
        0.032149       0.050682       0.507744     -11.759496       0.981292       1.509693       3.611416
        0.023914       0.045988       0.648863     -24.129362       0.990775       1.518780       3.717168
        0.016888       0.040779       0.843091     -32.150414       0.999527       1.527165       3.842062
        0.011062       0.035185       1.108125     -64.604240       1.007610       1.534904       3.978236
        0.006440       0.029255       1.492642    -111.187621       1.015135       1.542109       4.122115
        0.003042       0.022880       2.577828    -726.396842       1.022374       1.549038       4.342337
        0.000903       0.015757       3.937387    -112.316982       1.029816       1.556159       4.463672
        0.000000       0.008030   10000.000000   10000.000000       1.037615       1.563623       4.712389
        0.000288       0.000000     -12.894341   36016.100089       1.045652       1.571313       4.789787
        0.001730      -0.008039      -3.578889     404.131580       1.053833       1.579140       4.984856
        0.004294      -0.015794      -2.475500     412.748943       1.062004       1.586960       5.096303
        0.007951      -0.022956      -1.599621     137.460540       1.070057       1.594666       5.271095
        0.012692      -0.029380      -1.170077      59.250652       1.078049       1.602316       5.419573
        0.018543      -0.035392      -0.909196      33.892227       1.086443       1.610353       5.545313
        0.025497      -0.041003      -0.717508      22.677686       1.095383       1.618915       5.660805
        0.033538      -0.046152      -0.574656      13.882069       1.104935       1.628068       5.761610
        0.042657      -0.050899      -0.474283       8.671111       1.115219       1.637927       5.840322
        0.052842      -0.055307      -0.393756       7.255538       1.126319       1.648576       5.908074
        0.064073      -0.059404      -0.346250       1.693853       1.138275       1.660055       5.949855
        0.076337      -0.063416      -0.300155       5.507660       1.151179       1.672459       5.991586
        0.089592      -0.067031      -0.253523       1.793798       1.164920       1.685684       6.034894
        0.103820      -0.070471      -0.230999       1.397030       1.179558       1.699796       6.056168
        0.118991      -0.073807      -0.208315       1.581783       1.195091       1.714798       6.077807
        0.135066      -0.076955      -0.183526       1.506430       1.211472       1.730654       6.101679
        0.152006      -0.079841      -0.156859       1.635967       1.228656       1.747333       6.127595
        0.169773      -0.082431      -0.137842       0.553466       1.246611       1.764812       6.146206
        0.188329      -0.084851      -0.120902       1.244895       1.265325       1.783094       6.162867
        0.207629      -0.086986      -0.101948       0.738689       1.284743       1.802141       6.181589
        0.227630      -0.088908      -0.091669       0.304012       1.304837       1.821941       6.191772
        0.248288      -0.090692      -0.078976       0.907449       1.325571       1.842478       6.204373
        0.269551      -0.092181      -0.061744       0.719401       1.346886       1.863715       6.221520
        0.291370      -0.093337      -0.043312       0.965376       1.368736       1.885626       6.239900
        0.313694      -0.094116      -0.028860       0.343218       1.391074       1.908189       6.254333
        0.336473      -0.094682      -0.020647       0.377750       1.413860       1.931390       6.262541
        0.359652      -0.095010      -0.005628       0.910873       1.437042       1.955205       6.277558
        0.383176      -0.094893       0.015488       0.885994       1.460567       1.979610       6.298672
        0.406989      -0.094335       0.028783       0.238291       1.484386       2.004586       6.311961
        0.431036      -0.093501       0.043622       0.990812       1.508448       2.030112       6.326780
        0.455257      -0.092193       0.062802       0.596383       1.532705       2.056177       6.345905
        0.479594      -0.090433       0.084114       1.154602       1.557106       2.082763       6.367102
        0.503988      -0.088038       0.112222       1.151782       1.581617       2.109876       6.394939
        0.528375      -0.084912       0.146012       1.622304       1.606205       2.137522       6.428173
        0.552694      -0.080993       0.171736       0.490390       1.630839       2.165717       6.453262
        0.576885      -0.076536       0.203372       2.137608       1.655438       2.194420       6.483821
        0.600881      -0.071184       0.236646       0.624570       1.680024       2.223713       6.515557
        0.624624      -0.065351       0.256363       1.042215       1.704473       2.253508       6.534144
        0.648053      -0.059085       0.277336       0.745251       1.728727       2.283796       6.553722
        0.671111      -0.052482       0.295925       0.870303       1.752712       2.314551       6.570900
        0.693742      -0.045647       0.304174      -0.160622       1.776353       2.345740       6.578467
        0.715901      -0.038934       0.302334      -0.002185       1.799506       2.377238       6.576782
        0.737535      -0.032375       0.304987       0.253740       1.822112       2.409025       6.579211
        0.758594      -0.025974       0.299069      -0.846733       1.844123       2.441093       6.573788
        0.779041      -0.020056       0.278749      -1.151526       1.865409       2.473312       6.555034
        0.798831      -0.014666       0.271231       0.446126       1.885921       2.505653       6.548045
        0.817911      -0.009583       0.251999      -2.578151       1.905666       2.538186       6.530044
        0.836256      -0.005258       0.227324      -0.005148       1.924514       2.570742       6.506710
        0.853811      -0.001425       0.199824      -3.280293       1.942484       2.603399       6.480412
        0.870554       0.001561       0.163267      -0.969537       1.959491       2.636044       6.445024
        0.886434       0.003908       0.123882      -4.171202       1.975545       2.668734       6.406439
        0.901427       0.005382       0.078996      -1.659043       1.990611       2.701438       6.362018
        0.915483       0.006246       0.037516      -4.432298       2.004695       2.734212       6.320684
        0.928576       0.006340      -0.024676      -5.113312       2.017791       2.767097       6.258515
        0.940669       0.005775      -0.058561      -0.048775       2.029898       2.800162       6.224691
        0.951712       0.005007      -0.093144      -6.864911       2.040967       2.833350       6.190309
        0.961686       0.003816      -0.136148      -1.104215       2.051014       2.866797       6.147870
        0.970555       0.002511      -0.165458      -6.117360       2.059978       2.900418       6.119213
        0.978297       0.001058      -0.208031      -4.603700       2.067856       2.934322       6.078080
        0.984889      -0.000411      -0.237074      -4.045745       2.074610       2.968511       6.050408
        0.990310      -0.001749      -0.254646      -1.899457       2.080193       3.002921       6.033839
        0.994540      -0.002845      -0.264324      -2.844980       2.084563       3.037454       6.024771
        0.997570      -0.003661      -0.274590      -4.171990       2.087701       3.072080       6.015200
        0.999392      -0.004169      -0.284857      -8.601737       2.089593       3.106795       6.005679
        1.000000      -0.004345      -0.295424   10000.000000       2.090225       3.141593       5.995932

 MAPPING ITERATIONS FOR J=  4  Y=  0.070799

   ITS  IERR    SERR       R(C1ERR)    I(C1ERR)
     5    77   0.0033537  -0.0011439  -0.0007035
    10    89   0.0000937   0.0000167  -0.0001717
    15    89  -0.0000027  -0.0000145  -0.0001899
    20    89   0.0000001  -0.0000136  -0.0001894

 J=  5 NUMBER OF POINTS OMITTED FROM FAST MAP INPUT=  1

 CURVE FIT AND S-MU TABLE FOR J=   5  Y=  0.140980  EPS=  0.008424  TE ANG(DEG)=    1.5163

          X              Z             DZ/DX         D2Z/DX2          S              SCOS           MU
        1.000000       0.003817      -0.288763   10000.000000       0.000000       0.000000       2.860477
        0.999393       0.003990      -0.283977      -3.851127       0.000631       0.034892       2.864900
        0.997574       0.004502      -0.279490      -1.791102       0.002521       0.069743       2.869057
        0.994548       0.005341      -0.275069      -1.223827       0.005661       0.104546       2.873162
        0.990321       0.006495      -0.271200      -0.708191       0.010043       0.139293       2.876762
        0.984904       0.007944      -0.262964      -2.012927       0.015650       0.173965       2.884450
        0.978311       0.009635      -0.250195      -1.858044       0.022457       0.208503       2.896430
        0.970557       0.011562      -0.251058       1.574309       0.030446       0.242933       2.895619
        0.961658       0.013790      -0.243288      -2.763635       0.039620       0.277332       2.902941
        0.951640       0.016163      -0.236808       1.052736       0.049916       0.311549       2.909068
        0.940522       0.018783      -0.228432      -2.236205       0.061338       0.345686       2.917014
        0.928335       0.021487      -0.221634       0.855088       0.073822       0.379625       2.923484
        0.915101       0.024431      -0.218850      -1.122077       0.087378       0.413477       2.926140
        0.900858       0.027458      -0.207809      -0.472355       0.101940       0.447144       2.936699
        0.885636       0.030612      -0.209224       0.591676       0.117485       0.480652       2.935344
        0.869467       0.033969      -0.200224      -1.581132       0.133999       0.514036       2.943982
        0.852400       0.037274      -0.193533       0.680733       0.151384       0.547169       2.950423
        0.834463       0.040754      -0.189105      -1.091557       0.169655       0.580152       2.954694
        0.815708       0.044188      -0.181074       0.181182       0.188722       0.612887       2.962459
        0.796173       0.047697      -0.175273      -0.740093       0.208569       0.645417       2.968083
        0.775911       0.051151      -0.168099       0.006105       0.229124       0.677686       2.975050
        0.754964       0.054620      -0.160759      -0.685813       0.250356       0.709714       2.982197
        0.733389       0.057970      -0.151616      -0.176297       0.272189       0.741448       2.991122
        0.711235       0.061246      -0.142414      -0.643461       0.294584       0.772894       3.000130
        0.688560       0.064349      -0.132888      -0.206746       0.317471       0.804015       3.009479
        0.665414       0.067360      -0.126915      -0.307756       0.340812       0.834822       3.015352
        0.641855       0.070207      -0.112314      -0.922895       0.364543       0.865285       3.029747
        0.617955       0.072701      -0.099396      -0.168954       0.388573       0.895347       3.042522
        0.593761       0.074985      -0.086533      -0.887493       0.412874       0.925030       3.055275
        0.569346       0.076893      -0.072220      -0.290762       0.437364       0.954286       3.069498
        0.544759       0.078551      -0.061433      -0.585725       0.462007       0.983124       3.080237
        0.520066       0.079901      -0.048319      -0.477647       0.486737       1.011517       3.093311
        0.495328       0.080958      -0.037450      -0.401844       0.511498       1.039450       3.104160
        0.470601       0.081757      -0.026987      -0.445193       0.536238       1.066907       3.114612
        0.445946       0.082304      -0.018154      -0.271273       0.560899       1.093869       3.123441
        0.421422       0.082634      -0.007386      -0.609759       0.585425       1.120317       3.134206
        0.397092       0.082706      -0.001511       0.133229       0.609756       1.146223       3.140081
        0.373000       0.082682       0.007683      -0.909329       0.633847       1.171579       3.149276
        0.349229       0.082335       0.017500       0.097188       0.657621       1.196337       3.159091
        0.325814       0.081893       0.022941      -0.573731       0.681040       1.220493       3.164530
        0.302824       0.081251       0.031155      -0.132546       0.704039       1.244009       3.172737
        0.280312       0.080437       0.044837      -1.106017       0.726566       1.266862       3.186400
        0.258351       0.079301       0.053168       0.385327       0.748557       1.289015       3.194710
        0.236963       0.078129       0.062408      -1.298690       0.769977       1.310456       3.203920
        0.216233       0.076629       0.078714      -0.241052       0.790762       1.331145       3.220144
        0.196193       0.074975       0.087697      -0.671367       0.810869       1.351061       3.229066
        0.176897       0.073137       0.104040      -1.037785       0.830253       1.370176       3.245259
        0.158399       0.071051       0.120562      -0.735767       0.848869       1.388464       3.261576
        0.140733       0.068812       0.132531      -0.613474       0.866676       1.405901       3.273356
        0.123937       0.066476       0.147273      -1.171939       0.883634       1.422458       3.287814
        0.108060       0.063978       0.168041      -1.460907       0.899707       1.438114       3.308078
        0.093140       0.061309       0.189836      -1.459553       0.914863       1.452847       3.329196
        0.079215       0.058464       0.223624      -3.542871       0.929077       1.466640       3.361597
        0.066332       0.055317       0.262306      -2.360029       0.942339       1.479492       3.398119
        0.054508       0.052000       0.303693      -4.859407       0.954620       1.491380       3.436434
        0.043778       0.048440       0.362244      -6.167962       0.965927       1.502314       3.489133
        0.034168       0.044628       0.436487      -9.652196       0.976267       1.512306       3.553152
        0.025707       0.040497       0.553535     -19.215961       0.985686       1.521404       3.647146
        0.018427       0.035910       0.714269     -25.735320       0.994295       1.529715       3.761831
        0.012331       0.030985       0.920979     -45.287638       1.002137       1.537284       3.885878
        0.007425       0.025763       1.252322    -101.682760       1.009309       1.544204       4.038553
        0.003728       0.020149       1.903665    -309.546297       1.016042       1.550699       4.228705
        0.001265       0.013876       3.696981   -1774.717546       1.022794       1.557212       4.448220
        0.000000       0.003536   10000.000000   10000.000000       1.033242       1.567288       4.712389
        0.001103      -0.007079      -4.464604    2667.915858       1.043936       1.577602       4.932736
        0.003381      -0.013908      -2.270123     318.438682       1.051146       1.584556       5.127319
        0.006791      -0.020215      -1.510442     165.586758       1.058324       1.591480       5.297194
        0.011326      -0.025871      -1.064403      55.517014       1.065582       1.598482       5.466600
        0.016996      -0.031164      -0.823056      33.227097       1.073344       1.605972       5.594543
        0.023793      -0.036103      -0.643679      21.197213       1.081751       1.614086       5.711266
        0.031702      -0.040634      -0.513022      12.860556       1.090870       1.622890       5.809175
        0.040710      -0.044812      -0.421775       7.929366       1.100802       1.632484       5.884049
        0.050801      -0.048690      -0.349154       6.575833       1.111614       1.642936       5.947264
        0.061954      -0.052294      -0.306421       1.543692       1.123336       1.654275       5.985848
        0.074151      -0.055822      -0.265151       4.934531       1.136034       1.666570       6.023999
        0.087356      -0.059000      -0.223576       1.606477       1.149616       1.679739       6.063226
        0.101543      -0.062024      -0.203481       1.248944       1.164122       1.693824       6.082445
        0.116683      -0.064955      -0.183295       1.407462       1.179543       1.708824       6.101903
        0.132737      -0.067719      -0.161302       1.336117       1.195834       1.724704       6.123261
        0.149667      -0.070253      -0.137709       1.445830       1.212953       1.741434       6.146337
        0.167433      -0.072525      -0.120896       0.490698       1.230864       1.758991       6.162874
        0.185997      -0.074648      -0.105936       1.096520       1.249549       1.777368       6.177643
        0.205312      -0.076519      -0.089232       0.650458       1.268955       1.796530       6.194189
        0.225336      -0.078202      -0.080163       0.268642       1.289049       1.816461       6.203194
        0.246021      -0.079763      -0.068988       0.796391       1.309793       1.837141       6.214307
        0.267317      -0.081065      -0.053848       0.630780       1.331129       1.858534       6.229389
        0.289174      -0.082074      -0.037674       0.844991       1.353010       1.880616       6.245530
        0.311541      -0.082752      -0.024999       0.300681       1.375388       1.903361       6.258192
        0.334366      -0.083242      -0.017793       0.330593       1.398218       1.926752       6.265394
        0.357594      -0.083523      -0.004636       0.795742       1.421448       1.950764       6.278550
        0.381170      -0.083414       0.013845       0.773556       1.445024       1.975372       6.297030
        0.405038      -0.082917       0.025479       0.208117       1.468897       2.000555       6.308659
        0.429140      -0.082179       0.038460       0.864443       1.493010       2.026292       6.321626
        0.453418      -0.081024       0.055231       0.520198       1.517317       2.052568       6.338360
        0.477815      -0.079474       0.073861       1.006692       1.541763       2.079363       6.356913
        0.502269      -0.077367       0.098426       1.003879       1.566309       2.106678       6.381295
        0.526722      -0.074620       0.127945       1.413024       1.590916       2.134513       6.410439
        0.551112      -0.071176       0.150411       0.426957       1.615548       2.162875       6.432477
        0.575377      -0.067262       0.178020       1.859259       1.640128       2.191728       6.459359
        0.599456      -0.062562       0.207047       0.542129       1.664662       2.221133       6.487347
        0.623290      -0.057440       0.224222       0.904276       1.689040       2.251018       6.503759
        0.646818      -0.051938       0.242482       0.645452       1.713204       2.281371       6.521076
        0.669983      -0.046138       0.258645       0.752725       1.737084       2.312168       6.536284
        0.692729      -0.040135       0.265799      -0.140294       1.760609       2.343381       6.542978
        0.715006      -0.034238       0.264174      -0.002857       1.783653       2.374905       6.541459
        0.736761      -0.028475       0.266457       0.218241       1.806159       2.406723       6.543592
        0.757944      -0.022850       0.261293      -0.732639       1.828075       2.438823       6.538764
        0.778510      -0.017648       0.243610      -0.996287       1.849289       2.471098       6.522141
        0.798414      -0.012910       0.237063       0.385551       1.869750       2.503523       6.515951
        0.817604      -0.008441       0.220319      -2.231345       1.889453       2.536150       6.500040
        0.836046      -0.004639       0.198846      -0.004414       1.908284       2.568837       6.479471
        0.853692      -0.001268       0.174875      -2.845537       1.926249       2.601647       6.456309
        0.870508       0.001357       0.143008      -0.842490       1.943269       2.634483       6.425230
        0.886450       0.003422       0.108593      -3.632985       1.959345       2.667388       6.391354
        0.901487       0.004719       0.069349      -1.449382       1.974439       2.700329       6.352424
        0.915575       0.005479       0.032998      -3.877600       1.988548       2.733351       6.316171
        0.928684       0.005563      -0.021592      -4.492323       2.001659       2.766477       6.261597
        0.940780       0.005068      -0.051366      -0.041528       2.013766       2.799758       6.231864
        0.951820       0.004393      -0.081820      -6.049233       2.024827       2.833155       6.201547
        0.961784       0.003348      -0.119686      -0.974717       2.034846       2.866765       6.164066
        0.970639       0.002202      -0.145542      -5.406399       2.043775       2.900524       6.138658
        0.978365       0.000926      -0.183112      -4.076873       2.051606       2.934513       6.102079
        0.984939      -0.000364      -0.208765      -3.583792       2.058306       2.968732       6.077377
        0.990342      -0.001538      -0.224276      -1.679769       2.063835       3.003132       6.062560
        0.994559      -0.002501      -0.232812      -2.519102       2.068161       3.037635       6.054448
        0.997579      -0.003217      -0.241876      -3.699177       2.071264       3.072217       6.045867
        0.999394      -0.003663      -0.250952      -7.640056       2.073133       3.106872       6.037311
        1.000000      -0.003817      -0.260303   10000.000000       2.073758       3.141593       6.028534

 MAPPING ITERATIONS FOR J=  5  Y=  0.140980

   ITS  IERR    SERR       R(C1ERR)    I(C1ERR)
     5    77   0.0026912  -0.0009491  -0.0000593
    10    88   0.0000713   0.0000214   0.0000332
    15    88  -0.0000019  -0.0000024   0.0000211
    20    88   0.0000001  -0.0000018   0.0000214

 CURVE FIT AND S-MU TABLE FOR J=   6  Y=  0.212251  EPS=  0.007801  TE ANG(DEG)=    1.4041

          X              Z             DZ/DX         D2Z/DX2          S              SCOS           MU
        1.000000       0.003463      -0.262706   10000.000000       0.000000       0.000000       2.884691
        0.999395       0.003620      -0.258340      -3.524344       0.000625       0.034817       2.888780
        0.997581       0.004084      -0.254248      -1.637630       0.002497       0.069598       2.892620
        0.994563       0.004845      -0.250220      -1.118127       0.005610       0.104336       2.896407
        0.990349       0.005892      -0.246698      -0.646117       0.009952       0.139023       2.899724
        0.984947       0.007207      -0.239193      -1.840083       0.015512       0.173639       2.906811
        0.978372       0.008740      -0.227554      -1.698182       0.022263       0.208136       2.917849
        0.970640       0.010488      -0.228359       1.443054       0.030190       0.242533       2.917083
        0.961767       0.012508      -0.221289      -2.526936       0.039291       0.276889       2.923813
        0.951776       0.014661      -0.215400       0.966001       0.049511       0.311080       2.929434
        0.940690       0.017037      -0.207784      -2.044210       0.060849       0.345187       2.936724
        0.928537       0.019490      -0.201611       0.785353       0.073246       0.379112       2.942648
        0.915344       0.022160      -0.199105      -1.024383       0.086708       0.412942       2.945057
        0.901143       0.024906      -0.189067      -0.429821       0.101172       0.446596       2.954731
        0.885967       0.027767      -0.190405       0.545225       0.116614       0.480093       2.953439
        0.869851       0.030813      -0.182236      -1.445550       0.133016       0.513457       2.961335
        0.852838       0.033812      -0.176181       0.627152       0.150292       0.546585       2.967201
        0.834962       0.036969      -0.172195      -0.997285       0.168444       0.579554       2.971070
        0.816271       0.040085      -0.164922       0.169575       0.187393       0.612284       2.978142
        0.796806       0.043271      -0.159685      -0.675420       0.207117       0.644805       2.983244
        0.776617       0.046406      -0.153200       0.009132       0.227548       0.677072       2.989575
        0.755749       0.049557      -0.146561      -0.626008       0.248653       0.709095       2.996068
        0.734256       0.052600      -0.138275      -0.158420       0.270360       0.740831       3.004189
        0.712188       0.055577      -0.129932      -0.587569       0.292628       0.772280       3.012385
        0.689602       0.058397      -0.121291      -0.186679       0.315390       0.803412       3.020891
        0.666547       0.061135      -0.115900      -0.279554       0.338607       0.834230       3.026207
        0.643082       0.063725      -0.102610      -0.844943       0.362214       0.864707       3.039340
        0.619273       0.065995      -0.090855      -0.152564       0.386131       0.894797       3.050987
        0.595171       0.068076      -0.079147      -0.812556       0.410323       0.924511       3.062611
        0.570842       0.069816      -0.066107      -0.264813       0.434714       0.953810       3.075582
        0.546340       0.071329      -0.056289      -0.535617       0.459263       0.982696       3.085363
        0.521727       0.072562      -0.044340      -0.436476       0.483907       1.011144       3.097282
        0.497064       0.073530      -0.034440      -0.367025       0.508589       1.039137       3.107166
        0.472408       0.074264      -0.024910      -0.406754       0.533256       1.066660       3.116688
        0.447819       0.074769      -0.016865      -0.247482       0.557850       1.093691       3.124729
        0.423357       0.075077      -0.007053      -0.557311       0.582315       1.120210       3.134539
        0.399082       0.075150      -0.001707       0.122557       0.606590       1.146191       3.139885
        0.375045       0.075136       0.006669      -0.830984       0.630627       1.171621       3.148262
        0.351317       0.074829       0.015615       0.089289       0.654356       1.196460       3.157206
        0.327944       0.074434       0.020568      -0.523695       0.677733       1.220695       3.162158
        0.304989       0.073858       0.028051      -0.120834       0.700696       1.244293       3.169636
        0.282505       0.073125       0.040511      -1.008189       0.723191       1.267230       3.182082
        0.260559       0.072098       0.048096       0.351062       0.745162       1.289474       3.189651
        0.239184       0.071039       0.056501      -1.181688       0.766563       1.311004       3.198033
        0.218453       0.069679       0.071327      -0.218749       0.787338       1.331788       3.212799
        0.198405       0.068180       0.079485      -0.609274       0.807443       1.351800       3.220911
        0.179090       0.066512       0.094313      -0.939700       0.826829       1.371014       3.235627
        0.160561       0.064618       0.109284      -0.664728       0.845455       1.389403       3.250444
        0.142856       0.062584       0.120113      -0.553381       0.863277       1.406940       3.261133
        0.126014       0.060461       0.133435      -1.055228       0.880252       1.423598       3.274244
        0.110081       0.058191       0.152174      -1.311637       0.896346       1.439353       3.292608
        0.095096       0.055764       0.171805      -1.307234       0.911527       1.454183       3.311737
        0.081095       0.053176       0.202158      -3.159364       0.925765       1.468070       3.341063
        0.068122       0.050314       0.236819      -2.093970       0.939051       1.481010       3.374128
        0.056197       0.047295       0.273769      -4.292130       0.951353       1.492976       3.408814
        0.045356       0.044056       0.325872      -5.415041       0.962669       1.503976       3.456613
        0.035622       0.040587       0.391565      -8.390599       0.973003       1.514013       3.514807
        0.027025       0.036827       0.494708     -16.604462       0.982390       1.523125       3.600998
        0.019590       0.032654       0.633892     -21.381226       0.990920       1.531402       3.706561
        0.013328       0.028173       0.816179     -39.810387       0.998625       1.538876       3.826121
        0.008248       0.023422       1.077629     -68.448397       1.005585       1.545626       3.964338
        0.004367       0.018316       1.712988    -331.856254       1.012012       1.551859       4.183985
        0.001703       0.012612       2.514655    -168.711903       1.018313       1.557967       4.333894
        0.000253       0.006427      11.491131  -38867.800168       1.024689       1.564149       4.625584
        0.000000       0.000000   10000.000000   10000.000000       1.031123       1.570386       4.712389
        0.000931      -0.006432      -3.273966    -354.582037       1.037646       1.576709       5.008829
        0.003032      -0.012634      -2.375367     626.173855       1.044197       1.583061       5.110856
        0.006290      -0.018362      -1.386632     133.629034       1.050800       1.589463       5.337183
        0.010697      -0.023497      -0.996262      59.697170       1.057575       1.596031       5.499660
        0.016256      -0.028301      -0.758123      30.979702       1.064928       1.603163       5.634506
        0.022957      -0.032784      -0.591574      20.211860       1.072994       1.610988       5.748984
        0.030785      -0.036896      -0.469527      11.997448       1.081840       1.619571       5.844212
        0.039726      -0.040686      -0.385188       7.376539       1.091553       1.629000       5.915513
        0.049760      -0.044204      -0.318270       6.071787       1.102187       1.639331       5.975052
        0.060866      -0.047474      -0.278985       1.430472       1.113765       1.650585       6.011118
        0.073023      -0.050673      -0.241156       4.525115       1.126336       1.662817       6.046547
        0.086196      -0.053556      -0.203148       1.471885       1.139823       1.675955       6.082765
        0.100360      -0.056298      -0.184780       1.142822       1.154249       1.690029       6.100466
        0.115481      -0.058955      -0.166359       1.284328       1.169603       1.705034       6.118336
        0.131523      -0.061462      -0.146325       1.216898       1.185840       1.720935       6.137891
        0.148448      -0.063759      -0.124865       1.314388       1.202919       1.737702       6.158963
        0.166214      -0.065819      -0.109583       0.446109       1.220805       1.755313       6.174037
        0.184782      -0.067743      -0.095997       0.994872       1.239473       1.773755       6.187481
        0.204107      -0.069439      -0.080839       0.589769       1.258872       1.792994       6.202521
        0.224143      -0.070965      -0.072614       0.243434       1.278967       1.813012       6.210699
        0.244844      -0.072380      -0.062483       0.721232       1.299716       1.833786       6.220784
        0.266160      -0.073560      -0.048763       0.570973       1.321064       1.855282       6.234461
        0.288039      -0.074475      -0.034108       0.764743       1.342963       1.877474       6.249090
        0.310431      -0.075089      -0.022628       0.271948       1.365363       1.900337       6.260561
        0.333281      -0.075533      -0.016104       0.298956       1.388218       1.923849       6.267083
        0.356536      -0.075788      -0.004187       0.719982       1.411475       1.947986       6.278999
        0.380140      -0.075688       0.012556       0.699995       1.435079       1.972723       6.295741
        0.404037      -0.075238       0.023094       0.188225       1.458980       1.998038       6.306276
        0.428168      -0.074567       0.034855       0.782318       1.483120       2.023907       6.318026
        0.452476      -0.073520       0.050051       0.470810       1.507451       2.050314       6.333195
        0.476903      -0.072113       0.066935       0.911114       1.531919       2.077240       6.350020
        0.501389      -0.070202       0.089194       0.908510       1.556480       2.104679       6.372144
        0.525873      -0.067709       0.115938       1.278284       1.581092       2.132631       6.398608
        0.550297      -0.064584       0.136287       0.385990       1.605715       2.161095       6.418637
        0.574599      -0.061032       0.161277       1.680236       1.630276       2.190040       6.443086
        0.598719      -0.056768       0.187537       0.488656       1.654770       2.219514       6.468569
        0.622597      -0.052120       0.203048       0.815098       1.679097       2.249452       6.483510
        0.646175      -0.047128       0.219527       0.580563       1.703198       2.279844       6.499285
        0.669395      -0.041865       0.234092       0.676343       1.727006       2.310666       6.513136
        0.692200      -0.036419       0.240509      -0.128524       1.750453       2.341892       6.519211
        0.714539      -0.031068       0.238996      -0.004395       1.773424       2.373432       6.517781
        0.736358      -0.025839       0.241016       0.194420       1.795861       2.405267       6.519690
        0.757607      -0.020736       0.236321      -0.660477       1.817714       2.437386       6.515248
        0.778237      -0.016017       0.220340      -0.897109       1.838877       2.469695       6.500060
        0.798203      -0.011718       0.214413       0.345827       1.859301       2.502170       6.494400
        0.817453      -0.007664       0.199290      -2.007825       1.878973       2.534852       6.479898
        0.835949      -0.004214       0.179908      -0.004268       1.897788       2.567620       6.461189
        0.853643      -0.001155       0.158257      -2.562935       1.915745       2.600523       6.440141
        0.870499       0.001227       0.129480      -0.759507       1.932769       2.633476       6.411949
        0.886474       0.003100       0.098361      -3.279262       1.948855       2.666512       6.381231
        0.901534       0.004277       0.062866      -1.310540       1.963961       2.699598       6.345969
        0.915638       0.004968       0.029942      -3.509095       1.978083       2.732771       6.313118
        0.928755       0.005044      -0.019550      -4.075684       1.991201       2.766046       6.263638
        0.940851       0.004596      -0.046564      -0.037489       2.003306       2.799460       6.236655
        0.951889       0.003984      -0.074233      -5.498387       2.014361       2.832988       6.209088
        0.961845       0.003036      -0.108636      -0.888034       2.024363       2.866701       6.174973
        0.970691       0.001997      -0.132161      -4.923732       2.033270       2.900548       6.151786
        0.978406       0.000840      -0.166348      -3.718504       2.041071       2.934594       6.118346
        0.984969      -0.000330      -0.189710      -3.270216       2.047738       2.968837       6.095703
        0.990362      -0.001396      -0.203839      -1.533265       2.053235       3.003235       6.082101
        0.994571      -0.002269      -0.211615      -2.299730       2.057533       3.037726       6.074646
        0.997584      -0.002918      -0.219874      -3.378374       2.060616       3.072288       6.066755
        0.999396      -0.003323      -0.228147      -6.980173       2.062472       3.106913       6.058877
        1.000000      -0.003463      -0.236671   10000.000000       2.063093       3.141593       6.050791

 MAPPING ITERATIONS FOR J=  6  Y=  0.212251

   ITS  IERR    SERR       R(C1ERR)    I(C1ERR)
     5    48  -0.0022220  -0.0007986   0.0003908
    10    87   0.0000516  -0.0000465   0.0002088
    15    87  -0.0000012  -0.0000628   0.0002014
    19    87  -0.0000001  -0.0000624   0.0002015

 CURVE FIT AND S-MU TABLE FOR J=   7  Y=  0.286280  EPS=  0.007340  TE ANG(DEG)=    1.3212

          X              Z             DZ/DX         D2Z/DX2          S              SCOS           MU
        1.000000       0.003220      -0.244735   10000.000000       0.000000       0.000000       2.901575
        0.999396       0.003366      -0.240659      -3.295926       0.000621       0.034772       2.905425
        0.997585       0.003798      -0.236839      -1.531362       0.002483       0.069512       2.909038
        0.994573       0.004506      -0.233080      -1.045434       0.005577       0.104211       2.912601
        0.990365       0.005479      -0.229792      -0.604018       0.009896       0.138861       2.915721
        0.984973       0.006702      -0.222789      -1.720081       0.015425       0.173445       2.922383
        0.978409       0.008128      -0.211928      -1.587134       0.022142       0.207919       2.932754
        0.970690       0.009752      -0.212684       1.349548       0.030031       0.242297       2.932031
        0.961832       0.011631      -0.206091      -2.361644       0.039085       0.276628       2.938347
        0.951859       0.013632      -0.200603       0.903959       0.049258       0.310806       2.943617
        0.940792       0.015842      -0.193506      -1.910066       0.060542       0.344896       2.950449
        0.928661       0.018122      -0.187760       0.735450       0.072886       0.378814       2.955994
        0.915491       0.020604      -0.185438      -0.956361       0.086288       0.412633       2.958237
        0.901316       0.023157      -0.176090      -0.400475       0.100691       0.446281       2.967290
        0.886170       0.025816      -0.177365       0.511863       0.116069       0.479772       2.966053
        0.870086       0.028648      -0.169768      -1.350387       0.132401       0.513125       2.973428
        0.853106       0.031436      -0.164151       0.588920       0.149607       0.546252       2.978893
        0.835268       0.034372      -0.160466      -0.931060       0.167685       0.579214       2.982483
        0.816618       0.037270      -0.153718       0.161109       0.186560       0.611942       2.989069
        0.797196       0.040233      -0.148872      -0.629927       0.206206       0.644460       2.993806
        0.777053       0.043150      -0.142865       0.011128       0.226559       0.676726       2.999688
        0.756235       0.046081      -0.136714      -0.583833       0.247583       0.708748       3.005721
        0.734794       0.048914      -0.129026      -0.145832       0.269210       0.740486       3.013276
        0.712780       0.051685      -0.121283      -0.548100       0.291398       0.771940       3.020899
        0.690249       0.054311      -0.113262      -0.172495       0.314082       0.803079       3.028811
        0.667252       0.056862      -0.108278      -0.259586       0.337219       0.833906       3.033735
        0.643847       0.059276      -0.095904      -0.789974       0.360748       0.864393       3.045981
        0.620096       0.061394      -0.084961      -0.140955       0.384594       0.894502       3.056835
        0.596051       0.063335      -0.074058      -0.759885       0.408717       0.924238       3.067670
        0.571777       0.064960      -0.061904      -0.246572       0.433046       0.953567       3.079767
        0.547328       0.066374      -0.052760      -0.500516       0.457536       0.982485       3.088881
        0.522766       0.067529      -0.041619      -0.407710       0.482125       1.010970       3.099997
        0.498150       0.068436      -0.032391      -0.342736       0.506758       1.039004       3.109213
        0.473539       0.069126      -0.023505      -0.380020       0.531378       1.066569       3.118092
        0.448993       0.069604      -0.016006      -0.230940       0.555930       1.093646       3.125588
        0.424569       0.069897      -0.006852      -0.521029       0.580355       1.120213       3.134741
        0.400329       0.069972      -0.001871       0.115254       0.604596       1.146244       3.139722
        0.376326       0.069966       0.005945      -0.777014       0.628599       1.171723       3.147537
        0.352626       0.069686       0.014293       0.083886       0.652300       1.196615       3.155885
        0.329279       0.069324       0.018913      -0.489357       0.675650       1.220902       3.160503
        0.306345       0.068794       0.025896      -0.112778       0.698590       1.244555       3.167482
        0.283879       0.068116       0.037524      -0.941468       0.721066       1.267548       3.179099
        0.261942       0.067165       0.044601       0.327763       0.743024       1.289851       3.186164
        0.240576       0.066182       0.052439      -1.102300       0.764413       1.311439       3.193983
        0.219844       0.064920       0.066264      -0.203714       0.785183       1.332286       3.207759
        0.199790       0.063527       0.073864      -0.567415       0.805286       1.352361       3.215323
        0.180464       0.061975       0.087671      -0.873895       0.824674       1.371639       3.229040
        0.161915       0.060213       0.101599      -0.617271       0.843307       1.390095       3.242844
        0.144185       0.058319       0.111664      -0.513341       0.861138       1.407699       3.252796
        0.127314       0.056342       0.124037      -0.977754       0.878124       1.424422       3.264999
        0.111345       0.054227       0.141422      -1.213047       0.894233       1.440242       3.282083
        0.096319       0.051966       0.159614      -1.207031       0.909429       1.455136       3.299872
        0.082270       0.049554       0.187694      -2.909264       0.923683       1.469083       3.327128
        0.069239       0.046886       0.219704      -1.921461       0.936985       1.482081       3.357861
        0.057252       0.044072       0.253748      -3.928717       0.949299       1.494100       3.390096
        0.046339       0.041051       0.301641      -4.932985       0.960623       1.505142       3.434554
        0.036528       0.037818       0.361870      -7.617350       0.970955       1.515211       3.488802
        0.027843       0.034312       0.455899     -14.912167       0.980322       1.524334       3.569341
        0.020312       0.030421       0.582596     -19.213506       0.988803       1.532591       3.669116
        0.013945       0.026244       0.745158     -34.190651       0.996422       1.540007       3.781988
        0.008755       0.021817       0.986331     -64.444336       1.003249       1.546650       3.920109
        0.004756       0.017058       1.505042    -241.528306       1.009475       1.552707       4.125934
        0.001966       0.011745       2.398159    -461.322640       1.015486       1.558555       4.317325
        0.000383       0.005984       7.329731  -14233.768599       1.021478       1.564383       4.576795
        0.000000       0.000000   10000.000000   10000.000000       1.027478       1.570220       4.712389
        0.000808      -0.005987      -3.683339     984.547563       1.033537       1.576113       4.977492
        0.002798      -0.011759      -2.246215     569.654085       1.039649       1.582058       5.131238
        0.005960      -0.017088      -1.329816     144.025418       1.045858       1.588099       5.357158
        0.010286      -0.021865      -0.938653      56.755598       1.052311       1.594377       5.529421
        0.015776      -0.026334      -0.713026      30.133298       1.059395       1.601270       5.663770
        0.022418      -0.030502      -0.554194      19.235860       1.067241       1.608906       5.777128
        0.030196      -0.034326      -0.438993      11.382302       1.075911       1.617347       5.869523
        0.039094      -0.037850      -0.359570       6.959864       1.085484       1.626670       5.938010
        0.049093      -0.041121      -0.296770       5.708190       1.096006       1.636924       5.994694
        0.060171      -0.044160      -0.259942       1.346845       1.107493       1.648127       6.028872
        0.072304      -0.047134      -0.224553       4.234469       1.119986       1.660321       6.062297
        0.085459      -0.049814      -0.189054       1.376319       1.133412       1.673441       6.096337
        0.099609      -0.052363      -0.171904       1.067585       1.147790       1.687511       6.112945
        0.114720      -0.054833      -0.154722       1.197803       1.163102       1.702521       6.129681
        0.130756      -0.057163      -0.136056       1.133586       1.179306       1.718438       6.147959
        0.147678      -0.059299      -0.116079       1.223153       1.196363       1.735233       6.167624
        0.165446      -0.061213      -0.101861       0.414875       1.214234       1.752880       6.181674
        0.184019      -0.063003      -0.089227       0.924699       1.232892       1.771367       6.194194
        0.203351      -0.064580      -0.075137       0.547861       1.252289       1.790659       6.208189
        0.223397      -0.065998      -0.067496       0.225836       1.272385       1.810735       6.215791
        0.244109      -0.067315      -0.058085       0.669684       1.293139       1.831572       6.225165
        0.265438      -0.068413      -0.045340       0.530019       1.314496       1.853137       6.237877
        0.287332      -0.069263      -0.031725       0.710030       1.336407       1.875402       6.251471
        0.309740      -0.069836      -0.021061       0.252291       1.358822       1.898342       6.262127
        0.332607      -0.070249      -0.015004       0.277361       1.381694       1.921935       6.268182
        0.355880      -0.070487      -0.003932       0.668569       1.404968       1.946154       6.279253
        0.379502      -0.070395       0.011629       0.650164       1.428591       1.970975       6.294814
        0.403417      -0.069977       0.021423       0.174728       1.452509       1.996376       6.304605
        0.427567      -0.069355       0.032356       0.726796       1.476667       2.022331       6.315530
        0.451894      -0.068382       0.046486       0.437444       1.501014       2.048825       6.329637
        0.476340      -0.067074       0.062185       0.846602       1.525495       2.075835       6.345291
        0.500845      -0.065296       0.082885       0.844180       1.550065       2.103356       6.365881
        0.525349      -0.062978       0.107752       1.187462       1.574679       2.131383       6.390523
        0.549794      -0.060071       0.126668       0.358357       1.599296       2.159914       6.409182
        0.574118      -0.056767       0.149888       1.559710       1.623845       2.188919       6.431966
        0.598262      -0.052800       0.174277       0.452633       1.648313       2.218437       6.455729
        0.622168      -0.048476       0.188662       0.755095       1.672606       2.248411       6.469655
        0.645775      -0.043832       0.203936       0.536905       1.696667       2.278828       6.484363
        0.669028      -0.038937       0.217419       0.625024       1.720429       2.309667       6.497273
        0.691869      -0.033871       0.223336      -0.120776       1.743826       2.340902       6.502916
        0.714246      -0.028894       0.221897      -0.005555       1.766749       2.372452       6.501544
        0.736105      -0.024031       0.223736       0.178365       1.789143       2.404299       6.503296
        0.757394      -0.019285       0.219355      -0.612306       1.810954       2.436431       6.499120
        0.778064      -0.014896       0.204520      -0.830753       1.832086       2.468763       6.484923
        0.798068      -0.010898       0.199010       0.319104       1.852485       2.501270       6.479629
        0.817355      -0.007128       0.184980      -1.857925       1.872137       2.533990       6.466098
        0.835884      -0.003920       0.167011      -0.004228       1.890942       2.566810       6.448669
        0.853609      -0.001076       0.146931      -2.372675       1.908894       2.599773       6.429072
        0.870490       0.001140       0.120246      -0.703498       1.925920       2.632801       6.402857
        0.886486       0.002882       0.091370      -3.039687       1.942011       2.665921       6.374302
        0.901561       0.003977       0.058425      -1.216087       1.957126       2.699101       6.341544
        0.915675       0.004619       0.027841      -3.257902       1.971256       2.732372       6.311020
        0.928797       0.004690      -0.018160      -3.789948       1.984379       2.765742       6.265027
        0.940893       0.004273      -0.043283      -0.034916       1.996482       2.799244       6.239929
        0.951929       0.003705      -0.069038      -5.119002       2.007534       2.832857       6.214257
        0.961881       0.002823      -0.101062      -0.828343       2.017525       2.866637       6.182465
        0.970722       0.001857      -0.122980      -4.589983       2.026419       2.900543       6.160819
        0.978430       0.000781      -0.154837      -3.470113       2.034202       2.934627       6.129568
        0.984987      -0.000307      -0.176619      -3.052920       2.040848       2.968888       6.108369
        0.990374      -0.001298      -0.189796      -1.432314       2.046326       3.003289       6.095620
        0.994577      -0.002110      -0.197052      -2.148063       2.050607       3.037775       6.088626
        0.997587      -0.002714      -0.204757      -3.155898       2.053677       3.072327       6.081220
        0.999396      -0.003090      -0.212475      -6.520637       2.055525       3.106935       6.073824
        1.000000      -0.003220      -0.220427   10000.000000       2.056142       3.141593       6.066228

 MAPPING ITERATIONS FOR J=  7  Y=  0.286280

   ITS  IERR    SERR       R(C1ERR)    I(C1ERR)
     5    48  -0.0020488  -0.0006665   0.0004081
    10    87   0.0000403  -0.0000087   0.0001015
    15    87  -0.0000009  -0.0000213   0.0000962
    18    87   0.0000001  -0.0000210   0.0000963

 CURVE FIT AND S-MU TABLE FOR J=   8  Y=  0.365020  EPS=  0.007005  TE ANG(DEG)=    1.2609

          X              Z             DZ/DX         D2Z/DX2          S              SCOS           MU
        1.000000       0.003050      -0.232086   10000.000000       0.000000       0.000000       2.913544
        0.999397       0.003189      -0.228216      -3.133669       0.000619       0.034743       2.917220
        0.997588       0.003598      -0.224588      -1.456059       0.002473       0.069456       2.920670
        0.994579       0.004268      -0.221017      -0.994020       0.005556       0.104131       2.924072
        0.990376       0.005190      -0.217895      -0.574355       0.009859       0.138758       2.927051
        0.984990       0.006348      -0.211245      -1.635036       0.015368       0.173321       2.933408
        0.978434       0.007699      -0.200934      -1.508442       0.022062       0.207780       2.943299
        0.970723       0.009237      -0.201652       1.282796       0.029925       0.242146       2.942609
        0.961875       0.011016      -0.195395      -2.244359       0.038950       0.276462       2.948629
        0.951913       0.012912      -0.190188       0.859569       0.049091       0.310632       2.953649
        0.940859       0.015004      -0.183456      -1.814899       0.060341       0.344712       2.960155
        0.928742       0.017163      -0.178008       0.699685       0.072649       0.378627       2.965430
        0.915588       0.019513      -0.175813      -0.908216       0.086011       0.412439       2.967558
        0.901430       0.021931      -0.166950      -0.379824       0.100374       0.446084       2.976169
        0.886302       0.024449      -0.168177       0.487802       0.115710       0.479573       2.974975
        0.870239       0.027131      -0.160981      -1.282811       0.131996       0.512920       2.981981
        0.853282       0.029772      -0.155669       0.561372       0.149157       0.546047       2.987163
        0.835469       0.032552      -0.152193      -0.884073       0.167186       0.579006       2.990559
        0.816844       0.035297      -0.145812       0.154786       0.186012       0.611734       2.996801
        0.797451       0.038104      -0.141239      -0.597697       0.205607       0.644250       3.001282
        0.777338       0.040867      -0.135566       0.012275       0.225909       0.676518       3.006848
        0.756552       0.043645      -0.129756      -0.553934       0.246880       0.708540       3.012558
        0.735144       0.046329      -0.122487      -0.137090       0.268455       0.740282       3.019713
        0.713166       0.048956      -0.115165      -0.520099       0.290590       0.771740       3.026933
        0.690671       0.051446      -0.107579      -0.162586       0.313223       0.802886       3.034426
        0.667712       0.053866      -0.102879      -0.245527       0.336309       0.833719       3.039074
        0.644346       0.056156      -0.091151      -0.750820       0.359787       0.864215       3.050693
        0.620631       0.058165      -0.080780      -0.132847       0.383586       0.894339       3.060987
        0.596624       0.060009      -0.070445      -0.722377       0.407664       0.924090       3.071264
        0.572385       0.061553      -0.058917      -0.233692       0.431952       0.953440       3.082744
        0.547971       0.062897      -0.050248      -0.475580       0.456404       0.982381       3.091387
        0.523442       0.063996      -0.039677      -0.387302       0.480958       1.010892       3.101936
        0.498857       0.064860      -0.030923      -0.325522       0.505558       1.038954       3.110680
        0.474274       0.065519      -0.022491      -0.361065       0.530149       1.066550       3.119105
        0.449754       0.065976      -0.015376      -0.219243       0.554674       1.093658       3.126218
        0.425356       0.066259      -0.006687      -0.495294       0.579074       1.120258       3.134906
        0.401138       0.066334      -0.001961       0.110007       0.603292       1.146324       3.139631
        0.377156       0.066333       0.005458      -0.738746       0.627273       1.171837       3.147051
        0.353474       0.066071       0.013386       0.080011       0.650957       1.196766       3.154977
        0.330144       0.065733       0.017770      -0.465062       0.674290       1.221090       3.159360
        0.307224       0.065234       0.024401      -0.107094       0.697216       1.244780       3.165988
        0.284769       0.064595       0.035442      -0.894374       0.719679       1.267810       3.177020
        0.262838       0.063696       0.042162       0.311329       0.741629       1.290154       3.183729
        0.241477       0.062767       0.049602      -1.046441       0.763011       1.311783       3.191154
        0.220744       0.061572       0.062723      -0.193184       0.783778       1.332671       3.204233
        0.200686       0.060253       0.069933      -0.538094       0.803879       1.352790       3.211412
        0.181352       0.058784       0.083025      -0.827971       0.823269       1.372112       3.224428
        0.162791       0.057113       0.096224      -0.584269       0.841906       1.390612       3.237522
        0.145044       0.055318       0.105757      -0.485565       0.859743       1.408261       3.246958
        0.128154       0.053443       0.117469      -0.924166       0.876737       1.425028       3.258526
        0.112162       0.051438       0.133915      -1.145151       0.892854       1.440891       3.274716
        0.097109       0.049293       0.151111      -1.138276       0.908060       1.455827       3.291569
        0.083029       0.047005       0.177624      -2.738759       0.922324       1.469816       3.317384
        0.069961       0.044473       0.207815      -1.804699       0.935636       1.482851       3.346491
        0.057933       0.041803       0.239874      -3.684059       0.947958       1.494905       3.377019
        0.046974       0.038937       0.284907      -4.612003       0.959285       1.505976       3.419146
        0.037112       0.035868       0.341440      -7.104027       0.969615       1.516064       3.470621
        0.028372       0.032542       0.429409     -13.822222       0.978969       1.525195       3.547192
        0.020777       0.028850       0.547710     -17.769068       0.987417       1.533438       3.642676
        0.014342       0.024887       0.698028     -30.979064       0.994978       1.540814       3.750994
        0.009081       0.020687       0.923412     -60.167033       1.001715       1.547384       3.887193
        0.005008       0.016174       1.383350    -201.688272       1.007805       1.553323       4.086470
        0.002136       0.011135       2.256491    -501.359355       1.013615       1.558988       4.295233
        0.000468       0.005672       5.828650   -8245.426840       1.019341       1.564571       4.542477
        0.000000       0.000000   10000.000000   10000.000000       1.025040       1.570126       4.712389
        0.000728      -0.005674      -3.894240    1869.591052       1.030776       1.575719       4.963747
        0.002646      -0.011144      -2.156907     538.441363       1.036580       1.581378       5.146517
        0.005747      -0.016193      -1.284239     148.589468       1.042518       1.587167       5.373988
        0.010022      -0.020719      -0.896839      54.689392       1.048751       1.593245       5.552120
        0.015467      -0.024951      -0.680273      29.356051       1.055653       1.599976       5.685822
        0.022070      -0.028900      -0.527415      18.498936       1.063351       1.607485       5.797847
        0.029816      -0.032521      -0.417235      10.919742       1.071905       1.615831       5.887910
        0.038687      -0.035858      -0.341402       6.653875       1.081385       1.625085       5.954190
        0.048664      -0.038956      -0.281571       5.444310       1.091833       1.635289       6.008720
        0.059724      -0.041834      -0.246511       1.285684       1.103261       1.646458       6.041493
        0.071841      -0.044651      -0.212865       4.026653       1.115702       1.658627       6.073451
        0.084985      -0.047188      -0.179150       1.308060       1.129089       1.671737       6.105916
        0.099126      -0.049601      -0.162867       1.013961       1.143435       1.685805       6.121736
        0.114231      -0.051941      -0.146563       1.136479       1.158720       1.700819       6.137658
        0.130263      -0.054147      -0.128864       1.074755       1.174903       1.716748       6.155027
        0.147183      -0.056170      -0.109931       1.158964       1.191944       1.733562       6.173694
        0.164952      -0.057983      -0.096463       0.392866       1.209806       1.751236       6.187020
        0.183527      -0.059678      -0.084498       0.875505       1.228458       1.769753       6.198888
        0.202864      -0.061171      -0.071156       0.518507       1.247853       1.789080       6.212149
        0.222916      -0.062516      -0.063926       0.213501       1.267950       1.809195       6.219347
        0.243636      -0.063763      -0.055019       0.633675       1.288707       1.830075       6.228222
        0.264973      -0.064803      -0.042955       0.501437       1.310069       1.851686       6.240256
        0.286877      -0.065610      -0.030067       0.671875       1.331988       1.874001       6.253127
        0.309295      -0.066152      -0.019974       0.238591       1.354413       1.896992       6.263214
        0.332173      -0.066545      -0.014243       0.262318       1.377295       1.920639       6.268943
        0.355457      -0.066771      -0.003761       0.632747       1.400580       1.944914       6.279425
        0.379091      -0.066685       0.010975       0.615442       1.424214       1.969791       6.294160
        0.403018      -0.066290       0.020250       0.165330       1.448144       1.995249       6.303432
        0.427180      -0.065701       0.030605       0.688105       1.472314       2.021263       6.313781
        0.451519      -0.064780       0.043989       0.414191       1.496670       2.047813       6.327146
        0.475977      -0.063541       0.058862       0.801636       1.521159       2.074881       6.341980
        0.500494      -0.061858       0.078472       0.799338       1.545735       2.102456       6.361497
        0.525011      -0.059661       0.102028       1.124177       1.570351       2.130534       6.384861
        0.549469      -0.056908       0.119943       0.339112       1.594963       2.159110       6.402558
        0.573807      -0.053777       0.141928       1.475823       1.619503       2.188155       6.424172
        0.597967      -0.050018       0.165012       0.427630       1.643954       2.217703       6.446724
        0.621890      -0.045922       0.178613       0.713459       1.668225       2.247701       6.459935
        0.645517      -0.041521       0.193050       0.506686       1.692259       2.278136       6.473890
        0.668791      -0.036884       0.205783       0.589555       1.715991       2.308987       6.486135
        0.691656      -0.032084       0.211355      -0.115287       1.739354       2.340229       6.491475
        0.714057      -0.027370       0.209969      -0.006259       1.762246       2.371787       6.490147
        0.735942      -0.022763       0.211684       0.167367       1.784610       2.403642       6.491790
        0.757257      -0.018267       0.207523      -0.578917       1.806394       2.435783       6.487804
        0.777953      -0.014110       0.193486      -0.784817       1.827504       2.468130       6.474310
        0.797981      -0.010323       0.188267       0.300676       1.847887       2.500660       6.469274
        0.817293      -0.006752       0.174998      -1.754217       1.867526       2.533405       6.456429
        0.835843      -0.003713       0.158009      -0.004190       1.886324       2.566260       6.439899
        0.853587      -0.001019       0.139023      -2.240839       1.904271       2.599264       6.421323
        0.870485       0.001079       0.113795      -0.664635       1.921299       2.632342       6.396493
        0.886494       0.002729       0.086481      -2.873126       1.937394       2.665518       6.369452
        0.901578       0.003766       0.055316      -1.150243       1.952514       2.698761       6.338445
        0.915699       0.004375       0.026368      -3.082570       1.966649       2.732097       6.309548
        0.928824       0.004443      -0.017191      -3.589719       1.979775       2.765532       6.265996
        0.940920       0.004048      -0.040987      -0.033136       1.991878       2.799092       6.242221
        0.951956       0.003509      -0.065397      -4.852384       2.002926       2.832762       6.217881
        0.961905       0.002674      -0.095751      -0.786261       2.012911       2.866587       6.187726
        0.970742       0.001759      -0.116539      -4.354733       2.021796       2.900534       6.167170
        0.978447       0.000740      -0.146754      -3.294635       2.029568       2.934644       6.137471
        0.984998      -0.000291      -0.167424      -2.899328       2.036200       2.968918       6.117300
        0.990381      -0.001229      -0.179930      -1.360977       2.041664       3.003322       6.105160
        0.994582      -0.001999      -0.186818      -2.040828       2.045934       3.037806       6.098496
        0.997589      -0.002571      -0.194133      -2.998464       2.048996       3.072351       6.091438
        0.999397      -0.002927      -0.201460      -6.195132       2.050839       3.106950       6.084387
        1.000000      -0.003050      -0.209008   10000.000000       2.051454       3.141593       6.077144

 MAPPING ITERATIONS FOR J=  8  Y=  0.365020

   ITS  IERR    SERR       R(C1ERR)    I(C1ERR)
     5    49  -0.0019155  -0.0005854   0.0004673
    10    87   0.0000331   0.0000035   0.0000424
    15    87  -0.0000007  -0.0000068   0.0000382
    18    87   0.0000001  -0.0000066   0.0000383

 CURVE FIT AND S-MU TABLE FOR J=   9  Y=  0.451158  EPS=  0.006760  TE ANG(DEG)=    1.2167

          X              Z             DZ/DX         D2Z/DX2          S              SCOS           MU
        1.000000       0.002928      -0.222966   10000.000000       0.000000       0.000000       2.922215
        0.999397       0.003061      -0.219244      -3.015884       0.000617       0.034723       2.925763
        0.997590       0.003454      -0.215756      -1.401367       0.002466       0.069418       2.929094
        0.994583       0.004097      -0.212322      -0.956669       0.005541       0.104076       2.932377
        0.990384       0.004982      -0.209320      -0.552791       0.009833       0.138688       2.935252
        0.985002       0.006094      -0.202926      -1.573322       0.015329       0.173237       2.941386
        0.978451       0.007390      -0.193012      -1.451360       0.022007       0.207686       2.950926
        0.970745       0.008867      -0.193702       1.234382       0.029852       0.242045       2.950260
        0.961905       0.010575      -0.187688      -2.159311       0.038856       0.276351       2.956063
        0.951950       0.012394      -0.182684       0.827327       0.048976       0.310515       2.960901
        0.940905       0.014402      -0.176215      -1.745921       0.060202       0.344589       2.967168
        0.928797       0.016474      -0.170982       0.673656       0.072486       0.378503       2.972248
        0.915654       0.018730      -0.168878      -0.873379       0.085821       0.412311       2.974293
        0.901508       0.021050      -0.160364      -0.364942       0.100156       0.445954       2.982582
        0.886393       0.023467      -0.161554       0.470169       0.115464       0.479442       2.981422
        0.870344       0.026041      -0.154647      -1.233858       0.131717       0.512787       2.988161
        0.853402       0.028575      -0.149553       0.541159       0.148848       0.545914       2.993140
        0.835605       0.031244      -0.146225      -0.850085       0.166844       0.578871       2.996397
        0.816998       0.033879      -0.140106       0.149968       0.185637       0.611601       3.002393
        0.797625       0.036574      -0.135727      -0.574441       0.205197       0.644118       3.006690
        0.777532       0.039226      -0.130291       0.012873       0.225464       0.676387       3.012032
        0.756767       0.041894      -0.124723      -0.532365       0.246399       0.708411       3.017510
        0.735382       0.044471      -0.117754      -0.130957       0.267939       0.740157       3.024379
        0.713427       0.046994      -0.110733      -0.499889       0.290039       0.771618       3.031309
        0.690956       0.049386      -0.103457      -0.155586       0.312637       0.802771       3.038503
        0.668022       0.051711      -0.098958      -0.235491       0.335689       0.833610       3.042956
        0.644681       0.053911      -0.087695      -0.722388       0.359133       0.864114       3.054122
        0.620991       0.055843      -0.077735      -0.127124       0.382901       0.894248       3.064013
        0.597009       0.057615      -0.067808      -0.695110       0.406949       0.924013       3.073888
        0.572793       0.059100      -0.056732      -0.224435       0.431211       0.953378       3.084922
        0.548402       0.060394      -0.048405      -0.457482       0.455637       0.982336       3.093226
        0.523894       0.061451      -0.038246      -0.372504       0.480167       1.010866       3.103365
        0.499328       0.062285      -0.029833      -0.313047       0.504747       1.038950       3.111768
        0.474765       0.062920      -0.021730      -0.347305       0.529319       1.066568       3.119866
        0.450262       0.063362      -0.014892      -0.210780       0.553825       1.093700       3.126702
        0.425880       0.063636      -0.006539      -0.476564       0.578209       1.120324       3.135054
        0.401677       0.063711      -0.001999       0.106110       0.602413       1.146415       3.139594
        0.377709       0.063712       0.005134      -0.710862       0.626380       1.171953       3.146727
        0.354038       0.063464       0.012756       0.077141       0.650052       1.196908       3.154348
        0.330718       0.063141       0.016970      -0.447383       0.673375       1.221258       3.158561
        0.307807       0.062664       0.023346      -0.102975       0.696291       1.244975       3.164934
        0.285359       0.062053       0.033962      -0.860129       0.718747       1.268033       3.175542
        0.263432       0.061191       0.040422       0.299376       0.740691       1.290406       3.181993
        0.242073       0.060301       0.047573      -1.005908       0.762069       1.312063       3.189130
        0.221340       0.059154       0.060184      -0.185569       0.782834       1.332981       3.201704
        0.201279       0.057888       0.067112      -0.516889       0.802935       1.353130       3.208604
        0.181939       0.056477       0.079688      -0.794856       0.822326       1.372482       3.221112
        0.163369       0.054873       0.092362      -0.560544       0.840965       1.391014       3.233693
        0.145611       0.053149       0.101511      -0.465638       0.858807       1.408694       3.242757
        0.128708       0.051349       0.112748      -0.885813       0.875806       1.425491       3.253867
        0.112701       0.049422       0.128521      -1.096741       0.891928       1.441384       3.269413
        0.097629       0.047361       0.145004      -1.089410       0.907140       1.456350       3.285593
        0.083529       0.045162       0.170400      -2.618195       0.921411       1.470366       3.310371
        0.070437       0.042729       0.199297      -1.722675       0.934728       1.483427       3.338313
        0.058381       0.040164       0.229953      -3.512920       0.947055       1.495504       3.367617
        0.047392       0.037409       0.272973      -4.389305       0.958384       1.506594       3.408073
        0.037497       0.034460       0.326914      -6.749677       0.968710       1.516695       3.457555
        0.028720       0.031263       0.410677     -13.082659       0.978054       1.525830       3.531269
        0.021084       0.027716       0.523157     -16.784359       0.986477       1.534062       3.623593
        0.014604       0.023907       0.665281     -28.928638       0.993996       1.541408       3.728636
        0.009296       0.019872       0.879357     -56.953778       1.000669       1.547926       3.862885
        0.005173       0.015536       1.303927    -179.644177       1.006662       1.553779       4.058151
        0.002248       0.010695       2.147229    -499.822646       1.012329       1.559314       4.276542
        0.000523       0.005448       5.069895   -5853.445433       1.017866       1.564720       4.517646
        0.000000       0.000000   10000.000000   10000.000000       1.023347       1.570073       4.712389
        0.000676      -0.005449      -4.020159    2521.153761       1.028852       1.575448       4.956187
        0.002547      -0.010701      -2.089576     515.595462       1.034437       1.580902       5.158743
        0.005606      -0.015548      -1.248815     150.813480       1.040181       1.586511       5.387593
        0.009847      -0.019893      -0.865871      53.098283       1.046261       1.592449       5.569549
        0.015263      -0.023956      -0.656150      28.708895       1.053036       1.599067       5.702499
        0.021841      -0.027746      -0.507868      17.937038       1.060632       1.606488       5.813263
        0.029565      -0.031222      -0.401425      10.571069       1.069105       1.614769       5.901451
        0.038419      -0.034426      -0.328246       6.426589       1.078522       1.623975       5.966021
        0.048381      -0.037399      -0.270591       5.250164       1.088919       1.634145       6.018922
        0.059428      -0.040161      -0.236825       1.240451       1.100307       1.645291       6.050645
        0.071535      -0.042864      -0.204447       3.875437       1.112712       1.657444       6.081518
        0.084671      -0.045299      -0.172025       1.258456       1.126073       1.670548       6.112827
        0.098806      -0.047616      -0.156370       0.975081       1.140397       1.684615       6.128071
        0.113906      -0.049861      -0.140702       1.092185       1.155663       1.699633       6.143401
        0.129935      -0.051979      -0.123700       1.032371       1.171832       1.715570       6.160111
        0.146855      -0.053920      -0.105519       1.112820       1.188862       1.732397       6.178056
        0.164624      -0.055660      -0.092588       0.377070       1.206717       1.750088       6.190860
        0.183201      -0.057287      -0.081104       0.840230       1.225365       1.768626       6.202259
        0.202540      -0.058721      -0.068300       0.497485       1.244757       1.787978       6.214991
        0.222596      -0.060011      -0.061363       0.204698       1.264854       1.808121       6.221900
        0.243320      -0.061209      -0.052817       0.607907       1.285613       1.829030       6.230417
        0.264662      -0.062208      -0.041242       0.480994       1.306979       1.850673       6.241967
        0.286572      -0.062983      -0.028875       0.644566       1.328903       1.873021       6.254318
        0.308997      -0.063504      -0.019190       0.228805       1.351333       1.896049       6.263997
        0.331882      -0.063881      -0.013692       0.251571       1.374222       1.919732       6.269494
        0.355173      -0.064099      -0.003633       0.607088       1.397514       1.944045       6.279552
        0.378814      -0.064017       0.010510       0.590550       1.421156       1.968962       6.293695
        0.402749      -0.063638       0.019412       0.158604       1.445093       1.994459       6.302595
        0.426918      -0.063073       0.029352       0.660343       1.469269       2.020512       6.312529
        0.451265      -0.062189       0.042200       0.397498       1.493633       2.047103       6.325360
        0.475731      -0.061001       0.056479       0.769341       1.518127       2.074210       6.339604
        0.500256      -0.059385       0.075305       0.767121       1.542706       2.101823       6.358348
        0.524782      -0.057276       0.097917       1.078714       1.567323       2.129936       6.380791
        0.549249      -0.054633       0.115113       0.325300       1.591932       2.158543       6.397794
        0.573597      -0.051627       0.136210       1.415625       1.616466       2.187616       6.418562
        0.597768      -0.048018       0.158357       0.409760       1.640905       2.217186       6.440238
        0.621703      -0.044085       0.171397       0.683696       1.665161       2.247202       6.452933
        0.645343      -0.039860       0.185235       0.485156       1.689176       2.277650       6.466344
        0.668632      -0.035408       0.197432       0.564319       1.712887       2.308509       6.478111
        0.691513      -0.030800       0.202759      -0.111219       1.736227       2.339757       6.483233
        0.713931      -0.026274       0.201415      -0.006637       1.759098       2.371320       6.481941
        0.735833      -0.021851       0.203045       0.159650       1.781442       2.403182       6.483507
        0.757166      -0.017535       0.199044      -0.555001       1.803207       2.435330       6.479661
        0.777879      -0.013545       0.185579      -0.752003       1.824302       2.467689       6.466677
        0.797924      -0.009910       0.180569       0.287610       1.844673       2.500234       6.461829
        0.817252      -0.006482       0.167845      -1.680269       1.864303       2.532997       6.449481
        0.835817      -0.003565       0.151559      -0.004139       1.883096       2.565876       6.433599
        0.853574      -0.000979       0.133355      -2.146792       1.901041       2.598908       6.415758
        0.870483       0.001036       0.109168      -0.636892       1.918069       2.632021       6.391923
        0.886501       0.002620       0.082974      -2.754078       1.934166       2.665237       6.365970
        0.901592       0.003615       0.053084      -1.103100       1.949290       2.698523       6.336219
        0.915717       0.004199       0.025309      -2.956923       1.963428       2.731905       6.308489
        0.928844       0.004264      -0.016495      -3.445843       1.976556       2.765384       6.266692
        0.940940       0.003885      -0.039339      -0.031840       1.988658       2.798985       6.243867
        0.951974       0.003368      -0.062781      -4.660408       1.999705       2.832694       6.220487
        0.961922       0.002567      -0.091930      -0.755833       2.009685       2.866551       6.191513
        0.970757       0.001689      -0.111903      -4.184948       2.018563       2.900525       6.171746
        0.978458       0.000710      -0.140935      -3.167737       2.026327       2.934654       6.143173
        0.985007      -0.000279      -0.160800      -2.788172       2.032950       2.968937       6.123750
        0.990387      -0.001180      -0.172822      -1.309252       2.038405       3.003343       6.112054
        0.994585      -0.001918      -0.179444      -1.963121       2.042668       3.037826       6.105631
        0.997591      -0.002468      -0.186476      -2.884391       2.045723       3.072367       6.098826
        0.999397      -0.002810      -0.193520      -5.959365       2.047562       3.106959       6.092028
        1.000000      -0.002928      -0.200777   10000.000000       2.048176       3.141593       6.085043

 MAPPING ITERATIONS FOR J=  9  Y=  0.451158

   ITS  IERR    SERR       R(C1ERR)    I(C1ERR)
     5    50  -0.0018237  -0.0005328   0.0005226
    10    78  -0.0000292   0.0000081   0.0000149
    15    78   0.0000006  -0.0000009   0.0000112
    18    78  -0.0000001  -0.0000007   0.0000113

 CURVE FIT AND S-MU TABLE FOR J=  10  Y=  0.548911  EPS=  0.006576  TE ANG(DEG)=    1.1837

          X              Z             DZ/DX         D2Z/DX2          S              SCOS           MU
        1.000000       0.002838      -0.216209   10000.000000       0.000000       0.000000       2.928661
        0.999398       0.002967      -0.212598      -2.928138       0.000616       0.034709       2.932114
        0.997592       0.003347      -0.209213      -1.360562       0.002462       0.069391       2.935355
        0.994586       0.003971      -0.205881      -0.928777       0.005531       0.104037       2.938549
        0.990389       0.004828      -0.202968      -0.536655       0.009815       0.138638       2.941345
        0.985010       0.005905      -0.196764      -1.527333       0.015300       0.173177       2.947311
        0.978463       0.007162      -0.187145      -1.408839       0.021968       0.207620       2.956587
        0.970762       0.008593      -0.187816       1.198411       0.029800       0.241974       2.955939
        0.961926       0.010248      -0.181982      -2.096014       0.038790       0.276273       2.961580
        0.951977       0.012011      -0.177130       0.803346       0.048894       0.310434       2.966281
        0.940939       0.013956      -0.170856      -1.694609       0.060102       0.344504       2.972371
        0.928837       0.015965      -0.165782       0.654257       0.072369       0.378416       2.977305
        0.915702       0.018151      -0.163745      -0.847502       0.085686       0.412222       2.979288
        0.901564       0.020399      -0.155490      -0.353923       0.100001       0.445865       2.987338
        0.886457       0.022741      -0.156651       0.456941       0.115288       0.479354       2.986204
        0.870419       0.025235      -0.149956      -1.197479       0.131519       0.512696       2.992746
        0.853487       0.027692      -0.145022       0.525967       0.148628       0.545825       2.997575
        0.835702       0.030278      -0.141802      -0.824868       0.166601       0.578782       3.000729
        0.817107       0.032832      -0.135876       0.146222       0.185370       0.611513       3.006544
        0.797746       0.035443      -0.131637      -0.557233       0.204906       0.644032       3.010708
        0.777667       0.038014      -0.126374       0.013144       0.225149       0.676304       3.015885
        0.756917       0.040600      -0.120985      -0.516410       0.246060       0.708330       3.021193
        0.735547       0.043098      -0.114234      -0.126552       0.267575       0.740079       3.027852
        0.713608       0.045544      -0.107433      -0.484934       0.289650       0.771545       3.034570
        0.691153       0.047863      -0.100384      -0.150521       0.312225       0.802702       3.041544
        0.668236       0.050117      -0.096031      -0.228152       0.335252       0.833548       3.045855
        0.644912       0.052251      -0.085111      -0.701214       0.358674       0.864058       3.056686
        0.621239       0.054125      -0.075456      -0.122987       0.382421       0.894202       3.066280
        0.597273       0.055844      -0.065831      -0.674775       0.406448       0.923977       3.075857
        0.573073       0.057285      -0.055088      -0.217610       0.430691       0.953354       3.086560
        0.548697       0.058541      -0.047014      -0.444002       0.455100       0.982327       3.094613
        0.524203       0.059567      -0.037161      -0.361486       0.479616       1.010872       3.104449
        0.499651       0.060377      -0.029002      -0.303763       0.504181       1.038972       3.112599
        0.475100       0.060994      -0.021142      -0.337045       0.528740       1.066607       3.120454
        0.450609       0.061424      -0.014510      -0.204490       0.553235       1.093757       3.127084
        0.426237       0.061692      -0.006407      -0.462553       0.577608       1.120399       3.135186
        0.402043       0.061766      -0.002004       0.103136       0.601802       1.146509       3.139588
        0.378085       0.061769       0.004915      -0.689972       0.625761       1.172065       3.146508
        0.354421       0.061529       0.012310       0.074956       0.649426       1.197041       3.153902
        0.331108       0.061218       0.016397      -0.434151       0.672741       1.221411       3.157988
        0.308202       0.060757       0.022582      -0.099905       0.695652       1.245148       3.164171
        0.285759       0.060165       0.032881      -0.834502       0.718103       1.268226       3.174461
        0.263833       0.059330       0.039147       0.290428       0.740044       1.290621       3.180720
        0.242476       0.058468       0.046083      -0.975624       0.761419       1.312298       3.187643
        0.221742       0.057358       0.058313      -0.179895       0.782183       1.333239       3.199840
        0.201679       0.056131       0.065030      -0.501088       0.802284       1.353410       3.206531
        0.182335       0.054764       0.077221      -0.770241       0.821676       1.372784       3.218661
        0.163759       0.053209       0.089504      -0.542955       0.840317       1.391338       3.230859
        0.145993       0.051537       0.098369      -0.450892       0.858161       1.409040       3.239646
        0.129081       0.049791       0.109255      -0.857488       0.875163       1.425859       3.250416
        0.113063       0.047923       0.124529      -1.061105       0.891289       1.441773       3.265484
        0.097979       0.045924       0.140486      -1.053539       0.906505       1.456759       3.281165
        0.083865       0.043793       0.165060      -2.530065       0.920780       1.470795       3.305177
        0.070756       0.041433       0.193009      -1.663063       0.934100       1.483874       3.332257
        0.058682       0.038945       0.222638      -3.388978       0.946429       1.495966       3.360658
        0.047673       0.036273       0.264191      -4.229101       0.957758       1.507068       3.399883
        0.037755       0.033414       0.316254      -6.496012       0.968081       1.517177       3.447893
        0.028953       0.030313       0.396990     -12.559747       0.977415       1.526313       3.519501
        0.021289       0.026873       0.505293     -16.089482       0.985819       1.534536       3.609466
        0.014780       0.023179       0.641666     -27.535991       0.993306       1.541859       3.712087
        0.009440       0.019266       0.847563     -54.610883       0.999930       1.548338       3.844670
        0.005284       0.015062       1.248922    -166.007349       1.005852       1.554127       4.037227
        0.002322       0.010368       2.066316    -490.657257       1.011413       1.559565       4.261661
        0.000560       0.005281       4.623355   -4653.512767       1.016809       1.564840       4.499377
        0.000000       0.000000   10000.000000   10000.000000       1.022130       1.570042       4.712389
        0.000641      -0.005282      -4.096164    3002.544294       1.027464       1.575257       4.951836
        0.002480      -0.010373      -2.037294     497.766001       1.032887       1.580559       5.168688
        0.005512      -0.015071      -1.221029     151.803315       1.038491       1.586037       5.398597
        0.009730      -0.019282      -0.842414      51.842915       1.044460       1.591873       5.583112
        0.015126      -0.023220      -0.637980      28.177100       1.051144       1.598410       5.715306
        0.021686      -0.026893      -0.493246      17.501818       1.058667       1.605768       5.824955
        0.029396      -0.030261      -0.389643      10.303781       1.067083       1.614002       5.911639
        0.038238      -0.033365      -0.318468       6.254301       1.076455       1.623175       5.974872
        0.048189      -0.036247      -0.262448       5.104125       1.086817       1.633322       6.026526
        0.059228      -0.038923      -0.229649       1.206302       1.098176       1.644452       6.057450
        0.071327      -0.041543      -0.198217       3.762694       1.110556       1.656594       6.087505
        0.084458      -0.043903      -0.166758       1.221523       1.123898       1.669692       6.117948
        0.098589      -0.046147      -0.151569       0.946192       1.138206       1.683759       6.132761
        0.113686      -0.048323      -0.136372       1.059368       1.153459       1.698780       6.147650
        0.129713      -0.050375      -0.119886       1.001033       1.169617       1.714723       6.163869
        0.146631      -0.052256      -0.102260       1.078750       1.186639       1.731560       6.181279
        0.164400      -0.053943      -0.089727       0.365436       1.204489       1.749264       6.193698
        0.182977      -0.055519      -0.078597       0.814235       1.223133       1.767817       6.204750
        0.202318      -0.056909      -0.066189       0.482014       1.242523       1.787186       6.217093
        0.222376      -0.058160      -0.059468       0.198248       1.262620       1.807348       6.223787
        0.243102      -0.059321      -0.051189       0.588942       1.283379       1.828278       6.232041
        0.264448      -0.060289      -0.039973       0.465954       1.304747       1.849943       6.243234
        0.286362      -0.061040      -0.027991       0.624449       1.326674       1.872315       6.255202
        0.308790      -0.061546      -0.018607       0.221614       1.349108       1.895368       6.264580
        0.331680      -0.061912      -0.013281       0.243670       1.372001       1.919078       6.269905
        0.354976      -0.062123      -0.003534       0.588164       1.395297       1.943418       6.279651
        0.378622      -0.062044       0.010172       0.572172       1.418944       1.968362       6.293357
        0.402561      -0.061677       0.018798       0.153647       1.442886       1.993888       6.301981
        0.426735      -0.061130       0.028431       0.639822       1.467067       2.019969       6.311609
        0.451088      -0.060273       0.040882       0.385153       1.491434       2.046588       6.324045
        0.475558      -0.059121       0.054721       0.745442       1.515932       2.073723       6.337851
        0.500089      -0.057555       0.072966       0.743272       1.540513       2.101364       6.356022
        0.524621      -0.055512       0.094879       1.045062       1.565130       2.129502       6.377781
        0.549094      -0.052949       0.111542       0.315088       1.589738       2.158132       6.394268
        0.573449      -0.050036       0.131982       1.371108       1.614267       2.187226       6.414408
        0.597628      -0.046538       0.153436       0.396600       1.638698       2.216812       6.435434
        0.621572      -0.042726       0.166062       0.661772       1.662943       2.246840       6.447746
        0.645222      -0.038631       0.179459       0.469350       1.686945       2.277298       6.460754
        0.668521      -0.034316       0.191263       0.545816       1.710641       2.308164       6.472166
        0.691413      -0.029850       0.196412      -0.108104       1.733965       2.339416       6.477128
        0.713843      -0.025463       0.195100      -0.006816       1.756820       2.370984       6.475865
        0.735758      -0.021177       0.196670       0.154074       1.779149       2.402851       6.477377
        0.757103      -0.016994       0.192788      -0.537331       1.800901       2.435004       6.473637
        0.777829      -0.013127       0.179747      -0.727831       1.821985       2.467370       6.461033
        0.797886      -0.009604       0.174892       0.278066       1.842348       2.499928       6.456326
        0.817225      -0.006282       0.162570      -1.625913       1.861971       2.532703       6.444346
        0.835800      -0.003455       0.146801      -0.004082       1.880760       2.565600       6.428945
        0.853567      -0.000949       0.129174      -2.077663       1.898703       2.598652       6.411648
        0.870483       0.001003       0.105755      -0.616488       1.915732       2.631790       6.388548
        0.886507       0.002539       0.080385      -2.666459       1.931830       2.665034       6.363398
        0.901602       0.003503       0.051435      -1.068358       1.946956       2.698351       6.334575
        0.915731       0.004070       0.024527      -2.864268       1.961096       2.731765       6.307707
        0.928859       0.004133      -0.015982      -3.339527       1.974225       2.765276       6.267205
        0.940954       0.003765      -0.038121      -0.030862       1.986327       2.798907       6.245083
        0.951988       0.003264      -0.060846      -4.518321       1.997372       2.832644       6.222414
        0.961934       0.002488      -0.089105      -0.733220       2.007349       2.866524       6.194315
        0.970767       0.001637      -0.108473      -4.059045       2.016223       2.900519       6.175134
        0.978466       0.000688      -0.136627      -3.073475       2.023980       2.934661       6.147399
        0.985013      -0.000270      -0.155896      -2.705539       2.030597       2.968951       6.128535
        0.990391      -0.001144      -0.167557      -1.270707       2.036045       3.003358       6.117171
        0.994587      -0.001859      -0.173982      -1.905266       2.040302       3.037840       6.110928
        0.997592      -0.002392      -0.180804      -2.799496       2.043354       3.072379       6.104314
        0.999398      -0.002724      -0.187638      -5.784041       2.045190       3.106966       6.097704
        1.000000      -0.002838      -0.194677   10000.000000       2.045803       3.141593       6.090913

 MAPPING ITERATIONS FOR J= 10  Y=  0.548911

   ITS  IERR    SERR       R(C1ERR)    I(C1ERR)
     5    51  -0.0017580  -0.0004975   0.0005665
    10    78  -0.0000267   0.0000091   0.0000042
    15    78   0.0000005   0.0000011   0.0000009
    17    78   0.0000001   0.0000012   0.0000009

 CURVE FIT AND S-MU TABLE FOR J=  11  Y=  0.665642  EPS=  0.006435  TE ANG(DEG)=    1.1583

          X              Z             DZ/DX         D2Z/DX2          S              SCOS           MU
        1.000000       0.002769      -0.211048   10000.000000       0.000000       0.000000       2.933596
        0.999398       0.002895      -0.207522      -2.860786       0.000615       0.034699       2.936975
        0.997593       0.003266      -0.204216      -1.329196       0.002458       0.069372       2.940146
        0.994589       0.003874      -0.200963      -0.907317       0.005523       0.104009       2.943272
        0.990393       0.004711      -0.198118      -0.524214       0.009801       0.138602       2.946007
        0.985017       0.005762      -0.192060      -1.492022       0.015279       0.173134       2.951843
        0.978472       0.006988      -0.182668      -1.376204       0.021938       0.207572       2.960917
        0.970774       0.008384      -0.183325       1.170879       0.029762       0.241922       2.960281
        0.961942       0.009999      -0.177629      -2.047477       0.038740       0.276217       2.965798
        0.951997       0.011719      -0.172892       0.784975       0.048833       0.310376       2.970393
        0.940963       0.013617      -0.166767      -1.655282       0.060029       0.344443       2.976346
        0.928866       0.015577      -0.161815       0.639368       0.072283       0.378356       2.981168
        0.915736       0.017709      -0.159829      -0.827694       0.085586       0.412160       2.983104
        0.901604       0.019903      -0.151771      -0.345513       0.099887       0.445804       2.990971
        0.886504       0.022188      -0.152909       0.446728       0.115159       0.479292       2.989859
        0.870472       0.024622      -0.146376      -1.169628       0.131374       0.512634       2.996249
        0.853548       0.027018      -0.141563       0.514217       0.148467       0.545766       3.000964
        0.835771       0.029542      -0.138425      -0.805592       0.166423       0.578723       3.004042
        0.817184       0.032034      -0.132644       0.143236       0.185175       0.611456       3.009719
        0.797833       0.034582      -0.128511      -0.544112       0.204694       0.643976       3.013782
        0.777763       0.037091      -0.123379       0.013231       0.224920       0.676251       3.018834
        0.757024       0.039614      -0.118122      -0.504249       0.245812       0.708280       3.024015
        0.735664       0.042052      -0.111537      -0.123287       0.267311       0.740033       3.030515
        0.713736       0.044439      -0.104902      -0.473531       0.289368       0.771503       3.037073
        0.691292       0.046703      -0.098026      -0.146741       0.311926       0.802666       3.043879
        0.668387       0.048903      -0.093782      -0.222617       0.334937       0.833517       3.048084
        0.645075       0.050986      -0.083123      -0.684974       0.358342       0.864033       3.058660
        0.621413       0.052815      -0.073698      -0.119902       0.382074       0.894185       3.068027
        0.597458       0.054493      -0.064303      -0.659155       0.406088       0.923968       3.077378
        0.573269       0.055900      -0.053816      -0.212422       0.430319       0.953357       3.087829
        0.548902       0.057126      -0.045934      -0.433659       0.454716       0.982340       3.095691
        0.524418       0.058129      -0.036315      -0.353035       0.479221       1.010898       3.105294
        0.499875       0.058920      -0.028349      -0.296645       0.503777       1.039011       3.113251
        0.475332       0.059523      -0.020676      -0.329164       0.528327       1.066660       3.120919
        0.450848       0.059944      -0.014202      -0.199673       0.552814       1.093824       3.127392
        0.426483       0.060206      -0.006291      -0.451760       0.577181       1.120480       3.135302
        0.402296       0.060279      -0.001993       0.100803       0.601369       1.146606       3.139600
        0.378343       0.060283       0.004763      -0.673858       0.625321       1.172177       3.146355
        0.354684       0.060050       0.011982       0.073247       0.648981       1.197168       3.153574
        0.331375       0.059747       0.015973      -0.423951       0.672292       1.221553       3.157564
        0.308473       0.059297       0.022011      -0.097548       0.695199       1.245306       3.163600
        0.286032       0.058721       0.032065      -0.814751       0.717647       1.268400       3.173647
        0.264108       0.057907       0.038183       0.283529       0.739587       1.290810       3.179757
        0.242752       0.057066       0.044953      -0.952317       0.760959       1.312504       3.186515
        0.222017       0.055982       0.056890      -0.175539       0.781723       1.333461       3.198421
        0.201951       0.054786       0.063445      -0.488957       0.801824       1.353648       3.204953
        0.182605       0.053451       0.075341      -0.751382       0.821216       1.373039       3.216792
        0.164024       0.051934       0.087325      -0.529510       0.839859       1.391610       3.228697
        0.146253       0.050303       0.095972      -0.439640       0.857705       1.409328       3.237272
        0.129335       0.048598       0.106589      -0.835912       0.874709       1.426163       3.247781
        0.113310       0.046775       0.121483      -1.034039       0.890837       1.442092       3.262483
        0.098217       0.044824       0.137039      -1.026362       0.906056       1.457093       3.277784
        0.084093       0.042743       0.160989      -2.463545       0.920332       1.471142       3.301212
        0.070973       0.040440       0.188219      -1.618305       0.933654       1.484234       3.327636
        0.058886       0.038011       0.217075      -3.296203       0.945983       1.496336       3.355351
        0.047863       0.035404       0.257525      -4.109890       0.957311       1.507447       3.393641
        0.037930       0.032612       0.308179      -6.308123       0.967630       1.517561       3.440536
        0.029111       0.029586       0.386662     -12.176379       0.976955       1.526696       3.510548
        0.021428       0.026228       0.491868     -15.582102       0.985343       1.534910       3.598714
        0.014899       0.022623       0.624041     -26.546590       0.992804       1.542215       3.699502
        0.009538       0.018803       0.823872     -52.878626       0.999391       1.548662       3.830721
        0.005359       0.014699       1.209129    -156.982261       1.005257       1.554402       4.021375
        0.002373       0.010119       2.005719    -481.041698       1.010737       1.559765       4.249883
        0.000586       0.005154       4.337084   -3971.116029       1.016026       1.564940       4.485780
        0.000000       0.000000   10000.000000   10000.000000       1.021224       1.570026       4.712389
        0.000617      -0.005155      -4.138592    3349.890753       1.026428       1.575118       4.949473
        0.002434      -0.010122      -1.995687     483.639472       1.031729       1.580305       5.176901
        0.005448      -0.014707      -1.198701     152.038453       1.037227       1.585685       5.407660
        0.009650      -0.018815      -0.824149      50.831568       1.043113       1.591445       5.593892
        0.015032      -0.022658      -0.623900      27.733468       1.049731       1.597922       5.725377
        0.021581      -0.026242      -0.481987      17.156338       1.057200       1.605233       5.834052
        0.029281      -0.029528      -0.380601      10.093468       1.065574       1.613434       5.919514
        0.038114      -0.032557      -0.310982       6.120074       1.074913       1.622582       5.981684
        0.048059      -0.035368      -0.256223       4.991111       1.085249       1.632711       6.032358
        0.059091      -0.037980      -0.224171       1.179804       1.096587       1.643831       6.062660
        0.071185      -0.040536      -0.193465       3.676125       1.108949       1.655964       6.092081
        0.084312      -0.042838      -0.162743       1.193203       1.122276       1.669060       6.121857
        0.098440      -0.045028      -0.147911       0.924083       1.136573       1.683126       6.136339
        0.113534      -0.047151      -0.133073       1.034315       1.151816       1.698149       6.150889
        0.129559      -0.049153      -0.116981       0.977150       1.167966       1.714097       6.166734
        0.146476      -0.050988      -0.099779       1.052815       1.184982       1.730941       6.183736
        0.164245      -0.052634      -0.087548       0.356604       1.202827       1.748654       6.195860
        0.182823      -0.054172      -0.076687       0.794481       1.221468       1.767218       6.206648
        0.202164      -0.055528      -0.064580       0.470270       1.240857       1.786600       6.218694
        0.222223      -0.056749      -0.058023       0.193376       1.260953       1.806776       6.225227
        0.242951      -0.057881      -0.049946       0.574545       1.281713       1.827721       6.233281
        0.264299      -0.058826      -0.039004       0.454540       1.303081       1.849403       6.244201
        0.286214      -0.059559      -0.027313       0.609163       1.325009       1.871793       6.255879
        0.308646      -0.060053      -0.018159       0.216163       1.347446       1.894864       6.265028
        0.331538      -0.060410      -0.012963       0.237677       1.370341       1.918593       6.270223
        0.354837      -0.060616      -0.003454       0.573766       1.393641       1.942953       6.279731
        0.378486      -0.060539       0.009918       0.558177       1.417290       1.967918       6.293103
        0.402428      -0.060181       0.018334       0.149878       1.441235       1.993464       6.301517
        0.426606      -0.059648       0.027733       0.624179       1.465419       2.019566       6.310911
        0.450962      -0.058812       0.039882       0.375737       1.489789       2.046206       6.323046
        0.475436      -0.057688       0.053383       0.727207       1.514290       2.073362       6.336518
        0.499971      -0.056160       0.071185       0.725069       1.538872       2.101023       6.354250
        0.524506      -0.054166       0.092564       1.019381       1.563489       2.129180       6.375486
        0.548984      -0.051666       0.108820       0.307303       1.588095       2.157827       6.391578
        0.573345      -0.048823       0.128758       1.337168       1.612621       2.186936       6.411239
        0.597529      -0.045410       0.149684       0.386609       1.637045       2.216534       6.431766
        0.621479      -0.041690       0.161995       0.645118       1.661282       2.246572       6.443786
        0.645136      -0.037694       0.175057       0.457383       1.685275       2.277037       6.456486
        0.668443      -0.033483       0.186563       0.531823       1.708959       2.307908       6.467628
        0.691343      -0.029126       0.191578      -0.105654       1.732271       2.339163       6.472470
        0.713782      -0.024845       0.190293      -0.006880       1.755114       2.370735       6.471230
        0.735705      -0.020663       0.191818       0.149918       1.777433       2.402606       6.472702
        0.757060      -0.016582       0.188029      -0.523869       1.799174       2.434762       6.469044
        0.777795      -0.012808       0.175311      -0.709467       1.820249       2.467135       6.456732
        0.797860      -0.009371       0.170574       0.270873       1.840606       2.499701       6.452133
        0.817207      -0.006129       0.158559      -1.584700       1.860223       2.532485       6.440435
        0.835789      -0.003371       0.143183      -0.004023       1.879009       2.565395       6.425401
        0.853562      -0.000926       0.125994      -2.025251       1.896950       2.598462       6.408519
        0.870484       0.000979       0.103157      -0.601013       1.913979       2.631618       6.385979
        0.886513       0.002477       0.078415      -2.599953       1.930078       2.664882       6.361441
        0.901611       0.003418       0.050179      -1.041959       1.945206       2.698222       6.333323
        0.915741       0.003971       0.023931      -2.793817       1.959347       2.731661       6.307111
        0.928870       0.004032      -0.015591      -3.258536       1.972477       2.765196       6.267596
        0.940965       0.003674      -0.037193      -0.030104       1.984578       2.798847       6.246010
        0.951999       0.003185      -0.059372      -4.409920       1.995623       2.832606       6.223883
        0.961943       0.002427      -0.086951      -0.715901       2.005596       2.866503       6.196453
        0.970775       0.001597      -0.105857      -3.962820       2.014467       2.900513       6.177721
        0.978472       0.000672      -0.133340      -3.001316       2.022220       2.934666       6.150627
        0.985017      -0.000264      -0.152152      -2.642235       2.028832       2.968960       6.132192
        0.990394      -0.001116      -0.163537      -1.241109       2.034275       3.003369       6.121083
        0.994589      -0.001814      -0.169811      -1.860880       2.038528       3.037850       6.114979
        0.997593      -0.002334      -0.176472      -2.734390       2.041576       3.072387       6.108512
        0.999398      -0.002657      -0.183145      -5.649685       2.043410       3.106971       6.102048
        1.000000      -0.002769      -0.190018   10000.000000       2.044023       3.141593       6.095406

 MAPPING ITERATIONS FOR J= 11  Y=  0.665642

   ITS  IERR    SERR       R(C1ERR)    I(C1ERR)
     5    51  -0.0017096  -0.0004725   0.0006007
    10    78  -0.0000249   0.0000088   0.0000009
    15    78   0.0000004   0.0000013  -0.0000023
    17    78   0.0000001   0.0000014  -0.0000023

 CURVE FIT AND S-MU TABLE FOR J=  12  Y=  0.814706  EPS=  0.006324  TE ANG(DEG)=    1.1383

          X              Z             DZ/DX         D2Z/DX2          S              SCOS           MU
        1.000000       0.002715      -0.206999   10000.000000       0.000000       0.000000       2.937477
        0.999398       0.002838      -0.203538      -2.807585       0.000615       0.034691       2.940797
        0.997593       0.003202      -0.200295      -1.304394       0.002456       0.069358       2.943913
        0.994590       0.003799      -0.197104      -0.890337       0.005517       0.103989       2.946984
        0.990396       0.004619      -0.194313      -0.514356       0.009791       0.138576       2.949671
        0.985021       0.005650      -0.188371      -1.464131       0.015264       0.173104       2.955404
        0.978478       0.006852      -0.179157      -1.350440       0.021917       0.207539       2.964317
        0.970782       0.008221      -0.179802       1.149185       0.029733       0.241887       2.963692
        0.961953       0.009804      -0.174215      -2.009189       0.038703       0.276178       2.969109
        0.952010       0.011490      -0.169569       0.770487       0.048788       0.310336       2.973622
        0.940979       0.013352      -0.163562      -1.624277       0.059975       0.344402       2.979467
        0.928886       0.015273      -0.158705       0.627609       0.072220       0.378315       2.984200
        0.915760       0.017364      -0.156759      -0.812099       0.085511       0.412119       2.986099
        0.901632       0.019515      -0.148856      -0.338911       0.099802       0.445764       2.993822
        0.886536       0.021756      -0.149975       0.438621       0.115063       0.479254       2.992727
        0.870510       0.024142      -0.143569      -1.147696       0.131267       0.512596       2.998998
        0.853590       0.026492      -0.138850       0.504877       0.148348       0.545730       3.003625
        0.835819       0.028966      -0.135775      -0.790434       0.166291       0.578689       3.006643
        0.817238       0.031410      -0.130106       0.140802       0.185032       0.611424       3.012213
        0.797893       0.033908      -0.126056      -0.533819       0.204538       0.643947       3.016198
        0.777830       0.036369      -0.121025       0.013212       0.224751       0.676224       3.021154
        0.757097       0.038843      -0.115872      -0.494713       0.245631       0.708256       3.026235
        0.735745       0.041234      -0.109415      -0.120792       0.267117       0.740013       3.032611
        0.713824       0.043574      -0.102909      -0.464587       0.289163       0.771487       3.039044
        0.691387       0.045794      -0.096167      -0.143834       0.311708       0.802655       3.045721
        0.668490       0.047952      -0.092007      -0.218320       0.334708       0.833511       3.049844
        0.645186       0.049995      -0.081552      -0.672171       0.358101       0.864034       3.060220
        0.621531       0.051789      -0.072308      -0.117532       0.381824       0.894193       3.069410
        0.597584       0.053435      -0.063093      -0.646830       0.405827       0.923984       3.078583
        0.573401       0.054815      -0.052806      -0.208366       0.430050       0.953382       3.088836
        0.549042       0.056018      -0.045075      -0.425508       0.454439       0.982375       3.096548
        0.524563       0.057002      -0.035639      -0.346378       0.478937       1.010942       3.105968
        0.500026       0.057778      -0.027826      -0.291040       0.503487       1.039066       3.113774
        0.475489       0.058370      -0.020300      -0.322949       0.528031       1.066727       3.121296
        0.451010       0.058783      -0.013949      -0.195883       0.552513       1.093902       3.127644
        0.426650       0.059040      -0.006189      -0.443230       0.576875       1.120570       3.135404
        0.402466       0.059113      -0.001973       0.098934       0.601059       1.146708       3.139619
        0.378517       0.059117       0.004653      -0.661110       0.625008       1.172291       3.146246
        0.354861       0.058889       0.011735       0.071880       0.648665       1.197294       3.153327
        0.331555       0.058592       0.015649      -0.415889       0.671973       1.221691       3.157240
        0.308655       0.058152       0.021571      -0.095689       0.694877       1.245457       3.163161
        0.286216       0.057586       0.031433      -0.799146       0.717324       1.268563       3.173015
        0.264292       0.056788       0.037433       0.278079       0.739262       1.290987       3.179008
        0.242936       0.055964       0.044072      -0.933931       0.760634       1.312693       3.185636
        0.222200       0.054902       0.055779      -0.172110       0.781397       1.333663       3.197314
        0.202134       0.053728       0.062206      -0.479410       0.801498       1.353863       3.203719
        0.182785       0.052420       0.073870      -0.736573       0.820891       1.373266       3.215329
        0.164201       0.050932       0.085619      -0.518976       0.839534       1.391849       3.227003
        0.146426       0.049332       0.094095      -0.430838       0.857381       1.409579       3.235412
        0.129504       0.047661       0.104502      -0.819062       0.874386       1.426426       3.245716
        0.113474       0.045873       0.119098      -1.012963       0.890516       1.442367       3.260132
        0.098376       0.043959       0.134342      -1.005250       0.905735       1.457378       3.275135
        0.084245       0.041919       0.157806      -2.412059       0.920012       1.471437       3.298107
        0.071117       0.039660       0.184478      -1.583838       0.933334       1.484537       3.324019
        0.059022       0.037278       0.212734      -3.224982       0.945662       1.496646       3.351202
        0.047989       0.034720       0.252333      -4.018903       0.956987       1.507761       3.388766
        0.038046       0.031982       0.301905      -6.165401       0.967301       1.517877       3.434796
        0.029216       0.029015       0.378665     -11.888056       0.976619       1.527011       3.503573
        0.021520       0.025721       0.481516     -15.202519       0.984992       1.535216       3.590344
        0.014977       0.022185       0.610542     -25.824271       0.992432       1.542505       3.689727
        0.009603       0.018439       0.805774     -51.577099       0.998988       1.548926       3.819844
        0.005409       0.014415       1.179514    -150.812949       1.004809       1.554626       4.009170
        0.002407       0.009923       1.959596    -472.514743       1.010224       1.559929       4.240528
        0.000602       0.005054       4.146134   -3561.323469       1.015429       1.565024       4.475720
        0.000000       0.000000   10000.000000   10000.000000       1.020531       1.570020       4.712389
        0.000601      -0.005055      -4.154948    3583.769628       1.025633       1.575015       4.948574
        0.002404      -0.009926      -1.961754     472.444103       1.030839       1.580113       5.183805
        0.005405      -0.014421      -1.180198     151.715032       1.036256       1.585417       5.415323
        0.009597      -0.018450      -0.809524      49.997207       1.042079       1.591119       5.602664
        0.014970      -0.022218      -0.612676      27.352079       1.048646       1.597551       5.733497
        0.021511      -0.025732      -0.473072      16.874046       1.056074       1.604828       5.841312
        0.029204      -0.028954      -0.373465       9.923044       1.064418       1.613003       5.925761
        0.038032      -0.031924      -0.305090       6.012437       1.073733       1.622134       5.987065
        0.047972      -0.034680      -0.251333       4.901096       1.084049       1.632251       6.036953
        0.059000      -0.037241      -0.219871       1.158658       1.095371       1.643362       6.066758
        0.071091      -0.039747      -0.189740       3.607725       1.107719       1.655490       6.095674
        0.084215      -0.042005      -0.159597       1.170866       1.121037       1.668583       6.124923
        0.098340      -0.044152      -0.145046       0.906678       1.135324       1.682650       6.139144
        0.113433      -0.046233      -0.130491       1.014638       1.150560       1.697675       6.153427
        0.129457      -0.048197      -0.114708       0.958426       1.166704       1.713626       6.168977
        0.146373      -0.049996      -0.097837       1.032510       1.183716       1.730476       6.185659
        0.164142      -0.051610      -0.085843       0.349706       1.201558       1.748196       6.197553
        0.182719      -0.053118      -0.075192       0.779043       1.220196       1.766769       6.208134
        0.202061      -0.054448      -0.063321       0.461104       1.239584       1.786161       6.219948
        0.222121      -0.055644      -0.056892       0.189588       1.259679       1.806348       6.226355
        0.242850      -0.056755      -0.048972       0.563309       1.280438       1.827304       6.234252
        0.264198      -0.057681      -0.038244       0.445635       1.301807       1.848998       6.244960
        0.286115      -0.058400      -0.026782       0.597227       1.323736       1.871401       6.256410
        0.308548      -0.058884      -0.017806       0.211915       1.346174       1.894487       6.265381
        0.331442      -0.059234      -0.012712       0.233005       1.369071       1.918231       6.270474
        0.354743      -0.059437      -0.003389       0.562515       1.392372       1.942605       6.279797
        0.378394      -0.059361       0.009722       0.547233       1.416023       1.967585       6.292907
        0.402338      -0.059011       0.017974       0.146935       1.439970       1.993147       6.301157
        0.426518      -0.058487       0.027189       0.611939       1.464156       2.019266       6.310368
        0.450876      -0.057668       0.039101       0.368368       1.488528       2.045922       6.322266
        0.475353      -0.056566       0.052339       0.712933       1.513030       2.073093       6.335476
        0.499890      -0.055067       0.069792       0.710819       1.537613       2.100769       6.352865
        0.524429      -0.053112       0.090753       0.999286       1.562230       2.128940       6.373690
        0.548910      -0.050660       0.106690       0.301219       1.586833       2.157601       6.389473
        0.573273      -0.047873       0.126236       1.310646       1.611357       2.186722       6.408757
        0.597462      -0.044526       0.146749       0.378833       1.635776       2.216328       6.428894
        0.621416      -0.040878       0.158815       0.632153       1.660006       2.246374       6.440685
        0.645078      -0.036960       0.171616       0.448096       1.683990       2.276844       6.453145
        0.668390      -0.032832       0.182890       0.520976       1.707665       2.307719       6.464076
        0.691296      -0.028559       0.187802      -0.103689       1.730967       2.338976       6.468825
        0.713741      -0.024362       0.186539      -0.006880       1.753801       2.370550       6.467605
        0.735670      -0.020261       0.188031       0.146737       1.776110       2.402422       6.469046
        0.757031      -0.016259       0.184314      -0.513364       1.797843       2.434581       6.465454
        0.777772      -0.012559       0.171848      -0.695169       1.818911       2.466957       6.453371
        0.797842      -0.009189       0.167205       0.265312       1.839262       2.499529       6.448857
        0.817195      -0.006010       0.155428      -1.552665       1.858874       2.532319       6.437380
        0.835782      -0.003306       0.140359      -0.003967       1.877658       2.565238       6.422633
        0.853560      -0.000908       0.123512      -1.984494       1.895596       2.598316       6.406075
        0.870485       0.000960       0.101129      -0.588970       1.912625       2.631485       6.383972
        0.886517       0.002428       0.076876      -2.548151       1.928724       2.664765       6.359911
        0.901617       0.003351       0.049198      -1.021366       1.943852       2.698122       6.332344
        0.915748       0.003893       0.023464      -2.738819       1.957995       2.731578       6.306645
        0.928878       0.003953      -0.015286      -3.195163       1.971125       2.765131       6.267901
        0.940973       0.003602      -0.036467      -0.029503       1.983226       2.798799       6.246734
        0.952006       0.003123      -0.058217      -4.324942       1.994270       2.832574       6.225033
        0.961950       0.002380      -0.085264      -0.702271       2.004241       2.866485       6.198127
        0.970780       0.001566      -0.103807      -3.887222       2.013110       2.900506       6.179749
        0.978477       0.000658      -0.130763      -2.944516       2.020859       2.934667       6.153160
        0.985020      -0.000259      -0.149216      -2.592363       2.027467       2.968965       6.135062
        0.990396      -0.001094      -0.160384      -1.217742       2.032907       3.003375       6.124155
        0.994590      -0.001779      -0.166539      -1.825862       2.037157       3.037857       6.118161
        0.997593      -0.002288      -0.173073      -2.683033       2.040203       3.072393       6.111810
        0.999398      -0.002606      -0.179619      -5.543755       2.042035       3.106974       6.105461
        1.000000      -0.002715      -0.186362   10000.000000       2.042647       3.141593       6.098937

 MAPPING ITERATIONS FOR J= 12  Y=  0.814706

   ITS  IERR    SERR       R(C1ERR)    I(C1ERR)
     5    51  -0.0016732  -0.0004541   0.0006277
    10    78  -0.0000235   0.0000080   0.0000004
    15    78   0.0000004   0.0000010  -0.0000026
    17    78   0.0000001   0.0000011  -0.0000026

 CURVE FIT AND S-MU TABLE FOR J=  13  Y=  1.006169  EPS=  0.006239  TE ANG(DEG)=    1.1231

          X              Z             DZ/DX         D2Z/DX2          S              SCOS           MU
        1.000000       0.002675      -0.203953   10000.000000       0.000000       0.000000       2.940399
        0.999398       0.002796      -0.200543      -2.767081       0.000614       0.034687       2.943675
        0.997594       0.003155      -0.197347      -1.285506       0.002454       0.069350       2.946749
        0.994591       0.003742      -0.194202      -0.877407       0.005513       0.103978       2.949778
        0.990398       0.004550      -0.191453      -0.506844       0.009784       0.138562       2.952429
        0.985023       0.005566      -0.185597      -1.442921       0.015253       0.173087       2.958083
        0.978481       0.006750      -0.176518      -1.330865       0.021902       0.207521       2.966874
        0.970786       0.008099      -0.177155       1.132711       0.029714       0.241869       2.966257
        0.961958       0.009658      -0.171650      -1.980115       0.038679       0.276159       2.971599
        0.952017       0.011320      -0.167073       0.759480       0.048757       0.310317       2.976049
        0.940988       0.013153      -0.161154      -1.600756       0.059938       0.344383       2.981812
        0.928897       0.015046      -0.156370       0.618666       0.072177       0.378298       2.986479
        0.915772       0.017106      -0.154453      -0.800288       0.085462       0.412103       2.988350
        0.901646       0.019225      -0.146666      -0.333929       0.099746       0.445749       2.995965
        0.886553       0.021433      -0.147772       0.432432       0.115000       0.479241       2.994883
        0.870529       0.023783      -0.141460      -1.131086       0.131195       0.512585       3.001065
        0.853612       0.026098      -0.136812       0.497743       0.148270       0.545721       3.005625
        0.835844       0.028536      -0.133783      -0.778972       0.166205       0.578682       3.008599
        0.817266       0.030943      -0.128199       0.138902       0.184938       0.611421       3.014089
        0.797924       0.033405      -0.124210      -0.526054       0.204435       0.643946       3.018016
        0.777865       0.035829      -0.119254       0.013142       0.224641       0.676227       3.022899
        0.757136       0.038266      -0.114178      -0.487525       0.245513       0.708263       3.027907
        0.735787       0.040622      -0.107817      -0.118955       0.266991       0.740023       3.034191
        0.713870       0.042928      -0.101408      -0.457846       0.289029       0.771502       3.040530
        0.691438       0.045115      -0.094765      -0.141681       0.311567       0.802675       3.047110
        0.668545       0.047241      -0.090667      -0.215109       0.334559       0.833536       3.051172
        0.645245       0.049253      -0.080366      -0.662491       0.357946       0.864064       3.061399
        0.621595       0.051021      -0.071258      -0.115778       0.381662       0.894229       3.070455
        0.597652       0.052643      -0.062178      -0.637511       0.405660       0.924027       3.079495
        0.573473       0.054003      -0.052041      -0.205325       0.429877       0.953432       3.089599
        0.549117       0.055188      -0.044424      -0.419355       0.454262       0.982433       3.097198
        0.524643       0.056158      -0.035125      -0.341359       0.478756       1.011009       3.106482
        0.500109       0.056923      -0.027427      -0.286817       0.503302       1.039141       3.114173
        0.475574       0.057506      -0.020010      -0.318263       0.527843       1.066811       3.121585
        0.451099       0.057913      -0.013753      -0.193032       0.552322       1.093995       3.127841
        0.426741       0.058167      -0.006106      -0.436792       0.576681       1.120672       3.135487
        0.402560       0.058238      -0.001952       0.097508       0.600863       1.146819       3.139640
        0.378613       0.058243       0.004577      -0.651487       0.624809       1.172411       3.146169
        0.354959       0.058018       0.011555       0.070839       0.648465       1.197424       3.153147
        0.331654       0.057726       0.015411      -0.409812       0.671771       1.221830       3.157003
        0.308755       0.057292       0.021247      -0.094291       0.694674       1.245605       3.162837
        0.286317       0.056735       0.030963      -0.787398       0.717119       1.268720       3.172546
        0.264394       0.055949       0.036875       0.273977       0.739057       1.291153       3.178451
        0.243039       0.055137       0.043416      -0.920117       0.760428       1.312869       3.184981
        0.222302       0.054091       0.054949      -0.169542       0.781191       1.333848       3.196487
        0.202235       0.052935       0.061281      -0.472258       0.801291       1.354056       3.202797
        0.182885       0.051646       0.072771      -0.725508       0.820684       1.373469       3.214236
        0.164299       0.050179       0.084344      -0.511124       0.839327       1.392060       3.225737
        0.146522       0.048603       0.092693      -0.424290       0.857174       1.409798       3.234021
        0.129597       0.046957       0.102942      -0.806552       0.874179       1.426652       3.244173
        0.113565       0.045195       0.117317      -0.997363       0.890308       1.442601       3.258376
        0.098463       0.043310       0.132329      -0.989666       0.905527       1.457619       3.273157
        0.084329       0.041300       0.155432      -2.374222       0.919804       1.471684       3.295791
        0.071196       0.039074       0.181692      -1.558651       0.933124       1.484788       3.321324
        0.059097       0.036727       0.209508      -3.173137       0.945450       1.496902       3.348113
        0.048059       0.034207       0.248483      -3.953125       0.956772       1.508019       3.385143
        0.038110       0.031510       0.297265      -6.062834       0.967081       1.518135       3.430538
        0.029274       0.028586       0.372778     -11.683390       0.976391       1.527265       3.498414
        0.021571       0.025341       0.473932     -14.935041       0.984751       1.535462       3.584169
        0.015021       0.021857       0.600731     -25.330305       0.992173       1.542736       3.682549
        0.009638       0.018167       0.792674     -50.659953       0.998704       1.549135       3.811850
        0.005436       0.014202       1.158738    -146.939321       1.004490       1.554804       4.000391
        0.002425       0.009776       1.926553    -465.713955       1.009855       1.560061       4.233609
        0.000611       0.004979       4.029504   -3341.653810       1.014995       1.565096       4.469134
        0.000000       0.000000   10000.000000   10000.000000       1.020024       1.570023       4.712389
        0.000593      -0.004980      -4.146438    3699.229831       1.025051       1.574947       4.949041
        0.002388      -0.009779      -1.935081     464.258505       1.030187       1.579978       5.189366
        0.005382      -0.014207      -1.165228     150.884895       1.035545       1.585227       5.421625
        0.009569      -0.018176      -0.798229      49.331261       1.041323       1.590888       5.609525
        0.014937      -0.021888      -0.604051      27.029032       1.047854       1.597288       5.739793
        0.021474      -0.025350      -0.466282      16.649778       1.055254       1.604541       5.846874
        0.029164      -0.028525      -0.368055       9.788971       1.063576       1.612699       5.930517
        0.037988      -0.031451      -0.300639       5.928931       1.072874       1.621817       5.991142
        0.047926      -0.034166      -0.247647       4.831857       1.083177       1.631926       6.040422
        0.058953      -0.036689      -0.216636       1.142386       1.094490       1.643032       6.069845
        0.071042      -0.039157      -0.186940       3.555655       1.106829       1.655157       6.098378
        0.084165      -0.041381      -0.157237       1.153914       1.120139       1.668250       6.127226
        0.098289      -0.043497      -0.142897       0.893496       1.134421       1.682318       6.141249
        0.113381      -0.045547      -0.128556       0.999782       1.149652       1.697344       6.155331
        0.129405      -0.047481      -0.113004       0.944322       1.165792       1.713300       6.170658
        0.146321      -0.049254      -0.096382       1.017246       1.182801       1.730154       6.187100
        0.164089      -0.050844      -0.084566       0.344533       1.200640       1.747880       6.198820
        0.182667      -0.052329      -0.074073       0.767469       1.219277       1.766459       6.209247
        0.202009      -0.053639      -0.062378       0.454243       1.238664       1.785858       6.220888
        0.222070      -0.054818      -0.056045       0.186762       1.258759       1.806053       6.227199
        0.242799      -0.055912      -0.048243       0.554905       1.279517       1.827019       6.234980
        0.264149      -0.056825      -0.037674       0.438980       1.300886       1.848722       6.245529
        0.286067      -0.057533      -0.026383       0.588307       1.322816       1.871135       6.256809
        0.308500      -0.058010      -0.017541       0.208746       1.345255       1.894231       6.265646
        0.331395      -0.058355      -0.012523       0.229520       1.368153       1.917986       6.270663
        0.354697      -0.058554      -0.003338       0.554110       1.391455       1.942371       6.279847
        0.378349      -0.058480       0.009577       0.539060       1.415107       1.967363       6.292762
        0.402295      -0.058134       0.017706       0.144739       1.439055       1.992936       6.300889
        0.426476      -0.057619       0.026784       0.602801       1.463242       2.019066       6.309963
        0.450835      -0.056811       0.038518       0.362868       1.487615       2.045733       6.321685
        0.475313      -0.055726       0.051559       0.702283       1.512117       2.072917       6.334699
        0.499851      -0.054250       0.068753       0.700195       1.536700       2.100603       6.351830
        0.524391      -0.052323       0.089401       0.984327       1.561316       2.128785       6.372349
        0.548873      -0.049908       0.105100       0.296696       1.585917       2.157454       6.387901
        0.573239      -0.047162       0.124354       1.290955       1.610437       2.186583       6.406904
        0.597429      -0.043865       0.144559       0.373087       1.634851       2.216195       6.426750
        0.621385      -0.040271       0.156443       0.622571       1.659076       2.246245       6.438371
        0.645049      -0.036412       0.169051       0.441255       1.683052       2.276718       6.450653
        0.668363      -0.032344       0.180153       0.512997       1.706719       2.307594       6.461427
        0.691272      -0.028135       0.184990      -0.102201       1.730012       2.338851       6.466107
        0.713720      -0.024000       0.183744      -0.006850       1.752837       2.370425       6.464902
        0.735652      -0.019960       0.185212       0.144423       1.775138       2.402297       6.466322
        0.757016      -0.016018       0.181550      -0.505595       1.796863       2.434456       6.462779
        0.777760      -0.012373       0.169271      -0.684607       1.817925       2.466834       6.450867
        0.797833      -0.009052       0.164697       0.261226       1.838271       2.499407       6.446417
        0.817189      -0.005921       0.153098      -1.529016       1.857878       2.532200       6.435104
        0.835778      -0.003257       0.138256      -0.003921       1.876658       2.565125       6.420570
        0.853559      -0.000895       0.121662      -1.954353       1.894594       2.598208       6.404253
        0.870485       0.000945       0.099617      -0.580050       1.911621       2.631386       6.382475
        0.886519       0.002392       0.075728      -2.509707       1.927720       2.664675       6.358769
        0.901620       0.003301       0.048465      -1.006040       1.942849       2.698044       6.331612
        0.915752       0.003835       0.023115      -2.697833       1.956992       2.731512       6.306297
        0.928882       0.003895      -0.015058      -3.147733       1.970122       2.765078       6.268129
        0.940977       0.003548      -0.035925      -0.029053       1.982223       2.798758       6.247276
        0.952010       0.003077      -0.057353      -4.261126       1.993266       2.832544       6.225895
        0.961953       0.002345      -0.084000      -0.691979       2.003236       2.866465       6.199382
        0.970783       0.001542      -0.102270      -3.830231       2.012103       2.900495       6.181269
        0.978479       0.000649      -0.128830      -2.901557       2.019851       2.934662       6.155061
        0.985022      -0.000255      -0.147012      -2.554594       2.026456       2.968965       6.137219
        0.990397      -0.001078      -0.158017      -1.200008       2.031893       3.003376       6.126465
        0.994591      -0.001752      -0.164080      -1.799293       2.036141       3.037859       6.120554
        0.997593      -0.002254      -0.170519      -2.644053       2.039185       3.072395       6.114291
        0.999398      -0.002567      -0.176969      -5.463346       2.041017       3.106976       6.108029
        1.000000      -0.002675      -0.183614   10000.000000       2.041628       3.141593       6.101594

 MAPPING ITERATIONS FOR J= 13  Y=  1.006169

   ITS  IERR    SERR       R(C1ERR)    I(C1ERR)
     5    51  -0.0016476  -0.0004408   0.0006480
    10    78  -0.0000225   0.0000072   0.0000008
    15    78   0.0000004   0.0000006  -0.0000022
    17    78   0.0000001   0.0000007  -0.0000022

 CURVE FIT AND S-MU TABLE FOR J=  14  Y=  1.187185  EPS=  0.006190  TE ANG(DEG)=    1.1142

          X              Z             DZ/DX         D2Z/DX2          S              SCOS           MU
        1.000000       0.002652      -0.202205   10000.000000       0.000000       0.000000       2.942077
        0.999398       0.002772      -0.198825      -2.743225       0.000614       0.034687       2.945327
        0.997594       0.003128      -0.195657      -1.274467       0.002453       0.069349       2.948377
        0.994591       0.003710      -0.192539      -0.869729       0.005512       0.103977       2.951381
        0.990398       0.004512      -0.189813      -0.502636       0.009781       0.138561       2.954011
        0.985023       0.005518      -0.184009      -1.430009       0.015249       0.173086       2.959619
        0.978481       0.006692      -0.175009      -1.319541       0.021896       0.207520       2.968338
        0.970786       0.008029      -0.175640       1.123066       0.029706       0.241869       2.967726
        0.961958       0.009576      -0.170183      -1.963190       0.038668       0.276160       2.973025
        0.952017       0.011223      -0.165645       0.753014       0.048744       0.310320       2.977439
        0.940988       0.013041      -0.159777      -1.587067       0.059923       0.344387       2.983155
        0.928896       0.014917      -0.155033       0.613404       0.072159       0.378304       2.987784
        0.915772       0.016960      -0.153134      -0.793431       0.085441       0.412111       2.989639
        0.901646       0.019061      -0.145414      -0.331064       0.099722       0.445760       2.997191
        0.886553       0.021249      -0.146510       0.428791       0.114974       0.479254       2.996118
        0.870529       0.023580      -0.140253      -1.121332       0.131166       0.512600       3.002248
        0.853612       0.025875      -0.135646       0.493544       0.148238       0.545739       3.006769
        0.835844       0.028292      -0.132644      -0.772313       0.166169       0.578703       3.009719
        0.817267       0.030679      -0.127109       0.137771       0.184899       0.611444       3.015162
        0.797926       0.033119      -0.123154      -0.521559       0.204394       0.643972       3.019056
        0.777867       0.035522      -0.118241       0.013076       0.224596       0.676256       3.023898
        0.757139       0.037939      -0.113209      -0.483369       0.245465       0.708295       3.028864
        0.735791       0.040275      -0.106903      -0.117912       0.266940       0.740059       3.035095
        0.713875       0.042561      -0.100549      -0.453955       0.288975       0.771541       3.041381
        0.691444       0.044730      -0.093963      -0.140455       0.311511       0.802717       3.047905
        0.668551       0.046837      -0.089901      -0.213268       0.334500       0.833582       3.051933
        0.645253       0.048833      -0.079687      -0.656903       0.357884       0.864114       3.062074
        0.621604       0.050586      -0.070656      -0.114782       0.381598       0.894284       3.071054
        0.597662       0.052194      -0.061653      -0.632144       0.405594       0.924086       3.080017
        0.573484       0.053542      -0.051602      -0.203586       0.429809       0.953496       3.090036
        0.549130       0.054718      -0.044050      -0.415824       0.454193       0.982501       3.097572
        0.524656       0.055679      -0.034830      -0.338484       0.478685       1.011083       3.106777
        0.500123       0.056437      -0.027197      -0.284401       0.503230       1.039220       3.114403
        0.475590       0.057016      -0.019843      -0.315583       0.527770       1.066894       3.121752
        0.451116       0.057419      -0.013638      -0.191405       0.552248       1.094084       3.127955
        0.426759       0.057671      -0.006057      -0.433114       0.576606       1.120766       3.135536
        0.402578       0.057742      -0.001938       0.096688       0.600786       1.146918       3.139655
        0.378633       0.057746       0.004536      -0.645997       0.624732       1.172516       3.146129
        0.354979       0.057524       0.011455       0.070243       0.648386       1.197533       3.153047
        0.331676       0.057234       0.015278      -0.406353       0.671692       1.221945       3.156870
        0.308777       0.056804       0.021065      -0.093496       0.694594       1.245724       3.162655
        0.286340       0.056252       0.030699      -0.780732       0.717039       1.268845       3.172282
        0.264417       0.055473       0.036560       0.271653       0.738975       1.291282       3.178136
        0.243062       0.054668       0.043046      -0.912302       0.760346       1.313002       3.184612
        0.222326       0.053630       0.054481      -0.168095       0.781108       1.333986       3.196020
        0.202258       0.052484       0.060759      -0.468229       0.801208       1.354199       3.202277
        0.182909       0.051206       0.072150      -0.719295       0.820600       1.373615       3.213618
        0.164323       0.049752       0.083624      -0.506731       0.839243       1.392210       3.225023
        0.146545       0.048189       0.091901      -0.420634       0.857089       1.409952       3.233237
        0.129620       0.046557       0.102062      -0.799585       0.874093       1.426810       3.243303
        0.113587       0.044810       0.116314      -0.988713       0.890221       1.442761       3.257386
        0.098484       0.042941       0.131195      -0.981054       0.905439       1.457782       3.272043
        0.084349       0.040948       0.154099      -2.353440       0.919714       1.471849       3.294488
        0.071216       0.038741       0.180130      -1.544917       0.933032       1.484956       3.319812
        0.059115       0.036414       0.207702      -3.145032       0.945355       1.497069       3.346383
        0.048076       0.033916       0.246336      -3.917813       0.956674       1.508186       3.383120
        0.038125       0.031241       0.294687      -6.008261       0.966978       1.518300       3.428168
        0.029288       0.028342       0.369528     -11.576537       0.976281       1.527426       3.495558
        0.021583       0.025125       0.469776     -14.797023       0.984633       1.535617       3.580770
        0.015031       0.021671       0.595418     -25.087852       0.992043       1.542881       3.678636
        0.009646       0.018012       0.785624     -50.188048       0.998557       1.549267       3.807506
        0.005442       0.014081       1.148092    -145.326348       1.004321       1.554916       3.995823
        0.002429       0.009693       1.909110    -461.662858       1.009657       1.560144       4.229880
        0.000613       0.004937       3.983638   -3279.375431       1.014759       1.565144       4.466444
        0.000000       0.000000   10000.000000   10000.000000       1.019747       1.570031       4.712389
        0.000591      -0.004937      -4.121500    3701.895933       1.024731       1.574915       4.950419
        0.002385      -0.009695      -1.918832     459.929887       1.029829       1.579910       5.192813
        0.005378      -0.014086      -1.155682     149.853574       1.035155       1.585130       5.425693
        0.009564      -0.018021      -0.791488      48.915759       1.040908       1.590768       5.613656
        0.014932      -0.021701      -0.598938      26.809984       1.047421       1.597152       5.743547
        0.021468      -0.025134      -0.462312      16.510090       1.054807       1.604393       5.850140
        0.029158      -0.028281      -0.364914       9.706505       1.063119       1.612543       5.933287
        0.037983      -0.031182      -0.298067       5.878574       1.072409       1.621656       5.993503
        0.047920      -0.033874      -0.245526       4.790614       1.082706       1.631762       6.042422
        0.058948      -0.036375      -0.214779       1.132719       1.094014       1.642867       6.071620
        0.071037      -0.038823      -0.185337       3.525100       1.106349       1.654991       6.099928
        0.084160      -0.041028      -0.155887       1.144025       1.119656       1.668085       6.128543
        0.098285      -0.043125      -0.141670       0.885827       1.133936       1.682154       6.142451
        0.113378      -0.045158      -0.127452       0.991175       1.149165       1.697183       6.156417
        0.129402      -0.047075      -0.112033       0.936180       1.165304       1.713141       6.171617
        0.146319      -0.048833      -0.095554       1.008466       1.182312       1.729998       6.187920
        0.164088      -0.050409      -0.083839       0.341566       1.200151       1.747728       6.199542
        0.182666      -0.051882      -0.073437       0.760842       1.218788       1.766312       6.209880
        0.202009      -0.053181      -0.061843       0.450324       1.238174       1.785716       6.221421
        0.222070      -0.054350      -0.055563       0.185151       1.258269       1.805916       6.227679
        0.242800      -0.055435      -0.047828       0.550117       1.279028       1.826887       6.235393
        0.264150      -0.056339      -0.037350       0.435195       1.300397       1.848596       6.245852
        0.286069      -0.057041      -0.026156       0.583240       1.322327       1.871015       6.257035
        0.308503      -0.057514      -0.017390       0.206951       1.344767       1.894117       6.265797
        0.331399      -0.057856      -0.012415       0.227546       1.367665       1.917878       6.270771
        0.354701      -0.058054      -0.003309       0.549351       1.390968       1.942270       6.279876
        0.378353      -0.057980       0.009496       0.534440       1.414620       1.967268       6.292681
        0.402299      -0.057638       0.017555       0.143500       1.438569       1.992848       6.300738
        0.426481      -0.057126       0.026555       0.597646       1.462756       2.018984       6.309734
        0.450840      -0.056326       0.038189       0.359770       1.487128       2.045658       6.321356
        0.475318      -0.055250       0.051119       0.696296       1.511630       2.072847       6.334260
        0.499856      -0.053786       0.068166       0.694237       1.536212       2.100540       6.351246
        0.524396      -0.051876       0.088639       0.975970       1.560826       2.128726       6.371593
        0.548878      -0.049482       0.104204       0.294174       1.585425       2.157399       6.387015
        0.573242      -0.046759       0.123294       1.280016       1.609942       2.186532       6.405860
        0.597432      -0.043490       0.143328       0.369917       1.634352       2.216146       6.425543
        0.621387      -0.039927       0.155111       0.617284       1.658571       2.246196       6.437070
        0.645050      -0.036100       0.167610       0.437496       1.682542       2.276669       6.449252
        0.668364      -0.032068       0.178618       0.508622       1.706202       2.307544       6.459939
        0.691273      -0.027894       0.183412      -0.101370       1.729488       2.338799       6.464582
        0.713720      -0.023795       0.182177      -0.006821       1.752306       2.370370       6.463386
        0.735652      -0.019789       0.183631       0.143166       1.774601       2.402241       6.464793
        0.757016      -0.015881       0.180000      -0.501322       1.796319       2.434397       6.461278
        0.777759      -0.012267       0.167825      -0.678791       1.817375       2.466773       6.449461
        0.797832      -0.008975       0.163290       0.258980       1.837717       2.499345       6.445047
        0.817188      -0.005870       0.151790      -1.515975       1.857319       2.532138       6.433825
        0.835777      -0.003229       0.137074      -0.003893       1.876096       2.565062       6.419410
        0.853557      -0.000887       0.120622      -1.937653       1.894030       2.598147       6.403228
        0.870484       0.000937       0.098765      -0.575088       1.911055       2.631327       6.381632
        0.886518       0.002372       0.075081      -2.488249       1.927153       2.664620       6.358126
        0.901619       0.003273       0.048051      -0.997419       1.942281       2.697994       6.331199
        0.915751       0.003802       0.022918      -2.674745       1.956424       2.731468       6.306099
        0.928881       0.003861      -0.014928      -3.120790       1.969555       2.765040       6.268258
        0.940976       0.003518      -0.035617      -0.028799       1.981655       2.798726       6.247583
        0.952009       0.003050      -0.056862      -4.224620       1.992698       2.832519       6.226384
        0.961953       0.002325      -0.083280      -0.686037       2.002668       2.866446       6.200097
        0.970783       0.001529      -0.101395      -3.797377       2.011534       2.900481       6.182136
        0.978479       0.000643      -0.127726      -2.876636       2.019281       2.934652       6.156147
        0.985022      -0.000253      -0.145753      -2.532633       2.025885       2.968958       6.138452
        0.990397      -0.001069      -0.156663      -1.189666       2.031322       3.003372       6.127786
        0.994591      -0.001737      -0.162674      -1.783799       2.035569       3.037856       6.121924
        0.997593      -0.002235      -0.169058      -2.621290       2.038613       3.072393       6.115711
        0.999398      -0.002545      -0.175452      -5.416340       2.040444       3.106975       6.109501
        1.000000      -0.002652      -0.182040   10000.000000       2.041055       3.141593       6.103117

 MAPPING ITERATIONS FOR J= 14  Y=  1.187185

   ITS  IERR    SERR       R(C1ERR)    I(C1ERR)
     5    51  -0.0016343  -0.0004335   0.0006595
    10    78  -0.0000219   0.0000068   0.0000008
    15    78   0.0000004   0.0000004  -0.0000022
    17    78   0.0000001   0.0000005  -0.0000022

 CURVE FIT AND S-MU TABLE FOR J=  15  Y=  1.382994  EPS=  0.006157  TE ANG(DEG)=    1.1082

          X              Z             DZ/DX         D2Z/DX2          S              SCOS           MU
        1.000000       0.002636      -0.201011   10000.000000       0.000000       0.000000       2.943225
        0.999398       0.002756      -0.197651      -2.727307       0.000614       0.034685       2.946457
        0.997594       0.003109      -0.194501      -1.266992       0.002452       0.069346       2.949490
        0.994591       0.003688      -0.191402      -0.864751       0.005510       0.103973       2.952478
        0.990398       0.004485      -0.188692      -0.499509       0.009778       0.138556       2.955093
        0.985024       0.005485      -0.182921      -1.422147       0.015245       0.173081       2.960672
        0.978482       0.006652      -0.173973      -1.311706       0.021890       0.207516       2.969344
        0.970787       0.007982      -0.174601       1.116509       0.029699       0.241865       2.968734
        0.961959       0.009519      -0.169176      -1.951643       0.038660       0.276156       2.974004
        0.952019       0.011156      -0.164665       0.748638       0.048734       0.310316       2.978393
        0.940990       0.012963      -0.158832      -1.577740       0.059910       0.344384       2.984077
        0.928899       0.014829      -0.154117       0.609846       0.072144       0.378302       2.988679
        0.915775       0.016859      -0.152228      -0.788760       0.085424       0.412110       2.990524
        0.901649       0.018947      -0.144554      -0.329096       0.099703       0.445760       2.998033
        0.886557       0.021123      -0.145644       0.426297       0.114952       0.479256       2.996965
        0.870533       0.023440      -0.139424      -1.114846       0.131142       0.512603       3.003062
        0.853617       0.025721      -0.134844       0.490677       0.148211       0.545743       3.007557
        0.835849       0.028124      -0.131859      -0.767785       0.166141       0.578709       3.010490
        0.817273       0.030496      -0.126357       0.136969       0.184868       0.611452       3.015902
        0.797932       0.032922      -0.122425      -0.518496       0.204361       0.643982       3.019774
        0.777874       0.035311      -0.117541       0.013003       0.224561       0.676269       3.024588
        0.757146       0.037713      -0.112539      -0.480530       0.245427       0.708309       3.029525
        0.735799       0.040035      -0.106270      -0.117217       0.266901       0.740076       3.035720
        0.713883       0.042308      -0.099953      -0.451289       0.288933       0.771560       3.041970
        0.691453       0.044464      -0.093406      -0.139629       0.311467       0.802740       3.048457
        0.668561       0.046559      -0.089368      -0.212015       0.334455       0.833608       3.052461
        0.645263       0.048543      -0.079215      -0.653044       0.357837       0.864142       3.062543
        0.621615       0.050285      -0.070237      -0.114108       0.381550       0.894315       3.071470
        0.597673       0.051884      -0.061288      -0.628427       0.405544       0.924121       3.080382
        0.573496       0.053224      -0.051296      -0.202389       0.429758       0.953534       3.090342
        0.549142       0.054392      -0.043788      -0.413376       0.454141       0.982544       3.097832
        0.524670       0.055348      -0.034623      -0.336490       0.478632       1.011128       3.106983
        0.500137       0.056102      -0.027035      -0.282725       0.503176       1.039270       3.114565
        0.475605       0.056677      -0.019725      -0.313721       0.527716       1.066948       3.121870
        0.451131       0.057078      -0.013557      -0.190276       0.552193       1.094141       3.128037
        0.426774       0.057328      -0.006020      -0.430554       0.576551       1.120828       3.135573
        0.402594       0.057398      -0.001926       0.096114       0.600731       1.146983       3.139667
        0.378649       0.057403       0.004510      -0.642171       0.624676       1.172584       3.146102
        0.354996       0.057182       0.011388       0.069825       0.648330       1.197606       3.152980
        0.331693       0.056893       0.015188      -0.403941       0.671635       1.222021       3.156780
        0.308795       0.056466       0.020941      -0.092942       0.694537       1.245804       3.162530
        0.286357       0.055917       0.030517      -0.776082       0.716981       1.268928       3.172100
        0.264435       0.055143       0.036343       0.270033       0.738918       1.291369       3.177920
        0.243080       0.054342       0.042790      -0.906852       0.760288       1.313092       3.184357
        0.222343       0.053311       0.054157      -0.167086       0.781050       1.334079       3.195697
        0.202276       0.052171       0.060397      -0.465420       0.801149       1.354295       3.201916
        0.182926       0.050901       0.071720      -0.714967       0.820541       1.373715       3.213191
        0.164340       0.049456       0.083125      -0.503672       0.839184       1.392313       3.224527
        0.146562       0.047903       0.091353      -0.418089       0.857029       1.410057       3.232692
        0.129636       0.046280       0.101452      -0.794738       0.874033       1.426918       3.242699
        0.113603       0.044544       0.115617      -0.982698       0.890160       1.442871       3.256699
        0.098500       0.042686       0.130409      -0.975070       0.905377       1.457894       3.271270
        0.084364       0.040704       0.153173      -2.339008       0.919651       1.471962       3.293584
        0.071230       0.038511       0.179046      -1.535392       0.932968       1.485070       3.318762
        0.059128       0.036198       0.206450      -3.125542       0.945289       1.497184       3.345182
        0.048088       0.033714       0.244846      -3.893344       0.956605       1.508300       3.381715
        0.038137       0.031056       0.292900      -5.970459       0.966907       1.518413       3.426523
        0.029298       0.028174       0.367275     -11.502535       0.976206       1.527537       3.493574
        0.021592       0.024975       0.466896     -14.701508       0.984551       1.535723       3.578408
        0.015038       0.021542       0.591735     -24.919450       0.991953       1.542980       3.675913
        0.009652       0.017905       0.780740     -49.862204       0.998456       1.549356       3.804479
        0.005447       0.013997       1.140694    -144.189320       1.004205       1.554992       3.992620
        0.002432       0.009635       1.897041    -458.912895       1.009520       1.560201       4.227268
        0.000615       0.004908       3.950938   -3233.203102       1.014596       1.565177       4.464491
        0.000000       0.000000   10000.000000   10000.000000       1.019555       1.570036       4.712389
        0.000589      -0.004908      -4.105793    3708.332499       1.024510       1.574893       4.951296
        0.002382      -0.009638      -1.907776     456.962760       1.029581       1.579863       5.195186
        0.005375      -0.014002      -1.149211     149.192548       1.034885       1.585061       5.428472
        0.009560      -0.017914      -0.786888      48.635322       1.040622       1.590685       5.616491
        0.014927      -0.021572      -0.595446      26.663360       1.047121       1.597057       5.746121
        0.021463      -0.024984      -0.459597      16.415554       1.054498       1.604289       5.852380
        0.029152      -0.028113      -0.362763       9.650668       1.062802       1.612434       5.935186
        0.037976      -0.030997      -0.296306       5.844430       1.072086       1.621543       5.995121
        0.047914      -0.033673      -0.244073       4.762614       1.082379       1.631646       6.043793
        0.058940      -0.036159      -0.213506       1.126118       1.093683       1.642749       6.072837
        0.071030      -0.038592      -0.184237       3.504339       1.106015       1.654873       6.100991
        0.084153      -0.040784      -0.154961       1.137285       1.119320       1.667967       6.129447
        0.098277      -0.042869      -0.140829       0.880601       1.133598       1.682037       6.143277
        0.113370      -0.044889      -0.126694       0.985313       1.148826       1.697067       6.157163
        0.129394      -0.046796      -0.111367       0.930634       1.164963       1.713026       6.172275
        0.146311      -0.048543      -0.094986       1.002483       1.181970       1.729885       6.188484
        0.164080      -0.050110      -0.083340       0.339542       1.199808       1.747618       6.200038
        0.182658      -0.051574      -0.072999       0.756322       1.218444       1.766204       6.210315
        0.202001      -0.052865      -0.061474       0.447650       1.237830       1.785610       6.221789
        0.222062      -0.054027      -0.055232       0.184053       1.257925       1.805814       6.228009
        0.242792      -0.055105      -0.047543       0.546846       1.278683       1.826788       6.235678
        0.264143      -0.056004      -0.037127       0.432607       1.300052       1.848500       6.246075
        0.286061      -0.056702      -0.026000       0.579770       1.321982       1.870923       6.257192
        0.308495      -0.057172      -0.017286       0.205721       1.344421       1.894029       6.265901
        0.331391      -0.057512      -0.012340       0.226193       1.367319       1.917793       6.270845
        0.354693      -0.057709      -0.003289       0.546081       1.390622       1.942189       6.279896
        0.378345      -0.057635       0.009440       0.531257       1.414275       1.967191       6.292625
        0.402291      -0.057295       0.017451       0.142646       1.438223       1.992775       6.300634
        0.426473      -0.056786       0.026398       0.594084       1.462410       2.018915       6.309577
        0.450832      -0.055991       0.037963       0.357624       1.486782       2.045593       6.321130
        0.475310      -0.054921       0.050815       0.692140       1.511284       2.072786       6.333957
        0.499848      -0.053466       0.067760       0.690089       1.535865       2.100483       6.350842
        0.524388      -0.051568       0.088111       0.970129       1.560479       2.128673       6.371069
        0.548870      -0.049187       0.103583       0.292409       1.585077       2.157349       6.386400
        0.573235      -0.046481       0.122558       1.272332       1.609592       2.186484       6.405136
        0.597425      -0.043231       0.142472       0.367684       1.633999       2.216101       6.424705
        0.621380      -0.039690       0.154184       0.613560       1.658216       2.246152       6.436165
        0.645044      -0.035886       0.166608       0.434849       1.682183       2.276626       6.448277
        0.668359      -0.031877       0.177550       0.505542       1.705840       2.307501       6.458904
        0.691268      -0.027728       0.182315      -0.100766       1.729122       2.338756       6.463520
        0.713716      -0.023653       0.181087      -0.006786       1.751937       2.370327       6.462331
        0.735649      -0.019672       0.182532       0.142294       1.774228       2.402197       6.463730
        0.757013      -0.015786       0.178923      -0.498291       1.795943       2.434353       6.460235
        0.777757      -0.012194       0.166822      -0.674689       1.816996       2.466728       6.448485
        0.797831      -0.008922       0.162313       0.257416       1.837335       2.499301       6.444095
        0.817187      -0.005836       0.150882      -1.506821       1.856935       2.532094       6.432938
        0.835777      -0.003210       0.136255      -0.003869       1.875710       2.565020       6.418606
        0.853558      -0.000882       0.119902      -1.925985       1.893643       2.598107       6.402518
        0.870485       0.000932       0.098176      -0.571635       1.910667       2.631290       6.381048
        0.886519       0.002358       0.074633      -2.473323       1.926765       2.664586       6.357681
        0.901620       0.003254       0.047765      -0.991472       1.941893       2.697964       6.330914
        0.915753       0.003780       0.022782      -2.658788       1.956035       2.731442       6.305963
        0.928882       0.003838      -0.014840      -3.102253       1.969166       2.765018       6.268347
        0.940978       0.003497      -0.035405      -0.028627       1.981267       2.798709       6.247795
        0.952010       0.003032      -0.056525      -4.199631       1.992309       2.832507       6.226721
        0.961954       0.002311      -0.082786      -0.681998       2.002279       2.866437       6.200587
        0.970784       0.001520      -0.100793      -3.775015       2.011144       2.900475       6.182731
        0.978479       0.000639      -0.126970      -2.859758       2.018891       2.934650       6.156891
        0.985022      -0.000251      -0.144890      -2.517796       2.025494       2.968957       6.139297
        0.990397      -0.001062      -0.155736      -1.182707       2.030930       3.003372       6.128691
        0.994591      -0.001727      -0.161712      -1.773368       2.035176       3.037856       6.122861
        0.997594      -0.002222      -0.168058      -2.605978       2.038219       3.072394       6.116683
        0.999398      -0.002530      -0.174415      -5.384730       2.040049       3.106976       6.110507
        1.000000      -0.002636      -0.180964   10000.000000       2.040661       3.141593       6.104159

 MAPPING ITERATIONS FOR J= 15  Y=  1.382994

   ITS  IERR    SERR       R(C1ERR)    I(C1ERR)
     5    51  -0.0016252  -0.0004285   0.0006675
    10    78  -0.0000215   0.0000065   0.0000009
    15    78   0.0000004   0.0000002  -0.0000021
    17    78   0.0000001   0.0000003  -0.0000021

 CURVE FIT AND S-MU TABLE FOR J=  16  Y=  1.534795  EPS=  0.006138  TE ANG(DEG)=    1.1049

          X              Z             DZ/DX         D2Z/DX2          S              SCOS           MU
        1.000000       0.002628      -0.200365   10000.000000       0.000000       0.000000       2.943846
        0.999398       0.002747      -0.197015      -2.718510       0.000614       0.034685       2.947069
        0.997594       0.003099      -0.193876      -1.262892       0.002452       0.069346       2.950093
        0.994591       0.003676      -0.190786      -0.861947       0.005509       0.103973       2.953072
        0.990398       0.004470      -0.188086      -0.497881       0.009777       0.138556       2.955679
        0.985024       0.005468      -0.182333      -1.417554       0.015243       0.173081       2.961241
        0.978482       0.006631      -0.173414      -1.307475       0.021888       0.207515       2.969886
        0.970787       0.007956      -0.174040       1.112943       0.029696       0.241865       2.969279
        0.961959       0.009488      -0.168632      -1.945365       0.038656       0.276156       2.974532
        0.952019       0.011120      -0.164136       0.746254       0.048729       0.310317       2.978907
        0.940990       0.012922      -0.158322      -1.572670       0.059904       0.344385       2.984574
        0.928899       0.014781      -0.153622       0.607908       0.072138       0.378304       2.989162
        0.915775       0.016805      -0.151740      -0.786222       0.085417       0.412113       2.991001
        0.901649       0.018887      -0.144091      -0.328032       0.099695       0.445763       2.998487
        0.886557       0.021055      -0.145178       0.424950       0.114942       0.479260       2.997422
        0.870534       0.023365      -0.138977      -1.111277       0.131131       0.512608       3.003500
        0.853618       0.025639      -0.134412       0.489125       0.148199       0.545749       3.007981
        0.835850       0.028033      -0.131437      -0.765328       0.166127       0.578715       3.010905
        0.817274       0.030398      -0.125952       0.136544       0.184854       0.611460       3.016300
        0.797933       0.032817      -0.122033      -0.516836       0.204345       0.643991       3.020160
        0.777875       0.035198      -0.117165       0.012972       0.224544       0.676279       3.024959
        0.757147       0.037592      -0.112179      -0.478995       0.245409       0.708321       3.029880
        0.735800       0.039907      -0.105930      -0.116837       0.266882       0.740088       3.036056
        0.713885       0.042172      -0.099634      -0.449850       0.288913       0.771574       3.042286
        0.691455       0.044321      -0.093108      -0.139179       0.311446       0.802755       3.048752
        0.668564       0.046410      -0.089083      -0.211337       0.334433       0.833624       3.052744
        0.645266       0.048387      -0.078962      -0.650969       0.357815       0.864161       3.062794
        0.621618       0.050123      -0.070013      -0.113742       0.381526       0.894335       3.071693
        0.597677       0.051717      -0.061092      -0.626430       0.405520       0.924143       3.080576
        0.573500       0.053053      -0.051132      -0.201744       0.429734       0.953558       3.090505
        0.549146       0.054218      -0.043649      -0.412061       0.454116       0.982570       3.097972
        0.524674       0.055170      -0.034513      -0.335419       0.478607       1.011156       3.107093
        0.500142       0.055922      -0.026949      -0.281824       0.503150       1.039300       3.114651
        0.475609       0.056495      -0.019662      -0.312722       0.527690       1.066980       3.121933
        0.451136       0.056895      -0.013514      -0.189670       0.552167       1.094175       3.128080
        0.426779       0.057144      -0.006001      -0.429180       0.576524       1.120864       3.135592
        0.402600       0.057214      -0.001920       0.095808       0.600704       1.147022       3.139673
        0.378654       0.057219       0.004495      -0.640120       0.624649       1.172625       3.146088
        0.355002       0.056998       0.011351       0.069602       0.648303       1.197648       3.152943
        0.331698       0.056711       0.015140      -0.402649       0.671608       1.222065       3.156731
        0.308800       0.056285       0.020873      -0.092645       0.694510       1.245850       3.162463
        0.286363       0.055738       0.030419      -0.773595       0.716954       1.268976       3.172002
        0.264440       0.054966       0.036227       0.269167       0.738891       1.291419       3.177803
        0.243085       0.054168       0.042653      -0.903940       0.760261       1.313144       3.184219
        0.222349       0.053140       0.053983      -0.166548       0.781023       1.334133       3.195523
        0.202282       0.052004       0.060203      -0.463921       0.801122       1.354351       3.201723
        0.182932       0.050738       0.071490      -0.712659       0.820514       1.373772       3.212961
        0.164345       0.049297       0.082858      -0.502043       0.839156       1.392372       3.224262
        0.146567       0.047749       0.091059      -0.416736       0.857001       1.410118       3.232401
        0.129641       0.046132       0.101126      -0.792162       0.874004       1.426979       3.242376
        0.113607       0.044401       0.115245      -0.979505       0.890131       1.442934       3.256332
        0.098504       0.042549       0.129989      -0.971898       0.905348       1.457957       3.270857
        0.084368       0.040574       0.152679      -2.331371       0.919621       1.472027       3.293102
        0.071234       0.038387       0.178468      -1.530364       0.932937       1.485134       3.318202
        0.059132       0.036081       0.205783      -3.115276       0.945257       1.497249       3.344543
        0.048091       0.033606       0.244054      -3.880502       0.956572       1.508365       3.380967
        0.038140       0.030956       0.291950      -5.950689       0.966872       1.518477       3.425648
        0.029300       0.028083       0.366081     -11.464123       0.976168       1.527599       3.492521
        0.021594       0.024895       0.465373     -14.652157       0.984510       1.535782       3.577157
        0.015040       0.021473       0.589797     -24.834280       0.991906       1.543036       3.674476
        0.009654       0.017847       0.778175     -49.694097       0.998404       1.549406       3.802884
        0.005448       0.013952       1.136885    -143.658935       1.004145       1.555034       3.990962
        0.002433       0.009604       1.890751    -457.415745       1.009448       1.560233       4.225897
        0.000615       0.004892       3.936149   -3216.718842       1.014511       1.565195       4.463597
        0.000000       0.000000   10000.000000   10000.000000       1.019454       1.570040       4.712389
        0.000589      -0.004892      -4.094482    3702.640565       1.024393       1.574882       4.951931
        0.002382      -0.009607      -1.901683     455.420163       1.029450       1.579838       5.196502
        0.005374      -0.013957      -1.145586     148.757947       1.034742       1.585026       5.430037
        0.009559      -0.017857      -0.784370      48.479509       1.040470       1.590642       5.618048
        0.014926      -0.021503      -0.593539      26.579540       1.046963       1.597007       5.747530
        0.021462      -0.024904      -0.458120      16.363070       1.054335       1.604236       5.853599
        0.029151      -0.028023      -0.361597       9.619774       1.062635       1.612377       5.936217
        0.037975      -0.030897      -0.295353       5.825655       1.071916       1.621485       5.995998
        0.047913      -0.033565      -0.243287       4.747281       1.082207       1.631587       6.044535
        0.058940      -0.036043      -0.212819       1.122509       1.093509       1.642690       6.073495
        0.071029      -0.038468      -0.183644       3.493024       1.105840       1.654813       6.101565
        0.084152      -0.040653      -0.154462       1.133619       1.119144       1.667907       6.129934
        0.098277      -0.042731      -0.140375       0.877761       1.133421       1.681977       6.143722
        0.113370      -0.044745      -0.126286       0.982130       1.148648       1.697008       6.157565
        0.129394      -0.046645      -0.111008       0.927626       1.164784       1.712968       6.172630
        0.146311      -0.048387      -0.094680       0.999242       1.181791       1.729829       6.188787
        0.164080      -0.049949      -0.083071       0.338446       1.199629       1.747563       6.200304
        0.182659      -0.051408      -0.072764       0.753877       1.218264       1.766150       6.210549
        0.202002      -0.052695      -0.061276       0.446203       1.237650       1.785559       6.221986
        0.222063      -0.053853      -0.055054       0.183459       1.257745       1.805764       6.228187
        0.242793      -0.054928      -0.047390       0.545079       1.278503       1.826740       6.235831
        0.264143      -0.055824      -0.037008       0.431210       1.299872       1.848454       6.246194
        0.286062      -0.056520      -0.025916       0.577900       1.321802       1.870879       6.257275
        0.308497      -0.056988      -0.017230       0.205057       1.344242       1.893987       6.265957
        0.331392      -0.057327      -0.012301       0.225463       1.367140       1.917753       6.270885
        0.354694      -0.057523      -0.003278       0.544322       1.390443       1.942152       6.279907
        0.378347      -0.057450       0.009410       0.529548       1.414096       1.967156       6.292595
        0.402293      -0.057111       0.017395       0.142187       1.438044       1.992742       6.300578
        0.426474      -0.056604       0.026313       0.592175       1.462231       2.018885       6.309492
        0.450833      -0.055811       0.037841       0.356477       1.486603       2.045565       6.321008
        0.475311      -0.054745       0.050652       0.689922       1.511104       2.072760       6.333794
        0.499850      -0.053294       0.067543       0.687880       1.535686       2.100459       6.350626
        0.524389      -0.051402       0.087828       0.967029       1.560299       2.128651       6.370789
        0.548871      -0.049029       0.103251       0.291474       1.584895       2.157329       6.386072
        0.573236      -0.046331       0.122166       1.268273       1.609410       2.186465       6.404748
        0.597426      -0.043092       0.142015       0.366509       1.633816       2.216082       6.424257
        0.621381      -0.039562       0.153690       0.611600       1.658030       2.246134       6.435682
        0.645045      -0.035770       0.166075       0.433456       1.681996       2.276608       6.447758
        0.668359      -0.031774       0.176981       0.503921       1.705650       2.307483       6.458352
        0.691268      -0.027639       0.181731      -0.100454       1.728929       2.338737       6.462954
        0.713716      -0.023577       0.180506      -0.006773       1.751742       2.370307       6.461768
        0.735649      -0.019609       0.181947       0.141830       1.774030       2.402176       6.463163
        0.757013      -0.015736       0.178349      -0.496705       1.795743       2.434331       6.459678
        0.777757      -0.012155       0.166286      -0.672533       1.816794       2.466706       6.447964
        0.797831      -0.008893       0.161792       0.256584       1.837131       2.499279       6.443587
        0.817187      -0.005817       0.150398      -1.501988       1.856730       2.532071       6.432464
        0.835777      -0.003199       0.135817      -0.003859       1.875504       2.564998       6.418176
        0.853558      -0.000879       0.119517      -1.919798       1.893435       2.598085       6.402138
        0.870485       0.000929       0.097861      -0.569798       1.910459       2.631269       6.380735
        0.886519       0.002350       0.074394      -2.465373       1.926556       2.664566       6.357442
        0.901620       0.003243       0.047611      -0.988285       1.941684       2.697946       6.330760
        0.915752       0.003768       0.022708      -2.650241       1.955827       2.731426       6.305890
        0.928882       0.003826      -0.014792      -3.092281       1.968957       2.765005       6.268394
        0.940978       0.003486      -0.035291      -0.028535       1.981058       2.798698       6.247908
        0.952010       0.003022      -0.056343      -4.186127       1.992101       2.832498       6.226902
        0.961953       0.002303      -0.082520      -0.679801       2.002070       2.866430       6.200852
        0.970784       0.001515      -0.100469      -3.762865       2.010935       2.900470       6.183052
        0.978479       0.000637      -0.126562      -2.850544       2.018681       2.934646       6.157293
        0.985022      -0.000250      -0.144424      -2.509676       2.025284       2.968954       6.139753
        0.990397      -0.001059      -0.155235      -1.178883       2.030719       3.003370       6.129180
        0.994591      -0.001721      -0.161192      -1.767639       2.034965       3.037855       6.123368
        0.997594      -0.002214      -0.167517      -2.597561       2.038008       3.072393       6.117209
        0.999398      -0.002522      -0.173854      -5.367350       2.039839       3.106976       6.111052
        1.000000      -0.002628      -0.180382   10000.000000       2.040450       3.141593       6.104723

 MAPPING ITERATIONS FOR J= 16  Y=  1.534795

   ITS  IERR    SERR       R(C1ERR)    I(C1ERR)
     5    51  -0.0016205  -0.0004259   0.0006717
    10    78  -0.0000213   0.0000064   0.0000009
    15    78   0.0000004   0.0000002  -0.0000021
    17    78   0.0000001   0.0000003  -0.0000020

 CURVE FIT AND S-MU TABLE FOR J=  17  Y=  1.659587  EPS=  0.006127  TE ANG(DEG)=    1.1028

          X              Z             DZ/DX         D2Z/DX2          S              SCOS           MU
        1.000000       0.002622      -0.199954   10000.000000       0.000000       0.000000       2.944242
        0.999398       0.002741      -0.196611      -2.712854       0.000614       0.034685       2.947458
        0.997594       0.003093      -0.193478      -1.260259       0.002452       0.069346       2.950476
        0.994591       0.003669      -0.190395      -0.860147       0.005509       0.103973       2.953450
        0.990398       0.004461      -0.187700      -0.496837       0.009777       0.138556       2.956052
        0.985024       0.005457      -0.181959      -1.414606       0.015242       0.173081       2.961603
        0.978481       0.006617      -0.173059      -1.304761       0.021887       0.207516       2.970231
        0.970787       0.007940      -0.173683       1.110653       0.029694       0.241866       2.969625
        0.961959       0.009469      -0.168287      -1.941337       0.038654       0.276157       2.974868
        0.952018       0.011097      -0.163800       0.744723       0.048727       0.310319       2.979235
        0.940989       0.012895      -0.157998      -1.569420       0.059901       0.344388       2.984890
        0.928898       0.014751      -0.153308       0.606664       0.072134       0.378307       2.989469
        0.915774       0.016771      -0.151430      -0.784596       0.085413       0.412116       2.991305
        0.901649       0.018848      -0.143796      -0.327351       0.099690       0.445768       2.998776
        0.886556       0.021012      -0.144881       0.424086       0.114937       0.479265       2.997713
        0.870533       0.023317      -0.138693      -1.108992       0.131125       0.512613       3.003778
        0.853617       0.025587      -0.134138       0.488130       0.148193       0.545756       3.008251
        0.835849       0.027976      -0.131169      -0.763755       0.166120       0.578722       3.011168
        0.817273       0.030336      -0.125695       0.136271       0.184846       0.611468       3.016553
        0.797932       0.032750      -0.121785      -0.515775       0.204337       0.644000       3.020405
        0.777874       0.035126      -0.116927       0.012951       0.224535       0.676288       3.025194
        0.757146       0.037516      -0.111951      -0.478014       0.245400       0.708331       3.030106
        0.735799       0.039825      -0.105715      -0.116594       0.266872       0.740099       3.036269
        0.713884       0.042086      -0.099432      -0.448931       0.288903       0.771586       3.042487
        0.691454       0.044231      -0.092919      -0.138893       0.311436       0.802768       3.048940
        0.668563       0.046315      -0.088902      -0.210904       0.334422       0.833639       3.052924
        0.645265       0.048288      -0.078802      -0.649645       0.357803       0.864176       3.062953
        0.621617       0.050021      -0.069871      -0.113509       0.381514       0.894352       3.071835
        0.597676       0.051612      -0.060968      -0.625158       0.405508       0.924161       3.080700
        0.573500       0.052945      -0.051029      -0.201333       0.429722       0.953577       3.090608
        0.549146       0.054107      -0.043560      -0.411225       0.454103       0.982590       3.098060
        0.524673       0.055058      -0.034443      -0.334738       0.478594       1.011178       3.107163
        0.500141       0.055808      -0.026894      -0.281252       0.503137       1.039322       3.114705
        0.475609       0.056380      -0.019622      -0.312087       0.527677       1.067004       3.121973
        0.451135       0.056779      -0.013487      -0.189285       0.552154       1.094201       3.128107
        0.426779       0.057028      -0.005989      -0.428310       0.576511       1.120890       3.135604
        0.402599       0.057098      -0.001916       0.095614       0.600691       1.147050       3.139677
        0.378654       0.057102       0.004486      -0.638822       0.624636       1.172654       3.146078
        0.355002       0.056882       0.011328       0.069461       0.648290       1.197679       3.152920
        0.331698       0.056595       0.015109      -0.401832       0.671595       1.222097       3.156700
        0.308800       0.056170       0.020831      -0.092457       0.694497       1.245883       3.162420
        0.286363       0.055625       0.030357      -0.772023       0.716941       1.269010       3.171940
        0.264441       0.054854       0.036153       0.268620       0.738877       1.291454       3.177730
        0.243086       0.054058       0.042566      -0.902102       0.760247       1.313181       3.184133
        0.222349       0.053032       0.053873      -0.166208       0.781009       1.334170       3.195414
        0.202282       0.051898       0.060081      -0.462977       0.801108       1.354389       3.201601
        0.182932       0.050634       0.071344      -0.711208       0.820499       1.373811       3.212816
        0.164345       0.049197       0.082689      -0.501019       0.839141       1.392412       3.224094
        0.146568       0.047652       0.090873      -0.415886       0.856986       1.410159       3.232217
        0.129642       0.046038       0.100920      -0.790546       0.873989       1.427021       3.242172
        0.113608       0.044311       0.115010      -0.977505       0.890116       1.442976       3.256100
        0.098505       0.042462       0.129724      -0.969913       0.905332       1.458000       3.270597
        0.084369       0.040491       0.152368      -2.326605       0.919605       1.472070       3.292798
        0.071234       0.038309       0.178104      -1.527233       0.932920       1.485177       3.317849
        0.059132       0.036008       0.205363      -3.108900       0.945239       1.497292       3.344140
        0.048092       0.033538       0.243556      -3.872556       0.956553       1.508408       3.380497
        0.038140       0.030893       0.291354      -5.938499       0.966851       1.518519       3.425099
        0.029300       0.028026       0.365334     -11.440631       0.976146       1.527640       3.491862
        0.021594       0.024844       0.464423     -14.622126       0.984485       1.535821       3.576376
        0.015040       0.021429       0.588593     -24.783665       0.991879       1.543072       3.673583
        0.009654       0.017811       0.776586     -49.591947       0.998372       1.549439       3.801893
        0.005448       0.013924       1.134575    -143.373698       1.004107       1.555062       3.989953
        0.002433       0.009584       1.886886    -456.454074       1.009404       1.560254       4.225051
        0.000615       0.004882       3.928535   -3211.527958       1.014457       1.565208       4.463135
        0.000000       0.000000   10000.000000   10000.000000       1.019390       1.570044       4.712389
        0.000589      -0.004882      -4.085475    3693.143664       1.024320       1.574876       4.952439
        0.002382      -0.009587      -1.897726     454.475364       1.029367       1.579824       5.197361
        0.005374      -0.013929      -1.143195     148.431499       1.034652       1.585005       5.431073
        0.009559      -0.017820      -0.782745      48.377437       1.040375       1.590615       5.619055
        0.014926      -0.021459      -0.592311      26.523192       1.046864       1.596978       5.748439
        0.021463      -0.024853      -0.457175      16.328671       1.054233       1.604204       5.854381
        0.029152      -0.027966      -0.360851       9.599612       1.062531       1.612343       5.936876
        0.037976      -0.030834      -0.294744       5.813488       1.071811       1.621450       5.996557
        0.047914      -0.033496      -0.242786       4.737386       1.082100       1.631551       6.045007
        0.058941      -0.035969      -0.212381       1.120184       1.093401       1.642654       6.073914
        0.071031      -0.038390      -0.183266       3.485760       1.105731       1.654777       6.101930
        0.084154      -0.040570      -0.154145       1.131271       1.119035       1.667871       6.130244
        0.098279      -0.042644      -0.140087       0.875943       1.133311       1.681942       6.144004
        0.113372      -0.044654      -0.126027       0.980097       1.148538       1.696973       6.157820
        0.129396      -0.046550      -0.110780       0.925707       1.164674       1.712934       6.172855
        0.146313      -0.048288      -0.094485       0.997177       1.181680       1.729796       6.188980
        0.164083      -0.049847      -0.082901       0.337748       1.199518       1.747530       6.200473
        0.182662      -0.051303      -0.072615       0.752321       1.218154       1.766119       6.210698
        0.202005      -0.052587      -0.061150       0.445284       1.237540       1.785529       6.222111
        0.222066      -0.053743      -0.054941       0.183081       1.257634       1.805735       6.228299
        0.242797      -0.054816      -0.047293       0.543958       1.278393       1.826712       6.235928
        0.264147      -0.055711      -0.036932       0.430324       1.299762       1.848428       6.246270
        0.286066      -0.056405      -0.025863       0.576714       1.321692       1.870854       6.257328
        0.308500      -0.056872      -0.017195       0.204637       1.344131       1.893963       6.265992
        0.331396      -0.057210      -0.012276       0.225002       1.367030       1.917731       6.270910
        0.354698      -0.057406      -0.003272       0.543208       1.390333       1.942131       6.279914
        0.378351      -0.057333       0.009390       0.528468       1.413985       1.967137       6.292575
        0.402297      -0.056994       0.017359       0.141897       1.437934       1.992724       6.300543
        0.426478      -0.056489       0.026260       0.590971       1.462121       2.018869       6.309439
        0.450837      -0.055697       0.037764       0.355753       1.486493       2.045550       6.320931
        0.475315      -0.054633       0.050549       0.688523       1.510994       2.072747       6.333691
        0.499853      -0.053186       0.067406       0.686489       1.535575       2.100447       6.350489
        0.524393      -0.051297       0.087650       0.965080       1.560187       2.128640       6.370611
        0.548875      -0.048929       0.103041       0.290887       1.584784       2.157319       6.385864
        0.573239      -0.046237       0.121918       1.265728       1.609297       2.186456       6.404504
        0.597429      -0.043004       0.141728       0.365774       1.633702       2.216073       6.423975
        0.621384      -0.039481       0.153379       0.610374       1.657915       2.246126       6.435378
        0.645047      -0.035697       0.165738       0.432586       1.681879       2.276599       6.447430
        0.668361      -0.031710       0.176622       0.502910       1.705532       2.307473       6.458005
        0.691270      -0.027583       0.181363      -0.100260       1.728809       2.338727       6.462598
        0.713717      -0.023529       0.180140      -0.006765       1.751620       2.370296       6.461414
        0.735650      -0.019569       0.181578       0.141541       1.773906       2.402165       6.462806
        0.757014      -0.015704       0.177987      -0.495715       1.795617       2.434319       6.459328
        0.777757      -0.012130       0.165949      -0.671186       1.816667       2.466693       6.447635
        0.797831      -0.008875       0.161464       0.256064       1.837003       2.499265       6.443267
        0.817187      -0.005805       0.150092      -1.498967       1.856600       2.532057       6.432165
        0.835777      -0.003193       0.135541      -0.003853       1.875373       2.564983       6.417905
        0.853557      -0.000877       0.119274      -1.915921       1.893304       2.598071       6.401898
        0.870485       0.000927       0.097662      -0.568645       1.910328       2.631255       6.380538
        0.886518       0.002345       0.074242      -2.460373       1.926424       2.664553       6.357291
        0.901619       0.003237       0.047514      -0.986275       1.941552       2.697934       6.330664
        0.915752       0.003760       0.022662      -2.644846       1.955695       2.731416       6.305843
        0.928882       0.003818      -0.014762      -3.085961       1.968825       2.764995       6.268425
        0.940977       0.003479      -0.035219      -0.028477       1.980926       2.798690       6.247980
        0.952010       0.003016      -0.056228      -4.177544       1.991968       2.832491       6.227017
        0.961953       0.002299      -0.082351      -0.678400       2.001938       2.866425       6.201019
        0.970783       0.001512      -0.100264      -3.755118       2.010803       2.900466       6.183256
        0.978479       0.000636      -0.126302      -2.844653       2.018549       2.934643       6.157548
        0.985022      -0.000250      -0.144128      -2.504480       2.025152       2.968952       6.140043
        0.990397      -0.001057      -0.154916      -1.176435       2.030587       3.003369       6.129491
        0.994591      -0.001718      -0.160861      -1.763968       2.034832       3.037854       6.123691
        0.997593      -0.002210      -0.167173      -2.592166       2.037875       3.072393       6.117544
        0.999398      -0.002517      -0.173497      -5.356203       2.039705       3.106975       6.111398
        1.000000      -0.002622      -0.180011   10000.000000       2.040317       3.141593       6.105081

 MAPPING ITERATIONS FOR J= 17  Y=  1.659587

   ITS  IERR    SERR       R(C1ERR)    I(C1ERR)
     5    51  -0.0016176  -0.0004243   0.0006744
    10    78  -0.0000212   0.0000063   0.0000008
    15    78   0.0000004   0.0000001  -0.0000021
    17    78   0.0000001   0.0000002  -0.0000021

 CURVE FIT AND S-MU TABLE FOR J=  18  Y=  1.776740  EPS=  0.006117  TE ANG(DEG)=    1.1011

          X              Z             DZ/DX         D2Z/DX2          S              SCOS           MU
        1.000000       0.002618      -0.199639   10000.000000       0.000000       0.000000       2.944544
        0.999398       0.002737      -0.196302      -2.708480       0.000614       0.034685       2.947756
        0.997594       0.003088      -0.193174      -1.258223       0.002452       0.069346       2.950769
        0.994591       0.003663      -0.190096      -0.858757       0.005509       0.103973       2.953738
        0.990398       0.004454      -0.187405      -0.496030       0.009776       0.138557       2.956337
        0.985023       0.005448      -0.181674      -1.412329       0.015242       0.173082       2.961879
        0.978481       0.006607      -0.172787      -1.302667       0.021886       0.207518       2.970495
        0.970786       0.007927      -0.173411       1.108885       0.029693       0.241868       2.969890
        0.961958       0.009454      -0.168023      -1.938229       0.038652       0.276160       2.975125
        0.952017       0.011080      -0.163543       0.743542       0.048725       0.310322       2.979485
        0.940988       0.012875      -0.157750      -1.566914       0.059899       0.344391       2.985132
        0.928897       0.014728      -0.153068       0.605704       0.072132       0.378311       2.989704
        0.915773       0.016744      -0.151193      -0.783343       0.085410       0.412121       2.991536
        0.901647       0.018819      -0.143571      -0.326828       0.099687       0.445773       2.998996
        0.886554       0.020980      -0.144654       0.423420       0.114934       0.479270       2.997935
        0.870531       0.023281      -0.138477      -1.107232       0.131122       0.512620       3.003991
        0.853615       0.025547      -0.133928       0.487363       0.148189       0.545762       3.008457
        0.835847       0.027933      -0.130964      -0.762545       0.166116       0.578730       3.011370
        0.817270       0.030289      -0.125499       0.136060       0.184842       0.611476       3.016746
        0.797930       0.032699      -0.121595      -0.514960       0.204332       0.644008       3.020592
        0.777871       0.035072      -0.116745       0.012934       0.224530       0.676298       3.025374
        0.757144       0.037457      -0.111776      -0.477260       0.245395       0.708341       3.030278
        0.735797       0.039763      -0.105550      -0.116409       0.266866       0.740110       3.036432
        0.713881       0.042021      -0.099277      -0.448225       0.288897       0.771598       3.042640
        0.691451       0.044162      -0.092774      -0.138673       0.311430       0.802781       3.049083
        0.668560       0.046243      -0.088764      -0.210572       0.334416       0.833652       3.053061
        0.645262       0.048213      -0.078680      -0.648631       0.357796       0.864190       3.063075
        0.621614       0.049944      -0.069763      -0.113330       0.381508       0.894367       3.071943
        0.597673       0.051532      -0.060874      -0.624185       0.405501       0.924177       3.080794
        0.573497       0.052863      -0.050950      -0.201020       0.429715       0.953594       3.090687
        0.549143       0.054023      -0.043493      -0.410586       0.454096       0.982608       3.098127
        0.524670       0.054972      -0.034390      -0.334219       0.478587       1.011197       3.107217
        0.500138       0.055721      -0.026853      -0.280816       0.503130       1.039343       3.114747
        0.475606       0.056292      -0.019592      -0.311604       0.527669       1.067025       3.122003
        0.451132       0.056691      -0.013466      -0.188992       0.552147       1.094223       3.128128
        0.426776       0.056939      -0.005980      -0.427647       0.576504       1.120914       3.135613
        0.402596       0.057009      -0.001913       0.095466       0.600684       1.147074       3.139679
        0.378652       0.057013       0.004479      -0.637834       0.624629       1.172679       3.146071
        0.354999       0.056794       0.011310       0.069354       0.648283       1.197705       3.152902
        0.331696       0.056508       0.015085      -0.401211       0.671588       1.222124       3.156677
        0.308798       0.056083       0.020798      -0.092314       0.694489       1.245911       3.162388
        0.286361       0.055538       0.030310      -0.770831       0.716933       1.269039       3.171893
        0.264438       0.054769       0.036097       0.268205       0.738869       1.291484       3.177674
        0.243083       0.053974       0.042500      -0.900710       0.760239       1.313211       3.184067
        0.222347       0.052949       0.053790      -0.165952       0.781001       1.334201       3.195330
        0.202279       0.051818       0.059987      -0.462263       0.801100       1.354421       3.201508
        0.182929       0.050556       0.071234      -0.710111       0.820491       1.373844       3.212707
        0.164343       0.049121       0.082561      -0.500247       0.839133       1.392445       3.223967
        0.146566       0.047578       0.090733      -0.415245       0.856977       1.410192       3.232078
        0.129639       0.045966       0.100764      -0.789329       0.873980       1.427055       3.242017
        0.113606       0.044242       0.114833      -0.976002       0.890107       1.443010       3.255924
        0.098503       0.042396       0.129524      -0.968422       0.905322       1.458034       3.270399
        0.084367       0.040428       0.152133      -2.323035       0.919595       1.472104       3.292568
        0.071232       0.038250       0.177829      -1.524895       0.932909       1.485212       3.317582
        0.059130       0.035952       0.205046      -3.104151       0.945228       1.497326       3.343836
        0.048090       0.033486       0.243180      -3.866662       0.956540       1.508442       3.380143
        0.038138       0.030845       0.290906      -5.929494       0.966837       1.518552       3.424685
        0.029299       0.027982       0.364773     -11.423432       0.976130       1.527672       3.491367
        0.021593       0.024806       0.463711     -14.600267       0.984468       1.535852       3.575790
        0.015039       0.021396       0.587696     -24.747854       0.991859       1.543101       3.672916
        0.009653       0.017783       0.775406     -49.517708       0.998349       1.549465       3.801156
        0.005447       0.013902       1.132899    -143.197970       1.004080       1.555084       3.989219
        0.002432       0.009570       1.884040    -455.710662       1.009370       1.560270       4.224426
        0.000615       0.004874       3.924175   -3211.872216       1.014417       1.565218       4.462869
        0.000000       0.000000   10000.000000   10000.000000       1.019343       1.570046       4.712389
        0.000590      -0.004875      -4.077111    3681.095644       1.024265       1.574872       4.952913
        0.002383      -0.009572      -1.894634     453.782100       1.029306       1.579813       5.198033
        0.005375      -0.013907      -1.141297     148.141029       1.034585       1.584989       5.431896
        0.009561      -0.017793      -0.781483      48.296943       1.040305       1.590596       5.619837
        0.014928      -0.021426      -0.591360      26.477620       1.046791       1.596956       5.749143
        0.021464      -0.024815      -0.456446      16.301533       1.054157       1.604180       5.854984
        0.029154      -0.027922      -0.360279       9.583776       1.062453       1.612319       5.937383
        0.037979      -0.030786      -0.294278       5.803999       1.071732       1.621425       5.996986
        0.047917      -0.033444      -0.242403       4.729701       1.082020       1.631526       6.045369
        0.058944      -0.035914      -0.212047       1.118382       1.093321       1.642628       6.074234
        0.071034      -0.038330      -0.182978       3.480150       1.105650       1.654751       6.102209
        0.084157      -0.040507      -0.153903       1.129463       1.118954       1.667846       6.130481
        0.098283      -0.042578      -0.139867       0.874545       1.133230       1.681918       6.144220
        0.113376      -0.044585      -0.125829       0.978534       1.148456       1.696949       6.158014
        0.129400      -0.046478      -0.110607       0.924234       1.164592       1.712911       6.173026
        0.146318      -0.048213      -0.094338       0.995594       1.181599       1.729773       6.189126
        0.164087      -0.049769      -0.082771       0.337213       1.199436       1.747508       6.200602
        0.182666      -0.051224      -0.072501       0.751132       1.218072       1.766098       6.210811
        0.202010      -0.052506      -0.061055       0.444582       1.237458       1.785508       6.222206
        0.222071      -0.053660      -0.054855       0.182793       1.257553       1.805716       6.228385
        0.242802      -0.054731      -0.047219       0.543102       1.278311       1.826694       6.236001
        0.264152      -0.055624      -0.036874       0.429649       1.299681       1.848411       6.246328
        0.286071      -0.056317      -0.025823       0.575811       1.321610       1.870838       6.257368
        0.308506      -0.056784      -0.017168       0.204318       1.344050       1.893948       6.266019
        0.331402      -0.057121      -0.012256       0.224650       1.366948       1.917717       6.270929
        0.354704      -0.057317      -0.003266       0.542362       1.390251       1.942118       6.279919
        0.378356      -0.057244       0.009376       0.527648       1.413904       1.967125       6.292561
        0.402302      -0.056905       0.017332       0.141677       1.437853       1.992714       6.300516
        0.426484      -0.056401       0.026219       0.590057       1.462039       2.018859       6.309398
        0.450843      -0.055611       0.037705       0.355205       1.486411       2.045542       6.320873
        0.475321      -0.054548       0.050471       0.687465       1.510912       2.072740       6.333613
        0.499859      -0.053103       0.067301       0.685438       1.535493       2.100441       6.350385
        0.524398      -0.051217       0.087514       0.963611       1.560105       2.128634       6.370477
        0.548879      -0.048853       0.102882       0.290444       1.584701       2.157314       6.385707
        0.573244      -0.046165       0.121730       1.263814       1.609213       2.186451       6.404319
        0.597433      -0.042937       0.141510       0.365223       1.633617       2.216069       6.423762
        0.621388      -0.039420       0.153143       0.609455       1.657829       2.246121       6.435148
        0.645050      -0.035642       0.165484       0.431935       1.681792       2.276594       6.447183
        0.668364      -0.031660       0.176351       0.502154       1.705443       2.307468       6.457742
        0.691272      -0.027540       0.181084      -0.100113       1.728719       2.338720       6.462328
        0.713719      -0.023493       0.179864      -0.006758       1.751528       2.370289       6.461146
        0.735651      -0.019538       0.181299       0.141325       1.773813       2.402157       6.462536
        0.757015      -0.015679       0.177714      -0.494975       1.795523       2.434310       6.459063
        0.777758      -0.012111       0.165693      -0.670177       1.816571       2.466684       6.447387
        0.797832      -0.008861       0.161215       0.255675       1.836906       2.499255       6.443025
        0.817187      -0.005796       0.149861      -1.496702       1.856502       2.532047       6.431939
        0.835777      -0.003188       0.135332      -0.003848       1.875274       2.564973       6.417700
        0.853557      -0.000876       0.119090      -1.913006       1.893205       2.598060       6.401717
        0.870484       0.000925       0.097511      -0.567776       1.910228       2.631244       6.380389
        0.886518       0.002342       0.074127      -2.456599       1.926324       2.664543       6.357177
        0.901619       0.003232       0.047440      -0.984753       1.941452       2.697924       6.330590
        0.915751       0.003754       0.022627      -2.640755       1.955594       2.731407       6.305808
        0.928881       0.003812      -0.014739      -3.081150       1.968725       2.764987       6.268448
        0.940977       0.003473      -0.035165      -0.028433       1.980825       2.798683       6.248035
        0.952009       0.003011      -0.056140      -4.170988       1.991868       2.832485       6.227104
        0.961953       0.002295      -0.082223      -0.677325       2.001837       2.866420       6.201147
        0.970783       0.001510      -0.100107      -3.749179       2.010702       2.900462       6.183411
        0.978479       0.000635      -0.126105      -2.840125       2.018448       2.934640       6.157743
        0.985022      -0.000250      -0.143902      -2.500481       2.025051       2.968950       6.140265
        0.990397      -0.001055      -0.154673      -1.174548       2.030486       3.003367       6.129728
        0.994591      -0.001715      -0.160609      -1.761141       2.034731       3.037853       6.123937
        0.997593      -0.002206      -0.166911      -2.588005       2.037774       3.072392       6.117799
        0.999398      -0.002513      -0.173224      -5.347602       2.039604       3.106975       6.111663
        1.000000      -0.002618      -0.179728   10000.000000       2.040215       3.141593       6.105355

 MAPPING ITERATIONS FOR J= 18  Y=  1.776740

   ITS  IERR    SERR       R(C1ERR)    I(C1ERR)
     5    51  -0.0016155  -0.0004230   0.0006764
    10    78  -0.0000211   0.0000063   0.0000008
    15    78   0.0000004   0.0000001  -0.0000022
    17    78   0.0000001   0.0000002  -0.0000021

 CURVE FIT AND S-MU TABLE FOR J=  19  Y=  1.891726  EPS=  0.006110  TE ANG(DEG)=    1.0998

          X              Z             DZ/DX         D2Z/DX2          S              SCOS           MU
        1.000000       0.002615      -0.199382   10000.000000       0.000000       0.000000       2.944792
        0.999398       0.002734      -0.196049      -2.704855       0.000614       0.034685       2.947999
        0.997594       0.003084      -0.192925      -1.256537       0.002452       0.069347       2.951009
        0.994591       0.003659      -0.189851      -0.857605       0.005509       0.103974       2.953975
        0.990397       0.004449      -0.187164      -0.495363       0.009776       0.138558       2.956570
        0.985023       0.005441      -0.181440      -1.410445       0.015241       0.173084       2.962105
        0.978480       0.006599      -0.172565      -1.300935       0.021886       0.207520       2.970711
        0.970786       0.007917      -0.173188       1.107423       0.029692       0.241871       2.970106
        0.961957       0.009442      -0.167807      -1.935661       0.038652       0.276163       2.975334
        0.952016       0.011066      -0.163333       0.742565       0.048724       0.310326       2.979689
        0.940987       0.012859      -0.157548      -1.564844       0.059898       0.344395       2.985329
        0.928895       0.014709      -0.152872       0.604911       0.072131       0.378316       2.989895
        0.915771       0.016723      -0.150999      -0.782310       0.085409       0.412126       2.991726
        0.901645       0.018795      -0.143388      -0.326396       0.099686       0.445778       2.999176
        0.886552       0.020953      -0.144469       0.422870       0.114932       0.479277       2.998116
        0.870529       0.023251      -0.138300      -1.105782       0.131120       0.512626       3.004165
        0.853612       0.025514      -0.133757       0.486730       0.148187       0.545770       3.008625
        0.835844       0.027898      -0.130797      -0.761549       0.166114       0.578738       3.011534
        0.817267       0.030251      -0.125339       0.135886       0.184840       0.611485       3.016904
        0.797926       0.032658      -0.121440      -0.514289       0.204330       0.644018       3.020745
        0.777868       0.035027      -0.116596       0.012920       0.224528       0.676308       3.025521
        0.757140       0.037410      -0.111634      -0.476641       0.245392       0.708352       3.030419
        0.735793       0.039713      -0.105416      -0.116256       0.266863       0.740122       3.036565
        0.713877       0.041968      -0.099151      -0.447646       0.288894       0.771610       3.042765
        0.691447       0.044106      -0.092657      -0.138494       0.311427       0.802794       3.049200
        0.668555       0.046185      -0.088651      -0.210300       0.334413       0.833666       3.053172
        0.645257       0.048152      -0.078580      -0.647799       0.357793       0.864205       3.063174
        0.621609       0.049880      -0.069674      -0.113185       0.381505       0.894383       3.072031
        0.597668       0.051467      -0.060797      -0.623388       0.405498       0.924193       3.080871
        0.573492       0.052796      -0.050885      -0.200764       0.429711       0.953611       3.090751
        0.549138       0.053955      -0.043438      -0.410064       0.454093       0.982626       3.098182
        0.524665       0.054903      -0.034346      -0.333795       0.478584       1.011216       3.107260
        0.500133       0.055651      -0.026819      -0.280461       0.503127       1.039362       3.114780
        0.475601       0.056221      -0.019567      -0.311210       0.527666       1.067045       3.122028
        0.451127       0.056619      -0.013449      -0.188753       0.552143       1.094244       3.128145
        0.426771       0.056867      -0.005972      -0.427108       0.576501       1.120936       3.135620
        0.402591       0.056937      -0.001911       0.095346       0.600681       1.147096       3.139682
        0.378647       0.056941       0.004473      -0.637032       0.624625       1.172702       3.146066
        0.354994       0.056722       0.011296       0.069267       0.648279       1.197729       3.152888
        0.331691       0.056436       0.015066      -0.400708       0.671584       1.222149       3.156658
        0.308793       0.056012       0.020772      -0.092198       0.694486       1.245937       3.162362
        0.286356       0.055468       0.030271      -0.769866       0.716930       1.269065       3.171855
        0.264433       0.054700       0.036051       0.267870       0.738866       1.291511       3.177628
        0.243078       0.053906       0.042446      -0.899584       0.760235       1.313238       3.184013
        0.222342       0.052882       0.053722      -0.165745       0.780997       1.334229       3.195263
        0.202275       0.051752       0.059912      -0.461686       0.801096       1.354449       3.201433
        0.182925       0.050492       0.071145      -0.709228       0.820487       1.373872       3.212618
        0.164339       0.049059       0.082458      -0.499626       0.839128       1.392474       3.223864
        0.146561       0.047518       0.090619      -0.414730       0.856973       1.410221       3.231965
        0.129635       0.045908       0.100637      -0.788351       0.873975       1.427084       3.241892
        0.113602       0.044186       0.114689      -0.974797       0.890101       1.443040       3.255782
        0.098499       0.042343       0.129362      -0.967229       0.905316       1.458064       3.270240
        0.084363       0.040377       0.151943      -2.320186       0.919588       1.472134       3.292382
        0.071229       0.038201       0.177607      -1.523036       0.932902       1.485242       3.317367
        0.059127       0.035907       0.204791      -3.100385       0.945220       1.497356       3.343591
        0.048087       0.033443       0.242878      -3.862012       0.956532       1.508471       3.379857
        0.038135       0.030806       0.290545      -5.922425       0.966828       1.518581       3.424353
        0.029296       0.027947       0.364323     -11.410083       0.976119       1.527700       3.490970
        0.021591       0.024774       0.463143     -14.583424       0.984455       1.535878       3.575323
        0.015037       0.021369       0.586985     -24.721277       0.991844       1.543125       3.672387
        0.009651       0.017761       0.774473     -49.460606       0.998331       1.549486       3.800573
        0.005446       0.013884       1.131615    -143.094096       1.004058       1.555102       3.988657
        0.002431       0.009557       1.881817    -455.094478       1.009344       1.560285       4.223937
        0.000614       0.004868       3.921986   -3216.226002       1.014385       1.565227       4.462735
        0.000000       0.000000   10000.000000   10000.000000       1.019305       1.570049       4.712389
        0.000590      -0.004868      -4.068883    3666.752401       1.024221       1.574869       4.953380
        0.002384      -0.009560      -1.892041     453.241906       1.029256       1.579805       5.198599
        0.005377      -0.013890      -1.139679     147.864971       1.034532       1.584977       5.432599
        0.009563      -0.017770      -0.780434      48.228776       1.040248       1.590582       5.620489
        0.014930      -0.021399      -0.590570      26.437995       1.046732       1.596940       5.749728
        0.021467      -0.024783      -0.455845      16.278542       1.054096       1.604162       5.855481
        0.029157      -0.027887      -0.359807       9.570425       1.062391       1.612300       5.937800
        0.037982      -0.030747      -0.293896       5.796061       1.071669       1.621406       5.997338
        0.047921      -0.033402      -0.242089       4.723304       1.081957       1.631507       6.045666
        0.058948      -0.035868      -0.211773       1.116885       1.093258       1.642609       6.074496
        0.071038      -0.038282      -0.182742       3.475508       1.105587       1.654732       6.102438
        0.084162      -0.040456      -0.153705       1.127972       1.118890       1.667828       6.130674
        0.098288      -0.042524      -0.139687       0.873392       1.133166       1.681899       6.144396
        0.113381      -0.044528      -0.125668       0.977249       1.148392       1.696932       6.158173
        0.129406      -0.046419      -0.110465       0.923024       1.164528       1.712894       6.173166
        0.146324      -0.048152      -0.094217       0.994297       1.181535       1.729756       6.189246
        0.164093      -0.049706      -0.082666       0.336776       1.199372       1.747493       6.200707
        0.182672      -0.051159      -0.072409       0.750159       1.218008       1.766083       6.210903
        0.202016      -0.052439      -0.060977       0.444008       1.237394       1.785494       6.222284
        0.222078      -0.053592      -0.054786       0.182557       1.257489       1.805702       6.228454
        0.242809      -0.054661      -0.047159       0.542404       1.278248       1.826682       6.236061
        0.264159      -0.055554      -0.036828       0.429098       1.299617       1.848399       6.246374
        0.286078      -0.056246      -0.025790       0.575076       1.321547       1.870827       6.257401
        0.308513      -0.056712      -0.017146       0.204058       1.343987       1.893939       6.266040
        0.331409      -0.057049      -0.012241       0.224365       1.366885       1.917709       6.270945
        0.354711      -0.057244      -0.003262       0.541675       1.390188       1.942111       6.279923
        0.378364      -0.057171       0.009364       0.526983       1.413841       1.967118       6.292549
        0.402310      -0.056834       0.017311       0.141499       1.437789       1.992708       6.300494
        0.426491      -0.056329       0.026186       0.589317       1.461976       2.018854       6.309365
        0.450850      -0.055540       0.037658       0.354761       1.486348       2.045538       6.320825
        0.475327      -0.054479       0.050407       0.686610       1.510849       2.072736       6.333550
        0.499865      -0.053036       0.067217       0.684591       1.535429       2.100438       6.350301
        0.524404      -0.051153       0.087405       0.962429       1.560041       2.128632       6.370368
        0.548885      -0.048791       0.102754       0.290089       1.584636       2.157312       6.385580
        0.573249      -0.046107       0.121578       1.262280       1.609147       2.186450       6.404170
        0.597438      -0.042883       0.141333       0.364782       1.633550       2.216068       6.423589
        0.621392      -0.039370       0.152952       0.608721       1.657761       2.246120       6.434961
        0.645055      -0.035597       0.165278       0.431417       1.681722       2.276592       6.446983
        0.668368      -0.031620       0.176133       0.501552       1.705372       2.307465       6.457530
        0.691275      -0.027505       0.180860      -0.099997       1.728647       2.338717       6.462111
        0.713722      -0.023463       0.179641      -0.006753       1.751454       2.370285       6.460930
        0.735653      -0.019514       0.181074       0.141153       1.773738       2.402152       6.462319
        0.757016      -0.015659       0.177493      -0.494385       1.795446       2.434304       6.458849
        0.777759      -0.012096       0.165487      -0.669372       1.816493       2.466677       6.447186
        0.797832      -0.008850       0.161015       0.255364       1.836827       2.499248       6.442830
        0.817187      -0.005789       0.149674      -1.494893       1.856423       2.532039       6.431757
        0.835777      -0.003184       0.135163      -0.003845       1.875194       2.564964       6.417534
        0.853557      -0.000875       0.118941      -1.910670       1.893124       2.598051       6.401570
        0.870484       0.000924       0.097389      -0.567079       1.910146       2.631235       6.380268
        0.886517       0.002339       0.074034      -2.453559       1.926242       2.664534       6.357085
        0.901618       0.003227       0.047381      -0.983523       1.941370       2.697915       6.330531
        0.915751       0.003749       0.022598      -2.637443       1.955512       2.731399       6.305780
        0.928880       0.003807      -0.014720      -3.077234       1.968643       2.764980       6.268466
        0.940976       0.003469      -0.035120      -0.028398       1.980743       2.798677       6.248080
        0.952009       0.003008      -0.056069      -4.165632       1.991786       2.832480       6.227175
        0.961952       0.002292      -0.082118      -0.676443       2.001755       2.866415       6.201251
        0.970782       0.001508      -0.099979      -3.744307       2.010621       2.900459       6.183537
        0.978478       0.000634      -0.125943      -2.836397       2.018366       2.934637       6.157902
        0.985022      -0.000249      -0.143717      -2.497185       2.024969       2.968947       6.140445
        0.990397      -0.001054      -0.154475      -1.172991       2.030404       3.003365       6.129922
        0.994591      -0.001713      -0.160402      -1.758807       2.034649       3.037852       6.124138
        0.997593      -0.002204      -0.166697      -2.584569       2.037692       3.072391       6.118008
        0.999398      -0.002509      -0.173002      -5.340492       2.039522       3.106975       6.111879
        1.000000      -0.002615      -0.179497   10000.000000       2.040133       3.141593       6.105579

 MAPPING ITERATIONS FOR J= 19  Y=  1.891726

   ITS  IERR    SERR       R(C1ERR)    I(C1ERR)
     5    51  -0.0016139  -0.0004220   0.0006781
    10    78  -0.0000210   0.0000062   0.0000007
    15    78   0.0000004   0.0000001  -0.0000023
    17    78   0.0000001   0.0000002  -0.0000022

 CURVE FIT AND S-MU TABLE FOR J=  20  Y=  2.007017  EPS=  0.006104  TE ANG(DEG)=    1.0987

          X              Z             DZ/DX         D2Z/DX2          S              SCOS           MU
        1.000000       0.002612      -0.199164   10000.000000       0.000000       0.000000       2.945001
        0.999398       0.002731      -0.195834      -2.701734       0.000614       0.034686       2.948206
        0.997594       0.003081      -0.192714      -1.255086       0.002452       0.069348       2.951212
        0.994591       0.003655      -0.189644      -0.856616       0.005509       0.103975       2.954175
        0.990397       0.004444      -0.186959      -0.494790       0.009776       0.138560       2.956767
        0.985023       0.005435      -0.181242      -1.408826       0.015241       0.173086       2.962297
        0.978480       0.006592      -0.172377      -1.299449       0.021885       0.207522       2.970893
        0.970785       0.007909      -0.172999       1.106167       0.029692       0.241874       2.970289
        0.961956       0.009432      -0.167625      -1.933457       0.038651       0.276166       2.975512
        0.952015       0.011054      -0.163156       0.741727       0.048724       0.310330       2.979862
        0.940986       0.012845      -0.157377      -1.563071       0.059898       0.344400       2.985496
        0.928894       0.014694      -0.152706       0.604231       0.072130       0.378321       2.990057
        0.915769       0.016706      -0.150835      -0.781425       0.085408       0.412132       2.991886
        0.901643       0.018775      -0.143232      -0.326027       0.099685       0.445785       2.999328
        0.886550       0.020931      -0.144313       0.422399       0.114932       0.479284       2.998269
        0.870526       0.023227      -0.138150      -1.104541       0.131120       0.512634       3.004312
        0.853609       0.025487      -0.133612       0.486189       0.148187       0.545778       3.008767
        0.835841       0.027868      -0.130656      -0.760697       0.166114       0.578747       3.011673
        0.817263       0.030219      -0.125204       0.135737       0.184839       0.611494       3.017037
        0.797922       0.032623      -0.121309      -0.513716       0.204329       0.644028       3.020874
        0.777863       0.034990      -0.116470       0.012907       0.224527       0.676319       3.025645
        0.757135       0.037370      -0.111514      -0.476112       0.245392       0.708364       3.030537
        0.735787       0.039671      -0.105303      -0.116127       0.266863       0.740134       3.036677
        0.713872       0.041923      -0.099044      -0.447153       0.288894       0.771623       3.042870
        0.691441       0.044059      -0.092557      -0.138341       0.311426       0.802808       3.049298
        0.668549       0.046135      -0.088556      -0.210068       0.334412       0.833680       3.053267
        0.645251       0.048101      -0.078496      -0.647093       0.357793       0.864220       3.063258
        0.621603       0.049827      -0.069600      -0.113061       0.381504       0.894398       3.072105
        0.597662       0.051412      -0.060732      -0.622713       0.405498       0.924210       3.080935
        0.573485       0.052740      -0.050831      -0.200547       0.429711       0.953629       3.090805
        0.549131       0.053898      -0.043391      -0.409623       0.454093       0.982644       3.098228
        0.524658       0.054845      -0.034310      -0.333437       0.478584       1.011234       3.107296
        0.500126       0.055591      -0.026790      -0.280161       0.503127       1.039381       3.114809
        0.475594       0.056161      -0.019547      -0.310878       0.527666       1.067065       3.122049
        0.451120       0.056559      -0.013435      -0.188552       0.552143       1.094265       3.128159
        0.426764       0.056807      -0.005966      -0.426654       0.576501       1.120957       3.135627
        0.402584       0.056877      -0.001909       0.095245       0.600681       1.147118       3.139684
        0.378640       0.056881       0.004468      -0.636357       0.624625       1.172725       3.146061
        0.354987       0.056662       0.011284       0.069193       0.648279       1.197752       3.152876
        0.331684       0.056376       0.015050      -0.400285       0.671584       1.222172       3.156642
        0.308786       0.055953       0.020750      -0.092101       0.694486       1.245961       3.162340
        0.286349       0.055409       0.030239      -0.769057       0.716929       1.269090       3.171823
        0.264427       0.054642       0.036013       0.267589       0.738865       1.291536       3.177590
        0.243072       0.053849       0.042401      -0.898643       0.760235       1.313264       3.183969
        0.222336       0.052826       0.053665      -0.165572       0.780996       1.334255       3.195206
        0.202269       0.051697       0.059849      -0.461206       0.801095       1.354476       3.201370
        0.182919       0.050438       0.071070      -0.708492       0.820486       1.373899       3.212543
        0.164333       0.049006       0.082371      -0.499110       0.839127       1.392501       3.223778
        0.146556       0.047467       0.090524      -0.414303       0.856971       1.410248       3.231870
        0.129630       0.045859       0.100532      -0.787541       0.873973       1.427111       3.241788
        0.113596       0.044139       0.114568      -0.973800       0.890099       1.443067       3.255664
        0.098494       0.042298       0.129226      -0.966245       0.905313       1.458092       3.270107
        0.084358       0.040334       0.151784      -2.317843       0.919585       1.472162       3.292227
        0.071224       0.038161       0.177422      -1.521513       0.932898       1.485269       3.317188
        0.059122       0.035869       0.204578      -3.097312       0.945215       1.497382       3.343386
        0.048083       0.033408       0.242627      -3.858242       0.956526       1.508497       3.379620
        0.038132       0.030773       0.290246      -5.916730       0.966821       1.518606       3.424077
        0.029293       0.027917       0.363952     -11.399487       0.976111       1.527725       3.490642
        0.021587       0.024748       0.462676     -14.570185       0.984445       1.535901       3.574938
        0.015034       0.021346       0.586405     -24.701468       0.991832       1.543146       3.671956
        0.009649       0.017742       0.773715     -49.415821       0.998317       1.549506       3.800099
        0.005444       0.013870       1.130613    -143.046007       1.004041       1.555119       3.988217
        0.002430       0.009547       1.880036    -454.563565       1.009323       1.560297       4.223545
        0.000614       0.004863       3.921514   -3224.014301       1.014359       1.565235       4.462707
        0.000000       0.000000   10000.000000   10000.000000       1.019273       1.570052       4.712389
        0.000591      -0.004863      -4.060524    3650.124751       1.024184       1.574867       4.953857
        0.002385      -0.009550      -1.889780     452.810318       1.029215       1.579799       5.199093
        0.005379      -0.013875      -1.138242     147.592505       1.034487       1.584968       5.433225
        0.009565      -0.017751      -0.779526      48.168651       1.040201       1.590570       5.621054
        0.014933      -0.021376      -0.589890      26.402053       1.046683       1.596927       5.750233
        0.021471      -0.024757      -0.455330      16.258257       1.054046       1.604149       5.855908
        0.029161      -0.027857      -0.359405       9.558708       1.062341       1.612286       5.938156
        0.037987      -0.030715      -0.293570       5.789156       1.071618       1.621391       5.997638
        0.047925      -0.033366      -0.241823       4.717769       1.081906       1.631492       6.045917
        0.058953      -0.035830      -0.211541       1.115594       1.093206       1.642595       6.074718
        0.071044      -0.038241      -0.182543       3.471520       1.105535       1.654718       6.102631
        0.084168      -0.040413      -0.153538       1.126695       1.118838       1.667814       6.130837
        0.098294      -0.042478      -0.139536       0.872407       1.133114       1.681886       6.144545
        0.113388      -0.044481      -0.125531       0.976152       1.148340       1.696919       6.158307
        0.129413      -0.046370      -0.110346       0.921994       1.164477       1.712882       6.173284
        0.146331      -0.048101      -0.094115       0.993195       1.181483       1.729745       6.189346
        0.164101      -0.049654      -0.082577       0.336404       1.199321       1.747482       6.200796
        0.182680      -0.051104      -0.072331       0.749334       1.217957       1.766073       6.210980
        0.202024      -0.052384      -0.060912       0.443523       1.237343       1.785485       6.222349
        0.222086      -0.053535      -0.054727       0.182358       1.257438       1.805694       6.228513
        0.242817      -0.054603      -0.047108       0.541814       1.278197       1.826674       6.236112
        0.264168      -0.055495      -0.036788       0.428633       1.299566       1.848392       6.246414
        0.286087      -0.056186      -0.025762       0.574456       1.321496       1.870821       6.257429
        0.308522      -0.056652      -0.017128       0.203839       1.343936       1.893933       6.266059
        0.331418      -0.056989      -0.012228       0.224124       1.366834       1.917704       6.270958
        0.354720      -0.057183      -0.003259       0.541097       1.390138       1.942107       6.279926
        0.378372      -0.057111       0.009354       0.526424       1.413790       1.967115       6.292539
        0.402318      -0.056773       0.017292       0.141349       1.437739       1.992706       6.300476
        0.426499      -0.056270       0.026158       0.588698       1.461925       2.018853       6.309337
        0.450858      -0.055481       0.037618       0.354390       1.486297       2.045537       6.320785
        0.475336      -0.054421       0.050354       0.685897       1.510798       2.072736       6.333497
        0.499873      -0.052979       0.067146       0.683885       1.535378       2.100439       6.350231
        0.524412      -0.051098       0.087313       0.961447       1.559989       2.128633       6.370277
        0.548893      -0.048740       0.102646       0.289794       1.584583       2.157314       6.385473
        0.573256      -0.046058       0.121451       1.261012       1.609094       2.186451       6.404045
        0.597444      -0.042838       0.141186       0.364420       1.633496       2.216069       6.423445
        0.621398      -0.039328       0.152794       0.608117       1.657706       2.246120       6.434806
        0.645060      -0.035559       0.165107       0.430991       1.681666       2.276592       6.446816
        0.668372      -0.031587       0.175950       0.501059       1.705314       2.307465       6.457353
        0.691279      -0.027476       0.180673      -0.099901       1.728587       2.338716       6.461930
        0.713725      -0.023438       0.179454      -0.006748       1.751394       2.370283       6.460750
        0.735656      -0.019493       0.180887       0.141013       1.773676       2.402149       6.462137
        0.757018      -0.015643       0.177309      -0.493902       1.795383       2.434300       6.458671
        0.777761      -0.012083       0.165316      -0.668712       1.816429       2.466672       6.447019
        0.797833      -0.008840       0.160847       0.255109       1.836762       2.499242       6.442667
        0.817188      -0.005782       0.149518      -1.493403       1.856356       2.532032       6.431604
        0.835777      -0.003181       0.135022      -0.003842       1.875127       2.564957       6.417396
        0.853557      -0.000874       0.118817      -1.908740       1.893056       2.598043       6.401447
        0.870483       0.000923       0.097286      -0.566500       1.910078       2.631227       6.380166
        0.886517       0.002336       0.073956      -2.451031       1.926173       2.664526       6.357007
        0.901617       0.003224       0.047331      -0.982496       1.941301       2.697908       6.330481
        0.915750       0.003745       0.022574      -2.634670       1.955443       2.731391       6.305756
        0.928879       0.003803      -0.014704      -3.073937       1.968574       2.764973       6.268482
        0.940975       0.003465      -0.035082      -0.028369       1.980674       2.798671       6.248117
        0.952008       0.003004      -0.056009      -4.161100       1.991717       2.832474       6.227235
        0.961951       0.002290      -0.082030      -0.675693       2.001686       2.866410       6.201339
        0.970782       0.001506      -0.099871      -3.740163       2.010552       2.900455       6.183644
        0.978478       0.000633      -0.125807      -2.833214       2.018297       2.934634       6.158036
        0.985021      -0.000249      -0.143561      -2.494367       2.024900       2.968945       6.140598
        0.990396      -0.001053      -0.154307      -1.171658       2.030335       3.003363       6.130086
        0.994590      -0.001711      -0.160228      -1.756807       2.034580       3.037850       6.124308
        0.997593      -0.002201      -0.166515      -2.581622       2.037623       3.072390       6.118184
        0.999398      -0.002507      -0.172813      -5.334390       2.039453       3.106974       6.112062
        1.000000      -0.002612      -0.179302   10000.000000       2.040064       3.141593       6.105769

 MAPPING ITERATIONS FOR J= 20  Y=  2.007017

   ITS  IERR    SERR       R(C1ERR)    I(C1ERR)
     5    51  -0.0016126  -0.0004211   0.0006795
    10    78  -0.0000209   0.0000062   0.0000006
    15    78   0.0000004   0.0000001  -0.0000024
    17    78   0.0000001   0.0000001  -0.0000023

 CURVE FIT AND S-MU TABLE FOR J=  21  Y=  2.123979  EPS=  0.006098  TE ANG(DEG)=    1.0976

          X              Z             DZ/DX         D2Z/DX2          S              SCOS           MU
        1.000000       0.002610      -0.198975   10000.000000       0.000000       0.000000       2.945183
        0.999398       0.002728      -0.195649      -2.698978       0.000614       0.034686       2.948384
        0.997593       0.003078      -0.192532      -1.253807       0.002452       0.069349       2.951388
        0.994591       0.003651      -0.189464      -0.855743       0.005509       0.103977       2.954348
        0.990397       0.004440      -0.186782      -0.494284       0.009776       0.138562       2.956938
        0.985022       0.005430      -0.181071      -1.407400       0.015241       0.173089       2.962463
        0.978479       0.006586      -0.172214      -1.298141       0.021885       0.207526       2.971051
        0.970784       0.007902      -0.172836       1.105062       0.029692       0.241878       2.970447
        0.961955       0.009423      -0.167467      -1.931519       0.038651       0.276171       2.975666
        0.952014       0.011044      -0.163002       0.740990       0.048724       0.310335       2.980012
        0.940984       0.012834      -0.157229      -1.561513       0.059898       0.344405       2.985640
        0.928892       0.014680      -0.152562       0.603633       0.072131       0.378327       2.990198
        0.915767       0.016690      -0.150694      -0.780648       0.085409       0.412139       2.992024
        0.901640       0.018758      -0.143098      -0.325704       0.099686       0.445792       2.999460
        0.886546       0.020912      -0.144178       0.421986       0.114932       0.479292       2.998402
        0.870522       0.023205      -0.138021      -1.103454       0.131120       0.512643       3.004438
        0.853605       0.025464      -0.133488       0.485714       0.148187       0.545788       3.008890
        0.835836       0.027842      -0.130534      -0.759952       0.166114       0.578757       3.011793
        0.817259       0.030191      -0.125087       0.135606       0.184840       0.611505       3.017152
        0.797917       0.032593      -0.121196      -0.513215       0.204330       0.644040       3.020985
        0.777858       0.034958      -0.116362       0.012896       0.224528       0.676331       3.025752
        0.757129       0.037336      -0.111410      -0.475651       0.245393       0.708376       3.030640
        0.735781       0.039635      -0.105205      -0.116014       0.266864       0.740148       3.036773
        0.713865       0.041885      -0.098952      -0.446723       0.288895       0.771637       3.042961
        0.691434       0.044019      -0.092471      -0.138208       0.311428       0.802822       3.049383
        0.668542       0.046093      -0.088474      -0.209867       0.334414       0.833696       3.053348
        0.645244       0.048057      -0.078423      -0.646479       0.357795       0.864236       3.063330
        0.621595       0.049782      -0.069536      -0.112954       0.381506       0.894415       3.072169
        0.597654       0.051365      -0.060676      -0.622128       0.405500       0.924227       3.080991
        0.573477       0.052692      -0.050784      -0.200359       0.429714       0.953646       3.090852
        0.549123       0.053849      -0.043352      -0.409241       0.454095       0.982662       3.098268
        0.524650       0.054795      -0.034278      -0.333128       0.478586       1.011253       3.107328
        0.500118       0.055541      -0.026766      -0.279902       0.503130       1.039401       3.114833
        0.475585       0.056110      -0.019529      -0.310592       0.527669       1.067086       3.122066
        0.451111       0.056507      -0.013422      -0.188379       0.552146       1.094285       3.128171
        0.426755       0.056755      -0.005961      -0.426265       0.576504       1.120978       3.135632
        0.402576       0.056825      -0.001907       0.095158       0.600683       1.147140       3.139685
        0.378631       0.056829       0.004464      -0.635779       0.624628       1.172747       3.146057
        0.354978       0.056610       0.011273       0.069131       0.648282       1.197774       3.152866
        0.331675       0.056325       0.015036      -0.399923       0.671587       1.222195       3.156628
        0.308777       0.055902       0.020731      -0.092018       0.694488       1.245984       3.162321
        0.286340       0.055359       0.030212      -0.768367       0.716932       1.269114       3.171795
        0.264418       0.054592       0.035980       0.267349       0.738868       1.291560       3.177558
        0.243063       0.053799       0.042363      -0.897841       0.760237       1.313288       3.183930
        0.222328       0.052778       0.053617      -0.165426       0.780998       1.334280       3.195158
        0.202261       0.051650       0.059795      -0.460798       0.801097       1.354501       3.201316
        0.182911       0.050392       0.071006      -0.707869       0.820487       1.373924       3.212479
        0.164325       0.048962       0.082297      -0.498673       0.839128       1.392526       3.223704
        0.146548       0.047424       0.090442      -0.413942       0.856972       1.410274       3.231790
        0.129623       0.045818       0.100442      -0.786859       0.873973       1.427137       3.241698
        0.113590       0.044099       0.114466      -0.972962       0.890099       1.443093       3.255562
        0.098487       0.042259       0.129111      -0.965419       0.905313       1.458117       3.269993
        0.084352       0.040297       0.151649      -2.315887       0.919584       1.472187       3.292095
        0.071218       0.038126       0.177265      -1.520248       0.932896       1.485294       3.317036
        0.059117       0.035836       0.204398      -3.094773       0.945213       1.497407       3.343213
        0.048078       0.033377       0.242415      -3.855153       0.956523       1.508521       3.379420
        0.038127       0.030745       0.289994      -5.912103       0.966817       1.518630       3.423845
        0.029288       0.027892       0.363640     -11.391049       0.976106       1.527747       3.490367
        0.021584       0.024726       0.462287     -14.559785       0.984439       1.535923       3.574617
        0.015031       0.021327       0.585925     -24.687119       0.991823       1.543166       3.671599
        0.009646       0.017726       0.773092     -49.380744       0.998306       1.549523       3.799710
        0.005442       0.013857       1.129834    -143.045840       1.004027       1.555133       3.987875
        0.002429       0.009539       1.878600    -454.093918       1.009305       1.560309       4.223228
        0.000613       0.004858       3.922544   -3235.040780       1.014337       1.565242       4.462770
        0.000000       0.000000   10000.000000   10000.000000       1.019247       1.570055       4.712389
        0.000592      -0.004859      -4.051850    3631.109874       1.024154       1.574866       4.954354
        0.002387      -0.009541      -1.887755     452.462852       1.029181       1.579795       5.199537
        0.005381      -0.013862      -1.136928     147.316544       1.034450       1.584961       5.433797
        0.009568      -0.017735      -0.778721      48.114096       1.040162       1.590562       5.621554
        0.014937      -0.021357      -0.589289      26.368459       1.046643       1.596917       5.750679
        0.021475      -0.024734      -0.454879      16.239849       1.054005       1.604138       5.856282
        0.029166      -0.027832      -0.359054       9.548138       1.062299       1.612275       5.938467
        0.037992      -0.030687      -0.293287       5.782986       1.071576       1.621380       5.997899
        0.047931      -0.033336      -0.241592       4.712854       1.081863       1.631481       6.046136
        0.058959      -0.035797      -0.211339       1.114452       1.093164       1.642584       6.074911
        0.071050      -0.038206      -0.182370       3.468008       1.105492       1.654708       6.102798
        0.084175      -0.040376      -0.153394       1.125576       1.118796       1.667804       6.130978
        0.098301      -0.042440      -0.139405       0.871544       1.133072       1.681877       6.144673
        0.113395      -0.044440      -0.125414       0.975194       1.148298       1.696910       6.158423
        0.129421      -0.046327      -0.110243       0.921096       1.164435       1.712873       6.173386
        0.146339      -0.048057      -0.094028       0.992236       1.181441       1.729737       6.189433
        0.164109      -0.049608      -0.082500       0.336082       1.199279       1.747475       6.200872
        0.182689      -0.051058      -0.072264       0.748620       1.217915       1.766066       6.211047
        0.202033      -0.052336      -0.060855       0.443103       1.237302       1.785479       6.222405
        0.222095      -0.053486      -0.054676       0.182186       1.257397       1.805689       6.228563
        0.242826      -0.054553      -0.047065       0.541304       1.278156       1.826670       6.236155
        0.264177      -0.055444      -0.036754       0.428233       1.299525       1.848389       6.246448
        0.286097      -0.056135      -0.025739       0.573923       1.321456       1.870818       6.257452
        0.308532      -0.056600      -0.017112       0.203651       1.343895       1.893931       6.266074
        0.331428      -0.056937      -0.012217       0.223918       1.366794       1.917703       6.270969
        0.354730      -0.057131      -0.003256       0.540602       1.390097       1.942106       6.279929
        0.378382      -0.057058       0.009345       0.525947       1.413750       1.967116       6.292531
        0.402328      -0.056721       0.017276       0.141222       1.437698       1.992707       6.300460
        0.426509      -0.056218       0.026134       0.588169       1.461885       2.018855       6.309314
        0.450868      -0.055431       0.037584       0.354074       1.486256       2.045539       6.320751
        0.475345      -0.054371       0.050309       0.685290       1.510756       2.072739       6.333452
        0.499883      -0.052931       0.067086       0.683286       1.535336       2.100442       6.350171
        0.524421      -0.051052       0.087235       0.960619       1.559947       2.128637       6.370200
        0.548901      -0.048695       0.102554       0.289545       1.584540       2.157318       6.385382
        0.573264      -0.046016       0.121343       1.259948       1.609051       2.186455       6.403938
        0.597452      -0.042798       0.141061       0.364118       1.633452       2.216072       6.423322
        0.621405      -0.039292       0.152658       0.607612       1.657660       2.246123       6.434674
        0.645066      -0.035527       0.164961       0.430636       1.681619       2.276595       6.446674
        0.668378      -0.031558       0.175795       0.500649       1.705266       2.307467       6.457203
        0.691284      -0.027451       0.180514      -0.099821       1.728538       2.338716       6.461776
        0.713729      -0.023417       0.179297      -0.006744       1.751343       2.370283       6.460597
        0.735659      -0.019475       0.180727       0.140896       1.773624       2.402147       6.461983
        0.757021      -0.015628       0.177153      -0.493501       1.795329       2.434298       6.458519
        0.777763      -0.012072       0.165170      -0.668161       1.816374       2.466668       6.446877
        0.797835      -0.008832       0.160705       0.254896       1.836706       2.499238       6.442528
        0.817189      -0.005777       0.149386      -1.492160       1.856300       2.532027       6.431475
        0.835777      -0.003178       0.134902      -0.003839       1.875069       2.564951       6.417278
        0.853556      -0.000873       0.118711      -1.907118       1.892997       2.598037       6.401343
        0.870483       0.000922       0.097199      -0.566013       1.910019       2.631220       6.380080
        0.886516       0.002334       0.073890      -2.448891       1.926114       2.664519       6.356941
        0.901616       0.003221       0.047288      -0.981621       1.941241       2.697900       6.330438
        0.915749       0.003742       0.022554      -2.632304       1.955384       2.731384       6.305735
        0.928878       0.003800      -0.014691      -3.071101       1.968514       2.764967       6.268495
        0.940974       0.003462      -0.035050      -0.028345       1.980615       2.798664       6.248149
        0.952007       0.003002      -0.055957      -4.157181       1.991658       2.832469       6.227287
        0.961951       0.002288      -0.081954      -0.675039       2.001627       2.866405       6.201414
        0.970781       0.001505      -0.099778      -3.736557       2.010492       2.900450       6.183736
        0.978477       0.000633      -0.125689      -2.830430       2.018238       2.934630       6.158152
        0.985021      -0.000249      -0.143427      -2.491898       2.024841       2.968942       6.140730
        0.990396      -0.001052      -0.154162      -1.170488       2.030276       3.003361       6.130227
        0.994590      -0.001710      -0.160077      -1.755052       2.034521       3.037848       6.124455
        0.997593      -0.002199      -0.166358      -2.579032       2.037564       3.072389       6.118337
        0.999398      -0.002505      -0.172650      -5.329024       2.039394       3.106974       6.112220
        1.000000      -0.002610      -0.179132   10000.000000       2.040005       3.141593       6.105933

 MAPPING ITERATIONS FOR J= 21  Y=  2.123979

   ITS  IERR    SERR       R(C1ERR)    I(C1ERR)
     5    51  -0.0016116  -0.0004204   0.0006806
    10    78  -0.0000208   0.0000062   0.0000004
    15    78   0.0000004   0.0000001  -0.0000025
    17    78   0.0000001   0.0000001  -0.0000025

 CURVE FIT AND S-MU TABLE FOR J=  22  Y=  2.243284  EPS=  0.006093  TE ANG(DEG)=    1.0967

          X              Z             DZ/DX         D2Z/DX2          S              SCOS           MU
        1.000000       0.002608      -0.198809   10000.000000       0.000000       0.000000       2.945343
        0.999398       0.002726      -0.195486      -2.696503       0.000614       0.034687       2.948542
        0.997593       0.003076      -0.192371      -1.252658       0.002452       0.069350       2.951543
        0.994590       0.003648      -0.189306      -0.854960       0.005509       0.103979       2.954500
        0.990396       0.004436      -0.186627      -0.493831       0.009776       0.138564       2.957088
        0.985021       0.005426      -0.180920      -1.406121       0.015242       0.173092       2.962608
        0.978478       0.006581      -0.172072      -1.296971       0.021886       0.207529       2.971190
        0.970783       0.007896      -0.172693       1.104072       0.029693       0.241882       2.970586
        0.961954       0.009416      -0.167328      -1.929786       0.038652       0.276176       2.975800
        0.952012       0.011036      -0.162867       0.740331       0.048725       0.310340       2.980143
        0.940982       0.012823      -0.157099      -1.560122       0.059899       0.344412       2.985767
        0.928889       0.014669      -0.152437       0.603100       0.072132       0.378334       2.990320
        0.915764       0.016677      -0.150570      -0.779956       0.085410       0.412146       2.992146
        0.901637       0.018743      -0.142980      -0.325416       0.099687       0.445801       2.999575
        0.886543       0.020895      -0.144059       0.421618       0.114934       0.479301       2.998518
        0.870518       0.023187      -0.137907      -1.102486       0.131122       0.512653       3.004550
        0.853600       0.025444      -0.133378       0.485292       0.148189       0.545798       3.008997
        0.835831       0.027820      -0.130427      -0.759289       0.166116       0.578768       3.011898
        0.817253       0.030167      -0.124985       0.135490       0.184842       0.611517       3.017252
        0.797911       0.032567      -0.121097      -0.512770       0.204333       0.644052       3.021083
        0.777851       0.034930      -0.116267       0.012886       0.224531       0.676344       3.025845
        0.757122       0.037307      -0.111320      -0.475242       0.245396       0.708390       3.030729
        0.735774       0.039603      -0.105119      -0.115914       0.266868       0.740162       3.036858
        0.713857       0.041852      -0.098872      -0.446343       0.288899       0.771652       3.043041
        0.691426       0.043984      -0.092397      -0.138091       0.311432       0.802838       3.049458
        0.668533       0.046057      -0.088403      -0.209689       0.334418       0.833712       3.053419
        0.645235       0.048019      -0.078360      -0.645938       0.357799       0.864253       3.063392
        0.621586       0.049743      -0.069480      -0.112860       0.381511       0.894433       3.072224
        0.597644       0.051324      -0.060627      -0.621614       0.405505       0.924245       3.081040
        0.573467       0.052650      -0.050744      -0.200195       0.429718       0.953665       3.090892
        0.549112       0.053806      -0.043317      -0.408907       0.454100       0.982681       3.098303
        0.524640       0.054751      -0.034251      -0.332858       0.478591       1.011273       3.107355
        0.500107       0.055497      -0.026744      -0.279676       0.503135       1.039421       3.114855
        0.475575       0.056066      -0.019513      -0.310343       0.527674       1.067106       3.122082
        0.451101       0.056462      -0.013412      -0.188228       0.552152       1.094307       3.128182
        0.426745       0.056710      -0.005956      -0.425926       0.576509       1.121000       3.135637
        0.402565       0.056780      -0.001906       0.095083       0.600689       1.147162       3.139687
        0.378620       0.056784       0.004460      -0.635278       0.624634       1.172769       3.146053
        0.354967       0.056565       0.011264       0.069076       0.648287       1.197797       3.152857
        0.331664       0.056280       0.015024      -0.399610       0.671592       1.222219       3.156616
        0.308767       0.055858       0.020715      -0.091946       0.694494       1.246008       3.162305
        0.286330       0.055315       0.030188      -0.767771       0.716937       1.269137       3.171772
        0.264408       0.054548       0.035952       0.267143       0.738873       1.291584       3.177529
        0.243053       0.053757       0.042330      -0.897152       0.760242       1.313313       3.183897
        0.222318       0.052736       0.053575      -0.165300       0.781003       1.334304       3.195116
        0.202251       0.051609       0.059748      -0.460448       0.801101       1.354525       3.201270
        0.182902       0.050352       0.070950      -0.707336       0.820491       1.373949       3.212424
        0.164316       0.048923       0.082233      -0.498301       0.839132       1.392551       3.223641
        0.146539       0.047386       0.090372      -0.413634       0.856975       1.410299       3.231720
        0.129614       0.045781       0.100364      -0.786279       0.873976       1.427162       3.241622
        0.113581       0.044064       0.114378      -0.972253       0.890101       1.443117       3.255475
        0.098479       0.042226       0.129012      -0.964723       0.905315       1.458142       3.269896
        0.084344       0.040265       0.151533      -2.314247       0.919585       1.472211       3.291981
        0.071211       0.038096       0.177131      -1.519194       0.932897       1.485318       3.316905
        0.059110       0.035807       0.204244      -3.092672       0.945213       1.497430       3.343065
        0.048071       0.033351       0.242234      -3.852627       0.956522       1.508544       3.379248
        0.038121       0.030721       0.289780      -5.908362       0.966815       1.518652       3.423647
        0.029283       0.027870       0.363377     -11.384420       0.976103       1.527768       3.490135
        0.021579       0.024706       0.461960     -14.551779       0.984434       1.535942       3.574348
        0.015027       0.021310       0.585529     -24.677491       0.991817       1.543184       3.671304
        0.009643       0.017712       0.772580     -49.353854       0.998297       1.549539       3.799389
        0.005439       0.013846       1.129245    -143.089732       1.004016       1.555147       3.987616
        0.002427       0.009531       1.877451    -453.670310       1.009291       1.560319       4.222974
        0.000612       0.004855       3.924980   -3249.294475       1.014319       1.565249       4.462918
        0.000000       0.000000   10000.000000   10000.000000       1.019225       1.570059       4.712389
        0.000593      -0.004855      -4.042718    3609.559715       1.024128       1.574866       4.954880
        0.002388      -0.009534      -1.885904     452.184740       1.029152       1.579792       5.199943
        0.005384      -0.013851      -1.135702     147.031910       1.034419       1.584956       5.434333
        0.009572      -0.017721      -0.777994      48.063534       1.040129       1.590555       5.622007
        0.014941      -0.021340      -0.588748      26.336341       1.046609       1.596909       5.751080
        0.021480      -0.024715      -0.454476      16.222787       1.053971       1.604130       5.856615
        0.029172      -0.027810      -0.358743       9.538405       1.062264       1.612267       5.938743
        0.037998      -0.030662      -0.293036       5.777368       1.071541       1.621372       5.998129
        0.047938      -0.033309      -0.241388       4.708409       1.081828       1.631474       6.046328
        0.058967      -0.035769      -0.211163       1.113422       1.093129       1.642577       6.075080
        0.071058      -0.038176      -0.182218       3.464862       1.105458       1.654701       6.102945
        0.084183      -0.040344      -0.153267       1.124578       1.118761       1.667798       6.131102
        0.098310      -0.042406      -0.139290       0.870776       1.133038       1.681871       6.144786
        0.113404      -0.044405      -0.125311       0.974344       1.148264       1.696905       6.158524
        0.129430      -0.046291      -0.110153       0.920301       1.164401       1.712869       6.173475
        0.146349      -0.048019      -0.093951       0.991390       1.181407       1.729733       6.189509
        0.164120      -0.049569      -0.082433       0.335798       1.199246       1.747472       6.200938
        0.182699      -0.051017      -0.072206       0.747991       1.217882       1.766064       6.211105
        0.202044      -0.052294      -0.060806       0.442734       1.237269       1.785477       6.222454
        0.222106      -0.053444      -0.054632       0.182035       1.257364       1.805688       6.228607
        0.242838      -0.054510      -0.047027       0.540858       1.278123       1.826669       6.236193
        0.264189      -0.055400      -0.036725       0.427883       1.299493       1.848389       6.246477
        0.286108      -0.056090      -0.025718       0.573458       1.321423       1.870819       6.257473
        0.308543      -0.056555      -0.017099       0.203487       1.343863       1.893933       6.266088
        0.331439      -0.056891      -0.012207       0.223738       1.366762       1.917705       6.270979
        0.354742      -0.057086      -0.003253       0.540172       1.390065       1.942109       6.279932
        0.378394      -0.057013       0.009338       0.525533       1.413718       1.967119       6.292523
        0.402340      -0.056676       0.017263       0.141111       1.437666       1.992711       6.300446
        0.426521      -0.056174       0.026114       0.587713       1.461852       2.018859       6.309293
        0.450879      -0.055387       0.037554       0.353802       1.486223       2.045544       6.320722
        0.475357      -0.054328       0.050269       0.684769       1.510723       2.072745       6.333412
        0.499894      -0.052889       0.067034       0.682773       1.535303       2.100448       6.350119
        0.524431      -0.051011       0.087167       0.959913       1.559913       2.128643       6.370133
        0.548911      -0.048656       0.102475       0.289333       1.584506       2.157324       6.385304
        0.573274      -0.045979       0.121250       1.259049       1.609015       2.186461       6.403847
        0.597460      -0.042765       0.140954       0.363864       1.633415       2.216078       6.423217
        0.621413      -0.039261       0.152543       0.607190       1.657623       2.246129       6.434561
        0.645073      -0.035498       0.164836       0.430340       1.681580       2.276599       6.446552
        0.668384      -0.031533       0.175663       0.500308       1.705226       2.307470       6.457074
        0.691289      -0.027429       0.180377      -0.099755       1.728496       2.338719       6.461644
        0.713734      -0.023398       0.179161      -0.006741       1.751300       2.370284       6.460466
        0.735663      -0.019460       0.180591       0.140799       1.773580       2.402148       6.461851
        0.757024      -0.015616       0.177019      -0.493167       1.795284       2.434297       6.458389
        0.777765      -0.012062       0.165044      -0.667701       1.816327       2.466666       6.446755
        0.797836      -0.008825       0.160583       0.254717       1.836658       2.499235       6.442409
        0.817189      -0.005773       0.149272      -1.491116       1.856250       2.532023       6.431363
        0.835777      -0.003175       0.134799      -0.003838       1.875019       2.564946       6.417177
        0.853556      -0.000872       0.118620      -1.905747       1.892947       2.598031       6.401253
        0.870482       0.000921       0.097124      -0.565599       1.909968       2.631214       6.380006
        0.886515       0.002332       0.073832      -2.447063       1.926063       2.664512       6.356884
        0.901615       0.003219       0.047251      -0.980869       1.941190       2.697894       6.330401
        0.915747       0.003739       0.022536      -2.630263       1.955332       2.731377       6.305718
        0.928877       0.003797      -0.014679      -3.068632       1.968462       2.764960       6.268507
        0.940973       0.003459      -0.035022      -0.028325       1.980563       2.798658       6.248177
        0.952006       0.002999      -0.055912      -4.153745       1.991606       2.832463       6.227332
        0.961950       0.002286      -0.081888      -0.674461       2.001575       2.866400       6.201480
        0.970780       0.001504      -0.099697      -3.733372       2.010441       2.900446       6.183816
        0.978477       0.000632      -0.125586      -2.827957       2.018187       2.934626       6.158253
        0.985020      -0.000249      -0.143309      -2.489700       2.024789       2.968939       6.140846
        0.990396      -0.001051      -0.154035      -1.169444       2.030224       3.003358       6.130352
        0.994590      -0.001708      -0.159945      -1.753486       2.034470       3.037846       6.124584
        0.997593      -0.002198      -0.166221      -2.576718       2.037513       3.072388       6.118471
        0.999398      -0.002503      -0.172507      -5.324222       2.039343       3.106973       6.112359
        1.000000      -0.002608      -0.178984   10000.000000       2.039954       3.141593       6.106077

 MAPPING ITERATIONS FOR J= 22  Y=  2.243284

   ITS  IERR    SERR       R(C1ERR)    I(C1ERR)
     5    51  -0.0016108  -0.0004198   0.0006817
    10    78  -0.0000208   0.0000061   0.0000003
    15    78   0.0000004   0.0000001  -0.0000026
    17    78   0.0000001   0.0000001  -0.0000026

 CURVE FIT AND S-MU TABLE FOR J=  23  Y=  2.364800  EPS=  0.006088  TE ANG(DEG)=    1.0959

          X              Z             DZ/DX         D2Z/DX2          S              SCOS           MU
        1.000000       0.002606      -0.198662   10000.000000       0.000000       0.000000       2.945484
        0.999398       0.002724      -0.195341      -2.694254       0.000614       0.034688       2.948681
        0.997593       0.003074      -0.192229      -1.251615       0.002452       0.069351       2.951680
        0.994590       0.003646      -0.189167      -0.854251       0.005509       0.103981       2.954635
        0.990396       0.004433      -0.186490      -0.493420       0.009776       0.138567       2.957221
        0.985021       0.005422      -0.180788      -1.404964       0.015242       0.173095       2.962737
        0.978477       0.006576      -0.171946      -1.295913       0.021886       0.207534       2.971312
        0.970782       0.007890      -0.172566       1.103178       0.029693       0.241887       2.970709
        0.961952       0.009410      -0.167206      -1.928220       0.038653       0.276182       2.975919
        0.952010       0.011028      -0.162749       0.739736       0.048726       0.310347       2.980259
        0.940979       0.012815      -0.156985      -1.558868       0.059900       0.344419       2.985879
        0.928886       0.014659      -0.152326       0.602619       0.072133       0.378342       2.990429
        0.915760       0.016666      -0.150460      -0.779332       0.085411       0.412155       2.992253
        0.901633       0.018730      -0.142877      -0.325158       0.099689       0.445810       2.999676
        0.886538       0.020881      -0.143955       0.421287       0.114936       0.479311       2.998620
        0.870513       0.023171      -0.137808      -1.101617       0.131124       0.512664       3.004647
        0.853595       0.025426      -0.133282       0.484912       0.148192       0.545810       3.009092
        0.835825       0.027801      -0.130333      -0.758695       0.166120       0.578781       3.011991
        0.817246       0.030146      -0.124895       0.135385       0.184846       0.611530       3.017341
        0.797904       0.032545      -0.121010      -0.512372       0.204337       0.644066       3.021168
        0.777843       0.034906      -0.116184       0.012877       0.224535       0.676358       3.025928
        0.757114       0.037281      -0.111240      -0.474877       0.245401       0.708405       3.030808
        0.735765       0.039576      -0.105044      -0.115825       0.266873       0.740178       3.036932
        0.713848       0.041823      -0.098802      -0.446004       0.288904       0.771669       3.043111
        0.691416       0.043954      -0.092331      -0.137986       0.311437       0.802855       3.049523
        0.668523       0.046025      -0.088340      -0.209530       0.334424       0.833730       3.053481
        0.645224       0.047986      -0.078304      -0.645457       0.357806       0.864271       3.063448
        0.621575       0.049708      -0.069431      -0.112776       0.381517       0.894451       3.072273
        0.597633       0.051289      -0.060584      -0.621159       0.405512       0.924264       3.081082
        0.573455       0.052614      -0.050708      -0.200050       0.429726       0.953685       3.090928
        0.549100       0.053769      -0.043287      -0.408613       0.454108       0.982702       3.098333
        0.524627       0.054713      -0.034227      -0.332620       0.478599       1.011294       3.107379
        0.500095       0.055458      -0.026726      -0.279478       0.503143       1.039443       3.114873
        0.475562       0.056027      -0.019500      -0.310124       0.527682       1.067128       3.122095
        0.451088       0.056423      -0.013403      -0.188097       0.552160       1.094329       3.128191
        0.426732       0.056671      -0.005952      -0.425630       0.576517       1.121022       3.135641
        0.402552       0.056741      -0.001904       0.095017       0.600697       1.147185       3.139688
        0.378607       0.056745       0.004457      -0.634841       0.624642       1.172792       3.146050
        0.354955       0.056526       0.011257       0.069029       0.648295       1.197821       3.152849
        0.331652       0.056241       0.015014      -0.399338       0.671600       1.222242       3.156606
        0.308754       0.055819       0.020701      -0.091883       0.694501       1.246031       3.162290
        0.286318       0.055277       0.030168      -0.767256       0.716945       1.269161       3.171751
        0.264396       0.054511       0.035928       0.266965       0.738880       1.291608       3.177505
        0.243041       0.053720       0.042301      -0.896557       0.760249       1.313337       3.183868
        0.222306       0.052700       0.053538      -0.165192       0.781010       1.334329       3.195080
        0.202240       0.051574       0.059708      -0.460148       0.801108       1.354550       3.201229
        0.182890       0.050318       0.070902      -0.706880       0.820498       1.373973       3.212377
        0.164305       0.048889       0.082177      -0.497984       0.839138       1.392575       3.223586
        0.146529       0.047354       0.090312      -0.413373       0.856981       1.410323       3.231660
        0.129604       0.045750       0.100297      -0.785788       0.873981       1.427186       3.241555
        0.113571       0.044033       0.114301      -0.971655       0.890106       1.443141       3.255400
        0.098470       0.042197       0.128926      -0.964138       0.905319       1.458165       3.269811
        0.084335       0.040238       0.151433      -2.312880       0.919589       1.472234       3.291884
        0.071202       0.038069       0.177015      -1.518324       0.932900       1.485341       3.316793
        0.059102       0.035783       0.204112      -3.090953       0.945215       1.497453       3.342939
        0.048064       0.033328       0.242079      -3.850592       0.956523       1.508566       3.379103
        0.038114       0.030700       0.289599      -5.905399       0.966815       1.518673       3.423480
        0.029277       0.027851       0.363156     -11.379395       0.976102       1.527788       3.489939
        0.021573       0.024689       0.461688     -14.545903       0.984431       1.535961       3.574123
        0.015022       0.021295       0.585204     -24.672154       0.991812       1.543201       3.671062
        0.009639       0.017699       0.772166     -49.334244       0.998291       1.549554       3.799130
        0.005436       0.013836       1.128825    -143.175652       1.004007       1.555160       3.987432
        0.002425       0.009524       1.876556    -453.283106       1.009279       1.560329       4.222776
        0.000611       0.004851       3.928775   -3266.813348       1.014304       1.565256       4.463149
        0.000000       0.000000   10000.000000   10000.000000       1.019206       1.570062       4.712389
        0.000594      -0.004852      -4.033037    3585.379404       1.024106       1.574866       4.955439
        0.002391      -0.009527      -1.884190     451.966789       1.029127       1.579790       5.200319
        0.005387      -0.013842      -1.134541     146.735306       1.034392       1.584952       5.434840
        0.009576      -0.017709      -0.777330      48.015988       1.040102       1.590550       5.622421
        0.014946      -0.021325      -0.588256      26.305156       1.046581       1.596904       5.751446
        0.021486      -0.024698      -0.454114      16.206747       1.053942       1.604125       5.856915
        0.029178      -0.027791      -0.358464       9.529320       1.062235       1.612262       5.938990
        0.038005      -0.030641      -0.292814       5.772185       1.071513       1.621367       5.998335
        0.047946      -0.033286      -0.241207       4.704342       1.081800       1.631469       6.046499
        0.058975      -0.035744      -0.211006       1.112485       1.093100       1.642572       6.075230
        0.071067      -0.038149      -0.182084       3.462013       1.105430       1.654697       6.103074
        0.084193      -0.040316      -0.153155       1.123681       1.118733       1.667794       6.131211
        0.098320      -0.042377      -0.139189       0.870087       1.133010       1.681868       6.144885
        0.113415      -0.044374      -0.125221       0.973583       1.148237       1.696903       6.158613
        0.129441      -0.046259      -0.110074       0.919591       1.164374       1.712867       6.173553
        0.146360      -0.047986      -0.093884       0.990637       1.181381       1.729732       6.189576
        0.164131      -0.049535      -0.082374       0.335546       1.199219       1.747471       6.200996
        0.182712      -0.050982      -0.072154       0.747435       1.217856       1.766064       6.211156
        0.202056      -0.052258      -0.060763       0.442409       1.237243       1.785479       6.222497
        0.222119      -0.053407      -0.054594       0.181902       1.257338       1.805690       6.228646
        0.242851      -0.054473      -0.046994       0.540466       1.278097       1.826672       6.236226
        0.264202      -0.055362      -0.036699       0.427576       1.299467       1.848392       6.246503
        0.286122      -0.056051      -0.025700       0.573051       1.321398       1.870823       6.257491
        0.308557      -0.056516      -0.017087       0.203345       1.343838       1.893937       6.266100
        0.331453      -0.056852      -0.012198       0.223582       1.366737       1.917710       6.270987
        0.354755      -0.057046      -0.003251       0.539797       1.390040       1.942115       6.279934
        0.378408      -0.056974       0.009332       0.525175       1.413693       1.967126       6.292517
        0.402353      -0.056637       0.017251       0.141015       1.437641       1.992718       6.300435
        0.426534      -0.056135       0.026096       0.587318       1.461827       2.018867       6.309275
        0.450893      -0.055348       0.037529       0.353567       1.486198       2.045552       6.320696
        0.475369      -0.054291       0.050235       0.684322       1.510698       2.072753       6.333378
        0.499906      -0.052853       0.066988       0.682335       1.535277       2.100457       6.350074
        0.524443      -0.050976       0.087109       0.959314       1.559886       2.128652       6.370075
        0.548923      -0.048623       0.102407       0.289154       1.584479       2.157332       6.385237
        0.573284      -0.045947       0.121170       1.258292       1.608987       2.186470       6.403768
        0.597470      -0.042735       0.140861       0.363652       1.633386       2.216086       6.423126
        0.621422      -0.039234       0.152443       0.606837       1.657592       2.246136       6.434464
        0.645081      -0.035474       0.164729       0.430095       1.681548       2.276606       6.446448
        0.668391      -0.031511       0.175549       0.500026       1.705193       2.307475       6.456963
        0.691295      -0.027410       0.180261      -0.099700       1.728462       2.338723       6.461531
        0.713739      -0.023382       0.179045      -0.006738       1.751263       2.370287       6.460353
        0.735667      -0.019446       0.180474       0.140720       1.773542       2.402149       6.461738
        0.757027      -0.015605       0.176904      -0.492891       1.795245       2.434297       6.458278
        0.777767      -0.012054       0.164937      -0.667320       1.816287       2.466665       6.446651
        0.797838      -0.008819       0.160478       0.254567       1.836616       2.499233       6.442307
        0.817190      -0.005769       0.149175      -1.490246       1.856208       2.532019       6.431268
        0.835778      -0.003173       0.134710      -0.003837       1.874976       2.564942       6.417089
        0.853556      -0.000872       0.118541      -1.904593       1.892903       2.598026       6.401176
        0.870481       0.000921       0.097059      -0.565248       1.909923       2.631208       6.379941
        0.886514       0.002330       0.073783      -2.445504       1.926018       2.664506       6.356835
        0.901614       0.003216       0.047219      -0.980222       1.941144       2.697887       6.330369
        0.915746       0.003736       0.022521      -2.628499       1.955286       2.731371       6.305702
        0.928875       0.003794      -0.014669      -3.066472       1.968417       2.764953       6.268517
        0.940971       0.003457      -0.034998      -0.028307       1.980517       2.798652       6.248202
        0.952005       0.002997      -0.055872      -4.150713       1.991560       2.832457       6.227371
        0.961948       0.002284      -0.081829      -0.673945       2.001530       2.866395       6.201538
        0.970779       0.001503      -0.099626      -3.730537       2.010396       2.900441       6.183887
        0.978476       0.000632      -0.125496      -2.825741       2.018142       2.934622       6.158342
        0.985020      -0.000248      -0.143205      -2.487725       2.024745       2.968935       6.140947
        0.990395      -0.001050      -0.153923      -1.168504       2.030180       3.003355       6.130461
        0.994590      -0.001707      -0.159828      -1.752075       2.034425       3.037844       6.124697
        0.997593      -0.002196      -0.166099      -2.574629       2.037468       3.072386       6.118589
        0.999398      -0.002501      -0.172381      -5.319883       2.039298       3.106972       6.112482
        1.000000      -0.002606      -0.178852   10000.000000       2.039910       3.141593       6.106204

 MAPPING ITERATIONS FOR J= 23  Y=  2.364800

   ITS  IERR    SERR       R(C1ERR)    I(C1ERR)
     5    51  -0.0016102  -0.0004193   0.0006825
    10    78  -0.0000207   0.0000061   0.0000001
    15    78   0.0000003   0.0000001  -0.0000028
    17    78   0.0000001   0.0000001  -0.0000028

 CURVE FIT AND S-MU TABLE FOR J=  24  Y=  2.487045  EPS=  0.006084  TE ANG(DEG)=    1.0952

          X              Z             DZ/DX         D2Z/DX2          S              SCOS           MU
        1.000000       0.002604      -0.198532   10000.000000       0.000000       0.000000       2.945609
        0.999398       0.002723      -0.195214      -2.692209       0.000614       0.034689       2.948803
        0.997593       0.003072      -0.192104      -1.250668       0.002452       0.069353       2.951800
        0.994590       0.003644      -0.189044      -0.853607       0.005509       0.103983       2.954754
        0.990395       0.004431      -0.186369      -0.493048       0.009777       0.138571       2.957338
        0.985020       0.005419      -0.180671      -1.403914       0.015242       0.173100       2.962850
        0.978476       0.006572      -0.171835      -1.294956       0.021887       0.207539       2.971420
        0.970780       0.007885      -0.172455       1.102369       0.029694       0.241893       2.970817
        0.961950       0.009404      -0.167098      -1.926805       0.038654       0.276188       2.976024
        0.952008       0.011021      -0.162644       0.739199       0.048727       0.310354       2.980360
        0.940976       0.012807      -0.156884      -1.557736       0.059902       0.344427       2.985977
        0.928883       0.014650      -0.152229       0.602185       0.072135       0.378351       2.990524
        0.915757       0.016656      -0.150364      -0.778770       0.085414       0.412165       2.992347
        0.901629       0.018719      -0.142786      -0.324926       0.099692       0.445821       2.999765
        0.886533       0.020868      -0.143863       0.420989       0.114939       0.479322       2.998710
        0.870507       0.023157      -0.137720      -1.100836       0.131128       0.512676       3.004733
        0.853589       0.025411      -0.133198       0.484571       0.148196       0.545823       3.009175
        0.835818       0.027785      -0.130250      -0.758162       0.166124       0.578794       3.012072
        0.817239       0.030128      -0.124816       0.135292       0.184851       0.611544       3.017419
        0.797896       0.032525      -0.120934      -0.512016       0.204342       0.644081       3.021243
        0.777835       0.034885      -0.116111       0.012869       0.224541       0.676374       3.026000
        0.757105       0.037259      -0.111170      -0.474551       0.245407       0.708421       3.030877
        0.735755       0.039552      -0.104979      -0.115745       0.266879       0.740195       3.036997
        0.713838       0.041798      -0.098740      -0.445702       0.288911       0.771686       3.043172
        0.691405       0.043928      -0.092273      -0.137894       0.311445       0.802873       3.049580
        0.668511       0.045998      -0.088285      -0.209390       0.334432       0.833749       3.053536
        0.645212       0.047957      -0.078256      -0.645032       0.357814       0.864291       3.063496
        0.621562       0.049678      -0.069388      -0.112702       0.381526       0.894472       3.072316
        0.597620       0.051258      -0.060547      -0.620758       0.405521       0.924285       3.081119
        0.573442       0.052582      -0.050677      -0.199923       0.429735       0.953706       3.090959
        0.549087       0.053737      -0.043260      -0.408354       0.454117       0.982723       3.098359
        0.524614       0.054681      -0.034206      -0.332413       0.478609       1.011316       3.107400
        0.500081       0.055425      -0.026710      -0.279305       0.503153       1.039465       3.114889
        0.475548       0.055993      -0.019488      -0.309934       0.527693       1.067151       3.122107
        0.451074       0.056390      -0.013394      -0.187982       0.552170       1.094352       3.128199
        0.426718       0.056637      -0.005948      -0.425374       0.576527       1.121045       3.135644
        0.402538       0.056707      -0.001903       0.094961       0.600707       1.147208       3.139689
        0.378593       0.056711       0.004455      -0.634463       0.624652       1.172816       3.146047
        0.354941       0.056492       0.011250       0.068988       0.648306       1.197844       3.152842
        0.331638       0.056208       0.015005      -0.399104       0.671610       1.222266       3.156597
        0.308740       0.055786       0.020688      -0.091829       0.694512       1.246056       3.162278
        0.286304       0.055244       0.030150      -0.766814       0.716955       1.269186       3.171733
        0.264382       0.054478       0.035906       0.266812       0.738890       1.291632       3.177484
        0.243028       0.053688       0.042276      -0.896050       0.760259       1.313361       3.183844
        0.222293       0.052668       0.053507      -0.165101       0.781019       1.334353       3.195049
        0.202226       0.051543       0.059673      -0.459893       0.801117       1.354574       3.201195
        0.182878       0.050288       0.070861      -0.706495       0.820506       1.373997       3.212336
        0.164293       0.048860       0.082130      -0.497717       0.839146       1.392599       3.223539
        0.146517       0.047325       0.090260      -0.413154       0.856988       1.410347       3.231608
        0.129592       0.045722       0.100239      -0.785377       0.873989       1.427209       3.241498
        0.113560       0.044007       0.114236      -0.971158       0.890113       1.443165       3.255336
        0.098459       0.042171       0.128853      -0.963654       0.905325       1.458188       3.269740
        0.084325       0.040214       0.151349      -2.311763       0.919594       1.472257       3.291801
        0.071192       0.038047       0.176917      -1.517622       0.932905       1.485363       3.316698
        0.059093       0.035761       0.204000      -3.089584       0.945219       1.497474       3.342832
        0.048055       0.033308       0.241949      -3.849008       0.956526       1.508586       3.378980
        0.038106       0.030681       0.289447      -5.903151       0.966817       1.518692       3.423340
        0.029270       0.027834       0.362972     -11.375845       0.976103       1.527807       3.489777
        0.021567       0.024674       0.461465     -14.541992       0.984431       1.535978       3.573940
        0.015016       0.021282       0.584946     -24.670797       0.991810       1.543217       3.670869
        0.009634       0.017689       0.771841     -49.321339       0.998286       1.549569       3.798926
        0.005433       0.013828       1.128561    -143.301158       1.004000       1.555172       3.987316
        0.002422       0.009519       1.875892    -452.927626       1.009270       1.560339       4.222629
        0.000610       0.004848       3.933856   -3287.480046       1.014291       1.565262       4.463458
        0.000000       0.000000   10000.000000   10000.000000       1.019191       1.570066       4.712389
        0.000595      -0.004849      -4.022825    3558.726979       1.024088       1.574867       4.956032
        0.002393      -0.009521      -1.882599     451.803115       1.029107       1.579789       5.200669
        0.005391      -0.013833      -1.133436     146.426772       1.034371       1.584950       5.435323
        0.009580      -0.017698      -0.776722      47.971082       1.040079       1.590547       5.622800
        0.014952      -0.021312      -0.587808      26.274744       1.046558       1.596901       5.751778
        0.021492      -0.024683      -0.453788      16.191605       1.053919       1.604122       5.857186
        0.029185      -0.027774      -0.358215       9.520809       1.062212       1.612259       5.939210
        0.038013      -0.030623      -0.292615       5.767393       1.071490       1.621364       5.998517
        0.047954      -0.033267      -0.241047       4.700613       1.081777       1.631467       6.046650
        0.058985      -0.035723      -0.210868       1.111630       1.093078       1.642571       6.075362
        0.071077      -0.038126      -0.181966       3.459433       1.105408       1.654696       6.103188
        0.084203      -0.040292      -0.153057       1.122873       1.118712       1.667794       6.131307
        0.098331      -0.042351      -0.139101       0.869468       1.132989       1.681868       6.144972
        0.113427      -0.044348      -0.125142       0.972902       1.148216       1.696903       6.158691
        0.129454      -0.046231      -0.110004       0.918959       1.164353       1.712869       6.173621
        0.146373      -0.047957      -0.093826       0.989969       1.181361       1.729735       6.189634
        0.164145      -0.049505      -0.082323       0.335323       1.199200       1.747474       6.201047
        0.182725      -0.050952      -0.072110       0.746944       1.217837       1.766068       6.211200
        0.202070      -0.052227      -0.060726       0.442123       1.237224       1.785483       6.222534
        0.222133      -0.053375      -0.054560       0.181785       1.257319       1.805694       6.228679
        0.242865      -0.054440      -0.046965       0.540122       1.278079       1.826677       6.236254
        0.264217      -0.055329      -0.036677       0.427307       1.299449       1.848398       6.246525
        0.286137      -0.056018      -0.025685       0.572697       1.321380       1.870830       6.257506
        0.308572      -0.056482      -0.017077       0.203220       1.343820       1.893945       6.266110
        0.331468      -0.056818      -0.012191       0.223445       1.366719       1.917719       6.270995
        0.354770      -0.057012      -0.003249       0.539473       1.390022       1.942124       6.279936
        0.378423      -0.056940       0.009326       0.524865       1.413675       1.967135       6.292511
        0.402368      -0.056603       0.017241       0.140933       1.437623       1.992728       6.300424
        0.426549      -0.056101       0.026080       0.586980       1.461809       2.018877       6.309260
        0.450907      -0.055315       0.037507       0.353367       1.486180       2.045563       6.320674
        0.475384      -0.054258       0.050206       0.683942       1.510679       2.072764       6.333349
        0.499920      -0.052821       0.066950       0.681964       1.535258       2.100468       6.350035
        0.524457      -0.050945       0.087059       0.958811       1.559866       2.128663       6.370025
        0.548935      -0.048594       0.102349       0.289004       1.584458       2.157343       6.385179
        0.573296      -0.045920       0.121102       1.257666       1.608966       2.186480       6.403700
        0.597481      -0.042709       0.140783       0.363479       1.633363       2.216096       6.423049
        0.621432      -0.039211       0.152358       0.606550       1.657568       2.246145       6.434381
        0.645090      -0.035453       0.164638       0.429896       1.681523       2.276614       6.446359
        0.668399      -0.031492       0.175452       0.499798       1.705166       2.307482       6.456870
        0.691302      -0.027394       0.180162      -0.099655       1.728433       2.338729       6.461435
        0.713744      -0.023368       0.178947      -0.006736       1.751233       2.370291       6.460258
        0.735671      -0.019434       0.180375       0.140655       1.773510       2.402152       6.461642
        0.757030      -0.015596       0.176807      -0.492669       1.795212       2.434298       6.458184
        0.777770      -0.012047       0.164846      -0.667010       1.816253       2.466665       6.446562
        0.797839      -0.008814       0.160389       0.254446       1.836581       2.499231       6.442220
        0.817191      -0.005765       0.149091      -1.489535       1.856171       2.532017       6.431187
        0.835778      -0.003171       0.134635      -0.003836       1.874939       2.564938       6.417015
        0.853555      -0.000871       0.118474      -1.903638       1.892864       2.598021       6.401110
        0.870480       0.000920       0.097004      -0.564956       1.909884       2.631203       6.379886
        0.886512       0.002329       0.073740      -2.444190       1.925978       2.664499       6.356792
        0.901612       0.003214       0.047191      -0.979670       1.941105       2.697880       6.330341
        0.915744       0.003734       0.022507      -2.626987       1.955246       2.731364       6.305689
        0.928874       0.003792      -0.014660      -3.064593       1.968377       2.764946       6.268526
        0.940970       0.003455      -0.034977      -0.028293       1.980478       2.798645       6.248223
        0.952003       0.002995      -0.055838      -4.148049       1.991521       2.832450       6.227405
        0.961947       0.002283      -0.081779      -0.673487       2.001491       2.866389       6.201588
        0.970778       0.001502      -0.099564      -3.728018       2.010356       2.900436       6.183949
        0.978475       0.000632      -0.125417      -2.823756       2.018103       2.934617       6.158420
        0.985019      -0.000248      -0.143114      -2.485951       2.024706       2.968931       6.141037
        0.990395      -0.001049      -0.153825      -1.167657       2.030141       3.003352       6.130557
        0.994590      -0.001706      -0.159726      -1.750803       2.034387       3.037842       6.124797
        0.997593      -0.002195      -0.165993      -2.572743       2.037429       3.072385       6.118693
        0.999398      -0.002499      -0.172270      -5.315959       2.039260       3.106971       6.112590
        1.000000      -0.002604      -0.178737   10000.000000       2.039871       3.141593       6.106316

 MAPPING ITERATIONS FOR J= 24  Y=  2.487045

   ITS  IERR    SERR       R(C1ERR)    I(C1ERR)
     5    51  -0.0016098  -0.0004188   0.0006833
    10    78  -0.0000207   0.0000061  -0.0000001
    15    78   0.0000003   0.0000001  -0.0000030
    17    78   0.0000001   0.0000002  -0.0000030

 CURVE FIT AND S-MU TABLE FOR J=  25  Y=  2.606322  EPS=  0.006081  TE ANG(DEG)=    1.0946

          X              Z             DZ/DX         D2Z/DX2          S              SCOS           MU
        1.000000       0.002603      -0.198420   10000.000000       0.000000       0.000000       2.945716
        0.999398       0.002721      -0.195104      -2.690378       0.000614       0.034689       2.948909
        0.997593       0.003070      -0.191996      -1.249821       0.002452       0.069355       2.951905
        0.994590       0.003642      -0.188938      -0.853031       0.005509       0.103986       2.954856
        0.990395       0.004428      -0.186264      -0.492715       0.009777       0.138574       2.957439
        0.985019       0.005416      -0.180569      -1.402978       0.015243       0.173104       2.962948
        0.978475       0.006569      -0.171739      -1.294104       0.021888       0.207544       2.971513
        0.970779       0.007881      -0.172359       1.101649       0.029695       0.241899       2.970911
        0.961948       0.009399      -0.167005      -1.925546       0.038655       0.276195       2.976114
        0.952005       0.011016      -0.162554       0.738721       0.048729       0.310362       2.980448
        0.940973       0.012800      -0.156798      -1.556732       0.059904       0.344436       2.986061
        0.928879       0.014642      -0.152145       0.601800       0.072137       0.378361       2.990606
        0.915752       0.016647      -0.150281      -0.778273       0.085417       0.412175       2.992427
        0.901624       0.018709      -0.142708      -0.324721       0.099695       0.445832       2.999842
        0.886528       0.020858      -0.143784       0.420726       0.114943       0.479334       2.998787
        0.870501       0.023145      -0.137645      -1.100146       0.131132       0.512688       3.004807
        0.853582       0.025398      -0.133125       0.484271       0.148201       0.545836       3.009246
        0.835811       0.027770      -0.130179      -0.757692       0.166129       0.578808       3.012141
        0.817231       0.030113      -0.124749       0.135209       0.184857       0.611559       3.017485
        0.797887       0.032509      -0.120868      -0.511703       0.204348       0.644096       3.021308
        0.777825       0.034868      -0.116048       0.012862       0.224548       0.676390       3.026062
        0.757094       0.037240      -0.111110      -0.474265       0.245414       0.708439       3.030936
        0.735744       0.039532      -0.104922      -0.115676       0.266887       0.740213       3.037053
        0.713826       0.041777      -0.098687      -0.445438       0.288920       0.771705       3.043224
        0.691393       0.043905      -0.092224      -0.137813       0.311454       0.802893       3.049628
        0.668499       0.045974      -0.088238      -0.209267       0.334442       0.833768       3.053582
        0.645199       0.047933      -0.078215      -0.644662       0.357824       0.864311       3.063537
        0.621548       0.049653      -0.069352      -0.112638       0.381537       0.894492       3.072352
        0.597605       0.051232      -0.060516      -0.620412       0.405532       0.924306       3.081151
        0.573427       0.052556      -0.050651      -0.199814       0.429746       0.953728       3.090985
        0.549072       0.053709      -0.043238      -0.408132       0.454129       0.982746       3.098382
        0.524598       0.054653      -0.034189      -0.332235       0.478621       1.011338       3.107417
        0.500065       0.055397      -0.026696      -0.279157       0.503165       1.039488       3.114903
        0.475532       0.055965      -0.019478      -0.309772       0.527705       1.067174       3.122117
        0.451058       0.056361      -0.013388      -0.187885       0.552182       1.094375       3.128206
        0.426702       0.056608      -0.005945      -0.425156       0.576540       1.121069       3.135647
        0.402522       0.056678      -0.001902       0.094913       0.600720       1.147232       3.139690
        0.378577       0.056682       0.004452      -0.634144       0.624665       1.172840       3.146045
        0.354925       0.056464       0.011244       0.068953       0.648318       1.197868       3.152836
        0.331622       0.056179       0.014998      -0.398907       0.671623       1.222290       3.156589
        0.308725       0.055757       0.020678      -0.091784       0.694524       1.246080       3.162268
        0.286288       0.055216       0.030135      -0.766445       0.716967       1.269210       3.171718
        0.264367       0.054451       0.035889       0.266685       0.738902       1.291656       3.177466
        0.243013       0.053660       0.042255      -0.895628       0.760270       1.313385       3.183823
        0.222278       0.052642       0.053481      -0.165025       0.781031       1.334377       3.195023
        0.202212       0.051517       0.059644      -0.459682       0.801128       1.354598       3.201166
        0.182864       0.050262       0.070827      -0.706179       0.820517       1.374021       3.212301
        0.164279       0.048835       0.082090      -0.497499       0.839156       1.392623       3.223499
        0.146503       0.047302       0.090216      -0.412976       0.856998       1.410370       3.231565
        0.129579       0.045699       0.100191      -0.785045       0.873998       1.427232       3.241451
        0.113548       0.043985       0.114182      -0.970759       0.890121       1.443187       3.255283
        0.098447       0.042150       0.128793      -0.963269       0.905333       1.458210       3.269680
        0.084314       0.040193       0.151278      -2.310885       0.919601       1.472278       3.291733
        0.071182       0.038027       0.176837      -1.517081       0.932911       1.485384       3.316620
        0.059083       0.035743       0.203909      -3.088547       0.945224       1.497495       3.342744
        0.048046       0.033291       0.241843      -3.847850       0.956531       1.508606       3.378880
        0.038097       0.030666       0.289324      -5.901572       0.966821       1.518711       3.423226
        0.029262       0.027820       0.362826     -11.373661       0.976105       1.527825       3.489648
        0.021560       0.024662       0.461291     -14.539886       0.984432       1.535995       3.573796
        0.015010       0.021272       0.584750     -24.672999       0.991809       1.543232       3.670724
        0.009629       0.017680       0.771600     -49.314572       0.998284       1.549582       3.798775
        0.005429       0.013821       1.128441    -143.459984       1.003996       1.555183       3.987263
        0.002419       0.009514       1.875445    -452.604910       1.009262       1.560348       4.222530
        0.000608       0.004846       3.940009   -3310.667999       1.014282       1.565269       4.463831
        0.000000       0.000000   10000.000000   10000.000000       1.019178       1.570070       4.712389
        0.000596      -0.004846      -4.012314    3530.365547       1.024073       1.574869       4.956645
        0.002396      -0.009517      -1.881141     451.689074       1.029091       1.579789       5.200990
        0.005395      -0.013826      -1.132399     146.112757       1.034353       1.584949       5.435777
        0.009585      -0.017689      -0.776174      47.929216       1.040061       1.590546       5.623142
        0.014958      -0.021301      -0.587407      26.245503       1.046539       1.596900       5.752077
        0.021499      -0.024671      -0.453500      16.177500       1.053901       1.604120       5.857425
        0.029194      -0.027760      -0.357997       9.512941       1.062195       1.612258       5.939404
        0.038022      -0.030607      -0.292443       5.763022       1.071472       1.621364       5.998676
        0.047964      -0.033250      -0.240909       4.697244       1.081760       1.631467       6.046781
        0.058995      -0.035705      -0.210748       1.110861       1.093062       1.642572       6.075477
        0.071088      -0.038107      -0.181865       3.457131       1.105392       1.654698       6.103287
        0.084215      -0.040271      -0.152973       1.122159       1.118696       1.667796       6.131389
        0.098344      -0.042330      -0.139025       0.868922       1.132974       1.681871       6.145046
        0.113440      -0.044325      -0.125074       0.972303       1.148201       1.696907       6.158758
        0.129467      -0.046208      -0.109945       0.918405       1.164339       1.712873       6.173680
        0.146387      -0.047933      -0.093776       0.989387       1.181347       1.729740       6.189683
        0.164159      -0.049480      -0.082280       0.335129       1.199186       1.747480       6.201090
        0.182740      -0.050926      -0.072072       0.746518       1.217823       1.766074       6.211238
        0.202085      -0.052201      -0.060694       0.441876       1.237211       1.785490       6.222566
        0.222148      -0.053348      -0.054532       0.181684       1.257307       1.805702       6.228707
        0.242881      -0.054412      -0.046941       0.539827       1.278067       1.826685       6.236279
        0.264233      -0.055301      -0.036658       0.427077       1.299437       1.848407       6.246544
        0.286153      -0.055990      -0.025671       0.572394       1.321368       1.870839       6.257520
        0.308588      -0.056454      -0.017068       0.203115       1.343808       1.893955       6.266119
        0.331485      -0.056789      -0.012185       0.223330       1.366707       1.917729       6.271001
        0.354787      -0.056983      -0.003247       0.539198       1.390010       1.942135       6.279938
        0.378439      -0.056911       0.009321       0.524605       1.413663       1.967146       6.292507
        0.402385      -0.056575       0.017232       0.140863       1.437611       1.992740       6.300416
        0.426565      -0.056073       0.026068       0.586697       1.461797       2.018889       6.309247
        0.450923      -0.055287       0.037488       0.353200       1.486167       2.045576       6.320656
        0.475399      -0.054231       0.050181       0.683627       1.510666       2.072777       6.333325
        0.499935      -0.052794       0.066917       0.681660       1.535245       2.100481       6.350003
        0.524471      -0.050920       0.087017       0.958403       1.559853       2.128676       6.369984
        0.548949      -0.048569       0.102300       0.288883       1.584443       2.157356       6.385131
        0.573309      -0.045897       0.121045       1.257166       1.608950       2.186492       6.403644
        0.597493      -0.042688       0.140717       0.363344       1.633346       2.216107       6.422985
        0.621443      -0.039191       0.152288       0.606324       1.657550       2.246156       6.434312
        0.645100      -0.035435       0.164563       0.429741       1.681504       2.276623       6.446286
        0.668408      -0.031476       0.175373       0.499623       1.705145       2.307491       6.456793
        0.691310      -0.027380       0.180080      -0.099621       1.728411       2.338736       6.461356
        0.713751      -0.023356       0.178866      -0.006735       1.751209       2.370297       6.460180
        0.735677      -0.019425       0.180294       0.140606       1.773485       2.402156       6.461563
        0.757034      -0.015588       0.176727      -0.492498       1.795185       2.434301       6.458106
        0.777773      -0.012041       0.164770      -0.666769       1.816224       2.466666       6.446488
        0.797841      -0.008810       0.160316       0.254350       1.836551       2.499231       6.442149
        0.817192      -0.005762       0.149023      -1.488976       1.856141       2.532015       6.431119
        0.835778      -0.003169       0.134572      -0.003835       1.874907       2.564935       6.416953
        0.853555      -0.000871       0.118418      -1.902874       1.892832       2.598017       6.401055
        0.870480       0.000920       0.096957      -0.564719       1.909851       2.631197       6.379841
        0.886511       0.002328       0.073705      -2.443114       1.925945       2.664494       6.356757
        0.901611       0.003213       0.047168      -0.979211       1.941071       2.697874       6.330318
        0.915742       0.003732       0.022496      -2.625722       1.955213       2.731357       6.305678
        0.928872       0.003790      -0.014653      -3.062994       1.968343       2.764940       6.268534
        0.940968       0.003453      -0.034959      -0.028281       1.980444       2.798638       6.248241
        0.952001       0.002994      -0.055809      -4.145753       1.991487       2.832444       6.227434
        0.961946       0.002282      -0.081736      -0.673086       2.001457       2.866383       6.201631
        0.970777       0.001501      -0.099511      -3.725820       2.010323       2.900430       6.184001
        0.978474       0.000631      -0.125349      -2.822007       2.018069       2.934612       6.158487
        0.985019      -0.000248      -0.143036      -2.484383       2.024673       2.968927       6.141113
        0.990395      -0.001049      -0.153740      -1.166905       2.030108       3.003349       6.130640
        0.994589      -0.001705      -0.159638      -1.749675       2.034354       3.037839       6.124883
        0.997593      -0.002194      -0.165901      -2.571067       2.037397       3.072383       6.118782
        0.999398      -0.002498      -0.172174      -5.312466       2.039227       3.106970       6.112683
        1.000000      -0.002603      -0.178637   10000.000000       2.039838       3.141593       6.106413

 MAPPING ITERATIONS FOR J= 25  Y=  2.606322

   ITS  IERR    SERR       R(C1ERR)    I(C1ERR)
     5    51  -0.0016096  -0.0004184   0.0006839
    10    78  -0.0000206   0.0000061  -0.0000003
    15    78   0.0000003   0.0000001  -0.0000032
    17    78   0.0000001   0.0000002  -0.0000032

 CURVE FIT AND S-MU TABLE FOR J=  26  Y=  2.716454  EPS=  0.006078  TE ANG(DEG)=    1.0940

          X              Z             DZ/DX         D2Z/DX2          S              SCOS           MU
        1.000000       0.002602      -0.198327   10000.000000       0.000000       0.000000       2.945806
        0.999398       0.002720      -0.195013      -2.688798       0.000614       0.034690       2.948997
        0.997593       0.003069      -0.191907      -1.249090       0.002452       0.069357       2.951991
        0.994589       0.003640      -0.188850      -0.852535       0.005510       0.103989       2.954941
        0.990394       0.004427      -0.186177      -0.492428       0.009777       0.138578       2.957523
        0.985018       0.005414      -0.180486      -1.402173       0.015243       0.173109       2.963029
        0.978474       0.006566      -0.171660      -1.293374       0.021888       0.207550       2.971590
        0.970777       0.007878      -0.172279       1.101032       0.029696       0.241906       2.970988
        0.961946       0.009395      -0.166929      -1.924468       0.038657       0.276203       2.976189
        0.952003       0.011011      -0.162479       0.738312       0.048731       0.310370       2.980521
        0.940970       0.012795      -0.156726      -1.555874       0.059906       0.344445       2.986131
        0.928876       0.014636      -0.152075       0.601471       0.072140       0.378370       2.990674
        0.915748       0.016640      -0.150213      -0.777848       0.085420       0.412186       2.992494
        0.901619       0.018702      -0.142643      -0.324546       0.099699       0.445843       2.999905
        0.886523       0.020849      -0.143719       0.420502       0.114947       0.479347       2.998851
        0.870495       0.023136      -0.137583      -1.099559       0.131137       0.512701       3.004868
        0.853575       0.025388      -0.133065       0.484015       0.148206       0.545850       3.009305
        0.835803       0.027759      -0.130121      -0.757293       0.166135       0.578823       3.012199
        0.817223       0.030101      -0.124693       0.135139       0.184863       0.611574       3.017540
        0.797878       0.032496      -0.120814      -0.511438       0.204355       0.644112       3.021361
        0.777816       0.034853      -0.115996       0.012856       0.224556       0.676407       3.026112
        0.757084       0.037224      -0.111061      -0.474023       0.245422       0.708456       3.030985
        0.735733       0.039516      -0.104876      -0.115617       0.266896       0.740230       3.037099
        0.713815       0.041760      -0.098644      -0.445216       0.288929       0.771723       3.043267
        0.691381       0.043887      -0.092184      -0.137746       0.311464       0.802912       3.049668
        0.668486       0.045955      -0.088200      -0.209164       0.334452       0.833788       3.053621
        0.645185       0.047913      -0.078181      -0.644354       0.357835       0.864331       3.063571
        0.621534       0.049633      -0.069322      -0.112585       0.381548       0.894513       3.072382
        0.597591       0.051211      -0.060490      -0.620124       0.405544       0.924327       3.081177
        0.573412       0.052534      -0.050629      -0.199723       0.429759       0.953749       3.091007
        0.549057       0.053687      -0.043220      -0.407949       0.454141       0.982767       3.098400
        0.524583       0.054631      -0.034174      -0.332089       0.478634       1.011360       3.107432
        0.500050       0.055374      -0.026685      -0.279036       0.503178       1.039510       3.114914
        0.475516       0.055942      -0.019470      -0.309640       0.527718       1.067196       3.122125
        0.451042       0.056338      -0.013382      -0.187805       0.552195       1.094397       3.128211
        0.426686       0.056585      -0.005943      -0.424979       0.576553       1.121091       3.135650
        0.402506       0.056655      -0.001902       0.094874       0.600733       1.147255       3.139691
        0.378561       0.056659       0.004451      -0.633886       0.624678       1.172863       3.146043
        0.354909       0.056441       0.011240       0.068925       0.648331       1.197891       3.152832
        0.331606       0.056156       0.014992      -0.398748       0.671636       1.222313       3.156583
        0.308709       0.055735       0.020670      -0.091748       0.694537       1.246103       3.162259
        0.286272       0.055193       0.030123      -0.766150       0.716980       1.269233       3.171706
        0.264351       0.054428       0.035874       0.266584       0.738915       1.291679       3.177452
        0.242997       0.053638       0.042238      -0.895293       0.760283       1.313408       3.183806
        0.222263       0.052620       0.053460      -0.164966       0.781043       1.334399       3.195002
        0.202197       0.051496       0.059620      -0.459517       0.801140       1.354620       3.201142
        0.182849       0.050242       0.070799      -0.705932       0.820529       1.374043       3.212274
        0.164265       0.048815       0.082059      -0.497330       0.839167       1.392644       3.223468
        0.146490       0.047282       0.090182      -0.412838       0.857009       1.410391       3.231531
        0.129566       0.045680       0.100153      -0.784790       0.874008       1.427253       3.241413
        0.113535       0.043967       0.114139      -0.970456       0.890131       1.443208       3.255240
        0.098435       0.042133       0.128744      -0.962979       0.905342       1.458231       3.269633
        0.084302       0.040177       0.151223      -2.310238       0.919610       1.472298       3.291678
        0.071171       0.038012       0.176773      -1.516691       0.932919       1.485403       3.316558
        0.059072       0.035729       0.203837      -3.087820       0.945231       1.497513       3.342675
        0.048036       0.033277       0.241761      -3.847082       0.956537       1.508624       3.378802
        0.038089       0.030653       0.289229      -5.900597       0.966825       1.518728       3.423139
        0.029254       0.027808       0.362715     -11.372661       0.976109       1.527841       3.489550
        0.021553       0.024652       0.461162     -14.539307       0.984434       1.536010       3.573690
        0.015004       0.021263       0.584613     -24.677933       0.991810       1.543245       3.670621
        0.009624       0.017673       0.771438     -49.312973       0.998283       1.549594       3.798673
        0.005425       0.013816       1.128440    -143.638319       1.003993       1.555193       3.987263
        0.002417       0.009510       1.875189    -452.321728       1.009258       1.560356       4.222473
        0.000607       0.004844       3.946746   -3334.871236       1.014275       1.565275       4.464238
        0.000000       0.000000   10000.000000   10000.000000       1.019169       1.570074       4.712389
        0.000598      -0.004844      -4.002049    3501.981900       1.024062       1.574871       4.957247
        0.002399      -0.009513      -1.879853     451.618513       1.029078       1.579790       5.201274
        0.005399      -0.013821      -1.131463     145.808716       1.034340       1.584949       5.436188
        0.009591      -0.017682      -0.775697      47.891633       1.040048       1.590546       5.623440
        0.014964      -0.021293      -0.587060      26.218512       1.046526       1.596900       5.752335
        0.021506      -0.024660      -0.453254      16.164851       1.053888       1.604121       5.857629
        0.029202      -0.027749      -0.357812       9.505939       1.062182       1.612259       5.939568
        0.038031      -0.030595      -0.292297       5.759182       1.071460       1.621366       5.998810
        0.047974      -0.033236      -0.240793       4.694311       1.081749       1.631469       6.046891
        0.059005      -0.035690      -0.210649       1.110197       1.093050       1.642575       6.075572
        0.071100      -0.038091      -0.181780       3.455155       1.105381       1.654701       6.103368
        0.084227      -0.040255      -0.152904       1.121550       1.118686       1.667800       6.131457
        0.098356      -0.042313      -0.138962       0.868457       1.132964       1.681876       6.145108
        0.113453      -0.044307      -0.125018       0.971797       1.148192       1.696912       6.158813
        0.129480      -0.046189      -0.109897       0.917938       1.164330       1.712879       6.173728
        0.146401      -0.047913      -0.093734       0.988899       1.181338       1.729746       6.189724
        0.164173      -0.049460      -0.082244       0.334967       1.199178       1.747487       6.201126
        0.182755      -0.050905      -0.072041       0.746165       1.217816       1.766082       6.211269
        0.202101      -0.052179      -0.060668       0.441671       1.237203       1.785498       6.222591
        0.222164      -0.053326      -0.054509       0.181600       1.257300       1.805711       6.228731
        0.242897      -0.054390      -0.046921       0.539583       1.278060       1.826695       6.236299
        0.264249      -0.055278      -0.036642       0.426888       1.299431       1.848418       6.246559
        0.286169      -0.055967      -0.025661       0.572147       1.321362       1.870850       6.257530
        0.308605      -0.056430      -0.017061       0.203029       1.343802       1.893967       6.266126
        0.331501      -0.056766      -0.012180       0.223236       1.366701       1.917741       6.271006
        0.354804      -0.056960      -0.003246       0.538976       1.390004       1.942147       6.279939
        0.378456      -0.056888       0.009318       0.524395       1.413657       1.967159       6.292503
        0.402401      -0.056551       0.017225       0.140808       1.437605       1.992753       6.300409
        0.426582      -0.056050       0.026057       0.586471       1.461790       2.018903       6.309236
        0.450939      -0.055265       0.037473       0.353068       1.486161       2.045589       6.320641
        0.475415      -0.054209       0.050162       0.683378       1.510659       2.072791       6.333305
        0.499950      -0.052773       0.066891       0.681421       1.535237       2.100495       6.349977
        0.524486      -0.050899       0.086984       0.958088       1.559845       2.128690       6.369951
        0.548963      -0.048549       0.102261       0.288790       1.584434       2.157369       6.385093
        0.573323      -0.045878       0.121000       1.256789       1.608940       2.186506       6.403600
        0.597506      -0.042670       0.140665       0.363244       1.633335       2.216120       6.422934
        0.621454      -0.039175       0.152233       0.606158       1.657538       2.246167       6.434258
        0.645110      -0.035420       0.164503       0.429629       1.681490       2.276634       6.446228
        0.668417      -0.031463       0.175310       0.499497       1.705130       2.307500       6.456732
        0.691317      -0.027369       0.180016      -0.099597       1.728394       2.338744       6.461294
        0.713757      -0.023347       0.178802      -0.006734       1.751191       2.370303       6.460118
        0.735682      -0.019417       0.180229       0.140571       1.773465       2.402161       6.461501
        0.757038      -0.015582       0.176664      -0.492376       1.795164       2.434304       6.458045
        0.777776      -0.012036       0.164711      -0.666594       1.816202       2.466668       6.446431
        0.797843      -0.008806       0.160258       0.254280       1.836528       2.499232       6.442092
        0.817193      -0.005760       0.148968      -1.488564       1.856116       2.532014       6.431066
        0.835779      -0.003168       0.134522      -0.003835       1.874882       2.564933       6.416905
        0.853555      -0.000871       0.118374      -1.902296       1.892806       2.598013       6.401011
        0.870479       0.000919       0.096920      -0.564537       1.909824       2.631193       6.379804
        0.886510       0.002327       0.073676      -2.442276       1.925917       2.664488       6.356729
        0.901609       0.003211       0.047149      -0.978847       1.941043       2.697868       6.330299
        0.915741       0.003731       0.022487      -2.624712       1.955185       2.731350       6.305669
        0.928870       0.003788      -0.014647      -3.061689       1.968315       2.764933       6.268540
        0.940966       0.003452      -0.034944      -0.028273       1.980416       2.798632       6.248255
        0.952000       0.002993      -0.055785      -4.143852       1.991459       2.832438       6.227458
        0.961944       0.002281      -0.081700      -0.672749       2.001430       2.866377       6.201666
        0.970776       0.001500      -0.099467      -3.723975       2.010296       2.900425       6.184045
        0.978473       0.000631      -0.125293      -2.820525       2.018042       2.934608       6.158542
        0.985018      -0.000248      -0.142971      -2.483049       2.024646       2.968923       6.141177
        0.990394      -0.001048      -0.153670      -1.166264       2.030081       3.003345       6.130708
        0.994589      -0.001705      -0.159565      -1.748711       2.034327       3.037837       6.124954
        0.997593      -0.002193      -0.165825      -2.569633       2.037370       3.072381       6.118856
        0.999398      -0.002497      -0.172095      -5.309472       2.039201       3.106970       6.112760
        1.000000      -0.002602      -0.178555   10000.000000       2.039812       3.141593       6.106493

 MAPPING ITERATIONS FOR J= 26  Y=  2.716454

   ITS  IERR    SERR       R(C1ERR)    I(C1ERR)
     5    51  -0.0016095  -0.0004181   0.0006844
    10    78  -0.0000206   0.0000061  -0.0000005
    15    78   0.0000003   0.0000001  -0.0000034
    17    78   0.0000001   0.0000002  -0.0000034

 CURVE FIT AND S-MU TABLE FOR J=  27  Y=  2.811129  EPS=  0.006075  TE ANG(DEG)=    1.0936

          X              Z             DZ/DX         D2Z/DX2          S              SCOS           MU
        1.000000       0.002601      -0.198254   10000.000000       0.000000       0.000000       2.945877
        0.999398       0.002719      -0.194941      -2.687506       0.000614       0.034691       2.949067
        0.997593       0.003068      -0.191836      -1.248494       0.002452       0.069358       2.952060
        0.994589       0.003639      -0.188780      -0.852131       0.005510       0.103992       2.955008
        0.990394       0.004425      -0.186109      -0.492195       0.009778       0.138581       2.957589
        0.985018       0.005413      -0.180420      -1.401517       0.015244       0.173113       2.963093
        0.978473       0.006564      -0.171598      -1.292780       0.021889       0.207555       2.971650
        0.970776       0.007876      -0.172217       1.100530       0.029698       0.241912       2.971049
        0.961944       0.009392      -0.166868      -1.923592       0.038658       0.276209       2.976248
        0.952000       0.011008      -0.162421       0.737981       0.048732       0.310378       2.980578
        0.940967       0.012791      -0.156670      -1.555179       0.059909       0.344453       2.986186
        0.928872       0.014632      -0.152021       0.601205       0.072143       0.378380       2.990727
        0.915744       0.016635      -0.150159      -0.777505       0.085423       0.412196       2.992547
        0.901615       0.018696      -0.142592      -0.324405       0.099702       0.445854       2.999955
        0.886517       0.020843      -0.143668       0.420321       0.114951       0.479358       2.998901
        0.870489       0.023129      -0.137534      -1.099086       0.131142       0.512713       3.004916
        0.853569       0.025380      -0.133018       0.483809       0.148211       0.545862       3.009351
        0.835796       0.027750      -0.130075      -0.756972       0.166141       0.578836       3.012244
        0.817215       0.030091      -0.124649       0.135082       0.184869       0.611588       3.017583
        0.797870       0.032485      -0.120772      -0.511225       0.204362       0.644127       3.021403
        0.777807       0.034842      -0.115956       0.012851       0.224563       0.676422       3.026152
        0.757074       0.037213      -0.111023      -0.473830       0.245431       0.708472       3.031023
        0.735723       0.039504      -0.104840      -0.115571       0.266905       0.740247       3.037134
        0.713804       0.041747      -0.098610      -0.445039       0.288938       0.771740       3.043300
        0.691369       0.043874      -0.092153      -0.137692       0.311474       0.802929       3.049700
        0.668474       0.045941      -0.088170      -0.209082       0.334462       0.833806       3.053650
        0.645172       0.047898      -0.078155      -0.644109       0.357846       0.864349       3.063597
        0.621521       0.049617      -0.069299      -0.112543       0.381559       0.894532       3.072405
        0.597577       0.051195      -0.060470      -0.619897       0.405555       0.924346       3.081197
        0.573398       0.052518      -0.050613      -0.199652       0.429770       0.953769       3.091023
        0.549042       0.053670      -0.043205      -0.407806       0.454154       0.982787       3.098414
        0.524568       0.054613      -0.034163      -0.331975       0.478646       1.011380       3.107443
        0.500035       0.055357      -0.026676      -0.278942       0.503191       1.039530       3.114923
        0.475501       0.055925      -0.019464      -0.309537       0.527731       1.067216       3.122131
        0.451027       0.056320      -0.013378      -0.187744       0.552208       1.094418       3.128216
        0.426671       0.056567      -0.005941      -0.424843       0.576566       1.121112       3.135652
        0.402491       0.056637      -0.001901       0.094844       0.600746       1.147275       3.139692
        0.378546       0.056641       0.004449      -0.633688       0.624691       1.172883       3.146042
        0.354893       0.056423       0.011236       0.068904       0.648344       1.197912       3.152828
        0.331591       0.056139       0.014987      -0.398627       0.671649       1.222333       3.156578
        0.308694       0.055717       0.020663      -0.091720       0.694550       1.246123       3.162253
        0.286258       0.055176       0.030113      -0.765926       0.716993       1.269253       3.171697
        0.264336       0.054411       0.035863       0.266508       0.738927       1.291699       3.177441
        0.242983       0.053622       0.042226      -0.895041       0.760295       1.313428       3.183793
        0.222248       0.052604       0.053444      -0.164921       0.781055       1.334419       3.194985
        0.202183       0.051479       0.059602      -0.459394       0.801152       1.354640       3.201125
        0.182835       0.050226       0.070778      -0.705750       0.820540       1.374063       3.212253
        0.164252       0.048800       0.082034      -0.497206       0.839178       1.392664       3.223444
        0.146477       0.047267       0.090155      -0.412738       0.857019       1.410410       3.231505
        0.129554       0.045666       0.100124      -0.784606       0.874018       1.427272       3.241384
        0.113523       0.043953       0.114107      -0.970240       0.890140       1.443226       3.255208
        0.098423       0.042120       0.128708      -0.962775       0.905351       1.458248       3.269597
        0.084291       0.040164       0.151181      -2.309792       0.919618       1.472316       3.291638
        0.071160       0.038000       0.176726      -1.516432       0.932926       1.485420       3.316512
        0.059063       0.035717       0.203784      -3.087356       0.945238       1.497529       3.342624
        0.048027       0.033267       0.241701      -3.846633       0.956543       1.508639       3.378745
        0.038080       0.030643       0.289160      -5.900099       0.966831       1.518743       3.423075
        0.029246       0.027800       0.362637     -11.372528       0.976113       1.527854       3.489481
        0.021546       0.024644       0.461073     -14.539795       0.984437       1.536022       3.573617
        0.014998       0.021256       0.584526     -24.684326       0.991812       1.543257       3.670556
        0.009619       0.017667       0.771339     -49.314944       0.998283       1.549604       3.798612
        0.005421       0.013811       1.128520    -143.816396       1.003992       1.555202       3.987297
        0.002414       0.009507       1.875080    -452.085600       1.009255       1.560362       4.222449
        0.000605       0.004842       3.953373   -3357.971168       1.014270       1.565280       4.464637
        0.000000       0.000000   10000.000000   10000.000000       1.019162       1.570077       4.712389
        0.000599      -0.004843      -3.992733    3475.776238       1.024054       1.574874       4.957796
        0.002401      -0.009510      -1.878777     451.581558       1.029070       1.579791       5.201511
        0.005403      -0.013816      -1.130665     145.534500       1.034331       1.584950       5.436538
        0.009596      -0.017676      -0.775305      47.859748       1.040038       1.590547       5.623685
        0.014970      -0.021286      -0.586776      26.195073       1.046517       1.596901       5.752546
        0.021513      -0.024653      -0.453055      16.154134       1.053879       1.604123       5.857793
        0.029209      -0.027740      -0.357664       9.500045       1.062174       1.612261       5.939700
        0.038040      -0.030585      -0.292182       5.755988       1.071452       1.621368       5.998916
        0.047983      -0.033226      -0.240701       4.691892       1.081741       1.631472       6.046978
        0.059015      -0.035679      -0.210570       1.109651       1.093043       1.642578       6.075647
        0.071110      -0.038080      -0.181714       3.453545       1.105374       1.654706       6.103433
        0.084238      -0.040242      -0.152849       1.121058       1.118680       1.667805       6.131510
        0.098368      -0.042299      -0.138913       0.868083       1.132959       1.681882       6.145156
        0.113465      -0.044293      -0.124974       0.971390       1.148187       1.696919       6.158856
        0.129493      -0.046174      -0.109859       0.917565       1.164325       1.712886       6.173765
        0.146414      -0.047898      -0.093703       0.988511       1.181334       1.729754       6.189756
        0.164187      -0.049444      -0.082216       0.334839       1.199174       1.747495       6.201154
        0.182769      -0.050889      -0.072017       0.745885       1.217812       1.766091       6.211293
        0.202115      -0.052163      -0.060648       0.441510       1.237200       1.785508       6.222611
        0.222179      -0.053309      -0.054491       0.181535       1.257297       1.805721       6.228748
        0.242912      -0.054373      -0.046906       0.539392       1.278057       1.826706       6.236314
        0.264264      -0.055261      -0.036631       0.426741       1.299428       1.848428       6.246571
        0.286185      -0.055949      -0.025652       0.571955       1.321360       1.870862       6.257539
        0.308620      -0.056413      -0.017055       0.202963       1.343800       1.893978       6.266132
        0.331517      -0.056748      -0.012176       0.223163       1.366699       1.917753       6.271010
        0.354819      -0.056942      -0.003245       0.538805       1.390002       1.942160       6.279940
        0.378472      -0.056870       0.009315       0.524235       1.413655       1.967172       6.292500
        0.402417      -0.056534       0.017220       0.140765       1.437603       1.992766       6.300403
        0.426597      -0.056032       0.026049       0.586300       1.461788       2.018916       6.309228
        0.450954      -0.055247       0.037462       0.352968       1.486158       2.045603       6.320630
        0.475430      -0.054192       0.050146       0.683192       1.510657       2.072805       6.333290
        0.499965      -0.052756       0.066871       0.681244       1.535234       2.100508       6.349957
        0.524500      -0.050883       0.086959       0.957859       1.559841       2.128703       6.369926
        0.548976      -0.048534       0.102232       0.288723       1.584430       2.157383       6.385064
        0.573335      -0.045863       0.120966       1.256523       1.608935       2.186518       6.403567
        0.597517      -0.042657       0.140627       0.363175       1.633329       2.216132       6.422896
        0.621465      -0.039162       0.152191       0.606045       1.657530       2.246178       6.434218
        0.645119      -0.035409       0.164459       0.429554       1.681481       2.276644       6.446185
        0.668425      -0.031453       0.175264       0.499414       1.705120       2.307509       6.456687
        0.691324      -0.027360       0.179969      -0.099580       1.728383       2.338751       6.461248
        0.713763      -0.023339       0.178755      -0.006733       1.751179       2.370310       6.460072
        0.735687      -0.019411       0.180182       0.140547       1.773451       2.402166       6.461454
        0.757042      -0.015577       0.176617      -0.492295       1.795148       2.434308       6.458000
        0.777778      -0.012032       0.164667      -0.666476       1.816185       2.466671       6.446388
        0.797845      -0.008803       0.160215       0.254231       1.836510       2.499232       6.442050
        0.817194      -0.005758       0.148928      -1.488281       1.856098       2.532014       6.431026
        0.835779      -0.003167       0.134485      -0.003835       1.874862       2.564931       6.416868
        0.853554      -0.000870       0.118341      -1.901886       1.892786       2.598010       6.400978
        0.870478       0.000919       0.096893      -0.564406       1.909804       2.631189       6.379776
        0.886508       0.002326       0.073655      -2.441661       1.925896       2.664484       6.356707
        0.901607       0.003210       0.047135      -0.978574       1.941022       2.697863       6.330285
        0.915739       0.003730       0.022480      -2.623948       1.955163       2.731345       6.305662
        0.928868       0.003787      -0.014642      -3.060680       1.968293       2.764927       6.268544
        0.940965       0.003451      -0.034933      -0.028266       1.980394       2.798626       6.248267
        0.951998       0.002992      -0.055767      -4.142361       1.991438       2.832432       6.227476
        0.961943       0.002280      -0.081673      -0.672481       2.001408       2.866372       6.201693
        0.970775       0.001500      -0.099433      -3.722507       2.010275       2.900420       6.184078
        0.978472       0.000631      -0.125249      -2.819334       2.018021       2.934603       6.158585
        0.985017      -0.000248      -0.142920      -2.481974       2.024625       2.968919       6.141226
        0.990394      -0.001048      -0.153615      -1.165745       2.030061       3.003342       6.130762
        0.994589      -0.001704      -0.159508      -1.747931       2.034307       3.037834       6.125010
        0.997593      -0.002192      -0.165765      -2.568468       2.037350       3.072380       6.118914
        0.999398      -0.002496      -0.172033      -5.307038       2.039181       3.106969       6.112820
        1.000000      -0.002601      -0.178490   10000.000000       2.039792       3.141593       6.106556

 MAPPING ITERATIONS FOR J= 27  Y=  2.811129

   ITS  IERR    SERR       R(C1ERR)    I(C1ERR)
     5    51  -0.0016095  -0.0004179   0.0006848
    10    78  -0.0000206   0.0000061  -0.0000007
    15    78   0.0000003   0.0000001  -0.0000036
    17    78   0.0000001   0.0000002  -0.0000036

 CURVE FIT AND S-MU TABLE FOR J=  28  Y=  2.888250  EPS=  0.006073  TE ANG(DEG)=    1.0932

          X              Z             DZ/DX         D2Z/DX2          S              SCOS           MU
        1.000000       0.002601      -0.198198   10000.000000       0.000000       0.000000       2.945931
        0.999398       0.002719      -0.194886      -2.686489       0.000614       0.034692       2.949119
        0.997593       0.003067      -0.191782      -1.248024       0.002452       0.069360       2.952111
        0.994589       0.003638      -0.188727      -0.851813       0.005510       0.103994       2.955059
        0.990393       0.004424      -0.186057      -0.492011       0.009778       0.138585       2.957639
        0.985017       0.005411      -0.180369      -1.401002       0.015245       0.173117       2.963142
        0.978472       0.006563      -0.171550      -1.292315       0.021890       0.207559       2.971696
        0.970774       0.007874      -0.172169       1.100137       0.029699       0.241917       2.971095
        0.961943       0.009390      -0.166822      -1.922907       0.038659       0.276215       2.976293
        0.951998       0.011005      -0.162376       0.737721       0.048734       0.310385       2.980621
        0.940965       0.012788      -0.156627      -1.554636       0.059911       0.344461       2.986228
        0.928869       0.014628      -0.151980       0.600997       0.072145       0.378387       2.990767
        0.915741       0.016631      -0.150119      -0.777237       0.085426       0.412204       2.992586
        0.901611       0.018691      -0.142554      -0.324296       0.099705       0.445863       2.999993
        0.886513       0.020838      -0.143630       0.420180       0.114955       0.479368       2.998939
        0.870484       0.023123      -0.137498      -1.098718       0.131146       0.512724       3.004952
        0.853563       0.025374      -0.132983       0.483649       0.148216       0.545873       3.009386
        0.835790       0.027744      -0.130041      -0.756723       0.166146       0.578848       3.012278
        0.817208       0.030084      -0.124616       0.135038       0.184875       0.611600       3.017615
        0.797862       0.032478      -0.120740      -0.511060       0.204368       0.644139       3.021434
        0.777799       0.034834      -0.115926       0.012847       0.224570       0.676435       3.026182
        0.757066       0.037204      -0.110994      -0.473681       0.245438       0.708485       3.031051
        0.735714       0.039494      -0.104813      -0.115535       0.266912       0.740261       3.037161
        0.713794       0.041737      -0.098585      -0.444903       0.288947       0.771755       3.043325
        0.691359       0.043863      -0.092129      -0.137651       0.311482       0.802944       3.049723
        0.668463       0.045930      -0.088147      -0.209019       0.334471       0.833821       3.053673
        0.645161       0.047887      -0.078135      -0.643922       0.357855       0.864365       3.063616
        0.621510       0.049606      -0.069281      -0.112511       0.381569       0.894548       3.072422
        0.597565       0.051183      -0.060455      -0.619725       0.405565       0.924363       3.081212
        0.573386       0.052505      -0.050600      -0.199598       0.429781       0.953785       3.091036
        0.549030       0.053658      -0.043195      -0.407697       0.454165       0.982804       3.098425
        0.524555       0.054601      -0.034155      -0.331889       0.478657       1.011397       3.107451
        0.500022       0.055344      -0.026670      -0.278871       0.503202       1.039547       3.114929
        0.475488       0.055911      -0.019459      -0.309461       0.527742       1.067234       3.122136
        0.451014       0.056307      -0.013375      -0.187698       0.552220       1.094435       3.128219
        0.426657       0.056554      -0.005940      -0.424742       0.576578       1.121129       3.135653
        0.402477       0.056624      -0.001901       0.094822       0.600758       1.147292       3.139692
        0.378532       0.056628       0.004448      -0.633542       0.624703       1.172901       3.146041
        0.354880       0.056410       0.011234       0.068888       0.648356       1.197929       3.152826
        0.331577       0.056125       0.014983      -0.398538       0.671661       1.222351       3.156575
        0.308681       0.055704       0.020658      -0.091699       0.694561       1.246140       3.162248
        0.286245       0.055163       0.030107      -0.765763       0.717004       1.269270       3.171690
        0.264323       0.054398       0.035855       0.266452       0.738939       1.291716       3.177433
        0.242970       0.053609       0.042216      -0.894858       0.760306       1.313445       3.183784
        0.222236       0.052591       0.053432      -0.164890       0.781066       1.334436       3.194974
        0.202171       0.051467       0.059589      -0.459305       0.801162       1.354656       3.201111
        0.182824       0.050214       0.070763      -0.705620       0.820550       1.374079       3.212238
        0.164240       0.048788       0.082017      -0.497119       0.839188       1.392680       3.223426
        0.146466       0.047256       0.090136      -0.412668       0.857029       1.410426       3.231486
        0.129543       0.045655       0.100103      -0.784478       0.874027       1.427287       3.241363
        0.113513       0.043943       0.114083      -0.970092       0.890149       1.443241       3.255185
        0.098413       0.042110       0.128682      -0.962637       0.905359       1.458263       3.269572
        0.084282       0.040155       0.151151      -2.309501       0.919626       1.472330       3.291609
        0.071151       0.037991       0.176692      -1.516269       0.932933       1.485433       3.316479
        0.059054       0.035709       0.203746      -3.087081       0.945244       1.497542       3.342588
        0.048019       0.033259       0.241658      -3.846404       0.956549       1.508652       3.378705
        0.038073       0.030636       0.289113      -5.899914       0.966836       1.518755       3.423031
        0.029239       0.027793       0.362584     -11.372898       0.976117       1.527865       3.489434
        0.021540       0.024638       0.461016     -14.540842       0.984440       1.536032       3.573569
        0.014993       0.021251       0.584474     -24.690990       0.991814       1.543266       3.670518
        0.009615       0.017663       0.771286     -49.318752       0.998284       1.549612       3.798578
        0.005418       0.013808       1.128637    -143.978959       1.003992       1.555209       3.987349
        0.002412       0.009505       1.875063    -451.896000       1.009253       1.560368       4.222446
        0.000604       0.004841       3.959368   -3378.471901       1.014267       1.565284       4.464997
        0.000000       0.000000   10000.000000   10000.000000       1.019158       1.570080       4.712389
        0.000600      -0.004842      -3.984769    3453.109952       1.024049       1.574876       4.958267
        0.002404      -0.009508      -1.877914     451.566233       1.029064       1.579793       5.201702
        0.005406      -0.013813      -1.130015     145.301071       1.034325       1.584952       5.436823
        0.009600      -0.017672      -0.774995      47.833846       1.040032       1.590549       5.623879
        0.014975      -0.021281      -0.586552      26.175678       1.046511       1.596903       5.752713
        0.021519      -0.024647      -0.452901      16.145440       1.053873       1.604125       5.857922
        0.029216      -0.027733      -0.357549       9.495289       1.062168       1.612264       5.939801
        0.038047      -0.030578      -0.292093       5.753437       1.071448       1.621372       5.998998
        0.047991      -0.033218      -0.240630       4.689973       1.081737       1.631476       6.047044
        0.059024      -0.035670      -0.210510       1.109220       1.093040       1.642583       6.075705
        0.071119      -0.038071      -0.181663       3.452282       1.105371       1.654710       6.103482
        0.084248      -0.040233      -0.152808       1.120674       1.118677       1.667810       6.131551
        0.098378      -0.042289      -0.138876       0.867792       1.132956       1.681887       6.145192
        0.113476      -0.044283      -0.124941       0.971076       1.148185       1.696925       6.158888
        0.129504      -0.046163      -0.109830       0.917277       1.164324       1.712893       6.173794
        0.146426      -0.047887      -0.093679       0.988214       1.181333       1.729761       6.189779
        0.164199      -0.049433      -0.082195       0.334741       1.199173       1.747503       6.201174
        0.182781      -0.050877      -0.071999       0.745672       1.217812       1.766099       6.211311
        0.202128      -0.052150      -0.060633       0.441388       1.237200       1.785516       6.222626
        0.222192      -0.053297      -0.054477       0.181485       1.257297       1.805730       6.228762
        0.242925      -0.054360      -0.046894       0.539248       1.278057       1.826715       6.236325
        0.264278      -0.055248      -0.036622       0.426630       1.299429       1.848439       6.246580
        0.286198      -0.055936      -0.025646       0.571811       1.321360       1.870872       6.257545
        0.308634      -0.056399      -0.017051       0.202913       1.343801       1.893989       6.266136
        0.331530      -0.056735      -0.012173       0.223109       1.366700       1.917764       6.271013
        0.354833      -0.056929      -0.003244       0.538678       1.390003       1.942171       6.279941
        0.378485      -0.056856       0.009313       0.524117       1.413656       1.967184       6.292498
        0.402430      -0.056520       0.017216       0.140734       1.437603       1.992778       6.300399
        0.426611      -0.056019       0.026043       0.586175       1.461789       2.018928       6.309223
        0.450968      -0.055234       0.037453       0.352895       1.486158       2.045615       6.320621
        0.475443      -0.054179       0.050135       0.683058       1.510657       2.072817       6.333279
        0.499977      -0.052744       0.066857       0.681119       1.535233       2.100521       6.349943
        0.524512      -0.050871       0.086940       0.957699       1.559840       2.128715       6.369908
        0.548988      -0.048523       0.102211       0.288676       1.584428       2.157394       6.385043
        0.573346      -0.045853       0.120942       1.256342       1.608932       2.186530       6.403542
        0.597527      -0.042647       0.140599       0.363130       1.633326       2.216142       6.422869
        0.621474      -0.039153       0.152161       0.605971       1.657526       2.246188       6.434189
        0.645128      -0.035401       0.164428       0.429506       1.681476       2.276653       6.446155
        0.668432      -0.031446       0.175230       0.499362       1.705113       2.307517       6.456654
        0.691331      -0.027354       0.179935      -0.099570       1.728375       2.338758       6.461215
        0.713768      -0.023334       0.178721      -0.006733       1.751170       2.370315       6.460039
        0.735691      -0.019406       0.180148       0.140533       1.773441       2.402171       6.461421
        0.757046      -0.015573       0.176584      -0.492245       1.795137       2.434311       6.457967
        0.777781      -0.012029       0.164635      -0.666400       1.816173       2.466673       6.446357
        0.797847      -0.008801       0.160183       0.254200       1.836497       2.499233       6.442019
        0.817195      -0.005757       0.148898      -1.488096       1.856084       2.532014       6.430998
        0.835779      -0.003166       0.134458      -0.003836       1.874848       2.564930       6.416841
        0.853554      -0.000870       0.118317      -1.901608       1.892771       2.598008       6.400954
        0.870477       0.000919       0.096872      -0.564315       1.909788       2.631186       6.379756
        0.886507       0.002326       0.073639      -2.441225       1.925880       2.664480       6.356691
        0.901606       0.003210       0.047124      -0.978376       1.941006       2.697858       6.330275
        0.915737       0.003729       0.022475      -2.623389       1.955147       2.731340       6.305657
        0.928867       0.003786      -0.014638      -3.059925       1.968277       2.764922       6.268548
        0.940963       0.003450      -0.034924      -0.028262       1.980378       2.798621       6.248275
        0.951997       0.002991      -0.055753      -4.141229       1.991422       2.832427       6.227490
        0.961942       0.002280      -0.081652      -0.672274       2.001392       2.866367       6.201714
        0.970774       0.001500      -0.099407      -3.721378       2.010259       2.900415       6.184104
        0.978472       0.000631      -0.125216      -2.818410       2.018006       2.934599       6.158617
        0.985017      -0.000248      -0.142882      -2.481137       2.024609       2.968916       6.141264
        0.990393      -0.001048      -0.153574      -1.165340       2.030045       3.003339       6.130802
        0.994589      -0.001704      -0.159464      -1.747322       2.034292       3.037832       6.125052
        0.997593      -0.002192      -0.165719      -2.567558       2.037335       3.072378       6.118958
        0.999398      -0.002496      -0.171985      -5.305132       2.039166       3.106968       6.112866
        1.000000      -0.002601      -0.178440   10000.000000       2.039777       3.141593       6.106603

 MAPPING ITERATIONS FOR J= 28  Y=  2.888250

   ITS  IERR    SERR       R(C1ERR)    I(C1ERR)
     5    51  -0.0016096  -0.0004177   0.0006850
    10    78  -0.0000206   0.0000062  -0.0000008
    15    78   0.0000003   0.0000001  -0.0000038
    17    78   0.0000001   0.0000002  -0.0000038

 CURVE FIT AND S-MU TABLE FOR J=  29  Y=  2.950887  EPS=  0.006072  TE ANG(DEG)=    1.0929

          X              Z             DZ/DX         D2Z/DX2          S              SCOS           MU
        1.000000       0.002600      -0.198154   10000.000000       0.000000       0.000000       2.945972
        0.999398       0.002718      -0.194843      -2.685681       0.000614       0.034693       2.949160
        0.997592       0.003067      -0.191740      -1.247652       0.002452       0.069361       2.952152
        0.994588       0.003638      -0.188686      -0.851561       0.005510       0.103996       2.955099
        0.990393       0.004423      -0.186017      -0.491865       0.009778       0.138587       2.957678
        0.985016       0.005410      -0.180331      -1.400594       0.015245       0.173120       2.963179
        0.978471       0.006561      -0.171514      -1.291947       0.021891       0.207563       2.971732
        0.970773       0.007872      -0.172133       1.099826       0.029699       0.241921       2.971130
        0.961941       0.009388      -0.166787      -1.922365       0.038661       0.276220       2.976327
        0.951996       0.011003      -0.162342       0.737516       0.048736       0.310390       2.980654
        0.940963       0.012786      -0.156594      -1.554207       0.059912       0.344467       2.986260
        0.928867       0.014626      -0.151948       0.600833       0.072147       0.378394       2.990798
        0.915738       0.016628      -0.150088      -0.777027       0.085428       0.412211       2.992617
        0.901607       0.018688      -0.142525      -0.324210       0.099708       0.445871       3.000021
        0.886509       0.020834      -0.143600       0.420069       0.114958       0.479376       2.998968
        0.870480       0.023119      -0.137469      -1.098429       0.131149       0.512732       3.004980
        0.853558       0.025369      -0.132956       0.483523       0.148220       0.545883       3.009412
        0.835785       0.027739      -0.130014      -0.756528       0.166151       0.578857       3.012304
        0.817202       0.030079      -0.124591       0.135004       0.184880       0.611611       3.017640
        0.797856       0.032472      -0.120716      -0.510931       0.204374       0.644150       3.021458
        0.777792       0.034828      -0.115902       0.012844       0.224576       0.676446       3.026205
        0.757059       0.037198      -0.110972      -0.473564       0.245444       0.708497       3.031073
        0.735706       0.039487      -0.104792      -0.115507       0.266919       0.740273       3.037182
        0.713786       0.041729      -0.098565      -0.444797       0.288954       0.771767       3.043345
        0.691350       0.043856      -0.092111      -0.137619       0.311490       0.802957       3.049741
        0.668454       0.045922      -0.088130      -0.208970       0.334479       0.833834       3.053690
        0.645152       0.047879      -0.078120      -0.643777       0.357864       0.864379       3.063631
        0.621500       0.049597      -0.069268      -0.112486       0.381578       0.894561       3.072435
        0.597555       0.051174      -0.060443      -0.619592       0.405575       0.924377       3.081223
        0.573375       0.052496      -0.050591      -0.199557       0.429790       0.953799       3.091045
        0.549019       0.053648      -0.043187      -0.407614       0.454174       0.982818       3.098433
        0.524544       0.054591      -0.034149      -0.331824       0.478667       1.011412       3.107457
        0.500011       0.055334      -0.026665      -0.278817       0.503212       1.039562       3.114934
        0.475477       0.055902      -0.019456      -0.309402       0.527752       1.067248       3.122140
        0.451002       0.056297      -0.013372      -0.187663       0.552230       1.094450       3.128221
        0.426646       0.056544      -0.005939      -0.424665       0.576588       1.121144       3.135654
        0.402466       0.056614      -0.001900       0.094805       0.600768       1.147307       3.139692
        0.378521       0.056618       0.004447      -0.633431       0.624713       1.172915       3.146040
        0.354869       0.056400       0.011232       0.068876       0.648366       1.197944       3.152824
        0.331566       0.056116       0.014981      -0.398471       0.671671       1.222365       3.156572
        0.308669       0.055694       0.020655      -0.091684       0.694572       1.246155       3.162245
        0.286233       0.055153       0.030101      -0.765642       0.717014       1.269284       3.171685
        0.264312       0.054389       0.035849       0.266411       0.738948       1.291731       3.177426
        0.242959       0.053600       0.042209      -0.894723       0.760316       1.313459       3.183777
        0.222225       0.052582       0.053423      -0.164866       0.781075       1.334450       3.194965
        0.202160       0.051458       0.059579      -0.459240       0.801171       1.354670       3.201102
        0.182813       0.050205       0.070751      -0.705526       0.820559       1.374093       3.212226
        0.164230       0.048780       0.082004      -0.497056       0.839197       1.392693       3.223413
        0.146456       0.047248       0.090122      -0.412618       0.857037       1.410439       3.231472
        0.129534       0.045647       0.100088      -0.784388       0.874035       1.427300       3.241348
        0.113504       0.043935       0.114066      -0.969989       0.890157       1.443254       3.255167
        0.098405       0.042102       0.128663      -0.962542       0.905366       1.458275       3.269553
        0.084273       0.040148       0.151129      -2.309308       0.919633       1.472341       3.291587
        0.071143       0.037984       0.176667      -1.516168       0.932940       1.485445       3.316455
        0.059047       0.035703       0.203719      -3.086923       0.945250       1.497553       3.342561
        0.048012       0.033253       0.241627      -3.846304       0.956554       1.508662       3.378676
        0.038066       0.030631       0.289079      -5.899905       0.966840       1.518764       3.423000
        0.029234       0.027788       0.362547     -11.373507       0.976121       1.527874       3.489401
        0.021535       0.024634       0.460977     -14.542116       0.984443       1.536041       3.573538
        0.014989       0.021248       0.584445     -24.697370       0.991816       1.543274       3.670496
        0.009611       0.017660       0.771259     -49.323277       0.998285       1.549618       3.798561
        0.005415       0.013806       1.128768    -144.123022       1.003992       1.555214       3.987407
        0.002410       0.009503       1.875096    -451.742620       1.009252       1.560372       4.222453
        0.000603       0.004840       3.964650   -3396.313807       1.014264       1.565287       4.465313
        0.000000       0.000000   10000.000000   10000.000000       1.019155       1.570083       4.712389
        0.000601      -0.004841      -3.978028    3433.773699       1.024045       1.574878       4.958667
        0.002406      -0.009506      -1.877217     451.562900       1.029059       1.579794       5.201856
        0.005409      -0.013811      -1.129484     145.104081       1.034320       1.584953       5.437057
        0.009603      -0.017669      -0.774747      47.812739       1.040028       1.590550       5.624033
        0.014980      -0.021277      -0.586374      26.159652       1.046507       1.596905       5.752845
        0.021524      -0.024643      -0.452779      16.138363       1.053870       1.604127       5.858023
        0.029222      -0.027729      -0.357459       9.491436       1.062165       1.612266       5.939881
        0.038053      -0.030572      -0.292024       5.751386       1.071445       1.621375       5.999062
        0.047998      -0.033212      -0.240576       4.688441       1.081735       1.631480       6.047096
        0.059031      -0.035664      -0.210464       1.108878       1.093038       1.642587       6.075749
        0.071127      -0.038064      -0.181625       3.451282       1.105370       1.654715       6.103519
        0.084256      -0.040226      -0.152776       1.120373       1.118676       1.667815       6.131582
        0.098387      -0.042282      -0.138847       0.867563       1.132955       1.681893       6.145220
        0.113485      -0.044275      -0.124916       0.970829       1.148184       1.696931       6.158913
        0.129514      -0.046155      -0.109808       0.917053       1.164324       1.712899       6.173815
        0.146436      -0.047878      -0.093660       0.987982       1.181333       1.729768       6.189797
        0.164209      -0.049424      -0.082180       0.334665       1.199174       1.747510       6.201190
        0.182792      -0.050868      -0.071985       0.745507       1.217812       1.766107       6.211324
        0.202138      -0.052141      -0.060622       0.441294       1.237201       1.785524       6.222638
        0.222203      -0.053287      -0.054467       0.181447       1.257298       1.805739       6.228772
        0.242936      -0.054351      -0.046886       0.539138       1.278059       1.826724       6.236334
        0.264289      -0.055238      -0.036615       0.426545       1.299430       1.848448       6.246587
        0.286210      -0.055926      -0.025642       0.571702       1.321362       1.870882       6.257549
        0.308645      -0.056389      -0.017048       0.202876       1.343802       1.893999       6.266139
        0.331542      -0.056725      -0.012171       0.223068       1.366702       1.917774       6.271015
        0.354845      -0.056919      -0.003244       0.538582       1.390005       1.942182       6.279942
        0.378497      -0.056846       0.009311       0.524029       1.413658       1.967194       6.292496
        0.402442      -0.056510       0.017213       0.140711       1.437605       1.992788       6.300396
        0.426622      -0.056009       0.026039       0.586082       1.461790       2.018939       6.309218
        0.450979      -0.055225       0.037447       0.352842       1.486160       2.045626       6.320615
        0.475454      -0.054169       0.050127       0.682960       1.510658       2.072828       6.333271
        0.499988      -0.052734       0.066846       0.681027       1.535234       2.100531       6.349932
        0.524522      -0.050862       0.086927       0.957585       1.559840       2.128726       6.369894
        0.548998      -0.048514       0.102195       0.288643       1.584428       2.157405       6.385027
        0.573355      -0.045845       0.120923       1.256218       1.608932       2.186540       6.403524
        0.597536      -0.042639       0.140578       0.363101       1.633324       2.216152       6.422848
        0.621482      -0.039146       0.152140       0.605922       1.657524       2.246197       6.434167
        0.645135      -0.035394       0.164404       0.429476       1.681473       2.276661       6.446132
        0.668438      -0.031441       0.175206       0.499330       1.705109       2.307524       6.456631
        0.691336      -0.027349       0.179910      -0.099564       1.728370       2.338764       6.461191
        0.713773      -0.023330       0.178696      -0.006733       1.751164       2.370321       6.460015
        0.735695      -0.019403       0.180123       0.140524       1.773434       2.402175       6.461397
        0.757048      -0.015570       0.176559      -0.492214       1.795130       2.434314       6.457943
        0.777783      -0.012027       0.164612      -0.666352       1.816165       2.466675       6.446334
        0.797848      -0.008800       0.160161       0.254179       1.836488       2.499235       6.441997
        0.817196      -0.005756       0.148877      -1.487974       1.856074       2.532014       6.430977
        0.835779      -0.003166       0.134438      -0.003836       1.874837       2.564929       6.416822
        0.853554      -0.000870       0.118299      -1.901416       1.892759       2.598007       6.400937
        0.870476       0.000919       0.096857      -0.564251       1.909776       2.631184       6.379741
        0.886506       0.002325       0.073627      -2.440911       1.925868       2.664477       6.356680
        0.901605       0.003209       0.047116      -0.978231       1.940993       2.697855       6.330267
        0.915736       0.003728       0.022471      -2.622974       1.955134       2.731336       6.305653
        0.928866       0.003786      -0.014636      -3.059352       1.968265       2.764918       6.268551
        0.940962       0.003449      -0.034918      -0.028259       1.980366       2.798617       6.248281
        0.951996       0.002991      -0.055742      -4.140359       1.991409       2.832423       6.227501
        0.961941       0.002279      -0.081637      -0.672113       2.001380       2.866363       6.201729
        0.970773       0.001499      -0.099388      -3.720500       2.010247       2.900412       6.184123
        0.978471       0.000631      -0.125191      -2.817686       2.017994       2.934596       6.158642
        0.985016      -0.000248      -0.142853      -2.480479       2.024598       2.968913       6.141292
        0.990393      -0.001048      -0.153542      -1.165021       2.030034       3.003337       6.130833
        0.994588      -0.001703      -0.159431      -1.746842       2.034280       3.037831       6.125085
        0.997592      -0.002191      -0.165685      -2.566839       2.037324       3.072377       6.118992
        0.999398      -0.002495      -0.171949      -5.303625       2.039154       3.106967       6.112901
        1.000000      -0.002600      -0.178402   10000.000000       2.039766       3.141593       6.106640

 MAPPING ITERATIONS FOR J= 29  Y=  2.950887

   ITS  IERR    SERR       R(C1ERR)    I(C1ERR)
     5    51  -0.0016096  -0.0004176   0.0006852
    10    78  -0.0000206   0.0000062  -0.0000010
    15    78   0.0000003   0.0000001  -0.0000039
    17    78   0.0000001   0.0000002  -0.0000039

 CURVE FIT AND S-MU TABLE FOR J=  30  Y=  3.004306  EPS=  0.006071  TE ANG(DEG)=    1.0927

          X              Z             DZ/DX         D2Z/DX2          S              SCOS           MU
        1.000000       0.002600      -0.198119   10000.000000       0.000000       0.000000       2.946006
        0.999398       0.002718      -0.194809      -2.685002       0.000614       0.034693       2.949194
        0.997592       0.003066      -0.191706      -1.247339       0.002452       0.069362       2.952184
        0.994588       0.003637      -0.188653      -0.851349       0.005510       0.103998       2.955131
        0.990393       0.004423      -0.185984      -0.491743       0.009779       0.138590       2.957709
        0.985016       0.005410      -0.180299      -1.400252       0.015246       0.173123       2.963210
        0.978470       0.006560      -0.171484      -1.291639       0.021891       0.207567       2.971761
        0.970772       0.007871      -0.172103       1.099566       0.029700       0.241925       2.971159
        0.961940       0.009387      -0.166758      -1.921912       0.038662       0.276225       2.976355
        0.951995       0.011002      -0.162314       0.737345       0.048737       0.310395       2.980682
        0.940961       0.012784      -0.156568      -1.553850       0.059914       0.344472       2.986286
        0.928865       0.014624      -0.151922       0.600696       0.072149       0.378400       2.990823
        0.915735       0.016626      -0.150062      -0.776851       0.085431       0.412218       2.992642
        0.901604       0.018686      -0.142501      -0.324138       0.099711       0.445878       3.000045
        0.886506       0.020831      -0.143576       0.419977       0.114961       0.479383       2.998991
        0.870476       0.023116      -0.137446      -1.098189       0.131153       0.512740       3.005002
        0.853554       0.025366      -0.132934       0.483418       0.148224       0.545891       3.009434
        0.835780       0.027735      -0.129993      -0.756365       0.166155       0.578866       3.012325
        0.817197       0.030075      -0.124571       0.134975       0.184885       0.611620       3.017661
        0.797850       0.032467      -0.120696      -0.510824       0.204379       0.644160       3.021477
        0.777786       0.034823      -0.115884       0.012841       0.224581       0.676456       3.026224
        0.757052       0.037192      -0.110954      -0.473468       0.245450       0.708507       3.031091
        0.735699       0.039482      -0.104775      -0.115484       0.266925       0.740284       3.037198
        0.713778       0.041724      -0.098550      -0.444709       0.288961       0.771778       3.043360
        0.691342       0.043849      -0.092096      -0.137593       0.311497       0.802968       3.049755
        0.668446       0.045916      -0.088116      -0.208929       0.334487       0.833846       3.053703
        0.645143       0.047872      -0.078108      -0.643658       0.357871       0.864391       3.063643
        0.621491       0.049590      -0.069257      -0.112466       0.381586       0.894574       3.072446
        0.597546       0.051167      -0.060434      -0.619483       0.405583       0.924389       3.081232
        0.573366       0.052489      -0.050583      -0.199524       0.429799       0.953812       3.091053
        0.549009       0.053641      -0.043180      -0.407546       0.454183       0.982831       3.098439
        0.524535       0.054583      -0.034144      -0.331770       0.478676       1.011424       3.107462
        0.500001       0.055327      -0.026661      -0.278773       0.503221       1.039574       3.114938
        0.475467       0.055894      -0.019453      -0.309355       0.527761       1.067261       3.122142
        0.450992       0.056289      -0.013370      -0.187635       0.552239       1.094463       3.128223
        0.426635       0.056536      -0.005938      -0.424603       0.576597       1.121157       3.135655
        0.402456       0.056606      -0.001900       0.094792       0.600777       1.147320       3.139693
        0.378511       0.056610       0.004447      -0.633343       0.624722       1.172928       3.146039
        0.354858       0.056392       0.011230       0.068866       0.648376       1.197956       3.152822
        0.331556       0.056108       0.014979      -0.398418       0.671680       1.222378       3.156570
        0.308659       0.055686       0.020652      -0.091672       0.694581       1.246167       3.162242
        0.286223       0.055145       0.030097      -0.765545       0.717023       1.269297       3.171681
        0.264302       0.054381       0.035844       0.266378       0.738957       1.291743       3.177422
        0.242949       0.053592       0.042203      -0.894617       0.760325       1.313471       3.183771
        0.222216       0.052575       0.053416      -0.164848       0.781084       1.334462       3.194958
        0.202151       0.051451       0.059572      -0.459190       0.801180       1.354682       3.201094
        0.182804       0.050198       0.070742      -0.705454       0.820567       1.374104       3.212217
        0.164221       0.048773       0.081993      -0.497008       0.839205       1.392705       3.223403
        0.146447       0.047241       0.090111      -0.412580       0.857045       1.410450       3.231461
        0.129525       0.045641       0.100075      -0.784320       0.874043       1.427311       3.241336
        0.113495       0.043929       0.114052      -0.969913       0.890163       1.443264       3.255154
        0.098397       0.042096       0.128648      -0.962473       0.905373       1.458286       3.269538
        0.084266       0.040142       0.151112      -2.309174       0.919639       1.472352       3.291570
        0.071136       0.037979       0.176648      -1.516102       0.932946       1.485454       3.316437
        0.059040       0.035698       0.203698      -3.086832       0.945256       1.497563       3.342541
        0.048006       0.033249       0.241604      -3.846279       0.956559       1.508671       3.378654
        0.038061       0.030627       0.289053      -5.899995       0.966845       1.518773       3.422977
        0.029229       0.027784       0.362520     -11.374243       0.976125       1.527882       3.489377
        0.021530       0.024630       0.460951     -14.543501       0.984446       1.536048       3.573516
        0.014985       0.021245       0.584428     -24.703507       0.991819       1.543280       3.670483
        0.009608       0.017657       0.771248     -49.328143       0.998287       1.549624       3.798555
        0.005412       0.013804       1.128904    -144.254751       1.003992       1.555219       3.987466
        0.002408       0.009502       1.875156    -451.611544       1.009251       1.560376       4.222466
        0.000602       0.004840       3.969461   -3412.427360       1.014263       1.565291       4.465601
        0.000000       0.000000   10000.000000   10000.000000       1.019153       1.570085       4.712389
        0.000602      -0.004840      -3.972071    3416.590705       1.024042       1.574879       4.959021
        0.002407      -0.009505      -1.876624     451.566187       1.029056       1.579796       5.201987
        0.005411      -0.013809      -1.129028     144.930370       1.034317       1.584954       5.437257
        0.009607      -0.017667      -0.774538      47.794624       1.040025       1.590552       5.624164
        0.014984      -0.021274      -0.586225      26.145745       1.046505       1.596907       5.752956
        0.021529      -0.024639      -0.452677      16.132297       1.053867       1.604129       5.858107
        0.029227      -0.027725      -0.357385       9.488145       1.062163       1.612269       5.939947
        0.038059      -0.030568      -0.291967       5.749645       1.071443       1.621378       5.999115
        0.048004      -0.033207      -0.240531       4.687146       1.081733       1.631483       6.047138
        0.059038      -0.035659      -0.210426       1.108589       1.093037       1.642591       6.075785
        0.071134      -0.038059      -0.181593       3.450445       1.105369       1.654719       6.103550
        0.084264      -0.040220      -0.152750       1.120121       1.118676       1.667820       6.131607
        0.098395      -0.042276      -0.138824       0.867373       1.132955       1.681898       6.145243
        0.113493      -0.044269      -0.124895       0.970625       1.148185       1.696936       6.158933
        0.129523      -0.046149      -0.109791       0.916867       1.164325       1.712905       6.173833
        0.146445      -0.047872      -0.093645       0.987791       1.181334       1.729774       6.189812
        0.164218      -0.049417      -0.082167       0.334602       1.199175       1.747517       6.201203
        0.182801      -0.050861      -0.071974       0.745373       1.217814       1.766114       6.211336
        0.202148      -0.052134      -0.060612       0.441217       1.237203       1.785532       6.222647
        0.222213      -0.053280      -0.054459       0.181416       1.257300       1.805746       6.228780
        0.242946      -0.054343      -0.046879       0.539048       1.278061       1.826732       6.236341
        0.264299      -0.055230      -0.036610       0.426476       1.299433       1.848456       6.246592
        0.286220      -0.055918      -0.025638       0.571613       1.321364       1.870890       6.257553
        0.308656      -0.056382      -0.017046       0.202845       1.343805       1.894007       6.266141
        0.331553      -0.056717      -0.012169       0.223035       1.366704       1.917783       6.271017
        0.354855      -0.056911      -0.003243       0.538505       1.390008       1.942191       6.279942
        0.378507      -0.056838       0.009310       0.523959       1.413660       1.967204       6.292495
        0.402452      -0.056502       0.017211       0.140692       1.437608       1.992798       6.300394
        0.426632      -0.056001       0.026035       0.586008       1.461793       2.018949       6.309215
        0.450989      -0.055217       0.037442       0.352800       1.486162       2.045636       6.320610
        0.475464      -0.054162       0.050121       0.682883       1.510660       2.072838       6.333264
        0.499998      -0.052727       0.066837       0.680957       1.535236       2.100541       6.349923
        0.524532      -0.050855       0.086916       0.957498       1.559842       2.128736       6.369883
        0.549007      -0.048507       0.102183       0.288618       1.584429       2.157414       6.385015
        0.573363      -0.045838       0.120909       1.256127       1.608932       2.186549       6.403510
        0.597544      -0.042633       0.140562       0.363081       1.633324       2.216160       6.422833
        0.621489      -0.039141       0.152123       0.605889       1.657523       2.246205       6.434151
        0.645141      -0.035389       0.164386       0.429455       1.681471       2.276668       6.446114
        0.668444      -0.031436       0.175187       0.499309       1.705107       2.307531       6.456612
        0.691341      -0.027345       0.179891      -0.099560       1.728366       2.338770       6.461172
        0.713777      -0.023326       0.178677      -0.006733       1.751159       2.370325       6.459997
        0.735698      -0.019400       0.180104       0.140518       1.773429       2.402179       6.461379
        0.757051      -0.015568       0.176540      -0.492195       1.795123       2.434317       6.457925
        0.777785      -0.012025       0.164594      -0.666319       1.816158       2.466677       6.446316
        0.797849      -0.008798       0.160143       0.254165       1.836480       2.499236       6.441980
        0.817197      -0.005755       0.148860      -1.487889       1.856066       2.532014       6.430960
        0.835779      -0.003165       0.134422      -0.003837       1.874828       2.564929       6.416807
        0.853553      -0.000870       0.118285      -1.901275       1.892750       2.598005       6.400923
        0.870476       0.000919       0.096845      -0.564203       1.909767       2.631182       6.379729
        0.886505       0.002325       0.073618      -2.440670       1.925858       2.664474       6.356670
        0.901604       0.003209       0.047110      -0.978116       1.940983       2.697852       6.330261
        0.915735       0.003728       0.022468      -2.622646       1.955124       2.731333       6.305650
        0.928864       0.003785      -0.014634      -3.058889       1.968255       2.764914       6.268553
        0.940961       0.003449      -0.034913      -0.028257       1.980356       2.798614       6.248286
        0.951995       0.002990      -0.055734      -4.139649       1.991400       2.832419       6.227509
        0.961940       0.002279      -0.081624      -0.671980       2.001370       2.866360       6.201742
        0.970772       0.001499      -0.099372      -3.719776       2.010237       2.900408       6.184139
        0.978470       0.000630      -0.125171      -2.817084       2.017984       2.934593       6.158662
        0.985016      -0.000248      -0.142829      -2.479931       2.024588       2.968910       6.141316
        0.990393      -0.001048      -0.153516      -1.164755       2.030025       3.003335       6.130859
        0.994588      -0.001703      -0.159404      -1.746441       2.034271       3.037829       6.125111
        0.997592      -0.002191      -0.165656      -2.566239       2.037314       3.072376       6.119020
        0.999398      -0.002495      -0.171919      -5.302364       2.039145       3.106967       6.112930
        1.000000      -0.002600      -0.178371   10000.000000       2.039757       3.141593       6.106670

 MAPPING ITERATIONS FOR J= 30  Y=  3.004306

   ITS  IERR    SERR       R(C1ERR)    I(C1ERR)
     5    51  -0.0016098  -0.0004175   0.0006854
    10    78  -0.0000205   0.0000062  -0.0000011
    15    78   0.0000003   0.0000002  -0.0000041
    17    78   0.0000001   0.0000002  -0.0000040

 * MAPWNG DONE *

 * GETYGR DONE *

 R DERIVATIVES (R<1,THETA=PI) FOR J=   3  Y=  0.000000  TWIST(DEG)=  7.137013  XTWIST=  0.000000  CHORD=  0.916681

     R         RBAR      DRBAR    D2RBAR      X         Z         XR        XRR       ZR        ZRR       XRT       ZRT
   0.050000  0.050257   1.00513   0.00000  -4.70731   1.07500  105.3538-4198.9440  -21.3111  851.9618  -21.3162 -105.6798
   0.100000  0.100513   1.00513  -0.00279  -2.07940   0.54233   26.2138 -527.7923   -5.3251  106.6003   -5.3334  -26.5484
   0.150000  0.150759   1.00455  -0.01837  -1.20855   0.36493   11.5526 -156.3761   -2.3631   31.6029   -2.3734  -11.8861
   0.200000  0.200960   1.00341  -0.02654  -0.77753   0.27641    6.4219  -65.9455   -1.3259   13.3367   -1.3381   -6.7518
   0.250000  0.251095   1.00195  -0.03127  -0.52237   0.22345    4.0486  -33.7351   -0.8457    6.8315   -0.8597   -4.3741
   0.300000  0.301152   1.00033  -0.03285  -0.35507   0.18828    2.7609  -19.4966   -0.5847    3.9562   -0.6005   -3.0814
   0.350000  0.351128   0.99872  -0.03127  -0.23791   0.16328    1.9856  -12.2545   -0.4272    2.4939   -0.4449   -2.3010
   0.400000  0.401026   0.99726  -0.02654  -0.15202   0.14465    1.4835   -8.1888   -0.3248    1.6733   -0.3446   -1.7935
   0.450000  0.450859   0.99611  -0.01865  -0.08694   0.13027    1.1403   -5.7327   -0.2545    1.1778   -0.2764   -1.4447
   0.500000  0.500646   0.99545  -0.00761  -0.03636   0.11887    0.8957   -4.1623   -0.2041    0.8614   -0.2284   -1.1943
   0.550000  0.550414   0.99541   0.00660   0.00370   0.10965    0.7155   -3.1119   -0.1666    0.6503   -0.1936   -1.0079
   0.600000  0.600199   0.99616   0.02395   0.03591   0.10206    0.5792   -2.3829   -0.1380    0.5045   -0.1680   -0.8649
   0.650000  0.650045   0.99785   0.04326   0.06213   0.09575    0.4738   -1.8616   -0.1155    0.4013   -0.1492   -0.7523
   0.700000  0.700000   1.00000   0.01956   0.08366   0.09044    0.3905   -1.4945   -0.0973    0.3306   -0.1355   -0.6609
   0.750000  0.750000   1.00000   0.00000   0.10144   0.08596    0.3231   -1.2087   -0.0822    0.2776   -0.1258   -0.5836
   0.800000  0.800000   1.00000   0.00000   0.11619   0.08218    0.2685   -0.9831   -0.0694    0.2358   -0.1200   -0.5177
   0.850000  0.850000   1.00000   0.00000   0.12846   0.07900    0.2240   -0.8039   -0.0583    0.2105   -0.1185   -0.4602
   0.900000  0.900000   1.00000   0.00000   0.13872   0.07633    0.1875   -0.6648   -0.0484    0.1831   -0.1231   -0.4081
   0.950000  0.950000   1.00000   0.00000   0.14732   0.07415    0.1575   -0.5299   -0.0389    0.2150   -0.1461   -0.3535
   1.000000  1.000000   1.00000   0.00000   0.15458   0.07246    0.1342   -0.4096   -0.0267    0.2626   -0.2918   -0.2445

 R DERIVATIVES (R<1,THETA=PI) FOR J=   4  Y=  0.070799  TWIST(DEG)=  5.964555  XTWIST=  0.000000  CHORD=  0.912193

     R         RBAR      DRBAR    D2RBAR      X         Z         XR        XRR       ZR        ZRR       XRT       ZRT
   0.050000  0.049171   0.98343   0.00000  -4.67933   0.90869  105.1507-4190.4032  -18.0146  720.3144  -18.0167 -105.4888
   0.100000  0.098343   0.98343   0.00902  -2.05665   0.45838   26.1589 -526.4900   -4.5023   90.0487   -4.5067  -26.5041
   0.150000  0.147548   0.98530   0.05935  -1.18719   0.30827   11.5470 -155.8116   -2.0025   26.6626   -2.0083  -11.8920
   0.200000  0.196900   0.98899   0.08573  -0.75596   0.23315    6.4327  -65.7865   -1.1273   11.2622   -1.1344   -6.7762
   0.250000  0.246464   0.99371   0.10102  -0.50015   0.18805    4.0630  -33.7267   -0.7215    5.7787   -0.7300   -4.4047
   0.300000  0.296279   0.99893   0.10612  -0.33215   0.15800    2.7738  -19.5541   -0.5004    3.3550   -0.5104   -3.1134
   0.350000  0.346357   1.00415   0.10102  -0.21443   0.13658    1.9948  -12.3432   -0.3667    2.1225   -0.3782   -2.3319
   0.400000  0.396685   1.00886   0.08573  -0.12820   0.12058    1.4879   -8.2916   -0.2794    1.4307   -0.2925   -1.8221
   0.450000  0.447226   1.01255   0.06025  -0.06303   0.10820    1.1394   -5.8400   -0.2191    1.0128   -0.2340   -1.4700
   0.500000  0.497915   1.01471   0.02457  -0.01263   0.09839    0.8894   -4.2680   -0.1756    0.7457   -0.1924   -1.2154
   0.550000  0.548663   1.01484  -0.02130   0.02698   0.09046    0.7041   -3.2117   -0.1431    0.5672   -0.1620   -1.0243
   0.600000  0.599356   1.01241  -0.07737   0.05851   0.08396    0.5630   -2.4737   -0.1180    0.4435   -0.1392   -0.8760
   0.650000  0.649853   1.00693  -0.13974   0.08380   0.07858    0.4533   -1.9389   -0.0981    0.3548   -0.1221   -0.7574
   0.700000  0.700000   1.00000  -0.06317   0.10422   0.07409    0.3674   -1.4925   -0.0822    0.2788   -0.1093   -0.6612
   0.750000  0.750000   1.00000   0.00000   0.12089   0.07030    0.3014   -1.1833   -0.0698    0.2277   -0.1010   -0.5858
   0.800000  0.800000   1.00000   0.00000   0.13458   0.06708    0.2480   -0.9608   -0.0593    0.1937   -0.0958   -0.5214
   0.850000  0.850000   1.00000   0.00000   0.14585   0.06435    0.2045   -0.7906   -0.0502    0.1700   -0.0940   -0.4652
   0.900000  0.900000   1.00000   0.00000   0.15515   0.06204    0.1687   -0.6419   -0.0422    0.1528   -0.0964   -0.4162
   0.950000  0.950000   1.00000   0.00000   0.16282   0.06012    0.1388   -0.5740   -0.0347    0.1511   -0.1062   -0.3859
   1.000000  1.000000   1.00000   0.00000   0.16910   0.05854    0.1107   -0.5455   -0.0270    0.1513   -0.1348   -0.5062

 R DERIVATIVES (R<1,THETA=PI) FOR J=   5  Y=  0.140980  TWIST(DEG)=  5.172694  XTWIST=  0.000000  CHORD=  0.892355

     R         RBAR      DRBAR    D2RBAR      X         Z         XR        XRR       ZR        ZRR       XRT       ZRT
   0.050000  0.047510   0.95021   0.00000  -4.64934   0.79530  105.1062-4188.9646  -15.7774  630.9396  -15.7780 -105.4381
   0.100000  0.095021   0.95021   0.02711  -2.02762   0.40089   26.1503 -525.7397   -3.9437   78.7841   -3.9460  -26.4885
   0.150000  0.142633   0.95585   0.17830  -1.15756   0.26927   11.5801 -155.3070   -1.7599   23.2810   -1.7632  -11.9197
   0.200000  0.190686   0.96694   0.25755  -0.72426   0.20311    6.4788  -65.7083   -0.9952    9.8500   -0.9996   -6.8200
   0.250000  0.239377   0.98109   0.30349  -0.46612   0.16322    4.1084  -33.8112   -0.6399    5.0693   -0.6453   -4.4515
   0.300000  0.288821   0.99678   0.31880  -0.29599   0.13651    2.8130  -19.7075   -0.4456    2.9561   -0.4522   -3.1581
   0.350000  0.339055   1.01246   0.30349  -0.17652   0.11741    2.0255  -12.5249   -0.3274    1.8809   -0.3353   -2.3723
   0.400000  0.390041   1.02661   0.25755  -0.08899   0.10310    1.5092   -8.4807   -0.2498    1.2769   -0.2591   -1.8567
   0.450000  0.441665   1.03770   0.18099  -0.02298   0.09204    1.1514   -6.0239   -0.1958    0.9114   -0.2066   -1.4980
   0.500000  0.493735   1.04420   0.07381   0.02779   0.08328    0.8925   -4.4390   -0.1565    0.6772   -0.1689   -1.2362
   0.550000  0.545983   1.04458  -0.06401   0.06735   0.07623    0.6990   -3.3648   -0.1268    0.5201   -0.1409   -1.0373
   0.600000  0.598065   1.03729  -0.23244   0.09844   0.07048    0.5508   -2.6058   -0.1037    0.4107   -0.1197   -0.8804
   0.650000  0.649559   1.02082  -0.41982   0.12297   0.06578    0.4351   -2.0453   -0.0853    0.3312   -0.1032   -0.7525
   0.700000  0.700000   1.00000  -0.18979   0.14236   0.06190    0.3457   -1.4864   -0.0706    0.2440   -0.0908   -0.6488
   0.750000  0.750000   1.00000   0.00000   0.15799   0.05864    0.2819   -1.1437   -0.0601    0.1917   -0.0836   -0.5759
   0.800000  0.800000   1.00000   0.00000   0.17075   0.05586    0.2303   -0.9296   -0.0513    0.1631   -0.0793   -0.5134
   0.850000  0.850000   1.00000   0.00000   0.18118   0.05349    0.1882   -0.7598   -0.0436    0.1438   -0.0783   -0.4578
   0.900000  0.900000   1.00000   0.00000   0.18970   0.05148    0.1537   -0.6227   -0.0368    0.1312   -0.0822   -0.4062
   0.950000  0.950000   1.00000   0.00000   0.19665   0.04981    0.1256   -0.5046   -0.0302    0.1345   -0.0951   -0.3551
   1.000000  1.000000   1.00000   0.00000   0.20235   0.04847    0.1029   -0.4064   -0.0233    0.1389   -0.1240   -0.2997

 R DERIVATIVES (R<1,THETA=PI) FOR J=   6  Y=  0.212251  TWIST(DEG)=  4.621035  XTWIST=  0.000000  CHORD=  0.870562

     R         RBAR      DRBAR    D2RBAR      X         Z         XR        XRR       ZR        ZRR       XRT       ZRT
   0.050000  0.045926   0.91852   0.00000  -4.61977   0.71692  105.1235-4190.2018  -14.2297  569.0988  -14.2294 -105.4443
   0.100000  0.091852   0.91852   0.04437  -1.99740   0.36118   26.1590 -525.2754   -3.5572   70.9820   -3.5582  -26.4855
   0.150000  0.137944   0.92775   0.29175  -1.12609   0.24233   11.6229 -154.8848   -1.5926   20.9335   -1.5944  -11.9523
   0.200000  0.184759   0.94590   0.42145  -0.69031   0.18235    6.5317  -65.6760   -0.9046    8.8732   -0.9073   -6.8655
   0.250000  0.232618   0.96906   0.49661  -0.42956   0.14601    4.1586  -33.9295   -0.5841    4.5818   -0.5876   -4.4979
   0.300000  0.281707   0.99472   0.52167  -0.25711   0.12159    2.8555  -19.8866   -0.4082    2.6843   -0.4127   -3.2007
   0.350000  0.332090   1.02039   0.49661  -0.13574   0.10407    2.0584  -12.7245   -0.3006    1.7180   -0.3062   -2.4090
   0.400000  0.383704   1.04355   0.42145  -0.04682   0.09093    1.5321   -8.6794   -0.2295    1.1740   -0.2363   -1.8868
   0.450000  0.436361   1.06170   0.29616   0.02009   0.08077    1.1646   -6.2096   -0.1797    0.8438   -0.1878   -1.5211
   0.500000  0.489749   1.07233   0.12077   0.07129   0.07275    0.8969   -4.6046   -0.1432    0.6315   -0.1526   -1.2522
   0.550000  0.543427   1.07294  -0.10473   0.11088   0.06631    0.6958   -3.5067   -0.1154    0.4884   -0.1263   -1.0459
   0.600000  0.596834   1.06102  -0.38035   0.14164   0.06111    0.5411   -2.7227   -0.0936    0.3883   -0.1060   -0.8814
   0.650000  0.649279   1.03407  -0.68697   0.16555   0.05688    0.4201   -2.1352   -0.0761    0.3150   -0.0899   -0.7453
   0.700000  0.700000   1.00000  -0.31056   0.18409   0.05345    0.3278   -1.4776   -0.0623    0.2192   -0.0777   -0.6352
   0.750000  0.750000   1.00000   0.00000   0.19888   0.05057    0.2660   -1.1084   -0.0532    0.1661   -0.0711   -0.5652
   0.800000  0.800000   1.00000   0.00000   0.21088   0.04811    0.2160   -0.9018   -0.0456    0.1393   -0.0668   -0.5055
   0.850000  0.850000   1.00000   0.00000   0.22063   0.04599    0.1751   -0.7389   -0.0390    0.1251   -0.0648   -0.4529
   0.900000  0.900000   1.00000   0.00000   0.22852   0.04419    0.1416   -0.6064   -0.0332    0.1028   -0.0668   -0.4044
   0.950000  0.950000   1.00000   0.00000   0.23488   0.04267    0.1141   -0.4957   -0.0276    0.1431   -0.0865   -0.3560
   1.000000  1.000000   1.00000   0.00000   0.24000   0.04145    0.0917   -0.4050   -0.0187    0.2030   -0.2559   -0.3064

 R DERIVATIVES (R<1,THETA=PI) FOR J=   7  Y=  0.286280  TWIST(DEG)=  4.219285  XTWIST=  0.000000  CHORD=  0.846345

     R         RBAR      DRBAR    D2RBAR      X         Z         XR        XRR       ZR        ZRR       XRT       ZRT
   0.050000  0.044342   0.88683   0.00000  -4.58978   0.66171  105.1946-4193.7350  -13.1388  525.5116  -13.1379 -105.5004
   0.100000  0.088683   0.88683   0.06162  -1.96535   0.33323   26.1825 -525.0317   -3.2848   65.4681   -3.2849  -26.4937
   0.150000  0.133256   0.89965   0.40523  -1.09221   0.22336   11.6760 -154.5104   -1.4758   19.2666   -1.4765  -11.9914
   0.200000  0.178832   0.92485   0.58536  -0.65350   0.16766    6.5927  -65.6832   -0.8421    8.1844   -0.8435   -6.9153
   0.250000  0.225857   0.95702   0.68976  -0.38979   0.13377    4.2149  -34.0850   -0.5460    4.2424   -0.5481   -4.5464
   0.300000  0.274592   0.99267   0.72456  -0.21474   0.11091    2.9024  -20.0982   -0.3827    2.4984   -0.3857   -3.2434
   0.350000  0.325124   1.02832   0.68976  -0.09131   0.09447    2.0942  -12.9494   -0.2823    1.6087   -0.2862   -2.4442
   0.400000  0.377366   1.06049   0.58536  -0.00087   0.08213    1.5569   -8.8949   -0.2155    1.1063   -0.2205   -1.9141
   0.450000  0.431057   1.08569   0.41135   0.06701   0.07259    1.1791   -6.4035   -0.1685    0.8001   -0.1745   -1.5407
   0.500000  0.485762   1.10046   0.16774   0.11871   0.06508    0.9024   -4.7708   -0.1337    0.6021   -0.1410   -1.2642
   0.550000  0.540871   1.10131  -0.14547   0.15838   0.05908    0.6937   -3.6432   -0.1072    0.4681   -0.1158   -1.0506
   0.600000  0.595603   1.08476  -0.52828   0.18887   0.05427    0.5329   -2.8303   -0.0863    0.3741   -0.0961   -0.8786
   0.650000  0.648999   1.04732  -0.95416   0.21225   0.05039    0.4072   -2.2139   -0.0693    0.3048   -0.0804   -0.7347
   0.700000  0.700000   1.00000  -0.43135   0.23006   0.04728    0.3125   -1.4649   -0.0561    0.2019   -0.0683   -0.6185
   0.750000  0.750000   1.00000   0.00000   0.24414   0.04468    0.2528   -1.0716   -0.0480    0.1474   -0.0623   -0.5510
   0.800000  0.800000   1.00000   0.00000   0.25552   0.04246    0.2044   -0.8722   -0.0413    0.1239   -0.0584   -0.4932
   0.850000  0.850000   1.00000   0.00000   0.26472   0.04054    0.1649   -0.7133   -0.0355    0.1099   -0.0565   -0.4420
   0.900000  0.900000   1.00000   0.00000   0.27213   0.03890    0.1325   -0.5869   -0.0303    0.0933   -0.0579   -0.3940
   0.950000  0.950000   1.00000   0.00000   0.27807   0.03750    0.1061   -0.4673   -0.0255    0.1130   -0.0696   -0.3425
   1.000000  1.000000   1.00000   0.00000   0.28283   0.03637    0.0855   -0.3623   -0.0189    0.1436   -0.1606   -0.2578

 R DERIVATIVES (R<1,THETA=PI) FOR J=   8  Y=  0.365020  TWIST(DEG)=  3.908857  XTWIST=  0.000000  CHORD=  0.819153

     R         RBAR      DRBAR    D2RBAR      X         Z         XR        XRR       ZR        ZRR       XRT       ZRT
   0.050000  0.042682   0.85363   0.00000  -4.55835   0.62044  105.3143-4199.3399  -12.3234  492.9346  -12.3220 -105.6022
   0.100000  0.085363   0.85363   0.07970  -1.93061   0.31234   26.2192 -524.9507   -3.0812   61.3297   -3.0806  -26.5122
   0.150000  0.128344   0.87021   0.52409  -1.05506   0.20915   11.7407 -154.1488   -1.3896   18.0064   -1.3895  -12.0393
   0.200000  0.172623   0.90281   0.75706  -0.61285   0.15658    6.6641  -65.7278   -0.7969    7.6695   -0.7973   -6.9725
   0.250000  0.218775   0.94442   0.89209  -0.34571   0.12444    4.2795  -34.2874   -0.5188    3.9939   -0.5199   -4.6000
   0.300000  0.267139   0.99052   0.93710  -0.16772   0.10268    2.9552  -20.3553   -0.3647    2.3662   -0.3665   -3.2888
   0.350000  0.317827   1.03663   0.89209  -0.04197   0.08700    2.1339  -13.2119   -0.2693    1.5336   -0.2719   -2.4800
   0.400000  0.370727   1.07823   0.75706   0.05013   0.07523    1.5838   -9.1375   -0.2055    1.0612   -0.2090   -1.9403
   0.450000  0.425500   1.11083   0.53202   0.11907   0.06615    1.1947   -6.6139   -0.1602    0.7717   -0.1648   -1.5579
   0.500000  0.481585   1.12993   0.21695   0.17130   0.05902    0.9084   -4.9445   -0.1267    0.5833   -0.1323   -1.2733
   0.550000  0.538193   1.13103  -0.18814   0.21106   0.05335    0.6919   -3.7801   -0.1009    0.4552   -0.1077   -1.0521
   0.600000  0.594313   1.10962  -0.68325   0.24131   0.04884    0.5251   -2.9334   -0.0805    0.3650   -0.0885   -0.8728
   0.650000  0.648705   1.06120  -1.23405   0.26418   0.04524    0.3951   -2.2860   -0.0640    0.2983   -0.0729   -0.7215
   0.700000  0.700000   1.00000  -0.55788   0.28130   0.04239    0.2982   -1.4488   -0.0511    0.1886   -0.0610   -0.5995
   0.750000  0.750000   1.00000   0.00000   0.29472   0.04002    0.2406   -1.0334   -0.0438    0.1326   -0.0555   -0.5345
   0.800000  0.800000   1.00000   0.00000   0.30555   0.03799    0.1939   -0.8413   -0.0378    0.1117   -0.0518   -0.4789
   0.850000  0.850000   1.00000   0.00000   0.31426   0.03623    0.1558   -0.6881   -0.0325    0.0980   -0.0501   -0.4296
   0.900000  0.900000   1.00000   0.00000   0.32124   0.03472    0.1246   -0.5664   -0.0279    0.0851   -0.0508   -0.3835
   0.950000  0.950000   1.00000   0.00000   0.32681   0.03343    0.0991   -0.4514   -0.0237    0.0926   -0.0578   -0.3345
   1.000000  1.000000   1.00000   0.00000   0.33124   0.03236    0.0792   -0.3504   -0.0186    0.1058   -0.1056   -0.2548

 R DERIVATIVES (R<1,THETA=PI) FOR J=   9  Y=  0.451158  TWIST(DEG)=  3.649528  XTWIST=  0.000000  CHORD=  0.788117

     R         RBAR      DRBAR    D2RBAR      X         Z         XR        XRR       ZR        ZRR       XRT       ZRT
   0.050000  0.040874   0.81748   0.00000  -4.52420   0.58759  105.4805-4206.9282  -11.6749  467.0218  -11.6730 -105.7476
   0.100000  0.081748   0.81748   0.09938  -1.89192   0.29569   26.2687 -524.9774   -2.9193   58.0178   -2.9181  -26.5406
   0.150000  0.122994   0.83815   0.65356  -1.01332   0.19779   11.8198 -153.7621   -1.3225   16.9876   -1.3217  -12.0988
   0.200000  0.165860   0.87880   0.94408  -0.56690   0.14763    6.7494  -65.8126   -0.7626    7.2605   -0.7623   -7.0407
   0.250000  0.211062   0.93069   1.11246  -0.29569   0.11680    4.3552  -34.5539   -0.4988    3.8031   -0.4989   -4.6619
   0.300000  0.259022   0.98818   1.16859  -0.11428   0.09586    3.0158  -20.6773   -0.3516    2.2694   -0.3523   -3.3392
   0.350000  0.309880   1.04567   1.11246   0.01410   0.08074    2.1784  -13.5288   -0.2597    1.4815   -0.2612   -2.5177
   0.400000  0.363496   1.09755   0.94408   0.10804   0.06939    1.6133   -9.4197   -0.1979    1.0316   -0.2002   -1.9661
   0.450000  0.419448   1.13821   0.66344   0.17812   0.06066    1.2112   -6.8493   -0.1538    0.7537   -0.1570   -1.5731
   0.500000  0.477036   1.16203   0.27054   0.23090   0.05383    0.9143   -5.1309   -0.1209    0.5714   -0.1252   -1.2794
   0.550000  0.535277   1.16339  -0.23462   0.27075   0.04844    0.6897   -3.9206   -0.0957    0.4468   -0.1010   -1.0502
   0.600000  0.592908   1.13669  -0.85203   0.30073   0.04418    0.5169   -3.0341   -0.0756    0.3590   -0.0820   -0.8636
   0.650000  0.648385   1.07632  -1.53889   0.32308   0.04081    0.3827   -2.3526   -0.0594    0.2940   -0.0666   -0.7050
   0.700000  0.700000   1.00000  -0.69569   0.33951   0.03819    0.2840   -1.4282   -0.0468    0.1777   -0.0548   -0.5774
   0.750000  0.750000   1.00000   0.00000   0.35228   0.03602    0.2287   -0.9918   -0.0402    0.1201   -0.0498   -0.5152
   0.800000  0.800000   1.00000   0.00000   0.36255   0.03416    0.1839   -0.8075   -0.0347    0.1012   -0.0464   -0.4620
   0.850000  0.850000   1.00000   0.00000   0.37080   0.03254    0.1473   -0.6609   -0.0300    0.0883   -0.0447   -0.4148
   0.900000  0.900000   1.00000   0.00000   0.37739   0.03115    0.1173   -0.5438   -0.0258    0.0776   -0.0452   -0.3709
   0.950000  0.950000   1.00000   0.00000   0.38262   0.02996    0.0928   -0.4363   -0.0220    0.0787   -0.0496   -0.3252
   1.000000  1.000000   1.00000   0.00000   0.38675   0.02895    0.0734   -0.3431   -0.0179    0.0828   -0.0741   -0.2581

 R DERIVATIVES (R<1,THETA=PI) FOR J=  10  Y=  0.548911  TWIST(DEG)=  3.409980  XTWIST=  0.000000  CHORD=  0.751708

     R         RBAR      DRBAR    D2RBAR      X         Z         XR        XRR       ZR        ZRR       XRT       ZRT
   0.050000  0.038821   0.77641   0.00000  -4.48546   0.55912  105.6982-4216.7199  -11.1131  444.5764  -11.1108 -105.9412
   0.100000  0.077641   0.77641   0.12174  -1.84732   0.28127   26.3322 -525.0629   -2.7790   55.1263   -2.7773  -26.5799
   0.150000  0.116919   0.80173   0.80060  -0.96485   0.18790   11.9191 -153.3018   -1.2659   16.0872   -1.2645  -12.1752
   0.200000  0.158179   0.85154   1.15648  -0.51318   0.13973    6.8549  -65.9512   -0.7348    6.9082   -0.7338   -7.1260
   0.250000  0.202301   0.91509   1.36275  -0.23699   0.10996    4.4472  -34.9184   -0.4830    3.6468   -0.4823   -4.7369
   0.300000  0.249802   0.98552   1.43151  -0.05147   0.08965    3.0877  -21.0993   -0.3412    2.1957   -0.3410   -3.3975
   0.350000  0.300853   1.05595   1.36275   0.07997   0.07498    2.2295  -13.9283   -0.2520    1.4452   -0.2524   -2.5588
   0.400000  0.355283   1.11950   1.15648   0.17599   0.06398    1.6457   -9.7612   -0.1915    1.0125   -0.1926   -1.9917
   0.450000  0.412574   1.16931   0.81270   0.24729   0.05554    1.2283   -7.1217   -0.1481    0.7423   -0.1501   -1.5858
   0.500000  0.471869   1.19848   0.33141   0.30061   0.04898    0.9195   -5.3362   -0.1158    0.5636   -0.1187   -1.2816
   0.550000  0.531964   1.20015  -0.28740   0.34049   0.04384    0.6861   -4.0671   -0.0909    0.4407   -0.0948   -1.0438
   0.600000  0.591312   1.16745  -1.04372   0.37013   0.03981    0.5072   -3.1327   -0.0711    0.3541   -0.0761   -0.8497
   0.650000  0.648022   1.09349  -1.88512   0.39189   0.03667    0.3690   -2.4131   -0.0550    0.2903   -0.0608   -0.6841
   0.700000  0.700000   1.00000  -0.85221   0.40757   0.03426    0.2688   -1.4006   -0.0427    0.1676   -0.0492   -0.5513
   0.750000  0.750000   1.00000   0.00000   0.41965   0.03228    0.2161   -0.9444   -0.0367    0.1085   -0.0446   -0.4922
   0.800000  0.800000   1.00000   0.00000   0.42935   0.03057    0.1735   -0.7690   -0.0318    0.0915   -0.0415   -0.4416
   0.850000  0.850000   1.00000   0.00000   0.43712   0.02909    0.1386   -0.6297   -0.0275    0.0796   -0.0400   -0.3968
   0.900000  0.900000   1.00000   0.00000   0.44332   0.02781    0.1101   -0.5179   -0.0238    0.0706   -0.0403   -0.3552
   0.950000  0.950000   1.00000   0.00000   0.44822   0.02671    0.0867   -0.4184   -0.0203    0.0685   -0.0433   -0.3130
   1.000000  1.000000   1.00000   0.00000   0.45206   0.02578    0.0680   -0.3334   -0.0169    0.0680   -0.0553   -0.2581

 R DERIVATIVES (R<1,THETA=PI) FOR J=  11  Y=  0.665642  TWIST(DEG)=  3.158238  XTWIST=  0.000000  CHORD=  0.707077

     R         RBAR      DRBAR    D2RBAR      X         Z         XR        XRR       ZR        ZRR       XRT       ZRT
   0.050000  0.036362   0.72725   0.00000  -4.43911   0.53134  105.9836-4229.4101  -10.5649  422.6759  -10.5623 -106.1980
   0.100000  0.072725   0.72725   0.14852  -1.79333   0.26718   26.4143 -525.1444   -2.6421   52.2801   -2.6399  -26.6333
   0.150000  0.109644   0.75813   0.97666  -0.90580   0.17820   12.0503 -152.6871   -1.2123   15.1901   -1.2104  -12.2790
   0.200000  0.148982   0.81889   1.41080  -0.44721   0.13189    6.9932  -66.1799   -0.7097    6.5692   -0.7079   -7.2397
   0.250000  0.191812   0.89642   1.66243  -0.16456   0.10305    4.5649  -35.4538   -0.4690    3.5066   -0.4674   -4.8334
   0.300000  0.238763   0.98234   1.74631   0.02613   0.08331    3.1764  -21.6920   -0.3320    2.1362   -0.3307   -3.4688
   0.350000  0.290046   1.06825   1.66243   0.16129   0.06903    2.2897  -14.4640   -0.2448    1.4193   -0.2440   -2.6052
   0.400000  0.345449   1.14578   1.41080   0.25969   0.05837    1.6816  -10.1963   -0.1852    0.9998   -0.1850   -2.0169
   0.450000  0.404344   1.20654   0.99142   0.33228   0.05024    1.2451   -7.4498   -0.1423    0.7341   -0.1429   -1.5945
   0.500000  0.465683   1.24213   0.40428   0.38608   0.04396    0.9224   -5.5684   -0.1103    0.5567   -0.1118   -1.2778
   0.550000  0.527998   1.24417  -0.35060   0.42584   0.03908    0.6794   -4.2209   -0.0857    0.4341   -0.0882   -1.0306
   0.600000  0.589401   1.20427  -1.27324   0.45498   0.03530    0.4944   -3.2269   -0.0663    0.3482   -0.0698   -0.8290
   0.650000  0.647587   1.11405  -2.29967   0.47600   0.03239    0.3526   -2.4639   -0.0505    0.2853   -0.0548   -0.6566
   0.700000  0.700000   1.00000  -1.03962   0.49082   0.03020    0.2514   -1.3619   -0.0385    0.1569   -0.0434   -0.5190
   0.750000  0.750000   1.00000   0.00000   0.50211   0.02841    0.2019   -0.8873   -0.0332    0.0967   -0.0393   -0.4635
   0.800000  0.800000   1.00000   0.00000   0.51117   0.02687    0.1618   -0.7225   -0.0287    0.0816   -0.0366   -0.4161
   0.850000  0.850000   1.00000   0.00000   0.51841   0.02553    0.1291   -0.5919   -0.0249    0.0709   -0.0353   -0.3742
   0.900000  0.900000   1.00000   0.00000   0.52417   0.02437    0.1022   -0.4866   -0.0216    0.0632   -0.0355   -0.3353
   0.950000  0.950000   1.00000   0.00000   0.52872   0.02337    0.0802   -0.3954   -0.0185    0.0599   -0.0378   -0.2966
   1.000000  1.000000   1.00000   0.00000   0.53227   0.02251    0.0624   -0.3185   -0.0156    0.0572   -0.0433   -0.2519

 R DERIVATIVES (R<1,THETA=PI) FOR J=  12  Y=  0.814706  TWIST(DEG)=  2.846568  XTWIST=  0.000000  CHORD=  0.648876

     R         RBAR      DRBAR    D2RBAR      X         Z         XR        XRR       ZR        ZRR       XRT       ZRT
   0.050000  0.033215   0.66431   0.00000  -4.37972   0.49938  106.3721-4246.5098   -9.9339  397.4594   -9.9308 -106.5517
   0.100000  0.066431   0.66431   0.18279  -1.72362   0.25099   26.5245 -525.0851   -2.4845   48.9792   -2.4819  -26.7085
   0.150000  0.100331   0.70232   1.20202  -0.82899   0.16702   12.2389 -151.7499   -1.1523   14.1420   -1.1497  -12.4340
   0.200000  0.137209   0.77710   1.73635  -0.36045   0.12276    7.1906  -66.5986   -0.6823    6.1897   -0.6797   -7.4062
   0.250000  0.178385   0.87252   2.04604  -0.06871   0.09493    4.7272  -36.3342   -0.4538    3.3626   -0.4512   -4.9682
   0.300000  0.224633   0.97826   2.14928   0.12895   0.07582    3.2926  -22.6122   -0.3214    2.0821   -0.3189   -3.5612
   0.350000  0.276211   1.08400   2.04604   0.26881   0.06202    2.3629  -15.2452   -0.2360    1.3978   -0.2337   -2.6584
   0.400000  0.332861   1.17942   1.73635   0.36997   0.05178    1.7205  -10.7876   -0.1771    0.9879   -0.1753   -2.0391
   0.450000  0.393809   1.25420   1.22019   0.44385   0.04404    1.2589   -7.8616   -0.1348    0.7236   -0.1336   -1.5942
   0.500000  0.457765   1.29800   0.49757   0.49788   0.03812    0.9195   -5.8339   -0.1033    0.5455   -0.1030   -1.2623
   0.550000  0.522921   1.30051  -0.43151   0.53722   0.03358    0.6661   -4.3768   -0.0793    0.4225   -0.0800   -1.0049
   0.600000  0.586956   1.25141  -1.56705   0.56553   0.03011    0.4754   -3.3063   -0.0605    0.3370   -0.0621   -0.7962
   0.650000  0.647030   1.14037  -2.83033   0.58552   0.02748    0.3308   -2.4933   -0.0452    0.2757   -0.0477   -0.6179
   0.700000  0.700000   1.00000  -1.27952   0.59922   0.02554    0.2297   -1.3030   -0.0336    0.1437   -0.0368   -0.4767
   0.750000  0.750000   1.00000   0.00000   0.60954   0.02398    0.1844   -0.8136   -0.0291    0.0833   -0.0334   -0.4259
   0.800000  0.800000   1.00000   0.00000   0.61780   0.02262    0.1476   -0.6626   -0.0252    0.0704   -0.0311   -0.3825
   0.850000  0.850000   1.00000   0.00000   0.62441   0.02145    0.1176   -0.5431   -0.0220    0.0612   -0.0300   -0.3441
   0.900000  0.900000   1.00000   0.00000   0.62965   0.02042    0.0929   -0.4463   -0.0191    0.0549   -0.0303   -0.3086
   0.950000  0.950000   1.00000   0.00000   0.63377   0.01954    0.0727   -0.3642   -0.0164    0.0514   -0.0322   -0.2737
   1.000000  1.000000   1.00000   0.00000   0.63698   0.01878    0.0563   -0.2957   -0.0139    0.0481   -0.0344   -0.2376

 R DERIVATIVES (R<1,THETA=PI) FOR J=  13  Y=  1.006169  TWIST(DEG)=  2.407092  XTWIST=  0.000000  CHORD=  0.572887

     R         RBAR      DRBAR    D2RBAR      X         Z         XR        XRR       ZR        ZRR       XRT       ZRT
   0.050000  0.029171   0.58343   0.00000  -4.30325   0.45675  106.8949-4269.2672   -9.0906  363.7519   -9.0872 -107.0335
   0.100000  0.058343   0.58343   0.22683  -1.63336   0.22943   26.6707 -524.5135   -2.2738   44.5610   -2.2708  -26.8133
   0.150000  0.088365   0.63060   1.49163  -0.72848   0.15215   12.5230 -150.2089   -1.0723   12.7459   -1.0691  -12.6781
   0.200000  0.122081   0.72339   2.15469  -0.24498   0.11063    7.4841  -67.4498   -0.6453    5.7051   -0.6419   -7.6619
   0.250000  0.161131   0.84180   2.53900   0.05994   0.08421    4.9553  -37.9043   -0.4319    3.1904   -0.4281   -5.1616
   0.300000  0.206475   0.97302   2.66710   0.26702   0.06604    3.4418  -24.1198   -0.3048    2.0187   -0.3008   -3.6789
   0.350000  0.258433   1.10424   2.53900   0.41259   0.05301    2.4448  -16.4106   -0.2216    1.3668   -0.2175   -2.7119
   0.400000  0.316685   1.22265   2.15469   0.51654   0.04345    1.7535  -11.5803   -0.1641    0.9628   -0.1602   -2.0467
   0.450000  0.380271   1.31544   1.51418   0.59121   0.03633    1.2603   -8.3480   -0.1230    0.6976   -0.1196   -1.5725
   0.500000  0.447589   1.36980   0.61746   0.64481   0.03097    0.9024   -6.0990   -0.0929    0.5185   -0.0902   -1.2235
   0.550000  0.516397   1.37292  -0.53547   0.68303   0.02692    0.6397   -4.4947   -0.0702    0.3962   -0.0685   -0.9570
   0.600000  0.583813   1.31198  -1.94460   0.70992   0.02386    0.4456   -3.3334   -0.0526    0.3131   -0.0520   -0.7438
   0.650000  0.646314   1.17419  -3.51224   0.72841   0.02160    0.3010   -2.4704   -0.0385    0.2554   -0.0388   -0.5631
   0.700000  0.700000   1.00000  -1.58779   0.74066   0.01997    0.2022   -1.2118   -0.0279    0.1255   -0.0290   -0.4212
   0.750000  0.750000   1.00000   0.00000   0.74973   0.01868    0.1622   -0.7182   -0.0242    0.0673   -0.0263   -0.3764
   0.800000  0.800000   1.00000   0.00000   0.75701   0.01755    0.1298   -0.5849   -0.0211    0.0571   -0.0246   -0.3382
   0.850000  0.850000   1.00000   0.00000   0.76281   0.01656    0.1033   -0.4795   -0.0184    0.0497   -0.0239   -0.3043
   0.900000  0.900000   1.00000   0.00000   0.76741   0.01570    0.0815   -0.3941   -0.0161    0.0449   -0.0244   -0.2731
   0.950000  0.950000   1.00000   0.00000   0.77103   0.01495    0.0636   -0.3224   -0.0139    0.0420   -0.0261   -0.2427
   1.000000  1.000000   1.00000   0.00000   0.77383   0.01431    0.0491   -0.2629   -0.0119    0.0391   -0.0270   -0.2133

 R DERIVATIVES (R<1,THETA=PI) FOR J=  14  Y=  1.187185  TWIST(DEG)=  1.898174  XTWIST=  0.000000  CHORD=  0.500275

     R         RBAR      DRBAR    D2RBAR      X         Z         XR        XRR       ZR        ZRR       XRT       ZRT
   0.050000  0.025357   0.50713   0.00000  -4.23103   0.40859  107.4067-4291.2856   -8.1357  325.5671   -8.1322 -107.5110
   0.100000  0.050713   0.50713   0.26837  -1.54774   0.20514   26.8116 -523.1564   -2.0352   39.5926   -2.0319  -26.9196
   0.150000  0.077076   0.56295   1.76481  -0.63165   0.13550   12.8504 -148.2986   -0.9790   11.2068   -0.9755  -12.9713
   0.200000  0.107811   0.67273   2.54931  -0.13103   0.09726    7.8136  -68.7996   -0.5990    5.1803   -0.5949   -7.9582
   0.250000  0.144855   0.81283   3.00400   0.18818   0.07268    5.1906  -40.0428   -0.4020    2.9993   -0.3973   -5.3650
   0.300000  0.189346   0.96808   3.15557   0.40441   0.05582    3.5752  -25.9575   -0.2813    1.9326   -0.2760   -3.7819
   0.350000  0.241663   1.12333   3.00400   0.55458   0.04388    2.5006  -17.6651   -0.2016    1.3081   -0.1958   -2.7388
   0.400000  0.301427   1.26343   2.54931   0.65998   0.03525    1.7601  -12.3153   -0.1468    0.9098   -0.1409   -2.0257
   0.450000  0.367501   1.37321   1.79149   0.73424   0.02893    1.2400   -8.7158   -0.1083    0.6470   -0.1026   -1.5256
   0.500000  0.437990   1.43753   0.73054   0.78647   0.02424    0.8699   -6.2372   -0.0807    0.4717   -0.0755   -1.1652
   0.550000  0.510243   1.44121  -0.63354   0.82296   0.02074    0.6040   -4.5015   -0.0602    0.3547   -0.0560   -0.8957
   0.600000  0.580848   1.36912  -2.30075   0.84808   0.01814    0.4114   -3.2731   -0.0445    0.2777   -0.0415   -0.6839
   0.650000  0.645639   1.20609  -4.15549   0.86495   0.01624    0.2706   -2.3837   -0.0320    0.2263   -0.0302   -0.5063
   0.700000  0.700000   1.00000  -1.87859   0.87579   0.01490    0.1764   -1.1093   -0.0226    0.1062   -0.0220   -0.3681
   0.750000  0.750000   1.00000   0.00000   0.88371   0.01385    0.1415   -0.6273   -0.0197    0.0529   -0.0200   -0.3290
   0.800000  0.800000   1.00000   0.00000   0.89005   0.01292    0.1131   -0.5110   -0.0173    0.0450   -0.0188   -0.2956
   0.850000  0.850000   1.00000   0.00000   0.89511   0.01211    0.0900   -0.4189   -0.0152    0.0395   -0.0184   -0.2661
   0.900000  0.900000   1.00000   0.00000   0.89912   0.01140    0.0710   -0.3443   -0.0133    0.0359   -0.0190   -0.2389
   0.950000  0.950000   1.00000   0.00000   0.90226   0.01078    0.0553   -0.2819   -0.0116    0.0339   -0.0207   -0.2125
   1.000000  1.000000   1.00000   0.00000   0.90470   0.01024    0.0426   -0.2302   -0.0099    0.0317   -0.0215   -0.1873

 R DERIVATIVES (R<1,THETA=PI) FOR J=  15  Y=  1.382994  TWIST(DEG)=  1.763085  XTWIST=  0.000000  CHORD=  0.478567

     R         RBAR      DRBAR    D2RBAR      X         Z         XR        XRR       ZR        ZRR       XRT       ZRT
   0.050000  0.024008   0.48015   0.00000  -4.15250   0.39843  108.4912-4335.1236   -7.9348  317.5278   -7.9314 -108.5854
   0.100000  0.048015   0.48015   0.28306  -1.44192   0.20001   27.0866 -526.7704   -1.9849   38.4952   -1.9817  -27.1843
   0.150000  0.073084   0.53902   1.86143  -0.51369   0.13190   13.0934 -148.7261   -0.9628   10.8518   -0.9593  -13.2042
   0.200000  0.102764   0.65482   2.68887  -0.00185   0.09417    8.0118  -70.0570   -0.5926    5.0929   -0.5885   -8.1467
   0.250000  0.139099   0.80258   3.16846   0.32561   0.06984    5.3221  -41.3514   -0.3975    2.9904   -0.3927   -5.4871
   0.300000  0.183288   0.96633   3.32832   0.54689   0.05320    3.6486  -26.9439   -0.2769    1.9368   -0.2713   -3.8463
   0.350000  0.235732   1.13008   3.16846   0.69966   0.04148    2.5340  -18.2891   -0.1970    1.3074   -0.1909   -2.7636
   0.400000  0.296030   1.27785   2.68887   0.80608   0.03308    1.7696  -12.6636   -0.1425    0.9028   -0.1361   -2.0271
   0.450000  0.362984   1.39364   1.88957   0.88046   0.02696    1.2369   -8.8867   -0.1044    0.6365   -0.0982   -1.5147
   0.500000  0.434595   1.46148   0.77053   0.93237   0.02246    0.8611   -6.3047   -0.0773    0.4602   -0.0717   -1.1488
   0.550000  0.508066   1.46537  -0.66822   0.96835   0.01911    0.5933   -4.5130   -0.0574    0.3437   -0.0527   -0.8776
   0.600000  0.579800   1.38933  -2.42670   0.99295   0.01664    0.4009   -3.2568   -0.0423    0.2679   -0.0387   -0.6659
   0.650000  0.645400   1.21737  -4.38298   1.00932   0.01484    0.2613   -2.3565   -0.0301    0.2181   -0.0279   -0.4892
   0.700000  0.700000   1.00000  -1.98143   1.01973   0.01359    0.1686   -1.0780   -0.0212    0.1009   -0.0201   -0.3522
   0.750000  0.750000   1.00000   0.00000   1.02729   0.01260    0.1351   -0.6000   -0.0185    0.0490   -0.0183   -0.3148
   0.800000  0.800000   1.00000   0.00000   1.03335   0.01173    0.1080   -0.4887   -0.0162    0.0418   -0.0172   -0.2829
   0.850000  0.850000   1.00000   0.00000   1.03818   0.01097    0.0859   -0.4007   -0.0143    0.0366   -0.0169   -0.2547
   0.900000  0.900000   1.00000   0.00000   1.04201   0.01031    0.0677   -0.3293   -0.0125    0.0334   -0.0175   -0.2287
   0.950000  0.950000   1.00000   0.00000   1.04500   0.00972    0.0528   -0.2698   -0.0109    0.0316   -0.0192   -0.2035
   1.000000  1.000000   1.00000   0.00000   1.04733   0.00921    0.0405   -0.2205   -0.0094    0.0296   -0.0199   -0.1798

 R DERIVATIVES (R<1,THETA=PI) FOR J=  16  Y=  1.534795  TWIST(DEG)=  1.653295  XTWIST=  0.000000  CHORD=  0.461666

     R         RBAR      DRBAR    D2RBAR      X         Z         XR        XRR       ZR        ZRR       XRT       ZRT
   0.050000  0.022979   0.45957   0.00000  -4.09141   0.39020  109.3364-4369.2724   -7.7718  311.0076   -7.7686 -109.4232
   0.100000  0.045957   0.45957   0.29427  -1.35957   0.19585   27.3007 -529.4628   -1.9441   37.6060   -1.9410  -27.3909
   0.150000  0.070039   0.52077   1.93512  -0.42169   0.12898   13.2904 -149.0102   -0.9495   10.5668   -0.9461  -13.3936
   0.200000  0.098914   0.64115   2.79532   0.09925   0.09167    8.1720  -71.1301   -0.5871    5.0254   -0.5830   -8.2994
   0.250000  0.134708   0.79477   3.29389   0.43330   0.06757    5.4255  -42.4581   -0.3936    2.9841   -0.3887   -5.5832
   0.300000  0.178668   0.96500   3.46008   0.65848   0.05113    3.7035  -27.7519   -0.2729    1.9388   -0.2672   -3.8942
   0.350000  0.231208   1.13523   3.29389   0.81312   0.03961    2.5567  -18.7792   -0.1930    1.3045   -0.1867   -2.7795
   0.400000  0.291914   1.28885   2.79532   0.92017   0.03140    1.7740  -12.9227   -0.1388    0.8951   -0.1321   -2.0247
   0.450000  0.359539   1.40923   1.96437   0.99450   0.02546    1.2322   -9.0039   -0.1012    0.6265   -0.0946   -1.5035
   0.500000  0.432006   1.47975   0.80104   1.04607   0.02110    0.8527   -6.3430   -0.0746    0.4498   -0.0685   -1.1340
   0.550000  0.506406   1.48379  -0.69467   1.08161   0.01788    0.5841   -4.5108   -0.0552    0.3342   -0.0500   -0.8621
   0.600000  0.579000   1.40474  -2.52276   1.10575   0.01550    0.3923   -3.2362   -0.0405    0.2596   -0.0366   -0.6511
   0.650000  0.645218   1.22597  -4.55649   1.12173   0.01378    0.2540   -2.3300   -0.0287    0.2112   -0.0262   -0.4755
   0.700000  0.700000   1.00000  -2.05987   1.13180   0.01260    0.1625   -1.0524   -0.0200    0.0967   -0.0187   -0.3398
   0.750000  0.750000   1.00000   0.00000   1.13909   0.01166    0.1303   -0.5787   -0.0175    0.0461   -0.0170   -0.3038
   0.800000  0.800000   1.00000   0.00000   1.14493   0.01084    0.1041   -0.4714   -0.0154    0.0393   -0.0160   -0.2730
   0.850000  0.850000   1.00000   0.00000   1.14958   0.01011    0.0828   -0.3866   -0.0136    0.0345   -0.0158   -0.2458
   0.900000  0.900000   1.00000   0.00000   1.15327   0.00948    0.0652   -0.3177   -0.0119    0.0316   -0.0165   -0.2207
   0.950000  0.950000   1.00000   0.00000   1.15616   0.00892    0.0508   -0.2603   -0.0104    0.0299   -0.0181   -0.1965
   1.000000  1.000000   1.00000   0.00000   1.15839   0.00844    0.0390   -0.2128   -0.0089    0.0280   -0.0188   -0.1737

 R DERIVATIVES (R<1,THETA=PI) FOR J=  17  Y=  1.659587  TWIST(DEG)=  1.558380  XTWIST=  0.000000  CHORD=  0.447738

     R         RBAR      DRBAR    D2RBAR      X         Z         XR        XRR       ZR        ZRR       XRT       ZRT
   0.050000  0.022144   0.44287   0.00000  -4.04111   0.38300  110.0335-4397.4243   -7.6291  305.2957   -7.6259 -110.1144
   0.100000  0.044287   0.44287   0.30336  -1.29173   0.19222   27.4772 -531.5910   -1.9084   36.8301   -1.9054  -27.5614
   0.150000  0.067569   0.50597   1.99491  -0.34576   0.12643   13.4584 -149.2108   -0.9377   10.3207   -0.9343  -13.5556
   0.200000  0.095791   0.63006   2.88169   0.18296   0.08951    8.3082  -72.0866   -0.5820    4.9676   -0.5779   -8.4296
   0.250000  0.131146   0.78842   3.39566   0.52256   0.06563    5.5111  -43.4338   -0.3897    2.9776   -0.3847   -5.6629
   0.300000  0.174919   0.96392   3.56699   0.75090   0.04937    3.7470  -28.4445   -0.2691    1.9383   -0.2633   -3.9318
   0.350000  0.227538   1.13941   3.39566   0.90697   0.03804    2.5730  -19.1843   -0.1894    1.2998   -0.1829   -2.7900
   0.400000  0.288575   1.29777   2.88169   1.01442   0.03001    1.7754  -13.1268   -0.1355    0.8866   -0.1286   -2.0205
   0.450000  0.356744   1.42187   2.02506   1.08863   0.02422    1.2267   -9.0891   -0.0984    0.6166   -0.0915   -1.4923
   0.500000  0.429905   1.49457   0.82579   1.13985   0.01999    0.8447   -6.3647   -0.0722    0.4402   -0.0659   -1.1204
   0.550000  0.505059   1.49874  -0.71614   1.17497   0.01688    0.5759   -4.5016   -0.0533    0.3255   -0.0478   -0.8484
   0.600000  0.578351   1.41725  -2.60071   1.19873   0.01458    0.3850   -3.2140   -0.0390    0.2523   -0.0347   -0.6383
   0.650000  0.645070   1.23296  -4.69728   1.21436   0.01293    0.2478   -2.3047   -0.0276    0.2052   -0.0248   -0.4640
   0.700000  0.700000   1.00000  -2.12352   1.22416   0.01179    0.1576   -1.0306   -0.0192    0.0931   -0.0176   -0.3296
   0.750000  0.750000   1.00000   0.00000   1.23123   0.01089    0.1263   -0.5613   -0.0168    0.0437   -0.0160   -0.2947
   0.800000  0.800000   1.00000   0.00000   1.23689   0.01011    0.1009   -0.4572   -0.0147    0.0373   -0.0151   -0.2648
   0.850000  0.850000   1.00000   0.00000   1.24140   0.00941    0.0802   -0.3749   -0.0130    0.0328   -0.0149   -0.2385
   0.900000  0.900000   1.00000   0.00000   1.24497   0.00880    0.0632   -0.3082   -0.0114    0.0300   -0.0156   -0.2142
   0.950000  0.950000   1.00000   0.00000   1.24777   0.00827    0.0492   -0.2525   -0.0100    0.0285   -0.0172   -0.1906
   1.000000  1.000000   1.00000   0.00000   1.24994   0.00780    0.0378   -0.2064   -0.0086    0.0268   -0.0179   -0.1686

 R DERIVATIVES (R<1,THETA=PI) FOR J=  18  Y=  1.776740  TWIST(DEG)=  1.464655  XTWIST=  0.000000  CHORD=  0.434641

     R         RBAR      DRBAR    D2RBAR      X         Z         XR        XRR       ZR        ZRR       XRT       ZRT
   0.050000  0.021369   0.42738   0.00000  -3.99383   0.37576  110.6895-4423.9071   -7.4856  299.5545   -7.4825 -110.7650
   0.100000  0.042738   0.42738   0.31180  -1.22797   0.18857   27.6432 -533.5097   -1.8725   36.0539   -1.8696  -27.7220
   0.150000  0.065276   0.49222   2.05041  -0.27424   0.12389   13.6216 -149.3710   -0.9255   10.0773   -0.9221  -13.7134
   0.200000  0.092892   0.61977   2.96185   0.26203   0.08737    8.4399  -73.0534   -0.5765    4.9101   -0.5723   -8.5559
   0.250000  0.127840   0.78254   3.49013   0.60694   0.06372    5.5919  -44.4079   -0.3855    2.9695   -0.3805   -5.7382
   0.300000  0.171439   0.96292   3.66622   0.83822   0.04767    3.7862  -29.1177   -0.2651    1.9354   -0.2592   -3.9655
   0.350000  0.224131   1.14329   3.49013   0.99554   0.03654    2.5861  -19.5647   -0.1856    1.2928   -0.1789   -2.7977
   0.400000  0.285475   1.30606   2.96185   1.10326   0.02868    1.7749  -13.3096   -0.1321    0.8766   -0.1250   -2.0145
   0.450000  0.354150   1.43361   2.08140   1.17727   0.02305    1.2201   -9.1591   -0.0955    0.6058   -0.0884   -1.4803
   0.500000  0.427955   1.50833   0.84876   1.22810   0.01895    0.8362   -6.3766   -0.0699    0.4301   -0.0632   -1.1066
   0.550000  0.503809   1.51261  -0.73606   1.26280   0.01594    0.5676   -4.4867   -0.0515    0.3167   -0.0457   -0.8348
   0.600000  0.577749   1.42885  -2.67306   1.28617   0.01372    0.3778   -3.1888   -0.0376    0.2449   -0.0330   -0.6258
   0.650000  0.644933   1.23944  -4.82795   1.30148   0.01213    0.2419   -2.2780   -0.0265    0.1992   -0.0234   -0.4530
   0.700000  0.700000   1.00000  -2.18259   1.31101   0.01104    0.1529   -1.0094   -0.0183    0.0898   -0.0165   -0.3200
   0.750000  0.750000   1.00000   0.00000   1.31787   0.01018    0.1226   -0.5449   -0.0161    0.0415   -0.0151   -0.2861
   0.800000  0.800000   1.00000   0.00000   1.32337   0.00943    0.0980   -0.4439   -0.0141    0.0354   -0.0142   -0.2571
   0.850000  0.850000   1.00000   0.00000   1.32774   0.00876    0.0778   -0.3640   -0.0125    0.0312   -0.0141   -0.2315
   0.900000  0.900000   1.00000   0.00000   1.33121   0.00818    0.0613   -0.2992   -0.0110    0.0286   -0.0148   -0.2080
   0.950000  0.950000   1.00000   0.00000   1.33392   0.00766    0.0477   -0.2451   -0.0096    0.0273   -0.0164   -0.1851
   1.000000  1.000000   1.00000   0.00000   1.33603   0.00722    0.0366   -0.2004   -0.0083    0.0257   -0.0171   -0.1636

 R DERIVATIVES (R<1,THETA=PI) FOR J=  19  Y=  1.891726  TWIST(DEG)=  1.367657  XTWIST=  0.000000  CHORD=  0.421769

     R         RBAR      DRBAR    D2RBAR      X         Z         XR        XRR       ZR        ZRR       XRT       ZRT
   0.050000  0.020616   0.41233   0.00000  -3.94740   0.36813  111.3347-4449.9444   -7.3341  293.4919   -7.3311 -111.4052
   0.100000  0.041233   0.41233   0.31999  -1.16531   0.18472   27.8064 -535.3095   -1.8346   35.2389   -1.8317  -27.8801
   0.150000  0.063049   0.47888   2.10428  -0.20383   0.12121   13.7873 -149.5012   -0.9123    9.8245   -0.9089  -13.8739
   0.200000  0.090078   0.60978   3.03968   0.34010   0.08515    8.5729  -74.0751   -0.5702    4.8497   -0.5660   -8.6836
   0.250000  0.124630   0.77683   3.58183   0.69032   0.06176    5.6714  -45.4223   -0.3807    2.9587   -0.3756   -5.8124
   0.300000  0.168061   0.96194   3.76255   0.92443   0.04595    3.8229  -29.7998   -0.2606    1.9295   -0.2545   -3.9969
   0.350000  0.220824   1.14706   3.58183   1.08288   0.03503    2.5969  -19.9367   -0.1815    1.2831   -0.1746   -2.8030
   0.400000  0.282466   1.31410   3.03968   1.19077   0.02736    1.7726  -13.4796   -0.1286    0.8645   -0.1212   -2.0067
   0.450000  0.351632   1.44500   2.13609   1.26451   0.02189    1.2124   -9.2176   -0.0926    0.5936   -0.0852   -1.4670
   0.500000  0.426062   1.52168   0.87106   1.31490   0.01792    0.8271   -6.3801   -0.0676    0.4191   -0.0606   -1.0919
   0.550000  0.502595   1.52608  -0.75540   1.34916   0.01501    0.5590   -4.4661   -0.0496    0.3074   -0.0435   -0.8207
   0.600000  0.577164   1.44012  -2.74330   1.37212   0.01288    0.3704   -3.1600   -0.0362    0.2372   -0.0313   -0.6131
   0.650000  0.644800   1.24573  -4.95481   1.38710   0.01135    0.2361   -2.2491   -0.0254    0.1930   -0.0221   -0.4420
   0.700000  0.700000   1.00000  -2.23994   1.39638   0.01031    0.1484   -0.9880   -0.0175    0.0864   -0.0155   -0.3106
   0.750000  0.750000   1.00000   0.00000   1.40303   0.00949    0.1189   -0.5288   -0.0154    0.0393   -0.0141   -0.2776
   0.800000  0.800000   1.00000   0.00000   1.40836   0.00877    0.0950   -0.4307   -0.0135    0.0336   -0.0134   -0.2496
   0.850000  0.850000   1.00000   0.00000   1.41261   0.00813    0.0755   -0.3532   -0.0120    0.0297   -0.0132   -0.2247
   0.900000  0.900000   1.00000   0.00000   1.41597   0.00757    0.0595   -0.2904   -0.0106    0.0273   -0.0140   -0.2018
   0.950000  0.950000   1.00000   0.00000   1.41861   0.00707    0.0463   -0.2379   -0.0092    0.0260   -0.0156   -0.1797
   1.000000  1.000000   1.00000   0.00000   1.42064   0.00664    0.0355   -0.1944   -0.0080    0.0246   -0.0164   -0.1588

 R DERIVATIVES (R<1,THETA=PI) FOR J=  20  Y=  2.007017  TWIST(DEG)=  1.264774  XTWIST=  0.000000  CHORD=  0.408850

     R         RBAR      DRBAR    D2RBAR      X         Z         XR        XRR       ZR        ZRR       XRT       ZRT
   0.050000  0.019870   0.39741   0.00000  -3.90083   0.35986  111.9828-4476.0909   -7.1699  286.9211   -7.1670 -112.0485
   0.100000  0.039741   0.39741   0.32812  -1.10245   0.18056   27.9703 -537.0220   -1.7936   34.3610   -1.7907  -28.0391
   0.150000  0.060841   0.46565   2.15772  -0.13304   0.11833   13.9595 -149.6045   -0.8976    9.5554   -0.8943  -14.0411
   0.200000  0.087286   0.59987   3.11687   0.41885   0.08277    8.7101  -75.1806   -0.5629    4.7839   -0.5587   -8.8157
   0.250000  0.121446   0.77116   3.67279   0.77449   0.05970    5.7513  -46.5012   -0.3750    2.9442   -0.3699   -5.8870
   0.300000  0.164711   0.96097   3.85809   1.01139   0.04415    3.8578  -30.5042   -0.2555    1.9197   -0.2493   -4.0263
   0.350000  0.217544   1.15079   3.67279   1.17085   0.03347    2.6054  -20.3065   -0.1769    1.2701   -0.1699   -2.8060
   0.400000  0.279481   1.32208   3.11687   1.27881   0.02602    1.7683  -13.6393   -0.1247    0.8500   -0.1171   -1.9967
   0.450000  0.349134   1.45630   2.19033   1.35218   0.02072    1.2032   -9.2654   -0.0895    0.5797   -0.0818   -1.4522
   0.500000  0.424185   1.53493   0.89318   1.40209   0.01689    0.8171   -6.3750   -0.0651    0.4069   -0.0578   -1.0762
   0.550000  0.501391   1.53944  -0.77458   1.43586   0.01409    0.5499   -4.4393   -0.0477    0.2973   -0.0413   -0.8059
   0.600000  0.576585   1.45130  -2.81296   1.45841   0.01204    0.3628   -3.1270   -0.0347    0.2290   -0.0295   -0.6000
   0.650000  0.644668   1.25197  -5.08063   1.47305   0.01058    0.2301   -2.2174   -0.0244    0.1864   -0.0207   -0.4308
   0.700000  0.700000   1.00000  -2.29682   1.48206   0.00958    0.1438   -0.9660   -0.0167    0.0829   -0.0145   -0.3011
   0.750000  0.750000   1.00000   0.00000   1.48852   0.00880    0.1153   -0.5126   -0.0147    0.0372   -0.0132   -0.2692
   0.800000  0.800000   1.00000   0.00000   1.49368   0.00811    0.0921   -0.4176   -0.0130    0.0318   -0.0125   -0.2419
   0.850000  0.850000   1.00000   0.00000   1.49780   0.00750    0.0732   -0.3424   -0.0115    0.0281   -0.0124   -0.2179
   0.900000  0.900000   1.00000   0.00000   1.50106   0.00696    0.0576   -0.2815   -0.0101    0.0259   -0.0132   -0.1957
   0.950000  0.950000   1.00000   0.00000   1.50361   0.00648    0.0449   -0.2306   -0.0088    0.0248   -0.0148   -0.1742
   1.000000  1.000000   1.00000   0.00000   1.50558   0.00607    0.0344   -0.1885   -0.0076    0.0235   -0.0156   -0.1538

 R DERIVATIVES (R<1,THETA=PI) FOR J=  21  Y=  2.123979  TWIST(DEG)=  1.153943  XTWIST=  0.000000  CHORD=  0.395732

     R         RBAR      DRBAR    D2RBAR      X         Z         XR        XRR       ZR        ZRR       XRT       ZRT
   0.050000  0.019122   0.38243   0.00000  -3.85357   0.35075  112.6415-4502.6542   -6.9890  279.6812   -6.9861 -112.7024
   0.100000  0.038243   0.38243   0.33627  -1.03864   0.17598   28.1368 -538.6550   -1.7483   33.4000   -1.7455  -28.2007
   0.150000  0.058626   0.45237   2.21133  -0.06100   0.11517   14.1407 -149.6817   -0.8809    9.2644   -0.8777  -14.2174
   0.200000  0.084486   0.58993   3.19431   0.49925   0.08019    8.8536  -76.3951   -0.5543    4.7108   -0.5501   -8.9541
   0.250000  0.118252   0.76547   3.76405   0.86048   0.05749    5.8321  -47.6629   -0.3684    2.9245   -0.3632   -5.9625
   0.300000  0.161349   0.96000   3.95396   1.10015   0.04225    3.8909  -31.2389   -0.2496    1.9052   -0.2433   -4.0539
   0.350000  0.214252   1.15454   3.76405   1.26051   0.03185    2.6115  -20.6767   -0.1719    1.2531   -0.1646   -2.8063
   0.400000  0.276486   1.33008   3.19431   1.36841   0.02463    1.7620  -13.7890   -0.1205    0.8324   -0.1127   -1.9845
   0.450000  0.346627   1.46764   2.24476   1.44134   0.01952    1.1926   -9.3022   -0.0861    0.5637   -0.0781   -1.4355
   0.500000  0.422301   1.54822   0.91537   1.49069   0.01584    0.8060   -6.3608   -0.0625    0.3934   -0.0549   -1.0591
   0.550000  0.500184   1.55285  -0.79383   1.52394   0.01315    0.5401   -4.4059   -0.0457    0.2862   -0.0389   -0.7901
   0.600000  0.576003   1.46251  -2.88286   1.54604   0.01119    0.3549   -3.0893   -0.0332    0.2202   -0.0277   -0.5863
   0.650000  0.644536   1.25823  -5.20687   1.56032   0.00979    0.2240   -2.1826   -0.0233    0.1794   -0.0194   -0.4193
   0.700000  0.700000   1.00000  -2.35389   1.56908   0.00884    0.1392   -0.9430   -0.0159    0.0793   -0.0134   -0.2915
   0.750000  0.750000   1.00000   0.00000   1.57532   0.00809    0.1116   -0.4962   -0.0140    0.0350   -0.0123   -0.2606
   0.800000  0.800000   1.00000   0.00000   1.58032   0.00744    0.0892   -0.4042   -0.0124    0.0300   -0.0116   -0.2342
   0.850000  0.850000   1.00000   0.00000   1.58430   0.00686    0.0708   -0.3315   -0.0109    0.0265   -0.0116   -0.2109
   0.900000  0.900000   1.00000   0.00000   1.58746   0.00634    0.0558   -0.2725   -0.0097    0.0245   -0.0124   -0.1895
   0.950000  0.950000   1.00000   0.00000   1.58993   0.00589    0.0434   -0.2232   -0.0085    0.0236   -0.0140   -0.1686
   1.000000  1.000000   1.00000   0.00000   1.59184   0.00549    0.0333   -0.1823   -0.0073    0.0224   -0.0149   -0.1488

 R DERIVATIVES (R<1,THETA=PI) FOR J=  22  Y=  2.243284  TWIST(DEG)=  1.033388  XTWIST=  0.000000  CHORD=  0.382341

     R         RBAR      DRBAR    D2RBAR      X         Z         XR        XRR       ZR        ZRR       XRT       ZRT
   0.050000  0.018365   0.36731   0.00000  -3.80567   0.34064  113.3208-4530.0358   -6.7879  271.6371   -6.7852 -113.3770
   0.100000  0.036731   0.36731   0.34451  -0.97368   0.17089   28.3083 -540.2275   -1.6980   32.3397   -1.6953  -28.3676
   0.150000  0.056388   0.43896   2.26549   0.01261   0.11167   14.3341 -149.7393   -0.8620    8.9471   -0.8588  -14.4059
   0.200000  0.081657   0.57989   3.27254   0.58176   0.07738    9.0050  -77.7480   -0.5441    4.6283   -0.5400   -9.1004
   0.250000  0.115025   0.75973   3.85623   0.94882   0.05512    5.9145  -48.9260   -0.3605    2.8983   -0.3553   -6.0396
   0.300000  0.157954   0.95903   4.05079   1.19123   0.04024    3.9223  -32.0105   -0.2429    1.8847   -0.2365   -4.0797
   0.350000  0.210928   1.15832   3.85623   1.35237   0.03015    2.6150  -21.0482   -0.1662    1.2313   -0.1588   -2.8040
   0.400000  0.273462   1.33816   3.27254   1.46010   0.02319    1.7533  -13.9280   -0.1159    0.8113   -0.1078   -1.9697
   0.450000  0.344096   1.47909   2.29973   1.53248   0.01828    1.1802   -9.3270   -0.0825    0.5453   -0.0742   -1.4168
   0.500000  0.420398   1.56165   0.93779   1.58120   0.01476    0.7938   -6.3368   -0.0597    0.3783   -0.0517   -1.0405
   0.550000  0.498964   1.56638  -0.81327   1.61388   0.01220    0.5296   -4.3652   -0.0436    0.2742   -0.0365   -0.7733
   0.600000  0.575415   1.47384  -2.95346   1.63550   0.01033    0.3465   -3.0466   -0.0317    0.2106   -0.0258   -0.5719
   0.650000  0.644402   1.26455  -5.33439   1.64942   0.00899    0.2176   -2.1444   -0.0221    0.1719   -0.0179   -0.4073
   0.700000  0.700000   1.00000  -2.41154   1.65790   0.00809    0.1345   -0.9189   -0.0151    0.0755   -0.0124   -0.2816
   0.750000  0.750000   1.00000   0.00000   1.66394   0.00738    0.1078   -0.4795   -0.0133    0.0328   -0.0113   -0.2518
   0.800000  0.800000   1.00000   0.00000   1.66877   0.00676    0.0861   -0.3906   -0.0117    0.0281   -0.0108   -0.2263
   0.850000  0.850000   1.00000   0.00000   1.67262   0.00620    0.0684   -0.3203   -0.0104    0.0250   -0.0108   -0.2038
   0.900000  0.900000   1.00000   0.00000   1.67566   0.00571    0.0539   -0.2633   -0.0092    0.0231   -0.0116   -0.1831
   0.950000  0.950000   1.00000   0.00000   1.67805   0.00528    0.0419   -0.2157   -0.0081    0.0223   -0.0132   -0.1630
   1.000000  1.000000   1.00000   0.00000   1.67989   0.00490    0.0322   -0.1761   -0.0070    0.0213   -0.0142   -0.1436

 R DERIVATIVES (R<1,THETA=PI) FOR J=  23  Y=  2.364800  TWIST(DEG)=  0.901873  XTWIST=  0.000000  CHORD=  0.368695

     R         RBAR      DRBAR    D2RBAR      X         Z         XR        XRR       ZR        ZRR       XRT       ZRT
   0.050000  0.017599   0.35199   0.00000  -3.75839   0.32943  114.0437-4559.1598   -6.5651  262.7217   -6.5624 -114.0954
   0.100000  0.035199   0.35199   0.35285  -0.90824   0.16526   28.4908 -541.8196   -1.6423   31.1721   -1.6397  -28.5454
   0.150000  0.054121   0.42537   2.32035   0.08737   0.10781   14.5443 -149.8038   -0.8404    8.6020   -0.8373  -14.6113
   0.200000  0.078791   0.56971   3.35179   0.66615   0.07431    9.1672  -79.2810   -0.5322    4.5356   -0.5280   -9.2576
   0.250000  0.111757   0.75391   3.94961   1.03935   0.05256    5.9997  -50.3143   -0.3514    2.8645   -0.3461   -6.1194
   0.300000  0.154514   0.95803   4.14888   1.28451   0.03811    3.9522  -32.8273   -0.2352    1.8575   -0.2286   -4.1039
   0.350000  0.207560   1.16216   3.94961   1.44634   0.02837    2.6160  -21.4231   -0.1598    1.2041   -0.1522   -2.7989
   0.400000  0.270398   1.34635   3.35179   1.55376   0.02169    1.7424  -14.0567   -0.1109    0.7865   -0.1025   -1.9525
   0.450000  0.341531   1.49069   2.35542   1.62549   0.01700    1.1661   -9.3399   -0.0786    0.5244   -0.0700   -1.3962
   0.500000  0.418470   1.57525   0.96050   1.67352   0.01365    0.7804   -6.3030   -0.0568    0.3615   -0.0484   -1.0205
   0.550000  0.497728   1.58010  -0.83296   1.70558   0.01122    0.5184   -4.3174   -0.0414    0.2610   -0.0339   -0.7555
   0.600000  0.574820   1.48531  -3.02498   1.72670   0.00945    0.3377   -2.9989   -0.0300    0.2004   -0.0239   -0.5567
   0.650000  0.644266   1.27096  -5.46356   1.74024   0.00818    0.2111   -2.1028   -0.0209    0.1639   -0.0165   -0.3949
   0.700000  0.700000   1.00000  -2.46993   1.74844   0.00733    0.1297   -0.8937   -0.0142    0.0715   -0.0113   -0.2716
   0.750000  0.750000   1.00000   0.00000   1.75426   0.00666    0.1040   -0.4624   -0.0125    0.0305   -0.0104   -0.2428
   0.800000  0.800000   1.00000   0.00000   1.75892   0.00607    0.0831   -0.3767   -0.0111    0.0263   -0.0099   -0.2183
   0.850000  0.850000   1.00000   0.00000   1.76263   0.00554    0.0660   -0.3089   -0.0099    0.0234   -0.0100   -0.1966
   0.900000  0.900000   1.00000   0.00000   1.76557   0.00508    0.0520   -0.2540   -0.0088    0.0217   -0.0108   -0.1766
   0.950000  0.950000   1.00000   0.00000   1.76787   0.00466    0.0404   -0.2079   -0.0077    0.0211   -0.0123   -0.1572
   1.000000  1.000000   1.00000   0.00000   1.76965   0.00431    0.0310   -0.1697   -0.0067    0.0202   -0.0135   -0.1383

 R DERIVATIVES (R<1,THETA=PI) FOR J=  24  Y=  2.487045  TWIST(DEG)=  0.759589  XTWIST=  0.000000  CHORD=  0.354960

     R         RBAR      DRBAR    D2RBAR      X         Z         XR        XRR       ZR        ZRR       XRT       ZRT
   0.050000  0.016830   0.33660   0.00000  -3.71352   0.31716  114.8257-4590.6425   -6.3210  252.9551   -6.3185 -114.8731
   0.100000  0.033660   0.33660   0.36122  -0.84375   0.15909   28.6880 -543.4915   -1.5812   29.9013   -1.5787  -28.7381
   0.150000  0.051845   0.41173   2.37543   0.16201   0.10361   14.7737 -149.9022   -0.8162    8.2308   -0.8131  -14.8361
   0.200000  0.075914   0.55950   3.43136   0.75123   0.07100    9.3411  -81.0232   -0.5184    4.4325   -0.5143   -9.4265
   0.250000  0.108475   0.74807   4.04337   1.13092   0.04985    6.0875  -51.8369   -0.3408    2.8222   -0.3355   -6.2019
   0.300000  0.151060   0.95704   4.24737   1.37885   0.03587    3.9806  -33.6881   -0.2265    1.8227   -0.2198   -4.1265
   0.350000  0.204179   1.16601   4.04337   1.54125   0.02652    2.6145  -21.7987   -0.1528    1.1713   -0.1450   -2.7912
   0.400000  0.267321   1.35457   3.43136   1.64825   0.02015    1.7293  -14.1736   -0.1054    0.7579   -0.0968   -1.9329
   0.450000  0.338956   1.50234   2.41133   1.71924   0.01571    1.1505   -9.3407   -0.0745    0.5011   -0.0655   -1.3739
   0.500000  0.416535   1.58891   0.98330   1.76652   0.01253    0.7661   -6.2598   -0.0537    0.3432   -0.0450   -0.9993
   0.550000  0.496487   1.59387  -0.85274   1.79792   0.01023    0.5065   -4.2630   -0.0391    0.2469   -0.0313   -0.7370
   0.600000  0.574222   1.49683  -3.09679   1.81852   0.00856    0.3286   -2.9469   -0.0284    0.1895   -0.0218   -0.5411
   0.650000  0.644130   1.27739  -5.59326   1.83166   0.00736    0.2044   -2.0584   -0.0198    0.1554   -0.0150   -0.3823
   0.700000  0.700000   1.00000  -2.52857   1.83958   0.00656    0.1249   -0.8679   -0.0134    0.0675   -0.0102   -0.2615
   0.750000  0.750000   1.00000   0.00000   1.84518   0.00593    0.1001   -0.4452   -0.0118    0.0283   -0.0094   -0.2338
   0.800000  0.800000   1.00000   0.00000   1.84967   0.00537    0.0800   -0.3627   -0.0105    0.0244   -0.0090   -0.2102
   0.850000  0.850000   1.00000   0.00000   1.85324   0.00488    0.0635   -0.2975   -0.0094    0.0217   -0.0091   -0.1893
   0.900000  0.900000   1.00000   0.00000   1.85607   0.00444    0.0500   -0.2446   -0.0083    0.0203   -0.0099   -0.1700
   0.950000  0.950000   1.00000   0.00000   1.85828   0.00405    0.0389   -0.2002   -0.0073    0.0198   -0.0115   -0.1513
   1.000000  1.000000   1.00000   0.00000   1.86000   0.00370    0.0299   -0.1633   -0.0063    0.0191   -0.0127   -0.1330

 R DERIVATIVES (R<1,THETA=PI) FOR J=  25  Y=  2.606322  TWIST(DEG)=  0.609902  XTWIST=  0.000000  CHORD=  0.341553

     R         RBAR      DRBAR    D2RBAR      X         Z         XR        XRR       ZR        ZRR       XRT       ZRT
   0.050000  0.016080   0.32160   0.00000  -3.67320   0.30411  115.6589-4624.1561   -6.0612  242.5586   -6.0587 -115.7022
   0.100000  0.032160   0.32160   0.36940  -0.78253   0.15254   28.8978 -545.2386   -1.5162   28.5576   -1.5138  -28.9438
   0.150000  0.049625   0.39842   2.42917   0.23406   0.09915   15.0191 -150.0526   -0.7898    7.8431   -0.7868  -15.0771
   0.200000  0.073106   0.54953   3.50899   0.83436   0.06753    9.5233  -82.9580   -0.5030    4.3203   -0.4990   -9.6040
   0.250000  0.105273   0.74237   4.13485   1.22075   0.04704    6.1759  -53.4639   -0.3291    2.7710   -0.3237   -6.2852
   0.300000  0.147691   0.95606   4.34347   1.47138   0.03359    4.0066  -34.5701   -0.2171    1.7805   -0.2103   -4.1469
   0.350000  0.200880   1.16976   4.13485   1.63422   0.02467    2.6105  -22.1635   -0.1454    1.1332   -0.1374   -2.7812
   0.400000  0.264319   1.36260   3.50899   1.74070   0.01862    1.7145  -14.2750   -0.0998    0.7260   -0.0909   -1.9117
   0.450000  0.336444   1.51371   2.46589   1.81088   0.01442    1.1339   -9.3292   -0.0702    0.4760   -0.0610   -1.3505
   0.500000  0.414647   1.60223   1.00555   1.85736   0.01143    0.7513   -6.2086   -0.0505    0.3240   -0.0415   -0.9776
   0.550000  0.495276   1.60731  -0.87203   1.88809   0.00927    0.4945   -4.2038   -0.0368    0.2323   -0.0286   -0.7182
   0.600000  0.573639   1.50807  -3.16685   1.90816   0.00769    0.3194   -2.8922   -0.0267    0.1783   -0.0198   -0.5256
   0.650000  0.643997   1.28367  -5.71980   1.92091   0.00657    0.1978   -2.0127   -0.0186    0.1468   -0.0135   -0.3698
   0.700000  0.700000   1.00000  -2.58578   1.92855   0.00581    0.1202   -0.8421   -0.0125    0.0635   -0.0092   -0.2517
   0.750000  0.750000   1.00000   0.00000   1.93394   0.00522    0.0963   -0.4285   -0.0111    0.0261   -0.0084   -0.2250
   0.800000  0.800000   1.00000   0.00000   1.93826   0.00470    0.0770   -0.3491   -0.0099    0.0225   -0.0081   -0.2023
   0.850000  0.850000   1.00000   0.00000   1.94170   0.00423    0.0611   -0.2863   -0.0088    0.0202   -0.0083   -0.1822
   0.900000  0.900000   1.00000   0.00000   1.94442   0.00381    0.0481   -0.2354   -0.0079    0.0189   -0.0091   -0.1637
   0.950000  0.950000   1.00000   0.00000   1.94655   0.00344    0.0375   -0.1926   -0.0069    0.0186   -0.0107   -0.1456
   1.000000  1.000000   1.00000   0.00000   1.94820   0.00312    0.0288   -0.1570   -0.0060    0.0181   -0.0120   -0.1278

 R DERIVATIVES (R<1,THETA=PI) FOR J=  26  Y=  2.716454  TWIST(DEG)=  0.460988  XTWIST=  0.000000  CHORD=  0.329171

     R         RBAR      DRBAR    D2RBAR      X         Z         XR        XRR       ZR        ZRR       XRT       ZRT
   0.050000  0.015387   0.30774   0.00000  -3.63952   0.29097  116.4995-4657.9490   -5.7995  232.0857   -5.7971 -116.5392
   0.100000  0.030774   0.30774   0.37694  -0.72777   0.14594   29.1093 -546.9688   -1.4508   27.2136   -1.4484  -29.1517
   0.150000  0.047574   0.38613   2.47880   0.29978   0.09469   15.2674 -150.2538   -0.7625    7.4598   -0.7596  -15.3215
   0.200000  0.070514   0.54033   3.58068   0.91120   0.06409    9.7040  -84.9865   -0.4868    4.2041   -0.4828   -9.7804
   0.250000  0.102317   0.73710   4.21932   1.30412   0.04431    6.2600  -55.1046   -0.3169    2.7130   -0.3114   -6.3646
   0.300000  0.144579   0.95517   4.43220   1.55725   0.03140    4.0289  -35.4226   -0.2074    1.7327   -0.2005   -4.1640
   0.350000  0.197833   1.17323   4.21932   1.72039   0.02290    2.6045  -22.4972   -0.1380    1.0921   -0.1298   -2.7695
   0.400000  0.261547   1.37000   3.58068   1.82628   0.01718    1.6990  -14.3558   -0.0942    0.6929   -0.0851   -1.8901
   0.450000  0.334124   1.52420   2.51627   1.89563   0.01322    1.1173   -9.3070   -0.0661    0.4506   -0.0566   -1.3276
   0.500000  0.412903   1.61453   1.02609   1.94133   0.01041    0.7368   -6.1530   -0.0475    0.3049   -0.0382   -0.9567
   0.550000  0.494158   1.61971  -0.88985   1.97140   0.00838    0.4830   -4.1438   -0.0346    0.2181   -0.0261   -0.7003
   0.600000  0.573100   1.51845  -3.23155   1.99097   0.00689    0.3108   -2.8383   -0.0251    0.1676   -0.0180   -0.5108
   0.650000  0.643875   1.28946  -5.83666   2.00336   0.00583    0.1916   -1.9683   -0.0175    0.1386   -0.0122   -0.3582
   0.700000  0.700000   1.00000  -2.63860   2.01074   0.00512    0.1159   -0.8178   -0.0118    0.0596   -0.0082   -0.2426
   0.750000  0.750000   1.00000   0.00000   2.01594   0.00457    0.0929   -0.4130   -0.0105    0.0240   -0.0076   -0.2169
   0.800000  0.800000   1.00000   0.00000   2.02010   0.00407    0.0742   -0.3365   -0.0093    0.0208   -0.0073   -0.1950
   0.850000  0.850000   1.00000   0.00000   2.02341   0.00363    0.0589   -0.2759   -0.0084    0.0187   -0.0075   -0.1756
   0.900000  0.900000   1.00000   0.00000   2.02604   0.00324    0.0464   -0.2269   -0.0075    0.0176   -0.0084   -0.1578
   0.950000  0.950000   1.00000   0.00000   2.02809   0.00289    0.0361   -0.1856   -0.0066    0.0175   -0.0100   -0.1403
   1.000000  1.000000   1.00000   0.00000   2.02968   0.00258    0.0277   -0.1512   -0.0057    0.0171   -0.0114   -0.1229

 R DERIVATIVES (R<1,THETA=PI) FOR J=  27  Y=  2.811129  TWIST(DEG)=  0.323796  XTWIST=  0.000000  CHORD=  0.318525

     R         RBAR      DRBAR    D2RBAR      X         Z         XR        XRR       ZR        ZRR       XRT       ZRT
   0.050000  0.014791   0.29583   0.00000  -3.61350   0.27870  117.2811-4689.3500   -5.5551  222.3094   -5.5528 -117.3178
   0.100000  0.029583   0.29583   0.38343  -0.68216   0.13979   29.3059 -548.5403   -1.3897   25.9680   -1.3873  -29.3451
   0.150000  0.045812   0.37558   2.52143   0.35564   0.09053   15.4995 -150.4834   -0.7365    7.1083   -0.7336  -15.5504
   0.200000  0.068287   0.53242   3.64226   0.97736   0.06094    9.8694  -86.9423   -0.4711    4.0920   -0.4670   -9.9423
   0.250000  0.099777   0.73258   4.29189   1.37617   0.04183    6.3340  -56.6295   -0.3051    2.6527   -0.2996   -6.4345
   0.300000  0.141906   0.95440   4.50844   1.63143   0.02945    4.0464  -36.1836   -0.1983    1.6837   -0.1913   -4.1771
   0.350000  0.195216   1.17621   4.29189   1.79473   0.02135    2.5972  -22.7791   -0.1311    1.0516   -0.1228   -2.7574
   0.400000  0.259166   1.37637   3.64226   1.90001   0.01592    1.6840  -14.4140   -0.0891    0.6614   -0.0798   -1.8698
   0.450000  0.332131   1.53322   2.55954   1.96860   0.01218    1.1020   -9.2782   -0.0624    0.4269   -0.0526   -1.3067
   0.500000  0.411405   1.62510   1.04374   2.01358   0.00953    0.7237   -6.0985   -0.0448    0.2875   -0.0352   -0.9379
   0.550000  0.493198   1.63037  -0.90515   2.04307   0.00761    0.4728   -4.0878   -0.0327    0.2052   -0.0239   -0.6844
   0.600000  0.572638   1.52737  -3.28713   2.06220   0.00621    0.3032   -2.7893   -0.0237    0.1579   -0.0163   -0.4979
   0.650000  0.643769   1.29444  -5.93705   2.07426   0.00520    0.1862   -1.9285   -0.0165    0.1313   -0.0110   -0.3480
   0.700000  0.700000   1.00000  -2.68398   2.08142   0.00453    0.1121   -0.7965   -0.0111    0.0563   -0.0074   -0.2347
   0.750000  0.750000   1.00000   0.00000   2.08645   0.00401    0.0899   -0.3997   -0.0099    0.0223   -0.0068   -0.2099
   0.800000  0.800000   1.00000   0.00000   2.09047   0.00354    0.0718   -0.3256   -0.0089    0.0194   -0.0066   -0.1887
   0.850000  0.850000   1.00000   0.00000   2.09368   0.00312    0.0570   -0.2670   -0.0080    0.0175   -0.0069   -0.1699
   0.900000  0.900000   1.00000   0.00000   2.09622   0.00274    0.0449   -0.2196   -0.0071    0.0165   -0.0078   -0.1527
   0.950000  0.950000   1.00000   0.00000   2.09821   0.00241    0.0350   -0.1796   -0.0063    0.0165   -0.0093   -0.1358
   1.000000  1.000000   1.00000   0.00000   2.09975   0.00211    0.0268   -0.1463   -0.0055    0.0162   -0.0109   -0.1188

 R DERIVATIVES (R<1,THETA=PI) FOR J=  28  Y=  2.888250  TWIST(DEG)=  0.205119  XTWIST=  0.000000  CHORD=  0.309852

     R         RBAR      DRBAR    D2RBAR      X         Z         XR        XRR       ZR        ZRR       XRT       ZRT
   0.050000  0.014307   0.28615   0.00000  -3.59435   0.26796  117.9590-4716.5750   -5.3410  213.7437   -5.3388 -117.9934
   0.100000  0.028615   0.28615   0.38870  -0.64602   0.13439   29.4762 -549.8661   -1.3361   24.8839   -1.3339  -29.5131
   0.150000  0.044379   0.36699   2.55611   0.40070   0.08691   15.7022 -150.7137   -0.7132    6.8051   -0.7104  -15.7505
   0.200000  0.066475   0.52599   3.69235   1.03137   0.05821   10.0114  -88.6967   -0.4567    3.9905   -0.4527  -10.0814
   0.250000  0.097711   0.72891   4.35092   1.43516   0.03972    6.3952  -57.9537   -0.2945    2.5949   -0.2889   -6.4925
   0.300000  0.139732   0.95377   4.57044   1.69212   0.02780    4.0593  -36.8208   -0.1902    1.6375   -0.1832   -4.1864
   0.350000  0.193088   1.17863   4.35092   1.85547   0.02005    2.5898  -23.0032   -0.1252    1.0146   -0.1167   -2.7459
   0.400000  0.257229   1.38154   3.69235   1.96020   0.01488    1.6707  -14.4523   -0.0848    0.6333   -0.0753   -1.8522
   0.450000  0.330510   1.54055   2.59474   2.02810   0.01132    1.0888   -9.2475   -0.0593    0.4063   -0.0493   -1.2890
   0.500000  0.410186   1.63370   1.05809   2.07247   0.00881    0.7126   -6.0491   -0.0426    0.2725   -0.0327   -0.9222
   0.550000  0.492417   1.63904  -0.91760   2.10148   0.00698    0.4642   -4.0390   -0.0311    0.1943   -0.0220   -0.6712
   0.600000  0.572261   1.53462  -3.33234   2.12023   0.00564    0.2969   -2.7474   -0.0226    0.1498   -0.0150   -0.4872
   0.650000  0.643684   1.29849  -6.01869   2.13203   0.00469    0.1818   -1.8949   -0.0158    0.1251   -0.0100   -0.3397
   0.700000  0.700000   1.00000  -2.72090   2.13901   0.00405    0.1091   -0.7789   -0.0106    0.0535   -0.0067   -0.2284
   0.750000  0.750000   1.00000   0.00000   2.14390   0.00355    0.0874   -0.3888   -0.0095    0.0209   -0.0062   -0.2042
   0.800000  0.800000   1.00000   0.00000   2.14782   0.00310    0.0699   -0.3168   -0.0085    0.0182   -0.0061   -0.1836
   0.850000  0.850000   1.00000   0.00000   2.15094   0.00270    0.0555   -0.2598   -0.0076    0.0165   -0.0064   -0.1653
   0.900000  0.900000   1.00000   0.00000   2.15341   0.00234    0.0437   -0.2137   -0.0068    0.0156   -0.0072   -0.1485
   0.950000  0.950000   1.00000   0.00000   2.15534   0.00202    0.0340   -0.1747   -0.0060    0.0157   -0.0088   -0.1321
   1.000000  1.000000   1.00000   0.00000   2.15684   0.00174    0.0261   -0.1422   -0.0053    0.0156   -0.0104   -0.1154

 R DERIVATIVES (R<1,THETA=PI) FOR J=  29  Y=  2.950887  TWIST(DEG)=  0.103753  XTWIST=  0.000000  CHORD=  0.302808

     R         RBAR      DRBAR    D2RBAR      X         Z         XR        XRR       ZR        ZRR       XRT       ZRT
   0.050000  0.013915   0.27830   0.00000  -3.58016   0.25868  118.5368-4739.7732   -5.1560  206.3418   -5.1538 -118.5694
   0.100000  0.027830   0.27830   0.39297  -0.61735   0.12974   29.6214 -550.9629   -1.2898   23.9526   -1.2876  -29.6564
   0.150000  0.043218   0.36003   2.58421   0.43702   0.08379   15.8763 -150.9318   -0.6927    6.5464   -0.6899  -15.9226
   0.200000  0.065007   0.52078   3.73295   1.07533   0.05589   10.1315  -90.2373   -0.4440    3.8999   -0.4400  -10.1992
   0.250000  0.096036   0.72593   4.39875   1.48329   0.03794    6.4453  -59.0850   -0.2851    2.5413   -0.2796   -6.5399
   0.300000  0.137970   0.95326   4.62069   1.74160   0.02643    4.0687  -37.3484   -0.1833    1.5953   -0.1761   -4.1928
   0.350000  0.191362   1.18060   4.39875   1.90494   0.01897    2.5826  -23.1803   -0.1201    0.9817   -0.1115   -2.7355
   0.400000  0.255659   1.38574   3.73295   2.00917   0.01402    1.6591  -14.4766   -0.0811    0.6089   -0.0715   -1.8370
   0.450000  0.329196   1.54649   2.62327   2.07649   0.01062    1.0775   -9.2174   -0.0567    0.3887   -0.0465   -1.2740
   0.500000  0.409199   1.64067   1.06973   2.12034   0.00821    0.7033   -6.0056   -0.0407    0.2599   -0.0307   -0.9090
   0.550000  0.491783   1.64607  -0.92769   2.14893   0.00647    0.4571   -3.9973   -0.0298    0.1851   -0.0205   -0.6602
   0.600000  0.571956   1.54050  -3.36897   2.16738   0.00519    0.2917   -2.7121   -0.0217    0.1431   -0.0138   -0.4784
   0.650000  0.643614   1.30177  -6.08487   2.17896   0.00427    0.1782   -1.8669   -0.0151    0.1200   -0.0092   -0.3329
   0.700000  0.700000   1.00000  -2.75081   2.18579   0.00366    0.1066   -0.7645   -0.0102    0.0513   -0.0062   -0.2232
   0.750000  0.750000   1.00000   0.00000   2.19057   0.00318    0.0855   -0.3800   -0.0091    0.0197   -0.0057   -0.1996
   0.800000  0.800000   1.00000   0.00000   2.19440   0.00275    0.0683   -0.3096   -0.0082    0.0172   -0.0056   -0.1794
   0.850000  0.850000   1.00000   0.00000   2.19745   0.00236    0.0543   -0.2539   -0.0073    0.0156   -0.0059   -0.1616
   0.900000  0.900000   1.00000   0.00000   2.19987   0.00201    0.0427   -0.2088   -0.0066    0.0149   -0.0068   -0.1452
   0.950000  0.950000   1.00000   0.00000   2.20176   0.00170    0.0333   -0.1707   -0.0058    0.0151   -0.0084   -0.1291
   1.000000  1.000000   1.00000   0.00000   2.20322   0.00143    0.0255   -0.1389   -0.0051    0.0150   -0.0101   -0.1126

 R DERIVATIVES (R<1,THETA=PI) FOR J=  30  Y=  3.004306  TWIST(DEG)=  0.013518  XTWIST=  0.000000  CHORD=  0.296800

     R         RBAR      DRBAR    D2RBAR      X         Z         XR        XRR       ZR        ZRR       XRT       ZRT
   0.050000  0.013581   0.27162   0.00000  -3.56899   0.25033  119.0486-4760.3155   -4.9896  199.6833   -4.9875 -119.0796
   0.100000  0.027162   0.27162   0.39661  -0.59336   0.12555   29.7499 -551.9048   -1.2482   23.1193   -1.2461  -29.7833
   0.150000  0.042230   0.35411   2.60812   0.46782   0.08099   16.0319 -151.1416   -0.6740    6.3163   -0.6712  -16.0764
   0.200000  0.063758   0.51635   3.76749   1.11292   0.05382   10.2373  -91.6388   -0.4323    3.8159   -0.4283  -10.3031
   0.250000  0.094612   0.72339   4.43945   1.52450   0.03638    6.4881  -60.0899   -0.2766    2.4902   -0.2710   -6.5805
   0.300000  0.136471   0.95283   4.66344   1.78395   0.02523    4.0758  -37.8043   -0.1770    1.5556   -0.1698   -4.1974
   0.350000  0.189895   1.18227   4.43945   1.94722   0.01804    2.5756  -23.3269   -0.1155    0.9514   -0.1069   -2.7257
   0.400000  0.254324   1.38931   3.76749   2.05099   0.01328    1.6485  -14.4920   -0.0779    0.5868   -0.0682   -1.8234
   0.450000  0.328079   1.55155   2.64754   2.11778   0.01002    1.0676   -9.1877   -0.0544    0.3730   -0.0441   -1.2607
   0.500000  0.408359   1.64659   1.07962   2.16118   0.00771    0.6952   -5.9659   -0.0391    0.2487   -0.0289   -0.8975
   0.550000  0.491245   1.65205  -0.93627   2.18942   0.00603    0.4509   -3.9602   -0.0286    0.1771   -0.0192   -0.6507
   0.600000  0.571697   1.54550  -3.40014   2.20760   0.00480    0.2872   -2.6811   -0.0209    0.1372   -0.0129   -0.4708
   0.650000  0.643555   1.30456  -6.14117   2.21899   0.00392    0.1751   -1.8424   -0.0146    0.1156   -0.0086   -0.3271
   0.700000  0.700000   1.00000  -2.77626   2.22569   0.00333    0.1045   -0.7521   -0.0098    0.0493   -0.0057   -0.2188
   0.750000  0.750000   1.00000   0.00000   2.23038   0.00286    0.0838   -0.3725   -0.0088    0.0188   -0.0053   -0.1956
   0.800000  0.800000   1.00000   0.00000   2.23413   0.00245    0.0669   -0.3035   -0.0079    0.0164   -0.0052   -0.1758
   0.850000  0.850000   1.00000   0.00000   2.23712   0.00207    0.0532   -0.2489   -0.0071    0.0149   -0.0056   -0.1584
   0.900000  0.900000   1.00000   0.00000   2.23949   0.00174    0.0419   -0.2047   -0.0064    0.0143   -0.0065   -0.1423
   0.950000  0.950000   1.00000   0.00000   2.24135   0.00143    0.0326   -0.1673   -0.0057    0.0145   -0.0080   -0.1266
   1.000000  1.000000   1.00000   0.00000   2.24278   0.00117    0.0250   -0.1361   -0.0049    0.0145   -0.0098   -0.1102

 R DERIVATIVES (R<1,THETA=PI) FOR J=  31  Y=  3.053702  TWIST(DEG)= -0.029547  XTWIST=  0.000000  CHORD=  0.291251

     R         RBAR      DRBAR    D2RBAR      X         Z         XR        XRR       ZR        ZRR       XRT       ZRT
   0.050000  0.012171   0.24343   0.00000  -3.55813  -0.00309  119.6290-4783.5189    0.0617   -2.4668    0.0617 -119.6644
   0.100000  0.024343   0.24343   0.41196  -0.56802  -0.00154   29.8940 -547.6564    0.0154   -0.2824    0.0154  -29.9294
   0.150000  0.038059   0.32911   2.70908   0.50898  -0.00099   16.5198 -150.1203    0.0085   -0.0774    0.0085  -16.5678
   0.200000  0.058485   0.49763   3.91332   1.17567  -0.00064   10.5570  -97.2313    0.0054   -0.0501    0.0055  -10.6294
   0.250000  0.088597   0.71268   4.61129   1.59662  -0.00043    6.5591  -63.8995    0.0034   -0.0330    0.0034   -6.6629
   0.300000  0.130141   0.95100   4.84395   1.85593  -0.00029    4.0192  -39.2656    0.0021   -0.0202    0.0021   -4.1577
   0.350000  0.183697   1.18932   4.61129   2.01514  -0.00021    2.4797  -23.6056    0.0013   -0.0122    0.0014   -2.6529
   0.400000  0.248685   1.40438   3.91332   2.11399  -0.00016    1.5512  -14.3468    0.0008   -0.0074    0.0009   -1.7557
   0.450000  0.323359   1.57290   2.75002   2.17616  -0.00013    0.9808   -8.9384    0.0005   -0.0046    0.0006   -1.2098
   0.500000  0.404812   1.67162   1.12141   2.21554  -0.00011    0.6210   -5.7166    0.0003   -0.0029    0.0004   -0.8645
   0.550000  0.488971   1.67728  -0.97251   2.24036  -0.00010    0.3887   -3.7295    0.0002   -0.0019    0.0003   -0.6329
   0.600000  0.570601   1.56662  -3.53176   2.25572  -0.00009    0.2363   -2.4566    0.0001   -0.0013    0.0002   -0.4644
   0.650000  0.643306   1.31635  -6.37888   2.26485  -0.00008    0.1358   -1.6058    0.0001   -0.0008    0.0002   -0.3275
   0.700000  0.700000   1.00000  -2.88372   2.26989  -0.00008    0.0758   -0.6431    0.0000   -0.0003    0.0001   -0.2214
   0.750000  0.750000   1.00000   0.00000   2.27318  -0.00008    0.0566   -0.3452    0.0000   -0.0002    0.0001   -0.2023
   0.800000  0.800000   1.00000   0.00000   2.27561  -0.00008    0.0410   -0.2844    0.0000   -0.0001    0.0001   -0.1866
   0.850000  0.850000   1.00000   0.00000   2.27732  -0.00008    0.0280   -0.2372    0.0000   -0.0001    0.0001   -0.1736
   0.900000  0.900000   1.00000   0.00000   2.27844  -0.00008    0.0171   -0.1996    0.0000   -0.0001    0.0001   -0.1627
   0.950000  0.950000   1.00000   0.00000   2.27906  -0.00008    0.0079   -0.1702    0.0000   -0.0001    0.0001   -0.1535
   1.000000  1.000000   1.00000   0.00000   2.27925  -0.00008   -0.0000   -0.1446    0.0000   -0.0001    0.0001   -0.1456

 R DERIVATIVES (R<1,THETA=PI) FOR J=  32  Y=  3.104006  TWIST(DEG)= -0.029735  XTWIST=  0.000000  CHORD=  0.285762

     R         RBAR      DRBAR    D2RBAR      X         Z         XR        XRR       ZR        ZRR       XRT       ZRT
   0.050000  0.011892   0.23784   0.00000  -3.54886  -0.00312  120.1308-4803.6558    0.0623   -2.4929    0.0624 -120.1648
   0.100000  0.023784   0.23784   0.41500  -0.54618  -0.00156   30.0199 -548.3718    0.0156   -0.2846    0.0156  -30.0539
   0.150000  0.037233   0.32416   2.72907   0.53779  -0.00100   16.6820 -150.4175    0.0087   -0.0781    0.0087  -16.7283
   0.200000  0.057440   0.49392   3.94219   1.21137  -0.00065   10.6594  -98.8281    0.0055   -0.0513    0.0056  -10.7300
   0.250000  0.087406   0.71056   4.64532   1.63562  -0.00043    6.5938  -64.9059    0.0034   -0.0337    0.0035   -6.6953
   0.300000  0.128887   0.95064   4.87970   1.89570  -0.00029    4.0204  -39.6558    0.0021   -0.0206    0.0022   -4.1562
   0.350000  0.182470   1.19072   4.64532   2.05463  -0.00021    2.4698  -23.6985    0.0013   -0.0123    0.0014   -2.6400
   0.400000  0.247569   1.40736   3.94219   2.15293  -0.00016    1.5399  -14.3319    0.0008   -0.0074    0.0009   -1.7410
   0.450000  0.322425   1.57713   2.77032   2.21457  -0.00013    0.9711   -8.8944    0.0005   -0.0046    0.0006   -1.1965
   0.500000  0.404109   1.67658   1.12969   2.25352  -0.00011    0.6137   -5.6715    0.0003   -0.0029    0.0004   -0.8532
   0.550000  0.488520   1.68228  -0.97969   2.27803  -0.00009    0.3834   -3.6915    0.0002   -0.0019    0.0003   -0.6238
   0.600000  0.570384   1.57080  -3.55782   2.29317  -0.00009    0.2327   -2.4270    0.0001   -0.0013    0.0002   -0.4571
   0.650000  0.643256   1.31869  -6.42595   2.30216  -0.00008    0.1335   -1.5840    0.0001   -0.0008    0.0002   -0.3219
   0.700000  0.700000   1.00000  -2.90500   2.30711  -0.00008    0.0744   -0.6326    0.0000   -0.0003    0.0001   -0.2172
   0.750000  0.750000   1.00000   0.00000   2.31034  -0.00008    0.0556   -0.3387    0.0000   -0.0002    0.0001   -0.1984
   0.800000  0.800000   1.00000   0.00000   2.31272  -0.00008    0.0402   -0.2790    0.0000   -0.0001    0.0001   -0.1831
   0.850000  0.850000   1.00000   0.00000   2.31440  -0.00008    0.0274   -0.2327    0.0000   -0.0001    0.0001   -0.1703
   0.900000  0.900000   1.00000   0.00000   2.31550  -0.00007    0.0168   -0.1959    0.0000   -0.0001    0.0001   -0.1596
   0.950000  0.950000   1.00000   0.00000   2.31610  -0.00007    0.0077   -0.1670    0.0000   -0.0001    0.0001   -0.1506
   1.000000  1.000000   1.00000   0.00000   2.31629  -0.00007   -0.0000   -0.1419    0.0000   -0.0001    0.0001   -0.1429

 R DERIVATIVES (R<1,THETA=PI) FOR J=  33  Y=  3.160801  TWIST(DEG)= -0.029773  XTWIST=  0.000000  CHORD=  0.280098

     R         RBAR      DRBAR    D2RBAR      X         Z         XR        XRR       ZR        ZRR       XRT       ZRT
   0.050000  0.011601   0.23202   0.00000  -3.53923  -0.00314  120.7049-4826.6871    0.0627   -2.5081    0.0627 -120.7374
   0.100000  0.023202   0.23202   0.41817  -0.52217  -0.00157   30.1640 -549.2541    0.0157   -0.2854    0.0157  -30.1965
   0.150000  0.036371   0.31899   2.74991   0.56967  -0.00100   16.8632 -150.8028    0.0088   -0.0784    0.0088  -16.9079
   0.200000  0.056351   0.49006   3.97231   1.25089  -0.00065   10.7722 -100.6191    0.0056   -0.0523    0.0056  -10.8408
   0.250000  0.086164   0.70835   4.68081   1.67875  -0.00043    6.6315  -66.0084    0.0034   -0.0343    0.0035   -6.7307
   0.300000  0.127580   0.95026   4.91697   1.93966  -0.00029    4.0216  -40.0748    0.0021   -0.0208    0.0022   -4.1547
   0.350000  0.181190   1.19218   4.68081   2.09830  -0.00021    2.4594  -23.7958    0.0013   -0.0124    0.0014   -2.6263
   0.400000  0.246404   1.41047   3.97231   2.19601  -0.00016    1.5280  -14.3148    0.0008   -0.0074    0.0009   -1.7255
   0.450000  0.321450   1.58153   2.79148   2.25710  -0.00012    0.9610   -8.8474    0.0005   -0.0046    0.0006   -1.1825
   0.500000  0.403377   1.68175   1.13832   2.29560  -0.00010    0.6060   -5.6238    0.0003   -0.0029    0.0004   -0.8415
   0.550000  0.488051   1.68749  -0.98717   2.31979  -0.00009    0.3779   -3.6515    0.0002   -0.0019    0.0003   -0.6143
   0.600000  0.570158   1.57516  -3.58500   2.33470  -0.00008    0.2290   -2.3960    0.0001   -0.0012    0.0002   -0.4496
   0.650000  0.643205   1.32112  -6.47504   2.34353  -0.00008    0.1311   -1.5612    0.0001   -0.0008    0.0002   -0.3161
   0.700000  0.700000   1.00000  -2.92720   2.34839  -0.00008    0.0729   -0.6216    0.0000   -0.0003    0.0001   -0.2129
   0.750000  0.750000   1.00000   0.00000   2.35155  -0.00008    0.0545   -0.3320    0.0000   -0.0002    0.0001   -0.1945
   0.800000  0.800000   1.00000   0.00000   2.35389  -0.00007    0.0394   -0.2735    0.0000   -0.0001    0.0001   -0.1794
   0.850000  0.850000   1.00000   0.00000   2.35554  -0.00007    0.0269   -0.2281    0.0000   -0.0001    0.0001   -0.1669
   0.900000  0.900000   1.00000   0.00000   2.35661  -0.00007    0.0164   -0.1920    0.0000   -0.0001    0.0001   -0.1565
   0.950000  0.950000   1.00000   0.00000   2.35721  -0.00007    0.0076   -0.1637    0.0000   -0.0001    0.0001   -0.1476
   1.000000  1.000000   1.00000   0.00000   2.35739  -0.00007   -0.0000   -0.1391    0.0000   -0.0001    0.0001   -0.1400

 R DERIVATIVES (R<1,THETA=PI) FOR J=  34  Y=  3.232024  TWIST(DEG)= -0.029774  XTWIST=  0.000000  CHORD=  0.274212

     R         RBAR      DRBAR    D2RBAR      X         Z         XR        XRR       ZR        ZRR       XRT       ZRT
   0.050000  0.011290   0.22580   0.00000  -3.52836  -0.00316  121.4267-4855.6272    0.0631   -2.5233    0.0631 -121.4577
   0.100000  0.022580   0.22580   0.42156  -0.49323  -0.00158   30.3451 -550.5695    0.0158   -0.2861    0.0158  -30.3760
   0.150000  0.035450   0.31347   2.77220   0.60817  -0.00101   17.0782 -151.3664    0.0089   -0.0787    0.0089  -17.1211
   0.200000  0.055187   0.48592   4.00450   1.29840  -0.00065   10.9042 -102.7273    0.0057   -0.0534    0.0057  -10.9708
   0.250000  0.084836   0.70599   4.71874   1.73048  -0.00042    6.6761  -67.2763    0.0035   -0.0350    0.0035   -6.7729
   0.300000  0.126183   0.94986   4.95682   1.99242  -0.00029    4.0245  -40.5524    0.0021   -0.0211    0.0022   -4.1548
   0.350000  0.179822   1.19373   4.71874   2.15079  -0.00020    2.4489  -23.9092    0.0013   -0.0124    0.0014   -2.6126
   0.400000  0.245159   1.41380   4.00450   2.24791  -0.00015    1.5156  -14.3001    0.0008   -0.0074    0.0009   -1.7095
   0.450000  0.320408   1.58625   2.81410   2.30841  -0.00012    0.9505   -8.7990    0.0005   -0.0046    0.0006   -1.1680
   0.500000  0.402594   1.68727   1.14754   2.34645  -0.00010    0.5980   -5.5741    0.0003   -0.0029    0.0004   -0.8293
   0.550000  0.487548   1.69307  -0.99517   2.37030  -0.00009    0.3722   -3.6098    0.0002   -0.0019    0.0003   -0.6043
   0.600000  0.569916   1.57982  -3.61405   2.38497  -0.00008    0.2251   -2.3637    0.0001   -0.0012    0.0002   -0.4417
   0.650000  0.643150   1.32373  -6.52751   2.39365  -0.00008    0.1286   -1.5375    0.0001   -0.0008    0.0002   -0.3101
   0.700000  0.700000   1.00000  -2.95092   2.39841  -0.00008    0.0714   -0.6103    0.0000   -0.0003    0.0001   -0.2085
   0.750000  0.750000   1.00000   0.00000   2.40151  -0.00007    0.0533   -0.3250    0.0000   -0.0002    0.0001   -0.1904
   0.800000  0.800000   1.00000   0.00000   2.40380  -0.00007    0.0386   -0.2678    0.0000   -0.0001    0.0001   -0.1757
   0.850000  0.850000   1.00000   0.00000   2.40541  -0.00007    0.0263   -0.2233    0.0000   -0.0001    0.0001   -0.1634
   0.900000  0.900000   1.00000   0.00000   2.40646  -0.00007    0.0161   -0.1880    0.0000   -0.0001    0.0001   -0.1532
   0.950000  0.950000   1.00000   0.00000   2.40704  -0.00007    0.0074   -0.1602    0.0000   -0.0001    0.0001   -0.1445
   1.000000  1.000000   1.00000   0.00000   2.40722  -0.00007   -0.0000   -0.1362    0.0000   -0.0001    0.0001   -0.1371

 R DERIVATIVES (R<1,THETA=PI) FOR J=  35  Y=  3.330604  TWIST(DEG)= -0.029769  XTWIST=  0.000000  CHORD=  0.268872

     R         RBAR      DRBAR    D2RBAR      X         Z         XR        XRR       ZR        ZRR       XRT       ZRT
   0.050000  0.010981   0.21962   0.00000  -3.51538  -0.00318  122.4114-4895.0799    0.0636   -2.5433    0.0636 -122.4409
   0.100000  0.021962   0.21962   0.42492  -0.45560  -0.00159   30.5918 -552.9539    0.0159   -0.2873    0.0159  -30.6213
   0.150000  0.034536   0.30800   2.79432   0.65791  -0.00101   17.3364 -152.2815    0.0090   -0.0791    0.0090  -17.3778
   0.200000  0.054032   0.48182   4.03645   1.35885  -0.00065   11.0612 -105.1652    0.0057   -0.0546    0.0058  -11.1260
   0.250000  0.083518   0.70364   4.75639   1.79607  -0.00042    6.7334  -68.7167    0.0035   -0.0357    0.0035   -6.8280
   0.300000  0.124796   0.94946   4.99637   2.05949  -0.00028    4.0341  -41.1086    0.0021   -0.0214    0.0022   -4.1617
   0.350000  0.178465   1.19528   4.75639   2.21786  -0.00020    2.4423  -24.0614    0.0013   -0.0125    0.0014   -2.6030
   0.400000  0.243924   1.41710   4.03645   2.31453  -0.00015    1.5057  -14.3071    0.0008   -0.0074    0.0009   -1.6962
   0.450000  0.319375   1.59092   2.83655   2.37455  -0.00012    0.9415   -8.7639    0.0005   -0.0046    0.0006   -1.1554
   0.500000  0.401817   1.69276   1.15670   2.41219  -0.00010    0.5909   -5.5330    0.0003   -0.0029    0.0004   -0.8185
   0.550000  0.487050   1.69860  -1.00311   2.43573  -0.00009    0.3671   -3.5738    0.0002   -0.0019    0.0003   -0.5955
   0.600000  0.569676   1.58445  -3.64288   2.45020  -0.00008    0.2217   -2.3352    0.0001   -0.0012    0.0002   -0.4347
   0.650000  0.643095   1.32631  -6.57959   2.45873  -0.00008    0.1264   -1.5164    0.0001   -0.0008    0.0002   -0.3047
   0.700000  0.700000   1.00000  -2.97446   2.46340  -0.00007    0.0700   -0.6000    0.0000   -0.0003    0.0001   -0.2044
   0.750000  0.750000   1.00000   0.00000   2.46644  -0.00007    0.0523   -0.3187    0.0000   -0.0002    0.0001   -0.1867
   0.800000  0.800000   1.00000   0.00000   2.46869  -0.00007    0.0378   -0.2626    0.0000   -0.0001    0.0001   -0.1722
   0.850000  0.850000   1.00000   0.00000   2.47027  -0.00007    0.0258   -0.2189    0.0000   -0.0001    0.0001   -0.1603
   0.900000  0.900000   1.00000   0.00000   2.47130  -0.00007    0.0158   -0.1843    0.0000   -0.0001    0.0001   -0.1502
   0.950000  0.950000   1.00000   0.00000   2.47187  -0.00007    0.0073   -0.1571    0.0000   -0.0001    0.0001   -0.1417
   1.000000  1.000000   1.00000   0.00000   2.47205  -0.00007   -0.0000   -0.1335    0.0000   -0.0001    0.0001   -0.1344

 R DERIVATIVES (R<1,THETA=PI) FOR J=  36  Y=  3.478734  TWIST(DEG)= -0.029761  XTWIST=  0.000000  CHORD=  0.267323

     R         RBAR      DRBAR    D2RBAR      X         Z         XR        XRR       ZR        ZRR       XRT       ZRT
   0.050000  0.010793   0.21587   0.00000  -3.49988  -0.00322  123.8229-4951.5666    0.0643   -2.5720    0.0643 -123.8517
   0.100000  0.021587   0.21587   0.42697  -0.40481  -0.00161   30.9449 -557.9918    0.0161   -0.2898    0.0161  -30.9737
   0.150000  0.033981   0.30467   2.80776   0.72359  -0.00102   17.6127 -153.8603    0.0091   -0.0799    0.0092  -17.6535
   0.200000  0.053330   0.47933   4.05587   1.43583  -0.00065   11.2314 -107.4157    0.0058   -0.0558    0.0059  -11.2954
   0.250000  0.082718   0.70222   4.77927   1.87909  -0.00042    6.8119  -70.0694    0.0035   -0.0364    0.0036   -6.9058
   0.300000  0.123953   0.94922   5.02040   2.14510  -0.00028    4.0654  -41.7164    0.0021   -0.0217    0.0022   -4.1923
   0.350000  0.177639   1.19622   4.77927   2.30445  -0.00020    2.4535  -24.3065    0.0013   -0.0126    0.0014   -2.6134
   0.400000  0.243173   1.41911   4.05587   2.40145  -0.00015    1.5090  -14.4005    0.0008   -0.0075    0.0009   -1.6987
   0.450000  0.318746   1.59377   2.85020   2.46155  -0.00012    0.9418   -8.7968    0.0005   -0.0046    0.0006   -1.1549
   0.500000  0.401344   1.69609   1.16226   2.49918  -0.00010    0.5904   -5.5422    0.0003   -0.0029    0.0004   -0.8171
   0.550000  0.486747   1.70196  -1.00794   2.52269  -0.00009    0.3663   -3.5741    0.0002   -0.0019    0.0003   -0.5938
   0.600000  0.569530   1.58726  -3.66041   2.53711  -0.00008    0.2210   -2.3325    0.0001   -0.0012    0.0002   -0.4331
   0.650000  0.643062   1.32788  -6.61124   2.54561  -0.00008    0.1259   -1.5130    0.0001   -0.0008    0.0002   -0.3033
   0.700000  0.700000   1.00000  -2.98877   2.55026  -0.00007    0.0696   -0.5976    0.0000   -0.0003    0.0001   -0.2032
   0.750000  0.750000   1.00000   0.00000   2.55329  -0.00007    0.0520   -0.3168    0.0000   -0.0002    0.0001   -0.1856
   0.800000  0.800000   1.00000   0.00000   2.55551  -0.00007    0.0376   -0.2610    0.0000   -0.0001    0.0001   -0.1713
   0.850000  0.850000   1.00000   0.00000   2.55709  -0.00007    0.0257   -0.2177    0.0000   -0.0001    0.0001   -0.1593
   0.900000  0.900000   1.00000   0.00000   2.55811  -0.00007    0.0157   -0.1832    0.0000   -0.0001    0.0001   -0.1493
   0.950000  0.950000   1.00000   0.00000   2.55868  -0.00007    0.0072   -0.1562    0.0000   -0.0001    0.0001   -0.1409
   1.000000  1.000000   1.00000   0.00000   2.55886  -0.00007   -0.0000   -0.1328    0.0000   -0.0001    0.0001   -0.1337

 R DERIVATIVES (R<1,THETA=PI) FOR J=  37  Y=  3.717450  TWIST(DEG)= -0.029751  XTWIST=  0.000000  CHORD=  0.276900

     R         RBAR      DRBAR    D2RBAR      X         Z         XR        XRR       ZR        ZRR       XRT       ZRT
   0.050000  0.010999   0.21998   0.00000  -3.48309  -0.00327  125.8595-5032.9612    0.0654   -2.6133    0.0654 -125.8900
   0.100000  0.021998   0.21998   0.42473  -0.33713  -0.00163   31.4535 -568.6578    0.0163   -0.2953    0.0163  -31.4839
   0.150000  0.034590   0.30832   2.79303   0.80756  -0.00104   17.8173 -156.5889    0.0093   -0.0813    0.0093  -17.8600
   0.200000  0.054099   0.48206   4.03458   1.52792  -0.00067   11.3686 -108.0283    0.0059   -0.0561    0.0059  -11.4354
   0.250000  0.083595   0.70378   4.75419   1.97737  -0.00043    6.9229  -70.5980    0.0036   -0.0367    0.0036   -7.0203
   0.300000  0.124877   0.94948   4.99406   2.24825  -0.00029    4.1492  -42.2532    0.0022   -0.0219    0.0022   -4.2806
   0.350000  0.178544   1.19519   4.75419   2.41115  -0.00021    2.5127  -24.7420    0.0013   -0.0128    0.0014   -2.6782
   0.400000  0.243996   1.41691   4.03458   2.51062  -0.00016    1.5495  -14.7169    0.0008   -0.0076    0.0009   -1.7456
   0.450000  0.319435   1.59065   2.83524   2.57240  -0.00012    0.9690   -9.0173    0.0005   -0.0047    0.0006   -1.1892
   0.500000  0.401862   1.69244   1.15616   2.61114  -0.00010    0.6083   -5.6941    0.0003   -0.0030    0.0004   -0.8426
   0.550000  0.487079   1.69827  -1.00265   2.63538  -0.00009    0.3780   -3.6785    0.0002   -0.0019    0.0003   -0.6131
   0.600000  0.569690   1.58417  -3.64120   2.65027  -0.00008    0.2282   -2.4039    0.0001   -0.0012    0.0002   -0.4476
   0.650000  0.643098   1.32616  -6.57655   2.65905  -0.00008    0.1302   -1.5611    0.0001   -0.0008    0.0002   -0.3138
   0.700000  0.700000   1.00000  -2.97309   2.66387  -0.00008    0.0721   -0.6179    0.0000   -0.0003    0.0001   -0.2105
   0.750000  0.750000   1.00000   0.00000   2.66700  -0.00007    0.0538   -0.3282    0.0000   -0.0002    0.0001   -0.1923
   0.800000  0.800000   1.00000   0.00000   2.66930  -0.00007    0.0389   -0.2704    0.0000   -0.0001    0.0001   -0.1774
   0.850000  0.850000   1.00000   0.00000   2.67093  -0.00007    0.0266   -0.2255    0.0000   -0.0001    0.0001   -0.1650
   0.900000  0.900000   1.00000   0.00000   2.67200  -0.00007    0.0162   -0.1898    0.0000   -0.0001    0.0001   -0.1547
   0.950000  0.950000   1.00000   0.00000   2.67258  -0.00007    0.0075   -0.1618    0.0000   -0.0001    0.0001   -0.1459
   1.000000  1.000000   1.00000   0.00000   2.67277  -0.00007   -0.0000   -0.1375    0.0000   -0.0001    0.0001   -0.1385

 R DERIVATIVES (R<1,THETA=PI) FOR J=  38  Y=  4.160459  TWIST(DEG)= -0.029735  XTWIST=  0.000000  CHORD=  0.293907

     R         RBAR      DRBAR    D2RBAR      X         Z         XR        XRR       ZR        ZRR       XRT       ZRT
   0.050000  0.011401   0.22801   0.00000  -3.46883  -0.00335  128.8834-5153.7774    0.0669   -2.6747    0.0669 -128.9169
   0.100000  0.022801   0.22801   0.42035  -0.24732  -0.00167   32.2083 -585.1363    0.0167   -0.3037    0.0167  -32.2418
   0.150000  0.035778   0.31544   2.76427   0.92054  -0.00107   18.0831 -160.7865    0.0094   -0.0834    0.0094  -18.1295
   0.200000  0.055602   0.48739   3.99304   1.65128  -0.00069   11.5481 -108.4550    0.0060   -0.0563    0.0060  -11.6197
   0.250000  0.085309   0.70683   4.70524   2.10927  -0.00045    7.0844  -71.0752    0.0037   -0.0369    0.0037   -7.1883
   0.300000  0.126680   0.95000   4.94264   2.38751  -0.00031    4.2799  -42.9540    0.0022   -0.0223    0.0023   -4.4195
   0.350000  0.180309   1.19318   4.70524   2.55607  -0.00022    2.6090  -25.3899    0.0014   -0.0132    0.0014   -2.7843
   0.400000  0.245602   1.41261   3.99304   2.65960  -0.00016    1.6169  -15.2172    0.0008   -0.0079    0.0009   -1.8245
   0.450000  0.320779   1.58457   2.80605   2.72419  -0.00013    1.0151   -9.3782    0.0005   -0.0049    0.0006   -1.2479
   0.500000  0.402872   1.68531   1.14426   2.76483  -0.00011    0.6391   -5.9482    0.0003   -0.0031    0.0005   -0.8868
   0.550000  0.487727   1.69108  -0.99233   2.79032  -0.00010    0.3981   -3.8557    0.0002   -0.0020    0.0003   -0.6466
   0.600000  0.570002   1.57816  -3.60371   2.80602  -0.00009    0.2409   -2.5266    0.0001   -0.0013    0.0002   -0.4729
   0.650000  0.643169   1.32280  -6.50884   2.81531  -0.00008    0.1378   -1.6444    0.0001   -0.0009    0.0002   -0.3322
   0.700000  0.700000   1.00000  -2.94248   2.82041  -0.00008    0.0765   -0.6535    0.0000   -0.0003    0.0001   -0.2234
   0.750000  0.750000   1.00000   0.00000   2.82373  -0.00008    0.0571   -0.3483    0.0000   -0.0002    0.0001   -0.2041
   0.800000  0.800000   1.00000   0.00000   2.82618  -0.00008    0.0413   -0.2870    0.0000   -0.0001    0.0001   -0.1883
   0.850000  0.850000   1.00000   0.00000   2.82791  -0.00008    0.0282   -0.2393    0.0000   -0.0001    0.0001   -0.1752
   0.900000  0.900000   1.00000   0.00000   2.82904  -0.00008    0.0172   -0.2015    0.0000   -0.0001    0.0001   -0.1642
   0.950000  0.950000   1.00000   0.00000   2.82966  -0.00008    0.0079   -0.1717    0.0000   -0.0001    0.0001   -0.1549
   1.000000  1.000000   1.00000   0.00000   2.82986  -0.00008   -0.0000   -0.1460    0.0000   -0.0001    0.0001   -0.1470

 * CONSTY DONE *

 * CNSTHM DONE *

 * TIDYUP DONE *

 * RUN COMPLETE *
